Target,Model,Model Class,Origin Date,Date,Origin Price,Actual,Forecast
lithium_hydroxide,Random Walk,Robustness,2025-08-18,2025-08-19,8.4,8.35,8.4
lithium_hydroxide,Random Walk,Robustness,2025-08-19,2025-08-20,8.35,8.44,8.35
lithium_hydroxide,Random Walk,Robustness,2025-08-20,2025-08-21,8.44,8.44,8.44
lithium_hydroxide,Random Walk,Robustness,2025-08-21,2025-08-22,8.44,8.5,8.44
lithium_hydroxide,Random Walk,Robustness,2025-08-22,2025-08-25,8.5,8.48,8.5
lithium_hydroxide,Random Walk,Robustness,2025-08-25,2025-08-26,8.48,8.48,8.48
lithium_hydroxide,Random Walk,Robustness,2025-08-26,2025-08-27,8.48,8.51,8.48
lithium_hydroxide,Random Walk,Robustness,2025-08-27,2025-08-28,8.51,8.51,8.51
lithium_hydroxide,Random Walk,Robustness,2025-08-28,2025-08-29,8.51,8.52,8.51
lithium_hydroxide,Random Walk,Robustness,2025-08-29,2025-09-02,8.52,9.4,8.52
lithium_hydroxide,Random Walk,Robustness,2025-09-02,2025-09-03,9.4,9.38,9.4
lithium_hydroxide,Random Walk,Robustness,2025-09-03,2025-09-04,9.38,9.48,9.38
lithium_hydroxide,Random Walk,Robustness,2025-09-04,2025-09-05,9.48,9.48,9.48
lithium_hydroxide,Random Walk,Robustness,2025-09-05,2025-09-08,9.48,9.48,9.48
lithium_hydroxide,Random Walk,Robustness,2025-09-08,2025-09-09,9.48,9.48,9.48
lithium_hydroxide,Random Walk,Robustness,2025-09-09,2025-09-10,9.48,9.48,9.48
lithium_hydroxide,Random Walk,Robustness,2025-09-10,2025-09-11,9.48,9.48,9.48
lithium_hydroxide,Random Walk,Robustness,2025-09-11,2025-09-12,9.48,9.48,9.48
lithium_hydroxide,Random Walk,Robustness,2025-09-12,2025-09-15,9.48,9.48,9.48
lithium_hydroxide,Random Walk,Robustness,2025-09-15,2025-09-16,9.48,9.48,9.48
lithium_hydroxide,Random Walk,Robustness,2025-09-16,2025-09-17,9.48,9.48,9.48
lithium_hydroxide,Random Walk,Robustness,2025-09-17,2025-09-18,9.48,9.48,9.48
lithium_hydroxide,Random Walk,Robustness,2025-09-18,2025-09-19,9.48,9.54,9.48
lithium_hydroxide,Random Walk,Robustness,2025-09-19,2025-09-22,9.54,9.54,9.54
lithium_hydroxide,Random Walk,Robustness,2025-09-22,2025-09-23,9.54,9.54,9.54
lithium_hydroxide,Random Walk,Robustness,2025-09-23,2025-09-24,9.54,9.54,9.54
lithium_hydroxide,Random Walk,Robustness,2025-09-24,2025-09-25,9.54,9.54,9.54
lithium_hydroxide,Random Walk,Robustness,2025-09-25,2025-09-26,9.54,9.53,9.54
lithium_hydroxide,Random Walk,Robustness,2025-09-26,2025-09-29,9.53,9.53,9.53
lithium_hydroxide,Random Walk,Robustness,2025-09-29,2025-09-30,9.53,9.53,9.53
lithium_hydroxide,Random Walk,Robustness,2025-09-30,2025-10-01,9.53,9.6,9.53
lithium_hydroxide,Random Walk,Robustness,2025-10-01,2025-10-02,9.6,9.59,9.6
lithium_hydroxide,Random Walk,Robustness,2025-10-02,2025-10-03,9.59,9.6,9.59
lithium_hydroxide,Random Walk,Robustness,2025-10-03,2025-10-06,9.6,9.55,9.6
lithium_hydroxide,Random Walk,Robustness,2025-10-06,2025-10-07,9.55,9.6,9.55
lithium_hydroxide,Random Walk,Robustness,2025-10-07,2025-10-08,9.6,9.6,9.6
lithium_hydroxide,Random Walk,Robustness,2025-10-08,2025-10-09,9.6,9.6,9.6
lithium_hydroxide,Random Walk,Robustness,2025-10-09,2025-10-10,9.6,9.55,9.6
lithium_hydroxide,Random Walk,Robustness,2025-10-10,2025-10-13,9.55,9.6,9.55
lithium_hydroxide,Random Walk,Robustness,2025-10-13,2025-10-14,9.6,9.6,9.6
lithium_hydroxide,Random Walk,Robustness,2025-10-14,2025-10-15,9.6,9.6,9.6
lithium_hydroxide,Random Walk,Robustness,2025-10-15,2025-10-16,9.6,9.6,9.6
lithium_hydroxide,Random Walk,Robustness,2025-10-16,2025-10-17,9.6,9.6,9.6
lithium_hydroxide,Random Walk,Robustness,2025-10-17,2025-10-20,9.6,9.75,9.6
lithium_hydroxide,Random Walk,Robustness,2025-10-20,2025-10-21,9.75,9.6,9.75
lithium_hydroxide,Random Walk,Robustness,2025-10-21,2025-10-22,9.6,9.6,9.6
lithium_hydroxide,Random Walk,Robustness,2025-10-22,2025-10-23,9.6,9.6,9.6
lithium_hydroxide,Random Walk,Robustness,2025-10-23,2025-10-24,9.6,9.6,9.6
lithium_hydroxide,Random Walk,Robustness,2025-10-24,2025-10-27,9.6,9.6,9.6
lithium_hydroxide,Random Walk,Robustness,2025-10-27,2025-10-28,9.6,9.61,9.6
lithium_hydroxide,Random Walk,Robustness,2025-10-28,2025-10-29,9.61,9.63,9.61
lithium_hydroxide,Random Walk,Robustness,2025-10-29,2025-10-30,9.63,9.63,9.63
lithium_hydroxide,Random Walk,Robustness,2025-10-30,2025-10-31,9.63,9.63,9.63
lithium_hydroxide,Random Walk,Robustness,2025-10-31,2025-11-03,9.63,9.8,9.63
lithium_hydroxide,Random Walk,Robustness,2025-11-03,2025-11-04,9.8,9.93,9.8
lithium_hydroxide,Random Walk,Robustness,2025-11-04,2025-11-05,9.93,9.8,9.93
lithium_hydroxide,Random Walk,Robustness,2025-11-05,2025-11-06,9.8,9.9,9.8
lithium_hydroxide,Random Walk,Robustness,2025-11-06,2025-11-07,9.9,9.97,9.9
lithium_hydroxide,Random Walk,Robustness,2025-11-07,2025-11-10,9.97,9.97,9.97
lithium_hydroxide,Random Walk,Robustness,2025-11-10,2025-11-11,9.97,9.97,9.97
lithium_hydroxide,Random Walk,Robustness,2025-11-11,2025-11-12,9.97,9.97,9.97
lithium_hydroxide,Random Walk,Robustness,2025-11-12,2025-11-13,9.97,10.06,9.97
lithium_hydroxide,Random Walk,Robustness,2025-11-13,2025-11-14,10.06,10.06,10.06
lithium_hydroxide,Random Walk,Robustness,2025-11-14,2025-11-17,10.06,10.21,10.06
lithium_hydroxide,Random Walk,Robustness,2025-11-17,2025-11-18,10.21,10.21,10.21
lithium_hydroxide,Random Walk,Robustness,2025-11-18,2025-11-19,10.21,10.13,10.21
lithium_hydroxide,Random Walk,Robustness,2025-11-19,2025-11-20,10.13,10.16,10.13
lithium_hydroxide,Random Walk,Robustness,2025-11-20,2025-11-21,10.16,10.19,10.16
lithium_hydroxide,Random Walk,Robustness,2025-11-21,2025-11-24,10.19,10.19,10.19
lithium_hydroxide,Random Walk,Robustness,2025-11-24,2025-11-25,10.19,10.19,10.19
lithium_hydroxide,Random Walk,Robustness,2025-11-25,2025-11-26,10.19,10.18,10.19
lithium_hydroxide,Random Walk,Robustness,2025-11-26,2025-11-28,10.18,10.19,10.18
lithium_hydroxide,Random Walk,Robustness,2025-11-28,2025-12-01,10.19,10.95,10.19
lithium_hydroxide,Random Walk,Robustness,2025-12-01,2025-12-02,10.95,10.4,10.95
lithium_hydroxide,Random Walk,Robustness,2025-12-02,2025-12-03,10.4,10.26,10.4
lithium_hydroxide,Random Walk,Robustness,2025-12-03,2025-12-04,10.26,10.31,10.26
lithium_hydroxide,Random Walk,Robustness,2025-12-04,2025-12-05,10.31,10.31,10.31
lithium_hydroxide,Random Walk,Robustness,2025-12-05,2025-12-08,10.31,10.31,10.31
lithium_hydroxide,Random Walk,Robustness,2025-12-08,2025-12-09,10.31,10.31,10.31
lithium_hydroxide,Random Walk,Robustness,2025-12-09,2025-12-10,10.31,10.3,10.31
lithium_hydroxide,Random Walk,Robustness,2025-12-10,2025-12-11,10.3,10.31,10.3
lithium_hydroxide,Random Walk,Robustness,2025-12-11,2025-12-12,10.31,10.4,10.31
lithium_hydroxide,Random Walk,Robustness,2025-12-12,2025-12-15,10.4,10.37,10.4
lithium_hydroxide,Random Walk,Robustness,2025-12-15,2025-12-16,10.37,10.37,10.37
lithium_hydroxide,Random Walk,Robustness,2025-12-16,2025-12-17,10.37,10.42,10.37
lithium_hydroxide,Random Walk,Robustness,2025-12-17,2025-12-18,10.42,10.61,10.42
lithium_hydroxide,Random Walk,Robustness,2025-12-18,2025-12-19,10.61,10.83,10.61
lithium_hydroxide,Random Walk,Robustness,2025-12-19,2025-12-22,10.83,10.83,10.83
lithium_hydroxide,Random Walk,Robustness,2025-12-22,2025-12-23,10.83,11.21,10.83
lithium_hydroxide,Random Walk,Robustness,2025-12-23,2025-12-24,11.21,11.21,11.21
lithium_hydroxide,Random Walk,Robustness,2025-12-24,2025-12-26,11.21,11.21,11.21
lithium_hydroxide,Random Walk,Robustness,2025-12-26,2025-12-29,11.21,11.24,11.21
lithium_hydroxide,Random Walk,Robustness,2025-12-29,2025-12-30,11.24,11.22,11.24
lithium_hydroxide,Random Walk,Robustness,2025-12-30,2025-12-31,11.22,11.22,11.22
lithium_hydroxide,Random Walk,Robustness,2025-12-31,2026-01-02,11.22,15.47,11.22
lithium_hydroxide,Random Walk,Robustness,2026-01-02,2026-01-05,15.47,15.23,15.47
lithium_hydroxide,Random Walk,Robustness,2026-01-05,2026-01-06,15.23,16.51,15.23
lithium_hydroxide,Random Walk,Robustness,2026-01-06,2026-01-07,16.51,16.8,16.51
lithium_hydroxide,Random Walk,Robustness,2026-01-07,2026-01-08,16.8,17.21,16.8
lithium_hydroxide,Random Walk,Robustness,2026-01-08,2026-01-09,17.21,17.97,17.21
lithium_hydroxide,Random Walk,Robustness,2026-01-09,2026-01-12,17.97,16.63,17.97
lithium_hydroxide,Random Walk,Robustness,2026-01-12,2026-01-13,16.63,17.96,16.63
lithium_hydroxide,Random Walk,Robustness,2026-01-13,2026-01-14,17.96,18.58,17.96
lithium_hydroxide,Random Walk,Robustness,2026-01-14,2026-01-15,18.58,18.44,18.58
lithium_hydroxide,Random Walk,Robustness,2026-01-15,2026-01-16,18.44,17.92,18.44
lithium_hydroxide,Random Walk,Robustness,2026-01-16,2026-01-20,17.92,17.77,17.92
lithium_hydroxide,Random Walk,Robustness,2026-01-20,2026-01-21,17.77,18.06,17.77
lithium_hydroxide,Random Walk,Robustness,2026-01-21,2026-01-22,18.06,18.39,18.06
lithium_hydroxide,Random Walk,Robustness,2026-01-22,2026-01-23,18.39,18.39,18.39
lithium_hydroxide,Random Walk,Robustness,2026-01-23,2026-01-26,18.39,18.27,18.39
lithium_hydroxide,Random Walk,Robustness,2026-01-26,2026-01-27,18.27,18.27,18.27
lithium_hydroxide,Random Walk,Robustness,2026-01-27,2026-01-28,18.27,18.2,18.27
lithium_hydroxide,Random Walk,Robustness,2026-01-28,2026-01-29,18.2,18.2,18.2
lithium_hydroxide,Random Walk,Robustness,2026-01-29,2026-01-30,18.2,18.18,18.2
lithium_hydroxide,Random Walk,Robustness,2026-01-30,2026-02-02,18.18,17.5,18.18
lithium_hydroxide,Random Walk,Robustness,2026-02-02,2026-02-03,17.5,17.5,17.5
lithium_hydroxide,Random Walk,Robustness,2026-02-03,2026-02-04,17.5,17.5,17.5
lithium_hydroxide,Random Walk,Robustness,2026-02-04,2026-02-05,17.5,17.0,17.5
lithium_hydroxide,Random Walk,Robustness,2026-02-05,2026-02-06,17.0,16.85,17.0
lithium_hydroxide,Random Walk,Robustness,2026-02-06,2026-02-09,16.85,16.65,16.85
lithium_hydroxide,Random Walk,Robustness,2026-02-09,2026-02-10,16.65,16.62,16.65
lithium_hydroxide,Random Walk,Robustness,2026-02-10,2026-02-11,16.62,16.81,16.62
lithium_hydroxide,Random Walk,Robustness,2026-02-11,2026-02-12,16.81,16.81,16.81
lithium_hydroxide,Random Walk,Robustness,2026-02-12,2026-02-13,16.81,16.81,16.81
lithium_hydroxide,Random Walk,Robustness,2026-02-13,2026-02-17,16.81,16.81,16.81
lithium_hydroxide,Random Walk,Robustness,2026-02-17,2026-02-18,16.81,16.91,16.81
lithium_hydroxide,Random Walk,Robustness,2026-02-18,2026-02-19,16.91,16.91,16.91
lithium_hydroxide,Random Walk,Robustness,2026-02-19,2026-02-20,16.91,16.91,16.91
lithium_hydroxide,Random Walk,Robustness,2026-02-20,2026-02-23,16.91,16.91,16.91
lithium_hydroxide,Random Walk,Robustness,2026-02-23,2026-02-24,16.91,17.11,16.91
lithium_hydroxide,Random Walk,Robustness,2026-02-24,2026-02-25,17.11,17.34,17.11
lithium_hydroxide,Random Walk,Robustness,2026-02-25,2026-02-26,17.34,17.4,17.34
lithium_hydroxide,Random Walk,Robustness,2026-02-26,2026-03-02,17.4,20.98,17.4
lithium_hydroxide,Random Walk,Robustness,2026-03-02,2026-03-03,20.98,19.77,20.98
lithium_hydroxide,Random Walk,Robustness,2026-03-03,2026-03-04,19.77,19.77,19.77
lithium_hydroxide,Random Walk,Robustness,2026-03-04,2026-03-05,19.77,19.98,19.77
lithium_hydroxide,Random Walk,Robustness,2026-03-05,2026-03-06,19.98,20.19,19.98
lithium_hydroxide,Random Walk,Robustness,2026-03-06,2026-03-09,20.19,20.19,20.19
lithium_hydroxide,Random Walk,Robustness,2026-03-09,2026-03-10,20.19,20.19,20.19
lithium_hydroxide,Random Walk,Robustness,2026-03-10,2026-03-11,20.19,19.85,20.19
lithium_hydroxide,Random Walk,Robustness,2026-03-11,2026-03-12,19.85,19.85,19.85
lithium_hydroxide,ES,Single,2025-08-18,2025-08-19,8.4,8.35,8.416227613397114
lithium_hydroxide,ES,Single,2025-08-19,2025-08-20,8.35,8.44,8.426335695078429
lithium_hydroxide,ES,Single,2025-08-20,2025-08-21,8.44,8.44,8.436443776759743
lithium_hydroxide,ES,Single,2025-08-21,2025-08-22,8.44,8.5,8.446551858441056
lithium_hydroxide,ES,Single,2025-08-22,2025-08-25,8.5,8.48,8.456659940122371
lithium_hydroxide,ES,Single,2025-08-25,2025-08-26,8.48,8.48,8.466768021803686
lithium_hydroxide,ES,Single,2025-08-26,2025-08-27,8.48,8.51,8.476876103485
lithium_hydroxide,ES,Single,2025-08-27,2025-08-28,8.51,8.51,8.486984185166316
lithium_hydroxide,ES,Single,2025-08-28,2025-08-29,8.51,8.52,8.49709226684763
lithium_hydroxide,ES,Single,2025-08-29,2025-09-02,8.52,9.4,8.507200348528945
lithium_hydroxide,ES,Single,2025-09-02,2025-09-03,9.4,9.38,8.51730843021026
lithium_hydroxide,ES,Single,2025-09-03,2025-09-04,9.38,9.48,8.527416511891573
lithium_hydroxide,ES,Single,2025-09-04,2025-09-05,9.48,9.48,8.537524593572888
lithium_hydroxide,ES,Single,2025-09-05,2025-09-08,9.48,9.48,8.547632675254203
lithium_hydroxide,ES,Single,2025-09-08,2025-09-09,9.48,9.48,8.557740756935518
lithium_hydroxide,ES,Single,2025-09-09,2025-09-10,9.48,9.48,8.567848838616833
lithium_hydroxide,ES,Single,2025-09-10,2025-09-11,9.48,9.48,8.577956920298147
lithium_hydroxide,ES,Single,2025-09-11,2025-09-12,9.48,9.48,8.588065001979462
lithium_hydroxide,ES,Single,2025-09-12,2025-09-15,9.48,9.48,8.598173083660777
lithium_hydroxide,ES,Single,2025-09-15,2025-09-16,9.48,9.48,8.608281165342092
lithium_hydroxide,ES,Single,2025-09-16,2025-09-17,9.48,9.48,8.618389247023405
lithium_hydroxide,ES,Single,2025-09-17,2025-09-18,9.48,9.48,8.62849732870472
lithium_hydroxide,ES,Single,2025-09-18,2025-09-19,9.48,9.54,8.638605410386035
lithium_hydroxide,ES,Single,2025-09-19,2025-09-22,9.54,9.54,8.64871349206735
lithium_hydroxide,ES,Single,2025-09-22,2025-09-23,9.54,9.54,8.658821573748664
lithium_hydroxide,ES,Single,2025-09-23,2025-09-24,9.54,9.54,8.668929655429979
lithium_hydroxide,ES,Single,2025-09-24,2025-09-25,9.54,9.54,8.679037737111294
lithium_hydroxide,ES,Single,2025-09-25,2025-09-26,9.54,9.53,8.689145818792609
lithium_hydroxide,ES,Single,2025-09-26,2025-09-29,9.53,9.53,8.699253900473924
lithium_hydroxide,ES,Single,2025-09-29,2025-09-30,9.53,9.53,8.709361982155237
lithium_hydroxide,ES,Single,2025-09-30,2025-10-01,9.53,9.6,8.719470063836551
lithium_hydroxide,ES,Single,2025-10-01,2025-10-02,9.6,9.59,8.729578145517866
lithium_hydroxide,ES,Single,2025-10-02,2025-10-03,9.59,9.6,8.739686227199181
lithium_hydroxide,ES,Single,2025-10-03,2025-10-06,9.6,9.55,8.749794308880496
lithium_hydroxide,ES,Single,2025-10-06,2025-10-07,9.55,9.6,8.75990239056181
lithium_hydroxide,ES,Single,2025-10-07,2025-10-08,9.6,9.6,8.770010472243126
lithium_hydroxide,ES,Single,2025-10-08,2025-10-09,9.6,9.6,8.78011855392444
lithium_hydroxide,ES,Single,2025-10-09,2025-10-10,9.6,9.55,8.790226635605753
lithium_hydroxide,ES,Single,2025-10-10,2025-10-13,9.55,9.6,8.800334717287068
lithium_hydroxide,ES,Single,2025-10-13,2025-10-14,9.6,9.6,8.810442798968383
lithium_hydroxide,ES,Single,2025-10-14,2025-10-15,9.6,9.6,8.820550880649698
lithium_hydroxide,ES,Single,2025-10-15,2025-10-16,9.6,9.6,8.830658962331013
lithium_hydroxide,ES,Single,2025-10-16,2025-10-17,9.6,9.6,8.840767044012328
lithium_hydroxide,ES,Single,2025-10-17,2025-10-20,9.6,9.75,8.850875125693642
lithium_hydroxide,ES,Single,2025-10-20,2025-10-21,9.75,9.6,8.860983207374957
lithium_hydroxide,ES,Single,2025-10-21,2025-10-22,9.6,9.6,8.87109128905627
lithium_hydroxide,ES,Single,2025-10-22,2025-10-23,9.6,9.6,8.881199370737585
lithium_hydroxide,ES,Single,2025-10-23,2025-10-24,9.6,9.6,8.8913074524189
lithium_hydroxide,ES,Single,2025-10-24,2025-10-27,9.6,9.6,8.901415534100215
lithium_hydroxide,ES,Single,2025-10-27,2025-10-28,9.6,9.61,8.91152361578153
lithium_hydroxide,ES,Single,2025-10-28,2025-10-29,9.61,9.63,8.921631697462844
lithium_hydroxide,ES,Single,2025-10-29,2025-10-30,9.63,9.63,8.93173977914416
lithium_hydroxide,ES,Single,2025-10-30,2025-10-31,9.63,9.63,8.941847860825474
lithium_hydroxide,ES,Single,2025-10-31,2025-11-03,9.63,9.8,8.951955942506789
lithium_hydroxide,ES,Single,2025-11-03,2025-11-04,9.8,9.93,8.962064024188102
lithium_hydroxide,ES,Single,2025-11-04,2025-11-05,9.93,9.8,8.972172105869417
lithium_hydroxide,ES,Single,2025-11-05,2025-11-06,9.8,9.9,8.982280187550732
lithium_hydroxide,ES,Single,2025-11-06,2025-11-07,9.9,9.97,8.992388269232046
lithium_hydroxide,ES,Single,2025-11-07,2025-11-10,9.97,9.97,9.002496350913361
lithium_hydroxide,ES,Single,2025-11-10,2025-11-11,9.97,9.97,9.012604432594676
lithium_hydroxide,ES,Single,2025-11-11,2025-11-12,9.97,9.97,9.022712514275991
lithium_hydroxide,ES,Single,2025-11-12,2025-11-13,9.97,10.06,9.032820595957306
lithium_hydroxide,ES,Single,2025-11-13,2025-11-14,10.06,10.06,9.04292867763862
lithium_hydroxide,ES,Single,2025-11-14,2025-11-17,10.06,10.21,9.053036759319934
lithium_hydroxide,ES,Single,2025-11-17,2025-11-18,10.21,10.21,9.063144841001249
lithium_hydroxide,ES,Single,2025-11-18,2025-11-19,10.21,10.13,9.073252922682563
lithium_hydroxide,ES,Single,2025-11-19,2025-11-20,10.13,10.16,9.083361004363878
lithium_hydroxide,ES,Single,2025-11-20,2025-11-21,10.16,10.19,9.093469086045193
lithium_hydroxide,ES,Single,2025-11-21,2025-11-24,10.19,10.19,9.103577167726508
lithium_hydroxide,ES,Single,2025-11-24,2025-11-25,10.19,10.19,9.113685249407823
lithium_hydroxide,ES,Single,2025-11-25,2025-11-26,10.19,10.18,9.123793331089137
lithium_hydroxide,ES,Single,2025-11-26,2025-11-28,10.18,10.19,9.13390141277045
lithium_hydroxide,ES,Single,2025-11-28,2025-12-01,10.19,10.95,9.144009494451765
lithium_hydroxide,ES,Single,2025-12-01,2025-12-02,10.95,10.4,9.15411757613308
lithium_hydroxide,ES,Single,2025-12-02,2025-12-03,10.4,10.26,9.164225657814395
lithium_hydroxide,ES,Single,2025-12-03,2025-12-04,10.26,10.31,9.17433373949571
lithium_hydroxide,ES,Single,2025-12-04,2025-12-05,10.31,10.31,9.184441821177025
lithium_hydroxide,ES,Single,2025-12-05,2025-12-08,10.31,10.31,9.19454990285834
lithium_hydroxide,ES,Single,2025-12-08,2025-12-09,10.31,10.31,9.204657984539654
lithium_hydroxide,ES,Single,2025-12-09,2025-12-10,10.31,10.3,9.214766066220967
lithium_hydroxide,ES,Single,2025-12-10,2025-12-11,10.3,10.31,9.224874147902282
lithium_hydroxide,ES,Single,2025-12-11,2025-12-12,10.31,10.4,9.234982229583597
lithium_hydroxide,ES,Single,2025-12-12,2025-12-15,10.4,10.37,9.245090311264912
lithium_hydroxide,ES,Single,2025-12-15,2025-12-16,10.37,10.37,9.255198392946227
lithium_hydroxide,ES,Single,2025-12-16,2025-12-17,10.37,10.42,9.265306474627542
lithium_hydroxide,ES,Single,2025-12-17,2025-12-18,10.42,10.61,9.275414556308856
lithium_hydroxide,ES,Single,2025-12-18,2025-12-19,10.61,10.83,9.285522637990171
lithium_hydroxide,ES,Single,2025-12-19,2025-12-22,10.83,10.83,9.295630719671486
lithium_hydroxide,ES,Single,2025-12-22,2025-12-23,10.83,11.21,9.305738801352799
lithium_hydroxide,ES,Single,2025-12-23,2025-12-24,11.21,11.21,9.315846883034114
lithium_hydroxide,ES,Single,2025-12-24,2025-12-26,11.21,11.21,9.325954964715429
lithium_hydroxide,ES,Single,2025-12-26,2025-12-29,11.21,11.24,9.336063046396744
lithium_hydroxide,ES,Single,2025-12-29,2025-12-30,11.24,11.22,9.346171128078058
lithium_hydroxide,ES,Single,2025-12-30,2025-12-31,11.22,11.22,9.356279209759373
lithium_hydroxide,ES,Single,2025-12-31,2026-01-02,11.22,15.47,9.366387291440688
lithium_hydroxide,ES,Single,2026-01-02,2026-01-05,15.47,15.23,9.376495373122003
lithium_hydroxide,ES,Single,2026-01-05,2026-01-06,15.23,16.51,9.386603454803318
lithium_hydroxide,ES,Single,2026-01-06,2026-01-07,16.51,16.8,9.39671153648463
lithium_hydroxide,ES,Single,2026-01-07,2026-01-08,16.8,17.21,9.406819618165946
lithium_hydroxide,ES,Single,2026-01-08,2026-01-09,17.21,17.97,9.41692769984726
lithium_hydroxide,ES,Single,2026-01-09,2026-01-12,17.97,16.63,9.427035781528575
lithium_hydroxide,ES,Single,2026-01-12,2026-01-13,16.63,17.96,9.43714386320989
lithium_hydroxide,ES,Single,2026-01-13,2026-01-14,17.96,18.58,9.447251944891205
lithium_hydroxide,ES,Single,2026-01-14,2026-01-15,18.58,18.44,9.45736002657252
lithium_hydroxide,ES,Single,2026-01-15,2026-01-16,18.44,17.92,9.467468108253835
lithium_hydroxide,ES,Single,2026-01-16,2026-01-20,17.92,17.77,9.47757618993515
lithium_hydroxide,ES,Single,2026-01-20,2026-01-21,17.77,18.06,9.487684271616462
lithium_hydroxide,ES,Single,2026-01-21,2026-01-22,18.06,18.39,9.497792353297777
lithium_hydroxide,ES,Single,2026-01-22,2026-01-23,18.39,18.39,9.507900434979092
lithium_hydroxide,ES,Single,2026-01-23,2026-01-26,18.39,18.27,9.518008516660407
lithium_hydroxide,ES,Single,2026-01-26,2026-01-27,18.27,18.27,9.528116598341722
lithium_hydroxide,ES,Single,2026-01-27,2026-01-28,18.27,18.2,9.538224680023037
lithium_hydroxide,ES,Single,2026-01-28,2026-01-29,18.2,18.2,9.548332761704351
lithium_hydroxide,ES,Single,2026-01-29,2026-01-30,18.2,18.18,9.558440843385664
lithium_hydroxide,ES,Single,2026-01-30,2026-02-02,18.18,17.5,9.56854892506698
lithium_hydroxide,ES,Single,2026-02-02,2026-02-03,17.5,17.5,9.578657006748294
lithium_hydroxide,ES,Single,2026-02-03,2026-02-04,17.5,17.5,9.588765088429609
lithium_hydroxide,ES,Single,2026-02-04,2026-02-05,17.5,17.0,9.598873170110924
lithium_hydroxide,ES,Single,2026-02-05,2026-02-06,17.0,16.85,9.608981251792239
lithium_hydroxide,ES,Single,2026-02-06,2026-02-09,16.85,16.65,9.619089333473553
lithium_hydroxide,ES,Single,2026-02-09,2026-02-10,16.65,16.62,9.629197415154868
lithium_hydroxide,ES,Single,2026-02-10,2026-02-11,16.62,16.81,9.639305496836183
lithium_hydroxide,ES,Single,2026-02-11,2026-02-12,16.81,16.81,9.649413578517496
lithium_hydroxide,ES,Single,2026-02-12,2026-02-13,16.81,16.81,9.659521660198811
lithium_hydroxide,ES,Single,2026-02-13,2026-02-17,16.81,16.81,9.669629741880126
lithium_hydroxide,ES,Single,2026-02-17,2026-02-18,16.81,16.91,9.67973782356144
lithium_hydroxide,ES,Single,2026-02-18,2026-02-19,16.91,16.91,9.689845905242755
lithium_hydroxide,ES,Single,2026-02-19,2026-02-20,16.91,16.91,9.69995398692407
lithium_hydroxide,ES,Single,2026-02-20,2026-02-23,16.91,16.91,9.710062068605385
lithium_hydroxide,ES,Single,2026-02-23,2026-02-24,16.91,17.11,9.7201701502867
lithium_hydroxide,ES,Single,2026-02-24,2026-02-25,17.11,17.34,9.730278231968015
lithium_hydroxide,ES,Single,2026-02-25,2026-02-26,17.34,17.4,9.740386313649328
lithium_hydroxide,ES,Single,2026-02-26,2026-03-02,17.4,20.98,9.750494395330643
lithium_hydroxide,ES,Single,2026-03-02,2026-03-03,20.98,19.77,9.760602477011957
lithium_hydroxide,ES,Single,2026-03-03,2026-03-04,19.77,19.77,9.770710558693272
lithium_hydroxide,ES,Single,2026-03-04,2026-03-05,19.77,19.98,9.780818640374587
lithium_hydroxide,ES,Single,2026-03-05,2026-03-06,19.98,20.19,9.790926722055902
lithium_hydroxide,ES,Single,2026-03-06,2026-03-09,20.19,20.19,9.801034803737217
lithium_hydroxide,ES,Single,2026-03-09,2026-03-10,20.19,20.19,9.811142885418532
lithium_hydroxide,ES,Single,2026-03-10,2026-03-11,20.19,19.85,9.821250967099846
lithium_hydroxide,ES,Single,2026-03-11,2026-03-12,19.85,19.85,9.83135904878116
lithium_hydroxide,ARIMA,Single,2025-08-18,2025-08-19,8.4,8.35,8.417628352740984
lithium_hydroxide,ARIMA,Single,2025-08-19,2025-08-20,8.35,8.44,8.434522123080294
lithium_hydroxide,ARIMA,Single,2025-08-20,2025-08-21,8.44,8.44,8.434041736254096
lithium_hydroxide,ARIMA,Single,2025-08-21,2025-08-22,8.44,8.5,8.451227443239935
lithium_hydroxide,ARIMA,Single,2025-08-22,2025-08-25,8.5,8.48,8.451383233854282
lithium_hydroxide,ARIMA,Single,2025-08-25,2025-08-26,8.48,8.48,8.467757319016828
lithium_hydroxide,ARIMA,Single,2025-08-26,2025-08-27,8.48,8.51,8.46873052976123
lithium_hydroxide,ARIMA,Single,2025-08-27,2025-08-28,8.51,8.51,8.484318297670171
lithium_hydroxide,ARIMA,Single,2025-08-28,2025-08-29,8.51,8.52,8.486039977178555
lithium_hydroxide,ARIMA,Single,2025-08-29,2025-09-02,8.52,9.4,8.500917084811405
lithium_hydroxide,ARIMA,Single,2025-09-02,2025-09-03,9.4,9.38,8.50331312134366
lithium_hydroxide,ARIMA,Single,2025-09-03,2025-09-04,9.38,9.48,8.517550412818187
lithium_hydroxide,ARIMA,Single,2025-09-04,2025-09-05,9.48,9.48,8.520553472855855
lithium_hydroxide,ARIMA,Single,2025-09-05,2025-09-08,9.48,9.48,8.534214857529388
lithium_hydroxide,ARIMA,Single,2025-09-08,2025-09-09,9.48,9.48,8.537764301651345
lithium_hydroxide,ARIMA,Single,2025-09-09,2025-09-10,9.48,9.48,8.550907311782156
lithium_hydroxide,ARIMA,Single,2025-09-10,2025-09-11,9.48,9.48,8.554948556714875
lithium_hydroxide,ARIMA,Single,2025-09-11,2025-09-12,9.48,9.48,8.567624977515282
lithium_hydroxide,ARIMA,Single,2025-09-12,2025-09-15,9.48,9.48,8.572108892726373
lithium_hydroxide,ARIMA,Single,2025-09-15,2025-09-16,9.48,9.48,8.584365336124229
lithium_hydroxide,ARIMA,Single,2025-09-16,2025-09-17,9.48,9.48,8.589247699180598
lithium_hydroxide,ARIMA,Single,2025-09-17,2025-09-18,9.48,9.48,8.60112612060768
lithium_hydroxide,ARIMA,Single,2025-09-18,2025-09-19,9.48,9.54,8.606367126864354
lithium_hydroxide,ARIMA,Single,2025-09-19,2025-09-22,9.54,9.54,8.61790529043589
lithium_hydroxide,ARIMA,Single,2025-09-22,2025-09-23,9.54,9.54,8.62346911170247
lithium_hydroxide,ARIMA,Single,2025-09-23,2025-09-24,9.54,9.54,8.634701008926523
lithium_hydroxide,ARIMA,Single,2025-09-24,2025-09-25,9.54,9.54,8.640555396222322
lithium_hydroxide,ARIMA,Single,2025-09-25,2025-09-26,9.54,9.53,8.651511622880445
lithium_hydroxide,ARIMA,Single,2025-09-26,2025-09-29,9.53,9.53,8.65762754887409
lithium_hydroxide,ARIMA,Single,2025-09-29,2025-09-30,9.53,9.53,8.668335644251892
lithium_hydroxide,ARIMA,Single,2025-09-30,2025-10-01,9.53,9.6,8.674686981420946
lithium_hydroxide,ARIMA,Single,2025-10-01,2025-10-02,9.6,9.59,8.685171733649769
lithium_hydroxide,ARIMA,Single,2025-10-02,2025-10-03,9.59,9.6,8.691734964591955
lithium_hydroxide,ARIMA,Single,2025-10-03,2025-10-06,9.6,9.55,8.702018685487165
lithium_hydroxide,ARIMA,Single,2025-10-06,2025-10-07,9.55,9.6,8.708772642171297
lithium_hydroxide,ARIMA,Single,2025-10-07,2025-10-08,9.6,9.6,8.718875414614407
lithium_hydroxide,ARIMA,Single,2025-10-08,2025-10-09,9.6,9.6,8.725801043679958
lithium_hydroxide,ARIMA,Single,2025-10-09,2025-10-10,9.6,9.55,8.735740944287475
lithium_hydroxide,ARIMA,Single,2025-10-10,2025-10-13,9.55,9.6,8.742821095790534
lithium_hydroxide,ARIMA,Single,2025-10-13,2025-10-14,9.6,9.6,8.752614395338346
lithium_hydroxide,ARIMA,Single,2025-10-14,2025-10-15,9.6,9.6,8.759833632601715
lithium_hydroxide,ARIMA,Single,2025-10-15,2025-10-16,9.6,9.6,8.769494976427241
lithium_hydroxide,ARIMA,Single,2025-10-16,2025-10-17,9.6,9.6,8.776839404886356
lithium_hydroxide,ARIMA,Single,2025-10-17,2025-10-20,9.6,9.75,8.786381975268634
lithium_hydroxide,ARIMA,Single,2025-10-20,2025-10-21,9.75,9.6,8.793839088415652
lithium_hydroxide,ARIMA,Single,2025-10-21,2025-10-22,9.6,9.6,8.803274750733799
lithium_hydroxide,ARIMA,Single,2025-10-22,2025-10-23,9.6,9.6,8.810833291451758
lithium_hydroxide,ARIMA,Single,2025-10-23,2025-10-24,9.6,9.6,8.820172725742296
lithium_hydroxide,ARIMA,Single,2025-10-24,2025-10-27,9.6,9.6,8.827822561491889
lithium_hydroxide,ARIMA,Single,2025-10-27,2025-10-28,9.6,9.61,8.837075380863592
lithium_hydroxide,ARIMA,Single,2025-10-28,2025-10-29,9.61,9.63,8.844807391338694
lithium_hydroxide,ARIMA,Single,2025-10-29,2025-10-30,9.63,9.63,8.853982248557877
lithium_hydroxide,ARIMA,Single,2025-10-30,2025-10-31,9.63,9.63,8.861788224564203
lithium_hydroxide,ARIMA,Single,2025-10-31,2025-11-03,9.63,9.8,8.87089290799223
lithium_hydroxide,ARIMA,Single,2025-11-03,2025-11-04,9.8,9.93,8.878765460427925
lithium_hydroxide,ARIMA,Single,2025-11-04,2025-11-05,9.93,9.8,8.88780698037462
lithium_hydroxide,ARIMA,Single,2025-11-05,2025-11-06,9.8,9.9,8.895739458303641
lithium_hydroxide,ARIMA,Single,2025-11-06,2025-11-07,9.9,9.97,8.904724124754066
lithium_hydroxide,ARIMA,Single,2025-11-07,2025-11-10,9.97,9.97,8.912710541663959
lithium_hydroxide,ARIMA,Single,2025-11-10,2025-11-11,9.97,9.97,8.921644034240332
lithium_hydroxide,ARIMA,Single,2025-11-11,2025-11-12,9.97,9.97,8.929679001666809
lithium_hydroxide,ARIMA,Single,2025-11-12,2025-11-13,9.97,10.06,8.938566432601295
lithium_hydroxide,ARIMA,Single,2025-11-13,2025-11-14,10.06,10.06,8.946645100383666
lithium_hydroxide,ARIMA,Single,2025-11-14,2025-11-17,10.06,10.21,8.95549107120021
lithium_hydroxide,ARIMA,Single,2025-11-17,2025-11-18,10.21,10.21,8.96360907370525
lithium_hydroxide,ARIMA,Single,2025-11-18,2025-11-19,10.21,10.13,8.972417726238966
lithium_hydroxide,ARIMA,Single,2025-11-19,2025-11-20,10.13,10.16,8.980571133956978
lithium_hydroxide,ARIMA,Single,2025-11-20,2025-11-21,10.16,10.19,8.989346196276713
lithium_hydroxide,ARIMA,Single,2025-11-21,2025-11-24,10.19,10.19,8.997531472253112
lithium_hydroxide,ARIMA,Single,2025-11-24,2025-11-25,10.19,10.19,9.006276299996397
lithium_hydroxide,ARIMA,Single,2025-11-25,2025-11-26,10.19,10.18,9.014490260615744
lithium_hydroxide,ARIMA,Single,2025-11-26,2025-11-28,10.18,10.19,9.023207874194398
lithium_hydroxide,ARIMA,Single,2025-11-28,2025-12-01,10.19,10.95,9.031447653882081
lithium_hydroxide,ARIMA,Single,2025-12-01,2025-12-02,10.95,10.4,9.04014077197102
lithium_hydroxide,ARIMA,Single,2025-12-02,2025-12-03,10.4,10.26,9.048403791421215
lithium_hydroxide,ARIMA,Single,2025-12-03,2025-12-04,10.26,10.31,9.05707486110174
lithium_hydroxide,ARIMA,Single,2025-12-04,2025-12-05,10.31,10.31,9.065358798679362
lithium_hydroxide,ARIMA,Single,2025-12-05,2025-12-08,10.31,10.31,9.074010022571162
lithium_hydroxide,ARIMA,Single,2025-12-08,2025-12-09,10.31,10.31,9.082312788570757
lithium_hydroxide,ARIMA,Single,2025-12-09,2025-12-10,10.31,10.3,9.090946149253448
lithium_hydroxide,ARIMA,Single,2025-12-10,2025-12-11,10.3,10.31,9.099265862729588
lithium_hydroxide,ARIMA,Single,2025-12-11,2025-12-12,10.31,10.4,9.10788314472454
lithium_hydroxide,ARIMA,Single,2025-12-12,2025-12-15,10.4,10.37,9.116218112636856
lithium_hydroxide,ARIMA,Single,2025-12-15,2025-12-16,10.37,10.37,9.124820922193084
lithium_hydroxide,ARIMA,Single,2025-12-16,2025-12-17,10.37,10.42,9.133169620634686
lithium_hydroxide,ARIMA,Single,2025-12-17,2025-12-18,10.42,10.61,9.14175940353811
lithium_hydroxide,ARIMA,Single,2025-12-18,2025-12-19,10.61,10.83,9.15012046083928
lithium_hydroxide,ARIMA,Single,2025-12-19,2025-12-22,10.83,10.83,9.15869851844288
lithium_hydroxide,ARIMA,Single,2025-12-22,2025-12-23,10.83,11.21,9.167070699962691
lithium_hydroxide,ARIMA,Single,2025-12-23,2025-12-24,11.21,11.21,9.175638203615247
lithium_hydroxide,ARIMA,Single,2025-12-24,2025-12-26,11.21,11.21,9.184020398052484
lithium_hydroxide,ARIMA,Single,2025-12-26,2025-12-29,11.21,11.24,9.192578402085894
lithium_hydroxide,ARIMA,Single,2025-12-29,2025-12-30,11.24,11.22,9.200969609157514
lithium_hydroxide,ARIMA,Single,2025-12-30,2025-12-31,11.22,11.22,9.209519062576707
lithium_hydroxide,ARIMA,Single,2025-12-31,2026-01-02,11.22,15.47,9.217918381927202
lithium_hydroxide,ARIMA,Single,2026-01-02,2026-01-05,15.47,15.23,9.226460138932211
lithium_hydroxide,ARIMA,Single,2026-01-05,2026-01-06,15.23,16.51,9.234866760150922
lithium_hydroxide,ARIMA,Single,2026-01-06,2026-01-07,16.51,16.8,9.243401589607831
lithium_hydroxide,ARIMA,Single,2026-01-07,2026-01-08,16.8,17.21,9.251814783243526
lithium_hydroxide,ARIMA,Single,2026-01-08,2026-01-09,17.21,17.97,9.260343377209265
lithium_hydroxide,ARIMA,Single,2026-01-09,2026-01-12,17.97,16.63,9.268762486682348
lithium_hydroxide,ARIMA,Single,2026-01-12,2026-01-13,16.63,17.96,9.277285468077876
lithium_hydroxide,ARIMA,Single,2026-01-13,2026-01-14,17.96,18.58,9.28570990240057
lithium_hydroxide,ARIMA,Single,2026-01-14,2026-01-15,18.58,18.44,9.294227831917492
lithium_hydroxide,ARIMA,Single,2026-01-15,2026-01-16,18.44,17.92,9.302657059141259
lithium_hydroxide,ARIMA,Single,2026-01-16,2026-01-20,17.92,17.77,9.311170441458515
lithium_hydroxide,ARIMA,Single,2026-01-20,2026-01-21,17.77,18.06,9.319603982776083
lithium_hydroxide,ARIMA,Single,2026-01-21,2026-01-22,18.06,18.39,9.328113272155557
lithium_hydroxide,ARIMA,Single,2026-01-22,2026-01-23,18.39,18.39,9.336550696592147
lithium_hydroxide,ARIMA,Single,2026-01-23,2026-01-26,18.39,18.27,9.345056301915292
lithium_hydroxide,ARIMA,Single,2026-01-26,2026-01-27,18.27,18.27,9.353497221550187
lithium_hydroxide,ARIMA,Single,2026-01-27,2026-01-28,18.27,18.2,9.361999510851508
lithium_hydroxide,ARIMA,Single,2026-01-28,2026-01-29,18.2,18.2,9.370443576516982
lithium_hydroxide,ARIMA,Single,2026-01-29,2026-01-30,18.2,18.18,9.378942881064605
lithium_hydroxide,ARIMA,Single,2026-01-30,2026-02-02,18.18,17.5,9.38738977847453
lithium_hydroxide,ARIMA,Single,2026-02-02,2026-02-03,17.5,17.5,9.39588639644314
lithium_hydroxide,ARIMA,Single,2026-02-03,2026-02-04,17.5,17.5,9.404335842708342
lithium_hydroxide,ARIMA,Single,2026-02-04,2026-02-05,17.5,17.0,9.412830042485197
lithium_hydroxide,ARIMA,Single,2026-02-05,2026-02-06,17.0,16.85,9.421281782976916
lithium_hydroxide,ARIMA,Single,2026-02-06,2026-02-09,16.85,16.65,9.429773806137582
lithium_hydroxide,ARIMA,Single,2026-02-09,2026-02-10,16.65,16.62,9.43822761166429
lithium_hydroxide,ARIMA,Single,2026-02-10,2026-02-11,16.62,16.81,9.446717675651115
lithium_hydroxide,ARIMA,Single,2026-02-11,2026-02-12,16.81,16.81,9.455173339917344
lithium_hydroxide,ARIMA,Single,2026-02-12,2026-02-13,16.81,16.81,9.463661640450345
lithium_hydroxide,ARIMA,Single,2026-02-13,2026-02-17,16.81,16.81,9.47211897776939
lithium_hydroxide,ARIMA,Single,2026-02-17,2026-02-18,16.81,16.91,9.4806056910163
lithium_hydroxide,ARIMA,Single,2026-02-18,2026-02-19,16.91,16.91,9.48906453425142
lithium_hydroxide,ARIMA,Single,2026-02-19,2026-02-20,16.91,16.91,9.497549818780946
lithium_hydroxide,ARIMA,Single,2026-02-20,2026-02-23,16.91,16.91,9.506010017492244
lithium_hydroxide,ARIMA,Single,2026-02-23,2026-02-24,16.91,17.11,9.514494016032195
lithium_hydroxide,ARIMA,Single,2026-02-24,2026-02-25,17.11,17.34,9.522955434808601
lithium_hydroxide,ARIMA,Single,2026-02-25,2026-02-26,17.34,17.4,9.531438275828384
lithium_hydroxide,ARIMA,Single,2026-02-26,2026-03-02,17.4,20.98,9.539900792786296
lithium_hydroxide,ARIMA,Single,2026-03-02,2026-03-03,20.98,19.77,9.54838259192132
lithium_hydroxide,ARIMA,Single,2026-03-03,2026-03-04,19.77,19.77,9.556846097353219
lithium_hydroxide,ARIMA,Single,2026-03-04,2026-03-05,19.77,19.98,9.565326958686999
lithium_hydroxide,ARIMA,Single,2026-03-05,2026-03-06,19.98,20.19,9.573791353845065
lithium_hydroxide,ARIMA,Single,2026-03-06,2026-03-09,20.19,20.19,9.582271371063253
lithium_hydroxide,ARIMA,Single,2026-03-09,2026-03-10,20.19,20.19,9.5907365670645
lithium_hydroxide,ARIMA,Single,2026-03-10,2026-03-11,20.19,19.85,9.59921582449362
lithium_hydroxide,ARIMA,Single,2026-03-11,2026-03-12,19.85,19.85,9.607681741334405
lithium_hydroxide,SVR,Single,2025-08-18,2025-08-19,8.4,8.35,9.435503138713312
lithium_hydroxide,SVR,Single,2025-08-19,2025-08-20,8.35,8.44,9.435819801224104
lithium_hydroxide,SVR,Single,2025-08-20,2025-08-21,8.44,8.44,9.439269316655327
lithium_hydroxide,SVR,Single,2025-08-21,2025-08-22,8.44,8.5,9.444781407293432
lithium_hydroxide,SVR,Single,2025-08-22,2025-08-25,8.5,8.48,9.428929788745013
lithium_hydroxide,SVR,Single,2025-08-25,2025-08-26,8.48,8.48,9.404243747501372
lithium_hydroxide,SVR,Single,2025-08-26,2025-08-27,8.48,8.51,9.398309416103952
lithium_hydroxide,SVR,Single,2025-08-27,2025-08-28,8.51,8.51,9.383273740685006
lithium_hydroxide,SVR,Single,2025-08-28,2025-08-29,8.51,8.52,9.35813276979539
lithium_hydroxide,SVR,Single,2025-08-29,2025-09-02,8.52,9.4,9.404259174323064
lithium_hydroxide,SVR,Single,2025-09-02,2025-09-03,9.4,9.38,9.615712434030664
lithium_hydroxide,SVR,Single,2025-09-03,2025-09-04,9.38,9.48,9.855556344329543
lithium_hydroxide,SVR,Single,2025-09-04,2025-09-05,9.48,9.48,9.891577962395235
lithium_hydroxide,SVR,Single,2025-09-05,2025-09-08,9.48,9.48,10.299425932219075
lithium_hydroxide,SVR,Single,2025-09-08,2025-09-09,9.48,9.48,10.923969327747999
lithium_hydroxide,SVR,Single,2025-09-09,2025-09-10,9.48,9.48,10.98145658156773
lithium_hydroxide,SVR,Single,2025-09-10,2025-09-11,9.48,9.48,10.636958231713095
lithium_hydroxide,SVR,Single,2025-09-11,2025-09-12,9.48,9.48,10.66379255869815
lithium_hydroxide,SVR,Single,2025-09-12,2025-09-15,9.48,9.48,10.541894970568112
lithium_hydroxide,SVR,Single,2025-09-15,2025-09-16,9.48,9.48,10.907431077122009
lithium_hydroxide,SVR,Single,2025-09-16,2025-09-17,9.48,9.48,10.851313800285576
lithium_hydroxide,SVR,Single,2025-09-17,2025-09-18,9.48,9.48,11.194355308115442
lithium_hydroxide,SVR,Single,2025-09-18,2025-09-19,9.48,9.54,10.812870877005412
lithium_hydroxide,SVR,Single,2025-09-19,2025-09-22,9.54,9.54,11.858796340292528
lithium_hydroxide,SVR,Single,2025-09-22,2025-09-23,9.54,9.54,11.812264004800653
lithium_hydroxide,SVR,Single,2025-09-23,2025-09-24,9.54,9.54,11.967370118226722
lithium_hydroxide,SVR,Single,2025-09-24,2025-09-25,9.54,9.54,12.402546444525013
lithium_hydroxide,SVR,Single,2025-09-25,2025-09-26,9.54,9.53,12.626145623044625
lithium_hydroxide,SVR,Single,2025-09-26,2025-09-29,9.53,9.53,12.211407304376227
lithium_hydroxide,SVR,Single,2025-09-29,2025-09-30,9.53,9.53,13.511480028570313
lithium_hydroxide,SVR,Single,2025-09-30,2025-10-01,9.53,9.6,14.3290762076454
lithium_hydroxide,SVR,Single,2025-10-01,2025-10-02,9.6,9.59,14.346866595167365
lithium_hydroxide,SVR,Single,2025-10-02,2025-10-03,9.59,9.6,14.36098534584648
lithium_hydroxide,SVR,Single,2025-10-03,2025-10-06,9.6,9.55,14.361145935985833
lithium_hydroxide,SVR,Single,2025-10-06,2025-10-07,9.55,9.6,14.350815166470257
lithium_hydroxide,SVR,Single,2025-10-07,2025-10-08,9.6,9.6,14.351618830679318
lithium_hydroxide,SVR,Single,2025-10-08,2025-10-09,9.6,9.6,14.363532421395723
lithium_hydroxide,SVR,Single,2025-10-09,2025-10-10,9.6,9.55,16.65444719574992
lithium_hydroxide,SVR,Single,2025-10-10,2025-10-13,9.55,9.6,15.427473314267772
lithium_hydroxide,SVR,Single,2025-10-13,2025-10-14,9.6,9.6,17.751100077078615
lithium_hydroxide,SVR,Single,2025-10-14,2025-10-15,9.6,9.6,17.23474548794973
lithium_hydroxide,SVR,Single,2025-10-15,2025-10-16,9.6,9.6,16.341730449752987
lithium_hydroxide,SVR,Single,2025-10-16,2025-10-17,9.6,9.6,15.8731765942672
lithium_hydroxide,SVR,Single,2025-10-17,2025-10-20,9.6,9.75,14.367024126583368
lithium_hydroxide,SVR,Single,2025-10-20,2025-10-21,9.75,9.6,14.33518836902416
lithium_hydroxide,SVR,Single,2025-10-21,2025-10-22,9.6,9.6,14.648050137875735
lithium_hydroxide,SVR,Single,2025-10-22,2025-10-23,9.6,9.6,14.314528741358252
lithium_hydroxide,SVR,Single,2025-10-23,2025-10-24,9.6,9.6,15.578422848608973
lithium_hydroxide,SVR,Single,2025-10-24,2025-10-27,9.6,9.6,15.640084243713979
lithium_hydroxide,SVR,Single,2025-10-27,2025-10-28,9.6,9.61,16.163631144649518
lithium_hydroxide,SVR,Single,2025-10-28,2025-10-29,9.61,9.63,15.888188784300521
lithium_hydroxide,SVR,Single,2025-10-29,2025-10-30,9.63,9.63,17.507427704468707
lithium_hydroxide,SVR,Single,2025-10-30,2025-10-31,9.63,9.63,18.955977004294
lithium_hydroxide,SVR,Single,2025-10-31,2025-11-03,9.63,9.8,17.574753154148972
lithium_hydroxide,SVR,Single,2025-11-03,2025-11-04,9.8,9.93,17.31597131859281
lithium_hydroxide,SVR,Single,2025-11-04,2025-11-05,9.93,9.8,16.48021848716524
lithium_hydroxide,SVR,Single,2025-11-05,2025-11-06,9.8,9.9,16.74175475436133
lithium_hydroxide,SVR,Single,2025-11-06,2025-11-07,9.9,9.97,18.049296690156027
lithium_hydroxide,SVR,Single,2025-11-07,2025-11-10,9.97,9.97,18.05325918902923
lithium_hydroxide,SVR,Single,2025-11-10,2025-11-11,9.97,9.97,17.82812764342424
lithium_hydroxide,SVR,Single,2025-11-11,2025-11-12,9.97,9.97,17.202655358798477
lithium_hydroxide,SVR,Single,2025-11-12,2025-11-13,9.97,10.06,17.28354146315182
lithium_hydroxide,SVR,Single,2025-11-13,2025-11-14,10.06,10.06,19.166449069161622
lithium_hydroxide,SVR,Single,2025-11-14,2025-11-17,10.06,10.21,17.782843533561614
lithium_hydroxide,SVR,Single,2025-11-17,2025-11-18,10.21,10.21,19.817249202541717
lithium_hydroxide,SVR,Single,2025-11-18,2025-11-19,10.21,10.13,18.2323335233786
lithium_hydroxide,SVR,Single,2025-11-19,2025-11-20,10.13,10.16,19.279039318028488
lithium_hydroxide,SVR,Single,2025-11-20,2025-11-21,10.16,10.19,18.738995465105813
lithium_hydroxide,SVR,Single,2025-11-21,2025-11-24,10.19,10.19,16.04642455192902
lithium_hydroxide,SVR,Single,2025-11-24,2025-11-25,10.19,10.19,14.189888753420181
lithium_hydroxide,SVR,Single,2025-11-25,2025-11-26,10.19,10.18,14.970342774760294
lithium_hydroxide,SVR,Single,2025-11-26,2025-11-28,10.18,10.19,15.08258831259841
lithium_hydroxide,SVR,Single,2025-11-28,2025-12-01,10.19,10.95,15.596845956676857
lithium_hydroxide,SVR,Single,2025-12-01,2025-12-02,10.95,10.4,15.806202358593522
lithium_hydroxide,SVR,Single,2025-12-02,2025-12-03,10.4,10.26,15.475971433873575
lithium_hydroxide,SVR,Single,2025-12-03,2025-12-04,10.26,10.31,14.785562865612205
lithium_hydroxide,SVR,Single,2025-12-04,2025-12-05,10.31,10.31,14.723841631197578
lithium_hydroxide,SVR,Single,2025-12-05,2025-12-08,10.31,10.31,14.685419284785125
lithium_hydroxide,SVR,Single,2025-12-08,2025-12-09,10.31,10.31,15.811303237825447
lithium_hydroxide,SVR,Single,2025-12-09,2025-12-10,10.31,10.3,15.661842531963043
lithium_hydroxide,SVR,Single,2025-12-10,2025-12-11,10.3,10.31,15.954122647649323
lithium_hydroxide,SVR,Single,2025-12-11,2025-12-12,10.31,10.4,15.862233987525812
lithium_hydroxide,SVR,Single,2025-12-12,2025-12-15,10.4,10.37,15.312451225144002
lithium_hydroxide,SVR,Single,2025-12-15,2025-12-16,10.37,10.37,14.985018743121962
lithium_hydroxide,SVR,Single,2025-12-16,2025-12-17,10.37,10.42,14.939543020702956
lithium_hydroxide,SVR,Single,2025-12-17,2025-12-18,10.42,10.61,15.998257987589255
lithium_hydroxide,SVR,Single,2025-12-18,2025-12-19,10.61,10.83,15.89187377936616
lithium_hydroxide,SVR,Single,2025-12-19,2025-12-22,10.83,10.83,16.594290828562954
lithium_hydroxide,SVR,Single,2025-12-22,2025-12-23,10.83,11.21,17.073283724064186
lithium_hydroxide,SVR,Single,2025-12-23,2025-12-24,11.21,11.21,17.599406144342645
lithium_hydroxide,SVR,Single,2025-12-24,2025-12-26,11.21,11.21,17.906823762108136
lithium_hydroxide,SVR,Single,2025-12-26,2025-12-29,11.21,11.24,18.049786918578697
lithium_hydroxide,SVR,Single,2025-12-29,2025-12-30,11.24,11.22,17.655714996994007
lithium_hydroxide,SVR,Single,2025-12-30,2025-12-31,11.22,11.22,17.27619875562154
lithium_hydroxide,SVR,Single,2025-12-31,2026-01-02,11.22,15.47,16.859992030461925
lithium_hydroxide,SVR,Single,2026-01-02,2026-01-05,15.47,15.23,18.01279604685092
lithium_hydroxide,SVR,Single,2026-01-05,2026-01-06,15.23,16.51,19.406683368447197
lithium_hydroxide,SVR,Single,2026-01-06,2026-01-07,16.51,16.8,20.577029537283867
lithium_hydroxide,SVR,Single,2026-01-07,2026-01-08,16.8,17.21,20.88548485551135
lithium_hydroxide,SVR,Single,2026-01-08,2026-01-09,17.21,17.97,20.80040677070723
lithium_hydroxide,SVR,Single,2026-01-09,2026-01-12,17.97,16.63,21.26507950852299
lithium_hydroxide,SVR,Single,2026-01-12,2026-01-13,16.63,17.96,21.914158771388486
lithium_hydroxide,SVR,Single,2026-01-13,2026-01-14,17.96,18.58,22.88702168536088
lithium_hydroxide,SVR,Single,2026-01-14,2026-01-15,18.58,18.44,22.941620881328554
lithium_hydroxide,SVR,Single,2026-01-15,2026-01-16,18.44,17.92,23.723764883301605
lithium_hydroxide,SVR,Single,2026-01-16,2026-01-20,17.92,17.77,22.80951761404134
lithium_hydroxide,SVR,Single,2026-01-20,2026-01-21,17.77,18.06,22.272325520468907
lithium_hydroxide,SVR,Single,2026-01-21,2026-01-22,18.06,18.39,23.03621913641929
lithium_hydroxide,SVR,Single,2026-01-22,2026-01-23,18.39,18.39,23.13398827982319
lithium_hydroxide,SVR,Single,2026-01-23,2026-01-26,18.39,18.27,24.34883215915687
lithium_hydroxide,SVR,Single,2026-01-26,2026-01-27,18.27,18.27,24.459808651124767
lithium_hydroxide,SVR,Single,2026-01-27,2026-01-28,18.27,18.2,24.102885897370086
lithium_hydroxide,SVR,Single,2026-01-28,2026-01-29,18.2,18.2,24.460523018948482
lithium_hydroxide,SVR,Single,2026-01-29,2026-01-30,18.2,18.18,24.23081733121855
lithium_hydroxide,SVR,Single,2026-01-30,2026-02-02,18.18,17.5,22.76765727958937
lithium_hydroxide,SVR,Single,2026-02-02,2026-02-03,17.5,17.5,21.813696548507256
lithium_hydroxide,SVR,Single,2026-02-03,2026-02-04,17.5,17.5,22.157859787563726
lithium_hydroxide,SVR,Single,2026-02-04,2026-02-05,17.5,17.0,21.943307799774697
lithium_hydroxide,SVR,Single,2026-02-05,2026-02-06,17.0,16.85,20.58251055068536
lithium_hydroxide,SVR,Single,2026-02-06,2026-02-09,16.85,16.65,20.715271631792
lithium_hydroxide,SVR,Single,2026-02-09,2026-02-10,16.65,16.62,20.787919728438865
lithium_hydroxide,SVR,Single,2026-02-10,2026-02-11,16.62,16.81,20.730277836385408
lithium_hydroxide,SVR,Single,2026-02-11,2026-02-12,16.81,16.81,21.249434972371226
lithium_hydroxide,SVR,Single,2026-02-12,2026-02-13,16.81,16.81,21.439794739217483
lithium_hydroxide,SVR,Single,2026-02-13,2026-02-17,16.81,16.81,21.302429481036427
lithium_hydroxide,SVR,Single,2026-02-17,2026-02-18,16.81,16.91,21.302429481036427
lithium_hydroxide,SVR,Single,2026-02-18,2026-02-19,16.91,16.91,21.33110785558153
lithium_hydroxide,SVR,Single,2026-02-19,2026-02-20,16.91,16.91,21.35326418741176
lithium_hydroxide,SVR,Single,2026-02-20,2026-02-23,16.91,16.91,21.35326418741176
lithium_hydroxide,SVR,Single,2026-02-23,2026-02-24,16.91,17.11,21.35326418741176
lithium_hydroxide,SVR,Single,2026-02-24,2026-02-25,17.11,17.34,22.628522139396974
lithium_hydroxide,SVR,Single,2026-02-25,2026-02-26,17.34,17.4,23.292009374655724
lithium_hydroxide,SVR,Single,2026-02-26,2026-03-02,17.4,20.98,24.024339246503835
lithium_hydroxide,SVR,Single,2026-03-02,2026-03-03,20.98,19.77,24.664651791759788
lithium_hydroxide,SVR,Single,2026-03-03,2026-03-04,19.77,19.77,23.671268094309134
lithium_hydroxide,SVR,Single,2026-03-04,2026-03-05,19.77,19.98,23.205484234916014
lithium_hydroxide,SVR,Single,2026-03-05,2026-03-06,19.98,20.19,23.371346465072694
lithium_hydroxide,SVR,Single,2026-03-06,2026-03-09,20.19,20.19,23.183843838938742
lithium_hydroxide,SVR,Single,2026-03-09,2026-03-10,20.19,20.19,23.62718084965922
lithium_hydroxide,SVR,Single,2026-03-10,2026-03-11,20.19,19.85,24.04962928089001
lithium_hydroxide,SVR,Single,2026-03-11,2026-03-12,19.85,19.85,24.252094792529373
lithium_hydroxide,RF,Single,2025-08-18,2025-08-19,8.4,8.35,9.095699999999999
lithium_hydroxide,RF,Single,2025-08-19,2025-08-20,8.35,8.44,8.936
lithium_hydroxide,RF,Single,2025-08-20,2025-08-21,8.44,8.44,9.147400000000001
lithium_hydroxide,RF,Single,2025-08-21,2025-08-22,8.44,8.5,9.1522
lithium_hydroxide,RF,Single,2025-08-22,2025-08-25,8.5,8.48,9.159285714285716
lithium_hydroxide,RF,Single,2025-08-25,2025-08-26,8.48,8.48,9.141185714285715
lithium_hydroxide,RF,Single,2025-08-26,2025-08-27,8.48,8.51,9.026285714285716
lithium_hydroxide,RF,Single,2025-08-27,2025-08-28,8.51,8.51,9.052742380952385
lithium_hydroxide,RF,Single,2025-08-28,2025-08-29,8.51,8.52,8.666042380952383
lithium_hydroxide,RF,Single,2025-08-29,2025-09-02,8.52,9.4,8.671975714285717
lithium_hydroxide,RF,Single,2025-09-02,2025-09-03,9.4,9.38,8.970699999999997
lithium_hydroxide,RF,Single,2025-09-03,2025-09-04,9.38,9.48,9.428599999999987
lithium_hydroxide,RF,Single,2025-09-04,2025-09-05,9.48,9.48,9.46109999999999
lithium_hydroxide,RF,Single,2025-09-05,2025-09-08,9.48,9.48,9.44459999999999
lithium_hydroxide,RF,Single,2025-09-08,2025-09-09,9.48,9.48,9.43589999999999
lithium_hydroxide,RF,Single,2025-09-09,2025-09-10,9.48,9.48,9.43589999999999
lithium_hydroxide,RF,Single,2025-09-10,2025-09-11,9.48,9.48,9.197199999999992
lithium_hydroxide,RF,Single,2025-09-11,2025-09-12,9.48,9.48,9.188699999999992
lithium_hydroxide,RF,Single,2025-09-12,2025-09-15,9.48,9.48,9.188699999999992
lithium_hydroxide,RF,Single,2025-09-15,2025-09-16,9.48,9.48,9.188699999999992
lithium_hydroxide,RF,Single,2025-09-16,2025-09-17,9.48,9.48,9.188699999999992
lithium_hydroxide,RF,Single,2025-09-17,2025-09-18,9.48,9.48,9.19339999999999
lithium_hydroxide,RF,Single,2025-09-18,2025-09-19,9.48,9.54,9.197199999999992
lithium_hydroxide,RF,Single,2025-09-19,2025-09-22,9.54,9.54,9.442099999999995
lithium_hydroxide,RF,Single,2025-09-22,2025-09-23,9.54,9.54,9.4712
lithium_hydroxide,RF,Single,2025-09-23,2025-09-24,9.54,9.54,9.4712
lithium_hydroxide,RF,Single,2025-09-24,2025-09-25,9.54,9.54,9.4712
lithium_hydroxide,RF,Single,2025-09-25,2025-09-26,9.54,9.53,9.453599999999994
lithium_hydroxide,RF,Single,2025-09-26,2025-09-29,9.53,9.53,9.470499999999996
lithium_hydroxide,RF,Single,2025-09-29,2025-09-30,9.53,9.53,9.468799999999995
lithium_hydroxide,RF,Single,2025-09-30,2025-10-01,9.53,9.6,9.468799999999995
lithium_hydroxide,RF,Single,2025-10-01,2025-10-02,9.6,9.59,9.504499999999995
lithium_hydroxide,RF,Single,2025-10-02,2025-10-03,9.59,9.6,9.508699999999994
lithium_hydroxide,RF,Single,2025-10-03,2025-10-06,9.6,9.55,9.508699999999994
lithium_hydroxide,RF,Single,2025-10-06,2025-10-07,9.55,9.6,9.491499999999991
lithium_hydroxide,RF,Single,2025-10-07,2025-10-08,9.6,9.6,9.508499999999994
lithium_hydroxide,RF,Single,2025-10-08,2025-10-09,9.6,9.6,9.508699999999994
lithium_hydroxide,RF,Single,2025-10-09,2025-10-10,9.6,9.55,9.508699999999994
lithium_hydroxide,RF,Single,2025-10-10,2025-10-13,9.55,9.6,9.491499999999991
lithium_hydroxide,RF,Single,2025-10-13,2025-10-14,9.6,9.6,9.497899999999994
lithium_hydroxide,RF,Single,2025-10-14,2025-10-15,9.6,9.6,9.498099999999994
lithium_hydroxide,RF,Single,2025-10-15,2025-10-16,9.6,9.6,9.498099999999994
lithium_hydroxide,RF,Single,2025-10-16,2025-10-17,9.6,9.6,9.498099999999994
lithium_hydroxide,RF,Single,2025-10-17,2025-10-20,9.6,9.75,9.506299999999994
lithium_hydroxide,RF,Single,2025-10-20,2025-10-21,9.75,9.6,9.514049999999994
lithium_hydroxide,RF,Single,2025-10-21,2025-10-22,9.6,9.6,9.611749999999997
lithium_hydroxide,RF,Single,2025-10-22,2025-10-23,9.6,9.6,9.519799999999996
lithium_hydroxide,RF,Single,2025-10-23,2025-10-24,9.6,9.6,9.562299999999997
lithium_hydroxide,RF,Single,2025-10-24,2025-10-27,9.6,9.6,9.550699999999999
lithium_hydroxide,RF,Single,2025-10-27,2025-10-28,9.6,9.61,9.543399999999991
lithium_hydroxide,RF,Single,2025-10-28,2025-10-29,9.61,9.63,9.540999999999993
lithium_hydroxide,RF,Single,2025-10-29,2025-10-30,9.63,9.63,9.529599999999995
lithium_hydroxide,RF,Single,2025-10-30,2025-10-31,9.63,9.63,9.530199999999997
lithium_hydroxide,RF,Single,2025-10-31,2025-11-03,9.63,9.8,9.693799999999996
lithium_hydroxide,RF,Single,2025-11-03,2025-11-04,9.8,9.93,10.059300000000002
lithium_hydroxide,RF,Single,2025-11-04,2025-11-05,9.93,9.8,10.299100000000006
lithium_hydroxide,RF,Single,2025-11-05,2025-11-06,9.8,9.9,10.150900000000007
lithium_hydroxide,RF,Single,2025-11-06,2025-11-07,9.9,9.97,10.151350000000008
lithium_hydroxide,RF,Single,2025-11-07,2025-11-10,9.97,9.97,10.037150000000008
lithium_hydroxide,RF,Single,2025-11-10,2025-11-11,9.97,9.97,10.16680000000001
lithium_hydroxide,RF,Single,2025-11-11,2025-11-12,9.97,9.97,10.236100000000006
lithium_hydroxide,RF,Single,2025-11-12,2025-11-13,9.97,10.06,10.271800000000006
lithium_hydroxide,RF,Single,2025-11-13,2025-11-14,10.06,10.06,10.271400000000007
lithium_hydroxide,RF,Single,2025-11-14,2025-11-17,10.06,10.21,10.206500000000005
lithium_hydroxide,RF,Single,2025-11-17,2025-11-18,10.21,10.21,10.270000000000007
lithium_hydroxide,RF,Single,2025-11-18,2025-11-19,10.21,10.13,10.275800000000007
lithium_hydroxide,RF,Single,2025-11-19,2025-11-20,10.13,10.16,10.270500000000007
lithium_hydroxide,RF,Single,2025-11-20,2025-11-21,10.16,10.19,10.445400000000006
lithium_hydroxide,RF,Single,2025-11-21,2025-11-24,10.19,10.19,11.121100000000006
lithium_hydroxide,RF,Single,2025-11-24,2025-11-25,10.19,10.19,11.125300000000006
lithium_hydroxide,RF,Single,2025-11-25,2025-11-26,10.19,10.18,11.125300000000006
lithium_hydroxide,RF,Single,2025-11-26,2025-11-28,10.18,10.19,11.125300000000006
lithium_hydroxide,RF,Single,2025-11-28,2025-12-01,10.19,10.95,11.121100000000006
lithium_hydroxide,RF,Single,2025-12-01,2025-12-02,10.95,10.4,11.4605
lithium_hydroxide,RF,Single,2025-12-02,2025-12-03,10.4,10.26,11.503000000000004
lithium_hydroxide,RF,Single,2025-12-03,2025-12-04,10.26,10.31,11.125700000000005
lithium_hydroxide,RF,Single,2025-12-04,2025-12-05,10.31,10.31,11.119300000000006
lithium_hydroxide,RF,Single,2025-12-05,2025-12-08,10.31,10.31,11.119300000000006
lithium_hydroxide,RF,Single,2025-12-08,2025-12-09,10.31,10.31,11.119300000000006
lithium_hydroxide,RF,Single,2025-12-09,2025-12-10,10.31,10.3,11.119300000000006
lithium_hydroxide,RF,Single,2025-12-10,2025-12-11,10.3,10.31,11.119300000000006
lithium_hydroxide,RF,Single,2025-12-11,2025-12-12,10.31,10.4,11.119300000000006
lithium_hydroxide,RF,Single,2025-12-12,2025-12-15,10.4,10.37,11.125100000000007
lithium_hydroxide,RF,Single,2025-12-15,2025-12-16,10.37,10.37,11.116100000000007
lithium_hydroxide,RF,Single,2025-12-16,2025-12-17,10.37,10.42,11.116100000000007
lithium_hydroxide,RF,Single,2025-12-17,2025-12-18,10.42,10.61,11.125100000000007
lithium_hydroxide,RF,Single,2025-12-18,2025-12-19,10.61,10.83,11.369200000000003
lithium_hydroxide,RF,Single,2025-12-19,2025-12-22,10.83,10.83,11.4541
lithium_hydroxide,RF,Single,2025-12-22,2025-12-23,10.83,11.21,11.550900000000002
lithium_hydroxide,RF,Single,2025-12-23,2025-12-24,11.21,11.21,11.7313
lithium_hydroxide,RF,Single,2025-12-24,2025-12-26,11.21,11.21,12.054799999999998
lithium_hydroxide,RF,Single,2025-12-26,2025-12-29,11.21,11.24,11.997199999999998
lithium_hydroxide,RF,Single,2025-12-29,2025-12-30,11.24,11.22,11.997199999999998
lithium_hydroxide,RF,Single,2025-12-30,2025-12-31,11.22,11.22,11.997199999999998
lithium_hydroxide,RF,Single,2025-12-31,2026-01-02,11.22,15.47,11.997199999999998
lithium_hydroxide,RF,Single,2026-01-02,2026-01-05,15.47,15.23,13.473700000000001
lithium_hydroxide,RF,Single,2026-01-05,2026-01-06,15.23,16.51,15.239900000000002
lithium_hydroxide,RF,Single,2026-01-06,2026-01-07,16.51,16.8,16.625
lithium_hydroxide,RF,Single,2026-01-07,2026-01-08,16.8,17.21,19.1691
lithium_hydroxide,RF,Single,2026-01-08,2026-01-09,17.21,17.97,19.3207
lithium_hydroxide,RF,Single,2026-01-09,2026-01-12,17.97,16.63,19.4954
lithium_hydroxide,RF,Single,2026-01-12,2026-01-13,16.63,17.96,19.6479
lithium_hydroxide,RF,Single,2026-01-13,2026-01-14,17.96,18.58,19.643900000000002
lithium_hydroxide,RF,Single,2026-01-14,2026-01-15,18.58,18.44,19.8478
lithium_hydroxide,RF,Single,2026-01-15,2026-01-16,18.44,17.92,19.8406
lithium_hydroxide,RF,Single,2026-01-16,2026-01-20,17.92,17.77,19.8145
lithium_hydroxide,RF,Single,2026-01-20,2026-01-21,17.77,18.06,19.7689
lithium_hydroxide,RF,Single,2026-01-21,2026-01-22,18.06,18.39,19.8055
lithium_hydroxide,RF,Single,2026-01-22,2026-01-23,18.39,18.39,19.910899999999998
lithium_hydroxide,RF,Single,2026-01-23,2026-01-26,18.39,18.27,20.6708
lithium_hydroxide,RF,Single,2026-01-26,2026-01-27,18.27,18.27,20.7793
lithium_hydroxide,RF,Single,2026-01-27,2026-01-28,18.27,18.2,20.671100000000003
lithium_hydroxide,RF,Single,2026-01-28,2026-01-29,18.2,18.2,20.6708
lithium_hydroxide,RF,Single,2026-01-29,2026-01-30,18.2,18.18,20.630000000000003
lithium_hydroxide,RF,Single,2026-01-30,2026-02-02,18.18,17.5,19.8478
lithium_hydroxide,RF,Single,2026-02-02,2026-02-03,17.5,17.5,19.770400000000002
lithium_hydroxide,RF,Single,2026-02-03,2026-02-04,17.5,17.5,19.7209
lithium_hydroxide,RF,Single,2026-02-04,2026-02-05,17.5,17.0,19.7209
lithium_hydroxide,RF,Single,2026-02-05,2026-02-06,17.0,16.85,19.4197
lithium_hydroxide,RF,Single,2026-02-06,2026-02-09,16.85,16.65,19.3505
lithium_hydroxide,RF,Single,2026-02-09,2026-02-10,16.65,16.62,19.256
lithium_hydroxide,RF,Single,2026-02-10,2026-02-11,16.62,16.81,19.1951
lithium_hydroxide,RF,Single,2026-02-11,2026-02-12,16.81,16.81,19.2352
lithium_hydroxide,RF,Single,2026-02-12,2026-02-13,16.81,16.81,19.3182
lithium_hydroxide,RF,Single,2026-02-13,2026-02-17,16.81,16.81,19.323700000000002
lithium_hydroxide,RF,Single,2026-02-17,2026-02-18,16.81,16.91,19.323700000000002
lithium_hydroxide,RF,Single,2026-02-18,2026-02-19,16.91,16.91,19.3417
lithium_hydroxide,RF,Single,2026-02-19,2026-02-20,16.91,16.91,19.414
lithium_hydroxide,RF,Single,2026-02-20,2026-02-23,16.91,16.91,19.414
lithium_hydroxide,RF,Single,2026-02-23,2026-02-24,16.91,17.11,19.414
lithium_hydroxide,RF,Single,2026-02-24,2026-02-25,17.11,17.34,19.6322
lithium_hydroxide,RF,Single,2026-02-25,2026-02-26,17.34,17.4,19.727600000000002
lithium_hydroxide,RF,Single,2026-02-26,2026-03-02,17.4,20.98,20.6045
lithium_hydroxide,RF,Single,2026-03-02,2026-03-03,20.98,19.77,21.901000000000003
lithium_hydroxide,RF,Single,2026-03-03,2026-03-04,19.77,19.77,21.3399
lithium_hydroxide,RF,Single,2026-03-04,2026-03-05,19.77,19.98,20.776400000000002
lithium_hydroxide,RF,Single,2026-03-05,2026-03-06,19.98,20.19,20.776400000000002
lithium_hydroxide,RF,Single,2026-03-06,2026-03-09,20.19,20.19,20.776400000000002
lithium_hydroxide,RF,Single,2026-03-09,2026-03-10,20.19,20.19,20.776400000000002
lithium_hydroxide,RF,Single,2026-03-10,2026-03-11,20.19,19.85,20.8616
lithium_hydroxide,RF,Single,2026-03-11,2026-03-12,19.85,19.85,20.8616
lithium_hydroxide,MLP,Single,2025-08-18,2025-08-19,8.4,8.35,9.821622408266215
lithium_hydroxide,MLP,Single,2025-08-19,2025-08-20,8.35,8.44,9.924082840998636
lithium_hydroxide,MLP,Single,2025-08-20,2025-08-21,8.44,8.44,9.905092789735697
lithium_hydroxide,MLP,Single,2025-08-21,2025-08-22,8.44,8.5,9.923895996852778
lithium_hydroxide,MLP,Single,2025-08-22,2025-08-25,8.5,8.48,9.766836924551924
lithium_hydroxide,MLP,Single,2025-08-25,2025-08-26,8.48,8.48,9.651066444892393
lithium_hydroxide,MLP,Single,2025-08-26,2025-08-27,8.48,8.51,9.617009600080328
lithium_hydroxide,MLP,Single,2025-08-27,2025-08-28,8.51,8.51,9.549965533192418
lithium_hydroxide,MLP,Single,2025-08-28,2025-08-29,8.51,8.52,9.392208696079429
lithium_hydroxide,MLP,Single,2025-08-29,2025-09-02,8.52,9.4,9.671255248632313
lithium_hydroxide,MLP,Single,2025-09-02,2025-09-03,9.4,9.38,9.205133906113012
lithium_hydroxide,MLP,Single,2025-09-03,2025-09-04,9.38,9.48,9.670829336448087
lithium_hydroxide,MLP,Single,2025-09-04,2025-09-05,9.48,9.48,9.616547021323285
lithium_hydroxide,MLP,Single,2025-09-05,2025-09-08,9.48,9.48,10.072204057446392
lithium_hydroxide,MLP,Single,2025-09-08,2025-09-09,9.48,9.48,10.775076255311273
lithium_hydroxide,MLP,Single,2025-09-09,2025-09-10,9.48,9.48,10.817899608449908
lithium_hydroxide,MLP,Single,2025-09-10,2025-09-11,9.48,9.48,10.444641583790325
lithium_hydroxide,MLP,Single,2025-09-11,2025-09-12,9.48,9.48,10.415865822269632
lithium_hydroxide,MLP,Single,2025-09-12,2025-09-15,9.48,9.48,10.275515129351955
lithium_hydroxide,MLP,Single,2025-09-15,2025-09-16,9.48,9.48,10.573286817455468
lithium_hydroxide,MLP,Single,2025-09-16,2025-09-17,9.48,9.48,10.566245504221573
lithium_hydroxide,MLP,Single,2025-09-17,2025-09-18,9.48,9.48,10.763087681163277
lithium_hydroxide,MLP,Single,2025-09-18,2025-09-19,9.48,9.54,10.58904591414153
lithium_hydroxide,MLP,Single,2025-09-19,2025-09-22,9.54,9.54,10.893312854607043
lithium_hydroxide,MLP,Single,2025-09-22,2025-09-23,9.54,9.54,10.9363116512319
lithium_hydroxide,MLP,Single,2025-09-23,2025-09-24,9.54,9.54,10.990769961226919
lithium_hydroxide,MLP,Single,2025-09-24,2025-09-25,9.54,9.54,11.126147046649871
lithium_hydroxide,MLP,Single,2025-09-25,2025-09-26,9.54,9.53,11.21855728465699
lithium_hydroxide,MLP,Single,2025-09-26,2025-09-29,9.53,9.53,11.049542604235347
lithium_hydroxide,MLP,Single,2025-09-29,2025-09-30,9.53,9.53,11.568914919864795
lithium_hydroxide,MLP,Single,2025-09-30,2025-10-01,9.53,9.6,11.882672667428011
lithium_hydroxide,MLP,Single,2025-10-01,2025-10-02,9.6,9.59,11.878721136025767
lithium_hydroxide,MLP,Single,2025-10-02,2025-10-03,9.59,9.6,11.92424922062919
lithium_hydroxide,MLP,Single,2025-10-03,2025-10-06,9.6,9.55,11.917261347554955
lithium_hydroxide,MLP,Single,2025-10-06,2025-10-07,9.55,9.6,11.926507238573329
lithium_hydroxide,MLP,Single,2025-10-07,2025-10-08,9.6,9.6,11.891567873202165
lithium_hydroxide,MLP,Single,2025-10-08,2025-10-09,9.6,9.6,11.923684716143153
lithium_hydroxide,MLP,Single,2025-10-09,2025-10-10,9.6,9.55,12.612808238439014
lithium_hydroxide,MLP,Single,2025-10-10,2025-10-13,9.55,9.6,12.309572667687817
lithium_hydroxide,MLP,Single,2025-10-13,2025-10-14,9.6,9.6,12.757598644943663
lithium_hydroxide,MLP,Single,2025-10-14,2025-10-15,9.6,9.6,12.6705247747794
lithium_hydroxide,MLP,Single,2025-10-15,2025-10-16,9.6,9.6,12.487843027182405
lithium_hydroxide,MLP,Single,2025-10-16,2025-10-17,9.6,9.6,12.39006145074427
lithium_hydroxide,MLP,Single,2025-10-17,2025-10-20,9.6,9.75,11.902455328086035
lithium_hydroxide,MLP,Single,2025-10-20,2025-10-21,9.75,9.6,11.940973400137173
lithium_hydroxide,MLP,Single,2025-10-21,2025-10-22,9.6,9.6,12.173479976683407
lithium_hydroxide,MLP,Single,2025-10-22,2025-10-23,9.6,9.6,11.99549000429437
lithium_hydroxide,MLP,Single,2025-10-23,2025-10-24,9.6,9.6,12.49609753323428
lithium_hydroxide,MLP,Single,2025-10-24,2025-10-27,9.6,9.6,12.585073635268945
lithium_hydroxide,MLP,Single,2025-10-27,2025-10-28,9.6,9.61,12.840926031328673
lithium_hydroxide,MLP,Single,2025-10-28,2025-10-29,9.61,9.63,12.995069090375477
lithium_hydroxide,MLP,Single,2025-10-29,2025-10-30,9.63,9.63,13.403589239633927
lithium_hydroxide,MLP,Single,2025-10-30,2025-10-31,9.63,9.63,13.802852065145355
lithium_hydroxide,MLP,Single,2025-10-31,2025-11-03,9.63,9.8,13.582361407548676
lithium_hydroxide,MLP,Single,2025-11-03,2025-11-04,9.8,9.93,13.552364310747166
lithium_hydroxide,MLP,Single,2025-11-04,2025-11-05,9.93,9.8,13.442636281846585
lithium_hydroxide,MLP,Single,2025-11-05,2025-11-06,9.8,9.9,13.547511561566193
lithium_hydroxide,MLP,Single,2025-11-06,2025-11-07,9.9,9.97,13.717249558579613
lithium_hydroxide,MLP,Single,2025-11-07,2025-11-10,9.97,9.97,13.763905803311722
lithium_hydroxide,MLP,Single,2025-11-10,2025-11-11,9.97,9.97,13.79566268683797
lithium_hydroxide,MLP,Single,2025-11-11,2025-11-12,9.97,9.97,13.836235114821976
lithium_hydroxide,MLP,Single,2025-11-12,2025-11-13,9.97,10.06,13.96262896339206
lithium_hydroxide,MLP,Single,2025-11-13,2025-11-14,10.06,10.06,14.453605908052726
lithium_hydroxide,MLP,Single,2025-11-14,2025-11-17,10.06,10.21,14.305579150159016
lithium_hydroxide,MLP,Single,2025-11-17,2025-11-18,10.21,10.21,14.816828243602078
lithium_hydroxide,MLP,Single,2025-11-18,2025-11-19,10.21,10.13,14.706842042810708
lithium_hydroxide,MLP,Single,2025-11-19,2025-11-20,10.13,10.16,15.102444824528863
lithium_hydroxide,MLP,Single,2025-11-20,2025-11-21,10.16,10.19,15.201806680062722
lithium_hydroxide,MLP,Single,2025-11-21,2025-11-24,10.19,10.19,14.747847830603844
lithium_hydroxide,MLP,Single,2025-11-24,2025-11-25,10.19,10.19,14.142539036029866
lithium_hydroxide,MLP,Single,2025-11-25,2025-11-26,10.19,10.18,14.447555270146983
lithium_hydroxide,MLP,Single,2025-11-26,2025-11-28,10.18,10.19,14.575027789554513
lithium_hydroxide,MLP,Single,2025-11-28,2025-12-01,10.19,10.95,14.813318277376371
lithium_hydroxide,MLP,Single,2025-12-01,2025-12-02,10.95,10.4,14.800227691193246
lithium_hydroxide,MLP,Single,2025-12-02,2025-12-03,10.4,10.26,15.23749235190964
lithium_hydroxide,MLP,Single,2025-12-03,2025-12-04,10.26,10.31,14.729910002921685
lithium_hydroxide,MLP,Single,2025-12-04,2025-12-05,10.31,10.31,14.582681970768954
lithium_hydroxide,MLP,Single,2025-12-05,2025-12-08,10.31,10.31,14.51224214636052
lithium_hydroxide,MLP,Single,2025-12-08,2025-12-09,10.31,10.31,14.805518116279536
lithium_hydroxide,MLP,Single,2025-12-09,2025-12-10,10.31,10.3,14.770972529394207
lithium_hydroxide,MLP,Single,2025-12-10,2025-12-11,10.3,10.31,14.83449387523401
lithium_hydroxide,MLP,Single,2025-12-11,2025-12-12,10.31,10.4,14.892845306424789
lithium_hydroxide,MLP,Single,2025-12-12,2025-12-15,10.4,10.37,14.861400182178894
lithium_hydroxide,MLP,Single,2025-12-15,2025-12-16,10.37,10.37,14.879798867937533
lithium_hydroxide,MLP,Single,2025-12-16,2025-12-17,10.37,10.42,14.921719356295593
lithium_hydroxide,MLP,Single,2025-12-17,2025-12-18,10.42,10.61,15.327313250382982
lithium_hydroxide,MLP,Single,2025-12-18,2025-12-19,10.61,10.83,15.351070363177575
lithium_hydroxide,MLP,Single,2025-12-19,2025-12-22,10.83,10.83,15.59128142305171
lithium_hydroxide,MLP,Single,2025-12-22,2025-12-23,10.83,11.21,15.967726692936715
lithium_hydroxide,MLP,Single,2025-12-23,2025-12-24,11.21,11.21,16.07643829482474
lithium_hydroxide,MLP,Single,2025-12-24,2025-12-26,11.21,11.21,16.573787716433067
lithium_hydroxide,MLP,Single,2025-12-26,2025-12-29,11.21,11.24,17.72995956031122
lithium_hydroxide,MLP,Single,2025-12-29,2025-12-30,11.24,11.22,18.288686985201416
lithium_hydroxide,MLP,Single,2025-12-30,2025-12-31,11.22,11.22,18.21826428529404
lithium_hydroxide,MLP,Single,2025-12-31,2026-01-02,11.22,15.47,18.15878942740598
lithium_hydroxide,MLP,Single,2026-01-02,2026-01-05,15.47,15.23,17.665905285423964
lithium_hydroxide,MLP,Single,2026-01-05,2026-01-06,15.23,16.51,20.483251188397638
lithium_hydroxide,MLP,Single,2026-01-06,2026-01-07,16.51,16.8,21.297290767949935
lithium_hydroxide,MLP,Single,2026-01-07,2026-01-08,16.8,17.21,22.653573683442996
lithium_hydroxide,MLP,Single,2026-01-08,2026-01-09,17.21,17.97,23.224170296399056
lithium_hydroxide,MLP,Single,2026-01-09,2026-01-12,17.97,16.63,23.584683602014856
lithium_hydroxide,MLP,Single,2026-01-12,2026-01-13,16.63,17.96,25.367326505054642
lithium_hydroxide,MLP,Single,2026-01-13,2026-01-14,17.96,18.58,24.895376427205775
lithium_hydroxide,MLP,Single,2026-01-14,2026-01-15,18.58,18.44,25.853781027123944
lithium_hydroxide,MLP,Single,2026-01-15,2026-01-16,18.44,17.92,26.048928158661667
lithium_hydroxide,MLP,Single,2026-01-16,2026-01-20,17.92,17.77,25.911071364114044
lithium_hydroxide,MLP,Single,2026-01-20,2026-01-21,17.77,18.06,25.150573870345045
lithium_hydroxide,MLP,Single,2026-01-21,2026-01-22,18.06,18.39,25.522869510267782
lithium_hydroxide,MLP,Single,2026-01-22,2026-01-23,18.39,18.39,26.092885968609142
lithium_hydroxide,MLP,Single,2026-01-23,2026-01-26,18.39,18.27,26.916457658698477
lithium_hydroxide,MLP,Single,2026-01-26,2026-01-27,18.27,18.27,27.694863670158725
lithium_hydroxide,MLP,Single,2026-01-27,2026-01-28,18.27,18.2,26.95665452753428
lithium_hydroxide,MLP,Single,2026-01-28,2026-01-29,18.2,18.2,26.966685834249162
lithium_hydroxide,MLP,Single,2026-01-29,2026-01-30,18.2,18.18,26.601118779915954
lithium_hydroxide,MLP,Single,2026-01-30,2026-02-02,18.18,17.5,25.88751108449545
lithium_hydroxide,MLP,Single,2026-02-02,2026-02-03,17.5,17.5,25.553566374630137
lithium_hydroxide,MLP,Single,2026-02-03,2026-02-04,17.5,17.5,25.015485382195045
lithium_hydroxide,MLP,Single,2026-02-04,2026-02-05,17.5,17.0,24.956135053730023
lithium_hydroxide,MLP,Single,2026-02-05,2026-02-06,17.0,16.85,24.137988643925556
lithium_hydroxide,MLP,Single,2026-02-06,2026-02-09,16.85,16.65,22.953622895543162
lithium_hydroxide,MLP,Single,2026-02-09,2026-02-10,16.65,16.62,23.046519838595284
lithium_hydroxide,MLP,Single,2026-02-10,2026-02-11,16.62,16.81,22.982568608909954
lithium_hydroxide,MLP,Single,2026-02-11,2026-02-12,16.81,16.81,23.30070160082285
lithium_hydroxide,MLP,Single,2026-02-12,2026-02-13,16.81,16.81,23.837890440671522
lithium_hydroxide,MLP,Single,2026-02-13,2026-02-17,16.81,16.81,23.919624143462936
lithium_hydroxide,MLP,Single,2026-02-17,2026-02-18,16.81,16.91,23.919624143462936
lithium_hydroxide,MLP,Single,2026-02-18,2026-02-19,16.91,16.91,23.899727056789715
lithium_hydroxide,MLP,Single,2026-02-19,2026-02-20,16.91,16.91,23.964001108073525
lithium_hydroxide,MLP,Single,2026-02-20,2026-02-23,16.91,16.91,23.964001108073525
lithium_hydroxide,MLP,Single,2026-02-23,2026-02-24,16.91,17.11,23.964001108073525
lithium_hydroxide,MLP,Single,2026-02-24,2026-02-25,17.11,17.34,24.667277055221234
lithium_hydroxide,MLP,Single,2026-02-25,2026-02-26,17.34,17.4,25.54482731992146
lithium_hydroxide,MLP,Single,2026-02-26,2026-03-02,17.4,20.98,26.582130516198255
lithium_hydroxide,MLP,Single,2026-03-02,2026-03-03,20.98,19.77,25.852606959827213
lithium_hydroxide,MLP,Single,2026-03-03,2026-03-04,19.77,19.77,27.375015481032776
lithium_hydroxide,MLP,Single,2026-03-04,2026-03-05,19.77,19.98,26.045544200500622
lithium_hydroxide,MLP,Single,2026-03-05,2026-03-06,19.98,20.19,26.166223436312634
lithium_hydroxide,MLP,Single,2026-03-06,2026-03-09,20.19,20.19,26.167381101573323
lithium_hydroxide,MLP,Single,2026-03-09,2026-03-10,20.19,20.19,26.31046889037289
lithium_hydroxide,MLP,Single,2026-03-10,2026-03-11,20.19,19.85,26.64227740292303
lithium_hydroxide,MLP,Single,2026-03-11,2026-03-12,19.85,19.85,26.782223353859088
lithium_hydroxide,ELM,Single,2025-08-18,2025-08-19,8.4,8.35,8.733715441839015
lithium_hydroxide,ELM,Single,2025-08-19,2025-08-20,8.35,8.44,8.725676474426717
lithium_hydroxide,ELM,Single,2025-08-20,2025-08-21,8.44,8.44,8.753826732088003
lithium_hydroxide,ELM,Single,2025-08-21,2025-08-22,8.44,8.5,8.75217002980851
lithium_hydroxide,ELM,Single,2025-08-22,2025-08-25,8.5,8.48,8.756806530995265
lithium_hydroxide,ELM,Single,2025-08-25,2025-08-26,8.48,8.48,8.724722994435817
lithium_hydroxide,ELM,Single,2025-08-26,2025-08-27,8.48,8.51,8.710068350821226
lithium_hydroxide,ELM,Single,2025-08-27,2025-08-28,8.51,8.51,8.713590816718739
lithium_hydroxide,ELM,Single,2025-08-28,2025-08-29,8.51,8.52,8.68328060595105
lithium_hydroxide,ELM,Single,2025-08-29,2025-09-02,8.52,9.4,8.69059038281086
lithium_hydroxide,ELM,Single,2025-09-02,2025-09-03,9.4,9.38,9.2184164310145
lithium_hydroxide,ELM,Single,2025-09-03,2025-09-04,9.38,9.48,9.315437534842182
lithium_hydroxide,ELM,Single,2025-09-04,2025-09-05,9.48,9.48,9.354266076391523
lithium_hydroxide,ELM,Single,2025-09-05,2025-09-08,9.48,9.48,9.349814174502406
lithium_hydroxide,ELM,Single,2025-09-08,2025-09-09,9.48,9.48,9.378182941498286
lithium_hydroxide,ELM,Single,2025-09-09,2025-09-10,9.48,9.48,9.379904091358377
lithium_hydroxide,ELM,Single,2025-09-10,2025-09-11,9.48,9.48,9.35713432390686
lithium_hydroxide,ELM,Single,2025-09-11,2025-09-12,9.48,9.48,9.355719340975535
lithium_hydroxide,ELM,Single,2025-09-12,2025-09-15,9.48,9.48,9.340756472030005
lithium_hydroxide,ELM,Single,2025-09-15,2025-09-16,9.48,9.48,9.37605548102572
lithium_hydroxide,ELM,Single,2025-09-16,2025-09-17,9.48,9.48,9.371793407447223
lithium_hydroxide,ELM,Single,2025-09-17,2025-09-18,9.48,9.48,9.391061430792853
lithium_hydroxide,ELM,Single,2025-09-18,2025-09-19,9.48,9.54,9.37022779534195
lithium_hydroxide,ELM,Single,2025-09-19,2025-09-22,9.54,9.54,9.461520002297002
lithium_hydroxide,ELM,Single,2025-09-22,2025-09-23,9.54,9.54,9.43069354704754
lithium_hydroxide,ELM,Single,2025-09-23,2025-09-24,9.54,9.54,9.425032548445099
lithium_hydroxide,ELM,Single,2025-09-24,2025-09-25,9.54,9.54,9.400861750270138
lithium_hydroxide,ELM,Single,2025-09-25,2025-09-26,9.54,9.53,9.388092208468647
lithium_hydroxide,ELM,Single,2025-09-26,2025-09-29,9.53,9.53,9.40627399546294
lithium_hydroxide,ELM,Single,2025-09-29,2025-09-30,9.53,9.53,9.313891352841296
lithium_hydroxide,ELM,Single,2025-09-30,2025-10-01,9.53,9.6,9.24512539822664
lithium_hydroxide,ELM,Single,2025-10-01,2025-10-02,9.6,9.59,9.365086792995204
lithium_hydroxide,ELM,Single,2025-10-02,2025-10-03,9.59,9.6,9.289315263224395
lithium_hydroxide,ELM,Single,2025-10-03,2025-10-06,9.6,9.55,9.314813310405153
lithium_hydroxide,ELM,Single,2025-10-06,2025-10-07,9.55,9.6,9.220884719516807
lithium_hydroxide,ELM,Single,2025-10-07,2025-10-08,9.6,9.6,9.348286792399989
lithium_hydroxide,ELM,Single,2025-10-08,2025-10-09,9.6,9.6,9.306471280278434
lithium_hydroxide,ELM,Single,2025-10-09,2025-10-10,9.6,9.55,9.238249114251218
lithium_hydroxide,ELM,Single,2025-10-10,2025-10-13,9.55,9.6,9.149785514263655
lithium_hydroxide,ELM,Single,2025-10-13,2025-10-14,9.6,9.6,9.414367296121316
lithium_hydroxide,ELM,Single,2025-10-14,2025-10-15,9.6,9.6,9.31887987191683
lithium_hydroxide,ELM,Single,2025-10-15,2025-10-16,9.6,9.6,9.279914766608755
lithium_hydroxide,ELM,Single,2025-10-16,2025-10-17,9.6,9.6,9.278460032917513
lithium_hydroxide,ELM,Single,2025-10-17,2025-10-20,9.6,9.75,9.318680812758263
lithium_hydroxide,ELM,Single,2025-10-20,2025-10-21,9.75,9.6,9.540883859416482
lithium_hydroxide,ELM,Single,2025-10-21,2025-10-22,9.6,9.6,9.12454447496309
lithium_hydroxide,ELM,Single,2025-10-22,2025-10-23,9.6,9.6,9.261359985836748
lithium_hydroxide,ELM,Single,2025-10-23,2025-10-24,9.6,9.6,9.143943334329535
lithium_hydroxide,ELM,Single,2025-10-24,2025-10-27,9.6,9.6,9.095334091120433
lithium_hydroxide,ELM,Single,2025-10-27,2025-10-28,9.6,9.61,8.983661502858956
lithium_hydroxide,ELM,Single,2025-10-28,2025-10-29,9.61,9.63,8.866275714070907
lithium_hydroxide,ELM,Single,2025-10-29,2025-10-30,9.63,9.63,8.813958325186714
lithium_hydroxide,ELM,Single,2025-10-30,2025-10-31,9.63,9.63,8.849784179815824
lithium_hydroxide,ELM,Single,2025-10-31,2025-11-03,9.63,9.8,8.668164573901018
lithium_hydroxide,ELM,Single,2025-11-03,2025-11-04,9.8,9.93,8.98550102563086
lithium_hydroxide,ELM,Single,2025-11-04,2025-11-05,9.93,9.8,9.079419465553103
lithium_hydroxide,ELM,Single,2025-11-05,2025-11-06,9.8,9.9,8.704637169881618
lithium_hydroxide,ELM,Single,2025-11-06,2025-11-07,9.9,9.97,9.10956570708465
lithium_hydroxide,ELM,Single,2025-11-07,2025-11-10,9.97,9.97,9.150520038292296
lithium_hydroxide,ELM,Single,2025-11-10,2025-11-11,9.97,9.97,9.0167996133329
lithium_hydroxide,ELM,Single,2025-11-11,2025-11-12,9.97,9.97,8.85346482885135
lithium_hydroxide,ELM,Single,2025-11-12,2025-11-13,9.97,10.06,8.767149173049496
lithium_hydroxide,ELM,Single,2025-11-13,2025-11-14,10.06,10.06,9.034599482319587
lithium_hydroxide,ELM,Single,2025-11-14,2025-11-17,10.06,10.21,8.704165178325432
lithium_hydroxide,ELM,Single,2025-11-17,2025-11-18,10.21,10.21,9.238742997540257
lithium_hydroxide,ELM,Single,2025-11-18,2025-11-19,10.21,10.13,8.677657395230915
lithium_hydroxide,ELM,Single,2025-11-19,2025-11-20,10.13,10.16,8.465908191091694
lithium_hydroxide,ELM,Single,2025-11-20,2025-11-21,10.16,10.19,8.34788529886212
lithium_hydroxide,ELM,Single,2025-11-21,2025-11-24,10.19,10.19,8.471162918731451
lithium_hydroxide,ELM,Single,2025-11-24,2025-11-25,10.19,10.19,8.966824319803896
lithium_hydroxide,ELM,Single,2025-11-25,2025-11-26,10.19,10.18,8.721491524119047
lithium_hydroxide,ELM,Single,2025-11-26,2025-11-28,10.18,10.19,8.6392150409675
lithium_hydroxide,ELM,Single,2025-11-28,2025-12-01,10.19,10.95,8.477522771680785
lithium_hydroxide,ELM,Single,2025-12-01,2025-12-02,10.95,10.4,9.736911469841813
lithium_hydroxide,ELM,Single,2025-12-02,2025-12-03,10.4,10.26,8.242725590479518
lithium_hydroxide,ELM,Single,2025-12-03,2025-12-04,10.26,10.31,8.649507050098896
lithium_hydroxide,ELM,Single,2025-12-04,2025-12-05,10.31,10.31,8.857984517221183
lithium_hydroxide,ELM,Single,2025-12-05,2025-12-08,10.31,10.31,8.865041125921902
lithium_hydroxide,ELM,Single,2025-12-08,2025-12-09,10.31,10.31,8.575056684035008
lithium_hydroxide,ELM,Single,2025-12-09,2025-12-10,10.31,10.3,8.60982838773553
lithium_hydroxide,ELM,Single,2025-12-10,2025-12-11,10.3,10.31,8.528717747982357
lithium_hydroxide,ELM,Single,2025-12-11,2025-12-12,10.31,10.4,8.530576862180439
lithium_hydroxide,ELM,Single,2025-12-12,2025-12-15,10.4,10.37,8.765768756049301
lithium_hydroxide,ELM,Single,2025-12-15,2025-12-16,10.37,10.37,8.722247188014858
lithium_hydroxide,ELM,Single,2025-12-16,2025-12-17,10.37,10.42,8.732059169535594
lithium_hydroxide,ELM,Single,2025-12-17,2025-12-18,10.42,10.61,8.441326259721977
lithium_hydroxide,ELM,Single,2025-12-18,2025-12-19,10.61,10.83,8.729659646898043
lithium_hydroxide,ELM,Single,2025-12-19,2025-12-22,10.83,10.83,8.801504111495152
lithium_hydroxide,ELM,Single,2025-12-22,2025-12-23,10.83,11.21,8.425336898103813
lithium_hydroxide,ELM,Single,2025-12-23,2025-12-24,11.21,11.21,9.08400773752748
lithium_hydroxide,ELM,Single,2025-12-24,2025-12-26,11.21,11.21,8.518797693335323
lithium_hydroxide,ELM,Single,2025-12-26,2025-12-29,11.21,11.24,7.8226420240786005
lithium_hydroxide,ELM,Single,2025-12-29,2025-12-30,11.24,11.22,7.7076197786673735
lithium_hydroxide,ELM,Single,2025-12-30,2025-12-31,11.22,11.22,7.7799696116543995
lithium_hydroxide,ELM,Single,2025-12-31,2026-01-02,11.22,15.47,7.962565632964429
lithium_hydroxide,ELM,Single,2026-01-02,2026-01-05,15.47,15.23,16.026550601976812
lithium_hydroxide,ELM,Single,2026-01-05,2026-01-06,15.23,16.51,11.786151391641258
lithium_hydroxide,ELM,Single,2026-01-06,2026-01-07,16.51,16.8,14.196426124826408
lithium_hydroxide,ELM,Single,2026-01-07,2026-01-08,16.8,17.21,13.140632336246044
lithium_hydroxide,ELM,Single,2026-01-08,2026-01-09,17.21,17.97,13.34462916387562
lithium_hydroxide,ELM,Single,2026-01-09,2026-01-12,17.97,16.63,14.73231408942008
lithium_hydroxide,ELM,Single,2026-01-12,2026-01-13,16.63,17.96,9.744025899412552
lithium_hydroxide,ELM,Single,2026-01-13,2026-01-14,17.96,18.58,13.239550435371028
lithium_hydroxide,ELM,Single,2026-01-14,2026-01-15,18.58,18.44,13.145704666564962
lithium_hydroxide,ELM,Single,2026-01-15,2026-01-16,18.44,17.92,12.987928998496864
lithium_hydroxide,ELM,Single,2026-01-16,2026-01-20,17.92,17.77,11.730543559922813
lithium_hydroxide,ELM,Single,2026-01-20,2026-01-21,17.77,18.06,12.325593516434289
lithium_hydroxide,ELM,Single,2026-01-21,2026-01-22,18.06,18.39,12.587565755515648
lithium_hydroxide,ELM,Single,2026-01-22,2026-01-23,18.39,18.39,12.4866764870226
lithium_hydroxide,ELM,Single,2026-01-23,2026-01-26,18.39,18.27,11.928541239691135
lithium_hydroxide,ELM,Single,2026-01-26,2026-01-27,18.27,18.27,10.676942716417223
lithium_hydroxide,ELM,Single,2026-01-27,2026-01-28,18.27,18.2,11.48274348887831
lithium_hydroxide,ELM,Single,2026-01-28,2026-01-29,18.2,18.2,11.568320227978074
lithium_hydroxide,ELM,Single,2026-01-29,2026-01-30,18.2,18.18,11.947151281761702
lithium_hydroxide,ELM,Single,2026-01-30,2026-02-02,18.18,17.5,12.261652615493999
lithium_hydroxide,ELM,Single,2026-02-02,2026-02-03,17.5,17.5,11.323116996768643
lithium_hydroxide,ELM,Single,2026-02-03,2026-02-04,17.5,17.5,11.890439198510595
lithium_hydroxide,ELM,Single,2026-02-04,2026-02-05,17.5,17.0,11.945744175670324
lithium_hydroxide,ELM,Single,2026-02-05,2026-02-06,17.0,16.85,12.022889413725785
lithium_hydroxide,ELM,Single,2026-02-06,2026-02-09,16.85,16.65,12.803504938129404
lithium_hydroxide,ELM,Single,2026-02-09,2026-02-10,16.65,16.62,12.311072498671491
lithium_hydroxide,ELM,Single,2026-02-10,2026-02-11,16.62,16.81,12.32679092270454
lithium_hydroxide,ELM,Single,2026-02-11,2026-02-12,16.81,16.81,12.581903660125473
lithium_hydroxide,ELM,Single,2026-02-12,2026-02-13,16.81,16.81,11.939777699688435
lithium_hydroxide,ELM,Single,2026-02-13,2026-02-17,16.81,16.81,11.806950755399805
lithium_hydroxide,ELM,Single,2026-02-17,2026-02-18,16.81,16.91,11.806950755399805
lithium_hydroxide,ELM,Single,2026-02-18,2026-02-19,16.91,16.91,12.039265553789274
lithium_hydroxide,ELM,Single,2026-02-19,2026-02-20,16.91,16.91,11.965497995624087
lithium_hydroxide,ELM,Single,2026-02-20,2026-02-23,16.91,16.91,11.965497995624087
lithium_hydroxide,ELM,Single,2026-02-23,2026-02-24,16.91,17.11,11.965497995624087
lithium_hydroxide,ELM,Single,2026-02-24,2026-02-25,17.11,17.34,11.722649579184981
lithium_hydroxide,ELM,Single,2026-02-25,2026-02-26,17.34,17.4,11.249162248568894
lithium_hydroxide,ELM,Single,2026-02-26,2026-03-02,17.4,20.98,10.393653195732881
lithium_hydroxide,ELM,Single,2026-03-02,2026-03-03,20.98,19.77,19.297818735726793
lithium_hydroxide,ELM,Single,2026-03-03,2026-03-04,19.77,19.77,14.2814761282479
lithium_hydroxide,ELM,Single,2026-03-04,2026-03-05,19.77,19.98,15.919989987172244
lithium_hydroxide,ELM,Single,2026-03-05,2026-03-06,19.98,20.19,16.227569014961613
lithium_hydroxide,ELM,Single,2026-03-06,2026-03-09,20.19,20.19,16.718179212137404
lithium_hydroxide,ELM,Single,2026-03-09,2026-03-10,20.19,20.19,16.696573898383583
lithium_hydroxide,ELM,Single,2026-03-10,2026-03-11,20.19,19.85,16.289125798809412
lithium_hydroxide,ELM,Single,2026-03-11,2026-03-12,19.85,19.85,15.402755737667439
lithium_hydroxide,LSTM,Single,2025-08-18,2025-08-19,8.4,8.35,12.699847221374512
lithium_hydroxide,LSTM,Single,2025-08-19,2025-08-20,8.35,8.44,11.461570739746094
lithium_hydroxide,LSTM,Single,2025-08-20,2025-08-21,8.44,8.44,10.638903617858887
lithium_hydroxide,LSTM,Single,2025-08-21,2025-08-22,8.44,8.5,10.105242729187012
lithium_hydroxide,LSTM,Single,2025-08-22,2025-08-25,8.5,8.48,9.749101638793945
lithium_hydroxide,LSTM,Single,2025-08-25,2025-08-26,8.48,8.48,9.506847381591797
lithium_hydroxide,LSTM,Single,2025-08-26,2025-08-27,8.48,8.51,9.332886695861816
lithium_hydroxide,LSTM,Single,2025-08-27,2025-08-28,8.51,8.51,9.218938827514648
lithium_hydroxide,LSTM,Single,2025-08-28,2025-08-29,8.51,8.52,9.119348526000977
lithium_hydroxide,LSTM,Single,2025-08-29,2025-09-02,8.52,9.4,9.045711517333984
lithium_hydroxide,LSTM,Single,2025-09-02,2025-09-03,9.4,9.38,9.050525665283203
lithium_hydroxide,LSTM,Single,2025-09-03,2025-09-04,9.38,9.48,9.130929946899414
lithium_hydroxide,LSTM,Single,2025-09-04,2025-09-05,9.48,9.48,9.187519073486328
lithium_hydroxide,LSTM,Single,2025-09-05,2025-09-08,9.48,9.48,9.254491806030273
lithium_hydroxide,LSTM,Single,2025-09-08,2025-09-09,9.48,9.48,9.35493278503418
lithium_hydroxide,LSTM,Single,2025-09-09,2025-09-10,9.48,9.48,9.446310997009277
lithium_hydroxide,LSTM,Single,2025-09-10,2025-09-11,9.48,9.48,9.465706825256348
lithium_hydroxide,LSTM,Single,2025-09-11,2025-09-12,9.48,9.48,9.453664779663086
lithium_hydroxide,LSTM,Single,2025-09-12,2025-09-15,9.48,9.48,9.429755210876465
lithium_hydroxide,LSTM,Single,2025-09-15,2025-09-16,9.48,9.48,9.431051254272461
lithium_hydroxide,LSTM,Single,2025-09-16,2025-09-17,9.48,9.48,9.44411563873291
lithium_hydroxide,LSTM,Single,2025-09-17,2025-09-18,9.48,9.48,9.473875999450684
lithium_hydroxide,LSTM,Single,2025-09-18,2025-09-19,9.48,9.54,9.479188919067383
lithium_hydroxide,LSTM,Single,2025-09-19,2025-09-22,9.54,9.54,9.541337966918945
lithium_hydroxide,LSTM,Single,2025-09-22,2025-09-23,9.54,9.54,9.621435165405273
lithium_hydroxide,LSTM,Single,2025-09-23,2025-09-24,9.54,9.54,9.67920207977295
lithium_hydroxide,LSTM,Single,2025-09-24,2025-09-25,9.54,9.54,9.746636390686035
lithium_hydroxide,LSTM,Single,2025-09-25,2025-09-26,9.54,9.53,9.81252384185791
lithium_hydroxide,LSTM,Single,2025-09-26,2025-09-29,9.53,9.53,9.823795318603516
lithium_hydroxide,LSTM,Single,2025-09-29,2025-09-30,9.53,9.53,9.903194427490234
lithium_hydroxide,LSTM,Single,2025-09-30,2025-10-01,9.53,9.6,10.041068077087402
lithium_hydroxide,LSTM,Single,2025-10-01,2025-10-02,9.6,9.59,10.157565116882324
lithium_hydroxide,LSTM,Single,2025-10-02,2025-10-03,9.59,9.6,10.237541198730469
lithium_hydroxide,LSTM,Single,2025-10-03,2025-10-06,9.6,9.55,10.281947135925293
lithium_hydroxide,LSTM,Single,2025-10-06,2025-10-07,9.55,9.6,10.299731254577637
lithium_hydroxide,LSTM,Single,2025-10-07,2025-10-08,9.6,9.6,10.303305625915527
lithium_hydroxide,LSTM,Single,2025-10-08,2025-10-09,9.6,9.6,10.307658195495605
lithium_hydroxide,LSTM,Single,2025-10-09,2025-10-10,9.6,9.55,10.470096588134766
lithium_hydroxide,LSTM,Single,2025-10-10,2025-10-13,9.55,9.6,10.543992042541504
lithium_hydroxide,LSTM,Single,2025-10-13,2025-10-14,9.6,9.6,10.725988388061523
lithium_hydroxide,LSTM,Single,2025-10-14,2025-10-15,9.6,9.6,10.869233131408691
lithium_hydroxide,LSTM,Single,2025-10-15,2025-10-16,9.6,9.6,10.884317398071289
lithium_hydroxide,LSTM,Single,2025-10-16,2025-10-17,9.6,9.6,10.825504302978516
lithium_hydroxide,LSTM,Single,2025-10-17,2025-10-20,9.6,9.75,10.64699935913086
lithium_hydroxide,LSTM,Single,2025-10-20,2025-10-21,9.75,9.6,10.504417419433594
lithium_hydroxide,LSTM,Single,2025-10-21,2025-10-22,9.6,9.6,10.440237998962402
lithium_hydroxide,LSTM,Single,2025-10-22,2025-10-23,9.6,9.6,10.372305870056152
lithium_hydroxide,LSTM,Single,2025-10-23,2025-10-24,9.6,9.6,10.42746639251709
lithium_hydroxide,LSTM,Single,2025-10-24,2025-10-27,9.6,9.6,10.512956619262695
lithium_hydroxide,LSTM,Single,2025-10-27,2025-10-28,9.6,9.61,10.628739356994629
lithium_hydroxide,LSTM,Single,2025-10-28,2025-10-29,9.61,9.63,10.721599578857422
lithium_hydroxide,LSTM,Single,2025-10-29,2025-10-30,9.63,9.63,10.90705680847168
lithium_hydroxide,LSTM,Single,2025-10-30,2025-10-31,9.63,9.63,11.190256118774414
lithium_hydroxide,LSTM,Single,2025-10-31,2025-11-03,9.63,9.8,11.327202796936035
lithium_hydroxide,LSTM,Single,2025-11-03,2025-11-04,9.8,9.93,11.383923530578613
lithium_hydroxide,LSTM,Single,2025-11-04,2025-11-05,9.93,9.8,11.369287490844727
lithium_hydroxide,LSTM,Single,2025-11-05,2025-11-06,9.8,9.9,11.34959602355957
lithium_hydroxide,LSTM,Single,2025-11-06,2025-11-07,9.9,9.97,11.429855346679688
lithium_hydroxide,LSTM,Single,2025-11-07,2025-11-10,9.97,9.97,11.540210723876953
lithium_hydroxide,LSTM,Single,2025-11-10,2025-11-11,9.97,9.97,11.615583419799805
lithium_hydroxide,LSTM,Single,2025-11-11,2025-11-12,9.97,9.97,11.626001358032227
lithium_hydroxide,LSTM,Single,2025-11-12,2025-11-13,9.97,10.06,11.632217407226562
lithium_hydroxide,LSTM,Single,2025-11-13,2025-11-14,10.06,10.06,11.803361892700195
lithium_hydroxide,LSTM,Single,2025-11-14,2025-11-17,10.06,10.21,11.882916450500488
lithium_hydroxide,LSTM,Single,2025-11-17,2025-11-18,10.21,10.21,12.096222877502441
lithium_hydroxide,LSTM,Single,2025-11-18,2025-11-19,10.21,10.13,12.197591781616211
lithium_hydroxide,LSTM,Single,2025-11-19,2025-11-20,10.13,10.16,12.321619033813477
lithium_hydroxide,LSTM,Single,2025-11-20,2025-11-21,10.16,10.19,12.398508071899414
lithium_hydroxide,LSTM,Single,2025-11-21,2025-11-24,10.19,10.19,12.231035232543945
lithium_hydroxide,LSTM,Single,2025-11-24,2025-11-25,10.19,10.19,11.873451232910156
lithium_hydroxide,LSTM,Single,2025-11-25,2025-11-26,10.19,10.18,11.656630516052246
lithium_hydroxide,LSTM,Single,2025-11-26,2025-11-28,10.18,10.19,11.552766799926758
lithium_hydroxide,LSTM,Single,2025-11-28,2025-12-01,10.19,10.95,11.559544563293457
lithium_hydroxide,LSTM,Single,2025-12-01,2025-12-02,10.95,10.4,11.69013500213623
lithium_hydroxide,LSTM,Single,2025-12-02,2025-12-03,10.4,10.26,11.814349174499512
lithium_hydroxide,LSTM,Single,2025-12-03,2025-12-04,10.26,10.31,11.755751609802246
lithium_hydroxide,LSTM,Single,2025-12-04,2025-12-05,10.31,10.31,11.683223724365234
lithium_hydroxide,LSTM,Single,2025-12-05,2025-12-08,10.31,10.31,11.626480102539062
lithium_hydroxide,LSTM,Single,2025-12-08,2025-12-09,10.31,10.31,11.678566932678223
lithium_hydroxide,LSTM,Single,2025-12-09,2025-12-10,10.31,10.3,11.729957580566406
lithium_hydroxide,LSTM,Single,2025-12-10,2025-12-11,10.3,10.31,11.787399291992188
lithium_hydroxide,LSTM,Single,2025-12-11,2025-12-12,10.31,10.4,11.830412864685059
lithium_hydroxide,LSTM,Single,2025-12-12,2025-12-15,10.4,10.37,11.8274507522583
lithium_hydroxide,LSTM,Single,2025-12-15,2025-12-16,10.37,10.37,11.795777320861816
lithium_hydroxide,LSTM,Single,2025-12-16,2025-12-17,10.37,10.42,11.764153480529785
lithium_hydroxide,LSTM,Single,2025-12-17,2025-12-18,10.42,10.61,11.850796699523926
lithium_hydroxide,LSTM,Single,2025-12-18,2025-12-19,10.61,10.83,11.959673881530762
lithium_hydroxide,LSTM,Single,2025-12-19,2025-12-22,10.83,10.83,12.142653465270996
lithium_hydroxide,LSTM,Single,2025-12-22,2025-12-23,10.83,11.21,12.366032600402832
lithium_hydroxide,LSTM,Single,2025-12-23,2025-12-24,11.21,11.21,12.618295669555664
lithium_hydroxide,LSTM,Single,2025-12-24,2025-12-26,11.21,11.21,12.899447441101074
lithium_hydroxide,LSTM,Single,2025-12-26,2025-12-29,11.21,11.24,13.212183952331543
lithium_hydroxide,LSTM,Single,2025-12-29,2025-12-30,11.24,11.22,13.467484474182129
lithium_hydroxide,LSTM,Single,2025-12-30,2025-12-31,11.22,11.22,13.606363296508789
lithium_hydroxide,LSTM,Single,2025-12-31,2026-01-02,11.22,15.47,13.647679328918457
lithium_hydroxide,LSTM,Single,2026-01-02,2026-01-05,15.47,15.23,14.185867309570312
lithium_hydroxide,LSTM,Single,2026-01-05,2026-01-06,15.23,16.51,15.313470840454102
lithium_hydroxide,LSTM,Single,2026-01-06,2026-01-07,16.51,16.8,16.477136611938477
lithium_hydroxide,LSTM,Single,2026-01-07,2026-01-08,16.8,17.21,17.658042907714844
lithium_hydroxide,LSTM,Single,2026-01-08,2026-01-09,17.21,17.97,18.60810661315918
lithium_hydroxide,LSTM,Single,2026-01-09,2026-01-12,17.97,16.63,19.434967041015625
lithium_hydroxide,LSTM,Single,2026-01-12,2026-01-13,16.63,17.96,20.116134643554688
lithium_hydroxide,LSTM,Single,2026-01-13,2026-01-14,17.96,18.58,20.63334083557129
lithium_hydroxide,LSTM,Single,2026-01-14,2026-01-15,18.58,18.44,21.246721267700195
lithium_hydroxide,LSTM,Single,2026-01-15,2026-01-16,18.44,17.92,21.732078552246094
lithium_hydroxide,LSTM,Single,2026-01-16,2026-01-20,17.92,17.77,21.81167984008789
lithium_hydroxide,LSTM,Single,2026-01-20,2026-01-21,17.77,18.06,21.58671760559082
lithium_hydroxide,LSTM,Single,2026-01-21,2026-01-22,18.06,18.39,21.50930404663086
lithium_hydroxide,LSTM,Single,2026-01-22,2026-01-23,18.39,18.39,21.590782165527344
lithium_hydroxide,LSTM,Single,2026-01-23,2026-01-26,18.39,18.27,21.889236450195312
lithium_hydroxide,LSTM,Single,2026-01-26,2026-01-27,18.27,18.27,22.202667236328125
lithium_hydroxide,LSTM,Single,2026-01-27,2026-01-28,18.27,18.2,22.298009872436523
lithium_hydroxide,LSTM,Single,2026-01-28,2026-01-29,18.2,18.2,22.350170135498047
lithium_hydroxide,LSTM,Single,2026-01-29,2026-01-30,18.2,18.18,22.291772842407227
lithium_hydroxide,LSTM,Single,2026-01-30,2026-02-02,18.18,17.5,22.034582138061523
lithium_hydroxide,LSTM,Single,2026-02-02,2026-02-03,17.5,17.5,21.615280151367188
lithium_hydroxide,LSTM,Single,2026-02-03,2026-02-04,17.5,17.5,21.21327018737793
lithium_hydroxide,LSTM,Single,2026-02-04,2026-02-05,17.5,17.0,20.90040397644043
lithium_hydroxide,LSTM,Single,2026-02-05,2026-02-06,17.0,16.85,20.404701232910156
lithium_hydroxide,LSTM,Single,2026-02-06,2026-02-09,16.85,16.65,19.904605865478516
lithium_hydroxide,LSTM,Single,2026-02-09,2026-02-10,16.65,16.62,19.53508758544922
lithium_hydroxide,LSTM,Single,2026-02-10,2026-02-11,16.62,16.81,19.28261947631836
lithium_hydroxide,LSTM,Single,2026-02-11,2026-02-12,16.81,16.81,19.24968910217285
lithium_hydroxide,LSTM,Single,2026-02-12,2026-02-13,16.81,16.81,19.3719482421875
lithium_hydroxide,LSTM,Single,2026-02-13,2026-02-17,16.81,16.81,19.49730682373047
lithium_hydroxide,LSTM,Single,2026-02-17,2026-02-18,16.81,16.91,19.60190773010254
lithium_hydroxide,LSTM,Single,2026-02-18,2026-02-19,16.91,16.91,19.688156127929688
lithium_hydroxide,LSTM,Single,2026-02-19,2026-02-20,16.91,16.91,19.75906753540039
lithium_hydroxide,LSTM,Single,2026-02-20,2026-02-23,16.91,16.91,19.79970359802246
lithium_hydroxide,LSTM,Single,2026-02-23,2026-02-24,16.91,17.11,19.818763732910156
lithium_hydroxide,LSTM,Single,2026-02-24,2026-02-25,17.11,17.34,20.06209945678711
lithium_hydroxide,LSTM,Single,2026-02-25,2026-02-26,17.34,17.4,20.462684631347656
lithium_hydroxide,LSTM,Single,2026-02-26,2026-03-02,17.4,20.98,20.97529411315918
lithium_hydroxide,LSTM,Single,2026-03-02,2026-03-03,20.98,19.77,21.816621780395508
lithium_hydroxide,LSTM,Single,2026-03-03,2026-03-04,19.77,19.77,22.623071670532227
lithium_hydroxide,LSTM,Single,2026-03-04,2026-03-05,19.77,19.98,22.8284854888916
lithium_hydroxide,LSTM,Single,2026-03-05,2026-03-06,19.98,20.19,22.933639526367188
lithium_hydroxide,LSTM,Single,2026-03-06,2026-03-09,20.19,20.19,22.964946746826172
lithium_hydroxide,LSTM,Single,2026-03-09,2026-03-10,20.19,20.19,23.03704071044922
lithium_hydroxide,LSTM,Single,2026-03-10,2026-03-11,20.19,19.85,23.14813232421875
lithium_hydroxide,LSTM,Single,2026-03-11,2026-03-12,19.85,19.85,23.205982208251953
lithium_hydroxide,VMD-ARIMA,Decomposition,2025-08-18,2025-08-19,8.4,8.35,8.367275377208518
lithium_hydroxide,VMD-ARIMA,Decomposition,2025-08-19,2025-08-20,8.35,8.44,8.240018831145775
lithium_hydroxide,VMD-ARIMA,Decomposition,2025-08-20,2025-08-21,8.44,8.44,8.223608875373305
lithium_hydroxide,VMD-ARIMA,Decomposition,2025-08-21,2025-08-22,8.44,8.5,8.24124853037695
lithium_hydroxide,VMD-ARIMA,Decomposition,2025-08-22,2025-08-25,8.5,8.48,8.301087359292605
lithium_hydroxide,VMD-ARIMA,Decomposition,2025-08-25,2025-08-26,8.48,8.48,8.287778193104305
lithium_hydroxide,VMD-ARIMA,Decomposition,2025-08-26,2025-08-27,8.48,8.51,8.298281559193482
lithium_hydroxide,VMD-ARIMA,Decomposition,2025-08-27,2025-08-28,8.51,8.51,8.459889200043376
lithium_hydroxide,VMD-ARIMA,Decomposition,2025-08-28,2025-08-29,8.51,8.52,8.190495122054008
lithium_hydroxide,VMD-ARIMA,Decomposition,2025-08-29,2025-09-02,8.52,9.4,8.057558342958224
lithium_hydroxide,VMD-ARIMA,Decomposition,2025-09-02,2025-09-03,9.4,9.38,8.180723107233524
lithium_hydroxide,VMD-ARIMA,Decomposition,2025-09-03,2025-09-04,9.38,9.48,7.794713941070385
lithium_hydroxide,VMD-ARIMA,Decomposition,2025-09-04,2025-09-05,9.48,9.48,7.995996008545758
lithium_hydroxide,VMD-ARIMA,Decomposition,2025-09-05,2025-09-08,9.48,9.48,8.169200860084173
lithium_hydroxide,VMD-ARIMA,Decomposition,2025-09-08,2025-09-09,9.48,9.48,7.939168141990331
lithium_hydroxide,VMD-ARIMA,Decomposition,2025-09-09,2025-09-10,9.48,9.48,8.319183855052053
lithium_hydroxide,VMD-ARIMA,Decomposition,2025-09-10,2025-09-11,9.48,9.48,8.17453908267116
lithium_hydroxide,VMD-ARIMA,Decomposition,2025-09-11,2025-09-12,9.48,9.48,8.04457083952316
lithium_hydroxide,VMD-ARIMA,Decomposition,2025-09-12,2025-09-15,9.48,9.48,8.219752943188892
lithium_hydroxide,VMD-ARIMA,Decomposition,2025-09-15,2025-09-16,9.48,9.48,8.210174472052003
lithium_hydroxide,VMD-ARIMA,Decomposition,2025-09-16,2025-09-17,9.48,9.48,8.341400062180494
lithium_hydroxide,VMD-ARIMA,Decomposition,2025-09-17,2025-09-18,9.48,9.48,8.378957832920623
lithium_hydroxide,VMD-ARIMA,Decomposition,2025-09-18,2025-09-19,9.48,9.54,8.5378947744346
lithium_hydroxide,VMD-ARIMA,Decomposition,2025-09-19,2025-09-22,9.54,9.54,8.362999617048624
lithium_hydroxide,VMD-ARIMA,Decomposition,2025-09-22,2025-09-23,9.54,9.54,8.331200272515288
lithium_hydroxide,VMD-ARIMA,Decomposition,2025-09-23,2025-09-24,9.54,9.54,8.355559710046744
lithium_hydroxide,VMD-ARIMA,Decomposition,2025-09-24,2025-09-25,9.54,9.54,8.055710419760993
lithium_hydroxide,VMD-ARIMA,Decomposition,2025-09-25,2025-09-26,9.54,9.53,8.25302816853056
lithium_hydroxide,VMD-ARIMA,Decomposition,2025-09-26,2025-09-29,9.53,9.53,8.204515406226735
lithium_hydroxide,VMD-ARIMA,Decomposition,2025-09-29,2025-09-30,9.53,9.53,8.020234520560905
lithium_hydroxide,VMD-ARIMA,Decomposition,2025-09-30,2025-10-01,9.53,9.6,8.180218042290779
lithium_hydroxide,VMD-ARIMA,Decomposition,2025-10-01,2025-10-02,9.6,9.59,7.9532636596907205
lithium_hydroxide,VMD-ARIMA,Decomposition,2025-10-02,2025-10-03,9.59,9.6,7.854121068837019
lithium_hydroxide,VMD-ARIMA,Decomposition,2025-10-03,2025-10-06,9.6,9.55,7.946193419347181
lithium_hydroxide,VMD-ARIMA,Decomposition,2025-10-06,2025-10-07,9.55,9.6,7.840541668614728
lithium_hydroxide,VMD-ARIMA,Decomposition,2025-10-07,2025-10-08,9.6,9.6,7.94948956014292
lithium_hydroxide,VMD-ARIMA,Decomposition,2025-10-08,2025-10-09,9.6,9.6,7.9642111601422565
lithium_hydroxide,VMD-ARIMA,Decomposition,2025-10-09,2025-10-10,9.6,9.55,7.990684381322267
lithium_hydroxide,VMD-ARIMA,Decomposition,2025-10-10,2025-10-13,9.55,9.6,7.998136900786228
lithium_hydroxide,VMD-ARIMA,Decomposition,2025-10-13,2025-10-14,9.6,9.6,7.978469049992145
lithium_hydroxide,VMD-ARIMA,Decomposition,2025-10-14,2025-10-15,9.6,9.6,8.07745664479421
lithium_hydroxide,VMD-ARIMA,Decomposition,2025-10-15,2025-10-16,9.6,9.6,7.944419385077512
lithium_hydroxide,VMD-ARIMA,Decomposition,2025-10-16,2025-10-17,9.6,9.6,8.144757523932313
lithium_hydroxide,VMD-ARIMA,Decomposition,2025-10-17,2025-10-20,9.6,9.75,8.138543769470102
lithium_hydroxide,VMD-ARIMA,Decomposition,2025-10-20,2025-10-21,9.75,9.6,8.019016143996861
lithium_hydroxide,VMD-ARIMA,Decomposition,2025-10-21,2025-10-22,9.6,9.6,8.1853429397747
lithium_hydroxide,VMD-ARIMA,Decomposition,2025-10-22,2025-10-23,9.6,9.6,7.97125677609959
lithium_hydroxide,VMD-ARIMA,Decomposition,2025-10-23,2025-10-24,9.6,9.6,8.008106253662953
lithium_hydroxide,VMD-ARIMA,Decomposition,2025-10-24,2025-10-27,9.6,9.6,8.014143028075031
lithium_hydroxide,VMD-ARIMA,Decomposition,2025-10-27,2025-10-28,9.6,9.61,7.876546780091595
lithium_hydroxide,VMD-ARIMA,Decomposition,2025-10-28,2025-10-29,9.61,9.63,7.955860530675286
lithium_hydroxide,VMD-ARIMA,Decomposition,2025-10-29,2025-10-30,9.63,9.63,7.863162534929102
lithium_hydroxide,VMD-ARIMA,Decomposition,2025-10-30,2025-10-31,9.63,9.63,7.83545872278258
lithium_hydroxide,VMD-ARIMA,Decomposition,2025-10-31,2025-11-03,9.63,9.8,7.793385614733942
lithium_hydroxide,VMD-ARIMA,Decomposition,2025-11-03,2025-11-04,9.8,9.93,7.750658830721725
lithium_hydroxide,VMD-ARIMA,Decomposition,2025-11-04,2025-11-05,9.93,9.8,7.786188723408904
lithium_hydroxide,VMD-ARIMA,Decomposition,2025-11-05,2025-11-06,9.8,9.9,7.709058749764149
lithium_hydroxide,VMD-ARIMA,Decomposition,2025-11-06,2025-11-07,9.9,9.97,7.8029751612114335
lithium_hydroxide,VMD-ARIMA,Decomposition,2025-11-07,2025-11-10,9.97,9.97,7.801966225267488
lithium_hydroxide,VMD-ARIMA,Decomposition,2025-11-10,2025-11-11,9.97,9.97,7.7449933399251
lithium_hydroxide,VMD-ARIMA,Decomposition,2025-11-11,2025-11-12,9.97,9.97,7.880301638371829
lithium_hydroxide,VMD-ARIMA,Decomposition,2025-11-12,2025-11-13,9.97,10.06,7.775942204208413
lithium_hydroxide,VMD-ARIMA,Decomposition,2025-11-13,2025-11-14,10.06,10.06,7.861925293960447
lithium_hydroxide,VMD-ARIMA,Decomposition,2025-11-14,2025-11-17,10.06,10.21,7.925799450844298
lithium_hydroxide,VMD-ARIMA,Decomposition,2025-11-17,2025-11-18,10.21,10.21,7.824186901069409
lithium_hydroxide,VMD-ARIMA,Decomposition,2025-11-18,2025-11-19,10.21,10.13,7.967878046381668
lithium_hydroxide,VMD-ARIMA,Decomposition,2025-11-19,2025-11-20,10.13,10.16,7.8871182046527535
lithium_hydroxide,VMD-ARIMA,Decomposition,2025-11-20,2025-11-21,10.16,10.19,7.901602391805721
lithium_hydroxide,VMD-ARIMA,Decomposition,2025-11-21,2025-11-24,10.19,10.19,7.902883802633109
lithium_hydroxide,VMD-ARIMA,Decomposition,2025-11-24,2025-11-25,10.19,10.19,7.834673832060746
lithium_hydroxide,VMD-ARIMA,Decomposition,2025-11-25,2025-11-26,10.19,10.18,7.903068310092207
lithium_hydroxide,VMD-ARIMA,Decomposition,2025-11-26,2025-11-28,10.18,10.19,7.79991192063943
lithium_hydroxide,VMD-ARIMA,Decomposition,2025-11-28,2025-12-01,10.19,10.95,7.843824088706796
lithium_hydroxide,VMD-ARIMA,Decomposition,2025-12-01,2025-12-02,10.95,10.4,7.7959224500276605
lithium_hydroxide,VMD-ARIMA,Decomposition,2025-12-02,2025-12-03,10.4,10.26,7.743976453046955
lithium_hydroxide,VMD-ARIMA,Decomposition,2025-12-03,2025-12-04,10.26,10.31,7.813371787235505
lithium_hydroxide,VMD-ARIMA,Decomposition,2025-12-04,2025-12-05,10.31,10.31,7.701267890951045
lithium_hydroxide,VMD-ARIMA,Decomposition,2025-12-05,2025-12-08,10.31,10.31,7.769426840323523
lithium_hydroxide,VMD-ARIMA,Decomposition,2025-12-08,2025-12-09,10.31,10.31,7.784486486905339
lithium_hydroxide,VMD-ARIMA,Decomposition,2025-12-09,2025-12-10,10.31,10.3,7.72472679028492
lithium_hydroxide,VMD-ARIMA,Decomposition,2025-12-10,2025-12-11,10.3,10.31,7.828516489261008
lithium_hydroxide,VMD-ARIMA,Decomposition,2025-12-11,2025-12-12,10.31,10.4,7.779117608083753
lithium_hydroxide,VMD-ARIMA,Decomposition,2025-12-12,2025-12-15,10.4,10.37,7.818733016188968
lithium_hydroxide,VMD-ARIMA,Decomposition,2025-12-15,2025-12-16,10.37,10.37,7.866489333754835
lithium_hydroxide,VMD-ARIMA,Decomposition,2025-12-16,2025-12-17,10.37,10.42,7.8263480480087155
lithium_hydroxide,VMD-ARIMA,Decomposition,2025-12-17,2025-12-18,10.42,10.61,7.925448396367827
lithium_hydroxide,VMD-ARIMA,Decomposition,2025-12-18,2025-12-19,10.61,10.83,7.88370907481639
lithium_hydroxide,VMD-ARIMA,Decomposition,2025-12-19,2025-12-22,10.83,10.83,7.921905058922747
lithium_hydroxide,VMD-ARIMA,Decomposition,2025-12-22,2025-12-23,10.83,11.21,7.9330390257815155
lithium_hydroxide,VMD-ARIMA,Decomposition,2025-12-23,2025-12-24,11.21,11.21,7.8896897370874655
lithium_hydroxide,VMD-ARIMA,Decomposition,2025-12-24,2025-12-26,11.21,11.21,7.973977463238428
lithium_hydroxide,VMD-ARIMA,Decomposition,2025-12-26,2025-12-29,11.21,11.24,7.876126284503267
lithium_hydroxide,VMD-ARIMA,Decomposition,2025-12-29,2025-12-30,11.24,11.22,7.925807533082151
lithium_hydroxide,VMD-ARIMA,Decomposition,2025-12-30,2025-12-31,11.22,11.22,7.924180672303876
lithium_hydroxide,VMD-ARIMA,Decomposition,2025-12-31,2026-01-02,11.22,15.47,7.856898556747698
lithium_hydroxide,VMD-ARIMA,Decomposition,2026-01-02,2026-01-05,15.47,15.23,7.932125806199913
lithium_hydroxide,VMD-ARIMA,Decomposition,2026-01-05,2026-01-06,15.23,16.51,7.841789834114746
lithium_hydroxide,VMD-ARIMA,Decomposition,2026-01-06,2026-01-07,16.51,16.8,7.8833093563107886
lithium_hydroxide,VMD-ARIMA,Decomposition,2026-01-07,2026-01-08,16.8,17.21,7.894376275228144
lithium_hydroxide,VMD-ARIMA,Decomposition,2026-01-08,2026-01-09,17.21,17.97,7.848021780720846
lithium_hydroxide,VMD-ARIMA,Decomposition,2026-01-09,2026-01-12,17.97,16.63,7.919841580999475
lithium_hydroxide,VMD-ARIMA,Decomposition,2026-01-12,2026-01-13,16.63,17.96,7.879490537118263
lithium_hydroxide,VMD-ARIMA,Decomposition,2026-01-13,2026-01-14,17.96,18.58,7.922591854556155
lithium_hydroxide,VMD-ARIMA,Decomposition,2026-01-14,2026-01-15,18.58,18.44,7.939237849084406
lithium_hydroxide,VMD-ARIMA,Decomposition,2026-01-15,2026-01-16,18.44,17.92,7.922495547192538
lithium_hydroxide,VMD-ARIMA,Decomposition,2026-01-16,2026-01-20,17.92,17.77,8.002218499533246
lithium_hydroxide,VMD-ARIMA,Decomposition,2026-01-20,2026-01-21,17.77,18.06,7.962075585797544
lithium_hydroxide,VMD-ARIMA,Decomposition,2026-01-21,2026-01-22,18.06,18.39,8.009600339715195
lithium_hydroxide,VMD-ARIMA,Decomposition,2026-01-22,2026-01-23,18.39,18.39,8.033674327018078
lithium_hydroxide,VMD-ARIMA,Decomposition,2026-01-23,2026-01-26,18.39,18.27,7.9977423711315705
lithium_hydroxide,VMD-ARIMA,Decomposition,2026-01-26,2026-01-27,18.27,18.27,8.07538789817746
lithium_hydroxide,VMD-ARIMA,Decomposition,2026-01-27,2026-01-28,18.27,18.2,8.011663436731332
lithium_hydroxide,VMD-ARIMA,Decomposition,2026-01-28,2026-01-29,18.2,18.2,8.045885889062404
lithium_hydroxide,VMD-ARIMA,Decomposition,2026-01-29,2026-01-30,18.2,18.18,8.065930409718202
lithium_hydroxide,VMD-ARIMA,Decomposition,2026-01-30,2026-02-02,18.18,17.5,8.007014003183608
lithium_hydroxide,VMD-ARIMA,Decomposition,2026-02-02,2026-02-03,17.5,17.5,8.069135810636855
lithium_hydroxide,VMD-ARIMA,Decomposition,2026-02-03,2026-02-04,17.5,17.5,8.007302012618842
lithium_hydroxide,VMD-ARIMA,Decomposition,2026-02-04,2026-02-05,17.5,17.0,8.036679932926475
lithium_hydroxide,VMD-ARIMA,Decomposition,2026-02-05,2026-02-06,17.0,16.85,8.038400835896073
lithium_hydroxide,VMD-ARIMA,Decomposition,2026-02-06,2026-02-09,16.85,16.65,7.996158011062917
lithium_hydroxide,VMD-ARIMA,Decomposition,2026-02-09,2026-02-10,16.65,16.62,8.057843032780788
lithium_hydroxide,VMD-ARIMA,Decomposition,2026-02-10,2026-02-11,16.62,16.81,8.008470284913123
lithium_hydroxide,VMD-ARIMA,Decomposition,2026-02-11,2026-02-12,16.81,16.81,8.049264763666256
lithium_hydroxide,VMD-ARIMA,Decomposition,2026-02-12,2026-02-13,16.81,16.81,8.054483172760124
lithium_hydroxide,VMD-ARIMA,Decomposition,2026-02-13,2026-02-17,16.81,16.81,8.033484884781243
lithium_hydroxide,VMD-ARIMA,Decomposition,2026-02-17,2026-02-18,16.81,16.91,8.10268992775266
lithium_hydroxide,VMD-ARIMA,Decomposition,2026-02-18,2026-02-19,16.91,16.91,8.061236431075768
lithium_hydroxide,VMD-ARIMA,Decomposition,2026-02-19,2026-02-20,16.91,16.91,8.101851916516123
lithium_hydroxide,VMD-ARIMA,Decomposition,2026-02-20,2026-02-23,16.91,16.91,8.125011215685415
lithium_hydroxide,VMD-ARIMA,Decomposition,2026-02-23,2026-02-24,16.91,17.11,8.09841376648224
lithium_hydroxide,VMD-ARIMA,Decomposition,2026-02-24,2026-02-25,17.11,17.34,8.158878160773806
lithium_hydroxide,VMD-ARIMA,Decomposition,2026-02-25,2026-02-26,17.34,17.4,8.120654057310693
lithium_hydroxide,VMD-ARIMA,Decomposition,2026-02-26,2026-03-02,17.4,20.98,8.147993688350851
lithium_hydroxide,VMD-ARIMA,Decomposition,2026-03-02,2026-03-03,20.98,19.77,8.164874737460194
lithium_hydroxide,VMD-ARIMA,Decomposition,2026-03-03,2026-03-04,19.77,19.77,8.123984250638667
lithium_hydroxide,VMD-ARIMA,Decomposition,2026-03-04,2026-03-05,19.77,19.98,8.174668544865632
lithium_hydroxide,VMD-ARIMA,Decomposition,2026-03-05,2026-03-06,19.98,20.19,8.129793354473186
lithium_hydroxide,VMD-ARIMA,Decomposition,2026-03-06,2026-03-09,20.19,20.19,8.151264675854476
lithium_hydroxide,VMD-ARIMA,Decomposition,2026-03-09,2026-03-10,20.19,20.19,8.15265433346354
lithium_hydroxide,VMD-ARIMA,Decomposition,2026-03-10,2026-03-11,20.19,19.85,8.112367146146
lithium_hydroxide,VMD-ARIMA,Decomposition,2026-03-11,2026-03-12,19.85,19.85,8.167081204818466
lithium_hydroxide,VMD-LSTM,Decomposition,2025-08-18,2025-08-19,8.4,8.35,12.666945457458496
lithium_hydroxide,VMD-LSTM,Decomposition,2025-08-19,2025-08-20,8.35,8.44,11.130474090576172
lithium_hydroxide,VMD-LSTM,Decomposition,2025-08-20,2025-08-21,8.44,8.44,10.053572654724121
lithium_hydroxide,VMD-LSTM,Decomposition,2025-08-21,2025-08-22,8.44,8.5,9.345654487609863
lithium_hydroxide,VMD-LSTM,Decomposition,2025-08-22,2025-08-25,8.5,8.48,8.901368141174316
lithium_hydroxide,VMD-LSTM,Decomposition,2025-08-25,2025-08-26,8.48,8.48,8.638762474060059
lithium_hydroxide,VMD-LSTM,Decomposition,2025-08-26,2025-08-27,8.48,8.51,8.48489761352539
lithium_hydroxide,VMD-LSTM,Decomposition,2025-08-27,2025-08-28,8.51,8.51,8.39033317565918
lithium_hydroxide,VMD-LSTM,Decomposition,2025-08-28,2025-08-29,8.51,8.52,8.331437110900879
lithium_hydroxide,VMD-LSTM,Decomposition,2025-08-29,2025-09-02,8.52,9.4,8.2965669631958
lithium_hydroxide,VMD-LSTM,Decomposition,2025-09-02,2025-09-03,9.4,9.38,8.278281211853027
lithium_hydroxide,VMD-LSTM,Decomposition,2025-09-03,2025-09-04,9.38,9.48,8.272553443908691
lithium_hydroxide,VMD-LSTM,Decomposition,2025-09-04,2025-09-05,9.48,9.48,8.274271011352539
lithium_hydroxide,VMD-LSTM,Decomposition,2025-09-05,2025-09-08,9.48,9.48,8.277578353881836
lithium_hydroxide,VMD-LSTM,Decomposition,2025-09-08,2025-09-09,9.48,9.48,8.280228614807129
lithium_hydroxide,VMD-LSTM,Decomposition,2025-09-09,2025-09-10,9.48,9.48,8.282958984375
lithium_hydroxide,VMD-LSTM,Decomposition,2025-09-10,2025-09-11,9.48,9.48,8.28626537322998
lithium_hydroxide,VMD-LSTM,Decomposition,2025-09-11,2025-09-12,9.48,9.48,8.28998851776123
lithium_hydroxide,VMD-LSTM,Decomposition,2025-09-12,2025-09-15,9.48,9.48,8.293500900268555
lithium_hydroxide,VMD-LSTM,Decomposition,2025-09-15,2025-09-16,9.48,9.48,8.295845031738281
lithium_hydroxide,VMD-LSTM,Decomposition,2025-09-16,2025-09-17,9.48,9.48,8.296753883361816
lithium_hydroxide,VMD-LSTM,Decomposition,2025-09-17,2025-09-18,9.48,9.48,8.29694938659668
lithium_hydroxide,VMD-LSTM,Decomposition,2025-09-18,2025-09-19,9.48,9.54,8.297096252441406
lithium_hydroxide,VMD-LSTM,Decomposition,2025-09-19,2025-09-22,9.54,9.54,8.297216415405273
lithium_hydroxide,VMD-LSTM,Decomposition,2025-09-22,2025-09-23,9.54,9.54,8.29709243774414
lithium_hydroxide,VMD-LSTM,Decomposition,2025-09-23,2025-09-24,9.54,9.54,8.296591758728027
lithium_hydroxide,VMD-LSTM,Decomposition,2025-09-24,2025-09-25,9.54,9.54,8.295795440673828
lithium_hydroxide,VMD-LSTM,Decomposition,2025-09-25,2025-09-26,9.54,9.53,8.295010566711426
lithium_hydroxide,VMD-LSTM,Decomposition,2025-09-26,2025-09-29,9.53,9.53,8.294492721557617
lithium_hydroxide,VMD-LSTM,Decomposition,2025-09-29,2025-09-30,9.53,9.53,8.294220924377441
lithium_hydroxide,VMD-LSTM,Decomposition,2025-09-30,2025-10-01,9.53,9.6,8.294035911560059
lithium_hydroxide,VMD-LSTM,Decomposition,2025-10-01,2025-10-02,9.6,9.59,8.293856620788574
lithium_hydroxide,VMD-LSTM,Decomposition,2025-10-02,2025-10-03,9.59,9.6,8.293704986572266
lithium_hydroxide,VMD-LSTM,Decomposition,2025-10-03,2025-10-06,9.6,9.55,8.293647766113281
lithium_hydroxide,VMD-LSTM,Decomposition,2025-10-06,2025-10-07,9.55,9.6,8.293720245361328
lithium_hydroxide,VMD-LSTM,Decomposition,2025-10-07,2025-10-08,9.6,9.6,8.29387092590332
lithium_hydroxide,VMD-LSTM,Decomposition,2025-10-08,2025-10-09,9.6,9.6,8.294012069702148
lithium_hydroxide,VMD-LSTM,Decomposition,2025-10-09,2025-10-10,9.6,9.55,8.294105529785156
lithium_hydroxide,VMD-LSTM,Decomposition,2025-10-10,2025-10-13,9.55,9.6,8.294168472290039
lithium_hydroxide,VMD-LSTM,Decomposition,2025-10-13,2025-10-14,9.6,9.6,8.294228553771973
lithium_hydroxide,VMD-LSTM,Decomposition,2025-10-14,2025-10-15,9.6,9.6,8.294297218322754
lithium_hydroxide,VMD-LSTM,Decomposition,2025-10-15,2025-10-16,9.6,9.6,8.294354438781738
lithium_hydroxide,VMD-LSTM,Decomposition,2025-10-16,2025-10-17,9.6,9.6,8.294381141662598
lithium_hydroxide,VMD-LSTM,Decomposition,2025-10-17,2025-10-20,9.6,9.75,8.29437255859375
lithium_hydroxide,VMD-LSTM,Decomposition,2025-10-20,2025-10-21,9.75,9.6,8.294346809387207
lithium_hydroxide,VMD-LSTM,Decomposition,2025-10-21,2025-10-22,9.6,9.6,8.29432487487793
lithium_hydroxide,VMD-LSTM,Decomposition,2025-10-22,2025-10-23,9.6,9.6,8.294306755065918
lithium_hydroxide,VMD-LSTM,Decomposition,2025-10-23,2025-10-24,9.6,9.6,8.29428768157959
lithium_hydroxide,VMD-LSTM,Decomposition,2025-10-24,2025-10-27,9.6,9.6,8.29426383972168
lithium_hydroxide,VMD-LSTM,Decomposition,2025-10-27,2025-10-28,9.6,9.61,8.29423713684082
lithium_hydroxide,VMD-LSTM,Decomposition,2025-10-28,2025-10-29,9.61,9.63,8.294210433959961
lithium_hydroxide,VMD-LSTM,Decomposition,2025-10-29,2025-10-30,9.63,9.63,8.294194221496582
lithium_hydroxide,VMD-LSTM,Decomposition,2025-10-30,2025-10-31,9.63,9.63,8.294185638427734
lithium_hydroxide,VMD-LSTM,Decomposition,2025-10-31,2025-11-03,9.63,9.8,8.294179916381836
lithium_hydroxide,VMD-LSTM,Decomposition,2025-11-03,2025-11-04,9.8,9.93,8.294175148010254
lithium_hydroxide,VMD-LSTM,Decomposition,2025-11-04,2025-11-05,9.93,9.8,8.294170379638672
lithium_hydroxide,VMD-LSTM,Decomposition,2025-11-05,2025-11-06,9.8,9.9,8.294168472290039
lithium_hydroxide,VMD-LSTM,Decomposition,2025-11-06,2025-11-07,9.9,9.97,8.294170379638672
lithium_hydroxide,VMD-LSTM,Decomposition,2025-11-07,2025-11-10,9.97,9.97,8.294173240661621
lithium_hydroxide,VMD-LSTM,Decomposition,2025-11-10,2025-11-11,9.97,9.97,8.294177055358887
lithium_hydroxide,VMD-LSTM,Decomposition,2025-11-11,2025-11-12,9.97,9.97,8.294179916381836
lithium_hydroxide,VMD-LSTM,Decomposition,2025-11-12,2025-11-13,9.97,10.06,8.294181823730469
lithium_hydroxide,VMD-LSTM,Decomposition,2025-11-13,2025-11-14,10.06,10.06,8.294183731079102
lithium_hydroxide,VMD-LSTM,Decomposition,2025-11-14,2025-11-17,10.06,10.21,8.294184684753418
lithium_hydroxide,VMD-LSTM,Decomposition,2025-11-17,2025-11-18,10.21,10.21,8.294188499450684
lithium_hydroxide,VMD-LSTM,Decomposition,2025-11-18,2025-11-19,10.21,10.13,8.294189453125
lithium_hydroxide,VMD-LSTM,Decomposition,2025-11-19,2025-11-20,10.13,10.16,8.294188499450684
lithium_hydroxide,VMD-LSTM,Decomposition,2025-11-20,2025-11-21,10.16,10.19,8.294188499450684
lithium_hydroxide,VMD-LSTM,Decomposition,2025-11-21,2025-11-24,10.19,10.19,8.294187545776367
lithium_hydroxide,VMD-LSTM,Decomposition,2025-11-24,2025-11-25,10.19,10.19,8.29418659210205
lithium_hydroxide,VMD-LSTM,Decomposition,2025-11-25,2025-11-26,10.19,10.18,8.294188499450684
lithium_hydroxide,VMD-LSTM,Decomposition,2025-11-26,2025-11-28,10.18,10.19,8.29418659210205
lithium_hydroxide,VMD-LSTM,Decomposition,2025-11-28,2025-12-01,10.19,10.95,8.294184684753418
lithium_hydroxide,VMD-LSTM,Decomposition,2025-12-01,2025-12-02,10.95,10.4,8.294183731079102
lithium_hydroxide,VMD-LSTM,Decomposition,2025-12-02,2025-12-03,10.4,10.26,8.294184684753418
lithium_hydroxide,VMD-LSTM,Decomposition,2025-12-03,2025-12-04,10.26,10.31,8.294183731079102
lithium_hydroxide,VMD-LSTM,Decomposition,2025-12-04,2025-12-05,10.31,10.31,8.294182777404785
lithium_hydroxide,VMD-LSTM,Decomposition,2025-12-05,2025-12-08,10.31,10.31,8.294182777404785
lithium_hydroxide,VMD-LSTM,Decomposition,2025-12-08,2025-12-09,10.31,10.31,8.294182777404785
lithium_hydroxide,VMD-LSTM,Decomposition,2025-12-09,2025-12-10,10.31,10.3,8.294183731079102
lithium_hydroxide,VMD-LSTM,Decomposition,2025-12-10,2025-12-11,10.3,10.31,8.294182777404785
lithium_hydroxide,VMD-LSTM,Decomposition,2025-12-11,2025-12-12,10.31,10.4,8.294182777404785
lithium_hydroxide,VMD-LSTM,Decomposition,2025-12-12,2025-12-15,10.4,10.37,8.294183731079102
lithium_hydroxide,VMD-LSTM,Decomposition,2025-12-15,2025-12-16,10.37,10.37,8.294183731079102
lithium_hydroxide,VMD-LSTM,Decomposition,2025-12-16,2025-12-17,10.37,10.42,8.294184684753418
lithium_hydroxide,VMD-LSTM,Decomposition,2025-12-17,2025-12-18,10.42,10.61,8.294184684753418
lithium_hydroxide,VMD-LSTM,Decomposition,2025-12-18,2025-12-19,10.61,10.83,8.294183731079102
lithium_hydroxide,VMD-LSTM,Decomposition,2025-12-19,2025-12-22,10.83,10.83,8.294183731079102
lithium_hydroxide,VMD-LSTM,Decomposition,2025-12-22,2025-12-23,10.83,11.21,8.294183731079102
lithium_hydroxide,VMD-LSTM,Decomposition,2025-12-23,2025-12-24,11.21,11.21,8.294183731079102
lithium_hydroxide,VMD-LSTM,Decomposition,2025-12-24,2025-12-26,11.21,11.21,8.294183731079102
lithium_hydroxide,VMD-LSTM,Decomposition,2025-12-26,2025-12-29,11.21,11.24,8.294183731079102
lithium_hydroxide,VMD-LSTM,Decomposition,2025-12-29,2025-12-30,11.24,11.22,8.294183731079102
lithium_hydroxide,VMD-LSTM,Decomposition,2025-12-30,2025-12-31,11.22,11.22,8.294183731079102
lithium_hydroxide,VMD-LSTM,Decomposition,2025-12-31,2026-01-02,11.22,15.47,8.294183731079102
lithium_hydroxide,VMD-LSTM,Decomposition,2026-01-02,2026-01-05,15.47,15.23,8.294183731079102
lithium_hydroxide,VMD-LSTM,Decomposition,2026-01-05,2026-01-06,15.23,16.51,8.294183731079102
lithium_hydroxide,VMD-LSTM,Decomposition,2026-01-06,2026-01-07,16.51,16.8,8.294183731079102
lithium_hydroxide,VMD-LSTM,Decomposition,2026-01-07,2026-01-08,16.8,17.21,8.294183731079102
lithium_hydroxide,VMD-LSTM,Decomposition,2026-01-08,2026-01-09,17.21,17.97,8.294183731079102
lithium_hydroxide,VMD-LSTM,Decomposition,2026-01-09,2026-01-12,17.97,16.63,8.294183731079102
lithium_hydroxide,VMD-LSTM,Decomposition,2026-01-12,2026-01-13,16.63,17.96,8.294183731079102
lithium_hydroxide,VMD-LSTM,Decomposition,2026-01-13,2026-01-14,17.96,18.58,8.294183731079102
lithium_hydroxide,VMD-LSTM,Decomposition,2026-01-14,2026-01-15,18.58,18.44,8.294183731079102
lithium_hydroxide,VMD-LSTM,Decomposition,2026-01-15,2026-01-16,18.44,17.92,8.294183731079102
lithium_hydroxide,VMD-LSTM,Decomposition,2026-01-16,2026-01-20,17.92,17.77,8.294183731079102
lithium_hydroxide,VMD-LSTM,Decomposition,2026-01-20,2026-01-21,17.77,18.06,8.294183731079102
lithium_hydroxide,VMD-LSTM,Decomposition,2026-01-21,2026-01-22,18.06,18.39,8.294183731079102
lithium_hydroxide,VMD-LSTM,Decomposition,2026-01-22,2026-01-23,18.39,18.39,8.294183731079102
lithium_hydroxide,VMD-LSTM,Decomposition,2026-01-23,2026-01-26,18.39,18.27,8.294183731079102
lithium_hydroxide,VMD-LSTM,Decomposition,2026-01-26,2026-01-27,18.27,18.27,8.294183731079102
lithium_hydroxide,VMD-LSTM,Decomposition,2026-01-27,2026-01-28,18.27,18.2,8.294183731079102
lithium_hydroxide,VMD-LSTM,Decomposition,2026-01-28,2026-01-29,18.2,18.2,8.294183731079102
lithium_hydroxide,VMD-LSTM,Decomposition,2026-01-29,2026-01-30,18.2,18.18,8.294183731079102
lithium_hydroxide,VMD-LSTM,Decomposition,2026-01-30,2026-02-02,18.18,17.5,8.294183731079102
lithium_hydroxide,VMD-LSTM,Decomposition,2026-02-02,2026-02-03,17.5,17.5,8.294183731079102
lithium_hydroxide,VMD-LSTM,Decomposition,2026-02-03,2026-02-04,17.5,17.5,8.294183731079102
lithium_hydroxide,VMD-LSTM,Decomposition,2026-02-04,2026-02-05,17.5,17.0,8.294183731079102
lithium_hydroxide,VMD-LSTM,Decomposition,2026-02-05,2026-02-06,17.0,16.85,8.294183731079102
lithium_hydroxide,VMD-LSTM,Decomposition,2026-02-06,2026-02-09,16.85,16.65,8.294183731079102
lithium_hydroxide,VMD-LSTM,Decomposition,2026-02-09,2026-02-10,16.65,16.62,8.294183731079102
lithium_hydroxide,VMD-LSTM,Decomposition,2026-02-10,2026-02-11,16.62,16.81,8.294183731079102
lithium_hydroxide,VMD-LSTM,Decomposition,2026-02-11,2026-02-12,16.81,16.81,8.294183731079102
lithium_hydroxide,VMD-LSTM,Decomposition,2026-02-12,2026-02-13,16.81,16.81,8.294183731079102
lithium_hydroxide,VMD-LSTM,Decomposition,2026-02-13,2026-02-17,16.81,16.81,8.294183731079102
lithium_hydroxide,VMD-LSTM,Decomposition,2026-02-17,2026-02-18,16.81,16.91,8.294183731079102
lithium_hydroxide,VMD-LSTM,Decomposition,2026-02-18,2026-02-19,16.91,16.91,8.294183731079102
lithium_hydroxide,VMD-LSTM,Decomposition,2026-02-19,2026-02-20,16.91,16.91,8.294183731079102
lithium_hydroxide,VMD-LSTM,Decomposition,2026-02-20,2026-02-23,16.91,16.91,8.294183731079102
lithium_hydroxide,VMD-LSTM,Decomposition,2026-02-23,2026-02-24,16.91,17.11,8.294183731079102
lithium_hydroxide,VMD-LSTM,Decomposition,2026-02-24,2026-02-25,17.11,17.34,8.294183731079102
lithium_hydroxide,VMD-LSTM,Decomposition,2026-02-25,2026-02-26,17.34,17.4,8.294183731079102
lithium_hydroxide,VMD-LSTM,Decomposition,2026-02-26,2026-03-02,17.4,20.98,8.294183731079102
lithium_hydroxide,VMD-LSTM,Decomposition,2026-03-02,2026-03-03,20.98,19.77,8.294183731079102
lithium_hydroxide,VMD-LSTM,Decomposition,2026-03-03,2026-03-04,19.77,19.77,8.294183731079102
lithium_hydroxide,VMD-LSTM,Decomposition,2026-03-04,2026-03-05,19.77,19.98,8.294183731079102
lithium_hydroxide,VMD-LSTM,Decomposition,2026-03-05,2026-03-06,19.98,20.19,8.294183731079102
lithium_hydroxide,VMD-LSTM,Decomposition,2026-03-06,2026-03-09,20.19,20.19,8.294183731079102
lithium_hydroxide,VMD-LSTM,Decomposition,2026-03-09,2026-03-10,20.19,20.19,8.294183731079102
lithium_hydroxide,VMD-LSTM,Decomposition,2026-03-10,2026-03-11,20.19,19.85,8.294183731079102
lithium_hydroxide,VMD-LSTM,Decomposition,2026-03-11,2026-03-12,19.85,19.85,8.294183731079102
lithium_hydroxide,CEEMDAN-ARIMA,Decomposition,2025-08-18,2025-08-19,8.4,8.35,8.261917188110173
lithium_hydroxide,CEEMDAN-ARIMA,Decomposition,2025-08-19,2025-08-20,8.35,8.44,8.23467410156578
lithium_hydroxide,CEEMDAN-ARIMA,Decomposition,2025-08-20,2025-08-21,8.44,8.44,8.191949402542871
lithium_hydroxide,CEEMDAN-ARIMA,Decomposition,2025-08-21,2025-08-22,8.44,8.5,8.178401224300275
lithium_hydroxide,CEEMDAN-ARIMA,Decomposition,2025-08-22,2025-08-25,8.5,8.48,8.166157808991382
lithium_hydroxide,CEEMDAN-ARIMA,Decomposition,2025-08-25,2025-08-26,8.48,8.48,8.149048267153669
lithium_hydroxide,CEEMDAN-ARIMA,Decomposition,2025-08-26,2025-08-27,8.48,8.51,8.100328895500637
lithium_hydroxide,CEEMDAN-ARIMA,Decomposition,2025-08-27,2025-08-28,8.51,8.51,8.012963133467679
lithium_hydroxide,CEEMDAN-ARIMA,Decomposition,2025-08-28,2025-08-29,8.51,8.52,7.881515908476231
lithium_hydroxide,CEEMDAN-ARIMA,Decomposition,2025-08-29,2025-09-02,8.52,9.4,7.711889886157682
lithium_hydroxide,CEEMDAN-ARIMA,Decomposition,2025-09-02,2025-09-03,9.4,9.38,7.5086955910647255
lithium_hydroxide,CEEMDAN-ARIMA,Decomposition,2025-09-03,2025-09-04,9.38,9.48,7.275575614677853
lithium_hydroxide,CEEMDAN-ARIMA,Decomposition,2025-09-04,2025-09-05,9.48,9.48,7.010109781564189
lithium_hydroxide,CEEMDAN-ARIMA,Decomposition,2025-09-05,2025-09-08,9.48,9.48,6.706002841460544
lithium_hydroxide,CEEMDAN-ARIMA,Decomposition,2025-09-08,2025-09-09,9.48,9.48,6.354077464110496
lithium_hydroxide,CEEMDAN-ARIMA,Decomposition,2025-09-09,2025-09-10,9.48,9.48,5.945533174700286
lithium_hydroxide,CEEMDAN-ARIMA,Decomposition,2025-09-10,2025-09-11,9.48,9.48,5.473490842458423
lithium_hydroxide,CEEMDAN-ARIMA,Decomposition,2025-09-11,2025-09-12,9.48,9.48,4.934117782367135
lithium_hydroxide,CEEMDAN-ARIMA,Decomposition,2025-09-12,2025-09-15,9.48,9.48,4.326297632833235
lithium_hydroxide,CEEMDAN-ARIMA,Decomposition,2025-09-15,2025-09-16,9.48,9.48,3.650966709593511
lithium_hydroxide,CEEMDAN-ARIMA,Decomposition,2025-09-16,2025-09-17,9.48,9.48,2.910199709235237
lithium_hydroxide,CEEMDAN-ARIMA,Decomposition,2025-09-17,2025-09-18,9.48,9.48,2.106657988426379
lithium_hydroxide,CEEMDAN-ARIMA,Decomposition,2025-09-18,2025-09-19,9.48,9.54,1.2433495312294474
lithium_hydroxide,CEEMDAN-ARIMA,Decomposition,2025-09-19,2025-09-22,9.54,9.54,0.32370681928593736
lithium_hydroxide,CEEMDAN-ARIMA,Decomposition,2025-09-22,2025-09-23,9.54,9.54,-0.6482678038838134
lithium_hydroxide,CEEMDAN-ARIMA,Decomposition,2025-09-23,2025-09-24,9.54,9.54,-1.667925249427391
lithium_hydroxide,CEEMDAN-ARIMA,Decomposition,2025-09-24,2025-09-25,9.54,9.54,-2.7300746727908027
lithium_hydroxide,CEEMDAN-ARIMA,Decomposition,2025-09-25,2025-09-26,9.54,9.53,-3.8292491936228146
lithium_hydroxide,CEEMDAN-ARIMA,Decomposition,2025-09-26,2025-09-29,9.53,9.53,-4.9600674371219124
lithium_hydroxide,CEEMDAN-ARIMA,Decomposition,2025-09-29,2025-09-30,9.53,9.53,-6.117590861068981
lithium_hydroxide,CEEMDAN-ARIMA,Decomposition,2025-09-30,2025-10-01,9.53,9.6,-7.297604384152194
lithium_hydroxide,CEEMDAN-ARIMA,Decomposition,2025-10-01,2025-10-02,9.6,9.59,-8.49678051660017
lithium_hydroxide,CEEMDAN-ARIMA,Decomposition,2025-10-02,2025-10-03,9.59,9.6,-9.71272776807855
lithium_hydroxide,CEEMDAN-ARIMA,Decomposition,2025-10-03,2025-10-06,9.6,9.55,-10.943945434892337
lithium_hydroxide,CEEMDAN-ARIMA,Decomposition,2025-10-06,2025-10-07,9.55,9.6,-12.189715046640941
lithium_hydroxide,CEEMDAN-ARIMA,Decomposition,2025-10-07,2025-10-08,9.6,9.6,-13.449953074740534
lithium_hydroxide,CEEMDAN-ARIMA,Decomposition,2025-10-08,2025-10-09,9.6,9.6,-14.725040934547414
lithium_hydroxide,CEEMDAN-ARIMA,Decomposition,2025-10-09,2025-10-10,9.6,9.55,-16.015641009111583
lithium_hydroxide,CEEMDAN-ARIMA,Decomposition,2025-10-10,2025-10-13,9.55,9.6,-17.322505414236076
lithium_hydroxide,CEEMDAN-ARIMA,Decomposition,2025-10-13,2025-10-14,9.6,9.6,-18.646286032435725
lithium_hydroxide,CEEMDAN-ARIMA,Decomposition,2025-10-14,2025-10-15,9.6,9.6,-19.98735783103891
lithium_hydroxide,CEEMDAN-ARIMA,Decomposition,2025-10-15,2025-10-16,9.6,9.6,-21.34566958947056
lithium_hydroxide,CEEMDAN-ARIMA,Decomposition,2025-10-16,2025-10-17,9.6,9.6,-22.72063546211144
lithium_hydroxide,CEEMDAN-ARIMA,Decomposition,2025-10-17,2025-10-20,9.6,9.75,-24.11107708575427
lithium_hydroxide,CEEMDAN-ARIMA,Decomposition,2025-10-20,2025-10-21,9.75,9.6,-25.515220335852966
lithium_hydroxide,CEEMDAN-ARIMA,Decomposition,2025-10-21,2025-10-22,9.6,9.6,-26.930744798875285
lithium_hydroxide,CEEMDAN-ARIMA,Decomposition,2025-10-22,2025-10-23,9.6,9.6,-28.3548788643414
lithium_hydroxide,CEEMDAN-ARIMA,Decomposition,2025-10-23,2025-10-24,9.6,9.6,-29.78452973298758
lithium_hydroxide,CEEMDAN-ARIMA,Decomposition,2025-10-24,2025-10-27,9.6,9.6,-31.21643570344014
lithium_hydroxide,CEEMDAN-ARIMA,Decomposition,2025-10-27,2025-10-28,9.6,9.61,-32.64732755589242
lithium_hydroxide,CEEMDAN-ARIMA,Decomposition,2025-10-28,2025-10-29,9.61,9.63,-34.074086312520336
lithium_hydroxide,CEEMDAN-ARIMA,Decomposition,2025-10-29,2025-10-30,9.63,9.63,-35.493885813223066
lithium_hydroxide,CEEMDAN-ARIMA,Decomposition,2025-10-30,2025-10-31,9.63,9.63,-36.90431024853851
lithium_hydroxide,CEEMDAN-ARIMA,Decomposition,2025-10-31,2025-11-03,9.63,9.8,-38.30343899019632
lithium_hydroxide,CEEMDAN-ARIMA,Decomposition,2025-11-03,2025-11-04,9.8,9.93,-39.68989371891953
lithium_hydroxide,CEEMDAN-ARIMA,Decomposition,2025-11-04,2025-11-05,9.93,9.8,-41.06284586462546
lithium_hydroxide,CEEMDAN-ARIMA,Decomposition,2025-11-05,2025-11-06,9.8,9.9,-42.42198554294105
lithium_hydroxide,CEEMDAN-ARIMA,Decomposition,2025-11-06,2025-11-07,9.9,9.97,-43.76745621405517
lithium_hydroxide,CEEMDAN-ARIMA,Decomposition,2025-11-07,2025-11-10,9.97,9.97,-45.09976190697053
lithium_hydroxide,CEEMDAN-ARIMA,Decomposition,2025-11-10,2025-11-11,9.97,9.97,-46.41965579009481
lithium_hydroxide,CEEMDAN-ARIMA,Decomposition,2025-11-11,2025-11-12,9.97,9.97,-47.72801996385111
lithium_hydroxide,CEEMDAN-ARIMA,Decomposition,2025-11-12,2025-11-13,9.97,10.06,-49.02574654627597
lithium_hydroxide,CEEMDAN-ARIMA,Decomposition,2025-11-13,2025-11-14,10.06,10.06,-50.31362946207779
lithium_hydroxide,CEEMDAN-ARIMA,Decomposition,2025-11-14,2025-11-17,10.06,10.21,-51.592274949809834
lithium_hydroxide,CEEMDAN-ARIMA,Decomposition,2025-11-17,2025-11-18,10.21,10.21,-52.862036840638225
lithium_hydroxide,CEEMDAN-ARIMA,Decomposition,2025-11-18,2025-11-19,10.21,10.13,-54.12298033142583
lithium_hydroxide,CEEMDAN-ARIMA,Decomposition,2025-11-19,2025-11-20,10.13,10.16,-55.37487547874965
lithium_hydroxide,CEEMDAN-ARIMA,Decomposition,2025-11-20,2025-11-21,10.16,10.19,-56.61721917955884
lithium_hydroxide,CEEMDAN-ARIMA,Decomposition,2025-11-21,2025-11-24,10.19,10.19,-57.849282165421286
lithium_hydroxide,CEEMDAN-ARIMA,Decomposition,2025-11-24,2025-11-25,10.19,10.19,-59.07017568421519
lithium_hydroxide,CEEMDAN-ARIMA,Decomposition,2025-11-25,2025-11-26,10.19,10.18,-60.278931205367556
lithium_hydroxide,CEEMDAN-ARIMA,Decomposition,2025-11-26,2025-11-28,10.18,10.19,-61.474585748317985
lithium_hydroxide,CEEMDAN-ARIMA,Decomposition,2025-11-28,2025-12-01,10.19,10.95,-62.65626533389629
lithium_hydroxide,CEEMDAN-ARIMA,Decomposition,2025-12-01,2025-12-02,10.95,10.4,-63.82325957618889
lithium_hydroxide,CEEMDAN-ARIMA,Decomposition,2025-12-02,2025-12-03,10.4,10.26,-64.97508149863917
lithium_hydroxide,CEEMDAN-ARIMA,Decomposition,2025-12-03,2025-12-04,10.26,10.31,-66.11150815976895
lithium_hydroxide,CEEMDAN-ARIMA,Decomposition,2025-12-04,2025-12-05,10.31,10.31,-67.23259946677013
lithium_hydroxide,CEEMDAN-ARIMA,Decomposition,2025-12-05,2025-12-08,10.31,10.31,-68.33869447773657
lithium_hydroxide,CEEMDAN-ARIMA,Decomposition,2025-12-08,2025-12-09,10.31,10.31,-69.43038638128975
lithium_hydroxide,CEEMDAN-ARIMA,Decomposition,2025-12-09,2025-12-10,10.31,10.3,-70.50847904279075
lithium_hydroxide,CEEMDAN-ARIMA,Decomposition,2025-12-10,2025-12-11,10.3,10.31,-71.57392938926907
lithium_hydroxide,CEEMDAN-ARIMA,Decomposition,2025-12-11,2025-12-12,10.31,10.4,-72.6277808729413
lithium_hydroxide,CEEMDAN-ARIMA,Decomposition,2025-12-12,2025-12-15,10.4,10.37,-73.67109374646364
lithium_hydroxide,CEEMDAN-ARIMA,Decomposition,2025-12-15,2025-12-16,10.37,10.37,-74.70487788385209
lithium_hydroxide,CEEMDAN-ARIMA,Decomposition,2025-12-16,2025-12-17,10.37,10.42,-75.73003341211364
lithium_hydroxide,CEEMDAN-ARIMA,Decomposition,2025-12-17,2025-12-18,10.42,10.61,-76.74730354001849
lithium_hydroxide,CEEMDAN-ARIMA,Decomposition,2025-12-18,2025-12-19,10.61,10.83,-77.75724277276029
lithium_hydroxide,CEEMDAN-ARIMA,Decomposition,2025-12-19,2025-12-22,10.83,10.83,-78.76020229714393
lithium_hydroxide,CEEMDAN-ARIMA,Decomposition,2025-12-22,2025-12-23,10.83,11.21,-79.75633283588297
lithium_hydroxide,CEEMDAN-ARIMA,Decomposition,2025-12-23,2025-12-24,11.21,11.21,-80.74560382714866
lithium_hydroxide,CEEMDAN-ARIMA,Decomposition,2025-12-24,2025-12-26,11.21,11.21,-81.72783650299222
lithium_hydroxide,CEEMDAN-ARIMA,Decomposition,2025-12-26,2025-12-29,11.21,11.24,-82.70274741554516
lithium_hydroxide,CEEMDAN-ARIMA,Decomposition,2025-12-29,2025-12-30,11.24,11.22,-83.66999826526325
lithium_hydroxide,CEEMDAN-ARIMA,Decomposition,2025-12-30,2025-12-31,11.22,11.22,-84.62924756282123
lithium_hydroxide,CEEMDAN-ARIMA,Decomposition,2025-12-31,2026-01-02,11.22,15.47,-85.58019971508696
lithium_hydroxide,CEEMDAN-ARIMA,Decomposition,2026-01-02,2026-01-05,15.47,15.23,-86.5226475437171
lithium_hydroxide,CEEMDAN-ARIMA,Decomposition,2026-01-05,2026-01-06,15.23,16.51,-87.45650497171633
lithium_hydroxide,CEEMDAN-ARIMA,Decomposition,2026-01-06,2026-01-07,16.51,16.8,-88.38182757519878
lithium_hydroxide,CEEMDAN-ARIMA,Decomposition,2026-01-07,2026-01-08,16.8,17.21,-89.29881980507756
lithium_hydroxide,CEEMDAN-ARIMA,Decomposition,2026-01-08,2026-01-09,17.21,17.97,-90.20782883909484
lithium_hydroxide,CEEMDAN-ARIMA,Decomposition,2026-01-09,2026-01-12,17.97,16.63,-91.10932613154587
lithium_hydroxide,CEEMDAN-ARIMA,Decomposition,2026-01-12,2026-01-13,16.63,17.96,-92.00387869764205
lithium_hydroxide,CEEMDAN-ARIMA,Decomposition,2026-01-13,2026-01-14,17.96,18.58,-92.89211292833937
lithium_hydroxide,CEEMDAN-ARIMA,Decomposition,2026-01-14,2026-01-15,18.58,18.44,-93.77467422681417
lithium_hydroxide,CEEMDAN-ARIMA,Decomposition,2026-01-15,2026-01-16,18.44,17.92,-94.65218596074453
lithium_hydroxide,CEEMDAN-ARIMA,Decomposition,2026-01-16,2026-01-20,17.92,17.77,-95.52521113155495
lithium_hydroxide,CEEMDAN-ARIMA,Decomposition,2026-01-20,2026-01-21,17.77,18.06,-96.39421979361276
lithium_hydroxide,CEEMDAN-ARIMA,Decomposition,2026-01-21,2026-01-22,18.06,18.39,-97.25956465546082
lithium_hydroxide,CEEMDAN-ARIMA,Decomposition,2026-01-22,2026-01-23,18.39,18.39,-98.12146652113668
lithium_hydroxide,CEEMDAN-ARIMA,Decomposition,2026-01-23,2026-01-26,18.39,18.27,-98.9800103535876
lithium_hydroxide,CEEMDAN-ARIMA,Decomposition,2026-01-26,2026-01-27,18.27,18.27,-99.83515184046387
lithium_hydroxide,CEEMDAN-ARIMA,Decomposition,2026-01-27,2026-01-28,18.27,18.2,-100.68673349017119
lithium_hydroxide,CEEMDAN-ARIMA,Decomposition,2026-01-28,2026-01-29,18.2,18.2,-101.53450855062931
lithium_hydroxide,CEEMDAN-ARIMA,Decomposition,2026-01-29,2026-01-30,18.2,18.18,-102.3781704797669
lithium_hydroxide,CEEMDAN-ARIMA,Decomposition,2026-01-30,2026-02-02,18.18,17.5,-103.21738534390948
lithium_hydroxide,CEEMDAN-ARIMA,Decomposition,2026-02-02,2026-02-03,17.5,17.5,-104.05182439745224
lithium_hydroxide,CEEMDAN-ARIMA,Decomposition,2026-02-03,2026-02-04,17.5,17.5,-104.88119420442676
lithium_hydroxide,CEEMDAN-ARIMA,Decomposition,2026-02-04,2026-02-05,17.5,17.0,-105.70526198081686
lithium_hydroxide,CEEMDAN-ARIMA,Decomposition,2026-02-05,2026-02-06,17.0,16.85,-106.52387433037048
lithium_hydroxide,CEEMDAN-ARIMA,Decomposition,2026-02-06,2026-02-09,16.85,16.65,-107.33696816801036
lithium_hydroxide,CEEMDAN-ARIMA,Decomposition,2026-02-09,2026-02-10,16.65,16.62,-108.14457331728917
lithium_hydroxide,CEEMDAN-ARIMA,Decomposition,2026-02-10,2026-02-11,16.62,16.81,-108.94680697188524
lithium_hydroxide,CEEMDAN-ARIMA,Decomposition,2026-02-11,2026-02-12,16.81,16.81,-109.7438608678523
lithium_hydroxide,CEEMDAN-ARIMA,Decomposition,2026-02-12,2026-02-13,16.81,16.81,-110.53598257158738
lithium_hydroxide,CEEMDAN-ARIMA,Decomposition,2026-02-13,2026-02-17,16.81,16.81,-111.3234527069743
lithium_hydroxide,CEEMDAN-ARIMA,Decomposition,2026-02-17,2026-02-18,16.81,16.91,-112.10656019587711
lithium_hydroxide,CEEMDAN-ARIMA,Decomposition,2026-02-18,2026-02-19,16.91,16.91,-112.88557765603557
lithium_hydroxide,CEEMDAN-ARIMA,Decomposition,2026-02-19,2026-02-20,16.91,16.91,-113.66073899177407
lithium_hydroxide,CEEMDAN-ARIMA,Decomposition,2026-02-20,2026-02-23,16.91,16.91,-114.4322209425793
lithium_hydroxide,CEEMDAN-ARIMA,Decomposition,2026-02-23,2026-02-24,16.91,17.11,-115.20012995182532
lithium_hydroxide,CEEMDAN-ARIMA,Decomposition,2026-02-24,2026-02-25,17.11,17.34,-115.96449522153937
lithium_hydroxide,CEEMDAN-ARIMA,Decomposition,2026-02-25,2026-02-26,17.34,17.4,-116.7252682738608
lithium_hydroxide,CEEMDAN-ARIMA,Decomposition,2026-02-26,2026-03-02,17.4,20.98,-117.48232879249836
lithium_hydroxide,CEEMDAN-ARIMA,Decomposition,2026-03-02,2026-03-03,20.98,19.77,-118.23549601289393
lithium_hydroxide,CEEMDAN-ARIMA,Decomposition,2026-03-03,2026-03-04,19.77,19.77,-118.98454450731214
lithium_hydroxide,CEEMDAN-ARIMA,Decomposition,2026-03-04,2026-03-05,19.77,19.98,-119.72922290160045
lithium_hydroxide,CEEMDAN-ARIMA,Decomposition,2026-03-05,2026-03-06,19.98,20.19,-120.46927388418784
lithium_hydroxide,CEEMDAN-ARIMA,Decomposition,2026-03-06,2026-03-09,20.19,20.19,-121.2044538335071
lithium_hydroxide,CEEMDAN-ARIMA,Decomposition,2026-03-09,2026-03-10,20.19,20.19,-121.9345504939503
lithium_hydroxide,CEEMDAN-ARIMA,Decomposition,2026-03-10,2026-03-11,20.19,19.85,-122.65939735807352
lithium_hydroxide,CEEMDAN-ARIMA,Decomposition,2026-03-11,2026-03-12,19.85,19.85,-123.3788837399631
lithium_hydroxide,CEEMDAN-LSTM,Decomposition,2025-08-18,2025-08-19,8.4,8.35,14.435521125793457
lithium_hydroxide,CEEMDAN-LSTM,Decomposition,2025-08-19,2025-08-20,8.35,8.44,12.724028587341309
lithium_hydroxide,CEEMDAN-LSTM,Decomposition,2025-08-20,2025-08-21,8.44,8.44,11.360319137573242
lithium_hydroxide,CEEMDAN-LSTM,Decomposition,2025-08-21,2025-08-22,8.44,8.5,10.344635009765625
lithium_hydroxide,CEEMDAN-LSTM,Decomposition,2025-08-22,2025-08-25,8.5,8.48,9.605173110961914
lithium_hydroxide,CEEMDAN-LSTM,Decomposition,2025-08-25,2025-08-26,8.48,8.48,9.065007209777832
lithium_hydroxide,CEEMDAN-LSTM,Decomposition,2025-08-26,2025-08-27,8.48,8.51,8.666714668273926
lithium_hydroxide,CEEMDAN-LSTM,Decomposition,2025-08-27,2025-08-28,8.51,8.51,8.375585556030273
lithium_hydroxide,CEEMDAN-LSTM,Decomposition,2025-08-28,2025-08-29,8.51,8.52,8.171002388000488
lithium_hydroxide,CEEMDAN-LSTM,Decomposition,2025-08-29,2025-09-02,8.52,9.4,8.036171913146973
lithium_hydroxide,CEEMDAN-LSTM,Decomposition,2025-09-02,2025-09-03,9.4,9.38,7.954797267913818
lithium_hydroxide,CEEMDAN-LSTM,Decomposition,2025-09-03,2025-09-04,9.38,9.48,7.912624359130859
lithium_hydroxide,CEEMDAN-LSTM,Decomposition,2025-09-04,2025-09-05,9.48,9.48,7.898252010345459
lithium_hydroxide,CEEMDAN-LSTM,Decomposition,2025-09-05,2025-09-08,9.48,9.48,7.90238618850708
lithium_hydroxide,CEEMDAN-LSTM,Decomposition,2025-09-08,2025-09-09,9.48,9.48,7.918091297149658
lithium_hydroxide,CEEMDAN-LSTM,Decomposition,2025-09-09,2025-09-10,9.48,9.48,7.941465377807617
lithium_hydroxide,CEEMDAN-LSTM,Decomposition,2025-09-10,2025-09-11,9.48,9.48,7.9689226150512695
lithium_hydroxide,CEEMDAN-LSTM,Decomposition,2025-09-11,2025-09-12,9.48,9.48,7.992108345031738
lithium_hydroxide,CEEMDAN-LSTM,Decomposition,2025-09-12,2025-09-15,9.48,9.48,8.000470161437988
lithium_hydroxide,CEEMDAN-LSTM,Decomposition,2025-09-15,2025-09-16,9.48,9.48,7.992076396942139
lithium_hydroxide,CEEMDAN-LSTM,Decomposition,2025-09-16,2025-09-17,9.48,9.48,7.975182056427002
lithium_hydroxide,CEEMDAN-LSTM,Decomposition,2025-09-17,2025-09-18,9.48,9.48,7.959885597229004
lithium_hydroxide,CEEMDAN-LSTM,Decomposition,2025-09-18,2025-09-19,9.48,9.54,7.950357437133789
lithium_hydroxide,CEEMDAN-LSTM,Decomposition,2025-09-19,2025-09-22,9.54,9.54,7.9451189041137695
lithium_hydroxide,CEEMDAN-LSTM,Decomposition,2025-09-22,2025-09-23,9.54,9.54,7.941638946533203
lithium_hydroxide,CEEMDAN-LSTM,Decomposition,2025-09-23,2025-09-24,9.54,9.54,7.938772678375244
lithium_hydroxide,CEEMDAN-LSTM,Decomposition,2025-09-24,2025-09-25,9.54,9.54,7.936458587646484
lithium_hydroxide,CEEMDAN-LSTM,Decomposition,2025-09-25,2025-09-26,9.54,9.53,7.934834957122803
lithium_hydroxide,CEEMDAN-LSTM,Decomposition,2025-09-26,2025-09-29,9.53,9.53,7.933886528015137
lithium_hydroxide,CEEMDAN-LSTM,Decomposition,2025-09-29,2025-09-30,9.53,9.53,7.933525085449219
lithium_hydroxide,CEEMDAN-LSTM,Decomposition,2025-09-30,2025-10-01,9.53,9.6,7.933542728424072
lithium_hydroxide,CEEMDAN-LSTM,Decomposition,2025-10-01,2025-10-02,9.6,9.59,7.9336347579956055
lithium_hydroxide,CEEMDAN-LSTM,Decomposition,2025-10-02,2025-10-03,9.59,9.6,7.933623313903809
lithium_hydroxide,CEEMDAN-LSTM,Decomposition,2025-10-03,2025-10-06,9.6,9.55,7.933626651763916
lithium_hydroxide,CEEMDAN-LSTM,Decomposition,2025-10-06,2025-10-07,9.55,9.6,7.933931827545166
lithium_hydroxide,CEEMDAN-LSTM,Decomposition,2025-10-07,2025-10-08,9.6,9.6,7.934685707092285
lithium_hydroxide,CEEMDAN-LSTM,Decomposition,2025-10-08,2025-10-09,9.6,9.6,7.935766696929932
lithium_hydroxide,CEEMDAN-LSTM,Decomposition,2025-10-09,2025-10-10,9.6,9.55,7.936861038208008
lithium_hydroxide,CEEMDAN-LSTM,Decomposition,2025-10-10,2025-10-13,9.55,9.6,7.937636852264404
lithium_hydroxide,CEEMDAN-LSTM,Decomposition,2025-10-13,2025-10-14,9.6,9.6,7.937870502471924
lithium_hydroxide,CEEMDAN-LSTM,Decomposition,2025-10-14,2025-10-15,9.6,9.6,7.9375152587890625
lithium_hydroxide,CEEMDAN-LSTM,Decomposition,2025-10-15,2025-10-16,9.6,9.6,7.93673038482666
lithium_hydroxide,CEEMDAN-LSTM,Decomposition,2025-10-16,2025-10-17,9.6,9.6,7.935783863067627
lithium_hydroxide,CEEMDAN-LSTM,Decomposition,2025-10-17,2025-10-20,9.6,9.75,7.9349470138549805
lithium_hydroxide,CEEMDAN-LSTM,Decomposition,2025-10-20,2025-10-21,9.75,9.6,7.9344048500061035
lithium_hydroxide,CEEMDAN-LSTM,Decomposition,2025-10-21,2025-10-22,9.6,9.6,7.93423318862915
lithium_hydroxide,CEEMDAN-LSTM,Decomposition,2025-10-22,2025-10-23,9.6,9.6,7.934433937072754
lithium_hydroxide,CEEMDAN-LSTM,Decomposition,2025-10-23,2025-10-24,9.6,9.6,7.934959888458252
lithium_hydroxide,CEEMDAN-LSTM,Decomposition,2025-10-24,2025-10-27,9.6,9.6,7.935737609863281
lithium_hydroxide,CEEMDAN-LSTM,Decomposition,2025-10-27,2025-10-28,9.6,9.61,7.936685085296631
lithium_hydroxide,CEEMDAN-LSTM,Decomposition,2025-10-28,2025-10-29,9.61,9.63,7.937723636627197
lithium_hydroxide,CEEMDAN-LSTM,Decomposition,2025-10-29,2025-10-30,9.63,9.63,7.93877649307251
lithium_hydroxide,CEEMDAN-LSTM,Decomposition,2025-10-30,2025-10-31,9.63,9.63,7.939768314361572
lithium_hydroxide,CEEMDAN-LSTM,Decomposition,2025-10-31,2025-11-03,9.63,9.8,7.940629959106445
lithium_hydroxide,CEEMDAN-LSTM,Decomposition,2025-11-03,2025-11-04,9.8,9.93,7.941312789916992
lithium_hydroxide,CEEMDAN-LSTM,Decomposition,2025-11-04,2025-11-05,9.93,9.8,7.941802978515625
lithium_hydroxide,CEEMDAN-LSTM,Decomposition,2025-11-05,2025-11-06,9.8,9.9,7.94212007522583
lithium_hydroxide,CEEMDAN-LSTM,Decomposition,2025-11-06,2025-11-07,9.9,9.97,7.942298412322998
lithium_hydroxide,CEEMDAN-LSTM,Decomposition,2025-11-07,2025-11-10,9.97,9.97,7.94238805770874
lithium_hydroxide,CEEMDAN-LSTM,Decomposition,2025-11-10,2025-11-11,9.97,9.97,7.9424285888671875
lithium_hydroxide,CEEMDAN-LSTM,Decomposition,2025-11-11,2025-11-12,9.97,9.97,7.942448139190674
lithium_hydroxide,CEEMDAN-LSTM,Decomposition,2025-11-12,2025-11-13,9.97,10.06,7.942455768585205
lithium_hydroxide,CEEMDAN-LSTM,Decomposition,2025-11-13,2025-11-14,10.06,10.06,7.942452430725098
lithium_hydroxide,CEEMDAN-LSTM,Decomposition,2025-11-14,2025-11-17,10.06,10.21,7.942428112030029
lithium_hydroxide,CEEMDAN-LSTM,Decomposition,2025-11-17,2025-11-18,10.21,10.21,7.942381381988525
lithium_hydroxide,CEEMDAN-LSTM,Decomposition,2025-11-18,2025-11-19,10.21,10.13,7.942315101623535
lithium_hydroxide,CEEMDAN-LSTM,Decomposition,2025-11-19,2025-11-20,10.13,10.16,7.942234039306641
lithium_hydroxide,CEEMDAN-LSTM,Decomposition,2025-11-20,2025-11-21,10.16,10.19,7.942145824432373
lithium_hydroxide,CEEMDAN-LSTM,Decomposition,2025-11-21,2025-11-24,10.19,10.19,7.942055702209473
lithium_hydroxide,CEEMDAN-LSTM,Decomposition,2025-11-24,2025-11-25,10.19,10.19,7.941969871520996
lithium_hydroxide,CEEMDAN-LSTM,Decomposition,2025-11-25,2025-11-26,10.19,10.18,7.941882133483887
lithium_hydroxide,CEEMDAN-LSTM,Decomposition,2025-11-26,2025-11-28,10.18,10.19,7.941792964935303
lithium_hydroxide,CEEMDAN-LSTM,Decomposition,2025-11-28,2025-12-01,10.19,10.95,7.941700458526611
lithium_hydroxide,CEEMDAN-LSTM,Decomposition,2025-12-01,2025-12-02,10.95,10.4,7.941603660583496
lithium_hydroxide,CEEMDAN-LSTM,Decomposition,2025-12-02,2025-12-03,10.4,10.26,7.941507816314697
lithium_hydroxide,CEEMDAN-LSTM,Decomposition,2025-12-03,2025-12-04,10.26,10.31,7.941413879394531
lithium_hydroxide,CEEMDAN-LSTM,Decomposition,2025-12-04,2025-12-05,10.31,10.31,7.94132661819458
lithium_hydroxide,CEEMDAN-LSTM,Decomposition,2025-12-05,2025-12-08,10.31,10.31,7.941249370574951
lithium_hydroxide,CEEMDAN-LSTM,Decomposition,2025-12-08,2025-12-09,10.31,10.31,7.941179275512695
lithium_hydroxide,CEEMDAN-LSTM,Decomposition,2025-12-09,2025-12-10,10.31,10.3,7.941117763519287
lithium_hydroxide,CEEMDAN-LSTM,Decomposition,2025-12-10,2025-12-11,10.3,10.31,7.941066265106201
lithium_hydroxide,CEEMDAN-LSTM,Decomposition,2025-12-11,2025-12-12,10.31,10.4,7.941022872924805
lithium_hydroxide,CEEMDAN-LSTM,Decomposition,2025-12-12,2025-12-15,10.4,10.37,7.9409894943237305
lithium_hydroxide,CEEMDAN-LSTM,Decomposition,2025-12-15,2025-12-16,10.37,10.37,7.940966606140137
lithium_hydroxide,CEEMDAN-LSTM,Decomposition,2025-12-16,2025-12-17,10.37,10.42,7.94095516204834
lithium_hydroxide,CEEMDAN-LSTM,Decomposition,2025-12-17,2025-12-18,10.42,10.61,7.94095516204834
lithium_hydroxide,CEEMDAN-LSTM,Decomposition,2025-12-18,2025-12-19,10.61,10.83,7.940964221954346
lithium_hydroxide,CEEMDAN-LSTM,Decomposition,2025-12-19,2025-12-22,10.83,10.83,7.940981388092041
lithium_hydroxide,CEEMDAN-LSTM,Decomposition,2025-12-22,2025-12-23,10.83,11.21,7.941004753112793
lithium_hydroxide,CEEMDAN-LSTM,Decomposition,2025-12-23,2025-12-24,11.21,11.21,7.941032886505127
lithium_hydroxide,CEEMDAN-LSTM,Decomposition,2025-12-24,2025-12-26,11.21,11.21,7.94106388092041
lithium_hydroxide,CEEMDAN-LSTM,Decomposition,2025-12-26,2025-12-29,11.21,11.24,7.941096782684326
lithium_hydroxide,CEEMDAN-LSTM,Decomposition,2025-12-29,2025-12-30,11.24,11.22,7.941130638122559
lithium_hydroxide,CEEMDAN-LSTM,Decomposition,2025-12-30,2025-12-31,11.22,11.22,7.941164016723633
lithium_hydroxide,CEEMDAN-LSTM,Decomposition,2025-12-31,2026-01-02,11.22,15.47,7.941197395324707
lithium_hydroxide,CEEMDAN-LSTM,Decomposition,2026-01-02,2026-01-05,15.47,15.23,7.941228866577148
lithium_hydroxide,CEEMDAN-LSTM,Decomposition,2026-01-05,2026-01-06,15.23,16.51,7.941258907318115
lithium_hydroxide,CEEMDAN-LSTM,Decomposition,2026-01-06,2026-01-07,16.51,16.8,7.941286563873291
lithium_hydroxide,CEEMDAN-LSTM,Decomposition,2026-01-07,2026-01-08,16.8,17.21,7.941308975219727
lithium_hydroxide,CEEMDAN-LSTM,Decomposition,2026-01-08,2026-01-09,17.21,17.97,7.941328525543213
lithium_hydroxide,CEEMDAN-LSTM,Decomposition,2026-01-09,2026-01-12,17.97,16.63,7.94134521484375
lithium_hydroxide,CEEMDAN-LSTM,Decomposition,2026-01-12,2026-01-13,16.63,17.96,7.9413580894470215
lithium_hydroxide,CEEMDAN-LSTM,Decomposition,2026-01-13,2026-01-14,17.96,18.58,7.941368579864502
lithium_hydroxide,CEEMDAN-LSTM,Decomposition,2026-01-14,2026-01-15,18.58,18.44,7.941374778747559
lithium_hydroxide,CEEMDAN-LSTM,Decomposition,2026-01-15,2026-01-16,18.44,17.92,7.941380023956299
lithium_hydroxide,CEEMDAN-LSTM,Decomposition,2026-01-16,2026-01-20,17.92,17.77,7.941381931304932
lithium_hydroxide,CEEMDAN-LSTM,Decomposition,2026-01-20,2026-01-21,17.77,18.06,7.941381931304932
lithium_hydroxide,CEEMDAN-LSTM,Decomposition,2026-01-21,2026-01-22,18.06,18.39,7.941378116607666
lithium_hydroxide,CEEMDAN-LSTM,Decomposition,2026-01-22,2026-01-23,18.39,18.39,7.941372871398926
lithium_hydroxide,CEEMDAN-LSTM,Decomposition,2026-01-23,2026-01-26,18.39,18.27,7.941368103027344
lithium_hydroxide,CEEMDAN-LSTM,Decomposition,2026-01-26,2026-01-27,18.27,18.27,7.941361427307129
lithium_hydroxide,CEEMDAN-LSTM,Decomposition,2026-01-27,2026-01-28,18.27,18.2,7.941354274749756
lithium_hydroxide,CEEMDAN-LSTM,Decomposition,2026-01-28,2026-01-29,18.2,18.2,7.941347599029541
lithium_hydroxide,CEEMDAN-LSTM,Decomposition,2026-01-29,2026-01-30,18.2,18.18,7.941340446472168
lithium_hydroxide,CEEMDAN-LSTM,Decomposition,2026-01-30,2026-02-02,18.18,17.5,7.941330909729004
lithium_hydroxide,CEEMDAN-LSTM,Decomposition,2026-02-02,2026-02-03,17.5,17.5,7.941321849822998
lithium_hydroxide,CEEMDAN-LSTM,Decomposition,2026-02-03,2026-02-04,17.5,17.5,7.941314697265625
lithium_hydroxide,CEEMDAN-LSTM,Decomposition,2026-02-04,2026-02-05,17.5,17.0,7.941307067871094
lithium_hydroxide,CEEMDAN-LSTM,Decomposition,2026-02-05,2026-02-06,17.0,16.85,7.941300868988037
lithium_hydroxide,CEEMDAN-LSTM,Decomposition,2026-02-06,2026-02-09,16.85,16.65,7.941296100616455
lithium_hydroxide,CEEMDAN-LSTM,Decomposition,2026-02-09,2026-02-10,16.65,16.62,7.94128942489624
lithium_hydroxide,CEEMDAN-LSTM,Decomposition,2026-02-10,2026-02-11,16.62,16.81,7.941284656524658
lithium_hydroxide,CEEMDAN-LSTM,Decomposition,2026-02-11,2026-02-12,16.81,16.81,7.941281318664551
lithium_hydroxide,CEEMDAN-LSTM,Decomposition,2026-02-12,2026-02-13,16.81,16.81,7.94127893447876
lithium_hydroxide,CEEMDAN-LSTM,Decomposition,2026-02-13,2026-02-17,16.81,16.81,7.941277980804443
lithium_hydroxide,CEEMDAN-LSTM,Decomposition,2026-02-17,2026-02-18,16.81,16.91,7.941275119781494
lithium_hydroxide,CEEMDAN-LSTM,Decomposition,2026-02-18,2026-02-19,16.91,16.91,7.9412736892700195
lithium_hydroxide,CEEMDAN-LSTM,Decomposition,2026-02-19,2026-02-20,16.91,16.91,7.941274642944336
lithium_hydroxide,CEEMDAN-LSTM,Decomposition,2026-02-20,2026-02-23,16.91,16.91,7.941274166107178
lithium_hydroxide,CEEMDAN-LSTM,Decomposition,2026-02-23,2026-02-24,16.91,17.11,7.9412760734558105
lithium_hydroxide,CEEMDAN-LSTM,Decomposition,2026-02-24,2026-02-25,17.11,17.34,7.94127893447876
lithium_hydroxide,CEEMDAN-LSTM,Decomposition,2026-02-25,2026-02-26,17.34,17.4,7.941279411315918
lithium_hydroxide,CEEMDAN-LSTM,Decomposition,2026-02-26,2026-03-02,17.4,20.98,7.941280841827393
lithium_hydroxide,CEEMDAN-LSTM,Decomposition,2026-03-02,2026-03-03,20.98,19.77,7.941281795501709
lithium_hydroxide,CEEMDAN-LSTM,Decomposition,2026-03-03,2026-03-04,19.77,19.77,7.941284656524658
lithium_hydroxide,CEEMDAN-LSTM,Decomposition,2026-03-04,2026-03-05,19.77,19.98,7.941286563873291
lithium_hydroxide,CEEMDAN-LSTM,Decomposition,2026-03-05,2026-03-06,19.98,20.19,7.94128942489624
lithium_hydroxide,CEEMDAN-LSTM,Decomposition,2026-03-06,2026-03-09,20.19,20.19,7.941292762756348
lithium_hydroxide,CEEMDAN-LSTM,Decomposition,2026-03-09,2026-03-10,20.19,20.19,7.941293239593506
lithium_hydroxide,CEEMDAN-LSTM,Decomposition,2026-03-10,2026-03-11,20.19,19.85,7.941294193267822
lithium_hydroxide,CEEMDAN-LSTM,Decomposition,2026-03-11,2026-03-12,19.85,19.85,7.941296577453613
lithium_hydroxide,Fixed VMD-LASSO-ARIMA/LSTM,Decomposition,2025-08-18,2025-08-19,8.4,8.35,8.220627908688833
lithium_hydroxide,Fixed VMD-LASSO-ARIMA/LSTM,Decomposition,2025-08-19,2025-08-20,8.35,8.44,8.204506219041889
lithium_hydroxide,Fixed VMD-LASSO-ARIMA/LSTM,Decomposition,2025-08-20,2025-08-21,8.44,8.44,8.215813477627625
lithium_hydroxide,Fixed VMD-LASSO-ARIMA/LSTM,Decomposition,2025-08-21,2025-08-22,8.44,8.5,8.231672737290527
lithium_hydroxide,Fixed VMD-LASSO-ARIMA/LSTM,Decomposition,2025-08-22,2025-08-25,8.5,8.48,8.233502528399377
lithium_hydroxide,Fixed VMD-LASSO-ARIMA/LSTM,Decomposition,2025-08-25,2025-08-26,8.48,8.48,8.249586890766876
lithium_hydroxide,Fixed VMD-LASSO-ARIMA/LSTM,Decomposition,2025-08-26,2025-08-27,8.48,8.51,8.263498558493817
lithium_hydroxide,Fixed VMD-LASSO-ARIMA/LSTM,Decomposition,2025-08-27,2025-08-28,8.51,8.51,8.262354202453125
lithium_hydroxide,Fixed VMD-LASSO-ARIMA/LSTM,Decomposition,2025-08-28,2025-08-29,8.51,8.52,8.25926398371328
lithium_hydroxide,Fixed VMD-LASSO-ARIMA/LSTM,Decomposition,2025-08-29,2025-09-02,8.52,9.4,8.253954458699901
lithium_hydroxide,Fixed VMD-LASSO-ARIMA/LSTM,Decomposition,2025-09-02,2025-09-03,9.4,9.38,8.26555897291712
lithium_hydroxide,Fixed VMD-LASSO-ARIMA/LSTM,Decomposition,2025-09-03,2025-09-04,9.38,9.48,8.25593707096059
lithium_hydroxide,Fixed VMD-LASSO-ARIMA/LSTM,Decomposition,2025-09-04,2025-09-05,9.48,9.48,8.26168320562637
lithium_hydroxide,Fixed VMD-LASSO-ARIMA/LSTM,Decomposition,2025-09-05,2025-09-08,9.48,9.48,8.267848144701864
lithium_hydroxide,Fixed VMD-LASSO-ARIMA/LSTM,Decomposition,2025-09-08,2025-09-09,9.48,9.48,8.265378959236203
lithium_hydroxide,Fixed VMD-LASSO-ARIMA/LSTM,Decomposition,2025-09-09,2025-09-10,9.48,9.48,8.264282673160857
lithium_hydroxide,Fixed VMD-LASSO-ARIMA/LSTM,Decomposition,2025-09-10,2025-09-11,9.48,9.48,8.273737020059722
lithium_hydroxide,Fixed VMD-LASSO-ARIMA/LSTM,Decomposition,2025-09-11,2025-09-12,9.48,9.48,8.253890735696391
lithium_hydroxide,Fixed VMD-LASSO-ARIMA/LSTM,Decomposition,2025-09-12,2025-09-15,9.48,9.48,8.239325421897448
lithium_hydroxide,Fixed VMD-LASSO-ARIMA/LSTM,Decomposition,2025-09-15,2025-09-16,9.48,9.48,8.229526386644611
lithium_hydroxide,Fixed VMD-LASSO-ARIMA/LSTM,Decomposition,2025-09-16,2025-09-17,9.48,9.48,8.224005773691836
lithium_hydroxide,Fixed VMD-LASSO-ARIMA/LSTM,Decomposition,2025-09-17,2025-09-18,9.48,9.48,8.211331654373405
lithium_hydroxide,Fixed VMD-LASSO-ARIMA/LSTM,Decomposition,2025-09-18,2025-09-19,9.48,9.54,8.206750544669939
lithium_hydroxide,Fixed VMD-LASSO-ARIMA/LSTM,Decomposition,2025-09-19,2025-09-22,9.54,9.54,8.198620441326975
lithium_hydroxide,Fixed VMD-LASSO-ARIMA/LSTM,Decomposition,2025-09-22,2025-09-23,9.54,9.54,8.19219675767964
lithium_hydroxide,Fixed VMD-LASSO-ARIMA/LSTM,Decomposition,2025-09-23,2025-09-24,9.54,9.54,8.179911906560205
lithium_hydroxide,Fixed VMD-LASSO-ARIMA/LSTM,Decomposition,2025-09-24,2025-09-25,9.54,9.54,8.179431415755538
lithium_hydroxide,Fixed VMD-LASSO-ARIMA/LSTM,Decomposition,2025-09-25,2025-09-26,9.54,9.53,8.17230066295182
lithium_hydroxide,Fixed VMD-LASSO-ARIMA/LSTM,Decomposition,2025-09-26,2025-09-29,9.53,9.53,8.171239688988505
lithium_hydroxide,Fixed VMD-LASSO-ARIMA/LSTM,Decomposition,2025-09-29,2025-09-30,9.53,9.53,8.159544004083095
lithium_hydroxide,Fixed VMD-LASSO-ARIMA/LSTM,Decomposition,2025-09-30,2025-10-01,9.53,9.6,8.154655227725904
lithium_hydroxide,Fixed VMD-LASSO-ARIMA/LSTM,Decomposition,2025-10-01,2025-10-02,9.6,9.59,8.124972285761384
lithium_hydroxide,Fixed VMD-LASSO-ARIMA/LSTM,Decomposition,2025-10-02,2025-10-03,9.59,9.6,8.127604780483887
lithium_hydroxide,Fixed VMD-LASSO-ARIMA/LSTM,Decomposition,2025-10-03,2025-10-06,9.6,9.55,8.108742541355735
lithium_hydroxide,Fixed VMD-LASSO-ARIMA/LSTM,Decomposition,2025-10-06,2025-10-07,9.55,9.6,8.083385904611493
lithium_hydroxide,Fixed VMD-LASSO-ARIMA/LSTM,Decomposition,2025-10-07,2025-10-08,9.6,9.6,8.072631941328607
lithium_hydroxide,Fixed VMD-LASSO-ARIMA/LSTM,Decomposition,2025-10-08,2025-10-09,9.6,9.6,8.059509111039048
lithium_hydroxide,Fixed VMD-LASSO-ARIMA/LSTM,Decomposition,2025-10-09,2025-10-10,9.6,9.55,8.050456359204357
lithium_hydroxide,Fixed VMD-LASSO-ARIMA/LSTM,Decomposition,2025-10-10,2025-10-13,9.55,9.6,8.080580531154865
lithium_hydroxide,Fixed VMD-LASSO-ARIMA/LSTM,Decomposition,2025-10-13,2025-10-14,9.6,9.6,8.040711018238838
lithium_hydroxide,Fixed VMD-LASSO-ARIMA/LSTM,Decomposition,2025-10-14,2025-10-15,9.6,9.6,8.021040168171432
lithium_hydroxide,Fixed VMD-LASSO-ARIMA/LSTM,Decomposition,2025-10-15,2025-10-16,9.6,9.6,8.008156603971084
lithium_hydroxide,Fixed VMD-LASSO-ARIMA/LSTM,Decomposition,2025-10-16,2025-10-17,9.6,9.6,8.005936794663992
lithium_hydroxide,Fixed VMD-LASSO-ARIMA/LSTM,Decomposition,2025-10-17,2025-10-20,9.6,9.75,7.989577511271703
lithium_hydroxide,Fixed VMD-LASSO-ARIMA/LSTM,Decomposition,2025-10-20,2025-10-21,9.75,9.6,7.981619740089501
lithium_hydroxide,Fixed VMD-LASSO-ARIMA/LSTM,Decomposition,2025-10-21,2025-10-22,9.6,9.6,7.977393721401388
lithium_hydroxide,Fixed VMD-LASSO-ARIMA/LSTM,Decomposition,2025-10-22,2025-10-23,9.6,9.6,7.964371398741332
lithium_hydroxide,Fixed VMD-LASSO-ARIMA/LSTM,Decomposition,2025-10-23,2025-10-24,9.6,9.6,7.9540426798101835
lithium_hydroxide,Fixed VMD-LASSO-ARIMA/LSTM,Decomposition,2025-10-24,2025-10-27,9.6,9.6,7.949516811022575
lithium_hydroxide,Fixed VMD-LASSO-ARIMA/LSTM,Decomposition,2025-10-27,2025-10-28,9.6,9.61,7.942675806369311
lithium_hydroxide,Fixed VMD-LASSO-ARIMA/LSTM,Decomposition,2025-10-28,2025-10-29,9.61,9.63,7.9341560727637805
lithium_hydroxide,Fixed VMD-LASSO-ARIMA/LSTM,Decomposition,2025-10-29,2025-10-30,9.63,9.63,7.930656817826597
lithium_hydroxide,Fixed VMD-LASSO-ARIMA/LSTM,Decomposition,2025-10-30,2025-10-31,9.63,9.63,7.918512106583257
lithium_hydroxide,Fixed VMD-LASSO-ARIMA/LSTM,Decomposition,2025-10-31,2025-11-03,9.63,9.8,7.907806018522369
lithium_hydroxide,Fixed VMD-LASSO-ARIMA/LSTM,Decomposition,2025-11-03,2025-11-04,9.8,9.93,7.900552485652391
lithium_hydroxide,Fixed VMD-LASSO-ARIMA/LSTM,Decomposition,2025-11-04,2025-11-05,9.93,9.8,7.891471152215041
lithium_hydroxide,Fixed VMD-LASSO-ARIMA/LSTM,Decomposition,2025-11-05,2025-11-06,9.8,9.9,7.883580401559188
lithium_hydroxide,Fixed VMD-LASSO-ARIMA/LSTM,Decomposition,2025-11-06,2025-11-07,9.9,9.97,7.88609205629778
lithium_hydroxide,Fixed VMD-LASSO-ARIMA/LSTM,Decomposition,2025-11-07,2025-11-10,9.97,9.97,7.8776675169063095
lithium_hydroxide,Fixed VMD-LASSO-ARIMA/LSTM,Decomposition,2025-11-10,2025-11-11,9.97,9.97,7.861975489892357
lithium_hydroxide,Fixed VMD-LASSO-ARIMA/LSTM,Decomposition,2025-11-11,2025-11-12,9.97,9.97,7.858725071844637
lithium_hydroxide,Fixed VMD-LASSO-ARIMA/LSTM,Decomposition,2025-11-12,2025-11-13,9.97,10.06,7.8547078937549895
lithium_hydroxide,Fixed VMD-LASSO-ARIMA/LSTM,Decomposition,2025-11-13,2025-11-14,10.06,10.06,7.852355904191401
lithium_hydroxide,Fixed VMD-LASSO-ARIMA/LSTM,Decomposition,2025-11-14,2025-11-17,10.06,10.21,7.8524766809230995
lithium_hydroxide,Fixed VMD-LASSO-ARIMA/LSTM,Decomposition,2025-11-17,2025-11-18,10.21,10.21,7.839429165353025
lithium_hydroxide,Fixed VMD-LASSO-ARIMA/LSTM,Decomposition,2025-11-18,2025-11-19,10.21,10.13,7.842428411817947
lithium_hydroxide,Fixed VMD-LASSO-ARIMA/LSTM,Decomposition,2025-11-19,2025-11-20,10.13,10.16,7.833121317121231
lithium_hydroxide,Fixed VMD-LASSO-ARIMA/LSTM,Decomposition,2025-11-20,2025-11-21,10.16,10.19,7.835315898427762
lithium_hydroxide,Fixed VMD-LASSO-ARIMA/LSTM,Decomposition,2025-11-21,2025-11-24,10.19,10.19,7.834483963397317
lithium_hydroxide,Fixed VMD-LASSO-ARIMA/LSTM,Decomposition,2025-11-24,2025-11-25,10.19,10.19,7.841049977414896
lithium_hydroxide,Fixed VMD-LASSO-ARIMA/LSTM,Decomposition,2025-11-25,2025-11-26,10.19,10.18,7.8359703616572
lithium_hydroxide,Fixed VMD-LASSO-ARIMA/LSTM,Decomposition,2025-11-26,2025-11-28,10.18,10.19,7.840801526913803
lithium_hydroxide,Fixed VMD-LASSO-ARIMA/LSTM,Decomposition,2025-11-28,2025-12-01,10.19,10.95,7.843576660719503
lithium_hydroxide,Fixed VMD-LASSO-ARIMA/LSTM,Decomposition,2025-12-01,2025-12-02,10.95,10.4,7.84646028525232
lithium_hydroxide,Fixed VMD-LASSO-ARIMA/LSTM,Decomposition,2025-12-02,2025-12-03,10.4,10.26,7.845504725367173
lithium_hydroxide,Fixed VMD-LASSO-ARIMA/LSTM,Decomposition,2025-12-03,2025-12-04,10.26,10.31,7.835320415237059
lithium_hydroxide,Fixed VMD-LASSO-ARIMA/LSTM,Decomposition,2025-12-04,2025-12-05,10.31,10.31,7.849790859019199
lithium_hydroxide,Fixed VMD-LASSO-ARIMA/LSTM,Decomposition,2025-12-05,2025-12-08,10.31,10.31,7.852763537807185
lithium_hydroxide,Fixed VMD-LASSO-ARIMA/LSTM,Decomposition,2025-12-08,2025-12-09,10.31,10.31,7.853852371045368
lithium_hydroxide,Fixed VMD-LASSO-ARIMA/LSTM,Decomposition,2025-12-09,2025-12-10,10.31,10.3,7.855797691659488
lithium_hydroxide,Fixed VMD-LASSO-ARIMA/LSTM,Decomposition,2025-12-10,2025-12-11,10.3,10.31,7.857132275749598
lithium_hydroxide,Fixed VMD-LASSO-ARIMA/LSTM,Decomposition,2025-12-11,2025-12-12,10.31,10.4,7.856470161316565
lithium_hydroxide,Fixed VMD-LASSO-ARIMA/LSTM,Decomposition,2025-12-12,2025-12-15,10.4,10.37,7.864611226799666
lithium_hydroxide,Fixed VMD-LASSO-ARIMA/LSTM,Decomposition,2025-12-15,2025-12-16,10.37,10.37,7.864667625252089
lithium_hydroxide,Fixed VMD-LASSO-ARIMA/LSTM,Decomposition,2025-12-16,2025-12-17,10.37,10.42,7.866699257625057
lithium_hydroxide,Fixed VMD-LASSO-ARIMA/LSTM,Decomposition,2025-12-17,2025-12-18,10.42,10.61,7.870901248712317
lithium_hydroxide,Fixed VMD-LASSO-ARIMA/LSTM,Decomposition,2025-12-18,2025-12-19,10.61,10.83,7.917051042985428
lithium_hydroxide,Fixed VMD-LASSO-ARIMA/LSTM,Decomposition,2025-12-19,2025-12-22,10.83,10.83,7.890022478965015
lithium_hydroxide,Fixed VMD-LASSO-ARIMA/LSTM,Decomposition,2025-12-22,2025-12-23,10.83,11.21,7.892203189649733
lithium_hydroxide,Fixed VMD-LASSO-ARIMA/LSTM,Decomposition,2025-12-23,2025-12-24,11.21,11.21,7.900265415721393
lithium_hydroxide,Fixed VMD-LASSO-ARIMA/LSTM,Decomposition,2025-12-24,2025-12-26,11.21,11.21,7.904676606789146
lithium_hydroxide,Fixed VMD-LASSO-ARIMA/LSTM,Decomposition,2025-12-26,2025-12-29,11.21,11.24,7.908147802794408
lithium_hydroxide,Fixed VMD-LASSO-ARIMA/LSTM,Decomposition,2025-12-29,2025-12-30,11.24,11.22,7.928315189230322
lithium_hydroxide,Fixed VMD-LASSO-ARIMA/LSTM,Decomposition,2025-12-30,2025-12-31,11.22,11.22,7.922701820191284
lithium_hydroxide,Fixed VMD-LASSO-ARIMA/LSTM,Decomposition,2025-12-31,2026-01-02,11.22,15.47,7.926740423915561
lithium_hydroxide,Fixed VMD-LASSO-ARIMA/LSTM,Decomposition,2026-01-02,2026-01-05,15.47,15.23,7.931170045867415
lithium_hydroxide,Fixed VMD-LASSO-ARIMA/LSTM,Decomposition,2026-01-05,2026-01-06,15.23,16.51,7.942830978522356
lithium_hydroxide,Fixed VMD-LASSO-ARIMA/LSTM,Decomposition,2026-01-06,2026-01-07,16.51,16.8,7.945875434427062
lithium_hydroxide,Fixed VMD-LASSO-ARIMA/LSTM,Decomposition,2026-01-07,2026-01-08,16.8,17.21,7.958178606205904
lithium_hydroxide,Fixed VMD-LASSO-ARIMA/LSTM,Decomposition,2026-01-08,2026-01-09,17.21,17.97,7.95992684588033
lithium_hydroxide,Fixed VMD-LASSO-ARIMA/LSTM,Decomposition,2026-01-09,2026-01-12,17.97,16.63,7.968012262696082
lithium_hydroxide,Fixed VMD-LASSO-ARIMA/LSTM,Decomposition,2026-01-12,2026-01-13,16.63,17.96,7.968674070307282
lithium_hydroxide,Fixed VMD-LASSO-ARIMA/LSTM,Decomposition,2026-01-13,2026-01-14,17.96,18.58,7.980800157563374
lithium_hydroxide,Fixed VMD-LASSO-ARIMA/LSTM,Decomposition,2026-01-14,2026-01-15,18.58,18.44,7.974611297389642
lithium_hydroxide,Fixed VMD-LASSO-ARIMA/LSTM,Decomposition,2026-01-15,2026-01-16,18.44,17.92,7.98727041339825
lithium_hydroxide,Fixed VMD-LASSO-ARIMA/LSTM,Decomposition,2026-01-16,2026-01-20,17.92,17.77,7.995975525909531
lithium_hydroxide,Fixed VMD-LASSO-ARIMA/LSTM,Decomposition,2026-01-20,2026-01-21,17.77,18.06,7.999136724611628
lithium_hydroxide,Fixed VMD-LASSO-ARIMA/LSTM,Decomposition,2026-01-21,2026-01-22,18.06,18.39,8.005701539826804
lithium_hydroxide,Fixed VMD-LASSO-ARIMA/LSTM,Decomposition,2026-01-22,2026-01-23,18.39,18.39,8.012205488554535
lithium_hydroxide,Fixed VMD-LASSO-ARIMA/LSTM,Decomposition,2026-01-23,2026-01-26,18.39,18.27,8.019503290135106
lithium_hydroxide,Fixed VMD-LASSO-ARIMA/LSTM,Decomposition,2026-01-26,2026-01-27,18.27,18.27,8.028224973185628
lithium_hydroxide,Fixed VMD-LASSO-ARIMA/LSTM,Decomposition,2026-01-27,2026-01-28,18.27,18.2,8.033157909341291
lithium_hydroxide,Fixed VMD-LASSO-ARIMA/LSTM,Decomposition,2026-01-28,2026-01-29,18.2,18.2,8.048343865569334
lithium_hydroxide,Fixed VMD-LASSO-ARIMA/LSTM,Decomposition,2026-01-29,2026-01-30,18.2,18.18,8.058231586162034
lithium_hydroxide,Fixed VMD-LASSO-ARIMA/LSTM,Decomposition,2026-01-30,2026-02-02,18.18,17.5,8.065642085804216
lithium_hydroxide,Fixed VMD-LASSO-ARIMA/LSTM,Decomposition,2026-02-02,2026-02-03,17.5,17.5,8.049730652085927
lithium_hydroxide,Fixed VMD-LASSO-ARIMA/LSTM,Decomposition,2026-02-03,2026-02-04,17.5,17.5,8.077151234954815
lithium_hydroxide,Fixed VMD-LASSO-ARIMA/LSTM,Decomposition,2026-02-04,2026-02-05,17.5,17.0,8.082873830915705
lithium_hydroxide,Fixed VMD-LASSO-ARIMA/LSTM,Decomposition,2026-02-05,2026-02-06,17.0,16.85,8.085615480137914
lithium_hydroxide,Fixed VMD-LASSO-ARIMA/LSTM,Decomposition,2026-02-06,2026-02-09,16.85,16.65,8.083828621860594
lithium_hydroxide,Fixed VMD-LASSO-ARIMA/LSTM,Decomposition,2026-02-09,2026-02-10,16.65,16.62,8.091520793533894
lithium_hydroxide,Fixed VMD-LASSO-ARIMA/LSTM,Decomposition,2026-02-10,2026-02-11,16.62,16.81,8.099426693682014
lithium_hydroxide,Fixed VMD-LASSO-ARIMA/LSTM,Decomposition,2026-02-11,2026-02-12,16.81,16.81,8.095920351989967
lithium_hydroxide,Fixed VMD-LASSO-ARIMA/LSTM,Decomposition,2026-02-12,2026-02-13,16.81,16.81,8.105889543844622
lithium_hydroxide,Fixed VMD-LASSO-ARIMA/LSTM,Decomposition,2026-02-13,2026-02-17,16.81,16.81,8.107559636373367
lithium_hydroxide,Fixed VMD-LASSO-ARIMA/LSTM,Decomposition,2026-02-17,2026-02-18,16.81,16.91,8.12460390618343
lithium_hydroxide,Fixed VMD-LASSO-ARIMA/LSTM,Decomposition,2026-02-18,2026-02-19,16.91,16.91,8.125004300735672
lithium_hydroxide,Fixed VMD-LASSO-ARIMA/LSTM,Decomposition,2026-02-19,2026-02-20,16.91,16.91,8.14387907540695
lithium_hydroxide,Fixed VMD-LASSO-ARIMA/LSTM,Decomposition,2026-02-20,2026-02-23,16.91,16.91,8.154609772073051
lithium_hydroxide,Fixed VMD-LASSO-ARIMA/LSTM,Decomposition,2026-02-23,2026-02-24,16.91,17.11,8.157263831228738
lithium_hydroxide,Fixed VMD-LASSO-ARIMA/LSTM,Decomposition,2026-02-24,2026-02-25,17.11,17.34,8.175302303777817
lithium_hydroxide,Fixed VMD-LASSO-ARIMA/LSTM,Decomposition,2026-02-25,2026-02-26,17.34,17.4,8.164372929446293
lithium_hydroxide,Fixed VMD-LASSO-ARIMA/LSTM,Decomposition,2026-02-26,2026-03-02,17.4,20.98,8.166067626476714
lithium_hydroxide,Fixed VMD-LASSO-ARIMA/LSTM,Decomposition,2026-03-02,2026-03-03,20.98,19.77,8.16695315905924
lithium_hydroxide,Fixed VMD-LASSO-ARIMA/LSTM,Decomposition,2026-03-03,2026-03-04,19.77,19.77,8.169089857224593
lithium_hydroxide,Fixed VMD-LASSO-ARIMA/LSTM,Decomposition,2026-03-04,2026-03-05,19.77,19.98,8.180908609254814
lithium_hydroxide,Fixed VMD-LASSO-ARIMA/LSTM,Decomposition,2026-03-05,2026-03-06,19.98,20.19,8.17379217523758
lithium_hydroxide,Fixed VMD-LASSO-ARIMA/LSTM,Decomposition,2026-03-06,2026-03-09,20.19,20.19,8.174190229810245
lithium_hydroxide,Fixed VMD-LASSO-ARIMA/LSTM,Decomposition,2026-03-09,2026-03-10,20.19,20.19,8.170359138370314
lithium_hydroxide,Fixed VMD-LASSO-ARIMA/LSTM,Decomposition,2026-03-10,2026-03-11,20.19,19.85,8.17936164163989
lithium_hydroxide,Fixed VMD-LASSO-ARIMA/LSTM,Decomposition,2026-03-11,2026-03-12,19.85,19.85,8.187285636513428
lithium_hydroxide,Proposed Adaptive Decomposition-Routing Ensemble,Decomposition,2025-08-18,2025-08-19,8.4,8.35,7.486232080698577
lithium_hydroxide,Proposed Adaptive Decomposition-Routing Ensemble,Decomposition,2025-08-19,2025-08-20,8.35,8.44,8.419926064426464
lithium_hydroxide,Proposed Adaptive Decomposition-Routing Ensemble,Decomposition,2025-08-20,2025-08-21,8.44,8.44,8.4524112766223
lithium_hydroxide,Proposed Adaptive Decomposition-Routing Ensemble,Decomposition,2025-08-21,2025-08-22,8.44,8.5,8.481112196556142
lithium_hydroxide,Proposed Adaptive Decomposition-Routing Ensemble,Decomposition,2025-08-22,2025-08-25,8.5,8.48,8.415227944019065
lithium_hydroxide,Proposed Adaptive Decomposition-Routing Ensemble,Decomposition,2025-08-25,2025-08-26,8.48,8.48,8.464356080459654
lithium_hydroxide,Proposed Adaptive Decomposition-Routing Ensemble,Decomposition,2025-08-26,2025-08-27,8.48,8.51,8.471749317942576
lithium_hydroxide,Proposed Adaptive Decomposition-Routing Ensemble,Decomposition,2025-08-27,2025-08-28,8.51,8.51,8.538007014954239
lithium_hydroxide,Proposed Adaptive Decomposition-Routing Ensemble,Decomposition,2025-08-28,2025-08-29,8.51,8.52,8.53481375323595
lithium_hydroxide,Proposed Adaptive Decomposition-Routing Ensemble,Decomposition,2025-08-29,2025-09-02,8.52,9.4,9.15392276108917
lithium_hydroxide,Proposed Adaptive Decomposition-Routing Ensemble,Decomposition,2025-09-02,2025-09-03,9.4,9.38,9.24166453320939
lithium_hydroxide,Proposed Adaptive Decomposition-Routing Ensemble,Decomposition,2025-09-03,2025-09-04,9.38,9.48,9.277075133046951
lithium_hydroxide,Proposed Adaptive Decomposition-Routing Ensemble,Decomposition,2025-09-04,2025-09-05,9.48,9.48,9.27944407808029
lithium_hydroxide,Proposed Adaptive Decomposition-Routing Ensemble,Decomposition,2025-09-05,2025-09-08,9.48,9.48,9.263536079035857
lithium_hydroxide,Proposed Adaptive Decomposition-Routing Ensemble,Decomposition,2025-09-08,2025-09-09,9.48,9.48,9.24836576768049
lithium_hydroxide,Proposed Adaptive Decomposition-Routing Ensemble,Decomposition,2025-09-09,2025-09-10,9.48,9.48,9.281965496622965
lithium_hydroxide,Proposed Adaptive Decomposition-Routing Ensemble,Decomposition,2025-09-10,2025-09-11,9.48,9.48,9.32914267720585
lithium_hydroxide,Proposed Adaptive Decomposition-Routing Ensemble,Decomposition,2025-09-11,2025-09-12,9.48,9.48,9.395110088254437
lithium_hydroxide,Proposed Adaptive Decomposition-Routing Ensemble,Decomposition,2025-09-12,2025-09-15,9.48,9.48,9.380630188234472
lithium_hydroxide,Proposed Adaptive Decomposition-Routing Ensemble,Decomposition,2025-09-15,2025-09-16,9.48,9.48,9.350998378767297
lithium_hydroxide,Proposed Adaptive Decomposition-Routing Ensemble,Decomposition,2025-09-16,2025-09-17,9.48,9.48,9.308166744484673
lithium_hydroxide,Proposed Adaptive Decomposition-Routing Ensemble,Decomposition,2025-09-17,2025-09-18,9.48,9.48,9.310384351614076
lithium_hydroxide,Proposed Adaptive Decomposition-Routing Ensemble,Decomposition,2025-09-18,2025-09-19,9.48,9.54,9.360295051043071
lithium_hydroxide,Proposed Adaptive Decomposition-Routing Ensemble,Decomposition,2025-09-19,2025-09-22,9.54,9.54,9.36843910590347
lithium_hydroxide,Proposed Adaptive Decomposition-Routing Ensemble,Decomposition,2025-09-22,2025-09-23,9.54,9.54,9.384092712449544
lithium_hydroxide,Proposed Adaptive Decomposition-Routing Ensemble,Decomposition,2025-09-23,2025-09-24,9.54,9.54,9.407521906877502
lithium_hydroxide,Proposed Adaptive Decomposition-Routing Ensemble,Decomposition,2025-09-24,2025-09-25,9.54,9.54,9.42395152413793
lithium_hydroxide,Proposed Adaptive Decomposition-Routing Ensemble,Decomposition,2025-09-25,2025-09-26,9.54,9.53,9.40163503550542
lithium_hydroxide,Proposed Adaptive Decomposition-Routing Ensemble,Decomposition,2025-09-26,2025-09-29,9.53,9.53,9.380400621056182
lithium_hydroxide,Proposed Adaptive Decomposition-Routing Ensemble,Decomposition,2025-09-29,2025-09-30,9.53,9.53,9.434130417030186
lithium_hydroxide,Proposed Adaptive Decomposition-Routing Ensemble,Decomposition,2025-09-30,2025-10-01,9.53,9.6,9.480930541360594
lithium_hydroxide,Proposed Adaptive Decomposition-Routing Ensemble,Decomposition,2025-10-01,2025-10-02,9.6,9.59,9.533458900653143
lithium_hydroxide,Proposed Adaptive Decomposition-Routing Ensemble,Decomposition,2025-10-02,2025-10-03,9.59,9.6,9.541681394823033
lithium_hydroxide,Proposed Adaptive Decomposition-Routing Ensemble,Decomposition,2025-10-03,2025-10-06,9.6,9.55,9.529778863928039
lithium_hydroxide,Proposed Adaptive Decomposition-Routing Ensemble,Decomposition,2025-10-06,2025-10-07,9.55,9.6,9.54774132661387
lithium_hydroxide,Proposed Adaptive Decomposition-Routing Ensemble,Decomposition,2025-10-07,2025-10-08,9.6,9.6,9.555464338120943
lithium_hydroxide,Proposed Adaptive Decomposition-Routing Ensemble,Decomposition,2025-10-08,2025-10-09,9.6,9.6,9.54688938832658
lithium_hydroxide,Proposed Adaptive Decomposition-Routing Ensemble,Decomposition,2025-10-09,2025-10-10,9.6,9.55,9.506046568085836
lithium_hydroxide,Proposed Adaptive Decomposition-Routing Ensemble,Decomposition,2025-10-10,2025-10-13,9.55,9.6,9.602540917028161
lithium_hydroxide,Proposed Adaptive Decomposition-Routing Ensemble,Decomposition,2025-10-13,2025-10-14,9.6,9.6,9.611213791151297
lithium_hydroxide,Proposed Adaptive Decomposition-Routing Ensemble,Decomposition,2025-10-14,2025-10-15,9.6,9.6,9.613694211799055
lithium_hydroxide,Proposed Adaptive Decomposition-Routing Ensemble,Decomposition,2025-10-15,2025-10-16,9.6,9.6,9.624613183950169
lithium_hydroxide,Proposed Adaptive Decomposition-Routing Ensemble,Decomposition,2025-10-16,2025-10-17,9.6,9.6,9.624645379854828
lithium_hydroxide,Proposed Adaptive Decomposition-Routing Ensemble,Decomposition,2025-10-17,2025-10-20,9.6,9.75,9.726075655772023
lithium_hydroxide,Proposed Adaptive Decomposition-Routing Ensemble,Decomposition,2025-10-20,2025-10-21,9.75,9.6,9.60063587201218
lithium_hydroxide,Proposed Adaptive Decomposition-Routing Ensemble,Decomposition,2025-10-21,2025-10-22,9.6,9.6,9.594371156469206
lithium_hydroxide,Proposed Adaptive Decomposition-Routing Ensemble,Decomposition,2025-10-22,2025-10-23,9.6,9.6,9.617112788163226
lithium_hydroxide,Proposed Adaptive Decomposition-Routing Ensemble,Decomposition,2025-10-23,2025-10-24,9.6,9.6,9.602985986012873
lithium_hydroxide,Proposed Adaptive Decomposition-Routing Ensemble,Decomposition,2025-10-24,2025-10-27,9.6,9.6,9.612712585230236
lithium_hydroxide,Proposed Adaptive Decomposition-Routing Ensemble,Decomposition,2025-10-27,2025-10-28,9.6,9.61,9.593539931628898
lithium_hydroxide,Proposed Adaptive Decomposition-Routing Ensemble,Decomposition,2025-10-28,2025-10-29,9.61,9.63,9.649344270269493
lithium_hydroxide,Proposed Adaptive Decomposition-Routing Ensemble,Decomposition,2025-10-29,2025-10-30,9.63,9.63,9.675309724283645
lithium_hydroxide,Proposed Adaptive Decomposition-Routing Ensemble,Decomposition,2025-10-30,2025-10-31,9.63,9.63,9.662972301846471
lithium_hydroxide,Proposed Adaptive Decomposition-Routing Ensemble,Decomposition,2025-10-31,2025-11-03,9.63,9.8,9.773630959936314
lithium_hydroxide,Proposed Adaptive Decomposition-Routing Ensemble,Decomposition,2025-11-03,2025-11-04,9.8,9.93,9.93146857707615
lithium_hydroxide,Proposed Adaptive Decomposition-Routing Ensemble,Decomposition,2025-11-04,2025-11-05,9.93,9.8,9.820745444242808
lithium_hydroxide,Proposed Adaptive Decomposition-Routing Ensemble,Decomposition,2025-11-05,2025-11-06,9.8,9.9,9.889131995865982
lithium_hydroxide,Proposed Adaptive Decomposition-Routing Ensemble,Decomposition,2025-11-06,2025-11-07,9.9,9.97,9.990027399087168
lithium_hydroxide,Proposed Adaptive Decomposition-Routing Ensemble,Decomposition,2025-11-07,2025-11-10,9.97,9.97,9.99918421540036
lithium_hydroxide,Proposed Adaptive Decomposition-Routing Ensemble,Decomposition,2025-11-10,2025-11-11,9.97,9.97,10.075474093376693
lithium_hydroxide,Proposed Adaptive Decomposition-Routing Ensemble,Decomposition,2025-11-11,2025-11-12,9.97,9.97,10.078838149158239
lithium_hydroxide,Proposed Adaptive Decomposition-Routing Ensemble,Decomposition,2025-11-12,2025-11-13,9.97,10.06,10.113226594509754
lithium_hydroxide,Proposed Adaptive Decomposition-Routing Ensemble,Decomposition,2025-11-13,2025-11-14,10.06,10.06,10.052619116794695
lithium_hydroxide,Proposed Adaptive Decomposition-Routing Ensemble,Decomposition,2025-11-14,2025-11-17,10.06,10.21,10.150184351102135
lithium_hydroxide,Proposed Adaptive Decomposition-Routing Ensemble,Decomposition,2025-11-17,2025-11-18,10.21,10.21,10.151360735160651
lithium_hydroxide,Proposed Adaptive Decomposition-Routing Ensemble,Decomposition,2025-11-18,2025-11-19,10.21,10.13,10.0758070378556
lithium_hydroxide,Proposed Adaptive Decomposition-Routing Ensemble,Decomposition,2025-11-19,2025-11-20,10.13,10.16,9.728016539056222
lithium_hydroxide,Proposed Adaptive Decomposition-Routing Ensemble,Decomposition,2025-11-20,2025-11-21,10.16,10.19,9.71399690160094
lithium_hydroxide,Proposed Adaptive Decomposition-Routing Ensemble,Decomposition,2025-11-21,2025-11-24,10.19,10.19,10.112269763659375
lithium_hydroxide,Proposed Adaptive Decomposition-Routing Ensemble,Decomposition,2025-11-24,2025-11-25,10.19,10.19,10.197923019634477
lithium_hydroxide,Proposed Adaptive Decomposition-Routing Ensemble,Decomposition,2025-11-25,2025-11-26,10.19,10.18,10.162673755595199
lithium_hydroxide,Proposed Adaptive Decomposition-Routing Ensemble,Decomposition,2025-11-26,2025-11-28,10.18,10.19,10.102118946477251
lithium_hydroxide,Proposed Adaptive Decomposition-Routing Ensemble,Decomposition,2025-11-28,2025-12-01,10.19,10.95,10.66584897910249
lithium_hydroxide,Proposed Adaptive Decomposition-Routing Ensemble,Decomposition,2025-12-01,2025-12-02,10.95,10.4,10.397533385784735
lithium_hydroxide,Proposed Adaptive Decomposition-Routing Ensemble,Decomposition,2025-12-02,2025-12-03,10.4,10.26,10.285167927283002
lithium_hydroxide,Proposed Adaptive Decomposition-Routing Ensemble,Decomposition,2025-12-03,2025-12-04,10.26,10.31,10.281749433489805
lithium_hydroxide,Proposed Adaptive Decomposition-Routing Ensemble,Decomposition,2025-12-04,2025-12-05,10.31,10.31,10.463241999862232
lithium_hydroxide,Proposed Adaptive Decomposition-Routing Ensemble,Decomposition,2025-12-05,2025-12-08,10.31,10.31,10.41113718792956
lithium_hydroxide,Proposed Adaptive Decomposition-Routing Ensemble,Decomposition,2025-12-08,2025-12-09,10.31,10.31,10.519803203548635
lithium_hydroxide,Proposed Adaptive Decomposition-Routing Ensemble,Decomposition,2025-12-09,2025-12-10,10.31,10.3,10.771777053296644
lithium_hydroxide,Proposed Adaptive Decomposition-Routing Ensemble,Decomposition,2025-12-10,2025-12-11,10.3,10.31,10.584822921246754
lithium_hydroxide,Proposed Adaptive Decomposition-Routing Ensemble,Decomposition,2025-12-11,2025-12-12,10.31,10.4,10.965361232055375
lithium_hydroxide,Proposed Adaptive Decomposition-Routing Ensemble,Decomposition,2025-12-12,2025-12-15,10.4,10.37,10.645148449965776
lithium_hydroxide,Proposed Adaptive Decomposition-Routing Ensemble,Decomposition,2025-12-15,2025-12-16,10.37,10.37,10.768656461037072
lithium_hydroxide,Proposed Adaptive Decomposition-Routing Ensemble,Decomposition,2025-12-16,2025-12-17,10.37,10.42,10.523269990642401
lithium_hydroxide,Proposed Adaptive Decomposition-Routing Ensemble,Decomposition,2025-12-17,2025-12-18,10.42,10.61,10.603526562355936
lithium_hydroxide,Proposed Adaptive Decomposition-Routing Ensemble,Decomposition,2025-12-18,2025-12-19,10.61,10.83,10.888227035740595
lithium_hydroxide,Proposed Adaptive Decomposition-Routing Ensemble,Decomposition,2025-12-19,2025-12-22,10.83,10.83,10.665693736617959
lithium_hydroxide,Proposed Adaptive Decomposition-Routing Ensemble,Decomposition,2025-12-22,2025-12-23,10.83,11.21,10.6643864656936
lithium_hydroxide,Proposed Adaptive Decomposition-Routing Ensemble,Decomposition,2025-12-23,2025-12-24,11.21,11.21,10.758052781364372
lithium_hydroxide,Proposed Adaptive Decomposition-Routing Ensemble,Decomposition,2025-12-24,2025-12-26,11.21,11.21,10.749488076293183
lithium_hydroxide,Proposed Adaptive Decomposition-Routing Ensemble,Decomposition,2025-12-26,2025-12-29,11.21,11.24,10.99217411326954
lithium_hydroxide,Proposed Adaptive Decomposition-Routing Ensemble,Decomposition,2025-12-29,2025-12-30,11.24,11.22,11.720260856242547
lithium_hydroxide,Proposed Adaptive Decomposition-Routing Ensemble,Decomposition,2025-12-30,2025-12-31,11.22,11.22,11.647365528450466
lithium_hydroxide,Proposed Adaptive Decomposition-Routing Ensemble,Decomposition,2025-12-31,2026-01-02,11.22,15.47,14.79824071700469
lithium_hydroxide,Proposed Adaptive Decomposition-Routing Ensemble,Decomposition,2026-01-02,2026-01-05,15.47,15.23,15.12254646825473
lithium_hydroxide,Proposed Adaptive Decomposition-Routing Ensemble,Decomposition,2026-01-05,2026-01-06,15.23,16.51,15.85382824529413
lithium_hydroxide,Proposed Adaptive Decomposition-Routing Ensemble,Decomposition,2026-01-06,2026-01-07,16.51,16.8,16.39831664458527
lithium_hydroxide,Proposed Adaptive Decomposition-Routing Ensemble,Decomposition,2026-01-07,2026-01-08,16.8,17.21,16.675735450165128
lithium_hydroxide,Proposed Adaptive Decomposition-Routing Ensemble,Decomposition,2026-01-08,2026-01-09,17.21,17.97,17.260874888606086
lithium_hydroxide,Proposed Adaptive Decomposition-Routing Ensemble,Decomposition,2026-01-09,2026-01-12,17.97,16.63,16.41557555536386
lithium_hydroxide,Proposed Adaptive Decomposition-Routing Ensemble,Decomposition,2026-01-12,2026-01-13,16.63,17.96,17.18667131410165
lithium_hydroxide,Proposed Adaptive Decomposition-Routing Ensemble,Decomposition,2026-01-13,2026-01-14,17.96,18.58,18.13036184888119
lithium_hydroxide,Proposed Adaptive Decomposition-Routing Ensemble,Decomposition,2026-01-14,2026-01-15,18.58,18.44,18.117519643975534
lithium_hydroxide,Proposed Adaptive Decomposition-Routing Ensemble,Decomposition,2026-01-15,2026-01-16,18.44,17.92,17.726585478254776
lithium_hydroxide,Proposed Adaptive Decomposition-Routing Ensemble,Decomposition,2026-01-16,2026-01-20,17.92,17.77,17.461187273047564
lithium_hydroxide,Proposed Adaptive Decomposition-Routing Ensemble,Decomposition,2026-01-20,2026-01-21,17.77,18.06,17.732809868409614
lithium_hydroxide,Proposed Adaptive Decomposition-Routing Ensemble,Decomposition,2026-01-21,2026-01-22,18.06,18.39,17.770021041789228
lithium_hydroxide,Proposed Adaptive Decomposition-Routing Ensemble,Decomposition,2026-01-22,2026-01-23,18.39,18.39,17.740183831478237
lithium_hydroxide,Proposed Adaptive Decomposition-Routing Ensemble,Decomposition,2026-01-23,2026-01-26,18.39,18.27,17.958086107616634
lithium_hydroxide,Proposed Adaptive Decomposition-Routing Ensemble,Decomposition,2026-01-26,2026-01-27,18.27,18.27,17.99821201393343
lithium_hydroxide,Proposed Adaptive Decomposition-Routing Ensemble,Decomposition,2026-01-27,2026-01-28,18.27,18.2,17.989639882607914
lithium_hydroxide,Proposed Adaptive Decomposition-Routing Ensemble,Decomposition,2026-01-28,2026-01-29,18.2,18.2,17.924837456461585
lithium_hydroxide,Proposed Adaptive Decomposition-Routing Ensemble,Decomposition,2026-01-29,2026-01-30,18.2,18.18,17.73150180218588
lithium_hydroxide,Proposed Adaptive Decomposition-Routing Ensemble,Decomposition,2026-01-30,2026-02-02,18.18,17.5,17.695312714449987
lithium_hydroxide,Proposed Adaptive Decomposition-Routing Ensemble,Decomposition,2026-02-02,2026-02-03,17.5,17.5,17.3033406795766
lithium_hydroxide,Proposed Adaptive Decomposition-Routing Ensemble,Decomposition,2026-02-03,2026-02-04,17.5,17.5,17.608339944918487
lithium_hydroxide,Proposed Adaptive Decomposition-Routing Ensemble,Decomposition,2026-02-04,2026-02-05,17.5,17.0,17.316653039709777
lithium_hydroxide,Proposed Adaptive Decomposition-Routing Ensemble,Decomposition,2026-02-05,2026-02-06,17.0,16.85,16.990952870149215
lithium_hydroxide,Proposed Adaptive Decomposition-Routing Ensemble,Decomposition,2026-02-06,2026-02-09,16.85,16.65,17.170648169337237
lithium_hydroxide,Proposed Adaptive Decomposition-Routing Ensemble,Decomposition,2026-02-09,2026-02-10,16.65,16.62,16.862262314734952
lithium_hydroxide,Proposed Adaptive Decomposition-Routing Ensemble,Decomposition,2026-02-10,2026-02-11,16.62,16.81,17.180722715433127
lithium_hydroxide,Proposed Adaptive Decomposition-Routing Ensemble,Decomposition,2026-02-11,2026-02-12,16.81,16.81,16.83171772251978
lithium_hydroxide,Proposed Adaptive Decomposition-Routing Ensemble,Decomposition,2026-02-12,2026-02-13,16.81,16.81,17.10067305811522
lithium_hydroxide,Proposed Adaptive Decomposition-Routing Ensemble,Decomposition,2026-02-13,2026-02-17,16.81,16.81,16.97109400730259
lithium_hydroxide,Proposed Adaptive Decomposition-Routing Ensemble,Decomposition,2026-02-17,2026-02-18,16.81,16.91,17.109791966308364
lithium_hydroxide,Proposed Adaptive Decomposition-Routing Ensemble,Decomposition,2026-02-18,2026-02-19,16.91,16.91,16.855171217870737
lithium_hydroxide,Proposed Adaptive Decomposition-Routing Ensemble,Decomposition,2026-02-19,2026-02-20,16.91,16.91,17.19426033729462
lithium_hydroxide,Proposed Adaptive Decomposition-Routing Ensemble,Decomposition,2026-02-20,2026-02-23,16.91,16.91,17.11987224551342
lithium_hydroxide,Proposed Adaptive Decomposition-Routing Ensemble,Decomposition,2026-02-23,2026-02-24,16.91,17.11,17.451738591178515
lithium_hydroxide,Proposed Adaptive Decomposition-Routing Ensemble,Decomposition,2026-02-24,2026-02-25,17.11,17.34,17.710153389053165
lithium_hydroxide,Proposed Adaptive Decomposition-Routing Ensemble,Decomposition,2026-02-25,2026-02-26,17.34,17.4,17.809233492354984
lithium_hydroxide,Proposed Adaptive Decomposition-Routing Ensemble,Decomposition,2026-02-26,2026-03-02,17.4,20.98,20.201358530815426
lithium_hydroxide,Proposed Adaptive Decomposition-Routing Ensemble,Decomposition,2026-03-02,2026-03-03,20.98,19.77,19.858741773535858
lithium_hydroxide,Proposed Adaptive Decomposition-Routing Ensemble,Decomposition,2026-03-03,2026-03-04,19.77,19.77,19.522059937002368
lithium_hydroxide,Proposed Adaptive Decomposition-Routing Ensemble,Decomposition,2026-03-04,2026-03-05,19.77,19.98,19.5210917349352
lithium_hydroxide,Proposed Adaptive Decomposition-Routing Ensemble,Decomposition,2026-03-05,2026-03-06,19.98,20.19,19.945366803157363
lithium_hydroxide,Proposed Adaptive Decomposition-Routing Ensemble,Decomposition,2026-03-06,2026-03-09,20.19,20.19,19.513796706238143
lithium_hydroxide,Proposed Adaptive Decomposition-Routing Ensemble,Decomposition,2026-03-09,2026-03-10,20.19,20.19,19.754481520058892
lithium_hydroxide,Proposed Adaptive Decomposition-Routing Ensemble,Decomposition,2026-03-10,2026-03-11,20.19,19.85,19.593370825586625
lithium_hydroxide,Proposed Adaptive Decomposition-Routing Ensemble,Decomposition,2026-03-11,2026-03-12,19.85,19.85,19.981217274820196
lithium_carbonate,Random Walk,Robustness,2025-08-14,2025-08-15,82000.0,82700.0,82000.0
lithium_carbonate,Random Walk,Robustness,2025-08-15,2025-08-18,82700.0,84600.0,82700.0
lithium_carbonate,Random Walk,Robustness,2025-08-18,2025-08-19,84600.0,85700.0,84600.0
lithium_carbonate,Random Walk,Robustness,2025-08-19,2025-08-20,85700.0,85700.0,85700.0
lithium_carbonate,Random Walk,Robustness,2025-08-20,2025-08-21,85700.0,85200.0,85700.0
lithium_carbonate,Random Walk,Robustness,2025-08-21,2025-08-22,85200.0,83900.0,85200.0
lithium_carbonate,Random Walk,Robustness,2025-08-22,2025-08-25,83900.0,82500.0,83900.0
lithium_carbonate,Random Walk,Robustness,2025-08-25,2025-08-26,82500.0,81700.0,82500.0
lithium_carbonate,Random Walk,Robustness,2025-08-26,2025-08-27,81700.0,81600.0,81700.0
lithium_carbonate,Random Walk,Robustness,2025-08-27,2025-08-28,81600.0,80000.0,81600.0
lithium_carbonate,Random Walk,Robustness,2025-08-28,2025-08-29,80000.0,79650.0,80000.0
lithium_carbonate,Random Walk,Robustness,2025-08-29,2025-09-01,79650.0,78350.0,79650.0
lithium_carbonate,Random Walk,Robustness,2025-09-01,2025-09-02,78350.0,77500.0,78350.0
lithium_carbonate,Random Walk,Robustness,2025-09-02,2025-09-03,77500.0,75900.0,77500.0
lithium_carbonate,Random Walk,Robustness,2025-09-03,2025-09-04,75900.0,75000.0,75900.0
lithium_carbonate,Random Walk,Robustness,2025-09-04,2025-09-05,75000.0,74750.0,75000.0
lithium_carbonate,Random Walk,Robustness,2025-09-05,2025-09-08,74750.0,74600.0,74750.0
lithium_carbonate,Random Walk,Robustness,2025-09-08,2025-09-09,74600.0,74600.0,74600.0
lithium_carbonate,Random Walk,Robustness,2025-09-09,2025-09-10,74600.0,73450.0,74600.0
lithium_carbonate,Random Walk,Robustness,2025-09-10,2025-09-11,73450.0,72850.0,73450.0
lithium_carbonate,Random Walk,Robustness,2025-09-11,2025-09-12,72850.0,72450.0,72850.0
lithium_carbonate,Random Walk,Robustness,2025-09-12,2025-09-15,72450.0,72450.0,72450.0
lithium_carbonate,Random Walk,Robustness,2025-09-15,2025-09-16,72450.0,72850.0,72450.0
lithium_carbonate,Random Walk,Robustness,2025-09-16,2025-09-17,72850.0,73150.0,72850.0
lithium_carbonate,Random Walk,Robustness,2025-09-17,2025-09-18,73150.0,73450.0,73150.0
lithium_carbonate,Random Walk,Robustness,2025-09-18,2025-09-19,73450.0,73500.0,73450.0
lithium_carbonate,Random Walk,Robustness,2025-09-19,2025-09-22,73500.0,73850.0,73500.0
lithium_carbonate,Random Walk,Robustness,2025-09-22,2025-09-23,73850.0,73850.0,73850.0
lithium_carbonate,Random Walk,Robustness,2025-09-23,2025-09-24,73850.0,73850.0,73850.0
lithium_carbonate,Random Walk,Robustness,2025-09-24,2025-09-25,73850.0,73750.0,73850.0
lithium_carbonate,Random Walk,Robustness,2025-09-25,2025-09-26,73750.0,73600.0,73750.0
lithium_carbonate,Random Walk,Robustness,2025-09-26,2025-09-29,73600.0,73550.0,73600.0
lithium_carbonate,Random Walk,Robustness,2025-09-29,2025-09-30,73550.0,73550.0,73550.0
lithium_carbonate,Random Walk,Robustness,2025-09-30,2025-10-09,73550.0,73550.0,73550.0
lithium_carbonate,Random Walk,Robustness,2025-10-09,2025-10-10,73550.0,73550.0,73550.0
lithium_carbonate,Random Walk,Robustness,2025-10-10,2025-10-13,73550.0,73100.0,73550.0
lithium_carbonate,Random Walk,Robustness,2025-10-13,2025-10-14,73100.0,73000.0,73100.0
lithium_carbonate,Random Walk,Robustness,2025-10-14,2025-10-15,73000.0,73000.0,73000.0
lithium_carbonate,Random Walk,Robustness,2025-10-15,2025-10-16,73000.0,73000.0,73000.0
lithium_carbonate,Random Walk,Robustness,2025-10-16,2025-10-17,73000.0,73350.0,73000.0
lithium_carbonate,Random Walk,Robustness,2025-10-17,2025-10-20,73350.0,74000.0,73350.0
lithium_carbonate,Random Walk,Robustness,2025-10-20,2025-10-21,74000.0,74100.0,74000.0
lithium_carbonate,Random Walk,Robustness,2025-10-21,2025-10-22,74100.0,74350.0,74100.0
lithium_carbonate,Random Walk,Robustness,2025-10-22,2025-10-23,74350.0,74800.0,74350.0
lithium_carbonate,Random Walk,Robustness,2025-10-23,2025-10-24,74800.0,75400.0,74800.0
lithium_carbonate,Random Walk,Robustness,2025-10-24,2025-10-27,75400.0,76550.0,75400.0
lithium_carbonate,Random Walk,Robustness,2025-10-27,2025-10-28,76550.0,78500.0,76550.0
lithium_carbonate,Random Walk,Robustness,2025-10-28,2025-10-29,78500.0,79150.0,78500.0
lithium_carbonate,Random Walk,Robustness,2025-10-29,2025-10-30,79150.0,80000.0,79150.0
lithium_carbonate,Random Walk,Robustness,2025-10-30,2025-10-31,80000.0,80550.0,80000.0
lithium_carbonate,Random Walk,Robustness,2025-10-31,2025-11-03,80550.0,81000.0,80550.0
lithium_carbonate,Random Walk,Robustness,2025-11-03,2025-11-04,81000.0,80900.0,81000.0
lithium_carbonate,Random Walk,Robustness,2025-11-04,2025-11-05,80900.0,80500.0,80900.0
lithium_carbonate,Random Walk,Robustness,2025-11-05,2025-11-06,80500.0,80400.0,80500.0
lithium_carbonate,Random Walk,Robustness,2025-11-06,2025-11-07,80400.0,80400.0,80400.0
lithium_carbonate,Random Walk,Robustness,2025-11-07,2025-11-10,80400.0,80750.0,80400.0
lithium_carbonate,Random Walk,Robustness,2025-11-10,2025-11-11,80750.0,82300.0,80750.0
lithium_carbonate,Random Walk,Robustness,2025-11-11,2025-11-12,82300.0,83300.0,82300.0
lithium_carbonate,Random Walk,Robustness,2025-11-12,2025-11-13,83300.0,84350.0,83300.0
lithium_carbonate,Random Walk,Robustness,2025-11-13,2025-11-14,84350.0,85150.0,84350.0
lithium_carbonate,Random Walk,Robustness,2025-11-14,2025-11-17,85150.0,86150.0,85150.0
lithium_carbonate,Random Walk,Robustness,2025-11-17,2025-11-18,86150.0,87400.0,86150.0
lithium_carbonate,Random Walk,Robustness,2025-11-18,2025-11-19,87400.0,88900.0,87400.0
lithium_carbonate,Random Walk,Robustness,2025-11-19,2025-11-20,88900.0,91300.0,88900.0
lithium_carbonate,Random Walk,Robustness,2025-11-20,2025-11-21,91300.0,92300.0,91300.0
lithium_carbonate,Random Walk,Robustness,2025-11-21,2025-11-24,92300.0,92150.0,92300.0
lithium_carbonate,Random Walk,Robustness,2025-11-24,2025-11-25,92150.0,92050.0,92150.0
lithium_carbonate,Random Walk,Robustness,2025-11-25,2025-11-26,92050.0,92800.0,92050.0
lithium_carbonate,Random Walk,Robustness,2025-11-26,2025-11-27,92800.0,93300.0,92800.0
lithium_carbonate,Random Walk,Robustness,2025-11-27,2025-11-28,93300.0,93750.0,93300.0
lithium_carbonate,Random Walk,Robustness,2025-11-28,2025-12-01,93750.0,94350.0,93750.0
lithium_carbonate,Random Walk,Robustness,2025-12-01,2025-12-02,94350.0,94400.0,94350.0
lithium_carbonate,Random Walk,Robustness,2025-12-02,2025-12-03,94400.0,94350.0,94400.0
lithium_carbonate,Random Walk,Robustness,2025-12-03,2025-12-04,94350.0,94000.0,94350.0
lithium_carbonate,Random Walk,Robustness,2025-12-04,2025-12-05,94000.0,93250.0,94000.0
lithium_carbonate,Random Walk,Robustness,2025-12-05,2025-12-08,93250.0,92750.0,93250.0
lithium_carbonate,Random Walk,Robustness,2025-12-08,2025-12-09,92750.0,92750.0,92750.0
lithium_carbonate,Random Walk,Robustness,2025-12-09,2025-12-10,92750.0,92700.0,92750.0
lithium_carbonate,Random Walk,Robustness,2025-12-10,2025-12-11,92700.0,93500.0,92700.0
lithium_carbonate,Random Walk,Robustness,2025-12-11,2025-12-12,93500.0,94500.0,93500.0
lithium_carbonate,Random Walk,Robustness,2025-12-12,2025-12-15,94500.0,95150.0,94500.0
lithium_carbonate,Random Walk,Robustness,2025-12-15,2025-12-16,95150.0,95850.0,95150.0
lithium_carbonate,Random Walk,Robustness,2025-12-16,2025-12-17,95850.0,97050.0,95850.0
lithium_carbonate,Random Walk,Robustness,2025-12-17,2025-12-18,97050.0,97550.0,97050.0
lithium_carbonate,Random Walk,Robustness,2025-12-18,2025-12-19,97550.0,97650.0,97550.0
lithium_carbonate,Random Walk,Robustness,2025-12-19,2025-12-22,97650.0,99000.0,97650.0
lithium_carbonate,Random Walk,Robustness,2025-12-22,2025-12-23,99000.0,99500.0,99000.0
lithium_carbonate,Random Walk,Robustness,2025-12-23,2025-12-24,99500.0,101500.0,99500.0
lithium_carbonate,Random Walk,Robustness,2025-12-24,2025-12-25,101500.0,104900.0,101500.0
lithium_carbonate,Random Walk,Robustness,2025-12-25,2025-12-26,104900.0,111900.0,104900.0
lithium_carbonate,Random Walk,Robustness,2025-12-26,2025-12-29,111900.0,118000.0,111900.0
lithium_carbonate,Random Walk,Robustness,2025-12-29,2025-12-30,118000.0,118000.0,118000.0
lithium_carbonate,Random Walk,Robustness,2025-12-30,2025-12-31,118000.0,118500.0,118000.0
lithium_carbonate,Random Walk,Robustness,2025-12-31,2026-01-05,118500.0,119500.0,118500.0
lithium_carbonate,Random Walk,Robustness,2026-01-05,2026-01-06,119500.0,127500.0,119500.0
lithium_carbonate,Random Walk,Robustness,2026-01-06,2026-01-07,127500.0,133500.0,127500.0
lithium_carbonate,Random Walk,Robustness,2026-01-07,2026-01-08,133500.0,138500.0,133500.0
lithium_carbonate,Random Walk,Robustness,2026-01-08,2026-01-09,138500.0,140000.0,138500.0
lithium_carbonate,Random Walk,Robustness,2026-01-09,2026-01-12,140000.0,152000.0,140000.0
lithium_carbonate,Random Walk,Robustness,2026-01-12,2026-01-13,152000.0,159500.0,152000.0
lithium_carbonate,Random Walk,Robustness,2026-01-13,2026-01-14,159500.0,163000.0,159500.0
lithium_carbonate,Random Walk,Robustness,2026-01-14,2026-01-15,163000.0,159000.0,163000.0
lithium_carbonate,Random Walk,Robustness,2026-01-15,2026-01-16,159000.0,158000.0,159000.0
lithium_carbonate,Random Walk,Robustness,2026-01-16,2026-01-19,158000.0,151000.0,158000.0
lithium_carbonate,Random Walk,Robustness,2026-01-19,2026-01-20,151000.0,152500.0,151000.0
lithium_carbonate,Random Walk,Robustness,2026-01-20,2026-01-21,152500.0,158500.0,152500.0
lithium_carbonate,Random Walk,Robustness,2026-01-21,2026-01-22,158500.0,164500.0,158500.0
lithium_carbonate,Random Walk,Robustness,2026-01-22,2026-01-23,164500.0,171000.0,164500.0
lithium_carbonate,Random Walk,Robustness,2026-01-23,2026-01-26,171000.0,181500.0,171000.0
lithium_carbonate,Random Walk,Robustness,2026-01-26,2026-01-27,181500.0,172500.0,181500.0
lithium_carbonate,Random Walk,Robustness,2026-01-27,2026-01-28,172500.0,172000.0,172500.0
lithium_carbonate,Random Walk,Robustness,2026-01-28,2026-01-29,172000.0,168000.0,172000.0
lithium_carbonate,Random Walk,Robustness,2026-01-29,2026-01-30,168000.0,160500.0,168000.0
lithium_carbonate,Random Walk,Robustness,2026-01-30,2026-02-02,160500.0,155500.0,160500.0
lithium_carbonate,Random Walk,Robustness,2026-02-02,2026-02-03,155500.0,153500.0,155500.0
lithium_carbonate,Random Walk,Robustness,2026-02-03,2026-02-04,153500.0,153000.0,153500.0
lithium_carbonate,Random Walk,Robustness,2026-02-04,2026-02-05,153000.0,144000.0,153000.0
lithium_carbonate,Random Walk,Robustness,2026-02-05,2026-02-06,144000.0,134500.0,144000.0
lithium_carbonate,Random Walk,Robustness,2026-02-06,2026-02-09,134500.0,135500.0,134500.0
lithium_carbonate,Random Walk,Robustness,2026-02-09,2026-02-10,135500.0,136000.0,135500.0
lithium_carbonate,Random Walk,Robustness,2026-02-10,2026-02-11,136000.0,138000.0,136000.0
lithium_carbonate,Random Walk,Robustness,2026-02-11,2026-02-12,138000.0,142500.0,138000.0
lithium_carbonate,Random Walk,Robustness,2026-02-12,2026-02-13,142500.0,143750.0,142500.0
lithium_carbonate,Random Walk,Robustness,2026-02-13,2026-02-24,143750.0,152000.0,143750.0
lithium_carbonate,Random Walk,Robustness,2026-02-24,2026-02-25,152000.0,161750.0,152000.0
lithium_carbonate,Random Walk,Robustness,2026-02-25,2026-02-26,161750.0,173000.0,161750.0
lithium_carbonate,Random Walk,Robustness,2026-02-26,2026-02-27,173000.0,172000.0,173000.0
lithium_carbonate,Random Walk,Robustness,2026-02-27,2026-03-02,172000.0,172500.0,172000.0
lithium_carbonate,Random Walk,Robustness,2026-03-02,2026-03-03,172500.0,161000.0,172500.0
lithium_carbonate,Random Walk,Robustness,2026-03-03,2026-03-04,161000.0,154000.0,161000.0
lithium_carbonate,Random Walk,Robustness,2026-03-04,2026-03-05,154000.0,156000.0,154000.0
lithium_carbonate,Random Walk,Robustness,2026-03-05,2026-03-06,156000.0,155250.0,156000.0
lithium_carbonate,Random Walk,Robustness,2026-03-06,2026-03-09,155250.0,154750.0,155250.0
lithium_carbonate,Random Walk,Robustness,2026-03-09,2026-03-10,154750.0,158500.0,154750.0
lithium_carbonate,Random Walk,Robustness,2026-03-10,2026-03-11,158500.0,159000.0,158500.0
lithium_carbonate,Random Walk,Robustness,2026-03-11,2026-03-12,159000.0,158000.0,159000.0
lithium_carbonate,ES,Single,2025-08-14,2025-08-15,82000.0,82700.0,86920.48707727181
lithium_carbonate,ES,Single,2025-08-15,2025-08-18,82700.0,84600.0,89880.73061671742
lithium_carbonate,ES,Single,2025-08-18,2025-08-19,84600.0,85700.0,92840.97415616302
lithium_carbonate,ES,Single,2025-08-19,2025-08-20,85700.0,85700.0,95801.21769560862
lithium_carbonate,ES,Single,2025-08-20,2025-08-21,85700.0,85200.0,98761.46123505423
lithium_carbonate,ES,Single,2025-08-21,2025-08-22,85200.0,83900.0,101721.70477449984
lithium_carbonate,ES,Single,2025-08-22,2025-08-25,83900.0,82500.0,104681.94831394544
lithium_carbonate,ES,Single,2025-08-25,2025-08-26,82500.0,81700.0,107642.19185339104
lithium_carbonate,ES,Single,2025-08-26,2025-08-27,81700.0,81600.0,110602.43539283665
lithium_carbonate,ES,Single,2025-08-27,2025-08-28,81600.0,80000.0,113562.67893228226
lithium_carbonate,ES,Single,2025-08-28,2025-08-29,80000.0,79650.0,116522.92247172786
lithium_carbonate,ES,Single,2025-08-29,2025-09-01,79650.0,78350.0,119483.16601117345
lithium_carbonate,ES,Single,2025-09-01,2025-09-02,78350.0,77500.0,122443.40955061906
lithium_carbonate,ES,Single,2025-09-02,2025-09-03,77500.0,75900.0,125403.65309006468
lithium_carbonate,ES,Single,2025-09-03,2025-09-04,75900.0,75000.0,128363.89662951027
lithium_carbonate,ES,Single,2025-09-04,2025-09-05,75000.0,74750.0,131324.14016895587
lithium_carbonate,ES,Single,2025-09-05,2025-09-08,74750.0,74600.0,134284.38370840147
lithium_carbonate,ES,Single,2025-09-08,2025-09-09,74600.0,74600.0,137244.6272478471
lithium_carbonate,ES,Single,2025-09-09,2025-09-10,74600.0,73450.0,140204.8707872927
lithium_carbonate,ES,Single,2025-09-10,2025-09-11,73450.0,72850.0,143165.1143267383
lithium_carbonate,ES,Single,2025-09-11,2025-09-12,72850.0,72450.0,146125.3578661839
lithium_carbonate,ES,Single,2025-09-12,2025-09-15,72450.0,72450.0,149085.6014056295
lithium_carbonate,ES,Single,2025-09-15,2025-09-16,72450.0,72850.0,152045.8449450751
lithium_carbonate,ES,Single,2025-09-16,2025-09-17,72850.0,73150.0,155006.0884845207
lithium_carbonate,ES,Single,2025-09-17,2025-09-18,73150.0,73450.0,157966.3320239663
lithium_carbonate,ES,Single,2025-09-18,2025-09-19,73450.0,73500.0,160926.57556341193
lithium_carbonate,ES,Single,2025-09-19,2025-09-22,73500.0,73850.0,163886.81910285752
lithium_carbonate,ES,Single,2025-09-22,2025-09-23,73850.0,73850.0,166847.06264230312
lithium_carbonate,ES,Single,2025-09-23,2025-09-24,73850.0,73850.0,169807.30618174875
lithium_carbonate,ES,Single,2025-09-24,2025-09-25,73850.0,73750.0,172767.54972119434
lithium_carbonate,ES,Single,2025-09-25,2025-09-26,73750.0,73600.0,175727.79326063994
lithium_carbonate,ES,Single,2025-09-26,2025-09-29,73600.0,73550.0,178688.03680008554
lithium_carbonate,ES,Single,2025-09-29,2025-09-30,73550.0,73550.0,181648.28033953113
lithium_carbonate,ES,Single,2025-09-30,2025-10-09,73550.0,73550.0,184608.52387897676
lithium_carbonate,ES,Single,2025-10-09,2025-10-10,73550.0,73550.0,187568.76741842236
lithium_carbonate,ES,Single,2025-10-10,2025-10-13,73550.0,73100.0,190529.01095786795
lithium_carbonate,ES,Single,2025-10-13,2025-10-14,73100.0,73000.0,193489.25449731358
lithium_carbonate,ES,Single,2025-10-14,2025-10-15,73000.0,73000.0,196449.49803675918
lithium_carbonate,ES,Single,2025-10-15,2025-10-16,73000.0,73000.0,199409.74157620477
lithium_carbonate,ES,Single,2025-10-16,2025-10-17,73000.0,73350.0,202369.98511565037
lithium_carbonate,ES,Single,2025-10-17,2025-10-20,73350.0,74000.0,205330.22865509597
lithium_carbonate,ES,Single,2025-10-20,2025-10-21,74000.0,74100.0,208290.4721945416
lithium_carbonate,ES,Single,2025-10-21,2025-10-22,74100.0,74350.0,211250.7157339872
lithium_carbonate,ES,Single,2025-10-22,2025-10-23,74350.0,74800.0,214210.9592734328
lithium_carbonate,ES,Single,2025-10-23,2025-10-24,74800.0,75400.0,217171.20281287841
lithium_carbonate,ES,Single,2025-10-24,2025-10-27,75400.0,76550.0,220131.446352324
lithium_carbonate,ES,Single,2025-10-27,2025-10-28,76550.0,78500.0,223091.6898917696
lithium_carbonate,ES,Single,2025-10-28,2025-10-29,78500.0,79150.0,226051.9334312152
lithium_carbonate,ES,Single,2025-10-29,2025-10-30,79150.0,80000.0,229012.1769706608
lithium_carbonate,ES,Single,2025-10-30,2025-10-31,80000.0,80550.0,231972.42051010643
lithium_carbonate,ES,Single,2025-10-31,2025-11-03,80550.0,81000.0,234932.66404955203
lithium_carbonate,ES,Single,2025-11-03,2025-11-04,81000.0,80900.0,237892.90758899762
lithium_carbonate,ES,Single,2025-11-04,2025-11-05,80900.0,80500.0,240853.15112844325
lithium_carbonate,ES,Single,2025-11-05,2025-11-06,80500.0,80400.0,243813.39466788885
lithium_carbonate,ES,Single,2025-11-06,2025-11-07,80400.0,80400.0,246773.63820733444
lithium_carbonate,ES,Single,2025-11-07,2025-11-10,80400.0,80750.0,249733.88174678004
lithium_carbonate,ES,Single,2025-11-10,2025-11-11,80750.0,82300.0,252694.12528622564
lithium_carbonate,ES,Single,2025-11-11,2025-11-12,82300.0,83300.0,255654.36882567126
lithium_carbonate,ES,Single,2025-11-12,2025-11-13,83300.0,84350.0,258614.61236511686
lithium_carbonate,ES,Single,2025-11-13,2025-11-14,84350.0,85150.0,261574.85590456246
lithium_carbonate,ES,Single,2025-11-14,2025-11-17,85150.0,86150.0,264535.0994440081
lithium_carbonate,ES,Single,2025-11-17,2025-11-18,86150.0,87400.0,267495.34298345365
lithium_carbonate,ES,Single,2025-11-18,2025-11-19,87400.0,88900.0,270455.5865228993
lithium_carbonate,ES,Single,2025-11-19,2025-11-20,88900.0,91300.0,273415.8300623449
lithium_carbonate,ES,Single,2025-11-20,2025-11-21,91300.0,92300.0,276376.0736017905
lithium_carbonate,ES,Single,2025-11-21,2025-11-24,92300.0,92150.0,279336.3171412361
lithium_carbonate,ES,Single,2025-11-24,2025-11-25,92150.0,92050.0,282296.5606806817
lithium_carbonate,ES,Single,2025-11-25,2025-11-26,92050.0,92800.0,285256.8042201273
lithium_carbonate,ES,Single,2025-11-26,2025-11-27,92800.0,93300.0,288217.0477595729
lithium_carbonate,ES,Single,2025-11-27,2025-11-28,93300.0,93750.0,291177.29129901854
lithium_carbonate,ES,Single,2025-11-28,2025-12-01,93750.0,94350.0,294137.5348384641
lithium_carbonate,ES,Single,2025-12-01,2025-12-02,94350.0,94400.0,297097.7783779097
lithium_carbonate,ES,Single,2025-12-02,2025-12-03,94400.0,94350.0,300058.0219173553
lithium_carbonate,ES,Single,2025-12-03,2025-12-04,94350.0,94000.0,303018.26545680093
lithium_carbonate,ES,Single,2025-12-04,2025-12-05,94000.0,93250.0,305978.5089962465
lithium_carbonate,ES,Single,2025-12-05,2025-12-08,93250.0,92750.0,308938.7525356921
lithium_carbonate,ES,Single,2025-12-08,2025-12-09,92750.0,92750.0,311898.99607513775
lithium_carbonate,ES,Single,2025-12-09,2025-12-10,92750.0,92700.0,314859.2396145833
lithium_carbonate,ES,Single,2025-12-10,2025-12-11,92700.0,93500.0,317819.48315402895
lithium_carbonate,ES,Single,2025-12-11,2025-12-12,93500.0,94500.0,320779.7266934746
lithium_carbonate,ES,Single,2025-12-12,2025-12-15,94500.0,95150.0,323739.97023292014
lithium_carbonate,ES,Single,2025-12-15,2025-12-16,95150.0,95850.0,326700.21377236577
lithium_carbonate,ES,Single,2025-12-16,2025-12-17,95850.0,97050.0,329660.4573118114
lithium_carbonate,ES,Single,2025-12-17,2025-12-18,97050.0,97550.0,332620.70085125696
lithium_carbonate,ES,Single,2025-12-18,2025-12-19,97550.0,97650.0,335580.9443907026
lithium_carbonate,ES,Single,2025-12-19,2025-12-22,97650.0,99000.0,338541.1879301482
lithium_carbonate,ES,Single,2025-12-22,2025-12-23,99000.0,99500.0,341501.4314695938
lithium_carbonate,ES,Single,2025-12-23,2025-12-24,99500.0,101500.0,344461.6750090394
lithium_carbonate,ES,Single,2025-12-24,2025-12-25,101500.0,104900.0,347421.918548485
lithium_carbonate,ES,Single,2025-12-25,2025-12-26,104900.0,111900.0,350382.1620879306
lithium_carbonate,ES,Single,2025-12-26,2025-12-29,111900.0,118000.0,353342.4056273762
lithium_carbonate,ES,Single,2025-12-29,2025-12-30,118000.0,118000.0,356302.6491668218
lithium_carbonate,ES,Single,2025-12-30,2025-12-31,118000.0,118500.0,359262.8927062674
lithium_carbonate,ES,Single,2025-12-31,2026-01-05,118500.0,119500.0,362223.136245713
lithium_carbonate,ES,Single,2026-01-05,2026-01-06,119500.0,127500.0,365183.3797851586
lithium_carbonate,ES,Single,2026-01-06,2026-01-07,127500.0,133500.0,368143.62332460424
lithium_carbonate,ES,Single,2026-01-07,2026-01-08,133500.0,138500.0,371103.8668640498
lithium_carbonate,ES,Single,2026-01-08,2026-01-09,138500.0,140000.0,374064.11040349543
lithium_carbonate,ES,Single,2026-01-09,2026-01-12,140000.0,152000.0,377024.353942941
lithium_carbonate,ES,Single,2026-01-12,2026-01-13,152000.0,159500.0,379984.5974823866
lithium_carbonate,ES,Single,2026-01-13,2026-01-14,159500.0,163000.0,382944.84102183225
lithium_carbonate,ES,Single,2026-01-14,2026-01-15,163000.0,159000.0,385905.0845612778
lithium_carbonate,ES,Single,2026-01-15,2026-01-16,159000.0,158000.0,388865.32810072345
lithium_carbonate,ES,Single,2026-01-16,2026-01-19,158000.0,151000.0,391825.5716401691
lithium_carbonate,ES,Single,2026-01-19,2026-01-20,151000.0,152500.0,394785.81517961464
lithium_carbonate,ES,Single,2026-01-20,2026-01-21,152500.0,158500.0,397746.05871906027
lithium_carbonate,ES,Single,2026-01-21,2026-01-22,158500.0,164500.0,400706.3022585059
lithium_carbonate,ES,Single,2026-01-22,2026-01-23,164500.0,171000.0,403666.54579795146
lithium_carbonate,ES,Single,2026-01-23,2026-01-26,171000.0,181500.0,406626.7893373971
lithium_carbonate,ES,Single,2026-01-26,2026-01-27,181500.0,172500.0,409587.03287684266
lithium_carbonate,ES,Single,2026-01-27,2026-01-28,172500.0,172000.0,412547.2764162883
lithium_carbonate,ES,Single,2026-01-28,2026-01-29,172000.0,168000.0,415507.5199557339
lithium_carbonate,ES,Single,2026-01-29,2026-01-30,168000.0,160500.0,418467.7634951795
lithium_carbonate,ES,Single,2026-01-30,2026-02-02,160500.0,155500.0,421428.0070346251
lithium_carbonate,ES,Single,2026-02-02,2026-02-03,155500.0,153500.0,424388.25057407067
lithium_carbonate,ES,Single,2026-02-03,2026-02-04,153500.0,153000.0,427348.4941135163
lithium_carbonate,ES,Single,2026-02-04,2026-02-05,153000.0,144000.0,430308.7376529619
lithium_carbonate,ES,Single,2026-02-05,2026-02-06,144000.0,134500.0,433268.9811924075
lithium_carbonate,ES,Single,2026-02-06,2026-02-09,134500.0,135500.0,436229.2247318531
lithium_carbonate,ES,Single,2026-02-09,2026-02-10,135500.0,136000.0,439189.46827129874
lithium_carbonate,ES,Single,2026-02-10,2026-02-11,136000.0,138000.0,442149.7118107443
lithium_carbonate,ES,Single,2026-02-11,2026-02-12,138000.0,142500.0,445109.95535018994
lithium_carbonate,ES,Single,2026-02-12,2026-02-13,142500.0,143750.0,448070.19888963556
lithium_carbonate,ES,Single,2026-02-13,2026-02-24,143750.0,152000.0,451030.44242908113
lithium_carbonate,ES,Single,2026-02-24,2026-02-25,152000.0,161750.0,453990.68596852676
lithium_carbonate,ES,Single,2026-02-25,2026-02-26,161750.0,173000.0,456950.9295079723
lithium_carbonate,ES,Single,2026-02-26,2026-02-27,173000.0,172000.0,459911.17304741795
lithium_carbonate,ES,Single,2026-02-27,2026-03-02,172000.0,172500.0,462871.4165868636
lithium_carbonate,ES,Single,2026-03-02,2026-03-03,172500.0,161000.0,465831.66012630914
lithium_carbonate,ES,Single,2026-03-03,2026-03-04,161000.0,154000.0,468791.90366575477
lithium_carbonate,ES,Single,2026-03-04,2026-03-05,154000.0,156000.0,471752.14720520034
lithium_carbonate,ES,Single,2026-03-05,2026-03-06,156000.0,155250.0,474712.39074464596
lithium_carbonate,ES,Single,2026-03-06,2026-03-09,155250.0,154750.0,477672.6342840916
lithium_carbonate,ES,Single,2026-03-09,2026-03-10,154750.0,158500.0,480632.87782353716
lithium_carbonate,ES,Single,2026-03-10,2026-03-11,158500.0,159000.0,483593.1213629828
lithium_carbonate,ES,Single,2026-03-11,2026-03-12,159000.0,158000.0,486553.3649024284
lithium_carbonate,ARIMA,Single,2025-08-14,2025-08-15,82000.0,82700.0,85480.20379819971
lithium_carbonate,ARIMA,Single,2025-08-15,2025-08-18,82700.0,84600.0,87329.07031813047
lithium_carbonate,ARIMA,Single,2025-08-18,2025-08-19,84600.0,85700.0,89035.82054729668
lithium_carbonate,ARIMA,Single,2025-08-19,2025-08-20,85700.0,85700.0,90650.91277430997
lithium_carbonate,ARIMA,Single,2025-08-20,2025-08-21,85700.0,85200.0,92207.03416779613
lithium_carbonate,ARIMA,Single,2025-08-21,2025-08-22,85200.0,83900.0,93725.18644449959
lithium_carbonate,ARIMA,Single,2025-08-22,2025-08-25,83900.0,82500.0,95218.89748569371
lithium_carbonate,ARIMA,Single,2025-08-25,2025-08-26,82500.0,81700.0,96696.87424951028
lithium_carbonate,ARIMA,Single,2025-08-26,2025-08-27,81700.0,81600.0,98164.7221455701
lithium_carbonate,ARIMA,Single,2025-08-27,2025-08-28,81600.0,80000.0,99626.04958603556
lithium_carbonate,ARIMA,Single,2025-08-28,2025-08-29,80000.0,79650.0,101083.17949391923
lithium_carbonate,ARIMA,Single,2025-08-29,2025-09-01,79650.0,78350.0,102537.6072453584
lithium_carbonate,ARIMA,Single,2025-09-01,2025-09-02,78350.0,77500.0,103990.29548724966
lithium_carbonate,ARIMA,Single,2025-09-02,2025-09-03,77500.0,75900.0,105441.86392215925
lithium_carbonate,ARIMA,Single,2025-09-03,2025-09-04,75900.0,75000.0,106892.71148281204
lithium_carbonate,ARIMA,Single,2025-09-04,2025-09-05,75000.0,74750.0,108343.09498161696
lithium_carbonate,ARIMA,Single,2025-09-05,2025-09-08,74750.0,74600.0,109793.17974122263
lithium_carbonate,ARIMA,Single,2025-09-08,2025-09-09,74600.0,74600.0,111243.07218786477
lithium_carbonate,ARIMA,Single,2025-09-09,2025-09-10,74600.0,73450.0,112692.84083329157
lithium_carbonate,ARIMA,Single,2025-09-10,2025-09-11,73450.0,72850.0,114142.52978185011
lithium_carbonate,ARIMA,Single,2025-09-11,2025-09-12,72850.0,72450.0,115592.16742565535
lithium_carbonate,ARIMA,Single,2025-09-12,2025-09-15,72450.0,72450.0,117041.77204209368
lithium_carbonate,ARIMA,Single,2025-09-15,2025-09-16,72450.0,72850.0,118491.35539720833
lithium_carbonate,ARIMA,Single,2025-09-16,2025-09-17,72850.0,73150.0,119940.92506537405
lithium_carbonate,ARIMA,Single,2025-09-17,2025-09-18,73150.0,73450.0,121390.48592258453
lithium_carbonate,ARIMA,Single,2025-09-18,2025-09-19,73450.0,73500.0,122840.04110775425
lithium_carbonate,ARIMA,Single,2025-09-19,2025-09-22,73500.0,73850.0,124289.59264155528
lithium_carbonate,ARIMA,Single,2025-09-22,2025-09-23,73850.0,73850.0,125739.14182479253
lithium_carbonate,ARIMA,Single,2025-09-23,2025-09-24,73850.0,73850.0,127188.68949485746
lithium_carbonate,ARIMA,Single,2025-09-24,2025-09-25,73850.0,73750.0,128638.23619081973
lithium_carbonate,ARIMA,Single,2025-09-25,2025-09-26,73750.0,73600.0,130087.7822597047
lithium_carbonate,ARIMA,Single,2025-09-26,2025-09-29,73600.0,73550.0,131537.32792490948
lithium_carbonate,ARIMA,Single,2025-09-29,2025-09-30,73550.0,73550.0,132986.8733302457
lithium_carbonate,ARIMA,Single,2025-09-30,2025-10-09,73550.0,73550.0,134436.41856829185
lithium_carbonate,ARIMA,Single,2025-10-09,2025-10-10,73550.0,73550.0,135885.96369864524
lithium_carbonate,ARIMA,Single,2025-10-10,2025-10-13,73550.0,73100.0,137335.5087596716
lithium_carbonate,ARIMA,Single,2025-10-13,2025-10-14,73100.0,73000.0,138785.0537760687
lithium_carbonate,ARIMA,Single,2025-10-14,2025-10-15,73000.0,73000.0,140234.59876373585
lithium_carbonate,ARIMA,Single,2025-10-15,2025-10-16,73000.0,73000.0,141684.14373290807
lithium_carbonate,ARIMA,Single,2025-10-16,2025-10-17,73000.0,73350.0,143133.68869017425
lithium_carbonate,ARIMA,Single,2025-10-17,2025-10-20,73350.0,74000.0,144583.23363977592
lithium_carbonate,ARIMA,Single,2025-10-20,2025-10-21,74000.0,74100.0,146032.77858444356
lithium_carbonate,ARIMA,Single,2025-10-21,2025-10-22,74100.0,74350.0,147482.32352593495
lithium_carbonate,ARIMA,Single,2025-10-22,2025-10-23,74350.0,74800.0,148931.8684653816
lithium_carbonate,ARIMA,Single,2025-10-23,2025-10-24,74800.0,75400.0,150381.41340351195
lithium_carbonate,ARIMA,Single,2025-10-24,2025-10-27,75400.0,76550.0,151830.95834079498
lithium_carbonate,ARIMA,Single,2025-10-27,2025-10-28,76550.0,78500.0,153280.5032775325
lithium_carbonate,ARIMA,Single,2025-10-28,2025-10-29,78500.0,79150.0,154730.04821391887
lithium_carbonate,ARIMA,Single,2025-10-29,2025-10-30,79150.0,80000.0,156179.5931500792
lithium_carbonate,ARIMA,Single,2025-10-30,2025-10-31,80000.0,80550.0,157629.138086094
lithium_carbonate,ARIMA,Single,2025-10-31,2025-11-03,80550.0,81000.0,159078.6830220151
lithium_carbonate,ARIMA,Single,2025-11-03,2025-11-04,81000.0,80900.0,160528.2279578759
lithium_carbonate,ARIMA,Single,2025-11-04,2025-11-05,80900.0,80500.0,161977.7728936979
lithium_carbonate,ARIMA,Single,2025-11-05,2025-11-06,80500.0,80400.0,163427.3178294949
lithium_carbonate,ARIMA,Single,2025-11-06,2025-11-07,80400.0,80400.0,164876.8627652758
lithium_carbonate,ARIMA,Single,2025-11-07,2025-11-10,80400.0,80750.0,166326.40770104635
lithium_carbonate,ARIMA,Single,2025-11-10,2025-11-11,80750.0,82300.0,167775.95263681022
lithium_carbonate,ARIMA,Single,2025-11-11,2025-11-12,82300.0,83300.0,169225.49757256982
lithium_carbonate,ARIMA,Single,2025-11-12,2025-11-13,83300.0,84350.0,170675.04250832665
lithium_carbonate,ARIMA,Single,2025-11-13,2025-11-14,84350.0,85150.0,172124.5874440817
lithium_carbonate,ARIMA,Single,2025-11-14,2025-11-17,85150.0,86150.0,173574.1323798356
lithium_carbonate,ARIMA,Single,2025-11-17,2025-11-18,86150.0,87400.0,175023.67731558875
lithium_carbonate,ARIMA,Single,2025-11-18,2025-11-19,87400.0,88900.0,176473.22225134145
lithium_carbonate,ARIMA,Single,2025-11-19,2025-11-20,88900.0,91300.0,177922.76718709382
lithium_carbonate,ARIMA,Single,2025-11-20,2025-11-21,91300.0,92300.0,179372.31212284602
lithium_carbonate,ARIMA,Single,2025-11-21,2025-11-24,92300.0,92150.0,180821.85705859808
lithium_carbonate,ARIMA,Single,2025-11-24,2025-11-25,92150.0,92050.0,182271.40199435005
lithium_carbonate,ARIMA,Single,2025-11-25,2025-11-26,92050.0,92800.0,183720.94693010199
lithium_carbonate,ARIMA,Single,2025-11-26,2025-11-27,92800.0,93300.0,185170.49186585387
lithium_carbonate,ARIMA,Single,2025-11-27,2025-11-28,93300.0,93750.0,186620.03680160572
lithium_carbonate,ARIMA,Single,2025-11-28,2025-12-01,93750.0,94350.0,188069.5817373576
lithium_carbonate,ARIMA,Single,2025-12-01,2025-12-02,94350.0,94400.0,189519.12667310945
lithium_carbonate,ARIMA,Single,2025-12-02,2025-12-03,94400.0,94350.0,190968.6716088613
lithium_carbonate,ARIMA,Single,2025-12-03,2025-12-04,94350.0,94000.0,192418.21654461313
lithium_carbonate,ARIMA,Single,2025-12-04,2025-12-05,94000.0,93250.0,193867.76148036495
lithium_carbonate,ARIMA,Single,2025-12-05,2025-12-08,93250.0,92750.0,195317.30641611683
lithium_carbonate,ARIMA,Single,2025-12-08,2025-12-09,92750.0,92750.0,196766.85135186865
lithium_carbonate,ARIMA,Single,2025-12-09,2025-12-10,92750.0,92700.0,198216.39628762048
lithium_carbonate,ARIMA,Single,2025-12-10,2025-12-11,92700.0,93500.0,199665.9412233723
lithium_carbonate,ARIMA,Single,2025-12-11,2025-12-12,93500.0,94500.0,201115.48615912412
lithium_carbonate,ARIMA,Single,2025-12-12,2025-12-15,94500.0,95150.0,202565.03109487594
lithium_carbonate,ARIMA,Single,2025-12-15,2025-12-16,95150.0,95850.0,204014.57603062777
lithium_carbonate,ARIMA,Single,2025-12-16,2025-12-17,95850.0,97050.0,205464.1209663796
lithium_carbonate,ARIMA,Single,2025-12-17,2025-12-18,97050.0,97550.0,206913.66590213144
lithium_carbonate,ARIMA,Single,2025-12-18,2025-12-19,97550.0,97650.0,208363.21083788326
lithium_carbonate,ARIMA,Single,2025-12-19,2025-12-22,97650.0,99000.0,209812.7557736351
lithium_carbonate,ARIMA,Single,2025-12-22,2025-12-23,99000.0,99500.0,211262.30070938694
lithium_carbonate,ARIMA,Single,2025-12-23,2025-12-24,99500.0,101500.0,212711.84564513876
lithium_carbonate,ARIMA,Single,2025-12-24,2025-12-25,101500.0,104900.0,214161.39058089058
lithium_carbonate,ARIMA,Single,2025-12-25,2025-12-26,104900.0,111900.0,215610.9355166424
lithium_carbonate,ARIMA,Single,2025-12-26,2025-12-29,111900.0,118000.0,217060.48045239423
lithium_carbonate,ARIMA,Single,2025-12-29,2025-12-30,118000.0,118000.0,218510.02538814605
lithium_carbonate,ARIMA,Single,2025-12-30,2025-12-31,118000.0,118500.0,219959.57032389787
lithium_carbonate,ARIMA,Single,2025-12-31,2026-01-05,118500.0,119500.0,221409.1152596497
lithium_carbonate,ARIMA,Single,2026-01-05,2026-01-06,119500.0,127500.0,222858.66019540155
lithium_carbonate,ARIMA,Single,2026-01-06,2026-01-07,127500.0,133500.0,224308.20513115337
lithium_carbonate,ARIMA,Single,2026-01-07,2026-01-08,133500.0,138500.0,225757.7500669052
lithium_carbonate,ARIMA,Single,2026-01-08,2026-01-09,138500.0,140000.0,227207.29500265705
lithium_carbonate,ARIMA,Single,2026-01-09,2026-01-12,140000.0,152000.0,228656.83993840887
lithium_carbonate,ARIMA,Single,2026-01-12,2026-01-13,152000.0,159500.0,230106.3848741607
lithium_carbonate,ARIMA,Single,2026-01-13,2026-01-14,159500.0,163000.0,231555.92980991252
lithium_carbonate,ARIMA,Single,2026-01-14,2026-01-15,163000.0,159000.0,233005.47474566434
lithium_carbonate,ARIMA,Single,2026-01-15,2026-01-16,159000.0,158000.0,234455.01968141616
lithium_carbonate,ARIMA,Single,2026-01-16,2026-01-19,158000.0,151000.0,235904.56461716798
lithium_carbonate,ARIMA,Single,2026-01-19,2026-01-20,151000.0,152500.0,237354.1095529198
lithium_carbonate,ARIMA,Single,2026-01-20,2026-01-21,152500.0,158500.0,238803.65448867166
lithium_carbonate,ARIMA,Single,2026-01-21,2026-01-22,158500.0,164500.0,240253.19942442348
lithium_carbonate,ARIMA,Single,2026-01-22,2026-01-23,164500.0,171000.0,241702.7443601753
lithium_carbonate,ARIMA,Single,2026-01-23,2026-01-26,171000.0,181500.0,243152.28929592716
lithium_carbonate,ARIMA,Single,2026-01-26,2026-01-27,181500.0,172500.0,244601.83423167898
lithium_carbonate,ARIMA,Single,2026-01-27,2026-01-28,172500.0,172000.0,246051.3791674308
lithium_carbonate,ARIMA,Single,2026-01-28,2026-01-29,172000.0,168000.0,247500.92410318262
lithium_carbonate,ARIMA,Single,2026-01-29,2026-01-30,168000.0,160500.0,248950.46903893445
lithium_carbonate,ARIMA,Single,2026-01-30,2026-02-02,160500.0,155500.0,250400.01397468627
lithium_carbonate,ARIMA,Single,2026-02-02,2026-02-03,155500.0,153500.0,251849.5589104381
lithium_carbonate,ARIMA,Single,2026-02-03,2026-02-04,153500.0,153000.0,253299.10384618994
lithium_carbonate,ARIMA,Single,2026-02-04,2026-02-05,153000.0,144000.0,254748.64878194177
lithium_carbonate,ARIMA,Single,2026-02-05,2026-02-06,144000.0,134500.0,256198.1937176936
lithium_carbonate,ARIMA,Single,2026-02-06,2026-02-09,134500.0,135500.0,257647.7386534454
lithium_carbonate,ARIMA,Single,2026-02-09,2026-02-10,135500.0,136000.0,259097.28358919724
lithium_carbonate,ARIMA,Single,2026-02-10,2026-02-11,136000.0,138000.0,260546.8285249491
lithium_carbonate,ARIMA,Single,2026-02-11,2026-02-12,138000.0,142500.0,261996.3734607009
lithium_carbonate,ARIMA,Single,2026-02-12,2026-02-13,142500.0,143750.0,263445.91839645273
lithium_carbonate,ARIMA,Single,2026-02-13,2026-02-24,143750.0,152000.0,264895.46333220456
lithium_carbonate,ARIMA,Single,2026-02-24,2026-02-25,152000.0,161750.0,266345.00826795644
lithium_carbonate,ARIMA,Single,2026-02-25,2026-02-26,161750.0,173000.0,267794.55320370826
lithium_carbonate,ARIMA,Single,2026-02-26,2026-02-27,173000.0,172000.0,269244.0981394601
lithium_carbonate,ARIMA,Single,2026-02-27,2026-03-02,172000.0,172500.0,270693.6430752119
lithium_carbonate,ARIMA,Single,2026-03-02,2026-03-03,172500.0,161000.0,272143.1880109638
lithium_carbonate,ARIMA,Single,2026-03-03,2026-03-04,161000.0,154000.0,273592.7329467156
lithium_carbonate,ARIMA,Single,2026-03-04,2026-03-05,154000.0,156000.0,275042.2778824675
lithium_carbonate,ARIMA,Single,2026-03-05,2026-03-06,156000.0,155250.0,276491.8228182193
lithium_carbonate,ARIMA,Single,2026-03-06,2026-03-09,155250.0,154750.0,277941.36775397114
lithium_carbonate,ARIMA,Single,2026-03-09,2026-03-10,154750.0,158500.0,279390.91268972296
lithium_carbonate,ARIMA,Single,2026-03-10,2026-03-11,158500.0,159000.0,280840.45762547484
lithium_carbonate,ARIMA,Single,2026-03-11,2026-03-12,159000.0,158000.0,282290.0025612267
lithium_carbonate,SVR,Single,2025-08-14,2025-08-15,82000.0,82700.0,104757.2943823289
lithium_carbonate,SVR,Single,2025-08-15,2025-08-18,82700.0,84600.0,105805.07226142377
lithium_carbonate,SVR,Single,2025-08-18,2025-08-19,84600.0,85700.0,123231.55341810259
lithium_carbonate,SVR,Single,2025-08-19,2025-08-20,85700.0,85700.0,123231.5534185069
lithium_carbonate,SVR,Single,2025-08-20,2025-08-21,85700.0,85200.0,123231.5534081071
lithium_carbonate,SVR,Single,2025-08-21,2025-08-22,85200.0,83900.0,123231.55342558227
lithium_carbonate,SVR,Single,2025-08-22,2025-08-25,83900.0,82500.0,123231.55340239525
lithium_carbonate,SVR,Single,2025-08-25,2025-08-26,82500.0,81700.0,123231.54344160795
lithium_carbonate,SVR,Single,2025-08-26,2025-08-27,81700.0,81600.0,123231.54005520219
lithium_carbonate,SVR,Single,2025-08-27,2025-08-28,81600.0,80000.0,123231.54731495582
lithium_carbonate,SVR,Single,2025-08-28,2025-08-29,80000.0,79650.0,123231.53687635661
lithium_carbonate,SVR,Single,2025-08-29,2025-09-01,79650.0,78350.0,123231.53452246096
lithium_carbonate,SVR,Single,2025-09-01,2025-09-02,78350.0,77500.0,121897.26365054573
lithium_carbonate,SVR,Single,2025-09-02,2025-09-03,77500.0,75900.0,120730.81122260822
lithium_carbonate,SVR,Single,2025-09-03,2025-09-04,75900.0,75000.0,119513.55339290481
lithium_carbonate,SVR,Single,2025-09-04,2025-09-05,75000.0,74750.0,118964.18273453164
lithium_carbonate,SVR,Single,2025-09-05,2025-09-08,74750.0,74600.0,119813.89821743862
lithium_carbonate,SVR,Single,2025-09-08,2025-09-09,74600.0,74600.0,123228.51847324232
lithium_carbonate,SVR,Single,2025-09-09,2025-09-10,74600.0,73450.0,123224.89321277193
lithium_carbonate,SVR,Single,2025-09-10,2025-09-11,73450.0,72850.0,123228.84215421545
lithium_carbonate,SVR,Single,2025-09-11,2025-09-12,72850.0,72450.0,123226.5302043032
lithium_carbonate,SVR,Single,2025-09-12,2025-09-15,72450.0,72450.0,123225.62168117362
lithium_carbonate,SVR,Single,2025-09-15,2025-09-16,72450.0,72850.0,123226.4782130736
lithium_carbonate,SVR,Single,2025-09-16,2025-09-17,72850.0,73150.0,123225.79633455959
lithium_carbonate,SVR,Single,2025-09-17,2025-09-18,73150.0,73450.0,123226.95551338347
lithium_carbonate,SVR,Single,2025-09-18,2025-09-19,73450.0,73500.0,123226.42538829624
lithium_carbonate,SVR,Single,2025-09-19,2025-09-22,73500.0,73850.0,123226.94028972235
lithium_carbonate,SVR,Single,2025-09-22,2025-09-23,73850.0,73850.0,122046.64567261214
lithium_carbonate,SVR,Single,2025-09-23,2025-09-24,73850.0,73850.0,121766.50706301896
lithium_carbonate,SVR,Single,2025-09-24,2025-09-25,73850.0,73750.0,121528.68559591788
lithium_carbonate,SVR,Single,2025-09-25,2025-09-26,73750.0,73600.0,121432.6687287162
lithium_carbonate,SVR,Single,2025-09-26,2025-09-29,73600.0,73550.0,121638.94301537509
lithium_carbonate,SVR,Single,2025-09-29,2025-09-30,73550.0,73550.0,123229.92284946762
lithium_carbonate,SVR,Single,2025-09-30,2025-10-09,73550.0,73550.0,123230.04986845296
lithium_carbonate,SVR,Single,2025-10-09,2025-10-10,73550.0,73550.0,123231.22316349858
lithium_carbonate,SVR,Single,2025-10-10,2025-10-13,73550.0,73100.0,123231.55263350312
lithium_carbonate,SVR,Single,2025-10-13,2025-10-14,73100.0,73000.0,123229.66296789692
lithium_carbonate,SVR,Single,2025-10-14,2025-10-15,73000.0,73000.0,123228.79824410792
lithium_carbonate,SVR,Single,2025-10-15,2025-10-16,73000.0,73000.0,123228.9801719738
lithium_carbonate,SVR,Single,2025-10-16,2025-10-17,73000.0,73350.0,123230.5640657351
lithium_carbonate,SVR,Single,2025-10-17,2025-10-20,73350.0,74000.0,123226.76546257117
lithium_carbonate,SVR,Single,2025-10-20,2025-10-21,74000.0,74100.0,123230.37276163623
lithium_carbonate,SVR,Single,2025-10-21,2025-10-22,74100.0,74350.0,123231.03072508732
lithium_carbonate,SVR,Single,2025-10-22,2025-10-23,74350.0,74800.0,123230.06101033081
lithium_carbonate,SVR,Single,2025-10-23,2025-10-24,74800.0,75400.0,123230.06996573298
lithium_carbonate,SVR,Single,2025-10-24,2025-10-27,75400.0,76550.0,123230.68317775613
lithium_carbonate,SVR,Single,2025-10-27,2025-10-28,76550.0,78500.0,123195.62493125135
lithium_carbonate,SVR,Single,2025-10-28,2025-10-29,78500.0,79150.0,123199.55031092111
lithium_carbonate,SVR,Single,2025-10-29,2025-10-30,79150.0,80000.0,123211.53941645756
lithium_carbonate,SVR,Single,2025-10-30,2025-10-31,80000.0,80550.0,123219.65031113854
lithium_carbonate,SVR,Single,2025-10-31,2025-11-03,80550.0,81000.0,123204.26027923835
lithium_carbonate,SVR,Single,2025-11-03,2025-11-04,81000.0,80900.0,123221.94244291737
lithium_carbonate,SVR,Single,2025-11-04,2025-11-05,80900.0,80500.0,123207.38247435757
lithium_carbonate,SVR,Single,2025-11-05,2025-11-06,80500.0,80400.0,123216.43705069396
lithium_carbonate,SVR,Single,2025-11-06,2025-11-07,80400.0,80400.0,123215.793112203
lithium_carbonate,SVR,Single,2025-11-07,2025-11-10,80400.0,80750.0,123211.90486825597
lithium_carbonate,SVR,Single,2025-11-10,2025-11-11,80750.0,82300.0,123182.64738977498
lithium_carbonate,SVR,Single,2025-11-11,2025-11-12,82300.0,83300.0,123200.2499075846
lithium_carbonate,SVR,Single,2025-11-12,2025-11-13,83300.0,84350.0,123194.182202475
lithium_carbonate,SVR,Single,2025-11-13,2025-11-14,84350.0,85150.0,123201.89658229724
lithium_carbonate,SVR,Single,2025-11-14,2025-11-17,85150.0,86150.0,123219.85452768473
lithium_carbonate,SVR,Single,2025-11-17,2025-11-18,86150.0,87400.0,123215.8925623338
lithium_carbonate,SVR,Single,2025-11-18,2025-11-19,87400.0,88900.0,123222.93123371083
lithium_carbonate,SVR,Single,2025-11-19,2025-11-20,88900.0,91300.0,123219.16292385537
lithium_carbonate,SVR,Single,2025-11-20,2025-11-21,91300.0,92300.0,123224.4753897297
lithium_carbonate,SVR,Single,2025-11-21,2025-11-24,92300.0,92150.0,123218.15928050574
lithium_carbonate,SVR,Single,2025-11-24,2025-11-25,92150.0,92050.0,123227.83656022411
lithium_carbonate,SVR,Single,2025-11-25,2025-11-26,92050.0,92800.0,123229.6360853422
lithium_carbonate,SVR,Single,2025-11-26,2025-11-27,92800.0,93300.0,123229.10316519634
lithium_carbonate,SVR,Single,2025-11-27,2025-11-28,93300.0,93750.0,123228.61316703298
lithium_carbonate,SVR,Single,2025-11-28,2025-12-01,93750.0,94350.0,123229.31272230316
lithium_carbonate,SVR,Single,2025-12-01,2025-12-02,94350.0,94400.0,123229.8156108828
lithium_carbonate,SVR,Single,2025-12-02,2025-12-03,94400.0,94350.0,123229.12272981346
lithium_carbonate,SVR,Single,2025-12-03,2025-12-04,94350.0,94000.0,123228.67726293473
lithium_carbonate,SVR,Single,2025-12-04,2025-12-05,94000.0,93250.0,123229.3761167827
lithium_carbonate,SVR,Single,2025-12-05,2025-12-08,93250.0,92750.0,123229.45597160688
lithium_carbonate,SVR,Single,2025-12-08,2025-12-09,92750.0,92750.0,123230.84348633872
lithium_carbonate,SVR,Single,2025-12-09,2025-12-10,92750.0,92700.0,123230.96532290155
lithium_carbonate,SVR,Single,2025-12-10,2025-12-11,92700.0,93500.0,123230.87326109716
lithium_carbonate,SVR,Single,2025-12-11,2025-12-12,93500.0,94500.0,123230.97142831585
lithium_carbonate,SVR,Single,2025-12-12,2025-12-15,94500.0,95150.0,123230.88377052726
lithium_carbonate,SVR,Single,2025-12-15,2025-12-16,95150.0,95850.0,123202.36798032824
lithium_carbonate,SVR,Single,2025-12-16,2025-12-17,95850.0,97050.0,123200.02961551759
lithium_carbonate,SVR,Single,2025-12-17,2025-12-18,97050.0,97550.0,123196.56872259344
lithium_carbonate,SVR,Single,2025-12-18,2025-12-19,97550.0,97650.0,123230.68336479343
lithium_carbonate,SVR,Single,2025-12-19,2025-12-22,97650.0,99000.0,123209.8655747629
lithium_carbonate,SVR,Single,2025-12-22,2025-12-23,99000.0,99500.0,123193.03036252108
lithium_carbonate,SVR,Single,2025-12-23,2025-12-24,99500.0,101500.0,123209.94113907112
lithium_carbonate,SVR,Single,2025-12-24,2025-12-25,101500.0,104900.0,123222.38815418775
lithium_carbonate,SVR,Single,2025-12-25,2025-12-26,104900.0,111900.0,123211.76795870683
lithium_carbonate,SVR,Single,2025-12-26,2025-12-29,111900.0,118000.0,123212.10141220923
lithium_carbonate,SVR,Single,2025-12-29,2025-12-30,118000.0,118000.0,123209.01260349872
lithium_carbonate,SVR,Single,2025-12-30,2025-12-31,118000.0,118500.0,123203.86921643045
lithium_carbonate,SVR,Single,2025-12-31,2026-01-05,118500.0,119500.0,123203.71706003585
lithium_carbonate,SVR,Single,2026-01-05,2026-01-06,119500.0,127500.0,123206.44545053026
lithium_carbonate,SVR,Single,2026-01-06,2026-01-07,127500.0,133500.0,123210.29238648969
lithium_carbonate,SVR,Single,2026-01-07,2026-01-08,133500.0,138500.0,123214.93434650027
lithium_carbonate,SVR,Single,2026-01-08,2026-01-09,138500.0,140000.0,123213.87502101895
lithium_carbonate,SVR,Single,2026-01-09,2026-01-12,140000.0,152000.0,123212.78798880469
lithium_carbonate,SVR,Single,2026-01-12,2026-01-13,152000.0,159500.0,123227.1987544057
lithium_carbonate,SVR,Single,2026-01-13,2026-01-14,159500.0,163000.0,123228.62656035364
lithium_carbonate,SVR,Single,2026-01-14,2026-01-15,163000.0,159000.0,123229.74311666093
lithium_carbonate,SVR,Single,2026-01-15,2026-01-16,159000.0,158000.0,123229.10278985767
lithium_carbonate,SVR,Single,2026-01-16,2026-01-19,158000.0,151000.0,123228.52277505939
lithium_carbonate,SVR,Single,2026-01-19,2026-01-20,151000.0,152500.0,123231.09740111566
lithium_carbonate,SVR,Single,2026-01-20,2026-01-21,152500.0,158500.0,123231.05146644604
lithium_carbonate,SVR,Single,2026-01-21,2026-01-22,158500.0,164500.0,123231.22871770832
lithium_carbonate,SVR,Single,2026-01-22,2026-01-23,164500.0,171000.0,123231.27356313587
lithium_carbonate,SVR,Single,2026-01-23,2026-01-26,171000.0,181500.0,123231.38130599762
lithium_carbonate,SVR,Single,2026-01-26,2026-01-27,181500.0,172500.0,122970.46280756683
lithium_carbonate,SVR,Single,2026-01-27,2026-01-28,172500.0,172000.0,122947.15228433322
lithium_carbonate,SVR,Single,2026-01-28,2026-01-29,172000.0,168000.0,122968.4463359094
lithium_carbonate,SVR,Single,2026-01-29,2026-01-30,168000.0,160500.0,122838.88405406753
lithium_carbonate,SVR,Single,2026-01-30,2026-02-02,160500.0,155500.0,122458.99900813593
lithium_carbonate,SVR,Single,2026-02-02,2026-02-03,155500.0,153500.0,123230.75849074243
lithium_carbonate,SVR,Single,2026-02-03,2026-02-04,153500.0,153000.0,123230.66745284756
lithium_carbonate,SVR,Single,2026-02-04,2026-02-05,153000.0,144000.0,123230.70674327956
lithium_carbonate,SVR,Single,2026-02-05,2026-02-06,144000.0,134500.0,123230.25409549245
lithium_carbonate,SVR,Single,2026-02-06,2026-02-09,134500.0,135500.0,123229.77254542391
lithium_carbonate,SVR,Single,2026-02-09,2026-02-10,135500.0,136000.0,123227.1466216173
lithium_carbonate,SVR,Single,2026-02-10,2026-02-11,136000.0,138000.0,123226.06764141624
lithium_carbonate,SVR,Single,2026-02-11,2026-02-12,138000.0,142500.0,123218.39143775094
lithium_carbonate,SVR,Single,2026-02-12,2026-02-13,142500.0,143750.0,123219.45725341147
lithium_carbonate,SVR,Single,2026-02-13,2026-02-24,143750.0,152000.0,123221.65567368756
lithium_carbonate,SVR,Single,2026-02-24,2026-02-25,152000.0,161750.0,123231.41362634585
lithium_carbonate,SVR,Single,2026-02-25,2026-02-26,161750.0,173000.0,123231.41385747089
lithium_carbonate,SVR,Single,2026-02-26,2026-02-27,173000.0,172000.0,123231.42148407243
lithium_carbonate,SVR,Single,2026-02-27,2026-03-02,172000.0,172500.0,123231.46559675748
lithium_carbonate,SVR,Single,2026-03-02,2026-03-03,172500.0,161000.0,123231.46439969745
lithium_carbonate,SVR,Single,2026-03-03,2026-03-04,161000.0,154000.0,123231.35562194412
lithium_carbonate,SVR,Single,2026-03-04,2026-03-05,154000.0,156000.0,123231.38395011425
lithium_carbonate,SVR,Single,2026-03-05,2026-03-06,156000.0,155250.0,123231.3927580468
lithium_carbonate,SVR,Single,2026-03-06,2026-03-09,155250.0,154750.0,123231.44732933318
lithium_carbonate,SVR,Single,2026-03-09,2026-03-10,154750.0,158500.0,123231.20716860761
lithium_carbonate,SVR,Single,2026-03-10,2026-03-11,158500.0,159000.0,123231.34932010884
lithium_carbonate,SVR,Single,2026-03-11,2026-03-12,159000.0,158000.0,123231.37605229218
lithium_carbonate,RF,Single,2025-08-14,2025-08-15,82000.0,82700.0,80111.00000000003
lithium_carbonate,RF,Single,2025-08-15,2025-08-18,82700.0,84600.0,80586.00000000003
lithium_carbonate,RF,Single,2025-08-18,2025-08-19,84600.0,85700.0,81672.0
lithium_carbonate,RF,Single,2025-08-19,2025-08-20,85700.0,85700.0,82398.00000000003
lithium_carbonate,RF,Single,2025-08-20,2025-08-21,85700.0,85200.0,83168.50000000003
lithium_carbonate,RF,Single,2025-08-21,2025-08-22,85200.0,83900.0,84017.50000000003
lithium_carbonate,RF,Single,2025-08-22,2025-08-25,83900.0,82500.0,83436.50000000003
lithium_carbonate,RF,Single,2025-08-25,2025-08-26,82500.0,81700.0,82338.00000000003
lithium_carbonate,RF,Single,2025-08-26,2025-08-27,81700.0,81600.0,81597.00000000003
lithium_carbonate,RF,Single,2025-08-27,2025-08-28,81600.0,80000.0,80801.00000000003
lithium_carbonate,RF,Single,2025-08-28,2025-08-29,80000.0,79650.0,80649.00000000003
lithium_carbonate,RF,Single,2025-08-29,2025-09-01,79650.0,78350.0,80145.00000000003
lithium_carbonate,RF,Single,2025-09-01,2025-09-02,78350.0,77500.0,79543.00000000003
lithium_carbonate,RF,Single,2025-09-02,2025-09-03,77500.0,75900.0,77491.50000000006
lithium_carbonate,RF,Single,2025-09-03,2025-09-04,75900.0,75000.0,76632.70000000001
lithium_carbonate,RF,Single,2025-09-04,2025-09-05,75000.0,74750.0,76210.00000000003
lithium_carbonate,RF,Single,2025-09-05,2025-09-08,74750.0,74600.0,76082.50000000003
lithium_carbonate,RF,Single,2025-09-08,2025-09-09,74600.0,74600.0,76942.30000000002
lithium_carbonate,RF,Single,2025-09-09,2025-09-10,74600.0,73450.0,77003.80000000002
lithium_carbonate,RF,Single,2025-09-10,2025-09-11,73450.0,72850.0,74553.00000000001
lithium_carbonate,RF,Single,2025-09-11,2025-09-12,72850.0,72450.0,74442.00000000003
lithium_carbonate,RF,Single,2025-09-12,2025-09-15,72450.0,72450.0,74444.50000000003
lithium_carbonate,RF,Single,2025-09-15,2025-09-16,72450.0,72850.0,74540.00000000003
lithium_carbonate,RF,Single,2025-09-16,2025-09-17,72850.0,73150.0,74696.50000000003
lithium_carbonate,RF,Single,2025-09-17,2025-09-18,73150.0,73450.0,74732.00000000003
lithium_carbonate,RF,Single,2025-09-18,2025-09-19,73450.0,73500.0,74741.50000000001
lithium_carbonate,RF,Single,2025-09-19,2025-09-22,73500.0,73850.0,74699.5
lithium_carbonate,RF,Single,2025-09-22,2025-09-23,73850.0,73850.0,74830.0
lithium_carbonate,RF,Single,2025-09-23,2025-09-24,73850.0,73850.0,74837.5
lithium_carbonate,RF,Single,2025-09-24,2025-09-25,73850.0,73750.0,74841.0
lithium_carbonate,RF,Single,2025-09-25,2025-09-26,73750.0,73600.0,74992.0
lithium_carbonate,RF,Single,2025-09-26,2025-09-29,73600.0,73550.0,74902.5
lithium_carbonate,RF,Single,2025-09-29,2025-09-30,73550.0,73550.0,74819.0
lithium_carbonate,RF,Single,2025-09-30,2025-10-09,73550.0,73550.0,74643.50000000003
lithium_carbonate,RF,Single,2025-10-09,2025-10-10,73550.0,73550.0,78383.5
lithium_carbonate,RF,Single,2025-10-10,2025-10-13,73550.0,73100.0,78321.0
lithium_carbonate,RF,Single,2025-10-13,2025-10-14,73100.0,73000.0,78296.5
lithium_carbonate,RF,Single,2025-10-14,2025-10-15,73000.0,73000.0,79129.0
lithium_carbonate,RF,Single,2025-10-15,2025-10-16,73000.0,73000.0,79183.50000000001
lithium_carbonate,RF,Single,2025-10-16,2025-10-17,73000.0,73350.0,78235.50000000001
lithium_carbonate,RF,Single,2025-10-17,2025-10-20,73350.0,74000.0,78464.5
lithium_carbonate,RF,Single,2025-10-20,2025-10-21,74000.0,74100.0,79118.5
lithium_carbonate,RF,Single,2025-10-21,2025-10-22,74100.0,74350.0,79134.5
lithium_carbonate,RF,Single,2025-10-22,2025-10-23,74350.0,74800.0,78038.00000000001
lithium_carbonate,RF,Single,2025-10-23,2025-10-24,74800.0,75400.0,80731.00000000003
lithium_carbonate,RF,Single,2025-10-24,2025-10-27,75400.0,76550.0,80751.20000000001
lithium_carbonate,RF,Single,2025-10-27,2025-10-28,76550.0,78500.0,81701.20000000001
lithium_carbonate,RF,Single,2025-10-28,2025-10-29,78500.0,79150.0,80947.5
lithium_carbonate,RF,Single,2025-10-29,2025-10-30,79150.0,80000.0,82041.50000000003
lithium_carbonate,RF,Single,2025-10-30,2025-10-31,80000.0,80550.0,83280.0
lithium_carbonate,RF,Single,2025-10-31,2025-11-03,80550.0,81000.0,83515.0
lithium_carbonate,RF,Single,2025-11-03,2025-11-04,81000.0,80900.0,80664.50000000001
lithium_carbonate,RF,Single,2025-11-04,2025-11-05,80900.0,80500.0,81118.00000000003
lithium_carbonate,RF,Single,2025-11-05,2025-11-06,80500.0,80400.0,81150.50000000003
lithium_carbonate,RF,Single,2025-11-06,2025-11-07,80400.0,80400.0,81187.00000000003
lithium_carbonate,RF,Single,2025-11-07,2025-11-10,80400.0,80750.0,81357.50000000003
lithium_carbonate,RF,Single,2025-11-10,2025-11-11,80750.0,82300.0,80965.50000000003
lithium_carbonate,RF,Single,2025-11-11,2025-11-12,82300.0,83300.0,81988.50000000003
lithium_carbonate,RF,Single,2025-11-12,2025-11-13,83300.0,84350.0,81651.5
lithium_carbonate,RF,Single,2025-11-13,2025-11-14,84350.0,85150.0,85321.00000000003
lithium_carbonate,RF,Single,2025-11-14,2025-11-17,85150.0,86150.0,86458.00000000003
lithium_carbonate,RF,Single,2025-11-17,2025-11-18,86150.0,87400.0,87023.50000000003
lithium_carbonate,RF,Single,2025-11-18,2025-11-19,87400.0,88900.0,87527.50000000003
lithium_carbonate,RF,Single,2025-11-19,2025-11-20,88900.0,91300.0,88983.50000000001
lithium_carbonate,RF,Single,2025-11-20,2025-11-21,91300.0,92300.0,90597.0
lithium_carbonate,RF,Single,2025-11-21,2025-11-24,92300.0,92150.0,90534.5
lithium_carbonate,RF,Single,2025-11-24,2025-11-25,92150.0,92050.0,93226.5
lithium_carbonate,RF,Single,2025-11-25,2025-11-26,92050.0,92800.0,95460.5
lithium_carbonate,RF,Single,2025-11-26,2025-11-27,92800.0,93300.0,95892.0
lithium_carbonate,RF,Single,2025-11-27,2025-11-28,93300.0,93750.0,95895.0
lithium_carbonate,RF,Single,2025-11-28,2025-12-01,93750.0,94350.0,95932.0
lithium_carbonate,RF,Single,2025-12-01,2025-12-02,94350.0,94400.0,96805.99999999999
lithium_carbonate,RF,Single,2025-12-02,2025-12-03,94400.0,94350.0,96964.49999999999
lithium_carbonate,RF,Single,2025-12-03,2025-12-04,94350.0,94000.0,96962.5
lithium_carbonate,RF,Single,2025-12-04,2025-12-05,94000.0,93250.0,96523.49999999999
lithium_carbonate,RF,Single,2025-12-05,2025-12-08,93250.0,92750.0,96509.5
lithium_carbonate,RF,Single,2025-12-08,2025-12-09,92750.0,92750.0,96345.0
lithium_carbonate,RF,Single,2025-12-09,2025-12-10,92750.0,92700.0,96335.99999999999
lithium_carbonate,RF,Single,2025-12-10,2025-12-11,92700.0,93500.0,96199.49999999999
lithium_carbonate,RF,Single,2025-12-11,2025-12-12,93500.0,94500.0,96226.0
lithium_carbonate,RF,Single,2025-12-12,2025-12-15,94500.0,95150.0,96796.49999999999
lithium_carbonate,RF,Single,2025-12-15,2025-12-16,95150.0,95850.0,97006.49999999999
lithium_carbonate,RF,Single,2025-12-16,2025-12-17,95850.0,97050.0,97637.49999999999
lithium_carbonate,RF,Single,2025-12-17,2025-12-18,97050.0,97550.0,98595.0
lithium_carbonate,RF,Single,2025-12-18,2025-12-19,97550.0,97650.0,100213.00000000001
lithium_carbonate,RF,Single,2025-12-19,2025-12-22,97650.0,99000.0,101105.00000000001
lithium_carbonate,RF,Single,2025-12-22,2025-12-23,99000.0,99500.0,102646.0
lithium_carbonate,RF,Single,2025-12-23,2025-12-24,99500.0,101500.0,103828.0
lithium_carbonate,RF,Single,2025-12-24,2025-12-25,101500.0,104900.0,104495.25
lithium_carbonate,RF,Single,2025-12-25,2025-12-26,104900.0,111900.0,107911.5
lithium_carbonate,RF,Single,2025-12-26,2025-12-29,111900.0,118000.0,115438.5
lithium_carbonate,RF,Single,2025-12-29,2025-12-30,118000.0,118000.0,117240.0
lithium_carbonate,RF,Single,2025-12-30,2025-12-31,118000.0,118500.0,117581.0
lithium_carbonate,RF,Single,2025-12-31,2026-01-05,118500.0,119500.0,117654.0
lithium_carbonate,RF,Single,2026-01-05,2026-01-06,119500.0,127500.0,118961.5
lithium_carbonate,RF,Single,2026-01-06,2026-01-07,127500.0,133500.0,120511.0
lithium_carbonate,RF,Single,2026-01-07,2026-01-08,133500.0,138500.0,123573.5
lithium_carbonate,RF,Single,2026-01-08,2026-01-09,138500.0,140000.0,126340.5
lithium_carbonate,RF,Single,2026-01-09,2026-01-12,140000.0,152000.0,130486.0
lithium_carbonate,RF,Single,2026-01-12,2026-01-13,152000.0,159500.0,133859.5
lithium_carbonate,RF,Single,2026-01-13,2026-01-14,159500.0,163000.0,140622.5
lithium_carbonate,RF,Single,2026-01-14,2026-01-15,163000.0,159000.0,146302.5
lithium_carbonate,RF,Single,2026-01-15,2026-01-16,159000.0,158000.0,147357.5
lithium_carbonate,RF,Single,2026-01-16,2026-01-19,158000.0,151000.0,149077.5
lithium_carbonate,RF,Single,2026-01-19,2026-01-20,151000.0,152500.0,148157.5
lithium_carbonate,RF,Single,2026-01-20,2026-01-21,152500.0,158500.0,146022.5
lithium_carbonate,RF,Single,2026-01-21,2026-01-22,158500.0,164500.0,149352.50000000003
lithium_carbonate,RF,Single,2026-01-22,2026-01-23,164500.0,171000.0,157612.50000000003
lithium_carbonate,RF,Single,2026-01-23,2026-01-26,171000.0,181500.0,162197.5
lithium_carbonate,RF,Single,2026-01-26,2026-01-27,181500.0,172500.0,169572.50000000003
lithium_carbonate,RF,Single,2026-01-27,2026-01-28,172500.0,172000.0,172147.5
lithium_carbonate,RF,Single,2026-01-28,2026-01-29,172000.0,168000.0,173197.50000000003
lithium_carbonate,RF,Single,2026-01-29,2026-01-30,168000.0,160500.0,169352.50000000003
lithium_carbonate,RF,Single,2026-01-30,2026-02-02,160500.0,155500.0,162542.5
lithium_carbonate,RF,Single,2026-02-02,2026-02-03,155500.0,153500.0,155662.5
lithium_carbonate,RF,Single,2026-02-03,2026-02-04,153500.0,153000.0,152202.5
lithium_carbonate,RF,Single,2026-02-04,2026-02-05,153000.0,144000.0,148312.5
lithium_carbonate,RF,Single,2026-02-05,2026-02-06,144000.0,134500.0,143590.0
lithium_carbonate,RF,Single,2026-02-06,2026-02-09,134500.0,135500.0,139440.0
lithium_carbonate,RF,Single,2026-02-09,2026-02-10,135500.0,136000.0,137110.0
lithium_carbonate,RF,Single,2026-02-10,2026-02-11,136000.0,138000.0,135775.0
lithium_carbonate,RF,Single,2026-02-11,2026-02-12,138000.0,142500.0,134120.0
lithium_carbonate,RF,Single,2026-02-12,2026-02-13,142500.0,143750.0,135080.0
lithium_carbonate,RF,Single,2026-02-13,2026-02-24,143750.0,152000.0,136910.0
lithium_carbonate,RF,Single,2026-02-24,2026-02-25,152000.0,161750.0,146985.0
lithium_carbonate,RF,Single,2026-02-25,2026-02-26,161750.0,173000.0,150937.50000000003
lithium_carbonate,RF,Single,2026-02-26,2026-02-27,173000.0,172000.0,157497.5
lithium_carbonate,RF,Single,2026-02-27,2026-03-02,172000.0,172500.0,157797.5
lithium_carbonate,RF,Single,2026-03-02,2026-03-03,172500.0,161000.0,164637.5
lithium_carbonate,RF,Single,2026-03-03,2026-03-04,161000.0,154000.0,160367.5
lithium_carbonate,RF,Single,2026-03-04,2026-03-05,154000.0,156000.0,158202.5
lithium_carbonate,RF,Single,2026-03-05,2026-03-06,156000.0,155250.0,154782.5
lithium_carbonate,RF,Single,2026-03-06,2026-03-09,155250.0,154750.0,151147.50000000003
lithium_carbonate,RF,Single,2026-03-09,2026-03-10,154750.0,158500.0,145872.5
lithium_carbonate,RF,Single,2026-03-10,2026-03-11,158500.0,159000.0,146612.5
lithium_carbonate,RF,Single,2026-03-11,2026-03-12,159000.0,158000.0,147152.5
lithium_carbonate,MLP,Single,2025-08-14,2025-08-15,82000.0,82700.0,67179.83861866262
lithium_carbonate,MLP,Single,2025-08-15,2025-08-18,82700.0,84600.0,58965.16774305568
lithium_carbonate,MLP,Single,2025-08-18,2025-08-19,84600.0,85700.0,-170244.5412564081
lithium_carbonate,MLP,Single,2025-08-19,2025-08-20,85700.0,85700.0,-172269.80800247972
lithium_carbonate,MLP,Single,2025-08-20,2025-08-21,85700.0,85200.0,-167960.66238757205
lithium_carbonate,MLP,Single,2025-08-21,2025-08-22,85200.0,83900.0,-175946.51088390185
lithium_carbonate,MLP,Single,2025-08-22,2025-08-25,83900.0,82500.0,-163570.7735948217
lithium_carbonate,MLP,Single,2025-08-25,2025-08-26,82500.0,81700.0,-144324.17292905133
lithium_carbonate,MLP,Single,2025-08-26,2025-08-27,81700.0,81600.0,-156497.3270586573
lithium_carbonate,MLP,Single,2025-08-27,2025-08-28,81600.0,80000.0,-140415.3799673213
lithium_carbonate,MLP,Single,2025-08-28,2025-08-29,80000.0,79650.0,-149850.8817483898
lithium_carbonate,MLP,Single,2025-08-29,2025-09-01,79650.0,78350.0,-145826.46641287382
lithium_carbonate,MLP,Single,2025-09-01,2025-09-02,78350.0,77500.0,60976.948551273555
lithium_carbonate,MLP,Single,2025-09-02,2025-09-03,77500.0,75900.0,69443.28087208988
lithium_carbonate,MLP,Single,2025-09-03,2025-09-04,75900.0,75000.0,57472.967211959214
lithium_carbonate,MLP,Single,2025-09-04,2025-09-05,75000.0,74750.0,73041.135448783
lithium_carbonate,MLP,Single,2025-09-05,2025-09-08,74750.0,74600.0,60972.437427463614
lithium_carbonate,MLP,Single,2025-09-08,2025-09-09,74600.0,74600.0,-32480.66109695853
lithium_carbonate,MLP,Single,2025-09-09,2025-09-10,74600.0,73450.0,-42477.67740949194
lithium_carbonate,MLP,Single,2025-09-10,2025-09-11,73450.0,72850.0,-55069.02993930387
lithium_carbonate,MLP,Single,2025-09-11,2025-09-12,72850.0,72450.0,-53802.98814792221
lithium_carbonate,MLP,Single,2025-09-12,2025-09-15,72450.0,72450.0,-46199.927316732355
lithium_carbonate,MLP,Single,2025-09-15,2025-09-16,72450.0,72850.0,-101243.9614816407
lithium_carbonate,MLP,Single,2025-09-16,2025-09-17,72850.0,73150.0,-105804.41679050648
lithium_carbonate,MLP,Single,2025-09-17,2025-09-18,73150.0,73450.0,-92864.26045227563
lithium_carbonate,MLP,Single,2025-09-18,2025-09-19,73450.0,73500.0,-101663.42819153913
lithium_carbonate,MLP,Single,2025-09-19,2025-09-22,73500.0,73850.0,-101629.66499191636
lithium_carbonate,MLP,Single,2025-09-22,2025-09-23,73850.0,73850.0,-46282.90080557126
lithium_carbonate,MLP,Single,2025-09-23,2025-09-24,73850.0,73850.0,-55964.989801374875
lithium_carbonate,MLP,Single,2025-09-24,2025-09-25,73850.0,73750.0,-12808.628877482523
lithium_carbonate,MLP,Single,2025-09-25,2025-09-26,73750.0,73600.0,-10640.704978630645
lithium_carbonate,MLP,Single,2025-09-26,2025-09-29,73600.0,73550.0,-32946.065739532525
lithium_carbonate,MLP,Single,2025-09-29,2025-09-30,73550.0,73550.0,-102726.20678551757
lithium_carbonate,MLP,Single,2025-09-30,2025-10-09,73550.0,73550.0,-103382.40453758012
lithium_carbonate,MLP,Single,2025-10-09,2025-10-10,73550.0,73550.0,-122775.40336973232
lithium_carbonate,MLP,Single,2025-10-10,2025-10-13,73550.0,73100.0,-146844.2507191603
lithium_carbonate,MLP,Single,2025-10-13,2025-10-14,73100.0,73000.0,-96057.03833184915
lithium_carbonate,MLP,Single,2025-10-14,2025-10-15,73000.0,73000.0,-80583.88640107209
lithium_carbonate,MLP,Single,2025-10-15,2025-10-16,73000.0,73000.0,-81120.71625188051
lithium_carbonate,MLP,Single,2025-10-16,2025-10-17,73000.0,73350.0,-87785.7779652788
lithium_carbonate,MLP,Single,2025-10-17,2025-10-20,73350.0,74000.0,-99452.54827889559
lithium_carbonate,MLP,Single,2025-10-20,2025-10-21,74000.0,74100.0,-104369.82325928076
lithium_carbonate,MLP,Single,2025-10-21,2025-10-22,74100.0,74350.0,-105649.14729645057
lithium_carbonate,MLP,Single,2025-10-22,2025-10-23,74350.0,74800.0,-110281.87998972216
lithium_carbonate,MLP,Single,2025-10-23,2025-10-24,74800.0,75400.0,-112380.35450491845
lithium_carbonate,MLP,Single,2025-10-24,2025-10-27,75400.0,76550.0,-115993.3724939168
lithium_carbonate,MLP,Single,2025-10-27,2025-10-28,76550.0,78500.0,-56821.16262750185
lithium_carbonate,MLP,Single,2025-10-28,2025-10-29,78500.0,79150.0,-64188.24518826927
lithium_carbonate,MLP,Single,2025-10-29,2025-10-30,79150.0,80000.0,-60644.372643184266
lithium_carbonate,MLP,Single,2025-10-30,2025-10-31,80000.0,80550.0,-42579.27650193978
lithium_carbonate,MLP,Single,2025-10-31,2025-11-03,80550.0,81000.0,-55098.622195076896
lithium_carbonate,MLP,Single,2025-11-03,2025-11-04,81000.0,80900.0,-42866.30711624844
lithium_carbonate,MLP,Single,2025-11-04,2025-11-05,80900.0,80500.0,-54658.78469110848
lithium_carbonate,MLP,Single,2025-11-05,2025-11-06,80500.0,80400.0,-34060.95156544974
lithium_carbonate,MLP,Single,2025-11-06,2025-11-07,80400.0,80400.0,-53488.28754695671
lithium_carbonate,MLP,Single,2025-11-07,2025-11-10,80400.0,80750.0,-56799.43767095785
lithium_carbonate,MLP,Single,2025-11-10,2025-11-11,80750.0,82300.0,-24845.944198214333
lithium_carbonate,MLP,Single,2025-11-11,2025-11-12,82300.0,83300.0,-22004.29712338734
lithium_carbonate,MLP,Single,2025-11-12,2025-11-13,83300.0,84350.0,-25363.433345923404
lithium_carbonate,MLP,Single,2025-11-13,2025-11-14,84350.0,85150.0,-41103.47465035861
lithium_carbonate,MLP,Single,2025-11-14,2025-11-17,85150.0,86150.0,-29578.502052469674
lithium_carbonate,MLP,Single,2025-11-17,2025-11-18,86150.0,87400.0,-19148.026104658522
lithium_carbonate,MLP,Single,2025-11-18,2025-11-19,87400.0,88900.0,-33032.26165673873
lithium_carbonate,MLP,Single,2025-11-19,2025-11-20,88900.0,91300.0,-3783.9212719968054
lithium_carbonate,MLP,Single,2025-11-20,2025-11-21,91300.0,92300.0,-11486.46258660403
lithium_carbonate,MLP,Single,2025-11-21,2025-11-24,92300.0,92150.0,-31086.59493018742
lithium_carbonate,MLP,Single,2025-11-24,2025-11-25,92150.0,92050.0,-92285.43003754073
lithium_carbonate,MLP,Single,2025-11-25,2025-11-26,92050.0,92800.0,-78987.55970767862
lithium_carbonate,MLP,Single,2025-11-26,2025-11-27,92800.0,93300.0,-94949.2075272688
lithium_carbonate,MLP,Single,2025-11-27,2025-11-28,93300.0,93750.0,-90154.98567277132
lithium_carbonate,MLP,Single,2025-11-28,2025-12-01,93750.0,94350.0,-97443.61602627684
lithium_carbonate,MLP,Single,2025-12-01,2025-12-02,94350.0,94400.0,-103375.06455313842
lithium_carbonate,MLP,Single,2025-12-02,2025-12-03,94400.0,94350.0,-90161.87148215654
lithium_carbonate,MLP,Single,2025-12-03,2025-12-04,94350.0,94000.0,-61750.75471211414
lithium_carbonate,MLP,Single,2025-12-04,2025-12-05,94000.0,93250.0,-105988.28356573655
lithium_carbonate,MLP,Single,2025-12-05,2025-12-08,93250.0,92750.0,-105755.08118159635
lithium_carbonate,MLP,Single,2025-12-08,2025-12-09,92750.0,92750.0,-98281.86915837188
lithium_carbonate,MLP,Single,2025-12-09,2025-12-10,92750.0,92700.0,-84831.07021079908
lithium_carbonate,MLP,Single,2025-12-10,2025-12-11,92700.0,93500.0,-101136.49909583307
lithium_carbonate,MLP,Single,2025-12-11,2025-12-12,93500.0,94500.0,-76420.27203822392
lithium_carbonate,MLP,Single,2025-12-12,2025-12-15,94500.0,95150.0,-86588.15238169624
lithium_carbonate,MLP,Single,2025-12-15,2025-12-16,95150.0,95850.0,-28147.83062167288
lithium_carbonate,MLP,Single,2025-12-16,2025-12-17,95850.0,97050.0,-29403.98973588567
lithium_carbonate,MLP,Single,2025-12-17,2025-12-18,97050.0,97550.0,-38912.78144491426
lithium_carbonate,MLP,Single,2025-12-18,2025-12-19,97550.0,97650.0,-55232.7261933659
lithium_carbonate,MLP,Single,2025-12-19,2025-12-22,97650.0,99000.0,-50075.765815641
lithium_carbonate,MLP,Single,2025-12-22,2025-12-23,99000.0,99500.0,-34723.96144999386
lithium_carbonate,MLP,Single,2025-12-23,2025-12-24,99500.0,101500.0,-54020.39304884127
lithium_carbonate,MLP,Single,2025-12-24,2025-12-25,101500.0,104900.0,-33842.02852428591
lithium_carbonate,MLP,Single,2025-12-25,2025-12-26,104900.0,111900.0,-53756.95471214276
lithium_carbonate,MLP,Single,2025-12-26,2025-12-29,111900.0,118000.0,-52558.81052712788
lithium_carbonate,MLP,Single,2025-12-29,2025-12-30,118000.0,118000.0,-44557.04689347578
lithium_carbonate,MLP,Single,2025-12-30,2025-12-31,118000.0,118500.0,-35551.48165608727
lithium_carbonate,MLP,Single,2025-12-31,2026-01-05,118500.0,119500.0,-31106.418329710403
lithium_carbonate,MLP,Single,2026-01-05,2026-01-06,119500.0,127500.0,-31896.7532810423
lithium_carbonate,MLP,Single,2026-01-06,2026-01-07,127500.0,133500.0,-33945.27188363229
lithium_carbonate,MLP,Single,2026-01-07,2026-01-08,133500.0,138500.0,-25311.850967880513
lithium_carbonate,MLP,Single,2026-01-08,2026-01-09,138500.0,140000.0,-27232.034425679594
lithium_carbonate,MLP,Single,2026-01-09,2026-01-12,140000.0,152000.0,-40875.503167905496
lithium_carbonate,MLP,Single,2026-01-12,2026-01-13,152000.0,159500.0,-32147.682840724126
lithium_carbonate,MLP,Single,2026-01-13,2026-01-14,159500.0,163000.0,-47518.111934920424
lithium_carbonate,MLP,Single,2026-01-14,2026-01-15,163000.0,159000.0,16778.19864835986
lithium_carbonate,MLP,Single,2026-01-15,2026-01-16,159000.0,158000.0,-35075.97830061414
lithium_carbonate,MLP,Single,2026-01-16,2026-01-19,158000.0,151000.0,-50296.85335795654
lithium_carbonate,MLP,Single,2026-01-19,2026-01-20,151000.0,152500.0,-58230.15867929271
lithium_carbonate,MLP,Single,2026-01-20,2026-01-21,152500.0,158500.0,-40468.66470435151
lithium_carbonate,MLP,Single,2026-01-21,2026-01-22,158500.0,164500.0,-48623.672511529265
lithium_carbonate,MLP,Single,2026-01-22,2026-01-23,164500.0,171000.0,-48986.88641651193
lithium_carbonate,MLP,Single,2026-01-23,2026-01-26,171000.0,181500.0,-44260.20582509291
lithium_carbonate,MLP,Single,2026-01-26,2026-01-27,181500.0,172500.0,167201.56666974642
lithium_carbonate,MLP,Single,2026-01-27,2026-01-28,172500.0,172000.0,165243.90469320345
lithium_carbonate,MLP,Single,2026-01-28,2026-01-29,172000.0,168000.0,165169.5270663274
lithium_carbonate,MLP,Single,2026-01-29,2026-01-30,168000.0,160500.0,163284.21894834374
lithium_carbonate,MLP,Single,2026-01-30,2026-02-02,160500.0,155500.0,143967.65318459357
lithium_carbonate,MLP,Single,2026-02-02,2026-02-03,155500.0,153500.0,-87202.56260905572
lithium_carbonate,MLP,Single,2026-02-03,2026-02-04,153500.0,153000.0,-59552.17272030105
lithium_carbonate,MLP,Single,2026-02-04,2026-02-05,153000.0,144000.0,-75524.98141614947
lithium_carbonate,MLP,Single,2026-02-05,2026-02-06,144000.0,134500.0,-69116.35829026936
lithium_carbonate,MLP,Single,2026-02-06,2026-02-09,134500.0,135500.0,-69352.59854350332
lithium_carbonate,MLP,Single,2026-02-09,2026-02-10,135500.0,136000.0,-34822.48735633984
lithium_carbonate,MLP,Single,2026-02-10,2026-02-11,136000.0,138000.0,-32626.01884567979
lithium_carbonate,MLP,Single,2026-02-11,2026-02-12,138000.0,142500.0,-30119.523976454715
lithium_carbonate,MLP,Single,2026-02-12,2026-02-13,142500.0,143750.0,-29697.65658475965
lithium_carbonate,MLP,Single,2026-02-13,2026-02-24,143750.0,152000.0,-31334.892656241398
lithium_carbonate,MLP,Single,2026-02-24,2026-02-25,152000.0,161750.0,-63444.31390232177
lithium_carbonate,MLP,Single,2026-02-25,2026-02-26,161750.0,173000.0,-48878.97769344458
lithium_carbonate,MLP,Single,2026-02-26,2026-02-27,173000.0,172000.0,-60123.60318432897
lithium_carbonate,MLP,Single,2026-02-27,2026-03-02,172000.0,172500.0,-52372.73083372667
lithium_carbonate,MLP,Single,2026-03-02,2026-03-03,172500.0,161000.0,-28269.730151558586
lithium_carbonate,MLP,Single,2026-03-03,2026-03-04,161000.0,154000.0,-58458.534849241405
lithium_carbonate,MLP,Single,2026-03-04,2026-03-05,154000.0,156000.0,-50731.50674673816
lithium_carbonate,MLP,Single,2026-03-05,2026-03-06,156000.0,155250.0,-50723.544874630665
lithium_carbonate,MLP,Single,2026-03-06,2026-03-09,155250.0,154750.0,-47012.560204808804
lithium_carbonate,MLP,Single,2026-03-09,2026-03-10,154750.0,158500.0,-31924.75712380829
lithium_carbonate,MLP,Single,2026-03-10,2026-03-11,158500.0,159000.0,-64127.41382024772
lithium_carbonate,MLP,Single,2026-03-11,2026-03-12,159000.0,158000.0,-35988.081106340775
lithium_carbonate,ELM,Single,2025-08-14,2025-08-15,82000.0,82700.0,66513.32075384568
lithium_carbonate,ELM,Single,2025-08-15,2025-08-18,82700.0,84600.0,73838.94662336922
lithium_carbonate,ELM,Single,2025-08-18,2025-08-19,84600.0,85700.0,46199.721827995076
lithium_carbonate,ELM,Single,2025-08-19,2025-08-20,85700.0,85700.0,49044.23456021088
lithium_carbonate,ELM,Single,2025-08-20,2025-08-21,85700.0,85200.0,47684.69254368018
lithium_carbonate,ELM,Single,2025-08-21,2025-08-22,85200.0,83900.0,36772.272396451095
lithium_carbonate,ELM,Single,2025-08-22,2025-08-25,83900.0,82500.0,47692.056146235074
lithium_carbonate,ELM,Single,2025-08-25,2025-08-26,82500.0,81700.0,12480.6780451698
lithium_carbonate,ELM,Single,2025-08-26,2025-08-27,81700.0,81600.0,36576.49440748898
lithium_carbonate,ELM,Single,2025-08-27,2025-08-28,81600.0,80000.0,30047.68886670083
lithium_carbonate,ELM,Single,2025-08-28,2025-08-29,80000.0,79650.0,14293.427247854299
lithium_carbonate,ELM,Single,2025-08-29,2025-09-01,79650.0,78350.0,33371.08894566393
lithium_carbonate,ELM,Single,2025-09-01,2025-09-02,78350.0,77500.0,61857.683070977895
lithium_carbonate,ELM,Single,2025-09-02,2025-09-03,77500.0,75900.0,81770.66208656813
lithium_carbonate,ELM,Single,2025-09-03,2025-09-04,75900.0,75000.0,68397.27229277731
lithium_carbonate,ELM,Single,2025-09-04,2025-09-05,75000.0,74750.0,77090.39825762376
lithium_carbonate,ELM,Single,2025-09-05,2025-09-08,74750.0,74600.0,75547.90514100036
lithium_carbonate,ELM,Single,2025-09-08,2025-09-09,74600.0,74600.0,32276.262341403024
lithium_carbonate,ELM,Single,2025-09-09,2025-09-10,74600.0,73450.0,5203.322975346047
lithium_carbonate,ELM,Single,2025-09-10,2025-09-11,73450.0,72850.0,7188.404467885106
lithium_carbonate,ELM,Single,2025-09-11,2025-09-12,72850.0,72450.0,25657.873920721104
lithium_carbonate,ELM,Single,2025-09-12,2025-09-15,72450.0,72450.0,24672.60931622953
lithium_carbonate,ELM,Single,2025-09-15,2025-09-16,72450.0,72850.0,30014.5744878048
lithium_carbonate,ELM,Single,2025-09-16,2025-09-17,72850.0,73150.0,17385.035484824053
lithium_carbonate,ELM,Single,2025-09-17,2025-09-18,73150.0,73450.0,25996.080302679446
lithium_carbonate,ELM,Single,2025-09-18,2025-09-19,73450.0,73500.0,29334.71130982782
lithium_carbonate,ELM,Single,2025-09-19,2025-09-22,73500.0,73850.0,32296.957318335422
lithium_carbonate,ELM,Single,2025-09-22,2025-09-23,73850.0,73850.0,87660.71819564438
lithium_carbonate,ELM,Single,2025-09-23,2025-09-24,73850.0,73850.0,80592.73251709521
lithium_carbonate,ELM,Single,2025-09-24,2025-09-25,73850.0,73750.0,76750.29286605325
lithium_carbonate,ELM,Single,2025-09-25,2025-09-26,73750.0,73600.0,82398.3622172871
lithium_carbonate,ELM,Single,2025-09-26,2025-09-29,73600.0,73550.0,87512.57604329391
lithium_carbonate,ELM,Single,2025-09-29,2025-09-30,73550.0,73550.0,41791.19852587531
lithium_carbonate,ELM,Single,2025-09-30,2025-10-09,73550.0,73550.0,44955.8422846903
lithium_carbonate,ELM,Single,2025-10-09,2025-10-10,73550.0,73550.0,43662.304410248864
lithium_carbonate,ELM,Single,2025-10-10,2025-10-13,73550.0,73100.0,20293.985772253058
lithium_carbonate,ELM,Single,2025-10-13,2025-10-14,73100.0,73000.0,44806.43912230733
lithium_carbonate,ELM,Single,2025-10-14,2025-10-15,73000.0,73000.0,37723.157521172674
lithium_carbonate,ELM,Single,2025-10-15,2025-10-16,73000.0,73000.0,38946.45472628348
lithium_carbonate,ELM,Single,2025-10-16,2025-10-17,73000.0,73350.0,32033.833306539862
lithium_carbonate,ELM,Single,2025-10-17,2025-10-20,73350.0,74000.0,33745.59749657774
lithium_carbonate,ELM,Single,2025-10-20,2025-10-21,74000.0,74100.0,42028.178597167906
lithium_carbonate,ELM,Single,2025-10-21,2025-10-22,74100.0,74350.0,40827.87895926072
lithium_carbonate,ELM,Single,2025-10-22,2025-10-23,74350.0,74800.0,42955.9762841152
lithium_carbonate,ELM,Single,2025-10-23,2025-10-24,74800.0,75400.0,44326.66892961861
lithium_carbonate,ELM,Single,2025-10-24,2025-10-27,75400.0,76550.0,48471.954353270456
lithium_carbonate,ELM,Single,2025-10-27,2025-10-28,76550.0,78500.0,46799.86069120272
lithium_carbonate,ELM,Single,2025-10-28,2025-10-29,78500.0,79150.0,46299.470392027695
lithium_carbonate,ELM,Single,2025-10-29,2025-10-30,79150.0,80000.0,28922.377608463532
lithium_carbonate,ELM,Single,2025-10-30,2025-10-31,80000.0,80550.0,41140.03433321533
lithium_carbonate,ELM,Single,2025-10-31,2025-11-03,80550.0,81000.0,41557.49574985819
lithium_carbonate,ELM,Single,2025-11-03,2025-11-04,81000.0,80900.0,29698.195747761332
lithium_carbonate,ELM,Single,2025-11-04,2025-11-05,80900.0,80500.0,23793.902495176037
lithium_carbonate,ELM,Single,2025-11-05,2025-11-06,80500.0,80400.0,31406.085035211974
lithium_carbonate,ELM,Single,2025-11-06,2025-11-07,80400.0,80400.0,11569.854513974758
lithium_carbonate,ELM,Single,2025-11-07,2025-11-10,80400.0,80750.0,30367.503848294335
lithium_carbonate,ELM,Single,2025-11-10,2025-11-11,80750.0,82300.0,29859.71829191329
lithium_carbonate,ELM,Single,2025-11-11,2025-11-12,82300.0,83300.0,30985.86126638236
lithium_carbonate,ELM,Single,2025-11-12,2025-11-13,83300.0,84350.0,30896.34921276527
lithium_carbonate,ELM,Single,2025-11-13,2025-11-14,84350.0,85150.0,35175.788899161664
lithium_carbonate,ELM,Single,2025-11-14,2025-11-17,85150.0,86150.0,44373.017931038296
lithium_carbonate,ELM,Single,2025-11-17,2025-11-18,86150.0,87400.0,25015.551269364165
lithium_carbonate,ELM,Single,2025-11-18,2025-11-19,87400.0,88900.0,42689.6914592401
lithium_carbonate,ELM,Single,2025-11-19,2025-11-20,88900.0,91300.0,32117.09214166664
lithium_carbonate,ELM,Single,2025-11-20,2025-11-21,91300.0,92300.0,45054.08750948096
lithium_carbonate,ELM,Single,2025-11-21,2025-11-24,92300.0,92150.0,30725.93531918405
lithium_carbonate,ELM,Single,2025-11-24,2025-11-25,92150.0,92050.0,6057.768621635158
lithium_carbonate,ELM,Single,2025-11-25,2025-11-26,92050.0,92800.0,32587.291162971655
lithium_carbonate,ELM,Single,2025-11-26,2025-11-27,92800.0,93300.0,40403.956781818575
lithium_carbonate,ELM,Single,2025-11-27,2025-11-28,93300.0,93750.0,39239.10114740314
lithium_carbonate,ELM,Single,2025-11-28,2025-12-01,93750.0,94350.0,43305.80129645349
lithium_carbonate,ELM,Single,2025-12-01,2025-12-02,94350.0,94400.0,48726.43669911739
lithium_carbonate,ELM,Single,2025-12-02,2025-12-03,94400.0,94350.0,47319.06602190231
lithium_carbonate,ELM,Single,2025-12-03,2025-12-04,94350.0,94000.0,43215.284022643915
lithium_carbonate,ELM,Single,2025-12-04,2025-12-05,94000.0,93250.0,48912.418833727934
lithium_carbonate,ELM,Single,2025-12-05,2025-12-08,93250.0,92750.0,49386.67341915528
lithium_carbonate,ELM,Single,2025-12-08,2025-12-09,92750.0,92750.0,45680.80007602491
lithium_carbonate,ELM,Single,2025-12-09,2025-12-10,92750.0,92700.0,40620.69150436405
lithium_carbonate,ELM,Single,2025-12-10,2025-12-11,92700.0,93500.0,47869.508002860995
lithium_carbonate,ELM,Single,2025-12-11,2025-12-12,93500.0,94500.0,44230.989716746684
lithium_carbonate,ELM,Single,2025-12-12,2025-12-15,94500.0,95150.0,44701.45648934436
lithium_carbonate,ELM,Single,2025-12-15,2025-12-16,95150.0,95850.0,24456.769595155332
lithium_carbonate,ELM,Single,2025-12-16,2025-12-17,95850.0,97050.0,24304.33230374723
lithium_carbonate,ELM,Single,2025-12-17,2025-12-18,97050.0,97550.0,12660.773495497255
lithium_carbonate,ELM,Single,2025-12-18,2025-12-19,97550.0,97650.0,85414.53800165506
lithium_carbonate,ELM,Single,2025-12-19,2025-12-22,97650.0,99000.0,33274.131644152425
lithium_carbonate,ELM,Single,2025-12-22,2025-12-23,99000.0,99500.0,40404.078484767015
lithium_carbonate,ELM,Single,2025-12-23,2025-12-24,99500.0,101500.0,43771.702361413336
lithium_carbonate,ELM,Single,2025-12-24,2025-12-25,101500.0,104900.0,41822.3201120725
lithium_carbonate,ELM,Single,2025-12-25,2025-12-26,104900.0,111900.0,43998.23613673316
lithium_carbonate,ELM,Single,2025-12-26,2025-12-29,111900.0,118000.0,43446.24064767815
lithium_carbonate,ELM,Single,2025-12-29,2025-12-30,118000.0,118000.0,71154.85705553932
lithium_carbonate,ELM,Single,2025-12-30,2025-12-31,118000.0,118500.0,42950.74388589582
lithium_carbonate,ELM,Single,2025-12-31,2026-01-05,118500.0,119500.0,43105.94619896512
lithium_carbonate,ELM,Single,2026-01-05,2026-01-06,119500.0,127500.0,86483.81379446297
lithium_carbonate,ELM,Single,2026-01-06,2026-01-07,127500.0,133500.0,90474.14292909032
lithium_carbonate,ELM,Single,2026-01-07,2026-01-08,133500.0,138500.0,82030.32883292722
lithium_carbonate,ELM,Single,2026-01-08,2026-01-09,138500.0,140000.0,90190.01088476888
lithium_carbonate,ELM,Single,2026-01-09,2026-01-12,140000.0,152000.0,94653.22061062901
lithium_carbonate,ELM,Single,2026-01-12,2026-01-13,152000.0,159500.0,76891.56426408791
lithium_carbonate,ELM,Single,2026-01-13,2026-01-14,159500.0,163000.0,85236.09531312584
lithium_carbonate,ELM,Single,2026-01-14,2026-01-15,163000.0,159000.0,72269.34525179896
lithium_carbonate,ELM,Single,2026-01-15,2026-01-16,159000.0,158000.0,85038.95966913685
lithium_carbonate,ELM,Single,2026-01-16,2026-01-19,158000.0,151000.0,70733.49517127362
lithium_carbonate,ELM,Single,2026-01-19,2026-01-20,151000.0,152500.0,104868.01168213799
lithium_carbonate,ELM,Single,2026-01-20,2026-01-21,152500.0,158500.0,104648.6687451132
lithium_carbonate,ELM,Single,2026-01-21,2026-01-22,158500.0,164500.0,109060.64443209293
lithium_carbonate,ELM,Single,2026-01-22,2026-01-23,164500.0,171000.0,112826.082466559
lithium_carbonate,ELM,Single,2026-01-23,2026-01-26,171000.0,181500.0,112272.22775453584
lithium_carbonate,ELM,Single,2026-01-26,2026-01-27,181500.0,172500.0,86328.36079211756
lithium_carbonate,ELM,Single,2026-01-27,2026-01-28,172500.0,172000.0,83570.34289786746
lithium_carbonate,ELM,Single,2026-01-28,2026-01-29,172000.0,168000.0,83124.89133080965
lithium_carbonate,ELM,Single,2026-01-29,2026-01-30,168000.0,160500.0,74978.64700857314
lithium_carbonate,ELM,Single,2026-01-30,2026-02-02,160500.0,155500.0,75399.43140627051
lithium_carbonate,ELM,Single,2026-02-02,2026-02-03,155500.0,153500.0,58031.98260219539
lithium_carbonate,ELM,Single,2026-02-03,2026-02-04,153500.0,153000.0,65199.53548617395
lithium_carbonate,ELM,Single,2026-02-04,2026-02-05,153000.0,144000.0,58943.86247330671
lithium_carbonate,ELM,Single,2026-02-05,2026-02-06,144000.0,134500.0,51015.30183888129
lithium_carbonate,ELM,Single,2026-02-06,2026-02-09,134500.0,135500.0,50460.41185823917
lithium_carbonate,ELM,Single,2026-02-09,2026-02-10,135500.0,136000.0,49802.29298143125
lithium_carbonate,ELM,Single,2026-02-10,2026-02-11,136000.0,138000.0,49742.826724912215
lithium_carbonate,ELM,Single,2026-02-11,2026-02-12,138000.0,142500.0,47688.70382828609
lithium_carbonate,ELM,Single,2026-02-12,2026-02-13,142500.0,143750.0,43840.71818406934
lithium_carbonate,ELM,Single,2026-02-13,2026-02-24,143750.0,152000.0,50672.12396337952
lithium_carbonate,ELM,Single,2026-02-24,2026-02-25,152000.0,161750.0,52048.484188554765
lithium_carbonate,ELM,Single,2026-02-25,2026-02-26,161750.0,173000.0,50239.98069628977
lithium_carbonate,ELM,Single,2026-02-26,2026-02-27,173000.0,172000.0,50347.65236885173
lithium_carbonate,ELM,Single,2026-02-27,2026-03-02,172000.0,172500.0,52509.327757551684
lithium_carbonate,ELM,Single,2026-03-02,2026-03-03,172500.0,161000.0,71551.74200259175
lithium_carbonate,ELM,Single,2026-03-03,2026-03-04,161000.0,154000.0,50999.85644498357
lithium_carbonate,ELM,Single,2026-03-04,2026-03-05,154000.0,156000.0,99973.66210472924
lithium_carbonate,ELM,Single,2026-03-05,2026-03-06,156000.0,155250.0,58542.79945843921
lithium_carbonate,ELM,Single,2026-03-06,2026-03-09,155250.0,154750.0,58617.42351920444
lithium_carbonate,ELM,Single,2026-03-09,2026-03-10,154750.0,158500.0,37660.46960279727
lithium_carbonate,ELM,Single,2026-03-10,2026-03-11,158500.0,159000.0,46224.182757190676
lithium_carbonate,ELM,Single,2026-03-11,2026-03-12,159000.0,158000.0,42778.20582525783
lithium_carbonate,LSTM,Single,2025-08-14,2025-08-15,82000.0,82700.0,119691.65625
lithium_carbonate,LSTM,Single,2025-08-15,2025-08-18,82700.0,84600.0,117473.6484375
lithium_carbonate,LSTM,Single,2025-08-18,2025-08-19,84600.0,85700.0,124910.2109375
lithium_carbonate,LSTM,Single,2025-08-19,2025-08-20,85700.0,85700.0,126309.515625
lithium_carbonate,LSTM,Single,2025-08-20,2025-08-21,85700.0,85200.0,127232.15625
lithium_carbonate,LSTM,Single,2025-08-21,2025-08-22,85200.0,83900.0,130136.328125
lithium_carbonate,LSTM,Single,2025-08-22,2025-08-25,83900.0,82500.0,128299.5546875
lithium_carbonate,LSTM,Single,2025-08-25,2025-08-26,82500.0,81700.0,130932.5078125
lithium_carbonate,LSTM,Single,2025-08-26,2025-08-27,81700.0,81600.0,125786.140625
lithium_carbonate,LSTM,Single,2025-08-27,2025-08-28,81600.0,80000.0,131928.921875
lithium_carbonate,LSTM,Single,2025-08-28,2025-08-29,80000.0,79650.0,132322.6875
lithium_carbonate,LSTM,Single,2025-08-29,2025-09-01,79650.0,78350.0,131640.734375
lithium_carbonate,LSTM,Single,2025-09-01,2025-09-02,78350.0,77500.0,133347.265625
lithium_carbonate,LSTM,Single,2025-09-02,2025-09-03,77500.0,75900.0,129004.34375
lithium_carbonate,LSTM,Single,2025-09-03,2025-09-04,75900.0,75000.0,128621.84375
lithium_carbonate,LSTM,Single,2025-09-04,2025-09-05,75000.0,74750.0,127089.546875
lithium_carbonate,LSTM,Single,2025-09-05,2025-09-08,74750.0,74600.0,125313.6640625
lithium_carbonate,LSTM,Single,2025-09-08,2025-09-09,74600.0,74600.0,125792.875
lithium_carbonate,LSTM,Single,2025-09-09,2025-09-10,74600.0,73450.0,126761.9140625
lithium_carbonate,LSTM,Single,2025-09-10,2025-09-11,73450.0,72850.0,129178.6640625
lithium_carbonate,LSTM,Single,2025-09-11,2025-09-12,72850.0,72450.0,127982.1796875
lithium_carbonate,LSTM,Single,2025-09-12,2025-09-15,72450.0,72450.0,128704.4375
lithium_carbonate,LSTM,Single,2025-09-15,2025-09-16,72450.0,72850.0,127853.53125
lithium_carbonate,LSTM,Single,2025-09-16,2025-09-17,72850.0,73150.0,130420.859375
lithium_carbonate,LSTM,Single,2025-09-17,2025-09-18,73150.0,73450.0,133991.265625
lithium_carbonate,LSTM,Single,2025-09-18,2025-09-19,73450.0,73500.0,133183.90625
lithium_carbonate,LSTM,Single,2025-09-19,2025-09-22,73500.0,73850.0,134347.4375
lithium_carbonate,LSTM,Single,2025-09-22,2025-09-23,73850.0,73850.0,140363.59375
lithium_carbonate,LSTM,Single,2025-09-23,2025-09-24,73850.0,73850.0,139941.453125
lithium_carbonate,LSTM,Single,2025-09-24,2025-09-25,73850.0,73750.0,139531.96875
lithium_carbonate,LSTM,Single,2025-09-25,2025-09-26,73750.0,73600.0,137252.703125
lithium_carbonate,LSTM,Single,2025-09-26,2025-09-29,73600.0,73550.0,136076.734375
lithium_carbonate,LSTM,Single,2025-09-29,2025-09-30,73550.0,73550.0,137248.15625
lithium_carbonate,LSTM,Single,2025-09-30,2025-10-09,73550.0,73550.0,137805.890625
lithium_carbonate,LSTM,Single,2025-10-09,2025-10-10,73550.0,73550.0,138409.65625
lithium_carbonate,LSTM,Single,2025-10-10,2025-10-13,73550.0,73100.0,138121.859375
lithium_carbonate,LSTM,Single,2025-10-13,2025-10-14,73100.0,73000.0,137186.21875
lithium_carbonate,LSTM,Single,2025-10-14,2025-10-15,73000.0,73000.0,141765.453125
lithium_carbonate,LSTM,Single,2025-10-15,2025-10-16,73000.0,73000.0,144759.78125
lithium_carbonate,LSTM,Single,2025-10-16,2025-10-17,73000.0,73350.0,147971.765625
lithium_carbonate,LSTM,Single,2025-10-17,2025-10-20,73350.0,74000.0,144553.71875
lithium_carbonate,LSTM,Single,2025-10-20,2025-10-21,74000.0,74100.0,147964.71875
lithium_carbonate,LSTM,Single,2025-10-21,2025-10-22,74100.0,74350.0,149382.703125
lithium_carbonate,LSTM,Single,2025-10-22,2025-10-23,74350.0,74800.0,146807.171875
lithium_carbonate,LSTM,Single,2025-10-23,2025-10-24,74800.0,75400.0,146805.09375
lithium_carbonate,LSTM,Single,2025-10-24,2025-10-27,75400.0,76550.0,146469.203125
lithium_carbonate,LSTM,Single,2025-10-27,2025-10-28,76550.0,78500.0,143966.578125
lithium_carbonate,LSTM,Single,2025-10-28,2025-10-29,78500.0,79150.0,141520.84375
lithium_carbonate,LSTM,Single,2025-10-29,2025-10-30,79150.0,80000.0,140371.921875
lithium_carbonate,LSTM,Single,2025-10-30,2025-10-31,80000.0,80550.0,143162.890625
lithium_carbonate,LSTM,Single,2025-10-31,2025-11-03,80550.0,81000.0,140299.546875
lithium_carbonate,LSTM,Single,2025-11-03,2025-11-04,81000.0,80900.0,142118.15625
lithium_carbonate,LSTM,Single,2025-11-04,2025-11-05,80900.0,80500.0,138465.328125
lithium_carbonate,LSTM,Single,2025-11-05,2025-11-06,80500.0,80400.0,141912.71875
lithium_carbonate,LSTM,Single,2025-11-06,2025-11-07,80400.0,80400.0,138977.953125
lithium_carbonate,LSTM,Single,2025-11-07,2025-11-10,80400.0,80750.0,139588.28125
lithium_carbonate,LSTM,Single,2025-11-10,2025-11-11,80750.0,82300.0,141880.78125
lithium_carbonate,LSTM,Single,2025-11-11,2025-11-12,82300.0,83300.0,143715.953125
lithium_carbonate,LSTM,Single,2025-11-12,2025-11-13,83300.0,84350.0,143576.640625
lithium_carbonate,LSTM,Single,2025-11-13,2025-11-14,84350.0,85150.0,141424.984375
lithium_carbonate,LSTM,Single,2025-11-14,2025-11-17,85150.0,86150.0,145043.703125
lithium_carbonate,LSTM,Single,2025-11-17,2025-11-18,86150.0,87400.0,143156.953125
lithium_carbonate,LSTM,Single,2025-11-18,2025-11-19,87400.0,88900.0,143620.140625
lithium_carbonate,LSTM,Single,2025-11-19,2025-11-20,88900.0,91300.0,145315.953125
lithium_carbonate,LSTM,Single,2025-11-20,2025-11-21,91300.0,92300.0,145270.78125
lithium_carbonate,LSTM,Single,2025-11-21,2025-11-24,92300.0,92150.0,140636.90625
lithium_carbonate,LSTM,Single,2025-11-24,2025-11-25,92150.0,92050.0,146136.953125
lithium_carbonate,LSTM,Single,2025-11-25,2025-11-26,92050.0,92800.0,151817.140625
lithium_carbonate,LSTM,Single,2025-11-26,2025-11-27,92800.0,93300.0,150260.640625
lithium_carbonate,LSTM,Single,2025-11-27,2025-11-28,93300.0,93750.0,150562.25
lithium_carbonate,LSTM,Single,2025-11-28,2025-12-01,93750.0,94350.0,150952.578125
lithium_carbonate,LSTM,Single,2025-12-01,2025-12-02,94350.0,94400.0,153277.140625
lithium_carbonate,LSTM,Single,2025-12-02,2025-12-03,94400.0,94350.0,153158.515625
lithium_carbonate,LSTM,Single,2025-12-03,2025-12-04,94350.0,94000.0,155282.765625
lithium_carbonate,LSTM,Single,2025-12-04,2025-12-05,94000.0,93250.0,152389.359375
lithium_carbonate,LSTM,Single,2025-12-05,2025-12-08,93250.0,92750.0,150657.546875
lithium_carbonate,LSTM,Single,2025-12-08,2025-12-09,92750.0,92750.0,150090.5625
lithium_carbonate,LSTM,Single,2025-12-09,2025-12-10,92750.0,92700.0,152207.390625
lithium_carbonate,LSTM,Single,2025-12-10,2025-12-11,92700.0,93500.0,151422.375
lithium_carbonate,LSTM,Single,2025-12-11,2025-12-12,93500.0,94500.0,154055.46875
lithium_carbonate,LSTM,Single,2025-12-12,2025-12-15,94500.0,95150.0,153898.328125
lithium_carbonate,LSTM,Single,2025-12-15,2025-12-16,95150.0,95850.0,149674.859375
lithium_carbonate,LSTM,Single,2025-12-16,2025-12-17,95850.0,97050.0,147508.640625
lithium_carbonate,LSTM,Single,2025-12-17,2025-12-18,97050.0,97550.0,143740.359375
lithium_carbonate,LSTM,Single,2025-12-18,2025-12-19,97550.0,97650.0,145536.234375
lithium_carbonate,LSTM,Single,2025-12-19,2025-12-22,97650.0,99000.0,144959.71875
lithium_carbonate,LSTM,Single,2025-12-22,2025-12-23,99000.0,99500.0,145620.78125
lithium_carbonate,LSTM,Single,2025-12-23,2025-12-24,99500.0,101500.0,145326.671875
lithium_carbonate,LSTM,Single,2025-12-24,2025-12-25,101500.0,104900.0,148938.46875
lithium_carbonate,LSTM,Single,2025-12-25,2025-12-26,104900.0,111900.0,146226.265625
lithium_carbonate,LSTM,Single,2025-12-26,2025-12-29,111900.0,118000.0,146028.40625
lithium_carbonate,LSTM,Single,2025-12-29,2025-12-30,118000.0,118000.0,146964.453125
lithium_carbonate,LSTM,Single,2025-12-30,2025-12-31,118000.0,118500.0,146389.4375
lithium_carbonate,LSTM,Single,2025-12-31,2026-01-05,118500.0,119500.0,148436.5625
lithium_carbonate,LSTM,Single,2026-01-05,2026-01-06,119500.0,127500.0,153084.609375
lithium_carbonate,LSTM,Single,2026-01-06,2026-01-07,127500.0,133500.0,153429.75
lithium_carbonate,LSTM,Single,2026-01-07,2026-01-08,133500.0,138500.0,158123.140625
lithium_carbonate,LSTM,Single,2026-01-08,2026-01-09,138500.0,140000.0,160379.6875
lithium_carbonate,LSTM,Single,2026-01-09,2026-01-12,140000.0,152000.0,159596.6875
lithium_carbonate,LSTM,Single,2026-01-12,2026-01-13,152000.0,159500.0,164815.125
lithium_carbonate,LSTM,Single,2026-01-13,2026-01-14,159500.0,163000.0,167176.53125
lithium_carbonate,LSTM,Single,2026-01-14,2026-01-15,163000.0,159000.0,176408.59375
lithium_carbonate,LSTM,Single,2026-01-15,2026-01-16,159000.0,158000.0,178319.5625
lithium_carbonate,LSTM,Single,2026-01-16,2026-01-19,158000.0,151000.0,176666.4375
lithium_carbonate,LSTM,Single,2026-01-19,2026-01-20,151000.0,152500.0,179392.125
lithium_carbonate,LSTM,Single,2026-01-20,2026-01-21,152500.0,158500.0,185212.6875
lithium_carbonate,LSTM,Single,2026-01-21,2026-01-22,158500.0,164500.0,186910.90625
lithium_carbonate,LSTM,Single,2026-01-22,2026-01-23,164500.0,171000.0,188600.125
lithium_carbonate,LSTM,Single,2026-01-23,2026-01-26,171000.0,181500.0,192465.234375
lithium_carbonate,LSTM,Single,2026-01-26,2026-01-27,181500.0,172500.0,185751.328125
lithium_carbonate,LSTM,Single,2026-01-27,2026-01-28,172500.0,172000.0,183342.75
lithium_carbonate,LSTM,Single,2026-01-28,2026-01-29,172000.0,168000.0,179904.109375
lithium_carbonate,LSTM,Single,2026-01-29,2026-01-30,168000.0,160500.0,175016.328125
lithium_carbonate,LSTM,Single,2026-01-30,2026-02-02,160500.0,155500.0,169269.296875
lithium_carbonate,LSTM,Single,2026-02-02,2026-02-03,155500.0,153500.0,175813.703125
lithium_carbonate,LSTM,Single,2026-02-03,2026-02-04,153500.0,153000.0,179576.390625
lithium_carbonate,LSTM,Single,2026-02-04,2026-02-05,153000.0,144000.0,180655.5625
lithium_carbonate,LSTM,Single,2026-02-05,2026-02-06,144000.0,134500.0,175898.953125
lithium_carbonate,LSTM,Single,2026-02-06,2026-02-09,134500.0,135500.0,174732.109375
lithium_carbonate,LSTM,Single,2026-02-09,2026-02-10,135500.0,136000.0,174730.65625
lithium_carbonate,LSTM,Single,2026-02-10,2026-02-11,136000.0,138000.0,172643.90625
lithium_carbonate,LSTM,Single,2026-02-11,2026-02-12,138000.0,142500.0,168262.5
lithium_carbonate,LSTM,Single,2026-02-12,2026-02-13,142500.0,143750.0,166653.953125
lithium_carbonate,LSTM,Single,2026-02-13,2026-02-24,143750.0,152000.0,166352.421875
lithium_carbonate,LSTM,Single,2026-02-24,2026-02-25,152000.0,161750.0,169970.328125
lithium_carbonate,LSTM,Single,2026-02-25,2026-02-26,161750.0,173000.0,170929.875
lithium_carbonate,LSTM,Single,2026-02-26,2026-02-27,173000.0,172000.0,170200.109375
lithium_carbonate,LSTM,Single,2026-02-27,2026-03-02,172000.0,172500.0,171064.453125
lithium_carbonate,LSTM,Single,2026-03-02,2026-03-03,172500.0,161000.0,180059.96875
lithium_carbonate,LSTM,Single,2026-03-03,2026-03-04,161000.0,154000.0,176845.0625
lithium_carbonate,LSTM,Single,2026-03-04,2026-03-05,154000.0,156000.0,178115.328125
lithium_carbonate,LSTM,Single,2026-03-05,2026-03-06,156000.0,155250.0,181430.640625
lithium_carbonate,LSTM,Single,2026-03-06,2026-03-09,155250.0,154750.0,180109.5
lithium_carbonate,LSTM,Single,2026-03-09,2026-03-10,154750.0,158500.0,176656.046875
lithium_carbonate,LSTM,Single,2026-03-10,2026-03-11,158500.0,159000.0,176308.78125
lithium_carbonate,LSTM,Single,2026-03-11,2026-03-12,159000.0,158000.0,177703.84375
lithium_carbonate,VMD-ARIMA,Decomposition,2025-08-14,2025-08-15,82000.0,82700.0,69216.39679775834
lithium_carbonate,VMD-ARIMA,Decomposition,2025-08-15,2025-08-18,82700.0,84600.0,68183.4957785383
lithium_carbonate,VMD-ARIMA,Decomposition,2025-08-18,2025-08-19,84600.0,85700.0,67615.3093284188
lithium_carbonate,VMD-ARIMA,Decomposition,2025-08-19,2025-08-20,85700.0,85700.0,67869.93552233338
lithium_carbonate,VMD-ARIMA,Decomposition,2025-08-20,2025-08-21,85700.0,85200.0,67957.55796539005
lithium_carbonate,VMD-ARIMA,Decomposition,2025-08-21,2025-08-22,85200.0,83900.0,67907.99632655918
lithium_carbonate,VMD-ARIMA,Decomposition,2025-08-22,2025-08-25,83900.0,82500.0,67876.42264941419
lithium_carbonate,VMD-ARIMA,Decomposition,2025-08-25,2025-08-26,82500.0,81700.0,67751.71315167441
lithium_carbonate,VMD-ARIMA,Decomposition,2025-08-26,2025-08-27,81700.0,81600.0,67216.67784350511
lithium_carbonate,VMD-ARIMA,Decomposition,2025-08-27,2025-08-28,81600.0,80000.0,67466.62629594805
lithium_carbonate,VMD-ARIMA,Decomposition,2025-08-28,2025-08-29,80000.0,79650.0,67556.38364190822
lithium_carbonate,VMD-ARIMA,Decomposition,2025-08-29,2025-09-01,79650.0,78350.0,67615.35801681216
lithium_carbonate,VMD-ARIMA,Decomposition,2025-09-01,2025-09-02,78350.0,77500.0,68348.44805682947
lithium_carbonate,VMD-ARIMA,Decomposition,2025-09-02,2025-09-03,77500.0,75900.0,68457.42404329631
lithium_carbonate,VMD-ARIMA,Decomposition,2025-09-03,2025-09-04,75900.0,75000.0,68805.08085560116
lithium_carbonate,VMD-ARIMA,Decomposition,2025-09-04,2025-09-05,75000.0,74750.0,69205.53372874811
lithium_carbonate,VMD-ARIMA,Decomposition,2025-09-05,2025-09-08,74750.0,74600.0,69378.55979896348
lithium_carbonate,VMD-ARIMA,Decomposition,2025-09-08,2025-09-09,74600.0,74600.0,69641.8882636016
lithium_carbonate,VMD-ARIMA,Decomposition,2025-09-09,2025-09-10,74600.0,73450.0,70016.48392390429
lithium_carbonate,VMD-ARIMA,Decomposition,2025-09-10,2025-09-11,73450.0,72850.0,70268.74152808226
lithium_carbonate,VMD-ARIMA,Decomposition,2025-09-11,2025-09-12,72850.0,72450.0,70446.01521288266
lithium_carbonate,VMD-ARIMA,Decomposition,2025-09-12,2025-09-15,72450.0,72450.0,70808.14448070827
lithium_carbonate,VMD-ARIMA,Decomposition,2025-09-15,2025-09-16,72450.0,72850.0,70917.60413783822
lithium_carbonate,VMD-ARIMA,Decomposition,2025-09-16,2025-09-17,72850.0,73150.0,70984.99412211736
lithium_carbonate,VMD-ARIMA,Decomposition,2025-09-17,2025-09-18,73150.0,73450.0,71312.09648801519
lithium_carbonate,VMD-ARIMA,Decomposition,2025-09-18,2025-09-19,73450.0,73500.0,71245.56383393718
lithium_carbonate,VMD-ARIMA,Decomposition,2025-09-19,2025-09-22,73500.0,73850.0,71452.8734565534
lithium_carbonate,VMD-ARIMA,Decomposition,2025-09-22,2025-09-23,73850.0,73850.0,71622.13279563098
lithium_carbonate,VMD-ARIMA,Decomposition,2025-09-23,2025-09-24,73850.0,73850.0,71679.8090029504
lithium_carbonate,VMD-ARIMA,Decomposition,2025-09-24,2025-09-25,73850.0,73750.0,71862.46015506692
lithium_carbonate,VMD-ARIMA,Decomposition,2025-09-25,2025-09-26,73750.0,73600.0,72047.69768364086
lithium_carbonate,VMD-ARIMA,Decomposition,2025-09-26,2025-09-29,73600.0,73550.0,72179.92055632483
lithium_carbonate,VMD-ARIMA,Decomposition,2025-09-29,2025-09-30,73550.0,73550.0,72375.28199404334
lithium_carbonate,VMD-ARIMA,Decomposition,2025-09-30,2025-10-09,73550.0,73550.0,72647.52361423126
lithium_carbonate,VMD-ARIMA,Decomposition,2025-10-09,2025-10-10,73550.0,73550.0,72836.18373020731
lithium_carbonate,VMD-ARIMA,Decomposition,2025-10-10,2025-10-13,73550.0,73100.0,73094.77045118765
lithium_carbonate,VMD-ARIMA,Decomposition,2025-10-13,2025-10-14,73100.0,73000.0,73455.0637872307
lithium_carbonate,VMD-ARIMA,Decomposition,2025-10-14,2025-10-15,73000.0,73000.0,73641.00448263231
lithium_carbonate,VMD-ARIMA,Decomposition,2025-10-15,2025-10-16,73000.0,73000.0,74013.40778320111
lithium_carbonate,VMD-ARIMA,Decomposition,2025-10-16,2025-10-17,73000.0,73350.0,74320.92746726175
lithium_carbonate,VMD-ARIMA,Decomposition,2025-10-17,2025-10-20,73350.0,74000.0,74575.42649308349
lithium_carbonate,VMD-ARIMA,Decomposition,2025-10-20,2025-10-21,74000.0,74100.0,74923.77658106948
lithium_carbonate,VMD-ARIMA,Decomposition,2025-10-21,2025-10-22,74100.0,74350.0,75199.11677504375
lithium_carbonate,VMD-ARIMA,Decomposition,2025-10-22,2025-10-23,74350.0,74800.0,75452.82086478117
lithium_carbonate,VMD-ARIMA,Decomposition,2025-10-23,2025-10-24,74800.0,75400.0,75716.17995609282
lithium_carbonate,VMD-ARIMA,Decomposition,2025-10-24,2025-10-27,75400.0,76550.0,75952.85925835124
lithium_carbonate,VMD-ARIMA,Decomposition,2025-10-27,2025-10-28,76550.0,78500.0,76116.61881303256
lithium_carbonate,VMD-ARIMA,Decomposition,2025-10-28,2025-10-29,78500.0,79150.0,76297.48772167048
lithium_carbonate,VMD-ARIMA,Decomposition,2025-10-29,2025-10-30,79150.0,80000.0,76447.86114375512
lithium_carbonate,VMD-ARIMA,Decomposition,2025-10-30,2025-10-31,80000.0,80550.0,76498.7840426104
lithium_carbonate,VMD-ARIMA,Decomposition,2025-10-31,2025-11-03,80550.0,81000.0,76609.78220448279
lithium_carbonate,VMD-ARIMA,Decomposition,2025-11-03,2025-11-04,81000.0,80900.0,76635.51146573917
lithium_carbonate,VMD-ARIMA,Decomposition,2025-11-04,2025-11-05,80900.0,80500.0,76619.75684334392
lithium_carbonate,VMD-ARIMA,Decomposition,2025-11-05,2025-11-06,80500.0,80400.0,76643.45194043803
lithium_carbonate,VMD-ARIMA,Decomposition,2025-11-06,2025-11-07,80400.0,80400.0,76584.13477221812
lithium_carbonate,VMD-ARIMA,Decomposition,2025-11-07,2025-11-10,80400.0,80750.0,76536.1507409397
lithium_carbonate,VMD-ARIMA,Decomposition,2025-11-10,2025-11-11,80750.0,82300.0,76486.05854733769
lithium_carbonate,VMD-ARIMA,Decomposition,2025-11-11,2025-11-12,82300.0,83300.0,76420.33529046821
lithium_carbonate,VMD-ARIMA,Decomposition,2025-11-12,2025-11-13,83300.0,84350.0,76345.5925258356
lithium_carbonate,VMD-ARIMA,Decomposition,2025-11-13,2025-11-14,84350.0,85150.0,76304.256938914
lithium_carbonate,VMD-ARIMA,Decomposition,2025-11-14,2025-11-17,85150.0,86150.0,76257.23370215464
lithium_carbonate,VMD-ARIMA,Decomposition,2025-11-17,2025-11-18,86150.0,87400.0,76212.47658466511
lithium_carbonate,VMD-ARIMA,Decomposition,2025-11-18,2025-11-19,87400.0,88900.0,76227.16521218704
lithium_carbonate,VMD-ARIMA,Decomposition,2025-11-19,2025-11-20,88900.0,91300.0,76230.09387340641
lithium_carbonate,VMD-ARIMA,Decomposition,2025-11-20,2025-11-21,91300.0,92300.0,76264.07625292131
lithium_carbonate,VMD-ARIMA,Decomposition,2025-11-21,2025-11-24,92300.0,92150.0,76356.31541465822
lithium_carbonate,VMD-ARIMA,Decomposition,2025-11-24,2025-11-25,92150.0,92050.0,76435.12370560167
lithium_carbonate,VMD-ARIMA,Decomposition,2025-11-25,2025-11-26,92050.0,92800.0,76572.95534794763
lithium_carbonate,VMD-ARIMA,Decomposition,2025-11-26,2025-11-27,92800.0,93300.0,76734.90988835237
lithium_carbonate,VMD-ARIMA,Decomposition,2025-11-27,2025-11-28,93300.0,93750.0,76915.77696469521
lithium_carbonate,VMD-ARIMA,Decomposition,2025-11-28,2025-12-01,93750.0,94350.0,77127.03014061511
lithium_carbonate,VMD-ARIMA,Decomposition,2025-12-01,2025-12-02,94350.0,94400.0,77368.978343427
lithium_carbonate,VMD-ARIMA,Decomposition,2025-12-02,2025-12-03,94400.0,94350.0,77618.96127088326
lithium_carbonate,VMD-ARIMA,Decomposition,2025-12-03,2025-12-04,94350.0,94000.0,77887.15602712905
lithium_carbonate,VMD-ARIMA,Decomposition,2025-12-04,2025-12-05,94000.0,93250.0,78181.54411019341
lithium_carbonate,VMD-ARIMA,Decomposition,2025-12-05,2025-12-08,93250.0,92750.0,78464.51395735504
lithium_carbonate,VMD-ARIMA,Decomposition,2025-12-08,2025-12-09,92750.0,92750.0,78762.19569342419
lithium_carbonate,VMD-ARIMA,Decomposition,2025-12-09,2025-12-10,92750.0,92700.0,79069.11867454172
lithium_carbonate,VMD-ARIMA,Decomposition,2025-12-10,2025-12-11,92700.0,93500.0,79351.027578992
lithium_carbonate,VMD-ARIMA,Decomposition,2025-12-11,2025-12-12,93500.0,94500.0,79647.25695085374
lithium_carbonate,VMD-ARIMA,Decomposition,2025-12-12,2025-12-15,94500.0,95150.0,79925.81932832317
lithium_carbonate,VMD-ARIMA,Decomposition,2025-12-15,2025-12-16,95150.0,95850.0,80187.92030042388
lithium_carbonate,VMD-ARIMA,Decomposition,2025-12-16,2025-12-17,95850.0,97050.0,80443.80768287854
lithium_carbonate,VMD-ARIMA,Decomposition,2025-12-17,2025-12-18,97050.0,97550.0,80681.36522577822
lithium_carbonate,VMD-ARIMA,Decomposition,2025-12-18,2025-12-19,97550.0,97650.0,80898.74331583153
lithium_carbonate,VMD-ARIMA,Decomposition,2025-12-19,2025-12-22,97650.0,99000.0,81102.0703043868
lithium_carbonate,VMD-ARIMA,Decomposition,2025-12-22,2025-12-23,99000.0,99500.0,81291.60544065725
lithium_carbonate,VMD-ARIMA,Decomposition,2025-12-23,2025-12-24,99500.0,101500.0,81454.76526337855
lithium_carbonate,VMD-ARIMA,Decomposition,2025-12-24,2025-12-25,101500.0,104900.0,81610.845800269
lithium_carbonate,VMD-ARIMA,Decomposition,2025-12-25,2025-12-26,104900.0,111900.0,81751.51884392931
lithium_carbonate,VMD-ARIMA,Decomposition,2025-12-26,2025-12-29,111900.0,118000.0,81870.65726451104
lithium_carbonate,VMD-ARIMA,Decomposition,2025-12-29,2025-12-30,118000.0,118000.0,81990.01388092904
lithium_carbonate,VMD-ARIMA,Decomposition,2025-12-30,2025-12-31,118000.0,118500.0,82092.75792685077
lithium_carbonate,VMD-ARIMA,Decomposition,2025-12-31,2026-01-05,118500.0,119500.0,82187.04692381216
lithium_carbonate,VMD-ARIMA,Decomposition,2026-01-05,2026-01-06,119500.0,127500.0,82281.66521348861
lithium_carbonate,VMD-ARIMA,Decomposition,2026-01-06,2026-01-07,127500.0,133500.0,82367.29702101987
lithium_carbonate,VMD-ARIMA,Decomposition,2026-01-07,2026-01-08,133500.0,138500.0,82452.28850204605
lithium_carbonate,VMD-ARIMA,Decomposition,2026-01-08,2026-01-09,138500.0,140000.0,82538.27434725856
lithium_carbonate,VMD-ARIMA,Decomposition,2026-01-09,2026-01-12,140000.0,152000.0,82625.48480710093
lithium_carbonate,VMD-ARIMA,Decomposition,2026-01-12,2026-01-13,152000.0,159500.0,82711.52384683158
lithium_carbonate,VMD-ARIMA,Decomposition,2026-01-13,2026-01-14,159500.0,163000.0,82806.15147250288
lithium_carbonate,VMD-ARIMA,Decomposition,2026-01-14,2026-01-15,163000.0,159000.0,82902.0392334464
lithium_carbonate,VMD-ARIMA,Decomposition,2026-01-15,2026-01-16,159000.0,158000.0,83000.5734779475
lithium_carbonate,VMD-ARIMA,Decomposition,2026-01-16,2026-01-19,158000.0,151000.0,83109.49232482126
lithium_carbonate,VMD-ARIMA,Decomposition,2026-01-19,2026-01-20,151000.0,152500.0,83218.49106506794
lithium_carbonate,VMD-ARIMA,Decomposition,2026-01-20,2026-01-21,152500.0,158500.0,83333.45950682578
lithium_carbonate,VMD-ARIMA,Decomposition,2026-01-21,2026-01-22,158500.0,164500.0,83456.02316377132
lithium_carbonate,VMD-ARIMA,Decomposition,2026-01-22,2026-01-23,164500.0,171000.0,83578.730778864
lithium_carbonate,VMD-ARIMA,Decomposition,2026-01-23,2026-01-26,171000.0,181500.0,83707.85786287603
lithium_carbonate,VMD-ARIMA,Decomposition,2026-01-26,2026-01-27,181500.0,172500.0,83840.24728387376
lithium_carbonate,VMD-ARIMA,Decomposition,2026-01-27,2026-01-28,172500.0,172000.0,83974.95204387161
lithium_carbonate,VMD-ARIMA,Decomposition,2026-01-28,2026-01-29,172000.0,168000.0,84111.53299493939
lithium_carbonate,VMD-ARIMA,Decomposition,2026-01-29,2026-01-30,168000.0,160500.0,84252.27561120185
lithium_carbonate,VMD-ARIMA,Decomposition,2026-01-30,2026-02-02,160500.0,155500.0,84392.60730108472
lithium_carbonate,VMD-ARIMA,Decomposition,2026-02-02,2026-02-03,155500.0,153500.0,84534.4851128364
lithium_carbonate,VMD-ARIMA,Decomposition,2026-02-03,2026-02-04,153500.0,153000.0,84679.73840751052
lithium_carbonate,VMD-ARIMA,Decomposition,2026-02-04,2026-02-05,153000.0,144000.0,84823.12236870867
lithium_carbonate,VMD-ARIMA,Decomposition,2026-02-05,2026-02-06,144000.0,134500.0,84969.20472089195
lithium_carbonate,VMD-ARIMA,Decomposition,2026-02-06,2026-02-09,134500.0,135500.0,85117.20192762701
lithium_carbonate,VMD-ARIMA,Decomposition,2026-02-09,2026-02-10,135500.0,136000.0,85264.20030916593
lithium_carbonate,VMD-ARIMA,Decomposition,2026-02-10,2026-02-11,136000.0,138000.0,85414.79035691265
lithium_carbonate,VMD-ARIMA,Decomposition,2026-02-11,2026-02-12,138000.0,142500.0,85566.40667340596
lithium_carbonate,VMD-ARIMA,Decomposition,2026-02-12,2026-02-13,142500.0,143750.0,85719.5878504306
lithium_carbonate,VMD-ARIMA,Decomposition,2026-02-13,2026-02-24,143750.0,152000.0,85875.45066077053
lithium_carbonate,VMD-ARIMA,Decomposition,2026-02-24,2026-02-25,152000.0,161750.0,86034.14682246736
lithium_carbonate,VMD-ARIMA,Decomposition,2026-02-25,2026-02-26,161750.0,173000.0,86194.58661685538
lithium_carbonate,VMD-ARIMA,Decomposition,2026-02-26,2026-02-27,173000.0,172000.0,86358.26889204458
lithium_carbonate,VMD-ARIMA,Decomposition,2026-02-27,2026-03-02,172000.0,172500.0,86525.45104853224
lithium_carbonate,VMD-ARIMA,Decomposition,2026-03-02,2026-03-03,172500.0,161000.0,86693.86932270098
lithium_carbonate,VMD-ARIMA,Decomposition,2026-03-03,2026-03-04,161000.0,154000.0,86866.28339963211
lithium_carbonate,VMD-ARIMA,Decomposition,2026-03-04,2026-03-05,154000.0,156000.0,87040.86778545464
lithium_carbonate,VMD-ARIMA,Decomposition,2026-03-05,2026-03-06,156000.0,155250.0,87216.61279285782
lithium_carbonate,VMD-ARIMA,Decomposition,2026-03-06,2026-03-09,155250.0,154750.0,87395.30380077031
lithium_carbonate,VMD-ARIMA,Decomposition,2026-03-09,2026-03-10,154750.0,158500.0,87574.4041574623
lithium_carbonate,VMD-ARIMA,Decomposition,2026-03-10,2026-03-11,158500.0,159000.0,87753.99842395353
lithium_carbonate,VMD-ARIMA,Decomposition,2026-03-11,2026-03-12,159000.0,158000.0,87934.05952631503
lithium_carbonate,VMD-LSTM,Decomposition,2025-08-14,2025-08-15,82000.0,82700.0,92524.6171875
lithium_carbonate,VMD-LSTM,Decomposition,2025-08-15,2025-08-18,82700.0,84600.0,86540.625
lithium_carbonate,VMD-LSTM,Decomposition,2025-08-18,2025-08-19,84600.0,85700.0,82636.7578125
lithium_carbonate,VMD-LSTM,Decomposition,2025-08-19,2025-08-20,85700.0,85700.0,79908.5546875
lithium_carbonate,VMD-LSTM,Decomposition,2025-08-20,2025-08-21,85700.0,85200.0,77950.15625
lithium_carbonate,VMD-LSTM,Decomposition,2025-08-21,2025-08-22,85200.0,83900.0,76623.4375
lithium_carbonate,VMD-LSTM,Decomposition,2025-08-22,2025-08-25,83900.0,82500.0,75886.8515625
lithium_carbonate,VMD-LSTM,Decomposition,2025-08-25,2025-08-26,82500.0,81700.0,75628.9296875
lithium_carbonate,VMD-LSTM,Decomposition,2025-08-26,2025-08-27,81700.0,81600.0,75685.9375
lithium_carbonate,VMD-LSTM,Decomposition,2025-08-27,2025-08-28,81600.0,80000.0,75882.1875
lithium_carbonate,VMD-LSTM,Decomposition,2025-08-28,2025-08-29,80000.0,79650.0,76087.265625
lithium_carbonate,VMD-LSTM,Decomposition,2025-08-29,2025-09-01,79650.0,78350.0,76229.921875
lithium_carbonate,VMD-LSTM,Decomposition,2025-09-01,2025-09-02,78350.0,77500.0,76292.5390625
lithium_carbonate,VMD-LSTM,Decomposition,2025-09-02,2025-09-03,77500.0,75900.0,76291.7734375
lithium_carbonate,VMD-LSTM,Decomposition,2025-09-03,2025-09-04,75900.0,75000.0,76258.375
lithium_carbonate,VMD-LSTM,Decomposition,2025-09-04,2025-09-05,75000.0,74750.0,76220.515625
lithium_carbonate,VMD-LSTM,Decomposition,2025-09-05,2025-09-08,74750.0,74600.0,76195.2421875
lithium_carbonate,VMD-LSTM,Decomposition,2025-09-08,2025-09-09,74600.0,74600.0,76187.3125
lithium_carbonate,VMD-LSTM,Decomposition,2025-09-09,2025-09-10,74600.0,73450.0,76193.0859375
lithium_carbonate,VMD-LSTM,Decomposition,2025-09-10,2025-09-11,73450.0,72850.0,76205.46875
lithium_carbonate,VMD-LSTM,Decomposition,2025-09-11,2025-09-12,72850.0,72450.0,76217.9296875
lithium_carbonate,VMD-LSTM,Decomposition,2025-09-12,2025-09-15,72450.0,72450.0,76226.6796875
lithium_carbonate,VMD-LSTM,Decomposition,2025-09-15,2025-09-16,72450.0,72850.0,76230.609375
lithium_carbonate,VMD-LSTM,Decomposition,2025-09-16,2025-09-17,72850.0,73150.0,76230.6796875
lithium_carbonate,VMD-LSTM,Decomposition,2025-09-17,2025-09-18,73150.0,73450.0,76228.65625
lithium_carbonate,VMD-LSTM,Decomposition,2025-09-18,2025-09-19,73450.0,73500.0,76226.2578125
lithium_carbonate,VMD-LSTM,Decomposition,2025-09-19,2025-09-22,73500.0,73850.0,76224.53125
lithium_carbonate,VMD-LSTM,Decomposition,2025-09-22,2025-09-23,73850.0,73850.0,76223.8125
lithium_carbonate,VMD-LSTM,Decomposition,2025-09-23,2025-09-24,73850.0,73850.0,76223.9921875
lithium_carbonate,VMD-LSTM,Decomposition,2025-09-24,2025-09-25,73850.0,73750.0,76224.640625
lithium_carbonate,VMD-LSTM,Decomposition,2025-09-25,2025-09-26,73750.0,73600.0,76225.4375
lithium_carbonate,VMD-LSTM,Decomposition,2025-09-26,2025-09-29,73600.0,73550.0,76226.0390625
lithium_carbonate,VMD-LSTM,Decomposition,2025-09-29,2025-09-30,73550.0,73550.0,76226.3671875
lithium_carbonate,VMD-LSTM,Decomposition,2025-09-30,2025-10-09,73550.0,73550.0,76226.4609375
lithium_carbonate,VMD-LSTM,Decomposition,2025-10-09,2025-10-10,73550.0,73550.0,76226.375
lithium_carbonate,VMD-LSTM,Decomposition,2025-10-10,2025-10-13,73550.0,73100.0,76226.2109375
lithium_carbonate,VMD-LSTM,Decomposition,2025-10-13,2025-10-14,73100.0,73000.0,76226.109375
lithium_carbonate,VMD-LSTM,Decomposition,2025-10-14,2025-10-15,73000.0,73000.0,76226.0546875
lithium_carbonate,VMD-LSTM,Decomposition,2025-10-15,2025-10-16,73000.0,73000.0,76226.0546875
lithium_carbonate,VMD-LSTM,Decomposition,2025-10-16,2025-10-17,73000.0,73350.0,76226.09375
lithium_carbonate,VMD-LSTM,Decomposition,2025-10-17,2025-10-20,73350.0,74000.0,76226.1484375
lithium_carbonate,VMD-LSTM,Decomposition,2025-10-20,2025-10-21,74000.0,74100.0,76226.1796875
lithium_carbonate,VMD-LSTM,Decomposition,2025-10-21,2025-10-22,74100.0,74350.0,76226.2109375
lithium_carbonate,VMD-LSTM,Decomposition,2025-10-22,2025-10-23,74350.0,74800.0,76226.1953125
lithium_carbonate,VMD-LSTM,Decomposition,2025-10-23,2025-10-24,74800.0,75400.0,76226.1875
lithium_carbonate,VMD-LSTM,Decomposition,2025-10-24,2025-10-27,75400.0,76550.0,76226.1796875
lithium_carbonate,VMD-LSTM,Decomposition,2025-10-27,2025-10-28,76550.0,78500.0,76226.171875
lithium_carbonate,VMD-LSTM,Decomposition,2025-10-28,2025-10-29,78500.0,79150.0,76226.171875
lithium_carbonate,VMD-LSTM,Decomposition,2025-10-29,2025-10-30,79150.0,80000.0,76226.15625
lithium_carbonate,VMD-LSTM,Decomposition,2025-10-30,2025-10-31,80000.0,80550.0,76226.1640625
lithium_carbonate,VMD-LSTM,Decomposition,2025-10-31,2025-11-03,80550.0,81000.0,76226.1640625
lithium_carbonate,VMD-LSTM,Decomposition,2025-11-03,2025-11-04,81000.0,80900.0,76226.1640625
lithium_carbonate,VMD-LSTM,Decomposition,2025-11-04,2025-11-05,80900.0,80500.0,76226.171875
lithium_carbonate,VMD-LSTM,Decomposition,2025-11-05,2025-11-06,80500.0,80400.0,76226.171875
lithium_carbonate,VMD-LSTM,Decomposition,2025-11-06,2025-11-07,80400.0,80400.0,76226.171875
lithium_carbonate,VMD-LSTM,Decomposition,2025-11-07,2025-11-10,80400.0,80750.0,76226.171875
lithium_carbonate,VMD-LSTM,Decomposition,2025-11-10,2025-11-11,80750.0,82300.0,76226.171875
lithium_carbonate,VMD-LSTM,Decomposition,2025-11-11,2025-11-12,82300.0,83300.0,76226.171875
lithium_carbonate,VMD-LSTM,Decomposition,2025-11-12,2025-11-13,83300.0,84350.0,76226.171875
lithium_carbonate,VMD-LSTM,Decomposition,2025-11-13,2025-11-14,84350.0,85150.0,76226.171875
lithium_carbonate,VMD-LSTM,Decomposition,2025-11-14,2025-11-17,85150.0,86150.0,76226.171875
lithium_carbonate,VMD-LSTM,Decomposition,2025-11-17,2025-11-18,86150.0,87400.0,76226.171875
lithium_carbonate,VMD-LSTM,Decomposition,2025-11-18,2025-11-19,87400.0,88900.0,76226.1640625
lithium_carbonate,VMD-LSTM,Decomposition,2025-11-19,2025-11-20,88900.0,91300.0,76226.1640625
lithium_carbonate,VMD-LSTM,Decomposition,2025-11-20,2025-11-21,91300.0,92300.0,76226.1640625
lithium_carbonate,VMD-LSTM,Decomposition,2025-11-21,2025-11-24,92300.0,92150.0,76226.1640625
lithium_carbonate,VMD-LSTM,Decomposition,2025-11-24,2025-11-25,92150.0,92050.0,76226.1640625
lithium_carbonate,VMD-LSTM,Decomposition,2025-11-25,2025-11-26,92050.0,92800.0,76226.1640625
lithium_carbonate,VMD-LSTM,Decomposition,2025-11-26,2025-11-27,92800.0,93300.0,76226.1640625
lithium_carbonate,VMD-LSTM,Decomposition,2025-11-27,2025-11-28,93300.0,93750.0,76226.1640625
lithium_carbonate,VMD-LSTM,Decomposition,2025-11-28,2025-12-01,93750.0,94350.0,76226.1640625
lithium_carbonate,VMD-LSTM,Decomposition,2025-12-01,2025-12-02,94350.0,94400.0,76226.1640625
lithium_carbonate,VMD-LSTM,Decomposition,2025-12-02,2025-12-03,94400.0,94350.0,76226.1640625
lithium_carbonate,VMD-LSTM,Decomposition,2025-12-03,2025-12-04,94350.0,94000.0,76226.1640625
lithium_carbonate,VMD-LSTM,Decomposition,2025-12-04,2025-12-05,94000.0,93250.0,76226.1640625
lithium_carbonate,VMD-LSTM,Decomposition,2025-12-05,2025-12-08,93250.0,92750.0,76226.1640625
lithium_carbonate,VMD-LSTM,Decomposition,2025-12-08,2025-12-09,92750.0,92750.0,76226.1640625
lithium_carbonate,VMD-LSTM,Decomposition,2025-12-09,2025-12-10,92750.0,92700.0,76226.1640625
lithium_carbonate,VMD-LSTM,Decomposition,2025-12-10,2025-12-11,92700.0,93500.0,76226.1640625
lithium_carbonate,VMD-LSTM,Decomposition,2025-12-11,2025-12-12,93500.0,94500.0,76226.1640625
lithium_carbonate,VMD-LSTM,Decomposition,2025-12-12,2025-12-15,94500.0,95150.0,76226.1640625
lithium_carbonate,VMD-LSTM,Decomposition,2025-12-15,2025-12-16,95150.0,95850.0,76226.1640625
lithium_carbonate,VMD-LSTM,Decomposition,2025-12-16,2025-12-17,95850.0,97050.0,76226.1640625
lithium_carbonate,VMD-LSTM,Decomposition,2025-12-17,2025-12-18,97050.0,97550.0,76226.1640625
lithium_carbonate,VMD-LSTM,Decomposition,2025-12-18,2025-12-19,97550.0,97650.0,76226.1640625
lithium_carbonate,VMD-LSTM,Decomposition,2025-12-19,2025-12-22,97650.0,99000.0,76226.1640625
lithium_carbonate,VMD-LSTM,Decomposition,2025-12-22,2025-12-23,99000.0,99500.0,76226.1640625
lithium_carbonate,VMD-LSTM,Decomposition,2025-12-23,2025-12-24,99500.0,101500.0,76226.1640625
lithium_carbonate,VMD-LSTM,Decomposition,2025-12-24,2025-12-25,101500.0,104900.0,76226.1640625
lithium_carbonate,VMD-LSTM,Decomposition,2025-12-25,2025-12-26,104900.0,111900.0,76226.1640625
lithium_carbonate,VMD-LSTM,Decomposition,2025-12-26,2025-12-29,111900.0,118000.0,76226.1640625
lithium_carbonate,VMD-LSTM,Decomposition,2025-12-29,2025-12-30,118000.0,118000.0,76226.1640625
lithium_carbonate,VMD-LSTM,Decomposition,2025-12-30,2025-12-31,118000.0,118500.0,76226.1640625
lithium_carbonate,VMD-LSTM,Decomposition,2025-12-31,2026-01-05,118500.0,119500.0,76226.1640625
lithium_carbonate,VMD-LSTM,Decomposition,2026-01-05,2026-01-06,119500.0,127500.0,76226.1640625
lithium_carbonate,VMD-LSTM,Decomposition,2026-01-06,2026-01-07,127500.0,133500.0,76226.1640625
lithium_carbonate,VMD-LSTM,Decomposition,2026-01-07,2026-01-08,133500.0,138500.0,76226.1640625
lithium_carbonate,VMD-LSTM,Decomposition,2026-01-08,2026-01-09,138500.0,140000.0,76226.1640625
lithium_carbonate,VMD-LSTM,Decomposition,2026-01-09,2026-01-12,140000.0,152000.0,76226.1640625
lithium_carbonate,VMD-LSTM,Decomposition,2026-01-12,2026-01-13,152000.0,159500.0,76226.1640625
lithium_carbonate,VMD-LSTM,Decomposition,2026-01-13,2026-01-14,159500.0,163000.0,76226.1640625
lithium_carbonate,VMD-LSTM,Decomposition,2026-01-14,2026-01-15,163000.0,159000.0,76226.1640625
lithium_carbonate,VMD-LSTM,Decomposition,2026-01-15,2026-01-16,159000.0,158000.0,76226.1640625
lithium_carbonate,VMD-LSTM,Decomposition,2026-01-16,2026-01-19,158000.0,151000.0,76226.1640625
lithium_carbonate,VMD-LSTM,Decomposition,2026-01-19,2026-01-20,151000.0,152500.0,76226.1640625
lithium_carbonate,VMD-LSTM,Decomposition,2026-01-20,2026-01-21,152500.0,158500.0,76226.1640625
lithium_carbonate,VMD-LSTM,Decomposition,2026-01-21,2026-01-22,158500.0,164500.0,76226.1640625
lithium_carbonate,VMD-LSTM,Decomposition,2026-01-22,2026-01-23,164500.0,171000.0,76226.1640625
lithium_carbonate,VMD-LSTM,Decomposition,2026-01-23,2026-01-26,171000.0,181500.0,76226.1640625
lithium_carbonate,VMD-LSTM,Decomposition,2026-01-26,2026-01-27,181500.0,172500.0,76226.1640625
lithium_carbonate,VMD-LSTM,Decomposition,2026-01-27,2026-01-28,172500.0,172000.0,76226.1640625
lithium_carbonate,VMD-LSTM,Decomposition,2026-01-28,2026-01-29,172000.0,168000.0,76226.1640625
lithium_carbonate,VMD-LSTM,Decomposition,2026-01-29,2026-01-30,168000.0,160500.0,76226.1640625
lithium_carbonate,VMD-LSTM,Decomposition,2026-01-30,2026-02-02,160500.0,155500.0,76226.1640625
lithium_carbonate,VMD-LSTM,Decomposition,2026-02-02,2026-02-03,155500.0,153500.0,76226.1640625
lithium_carbonate,VMD-LSTM,Decomposition,2026-02-03,2026-02-04,153500.0,153000.0,76226.1640625
lithium_carbonate,VMD-LSTM,Decomposition,2026-02-04,2026-02-05,153000.0,144000.0,76226.1640625
lithium_carbonate,VMD-LSTM,Decomposition,2026-02-05,2026-02-06,144000.0,134500.0,76226.1640625
lithium_carbonate,VMD-LSTM,Decomposition,2026-02-06,2026-02-09,134500.0,135500.0,76226.1640625
lithium_carbonate,VMD-LSTM,Decomposition,2026-02-09,2026-02-10,135500.0,136000.0,76226.1640625
lithium_carbonate,VMD-LSTM,Decomposition,2026-02-10,2026-02-11,136000.0,138000.0,76226.1640625
lithium_carbonate,VMD-LSTM,Decomposition,2026-02-11,2026-02-12,138000.0,142500.0,76226.1640625
lithium_carbonate,VMD-LSTM,Decomposition,2026-02-12,2026-02-13,142500.0,143750.0,76226.1640625
lithium_carbonate,VMD-LSTM,Decomposition,2026-02-13,2026-02-24,143750.0,152000.0,76226.1640625
lithium_carbonate,VMD-LSTM,Decomposition,2026-02-24,2026-02-25,152000.0,161750.0,76226.1640625
lithium_carbonate,VMD-LSTM,Decomposition,2026-02-25,2026-02-26,161750.0,173000.0,76226.1640625
lithium_carbonate,VMD-LSTM,Decomposition,2026-02-26,2026-02-27,173000.0,172000.0,76226.1640625
lithium_carbonate,VMD-LSTM,Decomposition,2026-02-27,2026-03-02,172000.0,172500.0,76226.1640625
lithium_carbonate,VMD-LSTM,Decomposition,2026-03-02,2026-03-03,172500.0,161000.0,76226.1640625
lithium_carbonate,VMD-LSTM,Decomposition,2026-03-03,2026-03-04,161000.0,154000.0,76226.1640625
lithium_carbonate,VMD-LSTM,Decomposition,2026-03-04,2026-03-05,154000.0,156000.0,76226.1640625
lithium_carbonate,VMD-LSTM,Decomposition,2026-03-05,2026-03-06,156000.0,155250.0,76226.1640625
lithium_carbonate,VMD-LSTM,Decomposition,2026-03-06,2026-03-09,155250.0,154750.0,76226.1640625
lithium_carbonate,VMD-LSTM,Decomposition,2026-03-09,2026-03-10,154750.0,158500.0,76226.1640625
lithium_carbonate,VMD-LSTM,Decomposition,2026-03-10,2026-03-11,158500.0,159000.0,76226.1640625
lithium_carbonate,VMD-LSTM,Decomposition,2026-03-11,2026-03-12,159000.0,158000.0,76226.1640625
lithium_carbonate,CEEMDAN-ARIMA,Decomposition,2025-08-14,2025-08-15,82000.0,82700.0,64338.18974064968
lithium_carbonate,CEEMDAN-ARIMA,Decomposition,2025-08-15,2025-08-18,82700.0,84600.0,60887.86604633124
lithium_carbonate,CEEMDAN-ARIMA,Decomposition,2025-08-18,2025-08-19,84600.0,85700.0,57088.29378853422
lithium_carbonate,CEEMDAN-ARIMA,Decomposition,2025-08-19,2025-08-20,85700.0,85700.0,53324.87154944595
lithium_carbonate,CEEMDAN-ARIMA,Decomposition,2025-08-20,2025-08-21,85700.0,85200.0,50998.83614480467
lithium_carbonate,CEEMDAN-ARIMA,Decomposition,2025-08-21,2025-08-22,85200.0,83900.0,50684.50990942175
lithium_carbonate,CEEMDAN-ARIMA,Decomposition,2025-08-22,2025-08-25,83900.0,82500.0,52487.50542058342
lithium_carbonate,CEEMDAN-ARIMA,Decomposition,2025-08-25,2025-08-26,82500.0,81700.0,56517.034303952794
lithium_carbonate,CEEMDAN-ARIMA,Decomposition,2025-08-26,2025-08-27,81700.0,81600.0,62763.792554573934
lithium_carbonate,CEEMDAN-ARIMA,Decomposition,2025-08-27,2025-08-28,81600.0,80000.0,71011.98177816272
lithium_carbonate,CEEMDAN-ARIMA,Decomposition,2025-08-28,2025-08-29,80000.0,79650.0,80996.75073831512
lithium_carbonate,CEEMDAN-ARIMA,Decomposition,2025-08-29,2025-09-01,79650.0,78350.0,92519.65987558708
lithium_carbonate,CEEMDAN-ARIMA,Decomposition,2025-09-01,2025-09-02,78350.0,77500.0,105460.17058076519
lithium_carbonate,CEEMDAN-ARIMA,Decomposition,2025-09-02,2025-09-03,77500.0,75900.0,119778.14371415853
lithium_carbonate,CEEMDAN-ARIMA,Decomposition,2025-09-03,2025-09-04,75900.0,75000.0,135514.7178957241
lithium_carbonate,CEEMDAN-ARIMA,Decomposition,2025-09-04,2025-09-05,75000.0,74750.0,152760.11244407704
lithium_carbonate,CEEMDAN-ARIMA,Decomposition,2025-09-05,2025-09-08,74750.0,74600.0,171598.8716283907
lithium_carbonate,CEEMDAN-ARIMA,Decomposition,2025-09-08,2025-09-09,74600.0,74600.0,192055.7381375756
lithium_carbonate,CEEMDAN-ARIMA,Decomposition,2025-09-09,2025-09-10,74600.0,73450.0,214049.24055883408
lithium_carbonate,CEEMDAN-ARIMA,Decomposition,2025-09-10,2025-09-11,73450.0,72850.0,237355.05754712957
lithium_carbonate,CEEMDAN-ARIMA,Decomposition,2025-09-11,2025-09-12,72850.0,72450.0,261583.66672511332
lithium_carbonate,CEEMDAN-ARIMA,Decomposition,2025-09-12,2025-09-15,72450.0,72450.0,286173.8496272828
lithium_carbonate,CEEMDAN-ARIMA,Decomposition,2025-09-15,2025-09-16,72450.0,72850.0,310398.97767706064
lithium_carbonate,CEEMDAN-ARIMA,Decomposition,2025-09-16,2025-09-17,72850.0,73150.0,333381.589230063
lithium_carbonate,CEEMDAN-ARIMA,Decomposition,2025-09-17,2025-09-18,73150.0,73450.0,354112.11810401955
lithium_carbonate,CEEMDAN-ARIMA,Decomposition,2025-09-18,2025-09-19,73450.0,73500.0,371468.16443321883
lithium_carbonate,CEEMDAN-ARIMA,Decomposition,2025-09-19,2025-09-22,73500.0,73850.0,384231.8316225329
lithium_carbonate,CEEMDAN-ARIMA,Decomposition,2025-09-22,2025-09-23,73850.0,73850.0,391104.4394200209
lithium_carbonate,CEEMDAN-ARIMA,Decomposition,2025-09-23,2025-09-24,73850.0,73850.0,390719.6624653668
lithium_carbonate,CEEMDAN-ARIMA,Decomposition,2025-09-24,2025-09-25,73850.0,73750.0,381657.3957488354
lithium_carbonate,CEEMDAN-ARIMA,Decomposition,2025-09-25,2025-09-26,73750.0,73600.0,362461.346086822
lithium_carbonate,CEEMDAN-ARIMA,Decomposition,2025-09-26,2025-09-29,73600.0,73550.0,331663.46942362643
lithium_carbonate,CEEMDAN-ARIMA,Decomposition,2025-09-29,2025-09-30,73550.0,73550.0,287817.938059179
lithium_carbonate,CEEMDAN-ARIMA,Decomposition,2025-09-30,2025-10-09,73550.0,73550.0,229546.47923328052
lithium_carbonate,CEEMDAN-ARIMA,Decomposition,2025-10-09,2025-10-10,73550.0,73550.0,155595.8911484792
lithium_carbonate,CEEMDAN-ARIMA,Decomposition,2025-10-10,2025-10-13,73550.0,73100.0,64907.50625360105
lithium_carbonate,CEEMDAN-ARIMA,Decomposition,2025-10-13,2025-10-14,73100.0,73000.0,-43302.521845108065
lithium_carbonate,CEEMDAN-ARIMA,Decomposition,2025-10-14,2025-10-15,73000.0,73000.0,-169453.89454836678
lithium_carbonate,CEEMDAN-ARIMA,Decomposition,2025-10-15,2025-10-16,73000.0,73000.0,-313506.00636986754
lithium_carbonate,CEEMDAN-ARIMA,Decomposition,2025-10-16,2025-10-17,73000.0,73350.0,-474857.3469586054
lithium_carbonate,CEEMDAN-ARIMA,Decomposition,2025-10-17,2025-10-20,73350.0,74000.0,-652242.9456244955
lithium_carbonate,CEEMDAN-ARIMA,Decomposition,2025-10-20,2025-10-21,74000.0,74100.0,-843632.3850489521
lithium_carbonate,CEEMDAN-ARIMA,Decomposition,2025-10-21,2025-10-22,74100.0,74350.0,-1046131.0215546999
lithium_carbonate,CEEMDAN-ARIMA,Decomposition,2025-10-22,2025-10-23,74350.0,74800.0,-1255887.2889541495
lithium_carbonate,CEEMDAN-ARIMA,Decomposition,2025-10-23,2025-10-24,74800.0,75400.0,-1468009.3621664154
lithium_carbonate,CEEMDAN-ARIMA,Decomposition,2025-10-24,2025-10-27,75400.0,76550.0,-1676495.0078674972
lithium_carbonate,CEEMDAN-ARIMA,Decomposition,2025-10-27,2025-10-28,76550.0,78500.0,-1874179.1116591196
lithium_carbonate,CEEMDAN-ARIMA,Decomposition,2025-10-28,2025-10-29,78500.0,79150.0,-2052704.0806221068
lithium_carbonate,CEEMDAN-ARIMA,Decomposition,2025-10-29,2025-10-30,79150.0,80000.0,-2202519.001458635
lithium_carbonate,CEEMDAN-ARIMA,Decomposition,2025-10-30,2025-10-31,80000.0,80550.0,-2312914.012853881
lithium_carbonate,CEEMDAN-ARIMA,Decomposition,2025-10-31,2025-11-03,80550.0,81000.0,-2372096.760593701
lithium_carbonate,CEEMDAN-ARIMA,Decomposition,2025-11-03,2025-11-04,81000.0,80900.0,-2367317.994097655
lithium_carbonate,CEEMDAN-ARIMA,Decomposition,2025-11-04,2025-11-05,80900.0,80500.0,-2285053.2974808034
lithium_carbonate,CEEMDAN-ARIMA,Decomposition,2025-11-05,2025-11-06,80500.0,80400.0,-2111247.604170296
lithium_carbonate,CEEMDAN-ARIMA,Decomposition,2025-11-06,2025-11-07,80400.0,80400.0,-1831628.5070525869
lithium_carbonate,CEEMDAN-ARIMA,Decomposition,2025-11-07,2025-11-10,80400.0,80750.0,-1432093.4348419586
lithium_carbonate,CEEMDAN-ARIMA,Decomposition,2025-11-10,2025-11-11,80750.0,82300.0,-899174.5070528687
lithium_carbonate,CEEMDAN-ARIMA,Decomposition,2025-11-11,2025-11-12,82300.0,83300.0,-220583.2873408266
lithium_carbonate,CEEMDAN-ARIMA,Decomposition,2025-11-12,2025-11-13,83300.0,84350.0,614164.2944665262
lithium_carbonate,CEEMDAN-ARIMA,Decomposition,2025-11-13,2025-11-14,84350.0,85150.0,1613044.9137500296
lithium_carbonate,CEEMDAN-ARIMA,Decomposition,2025-11-14,2025-11-17,85150.0,86150.0,2780751.5196402953
lithium_carbonate,CEEMDAN-ARIMA,Decomposition,2025-11-17,2025-11-18,86150.0,87400.0,4117851.6767993467
lithium_carbonate,CEEMDAN-ARIMA,Decomposition,2025-11-18,2025-11-19,87400.0,88900.0,5619892.170784542
lithium_carbonate,CEEMDAN-ARIMA,Decomposition,2025-11-19,2025-11-20,88900.0,91300.0,7276465.519292437
lithium_carbonate,CEEMDAN-ARIMA,Decomposition,2025-11-20,2025-11-21,91300.0,92300.0,9070258.496935634
lithium_carbonate,CEEMDAN-ARIMA,Decomposition,2025-11-21,2025-11-24,92300.0,92150.0,10976107.612064227
lithium_carbonate,CEEMDAN-ARIMA,Decomposition,2025-11-24,2025-11-25,92150.0,92050.0,12960091.5965614
lithium_carbonate,CEEMDAN-ARIMA,Decomposition,2025-11-25,2025-11-26,92050.0,92800.0,14978696.282076856
lithium_carbonate,CEEMDAN-ARIMA,Decomposition,2025-11-26,2025-11-27,92800.0,93300.0,16978092.60917261
lithium_carbonate,CEEMDAN-ARIMA,Decomposition,2025-11-27,2025-11-28,93300.0,93750.0,18893573.79131277
lithium_carbonate,CEEMDAN-ARIMA,Decomposition,2025-11-28,2025-12-01,93750.0,94350.0,20649202.647193633
lithium_carbonate,CEEMDAN-ARIMA,Decomposition,2025-12-01,2025-12-02,94350.0,94400.0,22157724.608203135
lithium_carbonate,CEEMDAN-ARIMA,Decomposition,2025-12-02,2025-12-03,94400.0,94350.0,23320805.66086963
lithium_carbonate,CEEMDAN-ARIMA,Decomposition,2025-12-03,2025-12-04,94350.0,94000.0,24029657.228341833
lithium_carbonate,CEEMDAN-ARIMA,Decomposition,2025-12-04,2025-12-05,94000.0,93250.0,24166111.436347265
lithium_carbonate,CEEMDAN-ARIMA,Decomposition,2025-12-05,2025-12-08,93250.0,92750.0,23604210.031091772
lithium_carbonate,CEEMDAN-ARIMA,Decomposition,2025-12-08,2025-12-09,92750.0,92750.0,22212368.083686125
lithium_carbonate,CEEMDAN-ARIMA,Decomposition,2025-12-09,2025-12-10,92750.0,92700.0,19856169.179042704
lithium_carbonate,CEEMDAN-ARIMA,Decomposition,2025-12-10,2025-12-11,92700.0,93500.0,16401841.691984117
lithium_carbonate,CEEMDAN-ARIMA,Decomposition,2025-12-11,2025-12-12,93500.0,94500.0,11720455.648406764
lithium_carbonate,CEEMDAN-ARIMA,Decomposition,2025-12-12,2025-12-15,94500.0,95150.0,5692866.219035702
lithium_carbonate,CEEMDAN-ARIMA,Decomposition,2025-12-15,2025-12-16,95150.0,95850.0,-1784587.2087187364
lithium_carbonate,CEEMDAN-ARIMA,Decomposition,2025-12-16,2025-12-17,95850.0,97050.0,-10793638.449855065
lithium_carbonate,CEEMDAN-ARIMA,Decomposition,2025-12-17,2025-12-18,97050.0,97550.0,-21386945.62524373
lithium_carbonate,CEEMDAN-ARIMA,Decomposition,2025-12-18,2025-12-19,97550.0,97650.0,-33580302.490930215
lithium_carbonate,CEEMDAN-ARIMA,Decomposition,2025-12-19,2025-12-22,97650.0,99000.0,-47344310.11565819
lithium_carbonate,CEEMDAN-ARIMA,Decomposition,2025-12-22,2025-12-23,99000.0,99500.0,-62595646.724685445
lithium_carbonate,CEEMDAN-ARIMA,Decomposition,2025-12-23,2025-12-24,99500.0,101500.0,-79188115.06980778
lithium_carbonate,CEEMDAN-ARIMA,Decomposition,2025-12-24,2025-12-25,101500.0,104900.0,-96903691.6306498
lithium_carbonate,CEEMDAN-ARIMA,Decomposition,2025-12-25,2025-12-26,104900.0,111900.0,-115443849.66028695
lithium_carbonate,CEEMDAN-ARIMA,Decomposition,2025-12-26,2025-12-29,111900.0,118000.0,-134421477.6986883
lithium_carbonate,CEEMDAN-ARIMA,Decomposition,2025-12-29,2025-12-30,118000.0,118000.0,-153353765.5892823
lithium_carbonate,CEEMDAN-ARIMA,Decomposition,2025-12-30,2025-12-31,118000.0,118500.0,-171656479.88777608
lithium_carbonate,CEEMDAN-ARIMA,Decomposition,2025-12-31,2026-01-05,118500.0,119500.0,-188640098.21669513
lithium_carbonate,CEEMDAN-ARIMA,Decomposition,2026-01-05,2026-01-06,119500.0,127500.0,-203508315.68177912
lithium_carbonate,CEEMDAN-ARIMA,Decomposition,2026-01-06,2026-01-07,127500.0,133500.0,-215359473.73267287
lithium_carbonate,CEEMDAN-ARIMA,Decomposition,2026-01-07,2026-01-08,133500.0,138500.0,-223191490.34935996
lithium_carbonate,CEEMDAN-ARIMA,Decomposition,2026-01-08,2026-01-09,138500.0,140000.0,-225910887.43641567
lithium_carbonate,CEEMDAN-ARIMA,Decomposition,2026-01-09,2026-01-12,140000.0,152000.0,-222346513.84556612
lithium_carbonate,CEEMDAN-ARIMA,Decomposition,2026-01-12,2026-01-13,152000.0,159500.0,-211268547.36700752
lithium_carbonate,CEEMDAN-ARIMA,Decomposition,2026-01-13,2026-01-14,159500.0,163000.0,-191413323.0376883
lithium_carbonate,CEEMDAN-ARIMA,Decomposition,2026-01-14,2026-01-15,163000.0,159000.0,-161514474.84968218
lithium_carbonate,CEEMDAN-ARIMA,Decomposition,2026-01-15,2026-01-16,159000.0,158000.0,-120340790.06426969
lithium_carbonate,CEEMDAN-ARIMA,Decomposition,2026-01-16,2026-01-19,158000.0,151000.0,-66741056.634660974
lithium_carbonate,CEEMDAN-ARIMA,Decomposition,2026-01-19,2026-01-20,151000.0,152500.0,303968.2488706142
lithium_carbonate,CEEMDAN-ARIMA,Decomposition,2026-01-20,2026-01-21,152500.0,158500.0,81622529.31974198
lithium_carbonate,CEEMDAN-ARIMA,Decomposition,2026-01-21,2026-01-22,158500.0,164500.0,177786072.13456777
lithium_carbonate,CEEMDAN-ARIMA,Decomposition,2026-01-22,2026-01-23,164500.0,171000.0,289037224.5845805
lithium_carbonate,CEEMDAN-ARIMA,Decomposition,2026-01-23,2026-01-26,171000.0,181500.0,415212422.7095992
lithium_carbonate,CEEMDAN-ARIMA,Decomposition,2026-01-26,2026-01-27,181500.0,172500.0,555660388.5008234
lithium_carbonate,CEEMDAN-ARIMA,Decomposition,2026-01-27,2026-01-28,172500.0,172000.0,709158050.3944855
lithium_carbonate,CEEMDAN-ARIMA,Decomposition,2026-01-28,2026-01-29,172000.0,168000.0,873825913.4533415
lithium_carbonate,CEEMDAN-ARIMA,Decomposition,2026-01-29,2026-01-30,168000.0,160500.0,1047045330.259836
lithium_carbonate,CEEMDAN-ARIMA,Decomposition,2026-01-30,2026-02-02,160500.0,155500.0,1225380587.7336311
lithium_carbonate,CEEMDAN-ARIMA,Decomposition,2026-02-02,2026-02-03,155500.0,153500.0,1404509199.6435719
lithium_carbonate,CEEMDAN-ARIMA,Decomposition,2026-02-03,2026-02-04,153500.0,153000.0,1579164267.3167386
lithium_carbonate,CEEMDAN-ARIMA,Decomposition,2026-02-04,2026-02-05,153000.0,144000.0,1743093227.220994
lithium_carbonate,CEEMDAN-ARIMA,Decomposition,2026-02-05,2026-02-06,144000.0,134500.0,1889037726.3434677
lithium_carbonate,CEEMDAN-ARIMA,Decomposition,2026-02-06,2026-02-09,134500.0,135500.0,2008739734.5685668
lithium_carbonate,CEEMDAN-ARIMA,Decomposition,2026-02-09,2026-02-10,135500.0,136000.0,2092979294.909161
lithium_carbonate,CEEMDAN-ARIMA,Decomposition,2026-02-10,2026-02-11,136000.0,138000.0,2131649502.2970295
lithium_carbonate,CEEMDAN-ARIMA,Decomposition,2026-02-11,2026-02-12,138000.0,142500.0,2113874362.2575037
lithium_carbonate,CEEMDAN-ARIMA,Decomposition,2026-02-12,2026-02-13,142500.0,143750.0,2028175082.822711
lithium_carbonate,CEEMDAN-ARIMA,Decomposition,2026-02-13,2026-02-24,143750.0,152000.0,1862690065.6842997
lithium_carbonate,CEEMDAN-ARIMA,Decomposition,2026-02-24,2026-02-25,152000.0,161750.0,1605453354.246928
lithium_carbonate,CEEMDAN-ARIMA,Decomposition,2026-02-25,2026-02-26,161750.0,173000.0,1244735535.292267
lithium_carbonate,CEEMDAN-ARIMA,Decomposition,2026-02-26,2026-02-27,173000.0,172000.0,769450046.7060404
lithium_carbonate,CEEMDAN-ARIMA,Decomposition,2026-02-27,2026-03-02,172000.0,172500.0,169626487.52593306
lithium_carbonate,CEEMDAN-ARIMA,Decomposition,2026-03-02,2026-03-03,172500.0,161000.0,-563049166.8257961
lithium_carbonate,CEEMDAN-ARIMA,Decomposition,2026-03-03,2026-03-04,161000.0,154000.0,-1434629592.2623367
lithium_carbonate,CEEMDAN-ARIMA,Decomposition,2026-03-04,2026-03-05,154000.0,156000.0,-2448240957.3516817
lithium_carbonate,CEEMDAN-ARIMA,Decomposition,2026-03-05,2026-03-06,156000.0,155250.0,-3603364948.4865274
lithium_carbonate,CEEMDAN-ARIMA,Decomposition,2026-03-06,2026-03-09,155250.0,154750.0,-4895078521.188676
lithium_carbonate,CEEMDAN-ARIMA,Decomposition,2026-03-09,2026-03-10,154750.0,158500.0,-6313265447.330606
lithium_carbonate,CEEMDAN-ARIMA,Decomposition,2026-03-10,2026-03-11,158500.0,159000.0,-7841817579.660491
lithium_carbonate,CEEMDAN-ARIMA,Decomposition,2026-03-11,2026-03-12,159000.0,158000.0,-9457847882.851889
lithium_carbonate,CEEMDAN-LSTM,Decomposition,2025-08-14,2025-08-15,82000.0,82700.0,110275.1328125
lithium_carbonate,CEEMDAN-LSTM,Decomposition,2025-08-15,2025-08-18,82700.0,84600.0,99770.296875
lithium_carbonate,CEEMDAN-LSTM,Decomposition,2025-08-18,2025-08-19,84600.0,85700.0,91373.9921875
lithium_carbonate,CEEMDAN-LSTM,Decomposition,2025-08-19,2025-08-20,85700.0,85700.0,85064.359375
lithium_carbonate,CEEMDAN-LSTM,Decomposition,2025-08-20,2025-08-21,85700.0,85200.0,80781.9140625
lithium_carbonate,CEEMDAN-LSTM,Decomposition,2025-08-21,2025-08-22,85200.0,83900.0,78054.078125
lithium_carbonate,CEEMDAN-LSTM,Decomposition,2025-08-22,2025-08-25,83900.0,82500.0,76304.515625
lithium_carbonate,CEEMDAN-LSTM,Decomposition,2025-08-25,2025-08-26,82500.0,81700.0,75105.09375
lithium_carbonate,CEEMDAN-LSTM,Decomposition,2025-08-26,2025-08-27,81700.0,81600.0,74250.8984375
lithium_carbonate,CEEMDAN-LSTM,Decomposition,2025-08-27,2025-08-28,81600.0,80000.0,73648.15625
lithium_carbonate,CEEMDAN-LSTM,Decomposition,2025-08-28,2025-08-29,80000.0,79650.0,73189.3203125
lithium_carbonate,CEEMDAN-LSTM,Decomposition,2025-08-29,2025-09-01,79650.0,78350.0,72753.5859375
lithium_carbonate,CEEMDAN-LSTM,Decomposition,2025-09-01,2025-09-02,78350.0,77500.0,72287.4375
lithium_carbonate,CEEMDAN-LSTM,Decomposition,2025-09-02,2025-09-03,77500.0,75900.0,71833.59375
lithium_carbonate,CEEMDAN-LSTM,Decomposition,2025-09-03,2025-09-04,75900.0,75000.0,71461.59375
lithium_carbonate,CEEMDAN-LSTM,Decomposition,2025-09-04,2025-09-05,75000.0,74750.0,71187.0625
lithium_carbonate,CEEMDAN-LSTM,Decomposition,2025-09-05,2025-09-08,74750.0,74600.0,70972.7578125
lithium_carbonate,CEEMDAN-LSTM,Decomposition,2025-09-08,2025-09-09,74600.0,74600.0,70790.5703125
lithium_carbonate,CEEMDAN-LSTM,Decomposition,2025-09-09,2025-09-10,74600.0,73450.0,70652.6953125
lithium_carbonate,CEEMDAN-LSTM,Decomposition,2025-09-10,2025-09-11,73450.0,72850.0,70576.8515625
lithium_carbonate,CEEMDAN-LSTM,Decomposition,2025-09-11,2025-09-12,72850.0,72450.0,70544.9375
lithium_carbonate,CEEMDAN-LSTM,Decomposition,2025-09-12,2025-09-15,72450.0,72450.0,70516.6171875
lithium_carbonate,CEEMDAN-LSTM,Decomposition,2025-09-15,2025-09-16,72450.0,72850.0,70474.6796875
lithium_carbonate,CEEMDAN-LSTM,Decomposition,2025-09-16,2025-09-17,72850.0,73150.0,70436.9921875
lithium_carbonate,CEEMDAN-LSTM,Decomposition,2025-09-17,2025-09-18,73150.0,73450.0,70421.7734375
lithium_carbonate,CEEMDAN-LSTM,Decomposition,2025-09-18,2025-09-19,73450.0,73500.0,70419.7578125
lithium_carbonate,CEEMDAN-LSTM,Decomposition,2025-09-19,2025-09-22,73500.0,73850.0,70409.9921875
lithium_carbonate,CEEMDAN-LSTM,Decomposition,2025-09-22,2025-09-23,73850.0,73850.0,70391.265625
lithium_carbonate,CEEMDAN-LSTM,Decomposition,2025-09-23,2025-09-24,73850.0,73850.0,70381.9609375
lithium_carbonate,CEEMDAN-LSTM,Decomposition,2025-09-24,2025-09-25,73850.0,73750.0,70391.0546875
lithium_carbonate,CEEMDAN-LSTM,Decomposition,2025-09-25,2025-09-26,73750.0,73600.0,70405.234375
lithium_carbonate,CEEMDAN-LSTM,Decomposition,2025-09-26,2025-09-29,73600.0,73550.0,70408.7265625
lithium_carbonate,CEEMDAN-LSTM,Decomposition,2025-09-29,2025-09-30,73550.0,73550.0,70404.8359375
lithium_carbonate,CEEMDAN-LSTM,Decomposition,2025-09-30,2025-10-09,73550.0,73550.0,70407.9921875
lithium_carbonate,CEEMDAN-LSTM,Decomposition,2025-10-09,2025-10-10,73550.0,73550.0,70421.0625
lithium_carbonate,CEEMDAN-LSTM,Decomposition,2025-10-10,2025-10-13,73550.0,73100.0,70431.78125
lithium_carbonate,CEEMDAN-LSTM,Decomposition,2025-10-13,2025-10-14,73100.0,73000.0,70431.8828125
lithium_carbonate,CEEMDAN-LSTM,Decomposition,2025-10-14,2025-10-15,73000.0,73000.0,70428.6171875
lithium_carbonate,CEEMDAN-LSTM,Decomposition,2025-10-15,2025-10-16,73000.0,73000.0,70433.03125
lithium_carbonate,CEEMDAN-LSTM,Decomposition,2025-10-16,2025-10-17,73000.0,73350.0,70443.609375
lithium_carbonate,CEEMDAN-LSTM,Decomposition,2025-10-17,2025-10-20,73350.0,74000.0,70449.8671875
lithium_carbonate,CEEMDAN-LSTM,Decomposition,2025-10-20,2025-10-21,74000.0,74100.0,70448.2578125
lithium_carbonate,CEEMDAN-LSTM,Decomposition,2025-10-21,2025-10-22,74100.0,74350.0,70446.71875
lithium_carbonate,CEEMDAN-LSTM,Decomposition,2025-10-22,2025-10-23,74350.0,74800.0,70451.953125
lithium_carbonate,CEEMDAN-LSTM,Decomposition,2025-10-23,2025-10-24,74800.0,75400.0,70459.875
lithium_carbonate,CEEMDAN-LSTM,Decomposition,2025-10-24,2025-10-27,75400.0,76550.0,70462.4765625
lithium_carbonate,CEEMDAN-LSTM,Decomposition,2025-10-27,2025-10-28,76550.0,78500.0,70459.8125
lithium_carbonate,CEEMDAN-LSTM,Decomposition,2025-10-28,2025-10-29,78500.0,79150.0,70459.21875
lithium_carbonate,CEEMDAN-LSTM,Decomposition,2025-10-29,2025-10-30,79150.0,80000.0,70464.0078125
lithium_carbonate,CEEMDAN-LSTM,Decomposition,2025-10-30,2025-10-31,80000.0,80550.0,70469.1015625
lithium_carbonate,CEEMDAN-LSTM,Decomposition,2025-10-31,2025-11-03,80550.0,81000.0,70469.2265625
lithium_carbonate,CEEMDAN-LSTM,Decomposition,2025-11-03,2025-11-04,81000.0,80900.0,70466.59375
lithium_carbonate,CEEMDAN-LSTM,Decomposition,2025-11-04,2025-11-05,80900.0,80500.0,70467.0234375
lithium_carbonate,CEEMDAN-LSTM,Decomposition,2025-11-05,2025-11-06,80500.0,80400.0,70471.1875
lithium_carbonate,CEEMDAN-LSTM,Decomposition,2025-11-06,2025-11-07,80400.0,80400.0,70474.1171875
lithium_carbonate,CEEMDAN-LSTM,Decomposition,2025-11-07,2025-11-10,80400.0,80750.0,70472.96875
lithium_carbonate,CEEMDAN-LSTM,Decomposition,2025-11-10,2025-11-11,80750.0,82300.0,70470.9375
lithium_carbonate,CEEMDAN-LSTM,Decomposition,2025-11-11,2025-11-12,82300.0,83300.0,70472.0859375
lithium_carbonate,CEEMDAN-LSTM,Decomposition,2025-11-12,2025-11-13,83300.0,84350.0,70475.3671875
lithium_carbonate,CEEMDAN-LSTM,Decomposition,2025-11-13,2025-11-14,84350.0,85150.0,70476.65625
lithium_carbonate,CEEMDAN-LSTM,Decomposition,2025-11-14,2025-11-17,85150.0,86150.0,70475.015625
lithium_carbonate,CEEMDAN-LSTM,Decomposition,2025-11-17,2025-11-18,86150.0,87400.0,70473.765625
lithium_carbonate,CEEMDAN-LSTM,Decomposition,2025-11-18,2025-11-19,87400.0,88900.0,70475.2890625
lithium_carbonate,CEEMDAN-LSTM,Decomposition,2025-11-19,2025-11-20,88900.0,91300.0,70477.671875
lithium_carbonate,CEEMDAN-LSTM,Decomposition,2025-11-20,2025-11-21,91300.0,92300.0,70477.875
lithium_carbonate,CEEMDAN-LSTM,Decomposition,2025-11-21,2025-11-24,92300.0,92150.0,70476.2578125
lithium_carbonate,CEEMDAN-LSTM,Decomposition,2025-11-24,2025-11-25,92150.0,92050.0,70475.7421875
lithium_carbonate,CEEMDAN-LSTM,Decomposition,2025-11-25,2025-11-26,92050.0,92800.0,70477.3515625
lithium_carbonate,CEEMDAN-LSTM,Decomposition,2025-11-26,2025-11-27,92800.0,93300.0,70478.875
lithium_carbonate,CEEMDAN-LSTM,Decomposition,2025-11-27,2025-11-28,93300.0,93750.0,70478.4140625
lithium_carbonate,CEEMDAN-LSTM,Decomposition,2025-11-28,2025-12-01,93750.0,94350.0,70477.09375
lithium_carbonate,CEEMDAN-LSTM,Decomposition,2025-12-01,2025-12-02,94350.0,94400.0,70477.140625
lithium_carbonate,CEEMDAN-LSTM,Decomposition,2025-12-02,2025-12-03,94400.0,94350.0,70478.5859375
lithium_carbonate,CEEMDAN-LSTM,Decomposition,2025-12-03,2025-12-04,94350.0,94000.0,70479.3984375
lithium_carbonate,CEEMDAN-LSTM,Decomposition,2025-12-04,2025-12-05,94000.0,93250.0,70478.640625
lithium_carbonate,CEEMDAN-LSTM,Decomposition,2025-12-05,2025-12-08,93250.0,92750.0,70477.734375
lithium_carbonate,CEEMDAN-LSTM,Decomposition,2025-12-08,2025-12-09,92750.0,92750.0,70478.15625
lithium_carbonate,CEEMDAN-LSTM,Decomposition,2025-12-09,2025-12-10,92750.0,92700.0,70479.3125
lithium_carbonate,CEEMDAN-LSTM,Decomposition,2025-12-10,2025-12-11,92700.0,93500.0,70479.5859375
lithium_carbonate,CEEMDAN-LSTM,Decomposition,2025-12-11,2025-12-12,93500.0,94500.0,70478.7734375
lithium_carbonate,CEEMDAN-LSTM,Decomposition,2025-12-12,2025-12-15,94500.0,95150.0,70478.2578125
lithium_carbonate,CEEMDAN-LSTM,Decomposition,2025-12-15,2025-12-16,95150.0,95850.0,70478.8515625
lithium_carbonate,CEEMDAN-LSTM,Decomposition,2025-12-16,2025-12-17,95850.0,97050.0,70479.671875
lithium_carbonate,CEEMDAN-LSTM,Decomposition,2025-12-17,2025-12-18,97050.0,97550.0,70479.5859375
lithium_carbonate,CEEMDAN-LSTM,Decomposition,2025-12-18,2025-12-19,97550.0,97650.0,70478.8671875
lithium_carbonate,CEEMDAN-LSTM,Decomposition,2025-12-19,2025-12-22,97650.0,99000.0,70478.6875
lithium_carbonate,CEEMDAN-LSTM,Decomposition,2025-12-22,2025-12-23,99000.0,99500.0,70479.3046875
lithium_carbonate,CEEMDAN-LSTM,Decomposition,2025-12-23,2025-12-24,99500.0,101500.0,70479.8125
lithium_carbonate,CEEMDAN-LSTM,Decomposition,2025-12-24,2025-12-25,101500.0,104900.0,70479.5234375
lithium_carbonate,CEEMDAN-LSTM,Decomposition,2025-12-25,2025-12-26,104900.0,111900.0,70478.9765625
lithium_carbonate,CEEMDAN-LSTM,Decomposition,2025-12-26,2025-12-29,111900.0,118000.0,70479.03125
lithium_carbonate,CEEMDAN-LSTM,Decomposition,2025-12-29,2025-12-30,118000.0,118000.0,70479.5859375
lithium_carbonate,CEEMDAN-LSTM,Decomposition,2025-12-30,2025-12-31,118000.0,118500.0,70479.828125
lithium_carbonate,CEEMDAN-LSTM,Decomposition,2025-12-31,2026-01-05,118500.0,119500.0,70479.4609375
lithium_carbonate,CEEMDAN-LSTM,Decomposition,2026-01-05,2026-01-06,119500.0,127500.0,70479.1015625
lithium_carbonate,CEEMDAN-LSTM,Decomposition,2026-01-06,2026-01-07,127500.0,133500.0,70479.296875
lithium_carbonate,CEEMDAN-LSTM,Decomposition,2026-01-07,2026-01-08,133500.0,138500.0,70479.7265625
lithium_carbonate,CEEMDAN-LSTM,Decomposition,2026-01-08,2026-01-09,138500.0,140000.0,70479.7734375
lithium_carbonate,CEEMDAN-LSTM,Decomposition,2026-01-09,2026-01-12,140000.0,152000.0,70479.4140625
lithium_carbonate,CEEMDAN-LSTM,Decomposition,2026-01-12,2026-01-13,152000.0,159500.0,70479.234375
lithium_carbonate,CEEMDAN-LSTM,Decomposition,2026-01-13,2026-01-14,159500.0,163000.0,70479.484375
lithium_carbonate,CEEMDAN-LSTM,Decomposition,2026-01-14,2026-01-15,163000.0,159000.0,70479.78125
lithium_carbonate,CEEMDAN-LSTM,Decomposition,2026-01-15,2026-01-16,159000.0,158000.0,70479.6953125
lithium_carbonate,CEEMDAN-LSTM,Decomposition,2026-01-16,2026-01-19,158000.0,151000.0,70479.40625
lithium_carbonate,CEEMDAN-LSTM,Decomposition,2026-01-19,2026-01-20,151000.0,152500.0,70479.3515625
lithium_carbonate,CEEMDAN-LSTM,Decomposition,2026-01-20,2026-01-21,152500.0,158500.0,70479.609375
lithium_carbonate,CEEMDAN-LSTM,Decomposition,2026-01-21,2026-01-22,158500.0,164500.0,70479.7734375
lithium_carbonate,CEEMDAN-LSTM,Decomposition,2026-01-22,2026-01-23,164500.0,171000.0,70479.6328125
lithium_carbonate,CEEMDAN-LSTM,Decomposition,2026-01-23,2026-01-26,171000.0,181500.0,70479.421875
lithium_carbonate,CEEMDAN-LSTM,Decomposition,2026-01-26,2026-01-27,181500.0,172500.0,70479.4609375
lithium_carbonate,CEEMDAN-LSTM,Decomposition,2026-01-27,2026-01-28,172500.0,172000.0,70479.6796875
lithium_carbonate,CEEMDAN-LSTM,Decomposition,2026-01-28,2026-01-29,172000.0,168000.0,70479.75
lithium_carbonate,CEEMDAN-LSTM,Decomposition,2026-01-29,2026-01-30,168000.0,160500.0,70479.5859375
lithium_carbonate,CEEMDAN-LSTM,Decomposition,2026-01-30,2026-02-02,160500.0,155500.0,70479.4609375
lithium_carbonate,CEEMDAN-LSTM,Decomposition,2026-02-02,2026-02-03,155500.0,153500.0,70479.546875
lithium_carbonate,CEEMDAN-LSTM,Decomposition,2026-02-03,2026-02-04,153500.0,153000.0,70479.7109375
lithium_carbonate,CEEMDAN-LSTM,Decomposition,2026-02-04,2026-02-05,153000.0,144000.0,70479.703125
lithium_carbonate,CEEMDAN-LSTM,Decomposition,2026-02-05,2026-02-06,144000.0,134500.0,70479.5546875
lithium_carbonate,CEEMDAN-LSTM,Decomposition,2026-02-06,2026-02-09,134500.0,135500.0,70479.4921875
lithium_carbonate,CEEMDAN-LSTM,Decomposition,2026-02-09,2026-02-10,135500.0,136000.0,70479.6015625
lithium_carbonate,CEEMDAN-LSTM,Decomposition,2026-02-10,2026-02-11,136000.0,138000.0,70479.703125
lithium_carbonate,CEEMDAN-LSTM,Decomposition,2026-02-11,2026-02-12,138000.0,142500.0,70479.6640625
lithium_carbonate,CEEMDAN-LSTM,Decomposition,2026-02-12,2026-02-13,142500.0,143750.0,70479.546875
lithium_carbonate,CEEMDAN-LSTM,Decomposition,2026-02-13,2026-02-24,143750.0,152000.0,70479.5390625
lithium_carbonate,CEEMDAN-LSTM,Decomposition,2026-02-24,2026-02-25,152000.0,161750.0,70479.640625
lithium_carbonate,CEEMDAN-LSTM,Decomposition,2026-02-25,2026-02-26,161750.0,173000.0,70479.6953125
lithium_carbonate,CEEMDAN-LSTM,Decomposition,2026-02-26,2026-02-27,173000.0,172000.0,70479.6328125
lithium_carbonate,CEEMDAN-LSTM,Decomposition,2026-02-27,2026-03-02,172000.0,172500.0,70479.5546875
lithium_carbonate,CEEMDAN-LSTM,Decomposition,2026-03-02,2026-03-03,172500.0,161000.0,70479.5703125
lithium_carbonate,CEEMDAN-LSTM,Decomposition,2026-03-03,2026-03-04,161000.0,154000.0,70479.65625
lithium_carbonate,CEEMDAN-LSTM,Decomposition,2026-03-04,2026-03-05,154000.0,156000.0,70479.671875
lithium_carbonate,CEEMDAN-LSTM,Decomposition,2026-03-05,2026-03-06,156000.0,155250.0,70479.609375
lithium_carbonate,CEEMDAN-LSTM,Decomposition,2026-03-06,2026-03-09,155250.0,154750.0,70479.5625
lithium_carbonate,CEEMDAN-LSTM,Decomposition,2026-03-09,2026-03-10,154750.0,158500.0,70479.6015625
lithium_carbonate,CEEMDAN-LSTM,Decomposition,2026-03-10,2026-03-11,158500.0,159000.0,70479.6640625
lithium_carbonate,CEEMDAN-LSTM,Decomposition,2026-03-11,2026-03-12,159000.0,158000.0,70479.65625
lithium_carbonate,Fixed VMD-LASSO-ARIMA/LSTM,Decomposition,2025-08-14,2025-08-15,82000.0,82700.0,66653.35334848745
lithium_carbonate,Fixed VMD-LASSO-ARIMA/LSTM,Decomposition,2025-08-15,2025-08-18,82700.0,84600.0,65952.21545648263
lithium_carbonate,Fixed VMD-LASSO-ARIMA/LSTM,Decomposition,2025-08-18,2025-08-19,84600.0,85700.0,65537.94277728409
lithium_carbonate,Fixed VMD-LASSO-ARIMA/LSTM,Decomposition,2025-08-19,2025-08-20,85700.0,85700.0,66015.67478422615
lithium_carbonate,Fixed VMD-LASSO-ARIMA/LSTM,Decomposition,2025-08-20,2025-08-21,85700.0,85200.0,66433.6796897731
lithium_carbonate,Fixed VMD-LASSO-ARIMA/LSTM,Decomposition,2025-08-21,2025-08-22,85200.0,83900.0,66999.28061202326
lithium_carbonate,Fixed VMD-LASSO-ARIMA/LSTM,Decomposition,2025-08-22,2025-08-25,83900.0,82500.0,66899.09867794577
lithium_carbonate,Fixed VMD-LASSO-ARIMA/LSTM,Decomposition,2025-08-25,2025-08-26,82500.0,81700.0,66948.91606659157
lithium_carbonate,Fixed VMD-LASSO-ARIMA/LSTM,Decomposition,2025-08-26,2025-08-27,81700.0,81600.0,66931.86153204904
lithium_carbonate,Fixed VMD-LASSO-ARIMA/LSTM,Decomposition,2025-08-27,2025-08-28,81600.0,80000.0,67052.67804109336
lithium_carbonate,Fixed VMD-LASSO-ARIMA/LSTM,Decomposition,2025-08-28,2025-08-29,80000.0,79650.0,67065.81923815688
lithium_carbonate,Fixed VMD-LASSO-ARIMA/LSTM,Decomposition,2025-08-29,2025-09-01,79650.0,78350.0,67357.89125726394
lithium_carbonate,Fixed VMD-LASSO-ARIMA/LSTM,Decomposition,2025-09-01,2025-09-02,78350.0,77500.0,67975.61899784715
lithium_carbonate,Fixed VMD-LASSO-ARIMA/LSTM,Decomposition,2025-09-02,2025-09-03,77500.0,75900.0,67976.21777866346
lithium_carbonate,Fixed VMD-LASSO-ARIMA/LSTM,Decomposition,2025-09-03,2025-09-04,75900.0,75000.0,67909.46452829613
lithium_carbonate,Fixed VMD-LASSO-ARIMA/LSTM,Decomposition,2025-09-04,2025-09-05,75000.0,74750.0,67951.02089073912
lithium_carbonate,Fixed VMD-LASSO-ARIMA/LSTM,Decomposition,2025-09-05,2025-09-08,74750.0,74600.0,68110.95901128526
lithium_carbonate,Fixed VMD-LASSO-ARIMA/LSTM,Decomposition,2025-09-08,2025-09-09,74600.0,74600.0,68190.41381179537
lithium_carbonate,Fixed VMD-LASSO-ARIMA/LSTM,Decomposition,2025-09-09,2025-09-10,74600.0,73450.0,68391.05955401187
lithium_carbonate,Fixed VMD-LASSO-ARIMA/LSTM,Decomposition,2025-09-10,2025-09-11,73450.0,72850.0,68799.20510407542
lithium_carbonate,Fixed VMD-LASSO-ARIMA/LSTM,Decomposition,2025-09-11,2025-09-12,72850.0,72450.0,69039.38126306765
lithium_carbonate,Fixed VMD-LASSO-ARIMA/LSTM,Decomposition,2025-09-12,2025-09-15,72450.0,72450.0,69212.42033107375
lithium_carbonate,Fixed VMD-LASSO-ARIMA/LSTM,Decomposition,2025-09-15,2025-09-16,72450.0,72850.0,69536.32293035502
lithium_carbonate,Fixed VMD-LASSO-ARIMA/LSTM,Decomposition,2025-09-16,2025-09-17,72850.0,73150.0,69638.4277944755
lithium_carbonate,Fixed VMD-LASSO-ARIMA/LSTM,Decomposition,2025-09-17,2025-09-18,73150.0,73450.0,69746.96972646889
lithium_carbonate,Fixed VMD-LASSO-ARIMA/LSTM,Decomposition,2025-09-18,2025-09-19,73450.0,73500.0,69955.43864267564
lithium_carbonate,Fixed VMD-LASSO-ARIMA/LSTM,Decomposition,2025-09-19,2025-09-22,73500.0,73850.0,70149.13422056458
lithium_carbonate,Fixed VMD-LASSO-ARIMA/LSTM,Decomposition,2025-09-22,2025-09-23,73850.0,73850.0,70224.7673948205
lithium_carbonate,Fixed VMD-LASSO-ARIMA/LSTM,Decomposition,2025-09-23,2025-09-24,73850.0,73850.0,70153.95711451741
lithium_carbonate,Fixed VMD-LASSO-ARIMA/LSTM,Decomposition,2025-09-24,2025-09-25,73850.0,73750.0,69781.08067972536
lithium_carbonate,Fixed VMD-LASSO-ARIMA/LSTM,Decomposition,2025-09-25,2025-09-26,73750.0,73600.0,70077.37011142557
lithium_carbonate,Fixed VMD-LASSO-ARIMA/LSTM,Decomposition,2025-09-26,2025-09-29,73600.0,73550.0,70306.64466277952
lithium_carbonate,Fixed VMD-LASSO-ARIMA/LSTM,Decomposition,2025-09-29,2025-09-30,73550.0,73550.0,70452.80386916363
lithium_carbonate,Fixed VMD-LASSO-ARIMA/LSTM,Decomposition,2025-09-30,2025-10-09,73550.0,73550.0,70699.96905165627
lithium_carbonate,Fixed VMD-LASSO-ARIMA/LSTM,Decomposition,2025-10-09,2025-10-10,73550.0,73550.0,70886.63374248435
lithium_carbonate,Fixed VMD-LASSO-ARIMA/LSTM,Decomposition,2025-10-10,2025-10-13,73550.0,73100.0,71384.76849679036
lithium_carbonate,Fixed VMD-LASSO-ARIMA/LSTM,Decomposition,2025-10-13,2025-10-14,73100.0,73000.0,71492.80749358745
lithium_carbonate,Fixed VMD-LASSO-ARIMA/LSTM,Decomposition,2025-10-14,2025-10-15,73000.0,73000.0,71524.83461698955
lithium_carbonate,Fixed VMD-LASSO-ARIMA/LSTM,Decomposition,2025-10-15,2025-10-16,73000.0,73000.0,71709.46901994666
lithium_carbonate,Fixed VMD-LASSO-ARIMA/LSTM,Decomposition,2025-10-16,2025-10-17,73000.0,73350.0,72063.13292267163
lithium_carbonate,Fixed VMD-LASSO-ARIMA/LSTM,Decomposition,2025-10-17,2025-10-20,73350.0,74000.0,72112.40725412003
lithium_carbonate,Fixed VMD-LASSO-ARIMA/LSTM,Decomposition,2025-10-20,2025-10-21,74000.0,74100.0,72223.894142516
lithium_carbonate,Fixed VMD-LASSO-ARIMA/LSTM,Decomposition,2025-10-21,2025-10-22,74100.0,74350.0,72521.53477852751
lithium_carbonate,Fixed VMD-LASSO-ARIMA/LSTM,Decomposition,2025-10-22,2025-10-23,74350.0,74800.0,72633.53926425288
lithium_carbonate,Fixed VMD-LASSO-ARIMA/LSTM,Decomposition,2025-10-23,2025-10-24,74800.0,75400.0,72734.42841980058
lithium_carbonate,Fixed VMD-LASSO-ARIMA/LSTM,Decomposition,2025-10-24,2025-10-27,75400.0,76550.0,72962.04596346764
lithium_carbonate,Fixed VMD-LASSO-ARIMA/LSTM,Decomposition,2025-10-27,2025-10-28,76550.0,78500.0,73210.61942546045
lithium_carbonate,Fixed VMD-LASSO-ARIMA/LSTM,Decomposition,2025-10-28,2025-10-29,78500.0,79150.0,73407.2965245928
lithium_carbonate,Fixed VMD-LASSO-ARIMA/LSTM,Decomposition,2025-10-29,2025-10-30,79150.0,80000.0,73653.55528737536
lithium_carbonate,Fixed VMD-LASSO-ARIMA/LSTM,Decomposition,2025-10-30,2025-10-31,80000.0,80550.0,73862.8495296873
lithium_carbonate,Fixed VMD-LASSO-ARIMA/LSTM,Decomposition,2025-10-31,2025-11-03,80550.0,81000.0,73990.63360948088
lithium_carbonate,Fixed VMD-LASSO-ARIMA/LSTM,Decomposition,2025-11-03,2025-11-04,81000.0,80900.0,74046.22863107684
lithium_carbonate,Fixed VMD-LASSO-ARIMA/LSTM,Decomposition,2025-11-04,2025-11-05,80900.0,80500.0,74201.35719364397
lithium_carbonate,Fixed VMD-LASSO-ARIMA/LSTM,Decomposition,2025-11-05,2025-11-06,80500.0,80400.0,74351.03158747632
lithium_carbonate,Fixed VMD-LASSO-ARIMA/LSTM,Decomposition,2025-11-06,2025-11-07,80400.0,80400.0,74555.83824971072
lithium_carbonate,Fixed VMD-LASSO-ARIMA/LSTM,Decomposition,2025-11-07,2025-11-10,80400.0,80750.0,74680.94952641033
lithium_carbonate,Fixed VMD-LASSO-ARIMA/LSTM,Decomposition,2025-11-10,2025-11-11,80750.0,82300.0,74724.1753179967
lithium_carbonate,Fixed VMD-LASSO-ARIMA/LSTM,Decomposition,2025-11-11,2025-11-12,82300.0,83300.0,74943.10464993774
lithium_carbonate,Fixed VMD-LASSO-ARIMA/LSTM,Decomposition,2025-11-12,2025-11-13,83300.0,84350.0,75089.84667622665
lithium_carbonate,Fixed VMD-LASSO-ARIMA/LSTM,Decomposition,2025-11-13,2025-11-14,84350.0,85150.0,75241.09489969385
lithium_carbonate,Fixed VMD-LASSO-ARIMA/LSTM,Decomposition,2025-11-14,2025-11-17,85150.0,86150.0,75554.19185087709
lithium_carbonate,Fixed VMD-LASSO-ARIMA/LSTM,Decomposition,2025-11-17,2025-11-18,86150.0,87400.0,75425.22017941937
lithium_carbonate,Fixed VMD-LASSO-ARIMA/LSTM,Decomposition,2025-11-18,2025-11-19,87400.0,88900.0,75795.7766248432
lithium_carbonate,Fixed VMD-LASSO-ARIMA/LSTM,Decomposition,2025-11-19,2025-11-20,88900.0,91300.0,75796.28351158193
lithium_carbonate,Fixed VMD-LASSO-ARIMA/LSTM,Decomposition,2025-11-20,2025-11-21,91300.0,92300.0,76104.7126490781
lithium_carbonate,Fixed VMD-LASSO-ARIMA/LSTM,Decomposition,2025-11-21,2025-11-24,92300.0,92150.0,76173.21854747011
lithium_carbonate,Fixed VMD-LASSO-ARIMA/LSTM,Decomposition,2025-11-24,2025-11-25,92150.0,92050.0,76229.33523545058
lithium_carbonate,Fixed VMD-LASSO-ARIMA/LSTM,Decomposition,2025-11-25,2025-11-26,92050.0,92800.0,76321.25986187163
lithium_carbonate,Fixed VMD-LASSO-ARIMA/LSTM,Decomposition,2025-11-26,2025-11-27,92800.0,93300.0,76431.97000422144
lithium_carbonate,Fixed VMD-LASSO-ARIMA/LSTM,Decomposition,2025-11-27,2025-11-28,93300.0,93750.0,76517.68931831008
lithium_carbonate,Fixed VMD-LASSO-ARIMA/LSTM,Decomposition,2025-11-28,2025-12-01,93750.0,94350.0,76665.75874401628
lithium_carbonate,Fixed VMD-LASSO-ARIMA/LSTM,Decomposition,2025-12-01,2025-12-02,94350.0,94400.0,76984.8356332777
lithium_carbonate,Fixed VMD-LASSO-ARIMA/LSTM,Decomposition,2025-12-02,2025-12-03,94400.0,94350.0,77112.52872611016
lithium_carbonate,Fixed VMD-LASSO-ARIMA/LSTM,Decomposition,2025-12-03,2025-12-04,94350.0,94000.0,77011.61433808944
lithium_carbonate,Fixed VMD-LASSO-ARIMA/LSTM,Decomposition,2025-12-04,2025-12-05,94000.0,93250.0,77370.78961733887
lithium_carbonate,Fixed VMD-LASSO-ARIMA/LSTM,Decomposition,2025-12-05,2025-12-08,93250.0,92750.0,77524.71610056158
lithium_carbonate,Fixed VMD-LASSO-ARIMA/LSTM,Decomposition,2025-12-08,2025-12-09,92750.0,92750.0,77498.89714854026
lithium_carbonate,Fixed VMD-LASSO-ARIMA/LSTM,Decomposition,2025-12-09,2025-12-10,92750.0,92700.0,77594.81247529435
lithium_carbonate,Fixed VMD-LASSO-ARIMA/LSTM,Decomposition,2025-12-10,2025-12-11,92700.0,93500.0,77662.72182103277
lithium_carbonate,Fixed VMD-LASSO-ARIMA/LSTM,Decomposition,2025-12-11,2025-12-12,93500.0,94500.0,77651.54550804019
lithium_carbonate,Fixed VMD-LASSO-ARIMA/LSTM,Decomposition,2025-12-12,2025-12-15,94500.0,95150.0,77863.21532635095
lithium_carbonate,Fixed VMD-LASSO-ARIMA/LSTM,Decomposition,2025-12-15,2025-12-16,95150.0,95850.0,78219.87178225811
lithium_carbonate,Fixed VMD-LASSO-ARIMA/LSTM,Decomposition,2025-12-16,2025-12-17,95850.0,97050.0,78350.3945415099
lithium_carbonate,Fixed VMD-LASSO-ARIMA/LSTM,Decomposition,2025-12-17,2025-12-18,97050.0,97550.0,78518.29496081447
lithium_carbonate,Fixed VMD-LASSO-ARIMA/LSTM,Decomposition,2025-12-18,2025-12-19,97550.0,97650.0,79033.80598244198
lithium_carbonate,Fixed VMD-LASSO-ARIMA/LSTM,Decomposition,2025-12-19,2025-12-22,97650.0,99000.0,79042.048807653
lithium_carbonate,Fixed VMD-LASSO-ARIMA/LSTM,Decomposition,2025-12-22,2025-12-23,99000.0,99500.0,79078.49038263368
lithium_carbonate,Fixed VMD-LASSO-ARIMA/LSTM,Decomposition,2025-12-23,2025-12-24,99500.0,101500.0,79280.28372423876
lithium_carbonate,Fixed VMD-LASSO-ARIMA/LSTM,Decomposition,2025-12-24,2025-12-25,101500.0,104900.0,79568.74255647771
lithium_carbonate,Fixed VMD-LASSO-ARIMA/LSTM,Decomposition,2025-12-25,2025-12-26,104900.0,111900.0,79615.09051417685
lithium_carbonate,Fixed VMD-LASSO-ARIMA/LSTM,Decomposition,2025-12-26,2025-12-29,111900.0,118000.0,79715.51823485362
lithium_carbonate,Fixed VMD-LASSO-ARIMA/LSTM,Decomposition,2025-12-29,2025-12-30,118000.0,118000.0,80188.18465278076
lithium_carbonate,Fixed VMD-LASSO-ARIMA/LSTM,Decomposition,2025-12-30,2025-12-31,118000.0,118500.0,80258.00423528426
lithium_carbonate,Fixed VMD-LASSO-ARIMA/LSTM,Decomposition,2025-12-31,2026-01-05,118500.0,119500.0,80434.48463498497
lithium_carbonate,Fixed VMD-LASSO-ARIMA/LSTM,Decomposition,2026-01-05,2026-01-06,119500.0,127500.0,80737.70664188974
lithium_carbonate,Fixed VMD-LASSO-ARIMA/LSTM,Decomposition,2026-01-06,2026-01-07,127500.0,133500.0,80744.77717051882
lithium_carbonate,Fixed VMD-LASSO-ARIMA/LSTM,Decomposition,2026-01-07,2026-01-08,133500.0,138500.0,81002.1543039636
lithium_carbonate,Fixed VMD-LASSO-ARIMA/LSTM,Decomposition,2026-01-08,2026-01-09,138500.0,140000.0,81203.95141987389
lithium_carbonate,Fixed VMD-LASSO-ARIMA/LSTM,Decomposition,2026-01-09,2026-01-12,140000.0,152000.0,81158.00359294518
lithium_carbonate,Fixed VMD-LASSO-ARIMA/LSTM,Decomposition,2026-01-12,2026-01-13,152000.0,159500.0,81270.56220931343
lithium_carbonate,Fixed VMD-LASSO-ARIMA/LSTM,Decomposition,2026-01-13,2026-01-14,159500.0,163000.0,81426.37635358244
lithium_carbonate,Fixed VMD-LASSO-ARIMA/LSTM,Decomposition,2026-01-14,2026-01-15,163000.0,159000.0,81827.80848281363
lithium_carbonate,Fixed VMD-LASSO-ARIMA/LSTM,Decomposition,2026-01-15,2026-01-16,159000.0,158000.0,82004.07956224632
lithium_carbonate,Fixed VMD-LASSO-ARIMA/LSTM,Decomposition,2026-01-16,2026-01-19,158000.0,151000.0,82011.24975060047
lithium_carbonate,Fixed VMD-LASSO-ARIMA/LSTM,Decomposition,2026-01-19,2026-01-20,151000.0,152500.0,81808.18464291845
lithium_carbonate,Fixed VMD-LASSO-ARIMA/LSTM,Decomposition,2026-01-20,2026-01-21,152500.0,158500.0,82100.88304541066
lithium_carbonate,Fixed VMD-LASSO-ARIMA/LSTM,Decomposition,2026-01-21,2026-01-22,158500.0,164500.0,82123.78200023809
lithium_carbonate,Fixed VMD-LASSO-ARIMA/LSTM,Decomposition,2026-01-22,2026-01-23,164500.0,171000.0,82128.22070314398
lithium_carbonate,Fixed VMD-LASSO-ARIMA/LSTM,Decomposition,2026-01-23,2026-01-26,171000.0,181500.0,82197.64290884619
lithium_carbonate,Fixed VMD-LASSO-ARIMA/LSTM,Decomposition,2026-01-26,2026-01-27,181500.0,172500.0,82689.81576305322
lithium_carbonate,Fixed VMD-LASSO-ARIMA/LSTM,Decomposition,2026-01-27,2026-01-28,172500.0,172000.0,82648.221278022
lithium_carbonate,Fixed VMD-LASSO-ARIMA/LSTM,Decomposition,2026-01-28,2026-01-29,172000.0,168000.0,82661.82134169033
lithium_carbonate,Fixed VMD-LASSO-ARIMA/LSTM,Decomposition,2026-01-29,2026-01-30,168000.0,160500.0,82672.30788229099
lithium_carbonate,Fixed VMD-LASSO-ARIMA/LSTM,Decomposition,2026-01-30,2026-02-02,160500.0,155500.0,82806.65041792813
lithium_carbonate,Fixed VMD-LASSO-ARIMA/LSTM,Decomposition,2026-02-02,2026-02-03,155500.0,153500.0,82555.38272539657
lithium_carbonate,Fixed VMD-LASSO-ARIMA/LSTM,Decomposition,2026-02-03,2026-02-04,153500.0,153000.0,82858.04650824414
lithium_carbonate,Fixed VMD-LASSO-ARIMA/LSTM,Decomposition,2026-02-04,2026-02-05,153000.0,144000.0,83148.44994559605
lithium_carbonate,Fixed VMD-LASSO-ARIMA/LSTM,Decomposition,2026-02-05,2026-02-06,144000.0,134500.0,83433.37199471837
lithium_carbonate,Fixed VMD-LASSO-ARIMA/LSTM,Decomposition,2026-02-06,2026-02-09,134500.0,135500.0,83558.97743907887
lithium_carbonate,Fixed VMD-LASSO-ARIMA/LSTM,Decomposition,2026-02-09,2026-02-10,135500.0,136000.0,83968.33660245415
lithium_carbonate,Fixed VMD-LASSO-ARIMA/LSTM,Decomposition,2026-02-10,2026-02-11,136000.0,138000.0,84130.25697050554
lithium_carbonate,Fixed VMD-LASSO-ARIMA/LSTM,Decomposition,2026-02-11,2026-02-12,138000.0,142500.0,84037.96001723006
lithium_carbonate,Fixed VMD-LASSO-ARIMA/LSTM,Decomposition,2026-02-12,2026-02-13,142500.0,143750.0,84326.36023330782
lithium_carbonate,Fixed VMD-LASSO-ARIMA/LSTM,Decomposition,2026-02-13,2026-02-24,143750.0,152000.0,84547.20390687625
lithium_carbonate,Fixed VMD-LASSO-ARIMA/LSTM,Decomposition,2026-02-24,2026-02-25,152000.0,161750.0,85304.86212248284
lithium_carbonate,Fixed VMD-LASSO-ARIMA/LSTM,Decomposition,2026-02-25,2026-02-26,161750.0,173000.0,85382.61269193747
lithium_carbonate,Fixed VMD-LASSO-ARIMA/LSTM,Decomposition,2026-02-26,2026-02-27,173000.0,172000.0,85436.64735989981
lithium_carbonate,Fixed VMD-LASSO-ARIMA/LSTM,Decomposition,2026-02-27,2026-03-02,172000.0,172500.0,85649.06741655285
lithium_carbonate,Fixed VMD-LASSO-ARIMA/LSTM,Decomposition,2026-03-02,2026-03-03,172500.0,161000.0,85533.16284167983
lithium_carbonate,Fixed VMD-LASSO-ARIMA/LSTM,Decomposition,2026-03-03,2026-03-04,161000.0,154000.0,85568.12616296299
lithium_carbonate,Fixed VMD-LASSO-ARIMA/LSTM,Decomposition,2026-03-04,2026-03-05,154000.0,156000.0,85801.49521693039
lithium_carbonate,Fixed VMD-LASSO-ARIMA/LSTM,Decomposition,2026-03-05,2026-03-06,156000.0,155250.0,85992.92107287781
lithium_carbonate,Fixed VMD-LASSO-ARIMA/LSTM,Decomposition,2026-03-06,2026-03-09,155250.0,154750.0,86123.78953401315
lithium_carbonate,Fixed VMD-LASSO-ARIMA/LSTM,Decomposition,2026-03-09,2026-03-10,154750.0,158500.0,85756.41458851406
lithium_carbonate,Fixed VMD-LASSO-ARIMA/LSTM,Decomposition,2026-03-10,2026-03-11,158500.0,159000.0,86041.65237642656
lithium_carbonate,Fixed VMD-LASSO-ARIMA/LSTM,Decomposition,2026-03-11,2026-03-12,159000.0,158000.0,86087.05610965996
lithium_carbonate,Proposed Adaptive Decomposition-Routing Ensemble,Decomposition,2025-08-14,2025-08-15,82000.0,82700.0,98004.40064444751
lithium_carbonate,Proposed Adaptive Decomposition-Routing Ensemble,Decomposition,2025-08-15,2025-08-18,82700.0,84600.0,75341.02476396342
lithium_carbonate,Proposed Adaptive Decomposition-Routing Ensemble,Decomposition,2025-08-18,2025-08-19,84600.0,85700.0,84740.36278345232
lithium_carbonate,Proposed Adaptive Decomposition-Routing Ensemble,Decomposition,2025-08-19,2025-08-20,85700.0,85700.0,84561.61387291347
lithium_carbonate,Proposed Adaptive Decomposition-Routing Ensemble,Decomposition,2025-08-20,2025-08-21,85700.0,85200.0,84212.26588852098
lithium_carbonate,Proposed Adaptive Decomposition-Routing Ensemble,Decomposition,2025-08-21,2025-08-22,85200.0,83900.0,82884.37010745329
lithium_carbonate,Proposed Adaptive Decomposition-Routing Ensemble,Decomposition,2025-08-22,2025-08-25,83900.0,82500.0,81631.82499922396
lithium_carbonate,Proposed Adaptive Decomposition-Routing Ensemble,Decomposition,2025-08-25,2025-08-26,82500.0,81700.0,80589.15639313783
lithium_carbonate,Proposed Adaptive Decomposition-Routing Ensemble,Decomposition,2025-08-26,2025-08-27,81700.0,81600.0,80492.40178922497
lithium_carbonate,Proposed Adaptive Decomposition-Routing Ensemble,Decomposition,2025-08-27,2025-08-28,81600.0,80000.0,79466.74608246915
lithium_carbonate,Proposed Adaptive Decomposition-Routing Ensemble,Decomposition,2025-08-28,2025-08-29,80000.0,79650.0,78808.2904944387
lithium_carbonate,Proposed Adaptive Decomposition-Routing Ensemble,Decomposition,2025-08-29,2025-09-01,79650.0,78350.0,78177.83852876558
lithium_carbonate,Proposed Adaptive Decomposition-Routing Ensemble,Decomposition,2025-09-01,2025-09-02,78350.0,77500.0,76784.65045717573
lithium_carbonate,Proposed Adaptive Decomposition-Routing Ensemble,Decomposition,2025-09-02,2025-09-03,77500.0,75900.0,75746.01213777627
lithium_carbonate,Proposed Adaptive Decomposition-Routing Ensemble,Decomposition,2025-09-03,2025-09-04,75900.0,75000.0,75070.78112393523
lithium_carbonate,Proposed Adaptive Decomposition-Routing Ensemble,Decomposition,2025-09-04,2025-09-05,75000.0,74750.0,74533.77912204934
lithium_carbonate,Proposed Adaptive Decomposition-Routing Ensemble,Decomposition,2025-09-05,2025-09-08,74750.0,74600.0,74524.3613806803
lithium_carbonate,Proposed Adaptive Decomposition-Routing Ensemble,Decomposition,2025-09-08,2025-09-09,74600.0,74600.0,74417.51816261161
lithium_carbonate,Proposed Adaptive Decomposition-Routing Ensemble,Decomposition,2025-09-09,2025-09-10,74600.0,73450.0,73405.77502629205
lithium_carbonate,Proposed Adaptive Decomposition-Routing Ensemble,Decomposition,2025-09-10,2025-09-11,73450.0,72850.0,72694.99347089838
lithium_carbonate,Proposed Adaptive Decomposition-Routing Ensemble,Decomposition,2025-09-11,2025-09-12,72850.0,72450.0,72346.72857318466
lithium_carbonate,Proposed Adaptive Decomposition-Routing Ensemble,Decomposition,2025-09-12,2025-09-15,72450.0,72450.0,72062.45369266662
lithium_carbonate,Proposed Adaptive Decomposition-Routing Ensemble,Decomposition,2025-09-15,2025-09-16,72450.0,72850.0,72395.86014416556
lithium_carbonate,Proposed Adaptive Decomposition-Routing Ensemble,Decomposition,2025-09-16,2025-09-17,72850.0,73150.0,73050.61191972574
lithium_carbonate,Proposed Adaptive Decomposition-Routing Ensemble,Decomposition,2025-09-17,2025-09-18,73150.0,73450.0,73192.97792426367
lithium_carbonate,Proposed Adaptive Decomposition-Routing Ensemble,Decomposition,2025-09-18,2025-09-19,73450.0,73500.0,73090.97928729068
lithium_carbonate,Proposed Adaptive Decomposition-Routing Ensemble,Decomposition,2025-09-19,2025-09-22,73500.0,73850.0,73121.3251446284
lithium_carbonate,Proposed Adaptive Decomposition-Routing Ensemble,Decomposition,2025-09-22,2025-09-23,73850.0,73850.0,73443.58047739758
lithium_carbonate,Proposed Adaptive Decomposition-Routing Ensemble,Decomposition,2025-09-23,2025-09-24,73850.0,73850.0,73630.38999338812
lithium_carbonate,Proposed Adaptive Decomposition-Routing Ensemble,Decomposition,2025-09-24,2025-09-25,73850.0,73750.0,74005.82167287232
lithium_carbonate,Proposed Adaptive Decomposition-Routing Ensemble,Decomposition,2025-09-25,2025-09-26,73750.0,73600.0,73538.45102207454
lithium_carbonate,Proposed Adaptive Decomposition-Routing Ensemble,Decomposition,2025-09-26,2025-09-29,73600.0,73550.0,73363.10491006316
lithium_carbonate,Proposed Adaptive Decomposition-Routing Ensemble,Decomposition,2025-09-29,2025-09-30,73550.0,73550.0,73860.35301400119
lithium_carbonate,Proposed Adaptive Decomposition-Routing Ensemble,Decomposition,2025-09-30,2025-10-09,73550.0,73550.0,74379.31935542174
lithium_carbonate,Proposed Adaptive Decomposition-Routing Ensemble,Decomposition,2025-10-09,2025-10-10,73550.0,73550.0,74920.09112494194
lithium_carbonate,Proposed Adaptive Decomposition-Routing Ensemble,Decomposition,2025-10-10,2025-10-13,73550.0,73100.0,74386.4905395689
lithium_carbonate,Proposed Adaptive Decomposition-Routing Ensemble,Decomposition,2025-10-13,2025-10-14,73100.0,73000.0,74752.54433207288
lithium_carbonate,Proposed Adaptive Decomposition-Routing Ensemble,Decomposition,2025-10-14,2025-10-15,73000.0,73000.0,74227.33551140265
lithium_carbonate,Proposed Adaptive Decomposition-Routing Ensemble,Decomposition,2025-10-15,2025-10-16,73000.0,73000.0,73545.92112042478
lithium_carbonate,Proposed Adaptive Decomposition-Routing Ensemble,Decomposition,2025-10-16,2025-10-17,73000.0,73350.0,73963.82795375735
lithium_carbonate,Proposed Adaptive Decomposition-Routing Ensemble,Decomposition,2025-10-17,2025-10-20,73350.0,74000.0,73956.17617757725
lithium_carbonate,Proposed Adaptive Decomposition-Routing Ensemble,Decomposition,2025-10-20,2025-10-21,74000.0,74100.0,74176.785085519
lithium_carbonate,Proposed Adaptive Decomposition-Routing Ensemble,Decomposition,2025-10-21,2025-10-22,74100.0,74350.0,74024.41851154808
lithium_carbonate,Proposed Adaptive Decomposition-Routing Ensemble,Decomposition,2025-10-22,2025-10-23,74350.0,74800.0,74396.49055257457
lithium_carbonate,Proposed Adaptive Decomposition-Routing Ensemble,Decomposition,2025-10-23,2025-10-24,74800.0,75400.0,75245.7089409211
lithium_carbonate,Proposed Adaptive Decomposition-Routing Ensemble,Decomposition,2025-10-24,2025-10-27,75400.0,76550.0,75708.94649470961
lithium_carbonate,Proposed Adaptive Decomposition-Routing Ensemble,Decomposition,2025-10-27,2025-10-28,76550.0,78500.0,77410.82339723186
lithium_carbonate,Proposed Adaptive Decomposition-Routing Ensemble,Decomposition,2025-10-28,2025-10-29,78500.0,79150.0,77442.88897204003
lithium_carbonate,Proposed Adaptive Decomposition-Routing Ensemble,Decomposition,2025-10-29,2025-10-30,79150.0,80000.0,78491.57991640455
lithium_carbonate,Proposed Adaptive Decomposition-Routing Ensemble,Decomposition,2025-10-30,2025-10-31,80000.0,80550.0,79078.76724443221
lithium_carbonate,Proposed Adaptive Decomposition-Routing Ensemble,Decomposition,2025-10-31,2025-11-03,80550.0,81000.0,79460.86488008621
lithium_carbonate,Proposed Adaptive Decomposition-Routing Ensemble,Decomposition,2025-11-03,2025-11-04,81000.0,80900.0,79669.34177887157
lithium_carbonate,Proposed Adaptive Decomposition-Routing Ensemble,Decomposition,2025-11-04,2025-11-05,80900.0,80500.0,79285.39331330906
lithium_carbonate,Proposed Adaptive Decomposition-Routing Ensemble,Decomposition,2025-11-05,2025-11-06,80500.0,80400.0,78672.86940009796
lithium_carbonate,Proposed Adaptive Decomposition-Routing Ensemble,Decomposition,2025-11-06,2025-11-07,80400.0,80400.0,78817.0405897863
lithium_carbonate,Proposed Adaptive Decomposition-Routing Ensemble,Decomposition,2025-11-07,2025-11-10,80400.0,80750.0,79464.54608437336
lithium_carbonate,Proposed Adaptive Decomposition-Routing Ensemble,Decomposition,2025-11-10,2025-11-11,80750.0,82300.0,80282.14816154532
lithium_carbonate,Proposed Adaptive Decomposition-Routing Ensemble,Decomposition,2025-11-11,2025-11-12,82300.0,83300.0,81855.05213096835
lithium_carbonate,Proposed Adaptive Decomposition-Routing Ensemble,Decomposition,2025-11-12,2025-11-13,83300.0,84350.0,82978.89212729517
lithium_carbonate,Proposed Adaptive Decomposition-Routing Ensemble,Decomposition,2025-11-13,2025-11-14,84350.0,85150.0,84276.11494731018
lithium_carbonate,Proposed Adaptive Decomposition-Routing Ensemble,Decomposition,2025-11-14,2025-11-17,85150.0,86150.0,85164.43412336796
lithium_carbonate,Proposed Adaptive Decomposition-Routing Ensemble,Decomposition,2025-11-17,2025-11-18,86150.0,87400.0,86225.77643069126
lithium_carbonate,Proposed Adaptive Decomposition-Routing Ensemble,Decomposition,2025-11-18,2025-11-19,87400.0,88900.0,86609.70150440616
lithium_carbonate,Proposed Adaptive Decomposition-Routing Ensemble,Decomposition,2025-11-19,2025-11-20,88900.0,91300.0,87584.8421598801
lithium_carbonate,Proposed Adaptive Decomposition-Routing Ensemble,Decomposition,2025-11-20,2025-11-21,91300.0,92300.0,88474.34540506471
lithium_carbonate,Proposed Adaptive Decomposition-Routing Ensemble,Decomposition,2025-11-21,2025-11-24,92300.0,92150.0,87887.98001591746
lithium_carbonate,Proposed Adaptive Decomposition-Routing Ensemble,Decomposition,2025-11-24,2025-11-25,92150.0,92050.0,90907.83405565782
lithium_carbonate,Proposed Adaptive Decomposition-Routing Ensemble,Decomposition,2025-11-25,2025-11-26,92050.0,92800.0,91398.65104027983
lithium_carbonate,Proposed Adaptive Decomposition-Routing Ensemble,Decomposition,2025-11-26,2025-11-27,92800.0,93300.0,91915.61832732863
lithium_carbonate,Proposed Adaptive Decomposition-Routing Ensemble,Decomposition,2025-11-27,2025-11-28,93300.0,93750.0,92442.11840943716
lithium_carbonate,Proposed Adaptive Decomposition-Routing Ensemble,Decomposition,2025-11-28,2025-12-01,93750.0,94350.0,92829.41768049148
lithium_carbonate,Proposed Adaptive Decomposition-Routing Ensemble,Decomposition,2025-12-01,2025-12-02,94350.0,94400.0,93558.10928685471
lithium_carbonate,Proposed Adaptive Decomposition-Routing Ensemble,Decomposition,2025-12-02,2025-12-03,94400.0,94350.0,91437.17942573235
lithium_carbonate,Proposed Adaptive Decomposition-Routing Ensemble,Decomposition,2025-12-03,2025-12-04,94350.0,94000.0,92417.35931358681
lithium_carbonate,Proposed Adaptive Decomposition-Routing Ensemble,Decomposition,2025-12-04,2025-12-05,94000.0,93250.0,91179.13284591521
lithium_carbonate,Proposed Adaptive Decomposition-Routing Ensemble,Decomposition,2025-12-05,2025-12-08,93250.0,92750.0,91527.79670932762
lithium_carbonate,Proposed Adaptive Decomposition-Routing Ensemble,Decomposition,2025-12-08,2025-12-09,92750.0,92750.0,91006.89447535924
lithium_carbonate,Proposed Adaptive Decomposition-Routing Ensemble,Decomposition,2025-12-09,2025-12-10,92750.0,92700.0,91041.0911966666
lithium_carbonate,Proposed Adaptive Decomposition-Routing Ensemble,Decomposition,2025-12-10,2025-12-11,92700.0,93500.0,90928.927656436
lithium_carbonate,Proposed Adaptive Decomposition-Routing Ensemble,Decomposition,2025-12-11,2025-12-12,93500.0,94500.0,93431.6484751391
lithium_carbonate,Proposed Adaptive Decomposition-Routing Ensemble,Decomposition,2025-12-12,2025-12-15,94500.0,95150.0,92788.11576864604
lithium_carbonate,Proposed Adaptive Decomposition-Routing Ensemble,Decomposition,2025-12-15,2025-12-16,95150.0,95850.0,95069.51019074125
lithium_carbonate,Proposed Adaptive Decomposition-Routing Ensemble,Decomposition,2025-12-16,2025-12-17,95850.0,97050.0,95537.7526326072
lithium_carbonate,Proposed Adaptive Decomposition-Routing Ensemble,Decomposition,2025-12-17,2025-12-18,97050.0,97550.0,96726.31202378836
lithium_carbonate,Proposed Adaptive Decomposition-Routing Ensemble,Decomposition,2025-12-18,2025-12-19,97550.0,97650.0,95204.87306336137
lithium_carbonate,Proposed Adaptive Decomposition-Routing Ensemble,Decomposition,2025-12-19,2025-12-22,97650.0,99000.0,96840.08568398672
lithium_carbonate,Proposed Adaptive Decomposition-Routing Ensemble,Decomposition,2025-12-22,2025-12-23,99000.0,99500.0,96766.49345136622
lithium_carbonate,Proposed Adaptive Decomposition-Routing Ensemble,Decomposition,2025-12-23,2025-12-24,99500.0,101500.0,100415.06017473747
lithium_carbonate,Proposed Adaptive Decomposition-Routing Ensemble,Decomposition,2025-12-24,2025-12-25,101500.0,104900.0,105349.2178910774
lithium_carbonate,Proposed Adaptive Decomposition-Routing Ensemble,Decomposition,2025-12-25,2025-12-26,104900.0,111900.0,110320.75744994679
lithium_carbonate,Proposed Adaptive Decomposition-Routing Ensemble,Decomposition,2025-12-26,2025-12-29,111900.0,118000.0,113238.40764412301
lithium_carbonate,Proposed Adaptive Decomposition-Routing Ensemble,Decomposition,2025-12-29,2025-12-30,118000.0,118000.0,115535.45477798655
lithium_carbonate,Proposed Adaptive Decomposition-Routing Ensemble,Decomposition,2025-12-30,2025-12-31,118000.0,118500.0,115263.97846798392
lithium_carbonate,Proposed Adaptive Decomposition-Routing Ensemble,Decomposition,2025-12-31,2026-01-05,118500.0,119500.0,116920.72283783021
lithium_carbonate,Proposed Adaptive Decomposition-Routing Ensemble,Decomposition,2026-01-05,2026-01-06,119500.0,127500.0,123598.60749993616
lithium_carbonate,Proposed Adaptive Decomposition-Routing Ensemble,Decomposition,2026-01-06,2026-01-07,127500.0,133500.0,128760.57250005855
lithium_carbonate,Proposed Adaptive Decomposition-Routing Ensemble,Decomposition,2026-01-07,2026-01-08,133500.0,138500.0,134576.88252965777
lithium_carbonate,Proposed Adaptive Decomposition-Routing Ensemble,Decomposition,2026-01-08,2026-01-09,138500.0,140000.0,136586.08122577763
lithium_carbonate,Proposed Adaptive Decomposition-Routing Ensemble,Decomposition,2026-01-09,2026-01-12,140000.0,152000.0,146275.5583960334
lithium_carbonate,Proposed Adaptive Decomposition-Routing Ensemble,Decomposition,2026-01-12,2026-01-13,152000.0,159500.0,153280.60761228425
lithium_carbonate,Proposed Adaptive Decomposition-Routing Ensemble,Decomposition,2026-01-13,2026-01-14,159500.0,163000.0,157289.51847325594
lithium_carbonate,Proposed Adaptive Decomposition-Routing Ensemble,Decomposition,2026-01-14,2026-01-15,163000.0,159000.0,156890.21518405393
lithium_carbonate,Proposed Adaptive Decomposition-Routing Ensemble,Decomposition,2026-01-15,2026-01-16,159000.0,158000.0,156548.10885364027
lithium_carbonate,Proposed Adaptive Decomposition-Routing Ensemble,Decomposition,2026-01-16,2026-01-19,158000.0,151000.0,151921.6361242395
lithium_carbonate,Proposed Adaptive Decomposition-Routing Ensemble,Decomposition,2026-01-19,2026-01-20,151000.0,152500.0,153151.40470727597
lithium_carbonate,Proposed Adaptive Decomposition-Routing Ensemble,Decomposition,2026-01-20,2026-01-21,152500.0,158500.0,156651.56838302227
lithium_carbonate,Proposed Adaptive Decomposition-Routing Ensemble,Decomposition,2026-01-21,2026-01-22,158500.0,164500.0,162574.83481147324
lithium_carbonate,Proposed Adaptive Decomposition-Routing Ensemble,Decomposition,2026-01-22,2026-01-23,164500.0,171000.0,168602.99958305282
lithium_carbonate,Proposed Adaptive Decomposition-Routing Ensemble,Decomposition,2026-01-23,2026-01-26,171000.0,181500.0,175975.5750895443
lithium_carbonate,Proposed Adaptive Decomposition-Routing Ensemble,Decomposition,2026-01-26,2026-01-27,181500.0,172500.0,170712.34353530456
lithium_carbonate,Proposed Adaptive Decomposition-Routing Ensemble,Decomposition,2026-01-27,2026-01-28,172500.0,172000.0,166322.8159473307
lithium_carbonate,Proposed Adaptive Decomposition-Routing Ensemble,Decomposition,2026-01-28,2026-01-29,172000.0,168000.0,163200.75992359928
lithium_carbonate,Proposed Adaptive Decomposition-Routing Ensemble,Decomposition,2026-01-29,2026-01-30,168000.0,160500.0,158738.9397979404
lithium_carbonate,Proposed Adaptive Decomposition-Routing Ensemble,Decomposition,2026-01-30,2026-02-02,160500.0,155500.0,157119.69476359605
lithium_carbonate,Proposed Adaptive Decomposition-Routing Ensemble,Decomposition,2026-02-02,2026-02-03,155500.0,153500.0,156043.67011183756
lithium_carbonate,Proposed Adaptive Decomposition-Routing Ensemble,Decomposition,2026-02-03,2026-02-04,153500.0,153000.0,153753.78518356086
lithium_carbonate,Proposed Adaptive Decomposition-Routing Ensemble,Decomposition,2026-02-04,2026-02-05,153000.0,144000.0,145374.75688264662
lithium_carbonate,Proposed Adaptive Decomposition-Routing Ensemble,Decomposition,2026-02-05,2026-02-06,144000.0,134500.0,138248.3326069177
lithium_carbonate,Proposed Adaptive Decomposition-Routing Ensemble,Decomposition,2026-02-06,2026-02-09,134500.0,135500.0,138720.28227460166
lithium_carbonate,Proposed Adaptive Decomposition-Routing Ensemble,Decomposition,2026-02-09,2026-02-10,135500.0,136000.0,139260.54111362426
lithium_carbonate,Proposed Adaptive Decomposition-Routing Ensemble,Decomposition,2026-02-10,2026-02-11,136000.0,138000.0,137211.10836954237
lithium_carbonate,Proposed Adaptive Decomposition-Routing Ensemble,Decomposition,2026-02-11,2026-02-12,138000.0,142500.0,142353.75510644374
lithium_carbonate,Proposed Adaptive Decomposition-Routing Ensemble,Decomposition,2026-02-12,2026-02-13,142500.0,143750.0,142064.62157647114
lithium_carbonate,Proposed Adaptive Decomposition-Routing Ensemble,Decomposition,2026-02-13,2026-02-24,143750.0,152000.0,147166.45093018693
lithium_carbonate,Proposed Adaptive Decomposition-Routing Ensemble,Decomposition,2026-02-24,2026-02-25,152000.0,161750.0,156449.0521018522
lithium_carbonate,Proposed Adaptive Decomposition-Routing Ensemble,Decomposition,2026-02-25,2026-02-26,161750.0,173000.0,165679.68379949726
lithium_carbonate,Proposed Adaptive Decomposition-Routing Ensemble,Decomposition,2026-02-26,2026-02-27,173000.0,172000.0,164237.1729196477
lithium_carbonate,Proposed Adaptive Decomposition-Routing Ensemble,Decomposition,2026-02-27,2026-03-02,172000.0,172500.0,166059.31980665692
lithium_carbonate,Proposed Adaptive Decomposition-Routing Ensemble,Decomposition,2026-03-02,2026-03-03,172500.0,161000.0,156834.71703674438
lithium_carbonate,Proposed Adaptive Decomposition-Routing Ensemble,Decomposition,2026-03-03,2026-03-04,161000.0,154000.0,152817.8863409778
lithium_carbonate,Proposed Adaptive Decomposition-Routing Ensemble,Decomposition,2026-03-04,2026-03-05,154000.0,156000.0,153029.0295883095
lithium_carbonate,Proposed Adaptive Decomposition-Routing Ensemble,Decomposition,2026-03-05,2026-03-06,156000.0,155250.0,154059.34420145155
lithium_carbonate,Proposed Adaptive Decomposition-Routing Ensemble,Decomposition,2026-03-06,2026-03-09,155250.0,154750.0,153775.41252857566
lithium_carbonate,Proposed Adaptive Decomposition-Routing Ensemble,Decomposition,2026-03-09,2026-03-10,154750.0,158500.0,163977.29655586372
lithium_carbonate,Proposed Adaptive Decomposition-Routing Ensemble,Decomposition,2026-03-10,2026-03-11,158500.0,159000.0,159662.71599302208
lithium_carbonate,Proposed Adaptive Decomposition-Routing Ensemble,Decomposition,2026-03-11,2026-03-12,159000.0,158000.0,160114.61510977102
