Target,Model,Date,Actual,Forecast,Lower,Upper,Width
lithium_carbonate,ARIMA,2025-10-10,73550.0,135885.96369864524,77898.63577373576,193873.29162355472,57987.32792490948
lithium_carbonate,ARIMA,2025-10-13,73100.0,137335.5087596716,79348.18083476211,195322.83668458107,57987.32792490948
lithium_carbonate,ARIMA,2025-10-14,73000.0,138785.0537760687,80797.72585115922,196772.38170097818,57987.32792490948
lithium_carbonate,ARIMA,2025-10-15,73000.0,140234.59876373585,82247.27083882637,198221.92668864533,57987.32792490948
lithium_carbonate,ARIMA,2025-10-16,73000.0,141684.14373290807,83696.81580799859,199671.47165781754,57987.32792490948
lithium_carbonate,ARIMA,2025-10-17,73350.0,143133.68869017425,85146.36076526478,201121.01661508373,57987.32792490948
lithium_carbonate,ARIMA,2025-10-20,74000.0,144583.23363977592,86595.90571486644,202570.5615646854,57987.32792490948
lithium_carbonate,ARIMA,2025-10-21,74100.0,146032.77858444356,88045.45065953408,204020.10650935303,57987.32792490948
lithium_carbonate,ARIMA,2025-10-22,74350.0,147482.32352593495,89494.99560102547,205469.65145084442,57987.32792490948
lithium_carbonate,ARIMA,2025-10-23,74800.0,148931.8684653816,90944.54054047211,206919.19639029106,57987.32792490948
lithium_carbonate,ARIMA,2025-10-24,75400.0,150381.41340351195,92394.08547860247,208368.74132842143,57987.32792490948
lithium_carbonate,ARIMA,2025-10-27,76550.0,151830.95834079498,93843.6304158855,209818.28626570446,57987.32792490948
lithium_carbonate,ARIMA,2025-10-28,78500.0,153280.5032775325,95293.17535262302,211267.83120244197,57987.32792490948
lithium_carbonate,ARIMA,2025-10-29,79150.0,154730.04821391887,96742.72028900939,212717.37613882835,57987.32792490948
lithium_carbonate,ARIMA,2025-10-30,80000.0,156179.5931500792,98192.26522516971,214166.92107498867,57987.32792490948
lithium_carbonate,ARIMA,2025-10-31,80550.0,157629.138086094,99641.81016118452,215616.46601100347,57987.32792490948
lithium_carbonate,ARIMA,2025-11-03,81000.0,159078.6830220151,101091.35509710561,217066.01094692457,57987.32792490948
lithium_carbonate,ARIMA,2025-11-04,80900.0,160528.2279578759,102540.90003296643,218515.55588278538,57987.32792490948
lithium_carbonate,ARIMA,2025-11-05,80500.0,161977.7728936979,103990.44496878842,219965.10081860737,57987.32792490948
lithium_carbonate,ARIMA,2025-11-06,80400.0,163427.3178294949,105439.98990458541,221414.64575440437,57987.32792490948
lithium_carbonate,ARIMA,2025-11-07,80400.0,164876.8627652758,106889.53484036631,222864.19069018526,57987.32792490948
lithium_carbonate,ARIMA,2025-11-10,80750.0,166326.40770104635,108339.07977613687,224313.73562595583,57987.32792490948
lithium_carbonate,ARIMA,2025-11-11,82300.0,167775.95263681022,109788.62471190075,225763.2805617197,57987.32792490948
lithium_carbonate,ARIMA,2025-11-12,83300.0,169225.49757256982,111238.16964766034,227212.8254974793,57987.32792490948
lithium_carbonate,ARIMA,2025-11-13,84350.0,170675.04250832665,112687.71458341717,228662.37043323612,57987.32792490948
lithium_carbonate,ARIMA,2025-11-14,85150.0,172124.5874440817,114137.25951917222,230111.91536899118,57987.32792490948
lithium_carbonate,ARIMA,2025-11-17,86150.0,173574.1323798356,115586.80445492611,231561.46030474507,57987.32792490948
lithium_carbonate,ARIMA,2025-11-18,87400.0,175023.67731558875,117036.34939067927,233011.00524049823,57987.32792490948
lithium_carbonate,ARIMA,2025-11-19,88900.0,176473.22225134145,118485.89432643197,234460.55017625092,57987.32792490948
lithium_carbonate,ARIMA,2025-11-20,91300.0,177922.76718709382,119935.43926218434,235910.0951120033,57987.32792490948
lithium_carbonate,ARIMA,2025-11-21,92300.0,179372.31212284602,121384.98419793654,237359.6400477555,57987.32792490948
lithium_carbonate,ARIMA,2025-11-24,92150.0,180821.85705859808,122834.5291336886,238809.18498350756,57987.32792490948
lithium_carbonate,ARIMA,2025-11-25,92050.0,182271.40199435005,124284.07406944057,240258.72991925952,57987.32792490948
lithium_carbonate,ARIMA,2025-11-26,92800.0,183720.94693010199,125733.61900519251,241708.27485501146,57987.32792490948
lithium_carbonate,ARIMA,2025-11-27,93300.0,185170.49186585387,127183.16394094439,243157.81979076334,57987.32792490948
lithium_carbonate,ARIMA,2025-11-28,93750.0,186620.03680160572,128632.70887669624,244607.3647265152,57987.32792490948
lithium_carbonate,ARIMA,2025-12-01,94350.0,188069.5817373576,130082.25381244812,246056.90966226708,57987.32792490948
lithium_carbonate,ARIMA,2025-12-02,94400.0,189519.12667310945,131531.79874819997,247506.45459801893,57987.32792490948
lithium_carbonate,ARIMA,2025-12-03,94350.0,190968.6716088613,132981.34368395183,248955.99953377078,57987.32792490948
lithium_carbonate,ARIMA,2025-12-04,94000.0,192418.21654461313,134430.88861970365,250405.5444695226,57987.32792490948
lithium_carbonate,ARIMA,2025-12-05,93250.0,193867.76148036495,135880.43355545547,251855.08940527443,57987.32792490948
lithium_carbonate,ARIMA,2025-12-08,92750.0,195317.30641611683,137329.97849120735,253304.6343410263,57987.32792490948
lithium_carbonate,ARIMA,2025-12-09,92750.0,196766.85135186865,138779.52342695917,254754.17927677813,57987.32792490948
lithium_carbonate,ARIMA,2025-12-10,92700.0,198216.39628762048,140229.068362711,256203.72421252995,57987.32792490948
lithium_carbonate,ARIMA,2025-12-11,93500.0,199665.9412233723,141678.61329846282,257653.26914828178,57987.32792490948
lithium_carbonate,ARIMA,2025-12-12,94500.0,201115.48615912412,143128.15823421464,259102.8140840336,57987.32792490948
lithium_carbonate,ARIMA,2025-12-15,95150.0,202565.03109487594,144577.70316996647,260552.35901978542,57987.32792490948
lithium_carbonate,ARIMA,2025-12-16,95850.0,204014.57603062777,146027.2481057183,262001.90395553724,57987.32792490948
lithium_carbonate,ARIMA,2025-12-17,97050.0,205464.1209663796,147476.7930414701,263451.44889128907,57987.32792490948
lithium_carbonate,ARIMA,2025-12-18,97550.0,206913.66590213144,148926.33797722196,264900.9938270409,57987.32792490948
lithium_carbonate,ARIMA,2025-12-19,97650.0,208363.21083788326,150375.8829129738,266350.5387627927,57987.32792490948
lithium_carbonate,ARIMA,2025-12-22,99000.0,209812.7557736351,151825.4278487256,267800.08369854453,57987.32792490948
lithium_carbonate,ARIMA,2025-12-23,99500.0,211262.30070938694,153274.97278447746,269249.6286342964,57987.32792490948
lithium_carbonate,ARIMA,2025-12-24,101500.0,212711.84564513876,154724.51772022928,270699.17357004824,57987.32792490948
lithium_carbonate,ARIMA,2025-12-25,104900.0,214161.39058089058,156174.0626559811,272148.71850580006,57987.32792490948
lithium_carbonate,ARIMA,2025-12-26,111900.0,215610.9355166424,157623.60759173293,273598.2634415519,57987.32792490948
lithium_carbonate,ARIMA,2025-12-29,118000.0,217060.48045239423,159073.15252748475,275047.8083773037,57987.32792490948
lithium_carbonate,ARIMA,2025-12-30,118000.0,218510.02538814605,160522.69746323657,276497.35331305553,57987.32792490948
lithium_carbonate,ARIMA,2025-12-31,118500.0,219959.57032389787,161972.2423989884,277946.89824880735,57987.32792490948
lithium_carbonate,ARIMA,2026-01-05,119500.0,221409.1152596497,163421.78733474022,279396.4431845592,57987.32792490948
lithium_carbonate,ARIMA,2026-01-06,127500.0,222858.66019540155,164871.33227049207,280845.98812031106,57987.32792490948
lithium_carbonate,ARIMA,2026-01-07,133500.0,224308.20513115337,166320.8772062439,282295.5330560629,57987.32792490948
lithium_carbonate,ARIMA,2026-01-08,138500.0,225757.7500669052,167770.42214199572,283745.0779918147,57987.32792490948
lithium_carbonate,ARIMA,2026-01-09,140000.0,227207.29500265705,169219.96707774757,285194.6229275665,57987.32792490948
lithium_carbonate,ARIMA,2026-01-12,152000.0,228656.83993840887,170669.5120134994,286644.16786331835,57987.32792490948
lithium_carbonate,ARIMA,2026-01-13,159500.0,230106.3848741607,172119.05694925121,288093.71279907017,57987.32792490948
lithium_carbonate,ARIMA,2026-01-14,163000.0,231555.92980991252,173568.60188500304,289543.257734822,57987.32792490948
lithium_carbonate,ARIMA,2026-01-15,159000.0,233005.47474566434,175018.14682075486,290992.8026705738,57987.32792490948
lithium_carbonate,ARIMA,2026-01-16,158000.0,234455.01968141616,176467.69175650668,292442.34760632564,57987.32792490948
lithium_carbonate,ARIMA,2026-01-19,151000.0,235904.56461716798,177917.2366922585,293891.89254207746,57987.32792490948
lithium_carbonate,ARIMA,2026-01-20,152500.0,237354.1095529198,179366.78162801033,295341.4374778293,57987.32792490948
lithium_carbonate,ARIMA,2026-01-21,158500.0,238803.65448867166,180816.32656376218,296790.9824135811,57987.32792490948
lithium_carbonate,ARIMA,2026-01-22,164500.0,240253.19942442348,182265.871499514,298240.52734933293,57987.32792490948
lithium_carbonate,ARIMA,2026-01-23,171000.0,241702.7443601753,183715.41643526583,299690.07228508475,57987.32792490948
lithium_carbonate,ARIMA,2026-01-26,181500.0,243152.28929592716,185164.96137101768,301139.61722083663,57987.32792490948
lithium_carbonate,ARIMA,2026-01-27,172500.0,244601.83423167898,186614.5063067695,302589.16215658846,57987.32792490948
lithium_carbonate,ARIMA,2026-01-28,172000.0,246051.3791674308,188064.05124252132,304038.7070923403,57987.32792490948
lithium_carbonate,ARIMA,2026-01-29,168000.0,247500.92410318262,189513.59617827315,305488.2520280921,57987.32792490948
lithium_carbonate,ARIMA,2026-01-30,160500.0,248950.46903893445,190963.14111402497,306937.7969638439,57987.32792490948
lithium_carbonate,ARIMA,2026-02-02,155500.0,250400.01397468627,192412.6860497768,308387.34189959575,57987.32792490948
lithium_carbonate,ARIMA,2026-02-03,153500.0,251849.5589104381,193862.23098552861,309836.88683534757,57987.32792490948
lithium_carbonate,ARIMA,2026-02-04,153000.0,253299.10384618994,195311.77592128047,311286.43177109945,57987.32792490948
lithium_carbonate,ARIMA,2026-02-05,144000.0,254748.64878194177,196761.3208570323,312735.9767068513,57987.32792490948
lithium_carbonate,ARIMA,2026-02-06,134500.0,256198.1937176936,198210.8657927841,314185.5216426031,57987.32792490948
lithium_carbonate,ARIMA,2026-02-09,135500.0,257647.7386534454,199660.41072853594,315635.0665783549,57987.32792490948
lithium_carbonate,ARIMA,2026-02-10,136000.0,259097.28358919724,201109.95566428776,317084.61151410674,57987.32792490948
lithium_carbonate,ARIMA,2026-02-11,138000.0,260546.8285249491,202559.5006000396,318534.15644985856,57987.32792490948
lithium_carbonate,ARIMA,2026-02-12,142500.0,261996.3734607009,204009.04553579143,319983.7013856104,57987.32792490948
lithium_carbonate,ARIMA,2026-02-13,143750.0,263445.91839645273,205458.59047154326,321433.2463213622,57987.32792490948
lithium_carbonate,ARIMA,2026-02-24,152000.0,264895.46333220456,206908.13540729508,322882.79125711403,57987.32792490948
lithium_carbonate,ARIMA,2026-02-25,161750.0,266345.00826795644,208357.68034304696,324332.3361928659,57987.32792490948
lithium_carbonate,ARIMA,2026-02-26,173000.0,267794.55320370826,209807.22527879878,325781.88112861774,57987.32792490948
lithium_carbonate,ARIMA,2026-02-27,172000.0,269244.0981394601,211256.7702145506,327231.42606436956,57987.32792490948
lithium_carbonate,ARIMA,2026-03-02,172500.0,270693.6430752119,212706.31515030243,328680.9710001214,57987.32792490948
lithium_carbonate,ARIMA,2026-03-03,161000.0,272143.1880109638,214155.8600860543,330130.51593587326,57987.32792490948
lithium_carbonate,ARIMA,2026-03-04,154000.0,273592.7329467156,215605.40502180613,331580.0608716251,57987.32792490948
lithium_carbonate,ARIMA,2026-03-05,156000.0,275042.2778824675,217054.949957558,333029.60580737697,57987.32792490948
lithium_carbonate,ARIMA,2026-03-06,155250.0,276491.8228182193,218504.49489330983,334479.1507431288,57987.32792490948
lithium_carbonate,ARIMA,2026-03-09,154750.0,277941.36775397114,219954.03982906166,335928.6956788806,57987.32792490948
lithium_carbonate,ARIMA,2026-03-10,158500.0,279390.91268972296,221403.58476481348,337378.24061463244,57987.32792490948
lithium_carbonate,ARIMA,2026-03-11,159000.0,280840.45762547484,222853.12970056536,338827.7855503843,57987.32792490948
lithium_carbonate,ARIMA,2026-03-12,158000.0,282290.0025612267,224302.67463631724,340277.3304861362,57987.32792490948
lithium_carbonate,CEEMDAN-ARIMA,2025-10-10,73550.0,155595.8911484792,-154785.94047405373,465977.7227710121,310381.8316225329
lithium_carbonate,CEEMDAN-ARIMA,2025-10-13,73100.0,64907.50625360105,-245474.32536893187,375289.33787613397,310381.8316225329
lithium_carbonate,CEEMDAN-ARIMA,2025-10-14,73000.0,-43302.521845108065,-353684.353467641,267079.30977742485,310381.8316225329
lithium_carbonate,CEEMDAN-ARIMA,2025-10-15,73000.0,-169453.89454836678,-479835.7261708997,140927.93707416614,310381.8316225329
lithium_carbonate,CEEMDAN-ARIMA,2025-10-16,73000.0,-313506.00636986754,-623887.8379924004,-3124.1747473346186,310381.8316225329
lithium_carbonate,CEEMDAN-ARIMA,2025-10-17,73350.0,-474857.3469586054,-785239.1785811384,-164475.51533607248,310381.8316225329
lithium_carbonate,CEEMDAN-ARIMA,2025-10-20,74000.0,-652242.9456244955,-962624.7772470284,-341861.1140019626,310381.8316225329
lithium_carbonate,CEEMDAN-ARIMA,2025-10-21,74100.0,-843632.3850489521,-1154014.216671485,-533250.5534264192,310381.8316225329
lithium_carbonate,CEEMDAN-ARIMA,2025-10-22,74350.0,-1046131.0215546999,-1356512.8531772327,-735749.189932167,310381.8316225329
lithium_carbonate,CEEMDAN-ARIMA,2025-10-23,74800.0,-1255887.2889541495,-1566269.1205766825,-945505.4573316165,310381.8316225329
lithium_carbonate,CEEMDAN-ARIMA,2025-10-24,75400.0,-1468009.3621664154,-1778391.1937889485,-1157627.5305438824,310381.8316225329
lithium_carbonate,CEEMDAN-ARIMA,2025-10-27,76550.0,-1676495.0078674972,-1986876.83949003,-1366113.1762449644,310381.8316225329
lithium_carbonate,CEEMDAN-ARIMA,2025-10-28,78500.0,-1874179.1116591196,-2184560.9432816524,-1563797.2800365868,310381.8316225329
lithium_carbonate,CEEMDAN-ARIMA,2025-10-29,79150.0,-2052704.0806221068,-2363085.91224464,-1742322.2489995738,310381.8316225329
lithium_carbonate,CEEMDAN-ARIMA,2025-10-30,80000.0,-2202519.001458635,-2512900.833081168,-1892137.169836102,310381.8316225329
lithium_carbonate,CEEMDAN-ARIMA,2025-10-31,80550.0,-2312914.012853881,-2623295.844476414,-2002532.1812313478,310381.8316225329
lithium_carbonate,CEEMDAN-ARIMA,2025-11-03,81000.0,-2372096.760593701,-2682478.592216234,-2061714.9289711681,310381.8316225329
lithium_carbonate,CEEMDAN-ARIMA,2025-11-04,80900.0,-2367317.994097655,-2677699.825720188,-2056936.1624751221,310381.8316225329
lithium_carbonate,CEEMDAN-ARIMA,2025-11-05,80500.0,-2285053.2974808034,-2595435.1291033365,-1974671.4658582704,310381.8316225329
lithium_carbonate,CEEMDAN-ARIMA,2025-11-06,80400.0,-2111247.604170296,-2421629.435792829,-1800865.7725477628,310381.8316225329
lithium_carbonate,CEEMDAN-ARIMA,2025-11-07,80400.0,-1831628.5070525869,-2142010.33867512,-1521246.6754300538,310381.8316225329
lithium_carbonate,CEEMDAN-ARIMA,2025-11-10,80750.0,-1432093.4348419586,-1742475.2664644914,-1121711.6032194258,310381.8316225329
lithium_carbonate,CEEMDAN-ARIMA,2025-11-11,82300.0,-899174.5070528687,-1209556.3386754016,-588792.6754303358,310381.8316225329
lithium_carbonate,CEEMDAN-ARIMA,2025-11-12,83300.0,-220583.2873408266,-530965.1189633595,89798.54428170633,310381.8316225329
lithium_carbonate,CEEMDAN-ARIMA,2025-11-13,84350.0,614164.2944665262,303782.46284399333,924546.1260890592,310381.8316225329
lithium_carbonate,CEEMDAN-ARIMA,2025-11-14,85150.0,1613044.9137500296,1302663.0821274966,1923426.7453725627,310381.8316225329
lithium_carbonate,CEEMDAN-ARIMA,2025-11-17,86150.0,2780751.5196402953,2470369.6880177623,3091133.3512628283,310381.8316225329
lithium_carbonate,CEEMDAN-ARIMA,2025-11-18,87400.0,4117851.6767993467,3807469.8451768137,4428233.508421879,310381.8316225329
lithium_carbonate,CEEMDAN-ARIMA,2025-11-19,88900.0,5619892.170784542,5309510.33916201,5930274.002407075,310381.8316225329
lithium_carbonate,CEEMDAN-ARIMA,2025-11-20,91300.0,7276465.519292437,6966083.687669904,7586847.350914969,310381.8316225329
lithium_carbonate,CEEMDAN-ARIMA,2025-11-21,92300.0,9070258.496935634,8759876.6653131,9380640.328558167,310381.8316225329
lithium_carbonate,CEEMDAN-ARIMA,2025-11-24,92150.0,10976107.612064227,10665725.780441694,11286489.443686761,310381.8316225329
lithium_carbonate,CEEMDAN-ARIMA,2025-11-25,92050.0,12960091.5965614,12649709.764938867,13270473.428183934,310381.8316225329
lithium_carbonate,CEEMDAN-ARIMA,2025-11-26,92800.0,14978696.282076856,14668314.450454323,15289078.11369939,310381.8316225329
lithium_carbonate,CEEMDAN-ARIMA,2025-11-27,93300.0,16978092.60917261,16667710.777550075,17288474.440795142,310381.8316225329
lithium_carbonate,CEEMDAN-ARIMA,2025-11-28,93750.0,18893573.79131277,18583191.959690236,19203955.622935303,310381.8316225329
lithium_carbonate,CEEMDAN-ARIMA,2025-12-01,94350.0,20649202.647193633,20338820.8155711,20959584.478816167,310381.8316225329
lithium_carbonate,CEEMDAN-ARIMA,2025-12-02,94400.0,22157724.608203135,21847342.776580602,22468106.43982567,310381.8316225329
lithium_carbonate,CEEMDAN-ARIMA,2025-12-03,94350.0,23320805.66086963,23010423.829247095,23631187.49249216,310381.8316225329
lithium_carbonate,CEEMDAN-ARIMA,2025-12-04,94000.0,24029657.228341833,23719275.3967193,24340039.059964366,310381.8316225329
lithium_carbonate,CEEMDAN-ARIMA,2025-12-05,93250.0,24166111.436347265,23855729.60472473,24476493.2679698,310381.8316225329
lithium_carbonate,CEEMDAN-ARIMA,2025-12-08,92750.0,23604210.031091772,23293828.19946924,23914591.862714306,310381.8316225329
lithium_carbonate,CEEMDAN-ARIMA,2025-12-09,92750.0,22212368.083686125,21901986.25206359,22522749.915308658,310381.8316225329
lithium_carbonate,CEEMDAN-ARIMA,2025-12-10,92700.0,19856169.179042704,19545787.34742017,20166551.010665238,310381.8316225329
lithium_carbonate,CEEMDAN-ARIMA,2025-12-11,93500.0,16401841.691984117,16091459.860361584,16712223.52360665,310381.8316225329
lithium_carbonate,CEEMDAN-ARIMA,2025-12-12,94500.0,11720455.648406764,11410073.816784231,12030837.480029298,310381.8316225329
lithium_carbonate,CEEMDAN-ARIMA,2025-12-15,95150.0,5692866.219035702,5382484.387413169,6003248.050658234,310381.8316225329
lithium_carbonate,CEEMDAN-ARIMA,2025-12-16,95850.0,-1784587.2087187364,-2094969.0403412692,-1474205.3770962036,310381.8316225329
lithium_carbonate,CEEMDAN-ARIMA,2025-12-17,97050.0,-10793638.449855065,-11104020.281477598,-10483256.618232531,310381.8316225329
lithium_carbonate,CEEMDAN-ARIMA,2025-12-18,97550.0,-21386945.62524373,-21697327.456866264,-21076563.793621197,310381.8316225329
lithium_carbonate,CEEMDAN-ARIMA,2025-12-19,97650.0,-33580302.490930215,-33890684.32255275,-33269920.65930768,310381.8316225329
lithium_carbonate,CEEMDAN-ARIMA,2025-12-22,99000.0,-47344310.11565819,-47654691.94728072,-47033928.28403565,310381.8316225329
lithium_carbonate,CEEMDAN-ARIMA,2025-12-23,99500.0,-62595646.724685445,-62906028.55630798,-62285264.89306291,310381.8316225329
lithium_carbonate,CEEMDAN-ARIMA,2025-12-24,101500.0,-79188115.06980778,-79498496.90143031,-78877733.23818526,310381.8316225329
lithium_carbonate,CEEMDAN-ARIMA,2025-12-25,104900.0,-96903691.6306498,-97214073.46227233,-96593309.79902728,310381.8316225329
lithium_carbonate,CEEMDAN-ARIMA,2025-12-26,111900.0,-115443849.66028695,-115754231.49190947,-115133467.82866442,310381.8316225329
lithium_carbonate,CEEMDAN-ARIMA,2025-12-29,118000.0,-134421477.6986883,-134731859.53031084,-134111095.86706577,310381.8316225329
lithium_carbonate,CEEMDAN-ARIMA,2025-12-30,118000.0,-153353765.5892823,-153664147.42090484,-153043383.75765976,310381.8316225329
lithium_carbonate,CEEMDAN-ARIMA,2025-12-31,118500.0,-171656479.88777608,-171966861.71939862,-171346098.05615354,310381.8316225329
lithium_carbonate,CEEMDAN-ARIMA,2026-01-05,119500.0,-188640098.21669513,-188950480.04831767,-188329716.3850726,310381.8316225329
lithium_carbonate,CEEMDAN-ARIMA,2026-01-06,127500.0,-203508315.68177912,-203818697.51340166,-203197933.85015658,310381.8316225329
lithium_carbonate,CEEMDAN-ARIMA,2026-01-07,133500.0,-215359473.73267287,-215669855.5642954,-215049091.90105033,310381.8316225329
lithium_carbonate,CEEMDAN-ARIMA,2026-01-08,138500.0,-223191490.34935996,-223501872.1809825,-222881108.51773742,310381.8316225329
lithium_carbonate,CEEMDAN-ARIMA,2026-01-09,140000.0,-225910887.43641567,-226221269.2680382,-225600505.60479313,310381.8316225329
lithium_carbonate,CEEMDAN-ARIMA,2026-01-12,152000.0,-222346513.84556612,-222656895.67718866,-222036132.01394358,310381.8316225329
lithium_carbonate,CEEMDAN-ARIMA,2026-01-13,159500.0,-211268547.36700752,-211578929.19863006,-210958165.53538498,310381.8316225329
lithium_carbonate,CEEMDAN-ARIMA,2026-01-14,163000.0,-191413323.0376883,-191723704.86931083,-191102941.20606574,310381.8316225329
lithium_carbonate,CEEMDAN-ARIMA,2026-01-15,159000.0,-161514474.84968218,-161824856.68130472,-161204093.01805964,310381.8316225329
lithium_carbonate,CEEMDAN-ARIMA,2026-01-16,158000.0,-120340790.06426969,-120651171.89589222,-120030408.23264717,310381.8316225329
lithium_carbonate,CEEMDAN-ARIMA,2026-01-19,151000.0,-66741056.634660974,-67051438.46628351,-66430674.80303844,310381.8316225329
lithium_carbonate,CEEMDAN-ARIMA,2026-01-20,152500.0,303968.2488706142,-6413.5827519187005,614350.0804931471,310381.8316225329
lithium_carbonate,CEEMDAN-ARIMA,2026-01-21,158500.0,81622529.31974198,81312147.48811945,81932911.1513645,310381.8316225329
lithium_carbonate,CEEMDAN-ARIMA,2026-01-22,164500.0,177786072.13456777,177475690.30294523,178096453.9661903,310381.8316225329
lithium_carbonate,CEEMDAN-ARIMA,2026-01-23,171000.0,289037224.5845805,288726842.75295794,289347606.416203,310381.8316225329
lithium_carbonate,CEEMDAN-ARIMA,2026-01-26,181500.0,415212422.7095992,414902040.87797666,415522804.54122174,310381.8316225329
lithium_carbonate,CEEMDAN-ARIMA,2026-01-27,172500.0,555660388.5008234,555350006.6692009,555970770.3324459,310381.8316225329
lithium_carbonate,CEEMDAN-ARIMA,2026-01-28,172000.0,709158050.3944855,708847668.562863,709468432.226108,310381.8316225329
lithium_carbonate,CEEMDAN-ARIMA,2026-01-29,168000.0,873825913.4533415,873515531.621719,874136295.284964,310381.8316225329
lithium_carbonate,CEEMDAN-ARIMA,2026-01-30,160500.0,1047045330.259836,1046734948.4282135,1047355712.0914584,310381.8316225329
lithium_carbonate,CEEMDAN-ARIMA,2026-02-02,155500.0,1225380587.7336311,1225070205.9020085,1225690969.5652537,310381.8316225329
lithium_carbonate,CEEMDAN-ARIMA,2026-02-03,153500.0,1404509199.6435719,1404198817.8119493,1404819581.4751945,310381.8316225329
lithium_carbonate,CEEMDAN-ARIMA,2026-02-04,153000.0,1579164267.3167386,1578853885.485116,1579474649.1483612,310381.8316225329
lithium_carbonate,CEEMDAN-ARIMA,2026-02-05,144000.0,1743093227.220994,1742782845.3893714,1743403609.0526166,310381.8316225329
lithium_carbonate,CEEMDAN-ARIMA,2026-02-06,134500.0,1889037726.3434677,1888727344.511845,1889348108.1750903,310381.8316225329
lithium_carbonate,CEEMDAN-ARIMA,2026-02-09,135500.0,2008739734.5685668,2008429352.7369442,2009050116.4001894,310381.8316225329
lithium_carbonate,CEEMDAN-ARIMA,2026-02-10,136000.0,2092979294.909161,2092668913.0775385,2093289676.7407837,310381.8316225329
lithium_carbonate,CEEMDAN-ARIMA,2026-02-11,138000.0,2131649502.2970295,2131339120.465407,2131959884.128652,310381.8316225329
lithium_carbonate,CEEMDAN-ARIMA,2026-02-12,142500.0,2113874362.2575037,2113563980.4258811,2114184744.0891263,310381.8316225329
lithium_carbonate,CEEMDAN-ARIMA,2026-02-13,143750.0,2028175082.822711,2027864700.9910884,2028485464.6543336,310381.8316225329
lithium_carbonate,CEEMDAN-ARIMA,2026-02-24,152000.0,1862690065.6842997,1862379683.852677,1863000447.5159223,310381.8316225329
lithium_carbonate,CEEMDAN-ARIMA,2026-02-25,161750.0,1605453354.246928,1605142972.4153054,1605763736.0785506,310381.8316225329
lithium_carbonate,CEEMDAN-ARIMA,2026-02-26,173000.0,1244735535.292267,1244425153.4606445,1245045917.1238897,310381.8316225329
lithium_carbonate,CEEMDAN-ARIMA,2026-02-27,172000.0,769450046.7060404,769139664.8744179,769760428.5376629,310381.8316225329
lithium_carbonate,CEEMDAN-ARIMA,2026-03-02,172500.0,169626487.52593306,169316105.69431052,169936869.3575556,310381.8316225329
lithium_carbonate,CEEMDAN-ARIMA,2026-03-03,161000.0,-563049166.8257961,-563359548.6574186,-562738784.9941736,310381.8316225329
lithium_carbonate,CEEMDAN-ARIMA,2026-03-04,154000.0,-1434629592.2623367,-1434939974.0939593,-1434319210.4307141,310381.8316225329
lithium_carbonate,CEEMDAN-ARIMA,2026-03-05,156000.0,-2448240957.3516817,-2448551339.1833043,-2447930575.520059,310381.8316225329
lithium_carbonate,CEEMDAN-ARIMA,2026-03-06,155250.0,-3603364948.4865274,-3603675330.31815,-3603054566.654905,310381.8316225329
lithium_carbonate,CEEMDAN-ARIMA,2026-03-09,154750.0,-4895078521.188676,-4895388903.020298,-4894768139.357054,310381.8316225329
lithium_carbonate,CEEMDAN-ARIMA,2026-03-10,158500.0,-6313265447.330606,-6313575829.162229,-6312955065.498984,310381.8316225329
lithium_carbonate,CEEMDAN-ARIMA,2026-03-11,159000.0,-7841817579.660491,-7842127961.492113,-7841507197.828869,310381.8316225329
lithium_carbonate,CEEMDAN-ARIMA,2026-03-12,158000.0,-9457847882.851889,-9458158264.683512,-9457537501.020266,310381.8316225329
lithium_carbonate,CEEMDAN-LSTM,2025-10-10,73550.0,70421.0625,63071.9609375,77770.1640625,7349.1015625
lithium_carbonate,CEEMDAN-LSTM,2025-10-13,73100.0,70431.78125,63082.6796875,77780.8828125,7349.1015625
lithium_carbonate,CEEMDAN-LSTM,2025-10-14,73000.0,70431.8828125,63082.78125,77780.984375,7349.1015625
lithium_carbonate,CEEMDAN-LSTM,2025-10-15,73000.0,70428.6171875,63079.515625,77777.71875,7349.1015625
lithium_carbonate,CEEMDAN-LSTM,2025-10-16,73000.0,70433.03125,63083.9296875,77782.1328125,7349.1015625
lithium_carbonate,CEEMDAN-LSTM,2025-10-17,73350.0,70443.609375,63094.5078125,77792.7109375,7349.1015625
lithium_carbonate,CEEMDAN-LSTM,2025-10-20,74000.0,70449.8671875,63100.765625,77798.96875,7349.1015625
lithium_carbonate,CEEMDAN-LSTM,2025-10-21,74100.0,70448.2578125,63099.15625,77797.359375,7349.1015625
lithium_carbonate,CEEMDAN-LSTM,2025-10-22,74350.0,70446.71875,63097.6171875,77795.8203125,7349.1015625
lithium_carbonate,CEEMDAN-LSTM,2025-10-23,74800.0,70451.953125,63102.8515625,77801.0546875,7349.1015625
lithium_carbonate,CEEMDAN-LSTM,2025-10-24,75400.0,70459.875,63110.7734375,77808.9765625,7349.1015625
lithium_carbonate,CEEMDAN-LSTM,2025-10-27,76550.0,70462.4765625,63113.375,77811.578125,7349.1015625
lithium_carbonate,CEEMDAN-LSTM,2025-10-28,78500.0,70459.8125,63110.7109375,77808.9140625,7349.1015625
lithium_carbonate,CEEMDAN-LSTM,2025-10-29,79150.0,70459.21875,63110.1171875,77808.3203125,7349.1015625
lithium_carbonate,CEEMDAN-LSTM,2025-10-30,80000.0,70464.0078125,63114.90625,77813.109375,7349.1015625
lithium_carbonate,CEEMDAN-LSTM,2025-10-31,80550.0,70469.1015625,63120.0,77818.203125,7349.1015625
lithium_carbonate,CEEMDAN-LSTM,2025-11-03,81000.0,70469.2265625,63120.125,77818.328125,7349.1015625
lithium_carbonate,CEEMDAN-LSTM,2025-11-04,80900.0,70466.59375,63117.4921875,77815.6953125,7349.1015625
lithium_carbonate,CEEMDAN-LSTM,2025-11-05,80500.0,70467.0234375,63117.921875,77816.125,7349.1015625
lithium_carbonate,CEEMDAN-LSTM,2025-11-06,80400.0,70471.1875,63122.0859375,77820.2890625,7349.1015625
lithium_carbonate,CEEMDAN-LSTM,2025-11-07,80400.0,70474.1171875,63125.015625,77823.21875,7349.1015625
lithium_carbonate,CEEMDAN-LSTM,2025-11-10,80750.0,70472.96875,63123.8671875,77822.0703125,7349.1015625
lithium_carbonate,CEEMDAN-LSTM,2025-11-11,82300.0,70470.9375,63121.8359375,77820.0390625,7349.1015625
lithium_carbonate,CEEMDAN-LSTM,2025-11-12,83300.0,70472.0859375,63122.984375,77821.1875,7349.1015625
lithium_carbonate,CEEMDAN-LSTM,2025-11-13,84350.0,70475.3671875,63126.265625,77824.46875,7349.1015625
lithium_carbonate,CEEMDAN-LSTM,2025-11-14,85150.0,70476.65625,63127.5546875,77825.7578125,7349.1015625
lithium_carbonate,CEEMDAN-LSTM,2025-11-17,86150.0,70475.015625,63125.9140625,77824.1171875,7349.1015625
lithium_carbonate,CEEMDAN-LSTM,2025-11-18,87400.0,70473.765625,63124.6640625,77822.8671875,7349.1015625
lithium_carbonate,CEEMDAN-LSTM,2025-11-19,88900.0,70475.2890625,63126.1875,77824.390625,7349.1015625
lithium_carbonate,CEEMDAN-LSTM,2025-11-20,91300.0,70477.671875,63128.5703125,77826.7734375,7349.1015625
lithium_carbonate,CEEMDAN-LSTM,2025-11-21,92300.0,70477.875,63128.7734375,77826.9765625,7349.1015625
lithium_carbonate,CEEMDAN-LSTM,2025-11-24,92150.0,70476.2578125,63127.15625,77825.359375,7349.1015625
lithium_carbonate,CEEMDAN-LSTM,2025-11-25,92050.0,70475.7421875,63126.640625,77824.84375,7349.1015625
lithium_carbonate,CEEMDAN-LSTM,2025-11-26,92800.0,70477.3515625,63128.25,77826.453125,7349.1015625
lithium_carbonate,CEEMDAN-LSTM,2025-11-27,93300.0,70478.875,63129.7734375,77827.9765625,7349.1015625
lithium_carbonate,CEEMDAN-LSTM,2025-11-28,93750.0,70478.4140625,63129.3125,77827.515625,7349.1015625
lithium_carbonate,CEEMDAN-LSTM,2025-12-01,94350.0,70477.09375,63127.9921875,77826.1953125,7349.1015625
lithium_carbonate,CEEMDAN-LSTM,2025-12-02,94400.0,70477.140625,63128.0390625,77826.2421875,7349.1015625
lithium_carbonate,CEEMDAN-LSTM,2025-12-03,94350.0,70478.5859375,63129.484375,77827.6875,7349.1015625
lithium_carbonate,CEEMDAN-LSTM,2025-12-04,94000.0,70479.3984375,63130.296875,77828.5,7349.1015625
lithium_carbonate,CEEMDAN-LSTM,2025-12-05,93250.0,70478.640625,63129.5390625,77827.7421875,7349.1015625
lithium_carbonate,CEEMDAN-LSTM,2025-12-08,92750.0,70477.734375,63128.6328125,77826.8359375,7349.1015625
lithium_carbonate,CEEMDAN-LSTM,2025-12-09,92750.0,70478.15625,63129.0546875,77827.2578125,7349.1015625
lithium_carbonate,CEEMDAN-LSTM,2025-12-10,92700.0,70479.3125,63130.2109375,77828.4140625,7349.1015625
lithium_carbonate,CEEMDAN-LSTM,2025-12-11,93500.0,70479.5859375,63130.484375,77828.6875,7349.1015625
lithium_carbonate,CEEMDAN-LSTM,2025-12-12,94500.0,70478.7734375,63129.671875,77827.875,7349.1015625
lithium_carbonate,CEEMDAN-LSTM,2025-12-15,95150.0,70478.2578125,63129.15625,77827.359375,7349.1015625
lithium_carbonate,CEEMDAN-LSTM,2025-12-16,95850.0,70478.8515625,63129.75,77827.953125,7349.1015625
lithium_carbonate,CEEMDAN-LSTM,2025-12-17,97050.0,70479.671875,63130.5703125,77828.7734375,7349.1015625
lithium_carbonate,CEEMDAN-LSTM,2025-12-18,97550.0,70479.5859375,63130.484375,77828.6875,7349.1015625
lithium_carbonate,CEEMDAN-LSTM,2025-12-19,97650.0,70478.8671875,63129.765625,77827.96875,7349.1015625
lithium_carbonate,CEEMDAN-LSTM,2025-12-22,99000.0,70478.6875,63129.5859375,77827.7890625,7349.1015625
lithium_carbonate,CEEMDAN-LSTM,2025-12-23,99500.0,70479.3046875,63130.203125,77828.40625,7349.1015625
lithium_carbonate,CEEMDAN-LSTM,2025-12-24,101500.0,70479.8125,63130.7109375,77828.9140625,7349.1015625
lithium_carbonate,CEEMDAN-LSTM,2025-12-25,104900.0,70479.5234375,63130.421875,77828.625,7349.1015625
lithium_carbonate,CEEMDAN-LSTM,2025-12-26,111900.0,70478.9765625,63129.875,77828.078125,7349.1015625
lithium_carbonate,CEEMDAN-LSTM,2025-12-29,118000.0,70479.03125,63129.9296875,77828.1328125,7349.1015625
lithium_carbonate,CEEMDAN-LSTM,2025-12-30,118000.0,70479.5859375,63130.484375,77828.6875,7349.1015625
lithium_carbonate,CEEMDAN-LSTM,2025-12-31,118500.0,70479.828125,63130.7265625,77828.9296875,7349.1015625
lithium_carbonate,CEEMDAN-LSTM,2026-01-05,119500.0,70479.4609375,63130.359375,77828.5625,7349.1015625
lithium_carbonate,CEEMDAN-LSTM,2026-01-06,127500.0,70479.1015625,63130.0,77828.203125,7349.1015625
lithium_carbonate,CEEMDAN-LSTM,2026-01-07,133500.0,70479.296875,63130.1953125,77828.3984375,7349.1015625
lithium_carbonate,CEEMDAN-LSTM,2026-01-08,138500.0,70479.7265625,63130.625,77828.828125,7349.1015625
lithium_carbonate,CEEMDAN-LSTM,2026-01-09,140000.0,70479.7734375,63130.671875,77828.875,7349.1015625
lithium_carbonate,CEEMDAN-LSTM,2026-01-12,152000.0,70479.4140625,63130.3125,77828.515625,7349.1015625
lithium_carbonate,CEEMDAN-LSTM,2026-01-13,159500.0,70479.234375,63130.1328125,77828.3359375,7349.1015625
lithium_carbonate,CEEMDAN-LSTM,2026-01-14,163000.0,70479.484375,63130.3828125,77828.5859375,7349.1015625
lithium_carbonate,CEEMDAN-LSTM,2026-01-15,159000.0,70479.78125,63130.6796875,77828.8828125,7349.1015625
lithium_carbonate,CEEMDAN-LSTM,2026-01-16,158000.0,70479.6953125,63130.59375,77828.796875,7349.1015625
lithium_carbonate,CEEMDAN-LSTM,2026-01-19,151000.0,70479.40625,63130.3046875,77828.5078125,7349.1015625
lithium_carbonate,CEEMDAN-LSTM,2026-01-20,152500.0,70479.3515625,63130.25,77828.453125,7349.1015625
lithium_carbonate,CEEMDAN-LSTM,2026-01-21,158500.0,70479.609375,63130.5078125,77828.7109375,7349.1015625
lithium_carbonate,CEEMDAN-LSTM,2026-01-22,164500.0,70479.7734375,63130.671875,77828.875,7349.1015625
lithium_carbonate,CEEMDAN-LSTM,2026-01-23,171000.0,70479.6328125,63130.53125,77828.734375,7349.1015625
lithium_carbonate,CEEMDAN-LSTM,2026-01-26,181500.0,70479.421875,63130.3203125,77828.5234375,7349.1015625
lithium_carbonate,CEEMDAN-LSTM,2026-01-27,172500.0,70479.4609375,63130.359375,77828.5625,7349.1015625
lithium_carbonate,CEEMDAN-LSTM,2026-01-28,172000.0,70479.6796875,63130.578125,77828.78125,7349.1015625
lithium_carbonate,CEEMDAN-LSTM,2026-01-29,168000.0,70479.75,63130.6484375,77828.8515625,7349.1015625
lithium_carbonate,CEEMDAN-LSTM,2026-01-30,160500.0,70479.5859375,63130.484375,77828.6875,7349.1015625
lithium_carbonate,CEEMDAN-LSTM,2026-02-02,155500.0,70479.4609375,63130.359375,77828.5625,7349.1015625
lithium_carbonate,CEEMDAN-LSTM,2026-02-03,153500.0,70479.546875,63130.4453125,77828.6484375,7349.1015625
lithium_carbonate,CEEMDAN-LSTM,2026-02-04,153000.0,70479.7109375,63130.609375,77828.8125,7349.1015625
lithium_carbonate,CEEMDAN-LSTM,2026-02-05,144000.0,70479.703125,63130.6015625,77828.8046875,7349.1015625
lithium_carbonate,CEEMDAN-LSTM,2026-02-06,134500.0,70479.5546875,63130.453125,77828.65625,7349.1015625
lithium_carbonate,CEEMDAN-LSTM,2026-02-09,135500.0,70479.4921875,63130.390625,77828.59375,7349.1015625
lithium_carbonate,CEEMDAN-LSTM,2026-02-10,136000.0,70479.6015625,63130.5,77828.703125,7349.1015625
lithium_carbonate,CEEMDAN-LSTM,2026-02-11,138000.0,70479.703125,63130.6015625,77828.8046875,7349.1015625
lithium_carbonate,CEEMDAN-LSTM,2026-02-12,142500.0,70479.6640625,63130.5625,77828.765625,7349.1015625
lithium_carbonate,CEEMDAN-LSTM,2026-02-13,143750.0,70479.546875,63130.4453125,77828.6484375,7349.1015625
lithium_carbonate,CEEMDAN-LSTM,2026-02-24,152000.0,70479.5390625,63130.4375,77828.640625,7349.1015625
lithium_carbonate,CEEMDAN-LSTM,2026-02-25,161750.0,70479.640625,63130.5390625,77828.7421875,7349.1015625
lithium_carbonate,CEEMDAN-LSTM,2026-02-26,173000.0,70479.6953125,63130.59375,77828.796875,7349.1015625
lithium_carbonate,CEEMDAN-LSTM,2026-02-27,172000.0,70479.6328125,63130.53125,77828.734375,7349.1015625
lithium_carbonate,CEEMDAN-LSTM,2026-03-02,172500.0,70479.5546875,63130.453125,77828.65625,7349.1015625
lithium_carbonate,CEEMDAN-LSTM,2026-03-03,161000.0,70479.5703125,63130.46875,77828.671875,7349.1015625
lithium_carbonate,CEEMDAN-LSTM,2026-03-04,154000.0,70479.65625,63130.5546875,77828.7578125,7349.1015625
lithium_carbonate,CEEMDAN-LSTM,2026-03-05,156000.0,70479.671875,63130.5703125,77828.7734375,7349.1015625
lithium_carbonate,CEEMDAN-LSTM,2026-03-06,155250.0,70479.609375,63130.5078125,77828.7109375,7349.1015625
lithium_carbonate,CEEMDAN-LSTM,2026-03-09,154750.0,70479.5625,63130.4609375,77828.6640625,7349.1015625
lithium_carbonate,CEEMDAN-LSTM,2026-03-10,158500.0,70479.6015625,63130.5,77828.703125,7349.1015625
lithium_carbonate,CEEMDAN-LSTM,2026-03-11,159000.0,70479.6640625,63130.5625,77828.765625,7349.1015625
lithium_carbonate,CEEMDAN-LSTM,2026-03-12,158000.0,70479.65625,63130.5546875,77828.7578125,7349.1015625
lithium_carbonate,ELM,2025-10-10,73550.0,43662.304410248864,-21999.29112186603,109323.89994236376,65661.5955321149
lithium_carbonate,ELM,2025-10-13,73100.0,20293.985772253058,-45367.609759861836,85955.58130436795,65661.5955321149
lithium_carbonate,ELM,2025-10-14,73000.0,44806.43912230733,-20855.15640980756,110468.03465442223,65661.5955321149
lithium_carbonate,ELM,2025-10-15,73000.0,37723.157521172674,-27938.43801094222,103384.75305328757,65661.5955321149
lithium_carbonate,ELM,2025-10-16,73000.0,38946.45472628348,-26715.140805831412,104608.05025839838,65661.5955321149
lithium_carbonate,ELM,2025-10-17,73350.0,32033.833306539862,-33627.76222557503,97695.42883865476,65661.5955321149
lithium_carbonate,ELM,2025-10-20,74000.0,33745.59749657774,-31915.99803553715,99407.19302869264,65661.5955321149
lithium_carbonate,ELM,2025-10-21,74100.0,42028.178597167906,-23633.41693494699,107689.7741292828,65661.5955321149
lithium_carbonate,ELM,2025-10-22,74350.0,40827.87895926072,-24833.716572854173,106489.47449137561,65661.5955321149
lithium_carbonate,ELM,2025-10-23,74800.0,42955.9762841152,-22705.619247999697,108617.57181623009,65661.5955321149
lithium_carbonate,ELM,2025-10-24,75400.0,44326.66892961861,-21334.926602496285,109988.2644617335,65661.5955321149
lithium_carbonate,ELM,2025-10-27,76550.0,48471.954353270456,-17189.64117884444,114133.54988538535,65661.5955321149
lithium_carbonate,ELM,2025-10-28,78500.0,46799.86069120272,-18861.734840912177,112461.45622331761,65661.5955321149
lithium_carbonate,ELM,2025-10-29,79150.0,46299.470392027695,-19362.1251400872,111961.06592414259,65661.5955321149
lithium_carbonate,ELM,2025-10-30,80000.0,28922.377608463532,-36739.21792365136,94583.97314057843,65661.5955321149
lithium_carbonate,ELM,2025-10-31,80550.0,41140.03433321533,-24521.561198899566,106801.62986533022,65661.5955321149
lithium_carbonate,ELM,2025-11-03,81000.0,41557.49574985819,-24104.0997822567,107219.09128197309,65661.5955321149
lithium_carbonate,ELM,2025-11-04,80900.0,29698.195747761332,-35963.39978435356,95359.79127987623,65661.5955321149
lithium_carbonate,ELM,2025-11-05,80500.0,23793.902495176037,-41867.69303693886,89455.49802729093,65661.5955321149
lithium_carbonate,ELM,2025-11-06,80400.0,31406.085035211974,-34255.51049690292,97067.68056732687,65661.5955321149
lithium_carbonate,ELM,2025-11-07,80400.0,11569.854513974758,-54091.741018140136,77231.45004608965,65661.5955321149
lithium_carbonate,ELM,2025-11-10,80750.0,30367.503848294335,-35294.09168382056,96029.09938040923,65661.5955321149
lithium_carbonate,ELM,2025-11-11,82300.0,29859.71829191329,-35801.877240201604,95521.31382402818,65661.5955321149
lithium_carbonate,ELM,2025-11-12,83300.0,30985.86126638236,-34675.734265732535,96647.45679849725,65661.5955321149
lithium_carbonate,ELM,2025-11-13,84350.0,30896.34921276527,-34765.24631934962,96557.94474488017,65661.5955321149
lithium_carbonate,ELM,2025-11-14,85150.0,35175.788899161664,-30485.80663295323,100837.38443127656,65661.5955321149
lithium_carbonate,ELM,2025-11-17,86150.0,44373.017931038296,-21288.5776010766,110034.61346315319,65661.5955321149
lithium_carbonate,ELM,2025-11-18,87400.0,25015.551269364165,-40646.04426275073,90677.14680147906,65661.5955321149
lithium_carbonate,ELM,2025-11-19,88900.0,42689.6914592401,-22971.904072874793,108351.286991355,65661.5955321149
lithium_carbonate,ELM,2025-11-20,91300.0,32117.09214166664,-33544.503390448255,97778.68767378153,65661.5955321149
lithium_carbonate,ELM,2025-11-21,92300.0,45054.08750948096,-20607.508022633934,110715.68304159585,65661.5955321149
lithium_carbonate,ELM,2025-11-24,92150.0,30725.93531918405,-34935.660212930845,96387.53085129894,65661.5955321149
lithium_carbonate,ELM,2025-11-25,92050.0,6057.768621635158,-59603.82691047974,71719.36415375005,65661.5955321149
lithium_carbonate,ELM,2025-11-26,92800.0,32587.291162971655,-33074.30436914324,98248.88669508655,65661.5955321149
lithium_carbonate,ELM,2025-11-27,93300.0,40403.956781818575,-25257.63875029632,106065.55231393347,65661.5955321149
lithium_carbonate,ELM,2025-11-28,93750.0,39239.10114740314,-26422.494384711754,104900.69667951803,65661.5955321149
lithium_carbonate,ELM,2025-12-01,94350.0,43305.80129645349,-22355.794235661408,108967.39682856838,65661.5955321149
lithium_carbonate,ELM,2025-12-02,94400.0,48726.43669911739,-16935.158832997506,114388.03223123228,65661.5955321149
lithium_carbonate,ELM,2025-12-03,94350.0,47319.06602190231,-18342.529510212582,112980.6615540172,65661.5955321149
lithium_carbonate,ELM,2025-12-04,94000.0,43215.284022643915,-22446.31150947098,108876.87955475881,65661.5955321149
lithium_carbonate,ELM,2025-12-05,93250.0,48912.418833727934,-16749.17669838696,114574.01436584283,65661.5955321149
lithium_carbonate,ELM,2025-12-08,92750.0,49386.67341915528,-16274.922112959612,115048.26895127018,65661.5955321149
lithium_carbonate,ELM,2025-12-09,92750.0,45680.80007602491,-19980.79545608998,111342.3956081398,65661.5955321149
lithium_carbonate,ELM,2025-12-10,92700.0,40620.69150436405,-25040.904027750847,106282.28703647894,65661.5955321149
lithium_carbonate,ELM,2025-12-11,93500.0,47869.508002860995,-17792.0875292539,113531.10353497589,65661.5955321149
lithium_carbonate,ELM,2025-12-12,94500.0,44230.989716746684,-21430.60581536821,109892.58524886158,65661.5955321149
lithium_carbonate,ELM,2025-12-15,95150.0,44701.45648934436,-20960.139042770534,110363.05202145925,65661.5955321149
lithium_carbonate,ELM,2025-12-16,95850.0,24456.769595155332,-41204.82593695956,90118.36512727023,65661.5955321149
lithium_carbonate,ELM,2025-12-17,97050.0,24304.33230374723,-41357.263228367665,89965.92783586212,65661.5955321149
lithium_carbonate,ELM,2025-12-18,97550.0,12660.773495497255,-53000.82203661764,78322.36902761215,65661.5955321149
lithium_carbonate,ELM,2025-12-19,97650.0,85414.53800165506,19752.94246954017,151076.13353376996,65661.5955321149
lithium_carbonate,ELM,2025-12-22,99000.0,33274.131644152425,-32387.46388796247,98935.72717626732,65661.5955321149
lithium_carbonate,ELM,2025-12-23,99500.0,40404.078484767015,-25257.51704734788,106065.67401688191,65661.5955321149
lithium_carbonate,ELM,2025-12-24,101500.0,43771.702361413336,-21889.893170701558,109433.29789352823,65661.5955321149
lithium_carbonate,ELM,2025-12-25,104900.0,41822.3201120725,-23839.275420042395,107483.9156441874,65661.5955321149
lithium_carbonate,ELM,2025-12-26,111900.0,43998.23613673316,-21663.359395381733,109659.83166884806,65661.5955321149
lithium_carbonate,ELM,2025-12-29,118000.0,43446.24064767815,-22215.354884436747,109107.83617979304,65661.5955321149
lithium_carbonate,ELM,2025-12-30,118000.0,71154.85705553932,5493.2615234244295,136816.45258765423,65661.5955321149
lithium_carbonate,ELM,2025-12-31,118500.0,42950.74388589582,-22710.851646219075,108612.33941801071,65661.5955321149
lithium_carbonate,ELM,2026-01-05,119500.0,43105.94619896512,-22555.649333149777,108767.54173108001,65661.5955321149
lithium_carbonate,ELM,2026-01-06,127500.0,86483.81379446297,20822.218262348077,152145.40932657785,65661.5955321149
lithium_carbonate,ELM,2026-01-07,133500.0,90474.14292909032,24812.547396975424,156135.7384612052,65661.5955321149
lithium_carbonate,ELM,2026-01-08,138500.0,82030.32883292722,16368.733300812324,147691.92436504213,65661.5955321149
lithium_carbonate,ELM,2026-01-09,140000.0,90190.01088476888,24528.41535265399,155851.60641688376,65661.5955321149
lithium_carbonate,ELM,2026-01-12,152000.0,94653.22061062901,28991.625078514116,160314.81614274392,65661.5955321149
lithium_carbonate,ELM,2026-01-13,159500.0,76891.56426408791,11229.968731973015,142553.1597962028,65661.5955321149
lithium_carbonate,ELM,2026-01-14,163000.0,85236.09531312584,19574.49978101095,150897.69084524072,65661.5955321149
lithium_carbonate,ELM,2026-01-15,159000.0,72269.34525179896,6607.74971968407,137930.94078391386,65661.5955321149
lithium_carbonate,ELM,2026-01-16,158000.0,85038.95966913685,19377.364137021956,150700.55520125176,65661.5955321149
lithium_carbonate,ELM,2026-01-19,151000.0,70733.49517127362,5071.899639158728,136395.0907033885,65661.5955321149
lithium_carbonate,ELM,2026-01-20,152500.0,104868.01168213799,39206.4161500231,170529.60721425287,65661.5955321149
lithium_carbonate,ELM,2026-01-21,158500.0,104648.6687451132,38987.07321299831,170310.2642772281,65661.5955321149
lithium_carbonate,ELM,2026-01-22,164500.0,109060.64443209293,43399.048899978035,174722.2399642078,65661.5955321149
lithium_carbonate,ELM,2026-01-23,171000.0,112826.082466559,47164.48693444411,178487.6779986739,65661.5955321149
lithium_carbonate,ELM,2026-01-26,181500.0,112272.22775453584,46610.63222242094,177933.82328665073,65661.5955321149
lithium_carbonate,ELM,2026-01-27,172500.0,86328.36079211756,20666.765260002663,151989.95632423245,65661.5955321149
lithium_carbonate,ELM,2026-01-28,172000.0,83570.34289786746,17908.74736575257,149231.93842998234,65661.5955321149
lithium_carbonate,ELM,2026-01-29,168000.0,83124.89133080965,17463.29579869476,148786.48686292453,65661.5955321149
lithium_carbonate,ELM,2026-01-30,160500.0,74978.64700857314,9317.051476458248,140640.24254068802,65661.5955321149
lithium_carbonate,ELM,2026-02-02,155500.0,75399.43140627051,9737.835874155615,141061.0269383854,65661.5955321149
lithium_carbonate,ELM,2026-02-03,153500.0,58031.98260219539,-7629.612929919502,123693.57813431029,65661.5955321149
lithium_carbonate,ELM,2026-02-04,153000.0,65199.53548617395,-462.060045940947,130861.13101828884,65661.5955321149
lithium_carbonate,ELM,2026-02-05,144000.0,58943.86247330671,-6717.733058808182,124605.4580054216,65661.5955321149
lithium_carbonate,ELM,2026-02-06,134500.0,51015.30183888129,-14646.293693233602,116676.89737099619,65661.5955321149
lithium_carbonate,ELM,2026-02-09,135500.0,50460.41185823917,-15201.183673875727,116122.00739035406,65661.5955321149
lithium_carbonate,ELM,2026-02-10,136000.0,49802.29298143125,-15859.302550683642,115463.88851354615,65661.5955321149
lithium_carbonate,ELM,2026-02-11,138000.0,49742.826724912215,-15918.76880720268,115404.42225702711,65661.5955321149
lithium_carbonate,ELM,2026-02-12,142500.0,47688.70382828609,-17972.891703828805,113350.29936040098,65661.5955321149
lithium_carbonate,ELM,2026-02-13,143750.0,43840.71818406934,-21820.877348045557,109502.31371618423,65661.5955321149
lithium_carbonate,ELM,2026-02-24,152000.0,50672.12396337952,-14989.471568735375,116333.71949549441,65661.5955321149
lithium_carbonate,ELM,2026-02-25,161750.0,52048.484188554765,-13613.11134356013,117710.07972066966,65661.5955321149
lithium_carbonate,ELM,2026-02-26,173000.0,50239.98069628977,-15421.614835825123,115901.57622840467,65661.5955321149
lithium_carbonate,ELM,2026-02-27,172000.0,50347.65236885173,-15313.94316326316,116009.24790096663,65661.5955321149
lithium_carbonate,ELM,2026-03-02,172500.0,52509.327757551684,-13152.26777456321,118170.92328966658,65661.5955321149
lithium_carbonate,ELM,2026-03-03,161000.0,71551.74200259175,5890.146470476859,137213.33753470663,65661.5955321149
lithium_carbonate,ELM,2026-03-04,154000.0,50999.85644498357,-14661.739087131326,116661.45197709846,65661.5955321149
lithium_carbonate,ELM,2026-03-05,156000.0,99973.66210472924,34312.06657261435,165635.25763684412,65661.5955321149
lithium_carbonate,ELM,2026-03-06,155250.0,58542.79945843921,-7118.796073675687,124204.39499055411,65661.5955321149
lithium_carbonate,ELM,2026-03-09,154750.0,58617.42351920444,-7044.172012910451,124279.01905131934,65661.5955321149
lithium_carbonate,ELM,2026-03-10,158500.0,37660.46960279727,-28001.125929317626,103322.06513491216,65661.5955321149
lithium_carbonate,ELM,2026-03-11,159000.0,46224.182757190676,-19437.412774924218,111885.77828930557,65661.5955321149
lithium_carbonate,ELM,2026-03-12,158000.0,42778.20582525783,-22883.389706857066,108439.80135737272,65661.5955321149
lithium_carbonate,ES,2025-10-10,73550.0,187568.76741842236,82430.73061833682,292706.8042185079,105138.03680008554
lithium_carbonate,ES,2025-10-13,73100.0,190529.01095786795,85390.97415778242,295667.0477579535,105138.03680008554
lithium_carbonate,ES,2025-10-14,73000.0,193489.25449731358,88351.21769722804,298627.2912973991,105138.03680008554
lithium_carbonate,ES,2025-10-15,73000.0,196449.49803675918,91311.46123667364,301587.5348368447,105138.03680008554
lithium_carbonate,ES,2025-10-16,73000.0,199409.74157620477,94271.70477611924,304547.77837629034,105138.03680008554
lithium_carbonate,ES,2025-10-17,73350.0,202369.98511565037,97231.94831556483,307508.0219157359,105138.03680008554
lithium_carbonate,ES,2025-10-20,74000.0,205330.22865509597,100192.19185501043,310468.2654551815,105138.03680008554
lithium_carbonate,ES,2025-10-21,74100.0,208290.4721945416,103152.43539445606,313428.50899462716,105138.03680008554
lithium_carbonate,ES,2025-10-22,74350.0,211250.7157339872,106112.67893390165,316388.75253407273,105138.03680008554
lithium_carbonate,ES,2025-10-23,74800.0,214210.9592734328,109072.92247334725,319348.9960735183,105138.03680008554
lithium_carbonate,ES,2025-10-24,75400.0,217171.20281287841,112033.16601279288,322309.239612964,105138.03680008554
lithium_carbonate,ES,2025-10-27,76550.0,220131.446352324,114993.40955223847,325269.48315240955,105138.03680008554
lithium_carbonate,ES,2025-10-28,78500.0,223091.6898917696,117953.65309168407,328229.7266918551,105138.03680008554
lithium_carbonate,ES,2025-10-29,79150.0,226051.9334312152,120913.89663112967,331189.97023130074,105138.03680008554
lithium_carbonate,ES,2025-10-30,80000.0,229012.1769706608,123874.14017057527,334150.21377074637,105138.03680008554
lithium_carbonate,ES,2025-10-31,80550.0,231972.42051010643,126834.38371002089,337110.45731019194,105138.03680008554
lithium_carbonate,ES,2025-11-03,81000.0,234932.66404955203,129794.62724946649,340070.70084963756,105138.03680008554
lithium_carbonate,ES,2025-11-04,80900.0,237892.90758899762,132754.87078891209,343030.9443890832,105138.03680008554
lithium_carbonate,ES,2025-11-05,80500.0,240853.15112844325,135715.1143283577,345991.18792852876,105138.03680008554
lithium_carbonate,ES,2025-11-06,80400.0,243813.39466788885,138675.3578678033,348951.4314679744,105138.03680008554
lithium_carbonate,ES,2025-11-07,80400.0,246773.63820733444,141635.6014072489,351911.67500742,105138.03680008554
lithium_carbonate,ES,2025-11-10,80750.0,249733.88174678004,144595.8449466945,354871.9185468656,105138.03680008554
lithium_carbonate,ES,2025-11-11,82300.0,252694.12528622564,147556.0884861401,357832.16208631115,105138.03680008554
lithium_carbonate,ES,2025-11-12,83300.0,255654.36882567126,150516.33202558573,360792.40562575683,105138.03680008554
lithium_carbonate,ES,2025-11-13,84350.0,258614.61236511686,153476.57556503132,363752.6491652024,105138.03680008554
lithium_carbonate,ES,2025-11-14,85150.0,261574.85590456246,156436.81910447692,366712.89270464797,105138.03680008554
lithium_carbonate,ES,2025-11-17,86150.0,264535.0994440081,159397.06264392255,369673.13624409365,105138.03680008554
lithium_carbonate,ES,2025-11-18,87400.0,267495.34298345365,162357.3061833681,372633.3797835392,105138.03680008554
lithium_carbonate,ES,2025-11-19,88900.0,270455.5865228993,165317.54972281374,375593.6233229848,105138.03680008554
lithium_carbonate,ES,2025-11-20,91300.0,273415.8300623449,168277.79326225937,378553.86686243047,105138.03680008554
lithium_carbonate,ES,2025-11-21,92300.0,276376.0736017905,171238.03680170493,381514.11040187604,105138.03680008554
lithium_carbonate,ES,2025-11-24,92150.0,279336.3171412361,174198.28034115056,384474.3539413216,105138.03680008554
lithium_carbonate,ES,2025-11-25,92050.0,282296.5606806817,177158.52388059619,387434.5974807673,105138.03680008554
lithium_carbonate,ES,2025-11-26,92800.0,285256.8042201273,180118.76742004175,390394.84102021286,105138.03680008554
lithium_carbonate,ES,2025-11-27,93300.0,288217.0477595729,183079.01095948738,393355.0845596584,105138.03680008554
lithium_carbonate,ES,2025-11-28,93750.0,291177.29129901854,186039.254498933,396315.3280991041,105138.03680008554
lithium_carbonate,ES,2025-12-01,94350.0,294137.5348384641,188999.49803837857,399275.5716385497,105138.03680008554
lithium_carbonate,ES,2025-12-02,94400.0,297097.7783779097,191959.74157782414,402235.81517799525,105138.03680008554
lithium_carbonate,ES,2025-12-03,94350.0,300058.0219173553,194919.98511726977,405196.0587174408,105138.03680008554
lithium_carbonate,ES,2025-12-04,94000.0,303018.26545680093,197880.2286567154,408156.3022568865,105138.03680008554
lithium_carbonate,ES,2025-12-05,93250.0,305978.5089962465,200840.47219616096,411116.54579633207,105138.03680008554
lithium_carbonate,ES,2025-12-08,92750.0,308938.7525356921,203800.7157356066,414076.78933577763,105138.03680008554
lithium_carbonate,ES,2025-12-09,92750.0,311898.99607513775,206760.9592750522,417037.0328752233,105138.03680008554
lithium_carbonate,ES,2025-12-10,92700.0,314859.2396145833,209721.20281449778,419997.2764146689,105138.03680008554
lithium_carbonate,ES,2025-12-11,93500.0,317819.48315402895,212681.4463539434,422957.51995411445,105138.03680008554
lithium_carbonate,ES,2025-12-12,94500.0,320779.7266934746,215641.68989338903,425917.76349356014,105138.03680008554
lithium_carbonate,ES,2025-12-15,95150.0,323739.97023292014,218601.9334328346,428878.0070330057,105138.03680008554
lithium_carbonate,ES,2025-12-16,95850.0,326700.21377236577,221562.17697228023,431838.2505724513,105138.03680008554
lithium_carbonate,ES,2025-12-17,97050.0,329660.4573118114,224522.42051172585,434798.49411189696,105138.03680008554
lithium_carbonate,ES,2025-12-18,97550.0,332620.70085125696,227482.66405117142,437758.7376513425,105138.03680008554
lithium_carbonate,ES,2025-12-19,97650.0,335580.9443907026,230442.90759061705,440718.9811907881,105138.03680008554
lithium_carbonate,ES,2025-12-22,99000.0,338541.1879301482,233403.15113006267,443679.2247302338,105138.03680008554
lithium_carbonate,ES,2025-12-23,99500.0,341501.4314695938,236363.39466950824,446639.46826967935,105138.03680008554
lithium_carbonate,ES,2025-12-24,101500.0,344461.6750090394,239323.63820895387,449599.7118091249,105138.03680008554
lithium_carbonate,ES,2025-12-25,104900.0,347421.918548485,242283.88174839944,452559.9553485705,105138.03680008554
lithium_carbonate,ES,2025-12-26,111900.0,350382.1620879306,245244.12528784506,455520.19888801617,105138.03680008554
lithium_carbonate,ES,2025-12-29,118000.0,353342.4056273762,248204.3688272907,458480.44242746173,105138.03680008554
lithium_carbonate,ES,2025-12-30,118000.0,356302.6491668218,251164.61236673626,461440.6859669073,105138.03680008554
lithium_carbonate,ES,2025-12-31,118500.0,359262.8927062674,254124.85590618188,464400.929506353,105138.03680008554
lithium_carbonate,ES,2026-01-05,119500.0,362223.136245713,257085.09944562745,467361.17304579855,105138.03680008554
lithium_carbonate,ES,2026-01-06,127500.0,365183.3797851586,260045.34298507308,470321.4165852441,105138.03680008554
lithium_carbonate,ES,2026-01-07,133500.0,368143.62332460424,263005.5865245187,473281.6601246898,105138.03680008554
lithium_carbonate,ES,2026-01-08,138500.0,371103.8668640498,265965.83006396424,476241.9036641354,105138.03680008554
lithium_carbonate,ES,2026-01-09,140000.0,374064.11040349543,268926.0736034099,479202.14720358094,105138.03680008554
lithium_carbonate,ES,2026-01-12,152000.0,377024.353942941,271886.3171428555,482162.3907430265,105138.03680008554
lithium_carbonate,ES,2026-01-13,159500.0,379984.5974823866,274846.56068230106,485122.6342824722,105138.03680008554
lithium_carbonate,ES,2026-01-14,163000.0,382944.84102183225,277806.80422174674,488082.87782191776,105138.03680008554
lithium_carbonate,ES,2026-01-15,159000.0,385905.0845612778,280767.0477611923,491043.12136136333,105138.03680008554
lithium_carbonate,ES,2026-01-16,158000.0,388865.32810072345,283727.2913006379,494003.364900809,105138.03680008554
lithium_carbonate,ES,2026-01-19,151000.0,391825.5716401691,286687.53484008356,496963.6084402546,105138.03680008554
lithium_carbonate,ES,2026-01-20,152500.0,394785.81517961464,289647.77837952913,499923.85197970015,105138.03680008554
lithium_carbonate,ES,2026-01-21,158500.0,397746.05871906027,292608.0219189747,502884.09551914583,105138.03680008554
lithium_carbonate,ES,2026-01-22,164500.0,400706.3022585059,295568.2654584204,505844.3390585914,105138.03680008554
lithium_carbonate,ES,2026-01-23,171000.0,403666.54579795146,298528.50899786595,508804.58259803697,105138.03680008554
lithium_carbonate,ES,2026-01-26,181500.0,406626.7893373971,301488.7525373115,511764.82613748265,105138.03680008554
lithium_carbonate,ES,2026-01-27,172500.0,409587.03287684266,304448.9960767571,514725.0696769282,105138.03680008554
lithium_carbonate,ES,2026-01-28,172000.0,412547.2764162883,307409.2396162028,517685.3132163738,105138.03680008554
lithium_carbonate,ES,2026-01-29,168000.0,415507.5199557339,310369.48315564834,520645.5567558195,105138.03680008554
lithium_carbonate,ES,2026-01-30,160500.0,418467.7634951795,313329.7266950939,523605.80029526504,105138.03680008554
lithium_carbonate,ES,2026-02-02,155500.0,421428.0070346251,316289.9702345396,526566.0438347106,105138.03680008554
lithium_carbonate,ES,2026-02-03,153500.0,424388.25057407067,319250.21377398516,529526.2873741562,105138.03680008554
lithium_carbonate,ES,2026-02-04,153000.0,427348.4941135163,322210.4573134307,532486.5309136019,105138.03680008554
lithium_carbonate,ES,2026-02-05,144000.0,430308.7376529619,325170.7008528764,535446.7744530474,105138.03680008554
lithium_carbonate,ES,2026-02-06,134500.0,433268.9811924075,328130.944392322,538407.017992493,105138.03680008554
lithium_carbonate,ES,2026-02-09,135500.0,436229.2247318531,331091.18793176755,541367.2615319387,105138.03680008554
lithium_carbonate,ES,2026-02-10,136000.0,439189.46827129874,334051.43147121323,544327.5050713843,105138.03680008554
lithium_carbonate,ES,2026-02-11,138000.0,442149.7118107443,337011.6750106588,547287.7486108298,105138.03680008554
lithium_carbonate,ES,2026-02-12,142500.0,445109.95535018994,339971.91855010437,550247.9921502755,105138.03680008554
lithium_carbonate,ES,2026-02-13,143750.0,448070.19888963556,342932.16208955005,553208.2356897211,105138.03680008554
lithium_carbonate,ES,2026-02-24,152000.0,451030.44242908113,345892.4056289956,556168.4792291666,105138.03680008554
lithium_carbonate,ES,2026-02-25,161750.0,453990.68596852676,348852.6491684412,559128.7227686123,105138.03680008554
lithium_carbonate,ES,2026-02-26,173000.0,456950.9295079723,351812.89270788676,562088.9663080579,105138.03680008554
lithium_carbonate,ES,2026-02-27,172000.0,459911.17304741795,354773.13624733244,565049.2098475035,105138.03680008554
lithium_carbonate,ES,2026-03-02,172500.0,462871.4165868636,357733.379786778,568009.4533869491,105138.03680008554
lithium_carbonate,ES,2026-03-03,161000.0,465831.66012630914,360693.6233262236,570969.6969263947,105138.03680008554
lithium_carbonate,ES,2026-03-04,154000.0,468791.90366575477,363653.86686566926,573929.9404658403,105138.03680008554
lithium_carbonate,ES,2026-03-05,156000.0,471752.14720520034,366614.1104051148,576890.1840052858,105138.03680008554
lithium_carbonate,ES,2026-03-06,155250.0,474712.39074464596,369574.3539445604,579850.4275447315,105138.03680008554
lithium_carbonate,ES,2026-03-09,154750.0,477672.6342840916,372534.5974840061,582810.6710841771,105138.03680008554
lithium_carbonate,ES,2026-03-10,158500.0,480632.87782353716,375494.84102345165,585770.9146236227,105138.03680008554
lithium_carbonate,ES,2026-03-11,159000.0,483593.1213629828,378455.0845628972,588731.1581630684,105138.03680008554
lithium_carbonate,ES,2026-03-12,158000.0,486553.3649024284,381415.3281023429,591691.4017025139,105138.03680008554
lithium_carbonate,Fixed VMD-LASSO-ARIMA/LSTM,2025-10-10,73550.0,70886.63374248435,52120.31343225745,89652.95405271125,18766.320310226904
lithium_carbonate,Fixed VMD-LASSO-ARIMA/LSTM,2025-10-13,73100.0,71384.76849679036,52618.44818656346,90151.08880701727,18766.320310226904
lithium_carbonate,Fixed VMD-LASSO-ARIMA/LSTM,2025-10-14,73000.0,71492.80749358745,52726.48718336054,90259.12780381435,18766.320310226904
lithium_carbonate,Fixed VMD-LASSO-ARIMA/LSTM,2025-10-15,73000.0,71524.83461698955,52758.51430676265,90291.15492721646,18766.320310226904
lithium_carbonate,Fixed VMD-LASSO-ARIMA/LSTM,2025-10-16,73000.0,71709.46901994666,52943.14870971975,90475.78933017356,18766.320310226904
lithium_carbonate,Fixed VMD-LASSO-ARIMA/LSTM,2025-10-17,73350.0,72063.13292267163,53296.81261244473,90829.45323289854,18766.320310226904
lithium_carbonate,Fixed VMD-LASSO-ARIMA/LSTM,2025-10-20,74000.0,72112.40725412003,53346.086943893126,90878.72756434693,18766.320310226904
lithium_carbonate,Fixed VMD-LASSO-ARIMA/LSTM,2025-10-21,74100.0,72223.894142516,53457.5738322891,90990.2144527429,18766.320310226904
lithium_carbonate,Fixed VMD-LASSO-ARIMA/LSTM,2025-10-22,74350.0,72521.53477852751,53755.214468300604,91287.85508875441,18766.320310226904
lithium_carbonate,Fixed VMD-LASSO-ARIMA/LSTM,2025-10-23,74800.0,72633.53926425288,53867.21895402597,91399.85957447978,18766.320310226904
lithium_carbonate,Fixed VMD-LASSO-ARIMA/LSTM,2025-10-24,75400.0,72734.42841980058,53968.10810957367,91500.74873002748,18766.320310226904
lithium_carbonate,Fixed VMD-LASSO-ARIMA/LSTM,2025-10-27,76550.0,72962.04596346764,54195.725653240734,91728.36627369454,18766.320310226904
lithium_carbonate,Fixed VMD-LASSO-ARIMA/LSTM,2025-10-28,78500.0,73210.61942546045,54444.299115233545,91976.93973568735,18766.320310226904
lithium_carbonate,Fixed VMD-LASSO-ARIMA/LSTM,2025-10-29,79150.0,73407.2965245928,54640.9762143659,92173.61683481971,18766.320310226904
lithium_carbonate,Fixed VMD-LASSO-ARIMA/LSTM,2025-10-30,80000.0,73653.55528737536,54887.23497714846,92419.87559760227,18766.320310226904
lithium_carbonate,Fixed VMD-LASSO-ARIMA/LSTM,2025-10-31,80550.0,73862.8495296873,55096.5292194604,92629.1698399142,18766.320310226904
lithium_carbonate,Fixed VMD-LASSO-ARIMA/LSTM,2025-11-03,81000.0,73990.63360948088,55224.313299253976,92756.95391970778,18766.320310226904
lithium_carbonate,Fixed VMD-LASSO-ARIMA/LSTM,2025-11-04,80900.0,74046.22863107684,55279.908320849936,92812.54894130374,18766.320310226904
lithium_carbonate,Fixed VMD-LASSO-ARIMA/LSTM,2025-11-05,80500.0,74201.35719364397,55435.036883417066,92967.67750387087,18766.320310226904
lithium_carbonate,Fixed VMD-LASSO-ARIMA/LSTM,2025-11-06,80400.0,74351.03158747632,55584.711277249415,93117.35189770322,18766.320310226904
lithium_carbonate,Fixed VMD-LASSO-ARIMA/LSTM,2025-11-07,80400.0,74555.83824971072,55789.51793948382,93322.15855993763,18766.320310226904
lithium_carbonate,Fixed VMD-LASSO-ARIMA/LSTM,2025-11-10,80750.0,74680.94952641033,55914.62921618343,93447.26983663724,18766.320310226904
lithium_carbonate,Fixed VMD-LASSO-ARIMA/LSTM,2025-11-11,82300.0,74724.1753179967,55957.8550077698,93490.49562822361,18766.320310226904
lithium_carbonate,Fixed VMD-LASSO-ARIMA/LSTM,2025-11-12,83300.0,74943.10464993774,56176.78433971084,93709.42496016464,18766.320310226904
lithium_carbonate,Fixed VMD-LASSO-ARIMA/LSTM,2025-11-13,84350.0,75089.84667622665,56323.52636599974,93856.16698645355,18766.320310226904
lithium_carbonate,Fixed VMD-LASSO-ARIMA/LSTM,2025-11-14,85150.0,75241.09489969385,56474.77458946695,94007.41520992076,18766.320310226904
lithium_carbonate,Fixed VMD-LASSO-ARIMA/LSTM,2025-11-17,86150.0,75554.19185087709,56787.87154065019,94320.512161104,18766.320310226904
lithium_carbonate,Fixed VMD-LASSO-ARIMA/LSTM,2025-11-18,87400.0,75425.22017941937,56658.899869192464,94191.54048964627,18766.320310226904
lithium_carbonate,Fixed VMD-LASSO-ARIMA/LSTM,2025-11-19,88900.0,75795.7766248432,57029.4563146163,94562.0969350701,18766.320310226904
lithium_carbonate,Fixed VMD-LASSO-ARIMA/LSTM,2025-11-20,91300.0,75796.28351158193,57029.96320135503,94562.60382180884,18766.320310226904
lithium_carbonate,Fixed VMD-LASSO-ARIMA/LSTM,2025-11-21,92300.0,76104.7126490781,57338.39233885119,94871.032959305,18766.320310226904
lithium_carbonate,Fixed VMD-LASSO-ARIMA/LSTM,2025-11-24,92150.0,76173.21854747011,57406.89823724321,94939.53885769701,18766.320310226904
lithium_carbonate,Fixed VMD-LASSO-ARIMA/LSTM,2025-11-25,92050.0,76229.33523545058,57463.01492522367,94995.65554567748,18766.320310226904
lithium_carbonate,Fixed VMD-LASSO-ARIMA/LSTM,2025-11-26,92800.0,76321.25986187163,57554.939551644726,95087.58017209853,18766.320310226904
lithium_carbonate,Fixed VMD-LASSO-ARIMA/LSTM,2025-11-27,93300.0,76431.97000422144,57665.649693994535,95198.29031444834,18766.320310226904
lithium_carbonate,Fixed VMD-LASSO-ARIMA/LSTM,2025-11-28,93750.0,76517.68931831008,57751.36900808317,95284.00962853698,18766.320310226904
lithium_carbonate,Fixed VMD-LASSO-ARIMA/LSTM,2025-12-01,94350.0,76665.75874401628,57899.43843378937,95432.07905424318,18766.320310226904
lithium_carbonate,Fixed VMD-LASSO-ARIMA/LSTM,2025-12-02,94400.0,76984.8356332777,58218.5153230508,95751.15594350461,18766.320310226904
lithium_carbonate,Fixed VMD-LASSO-ARIMA/LSTM,2025-12-03,94350.0,77112.52872611016,58346.20841588326,95878.84903633707,18766.320310226904
lithium_carbonate,Fixed VMD-LASSO-ARIMA/LSTM,2025-12-04,94000.0,77011.61433808944,58245.29402786253,95777.93464831634,18766.320310226904
lithium_carbonate,Fixed VMD-LASSO-ARIMA/LSTM,2025-12-05,93250.0,77370.78961733887,58604.46930711197,96137.10992756578,18766.320310226904
lithium_carbonate,Fixed VMD-LASSO-ARIMA/LSTM,2025-12-08,92750.0,77524.71610056158,58758.395790334675,96291.03641078848,18766.320310226904
lithium_carbonate,Fixed VMD-LASSO-ARIMA/LSTM,2025-12-09,92750.0,77498.89714854026,58732.576838313355,96265.21745876716,18766.320310226904
lithium_carbonate,Fixed VMD-LASSO-ARIMA/LSTM,2025-12-10,92700.0,77594.81247529435,58828.49216506745,96361.13278552126,18766.320310226904
lithium_carbonate,Fixed VMD-LASSO-ARIMA/LSTM,2025-12-11,93500.0,77662.72182103277,58896.40151080587,96429.04213125967,18766.320310226904
lithium_carbonate,Fixed VMD-LASSO-ARIMA/LSTM,2025-12-12,94500.0,77651.54550804019,58885.225197813284,96417.86581826709,18766.320310226904
lithium_carbonate,Fixed VMD-LASSO-ARIMA/LSTM,2025-12-15,95150.0,77863.21532635095,59096.89501612405,96629.53563657786,18766.320310226904
lithium_carbonate,Fixed VMD-LASSO-ARIMA/LSTM,2025-12-16,95850.0,78219.87178225811,59453.551472031206,96986.19209248501,18766.320310226904
lithium_carbonate,Fixed VMD-LASSO-ARIMA/LSTM,2025-12-17,97050.0,78350.3945415099,59584.074231283,97116.7148517368,18766.320310226904
lithium_carbonate,Fixed VMD-LASSO-ARIMA/LSTM,2025-12-18,97550.0,78518.29496081447,59751.97465058757,97284.61527104137,18766.320310226904
lithium_carbonate,Fixed VMD-LASSO-ARIMA/LSTM,2025-12-19,97650.0,79033.80598244198,60267.48567221507,97800.12629266888,18766.320310226904
lithium_carbonate,Fixed VMD-LASSO-ARIMA/LSTM,2025-12-22,99000.0,79042.048807653,60275.7284974261,97808.3691178799,18766.320310226904
lithium_carbonate,Fixed VMD-LASSO-ARIMA/LSTM,2025-12-23,99500.0,79078.49038263368,60312.17007240678,97844.81069286058,18766.320310226904
lithium_carbonate,Fixed VMD-LASSO-ARIMA/LSTM,2025-12-24,101500.0,79280.28372423876,60513.96341401186,98046.60403446566,18766.320310226904
lithium_carbonate,Fixed VMD-LASSO-ARIMA/LSTM,2025-12-25,104900.0,79568.74255647771,60802.422246250804,98335.06286670461,18766.320310226904
lithium_carbonate,Fixed VMD-LASSO-ARIMA/LSTM,2025-12-26,111900.0,79615.09051417685,60848.77020394994,98381.41082440375,18766.320310226904
lithium_carbonate,Fixed VMD-LASSO-ARIMA/LSTM,2025-12-29,118000.0,79715.51823485362,60949.197924626715,98481.83854508052,18766.320310226904
lithium_carbonate,Fixed VMD-LASSO-ARIMA/LSTM,2025-12-30,118000.0,80188.18465278076,61421.86434255386,98954.50496300767,18766.320310226904
lithium_carbonate,Fixed VMD-LASSO-ARIMA/LSTM,2025-12-31,118500.0,80258.00423528426,61491.683925057354,99024.32454551116,18766.320310226904
lithium_carbonate,Fixed VMD-LASSO-ARIMA/LSTM,2026-01-05,119500.0,80434.48463498497,61668.164324758065,99200.80494521187,18766.320310226904
lithium_carbonate,Fixed VMD-LASSO-ARIMA/LSTM,2026-01-06,127500.0,80737.70664188974,61971.38633166284,99504.02695211665,18766.320310226904
lithium_carbonate,Fixed VMD-LASSO-ARIMA/LSTM,2026-01-07,133500.0,80744.77717051882,61978.45686029192,99511.09748074572,18766.320310226904
lithium_carbonate,Fixed VMD-LASSO-ARIMA/LSTM,2026-01-08,138500.0,81002.1543039636,62235.8339937367,99768.4746141905,18766.320310226904
lithium_carbonate,Fixed VMD-LASSO-ARIMA/LSTM,2026-01-09,140000.0,81203.95141987389,62437.63110964699,99970.2717301008,18766.320310226904
lithium_carbonate,Fixed VMD-LASSO-ARIMA/LSTM,2026-01-12,152000.0,81158.00359294518,62391.68328271828,99924.32390317209,18766.320310226904
lithium_carbonate,Fixed VMD-LASSO-ARIMA/LSTM,2026-01-13,159500.0,81270.56220931343,62504.241899086526,100036.88251954033,18766.320310226904
lithium_carbonate,Fixed VMD-LASSO-ARIMA/LSTM,2026-01-14,163000.0,81426.37635358244,62660.05604335554,100192.69666380934,18766.320310226904
lithium_carbonate,Fixed VMD-LASSO-ARIMA/LSTM,2026-01-15,159000.0,81827.80848281363,63061.48817258673,100594.12879304054,18766.320310226904
lithium_carbonate,Fixed VMD-LASSO-ARIMA/LSTM,2026-01-16,158000.0,82004.07956224632,63237.759252019416,100770.39987247322,18766.320310226904
lithium_carbonate,Fixed VMD-LASSO-ARIMA/LSTM,2026-01-19,151000.0,82011.24975060047,63244.92944037357,100777.57006082738,18766.320310226904
lithium_carbonate,Fixed VMD-LASSO-ARIMA/LSTM,2026-01-20,152500.0,81808.18464291845,63041.86433269155,100574.50495314536,18766.320310226904
lithium_carbonate,Fixed VMD-LASSO-ARIMA/LSTM,2026-01-21,158500.0,82100.88304541066,63334.56273518376,100867.20335563757,18766.320310226904
lithium_carbonate,Fixed VMD-LASSO-ARIMA/LSTM,2026-01-22,164500.0,82123.78200023809,63357.46169001119,100890.102310465,18766.320310226904
lithium_carbonate,Fixed VMD-LASSO-ARIMA/LSTM,2026-01-23,171000.0,82128.22070314398,63361.90039291707,100894.54101337088,18766.320310226904
lithium_carbonate,Fixed VMD-LASSO-ARIMA/LSTM,2026-01-26,181500.0,82197.64290884619,63431.322598619285,100963.96321907309,18766.320310226904
lithium_carbonate,Fixed VMD-LASSO-ARIMA/LSTM,2026-01-27,172500.0,82689.81576305322,63923.49545282632,101456.13607328013,18766.320310226904
lithium_carbonate,Fixed VMD-LASSO-ARIMA/LSTM,2026-01-28,172000.0,82648.221278022,63881.900967795096,101414.5415882489,18766.320310226904
lithium_carbonate,Fixed VMD-LASSO-ARIMA/LSTM,2026-01-29,168000.0,82661.82134169033,63895.50103146343,101428.14165191723,18766.320310226904
lithium_carbonate,Fixed VMD-LASSO-ARIMA/LSTM,2026-01-30,160500.0,82672.30788229099,63905.987572064085,101438.62819251789,18766.320310226904
lithium_carbonate,Fixed VMD-LASSO-ARIMA/LSTM,2026-02-02,155500.0,82806.65041792813,64040.33010770123,101572.97072815504,18766.320310226904
lithium_carbonate,Fixed VMD-LASSO-ARIMA/LSTM,2026-02-03,153500.0,82555.38272539657,63789.06241516967,101321.70303562348,18766.320310226904
lithium_carbonate,Fixed VMD-LASSO-ARIMA/LSTM,2026-02-04,153000.0,82858.04650824414,64091.72619801723,101624.36681847104,18766.320310226904
lithium_carbonate,Fixed VMD-LASSO-ARIMA/LSTM,2026-02-05,144000.0,83148.44994559605,64382.12963536914,101914.77025582295,18766.320310226904
lithium_carbonate,Fixed VMD-LASSO-ARIMA/LSTM,2026-02-06,134500.0,83433.37199471837,64667.05168449147,102199.69230494527,18766.320310226904
lithium_carbonate,Fixed VMD-LASSO-ARIMA/LSTM,2026-02-09,135500.0,83558.97743907887,64792.65712885196,102325.29774930577,18766.320310226904
lithium_carbonate,Fixed VMD-LASSO-ARIMA/LSTM,2026-02-10,136000.0,83968.33660245415,65202.01629222724,102734.65691268105,18766.320310226904
lithium_carbonate,Fixed VMD-LASSO-ARIMA/LSTM,2026-02-11,138000.0,84130.25697050554,65363.93666027863,102896.57728073244,18766.320310226904
lithium_carbonate,Fixed VMD-LASSO-ARIMA/LSTM,2026-02-12,142500.0,84037.96001723006,65271.63970700315,102804.28032745696,18766.320310226904
lithium_carbonate,Fixed VMD-LASSO-ARIMA/LSTM,2026-02-13,143750.0,84326.36023330782,65560.03992308091,103092.68054353472,18766.320310226904
lithium_carbonate,Fixed VMD-LASSO-ARIMA/LSTM,2026-02-24,152000.0,84547.20390687625,65780.88359664935,103313.52421710316,18766.320310226904
lithium_carbonate,Fixed VMD-LASSO-ARIMA/LSTM,2026-02-25,161750.0,85304.86212248284,66538.54181225593,104071.18243270974,18766.320310226904
lithium_carbonate,Fixed VMD-LASSO-ARIMA/LSTM,2026-02-26,173000.0,85382.61269193747,66616.29238171056,104148.93300216437,18766.320310226904
lithium_carbonate,Fixed VMD-LASSO-ARIMA/LSTM,2026-02-27,172000.0,85436.64735989981,66670.32704967291,104202.96767012672,18766.320310226904
lithium_carbonate,Fixed VMD-LASSO-ARIMA/LSTM,2026-03-02,172500.0,85649.06741655285,66882.74710632594,104415.38772677975,18766.320310226904
lithium_carbonate,Fixed VMD-LASSO-ARIMA/LSTM,2026-03-03,161000.0,85533.16284167983,66766.84253145293,104299.48315190674,18766.320310226904
lithium_carbonate,Fixed VMD-LASSO-ARIMA/LSTM,2026-03-04,154000.0,85568.12616296299,66801.80585273608,104334.44647318989,18766.320310226904
lithium_carbonate,Fixed VMD-LASSO-ARIMA/LSTM,2026-03-05,156000.0,85801.49521693039,67035.17490670348,104567.81552715729,18766.320310226904
lithium_carbonate,Fixed VMD-LASSO-ARIMA/LSTM,2026-03-06,155250.0,85992.92107287781,67226.60076265091,104759.24138310472,18766.320310226904
lithium_carbonate,Fixed VMD-LASSO-ARIMA/LSTM,2026-03-09,154750.0,86123.78953401315,67357.46922378625,104890.10984424005,18766.320310226904
lithium_carbonate,Fixed VMD-LASSO-ARIMA/LSTM,2026-03-10,158500.0,85756.41458851406,66990.09427828716,104522.73489874096,18766.320310226904
lithium_carbonate,Fixed VMD-LASSO-ARIMA/LSTM,2026-03-11,159000.0,86041.65237642656,67275.33206619965,104807.97268665346,18766.320310226904
lithium_carbonate,Fixed VMD-LASSO-ARIMA/LSTM,2026-03-12,158000.0,86087.05610965996,67320.73579943305,104853.37641988686,18766.320310226904
lithium_carbonate,LSTM,2025-10-10,73550.0,138409.65625,72627.6875,204191.625,65781.96875
lithium_carbonate,LSTM,2025-10-13,73100.0,138121.859375,72339.890625,203903.828125,65781.96875
lithium_carbonate,LSTM,2025-10-14,73000.0,137186.21875,71404.25,202968.1875,65781.96875
lithium_carbonate,LSTM,2025-10-15,73000.0,141765.453125,75983.484375,207547.421875,65781.96875
lithium_carbonate,LSTM,2025-10-16,73000.0,144759.78125,78977.8125,210541.75,65781.96875
lithium_carbonate,LSTM,2025-10-17,73350.0,147971.765625,82189.796875,213753.734375,65781.96875
lithium_carbonate,LSTM,2025-10-20,74000.0,144553.71875,78771.75,210335.6875,65781.96875
lithium_carbonate,LSTM,2025-10-21,74100.0,147964.71875,82182.75,213746.6875,65781.96875
lithium_carbonate,LSTM,2025-10-22,74350.0,149382.703125,83600.734375,215164.671875,65781.96875
lithium_carbonate,LSTM,2025-10-23,74800.0,146807.171875,81025.203125,212589.140625,65781.96875
lithium_carbonate,LSTM,2025-10-24,75400.0,146805.09375,81023.125,212587.0625,65781.96875
lithium_carbonate,LSTM,2025-10-27,76550.0,146469.203125,80687.234375,212251.171875,65781.96875
lithium_carbonate,LSTM,2025-10-28,78500.0,143966.578125,78184.609375,209748.546875,65781.96875
lithium_carbonate,LSTM,2025-10-29,79150.0,141520.84375,75738.875,207302.8125,65781.96875
lithium_carbonate,LSTM,2025-10-30,80000.0,140371.921875,74589.953125,206153.890625,65781.96875
lithium_carbonate,LSTM,2025-10-31,80550.0,143162.890625,77380.921875,208944.859375,65781.96875
lithium_carbonate,LSTM,2025-11-03,81000.0,140299.546875,74517.578125,206081.515625,65781.96875
lithium_carbonate,LSTM,2025-11-04,80900.0,142118.15625,76336.1875,207900.125,65781.96875
lithium_carbonate,LSTM,2025-11-05,80500.0,138465.328125,72683.359375,204247.296875,65781.96875
lithium_carbonate,LSTM,2025-11-06,80400.0,141912.71875,76130.75,207694.6875,65781.96875
lithium_carbonate,LSTM,2025-11-07,80400.0,138977.953125,73195.984375,204759.921875,65781.96875
lithium_carbonate,LSTM,2025-11-10,80750.0,139588.28125,73806.3125,205370.25,65781.96875
lithium_carbonate,LSTM,2025-11-11,82300.0,141880.78125,76098.8125,207662.75,65781.96875
lithium_carbonate,LSTM,2025-11-12,83300.0,143715.953125,77933.984375,209497.921875,65781.96875
lithium_carbonate,LSTM,2025-11-13,84350.0,143576.640625,77794.671875,209358.609375,65781.96875
lithium_carbonate,LSTM,2025-11-14,85150.0,141424.984375,75643.015625,207206.953125,65781.96875
lithium_carbonate,LSTM,2025-11-17,86150.0,145043.703125,79261.734375,210825.671875,65781.96875
lithium_carbonate,LSTM,2025-11-18,87400.0,143156.953125,77374.984375,208938.921875,65781.96875
lithium_carbonate,LSTM,2025-11-19,88900.0,143620.140625,77838.171875,209402.109375,65781.96875
lithium_carbonate,LSTM,2025-11-20,91300.0,145315.953125,79533.984375,211097.921875,65781.96875
lithium_carbonate,LSTM,2025-11-21,92300.0,145270.78125,79488.8125,211052.75,65781.96875
lithium_carbonate,LSTM,2025-11-24,92150.0,140636.90625,74854.9375,206418.875,65781.96875
lithium_carbonate,LSTM,2025-11-25,92050.0,146136.953125,80354.984375,211918.921875,65781.96875
lithium_carbonate,LSTM,2025-11-26,92800.0,151817.140625,86035.171875,217599.109375,65781.96875
lithium_carbonate,LSTM,2025-11-27,93300.0,150260.640625,84478.671875,216042.609375,65781.96875
lithium_carbonate,LSTM,2025-11-28,93750.0,150562.25,84780.28125,216344.21875,65781.96875
lithium_carbonate,LSTM,2025-12-01,94350.0,150952.578125,85170.609375,216734.546875,65781.96875
lithium_carbonate,LSTM,2025-12-02,94400.0,153277.140625,87495.171875,219059.109375,65781.96875
lithium_carbonate,LSTM,2025-12-03,94350.0,153158.515625,87376.546875,218940.484375,65781.96875
lithium_carbonate,LSTM,2025-12-04,94000.0,155282.765625,89500.796875,221064.734375,65781.96875
lithium_carbonate,LSTM,2025-12-05,93250.0,152389.359375,86607.390625,218171.328125,65781.96875
lithium_carbonate,LSTM,2025-12-08,92750.0,150657.546875,84875.578125,216439.515625,65781.96875
lithium_carbonate,LSTM,2025-12-09,92750.0,150090.5625,84308.59375,215872.53125,65781.96875
lithium_carbonate,LSTM,2025-12-10,92700.0,152207.390625,86425.421875,217989.359375,65781.96875
lithium_carbonate,LSTM,2025-12-11,93500.0,151422.375,85640.40625,217204.34375,65781.96875
lithium_carbonate,LSTM,2025-12-12,94500.0,154055.46875,88273.5,219837.4375,65781.96875
lithium_carbonate,LSTM,2025-12-15,95150.0,153898.328125,88116.359375,219680.296875,65781.96875
lithium_carbonate,LSTM,2025-12-16,95850.0,149674.859375,83892.890625,215456.828125,65781.96875
lithium_carbonate,LSTM,2025-12-17,97050.0,147508.640625,81726.671875,213290.609375,65781.96875
lithium_carbonate,LSTM,2025-12-18,97550.0,143740.359375,77958.390625,209522.328125,65781.96875
lithium_carbonate,LSTM,2025-12-19,97650.0,145536.234375,79754.265625,211318.203125,65781.96875
lithium_carbonate,LSTM,2025-12-22,99000.0,144959.71875,79177.75,210741.6875,65781.96875
lithium_carbonate,LSTM,2025-12-23,99500.0,145620.78125,79838.8125,211402.75,65781.96875
lithium_carbonate,LSTM,2025-12-24,101500.0,145326.671875,79544.703125,211108.640625,65781.96875
lithium_carbonate,LSTM,2025-12-25,104900.0,148938.46875,83156.5,214720.4375,65781.96875
lithium_carbonate,LSTM,2025-12-26,111900.0,146226.265625,80444.296875,212008.234375,65781.96875
lithium_carbonate,LSTM,2025-12-29,118000.0,146028.40625,80246.4375,211810.375,65781.96875
lithium_carbonate,LSTM,2025-12-30,118000.0,146964.453125,81182.484375,212746.421875,65781.96875
lithium_carbonate,LSTM,2025-12-31,118500.0,146389.4375,80607.46875,212171.40625,65781.96875
lithium_carbonate,LSTM,2026-01-05,119500.0,148436.5625,82654.59375,214218.53125,65781.96875
lithium_carbonate,LSTM,2026-01-06,127500.0,153084.609375,87302.640625,218866.578125,65781.96875
lithium_carbonate,LSTM,2026-01-07,133500.0,153429.75,87647.78125,219211.71875,65781.96875
lithium_carbonate,LSTM,2026-01-08,138500.0,158123.140625,92341.171875,223905.109375,65781.96875
lithium_carbonate,LSTM,2026-01-09,140000.0,160379.6875,94597.71875,226161.65625,65781.96875
lithium_carbonate,LSTM,2026-01-12,152000.0,159596.6875,93814.71875,225378.65625,65781.96875
lithium_carbonate,LSTM,2026-01-13,159500.0,164815.125,99033.15625,230597.09375,65781.96875
lithium_carbonate,LSTM,2026-01-14,163000.0,167176.53125,101394.5625,232958.5,65781.96875
lithium_carbonate,LSTM,2026-01-15,159000.0,176408.59375,110626.625,242190.5625,65781.96875
lithium_carbonate,LSTM,2026-01-16,158000.0,178319.5625,112537.59375,244101.53125,65781.96875
lithium_carbonate,LSTM,2026-01-19,151000.0,176666.4375,110884.46875,242448.40625,65781.96875
lithium_carbonate,LSTM,2026-01-20,152500.0,179392.125,113610.15625,245174.09375,65781.96875
lithium_carbonate,LSTM,2026-01-21,158500.0,185212.6875,119430.71875,250994.65625,65781.96875
lithium_carbonate,LSTM,2026-01-22,164500.0,186910.90625,121128.9375,252692.875,65781.96875
lithium_carbonate,LSTM,2026-01-23,171000.0,188600.125,122818.15625,254382.09375,65781.96875
lithium_carbonate,LSTM,2026-01-26,181500.0,192465.234375,126683.265625,258247.203125,65781.96875
lithium_carbonate,LSTM,2026-01-27,172500.0,185751.328125,119969.359375,251533.296875,65781.96875
lithium_carbonate,LSTM,2026-01-28,172000.0,183342.75,117560.78125,249124.71875,65781.96875
lithium_carbonate,LSTM,2026-01-29,168000.0,179904.109375,114122.140625,245686.078125,65781.96875
lithium_carbonate,LSTM,2026-01-30,160500.0,175016.328125,109234.359375,240798.296875,65781.96875
lithium_carbonate,LSTM,2026-02-02,155500.0,169269.296875,103487.328125,235051.265625,65781.96875
lithium_carbonate,LSTM,2026-02-03,153500.0,175813.703125,110031.734375,241595.671875,65781.96875
lithium_carbonate,LSTM,2026-02-04,153000.0,179576.390625,113794.421875,245358.359375,65781.96875
lithium_carbonate,LSTM,2026-02-05,144000.0,180655.5625,114873.59375,246437.53125,65781.96875
lithium_carbonate,LSTM,2026-02-06,134500.0,175898.953125,110116.984375,241680.921875,65781.96875
lithium_carbonate,LSTM,2026-02-09,135500.0,174732.109375,108950.140625,240514.078125,65781.96875
lithium_carbonate,LSTM,2026-02-10,136000.0,174730.65625,108948.6875,240512.625,65781.96875
lithium_carbonate,LSTM,2026-02-11,138000.0,172643.90625,106861.9375,238425.875,65781.96875
lithium_carbonate,LSTM,2026-02-12,142500.0,168262.5,102480.53125,234044.46875,65781.96875
lithium_carbonate,LSTM,2026-02-13,143750.0,166653.953125,100871.984375,232435.921875,65781.96875
lithium_carbonate,LSTM,2026-02-24,152000.0,166352.421875,100570.453125,232134.390625,65781.96875
lithium_carbonate,LSTM,2026-02-25,161750.0,169970.328125,104188.359375,235752.296875,65781.96875
lithium_carbonate,LSTM,2026-02-26,173000.0,170929.875,105147.90625,236711.84375,65781.96875
lithium_carbonate,LSTM,2026-02-27,172000.0,170200.109375,104418.140625,235982.078125,65781.96875
lithium_carbonate,LSTM,2026-03-02,172500.0,171064.453125,105282.484375,236846.421875,65781.96875
lithium_carbonate,LSTM,2026-03-03,161000.0,180059.96875,114278.0,245841.9375,65781.96875
lithium_carbonate,LSTM,2026-03-04,154000.0,176845.0625,111063.09375,242627.03125,65781.96875
lithium_carbonate,LSTM,2026-03-05,156000.0,178115.328125,112333.359375,243897.296875,65781.96875
lithium_carbonate,LSTM,2026-03-06,155250.0,181430.640625,115648.671875,247212.609375,65781.96875
lithium_carbonate,LSTM,2026-03-09,154750.0,180109.5,114327.53125,245891.46875,65781.96875
lithium_carbonate,LSTM,2026-03-10,158500.0,176656.046875,110874.078125,242438.015625,65781.96875
lithium_carbonate,LSTM,2026-03-11,159000.0,176308.78125,110526.8125,242090.75,65781.96875
lithium_carbonate,LSTM,2026-03-12,158000.0,177703.84375,111921.875,243485.8125,65781.96875
lithium_carbonate,MLP,2025-10-10,73550.0,-122775.40336973232,-378719.9446261404,133169.13788667577,255944.5412564081
lithium_carbonate,MLP,2025-10-13,73100.0,-146844.2507191603,-402788.7919755684,109100.29053724778,255944.5412564081
lithium_carbonate,MLP,2025-10-14,73000.0,-96057.03833184915,-352001.57958825724,159887.50292455894,255944.5412564081
lithium_carbonate,MLP,2025-10-15,73000.0,-80583.88640107209,-336528.4276574802,175360.654855336,255944.5412564081
lithium_carbonate,MLP,2025-10-16,73000.0,-81120.71625188051,-337065.2575082886,174823.82500452758,255944.5412564081
lithium_carbonate,MLP,2025-10-17,73350.0,-87785.7779652788,-343730.3192216869,168158.7632911293,255944.5412564081
lithium_carbonate,MLP,2025-10-20,74000.0,-99452.54827889559,-355397.08953530365,156491.9929775125,255944.5412564081
lithium_carbonate,MLP,2025-10-21,74100.0,-104369.82325928076,-360314.36451568885,151574.71799712733,255944.5412564081
lithium_carbonate,MLP,2025-10-22,74350.0,-105649.14729645057,-361593.68855285866,150295.39395995752,255944.5412564081
lithium_carbonate,MLP,2025-10-23,74800.0,-110281.87998972216,-366226.42124613025,145662.66126668593,255944.5412564081
lithium_carbonate,MLP,2025-10-24,75400.0,-112380.35450491845,-368324.89576132654,143564.18675148964,255944.5412564081
lithium_carbonate,MLP,2025-10-27,76550.0,-115993.3724939168,-371937.91375032486,139951.1687624913,255944.5412564081
lithium_carbonate,MLP,2025-10-28,78500.0,-56821.16262750185,-312765.70388390997,199123.37862890624,255944.5412564081
lithium_carbonate,MLP,2025-10-29,79150.0,-64188.24518826927,-320132.7864446774,191756.29606813882,255944.5412564081
lithium_carbonate,MLP,2025-10-30,80000.0,-60644.372643184266,-316588.91389959236,195300.16861322382,255944.5412564081
lithium_carbonate,MLP,2025-10-31,80550.0,-42579.27650193978,-298523.81775834784,213365.2647544683,255944.5412564081
lithium_carbonate,MLP,2025-11-03,81000.0,-55098.622195076896,-311043.163451485,200845.9190613312,255944.5412564081
lithium_carbonate,MLP,2025-11-04,80900.0,-42866.30711624844,-298810.8483726565,213078.23414015965,255944.5412564081
lithium_carbonate,MLP,2025-11-05,80500.0,-54658.78469110848,-310603.3259475166,201285.7565652996,255944.5412564081
lithium_carbonate,MLP,2025-11-06,80400.0,-34060.95156544974,-290005.4928218578,221883.58969095835,255944.5412564081
lithium_carbonate,MLP,2025-11-07,80400.0,-53488.28754695671,-309432.82880336477,202456.25370945138,255944.5412564081
lithium_carbonate,MLP,2025-11-10,80750.0,-56799.43767095785,-312743.97892736597,199145.10358545024,255944.5412564081
lithium_carbonate,MLP,2025-11-11,82300.0,-24845.944198214333,-280790.4854546224,231098.59705819376,255944.5412564081
lithium_carbonate,MLP,2025-11-12,83300.0,-22004.29712338734,-277948.83837979543,233940.24413302075,255944.5412564081
lithium_carbonate,MLP,2025-11-13,84350.0,-25363.433345923404,-281307.9746023315,230581.1079104847,255944.5412564081
lithium_carbonate,MLP,2025-11-14,85150.0,-41103.47465035861,-297048.0159067667,214841.06660604948,255944.5412564081
lithium_carbonate,MLP,2025-11-17,86150.0,-29578.502052469674,-285523.04330887774,226366.03920393842,255944.5412564081
lithium_carbonate,MLP,2025-11-18,87400.0,-19148.026104658522,-275092.5673610666,236796.51515174957,255944.5412564081
lithium_carbonate,MLP,2025-11-19,88900.0,-33032.26165673873,-288976.8029131468,222912.27959966936,255944.5412564081
lithium_carbonate,MLP,2025-11-20,91300.0,-3783.9212719968054,-259728.4625284049,252160.61998441129,255944.5412564081
lithium_carbonate,MLP,2025-11-21,92300.0,-11486.46258660403,-267431.00384301215,244458.07866980406,255944.5412564081
lithium_carbonate,MLP,2025-11-24,92150.0,-31086.59493018742,-287031.13618659554,224857.94632622067,255944.5412564081
lithium_carbonate,MLP,2025-11-25,92050.0,-92285.43003754073,-348229.9712939488,163659.11121886736,255944.5412564081
lithium_carbonate,MLP,2025-11-26,92800.0,-78987.55970767862,-334932.1009640867,176956.98154872947,255944.5412564081
lithium_carbonate,MLP,2025-11-27,93300.0,-94949.2075272688,-350893.7487836769,160995.3337291393,255944.5412564081
lithium_carbonate,MLP,2025-11-28,93750.0,-90154.98567277132,-346099.52692917944,165789.55558363677,255944.5412564081
lithium_carbonate,MLP,2025-12-01,94350.0,-97443.61602627684,-353388.15728268493,158500.92523013125,255944.5412564081
lithium_carbonate,MLP,2025-12-02,94400.0,-103375.06455313842,-359319.60580954654,152569.47670326967,255944.5412564081
lithium_carbonate,MLP,2025-12-03,94350.0,-90161.87148215654,-346106.41273856466,165782.66977425155,255944.5412564081
lithium_carbonate,MLP,2025-12-04,94000.0,-61750.75471211414,-317695.2959685222,194193.78654429395,255944.5412564081
lithium_carbonate,MLP,2025-12-05,93250.0,-105988.28356573655,-361932.82482214464,149956.25769067154,255944.5412564081
lithium_carbonate,MLP,2025-12-08,92750.0,-105755.08118159635,-361699.6224380045,150189.46007481174,255944.5412564081
lithium_carbonate,MLP,2025-12-09,92750.0,-98281.86915837188,-354226.41041477997,157662.67209803622,255944.5412564081
lithium_carbonate,MLP,2025-12-10,92700.0,-84831.07021079908,-340775.6114672072,171113.471045609,255944.5412564081
lithium_carbonate,MLP,2025-12-11,93500.0,-101136.49909583307,-357081.04035224114,154808.04216057502,255944.5412564081
lithium_carbonate,MLP,2025-12-12,94500.0,-76420.27203822392,-332364.813294632,179524.26921818417,255944.5412564081
lithium_carbonate,MLP,2025-12-15,95150.0,-86588.15238169624,-342532.69363810436,169356.38887471185,255944.5412564081
lithium_carbonate,MLP,2025-12-16,95850.0,-28147.83062167288,-284092.371878081,227796.7106347352,255944.5412564081
lithium_carbonate,MLP,2025-12-17,97050.0,-29403.98973588567,-285348.53099229373,226540.55152052242,255944.5412564081
lithium_carbonate,MLP,2025-12-18,97550.0,-38912.78144491426,-294857.3227013224,217031.75981149383,255944.5412564081
lithium_carbonate,MLP,2025-12-19,97650.0,-55232.7261933659,-311177.26744977396,200711.8150630422,255944.5412564081
lithium_carbonate,MLP,2025-12-22,99000.0,-50075.765815641,-306020.3070720491,205868.7754407671,255944.5412564081
lithium_carbonate,MLP,2025-12-23,99500.0,-34723.96144999386,-290668.502706402,221220.57980641423,255944.5412564081
lithium_carbonate,MLP,2025-12-24,101500.0,-54020.39304884127,-309964.93430524936,201924.14820756682,255944.5412564081
lithium_carbonate,MLP,2025-12-25,104900.0,-33842.02852428591,-289786.569780694,222102.51273212218,255944.5412564081
lithium_carbonate,MLP,2025-12-26,111900.0,-53756.95471214276,-309701.49596855085,202187.58654426533,255944.5412564081
lithium_carbonate,MLP,2025-12-29,118000.0,-52558.81052712788,-308503.35178353597,203385.7307292802,255944.5412564081
lithium_carbonate,MLP,2025-12-30,118000.0,-44557.04689347578,-300501.5881498839,211387.4943629323,255944.5412564081
lithium_carbonate,MLP,2025-12-31,118500.0,-35551.48165608727,-291496.02291249536,220393.05960032082,255944.5412564081
lithium_carbonate,MLP,2026-01-05,119500.0,-31106.418329710403,-287050.95958611846,224838.1229266977,255944.5412564081
lithium_carbonate,MLP,2026-01-06,127500.0,-31896.7532810423,-287841.2945374504,224047.7879753658,255944.5412564081
lithium_carbonate,MLP,2026-01-07,133500.0,-33945.27188363229,-289889.8131400404,221999.2693727758,255944.5412564081
lithium_carbonate,MLP,2026-01-08,138500.0,-25311.850967880513,-281256.3922242886,230632.69028852758,255944.5412564081
lithium_carbonate,MLP,2026-01-09,140000.0,-27232.034425679594,-283176.5756820877,228712.5068307285,255944.5412564081
lithium_carbonate,MLP,2026-01-12,152000.0,-40875.503167905496,-296820.0444243136,215069.0380885026,255944.5412564081
lithium_carbonate,MLP,2026-01-13,159500.0,-32147.682840724126,-288092.2240971322,223796.85841568396,255944.5412564081
lithium_carbonate,MLP,2026-01-14,163000.0,-47518.111934920424,-303462.6531913285,208426.42932148767,255944.5412564081
lithium_carbonate,MLP,2026-01-15,159000.0,16778.19864835986,-239166.34260804823,272722.73990476795,255944.5412564081
lithium_carbonate,MLP,2026-01-16,158000.0,-35075.97830061414,-291020.51955702226,220868.56295579395,255944.5412564081
lithium_carbonate,MLP,2026-01-19,151000.0,-50296.85335795654,-306241.3946143646,205647.68789845155,255944.5412564081
lithium_carbonate,MLP,2026-01-20,152500.0,-58230.15867929271,-314174.6999357008,197714.38257711538,255944.5412564081
lithium_carbonate,MLP,2026-01-21,158500.0,-40468.66470435151,-296413.2059607596,215475.87655205658,255944.5412564081
lithium_carbonate,MLP,2026-01-22,164500.0,-48623.672511529265,-304568.2137679374,207320.86874487883,255944.5412564081
lithium_carbonate,MLP,2026-01-23,171000.0,-48986.88641651193,-304931.42767292005,206957.65483989616,255944.5412564081
lithium_carbonate,MLP,2026-01-26,181500.0,-44260.20582509291,-300204.747081501,211684.33543131518,255944.5412564081
lithium_carbonate,MLP,2026-01-27,172500.0,167201.56666974642,-88742.97458666167,423146.1079261545,255944.5412564081
lithium_carbonate,MLP,2026-01-28,172000.0,165243.90469320345,-90700.63656320464,421188.44594961155,255944.5412564081
lithium_carbonate,MLP,2026-01-29,168000.0,165169.5270663274,-90775.01419008069,421114.0683227355,255944.5412564081
lithium_carbonate,MLP,2026-01-30,160500.0,163284.21894834374,-92660.32230806435,419228.76020475186,255944.5412564081
lithium_carbonate,MLP,2026-02-02,155500.0,143967.65318459357,-111976.88807181452,399912.19444100163,255944.5412564081
lithium_carbonate,MLP,2026-02-03,153500.0,-87202.56260905572,-343147.1038654638,168741.97864735237,255944.5412564081
lithium_carbonate,MLP,2026-02-04,153000.0,-59552.17272030105,-315496.7139767092,196392.36853610704,255944.5412564081
lithium_carbonate,MLP,2026-02-05,144000.0,-75524.98141614947,-331469.52267255756,180419.55984025862,255944.5412564081
lithium_carbonate,MLP,2026-02-06,134500.0,-69116.35829026936,-325060.8995466775,186828.18296613873,255944.5412564081
lithium_carbonate,MLP,2026-02-09,135500.0,-69352.59854350332,-325297.1397999114,186591.94271290477,255944.5412564081
lithium_carbonate,MLP,2026-02-10,136000.0,-34822.48735633984,-290767.0286127479,221122.05390006825,255944.5412564081
lithium_carbonate,MLP,2026-02-11,138000.0,-32626.01884567979,-288570.5601020879,223318.5224107283,255944.5412564081
lithium_carbonate,MLP,2026-02-12,142500.0,-30119.523976454715,-286064.06523286283,225825.01727995338,255944.5412564081
lithium_carbonate,MLP,2026-02-13,143750.0,-29697.65658475965,-285642.19784116774,226246.88467164844,255944.5412564081
lithium_carbonate,MLP,2026-02-24,152000.0,-31334.892656241398,-287279.4339126495,224609.6486001667,255944.5412564081
lithium_carbonate,MLP,2026-02-25,161750.0,-63444.31390232177,-319388.8551587298,192500.22735408632,255944.5412564081
lithium_carbonate,MLP,2026-02-26,173000.0,-48878.97769344458,-304823.5189498527,207065.5635629635,255944.5412564081
lithium_carbonate,MLP,2026-02-27,172000.0,-60123.60318432897,-316068.1444407371,195820.93807207912,255944.5412564081
lithium_carbonate,MLP,2026-03-02,172500.0,-52372.73083372667,-308317.2720901348,203571.81042268142,255944.5412564081
lithium_carbonate,MLP,2026-03-03,161000.0,-28269.730151558586,-284214.2714079667,227674.8111048495,255944.5412564081
lithium_carbonate,MLP,2026-03-04,154000.0,-58458.534849241405,-314403.07610564947,197486.0064071667,255944.5412564081
lithium_carbonate,MLP,2026-03-05,156000.0,-50731.50674673816,-306676.04800314625,205213.03450966993,255944.5412564081
lithium_carbonate,MLP,2026-03-06,155250.0,-50723.544874630665,-306668.0861310387,205220.99638177743,255944.5412564081
lithium_carbonate,MLP,2026-03-09,154750.0,-47012.560204808804,-302957.1014612169,208931.9810515993,255944.5412564081
lithium_carbonate,MLP,2026-03-10,158500.0,-31924.75712380829,-287869.29838021635,224019.7841325998,255944.5412564081
lithium_carbonate,MLP,2026-03-11,159000.0,-64127.41382024772,-320071.95507665584,191817.12743616037,255944.5412564081
lithium_carbonate,MLP,2026-03-12,158000.0,-35988.081106340775,-291932.62236274884,219956.46015006732,255944.5412564081
lithium_carbonate,Proposed Adaptive Decomposition-Routing Ensemble,2025-10-10,73550.0,74920.09112494194,73781.70499785541,76058.47725202848,1138.386127086531
lithium_carbonate,Proposed Adaptive Decomposition-Routing Ensemble,2025-10-13,73100.0,74386.4905395689,73248.10441248237,75524.87666665543,1138.386127086531
lithium_carbonate,Proposed Adaptive Decomposition-Routing Ensemble,2025-10-14,73000.0,74752.54433207288,73614.15820498635,75890.93045915941,1138.386127086531
lithium_carbonate,Proposed Adaptive Decomposition-Routing Ensemble,2025-10-15,73000.0,74227.33551140265,73088.94938431612,75365.72163848918,1138.386127086531
lithium_carbonate,Proposed Adaptive Decomposition-Routing Ensemble,2025-10-16,73000.0,73545.92112042478,72407.53499333825,74684.30724751131,1138.386127086531
lithium_carbonate,Proposed Adaptive Decomposition-Routing Ensemble,2025-10-17,73350.0,73963.82795375735,72825.44182667082,75102.21408084389,1138.386127086531
lithium_carbonate,Proposed Adaptive Decomposition-Routing Ensemble,2025-10-20,74000.0,73956.17617757725,72817.79005049072,75094.56230466378,1138.386127086531
lithium_carbonate,Proposed Adaptive Decomposition-Routing Ensemble,2025-10-21,74100.0,74176.785085519,73038.39895843247,75315.17121260554,1138.386127086531
lithium_carbonate,Proposed Adaptive Decomposition-Routing Ensemble,2025-10-22,74350.0,74024.41851154808,72886.03238446155,75162.80463863461,1138.386127086531
lithium_carbonate,Proposed Adaptive Decomposition-Routing Ensemble,2025-10-23,74800.0,74396.49055257457,73258.10442548804,75534.8766796611,1138.386127086531
lithium_carbonate,Proposed Adaptive Decomposition-Routing Ensemble,2025-10-24,75400.0,75245.7089409211,74107.32281383457,76384.09506800763,1138.386127086531
lithium_carbonate,Proposed Adaptive Decomposition-Routing Ensemble,2025-10-27,76550.0,75708.94649470961,74570.56036762308,76847.33262179614,1138.386127086531
lithium_carbonate,Proposed Adaptive Decomposition-Routing Ensemble,2025-10-28,78500.0,77410.82339723186,76272.43727014532,78549.20952431839,1138.386127086531
lithium_carbonate,Proposed Adaptive Decomposition-Routing Ensemble,2025-10-29,79150.0,77442.88897204003,76304.5028449535,78581.27509912656,1138.386127086531
lithium_carbonate,Proposed Adaptive Decomposition-Routing Ensemble,2025-10-30,80000.0,78491.57991640455,77353.19378931801,79629.96604349108,1138.386127086531
lithium_carbonate,Proposed Adaptive Decomposition-Routing Ensemble,2025-10-31,80550.0,79078.76724443221,77940.38111734568,80217.15337151874,1138.386127086531
lithium_carbonate,Proposed Adaptive Decomposition-Routing Ensemble,2025-11-03,81000.0,79460.86488008621,78322.47875299968,80599.25100717274,1138.386127086531
lithium_carbonate,Proposed Adaptive Decomposition-Routing Ensemble,2025-11-04,80900.0,79669.34177887157,78530.95565178504,80807.7279059581,1138.386127086531
lithium_carbonate,Proposed Adaptive Decomposition-Routing Ensemble,2025-11-05,80500.0,79285.39331330906,78147.00718622253,80423.77944039559,1138.386127086531
lithium_carbonate,Proposed Adaptive Decomposition-Routing Ensemble,2025-11-06,80400.0,78672.86940009796,77534.48327301143,79811.25552718449,1138.386127086531
lithium_carbonate,Proposed Adaptive Decomposition-Routing Ensemble,2025-11-07,80400.0,78817.0405897863,77678.65446269976,79955.42671687283,1138.386127086531
lithium_carbonate,Proposed Adaptive Decomposition-Routing Ensemble,2025-11-10,80750.0,79464.54608437336,78326.15995728683,80602.93221145989,1138.386127086531
lithium_carbonate,Proposed Adaptive Decomposition-Routing Ensemble,2025-11-11,82300.0,80282.14816154532,79143.76203445879,81420.53428863185,1138.386127086531
lithium_carbonate,Proposed Adaptive Decomposition-Routing Ensemble,2025-11-12,83300.0,81855.05213096835,80716.66600388182,82993.43825805488,1138.386127086531
lithium_carbonate,Proposed Adaptive Decomposition-Routing Ensemble,2025-11-13,84350.0,82978.89212729517,81840.50600020864,84117.2782543817,1138.386127086531
lithium_carbonate,Proposed Adaptive Decomposition-Routing Ensemble,2025-11-14,85150.0,84276.11494731018,83137.72882022365,85414.50107439671,1138.386127086531
lithium_carbonate,Proposed Adaptive Decomposition-Routing Ensemble,2025-11-17,86150.0,85164.43412336796,84026.04799628143,86302.82025045449,1138.386127086531
lithium_carbonate,Proposed Adaptive Decomposition-Routing Ensemble,2025-11-18,87400.0,86225.77643069126,85087.39030360473,87364.16255777779,1138.386127086531
lithium_carbonate,Proposed Adaptive Decomposition-Routing Ensemble,2025-11-19,88900.0,86609.70150440616,85471.31537731962,87748.08763149269,1138.386127086531
lithium_carbonate,Proposed Adaptive Decomposition-Routing Ensemble,2025-11-20,91300.0,87584.8421598801,86446.45603279358,88723.22828696664,1138.386127086531
lithium_carbonate,Proposed Adaptive Decomposition-Routing Ensemble,2025-11-21,92300.0,88474.34540506471,87335.95927797818,89612.73153215124,1138.386127086531
lithium_carbonate,Proposed Adaptive Decomposition-Routing Ensemble,2025-11-24,92150.0,87887.98001591746,86749.59388883093,89026.366143004,1138.386127086531
lithium_carbonate,Proposed Adaptive Decomposition-Routing Ensemble,2025-11-25,92050.0,90907.83405565782,89769.44792857129,92046.22018274435,1138.386127086531
lithium_carbonate,Proposed Adaptive Decomposition-Routing Ensemble,2025-11-26,92800.0,91398.65104027983,90260.2649131933,92537.03716736636,1138.386127086531
lithium_carbonate,Proposed Adaptive Decomposition-Routing Ensemble,2025-11-27,93300.0,91915.61832732863,90777.2322002421,93054.00445441516,1138.386127086531
lithium_carbonate,Proposed Adaptive Decomposition-Routing Ensemble,2025-11-28,93750.0,92442.11840943716,91303.73228235063,93580.50453652369,1138.386127086531
lithium_carbonate,Proposed Adaptive Decomposition-Routing Ensemble,2025-12-01,94350.0,92829.41768049148,91691.03155340494,93967.803807578,1138.386127086531
lithium_carbonate,Proposed Adaptive Decomposition-Routing Ensemble,2025-12-02,94400.0,93558.10928685471,92419.72315976818,94696.49541394124,1138.386127086531
lithium_carbonate,Proposed Adaptive Decomposition-Routing Ensemble,2025-12-03,94350.0,91437.17942573235,90298.79329864582,92575.56555281888,1138.386127086531
lithium_carbonate,Proposed Adaptive Decomposition-Routing Ensemble,2025-12-04,94000.0,92417.35931358681,91278.97318650028,93555.74544067335,1138.386127086531
lithium_carbonate,Proposed Adaptive Decomposition-Routing Ensemble,2025-12-05,93250.0,91179.13284591521,90040.74671882868,92317.51897300174,1138.386127086531
lithium_carbonate,Proposed Adaptive Decomposition-Routing Ensemble,2025-12-08,92750.0,91527.79670932762,90389.4105822411,92666.18283641415,1138.386127086531
lithium_carbonate,Proposed Adaptive Decomposition-Routing Ensemble,2025-12-09,92750.0,91006.89447535924,89868.5083482727,92145.28060244577,1138.386127086531
lithium_carbonate,Proposed Adaptive Decomposition-Routing Ensemble,2025-12-10,92700.0,91041.0911966666,89902.70506958007,92179.47732375313,1138.386127086531
lithium_carbonate,Proposed Adaptive Decomposition-Routing Ensemble,2025-12-11,93500.0,90928.927656436,89790.54152934947,92067.31378352254,1138.386127086531
lithium_carbonate,Proposed Adaptive Decomposition-Routing Ensemble,2025-12-12,94500.0,93431.6484751391,92293.26234805257,94570.03460222563,1138.386127086531
lithium_carbonate,Proposed Adaptive Decomposition-Routing Ensemble,2025-12-15,95150.0,92788.11576864604,91649.7296415595,93926.50189573257,1138.386127086531
lithium_carbonate,Proposed Adaptive Decomposition-Routing Ensemble,2025-12-16,95850.0,95069.51019074125,93931.12406365472,96207.89631782778,1138.386127086531
lithium_carbonate,Proposed Adaptive Decomposition-Routing Ensemble,2025-12-17,97050.0,95537.7526326072,94399.36650552067,96676.13875969373,1138.386127086531
lithium_carbonate,Proposed Adaptive Decomposition-Routing Ensemble,2025-12-18,97550.0,96726.31202378836,95587.92589670182,97864.69815087489,1138.386127086531
lithium_carbonate,Proposed Adaptive Decomposition-Routing Ensemble,2025-12-19,97650.0,95204.87306336137,94066.48693627484,96343.2591904479,1138.386127086531
lithium_carbonate,Proposed Adaptive Decomposition-Routing Ensemble,2025-12-22,99000.0,96840.08568398672,95701.69955690019,97978.47181107325,1138.386127086531
lithium_carbonate,Proposed Adaptive Decomposition-Routing Ensemble,2025-12-23,99500.0,96766.49345136622,95628.10732427968,97904.87957845275,1138.386127086531
lithium_carbonate,Proposed Adaptive Decomposition-Routing Ensemble,2025-12-24,101500.0,100415.06017473747,99276.67404765094,101553.446301824,1138.386127086531
lithium_carbonate,Proposed Adaptive Decomposition-Routing Ensemble,2025-12-25,104900.0,105349.2178910774,104210.83176399086,106487.60401816393,1138.386127086531
lithium_carbonate,Proposed Adaptive Decomposition-Routing Ensemble,2025-12-26,111900.0,110320.75744994679,109182.37132286026,111459.14357703332,1138.386127086531
lithium_carbonate,Proposed Adaptive Decomposition-Routing Ensemble,2025-12-29,118000.0,113238.40764412301,112100.02151703648,114376.79377120954,1138.386127086531
lithium_carbonate,Proposed Adaptive Decomposition-Routing Ensemble,2025-12-30,118000.0,115535.45477798655,114397.06865090002,116673.84090507308,1138.386127086531
lithium_carbonate,Proposed Adaptive Decomposition-Routing Ensemble,2025-12-31,118500.0,115263.97846798392,114125.59234089739,116402.36459507045,1138.386127086531
lithium_carbonate,Proposed Adaptive Decomposition-Routing Ensemble,2026-01-05,119500.0,116920.72283783021,115782.33671074368,118059.10896491674,1138.386127086531
lithium_carbonate,Proposed Adaptive Decomposition-Routing Ensemble,2026-01-06,127500.0,123598.60749993616,122460.22137284963,124736.99362702269,1138.386127086531
lithium_carbonate,Proposed Adaptive Decomposition-Routing Ensemble,2026-01-07,133500.0,128760.57250005855,127622.18637297202,129898.95862714508,1138.386127086531
lithium_carbonate,Proposed Adaptive Decomposition-Routing Ensemble,2026-01-08,138500.0,134576.88252965777,133438.49640257124,135715.2686567443,1138.386127086531
lithium_carbonate,Proposed Adaptive Decomposition-Routing Ensemble,2026-01-09,140000.0,136586.08122577763,135447.6950986911,137724.46735286416,1138.386127086531
lithium_carbonate,Proposed Adaptive Decomposition-Routing Ensemble,2026-01-12,152000.0,146275.5583960334,145137.17226894686,147413.94452311992,1138.386127086531
lithium_carbonate,Proposed Adaptive Decomposition-Routing Ensemble,2026-01-13,159500.0,153280.60761228425,152142.22148519772,154418.99373937078,1138.386127086531
lithium_carbonate,Proposed Adaptive Decomposition-Routing Ensemble,2026-01-14,163000.0,157289.51847325594,156151.1323461694,158427.90460034247,1138.386127086531
lithium_carbonate,Proposed Adaptive Decomposition-Routing Ensemble,2026-01-15,159000.0,156890.21518405393,155751.8290569674,158028.60131114046,1138.386127086531
lithium_carbonate,Proposed Adaptive Decomposition-Routing Ensemble,2026-01-16,158000.0,156548.10885364027,155409.72272655374,157686.4949807268,1138.386127086531
lithium_carbonate,Proposed Adaptive Decomposition-Routing Ensemble,2026-01-19,151000.0,151921.6361242395,150783.24999715298,153060.02225132604,1138.386127086531
lithium_carbonate,Proposed Adaptive Decomposition-Routing Ensemble,2026-01-20,152500.0,153151.40470727597,152013.01858018944,154289.7908343625,1138.386127086531
lithium_carbonate,Proposed Adaptive Decomposition-Routing Ensemble,2026-01-21,158500.0,156651.56838302227,155513.18225593574,157789.9545101088,1138.386127086531
lithium_carbonate,Proposed Adaptive Decomposition-Routing Ensemble,2026-01-22,164500.0,162574.83481147324,161436.4486843867,163713.22093855977,1138.386127086531
lithium_carbonate,Proposed Adaptive Decomposition-Routing Ensemble,2026-01-23,171000.0,168602.99958305282,167464.6134559663,169741.38571013935,1138.386127086531
lithium_carbonate,Proposed Adaptive Decomposition-Routing Ensemble,2026-01-26,181500.0,175975.5750895443,174837.18896245776,177113.96121663082,1138.386127086531
lithium_carbonate,Proposed Adaptive Decomposition-Routing Ensemble,2026-01-27,172500.0,170712.34353530456,169573.95740821803,171850.7296623911,1138.386127086531
lithium_carbonate,Proposed Adaptive Decomposition-Routing Ensemble,2026-01-28,172000.0,166322.8159473307,165184.42982024417,167461.20207441723,1138.386127086531
lithium_carbonate,Proposed Adaptive Decomposition-Routing Ensemble,2026-01-29,168000.0,163200.75992359928,162062.37379651275,164339.1460506858,1138.386127086531
lithium_carbonate,Proposed Adaptive Decomposition-Routing Ensemble,2026-01-30,160500.0,158738.9397979404,157600.55367085387,159877.32592502693,1138.386127086531
lithium_carbonate,Proposed Adaptive Decomposition-Routing Ensemble,2026-02-02,155500.0,157119.69476359605,155981.30863650952,158258.08089068258,1138.386127086531
lithium_carbonate,Proposed Adaptive Decomposition-Routing Ensemble,2026-02-03,153500.0,156043.67011183756,154905.28398475103,157182.0562389241,1138.386127086531
lithium_carbonate,Proposed Adaptive Decomposition-Routing Ensemble,2026-02-04,153000.0,153753.78518356086,152615.39905647433,154892.1713106474,1138.386127086531
lithium_carbonate,Proposed Adaptive Decomposition-Routing Ensemble,2026-02-05,144000.0,145374.75688264662,144236.37075556008,146513.14300973315,1138.386127086531
lithium_carbonate,Proposed Adaptive Decomposition-Routing Ensemble,2026-02-06,134500.0,138248.3326069177,137109.94647983118,139386.71873400424,1138.386127086531
lithium_carbonate,Proposed Adaptive Decomposition-Routing Ensemble,2026-02-09,135500.0,138720.28227460166,137581.89614751513,139858.6684016882,1138.386127086531
lithium_carbonate,Proposed Adaptive Decomposition-Routing Ensemble,2026-02-10,136000.0,139260.54111362426,138122.15498653773,140398.9272407108,1138.386127086531
lithium_carbonate,Proposed Adaptive Decomposition-Routing Ensemble,2026-02-11,138000.0,137211.10836954237,136072.72224245584,138349.4944966289,1138.386127086531
lithium_carbonate,Proposed Adaptive Decomposition-Routing Ensemble,2026-02-12,142500.0,142353.75510644374,141215.3689793572,143492.14123353027,1138.386127086531
lithium_carbonate,Proposed Adaptive Decomposition-Routing Ensemble,2026-02-13,143750.0,142064.62157647114,140926.2354493846,143203.00770355767,1138.386127086531
lithium_carbonate,Proposed Adaptive Decomposition-Routing Ensemble,2026-02-24,152000.0,147166.45093018693,146028.0648031004,148304.83705727346,1138.386127086531
lithium_carbonate,Proposed Adaptive Decomposition-Routing Ensemble,2026-02-25,161750.0,156449.0521018522,155310.66597476567,157587.43822893873,1138.386127086531
lithium_carbonate,Proposed Adaptive Decomposition-Routing Ensemble,2026-02-26,173000.0,165679.68379949726,164541.29767241073,166818.0699265838,1138.386127086531
lithium_carbonate,Proposed Adaptive Decomposition-Routing Ensemble,2026-02-27,172000.0,164237.1729196477,163098.78679256118,165375.55904673424,1138.386127086531
lithium_carbonate,Proposed Adaptive Decomposition-Routing Ensemble,2026-03-02,172500.0,166059.31980665692,164920.9336795704,167197.70593374345,1138.386127086531
lithium_carbonate,Proposed Adaptive Decomposition-Routing Ensemble,2026-03-03,161000.0,156834.71703674438,155696.33090965785,157973.1031638309,1138.386127086531
lithium_carbonate,Proposed Adaptive Decomposition-Routing Ensemble,2026-03-04,154000.0,152817.8863409778,151679.50021389127,153956.27246806433,1138.386127086531
lithium_carbonate,Proposed Adaptive Decomposition-Routing Ensemble,2026-03-05,156000.0,153029.0295883095,151890.64346122296,154167.41571539603,1138.386127086531
lithium_carbonate,Proposed Adaptive Decomposition-Routing Ensemble,2026-03-06,155250.0,154059.34420145155,152920.95807436501,155197.73032853808,1138.386127086531
lithium_carbonate,Proposed Adaptive Decomposition-Routing Ensemble,2026-03-09,154750.0,153775.41252857566,152637.02640148913,154913.7986556622,1138.386127086531
lithium_carbonate,Proposed Adaptive Decomposition-Routing Ensemble,2026-03-10,158500.0,163977.29655586372,162838.9104287772,165115.68268295025,1138.386127086531
lithium_carbonate,Proposed Adaptive Decomposition-Routing Ensemble,2026-03-11,159000.0,159662.71599302208,158524.32986593555,160801.1021201086,1138.386127086531
lithium_carbonate,Proposed Adaptive Decomposition-Routing Ensemble,2026-03-12,158000.0,160114.61510977102,158976.2289826845,161253.00123685756,1138.386127086531
lithium_carbonate,RF,2025-10-10,73550.0,78383.5,74829.69999999998,81937.30000000002,3553.8000000000175
lithium_carbonate,RF,2025-10-13,73100.0,78321.0,74767.19999999998,81874.80000000002,3553.8000000000175
lithium_carbonate,RF,2025-10-14,73000.0,78296.5,74742.69999999998,81850.30000000002,3553.8000000000175
lithium_carbonate,RF,2025-10-15,73000.0,79129.0,75575.19999999998,82682.80000000002,3553.8000000000175
lithium_carbonate,RF,2025-10-16,73000.0,79183.50000000001,75629.7,82737.30000000003,3553.8000000000175
lithium_carbonate,RF,2025-10-17,73350.0,78235.50000000001,74681.7,81789.30000000003,3553.8000000000175
lithium_carbonate,RF,2025-10-20,74000.0,78464.5,74910.69999999998,82018.30000000002,3553.8000000000175
lithium_carbonate,RF,2025-10-21,74100.0,79118.5,75564.69999999998,82672.30000000002,3553.8000000000175
lithium_carbonate,RF,2025-10-22,74350.0,79134.5,75580.69999999998,82688.30000000002,3553.8000000000175
lithium_carbonate,RF,2025-10-23,74800.0,78038.00000000001,74484.2,81591.80000000003,3553.8000000000175
lithium_carbonate,RF,2025-10-24,75400.0,80731.00000000003,77177.20000000001,84284.80000000005,3553.8000000000175
lithium_carbonate,RF,2025-10-27,76550.0,80751.20000000001,77197.4,84305.00000000003,3553.8000000000175
lithium_carbonate,RF,2025-10-28,78500.0,81701.20000000001,78147.4,85255.00000000003,3553.8000000000175
lithium_carbonate,RF,2025-10-29,79150.0,80947.5,77393.69999999998,84501.30000000002,3553.8000000000175
lithium_carbonate,RF,2025-10-30,80000.0,82041.50000000003,78487.70000000001,85595.30000000005,3553.8000000000175
lithium_carbonate,RF,2025-10-31,80550.0,83280.0,79726.19999999998,86833.80000000002,3553.8000000000175
lithium_carbonate,RF,2025-11-03,81000.0,83515.0,79961.19999999998,87068.80000000002,3553.8000000000175
lithium_carbonate,RF,2025-11-04,80900.0,80664.50000000001,77110.7,84218.30000000003,3553.8000000000175
lithium_carbonate,RF,2025-11-05,80500.0,81118.00000000003,77564.20000000001,84671.80000000005,3553.8000000000175
lithium_carbonate,RF,2025-11-06,80400.0,81150.50000000003,77596.70000000001,84704.30000000005,3553.8000000000175
lithium_carbonate,RF,2025-11-07,80400.0,81187.00000000003,77633.20000000001,84740.80000000005,3553.8000000000175
lithium_carbonate,RF,2025-11-10,80750.0,81357.50000000003,77803.70000000001,84911.30000000005,3553.8000000000175
lithium_carbonate,RF,2025-11-11,82300.0,80965.50000000003,77411.70000000001,84519.30000000005,3553.8000000000175
lithium_carbonate,RF,2025-11-12,83300.0,81988.50000000003,78434.70000000001,85542.30000000005,3553.8000000000175
lithium_carbonate,RF,2025-11-13,84350.0,81651.5,78097.69999999998,85205.30000000002,3553.8000000000175
lithium_carbonate,RF,2025-11-14,85150.0,85321.00000000003,81767.20000000001,88874.80000000005,3553.8000000000175
lithium_carbonate,RF,2025-11-17,86150.0,86458.00000000003,82904.20000000001,90011.80000000005,3553.8000000000175
lithium_carbonate,RF,2025-11-18,87400.0,87023.50000000003,83469.70000000001,90577.30000000005,3553.8000000000175
lithium_carbonate,RF,2025-11-19,88900.0,87527.50000000003,83973.70000000001,91081.30000000005,3553.8000000000175
lithium_carbonate,RF,2025-11-20,91300.0,88983.50000000001,85429.7,92537.30000000003,3553.8000000000175
lithium_carbonate,RF,2025-11-21,92300.0,90597.0,87043.19999999998,94150.80000000002,3553.8000000000175
lithium_carbonate,RF,2025-11-24,92150.0,90534.5,86980.69999999998,94088.30000000002,3553.8000000000175
lithium_carbonate,RF,2025-11-25,92050.0,93226.5,89672.69999999998,96780.30000000002,3553.8000000000175
lithium_carbonate,RF,2025-11-26,92800.0,95460.5,91906.69999999998,99014.30000000002,3553.8000000000175
lithium_carbonate,RF,2025-11-27,93300.0,95892.0,92338.19999999998,99445.80000000002,3553.8000000000175
lithium_carbonate,RF,2025-11-28,93750.0,95895.0,92341.19999999998,99448.80000000002,3553.8000000000175
lithium_carbonate,RF,2025-12-01,94350.0,95932.0,92378.19999999998,99485.80000000002,3553.8000000000175
lithium_carbonate,RF,2025-12-02,94400.0,96805.99999999999,93252.19999999997,100359.8,3553.8000000000175
lithium_carbonate,RF,2025-12-03,94350.0,96964.49999999999,93410.69999999997,100518.3,3553.8000000000175
lithium_carbonate,RF,2025-12-04,94000.0,96962.5,93408.69999999998,100516.30000000002,3553.8000000000175
lithium_carbonate,RF,2025-12-05,93250.0,96523.49999999999,92969.69999999997,100077.3,3553.8000000000175
lithium_carbonate,RF,2025-12-08,92750.0,96509.5,92955.69999999998,100063.30000000002,3553.8000000000175
lithium_carbonate,RF,2025-12-09,92750.0,96345.0,92791.19999999998,99898.80000000002,3553.8000000000175
lithium_carbonate,RF,2025-12-10,92700.0,96335.99999999999,92782.19999999997,99889.8,3553.8000000000175
lithium_carbonate,RF,2025-12-11,93500.0,96199.49999999999,92645.69999999997,99753.3,3553.8000000000175
lithium_carbonate,RF,2025-12-12,94500.0,96226.0,92672.19999999998,99779.80000000002,3553.8000000000175
lithium_carbonate,RF,2025-12-15,95150.0,96796.49999999999,93242.69999999997,100350.3,3553.8000000000175
lithium_carbonate,RF,2025-12-16,95850.0,97006.49999999999,93452.69999999997,100560.3,3553.8000000000175
lithium_carbonate,RF,2025-12-17,97050.0,97637.49999999999,94083.69999999997,101191.3,3553.8000000000175
lithium_carbonate,RF,2025-12-18,97550.0,98595.0,95041.19999999998,102148.80000000002,3553.8000000000175
lithium_carbonate,RF,2025-12-19,97650.0,100213.00000000001,96659.2,103766.80000000003,3553.8000000000175
lithium_carbonate,RF,2025-12-22,99000.0,101105.00000000001,97551.2,104658.80000000003,3553.8000000000175
lithium_carbonate,RF,2025-12-23,99500.0,102646.0,99092.19999999998,106199.80000000002,3553.8000000000175
lithium_carbonate,RF,2025-12-24,101500.0,103828.0,100274.19999999998,107381.80000000002,3553.8000000000175
lithium_carbonate,RF,2025-12-25,104900.0,104495.25,100941.44999999998,108049.05000000002,3553.8000000000175
lithium_carbonate,RF,2025-12-26,111900.0,107911.5,104357.69999999998,111465.30000000002,3553.8000000000175
lithium_carbonate,RF,2025-12-29,118000.0,115438.5,111884.69999999998,118992.30000000002,3553.8000000000175
lithium_carbonate,RF,2025-12-30,118000.0,117240.0,113686.19999999998,120793.80000000002,3553.8000000000175
lithium_carbonate,RF,2025-12-31,118500.0,117581.0,114027.19999999998,121134.80000000002,3553.8000000000175
lithium_carbonate,RF,2026-01-05,119500.0,117654.0,114100.19999999998,121207.80000000002,3553.8000000000175
lithium_carbonate,RF,2026-01-06,127500.0,118961.5,115407.69999999998,122515.30000000002,3553.8000000000175
lithium_carbonate,RF,2026-01-07,133500.0,120511.0,116957.19999999998,124064.80000000002,3553.8000000000175
lithium_carbonate,RF,2026-01-08,138500.0,123573.5,120019.69999999998,127127.30000000002,3553.8000000000175
lithium_carbonate,RF,2026-01-09,140000.0,126340.5,122786.69999999998,129894.30000000002,3553.8000000000175
lithium_carbonate,RF,2026-01-12,152000.0,130486.0,126932.19999999998,134039.80000000002,3553.8000000000175
lithium_carbonate,RF,2026-01-13,159500.0,133859.5,130305.69999999998,137413.30000000002,3553.8000000000175
lithium_carbonate,RF,2026-01-14,163000.0,140622.5,137068.69999999998,144176.30000000002,3553.8000000000175
lithium_carbonate,RF,2026-01-15,159000.0,146302.5,142748.69999999998,149856.30000000002,3553.8000000000175
lithium_carbonate,RF,2026-01-16,158000.0,147357.5,143803.69999999998,150911.30000000002,3553.8000000000175
lithium_carbonate,RF,2026-01-19,151000.0,149077.5,145523.69999999998,152631.30000000002,3553.8000000000175
lithium_carbonate,RF,2026-01-20,152500.0,148157.5,144603.69999999998,151711.30000000002,3553.8000000000175
lithium_carbonate,RF,2026-01-21,158500.0,146022.5,142468.69999999998,149576.30000000002,3553.8000000000175
lithium_carbonate,RF,2026-01-22,164500.0,149352.50000000003,145798.7,152906.30000000005,3553.8000000000175
lithium_carbonate,RF,2026-01-23,171000.0,157612.50000000003,154058.7,161166.30000000005,3553.8000000000175
lithium_carbonate,RF,2026-01-26,181500.0,162197.5,158643.69999999998,165751.30000000002,3553.8000000000175
lithium_carbonate,RF,2026-01-27,172500.0,169572.50000000003,166018.7,173126.30000000005,3553.8000000000175
lithium_carbonate,RF,2026-01-28,172000.0,172147.5,168593.69999999998,175701.30000000002,3553.8000000000175
lithium_carbonate,RF,2026-01-29,168000.0,173197.50000000003,169643.7,176751.30000000005,3553.8000000000175
lithium_carbonate,RF,2026-01-30,160500.0,169352.50000000003,165798.7,172906.30000000005,3553.8000000000175
lithium_carbonate,RF,2026-02-02,155500.0,162542.5,158988.69999999998,166096.30000000002,3553.8000000000175
lithium_carbonate,RF,2026-02-03,153500.0,155662.5,152108.69999999998,159216.30000000002,3553.8000000000175
lithium_carbonate,RF,2026-02-04,153000.0,152202.5,148648.69999999998,155756.30000000002,3553.8000000000175
lithium_carbonate,RF,2026-02-05,144000.0,148312.5,144758.69999999998,151866.30000000002,3553.8000000000175
lithium_carbonate,RF,2026-02-06,134500.0,143590.0,140036.19999999998,147143.80000000002,3553.8000000000175
lithium_carbonate,RF,2026-02-09,135500.0,139440.0,135886.19999999998,142993.80000000002,3553.8000000000175
lithium_carbonate,RF,2026-02-10,136000.0,137110.0,133556.19999999998,140663.80000000002,3553.8000000000175
lithium_carbonate,RF,2026-02-11,138000.0,135775.0,132221.19999999998,139328.80000000002,3553.8000000000175
lithium_carbonate,RF,2026-02-12,142500.0,134120.0,130566.19999999998,137673.80000000002,3553.8000000000175
lithium_carbonate,RF,2026-02-13,143750.0,135080.0,131526.19999999998,138633.80000000002,3553.8000000000175
lithium_carbonate,RF,2026-02-24,152000.0,136910.0,133356.19999999998,140463.80000000002,3553.8000000000175
lithium_carbonate,RF,2026-02-25,161750.0,146985.0,143431.19999999998,150538.80000000002,3553.8000000000175
lithium_carbonate,RF,2026-02-26,173000.0,150937.50000000003,147383.7,154491.30000000005,3553.8000000000175
lithium_carbonate,RF,2026-02-27,172000.0,157497.5,153943.69999999998,161051.30000000002,3553.8000000000175
lithium_carbonate,RF,2026-03-02,172500.0,157797.5,154243.69999999998,161351.30000000002,3553.8000000000175
lithium_carbonate,RF,2026-03-03,161000.0,164637.5,161083.69999999998,168191.30000000002,3553.8000000000175
lithium_carbonate,RF,2026-03-04,154000.0,160367.5,156813.69999999998,163921.30000000002,3553.8000000000175
lithium_carbonate,RF,2026-03-05,156000.0,158202.5,154648.69999999998,161756.30000000002,3553.8000000000175
lithium_carbonate,RF,2026-03-06,155250.0,154782.5,151228.69999999998,158336.30000000002,3553.8000000000175
lithium_carbonate,RF,2026-03-09,154750.0,151147.50000000003,147593.7,154701.30000000005,3553.8000000000175
lithium_carbonate,RF,2026-03-10,158500.0,145872.5,142318.69999999998,149426.30000000002,3553.8000000000175
lithium_carbonate,RF,2026-03-11,159000.0,146612.5,143058.69999999998,150166.30000000002,3553.8000000000175
lithium_carbonate,RF,2026-03-12,158000.0,147152.5,143598.69999999998,150706.30000000002,3553.8000000000175
lithium_carbonate,Random Walk,2025-10-10,73550.0,73550.0,71950.0,75150.0,1600.0
lithium_carbonate,Random Walk,2025-10-13,73100.0,73550.0,71950.0,75150.0,1600.0
lithium_carbonate,Random Walk,2025-10-14,73000.0,73100.0,71500.0,74700.0,1600.0
lithium_carbonate,Random Walk,2025-10-15,73000.0,73000.0,71400.0,74600.0,1600.0
lithium_carbonate,Random Walk,2025-10-16,73000.0,73000.0,71400.0,74600.0,1600.0
lithium_carbonate,Random Walk,2025-10-17,73350.0,73000.0,71400.0,74600.0,1600.0
lithium_carbonate,Random Walk,2025-10-20,74000.0,73350.0,71750.0,74950.0,1600.0
lithium_carbonate,Random Walk,2025-10-21,74100.0,74000.0,72400.0,75600.0,1600.0
lithium_carbonate,Random Walk,2025-10-22,74350.0,74100.0,72500.0,75700.0,1600.0
lithium_carbonate,Random Walk,2025-10-23,74800.0,74350.0,72750.0,75950.0,1600.0
lithium_carbonate,Random Walk,2025-10-24,75400.0,74800.0,73200.0,76400.0,1600.0
lithium_carbonate,Random Walk,2025-10-27,76550.0,75400.0,73800.0,77000.0,1600.0
lithium_carbonate,Random Walk,2025-10-28,78500.0,76550.0,74950.0,78150.0,1600.0
lithium_carbonate,Random Walk,2025-10-29,79150.0,78500.0,76900.0,80100.0,1600.0
lithium_carbonate,Random Walk,2025-10-30,80000.0,79150.0,77550.0,80750.0,1600.0
lithium_carbonate,Random Walk,2025-10-31,80550.0,80000.0,78400.0,81600.0,1600.0
lithium_carbonate,Random Walk,2025-11-03,81000.0,80550.0,78950.0,82150.0,1600.0
lithium_carbonate,Random Walk,2025-11-04,80900.0,81000.0,79400.0,82600.0,1600.0
lithium_carbonate,Random Walk,2025-11-05,80500.0,80900.0,79300.0,82500.0,1600.0
lithium_carbonate,Random Walk,2025-11-06,80400.0,80500.0,78900.0,82100.0,1600.0
lithium_carbonate,Random Walk,2025-11-07,80400.0,80400.0,78800.0,82000.0,1600.0
lithium_carbonate,Random Walk,2025-11-10,80750.0,80400.0,78800.0,82000.0,1600.0
lithium_carbonate,Random Walk,2025-11-11,82300.0,80750.0,79150.0,82350.0,1600.0
lithium_carbonate,Random Walk,2025-11-12,83300.0,82300.0,80700.0,83900.0,1600.0
lithium_carbonate,Random Walk,2025-11-13,84350.0,83300.0,81700.0,84900.0,1600.0
lithium_carbonate,Random Walk,2025-11-14,85150.0,84350.0,82750.0,85950.0,1600.0
lithium_carbonate,Random Walk,2025-11-17,86150.0,85150.0,83550.0,86750.0,1600.0
lithium_carbonate,Random Walk,2025-11-18,87400.0,86150.0,84550.0,87750.0,1600.0
lithium_carbonate,Random Walk,2025-11-19,88900.0,87400.0,85800.0,89000.0,1600.0
lithium_carbonate,Random Walk,2025-11-20,91300.0,88900.0,87300.0,90500.0,1600.0
lithium_carbonate,Random Walk,2025-11-21,92300.0,91300.0,89700.0,92900.0,1600.0
lithium_carbonate,Random Walk,2025-11-24,92150.0,92300.0,90700.0,93900.0,1600.0
lithium_carbonate,Random Walk,2025-11-25,92050.0,92150.0,90550.0,93750.0,1600.0
lithium_carbonate,Random Walk,2025-11-26,92800.0,92050.0,90450.0,93650.0,1600.0
lithium_carbonate,Random Walk,2025-11-27,93300.0,92800.0,91200.0,94400.0,1600.0
lithium_carbonate,Random Walk,2025-11-28,93750.0,93300.0,91700.0,94900.0,1600.0
lithium_carbonate,Random Walk,2025-12-01,94350.0,93750.0,92150.0,95350.0,1600.0
lithium_carbonate,Random Walk,2025-12-02,94400.0,94350.0,92750.0,95950.0,1600.0
lithium_carbonate,Random Walk,2025-12-03,94350.0,94400.0,92800.0,96000.0,1600.0
lithium_carbonate,Random Walk,2025-12-04,94000.0,94350.0,92750.0,95950.0,1600.0
lithium_carbonate,Random Walk,2025-12-05,93250.0,94000.0,92400.0,95600.0,1600.0
lithium_carbonate,Random Walk,2025-12-08,92750.0,93250.0,91650.0,94850.0,1600.0
lithium_carbonate,Random Walk,2025-12-09,92750.0,92750.0,91150.0,94350.0,1600.0
lithium_carbonate,Random Walk,2025-12-10,92700.0,92750.0,91150.0,94350.0,1600.0
lithium_carbonate,Random Walk,2025-12-11,93500.0,92700.0,91100.0,94300.0,1600.0
lithium_carbonate,Random Walk,2025-12-12,94500.0,93500.0,91900.0,95100.0,1600.0
lithium_carbonate,Random Walk,2025-12-15,95150.0,94500.0,92900.0,96100.0,1600.0
lithium_carbonate,Random Walk,2025-12-16,95850.0,95150.0,93550.0,96750.0,1600.0
lithium_carbonate,Random Walk,2025-12-17,97050.0,95850.0,94250.0,97450.0,1600.0
lithium_carbonate,Random Walk,2025-12-18,97550.0,97050.0,95450.0,98650.0,1600.0
lithium_carbonate,Random Walk,2025-12-19,97650.0,97550.0,95950.0,99150.0,1600.0
lithium_carbonate,Random Walk,2025-12-22,99000.0,97650.0,96050.0,99250.0,1600.0
lithium_carbonate,Random Walk,2025-12-23,99500.0,99000.0,97400.0,100600.0,1600.0
lithium_carbonate,Random Walk,2025-12-24,101500.0,99500.0,97900.0,101100.0,1600.0
lithium_carbonate,Random Walk,2025-12-25,104900.0,101500.0,99900.0,103100.0,1600.0
lithium_carbonate,Random Walk,2025-12-26,111900.0,104900.0,103300.0,106500.0,1600.0
lithium_carbonate,Random Walk,2025-12-29,118000.0,111900.0,110300.0,113500.0,1600.0
lithium_carbonate,Random Walk,2025-12-30,118000.0,118000.0,116400.0,119600.0,1600.0
lithium_carbonate,Random Walk,2025-12-31,118500.0,118000.0,116400.0,119600.0,1600.0
lithium_carbonate,Random Walk,2026-01-05,119500.0,118500.0,116900.0,120100.0,1600.0
lithium_carbonate,Random Walk,2026-01-06,127500.0,119500.0,117900.0,121100.0,1600.0
lithium_carbonate,Random Walk,2026-01-07,133500.0,127500.0,125900.0,129100.0,1600.0
lithium_carbonate,Random Walk,2026-01-08,138500.0,133500.0,131900.0,135100.0,1600.0
lithium_carbonate,Random Walk,2026-01-09,140000.0,138500.0,136900.0,140100.0,1600.0
lithium_carbonate,Random Walk,2026-01-12,152000.0,140000.0,138400.0,141600.0,1600.0
lithium_carbonate,Random Walk,2026-01-13,159500.0,152000.0,150400.0,153600.0,1600.0
lithium_carbonate,Random Walk,2026-01-14,163000.0,159500.0,157900.0,161100.0,1600.0
lithium_carbonate,Random Walk,2026-01-15,159000.0,163000.0,161400.0,164600.0,1600.0
lithium_carbonate,Random Walk,2026-01-16,158000.0,159000.0,157400.0,160600.0,1600.0
lithium_carbonate,Random Walk,2026-01-19,151000.0,158000.0,156400.0,159600.0,1600.0
lithium_carbonate,Random Walk,2026-01-20,152500.0,151000.0,149400.0,152600.0,1600.0
lithium_carbonate,Random Walk,2026-01-21,158500.0,152500.0,150900.0,154100.0,1600.0
lithium_carbonate,Random Walk,2026-01-22,164500.0,158500.0,156900.0,160100.0,1600.0
lithium_carbonate,Random Walk,2026-01-23,171000.0,164500.0,162900.0,166100.0,1600.0
lithium_carbonate,Random Walk,2026-01-26,181500.0,171000.0,169400.0,172600.0,1600.0
lithium_carbonate,Random Walk,2026-01-27,172500.0,181500.0,179900.0,183100.0,1600.0
lithium_carbonate,Random Walk,2026-01-28,172000.0,172500.0,170900.0,174100.0,1600.0
lithium_carbonate,Random Walk,2026-01-29,168000.0,172000.0,170400.0,173600.0,1600.0
lithium_carbonate,Random Walk,2026-01-30,160500.0,168000.0,166400.0,169600.0,1600.0
lithium_carbonate,Random Walk,2026-02-02,155500.0,160500.0,158900.0,162100.0,1600.0
lithium_carbonate,Random Walk,2026-02-03,153500.0,155500.0,153900.0,157100.0,1600.0
lithium_carbonate,Random Walk,2026-02-04,153000.0,153500.0,151900.0,155100.0,1600.0
lithium_carbonate,Random Walk,2026-02-05,144000.0,153000.0,151400.0,154600.0,1600.0
lithium_carbonate,Random Walk,2026-02-06,134500.0,144000.0,142400.0,145600.0,1600.0
lithium_carbonate,Random Walk,2026-02-09,135500.0,134500.0,132900.0,136100.0,1600.0
lithium_carbonate,Random Walk,2026-02-10,136000.0,135500.0,133900.0,137100.0,1600.0
lithium_carbonate,Random Walk,2026-02-11,138000.0,136000.0,134400.0,137600.0,1600.0
lithium_carbonate,Random Walk,2026-02-12,142500.0,138000.0,136400.0,139600.0,1600.0
lithium_carbonate,Random Walk,2026-02-13,143750.0,142500.0,140900.0,144100.0,1600.0
lithium_carbonate,Random Walk,2026-02-24,152000.0,143750.0,142150.0,145350.0,1600.0
lithium_carbonate,Random Walk,2026-02-25,161750.0,152000.0,150400.0,153600.0,1600.0
lithium_carbonate,Random Walk,2026-02-26,173000.0,161750.0,160150.0,163350.0,1600.0
lithium_carbonate,Random Walk,2026-02-27,172000.0,173000.0,171400.0,174600.0,1600.0
lithium_carbonate,Random Walk,2026-03-02,172500.0,172000.0,170400.0,173600.0,1600.0
lithium_carbonate,Random Walk,2026-03-03,161000.0,172500.0,170900.0,174100.0,1600.0
lithium_carbonate,Random Walk,2026-03-04,154000.0,161000.0,159400.0,162600.0,1600.0
lithium_carbonate,Random Walk,2026-03-05,156000.0,154000.0,152400.0,155600.0,1600.0
lithium_carbonate,Random Walk,2026-03-06,155250.0,156000.0,154400.0,157600.0,1600.0
lithium_carbonate,Random Walk,2026-03-09,154750.0,155250.0,153650.0,156850.0,1600.0
lithium_carbonate,Random Walk,2026-03-10,158500.0,154750.0,153150.0,156350.0,1600.0
lithium_carbonate,Random Walk,2026-03-11,159000.0,158500.0,156900.0,160100.0,1600.0
lithium_carbonate,Random Walk,2026-03-12,158000.0,159000.0,157400.0,160600.0,1600.0
lithium_carbonate,SVR,2025-10-10,73550.0,123231.22316349858,72852.38100928313,173610.06531771403,50378.842154215454
lithium_carbonate,SVR,2025-10-13,73100.0,123231.55263350312,72852.71047928766,173610.39478771857,50378.842154215454
lithium_carbonate,SVR,2025-10-14,73000.0,123229.66296789692,72850.82081368146,173608.50512211237,50378.842154215454
lithium_carbonate,SVR,2025-10-15,73000.0,123228.79824410792,72849.95608989247,173607.64039832336,50378.842154215454
lithium_carbonate,SVR,2025-10-16,73000.0,123228.9801719738,72850.13801775835,173607.82232618926,50378.842154215454
lithium_carbonate,SVR,2025-10-17,73350.0,123230.5640657351,72851.72191151965,173609.40621995056,50378.842154215454
lithium_carbonate,SVR,2025-10-20,74000.0,123226.76546257117,72847.92330835572,173605.6076167866,50378.842154215454
lithium_carbonate,SVR,2025-10-21,74100.0,123230.37276163623,72851.53060742078,173609.21491585168,50378.842154215454
lithium_carbonate,SVR,2025-10-22,74350.0,123231.03072508732,72852.18857087186,173609.87287930277,50378.842154215454
lithium_carbonate,SVR,2025-10-23,74800.0,123230.06101033081,72851.21885611536,173608.90316454627,50378.842154215454
lithium_carbonate,SVR,2025-10-24,75400.0,123230.06996573298,72851.22781151753,173608.91211994842,50378.842154215454
lithium_carbonate,SVR,2025-10-27,76550.0,123230.68317775613,72851.84102354068,173609.52533197158,50378.842154215454
lithium_carbonate,SVR,2025-10-28,78500.0,123195.62493125135,72816.7827770359,173574.4670854668,50378.842154215454
lithium_carbonate,SVR,2025-10-29,79150.0,123199.55031092111,72820.70815670566,173578.39246513657,50378.842154215454
lithium_carbonate,SVR,2025-10-30,80000.0,123211.53941645756,72832.6972622421,173590.38157067302,50378.842154215454
lithium_carbonate,SVR,2025-10-31,80550.0,123219.65031113854,72840.80815692309,173598.49246535398,50378.842154215454
lithium_carbonate,SVR,2025-11-03,81000.0,123204.26027923835,72825.4181250229,173583.1024334538,50378.842154215454
lithium_carbonate,SVR,2025-11-04,80900.0,123221.94244291737,72843.10028870191,173600.78459713282,50378.842154215454
lithium_carbonate,SVR,2025-11-05,80500.0,123207.38247435757,72828.54032014211,173586.22462857302,50378.842154215454
lithium_carbonate,SVR,2025-11-06,80400.0,123216.43705069396,72837.5948964785,173595.2792049094,50378.842154215454
lithium_carbonate,SVR,2025-11-07,80400.0,123215.793112203,72836.95095798754,173594.63526641845,50378.842154215454
lithium_carbonate,SVR,2025-11-10,80750.0,123211.90486825597,72833.06271404051,173590.74702247142,50378.842154215454
lithium_carbonate,SVR,2025-11-11,82300.0,123182.64738977498,72803.80523555953,173561.48954399044,50378.842154215454
lithium_carbonate,SVR,2025-11-12,83300.0,123200.2499075846,72821.40775336915,173579.09206180007,50378.842154215454
lithium_carbonate,SVR,2025-11-13,84350.0,123194.182202475,72815.34004825955,173573.02435669047,50378.842154215454
lithium_carbonate,SVR,2025-11-14,85150.0,123201.89658229724,72823.05442808178,173580.7387365127,50378.842154215454
lithium_carbonate,SVR,2025-11-17,86150.0,123219.85452768473,72841.01237346928,173598.69668190018,50378.842154215454
lithium_carbonate,SVR,2025-11-18,87400.0,123215.8925623338,72837.05040811835,173594.73471654925,50378.842154215454
lithium_carbonate,SVR,2025-11-19,88900.0,123222.93123371083,72844.08907949537,173601.77338792628,50378.842154215454
lithium_carbonate,SVR,2025-11-20,91300.0,123219.16292385537,72840.32076963992,173598.00507807083,50378.842154215454
lithium_carbonate,SVR,2025-11-21,92300.0,123224.4753897297,72845.63323551425,173603.31754394516,50378.842154215454
lithium_carbonate,SVR,2025-11-24,92150.0,123218.15928050574,72839.31712629029,173597.0014347212,50378.842154215454
lithium_carbonate,SVR,2025-11-25,92050.0,123227.83656022411,72848.99440600866,173606.67871443956,50378.842154215454
lithium_carbonate,SVR,2025-11-26,92800.0,123229.6360853422,72850.79393112674,173608.47823955765,50378.842154215454
lithium_carbonate,SVR,2025-11-27,93300.0,123229.10316519634,72850.26101098089,173607.9453194118,50378.842154215454
lithium_carbonate,SVR,2025-11-28,93750.0,123228.61316703298,72849.77101281752,173607.45532124845,50378.842154215454
lithium_carbonate,SVR,2025-12-01,94350.0,123229.31272230316,72850.47056808771,173608.15487651862,50378.842154215454
lithium_carbonate,SVR,2025-12-02,94400.0,123229.8156108828,72850.97345666734,173608.65776509827,50378.842154215454
lithium_carbonate,SVR,2025-12-03,94350.0,123229.12272981346,72850.28057559801,173607.96488402892,50378.842154215454
lithium_carbonate,SVR,2025-12-04,94000.0,123228.67726293473,72849.83510871927,173607.51941715018,50378.842154215454
lithium_carbonate,SVR,2025-12-05,93250.0,123229.3761167827,72850.53396256725,173608.21827099816,50378.842154215454
lithium_carbonate,SVR,2025-12-08,92750.0,123229.45597160688,72850.61381739142,173608.29812582233,50378.842154215454
lithium_carbonate,SVR,2025-12-09,92750.0,123230.84348633872,72852.00133212327,173609.68564055418,50378.842154215454
lithium_carbonate,SVR,2025-12-10,92700.0,123230.96532290155,72852.1231686861,173609.807477117,50378.842154215454
lithium_carbonate,SVR,2025-12-11,93500.0,123230.87326109716,72852.03110688171,173609.71541531262,50378.842154215454
lithium_carbonate,SVR,2025-12-12,94500.0,123230.97142831585,72852.1292741004,173609.8135825313,50378.842154215454
lithium_carbonate,SVR,2025-12-15,95150.0,123230.88377052726,72852.0416163118,173609.7259247427,50378.842154215454
lithium_carbonate,SVR,2025-12-16,95850.0,123202.36798032824,72823.52582611279,173581.2101345437,50378.842154215454
lithium_carbonate,SVR,2025-12-17,97050.0,123200.02961551759,72821.18746130214,173578.87176973303,50378.842154215454
lithium_carbonate,SVR,2025-12-18,97550.0,123196.56872259344,72817.72656837798,173575.4108768089,50378.842154215454
lithium_carbonate,SVR,2025-12-19,97650.0,123230.68336479343,72851.84121057797,173609.52551900886,50378.842154215454
lithium_carbonate,SVR,2025-12-22,99000.0,123209.8655747629,72831.02342054744,173588.70772897836,50378.842154215454
lithium_carbonate,SVR,2025-12-23,99500.0,123193.03036252108,72814.18820830563,173571.87251673653,50378.842154215454
lithium_carbonate,SVR,2025-12-24,101500.0,123209.94113907112,72831.09898485566,173588.78329328657,50378.842154215454
lithium_carbonate,SVR,2025-12-25,104900.0,123222.38815418775,72843.5459999723,173601.2303084032,50378.842154215454
lithium_carbonate,SVR,2025-12-26,111900.0,123211.76795870683,72832.92580449137,173590.61011292227,50378.842154215454
lithium_carbonate,SVR,2025-12-29,118000.0,123212.10141220923,72833.25925799378,173590.94356642468,50378.842154215454
lithium_carbonate,SVR,2025-12-30,118000.0,123209.01260349872,72830.17044928327,173587.85475771417,50378.842154215454
lithium_carbonate,SVR,2025-12-31,118500.0,123203.86921643045,72825.027062215,173582.7113706459,50378.842154215454
lithium_carbonate,SVR,2026-01-05,119500.0,123203.71706003585,72824.8749058204,173582.5592142513,50378.842154215454
lithium_carbonate,SVR,2026-01-06,127500.0,123206.44545053026,72827.6032963148,173585.2876047457,50378.842154215454
lithium_carbonate,SVR,2026-01-07,133500.0,123210.29238648969,72831.45023227423,173589.13454070513,50378.842154215454
lithium_carbonate,SVR,2026-01-08,138500.0,123214.93434650027,72836.09219228482,173593.77650071573,50378.842154215454
lithium_carbonate,SVR,2026-01-09,140000.0,123213.87502101895,72835.03286680349,173592.7171752344,50378.842154215454
lithium_carbonate,SVR,2026-01-12,152000.0,123212.78798880469,72833.94583458923,173591.63014302013,50378.842154215454
lithium_carbonate,SVR,2026-01-13,159500.0,123227.1987544057,72848.35660019025,173606.04090862116,50378.842154215454
lithium_carbonate,SVR,2026-01-14,163000.0,123228.62656035364,72849.78440613819,173607.4687145691,50378.842154215454
lithium_carbonate,SVR,2026-01-15,159000.0,123229.74311666093,72850.90096244548,173608.58527087639,50378.842154215454
lithium_carbonate,SVR,2026-01-16,158000.0,123229.10278985767,72850.26063564222,173607.94494407313,50378.842154215454
lithium_carbonate,SVR,2026-01-19,151000.0,123228.52277505939,72849.68062084394,173607.36492927483,50378.842154215454
lithium_carbonate,SVR,2026-01-20,152500.0,123231.09740111566,72852.25524690021,173609.93955533113,50378.842154215454
lithium_carbonate,SVR,2026-01-21,158500.0,123231.05146644604,72852.20931223058,173609.8936206615,50378.842154215454
lithium_carbonate,SVR,2026-01-22,164500.0,123231.22871770832,72852.38656349287,173610.07087192376,50378.842154215454
lithium_carbonate,SVR,2026-01-23,171000.0,123231.27356313587,72852.43140892041,173610.11571735132,50378.842154215454
lithium_carbonate,SVR,2026-01-26,181500.0,123231.38130599762,72852.53915178217,173610.22346021308,50378.842154215454
lithium_carbonate,SVR,2026-01-27,172500.0,122970.46280756683,72591.62065335138,173349.3049617823,50378.842154215454
lithium_carbonate,SVR,2026-01-28,172000.0,122947.15228433322,72568.31013011777,173325.9944385487,50378.842154215454
lithium_carbonate,SVR,2026-01-29,168000.0,122968.4463359094,72589.60418169394,173347.28849012486,50378.842154215454
lithium_carbonate,SVR,2026-01-30,160500.0,122838.88405406753,72460.04189985208,173217.72620828298,50378.842154215454
lithium_carbonate,SVR,2026-02-02,155500.0,122458.99900813593,72080.15685392047,172837.84116235137,50378.842154215454
lithium_carbonate,SVR,2026-02-03,153500.0,123230.75849074243,72851.91633652698,173609.60064495789,50378.842154215454
lithium_carbonate,SVR,2026-02-04,153000.0,123230.66745284756,72851.8252986321,173609.50960706302,50378.842154215454
lithium_carbonate,SVR,2026-02-05,144000.0,123230.70674327956,72851.8645890641,173609.54889749503,50378.842154215454
lithium_carbonate,SVR,2026-02-06,134500.0,123230.25409549245,72851.411941277,173609.09624970792,50378.842154215454
lithium_carbonate,SVR,2026-02-09,135500.0,123229.77254542391,72850.93039120846,173608.61469963938,50378.842154215454
lithium_carbonate,SVR,2026-02-10,136000.0,123227.1466216173,72848.30446740185,173605.98877583275,50378.842154215454
lithium_carbonate,SVR,2026-02-11,138000.0,123226.06764141624,72847.22548720079,173604.9097956317,50378.842154215454
lithium_carbonate,SVR,2026-02-12,142500.0,123218.39143775094,72839.54928353548,173597.2335919664,50378.842154215454
lithium_carbonate,SVR,2026-02-13,143750.0,123219.45725341147,72840.61509919602,173598.2994076269,50378.842154215454
lithium_carbonate,SVR,2026-02-24,152000.0,123221.65567368756,72842.81351947211,173600.49782790302,50378.842154215454
lithium_carbonate,SVR,2026-02-25,161750.0,123231.41362634585,72852.5714721304,173610.2557805613,50378.842154215454
lithium_carbonate,SVR,2026-02-26,173000.0,123231.41385747089,72852.57170325544,173610.25601168635,50378.842154215454
lithium_carbonate,SVR,2026-02-27,172000.0,123231.42148407243,72852.57932985698,173610.2636382879,50378.842154215454
lithium_carbonate,SVR,2026-03-02,172500.0,123231.46559675748,72852.62344254203,173610.30775097292,50378.842154215454
lithium_carbonate,SVR,2026-03-03,161000.0,123231.46439969745,72852.622245482,173610.3065539129,50378.842154215454
lithium_carbonate,SVR,2026-03-04,154000.0,123231.35562194412,72852.51346772867,173610.19777615956,50378.842154215454
lithium_carbonate,SVR,2026-03-05,156000.0,123231.38395011425,72852.5417958988,173610.2261043297,50378.842154215454
lithium_carbonate,SVR,2026-03-06,155250.0,123231.3927580468,72852.55060383135,173610.23491226224,50378.842154215454
lithium_carbonate,SVR,2026-03-09,154750.0,123231.44732933318,72852.60517511773,173610.28948354864,50378.842154215454
lithium_carbonate,SVR,2026-03-10,158500.0,123231.20716860761,72852.36501439215,173610.04932282306,50378.842154215454
lithium_carbonate,SVR,2026-03-11,159000.0,123231.34932010884,72852.50716589339,173610.1914743243,50378.842154215454
lithium_carbonate,SVR,2026-03-12,158000.0,123231.37605229218,72852.53389807673,173610.21820650762,50378.842154215454
lithium_carbonate,VMD-ARIMA,2025-10-10,73550.0,72836.18373020731,55593.74169559736,90078.62576481726,17242.44203460995
lithium_carbonate,VMD-ARIMA,2025-10-13,73100.0,73094.77045118765,55852.3284165777,90337.2124857976,17242.44203460995
lithium_carbonate,VMD-ARIMA,2025-10-14,73000.0,73455.0637872307,56212.62175262075,90697.50582184065,17242.44203460995
lithium_carbonate,VMD-ARIMA,2025-10-15,73000.0,73641.00448263231,56398.56244802236,90883.44651724226,17242.44203460995
lithium_carbonate,VMD-ARIMA,2025-10-16,73000.0,74013.40778320111,56770.96574859116,91255.84981781106,17242.44203460995
lithium_carbonate,VMD-ARIMA,2025-10-17,73350.0,74320.92746726175,57078.485432651796,91563.3695018717,17242.44203460995
lithium_carbonate,VMD-ARIMA,2025-10-20,74000.0,74575.42649308349,57332.98445847354,91817.86852769344,17242.44203460995
lithium_carbonate,VMD-ARIMA,2025-10-21,74100.0,74923.77658106948,57681.33454645953,92166.21861567943,17242.44203460995
lithium_carbonate,VMD-ARIMA,2025-10-22,74350.0,75199.11677504375,57956.674740433795,92441.5588096537,17242.44203460995
lithium_carbonate,VMD-ARIMA,2025-10-23,74800.0,75452.82086478117,58210.37883017122,92695.26289939112,17242.44203460995
lithium_carbonate,VMD-ARIMA,2025-10-24,75400.0,75716.17995609282,58473.73792148287,92958.62199070277,17242.44203460995
lithium_carbonate,VMD-ARIMA,2025-10-27,76550.0,75952.85925835124,58710.417223741286,93195.30129296119,17242.44203460995
lithium_carbonate,VMD-ARIMA,2025-10-28,78500.0,76116.61881303256,58874.17677842261,93359.06084764251,17242.44203460995
lithium_carbonate,VMD-ARIMA,2025-10-29,79150.0,76297.48772167048,59055.04568706053,93539.92975628043,17242.44203460995
lithium_carbonate,VMD-ARIMA,2025-10-30,80000.0,76447.86114375512,59205.419109145165,93690.30317836507,17242.44203460995
lithium_carbonate,VMD-ARIMA,2025-10-31,80550.0,76498.7840426104,59256.34200800044,93741.22607722034,17242.44203460995
lithium_carbonate,VMD-ARIMA,2025-11-03,81000.0,76609.78220448279,59367.34016987284,93852.22423909274,17242.44203460995
lithium_carbonate,VMD-ARIMA,2025-11-04,80900.0,76635.51146573917,59393.06943112922,93877.95350034912,17242.44203460995
lithium_carbonate,VMD-ARIMA,2025-11-05,80500.0,76619.75684334392,59377.314808733965,93862.19887795387,17242.44203460995
lithium_carbonate,VMD-ARIMA,2025-11-06,80400.0,76643.45194043803,59401.009905828076,93885.89397504798,17242.44203460995
lithium_carbonate,VMD-ARIMA,2025-11-07,80400.0,76584.13477221812,59341.69273760817,93826.57680682807,17242.44203460995
lithium_carbonate,VMD-ARIMA,2025-11-10,80750.0,76536.1507409397,59293.70870632975,93778.59277554965,17242.44203460995
lithium_carbonate,VMD-ARIMA,2025-11-11,82300.0,76486.05854733769,59243.616512727735,93728.50058194764,17242.44203460995
lithium_carbonate,VMD-ARIMA,2025-11-12,83300.0,76420.33529046821,59177.89325585826,93662.77732507816,17242.44203460995
lithium_carbonate,VMD-ARIMA,2025-11-13,84350.0,76345.5925258356,59103.15049122565,93588.03456044555,17242.44203460995
lithium_carbonate,VMD-ARIMA,2025-11-14,85150.0,76304.256938914,59061.81490430405,93546.69897352395,17242.44203460995
lithium_carbonate,VMD-ARIMA,2025-11-17,86150.0,76257.23370215464,59014.79166754469,93499.67573676459,17242.44203460995
lithium_carbonate,VMD-ARIMA,2025-11-18,87400.0,76212.47658466511,58970.03455005516,93454.91861927506,17242.44203460995
lithium_carbonate,VMD-ARIMA,2025-11-19,88900.0,76227.16521218704,58984.72317757709,93469.607246797,17242.44203460995
lithium_carbonate,VMD-ARIMA,2025-11-20,91300.0,76230.09387340641,58987.65183879646,93472.53590801636,17242.44203460995
lithium_carbonate,VMD-ARIMA,2025-11-21,92300.0,76264.07625292131,59021.63421831136,93506.51828753126,17242.44203460995
lithium_carbonate,VMD-ARIMA,2025-11-24,92150.0,76356.31541465822,59113.87338004827,93598.75744926817,17242.44203460995
lithium_carbonate,VMD-ARIMA,2025-11-25,92050.0,76435.12370560167,59192.68167099172,93677.56574021162,17242.44203460995
lithium_carbonate,VMD-ARIMA,2025-11-26,92800.0,76572.95534794763,59330.51331333768,93815.39738255758,17242.44203460995
lithium_carbonate,VMD-ARIMA,2025-11-27,93300.0,76734.90988835237,59492.46785374242,93977.35192296232,17242.44203460995
lithium_carbonate,VMD-ARIMA,2025-11-28,93750.0,76915.77696469521,59673.33493008526,94158.21899930516,17242.44203460995
lithium_carbonate,VMD-ARIMA,2025-12-01,94350.0,77127.03014061511,59884.58810600516,94369.47217522506,17242.44203460995
lithium_carbonate,VMD-ARIMA,2025-12-02,94400.0,77368.978343427,60126.536308817056,94611.42037803696,17242.44203460995
lithium_carbonate,VMD-ARIMA,2025-12-03,94350.0,77618.96127088326,60376.51923627331,94861.40330549321,17242.44203460995
lithium_carbonate,VMD-ARIMA,2025-12-04,94000.0,77887.15602712905,60644.7139925191,95129.598061739,17242.44203460995
lithium_carbonate,VMD-ARIMA,2025-12-05,93250.0,78181.54411019341,60939.10207558346,95423.98614480336,17242.44203460995
lithium_carbonate,VMD-ARIMA,2025-12-08,92750.0,78464.51395735504,61222.07192274509,95706.95599196499,17242.44203460995
lithium_carbonate,VMD-ARIMA,2025-12-09,92750.0,78762.19569342419,61519.75365881424,96004.63772803414,17242.44203460995
lithium_carbonate,VMD-ARIMA,2025-12-10,92700.0,79069.11867454172,61826.67663993177,96311.56070915167,17242.44203460995
lithium_carbonate,VMD-ARIMA,2025-12-11,93500.0,79351.027578992,62108.58554438205,96593.46961360195,17242.44203460995
lithium_carbonate,VMD-ARIMA,2025-12-12,94500.0,79647.25695085374,62404.81491624379,96889.69898546369,17242.44203460995
lithium_carbonate,VMD-ARIMA,2025-12-15,95150.0,79925.81932832317,62683.377293713216,97168.26136293312,17242.44203460995
lithium_carbonate,VMD-ARIMA,2025-12-16,95850.0,80187.92030042388,62945.47826581393,97430.36233503383,17242.44203460995
lithium_carbonate,VMD-ARIMA,2025-12-17,97050.0,80443.80768287854,63201.36564826859,97686.24971748849,17242.44203460995
lithium_carbonate,VMD-ARIMA,2025-12-18,97550.0,80681.36522577822,63438.92319116827,97923.80726038817,17242.44203460995
lithium_carbonate,VMD-ARIMA,2025-12-19,97650.0,80898.74331583153,63656.301281221575,98141.18535044148,17242.44203460995
lithium_carbonate,VMD-ARIMA,2025-12-22,99000.0,81102.0703043868,63859.62826977685,98344.51233899675,17242.44203460995
lithium_carbonate,VMD-ARIMA,2025-12-23,99500.0,81291.60544065725,64049.1634060473,98534.0474752672,17242.44203460995
lithium_carbonate,VMD-ARIMA,2025-12-24,101500.0,81454.76526337855,64212.3232287686,98697.2072979885,17242.44203460995
lithium_carbonate,VMD-ARIMA,2025-12-25,104900.0,81610.845800269,64368.40376565905,98853.28783487895,17242.44203460995
lithium_carbonate,VMD-ARIMA,2025-12-26,111900.0,81751.51884392931,64509.07680931936,98993.96087853926,17242.44203460995
lithium_carbonate,VMD-ARIMA,2025-12-29,118000.0,81870.65726451104,64628.21522990109,99113.099299121,17242.44203460995
lithium_carbonate,VMD-ARIMA,2025-12-30,118000.0,81990.01388092904,64747.571846319086,99232.45591553899,17242.44203460995
lithium_carbonate,VMD-ARIMA,2025-12-31,118500.0,82092.75792685077,64850.31589224082,99335.19996146072,17242.44203460995
lithium_carbonate,VMD-ARIMA,2026-01-05,119500.0,82187.04692381216,64944.60488920221,99429.48895842211,17242.44203460995
lithium_carbonate,VMD-ARIMA,2026-01-06,127500.0,82281.66521348861,65039.22317887866,99524.10724809856,17242.44203460995
lithium_carbonate,VMD-ARIMA,2026-01-07,133500.0,82367.29702101987,65124.85498640992,99609.73905562982,17242.44203460995
lithium_carbonate,VMD-ARIMA,2026-01-08,138500.0,82452.28850204605,65209.8464674361,99694.730536656,17242.44203460995
lithium_carbonate,VMD-ARIMA,2026-01-09,140000.0,82538.27434725856,65295.83231264861,99780.71638186851,17242.44203460995
lithium_carbonate,VMD-ARIMA,2026-01-12,152000.0,82625.48480710093,65383.04277249098,99867.92684171088,17242.44203460995
lithium_carbonate,VMD-ARIMA,2026-01-13,159500.0,82711.52384683158,65469.08181222163,99953.96588144153,17242.44203460995
lithium_carbonate,VMD-ARIMA,2026-01-14,163000.0,82806.15147250288,65563.70943789293,100048.59350711283,17242.44203460995
lithium_carbonate,VMD-ARIMA,2026-01-15,159000.0,82902.0392334464,65659.59719883645,100144.48126805635,17242.44203460995
lithium_carbonate,VMD-ARIMA,2026-01-16,158000.0,83000.5734779475,65758.13144333755,100243.01551255745,17242.44203460995
lithium_carbonate,VMD-ARIMA,2026-01-19,151000.0,83109.49232482126,65867.05029021131,100351.93435943121,17242.44203460995
lithium_carbonate,VMD-ARIMA,2026-01-20,152500.0,83218.49106506794,65976.04903045799,100460.93309967789,17242.44203460995
lithium_carbonate,VMD-ARIMA,2026-01-21,158500.0,83333.45950682578,66091.01747221583,100575.90154143573,17242.44203460995
lithium_carbonate,VMD-ARIMA,2026-01-22,164500.0,83456.02316377132,66213.58112916136,100698.46519838127,17242.44203460995
lithium_carbonate,VMD-ARIMA,2026-01-23,171000.0,83578.730778864,66336.28874425405,100821.17281347395,17242.44203460995
lithium_carbonate,VMD-ARIMA,2026-01-26,181500.0,83707.85786287603,66465.41582826608,100950.29989748598,17242.44203460995
lithium_carbonate,VMD-ARIMA,2026-01-27,172500.0,83840.24728387376,66597.80524926381,101082.68931848371,17242.44203460995
lithium_carbonate,VMD-ARIMA,2026-01-28,172000.0,83974.95204387161,66732.51000926166,101217.39407848156,17242.44203460995
lithium_carbonate,VMD-ARIMA,2026-01-29,168000.0,84111.53299493939,66869.09096032944,101353.97502954934,17242.44203460995
lithium_carbonate,VMD-ARIMA,2026-01-30,160500.0,84252.27561120185,67009.8335765919,101494.7176458118,17242.44203460995
lithium_carbonate,VMD-ARIMA,2026-02-02,155500.0,84392.60730108472,67150.16526647477,101635.04933569467,17242.44203460995
lithium_carbonate,VMD-ARIMA,2026-02-03,153500.0,84534.4851128364,67292.04307822644,101776.92714744635,17242.44203460995
lithium_carbonate,VMD-ARIMA,2026-02-04,153000.0,84679.73840751052,67437.29637290057,101922.18044212047,17242.44203460995
lithium_carbonate,VMD-ARIMA,2026-02-05,144000.0,84823.12236870867,67580.68033409872,102065.56440331863,17242.44203460995
lithium_carbonate,VMD-ARIMA,2026-02-06,134500.0,84969.20472089195,67726.762686282,102211.6467555019,17242.44203460995
lithium_carbonate,VMD-ARIMA,2026-02-09,135500.0,85117.20192762701,67874.75989301706,102359.64396223697,17242.44203460995
lithium_carbonate,VMD-ARIMA,2026-02-10,136000.0,85264.20030916593,68021.75827455598,102506.64234377588,17242.44203460995
lithium_carbonate,VMD-ARIMA,2026-02-11,138000.0,85414.79035691265,68172.3483223027,102657.2323915226,17242.44203460995
lithium_carbonate,VMD-ARIMA,2026-02-12,142500.0,85566.40667340596,68323.96463879601,102808.84870801591,17242.44203460995
lithium_carbonate,VMD-ARIMA,2026-02-13,143750.0,85719.5878504306,68477.14581582065,102962.02988504055,17242.44203460995
lithium_carbonate,VMD-ARIMA,2026-02-24,152000.0,85875.45066077053,68633.00862616058,103117.89269538048,17242.44203460995
lithium_carbonate,VMD-ARIMA,2026-02-25,161750.0,86034.14682246736,68791.70478785741,103276.58885707731,17242.44203460995
lithium_carbonate,VMD-ARIMA,2026-02-26,173000.0,86194.58661685538,68952.14458224543,103437.02865146533,17242.44203460995
lithium_carbonate,VMD-ARIMA,2026-02-27,172000.0,86358.26889204458,69115.82685743463,103600.71092665453,17242.44203460995
lithium_carbonate,VMD-ARIMA,2026-03-02,172500.0,86525.45104853224,69283.00901392229,103767.89308314219,17242.44203460995
lithium_carbonate,VMD-ARIMA,2026-03-03,161000.0,86693.86932270098,69451.42728809103,103936.31135731093,17242.44203460995
lithium_carbonate,VMD-ARIMA,2026-03-04,154000.0,86866.28339963211,69623.84136502216,104108.72543424206,17242.44203460995
lithium_carbonate,VMD-ARIMA,2026-03-05,156000.0,87040.86778545464,69798.42575084469,104283.30982006459,17242.44203460995
lithium_carbonate,VMD-ARIMA,2026-03-06,155250.0,87216.61279285782,69974.17075824787,104459.05482746777,17242.44203460995
lithium_carbonate,VMD-ARIMA,2026-03-09,154750.0,87395.30380077031,70152.86176616036,104637.74583538026,17242.44203460995
lithium_carbonate,VMD-ARIMA,2026-03-10,158500.0,87574.4041574623,70331.96212285235,104816.84619207225,17242.44203460995
lithium_carbonate,VMD-ARIMA,2026-03-11,159000.0,87753.99842395353,70511.55638934358,104996.44045856348,17242.44203460995
lithium_carbonate,VMD-ARIMA,2026-03-12,158000.0,87934.05952631503,70691.61749170508,105176.50156092498,17242.44203460995
lithium_carbonate,VMD-LSTM,2025-10-10,73550.0,76226.375,68976.53125,83476.21875,7249.84375
lithium_carbonate,VMD-LSTM,2025-10-13,73100.0,76226.2109375,68976.3671875,83476.0546875,7249.84375
lithium_carbonate,VMD-LSTM,2025-10-14,73000.0,76226.109375,68976.265625,83475.953125,7249.84375
lithium_carbonate,VMD-LSTM,2025-10-15,73000.0,76226.0546875,68976.2109375,83475.8984375,7249.84375
lithium_carbonate,VMD-LSTM,2025-10-16,73000.0,76226.0546875,68976.2109375,83475.8984375,7249.84375
lithium_carbonate,VMD-LSTM,2025-10-17,73350.0,76226.09375,68976.25,83475.9375,7249.84375
lithium_carbonate,VMD-LSTM,2025-10-20,74000.0,76226.1484375,68976.3046875,83475.9921875,7249.84375
lithium_carbonate,VMD-LSTM,2025-10-21,74100.0,76226.1796875,68976.3359375,83476.0234375,7249.84375
lithium_carbonate,VMD-LSTM,2025-10-22,74350.0,76226.2109375,68976.3671875,83476.0546875,7249.84375
lithium_carbonate,VMD-LSTM,2025-10-23,74800.0,76226.1953125,68976.3515625,83476.0390625,7249.84375
lithium_carbonate,VMD-LSTM,2025-10-24,75400.0,76226.1875,68976.34375,83476.03125,7249.84375
lithium_carbonate,VMD-LSTM,2025-10-27,76550.0,76226.1796875,68976.3359375,83476.0234375,7249.84375
lithium_carbonate,VMD-LSTM,2025-10-28,78500.0,76226.171875,68976.328125,83476.015625,7249.84375
lithium_carbonate,VMD-LSTM,2025-10-29,79150.0,76226.171875,68976.328125,83476.015625,7249.84375
lithium_carbonate,VMD-LSTM,2025-10-30,80000.0,76226.15625,68976.3125,83476.0,7249.84375
lithium_carbonate,VMD-LSTM,2025-10-31,80550.0,76226.1640625,68976.3203125,83476.0078125,7249.84375
lithium_carbonate,VMD-LSTM,2025-11-03,81000.0,76226.1640625,68976.3203125,83476.0078125,7249.84375
lithium_carbonate,VMD-LSTM,2025-11-04,80900.0,76226.1640625,68976.3203125,83476.0078125,7249.84375
lithium_carbonate,VMD-LSTM,2025-11-05,80500.0,76226.171875,68976.328125,83476.015625,7249.84375
lithium_carbonate,VMD-LSTM,2025-11-06,80400.0,76226.171875,68976.328125,83476.015625,7249.84375
lithium_carbonate,VMD-LSTM,2025-11-07,80400.0,76226.171875,68976.328125,83476.015625,7249.84375
lithium_carbonate,VMD-LSTM,2025-11-10,80750.0,76226.171875,68976.328125,83476.015625,7249.84375
lithium_carbonate,VMD-LSTM,2025-11-11,82300.0,76226.171875,68976.328125,83476.015625,7249.84375
lithium_carbonate,VMD-LSTM,2025-11-12,83300.0,76226.171875,68976.328125,83476.015625,7249.84375
lithium_carbonate,VMD-LSTM,2025-11-13,84350.0,76226.171875,68976.328125,83476.015625,7249.84375
lithium_carbonate,VMD-LSTM,2025-11-14,85150.0,76226.171875,68976.328125,83476.015625,7249.84375
lithium_carbonate,VMD-LSTM,2025-11-17,86150.0,76226.171875,68976.328125,83476.015625,7249.84375
lithium_carbonate,VMD-LSTM,2025-11-18,87400.0,76226.171875,68976.328125,83476.015625,7249.84375
lithium_carbonate,VMD-LSTM,2025-11-19,88900.0,76226.1640625,68976.3203125,83476.0078125,7249.84375
lithium_carbonate,VMD-LSTM,2025-11-20,91300.0,76226.1640625,68976.3203125,83476.0078125,7249.84375
lithium_carbonate,VMD-LSTM,2025-11-21,92300.0,76226.1640625,68976.3203125,83476.0078125,7249.84375
lithium_carbonate,VMD-LSTM,2025-11-24,92150.0,76226.1640625,68976.3203125,83476.0078125,7249.84375
lithium_carbonate,VMD-LSTM,2025-11-25,92050.0,76226.1640625,68976.3203125,83476.0078125,7249.84375
lithium_carbonate,VMD-LSTM,2025-11-26,92800.0,76226.1640625,68976.3203125,83476.0078125,7249.84375
lithium_carbonate,VMD-LSTM,2025-11-27,93300.0,76226.1640625,68976.3203125,83476.0078125,7249.84375
lithium_carbonate,VMD-LSTM,2025-11-28,93750.0,76226.1640625,68976.3203125,83476.0078125,7249.84375
lithium_carbonate,VMD-LSTM,2025-12-01,94350.0,76226.1640625,68976.3203125,83476.0078125,7249.84375
lithium_carbonate,VMD-LSTM,2025-12-02,94400.0,76226.1640625,68976.3203125,83476.0078125,7249.84375
lithium_carbonate,VMD-LSTM,2025-12-03,94350.0,76226.1640625,68976.3203125,83476.0078125,7249.84375
lithium_carbonate,VMD-LSTM,2025-12-04,94000.0,76226.1640625,68976.3203125,83476.0078125,7249.84375
lithium_carbonate,VMD-LSTM,2025-12-05,93250.0,76226.1640625,68976.3203125,83476.0078125,7249.84375
lithium_carbonate,VMD-LSTM,2025-12-08,92750.0,76226.1640625,68976.3203125,83476.0078125,7249.84375
lithium_carbonate,VMD-LSTM,2025-12-09,92750.0,76226.1640625,68976.3203125,83476.0078125,7249.84375
lithium_carbonate,VMD-LSTM,2025-12-10,92700.0,76226.1640625,68976.3203125,83476.0078125,7249.84375
lithium_carbonate,VMD-LSTM,2025-12-11,93500.0,76226.1640625,68976.3203125,83476.0078125,7249.84375
lithium_carbonate,VMD-LSTM,2025-12-12,94500.0,76226.1640625,68976.3203125,83476.0078125,7249.84375
lithium_carbonate,VMD-LSTM,2025-12-15,95150.0,76226.1640625,68976.3203125,83476.0078125,7249.84375
lithium_carbonate,VMD-LSTM,2025-12-16,95850.0,76226.1640625,68976.3203125,83476.0078125,7249.84375
lithium_carbonate,VMD-LSTM,2025-12-17,97050.0,76226.1640625,68976.3203125,83476.0078125,7249.84375
lithium_carbonate,VMD-LSTM,2025-12-18,97550.0,76226.1640625,68976.3203125,83476.0078125,7249.84375
lithium_carbonate,VMD-LSTM,2025-12-19,97650.0,76226.1640625,68976.3203125,83476.0078125,7249.84375
lithium_carbonate,VMD-LSTM,2025-12-22,99000.0,76226.1640625,68976.3203125,83476.0078125,7249.84375
lithium_carbonate,VMD-LSTM,2025-12-23,99500.0,76226.1640625,68976.3203125,83476.0078125,7249.84375
lithium_carbonate,VMD-LSTM,2025-12-24,101500.0,76226.1640625,68976.3203125,83476.0078125,7249.84375
lithium_carbonate,VMD-LSTM,2025-12-25,104900.0,76226.1640625,68976.3203125,83476.0078125,7249.84375
lithium_carbonate,VMD-LSTM,2025-12-26,111900.0,76226.1640625,68976.3203125,83476.0078125,7249.84375
lithium_carbonate,VMD-LSTM,2025-12-29,118000.0,76226.1640625,68976.3203125,83476.0078125,7249.84375
lithium_carbonate,VMD-LSTM,2025-12-30,118000.0,76226.1640625,68976.3203125,83476.0078125,7249.84375
lithium_carbonate,VMD-LSTM,2025-12-31,118500.0,76226.1640625,68976.3203125,83476.0078125,7249.84375
lithium_carbonate,VMD-LSTM,2026-01-05,119500.0,76226.1640625,68976.3203125,83476.0078125,7249.84375
lithium_carbonate,VMD-LSTM,2026-01-06,127500.0,76226.1640625,68976.3203125,83476.0078125,7249.84375
lithium_carbonate,VMD-LSTM,2026-01-07,133500.0,76226.1640625,68976.3203125,83476.0078125,7249.84375
lithium_carbonate,VMD-LSTM,2026-01-08,138500.0,76226.1640625,68976.3203125,83476.0078125,7249.84375
lithium_carbonate,VMD-LSTM,2026-01-09,140000.0,76226.1640625,68976.3203125,83476.0078125,7249.84375
lithium_carbonate,VMD-LSTM,2026-01-12,152000.0,76226.1640625,68976.3203125,83476.0078125,7249.84375
lithium_carbonate,VMD-LSTM,2026-01-13,159500.0,76226.1640625,68976.3203125,83476.0078125,7249.84375
lithium_carbonate,VMD-LSTM,2026-01-14,163000.0,76226.1640625,68976.3203125,83476.0078125,7249.84375
lithium_carbonate,VMD-LSTM,2026-01-15,159000.0,76226.1640625,68976.3203125,83476.0078125,7249.84375
lithium_carbonate,VMD-LSTM,2026-01-16,158000.0,76226.1640625,68976.3203125,83476.0078125,7249.84375
lithium_carbonate,VMD-LSTM,2026-01-19,151000.0,76226.1640625,68976.3203125,83476.0078125,7249.84375
lithium_carbonate,VMD-LSTM,2026-01-20,152500.0,76226.1640625,68976.3203125,83476.0078125,7249.84375
lithium_carbonate,VMD-LSTM,2026-01-21,158500.0,76226.1640625,68976.3203125,83476.0078125,7249.84375
lithium_carbonate,VMD-LSTM,2026-01-22,164500.0,76226.1640625,68976.3203125,83476.0078125,7249.84375
lithium_carbonate,VMD-LSTM,2026-01-23,171000.0,76226.1640625,68976.3203125,83476.0078125,7249.84375
lithium_carbonate,VMD-LSTM,2026-01-26,181500.0,76226.1640625,68976.3203125,83476.0078125,7249.84375
lithium_carbonate,VMD-LSTM,2026-01-27,172500.0,76226.1640625,68976.3203125,83476.0078125,7249.84375
lithium_carbonate,VMD-LSTM,2026-01-28,172000.0,76226.1640625,68976.3203125,83476.0078125,7249.84375
lithium_carbonate,VMD-LSTM,2026-01-29,168000.0,76226.1640625,68976.3203125,83476.0078125,7249.84375
lithium_carbonate,VMD-LSTM,2026-01-30,160500.0,76226.1640625,68976.3203125,83476.0078125,7249.84375
lithium_carbonate,VMD-LSTM,2026-02-02,155500.0,76226.1640625,68976.3203125,83476.0078125,7249.84375
lithium_carbonate,VMD-LSTM,2026-02-03,153500.0,76226.1640625,68976.3203125,83476.0078125,7249.84375
lithium_carbonate,VMD-LSTM,2026-02-04,153000.0,76226.1640625,68976.3203125,83476.0078125,7249.84375
lithium_carbonate,VMD-LSTM,2026-02-05,144000.0,76226.1640625,68976.3203125,83476.0078125,7249.84375
lithium_carbonate,VMD-LSTM,2026-02-06,134500.0,76226.1640625,68976.3203125,83476.0078125,7249.84375
lithium_carbonate,VMD-LSTM,2026-02-09,135500.0,76226.1640625,68976.3203125,83476.0078125,7249.84375
lithium_carbonate,VMD-LSTM,2026-02-10,136000.0,76226.1640625,68976.3203125,83476.0078125,7249.84375
lithium_carbonate,VMD-LSTM,2026-02-11,138000.0,76226.1640625,68976.3203125,83476.0078125,7249.84375
lithium_carbonate,VMD-LSTM,2026-02-12,142500.0,76226.1640625,68976.3203125,83476.0078125,7249.84375
lithium_carbonate,VMD-LSTM,2026-02-13,143750.0,76226.1640625,68976.3203125,83476.0078125,7249.84375
lithium_carbonate,VMD-LSTM,2026-02-24,152000.0,76226.1640625,68976.3203125,83476.0078125,7249.84375
lithium_carbonate,VMD-LSTM,2026-02-25,161750.0,76226.1640625,68976.3203125,83476.0078125,7249.84375
lithium_carbonate,VMD-LSTM,2026-02-26,173000.0,76226.1640625,68976.3203125,83476.0078125,7249.84375
lithium_carbonate,VMD-LSTM,2026-02-27,172000.0,76226.1640625,68976.3203125,83476.0078125,7249.84375
lithium_carbonate,VMD-LSTM,2026-03-02,172500.0,76226.1640625,68976.3203125,83476.0078125,7249.84375
lithium_carbonate,VMD-LSTM,2026-03-03,161000.0,76226.1640625,68976.3203125,83476.0078125,7249.84375
lithium_carbonate,VMD-LSTM,2026-03-04,154000.0,76226.1640625,68976.3203125,83476.0078125,7249.84375
lithium_carbonate,VMD-LSTM,2026-03-05,156000.0,76226.1640625,68976.3203125,83476.0078125,7249.84375
lithium_carbonate,VMD-LSTM,2026-03-06,155250.0,76226.1640625,68976.3203125,83476.0078125,7249.84375
lithium_carbonate,VMD-LSTM,2026-03-09,154750.0,76226.1640625,68976.3203125,83476.0078125,7249.84375
lithium_carbonate,VMD-LSTM,2026-03-10,158500.0,76226.1640625,68976.3203125,83476.0078125,7249.84375
lithium_carbonate,VMD-LSTM,2026-03-11,159000.0,76226.1640625,68976.3203125,83476.0078125,7249.84375
lithium_carbonate,VMD-LSTM,2026-03-12,158000.0,76226.1640625,68976.3203125,83476.0078125,7249.84375
lithium_hydroxide,ARIMA,2025-10-09,9.6,8.725801043679958,7.780015901209346,9.67158618615057,0.9457851424706121
lithium_hydroxide,ARIMA,2025-10-10,9.55,8.735740944287475,7.789955801816863,9.681526086758087,0.9457851424706121
lithium_hydroxide,ARIMA,2025-10-13,9.6,8.742821095790534,7.797035953319922,9.688606238261146,0.9457851424706121
lithium_hydroxide,ARIMA,2025-10-14,9.6,8.752614395338346,7.806829252867734,9.698399537808958,0.9457851424706121
lithium_hydroxide,ARIMA,2025-10-15,9.6,8.759833632601715,7.814048490131103,9.705618775072328,0.9457851424706121
lithium_hydroxide,ARIMA,2025-10-16,9.6,8.769494976427241,7.823709833956629,9.715280118897853,0.9457851424706121
lithium_hydroxide,ARIMA,2025-10-17,9.6,8.776839404886356,7.831054262415744,9.722624547356968,0.9457851424706121
lithium_hydroxide,ARIMA,2025-10-20,9.75,8.786381975268634,7.840596832798022,9.732167117739246,0.9457851424706121
lithium_hydroxide,ARIMA,2025-10-21,9.6,8.793839088415652,7.84805394594504,9.739624230886264,0.9457851424706121
lithium_hydroxide,ARIMA,2025-10-22,9.6,8.803274750733799,7.857489608263187,9.74905989320441,0.9457851424706121
lithium_hydroxide,ARIMA,2025-10-23,9.6,8.810833291451758,7.8650481489811455,9.75661843392237,0.9457851424706121
lithium_hydroxide,ARIMA,2025-10-24,9.6,8.820172725742296,7.874387583271684,9.765957868212908,0.9457851424706121
lithium_hydroxide,ARIMA,2025-10-27,9.6,8.827822561491889,7.882037419021277,9.773607703962501,0.9457851424706121
lithium_hydroxide,ARIMA,2025-10-28,9.61,8.837075380863592,7.89129023839298,9.782860523334204,0.9457851424706121
lithium_hydroxide,ARIMA,2025-10-29,9.63,8.844807391338694,7.899022248868082,9.790592533809306,0.9457851424706121
lithium_hydroxide,ARIMA,2025-10-30,9.63,8.853982248557877,7.908197106087265,9.799767391028489,0.9457851424706121
lithium_hydroxide,ARIMA,2025-10-31,9.63,8.861788224564203,7.9160030820935905,9.807573367034815,0.9457851424706121
lithium_hydroxide,ARIMA,2025-11-03,9.8,8.87089290799223,7.925107765521618,9.816678050462842,0.9457851424706121
lithium_hydroxide,ARIMA,2025-11-04,9.93,8.878765460427925,7.932980317957313,9.824550602898537,0.9457851424706121
lithium_hydroxide,ARIMA,2025-11-05,9.8,8.88780698037462,7.942021837904008,9.833592122845232,0.9457851424706121
lithium_hydroxide,ARIMA,2025-11-06,9.9,8.895739458303641,7.949954315833029,9.841524600774253,0.9457851424706121
lithium_hydroxide,ARIMA,2025-11-07,9.97,8.904724124754066,7.958938982283454,9.850509267224679,0.9457851424706121
lithium_hydroxide,ARIMA,2025-11-10,9.97,8.912710541663959,7.966925399193347,9.85849568413457,0.9457851424706121
lithium_hydroxide,ARIMA,2025-11-11,9.97,8.921644034240332,7.97585889176972,9.867429176710944,0.9457851424706121
lithium_hydroxide,ARIMA,2025-11-12,9.97,8.929679001666809,7.983893859196197,9.875464144137421,0.9457851424706121
lithium_hydroxide,ARIMA,2025-11-13,10.06,8.938566432601295,7.992781290130683,9.884351575071907,0.9457851424706121
lithium_hydroxide,ARIMA,2025-11-14,10.06,8.946645100383666,8.000859957913054,9.892430242854278,0.9457851424706121
lithium_hydroxide,ARIMA,2025-11-17,10.21,8.95549107120021,8.009705928729598,9.901276213670823,0.9457851424706121
lithium_hydroxide,ARIMA,2025-11-18,10.21,8.96360907370525,8.017823931234638,9.909394216175862,0.9457851424706121
lithium_hydroxide,ARIMA,2025-11-19,10.13,8.972417726238966,8.026632583768354,9.918202868709578,0.9457851424706121
lithium_hydroxide,ARIMA,2025-11-20,10.16,8.980571133956978,8.034785991486366,9.92635627642759,0.9457851424706121
lithium_hydroxide,ARIMA,2025-11-21,10.19,8.989346196276713,8.043561053806101,9.935131338747325,0.9457851424706121
lithium_hydroxide,ARIMA,2025-11-24,10.19,8.997531472253112,8.0517463297825,9.943316614723724,0.9457851424706121
lithium_hydroxide,ARIMA,2025-11-25,10.19,9.006276299996397,8.060491157525785,9.95206144246701,0.9457851424706121
lithium_hydroxide,ARIMA,2025-11-26,10.18,9.014490260615744,8.068705118145132,9.960275403086357,0.9457851424706121
lithium_hydroxide,ARIMA,2025-11-28,10.19,9.023207874194398,8.077422731723786,9.96899301666501,0.9457851424706121
lithium_hydroxide,ARIMA,2025-12-01,10.95,9.031447653882081,8.085662511411469,9.977232796352693,0.9457851424706121
lithium_hydroxide,ARIMA,2025-12-02,10.4,9.04014077197102,8.094355629500408,9.985925914441632,0.9457851424706121
lithium_hydroxide,ARIMA,2025-12-03,10.26,9.048403791421215,8.102618648950603,9.994188933891827,0.9457851424706121
lithium_hydroxide,ARIMA,2025-12-04,10.31,9.05707486110174,8.111289718631127,10.002860003572351,0.9457851424706121
lithium_hydroxide,ARIMA,2025-12-05,10.31,9.065358798679362,8.11957365620875,10.011143941149975,0.9457851424706121
lithium_hydroxide,ARIMA,2025-12-08,10.31,9.074010022571162,8.12822488010055,10.019795165041774,0.9457851424706121
lithium_hydroxide,ARIMA,2025-12-09,10.31,9.082312788570757,8.136527646100145,10.02809793104137,0.9457851424706121
lithium_hydroxide,ARIMA,2025-12-10,10.3,9.090946149253448,8.145161006782835,10.03673129172406,0.9457851424706121
lithium_hydroxide,ARIMA,2025-12-11,10.31,9.099265862729588,8.153480720258976,10.0450510052002,0.9457851424706121
lithium_hydroxide,ARIMA,2025-12-12,10.4,9.10788314472454,8.162098002253927,10.053668287195151,0.9457851424706121
lithium_hydroxide,ARIMA,2025-12-15,10.37,9.116218112636856,8.170432970166244,10.062003255107468,0.9457851424706121
lithium_hydroxide,ARIMA,2025-12-16,10.37,9.124820922193084,8.179035779722472,10.070606064663696,0.9457851424706121
lithium_hydroxide,ARIMA,2025-12-17,10.42,9.133169620634686,8.187384478164073,10.078954763105298,0.9457851424706121
lithium_hydroxide,ARIMA,2025-12-18,10.61,9.14175940353811,8.195974261067498,10.087544546008722,0.9457851424706121
lithium_hydroxide,ARIMA,2025-12-19,10.83,9.15012046083928,8.204335318368669,10.095905603309893,0.9457851424706121
lithium_hydroxide,ARIMA,2025-12-22,10.83,9.15869851844288,8.212913375972269,10.104483660913493,0.9457851424706121
lithium_hydroxide,ARIMA,2025-12-23,11.21,9.167070699962691,8.22128555749208,10.112855842433303,0.9457851424706121
lithium_hydroxide,ARIMA,2025-12-24,11.21,9.175638203615247,8.229853061144635,10.121423346085859,0.9457851424706121
lithium_hydroxide,ARIMA,2025-12-26,11.21,9.184020398052484,8.238235255581872,10.129805540523096,0.9457851424706121
lithium_hydroxide,ARIMA,2025-12-29,11.24,9.192578402085894,8.246793259615282,10.138363544556507,0.9457851424706121
lithium_hydroxide,ARIMA,2025-12-30,11.22,9.200969609157514,8.255184466686902,10.146754751628126,0.9457851424706121
lithium_hydroxide,ARIMA,2025-12-31,11.22,9.209519062576707,8.263733920106095,10.155304205047319,0.9457851424706121
lithium_hydroxide,ARIMA,2026-01-02,15.47,9.217918381927202,8.27213323945659,10.163703524397814,0.9457851424706121
lithium_hydroxide,ARIMA,2026-01-05,15.23,9.226460138932211,8.280674996461599,10.172245281402823,0.9457851424706121
lithium_hydroxide,ARIMA,2026-01-06,16.51,9.234866760150922,8.28908161768031,10.180651902621534,0.9457851424706121
lithium_hydroxide,ARIMA,2026-01-07,16.8,9.243401589607831,8.29761644713722,10.189186732078443,0.9457851424706121
lithium_hydroxide,ARIMA,2026-01-08,17.21,9.251814783243526,8.306029640772914,10.197599925714139,0.9457851424706121
lithium_hydroxide,ARIMA,2026-01-09,17.97,9.260343377209265,8.314558234738653,10.206128519679877,0.9457851424706121
lithium_hydroxide,ARIMA,2026-01-12,16.63,9.268762486682348,8.322977344211736,10.21454762915296,0.9457851424706121
lithium_hydroxide,ARIMA,2026-01-13,17.96,9.277285468077876,8.331500325607264,10.223070610548488,0.9457851424706121
lithium_hydroxide,ARIMA,2026-01-14,18.58,9.28570990240057,8.339924759929957,10.231495044871181,0.9457851424706121
lithium_hydroxide,ARIMA,2026-01-15,18.44,9.294227831917492,8.34844268944688,10.240012974388105,0.9457851424706121
lithium_hydroxide,ARIMA,2026-01-16,17.92,9.302657059141259,8.356871916670647,10.248442201611871,0.9457851424706121
lithium_hydroxide,ARIMA,2026-01-20,17.77,9.311170441458515,8.365385298987903,10.256955583929127,0.9457851424706121
lithium_hydroxide,ARIMA,2026-01-21,18.06,9.319603982776083,8.373818840305471,10.265389125246696,0.9457851424706121
lithium_hydroxide,ARIMA,2026-01-22,18.39,9.328113272155557,8.382328129684945,10.273898414626169,0.9457851424706121
lithium_hydroxide,ARIMA,2026-01-23,18.39,9.336550696592147,8.390765554121534,10.282335839062759,0.9457851424706121
lithium_hydroxide,ARIMA,2026-01-26,18.27,9.345056301915292,8.39927115944468,10.290841444385904,0.9457851424706121
lithium_hydroxide,ARIMA,2026-01-27,18.27,9.353497221550187,8.407712079079575,10.299282364020799,0.9457851424706121
lithium_hydroxide,ARIMA,2026-01-28,18.2,9.361999510851508,8.416214368380896,10.30778465332212,0.9457851424706121
lithium_hydroxide,ARIMA,2026-01-29,18.2,9.370443576516982,8.42465843404637,10.316228718987594,0.9457851424706121
lithium_hydroxide,ARIMA,2026-01-30,18.18,9.378942881064605,8.433157738593993,10.324728023535217,0.9457851424706121
lithium_hydroxide,ARIMA,2026-02-02,17.5,9.38738977847453,8.441604636003918,10.333174920945142,0.9457851424706121
lithium_hydroxide,ARIMA,2026-02-03,17.5,9.39588639644314,8.450101253972528,10.341671538913753,0.9457851424706121
lithium_hydroxide,ARIMA,2026-02-04,17.5,9.404335842708342,8.45855070023773,10.350120985178954,0.9457851424706121
lithium_hydroxide,ARIMA,2026-02-05,17.0,9.412830042485197,8.467044900014585,10.35861518495581,0.9457851424706121
lithium_hydroxide,ARIMA,2026-02-06,16.85,9.421281782976916,8.475496640506304,10.367066925447528,0.9457851424706121
lithium_hydroxide,ARIMA,2026-02-09,16.65,9.429773806137582,8.48398866366697,10.375558948608194,0.9457851424706121
lithium_hydroxide,ARIMA,2026-02-10,16.62,9.43822761166429,8.492442469193678,10.384012754134902,0.9457851424706121
lithium_hydroxide,ARIMA,2026-02-11,16.81,9.446717675651115,8.500932533180503,10.392502818121727,0.9457851424706121
lithium_hydroxide,ARIMA,2026-02-12,16.81,9.455173339917344,8.509388197446732,10.400958482387956,0.9457851424706121
lithium_hydroxide,ARIMA,2026-02-13,16.81,9.463661640450345,8.517876497979733,10.409446782920957,0.9457851424706121
lithium_hydroxide,ARIMA,2026-02-17,16.81,9.47211897776939,8.526333835298779,10.417904120240003,0.9457851424706121
lithium_hydroxide,ARIMA,2026-02-18,16.91,9.4806056910163,8.534820548545689,10.426390833486913,0.9457851424706121
lithium_hydroxide,ARIMA,2026-02-19,16.91,9.48906453425142,8.543279391780809,10.434849676722033,0.9457851424706121
lithium_hydroxide,ARIMA,2026-02-20,16.91,9.497549818780946,8.551764676310334,10.443334961251558,0.9457851424706121
lithium_hydroxide,ARIMA,2026-02-23,16.91,9.506010017492244,8.560224875021632,10.451795159962856,0.9457851424706121
lithium_hydroxide,ARIMA,2026-02-24,17.11,9.514494016032195,8.568708873561583,10.460279158502807,0.9457851424706121
lithium_hydroxide,ARIMA,2026-02-25,17.34,9.522955434808601,8.577170292337989,10.468740577279213,0.9457851424706121
lithium_hydroxide,ARIMA,2026-02-26,17.4,9.531438275828384,8.585653133357772,10.477223418298996,0.9457851424706121
lithium_hydroxide,ARIMA,2026-03-02,20.98,9.539900792786296,8.594115650315684,10.485685935256909,0.9457851424706121
lithium_hydroxide,ARIMA,2026-03-03,19.77,9.54838259192132,8.602597449450707,10.494167734391931,0.9457851424706121
lithium_hydroxide,ARIMA,2026-03-04,19.77,9.556846097353219,8.611060954882607,10.502631239823831,0.9457851424706121
lithium_hydroxide,ARIMA,2026-03-05,19.98,9.565326958686999,8.619541816216387,10.511112101157611,0.9457851424706121
lithium_hydroxide,ARIMA,2026-03-06,20.19,9.573791353845065,8.628006211374453,10.519576496315677,0.9457851424706121
lithium_hydroxide,ARIMA,2026-03-09,20.19,9.582271371063253,8.636486228592641,10.528056513533866,0.9457851424706121
lithium_hydroxide,ARIMA,2026-03-10,20.19,9.5907365670645,8.644951424593888,10.536521709535112,0.9457851424706121
lithium_hydroxide,ARIMA,2026-03-11,19.85,9.59921582449362,8.653430682023007,10.545000966964231,0.9457851424706121
lithium_hydroxide,ARIMA,2026-03-12,19.85,9.607681741334405,8.661896598863793,10.553466883805017,0.9457851424706121
lithium_hydroxide,CEEMDAN-ARIMA,2025-10-09,9.6,-14.725040934547414,-35.218986369439754,5.7689045003449255,20.49394543489234
lithium_hydroxide,CEEMDAN-ARIMA,2025-10-10,9.55,-16.015641009111583,-36.50958644400392,4.478304425780756,20.49394543489234
lithium_hydroxide,CEEMDAN-ARIMA,2025-10-13,9.6,-17.322505414236076,-37.816450849128415,3.171440020656263,20.49394543489234
lithium_hydroxide,CEEMDAN-ARIMA,2025-10-14,9.6,-18.646286032435725,-39.140231467328064,1.847659402456614,20.49394543489234
lithium_hydroxide,CEEMDAN-ARIMA,2025-10-15,9.6,-19.98735783103891,-40.481303265931246,0.5065876038534292,20.49394543489234
lithium_hydroxide,CEEMDAN-ARIMA,2025-10-16,9.6,-21.34566958947056,-41.8396150243629,-0.8517241545782213,20.49394543489234
lithium_hydroxide,CEEMDAN-ARIMA,2025-10-17,9.6,-22.72063546211144,-43.21458089700378,-2.2266900272190995,20.49394543489234
lithium_hydroxide,CEEMDAN-ARIMA,2025-10-20,9.75,-24.11107708575427,-44.605022520646614,-3.617131650861932,20.49394543489234
lithium_hydroxide,CEEMDAN-ARIMA,2025-10-21,9.6,-25.515220335852966,-46.009165770745305,-5.021274900960627,20.49394543489234
lithium_hydroxide,CEEMDAN-ARIMA,2025-10-22,9.6,-26.930744798875285,-47.42469023376762,-6.436799363982946,20.49394543489234
lithium_hydroxide,CEEMDAN-ARIMA,2025-10-23,9.6,-28.3548788643414,-48.84882429923374,-7.860933429449062,20.49394543489234
lithium_hydroxide,CEEMDAN-ARIMA,2025-10-24,9.6,-29.78452973298758,-50.27847516787992,-9.29058429809524,20.49394543489234
lithium_hydroxide,CEEMDAN-ARIMA,2025-10-27,9.6,-31.21643570344014,-51.71038113833248,-10.722490268547801,20.49394543489234
lithium_hydroxide,CEEMDAN-ARIMA,2025-10-28,9.61,-32.64732755589242,-53.141272990784756,-12.153382121000078,20.49394543489234
lithium_hydroxide,CEEMDAN-ARIMA,2025-10-29,9.63,-34.074086312520336,-54.568031747412675,-13.580140877627997,20.49394543489234
lithium_hydroxide,CEEMDAN-ARIMA,2025-10-30,9.63,-35.493885813223066,-55.987831248115405,-14.999940378330727,20.49394543489234
lithium_hydroxide,CEEMDAN-ARIMA,2025-10-31,9.63,-36.90431024853851,-57.39825568343085,-16.41036481364617,20.49394543489234
lithium_hydroxide,CEEMDAN-ARIMA,2025-11-03,9.8,-38.30343899019632,-58.79738442508866,-17.80949355530398,20.49394543489234
lithium_hydroxide,CEEMDAN-ARIMA,2025-11-04,9.93,-39.68989371891953,-60.18383915381187,-19.19594828402719,20.49394543489234
lithium_hydroxide,CEEMDAN-ARIMA,2025-11-05,9.8,-41.06284586462546,-61.5567912995178,-20.56890042973312,20.49394543489234
lithium_hydroxide,CEEMDAN-ARIMA,2025-11-06,9.9,-42.42198554294105,-62.91593097783339,-21.928040108048712,20.49394543489234
lithium_hydroxide,CEEMDAN-ARIMA,2025-11-07,9.97,-43.76745621405517,-64.26140164894751,-23.273510779162834,20.49394543489234
lithium_hydroxide,CEEMDAN-ARIMA,2025-11-10,9.97,-45.09976190697053,-65.59370734186287,-24.60581647207819,20.49394543489234
lithium_hydroxide,CEEMDAN-ARIMA,2025-11-11,9.97,-46.41965579009481,-66.91360122498715,-25.92571035520247,20.49394543489234
lithium_hydroxide,CEEMDAN-ARIMA,2025-11-12,9.97,-47.72801996385111,-68.22196539874345,-27.23407452895877,20.49394543489234
lithium_hydroxide,CEEMDAN-ARIMA,2025-11-13,10.06,-49.02574654627597,-69.51969198116831,-28.53180111138363,20.49394543489234
lithium_hydroxide,CEEMDAN-ARIMA,2025-11-14,10.06,-50.31362946207779,-70.80757489697012,-29.819684027185453,20.49394543489234
lithium_hydroxide,CEEMDAN-ARIMA,2025-11-17,10.21,-51.592274949809834,-72.08622038470217,-31.098329514917495,20.49394543489234
lithium_hydroxide,CEEMDAN-ARIMA,2025-11-18,10.21,-52.862036840638225,-73.35598227553056,-32.368091405745886,20.49394543489234
lithium_hydroxide,CEEMDAN-ARIMA,2025-11-19,10.13,-54.12298033142583,-74.61692576631816,-33.62903489653349,20.49394543489234
lithium_hydroxide,CEEMDAN-ARIMA,2025-11-20,10.16,-55.37487547874965,-75.868820913642,-34.88093004385731,20.49394543489234
lithium_hydroxide,CEEMDAN-ARIMA,2025-11-21,10.19,-56.61721917955884,-77.11116461445118,-36.1232737446665,20.49394543489234
lithium_hydroxide,CEEMDAN-ARIMA,2025-11-24,10.19,-57.849282165421286,-78.34322760031363,-37.35533673052895,20.49394543489234
lithium_hydroxide,CEEMDAN-ARIMA,2025-11-25,10.19,-59.07017568421519,-79.56412111910753,-38.57623024932285,20.49394543489234
lithium_hydroxide,CEEMDAN-ARIMA,2025-11-26,10.18,-60.278931205367556,-80.7728766402599,-39.78498577047522,20.49394543489234
lithium_hydroxide,CEEMDAN-ARIMA,2025-11-28,10.19,-61.474585748317985,-81.96853118321033,-40.980640313425646,20.49394543489234
lithium_hydroxide,CEEMDAN-ARIMA,2025-12-01,10.95,-62.65626533389629,-83.15021076878864,-42.162319899003954,20.49394543489234
lithium_hydroxide,CEEMDAN-ARIMA,2025-12-02,10.4,-63.82325957618889,-84.31720501108123,-43.32931414129655,20.49394543489234
lithium_hydroxide,CEEMDAN-ARIMA,2025-12-03,10.26,-64.97508149863917,-85.46902693353151,-44.48113606374683,20.49394543489234
lithium_hydroxide,CEEMDAN-ARIMA,2025-12-04,10.31,-66.11150815976895,-86.60545359466128,-45.617562724876606,20.49394543489234
lithium_hydroxide,CEEMDAN-ARIMA,2025-12-05,10.31,-67.23259946677013,-87.72654490166246,-46.738654031877786,20.49394543489234
lithium_hydroxide,CEEMDAN-ARIMA,2025-12-08,10.31,-68.33869447773657,-88.8326399126289,-47.84474904284423,20.49394543489234
lithium_hydroxide,CEEMDAN-ARIMA,2025-12-09,10.31,-69.43038638128975,-89.92433181618209,-48.93644094639741,20.49394543489234
lithium_hydroxide,CEEMDAN-ARIMA,2025-12-10,10.3,-70.50847904279075,-91.00242447768309,-50.014533607898414,20.49394543489234
lithium_hydroxide,CEEMDAN-ARIMA,2025-12-11,10.31,-71.57392938926907,-92.06787482416141,-51.07998395437673,20.49394543489234
lithium_hydroxide,CEEMDAN-ARIMA,2025-12-12,10.4,-72.6277808729413,-93.12172630783364,-52.13383543804896,20.49394543489234
lithium_hydroxide,CEEMDAN-ARIMA,2025-12-15,10.37,-73.67109374646364,-94.16503918135598,-53.1771483115713,20.49394543489234
lithium_hydroxide,CEEMDAN-ARIMA,2025-12-16,10.37,-74.70487788385209,-95.19882331874443,-54.21093244895975,20.49394543489234
lithium_hydroxide,CEEMDAN-ARIMA,2025-12-17,10.42,-75.73003341211364,-96.22397884700598,-55.2360879772213,20.49394543489234
lithium_hydroxide,CEEMDAN-ARIMA,2025-12-18,10.61,-76.74730354001849,-97.24124897491083,-56.25335810512615,20.49394543489234
lithium_hydroxide,CEEMDAN-ARIMA,2025-12-19,10.83,-77.75724277276029,-98.25118820765263,-57.263297337867954,20.49394543489234
lithium_hydroxide,CEEMDAN-ARIMA,2025-12-22,10.83,-78.76020229714393,-99.25414773203627,-58.266256862251595,20.49394543489234
lithium_hydroxide,CEEMDAN-ARIMA,2025-12-23,11.21,-79.75633283588297,-100.25027827077531,-59.26238740099063,20.49394543489234
lithium_hydroxide,CEEMDAN-ARIMA,2025-12-24,11.21,-80.74560382714866,-101.239549262041,-60.25165839225632,20.49394543489234
lithium_hydroxide,CEEMDAN-ARIMA,2025-12-26,11.21,-81.72783650299222,-102.22178193788456,-61.23389106809988,20.49394543489234
lithium_hydroxide,CEEMDAN-ARIMA,2025-12-29,11.24,-82.70274741554516,-103.1966928504375,-62.20880198065282,20.49394543489234
lithium_hydroxide,CEEMDAN-ARIMA,2025-12-30,11.22,-83.66999826526325,-104.16394370015558,-63.17605283037091,20.49394543489234
lithium_hydroxide,CEEMDAN-ARIMA,2025-12-31,11.22,-84.62924756282123,-105.12319299771357,-64.1353021279289,20.49394543489234
lithium_hydroxide,CEEMDAN-ARIMA,2026-01-02,15.47,-85.58019971508696,-106.0741451499793,-65.08625428019462,20.49394543489234
lithium_hydroxide,CEEMDAN-ARIMA,2026-01-05,15.23,-86.5226475437171,-107.01659297860944,-66.02870210882476,20.49394543489234
lithium_hydroxide,CEEMDAN-ARIMA,2026-01-06,16.51,-87.45650497171633,-107.95045040660867,-66.96255953682399,20.49394543489234
lithium_hydroxide,CEEMDAN-ARIMA,2026-01-07,16.8,-88.38182757519878,-108.87577301009112,-67.88788214030644,20.49394543489234
lithium_hydroxide,CEEMDAN-ARIMA,2026-01-08,17.21,-89.29881980507756,-109.7927652399699,-68.80487437018522,20.49394543489234
lithium_hydroxide,CEEMDAN-ARIMA,2026-01-09,17.97,-90.20782883909484,-110.70177427398718,-69.7138834042025,20.49394543489234
lithium_hydroxide,CEEMDAN-ARIMA,2026-01-12,16.63,-91.10932613154587,-111.60327156643821,-70.61538069665353,20.49394543489234
lithium_hydroxide,CEEMDAN-ARIMA,2026-01-13,17.96,-92.00387869764205,-112.49782413253439,-71.50993326274971,20.49394543489234
lithium_hydroxide,CEEMDAN-ARIMA,2026-01-14,18.58,-92.89211292833937,-113.38605836323171,-72.39816749344703,20.49394543489234
lithium_hydroxide,CEEMDAN-ARIMA,2026-01-15,18.44,-93.77467422681417,-114.26861966170651,-73.28072879192183,20.49394543489234
lithium_hydroxide,CEEMDAN-ARIMA,2026-01-16,17.92,-94.65218596074453,-115.14613139563687,-74.1582405258522,20.49394543489234
lithium_hydroxide,CEEMDAN-ARIMA,2026-01-20,17.77,-95.52521113155495,-116.0191565664473,-75.03126569666262,20.49394543489234
lithium_hydroxide,CEEMDAN-ARIMA,2026-01-21,18.06,-96.39421979361276,-116.8881652285051,-75.90027435872042,20.49394543489234
lithium_hydroxide,CEEMDAN-ARIMA,2026-01-22,18.39,-97.25956465546082,-117.75351009035316,-76.76561922056848,20.49394543489234
lithium_hydroxide,CEEMDAN-ARIMA,2026-01-23,18.39,-98.12146652113668,-118.61541195602902,-77.62752108624434,20.49394543489234
lithium_hydroxide,CEEMDAN-ARIMA,2026-01-26,18.27,-98.9800103535876,-119.47395578847994,-78.48606491869526,20.49394543489234
lithium_hydroxide,CEEMDAN-ARIMA,2026-01-27,18.27,-99.83515184046387,-120.3290972753562,-79.34120640557153,20.49394543489234
lithium_hydroxide,CEEMDAN-ARIMA,2026-01-28,18.2,-100.68673349017119,-121.18067892506353,-80.19278805527885,20.49394543489234
lithium_hydroxide,CEEMDAN-ARIMA,2026-01-29,18.2,-101.53450855062931,-122.02845398552165,-81.04056311573697,20.49394543489234
lithium_hydroxide,CEEMDAN-ARIMA,2026-01-30,18.18,-102.3781704797669,-122.87211591465923,-81.88422504487455,20.49394543489234
lithium_hydroxide,CEEMDAN-ARIMA,2026-02-02,17.5,-103.21738534390948,-123.71133077880182,-82.72343990901715,20.49394543489234
lithium_hydroxide,CEEMDAN-ARIMA,2026-02-03,17.5,-104.05182439745224,-124.54576983234458,-83.5578789625599,20.49394543489234
lithium_hydroxide,CEEMDAN-ARIMA,2026-02-04,17.5,-104.88119420442676,-125.3751396393191,-84.38724876953442,20.49394543489234
lithium_hydroxide,CEEMDAN-ARIMA,2026-02-05,17.0,-105.70526198081686,-126.1992074157092,-85.21131654592452,20.49394543489234
lithium_hydroxide,CEEMDAN-ARIMA,2026-02-06,16.85,-106.52387433037048,-127.01781976526281,-86.02992889547814,20.49394543489234
lithium_hydroxide,CEEMDAN-ARIMA,2026-02-09,16.65,-107.33696816801036,-127.8309136029027,-86.84302273311802,20.49394543489234
lithium_hydroxide,CEEMDAN-ARIMA,2026-02-10,16.62,-108.14457331728917,-128.6385187521815,-87.65062788239683,20.49394543489234
lithium_hydroxide,CEEMDAN-ARIMA,2026-02-11,16.81,-108.94680697188524,-129.44075240677756,-88.4528615369929,20.49394543489234
lithium_hydroxide,CEEMDAN-ARIMA,2026-02-12,16.81,-109.7438608678523,-130.23780630274464,-89.24991543295997,20.49394543489234
lithium_hydroxide,CEEMDAN-ARIMA,2026-02-13,16.81,-110.53598257158738,-131.02992800647974,-90.04203713669504,20.49394543489234
lithium_hydroxide,CEEMDAN-ARIMA,2026-02-17,16.81,-111.3234527069743,-131.81739814186665,-90.82950727208195,20.49394543489234
lithium_hydroxide,CEEMDAN-ARIMA,2026-02-18,16.91,-112.10656019587711,-132.60050563076945,-91.61261476098477,20.49394543489234
lithium_hydroxide,CEEMDAN-ARIMA,2026-02-19,16.91,-112.88557765603557,-133.3795230909279,-92.39163222114323,20.49394543489234
lithium_hydroxide,CEEMDAN-ARIMA,2026-02-20,16.91,-113.66073899177407,-134.1546844266664,-93.16679355688173,20.49394543489234
lithium_hydroxide,CEEMDAN-ARIMA,2026-02-23,16.91,-114.4322209425793,-134.92616637747165,-93.93827550768697,20.49394543489234
lithium_hydroxide,CEEMDAN-ARIMA,2026-02-24,17.11,-115.20012995182532,-135.69407538671766,-94.70618451693298,20.49394543489234
lithium_hydroxide,CEEMDAN-ARIMA,2026-02-25,17.34,-115.96449522153937,-136.45844065643172,-95.47054978664703,20.49394543489234
lithium_hydroxide,CEEMDAN-ARIMA,2026-02-26,17.4,-116.7252682738608,-137.21921370875316,-96.23132283896847,20.49394543489234
lithium_hydroxide,CEEMDAN-ARIMA,2026-03-02,20.98,-117.48232879249836,-137.97627422739072,-96.98838335760603,20.49394543489234
lithium_hydroxide,CEEMDAN-ARIMA,2026-03-03,19.77,-118.23549601289393,-138.72944144778626,-97.7415505780016,20.49394543489234
lithium_hydroxide,CEEMDAN-ARIMA,2026-03-04,19.77,-118.98454450731214,-139.47848994220448,-98.4905990724198,20.49394543489234
lithium_hydroxide,CEEMDAN-ARIMA,2026-03-05,19.98,-119.72922290160045,-140.2231683364928,-99.23527746670811,20.49394543489234
lithium_hydroxide,CEEMDAN-ARIMA,2026-03-06,20.19,-120.46927388418784,-140.96321931908017,-99.9753284492955,20.49394543489234
lithium_hydroxide,CEEMDAN-ARIMA,2026-03-09,20.19,-121.2044538335071,-141.69839926839944,-100.71050839861476,20.49394543489234
lithium_hydroxide,CEEMDAN-ARIMA,2026-03-10,20.19,-121.9345504939503,-142.42849592884264,-101.44060505905796,20.49394543489234
lithium_hydroxide,CEEMDAN-ARIMA,2026-03-11,19.85,-122.65939735807352,-143.15334279296587,-102.16545192318118,20.49394543489234
lithium_hydroxide,CEEMDAN-ARIMA,2026-03-12,19.85,-123.3788837399631,-143.87282917485544,-102.88493830507076,20.49394543489234
lithium_hydroxide,CEEMDAN-LSTM,2025-10-09,9.6,7.935766696929932,5.015447559356689,10.856085834503174,2.9203191375732427
lithium_hydroxide,CEEMDAN-LSTM,2025-10-10,9.55,7.936861038208008,5.016541900634765,10.85718017578125,2.9203191375732427
lithium_hydroxide,CEEMDAN-LSTM,2025-10-13,9.6,7.937636852264404,5.017317714691162,10.857955989837647,2.9203191375732427
lithium_hydroxide,CEEMDAN-LSTM,2025-10-14,9.6,7.937870502471924,5.017551364898681,10.858189640045167,2.9203191375732427
lithium_hydroxide,CEEMDAN-LSTM,2025-10-15,9.6,7.9375152587890625,5.01719612121582,10.857834396362305,2.9203191375732427
lithium_hydroxide,CEEMDAN-LSTM,2025-10-16,9.6,7.93673038482666,5.0164112472534175,10.857049522399903,2.9203191375732427
lithium_hydroxide,CEEMDAN-LSTM,2025-10-17,9.6,7.935783863067627,5.015464725494384,10.85610300064087,2.9203191375732427
lithium_hydroxide,CEEMDAN-LSTM,2025-10-20,9.75,7.9349470138549805,5.014627876281738,10.855266151428223,2.9203191375732427
lithium_hydroxide,CEEMDAN-LSTM,2025-10-21,9.6,7.9344048500061035,5.014085712432861,10.854723987579346,2.9203191375732427
lithium_hydroxide,CEEMDAN-LSTM,2025-10-22,9.6,7.93423318862915,5.013914051055908,10.854552326202393,2.9203191375732427
lithium_hydroxide,CEEMDAN-LSTM,2025-10-23,9.6,7.934433937072754,5.014114799499511,10.854753074645997,2.9203191375732427
lithium_hydroxide,CEEMDAN-LSTM,2025-10-24,9.6,7.934959888458252,5.014640750885009,10.855279026031495,2.9203191375732427
lithium_hydroxide,CEEMDAN-LSTM,2025-10-27,9.6,7.935737609863281,5.015418472290039,10.856056747436524,2.9203191375732427
lithium_hydroxide,CEEMDAN-LSTM,2025-10-28,9.61,7.936685085296631,5.016365947723388,10.857004222869874,2.9203191375732427
lithium_hydroxide,CEEMDAN-LSTM,2025-10-29,9.63,7.937723636627197,5.017404499053955,10.85804277420044,2.9203191375732427
lithium_hydroxide,CEEMDAN-LSTM,2025-10-30,9.63,7.93877649307251,5.018457355499267,10.859095630645752,2.9203191375732427
lithium_hydroxide,CEEMDAN-LSTM,2025-10-31,9.63,7.939768314361572,5.01944917678833,10.860087451934815,2.9203191375732427
lithium_hydroxide,CEEMDAN-LSTM,2025-11-03,9.8,7.940629959106445,5.020310821533203,10.860949096679688,2.9203191375732427
lithium_hydroxide,CEEMDAN-LSTM,2025-11-04,9.93,7.941312789916992,5.0209936523437495,10.861631927490235,2.9203191375732427
lithium_hydroxide,CEEMDAN-LSTM,2025-11-05,9.8,7.941802978515625,5.021483840942382,10.862122116088868,2.9203191375732427
lithium_hydroxide,CEEMDAN-LSTM,2025-11-06,9.9,7.94212007522583,5.021800937652587,10.862439212799073,2.9203191375732427
lithium_hydroxide,CEEMDAN-LSTM,2025-11-07,9.97,7.942298412322998,5.021979274749755,10.86261754989624,2.9203191375732427
lithium_hydroxide,CEEMDAN-LSTM,2025-11-10,9.97,7.94238805770874,5.0220689201354975,10.862707195281983,2.9203191375732427
lithium_hydroxide,CEEMDAN-LSTM,2025-11-11,9.97,7.9424285888671875,5.022109451293945,10.86274772644043,2.9203191375732427
lithium_hydroxide,CEEMDAN-LSTM,2025-11-12,9.97,7.942448139190674,5.022129001617431,10.862767276763917,2.9203191375732427
lithium_hydroxide,CEEMDAN-LSTM,2025-11-13,10.06,7.942455768585205,5.022136631011962,10.862774906158448,2.9203191375732427
lithium_hydroxide,CEEMDAN-LSTM,2025-11-14,10.06,7.942452430725098,5.022133293151855,10.86277156829834,2.9203191375732427
lithium_hydroxide,CEEMDAN-LSTM,2025-11-17,10.21,7.942428112030029,5.022108974456787,10.862747249603272,2.9203191375732427
lithium_hydroxide,CEEMDAN-LSTM,2025-11-18,10.21,7.942381381988525,5.022062244415283,10.862700519561768,2.9203191375732427
lithium_hydroxide,CEEMDAN-LSTM,2025-11-19,10.13,7.942315101623535,5.0219959640502925,10.862634239196778,2.9203191375732427
lithium_hydroxide,CEEMDAN-LSTM,2025-11-20,10.16,7.942234039306641,5.021914901733398,10.862553176879883,2.9203191375732427
lithium_hydroxide,CEEMDAN-LSTM,2025-11-21,10.19,7.942145824432373,5.02182668685913,10.862464962005616,2.9203191375732427
lithium_hydroxide,CEEMDAN-LSTM,2025-11-24,10.19,7.942055702209473,5.02173656463623,10.862374839782715,2.9203191375732427
lithium_hydroxide,CEEMDAN-LSTM,2025-11-25,10.19,7.941969871520996,5.021650733947753,10.862289009094239,2.9203191375732427
lithium_hydroxide,CEEMDAN-LSTM,2025-11-26,10.18,7.941882133483887,5.021562995910644,10.86220127105713,2.9203191375732427
lithium_hydroxide,CEEMDAN-LSTM,2025-11-28,10.19,7.941792964935303,5.02147382736206,10.862112102508545,2.9203191375732427
lithium_hydroxide,CEEMDAN-LSTM,2025-12-01,10.95,7.941700458526611,5.021381320953369,10.862019596099854,2.9203191375732427
lithium_hydroxide,CEEMDAN-LSTM,2025-12-02,10.4,7.941603660583496,5.021284523010253,10.861922798156739,2.9203191375732427
lithium_hydroxide,CEEMDAN-LSTM,2025-12-03,10.26,7.941507816314697,5.021188678741455,10.86182695388794,2.9203191375732427
lithium_hydroxide,CEEMDAN-LSTM,2025-12-04,10.31,7.941413879394531,5.021094741821289,10.861733016967774,2.9203191375732427
lithium_hydroxide,CEEMDAN-LSTM,2025-12-05,10.31,7.94132661819458,5.021007480621337,10.861645755767823,2.9203191375732427
lithium_hydroxide,CEEMDAN-LSTM,2025-12-08,10.31,7.941249370574951,5.0209302330017085,10.861568508148194,2.9203191375732427
lithium_hydroxide,CEEMDAN-LSTM,2025-12-09,10.31,7.941179275512695,5.020860137939453,10.861498413085938,2.9203191375732427
lithium_hydroxide,CEEMDAN-LSTM,2025-12-10,10.3,7.941117763519287,5.020798625946044,10.86143690109253,2.9203191375732427
lithium_hydroxide,CEEMDAN-LSTM,2025-12-11,10.31,7.941066265106201,5.0207471275329585,10.861385402679444,2.9203191375732427
lithium_hydroxide,CEEMDAN-LSTM,2025-12-12,10.4,7.941022872924805,5.020703735351562,10.861342010498047,2.9203191375732427
lithium_hydroxide,CEEMDAN-LSTM,2025-12-15,10.37,7.9409894943237305,5.020670356750488,10.861308631896973,2.9203191375732427
lithium_hydroxide,CEEMDAN-LSTM,2025-12-16,10.37,7.940966606140137,5.020647468566894,10.86128574371338,2.9203191375732427
lithium_hydroxide,CEEMDAN-LSTM,2025-12-17,10.42,7.94095516204834,5.020636024475097,10.861274299621583,2.9203191375732427
lithium_hydroxide,CEEMDAN-LSTM,2025-12-18,10.61,7.94095516204834,5.020636024475097,10.861274299621583,2.9203191375732427
lithium_hydroxide,CEEMDAN-LSTM,2025-12-19,10.83,7.940964221954346,5.020645084381103,10.861283359527588,2.9203191375732427
lithium_hydroxide,CEEMDAN-LSTM,2025-12-22,10.83,7.940981388092041,5.020662250518798,10.861300525665284,2.9203191375732427
lithium_hydroxide,CEEMDAN-LSTM,2025-12-23,11.21,7.941004753112793,5.02068561553955,10.861323890686036,2.9203191375732427
lithium_hydroxide,CEEMDAN-LSTM,2025-12-24,11.21,7.941032886505127,5.020713748931884,10.86135202407837,2.9203191375732427
lithium_hydroxide,CEEMDAN-LSTM,2025-12-26,11.21,7.94106388092041,5.0207447433471675,10.861383018493653,2.9203191375732427
lithium_hydroxide,CEEMDAN-LSTM,2025-12-29,11.24,7.941096782684326,5.0207776451110835,10.861415920257569,2.9203191375732427
lithium_hydroxide,CEEMDAN-LSTM,2025-12-30,11.22,7.941130638122559,5.020811500549316,10.861449775695801,2.9203191375732427
lithium_hydroxide,CEEMDAN-LSTM,2025-12-31,11.22,7.941164016723633,5.02084487915039,10.861483154296875,2.9203191375732427
lithium_hydroxide,CEEMDAN-LSTM,2026-01-02,15.47,7.941197395324707,5.020878257751464,10.86151653289795,2.9203191375732427
lithium_hydroxide,CEEMDAN-LSTM,2026-01-05,15.23,7.941228866577148,5.020909729003906,10.861548004150391,2.9203191375732427
lithium_hydroxide,CEEMDAN-LSTM,2026-01-06,16.51,7.941258907318115,5.0209397697448725,10.861578044891358,2.9203191375732427
lithium_hydroxide,CEEMDAN-LSTM,2026-01-07,16.8,7.941286563873291,5.020967426300048,10.861605701446534,2.9203191375732427
lithium_hydroxide,CEEMDAN-LSTM,2026-01-08,17.21,7.941308975219727,5.020989837646484,10.86162811279297,2.9203191375732427
lithium_hydroxide,CEEMDAN-LSTM,2026-01-09,17.97,7.941328525543213,5.02100938796997,10.861647663116456,2.9203191375732427
lithium_hydroxide,CEEMDAN-LSTM,2026-01-12,16.63,7.94134521484375,5.021026077270507,10.861664352416993,2.9203191375732427
lithium_hydroxide,CEEMDAN-LSTM,2026-01-13,17.96,7.9413580894470215,5.021038951873779,10.861677227020264,2.9203191375732427
lithium_hydroxide,CEEMDAN-LSTM,2026-01-14,18.58,7.941368579864502,5.021049442291259,10.861687717437745,2.9203191375732427
lithium_hydroxide,CEEMDAN-LSTM,2026-01-15,18.44,7.941374778747559,5.021055641174316,10.861693916320801,2.9203191375732427
lithium_hydroxide,CEEMDAN-LSTM,2026-01-16,17.92,7.941380023956299,5.021060886383056,10.861699161529542,2.9203191375732427
lithium_hydroxide,CEEMDAN-LSTM,2026-01-20,17.77,7.941381931304932,5.021062793731689,10.861701068878174,2.9203191375732427
lithium_hydroxide,CEEMDAN-LSTM,2026-01-21,18.06,7.941381931304932,5.021062793731689,10.861701068878174,2.9203191375732427
lithium_hydroxide,CEEMDAN-LSTM,2026-01-22,18.39,7.941378116607666,5.021058979034423,10.861697254180909,2.9203191375732427
lithium_hydroxide,CEEMDAN-LSTM,2026-01-23,18.39,7.941372871398926,5.021053733825683,10.861692008972168,2.9203191375732427
lithium_hydroxide,CEEMDAN-LSTM,2026-01-26,18.27,7.941368103027344,5.021048965454101,10.861687240600586,2.9203191375732427
lithium_hydroxide,CEEMDAN-LSTM,2026-01-27,18.27,7.941361427307129,5.021042289733886,10.861680564880372,2.9203191375732427
lithium_hydroxide,CEEMDAN-LSTM,2026-01-28,18.2,7.941354274749756,5.021035137176513,10.861673412322999,2.9203191375732427
lithium_hydroxide,CEEMDAN-LSTM,2026-01-29,18.2,7.941347599029541,5.021028461456298,10.861666736602784,2.9203191375732427
lithium_hydroxide,CEEMDAN-LSTM,2026-01-30,18.18,7.941340446472168,5.021021308898925,10.86165958404541,2.9203191375732427
lithium_hydroxide,CEEMDAN-LSTM,2026-02-02,17.5,7.941330909729004,5.021011772155761,10.861650047302247,2.9203191375732427
lithium_hydroxide,CEEMDAN-LSTM,2026-02-03,17.5,7.941321849822998,5.021002712249755,10.86164098739624,2.9203191375732427
lithium_hydroxide,CEEMDAN-LSTM,2026-02-04,17.5,7.941314697265625,5.020995559692382,10.861633834838868,2.9203191375732427
lithium_hydroxide,CEEMDAN-LSTM,2026-02-05,17.0,7.941307067871094,5.020987930297851,10.861626205444336,2.9203191375732427
lithium_hydroxide,CEEMDAN-LSTM,2026-02-06,16.85,7.941300868988037,5.020981731414794,10.86162000656128,2.9203191375732427
lithium_hydroxide,CEEMDAN-LSTM,2026-02-09,16.65,7.941296100616455,5.020976963043212,10.861615238189698,2.9203191375732427
lithium_hydroxide,CEEMDAN-LSTM,2026-02-10,16.62,7.94128942489624,5.0209702873229975,10.861608562469483,2.9203191375732427
lithium_hydroxide,CEEMDAN-LSTM,2026-02-11,16.81,7.941284656524658,5.0209655189514155,10.8616037940979,2.9203191375732427
lithium_hydroxide,CEEMDAN-LSTM,2026-02-12,16.81,7.941281318664551,5.020962181091308,10.861600456237793,2.9203191375732427
lithium_hydroxide,CEEMDAN-LSTM,2026-02-13,16.81,7.94127893447876,5.020959796905517,10.861598072052002,2.9203191375732427
lithium_hydroxide,CEEMDAN-LSTM,2026-02-17,16.81,7.941277980804443,5.020958843231201,10.861597118377686,2.9203191375732427
lithium_hydroxide,CEEMDAN-LSTM,2026-02-18,16.91,7.941275119781494,5.0209559822082515,10.861594257354737,2.9203191375732427
lithium_hydroxide,CEEMDAN-LSTM,2026-02-19,16.91,7.9412736892700195,5.020954551696777,10.861592826843262,2.9203191375732427
lithium_hydroxide,CEEMDAN-LSTM,2026-02-20,16.91,7.941274642944336,5.020955505371093,10.861593780517579,2.9203191375732427
lithium_hydroxide,CEEMDAN-LSTM,2026-02-23,16.91,7.941274166107178,5.020955028533935,10.86159330368042,2.9203191375732427
lithium_hydroxide,CEEMDAN-LSTM,2026-02-24,17.11,7.9412760734558105,5.020956935882568,10.861595211029053,2.9203191375732427
lithium_hydroxide,CEEMDAN-LSTM,2026-02-25,17.34,7.94127893447876,5.020959796905517,10.861598072052002,2.9203191375732427
lithium_hydroxide,CEEMDAN-LSTM,2026-02-26,17.4,7.941279411315918,5.020960273742675,10.86159854888916,2.9203191375732427
lithium_hydroxide,CEEMDAN-LSTM,2026-03-02,20.98,7.941280841827393,5.02096170425415,10.861599979400635,2.9203191375732427
lithium_hydroxide,CEEMDAN-LSTM,2026-03-03,19.77,7.941281795501709,5.020962657928466,10.861600933074952,2.9203191375732427
lithium_hydroxide,CEEMDAN-LSTM,2026-03-04,19.77,7.941284656524658,5.0209655189514155,10.8616037940979,2.9203191375732427
lithium_hydroxide,CEEMDAN-LSTM,2026-03-05,19.98,7.941286563873291,5.020967426300048,10.861605701446534,2.9203191375732427
lithium_hydroxide,CEEMDAN-LSTM,2026-03-06,20.19,7.94128942489624,5.0209702873229975,10.861608562469483,2.9203191375732427
lithium_hydroxide,CEEMDAN-LSTM,2026-03-09,20.19,7.941292762756348,5.020973625183105,10.86161190032959,2.9203191375732427
lithium_hydroxide,CEEMDAN-LSTM,2026-03-10,20.19,7.941293239593506,5.020974102020263,10.861612377166749,2.9203191375732427
lithium_hydroxide,CEEMDAN-LSTM,2026-03-11,19.85,7.941294193267822,5.02097505569458,10.861613330841065,2.9203191375732427
lithium_hydroxide,CEEMDAN-LSTM,2026-03-12,19.85,7.941296577453613,5.020977439880371,10.861615715026856,2.9203191375732427
lithium_hydroxide,ELM,2025-10-09,9.6,9.306471280278434,8.92735599979524,9.685586560761626,0.37911528048319276
lithium_hydroxide,ELM,2025-10-10,9.55,9.238249114251218,8.859133833768025,9.61736439473441,0.37911528048319276
lithium_hydroxide,ELM,2025-10-13,9.6,9.149785514263655,8.770670233780463,9.528900794746848,0.37911528048319276
lithium_hydroxide,ELM,2025-10-14,9.6,9.414367296121316,9.035252015638124,9.793482576604509,0.37911528048319276
lithium_hydroxide,ELM,2025-10-15,9.6,9.31887987191683,8.939764591433637,9.697995152400022,0.37911528048319276
lithium_hydroxide,ELM,2025-10-16,9.6,9.279914766608755,8.900799486125562,9.659030047091948,0.37911528048319276
lithium_hydroxide,ELM,2025-10-17,9.6,9.278460032917513,8.89934475243432,9.657575313400706,0.37911528048319276
lithium_hydroxide,ELM,2025-10-20,9.75,9.318680812758263,8.93956553227507,9.697796093241456,0.37911528048319276
lithium_hydroxide,ELM,2025-10-21,9.6,9.540883859416482,9.16176857893329,9.919999139899675,0.37911528048319276
lithium_hydroxide,ELM,2025-10-22,9.6,9.12454447496309,8.745429194479897,9.503659755446282,0.37911528048319276
lithium_hydroxide,ELM,2025-10-23,9.6,9.261359985836748,8.882244705353555,9.64047526631994,0.37911528048319276
lithium_hydroxide,ELM,2025-10-24,9.6,9.143943334329535,8.764828053846342,9.523058614812728,0.37911528048319276
lithium_hydroxide,ELM,2025-10-27,9.6,9.095334091120433,8.71621881063724,9.474449371603626,0.37911528048319276
lithium_hydroxide,ELM,2025-10-28,9.61,8.983661502858956,8.604546222375763,9.362776783342149,0.37911528048319276
lithium_hydroxide,ELM,2025-10-29,9.63,8.866275714070907,8.487160433587714,9.2453909945541,0.37911528048319276
lithium_hydroxide,ELM,2025-10-30,9.63,8.813958325186714,8.434843044703522,9.193073605669907,0.37911528048319276
lithium_hydroxide,ELM,2025-10-31,9.63,8.849784179815824,8.470668899332631,9.228899460299017,0.37911528048319276
lithium_hydroxide,ELM,2025-11-03,9.8,8.668164573901018,8.289049293417825,9.047279854384211,0.37911528048319276
lithium_hydroxide,ELM,2025-11-04,9.93,8.98550102563086,8.606385745147668,9.364616306114053,0.37911528048319276
lithium_hydroxide,ELM,2025-11-05,9.8,9.079419465553103,8.70030418506991,9.458534746036296,0.37911528048319276
lithium_hydroxide,ELM,2025-11-06,9.9,8.704637169881618,8.325521889398425,9.08375245036481,0.37911528048319276
lithium_hydroxide,ELM,2025-11-07,9.97,9.10956570708465,8.730450426601458,9.488680987567843,0.37911528048319276
lithium_hydroxide,ELM,2025-11-10,9.97,9.150520038292296,8.771404757809103,9.529635318775489,0.37911528048319276
lithium_hydroxide,ELM,2025-11-11,9.97,9.0167996133329,8.637684332849707,9.395914893816093,0.37911528048319276
lithium_hydroxide,ELM,2025-11-12,9.97,8.85346482885135,8.474349548368158,9.232580109334544,0.37911528048319276
lithium_hydroxide,ELM,2025-11-13,10.06,8.767149173049496,8.388033892566304,9.14626445353269,0.37911528048319276
lithium_hydroxide,ELM,2025-11-14,10.06,9.034599482319587,8.655484201836394,9.41371476280278,0.37911528048319276
lithium_hydroxide,ELM,2025-11-17,10.21,8.704165178325432,8.32504989784224,9.083280458808625,0.37911528048319276
lithium_hydroxide,ELM,2025-11-18,10.21,9.238742997540257,8.859627717057064,9.61785827802345,0.37911528048319276
lithium_hydroxide,ELM,2025-11-19,10.13,8.677657395230915,8.298542114747722,9.056772675714107,0.37911528048319276
lithium_hydroxide,ELM,2025-11-20,10.16,8.465908191091694,8.086792910608501,8.845023471574887,0.37911528048319276
lithium_hydroxide,ELM,2025-11-21,10.19,8.34788529886212,7.968770018378928,8.727000579345313,0.37911528048319276
lithium_hydroxide,ELM,2025-11-24,10.19,8.471162918731451,8.092047638248259,8.850278199214644,0.37911528048319276
lithium_hydroxide,ELM,2025-11-25,10.19,8.966824319803896,8.587709039320703,9.345939600287089,0.37911528048319276
lithium_hydroxide,ELM,2025-11-26,10.18,8.721491524119047,8.342376243635854,9.10060680460224,0.37911528048319276
lithium_hydroxide,ELM,2025-11-28,10.19,8.6392150409675,8.260099760484307,9.018330321450692,0.37911528048319276
lithium_hydroxide,ELM,2025-12-01,10.95,8.477522771680785,8.098407491197593,8.856638052163978,0.37911528048319276
lithium_hydroxide,ELM,2025-12-02,10.4,9.736911469841813,9.35779618935862,10.116026750325005,0.37911528048319276
lithium_hydroxide,ELM,2025-12-03,10.26,8.242725590479518,7.863610309996325,8.62184087096271,0.37911528048319276
lithium_hydroxide,ELM,2025-12-04,10.31,8.649507050098896,8.270391769615703,9.028622330582088,0.37911528048319276
lithium_hydroxide,ELM,2025-12-05,10.31,8.857984517221183,8.47886923673799,9.237099797704376,0.37911528048319276
lithium_hydroxide,ELM,2025-12-08,10.31,8.865041125921902,8.48592584543871,9.244156406405095,0.37911528048319276
lithium_hydroxide,ELM,2025-12-09,10.31,8.575056684035008,8.195941403551815,8.954171964518201,0.37911528048319276
lithium_hydroxide,ELM,2025-12-10,10.3,8.60982838773553,8.230713107252337,8.988943668218722,0.37911528048319276
lithium_hydroxide,ELM,2025-12-11,10.31,8.528717747982357,8.149602467499165,8.90783302846555,0.37911528048319276
lithium_hydroxide,ELM,2025-12-12,10.4,8.530576862180439,8.151461581697246,8.909692142663632,0.37911528048319276
lithium_hydroxide,ELM,2025-12-15,10.37,8.765768756049301,8.386653475566108,9.144884036532494,0.37911528048319276
lithium_hydroxide,ELM,2025-12-16,10.37,8.722247188014858,8.343131907531665,9.101362468498051,0.37911528048319276
lithium_hydroxide,ELM,2025-12-17,10.42,8.732059169535594,8.352943889052401,9.111174450018787,0.37911528048319276
lithium_hydroxide,ELM,2025-12-18,10.61,8.441326259721977,8.062210979238785,8.82044154020517,0.37911528048319276
lithium_hydroxide,ELM,2025-12-19,10.83,8.729659646898043,8.35054436641485,9.108774927381235,0.37911528048319276
lithium_hydroxide,ELM,2025-12-22,10.83,8.801504111495152,8.42238883101196,9.180619391978345,0.37911528048319276
lithium_hydroxide,ELM,2025-12-23,11.21,8.425336898103813,8.04622161762062,8.804452178587006,0.37911528048319276
lithium_hydroxide,ELM,2025-12-24,11.21,9.08400773752748,8.704892457044288,9.463123018010673,0.37911528048319276
lithium_hydroxide,ELM,2025-12-26,11.21,8.518797693335323,8.13968241285213,8.897912973818515,0.37911528048319276
lithium_hydroxide,ELM,2025-12-29,11.24,7.8226420240786005,7.443526743595408,8.201757304561793,0.37911528048319276
lithium_hydroxide,ELM,2025-12-30,11.22,7.7076197786673735,7.328504498184181,8.086735059150566,0.37911528048319276
lithium_hydroxide,ELM,2025-12-31,11.22,7.7799696116543995,7.400854331171207,8.159084892137592,0.37911528048319276
lithium_hydroxide,ELM,2026-01-02,15.47,7.962565632964429,7.583450352481236,8.341680913447622,0.37911528048319276
lithium_hydroxide,ELM,2026-01-05,15.23,16.026550601976812,15.647435321493619,16.405665882460006,0.37911528048319276
lithium_hydroxide,ELM,2026-01-06,16.51,11.786151391641258,11.407036111158066,12.165266672124451,0.37911528048319276
lithium_hydroxide,ELM,2026-01-07,16.8,14.196426124826408,13.817310844343215,14.5755414053096,0.37911528048319276
lithium_hydroxide,ELM,2026-01-08,17.21,13.140632336246044,12.761517055762852,13.519747616729237,0.37911528048319276
lithium_hydroxide,ELM,2026-01-09,17.97,13.34462916387562,12.965513883392427,13.723744444358813,0.37911528048319276
lithium_hydroxide,ELM,2026-01-12,16.63,14.73231408942008,14.353198808936888,15.111429369903274,0.37911528048319276
lithium_hydroxide,ELM,2026-01-13,17.96,9.744025899412552,9.36491061892936,10.123141179895745,0.37911528048319276
lithium_hydroxide,ELM,2026-01-14,18.58,13.239550435371028,12.860435154887835,13.61866571585422,0.37911528048319276
lithium_hydroxide,ELM,2026-01-15,18.44,13.145704666564962,12.766589386081769,13.524819947048154,0.37911528048319276
lithium_hydroxide,ELM,2026-01-16,17.92,12.987928998496864,12.608813718013671,13.367044278980057,0.37911528048319276
lithium_hydroxide,ELM,2026-01-20,17.77,11.730543559922813,11.35142827943962,12.109658840406006,0.37911528048319276
lithium_hydroxide,ELM,2026-01-21,18.06,12.325593516434289,11.946478235951096,12.704708796917481,0.37911528048319276
lithium_hydroxide,ELM,2026-01-22,18.39,12.587565755515648,12.208450475032455,12.96668103599884,0.37911528048319276
lithium_hydroxide,ELM,2026-01-23,18.39,12.4866764870226,12.107561206539406,12.865791767505792,0.37911528048319276
lithium_hydroxide,ELM,2026-01-26,18.27,11.928541239691135,11.549425959207943,12.307656520174328,0.37911528048319276
lithium_hydroxide,ELM,2026-01-27,18.27,10.676942716417223,10.29782743593403,11.056057996900416,0.37911528048319276
lithium_hydroxide,ELM,2026-01-28,18.2,11.48274348887831,11.103628208395117,11.861858769361502,0.37911528048319276
lithium_hydroxide,ELM,2026-01-29,18.2,11.568320227978074,11.189204947494881,11.947435508461266,0.37911528048319276
lithium_hydroxide,ELM,2026-01-30,18.18,11.947151281761702,11.568036001278509,12.326266562244895,0.37911528048319276
lithium_hydroxide,ELM,2026-02-02,17.5,12.261652615493999,11.882537335010806,12.640767895977191,0.37911528048319276
lithium_hydroxide,ELM,2026-02-03,17.5,11.323116996768643,10.94400171628545,11.702232277251836,0.37911528048319276
lithium_hydroxide,ELM,2026-02-04,17.5,11.890439198510595,11.511323918027403,12.269554478993788,0.37911528048319276
lithium_hydroxide,ELM,2026-02-05,17.0,11.945744175670324,11.566628895187131,12.324859456153517,0.37911528048319276
lithium_hydroxide,ELM,2026-02-06,16.85,12.022889413725785,11.643774133242593,12.402004694208978,0.37911528048319276
lithium_hydroxide,ELM,2026-02-09,16.65,12.803504938129404,12.424389657646211,13.182620218612596,0.37911528048319276
lithium_hydroxide,ELM,2026-02-10,16.62,12.311072498671491,11.931957218188298,12.690187779154684,0.37911528048319276
lithium_hydroxide,ELM,2026-02-11,16.81,12.32679092270454,11.947675642221347,12.705906203187732,0.37911528048319276
lithium_hydroxide,ELM,2026-02-12,16.81,12.581903660125473,12.20278837964228,12.961018940608666,0.37911528048319276
lithium_hydroxide,ELM,2026-02-13,16.81,11.939777699688435,11.560662419205242,12.318892980171627,0.37911528048319276
lithium_hydroxide,ELM,2026-02-17,16.81,11.806950755399805,11.427835474916613,12.186066035882998,0.37911528048319276
lithium_hydroxide,ELM,2026-02-18,16.91,11.806950755399805,11.427835474916613,12.186066035882998,0.37911528048319276
lithium_hydroxide,ELM,2026-02-19,16.91,12.039265553789274,11.660150273306082,12.418380834272467,0.37911528048319276
lithium_hydroxide,ELM,2026-02-20,16.91,11.965497995624087,11.586382715140894,12.34461327610728,0.37911528048319276
lithium_hydroxide,ELM,2026-02-23,16.91,11.965497995624087,11.586382715140894,12.34461327610728,0.37911528048319276
lithium_hydroxide,ELM,2026-02-24,17.11,11.965497995624087,11.586382715140894,12.34461327610728,0.37911528048319276
lithium_hydroxide,ELM,2026-02-25,17.34,11.722649579184981,11.343534298701789,12.101764859668174,0.37911528048319276
lithium_hydroxide,ELM,2026-02-26,17.4,11.249162248568894,10.8700469680857,11.628277529052086,0.37911528048319276
lithium_hydroxide,ELM,2026-03-02,20.98,10.393653195732881,10.014537915249688,10.772768476216074,0.37911528048319276
lithium_hydroxide,ELM,2026-03-03,19.77,19.297818735726793,18.9187034552436,19.676934016209984,0.37911528048319276
lithium_hydroxide,ELM,2026-03-04,19.77,14.2814761282479,13.902360847764708,14.660591408731094,0.37911528048319276
lithium_hydroxide,ELM,2026-03-05,19.98,15.919989987172244,15.540874706689051,16.299105267655435,0.37911528048319276
lithium_hydroxide,ELM,2026-03-06,20.19,16.227569014961613,15.84845373447842,16.606684295444808,0.37911528048319276
lithium_hydroxide,ELM,2026-03-09,20.19,16.718179212137404,16.33906393165421,17.0972944926206,0.37911528048319276
lithium_hydroxide,ELM,2026-03-10,20.19,16.696573898383583,16.317458617900392,17.075689178866774,0.37911528048319276
lithium_hydroxide,ELM,2026-03-11,19.85,16.289125798809412,15.910010518326219,16.668241079292606,0.37911528048319276
lithium_hydroxide,ELM,2026-03-12,19.85,15.402755737667439,15.023640457184246,15.781871018150632,0.37911528048319276
lithium_hydroxide,ES,2025-10-09,9.6,8.78011855392444,7.847751229178643,9.712485878670238,0.9323673247457975
lithium_hydroxide,ES,2025-10-10,9.55,8.790226635605753,7.857859310859956,9.722593960351551,0.9323673247457975
lithium_hydroxide,ES,2025-10-13,9.6,8.800334717287068,7.867967392541271,9.732702042032866,0.9323673247457975
lithium_hydroxide,ES,2025-10-14,9.6,8.810442798968383,7.878075474222586,9.74281012371418,0.9323673247457975
lithium_hydroxide,ES,2025-10-15,9.6,8.820550880649698,7.8881835559039,9.752918205395495,0.9323673247457975
lithium_hydroxide,ES,2025-10-16,9.6,8.830658962331013,7.898291637585215,9.76302628707681,0.9323673247457975
lithium_hydroxide,ES,2025-10-17,9.6,8.840767044012328,7.90839971926653,9.773134368758125,0.9323673247457975
lithium_hydroxide,ES,2025-10-20,9.75,8.850875125693642,7.918507800947845,9.78324245043944,0.9323673247457975
lithium_hydroxide,ES,2025-10-21,9.6,8.860983207374957,7.92861588262916,9.793350532120755,0.9323673247457975
lithium_hydroxide,ES,2025-10-22,9.6,8.87109128905627,7.938723964310473,9.803458613802068,0.9323673247457975
lithium_hydroxide,ES,2025-10-23,9.6,8.881199370737585,7.948832045991788,9.813566695483383,0.9323673247457975
lithium_hydroxide,ES,2025-10-24,9.6,8.8913074524189,7.958940127673102,9.823674777164698,0.9323673247457975
lithium_hydroxide,ES,2025-10-27,9.6,8.901415534100215,7.969048209354417,9.833782858846012,0.9323673247457975
lithium_hydroxide,ES,2025-10-28,9.61,8.91152361578153,7.979156291035732,9.843890940527327,0.9323673247457975
lithium_hydroxide,ES,2025-10-29,9.63,8.921631697462844,7.989264372717047,9.853999022208642,0.9323673247457975
lithium_hydroxide,ES,2025-10-30,9.63,8.93173977914416,7.999372454398362,9.864107103889957,0.9323673247457975
lithium_hydroxide,ES,2025-10-31,9.63,8.941847860825474,8.009480536079677,9.874215185571272,0.9323673247457975
lithium_hydroxide,ES,2025-11-03,9.8,8.951955942506789,8.019588617760991,9.884323267252586,0.9323673247457975
lithium_hydroxide,ES,2025-11-04,9.93,8.962064024188102,8.029696699442304,9.8944313489339,0.9323673247457975
lithium_hydroxide,ES,2025-11-05,9.8,8.972172105869417,8.03980478112362,9.904539430615214,0.9323673247457975
lithium_hydroxide,ES,2025-11-06,9.9,8.982280187550732,8.049912862804934,9.91464751229653,0.9323673247457975
lithium_hydroxide,ES,2025-11-07,9.97,8.992388269232046,8.060020944486249,9.924755593977844,0.9323673247457975
lithium_hydroxide,ES,2025-11-10,9.97,9.002496350913361,8.070129026167564,9.934863675659159,0.9323673247457975
lithium_hydroxide,ES,2025-11-11,9.97,9.012604432594676,8.080237107848879,9.944971757340474,0.9323673247457975
lithium_hydroxide,ES,2025-11-12,9.97,9.022712514275991,8.090345189530193,9.955079839021789,0.9323673247457975
lithium_hydroxide,ES,2025-11-13,10.06,9.032820595957306,8.100453271211508,9.965187920703103,0.9323673247457975
lithium_hydroxide,ES,2025-11-14,10.06,9.04292867763862,8.110561352892823,9.975296002384418,0.9323673247457975
lithium_hydroxide,ES,2025-11-17,10.21,9.053036759319934,8.120669434574136,9.985404084065731,0.9323673247457975
lithium_hydroxide,ES,2025-11-18,10.21,9.063144841001249,8.130777516255451,9.995512165747046,0.9323673247457975
lithium_hydroxide,ES,2025-11-19,10.13,9.073252922682563,8.140885597936766,10.00562024742836,0.9323673247457975
lithium_hydroxide,ES,2025-11-20,10.16,9.083361004363878,8.15099367961808,10.015728329109676,0.9323673247457975
lithium_hydroxide,ES,2025-11-21,10.19,9.093469086045193,8.161101761299395,10.02583641079099,0.9323673247457975
lithium_hydroxide,ES,2025-11-24,10.19,9.103577167726508,8.17120984298071,10.035944492472305,0.9323673247457975
lithium_hydroxide,ES,2025-11-25,10.19,9.113685249407823,8.181317924662025,10.04605257415362,0.9323673247457975
lithium_hydroxide,ES,2025-11-26,10.18,9.123793331089137,8.19142600634334,10.056160655834935,0.9323673247457975
lithium_hydroxide,ES,2025-11-28,10.19,9.13390141277045,8.201534088024653,10.066268737516248,0.9323673247457975
lithium_hydroxide,ES,2025-12-01,10.95,9.144009494451765,8.211642169705968,10.076376819197563,0.9323673247457975
lithium_hydroxide,ES,2025-12-02,10.4,9.15411757613308,8.221750251387283,10.086484900878878,0.9323673247457975
lithium_hydroxide,ES,2025-12-03,10.26,9.164225657814395,8.231858333068597,10.096592982560193,0.9323673247457975
lithium_hydroxide,ES,2025-12-04,10.31,9.17433373949571,8.241966414749912,10.106701064241507,0.9323673247457975
lithium_hydroxide,ES,2025-12-05,10.31,9.184441821177025,8.252074496431227,10.116809145922822,0.9323673247457975
lithium_hydroxide,ES,2025-12-08,10.31,9.19454990285834,8.262182578112542,10.126917227604137,0.9323673247457975
lithium_hydroxide,ES,2025-12-09,10.31,9.204657984539654,8.272290659793857,10.137025309285452,0.9323673247457975
lithium_hydroxide,ES,2025-12-10,10.3,9.214766066220967,8.28239874147517,10.147133390966765,0.9323673247457975
lithium_hydroxide,ES,2025-12-11,10.31,9.224874147902282,8.292506823156485,10.15724147264808,0.9323673247457975
lithium_hydroxide,ES,2025-12-12,10.4,9.234982229583597,8.3026149048378,10.167349554329395,0.9323673247457975
lithium_hydroxide,ES,2025-12-15,10.37,9.245090311264912,8.312722986519114,10.17745763601071,0.9323673247457975
lithium_hydroxide,ES,2025-12-16,10.37,9.255198392946227,8.32283106820043,10.187565717692024,0.9323673247457975
lithium_hydroxide,ES,2025-12-17,10.42,9.265306474627542,8.332939149881744,10.197673799373339,0.9323673247457975
lithium_hydroxide,ES,2025-12-18,10.61,9.275414556308856,8.343047231563059,10.207781881054654,0.9323673247457975
lithium_hydroxide,ES,2025-12-19,10.83,9.285522637990171,8.353155313244374,10.217889962735969,0.9323673247457975
lithium_hydroxide,ES,2025-12-22,10.83,9.295630719671486,8.363263394925688,10.227998044417284,0.9323673247457975
lithium_hydroxide,ES,2025-12-23,11.21,9.305738801352799,8.373371476607002,10.238106126098597,0.9323673247457975
lithium_hydroxide,ES,2025-12-24,11.21,9.315846883034114,8.383479558288316,10.248214207779911,0.9323673247457975
lithium_hydroxide,ES,2025-12-26,11.21,9.325954964715429,8.393587639969631,10.258322289461226,0.9323673247457975
lithium_hydroxide,ES,2025-12-29,11.24,9.336063046396744,8.403695721650946,10.268430371142541,0.9323673247457975
lithium_hydroxide,ES,2025-12-30,11.22,9.346171128078058,8.41380380333226,10.278538452823856,0.9323673247457975
lithium_hydroxide,ES,2025-12-31,11.22,9.356279209759373,8.423911885013576,10.28864653450517,0.9323673247457975
lithium_hydroxide,ES,2026-01-02,15.47,9.366387291440688,8.43401996669489,10.298754616186486,0.9323673247457975
lithium_hydroxide,ES,2026-01-05,15.23,9.376495373122003,8.444128048376205,10.3088626978678,0.9323673247457975
lithium_hydroxide,ES,2026-01-06,16.51,9.386603454803318,8.45423613005752,10.318970779549115,0.9323673247457975
lithium_hydroxide,ES,2026-01-07,16.8,9.39671153648463,8.464344211738833,10.329078861230428,0.9323673247457975
lithium_hydroxide,ES,2026-01-08,17.21,9.406819618165946,8.474452293420148,10.339186942911743,0.9323673247457975
lithium_hydroxide,ES,2026-01-09,17.97,9.41692769984726,8.484560375101463,10.349295024593058,0.9323673247457975
lithium_hydroxide,ES,2026-01-12,16.63,9.427035781528575,8.494668456782778,10.359403106274373,0.9323673247457975
lithium_hydroxide,ES,2026-01-13,17.96,9.43714386320989,8.504776538464093,10.369511187955688,0.9323673247457975
lithium_hydroxide,ES,2026-01-14,18.58,9.447251944891205,8.514884620145407,10.379619269637002,0.9323673247457975
lithium_hydroxide,ES,2026-01-15,18.44,9.45736002657252,8.524992701826722,10.389727351318317,0.9323673247457975
lithium_hydroxide,ES,2026-01-16,17.92,9.467468108253835,8.535100783508037,10.399835432999632,0.9323673247457975
lithium_hydroxide,ES,2026-01-20,17.77,9.47757618993515,8.545208865189352,10.409943514680947,0.9323673247457975
lithium_hydroxide,ES,2026-01-21,18.06,9.487684271616462,8.555316946870665,10.42005159636226,0.9323673247457975
lithium_hydroxide,ES,2026-01-22,18.39,9.497792353297777,8.56542502855198,10.430159678043575,0.9323673247457975
lithium_hydroxide,ES,2026-01-23,18.39,9.507900434979092,8.575533110233295,10.44026775972489,0.9323673247457975
lithium_hydroxide,ES,2026-01-26,18.27,9.518008516660407,8.58564119191461,10.450375841406204,0.9323673247457975
lithium_hydroxide,ES,2026-01-27,18.27,9.528116598341722,8.595749273595924,10.46048392308752,0.9323673247457975
lithium_hydroxide,ES,2026-01-28,18.2,9.538224680023037,8.605857355277239,10.470592004768834,0.9323673247457975
lithium_hydroxide,ES,2026-01-29,18.2,9.548332761704351,8.615965436958554,10.480700086450149,0.9323673247457975
lithium_hydroxide,ES,2026-01-30,18.18,9.558440843385664,8.626073518639867,10.490808168131462,0.9323673247457975
lithium_hydroxide,ES,2026-02-02,17.5,9.56854892506698,8.636181600321182,10.500916249812777,0.9323673247457975
lithium_hydroxide,ES,2026-02-03,17.5,9.578657006748294,8.646289682002497,10.511024331494092,0.9323673247457975
lithium_hydroxide,ES,2026-02-04,17.5,9.588765088429609,8.656397763683811,10.521132413175406,0.9323673247457975
lithium_hydroxide,ES,2026-02-05,17.0,9.598873170110924,8.666505845365126,10.531240494856721,0.9323673247457975
lithium_hydroxide,ES,2026-02-06,16.85,9.608981251792239,8.676613927046441,10.541348576538036,0.9323673247457975
lithium_hydroxide,ES,2026-02-09,16.65,9.619089333473553,8.686722008727756,10.551456658219351,0.9323673247457975
lithium_hydroxide,ES,2026-02-10,16.62,9.629197415154868,8.69683009040907,10.561564739900666,0.9323673247457975
lithium_hydroxide,ES,2026-02-11,16.81,9.639305496836183,8.706938172090386,10.57167282158198,0.9323673247457975
lithium_hydroxide,ES,2026-02-12,16.81,9.649413578517496,8.717046253771699,10.581780903263294,0.9323673247457975
lithium_hydroxide,ES,2026-02-13,16.81,9.659521660198811,8.727154335453013,10.591888984944609,0.9323673247457975
lithium_hydroxide,ES,2026-02-17,16.81,9.669629741880126,8.737262417134328,10.601997066625923,0.9323673247457975
lithium_hydroxide,ES,2026-02-18,16.91,9.67973782356144,8.747370498815643,10.612105148307238,0.9323673247457975
lithium_hydroxide,ES,2026-02-19,16.91,9.689845905242755,8.757478580496958,10.622213229988553,0.9323673247457975
lithium_hydroxide,ES,2026-02-20,16.91,9.69995398692407,8.767586662178273,10.632321311669868,0.9323673247457975
lithium_hydroxide,ES,2026-02-23,16.91,9.710062068605385,8.777694743859588,10.642429393351183,0.9323673247457975
lithium_hydroxide,ES,2026-02-24,17.11,9.7201701502867,8.787802825540902,10.652537475032497,0.9323673247457975
lithium_hydroxide,ES,2026-02-25,17.34,9.730278231968015,8.797910907222217,10.662645556713812,0.9323673247457975
lithium_hydroxide,ES,2026-02-26,17.4,9.740386313649328,8.80801898890353,10.672753638395125,0.9323673247457975
lithium_hydroxide,ES,2026-03-02,20.98,9.750494395330643,8.818127070584845,10.68286172007644,0.9323673247457975
lithium_hydroxide,ES,2026-03-03,19.77,9.760602477011957,8.82823515226616,10.692969801757755,0.9323673247457975
lithium_hydroxide,ES,2026-03-04,19.77,9.770710558693272,8.838343233947475,10.70307788343907,0.9323673247457975
lithium_hydroxide,ES,2026-03-05,19.98,9.780818640374587,8.84845131562879,10.713185965120385,0.9323673247457975
lithium_hydroxide,ES,2026-03-06,20.19,9.790926722055902,8.858559397310104,10.7232940468017,0.9323673247457975
lithium_hydroxide,ES,2026-03-09,20.19,9.801034803737217,8.86866747899142,10.733402128483014,0.9323673247457975
lithium_hydroxide,ES,2026-03-10,20.19,9.811142885418532,8.878775560672734,10.74351021016433,0.9323673247457975
lithium_hydroxide,ES,2026-03-11,19.85,9.821250967099846,8.888883642354049,10.753618291845644,0.9323673247457975
lithium_hydroxide,ES,2026-03-12,19.85,9.83135904878116,8.898991724035362,10.763726373526957,0.9323673247457975
lithium_hydroxide,Fixed VMD-LASSO-ARIMA/LSTM,2025-10-09,9.6,8.059509111039048,6.587113891522936,9.531904330555161,1.4723952195161125
lithium_hydroxide,Fixed VMD-LASSO-ARIMA/LSTM,2025-10-10,9.55,8.050456359204357,6.578061139688245,9.52285157872047,1.4723952195161125
lithium_hydroxide,Fixed VMD-LASSO-ARIMA/LSTM,2025-10-13,9.6,8.080580531154865,6.608185311638753,9.552975750670978,1.4723952195161125
lithium_hydroxide,Fixed VMD-LASSO-ARIMA/LSTM,2025-10-14,9.6,8.040711018238838,6.568315798722725,9.51310623775495,1.4723952195161125
lithium_hydroxide,Fixed VMD-LASSO-ARIMA/LSTM,2025-10-15,9.6,8.021040168171432,6.548644948655319,9.493435387687544,1.4723952195161125
lithium_hydroxide,Fixed VMD-LASSO-ARIMA/LSTM,2025-10-16,9.6,8.008156603971084,6.535761384454972,9.480551823487197,1.4723952195161125
lithium_hydroxide,Fixed VMD-LASSO-ARIMA/LSTM,2025-10-17,9.6,8.005936794663992,6.533541575147879,9.478332014180104,1.4723952195161125
lithium_hydroxide,Fixed VMD-LASSO-ARIMA/LSTM,2025-10-20,9.75,7.989577511271703,6.51718229175559,9.461972730787815,1.4723952195161125
lithium_hydroxide,Fixed VMD-LASSO-ARIMA/LSTM,2025-10-21,9.6,7.981619740089501,6.5092245205733885,9.454014959605614,1.4723952195161125
lithium_hydroxide,Fixed VMD-LASSO-ARIMA/LSTM,2025-10-22,9.6,7.977393721401388,6.504998501885275,9.4497889409175,1.4723952195161125
lithium_hydroxide,Fixed VMD-LASSO-ARIMA/LSTM,2025-10-23,9.6,7.964371398741332,6.49197617922522,9.436766618257444,1.4723952195161125
lithium_hydroxide,Fixed VMD-LASSO-ARIMA/LSTM,2025-10-24,9.6,7.9540426798101835,6.481647460294071,9.426437899326295,1.4723952195161125
lithium_hydroxide,Fixed VMD-LASSO-ARIMA/LSTM,2025-10-27,9.6,7.949516811022575,6.477121591506463,9.421912030538689,1.4723952195161125
lithium_hydroxide,Fixed VMD-LASSO-ARIMA/LSTM,2025-10-28,9.61,7.942675806369311,6.470280586853199,9.415071025885425,1.4723952195161125
lithium_hydroxide,Fixed VMD-LASSO-ARIMA/LSTM,2025-10-29,9.63,7.9341560727637805,6.461760853247668,9.406551292279893,1.4723952195161125
lithium_hydroxide,Fixed VMD-LASSO-ARIMA/LSTM,2025-10-30,9.63,7.930656817826597,6.458261598310484,9.40305203734271,1.4723952195161125
lithium_hydroxide,Fixed VMD-LASSO-ARIMA/LSTM,2025-10-31,9.63,7.918512106583257,6.446116887067144,9.39090732609937,1.4723952195161125
lithium_hydroxide,Fixed VMD-LASSO-ARIMA/LSTM,2025-11-03,9.8,7.907806018522369,6.435410799006257,9.380201238038481,1.4723952195161125
lithium_hydroxide,Fixed VMD-LASSO-ARIMA/LSTM,2025-11-04,9.93,7.900552485652391,6.428157266136279,9.372947705168503,1.4723952195161125
lithium_hydroxide,Fixed VMD-LASSO-ARIMA/LSTM,2025-11-05,9.8,7.891471152215041,6.419075932698928,9.363866371731152,1.4723952195161125
lithium_hydroxide,Fixed VMD-LASSO-ARIMA/LSTM,2025-11-06,9.9,7.883580401559188,6.411185182043075,9.3559756210753,1.4723952195161125
lithium_hydroxide,Fixed VMD-LASSO-ARIMA/LSTM,2025-11-07,9.97,7.88609205629778,6.413696836781668,9.358487275813893,1.4723952195161125
lithium_hydroxide,Fixed VMD-LASSO-ARIMA/LSTM,2025-11-10,9.97,7.8776675169063095,6.405272297390197,9.350062736422423,1.4723952195161125
lithium_hydroxide,Fixed VMD-LASSO-ARIMA/LSTM,2025-11-11,9.97,7.861975489892357,6.3895802703762445,9.33437070940847,1.4723952195161125
lithium_hydroxide,Fixed VMD-LASSO-ARIMA/LSTM,2025-11-12,9.97,7.858725071844637,6.386329852328524,9.33112029136075,1.4723952195161125
lithium_hydroxide,Fixed VMD-LASSO-ARIMA/LSTM,2025-11-13,10.06,7.8547078937549895,6.382312674238877,9.327103113271102,1.4723952195161125
lithium_hydroxide,Fixed VMD-LASSO-ARIMA/LSTM,2025-11-14,10.06,7.852355904191401,6.3799606846752885,9.324751123707514,1.4723952195161125
lithium_hydroxide,Fixed VMD-LASSO-ARIMA/LSTM,2025-11-17,10.21,7.8524766809230995,6.380081461406987,9.324871900439213,1.4723952195161125
lithium_hydroxide,Fixed VMD-LASSO-ARIMA/LSTM,2025-11-18,10.21,7.839429165353025,6.367033945836912,9.311824384869137,1.4723952195161125
lithium_hydroxide,Fixed VMD-LASSO-ARIMA/LSTM,2025-11-19,10.13,7.842428411817947,6.370033192301834,9.31482363133406,1.4723952195161125
lithium_hydroxide,Fixed VMD-LASSO-ARIMA/LSTM,2025-11-20,10.16,7.833121317121231,6.360726097605118,9.305516536637343,1.4723952195161125
lithium_hydroxide,Fixed VMD-LASSO-ARIMA/LSTM,2025-11-21,10.19,7.835315898427762,6.3629206789116495,9.307711117943875,1.4723952195161125
lithium_hydroxide,Fixed VMD-LASSO-ARIMA/LSTM,2025-11-24,10.19,7.834483963397317,6.362088743881205,9.30687918291343,1.4723952195161125
lithium_hydroxide,Fixed VMD-LASSO-ARIMA/LSTM,2025-11-25,10.19,7.841049977414896,6.368654757898783,9.313445196931008,1.4723952195161125
lithium_hydroxide,Fixed VMD-LASSO-ARIMA/LSTM,2025-11-26,10.18,7.8359703616572,6.363575142141087,9.308365581173312,1.4723952195161125
lithium_hydroxide,Fixed VMD-LASSO-ARIMA/LSTM,2025-11-28,10.19,7.840801526913803,6.368406307397691,9.313196746429917,1.4723952195161125
lithium_hydroxide,Fixed VMD-LASSO-ARIMA/LSTM,2025-12-01,10.95,7.843576660719503,6.37118144120339,9.315971880235615,1.4723952195161125
lithium_hydroxide,Fixed VMD-LASSO-ARIMA/LSTM,2025-12-02,10.4,7.84646028525232,6.3740650657362075,9.318855504768432,1.4723952195161125
lithium_hydroxide,Fixed VMD-LASSO-ARIMA/LSTM,2025-12-03,10.26,7.845504725367173,6.37310950585106,9.317899944883285,1.4723952195161125
lithium_hydroxide,Fixed VMD-LASSO-ARIMA/LSTM,2025-12-04,10.31,7.835320415237059,6.362925195720947,9.307715634753173,1.4723952195161125
lithium_hydroxide,Fixed VMD-LASSO-ARIMA/LSTM,2025-12-05,10.31,7.849790859019199,6.377395639503087,9.322186078535312,1.4723952195161125
lithium_hydroxide,Fixed VMD-LASSO-ARIMA/LSTM,2025-12-08,10.31,7.852763537807185,6.380368318291072,9.325158757323297,1.4723952195161125
lithium_hydroxide,Fixed VMD-LASSO-ARIMA/LSTM,2025-12-09,10.31,7.853852371045368,6.381457151529255,9.32624759056148,1.4723952195161125
lithium_hydroxide,Fixed VMD-LASSO-ARIMA/LSTM,2025-12-10,10.3,7.855797691659488,6.383402472143375,9.3281929111756,1.4723952195161125
lithium_hydroxide,Fixed VMD-LASSO-ARIMA/LSTM,2025-12-11,10.31,7.857132275749598,6.384737056233486,9.329527495265712,1.4723952195161125
lithium_hydroxide,Fixed VMD-LASSO-ARIMA/LSTM,2025-12-12,10.4,7.856470161316565,6.384074941800453,9.328865380832678,1.4723952195161125
lithium_hydroxide,Fixed VMD-LASSO-ARIMA/LSTM,2025-12-15,10.37,7.864611226799666,6.392216007283554,9.33700644631578,1.4723952195161125
lithium_hydroxide,Fixed VMD-LASSO-ARIMA/LSTM,2025-12-16,10.37,7.864667625252089,6.3922724057359765,9.337062844768202,1.4723952195161125
lithium_hydroxide,Fixed VMD-LASSO-ARIMA/LSTM,2025-12-17,10.42,7.866699257625057,6.394304038108944,9.33909447714117,1.4723952195161125
lithium_hydroxide,Fixed VMD-LASSO-ARIMA/LSTM,2025-12-18,10.61,7.870901248712317,6.398506029196205,9.34329646822843,1.4723952195161125
lithium_hydroxide,Fixed VMD-LASSO-ARIMA/LSTM,2025-12-19,10.83,7.917051042985428,6.444655823469316,9.38944626250154,1.4723952195161125
lithium_hydroxide,Fixed VMD-LASSO-ARIMA/LSTM,2025-12-22,10.83,7.890022478965015,6.417627259448903,9.362417698481128,1.4723952195161125
lithium_hydroxide,Fixed VMD-LASSO-ARIMA/LSTM,2025-12-23,11.21,7.892203189649733,6.41980797013362,9.364598409165845,1.4723952195161125
lithium_hydroxide,Fixed VMD-LASSO-ARIMA/LSTM,2025-12-24,11.21,7.900265415721393,6.427870196205281,9.372660635237505,1.4723952195161125
lithium_hydroxide,Fixed VMD-LASSO-ARIMA/LSTM,2025-12-26,11.21,7.904676606789146,6.432281387273034,9.377071826305258,1.4723952195161125
lithium_hydroxide,Fixed VMD-LASSO-ARIMA/LSTM,2025-12-29,11.24,7.908147802794408,6.435752583278296,9.38054302231052,1.4723952195161125
lithium_hydroxide,Fixed VMD-LASSO-ARIMA/LSTM,2025-12-30,11.22,7.928315189230322,6.455919969714209,9.400710408746434,1.4723952195161125
lithium_hydroxide,Fixed VMD-LASSO-ARIMA/LSTM,2025-12-31,11.22,7.922701820191284,6.450306600675171,9.395097039707396,1.4723952195161125
lithium_hydroxide,Fixed VMD-LASSO-ARIMA/LSTM,2026-01-02,15.47,7.926740423915561,6.4543452043994485,9.399135643431674,1.4723952195161125
lithium_hydroxide,Fixed VMD-LASSO-ARIMA/LSTM,2026-01-05,15.23,7.931170045867415,6.458774826351302,9.403565265383527,1.4723952195161125
lithium_hydroxide,Fixed VMD-LASSO-ARIMA/LSTM,2026-01-06,16.51,7.942830978522356,6.470435759006244,9.415226198038468,1.4723952195161125
lithium_hydroxide,Fixed VMD-LASSO-ARIMA/LSTM,2026-01-07,16.8,7.945875434427062,6.47348021491095,9.418270653943175,1.4723952195161125
lithium_hydroxide,Fixed VMD-LASSO-ARIMA/LSTM,2026-01-08,17.21,7.958178606205904,6.485783386689792,9.430573825722018,1.4723952195161125
lithium_hydroxide,Fixed VMD-LASSO-ARIMA/LSTM,2026-01-09,17.97,7.95992684588033,6.487531626364217,9.432322065396441,1.4723952195161125
lithium_hydroxide,Fixed VMD-LASSO-ARIMA/LSTM,2026-01-12,16.63,7.968012262696082,6.495617043179969,9.440407482212194,1.4723952195161125
lithium_hydroxide,Fixed VMD-LASSO-ARIMA/LSTM,2026-01-13,17.96,7.968674070307282,6.496278850791169,9.441069289823394,1.4723952195161125
lithium_hydroxide,Fixed VMD-LASSO-ARIMA/LSTM,2026-01-14,18.58,7.980800157563374,6.508404938047262,9.453195377079487,1.4723952195161125
lithium_hydroxide,Fixed VMD-LASSO-ARIMA/LSTM,2026-01-15,18.44,7.974611297389642,6.50221607787353,9.447006516905756,1.4723952195161125
lithium_hydroxide,Fixed VMD-LASSO-ARIMA/LSTM,2026-01-16,17.92,7.98727041339825,6.514875193882138,9.459665632914362,1.4723952195161125
lithium_hydroxide,Fixed VMD-LASSO-ARIMA/LSTM,2026-01-20,17.77,7.995975525909531,6.523580306393418,9.468370745425643,1.4723952195161125
lithium_hydroxide,Fixed VMD-LASSO-ARIMA/LSTM,2026-01-21,18.06,7.999136724611628,6.526741505095515,9.47153194412774,1.4723952195161125
lithium_hydroxide,Fixed VMD-LASSO-ARIMA/LSTM,2026-01-22,18.39,8.005701539826804,6.533306320310691,9.478096759342916,1.4723952195161125
lithium_hydroxide,Fixed VMD-LASSO-ARIMA/LSTM,2026-01-23,18.39,8.012205488554535,6.539810269038423,9.484600708070648,1.4723952195161125
lithium_hydroxide,Fixed VMD-LASSO-ARIMA/LSTM,2026-01-26,18.27,8.019503290135106,6.547108070618993,9.491898509651218,1.4723952195161125
lithium_hydroxide,Fixed VMD-LASSO-ARIMA/LSTM,2026-01-27,18.27,8.028224973185628,6.555829753669515,9.50062019270174,1.4723952195161125
lithium_hydroxide,Fixed VMD-LASSO-ARIMA/LSTM,2026-01-28,18.2,8.033157909341291,6.560762689825179,9.505553128857404,1.4723952195161125
lithium_hydroxide,Fixed VMD-LASSO-ARIMA/LSTM,2026-01-29,18.2,8.048343865569334,6.575948646053222,9.520739085085447,1.4723952195161125
lithium_hydroxide,Fixed VMD-LASSO-ARIMA/LSTM,2026-01-30,18.18,8.058231586162034,6.585836366645921,9.530626805678146,1.4723952195161125
lithium_hydroxide,Fixed VMD-LASSO-ARIMA/LSTM,2026-02-02,17.5,8.065642085804216,6.593246866288103,9.538037305320328,1.4723952195161125
lithium_hydroxide,Fixed VMD-LASSO-ARIMA/LSTM,2026-02-03,17.5,8.049730652085927,6.577335432569814,9.52212587160204,1.4723952195161125
lithium_hydroxide,Fixed VMD-LASSO-ARIMA/LSTM,2026-02-04,17.5,8.077151234954815,6.604756015438703,9.549546454470928,1.4723952195161125
lithium_hydroxide,Fixed VMD-LASSO-ARIMA/LSTM,2026-02-05,17.0,8.082873830915705,6.610478611399593,9.555269050431818,1.4723952195161125
lithium_hydroxide,Fixed VMD-LASSO-ARIMA/LSTM,2026-02-06,16.85,8.085615480137914,6.613220260621802,9.558010699654027,1.4723952195161125
lithium_hydroxide,Fixed VMD-LASSO-ARIMA/LSTM,2026-02-09,16.65,8.083828621860594,6.611433402344481,9.556223841376706,1.4723952195161125
lithium_hydroxide,Fixed VMD-LASSO-ARIMA/LSTM,2026-02-10,16.62,8.091520793533894,6.619125574017781,9.563916013050006,1.4723952195161125
lithium_hydroxide,Fixed VMD-LASSO-ARIMA/LSTM,2026-02-11,16.81,8.099426693682014,6.627031474165902,9.571821913198127,1.4723952195161125
lithium_hydroxide,Fixed VMD-LASSO-ARIMA/LSTM,2026-02-12,16.81,8.095920351989967,6.623525132473855,9.56831557150608,1.4723952195161125
lithium_hydroxide,Fixed VMD-LASSO-ARIMA/LSTM,2026-02-13,16.81,8.105889543844622,6.63349432432851,9.578284763360735,1.4723952195161125
lithium_hydroxide,Fixed VMD-LASSO-ARIMA/LSTM,2026-02-17,16.81,8.107559636373367,6.635164416857254,9.57995485588948,1.4723952195161125
lithium_hydroxide,Fixed VMD-LASSO-ARIMA/LSTM,2026-02-18,16.91,8.12460390618343,6.652208686667317,9.596999125699542,1.4723952195161125
lithium_hydroxide,Fixed VMD-LASSO-ARIMA/LSTM,2026-02-19,16.91,8.125004300735672,6.652609081219559,9.597399520251784,1.4723952195161125
lithium_hydroxide,Fixed VMD-LASSO-ARIMA/LSTM,2026-02-20,16.91,8.14387907540695,6.671483855890838,9.616274294923063,1.4723952195161125
lithium_hydroxide,Fixed VMD-LASSO-ARIMA/LSTM,2026-02-23,16.91,8.154609772073051,6.682214552556939,9.627004991589164,1.4723952195161125
lithium_hydroxide,Fixed VMD-LASSO-ARIMA/LSTM,2026-02-24,17.11,8.157263831228738,6.684868611712625,9.62965905074485,1.4723952195161125
lithium_hydroxide,Fixed VMD-LASSO-ARIMA/LSTM,2026-02-25,17.34,8.175302303777817,6.702907084261705,9.64769752329393,1.4723952195161125
lithium_hydroxide,Fixed VMD-LASSO-ARIMA/LSTM,2026-02-26,17.4,8.164372929446293,6.69197770993018,9.636768148962405,1.4723952195161125
lithium_hydroxide,Fixed VMD-LASSO-ARIMA/LSTM,2026-03-02,20.98,8.166067626476714,6.6936724069606015,9.638462845992827,1.4723952195161125
lithium_hydroxide,Fixed VMD-LASSO-ARIMA/LSTM,2026-03-03,19.77,8.16695315905924,6.694557939543127,9.639348378575352,1.4723952195161125
lithium_hydroxide,Fixed VMD-LASSO-ARIMA/LSTM,2026-03-04,19.77,8.169089857224593,6.696694637708481,9.641485076740706,1.4723952195161125
lithium_hydroxide,Fixed VMD-LASSO-ARIMA/LSTM,2026-03-05,19.98,8.180908609254814,6.708513389738702,9.653303828770927,1.4723952195161125
lithium_hydroxide,Fixed VMD-LASSO-ARIMA/LSTM,2026-03-06,20.19,8.17379217523758,6.701396955721467,9.646187394753692,1.4723952195161125
lithium_hydroxide,Fixed VMD-LASSO-ARIMA/LSTM,2026-03-09,20.19,8.174190229810245,6.701795010294132,9.646585449326357,1.4723952195161125
lithium_hydroxide,Fixed VMD-LASSO-ARIMA/LSTM,2026-03-10,20.19,8.170359138370314,6.697963918854201,9.642754357886426,1.4723952195161125
lithium_hydroxide,Fixed VMD-LASSO-ARIMA/LSTM,2026-03-11,19.85,8.17936164163989,6.706966422123777,9.651756861156002,1.4723952195161125
lithium_hydroxide,Fixed VMD-LASSO-ARIMA/LSTM,2026-03-12,19.85,8.187285636513428,6.714890416997315,9.65968085602954,1.4723952195161125
lithium_hydroxide,LSTM,2025-10-09,9.6,10.307658195495605,8.108754577636718,12.506561813354493,2.198903617858887
lithium_hydroxide,LSTM,2025-10-10,9.55,10.470096588134766,8.271192970275878,12.669000205993653,2.198903617858887
lithium_hydroxide,LSTM,2025-10-13,9.6,10.543992042541504,8.345088424682617,12.742895660400391,2.198903617858887
lithium_hydroxide,LSTM,2025-10-14,9.6,10.725988388061523,8.527084770202636,12.92489200592041,2.198903617858887
lithium_hydroxide,LSTM,2025-10-15,9.6,10.869233131408691,8.670329513549804,13.068136749267579,2.198903617858887
lithium_hydroxide,LSTM,2025-10-16,9.6,10.884317398071289,8.685413780212402,13.083221015930176,2.198903617858887
lithium_hydroxide,LSTM,2025-10-17,9.6,10.825504302978516,8.626600685119628,13.024407920837403,2.198903617858887
lithium_hydroxide,LSTM,2025-10-20,9.75,10.64699935913086,8.448095741271972,12.845902976989747,2.198903617858887
lithium_hydroxide,LSTM,2025-10-21,9.6,10.504417419433594,8.305513801574707,12.703321037292481,2.198903617858887
lithium_hydroxide,LSTM,2025-10-22,9.6,10.440237998962402,8.241334381103515,12.63914161682129,2.198903617858887
lithium_hydroxide,LSTM,2025-10-23,9.6,10.372305870056152,8.173402252197265,12.57120948791504,2.198903617858887
lithium_hydroxide,LSTM,2025-10-24,9.6,10.42746639251709,8.228562774658203,12.626370010375977,2.198903617858887
lithium_hydroxide,LSTM,2025-10-27,9.6,10.512956619262695,8.314053001403808,12.711860237121583,2.198903617858887
lithium_hydroxide,LSTM,2025-10-28,9.61,10.628739356994629,8.429835739135742,12.827642974853516,2.198903617858887
lithium_hydroxide,LSTM,2025-10-29,9.63,10.721599578857422,8.522695960998535,12.920503196716309,2.198903617858887
lithium_hydroxide,LSTM,2025-10-30,9.63,10.90705680847168,8.708153190612792,13.105960426330567,2.198903617858887
lithium_hydroxide,LSTM,2025-10-31,9.63,11.190256118774414,8.991352500915527,13.389159736633301,2.198903617858887
lithium_hydroxide,LSTM,2025-11-03,9.8,11.327202796936035,9.128299179077148,13.526106414794922,2.198903617858887
lithium_hydroxide,LSTM,2025-11-04,9.93,11.383923530578613,9.185019912719726,13.5828271484375,2.198903617858887
lithium_hydroxide,LSTM,2025-11-05,9.8,11.369287490844727,9.17038387298584,13.568191108703614,2.198903617858887
lithium_hydroxide,LSTM,2025-11-06,9.9,11.34959602355957,9.150692405700683,13.548499641418458,2.198903617858887
lithium_hydroxide,LSTM,2025-11-07,9.97,11.429855346679688,9.2309517288208,13.628758964538575,2.198903617858887
lithium_hydroxide,LSTM,2025-11-10,9.97,11.540210723876953,9.341307106018066,13.73911434173584,2.198903617858887
lithium_hydroxide,LSTM,2025-11-11,9.97,11.615583419799805,9.416679801940917,13.814487037658692,2.198903617858887
lithium_hydroxide,LSTM,2025-11-12,9.97,11.626001358032227,9.42709774017334,13.824904975891114,2.198903617858887
lithium_hydroxide,LSTM,2025-11-13,10.06,11.632217407226562,9.433313789367675,13.83112102508545,2.198903617858887
lithium_hydroxide,LSTM,2025-11-14,10.06,11.803361892700195,9.604458274841308,14.002265510559083,2.198903617858887
lithium_hydroxide,LSTM,2025-11-17,10.21,11.882916450500488,9.684012832641601,14.081820068359375,2.198903617858887
lithium_hydroxide,LSTM,2025-11-18,10.21,12.096222877502441,9.897319259643554,14.295126495361329,2.198903617858887
lithium_hydroxide,LSTM,2025-11-19,10.13,12.197591781616211,9.998688163757324,14.396495399475098,2.198903617858887
lithium_hydroxide,LSTM,2025-11-20,10.16,12.321619033813477,10.12271541595459,14.520522651672364,2.198903617858887
lithium_hydroxide,LSTM,2025-11-21,10.19,12.398508071899414,10.199604454040527,14.597411689758301,2.198903617858887
lithium_hydroxide,LSTM,2025-11-24,10.19,12.231035232543945,10.032131614685058,14.429938850402833,2.198903617858887
lithium_hydroxide,LSTM,2025-11-25,10.19,11.873451232910156,9.674547615051269,14.072354850769043,2.198903617858887
lithium_hydroxide,LSTM,2025-11-26,10.18,11.656630516052246,9.457726898193359,13.855534133911133,2.198903617858887
lithium_hydroxide,LSTM,2025-11-28,10.19,11.552766799926758,9.35386318206787,13.751670417785645,2.198903617858887
lithium_hydroxide,LSTM,2025-12-01,10.95,11.559544563293457,9.36064094543457,13.758448181152344,2.198903617858887
lithium_hydroxide,LSTM,2025-12-02,10.4,11.69013500213623,9.491231384277343,13.889038619995118,2.198903617858887
lithium_hydroxide,LSTM,2025-12-03,10.26,11.814349174499512,9.615445556640625,14.013252792358399,2.198903617858887
lithium_hydroxide,LSTM,2025-12-04,10.31,11.755751609802246,9.556847991943359,13.954655227661133,2.198903617858887
lithium_hydroxide,LSTM,2025-12-05,10.31,11.683223724365234,9.484320106506347,13.882127342224122,2.198903617858887
lithium_hydroxide,LSTM,2025-12-08,10.31,11.626480102539062,9.427576484680175,13.82538372039795,2.198903617858887
lithium_hydroxide,LSTM,2025-12-09,10.31,11.678566932678223,9.479663314819335,13.87747055053711,2.198903617858887
lithium_hydroxide,LSTM,2025-12-10,10.3,11.729957580566406,9.531053962707519,13.928861198425293,2.198903617858887
lithium_hydroxide,LSTM,2025-12-11,10.31,11.787399291992188,9.5884956741333,13.986302909851075,2.198903617858887
lithium_hydroxide,LSTM,2025-12-12,10.4,11.830412864685059,9.631509246826171,14.029316482543946,2.198903617858887
lithium_hydroxide,LSTM,2025-12-15,10.37,11.8274507522583,9.628547134399414,14.026354370117188,2.198903617858887
lithium_hydroxide,LSTM,2025-12-16,10.37,11.795777320861816,9.59687370300293,13.994680938720704,2.198903617858887
lithium_hydroxide,LSTM,2025-12-17,10.42,11.764153480529785,9.565249862670898,13.963057098388672,2.198903617858887
lithium_hydroxide,LSTM,2025-12-18,10.61,11.850796699523926,9.651893081665039,14.049700317382813,2.198903617858887
lithium_hydroxide,LSTM,2025-12-19,10.83,11.959673881530762,9.760770263671875,14.158577499389649,2.198903617858887
lithium_hydroxide,LSTM,2025-12-22,10.83,12.142653465270996,9.943749847412109,14.341557083129883,2.198903617858887
lithium_hydroxide,LSTM,2025-12-23,11.21,12.366032600402832,10.167128982543945,14.56493621826172,2.198903617858887
lithium_hydroxide,LSTM,2025-12-24,11.21,12.618295669555664,10.419392051696777,14.817199287414551,2.198903617858887
lithium_hydroxide,LSTM,2025-12-26,11.21,12.899447441101074,10.700543823242187,15.098351058959961,2.198903617858887
lithium_hydroxide,LSTM,2025-12-29,11.24,13.212183952331543,11.013280334472656,15.41108757019043,2.198903617858887
lithium_hydroxide,LSTM,2025-12-30,11.22,13.467484474182129,11.268580856323242,15.666388092041016,2.198903617858887
lithium_hydroxide,LSTM,2025-12-31,11.22,13.606363296508789,11.407459678649902,15.805266914367676,2.198903617858887
lithium_hydroxide,LSTM,2026-01-02,15.47,13.647679328918457,11.44877571105957,15.846582946777344,2.198903617858887
lithium_hydroxide,LSTM,2026-01-05,15.23,14.185867309570312,11.986963691711425,16.3847709274292,2.198903617858887
lithium_hydroxide,LSTM,2026-01-06,16.51,15.313470840454102,13.114567222595214,17.51237445831299,2.198903617858887
lithium_hydroxide,LSTM,2026-01-07,16.8,16.477136611938477,14.27823299407959,18.676040229797366,2.198903617858887
lithium_hydroxide,LSTM,2026-01-08,17.21,17.658042907714844,15.459139289855957,19.856946525573733,2.198903617858887
lithium_hydroxide,LSTM,2026-01-09,17.97,18.60810661315918,16.40920299530029,20.80701023101807,2.198903617858887
lithium_hydroxide,LSTM,2026-01-12,16.63,19.434967041015625,17.236063423156736,21.633870658874514,2.198903617858887
lithium_hydroxide,LSTM,2026-01-13,17.96,20.116134643554688,17.9172310256958,22.315038261413576,2.198903617858887
lithium_hydroxide,LSTM,2026-01-14,18.58,20.63334083557129,18.4344372177124,22.832244453430178,2.198903617858887
lithium_hydroxide,LSTM,2026-01-15,18.44,21.246721267700195,19.047817649841306,23.445624885559084,2.198903617858887
lithium_hydroxide,LSTM,2026-01-16,17.92,21.732078552246094,19.533174934387205,23.930982170104983,2.198903617858887
lithium_hydroxide,LSTM,2026-01-20,17.77,21.81167984008789,19.612776222229,24.01058345794678,2.198903617858887
lithium_hydroxide,LSTM,2026-01-21,18.06,21.58671760559082,19.38781398773193,23.78562122344971,2.198903617858887
lithium_hydroxide,LSTM,2026-01-22,18.39,21.50930404663086,19.31040042877197,23.70820766448975,2.198903617858887
lithium_hydroxide,LSTM,2026-01-23,18.39,21.590782165527344,19.391878547668455,23.789685783386233,2.198903617858887
lithium_hydroxide,LSTM,2026-01-26,18.27,21.889236450195312,19.690332832336424,24.0881400680542,2.198903617858887
lithium_hydroxide,LSTM,2026-01-27,18.27,22.202667236328125,20.003763618469236,24.401570854187014,2.198903617858887
lithium_hydroxide,LSTM,2026-01-28,18.2,22.298009872436523,20.099106254577634,24.496913490295412,2.198903617858887
lithium_hydroxide,LSTM,2026-01-29,18.2,22.350170135498047,20.151266517639158,24.549073753356936,2.198903617858887
lithium_hydroxide,LSTM,2026-01-30,18.18,22.291772842407227,20.092869224548338,24.490676460266116,2.198903617858887
lithium_hydroxide,LSTM,2026-02-02,17.5,22.034582138061523,19.835678520202634,24.233485755920412,2.198903617858887
lithium_hydroxide,LSTM,2026-02-03,17.5,21.615280151367188,19.4163765335083,23.814183769226076,2.198903617858887
lithium_hydroxide,LSTM,2026-02-04,17.5,21.21327018737793,19.01436656951904,23.41217380523682,2.198903617858887
lithium_hydroxide,LSTM,2026-02-05,17.0,20.90040397644043,18.70150035858154,23.09930759429932,2.198903617858887
lithium_hydroxide,LSTM,2026-02-06,16.85,20.404701232910156,18.205797615051267,22.603604850769045,2.198903617858887
lithium_hydroxide,LSTM,2026-02-09,16.65,19.904605865478516,17.705702247619627,22.103509483337405,2.198903617858887
lithium_hydroxide,LSTM,2026-02-10,16.62,19.53508758544922,17.33618396759033,21.733991203308108,2.198903617858887
lithium_hydroxide,LSTM,2026-02-11,16.81,19.28261947631836,17.08371585845947,21.48152309417725,2.198903617858887
lithium_hydroxide,LSTM,2026-02-12,16.81,19.24968910217285,17.050785484313963,21.44859272003174,2.198903617858887
lithium_hydroxide,LSTM,2026-02-13,16.81,19.3719482421875,17.17304462432861,21.57085186004639,2.198903617858887
lithium_hydroxide,LSTM,2026-02-17,16.81,19.49730682373047,17.29840320587158,21.696210441589358,2.198903617858887
lithium_hydroxide,LSTM,2026-02-18,16.91,19.60190773010254,17.40300411224365,21.800811347961428,2.198903617858887
lithium_hydroxide,LSTM,2026-02-19,16.91,19.688156127929688,17.4892525100708,21.887059745788576,2.198903617858887
lithium_hydroxide,LSTM,2026-02-20,16.91,19.75906753540039,17.5601639175415,21.95797115325928,2.198903617858887
lithium_hydroxide,LSTM,2026-02-23,16.91,19.79970359802246,17.600799980163572,21.99860721588135,2.198903617858887
lithium_hydroxide,LSTM,2026-02-24,17.11,19.818763732910156,17.619860115051267,22.017667350769045,2.198903617858887
lithium_hydroxide,LSTM,2026-02-25,17.34,20.06209945678711,17.86319583892822,22.261003074646,2.198903617858887
lithium_hydroxide,LSTM,2026-02-26,17.4,20.462684631347656,18.263781013488767,22.661588249206545,2.198903617858887
lithium_hydroxide,LSTM,2026-03-02,20.98,20.97529411315918,18.77639049530029,23.17419773101807,2.198903617858887
lithium_hydroxide,LSTM,2026-03-03,19.77,21.816621780395508,19.61771816253662,24.015525398254397,2.198903617858887
lithium_hydroxide,LSTM,2026-03-04,19.77,22.623071670532227,20.424168052673338,24.821975288391116,2.198903617858887
lithium_hydroxide,LSTM,2026-03-05,19.98,22.8284854888916,20.629581871032713,25.02738910675049,2.198903617858887
lithium_hydroxide,LSTM,2026-03-06,20.19,22.933639526367188,20.7347359085083,25.132543144226076,2.198903617858887
lithium_hydroxide,LSTM,2026-03-09,20.19,22.964946746826172,20.766043128967283,25.16385036468506,2.198903617858887
lithium_hydroxide,LSTM,2026-03-10,20.19,23.03704071044922,20.83813709259033,25.235944328308108,2.198903617858887
lithium_hydroxide,LSTM,2026-03-11,19.85,23.14813232421875,20.94922870635986,25.34703594207764,2.198903617858887
lithium_hydroxide,LSTM,2026-03-12,19.85,23.205982208251953,21.007078590393064,25.404885826110842,2.198903617858887
lithium_hydroxide,MLP,2025-10-09,9.6,11.923684716143153,9.599435495513964,14.247933936772343,2.3242492206291896
lithium_hydroxide,MLP,2025-10-10,9.55,12.612808238439014,10.288559017809824,14.937057459068203,2.3242492206291896
lithium_hydroxide,MLP,2025-10-13,9.6,12.309572667687817,9.985323447058628,14.633821888317007,2.3242492206291896
lithium_hydroxide,MLP,2025-10-14,9.6,12.757598644943663,10.433349424314473,15.081847865572852,2.3242492206291896
lithium_hydroxide,MLP,2025-10-15,9.6,12.6705247747794,10.34627555415021,14.99477399540859,2.3242492206291896
lithium_hydroxide,MLP,2025-10-16,9.6,12.487843027182405,10.163593806553216,14.812092247811595,2.3242492206291896
lithium_hydroxide,MLP,2025-10-17,9.6,12.39006145074427,10.06581223011508,14.71431067137346,2.3242492206291896
lithium_hydroxide,MLP,2025-10-20,9.75,11.902455328086035,9.578206107456845,14.226704548715224,2.3242492206291896
lithium_hydroxide,MLP,2025-10-21,9.6,11.940973400137173,9.616724179507983,14.265222620766362,2.3242492206291896
lithium_hydroxide,MLP,2025-10-22,9.6,12.173479976683407,9.849230756054217,14.497729197312596,2.3242492206291896
lithium_hydroxide,MLP,2025-10-23,9.6,11.99549000429437,9.67124078366518,14.319739224923559,2.3242492206291896
lithium_hydroxide,MLP,2025-10-24,9.6,12.49609753323428,10.171848312605091,14.82034675386347,2.3242492206291896
lithium_hydroxide,MLP,2025-10-27,9.6,12.585073635268945,10.260824414639755,14.909322855898134,2.3242492206291896
lithium_hydroxide,MLP,2025-10-28,9.61,12.840926031328673,10.516676810699483,15.165175251957862,2.3242492206291896
lithium_hydroxide,MLP,2025-10-29,9.63,12.995069090375477,10.670819869746287,15.319318311004666,2.3242492206291896
lithium_hydroxide,MLP,2025-10-30,9.63,13.403589239633927,11.079340019004738,15.727838460263117,2.3242492206291896
lithium_hydroxide,MLP,2025-10-31,9.63,13.802852065145355,11.478602844516166,16.127101285774543,2.3242492206291896
lithium_hydroxide,MLP,2025-11-03,9.8,13.582361407548676,11.258112186919487,15.906610628177866,2.3242492206291896
lithium_hydroxide,MLP,2025-11-04,9.93,13.552364310747166,11.228115090117976,15.876613531376355,2.3242492206291896
lithium_hydroxide,MLP,2025-11-05,9.8,13.442636281846585,11.118387061217396,15.766885502475775,2.3242492206291896
lithium_hydroxide,MLP,2025-11-06,9.9,13.547511561566193,11.223262340937003,15.871760782195382,2.3242492206291896
lithium_hydroxide,MLP,2025-11-07,9.97,13.717249558579613,11.393000337950424,16.0414987792088,2.3242492206291896
lithium_hydroxide,MLP,2025-11-10,9.97,13.763905803311722,11.439656582682533,16.088155023940914,2.3242492206291896
lithium_hydroxide,MLP,2025-11-11,9.97,13.79566268683797,11.47141346620878,16.11991190746716,2.3242492206291896
lithium_hydroxide,MLP,2025-11-12,9.97,13.836235114821976,11.511985894192787,16.160484335451166,2.3242492206291896
lithium_hydroxide,MLP,2025-11-13,10.06,13.96262896339206,11.63837974276287,16.286878184021248,2.3242492206291896
lithium_hydroxide,MLP,2025-11-14,10.06,14.453605908052726,12.129356687423536,16.777855128681914,2.3242492206291896
lithium_hydroxide,MLP,2025-11-17,10.21,14.305579150159016,11.981329929529826,16.629828370788204,2.3242492206291896
lithium_hydroxide,MLP,2025-11-18,10.21,14.816828243602078,12.492579022972889,17.141077464231266,2.3242492206291896
lithium_hydroxide,MLP,2025-11-19,10.13,14.706842042810708,12.382592822181518,17.031091263439897,2.3242492206291896
lithium_hydroxide,MLP,2025-11-20,10.16,15.102444824528863,12.778195603899674,17.42669404515805,2.3242492206291896
lithium_hydroxide,MLP,2025-11-21,10.19,15.201806680062722,12.877557459433532,17.52605590069191,2.3242492206291896
lithium_hydroxide,MLP,2025-11-24,10.19,14.747847830603844,12.423598609974654,17.072097051233033,2.3242492206291896
lithium_hydroxide,MLP,2025-11-25,10.19,14.142539036029866,11.818289815400677,16.466788256659058,2.3242492206291896
lithium_hydroxide,MLP,2025-11-26,10.18,14.447555270146983,12.123306049517794,16.771804490776173,2.3242492206291896
lithium_hydroxide,MLP,2025-11-28,10.19,14.575027789554513,12.250778568925323,16.899277010183702,2.3242492206291896
lithium_hydroxide,MLP,2025-12-01,10.95,14.813318277376371,12.489069056747182,17.13756749800556,2.3242492206291896
lithium_hydroxide,MLP,2025-12-02,10.4,14.800227691193246,12.475978470564057,17.124476911822434,2.3242492206291896
lithium_hydroxide,MLP,2025-12-03,10.26,15.23749235190964,12.913243131280451,17.56174157253883,2.3242492206291896
lithium_hydroxide,MLP,2025-12-04,10.31,14.729910002921685,12.405660782292495,17.054159223550876,2.3242492206291896
lithium_hydroxide,MLP,2025-12-05,10.31,14.582681970768954,12.258432750139765,16.906931191398144,2.3242492206291896
lithium_hydroxide,MLP,2025-12-08,10.31,14.51224214636052,12.187992925731331,16.836491366989712,2.3242492206291896
lithium_hydroxide,MLP,2025-12-09,10.31,14.805518116279536,12.481268895650347,17.129767336908728,2.3242492206291896
lithium_hydroxide,MLP,2025-12-10,10.3,14.770972529394207,12.446723308765018,17.0952217500234,2.3242492206291896
lithium_hydroxide,MLP,2025-12-11,10.31,14.83449387523401,12.51024465460482,17.1587430958632,2.3242492206291896
lithium_hydroxide,MLP,2025-12-12,10.4,14.892845306424789,12.5685960857956,17.21709452705398,2.3242492206291896
lithium_hydroxide,MLP,2025-12-15,10.37,14.861400182178894,12.537150961549704,17.18564940280808,2.3242492206291896
lithium_hydroxide,MLP,2025-12-16,10.37,14.879798867937533,12.555549647308343,17.204048088566722,2.3242492206291896
lithium_hydroxide,MLP,2025-12-17,10.42,14.921719356295593,12.597470135666404,17.24596857692478,2.3242492206291896
lithium_hydroxide,MLP,2025-12-18,10.61,15.327313250382982,13.003064029753792,17.65156247101217,2.3242492206291896
lithium_hydroxide,MLP,2025-12-19,10.83,15.351070363177575,13.026821142548386,17.675319583806765,2.3242492206291896
lithium_hydroxide,MLP,2025-12-22,10.83,15.59128142305171,13.26703220242252,17.9155306436809,2.3242492206291896
lithium_hydroxide,MLP,2025-12-23,11.21,15.967726692936715,13.643477472307525,18.291975913565906,2.3242492206291896
lithium_hydroxide,MLP,2025-12-24,11.21,16.07643829482474,13.75218907419555,18.40068751545393,2.3242492206291896
lithium_hydroxide,MLP,2025-12-26,11.21,16.573787716433067,14.249538495803877,18.89803693706226,2.3242492206291896
lithium_hydroxide,MLP,2025-12-29,11.24,17.72995956031122,15.40571033968203,20.054208780940407,2.3242492206291896
lithium_hydroxide,MLP,2025-12-30,11.22,18.288686985201416,15.964437764572226,20.612936205830607,2.3242492206291896
lithium_hydroxide,MLP,2025-12-31,11.22,18.21826428529404,15.89401506466485,20.54251350592323,2.3242492206291896
lithium_hydroxide,MLP,2026-01-02,15.47,18.15878942740598,15.834540206776792,20.48303864803517,2.3242492206291896
lithium_hydroxide,MLP,2026-01-05,15.23,17.665905285423964,15.341656064794774,19.990154506053152,2.3242492206291896
lithium_hydroxide,MLP,2026-01-06,16.51,20.483251188397638,18.159001967768447,22.80750040902683,2.3242492206291896
lithium_hydroxide,MLP,2026-01-07,16.8,21.297290767949935,18.973041547320747,23.621539988579123,2.3242492206291896
lithium_hydroxide,MLP,2026-01-08,17.21,22.653573683442996,20.32932446281381,24.977822904072184,2.3242492206291896
lithium_hydroxide,MLP,2026-01-09,17.97,23.224170296399056,20.899921075769868,25.548419517028243,2.3242492206291896
lithium_hydroxide,MLP,2026-01-12,16.63,23.584683602014856,21.260434381385664,25.908932822644047,2.3242492206291896
lithium_hydroxide,MLP,2026-01-13,17.96,25.367326505054642,23.04307728442545,27.691575725683833,2.3242492206291896
lithium_hydroxide,MLP,2026-01-14,18.58,24.895376427205775,22.571127206576584,27.219625647834967,2.3242492206291896
lithium_hydroxide,MLP,2026-01-15,18.44,25.853781027123944,23.529531806494752,28.178030247753135,2.3242492206291896
lithium_hydroxide,MLP,2026-01-16,17.92,26.048928158661667,23.724678938032476,28.37317737929086,2.3242492206291896
lithium_hydroxide,MLP,2026-01-20,17.77,25.911071364114044,23.586822143484852,28.235320584743235,2.3242492206291896
lithium_hydroxide,MLP,2026-01-21,18.06,25.150573870345045,22.826324649715858,27.474823090974233,2.3242492206291896
lithium_hydroxide,MLP,2026-01-22,18.39,25.522869510267782,23.19862028963859,27.847118730896973,2.3242492206291896
lithium_hydroxide,MLP,2026-01-23,18.39,26.092885968609142,23.768636747979954,28.41713518923833,2.3242492206291896
lithium_hydroxide,MLP,2026-01-26,18.27,26.916457658698477,24.592208438069285,29.240706879327668,2.3242492206291896
lithium_hydroxide,MLP,2026-01-27,18.27,27.694863670158725,25.370614449529533,30.019112890787916,2.3242492206291896
lithium_hydroxide,MLP,2026-01-28,18.2,26.95665452753428,24.632405306905092,29.280903748163468,2.3242492206291896
lithium_hydroxide,MLP,2026-01-29,18.2,26.966685834249162,24.64243661361997,29.290935054878354,2.3242492206291896
lithium_hydroxide,MLP,2026-01-30,18.18,26.601118779915954,24.276869559286766,28.92536800054514,2.3242492206291896
lithium_hydroxide,MLP,2026-02-02,17.5,25.88751108449545,23.56326186386626,28.211760305124642,2.3242492206291896
lithium_hydroxide,MLP,2026-02-03,17.5,25.553566374630137,23.229317154000945,27.877815595259328,2.3242492206291896
lithium_hydroxide,MLP,2026-02-04,17.5,25.015485382195045,22.691236161565854,27.339734602824237,2.3242492206291896
lithium_hydroxide,MLP,2026-02-05,17.0,24.956135053730023,22.63188583310083,27.280384274359214,2.3242492206291896
lithium_hydroxide,MLP,2026-02-06,16.85,24.137988643925556,21.81373942329637,26.462237864554744,2.3242492206291896
lithium_hydroxide,MLP,2026-02-09,16.65,22.953622895543162,20.62937367491397,25.277872116172354,2.3242492206291896
lithium_hydroxide,MLP,2026-02-10,16.62,23.046519838595284,20.722270617966096,25.37076905922447,2.3242492206291896
lithium_hydroxide,MLP,2026-02-11,16.81,22.982568608909954,20.658319388280766,25.306817829539142,2.3242492206291896
lithium_hydroxide,MLP,2026-02-12,16.81,23.30070160082285,20.976452380193663,25.62495082145204,2.3242492206291896
lithium_hydroxide,MLP,2026-02-13,16.81,23.837890440671522,21.51364122004233,26.162139661300714,2.3242492206291896
lithium_hydroxide,MLP,2026-02-17,16.81,23.919624143462936,21.59537492283375,26.243873364092124,2.3242492206291896
lithium_hydroxide,MLP,2026-02-18,16.91,23.919624143462936,21.59537492283375,26.243873364092124,2.3242492206291896
lithium_hydroxide,MLP,2026-02-19,16.91,23.899727056789715,21.575477836160523,26.223976277418906,2.3242492206291896
lithium_hydroxide,MLP,2026-02-20,16.91,23.964001108073525,21.639751887444334,26.288250328702716,2.3242492206291896
lithium_hydroxide,MLP,2026-02-23,16.91,23.964001108073525,21.639751887444334,26.288250328702716,2.3242492206291896
lithium_hydroxide,MLP,2026-02-24,17.11,23.964001108073525,21.639751887444334,26.288250328702716,2.3242492206291896
lithium_hydroxide,MLP,2026-02-25,17.34,24.667277055221234,22.343027834592043,26.991526275850426,2.3242492206291896
lithium_hydroxide,MLP,2026-02-26,17.4,25.54482731992146,23.22057809929227,27.86907654055065,2.3242492206291896
lithium_hydroxide,MLP,2026-03-02,20.98,26.582130516198255,24.257881295569064,28.906379736827446,2.3242492206291896
lithium_hydroxide,MLP,2026-03-03,19.77,25.852606959827213,23.52835773919802,28.176856180456404,2.3242492206291896
lithium_hydroxide,MLP,2026-03-04,19.77,27.375015481032776,25.050766260403584,29.699264701661967,2.3242492206291896
lithium_hydroxide,MLP,2026-03-05,19.98,26.045544200500622,23.72129497987143,28.369793421129813,2.3242492206291896
lithium_hydroxide,MLP,2026-03-06,20.19,26.166223436312634,23.841974215683443,28.490472656941826,2.3242492206291896
lithium_hydroxide,MLP,2026-03-09,20.19,26.167381101573323,23.843131880944135,28.49163032220251,2.3242492206291896
lithium_hydroxide,MLP,2026-03-10,20.19,26.31046889037289,23.986219669743697,28.63471811100208,2.3242492206291896
lithium_hydroxide,MLP,2026-03-11,19.85,26.64227740292303,24.318028182293837,28.96652662355222,2.3242492206291896
lithium_hydroxide,MLP,2026-03-12,19.85,26.782223353859088,24.457974133229897,29.10647257448828,2.3242492206291896
lithium_hydroxide,Proposed Adaptive Decomposition-Routing Ensemble,2025-10-09,9.6,9.54688938832658,9.315255156007069,9.77852362064609,0.23163423231951086
lithium_hydroxide,Proposed Adaptive Decomposition-Routing Ensemble,2025-10-10,9.55,9.506046568085836,9.274412335766325,9.737680800405347,0.23163423231951086
lithium_hydroxide,Proposed Adaptive Decomposition-Routing Ensemble,2025-10-13,9.6,9.602540917028161,9.37090668470865,9.834175149347672,0.23163423231951086
lithium_hydroxide,Proposed Adaptive Decomposition-Routing Ensemble,2025-10-14,9.6,9.611213791151297,9.379579558831786,9.842848023470808,0.23163423231951086
lithium_hydroxide,Proposed Adaptive Decomposition-Routing Ensemble,2025-10-15,9.6,9.613694211799055,9.382059979479545,9.845328444118566,0.23163423231951086
lithium_hydroxide,Proposed Adaptive Decomposition-Routing Ensemble,2025-10-16,9.6,9.624613183950169,9.392978951630658,9.85624741626968,0.23163423231951086
lithium_hydroxide,Proposed Adaptive Decomposition-Routing Ensemble,2025-10-17,9.6,9.624645379854828,9.393011147535317,9.856279612174339,0.23163423231951086
lithium_hydroxide,Proposed Adaptive Decomposition-Routing Ensemble,2025-10-20,9.75,9.726075655772023,9.494441423452512,9.957709888091534,0.23163423231951086
lithium_hydroxide,Proposed Adaptive Decomposition-Routing Ensemble,2025-10-21,9.6,9.60063587201218,9.36900163969267,9.832270104331691,0.23163423231951086
lithium_hydroxide,Proposed Adaptive Decomposition-Routing Ensemble,2025-10-22,9.6,9.594371156469206,9.362736924149695,9.826005388788717,0.23163423231951086
lithium_hydroxide,Proposed Adaptive Decomposition-Routing Ensemble,2025-10-23,9.6,9.617112788163226,9.385478555843715,9.848747020482737,0.23163423231951086
lithium_hydroxide,Proposed Adaptive Decomposition-Routing Ensemble,2025-10-24,9.6,9.602985986012873,9.371351753693363,9.834620218332384,0.23163423231951086
lithium_hydroxide,Proposed Adaptive Decomposition-Routing Ensemble,2025-10-27,9.6,9.612712585230236,9.381078352910725,9.844346817549747,0.23163423231951086
lithium_hydroxide,Proposed Adaptive Decomposition-Routing Ensemble,2025-10-28,9.61,9.593539931628898,9.361905699309387,9.82517416394841,0.23163423231951086
lithium_hydroxide,Proposed Adaptive Decomposition-Routing Ensemble,2025-10-29,9.63,9.649344270269493,9.417710037949982,9.880978502589004,0.23163423231951086
lithium_hydroxide,Proposed Adaptive Decomposition-Routing Ensemble,2025-10-30,9.63,9.675309724283645,9.443675491964134,9.906943956603156,0.23163423231951086
lithium_hydroxide,Proposed Adaptive Decomposition-Routing Ensemble,2025-10-31,9.63,9.662972301846471,9.43133806952696,9.894606534165982,0.23163423231951086
lithium_hydroxide,Proposed Adaptive Decomposition-Routing Ensemble,2025-11-03,9.8,9.773630959936314,9.541996727616803,10.005265192255825,0.23163423231951086
lithium_hydroxide,Proposed Adaptive Decomposition-Routing Ensemble,2025-11-04,9.93,9.93146857707615,9.699834344756638,10.16310280939566,0.23163423231951086
lithium_hydroxide,Proposed Adaptive Decomposition-Routing Ensemble,2025-11-05,9.8,9.820745444242808,9.589111211923298,10.05237967656232,0.23163423231951086
lithium_hydroxide,Proposed Adaptive Decomposition-Routing Ensemble,2025-11-06,9.9,9.889131995865982,9.657497763546472,10.120766228185493,0.23163423231951086
lithium_hydroxide,Proposed Adaptive Decomposition-Routing Ensemble,2025-11-07,9.97,9.990027399087168,9.758393166767657,10.221661631406679,0.23163423231951086
lithium_hydroxide,Proposed Adaptive Decomposition-Routing Ensemble,2025-11-10,9.97,9.99918421540036,9.76754998308085,10.230818447719871,0.23163423231951086
lithium_hydroxide,Proposed Adaptive Decomposition-Routing Ensemble,2025-11-11,9.97,10.075474093376693,9.843839861057182,10.307108325696204,0.23163423231951086
lithium_hydroxide,Proposed Adaptive Decomposition-Routing Ensemble,2025-11-12,9.97,10.078838149158239,9.847203916838728,10.31047238147775,0.23163423231951086
lithium_hydroxide,Proposed Adaptive Decomposition-Routing Ensemble,2025-11-13,10.06,10.113226594509754,9.881592362190244,10.344860826829265,0.23163423231951086
lithium_hydroxide,Proposed Adaptive Decomposition-Routing Ensemble,2025-11-14,10.06,10.052619116794695,9.820984884475184,10.284253349114206,0.23163423231951086
lithium_hydroxide,Proposed Adaptive Decomposition-Routing Ensemble,2025-11-17,10.21,10.150184351102135,9.918550118782624,10.381818583421646,0.23163423231951086
lithium_hydroxide,Proposed Adaptive Decomposition-Routing Ensemble,2025-11-18,10.21,10.151360735160651,9.91972650284114,10.382994967480162,0.23163423231951086
lithium_hydroxide,Proposed Adaptive Decomposition-Routing Ensemble,2025-11-19,10.13,10.0758070378556,9.84417280553609,10.307441270175111,0.23163423231951086
lithium_hydroxide,Proposed Adaptive Decomposition-Routing Ensemble,2025-11-20,10.16,9.728016539056222,9.496382306736711,9.959650771375733,0.23163423231951086
lithium_hydroxide,Proposed Adaptive Decomposition-Routing Ensemble,2025-11-21,10.19,9.71399690160094,9.482362669281429,9.94563113392045,0.23163423231951086
lithium_hydroxide,Proposed Adaptive Decomposition-Routing Ensemble,2025-11-24,10.19,10.112269763659375,9.880635531339864,10.343903995978886,0.23163423231951086
lithium_hydroxide,Proposed Adaptive Decomposition-Routing Ensemble,2025-11-25,10.19,10.197923019634477,9.966288787314966,10.429557251953987,0.23163423231951086
lithium_hydroxide,Proposed Adaptive Decomposition-Routing Ensemble,2025-11-26,10.18,10.162673755595199,9.931039523275688,10.39430798791471,0.23163423231951086
lithium_hydroxide,Proposed Adaptive Decomposition-Routing Ensemble,2025-11-28,10.19,10.102118946477251,9.87048471415774,10.333753178796762,0.23163423231951086
lithium_hydroxide,Proposed Adaptive Decomposition-Routing Ensemble,2025-12-01,10.95,10.66584897910249,10.43421474678298,10.897483211422001,0.23163423231951086
lithium_hydroxide,Proposed Adaptive Decomposition-Routing Ensemble,2025-12-02,10.4,10.397533385784735,10.165899153465224,10.629167618104246,0.23163423231951086
lithium_hydroxide,Proposed Adaptive Decomposition-Routing Ensemble,2025-12-03,10.26,10.285167927283002,10.053533694963491,10.516802159602513,0.23163423231951086
lithium_hydroxide,Proposed Adaptive Decomposition-Routing Ensemble,2025-12-04,10.31,10.281749433489805,10.050115201170295,10.513383665809316,0.23163423231951086
lithium_hydroxide,Proposed Adaptive Decomposition-Routing Ensemble,2025-12-05,10.31,10.463241999862232,10.231607767542721,10.694876232181743,0.23163423231951086
lithium_hydroxide,Proposed Adaptive Decomposition-Routing Ensemble,2025-12-08,10.31,10.41113718792956,10.17950295561005,10.64277142024907,0.23163423231951086
lithium_hydroxide,Proposed Adaptive Decomposition-Routing Ensemble,2025-12-09,10.31,10.519803203548635,10.288168971229124,10.751437435868146,0.23163423231951086
lithium_hydroxide,Proposed Adaptive Decomposition-Routing Ensemble,2025-12-10,10.3,10.771777053296644,10.540142820977133,11.003411285616155,0.23163423231951086
lithium_hydroxide,Proposed Adaptive Decomposition-Routing Ensemble,2025-12-11,10.31,10.584822921246754,10.353188688927244,10.816457153566265,0.23163423231951086
lithium_hydroxide,Proposed Adaptive Decomposition-Routing Ensemble,2025-12-12,10.4,10.965361232055375,10.733726999735865,11.196995464374886,0.23163423231951086
lithium_hydroxide,Proposed Adaptive Decomposition-Routing Ensemble,2025-12-15,10.37,10.645148449965776,10.413514217646265,10.876782682285286,0.23163423231951086
lithium_hydroxide,Proposed Adaptive Decomposition-Routing Ensemble,2025-12-16,10.37,10.768656461037072,10.53702222871756,11.000290693356582,0.23163423231951086
lithium_hydroxide,Proposed Adaptive Decomposition-Routing Ensemble,2025-12-17,10.42,10.523269990642401,10.29163575832289,10.754904222961912,0.23163423231951086
lithium_hydroxide,Proposed Adaptive Decomposition-Routing Ensemble,2025-12-18,10.61,10.603526562355936,10.371892330036426,10.835160794675447,0.23163423231951086
lithium_hydroxide,Proposed Adaptive Decomposition-Routing Ensemble,2025-12-19,10.83,10.888227035740595,10.656592803421084,11.119861268060106,0.23163423231951086
lithium_hydroxide,Proposed Adaptive Decomposition-Routing Ensemble,2025-12-22,10.83,10.665693736617959,10.434059504298448,10.89732796893747,0.23163423231951086
lithium_hydroxide,Proposed Adaptive Decomposition-Routing Ensemble,2025-12-23,11.21,10.6643864656936,10.432752233374089,10.89602069801311,0.23163423231951086
lithium_hydroxide,Proposed Adaptive Decomposition-Routing Ensemble,2025-12-24,11.21,10.758052781364372,10.52641854904486,10.989687013683882,0.23163423231951086
lithium_hydroxide,Proposed Adaptive Decomposition-Routing Ensemble,2025-12-26,11.21,10.749488076293183,10.517853843973672,10.981122308612694,0.23163423231951086
lithium_hydroxide,Proposed Adaptive Decomposition-Routing Ensemble,2025-12-29,11.24,10.99217411326954,10.760539880950029,11.22380834558905,0.23163423231951086
lithium_hydroxide,Proposed Adaptive Decomposition-Routing Ensemble,2025-12-30,11.22,11.720260856242547,11.488626623923036,11.951895088562058,0.23163423231951086
lithium_hydroxide,Proposed Adaptive Decomposition-Routing Ensemble,2025-12-31,11.22,11.647365528450466,11.415731296130955,11.878999760769977,0.23163423231951086
lithium_hydroxide,Proposed Adaptive Decomposition-Routing Ensemble,2026-01-02,15.47,14.79824071700469,14.56660648468518,15.029874949324201,0.23163423231951086
lithium_hydroxide,Proposed Adaptive Decomposition-Routing Ensemble,2026-01-05,15.23,15.12254646825473,14.89091223593522,15.354180700574242,0.23163423231951086
lithium_hydroxide,Proposed Adaptive Decomposition-Routing Ensemble,2026-01-06,16.51,15.85382824529413,15.622194012974619,16.08546247761364,0.23163423231951086
lithium_hydroxide,Proposed Adaptive Decomposition-Routing Ensemble,2026-01-07,16.8,16.39831664458527,16.16668241226576,16.629950876904783,0.23163423231951086
lithium_hydroxide,Proposed Adaptive Decomposition-Routing Ensemble,2026-01-08,17.21,16.675735450165128,16.444101217845617,16.90736968248464,0.23163423231951086
lithium_hydroxide,Proposed Adaptive Decomposition-Routing Ensemble,2026-01-09,17.97,17.260874888606086,17.029240656286575,17.492509120925597,0.23163423231951086
lithium_hydroxide,Proposed Adaptive Decomposition-Routing Ensemble,2026-01-12,16.63,16.41557555536386,16.183941323044348,16.64720978768337,0.23163423231951086
lithium_hydroxide,Proposed Adaptive Decomposition-Routing Ensemble,2026-01-13,17.96,17.18667131410165,16.955037081782137,17.41830554642116,0.23163423231951086
lithium_hydroxide,Proposed Adaptive Decomposition-Routing Ensemble,2026-01-14,18.58,18.13036184888119,17.89872761656168,18.3619960812007,0.23163423231951086
lithium_hydroxide,Proposed Adaptive Decomposition-Routing Ensemble,2026-01-15,18.44,18.117519643975534,17.885885411656023,18.349153876295045,0.23163423231951086
lithium_hydroxide,Proposed Adaptive Decomposition-Routing Ensemble,2026-01-16,17.92,17.726585478254776,17.494951245935265,17.958219710574287,0.23163423231951086
lithium_hydroxide,Proposed Adaptive Decomposition-Routing Ensemble,2026-01-20,17.77,17.461187273047564,17.229553040728053,17.692821505367075,0.23163423231951086
lithium_hydroxide,Proposed Adaptive Decomposition-Routing Ensemble,2026-01-21,18.06,17.732809868409614,17.501175636090103,17.964444100729125,0.23163423231951086
lithium_hydroxide,Proposed Adaptive Decomposition-Routing Ensemble,2026-01-22,18.39,17.770021041789228,17.538386809469717,18.00165527410874,0.23163423231951086
lithium_hydroxide,Proposed Adaptive Decomposition-Routing Ensemble,2026-01-23,18.39,17.740183831478237,17.508549599158727,17.97181806379775,0.23163423231951086
lithium_hydroxide,Proposed Adaptive Decomposition-Routing Ensemble,2026-01-26,18.27,17.958086107616634,17.726451875297123,18.189720339936144,0.23163423231951086
lithium_hydroxide,Proposed Adaptive Decomposition-Routing Ensemble,2026-01-27,18.27,17.99821201393343,17.76657778161392,18.22984624625294,0.23163423231951086
lithium_hydroxide,Proposed Adaptive Decomposition-Routing Ensemble,2026-01-28,18.2,17.989639882607914,17.758005650288403,18.221274114927425,0.23163423231951086
lithium_hydroxide,Proposed Adaptive Decomposition-Routing Ensemble,2026-01-29,18.2,17.924837456461585,17.693203224142074,18.156471688781096,0.23163423231951086
lithium_hydroxide,Proposed Adaptive Decomposition-Routing Ensemble,2026-01-30,18.18,17.73150180218588,17.499867569866367,17.96313603450539,0.23163423231951086
lithium_hydroxide,Proposed Adaptive Decomposition-Routing Ensemble,2026-02-02,17.5,17.695312714449987,17.463678482130476,17.926946946769498,0.23163423231951086
lithium_hydroxide,Proposed Adaptive Decomposition-Routing Ensemble,2026-02-03,17.5,17.3033406795766,17.07170644725709,17.53497491189611,0.23163423231951086
lithium_hydroxide,Proposed Adaptive Decomposition-Routing Ensemble,2026-02-04,17.5,17.608339944918487,17.376705712598977,17.839974177238,0.23163423231951086
lithium_hydroxide,Proposed Adaptive Decomposition-Routing Ensemble,2026-02-05,17.0,17.316653039709777,17.085018807390266,17.548287272029288,0.23163423231951086
lithium_hydroxide,Proposed Adaptive Decomposition-Routing Ensemble,2026-02-06,16.85,16.990952870149215,16.759318637829704,17.222587102468726,0.23163423231951086
lithium_hydroxide,Proposed Adaptive Decomposition-Routing Ensemble,2026-02-09,16.65,17.170648169337237,16.939013937017727,17.40228240165675,0.23163423231951086
lithium_hydroxide,Proposed Adaptive Decomposition-Routing Ensemble,2026-02-10,16.62,16.862262314734952,16.63062808241544,17.093896547054463,0.23163423231951086
lithium_hydroxide,Proposed Adaptive Decomposition-Routing Ensemble,2026-02-11,16.81,17.180722715433127,16.949088483113616,17.412356947752638,0.23163423231951086
lithium_hydroxide,Proposed Adaptive Decomposition-Routing Ensemble,2026-02-12,16.81,16.83171772251978,16.60008349020027,17.06335195483929,0.23163423231951086
lithium_hydroxide,Proposed Adaptive Decomposition-Routing Ensemble,2026-02-13,16.81,17.10067305811522,16.86903882579571,17.33230729043473,0.23163423231951086
lithium_hydroxide,Proposed Adaptive Decomposition-Routing Ensemble,2026-02-17,16.81,16.97109400730259,16.73945977498308,17.2027282396221,0.23163423231951086
lithium_hydroxide,Proposed Adaptive Decomposition-Routing Ensemble,2026-02-18,16.91,17.109791966308364,16.878157733988854,17.341426198627875,0.23163423231951086
lithium_hydroxide,Proposed Adaptive Decomposition-Routing Ensemble,2026-02-19,16.91,16.855171217870737,16.623536985551226,17.086805450190248,0.23163423231951086
lithium_hydroxide,Proposed Adaptive Decomposition-Routing Ensemble,2026-02-20,16.91,17.19426033729462,16.962626104975108,17.42589456961413,0.23163423231951086
lithium_hydroxide,Proposed Adaptive Decomposition-Routing Ensemble,2026-02-23,16.91,17.11987224551342,16.88823801319391,17.35150647783293,0.23163423231951086
lithium_hydroxide,Proposed Adaptive Decomposition-Routing Ensemble,2026-02-24,17.11,17.451738591178515,17.220104358859004,17.683372823498026,0.23163423231951086
lithium_hydroxide,Proposed Adaptive Decomposition-Routing Ensemble,2026-02-25,17.34,17.710153389053165,17.478519156733654,17.941787621372676,0.23163423231951086
lithium_hydroxide,Proposed Adaptive Decomposition-Routing Ensemble,2026-02-26,17.4,17.809233492354984,17.577599260035473,18.040867724674495,0.23163423231951086
lithium_hydroxide,Proposed Adaptive Decomposition-Routing Ensemble,2026-03-02,20.98,20.201358530815426,19.969724298495915,20.432992763134937,0.23163423231951086
lithium_hydroxide,Proposed Adaptive Decomposition-Routing Ensemble,2026-03-03,19.77,19.858741773535858,19.627107541216347,20.09037600585537,0.23163423231951086
lithium_hydroxide,Proposed Adaptive Decomposition-Routing Ensemble,2026-03-04,19.77,19.522059937002368,19.290425704682857,19.75369416932188,0.23163423231951086
lithium_hydroxide,Proposed Adaptive Decomposition-Routing Ensemble,2026-03-05,19.98,19.5210917349352,19.28945750261569,19.75272596725471,0.23163423231951086
lithium_hydroxide,Proposed Adaptive Decomposition-Routing Ensemble,2026-03-06,20.19,19.945366803157363,19.713732570837852,20.177001035476874,0.23163423231951086
lithium_hydroxide,Proposed Adaptive Decomposition-Routing Ensemble,2026-03-09,20.19,19.513796706238143,19.282162473918632,19.745430938557654,0.23163423231951086
lithium_hydroxide,Proposed Adaptive Decomposition-Routing Ensemble,2026-03-10,20.19,19.754481520058892,19.52284728773938,19.986115752378403,0.23163423231951086
lithium_hydroxide,Proposed Adaptive Decomposition-Routing Ensemble,2026-03-11,19.85,19.593370825586625,19.361736593267114,19.825005057906136,0.23163423231951086
lithium_hydroxide,Proposed Adaptive Decomposition-Routing Ensemble,2026-03-12,19.85,19.981217274820196,19.749583042500685,20.212851507139707,0.23163423231951086
lithium_hydroxide,RF,2025-10-09,9.6,9.508699999999994,8.801299999999992,10.216099999999996,0.7074000000000016
lithium_hydroxide,RF,2025-10-10,9.55,9.508699999999994,8.801299999999992,10.216099999999996,0.7074000000000016
lithium_hydroxide,RF,2025-10-13,9.6,9.491499999999991,8.78409999999999,10.198899999999993,0.7074000000000016
lithium_hydroxide,RF,2025-10-14,9.6,9.497899999999994,8.790499999999993,10.205299999999996,0.7074000000000016
lithium_hydroxide,RF,2025-10-15,9.6,9.498099999999994,8.790699999999992,10.205499999999995,0.7074000000000016
lithium_hydroxide,RF,2025-10-16,9.6,9.498099999999994,8.790699999999992,10.205499999999995,0.7074000000000016
lithium_hydroxide,RF,2025-10-17,9.6,9.498099999999994,8.790699999999992,10.205499999999995,0.7074000000000016
lithium_hydroxide,RF,2025-10-20,9.75,9.506299999999994,8.798899999999993,10.213699999999996,0.7074000000000016
lithium_hydroxide,RF,2025-10-21,9.6,9.514049999999994,8.806649999999992,10.221449999999995,0.7074000000000016
lithium_hydroxide,RF,2025-10-22,9.6,9.611749999999997,8.904349999999996,10.319149999999999,0.7074000000000016
lithium_hydroxide,RF,2025-10-23,9.6,9.519799999999996,8.812399999999995,10.227199999999998,0.7074000000000016
lithium_hydroxide,RF,2025-10-24,9.6,9.562299999999997,8.854899999999995,10.269699999999998,0.7074000000000016
lithium_hydroxide,RF,2025-10-27,9.6,9.550699999999999,8.843299999999997,10.2581,0.7074000000000016
lithium_hydroxide,RF,2025-10-28,9.61,9.543399999999991,8.83599999999999,10.250799999999993,0.7074000000000016
lithium_hydroxide,RF,2025-10-29,9.63,9.540999999999993,8.833599999999992,10.248399999999995,0.7074000000000016
lithium_hydroxide,RF,2025-10-30,9.63,9.529599999999995,8.822199999999993,10.236999999999997,0.7074000000000016
lithium_hydroxide,RF,2025-10-31,9.63,9.530199999999997,8.822799999999996,10.237599999999999,0.7074000000000016
lithium_hydroxide,RF,2025-11-03,9.8,9.693799999999996,8.986399999999994,10.401199999999998,0.7074000000000016
lithium_hydroxide,RF,2025-11-04,9.93,10.059300000000002,9.3519,10.766700000000004,0.7074000000000016
lithium_hydroxide,RF,2025-11-05,9.8,10.299100000000006,9.591700000000005,11.006500000000008,0.7074000000000016
lithium_hydroxide,RF,2025-11-06,9.9,10.150900000000007,9.443500000000006,10.858300000000009,0.7074000000000016
lithium_hydroxide,RF,2025-11-07,9.97,10.151350000000008,9.443950000000006,10.85875000000001,0.7074000000000016
lithium_hydroxide,RF,2025-11-10,9.97,10.037150000000008,9.329750000000006,10.74455000000001,0.7074000000000016
lithium_hydroxide,RF,2025-11-11,9.97,10.16680000000001,9.459400000000008,10.87420000000001,0.7074000000000016
lithium_hydroxide,RF,2025-11-12,9.97,10.236100000000006,9.528700000000004,10.943500000000007,0.7074000000000016
lithium_hydroxide,RF,2025-11-13,10.06,10.271800000000006,9.564400000000004,10.979200000000008,0.7074000000000016
lithium_hydroxide,RF,2025-11-14,10.06,10.271400000000007,9.564000000000005,10.978800000000009,0.7074000000000016
lithium_hydroxide,RF,2025-11-17,10.21,10.206500000000005,9.499100000000004,10.913900000000007,0.7074000000000016
lithium_hydroxide,RF,2025-11-18,10.21,10.270000000000007,9.562600000000005,10.977400000000008,0.7074000000000016
lithium_hydroxide,RF,2025-11-19,10.13,10.275800000000007,9.568400000000006,10.983200000000009,0.7074000000000016
lithium_hydroxide,RF,2025-11-20,10.16,10.270500000000007,9.563100000000006,10.977900000000009,0.7074000000000016
lithium_hydroxide,RF,2025-11-21,10.19,10.445400000000006,9.738000000000005,11.152800000000008,0.7074000000000016
lithium_hydroxide,RF,2025-11-24,10.19,11.121100000000006,10.413700000000004,11.828500000000007,0.7074000000000016
lithium_hydroxide,RF,2025-11-25,10.19,11.125300000000006,10.417900000000005,11.832700000000008,0.7074000000000016
lithium_hydroxide,RF,2025-11-26,10.18,11.125300000000006,10.417900000000005,11.832700000000008,0.7074000000000016
lithium_hydroxide,RF,2025-11-28,10.19,11.125300000000006,10.417900000000005,11.832700000000008,0.7074000000000016
lithium_hydroxide,RF,2025-12-01,10.95,11.121100000000006,10.413700000000004,11.828500000000007,0.7074000000000016
lithium_hydroxide,RF,2025-12-02,10.4,11.4605,10.753099999999998,12.167900000000001,0.7074000000000016
lithium_hydroxide,RF,2025-12-03,10.26,11.503000000000004,10.795600000000002,12.210400000000005,0.7074000000000016
lithium_hydroxide,RF,2025-12-04,10.31,11.125700000000005,10.418300000000004,11.833100000000007,0.7074000000000016
lithium_hydroxide,RF,2025-12-05,10.31,11.119300000000006,10.411900000000005,11.826700000000008,0.7074000000000016
lithium_hydroxide,RF,2025-12-08,10.31,11.119300000000006,10.411900000000005,11.826700000000008,0.7074000000000016
lithium_hydroxide,RF,2025-12-09,10.31,11.119300000000006,10.411900000000005,11.826700000000008,0.7074000000000016
lithium_hydroxide,RF,2025-12-10,10.3,11.119300000000006,10.411900000000005,11.826700000000008,0.7074000000000016
lithium_hydroxide,RF,2025-12-11,10.31,11.119300000000006,10.411900000000005,11.826700000000008,0.7074000000000016
lithium_hydroxide,RF,2025-12-12,10.4,11.119300000000006,10.411900000000005,11.826700000000008,0.7074000000000016
lithium_hydroxide,RF,2025-12-15,10.37,11.125100000000007,10.417700000000005,11.832500000000008,0.7074000000000016
lithium_hydroxide,RF,2025-12-16,10.37,11.116100000000007,10.408700000000005,11.823500000000008,0.7074000000000016
lithium_hydroxide,RF,2025-12-17,10.42,11.116100000000007,10.408700000000005,11.823500000000008,0.7074000000000016
lithium_hydroxide,RF,2025-12-18,10.61,11.125100000000007,10.417700000000005,11.832500000000008,0.7074000000000016
lithium_hydroxide,RF,2025-12-19,10.83,11.369200000000003,10.661800000000001,12.076600000000004,0.7074000000000016
lithium_hydroxide,RF,2025-12-22,10.83,11.4541,10.746699999999999,12.161500000000002,0.7074000000000016
lithium_hydroxide,RF,2025-12-23,11.21,11.550900000000002,10.8435,12.258300000000004,0.7074000000000016
lithium_hydroxide,RF,2025-12-24,11.21,11.7313,11.023899999999998,12.4387,0.7074000000000016
lithium_hydroxide,RF,2025-12-26,11.21,12.054799999999998,11.347399999999997,12.7622,0.7074000000000016
lithium_hydroxide,RF,2025-12-29,11.24,11.997199999999998,11.289799999999996,12.7046,0.7074000000000016
lithium_hydroxide,RF,2025-12-30,11.22,11.997199999999998,11.289799999999996,12.7046,0.7074000000000016
lithium_hydroxide,RF,2025-12-31,11.22,11.997199999999998,11.289799999999996,12.7046,0.7074000000000016
lithium_hydroxide,RF,2026-01-02,15.47,11.997199999999998,11.289799999999996,12.7046,0.7074000000000016
lithium_hydroxide,RF,2026-01-05,15.23,13.473700000000001,12.7663,14.181100000000002,0.7074000000000016
lithium_hydroxide,RF,2026-01-06,16.51,15.239900000000002,14.5325,15.947300000000004,0.7074000000000016
lithium_hydroxide,RF,2026-01-07,16.8,16.625,15.917599999999998,17.3324,0.7074000000000016
lithium_hydroxide,RF,2026-01-08,17.21,19.1691,18.4617,19.8765,0.7074000000000016
lithium_hydroxide,RF,2026-01-09,17.97,19.3207,18.613299999999995,20.028100000000002,0.7074000000000016
lithium_hydroxide,RF,2026-01-12,16.63,19.4954,18.787999999999997,20.202800000000003,0.7074000000000016
lithium_hydroxide,RF,2026-01-13,17.96,19.6479,18.9405,20.3553,0.7074000000000016
lithium_hydroxide,RF,2026-01-14,18.58,19.643900000000002,18.936500000000002,20.351300000000002,0.7074000000000016
lithium_hydroxide,RF,2026-01-15,18.44,19.8478,19.1404,20.5552,0.7074000000000016
lithium_hydroxide,RF,2026-01-16,17.92,19.8406,19.133199999999995,20.548000000000002,0.7074000000000016
lithium_hydroxide,RF,2026-01-20,17.77,19.8145,19.107099999999996,20.521900000000002,0.7074000000000016
lithium_hydroxide,RF,2026-01-21,18.06,19.7689,19.061499999999995,20.476300000000002,0.7074000000000016
lithium_hydroxide,RF,2026-01-22,18.39,19.8055,19.098099999999995,20.512900000000002,0.7074000000000016
lithium_hydroxide,RF,2026-01-23,18.39,19.910899999999998,19.2035,20.618299999999998,0.7074000000000016
lithium_hydroxide,RF,2026-01-26,18.27,20.6708,19.9634,21.3782,0.7074000000000016
lithium_hydroxide,RF,2026-01-27,18.27,20.7793,20.0719,21.4867,0.7074000000000016
lithium_hydroxide,RF,2026-01-28,18.2,20.671100000000003,19.963700000000003,21.378500000000003,0.7074000000000016
lithium_hydroxide,RF,2026-01-29,18.2,20.6708,19.9634,21.3782,0.7074000000000016
lithium_hydroxide,RF,2026-01-30,18.18,20.630000000000003,19.922600000000003,21.337400000000002,0.7074000000000016
lithium_hydroxide,RF,2026-02-02,17.5,19.8478,19.1404,20.5552,0.7074000000000016
lithium_hydroxide,RF,2026-02-03,17.5,19.770400000000002,19.063000000000002,20.477800000000002,0.7074000000000016
lithium_hydroxide,RF,2026-02-04,17.5,19.7209,19.0135,20.4283,0.7074000000000016
lithium_hydroxide,RF,2026-02-05,17.0,19.7209,19.0135,20.4283,0.7074000000000016
lithium_hydroxide,RF,2026-02-06,16.85,19.4197,18.7123,20.1271,0.7074000000000016
lithium_hydroxide,RF,2026-02-09,16.65,19.3505,18.643099999999997,20.057900000000004,0.7074000000000016
lithium_hydroxide,RF,2026-02-10,16.62,19.256,18.5486,19.9634,0.7074000000000016
lithium_hydroxide,RF,2026-02-11,16.81,19.1951,18.487699999999997,19.902500000000003,0.7074000000000016
lithium_hydroxide,RF,2026-02-12,16.81,19.2352,18.5278,19.9426,0.7074000000000016
lithium_hydroxide,RF,2026-02-13,16.81,19.3182,18.610799999999998,20.025600000000004,0.7074000000000016
lithium_hydroxide,RF,2026-02-17,16.81,19.323700000000002,18.616300000000003,20.031100000000002,0.7074000000000016
lithium_hydroxide,RF,2026-02-18,16.91,19.323700000000002,18.616300000000003,20.031100000000002,0.7074000000000016
lithium_hydroxide,RF,2026-02-19,16.91,19.3417,18.634299999999996,20.049100000000003,0.7074000000000016
lithium_hydroxide,RF,2026-02-20,16.91,19.414,18.7066,20.1214,0.7074000000000016
lithium_hydroxide,RF,2026-02-23,16.91,19.414,18.7066,20.1214,0.7074000000000016
lithium_hydroxide,RF,2026-02-24,17.11,19.414,18.7066,20.1214,0.7074000000000016
lithium_hydroxide,RF,2026-02-25,17.34,19.6322,18.924799999999998,20.339600000000004,0.7074000000000016
lithium_hydroxide,RF,2026-02-26,17.4,19.727600000000002,19.020200000000003,20.435000000000002,0.7074000000000016
lithium_hydroxide,RF,2026-03-02,20.98,20.6045,19.897100000000002,21.3119,0.7074000000000016
lithium_hydroxide,RF,2026-03-03,19.77,21.901000000000003,21.193600000000004,22.608400000000003,0.7074000000000016
lithium_hydroxide,RF,2026-03-04,19.77,21.3399,20.6325,22.0473,0.7074000000000016
lithium_hydroxide,RF,2026-03-05,19.98,20.776400000000002,20.069000000000003,21.483800000000002,0.7074000000000016
lithium_hydroxide,RF,2026-03-06,20.19,20.776400000000002,20.069000000000003,21.483800000000002,0.7074000000000016
lithium_hydroxide,RF,2026-03-09,20.19,20.776400000000002,20.069000000000003,21.483800000000002,0.7074000000000016
lithium_hydroxide,RF,2026-03-10,20.19,20.776400000000002,20.069000000000003,21.483800000000002,0.7074000000000016
lithium_hydroxide,RF,2026-03-11,19.85,20.8616,20.154199999999996,21.569000000000003,0.7074000000000016
lithium_hydroxide,RF,2026-03-12,19.85,20.8616,20.154199999999996,21.569000000000003,0.7074000000000016
lithium_hydroxide,Random Walk,2025-10-09,9.6,9.6,9.51,9.69,0.08999999999999986
lithium_hydroxide,Random Walk,2025-10-10,9.55,9.6,9.51,9.69,0.08999999999999986
lithium_hydroxide,Random Walk,2025-10-13,9.6,9.55,9.46,9.64,0.08999999999999986
lithium_hydroxide,Random Walk,2025-10-14,9.6,9.6,9.51,9.69,0.08999999999999986
lithium_hydroxide,Random Walk,2025-10-15,9.6,9.6,9.51,9.69,0.08999999999999986
lithium_hydroxide,Random Walk,2025-10-16,9.6,9.6,9.51,9.69,0.08999999999999986
lithium_hydroxide,Random Walk,2025-10-17,9.6,9.6,9.51,9.69,0.08999999999999986
lithium_hydroxide,Random Walk,2025-10-20,9.75,9.6,9.51,9.69,0.08999999999999986
lithium_hydroxide,Random Walk,2025-10-21,9.6,9.75,9.66,9.84,0.08999999999999986
lithium_hydroxide,Random Walk,2025-10-22,9.6,9.6,9.51,9.69,0.08999999999999986
lithium_hydroxide,Random Walk,2025-10-23,9.6,9.6,9.51,9.69,0.08999999999999986
lithium_hydroxide,Random Walk,2025-10-24,9.6,9.6,9.51,9.69,0.08999999999999986
lithium_hydroxide,Random Walk,2025-10-27,9.6,9.6,9.51,9.69,0.08999999999999986
lithium_hydroxide,Random Walk,2025-10-28,9.61,9.6,9.51,9.69,0.08999999999999986
lithium_hydroxide,Random Walk,2025-10-29,9.63,9.61,9.52,9.7,0.08999999999999986
lithium_hydroxide,Random Walk,2025-10-30,9.63,9.63,9.540000000000001,9.72,0.08999999999999986
lithium_hydroxide,Random Walk,2025-10-31,9.63,9.63,9.540000000000001,9.72,0.08999999999999986
lithium_hydroxide,Random Walk,2025-11-03,9.8,9.63,9.540000000000001,9.72,0.08999999999999986
lithium_hydroxide,Random Walk,2025-11-04,9.93,9.8,9.71,9.89,0.08999999999999986
lithium_hydroxide,Random Walk,2025-11-05,9.8,9.93,9.84,10.02,0.08999999999999986
lithium_hydroxide,Random Walk,2025-11-06,9.9,9.8,9.71,9.89,0.08999999999999986
lithium_hydroxide,Random Walk,2025-11-07,9.97,9.9,9.81,9.99,0.08999999999999986
lithium_hydroxide,Random Walk,2025-11-10,9.97,9.97,9.88,10.06,0.08999999999999986
lithium_hydroxide,Random Walk,2025-11-11,9.97,9.97,9.88,10.06,0.08999999999999986
lithium_hydroxide,Random Walk,2025-11-12,9.97,9.97,9.88,10.06,0.08999999999999986
lithium_hydroxide,Random Walk,2025-11-13,10.06,9.97,9.88,10.06,0.08999999999999986
lithium_hydroxide,Random Walk,2025-11-14,10.06,10.06,9.97,10.15,0.08999999999999986
lithium_hydroxide,Random Walk,2025-11-17,10.21,10.06,9.97,10.15,0.08999999999999986
lithium_hydroxide,Random Walk,2025-11-18,10.21,10.21,10.120000000000001,10.3,0.08999999999999986
lithium_hydroxide,Random Walk,2025-11-19,10.13,10.21,10.120000000000001,10.3,0.08999999999999986
lithium_hydroxide,Random Walk,2025-11-20,10.16,10.13,10.040000000000001,10.22,0.08999999999999986
lithium_hydroxide,Random Walk,2025-11-21,10.19,10.16,10.07,10.25,0.08999999999999986
lithium_hydroxide,Random Walk,2025-11-24,10.19,10.19,10.1,10.28,0.08999999999999986
lithium_hydroxide,Random Walk,2025-11-25,10.19,10.19,10.1,10.28,0.08999999999999986
lithium_hydroxide,Random Walk,2025-11-26,10.18,10.19,10.1,10.28,0.08999999999999986
lithium_hydroxide,Random Walk,2025-11-28,10.19,10.18,10.09,10.27,0.08999999999999986
lithium_hydroxide,Random Walk,2025-12-01,10.95,10.19,10.1,10.28,0.08999999999999986
lithium_hydroxide,Random Walk,2025-12-02,10.4,10.95,10.86,11.04,0.08999999999999986
lithium_hydroxide,Random Walk,2025-12-03,10.26,10.4,10.31,10.49,0.08999999999999986
lithium_hydroxide,Random Walk,2025-12-04,10.31,10.26,10.17,10.35,0.08999999999999986
lithium_hydroxide,Random Walk,2025-12-05,10.31,10.31,10.22,10.4,0.08999999999999986
lithium_hydroxide,Random Walk,2025-12-08,10.31,10.31,10.22,10.4,0.08999999999999986
lithium_hydroxide,Random Walk,2025-12-09,10.31,10.31,10.22,10.4,0.08999999999999986
lithium_hydroxide,Random Walk,2025-12-10,10.3,10.31,10.22,10.4,0.08999999999999986
lithium_hydroxide,Random Walk,2025-12-11,10.31,10.3,10.21,10.39,0.08999999999999986
lithium_hydroxide,Random Walk,2025-12-12,10.4,10.31,10.22,10.4,0.08999999999999986
lithium_hydroxide,Random Walk,2025-12-15,10.37,10.4,10.31,10.49,0.08999999999999986
lithium_hydroxide,Random Walk,2025-12-16,10.37,10.37,10.28,10.459999999999999,0.08999999999999986
lithium_hydroxide,Random Walk,2025-12-17,10.42,10.37,10.28,10.459999999999999,0.08999999999999986
lithium_hydroxide,Random Walk,2025-12-18,10.61,10.42,10.33,10.51,0.08999999999999986
lithium_hydroxide,Random Walk,2025-12-19,10.83,10.61,10.52,10.7,0.08999999999999986
lithium_hydroxide,Random Walk,2025-12-22,10.83,10.83,10.74,10.92,0.08999999999999986
lithium_hydroxide,Random Walk,2025-12-23,11.21,10.83,10.74,10.92,0.08999999999999986
lithium_hydroxide,Random Walk,2025-12-24,11.21,11.21,11.120000000000001,11.3,0.08999999999999986
lithium_hydroxide,Random Walk,2025-12-26,11.21,11.21,11.120000000000001,11.3,0.08999999999999986
lithium_hydroxide,Random Walk,2025-12-29,11.24,11.21,11.120000000000001,11.3,0.08999999999999986
lithium_hydroxide,Random Walk,2025-12-30,11.22,11.24,11.15,11.33,0.08999999999999986
lithium_hydroxide,Random Walk,2025-12-31,11.22,11.22,11.13,11.31,0.08999999999999986
lithium_hydroxide,Random Walk,2026-01-02,15.47,11.22,11.13,11.31,0.08999999999999986
lithium_hydroxide,Random Walk,2026-01-05,15.23,15.47,15.38,15.56,0.08999999999999986
lithium_hydroxide,Random Walk,2026-01-06,16.51,15.23,15.14,15.32,0.08999999999999986
lithium_hydroxide,Random Walk,2026-01-07,16.8,16.51,16.42,16.6,0.08999999999999986
lithium_hydroxide,Random Walk,2026-01-08,17.21,16.8,16.71,16.89,0.08999999999999986
lithium_hydroxide,Random Walk,2026-01-09,17.97,17.21,17.12,17.3,0.08999999999999986
lithium_hydroxide,Random Walk,2026-01-12,16.63,17.97,17.88,18.06,0.08999999999999986
lithium_hydroxide,Random Walk,2026-01-13,17.96,16.63,16.54,16.72,0.08999999999999986
lithium_hydroxide,Random Walk,2026-01-14,18.58,17.96,17.87,18.05,0.08999999999999986
lithium_hydroxide,Random Walk,2026-01-15,18.44,18.58,18.49,18.669999999999998,0.08999999999999986
lithium_hydroxide,Random Walk,2026-01-16,17.92,18.44,18.35,18.53,0.08999999999999986
lithium_hydroxide,Random Walk,2026-01-20,17.77,17.92,17.830000000000002,18.01,0.08999999999999986
lithium_hydroxide,Random Walk,2026-01-21,18.06,17.77,17.68,17.86,0.08999999999999986
lithium_hydroxide,Random Walk,2026-01-22,18.39,18.06,17.97,18.15,0.08999999999999986
lithium_hydroxide,Random Walk,2026-01-23,18.39,18.39,18.3,18.48,0.08999999999999986
lithium_hydroxide,Random Walk,2026-01-26,18.27,18.39,18.3,18.48,0.08999999999999986
lithium_hydroxide,Random Walk,2026-01-27,18.27,18.27,18.18,18.36,0.08999999999999986
lithium_hydroxide,Random Walk,2026-01-28,18.2,18.27,18.18,18.36,0.08999999999999986
lithium_hydroxide,Random Walk,2026-01-29,18.2,18.2,18.11,18.29,0.08999999999999986
lithium_hydroxide,Random Walk,2026-01-30,18.18,18.2,18.11,18.29,0.08999999999999986
lithium_hydroxide,Random Walk,2026-02-02,17.5,18.18,18.09,18.27,0.08999999999999986
lithium_hydroxide,Random Walk,2026-02-03,17.5,17.5,17.41,17.59,0.08999999999999986
lithium_hydroxide,Random Walk,2026-02-04,17.5,17.5,17.41,17.59,0.08999999999999986
lithium_hydroxide,Random Walk,2026-02-05,17.0,17.5,17.41,17.59,0.08999999999999986
lithium_hydroxide,Random Walk,2026-02-06,16.85,17.0,16.91,17.09,0.08999999999999986
lithium_hydroxide,Random Walk,2026-02-09,16.65,16.85,16.76,16.94,0.08999999999999986
lithium_hydroxide,Random Walk,2026-02-10,16.62,16.65,16.56,16.74,0.08999999999999986
lithium_hydroxide,Random Walk,2026-02-11,16.81,16.62,16.53,16.71,0.08999999999999986
lithium_hydroxide,Random Walk,2026-02-12,16.81,16.81,16.72,16.9,0.08999999999999986
lithium_hydroxide,Random Walk,2026-02-13,16.81,16.81,16.72,16.9,0.08999999999999986
lithium_hydroxide,Random Walk,2026-02-17,16.81,16.81,16.72,16.9,0.08999999999999986
lithium_hydroxide,Random Walk,2026-02-18,16.91,16.81,16.72,16.9,0.08999999999999986
lithium_hydroxide,Random Walk,2026-02-19,16.91,16.91,16.82,17.0,0.08999999999999986
lithium_hydroxide,Random Walk,2026-02-20,16.91,16.91,16.82,17.0,0.08999999999999986
lithium_hydroxide,Random Walk,2026-02-23,16.91,16.91,16.82,17.0,0.08999999999999986
lithium_hydroxide,Random Walk,2026-02-24,17.11,16.91,16.82,17.0,0.08999999999999986
lithium_hydroxide,Random Walk,2026-02-25,17.34,17.11,17.02,17.2,0.08999999999999986
lithium_hydroxide,Random Walk,2026-02-26,17.4,17.34,17.25,17.43,0.08999999999999986
lithium_hydroxide,Random Walk,2026-03-02,20.98,17.4,17.31,17.49,0.08999999999999986
lithium_hydroxide,Random Walk,2026-03-03,19.77,20.98,20.89,21.07,0.08999999999999986
lithium_hydroxide,Random Walk,2026-03-04,19.77,19.77,19.68,19.86,0.08999999999999986
lithium_hydroxide,Random Walk,2026-03-05,19.98,19.77,19.68,19.86,0.08999999999999986
lithium_hydroxide,Random Walk,2026-03-06,20.19,19.98,19.89,20.07,0.08999999999999986
lithium_hydroxide,Random Walk,2026-03-09,20.19,20.19,20.1,20.28,0.08999999999999986
lithium_hydroxide,Random Walk,2026-03-10,20.19,20.19,20.1,20.28,0.08999999999999986
lithium_hydroxide,Random Walk,2026-03-11,19.85,20.19,20.1,20.28,0.08999999999999986
lithium_hydroxide,Random Walk,2026-03-12,19.85,19.85,19.76,19.94,0.08999999999999986
lithium_hydroxide,SVR,2025-10-09,9.6,14.363532421395723,9.606665826228358,19.120399016563088,4.756866595167365
lithium_hydroxide,SVR,2025-10-10,9.55,16.65444719574992,11.897580600582556,21.411313790917283,4.756866595167365
lithium_hydroxide,SVR,2025-10-13,9.6,15.427473314267772,10.670606719100407,20.18433990943514,4.756866595167365
lithium_hydroxide,SVR,2025-10-14,9.6,17.751100077078615,12.99423348191125,22.507966672245978,4.756866595167365
lithium_hydroxide,SVR,2025-10-15,9.6,17.23474548794973,12.477878892782366,21.991612083117097,4.756866595167365
lithium_hydroxide,SVR,2025-10-16,9.6,16.341730449752987,11.584863854585622,21.098597044920353,4.756866595167365
lithium_hydroxide,SVR,2025-10-17,9.6,15.8731765942672,11.116309999099835,20.630043189434566,4.756866595167365
lithium_hydroxide,SVR,2025-10-20,9.75,14.367024126583368,9.610157531416004,19.123890721750733,4.756866595167365
lithium_hydroxide,SVR,2025-10-21,9.6,14.33518836902416,9.578321773856795,19.092054964191526,4.756866595167365
lithium_hydroxide,SVR,2025-10-22,9.6,14.648050137875735,9.89118354270837,19.404916733043102,4.756866595167365
lithium_hydroxide,SVR,2025-10-23,9.6,14.314528741358252,9.557662146190887,19.07139533652562,4.756866595167365
lithium_hydroxide,SVR,2025-10-24,9.6,15.578422848608973,10.821556253441608,20.33528944377634,4.756866595167365
lithium_hydroxide,SVR,2025-10-27,9.6,15.640084243713979,10.883217648546614,20.396950838881345,4.756866595167365
lithium_hydroxide,SVR,2025-10-28,9.61,16.163631144649518,11.406764549482153,20.92049773981688,4.756866595167365
lithium_hydroxide,SVR,2025-10-29,9.63,15.888188784300521,11.131322189133156,20.645055379467884,4.756866595167365
lithium_hydroxide,SVR,2025-10-30,9.63,17.507427704468707,12.750561109301342,22.26429429963607,4.756866595167365
lithium_hydroxide,SVR,2025-10-31,9.63,18.955977004294,14.199110409126634,23.712843599461365,4.756866595167365
lithium_hydroxide,SVR,2025-11-03,9.8,17.574753154148972,12.817886558981607,22.33161974931634,4.756866595167365
lithium_hydroxide,SVR,2025-11-04,9.93,17.31597131859281,12.559104723425444,22.072837913760175,4.756866595167365
lithium_hydroxide,SVR,2025-11-05,9.8,16.48021848716524,11.723351891997874,21.237085082332605,4.756866595167365
lithium_hydroxide,SVR,2025-11-06,9.9,16.74175475436133,11.984888159193966,21.498621349528698,4.756866595167365
lithium_hydroxide,SVR,2025-11-07,9.97,18.049296690156027,13.292430094988662,22.806163285323393,4.756866595167365
lithium_hydroxide,SVR,2025-11-10,9.97,18.05325918902923,13.296392593861865,22.810125784196593,4.756866595167365
lithium_hydroxide,SVR,2025-11-11,9.97,17.82812764342424,13.071261048256874,22.584994238591605,4.756866595167365
lithium_hydroxide,SVR,2025-11-12,9.97,17.202655358798477,12.445788763631112,21.95952195396584,4.756866595167365
lithium_hydroxide,SVR,2025-11-13,10.06,17.28354146315182,12.526674867984456,22.040408058319187,4.756866595167365
lithium_hydroxide,SVR,2025-11-14,10.06,19.166449069161622,14.409582473994258,23.92331566432899,4.756866595167365
lithium_hydroxide,SVR,2025-11-17,10.21,17.782843533561614,13.02597693839425,22.539710128728977,4.756866595167365
lithium_hydroxide,SVR,2025-11-18,10.21,19.817249202541717,15.060382607374352,24.574115797709084,4.756866595167365
lithium_hydroxide,SVR,2025-11-19,10.13,18.2323335233786,13.475466928211235,22.989200118545966,4.756866595167365
lithium_hydroxide,SVR,2025-11-20,10.16,19.279039318028488,14.522172722861123,24.035905913195855,4.756866595167365
lithium_hydroxide,SVR,2025-11-21,10.19,18.738995465105813,13.982128869938448,23.495862060273176,4.756866595167365
lithium_hydroxide,SVR,2025-11-24,10.19,16.04642455192902,11.289557956761657,20.803291147096388,4.756866595167365
lithium_hydroxide,SVR,2025-11-25,10.19,14.189888753420181,9.433022158252816,18.946755348587544,4.756866595167365
lithium_hydroxide,SVR,2025-11-26,10.18,14.970342774760294,10.213476179592929,19.727209369927657,4.756866595167365
lithium_hydroxide,SVR,2025-11-28,10.19,15.08258831259841,10.325721717431046,19.839454907765777,4.756866595167365
lithium_hydroxide,SVR,2025-12-01,10.95,15.596845956676857,10.839979361509492,20.35371255184422,4.756866595167365
lithium_hydroxide,SVR,2025-12-02,10.4,15.806202358593522,11.049335763426157,20.563068953760887,4.756866595167365
lithium_hydroxide,SVR,2025-12-03,10.26,15.475971433873575,10.71910483870621,20.23283802904094,4.756866595167365
lithium_hydroxide,SVR,2025-12-04,10.31,14.785562865612205,10.02869627044484,19.54242946077957,4.756866595167365
lithium_hydroxide,SVR,2025-12-05,10.31,14.723841631197578,9.966975036030213,19.480708226364943,4.756866595167365
lithium_hydroxide,SVR,2025-12-08,10.31,14.685419284785125,9.92855268961776,19.44228587995249,4.756866595167365
lithium_hydroxide,SVR,2025-12-09,10.31,15.811303237825447,11.054436642658082,20.56816983299281,4.756866595167365
lithium_hydroxide,SVR,2025-12-10,10.3,15.661842531963043,10.904975936795678,20.418709127130406,4.756866595167365
lithium_hydroxide,SVR,2025-12-11,10.31,15.954122647649323,11.197256052481958,20.710989242816687,4.756866595167365
lithium_hydroxide,SVR,2025-12-12,10.4,15.862233987525812,11.105367392358447,20.61910058269318,4.756866595167365
lithium_hydroxide,SVR,2025-12-15,10.37,15.312451225144002,10.555584629976638,20.06931782031137,4.756866595167365
lithium_hydroxide,SVR,2025-12-16,10.37,14.985018743121962,10.228152147954598,19.74188533828933,4.756866595167365
lithium_hydroxide,SVR,2025-12-17,10.42,14.939543020702956,10.182676425535591,19.696409615870323,4.756866595167365
lithium_hydroxide,SVR,2025-12-18,10.61,15.998257987589255,11.24139139242189,20.755124582756622,4.756866595167365
lithium_hydroxide,SVR,2025-12-19,10.83,15.89187377936616,11.135007184198795,20.648740374533524,4.756866595167365
lithium_hydroxide,SVR,2025-12-22,10.83,16.594290828562954,11.83742423339559,21.35115742373032,4.756866595167365
lithium_hydroxide,SVR,2025-12-23,11.21,17.073283724064186,12.316417128896822,21.83015031923155,4.756866595167365
lithium_hydroxide,SVR,2025-12-24,11.21,17.599406144342645,12.84253954917528,22.35627273951001,4.756866595167365
lithium_hydroxide,SVR,2025-12-26,11.21,17.906823762108136,13.149957166940771,22.6636903572755,4.756866595167365
lithium_hydroxide,SVR,2025-12-29,11.24,18.049786918578697,13.292920323411332,22.806653513746063,4.756866595167365
lithium_hydroxide,SVR,2025-12-30,11.22,17.655714996994007,12.898848401826642,22.412581592161374,4.756866595167365
lithium_hydroxide,SVR,2025-12-31,11.22,17.27619875562154,12.519332160454175,22.033065350788902,4.756866595167365
lithium_hydroxide,SVR,2026-01-02,15.47,16.859992030461925,12.10312543529456,21.61685862562929,4.756866595167365
lithium_hydroxide,SVR,2026-01-05,15.23,18.01279604685092,13.255929451683555,22.769662642018282,4.756866595167365
lithium_hydroxide,SVR,2026-01-06,16.51,19.406683368447197,14.649816773279833,24.163549963614564,4.756866595167365
lithium_hydroxide,SVR,2026-01-07,16.8,20.577029537283867,15.820162942116502,25.33389613245123,4.756866595167365
lithium_hydroxide,SVR,2026-01-08,17.21,20.88548485551135,16.128618260343984,25.642351450678717,4.756866595167365
lithium_hydroxide,SVR,2026-01-09,17.97,20.80040677070723,16.043540175539867,25.557273365874593,4.756866595167365
lithium_hydroxide,SVR,2026-01-12,16.63,21.26507950852299,16.508212913355628,26.021946103690354,4.756866595167365
lithium_hydroxide,SVR,2026-01-13,17.96,21.914158771388486,17.15729217622112,26.671025366555853,4.756866595167365
lithium_hydroxide,SVR,2026-01-14,18.58,22.88702168536088,18.13015509019352,27.643888280528245,4.756866595167365
lithium_hydroxide,SVR,2026-01-15,18.44,22.941620881328554,18.184754286161187,27.69848747649592,4.756866595167365
lithium_hydroxide,SVR,2026-01-16,17.92,23.723764883301605,18.96689828813424,28.480631478468972,4.756866595167365
lithium_hydroxide,SVR,2026-01-20,17.77,22.80951761404134,18.052651018873973,27.566384209208707,4.756866595167365
lithium_hydroxide,SVR,2026-01-21,18.06,22.272325520468907,17.515458925301544,27.02919211563627,4.756866595167365
lithium_hydroxide,SVR,2026-01-22,18.39,23.03621913641929,18.279352541251924,27.793085731586658,4.756866595167365
lithium_hydroxide,SVR,2026-01-23,18.39,23.13398827982319,18.377121684655826,27.890854874990552,4.756866595167365
lithium_hydroxide,SVR,2026-01-26,18.27,24.34883215915687,19.591965563989504,29.105698754324237,4.756866595167365
lithium_hydroxide,SVR,2026-01-27,18.27,24.459808651124767,19.7029420559574,29.216675246292134,4.756866595167365
lithium_hydroxide,SVR,2026-01-28,18.2,24.102885897370086,19.34601930220272,28.859752492537453,4.756866595167365
lithium_hydroxide,SVR,2026-01-29,18.2,24.460523018948482,19.70365642378112,29.217389614115845,4.756866595167365
lithium_hydroxide,SVR,2026-01-30,18.18,24.23081733121855,19.473950736051187,28.987683926385913,4.756866595167365
lithium_hydroxide,SVR,2026-02-02,17.5,22.76765727958937,18.010790684422005,27.52452387475673,4.756866595167365
lithium_hydroxide,SVR,2026-02-03,17.5,21.813696548507256,17.056829953339893,26.57056314367462,4.756866595167365
lithium_hydroxide,SVR,2026-02-04,17.5,22.157859787563726,17.400993192396363,26.91472638273109,4.756866595167365
lithium_hydroxide,SVR,2026-02-05,17.0,21.943307799774697,17.186441204607334,26.70017439494206,4.756866595167365
lithium_hydroxide,SVR,2026-02-06,16.85,20.58251055068536,15.825643955517995,25.339377145852723,4.756866595167365
lithium_hydroxide,SVR,2026-02-09,16.65,20.715271631792,15.958405036624635,25.472138226959366,4.756866595167365
lithium_hydroxide,SVR,2026-02-10,16.62,20.787919728438865,16.0310531332715,25.544786323606232,4.756866595167365
lithium_hydroxide,SVR,2026-02-11,16.81,20.730277836385408,15.973411241218043,25.48714443155277,4.756866595167365
lithium_hydroxide,SVR,2026-02-12,16.81,21.249434972371226,16.49256837720386,26.006301567538593,4.756866595167365
lithium_hydroxide,SVR,2026-02-13,16.81,21.439794739217483,16.682928144050116,26.19666133438485,4.756866595167365
lithium_hydroxide,SVR,2026-02-17,16.81,21.302429481036427,16.54556288586906,26.059296076203793,4.756866595167365
lithium_hydroxide,SVR,2026-02-18,16.91,21.302429481036427,16.54556288586906,26.059296076203793,4.756866595167365
lithium_hydroxide,SVR,2026-02-19,16.91,21.33110785558153,16.574241260414162,26.087974450748895,4.756866595167365
lithium_hydroxide,SVR,2026-02-20,16.91,21.35326418741176,16.596397592244394,26.110130782579127,4.756866595167365
lithium_hydroxide,SVR,2026-02-23,16.91,21.35326418741176,16.596397592244394,26.110130782579127,4.756866595167365
lithium_hydroxide,SVR,2026-02-24,17.11,21.35326418741176,16.596397592244394,26.110130782579127,4.756866595167365
lithium_hydroxide,SVR,2026-02-25,17.34,22.628522139396974,17.87165554422961,27.385388734564337,4.756866595167365
lithium_hydroxide,SVR,2026-02-26,17.4,23.292009374655724,18.53514277948836,28.048875969823087,4.756866595167365
lithium_hydroxide,SVR,2026-03-02,20.98,24.024339246503835,19.26747265133647,28.781205841671202,4.756866595167365
lithium_hydroxide,SVR,2026-03-03,19.77,24.664651791759788,19.90778519659242,29.421518386927154,4.756866595167365
lithium_hydroxide,SVR,2026-03-04,19.77,23.671268094309134,18.914401499141768,28.4281346894765,4.756866595167365
lithium_hydroxide,SVR,2026-03-05,19.98,23.205484234916014,18.448617639748647,27.96235083008338,4.756866595167365
lithium_hydroxide,SVR,2026-03-06,20.19,23.371346465072694,18.61447986990533,28.128213060240057,4.756866595167365
lithium_hydroxide,SVR,2026-03-09,20.19,23.183843838938742,18.426977243771375,27.94071043410611,4.756866595167365
lithium_hydroxide,SVR,2026-03-10,20.19,23.62718084965922,18.870314254491852,28.384047444826585,4.756866595167365
lithium_hydroxide,SVR,2026-03-11,19.85,24.04962928089001,19.292762685722643,28.806495876057376,4.756866595167365
lithium_hydroxide,SVR,2026-03-12,19.85,24.252094792529373,19.49522819736201,29.008961387696736,4.756866595167365
lithium_hydroxide,VMD-ARIMA,2025-10-09,9.6,7.9642111601422565,6.278925101212641,9.649497219071872,1.6852860589296155
lithium_hydroxide,VMD-ARIMA,2025-10-10,9.55,7.990684381322267,6.3053983223926515,9.675970440251882,1.6852860589296155
lithium_hydroxide,VMD-ARIMA,2025-10-13,9.6,7.998136900786228,6.312850841856613,9.683422959715845,1.6852860589296155
lithium_hydroxide,VMD-ARIMA,2025-10-14,9.6,7.978469049992145,6.29318299106253,9.66375510892176,1.6852860589296155
lithium_hydroxide,VMD-ARIMA,2025-10-15,9.6,8.07745664479421,6.392170585864595,9.762742703723827,1.6852860589296155
lithium_hydroxide,VMD-ARIMA,2025-10-16,9.6,7.944419385077512,6.2591333261478965,9.629705444007127,1.6852860589296155
lithium_hydroxide,VMD-ARIMA,2025-10-17,9.6,8.144757523932313,6.459471465002697,9.83004358286193,1.6852860589296155
lithium_hydroxide,VMD-ARIMA,2025-10-20,9.75,8.138543769470102,6.453257710540487,9.823829828399717,1.6852860589296155
lithium_hydroxide,VMD-ARIMA,2025-10-21,9.6,8.019016143996861,6.333730085067246,9.704302202926478,1.6852860589296155
lithium_hydroxide,VMD-ARIMA,2025-10-22,9.6,8.1853429397747,6.500056880845084,9.870628998704316,1.6852860589296155
lithium_hydroxide,VMD-ARIMA,2025-10-23,9.6,7.97125677609959,6.285970717169975,9.656542835029207,1.6852860589296155
lithium_hydroxide,VMD-ARIMA,2025-10-24,9.6,8.008106253662953,6.322820194733338,9.693392312592568,1.6852860589296155
lithium_hydroxide,VMD-ARIMA,2025-10-27,9.6,8.014143028075031,6.3288569691454155,9.699429087004646,1.6852860589296155
lithium_hydroxide,VMD-ARIMA,2025-10-28,9.61,7.876546780091595,6.19126072116198,9.56183283902121,1.6852860589296155
lithium_hydroxide,VMD-ARIMA,2025-10-29,9.63,7.955860530675286,6.270574471745671,9.641146589604901,1.6852860589296155
lithium_hydroxide,VMD-ARIMA,2025-10-30,9.63,7.863162534929102,6.177876475999486,9.548448593858717,1.6852860589296155
lithium_hydroxide,VMD-ARIMA,2025-10-31,9.63,7.83545872278258,6.150172663852964,9.520744781712196,1.6852860589296155
lithium_hydroxide,VMD-ARIMA,2025-11-03,9.8,7.793385614733942,6.108099555804326,9.478671673663557,1.6852860589296155
lithium_hydroxide,VMD-ARIMA,2025-11-04,9.93,7.750658830721725,6.065372771792109,9.43594488965134,1.6852860589296155
lithium_hydroxide,VMD-ARIMA,2025-11-05,9.8,7.786188723408904,6.100902664479289,9.47147478233852,1.6852860589296155
lithium_hydroxide,VMD-ARIMA,2025-11-06,9.9,7.709058749764149,6.023772690834534,9.394344808693765,1.6852860589296155
lithium_hydroxide,VMD-ARIMA,2025-11-07,9.97,7.8029751612114335,6.117689102281818,9.488261220141048,1.6852860589296155
lithium_hydroxide,VMD-ARIMA,2025-11-10,9.97,7.801966225267488,6.116680166337873,9.487252284197105,1.6852860589296155
lithium_hydroxide,VMD-ARIMA,2025-11-11,9.97,7.7449933399251,6.059707280995484,9.430279398854715,1.6852860589296155
lithium_hydroxide,VMD-ARIMA,2025-11-12,9.97,7.880301638371829,6.195015579442214,9.565587697301446,1.6852860589296155
lithium_hydroxide,VMD-ARIMA,2025-11-13,10.06,7.775942204208413,6.090656145278798,9.461228263138029,1.6852860589296155
lithium_hydroxide,VMD-ARIMA,2025-11-14,10.06,7.861925293960447,6.176639235030832,9.547211352890063,1.6852860589296155
lithium_hydroxide,VMD-ARIMA,2025-11-17,10.21,7.925799450844298,6.240513391914683,9.611085509773915,1.6852860589296155
lithium_hydroxide,VMD-ARIMA,2025-11-18,10.21,7.824186901069409,6.138900842139794,9.509472959999025,1.6852860589296155
lithium_hydroxide,VMD-ARIMA,2025-11-19,10.13,7.967878046381668,6.282591987452053,9.653164105311284,1.6852860589296155
lithium_hydroxide,VMD-ARIMA,2025-11-20,10.16,7.8871182046527535,6.201832145723138,9.572404263582369,1.6852860589296155
lithium_hydroxide,VMD-ARIMA,2025-11-21,10.19,7.901602391805721,6.216316332876105,9.586888450735337,1.6852860589296155
lithium_hydroxide,VMD-ARIMA,2025-11-24,10.19,7.902883802633109,6.217597743703494,9.588169861562726,1.6852860589296155
lithium_hydroxide,VMD-ARIMA,2025-11-25,10.19,7.834673832060746,6.149387773131131,9.51995989099036,1.6852860589296155
lithium_hydroxide,VMD-ARIMA,2025-11-26,10.18,7.903068310092207,6.217782251162592,9.588354369021822,1.6852860589296155
lithium_hydroxide,VMD-ARIMA,2025-11-28,10.19,7.79991192063943,6.114625861709815,9.485197979569046,1.6852860589296155
lithium_hydroxide,VMD-ARIMA,2025-12-01,10.95,7.843824088706796,6.158538029777181,9.529110147636413,1.6852860589296155
lithium_hydroxide,VMD-ARIMA,2025-12-02,10.4,7.7959224500276605,6.110636391098045,9.481208508957277,1.6852860589296155
lithium_hydroxide,VMD-ARIMA,2025-12-03,10.26,7.743976453046955,6.058690394117339,9.429262511976571,1.6852860589296155
lithium_hydroxide,VMD-ARIMA,2025-12-04,10.31,7.813371787235505,6.12808572830589,9.49865784616512,1.6852860589296155
lithium_hydroxide,VMD-ARIMA,2025-12-05,10.31,7.701267890951045,6.0159818320214296,9.38655394988066,1.6852860589296155
lithium_hydroxide,VMD-ARIMA,2025-12-08,10.31,7.769426840323523,6.0841407813939075,9.454712899253138,1.6852860589296155
lithium_hydroxide,VMD-ARIMA,2025-12-09,10.31,7.784486486905339,6.099200427975724,9.469772545834955,1.6852860589296155
lithium_hydroxide,VMD-ARIMA,2025-12-10,10.3,7.72472679028492,6.039440731355304,9.410012849214535,1.6852860589296155
lithium_hydroxide,VMD-ARIMA,2025-12-11,10.31,7.828516489261008,6.143230430331393,9.513802548190624,1.6852860589296155
lithium_hydroxide,VMD-ARIMA,2025-12-12,10.4,7.779117608083753,6.093831549154138,9.464403667013368,1.6852860589296155
lithium_hydroxide,VMD-ARIMA,2025-12-15,10.37,7.818733016188968,6.133446957259353,9.504019075118585,1.6852860589296155
lithium_hydroxide,VMD-ARIMA,2025-12-16,10.37,7.866489333754835,6.1812032748252195,9.551775392684451,1.6852860589296155
lithium_hydroxide,VMD-ARIMA,2025-12-17,10.42,7.8263480480087155,6.1410619890791,9.511634106938331,1.6852860589296155
lithium_hydroxide,VMD-ARIMA,2025-12-18,10.61,7.925448396367827,6.240162337438211,9.610734455297443,1.6852860589296155
lithium_hydroxide,VMD-ARIMA,2025-12-19,10.83,7.88370907481639,6.198423015886775,9.568995133746006,1.6852860589296155
lithium_hydroxide,VMD-ARIMA,2025-12-22,10.83,7.921905058922747,6.236618999993132,9.607191117852363,1.6852860589296155
lithium_hydroxide,VMD-ARIMA,2025-12-23,11.21,7.9330390257815155,6.2477529668519,9.618325084711131,1.6852860589296155
lithium_hydroxide,VMD-ARIMA,2025-12-24,11.21,7.8896897370874655,6.20440367815785,9.574975796017082,1.6852860589296155
lithium_hydroxide,VMD-ARIMA,2025-12-26,11.21,7.973977463238428,6.288691404308812,9.659263522168043,1.6852860589296155
lithium_hydroxide,VMD-ARIMA,2025-12-29,11.24,7.876126284503267,6.190840225573652,9.561412343432883,1.6852860589296155
lithium_hydroxide,VMD-ARIMA,2025-12-30,11.22,7.925807533082151,6.240521474152535,9.611093592011766,1.6852860589296155
lithium_hydroxide,VMD-ARIMA,2025-12-31,11.22,7.924180672303876,6.238894613374261,9.609466731233493,1.6852860589296155
lithium_hydroxide,VMD-ARIMA,2026-01-02,15.47,7.856898556747698,6.171612497818082,9.542184615677314,1.6852860589296155
lithium_hydroxide,VMD-ARIMA,2026-01-05,15.23,7.932125806199913,6.246839747270298,9.61741186512953,1.6852860589296155
lithium_hydroxide,VMD-ARIMA,2026-01-06,16.51,7.841789834114746,6.15650377518513,9.527075893044362,1.6852860589296155
lithium_hydroxide,VMD-ARIMA,2026-01-07,16.8,7.8833093563107886,6.198023297381173,9.568595415240404,1.6852860589296155
lithium_hydroxide,VMD-ARIMA,2026-01-08,17.21,7.894376275228144,6.209090216298528,9.57966233415776,1.6852860589296155
lithium_hydroxide,VMD-ARIMA,2026-01-09,17.97,7.848021780720846,6.162735721791231,9.533307839650462,1.6852860589296155
lithium_hydroxide,VMD-ARIMA,2026-01-12,16.63,7.919841580999475,6.23455552206986,9.60512763992909,1.6852860589296155
lithium_hydroxide,VMD-ARIMA,2026-01-13,17.96,7.879490537118263,6.194204478188648,9.564776596047878,1.6852860589296155
lithium_hydroxide,VMD-ARIMA,2026-01-14,18.58,7.922591854556155,6.23730579562654,9.60787791348577,1.6852860589296155
lithium_hydroxide,VMD-ARIMA,2026-01-15,18.44,7.939237849084406,6.25395179015479,9.624523908014021,1.6852860589296155
lithium_hydroxide,VMD-ARIMA,2026-01-16,17.92,7.922495547192538,6.2372094882629225,9.607781606122153,1.6852860589296155
lithium_hydroxide,VMD-ARIMA,2026-01-20,17.77,8.002218499533246,6.3169324406036305,9.687504558462862,1.6852860589296155
lithium_hydroxide,VMD-ARIMA,2026-01-21,18.06,7.962075585797544,6.276789526867929,9.647361644727159,1.6852860589296155
lithium_hydroxide,VMD-ARIMA,2026-01-22,18.39,8.009600339715195,6.32431428078558,9.694886398644812,1.6852860589296155
lithium_hydroxide,VMD-ARIMA,2026-01-23,18.39,8.033674327018078,6.3483882680884625,9.718960385947693,1.6852860589296155
lithium_hydroxide,VMD-ARIMA,2026-01-26,18.27,7.9977423711315705,6.312456312201955,9.683028430061185,1.6852860589296155
lithium_hydroxide,VMD-ARIMA,2026-01-27,18.27,8.07538789817746,6.390101839247845,9.760673957107077,1.6852860589296155
lithium_hydroxide,VMD-ARIMA,2026-01-28,18.2,8.011663436731332,6.326377377801717,9.696949495660949,1.6852860589296155
lithium_hydroxide,VMD-ARIMA,2026-01-29,18.2,8.045885889062404,6.360599830132789,9.73117194799202,1.6852860589296155
lithium_hydroxide,VMD-ARIMA,2026-01-30,18.18,8.065930409718202,6.380644350788587,9.751216468647819,1.6852860589296155
lithium_hydroxide,VMD-ARIMA,2026-02-02,17.5,8.007014003183608,6.321727944253992,9.692300062113222,1.6852860589296155
lithium_hydroxide,VMD-ARIMA,2026-02-03,17.5,8.069135810636855,6.383849751707239,9.754421869566471,1.6852860589296155
lithium_hydroxide,VMD-ARIMA,2026-02-04,17.5,8.007302012618842,6.322015953689227,9.692588071548457,1.6852860589296155
lithium_hydroxide,VMD-ARIMA,2026-02-05,17.0,8.036679932926475,6.35139387399686,9.721965991856091,1.6852860589296155
lithium_hydroxide,VMD-ARIMA,2026-02-06,16.85,8.038400835896073,6.353114776966458,9.72368689482569,1.6852860589296155
lithium_hydroxide,VMD-ARIMA,2026-02-09,16.65,7.996158011062917,6.310871952133302,9.681444069992533,1.6852860589296155
lithium_hydroxide,VMD-ARIMA,2026-02-10,16.62,8.057843032780788,6.3725569738511725,9.743129091710404,1.6852860589296155
lithium_hydroxide,VMD-ARIMA,2026-02-11,16.81,8.008470284913123,6.323184225983508,9.69375634384274,1.6852860589296155
lithium_hydroxide,VMD-ARIMA,2026-02-12,16.81,8.049264763666256,6.363978704736641,9.734550822595871,1.6852860589296155
lithium_hydroxide,VMD-ARIMA,2026-02-13,16.81,8.054483172760124,6.369197113830508,9.739769231689738,1.6852860589296155
lithium_hydroxide,VMD-ARIMA,2026-02-17,16.81,8.033484884781243,6.348198825851628,9.718770943710858,1.6852860589296155
lithium_hydroxide,VMD-ARIMA,2026-02-18,16.91,8.10268992775266,6.417403868823045,9.787975986682277,1.6852860589296155
lithium_hydroxide,VMD-ARIMA,2026-02-19,16.91,8.061236431075768,6.375950372146153,9.746522490005383,1.6852860589296155
lithium_hydroxide,VMD-ARIMA,2026-02-20,16.91,8.101851916516123,6.416565857586508,9.787137975445738,1.6852860589296155
lithium_hydroxide,VMD-ARIMA,2026-02-23,16.91,8.125011215685415,6.4397251567558,9.810297274615031,1.6852860589296155
lithium_hydroxide,VMD-ARIMA,2026-02-24,17.11,8.09841376648224,6.413127707552625,9.783699825411855,1.6852860589296155
lithium_hydroxide,VMD-ARIMA,2026-02-25,17.34,8.158878160773806,6.473592101844191,9.844164219703423,1.6852860589296155
lithium_hydroxide,VMD-ARIMA,2026-02-26,17.4,8.120654057310693,6.435367998381078,9.805940116240308,1.6852860589296155
lithium_hydroxide,VMD-ARIMA,2026-03-02,20.98,8.147993688350851,6.462707629421236,9.833279747280468,1.6852860589296155
lithium_hydroxide,VMD-ARIMA,2026-03-03,19.77,8.164874737460194,6.479588678530578,9.850160796389808,1.6852860589296155
lithium_hydroxide,VMD-ARIMA,2026-03-04,19.77,8.123984250638667,6.438698191709052,9.809270309568284,1.6852860589296155
lithium_hydroxide,VMD-ARIMA,2026-03-05,19.98,8.174668544865632,6.489382485936017,9.859954603795249,1.6852860589296155
lithium_hydroxide,VMD-ARIMA,2026-03-06,20.19,8.129793354473186,6.444507295543571,9.815079413402803,1.6852860589296155
lithium_hydroxide,VMD-ARIMA,2026-03-09,20.19,8.151264675854476,6.46597861692486,9.83655073478409,1.6852860589296155
lithium_hydroxide,VMD-ARIMA,2026-03-10,20.19,8.15265433346354,6.467368274533924,9.837940392393154,1.6852860589296155
lithium_hydroxide,VMD-ARIMA,2026-03-11,19.85,8.112367146146,6.427081087216384,9.797653205075616,1.6852860589296155
lithium_hydroxide,VMD-ARIMA,2026-03-12,19.85,8.167081204818466,6.48179514588885,9.852367263748082,1.6852860589296155
lithium_hydroxide,VMD-LSTM,2025-10-09,9.6,8.294012069702148,6.680439414978027,9.90758472442627,1.6135726547241216
lithium_hydroxide,VMD-LSTM,2025-10-10,9.55,8.294105529785156,6.680532875061035,9.907678184509278,1.6135726547241216
lithium_hydroxide,VMD-LSTM,2025-10-13,9.6,8.294168472290039,6.6805958175659175,9.90774112701416,1.6135726547241216
lithium_hydroxide,VMD-LSTM,2025-10-14,9.6,8.294228553771973,6.680655899047851,9.907801208496094,1.6135726547241216
lithium_hydroxide,VMD-LSTM,2025-10-15,9.6,8.294297218322754,6.680724563598632,9.907869873046875,1.6135726547241216
lithium_hydroxide,VMD-LSTM,2025-10-16,9.6,8.294354438781738,6.680781784057617,9.90792709350586,1.6135726547241216
lithium_hydroxide,VMD-LSTM,2025-10-17,9.6,8.294381141662598,6.680808486938476,9.90795379638672,1.6135726547241216
lithium_hydroxide,VMD-LSTM,2025-10-20,9.75,8.29437255859375,6.680799903869628,9.907945213317872,1.6135726547241216
lithium_hydroxide,VMD-LSTM,2025-10-21,9.6,8.294346809387207,6.680774154663085,9.907919464111329,1.6135726547241216
lithium_hydroxide,VMD-LSTM,2025-10-22,9.6,8.29432487487793,6.680752220153808,9.907897529602051,1.6135726547241216
lithium_hydroxide,VMD-LSTM,2025-10-23,9.6,8.294306755065918,6.680734100341796,9.90787940979004,1.6135726547241216
lithium_hydroxide,VMD-LSTM,2025-10-24,9.6,8.29428768157959,6.680715026855468,9.907860336303711,1.6135726547241216
lithium_hydroxide,VMD-LSTM,2025-10-27,9.6,8.29426383972168,6.680691184997558,9.907836494445801,1.6135726547241216
lithium_hydroxide,VMD-LSTM,2025-10-28,9.61,8.29423713684082,6.680664482116699,9.907809791564942,1.6135726547241216
lithium_hydroxide,VMD-LSTM,2025-10-29,9.63,8.294210433959961,6.680637779235839,9.907783088684083,1.6135726547241216
lithium_hydroxide,VMD-LSTM,2025-10-30,9.63,8.294194221496582,6.68062156677246,9.907766876220704,1.6135726547241216
lithium_hydroxide,VMD-LSTM,2025-10-31,9.63,8.294185638427734,6.680612983703613,9.907758293151856,1.6135726547241216
lithium_hydroxide,VMD-LSTM,2025-11-03,9.8,8.294179916381836,6.680607261657714,9.907752571105958,1.6135726547241216
lithium_hydroxide,VMD-LSTM,2025-11-04,9.93,8.294175148010254,6.680602493286132,9.907747802734375,1.6135726547241216
lithium_hydroxide,VMD-LSTM,2025-11-05,9.8,8.294170379638672,6.68059772491455,9.907743034362793,1.6135726547241216
lithium_hydroxide,VMD-LSTM,2025-11-06,9.9,8.294168472290039,6.6805958175659175,9.90774112701416,1.6135726547241216
lithium_hydroxide,VMD-LSTM,2025-11-07,9.97,8.294170379638672,6.68059772491455,9.907743034362793,1.6135726547241216
lithium_hydroxide,VMD-LSTM,2025-11-10,9.97,8.294173240661621,6.6806005859374995,9.907745895385743,1.6135726547241216
lithium_hydroxide,VMD-LSTM,2025-11-11,9.97,8.294177055358887,6.680604400634765,9.907749710083008,1.6135726547241216
lithium_hydroxide,VMD-LSTM,2025-11-12,9.97,8.294179916381836,6.680607261657714,9.907752571105958,1.6135726547241216
lithium_hydroxide,VMD-LSTM,2025-11-13,10.06,8.294181823730469,6.680609169006347,9.90775447845459,1.6135726547241216
lithium_hydroxide,VMD-LSTM,2025-11-14,10.06,8.294183731079102,6.68061107635498,9.907756385803223,1.6135726547241216
lithium_hydroxide,VMD-LSTM,2025-11-17,10.21,8.294184684753418,6.680612030029296,9.90775733947754,1.6135726547241216
lithium_hydroxide,VMD-LSTM,2025-11-18,10.21,8.294188499450684,6.680615844726562,9.907761154174805,1.6135726547241216
lithium_hydroxide,VMD-LSTM,2025-11-19,10.13,8.294189453125,6.680616798400878,9.907762107849122,1.6135726547241216
lithium_hydroxide,VMD-LSTM,2025-11-20,10.16,8.294188499450684,6.680615844726562,9.907761154174805,1.6135726547241216
lithium_hydroxide,VMD-LSTM,2025-11-21,10.19,8.294188499450684,6.680615844726562,9.907761154174805,1.6135726547241216
lithium_hydroxide,VMD-LSTM,2025-11-24,10.19,8.294187545776367,6.680614891052246,9.907760200500489,1.6135726547241216
lithium_hydroxide,VMD-LSTM,2025-11-25,10.19,8.29418659210205,6.680613937377929,9.907759246826172,1.6135726547241216
lithium_hydroxide,VMD-LSTM,2025-11-26,10.18,8.294188499450684,6.680615844726562,9.907761154174805,1.6135726547241216
lithium_hydroxide,VMD-LSTM,2025-11-28,10.19,8.29418659210205,6.680613937377929,9.907759246826172,1.6135726547241216
lithium_hydroxide,VMD-LSTM,2025-12-01,10.95,8.294184684753418,6.680612030029296,9.90775733947754,1.6135726547241216
lithium_hydroxide,VMD-LSTM,2025-12-02,10.4,8.294183731079102,6.68061107635498,9.907756385803223,1.6135726547241216
lithium_hydroxide,VMD-LSTM,2025-12-03,10.26,8.294184684753418,6.680612030029296,9.90775733947754,1.6135726547241216
lithium_hydroxide,VMD-LSTM,2025-12-04,10.31,8.294183731079102,6.68061107635498,9.907756385803223,1.6135726547241216
lithium_hydroxide,VMD-LSTM,2025-12-05,10.31,8.294182777404785,6.680610122680664,9.907755432128907,1.6135726547241216
lithium_hydroxide,VMD-LSTM,2025-12-08,10.31,8.294182777404785,6.680610122680664,9.907755432128907,1.6135726547241216
lithium_hydroxide,VMD-LSTM,2025-12-09,10.31,8.294182777404785,6.680610122680664,9.907755432128907,1.6135726547241216
lithium_hydroxide,VMD-LSTM,2025-12-10,10.3,8.294183731079102,6.68061107635498,9.907756385803223,1.6135726547241216
lithium_hydroxide,VMD-LSTM,2025-12-11,10.31,8.294182777404785,6.680610122680664,9.907755432128907,1.6135726547241216
lithium_hydroxide,VMD-LSTM,2025-12-12,10.4,8.294182777404785,6.680610122680664,9.907755432128907,1.6135726547241216
lithium_hydroxide,VMD-LSTM,2025-12-15,10.37,8.294183731079102,6.68061107635498,9.907756385803223,1.6135726547241216
lithium_hydroxide,VMD-LSTM,2025-12-16,10.37,8.294183731079102,6.68061107635498,9.907756385803223,1.6135726547241216
lithium_hydroxide,VMD-LSTM,2025-12-17,10.42,8.294184684753418,6.680612030029296,9.90775733947754,1.6135726547241216
lithium_hydroxide,VMD-LSTM,2025-12-18,10.61,8.294184684753418,6.680612030029296,9.90775733947754,1.6135726547241216
lithium_hydroxide,VMD-LSTM,2025-12-19,10.83,8.294183731079102,6.68061107635498,9.907756385803223,1.6135726547241216
lithium_hydroxide,VMD-LSTM,2025-12-22,10.83,8.294183731079102,6.68061107635498,9.907756385803223,1.6135726547241216
lithium_hydroxide,VMD-LSTM,2025-12-23,11.21,8.294183731079102,6.68061107635498,9.907756385803223,1.6135726547241216
lithium_hydroxide,VMD-LSTM,2025-12-24,11.21,8.294183731079102,6.68061107635498,9.907756385803223,1.6135726547241216
lithium_hydroxide,VMD-LSTM,2025-12-26,11.21,8.294183731079102,6.68061107635498,9.907756385803223,1.6135726547241216
lithium_hydroxide,VMD-LSTM,2025-12-29,11.24,8.294183731079102,6.68061107635498,9.907756385803223,1.6135726547241216
lithium_hydroxide,VMD-LSTM,2025-12-30,11.22,8.294183731079102,6.68061107635498,9.907756385803223,1.6135726547241216
lithium_hydroxide,VMD-LSTM,2025-12-31,11.22,8.294183731079102,6.68061107635498,9.907756385803223,1.6135726547241216
lithium_hydroxide,VMD-LSTM,2026-01-02,15.47,8.294183731079102,6.68061107635498,9.907756385803223,1.6135726547241216
lithium_hydroxide,VMD-LSTM,2026-01-05,15.23,8.294183731079102,6.68061107635498,9.907756385803223,1.6135726547241216
lithium_hydroxide,VMD-LSTM,2026-01-06,16.51,8.294183731079102,6.68061107635498,9.907756385803223,1.6135726547241216
lithium_hydroxide,VMD-LSTM,2026-01-07,16.8,8.294183731079102,6.68061107635498,9.907756385803223,1.6135726547241216
lithium_hydroxide,VMD-LSTM,2026-01-08,17.21,8.294183731079102,6.68061107635498,9.907756385803223,1.6135726547241216
lithium_hydroxide,VMD-LSTM,2026-01-09,17.97,8.294183731079102,6.68061107635498,9.907756385803223,1.6135726547241216
lithium_hydroxide,VMD-LSTM,2026-01-12,16.63,8.294183731079102,6.68061107635498,9.907756385803223,1.6135726547241216
lithium_hydroxide,VMD-LSTM,2026-01-13,17.96,8.294183731079102,6.68061107635498,9.907756385803223,1.6135726547241216
lithium_hydroxide,VMD-LSTM,2026-01-14,18.58,8.294183731079102,6.68061107635498,9.907756385803223,1.6135726547241216
lithium_hydroxide,VMD-LSTM,2026-01-15,18.44,8.294183731079102,6.68061107635498,9.907756385803223,1.6135726547241216
lithium_hydroxide,VMD-LSTM,2026-01-16,17.92,8.294183731079102,6.68061107635498,9.907756385803223,1.6135726547241216
lithium_hydroxide,VMD-LSTM,2026-01-20,17.77,8.294183731079102,6.68061107635498,9.907756385803223,1.6135726547241216
lithium_hydroxide,VMD-LSTM,2026-01-21,18.06,8.294183731079102,6.68061107635498,9.907756385803223,1.6135726547241216
lithium_hydroxide,VMD-LSTM,2026-01-22,18.39,8.294183731079102,6.68061107635498,9.907756385803223,1.6135726547241216
lithium_hydroxide,VMD-LSTM,2026-01-23,18.39,8.294183731079102,6.68061107635498,9.907756385803223,1.6135726547241216
lithium_hydroxide,VMD-LSTM,2026-01-26,18.27,8.294183731079102,6.68061107635498,9.907756385803223,1.6135726547241216
lithium_hydroxide,VMD-LSTM,2026-01-27,18.27,8.294183731079102,6.68061107635498,9.907756385803223,1.6135726547241216
lithium_hydroxide,VMD-LSTM,2026-01-28,18.2,8.294183731079102,6.68061107635498,9.907756385803223,1.6135726547241216
lithium_hydroxide,VMD-LSTM,2026-01-29,18.2,8.294183731079102,6.68061107635498,9.907756385803223,1.6135726547241216
lithium_hydroxide,VMD-LSTM,2026-01-30,18.18,8.294183731079102,6.68061107635498,9.907756385803223,1.6135726547241216
lithium_hydroxide,VMD-LSTM,2026-02-02,17.5,8.294183731079102,6.68061107635498,9.907756385803223,1.6135726547241216
lithium_hydroxide,VMD-LSTM,2026-02-03,17.5,8.294183731079102,6.68061107635498,9.907756385803223,1.6135726547241216
lithium_hydroxide,VMD-LSTM,2026-02-04,17.5,8.294183731079102,6.68061107635498,9.907756385803223,1.6135726547241216
lithium_hydroxide,VMD-LSTM,2026-02-05,17.0,8.294183731079102,6.68061107635498,9.907756385803223,1.6135726547241216
lithium_hydroxide,VMD-LSTM,2026-02-06,16.85,8.294183731079102,6.68061107635498,9.907756385803223,1.6135726547241216
lithium_hydroxide,VMD-LSTM,2026-02-09,16.65,8.294183731079102,6.68061107635498,9.907756385803223,1.6135726547241216
lithium_hydroxide,VMD-LSTM,2026-02-10,16.62,8.294183731079102,6.68061107635498,9.907756385803223,1.6135726547241216
lithium_hydroxide,VMD-LSTM,2026-02-11,16.81,8.294183731079102,6.68061107635498,9.907756385803223,1.6135726547241216
lithium_hydroxide,VMD-LSTM,2026-02-12,16.81,8.294183731079102,6.68061107635498,9.907756385803223,1.6135726547241216
lithium_hydroxide,VMD-LSTM,2026-02-13,16.81,8.294183731079102,6.68061107635498,9.907756385803223,1.6135726547241216
lithium_hydroxide,VMD-LSTM,2026-02-17,16.81,8.294183731079102,6.68061107635498,9.907756385803223,1.6135726547241216
lithium_hydroxide,VMD-LSTM,2026-02-18,16.91,8.294183731079102,6.68061107635498,9.907756385803223,1.6135726547241216
lithium_hydroxide,VMD-LSTM,2026-02-19,16.91,8.294183731079102,6.68061107635498,9.907756385803223,1.6135726547241216
lithium_hydroxide,VMD-LSTM,2026-02-20,16.91,8.294183731079102,6.68061107635498,9.907756385803223,1.6135726547241216
lithium_hydroxide,VMD-LSTM,2026-02-23,16.91,8.294183731079102,6.68061107635498,9.907756385803223,1.6135726547241216
lithium_hydroxide,VMD-LSTM,2026-02-24,17.11,8.294183731079102,6.68061107635498,9.907756385803223,1.6135726547241216
lithium_hydroxide,VMD-LSTM,2026-02-25,17.34,8.294183731079102,6.68061107635498,9.907756385803223,1.6135726547241216
lithium_hydroxide,VMD-LSTM,2026-02-26,17.4,8.294183731079102,6.68061107635498,9.907756385803223,1.6135726547241216
lithium_hydroxide,VMD-LSTM,2026-03-02,20.98,8.294183731079102,6.68061107635498,9.907756385803223,1.6135726547241216
lithium_hydroxide,VMD-LSTM,2026-03-03,19.77,8.294183731079102,6.68061107635498,9.907756385803223,1.6135726547241216
lithium_hydroxide,VMD-LSTM,2026-03-04,19.77,8.294183731079102,6.68061107635498,9.907756385803223,1.6135726547241216
lithium_hydroxide,VMD-LSTM,2026-03-05,19.98,8.294183731079102,6.68061107635498,9.907756385803223,1.6135726547241216
lithium_hydroxide,VMD-LSTM,2026-03-06,20.19,8.294183731079102,6.68061107635498,9.907756385803223,1.6135726547241216
lithium_hydroxide,VMD-LSTM,2026-03-09,20.19,8.294183731079102,6.68061107635498,9.907756385803223,1.6135726547241216
lithium_hydroxide,VMD-LSTM,2026-03-10,20.19,8.294183731079102,6.68061107635498,9.907756385803223,1.6135726547241216
lithium_hydroxide,VMD-LSTM,2026-03-11,19.85,8.294183731079102,6.68061107635498,9.907756385803223,1.6135726547241216
lithium_hydroxide,VMD-LSTM,2026-03-12,19.85,8.294183731079102,6.68061107635498,9.907756385803223,1.6135726547241216
