Date,Close,High,Low
2011-05-19,37.007,37.007,37.007
2011-05-20,36.307,36.307,36.307
2011-05-23,35.175,35.175,35.175
2011-05-24,35.298,35.298,35.298
2011-05-25,34.991,34.991,34.991
2011-05-26,36.123,36.123,36.123
2011-05-27,36.501,36.501,36.501
2011-05-31,36.603,36.603,36.603
2011-06-01,36.509,36.509,36.509
2011-06-02,35.945,35.945,35.945
2011-06-03,35.828,35.828,35.828
2011-06-06,35.628,35.628,35.628
2011-06-07,35.591,35.591,35.591
2011-06-08,35.142,35.142,35.142
2011-06-09,35.307,35.307,35.307
2011-06-10,35.138,35.138,35.138
2011-06-13,35.138,35.138,35.138
2011-06-14,35.552,35.552,35.552
2011-06-15,35.045,35.045,35.045
2011-06-16,34.292,34.292,34.292
2011-06-17,34.479,34.479,34.479
2011-06-20,33.846,33.846,33.846
2011-06-21,34.399,34.399,34.399
2011-06-22,34.724,34.724,34.724
2011-06-23,34.24,34.24,34.24
2011-06-24,34.364,34.364,34.364
2011-06-27,34.093,34.093,34.093
2011-06-28,34.529,34.529,34.529
2011-06-29,35.632,35.632,35.632
2011-06-30,36.307,36.307,36.307
2011-07-01,36.475,36.475,36.475
2011-07-04,36.541,36.541,36.541
2011-07-05,36.571,36.571,36.571
2011-07-06,36.771,36.771,36.771
2011-07-07,37.024,37.024,37.024
2011-07-08,37.386,37.386,37.386
2011-07-11,36.503,36.503,36.503
2011-07-12,35.636,35.636,35.636
2011-07-13,36.315,36.315,36.315
2011-07-14,36.148,36.148,36.148
2011-07-15,35.298,35.298,35.298
2011-07-18,35.155,35.155,35.155
2011-07-19,35.369,35.369,35.369
2011-07-20,36.106,36.106,36.106
2011-07-21,36.536,36.536,36.536
2011-07-22,36.414,36.414,36.414
2011-07-25,36.107,36.107,36.107
2011-07-26,36.849,36.849,36.849
2011-07-27,36.662,36.662,36.662
2011-07-28,35.77,35.77,35.77
2011-07-29,35.203,35.203,35.203
2011-08-01,35.892,35.892,35.892
2011-08-02,34.642,34.642,34.642
2011-08-03,33.428,33.428,33.428
2011-08-04,32.429,32.429,32.429
2011-08-05,30.782,30.782,30.782
2011-08-08,28.887,28.887,28.887
2011-08-09,29.709,29.709,29.709
2011-08-10,30.236,30.236,30.236
2011-08-11,30.359,30.359,30.359
2011-08-12,30.601,30.601,30.601
2011-08-15,32.386,32.386,32.386
2011-08-16,31.932,31.932,31.932
2011-08-17,32.46,32.46,32.46
2011-08-18,31.407,31.407,31.407
2011-08-19,30.16,30.16,30.16
2011-08-22,30.178,30.178,30.178
2011-08-23,31.103,31.103,31.103
2011-08-24,30.955,30.955,30.955
2011-08-25,31.16,31.16,31.16
2011-08-26,31.585,31.585,31.585
2011-08-30,32.518,32.518,32.518
2011-08-31,32.893,32.893,32.893
2011-09-01,33.059,33.059,33.059
2011-09-02,32.129,32.129,32.129
2011-09-05,30.741,30.741,30.741
2011-09-06,29.938,29.938,29.938
2011-09-07,31.519,31.519,31.519
2011-09-08,31.212,31.212,31.212
2011-09-09,30.698,30.698,30.698
2011-09-12,29.186,29.186,29.186
2011-09-13,29.754,29.754,29.754
2011-09-14,29.295,29.295,29.295
2011-09-15,30.069,30.069,30.069
2011-09-16,30.632,30.632,30.632
2011-09-19,29.688,29.688,29.688
2011-09-20,29.227,29.227,29.227
2011-09-21,28.823,28.823,28.823
2011-09-22,26.801,26.801,26.801
2011-09-23,26.13,26.13,26.13
2011-09-26,25.853,25.853,25.853
2011-09-27,27.077,27.077,27.077
2011-09-28,26.858,26.858,26.858
2011-09-29,26.504,26.504,26.504
2011-09-30,26.161,26.161,26.161
2011-10-03,25.138,25.138,25.138
2011-10-04,25.072,25.072,25.072
2011-10-05,26.24,26.24,26.24
2011-10-06,27.353,27.353,27.353
2011-10-07,28.109,28.109,28.109
2011-10-10,28.653,28.653,28.653
2011-10-11,28.79,28.79,28.79
2011-10-12,29.111,29.111,29.111
2011-10-13,29.655,29.655,29.655
2011-10-14,29.485,29.485,29.485
2011-10-17,29.567,29.567,29.567
2011-10-18,28.881,28.881,28.881
2011-10-19,28.796,28.796,28.796
2011-10-20,28.074,28.074,28.074
2011-10-21,28.629,28.629,28.629
2011-10-24,29.839,29.839,29.839
2011-10-25,29.972,29.972,29.972
2011-10-26,29.709,29.709,29.709
2011-10-27,31.819,31.819,31.819
2011-10-28,32.015,32.015,32.015
2011-10-31,30.802,30.802,30.802
2011-11-01,29.382,29.382,29.382
2011-11-02,29.223,29.223,29.223
2011-11-03,29.407,29.407,29.407
2011-11-04,30.448,30.448,30.448
2011-11-07,30.242,30.242,30.242
2011-11-08,30.349,30.349,30.349
2011-11-09,30.086,30.086,30.086
2011-11-10,29.419,29.419,29.419
2011-11-11,30.041,30.041,30.041
2011-11-14,29.565,29.565,29.565
2011-11-15,29.028,29.028,29.028
2011-11-16,28.566,28.566,28.566
2011-11-17,28.63,28.63,28.63
2011-11-18,27.94,27.94,27.94
2011-11-21,27.36,27.36,27.36
2011-11-22,27.081,27.081,27.081
2011-11-23,25.849,25.849,25.849
2011-11-24,25.974,25.974,25.974
2011-11-25,25.557,25.557,25.557
2011-11-28,26.665,26.665,26.665
2011-11-29,27.132,27.132,27.132
2011-11-30,27.753,27.753,27.753
2011-12-01,28.754,28.754,28.754
2011-12-02,28.952,28.952,28.952
2011-12-05,29.598,29.598,29.598
2011-12-06,29.062,29.062,29.062
2011-12-07,29.453,29.453,29.453
2011-12-08,29.083,29.083,29.083
2011-12-09,28.33,28.33,28.33
2011-12-12,28.453,28.453,28.453
2011-12-13,27.723,27.723,27.723
2011-12-14,27.362,27.362,27.362
2011-12-15,26.885,26.885,26.885
2011-12-16,27.132,27.132,27.132
2011-12-19,26.246,26.246,26.246
2011-12-20,26.592,26.592,26.592
2011-12-21,27.414,27.414,27.414
2011-12-22,27.139,27.139,27.139
2011-12-23,27.585,27.585,27.585
2011-12-28,26.969,26.969,26.969
2011-12-29,27.056,27.056,27.056
2011-12-30,27.222,27.222,27.222
2012-01-03,27.91,27.91,27.91
2012-01-04,29.035,29.035,29.035
2012-01-05,28.388,28.388,28.388
2012-01-06,27.876,27.876,27.876
2012-01-09,27.869,27.869,27.869
2012-01-10,28.432,28.432,28.432
2012-01-11,28.849,28.849,28.849
2012-01-12,29.082,29.082,29.082
2012-01-13,29.187,29.187,29.187
2012-01-16,28.681,28.681,28.681
2012-01-17,29.465,29.465,29.465
2012-01-18,29.815,29.815,29.815
2012-01-19,30.074,30.074,30.074
2012-01-20,30.396,30.396,30.396
2012-01-23,30.337,30.337,30.337
2012-01-24,30.049,30.049,30.049
2012-01-25,30.671,30.671,30.671
2012-01-26,30.671,30.671,30.671
2012-01-27,31.025,31.025,31.025
2012-01-30,30.853,30.853,30.853
2012-01-31,30.77,30.77,30.77
2012-02-01,30.533,30.533,30.533
2012-02-02,31.167,31.167,31.167
2012-02-03,31.337,31.337,31.337
2012-02-06,31.703,31.703,31.703
2012-02-07,31.672,31.672,31.672
2012-02-08,31.505,31.505,31.505
2012-02-09,31.002,31.002,31.002
2012-02-10,29.93,29.93,29.93
2012-02-13,30.443,30.443,30.443
2012-02-14,29.876,29.876,29.876
2012-02-15,29.874,29.874,29.874
2012-02-16,29.368,29.368,29.368
2012-02-17,29.157,29.157,29.157
2012-02-20,29.953,29.953,29.953
2012-02-21,30.054,30.054,30.054
2012-02-22,29.953,29.953,29.953
2012-02-23,29.996,29.996,29.996
2012-02-24,30.236,30.236,30.236
2012-02-27,29.795,29.795,29.795
2012-02-28,29.8,29.8,29.8
2012-02-29,29.958,29.958,29.958
2012-03-01,29.697,29.697,29.697
2012-03-02,29.632,29.632,29.632
2012-03-05,29.199,29.199,29.199
2012-03-06,28.21,28.21,28.21
2012-03-07,27.87,27.87,27.87
2012-03-08,28.236,28.236,28.236
2012-03-09,28.378,28.378,28.378
2012-03-12,28.214,28.214,28.214
2012-03-13,28.678,28.678,28.678
2012-03-14,28.788,28.788,28.788
2012-03-15,28.639,28.639,28.639
2012-03-16,28.634,28.634,28.634
2012-03-19,29.01,29.01,29.01
2012-03-20,28.617,28.617,28.617
2012-03-21,28.058,28.058,28.058
2012-03-22,27.961,27.961,27.961
2012-03-23,27.826,27.826,27.826
2012-03-26,27.86,27.86,27.86
2012-03-27,27.837,27.837,27.837
2012-03-28,27.814,27.814,27.814
2012-03-29,27.464,27.464,27.464
2012-03-30,27.683,27.683,27.683
2012-04-02,28.273,28.273,28.273
2012-04-03,28.103,28.103,28.103
2012-04-04,27.569,27.569,27.569
2012-04-05,27.44,27.44,27.44
2012-04-10,27.154,27.154,27.154
2012-04-11,26.766,26.766,26.766
2012-04-12,27.361,27.361,27.361
2012-04-13,27.643,27.643,27.643
2012-04-16,27.469,27.469,27.469
2012-04-17,27.423,27.423,27.423
2012-04-18,28.116,28.116,28.116
2012-04-19,28.373,28.373,28.373
2012-04-20,28.494,28.494,28.494
2012-04-23,28.177,28.177,28.177
2012-04-24,27.986,27.986,27.986
2012-04-25,27.986,27.986,27.986
2012-04-26,28.175,28.175,28.175
2012-04-27,28.25,28.25,28.25
2012-04-30,28.66,28.66,28.66
2012-05-01,28.746,28.746,28.746
2012-05-02,28.972,28.972,28.972
2012-05-03,28.773,28.773,28.773
2012-05-04,28.359,28.359,28.359
2012-05-08,27.133,27.133,27.133
2012-05-09,26.652,26.652,26.652
2012-05-10,26.965,26.965,26.965
2012-05-11,26.632,26.632,26.632
2012-05-14,26.545,26.545,26.545
2012-05-15,26.022,26.022,26.022
2012-05-16,24.907,24.907,24.907
2012-05-17,25.068,25.068,25.068
2012-05-18,23.949,23.949,23.949
2012-05-21,24.598,24.598,24.598
2012-05-22,24.486,24.486,24.486
2012-05-23,24.08,24.08,24.08
2012-05-24,24.162,24.162,24.162
2012-05-25,23.848,23.848,23.848
2012-05-28,24.418,24.418,24.418
2012-05-29,24.649,24.649,24.649
2012-05-30,24.156,24.156,24.156
2012-05-31,24.053,24.053,24.053
2012-06-01,23.801,23.801,23.801
2012-06-06,23.87,23.87,23.87
2012-06-07,24.167,24.167,24.167
2012-06-08,24.462,24.462,24.462
2012-06-11,24.462,24.462,24.462
2012-06-12,24.446,24.446,24.446
2012-06-13,24.521,24.521,24.521
2012-06-14,24.648,24.648,24.648
2012-06-15,24.825,24.825,24.825
2012-06-18,25.549,25.549,25.549
2012-06-19,25.598,25.598,25.598
2012-06-20,25.697,25.697,25.697
2012-06-21,24.993,24.993,24.993
2012-06-22,24.526,24.526,24.526
2012-06-25,24.039,24.039,24.039
2012-06-26,23.834,23.834,23.834
2012-06-27,23.851,23.851,23.851
2012-06-28,23.859,23.859,23.859
2012-06-29,24.893,24.893,24.893
2012-07-02,25.143,25.143,25.143
2012-07-03,25.285,25.285,25.285
2012-07-04,25.79,25.79,25.79
2012-07-05,25.796,25.796,25.796
2012-07-06,25.337,25.337,25.337
2012-07-09,24.86,24.86,24.86
2012-07-10,24.602,24.602,24.602
2012-07-11,24.624,24.624,24.624
2012-07-12,23.826,23.826,23.826
2012-07-13,24.104,24.104,24.104
2012-07-16,24.376,24.376,24.376
2012-07-17,24.556,24.556,24.556
2012-07-18,24.189,24.189,24.189
2012-07-19,25.07,25.07,25.07
2012-07-20,25.159,25.159,25.159
2012-07-23,24.23,24.23,24.23
2012-07-24,24.45,24.45,24.45
2012-07-25,24.59,24.59,24.59
2012-07-26,24.901,24.901,24.901
2012-07-27,25.476,25.476,25.476
2012-07-30,25.683,25.683,25.683
2012-07-31,25.932,25.932,25.932
2012-08-01,25.642,25.642,25.642
2012-08-02,25.908,25.908,25.908
2012-08-03,25.587,25.587,25.587
2012-08-06,26.152,26.152,26.152
2012-08-07,26.251,26.251,26.251
2012-08-08,26.381,26.381,26.381
2012-08-09,26.834,26.834,26.834
2012-08-10,26.739,26.739,26.739
2012-08-13,26.745,26.745,26.745
2012-08-14,26.727,26.727,26.727
2012-08-15,26.497,26.497,26.497
2012-08-16,26.726,26.726,26.726
2012-08-17,26.587,26.587,26.587
2012-08-20,26.677,26.677,26.677
2012-08-21,26.974,26.974,26.974
2012-08-22,26.939,26.939,26.939
2012-08-23,26.963,26.963,26.963
2012-08-24,26.623,26.623,26.623
2012-08-28,26.554,26.554,26.554
2012-08-29,26.216,26.216,26.216
2012-08-30,25.446,25.446,25.446
2012-08-31,25.376,25.376,25.376
2012-09-03,24.885,24.885,24.885
2012-09-04,24.946,24.946,24.946
2012-09-05,24.473,24.473,24.473
2012-09-06,24.92,24.92,24.92
2012-09-07,25.683,25.683,25.683
2012-09-10,25.936,25.936,25.936
2012-09-11,26.273,26.273,26.273
2012-09-12,26.59,26.59,26.59
2012-09-13,26.726,26.726,26.726
2012-09-14,27.169,27.169,27.169
2012-09-17,27.664,27.664,27.664
2012-09-18,27.452,27.452,27.452
2012-09-19,27.723,27.723,27.723
2012-09-20,27.195,27.195,27.195
2012-09-21,27.257,27.257,27.257
2012-09-24,26.922,26.922,26.922
2012-09-25,26.708,26.708,26.708
2012-09-26,26.304,26.304,26.304
2012-09-27,26.656,26.656,26.656
2012-09-28,26.519,26.519,26.519
2012-10-01,26.53,26.53,26.53
2012-10-02,26.63,26.63,26.63
2012-10-03,26.408,26.408,26.408
2012-10-04,26.124,26.124,26.124
2012-10-05,26.239,26.239,26.239
2012-10-08,26.191,26.191,26.191
2012-10-09,26.406,26.406,26.406
2012-10-10,26.486,26.486,26.486
2012-10-11,26.397,26.397,26.397
2012-10-12,26.536,26.536,26.536
2012-10-15,26.433,26.433,26.433
2012-10-16,26.27,26.27,26.27
2012-10-17,26.856,26.856,26.856
2012-10-18,27.707,27.707,27.707
2012-10-19,27.962,27.962,27.962
2012-10-22,27.699,27.699,27.699
2012-10-23,27.62,27.62,27.62
2012-10-24,27.475,27.475,27.475
2012-10-25,27.499,27.499,27.499
2012-10-26,27.164,27.164,27.164
2012-10-29,27.03,27.03,27.03
2012-10-30,27.216,27.216,27.216
2012-10-31,27.48,27.48,27.48
2012-11-01,27.2,27.2,27.2
2012-11-02,27.504,27.504,27.504
2012-11-05,27.902,27.902,27.902
2012-11-06,28.08,28.08,28.08
2012-11-07,28.152,28.152,28.152
2012-11-08,27.892,27.892,27.892
2012-11-09,27.675,27.675,27.675
2012-11-12,27.66,27.66,27.66
2012-11-13,27.227,27.227,27.227
2012-11-14,27.065,27.065,27.065
2012-11-15,26.465,26.465,26.465
2012-11-16,26.339,26.339,26.339
2012-11-19,26.738,26.738,26.738
2012-11-20,26.976,26.976,26.976
2012-11-21,26.748,26.748,26.748
2012-11-22,27.067,27.067,27.067
2012-11-23,27.3,27.3,27.3
2012-11-26,27.513,27.513,27.513
2012-11-27,27.633,27.633,27.633
2012-11-28,27.547,27.547,27.547
2012-11-29,27.601,27.601,27.601
2012-11-30,27.733,27.733,27.733
2012-12-03,27.833,27.833,27.833
2012-12-04,27.739,27.739,27.739
2012-12-05,27.721,27.721,27.721
2012-12-06,27.906,27.906,27.906
2012-12-07,28.174,28.174,28.174
2012-12-10,28.341,28.341,28.341
2012-12-11,28.835,28.835,28.835
2012-12-12,29.186,29.186,29.186
2012-12-13,29.31,29.31,29.31
2012-12-14,29.462,29.462,29.462
2012-12-17,29.665,29.665,29.665
2012-12-18,29.856,29.856,29.856
2012-12-19,30.038,30.038,30.038
2012-12-20,30.025,30.025,30.025
2012-12-21,29.519,29.519,29.519
2012-12-24,29.531,29.531,29.531
2012-12-27,29.675,29.675,29.675
2012-12-28,29.998,29.998,29.998
2012-12-31,29.824,29.824,29.824
2013-01-02,30.741,30.741,30.741
2013-01-03,30.877,30.877,30.877
2013-01-04,30.724,30.724,30.724
2013-01-07,30.713,30.713,30.713
2013-01-08,30.459,30.459,30.459
2013-01-09,30.555,30.555,30.555
2013-01-10,30.657,30.657,30.657
2013-01-11,29.88,29.88,29.88
2013-01-14,29.881,29.881,29.881
2013-01-15,29.852,29.852,29.852
2013-01-16,29.642,29.642,29.642
2013-01-17,29.64,29.64,29.64
2013-01-18,29.666,29.666,29.666
2013-01-21,29.716,29.716,29.716
2013-01-22,29.892,29.892,29.892
2013-01-23,30.25,30.25,30.25
2013-01-24,30.036,30.036,30.036
2013-01-25,29.907,29.907,29.907
2013-01-28,29.907,29.907,29.907
2013-01-29,30.116,30.116,30.116
2013-01-30,30.306,30.306,30.306
2013-01-31,30.213,30.213,30.213
2013-02-01,30.518,30.518,30.518
2013-02-04,30.52,30.52,30.52
2013-02-05,29.859,29.859,29.859
2013-02-06,29.944,29.944,29.944
2013-02-07,29.928,29.928,29.928
2013-02-08,30.284,30.284,30.284
2013-02-11,29.909,29.909,29.909
2013-02-12,29.962,29.962,29.962
2013-02-13,30.413,30.413,30.413
2013-02-14,31.154,31.154,31.154
2013-02-15,30.756,30.756,30.756
2013-02-18,30.826,30.826,30.826
2013-02-19,31.227,31.227,31.227
2013-02-20,30.657,30.657,30.657
2013-02-21,29.455,29.455,29.455
2013-02-22,29.425,29.425,29.425
2013-02-25,29.275,29.275,29.275
2013-02-26,28.751,28.751,28.751
2013-02-27,29.034,29.034,29.034
2013-02-28,29.281,29.281,29.281
2013-03-01,29.07,29.07,29.07
2013-03-04,28.049,28.049,28.049
2013-03-05,28.085,28.085,28.085
2013-03-06,28.335,28.335,28.335
2013-03-07,28.443,28.443,28.443
2013-03-08,28.557,28.557,28.557
2013-03-11,28.482,28.482,28.482
2013-03-12,28.47,28.47,28.47
2013-03-13,28.598,28.598,28.598
2013-03-14,28.178,28.178,28.178
2013-03-15,28.608,28.608,28.608
2013-03-18,27.908,27.908,27.908
2013-03-19,27.696,27.696,27.696
2013-03-20,26.977,26.977,26.977
2013-03-21,27.033,27.033,27.033
2013-03-22,27.0,27.0,27.0
2013-03-25,27.033,27.033,27.033
2013-03-26,26.69,26.69,26.69
2013-03-27,26.809,26.809,26.809
2013-03-28,26.373,26.373,26.373
2013-04-02,26.437,26.437,26.437
2013-04-03,26.076,26.076,26.076
2013-04-04,25.624,25.624,25.624
2013-04-05,25.87,25.87,25.87
2013-04-08,26.29,26.29,26.29
2013-04-09,26.847,26.847,26.847
2013-04-10,27.457,27.457,27.457
2013-04-11,27.239,27.239,27.239
2013-04-12,27.098,27.098,27.098
2013-04-15,25.768,25.768,25.768
2013-04-16,25.832,25.832,25.832
2013-04-17,25.529,25.529,25.529
2013-04-18,24.421,24.421,24.421
2013-04-19,24.943,24.943,24.943
2013-04-22,25.197,25.197,25.197
2013-04-23,24.889,24.889,24.889
2013-04-24,25.193,25.193,25.193
2013-04-25,25.193,25.193,25.193
2013-04-26,25.9,25.9,25.9
2013-04-29,26.045,26.045,26.045
2013-04-30,26.226,26.226,26.226
2013-05-01,25.57,25.57,25.57
2013-05-02,25.189,25.189,25.189
2013-05-03,25.505,25.505,25.505
2013-05-07,26.514,26.514,26.514
2013-05-08,26.976,26.976,26.976
2013-05-09,26.962,26.962,26.962
2013-05-10,26.932,26.932,26.932
2013-05-13,26.593,26.593,26.593
2013-05-14,26.516,26.516,26.516
2013-05-15,26.048,26.048,26.048
2013-05-16,25.609,25.609,25.609
2013-05-17,25.878,25.878,25.878
2013-05-20,26.387,26.387,26.387
2013-05-21,26.404,26.404,26.404
2013-05-22,26.451,26.451,26.451
2013-05-23,26.307,26.307,26.307
2013-05-24,25.633,25.633,25.633
2013-05-28,25.268,25.268,25.268
2013-05-29,25.981,25.981,25.981
2013-05-30,25.742,25.742,25.742
2013-05-31,25.819,25.819,25.819
2013-06-03,25.764,25.764,25.764
2013-06-04,25.567,25.567,25.567
2013-06-05,24.931,24.931,24.931
2013-06-06,25.052,25.052,25.052
2013-06-07,24.289,24.289,24.289
2013-06-10,24.289,24.289,24.289
2013-06-11,24.127,24.127,24.127
2013-06-12,24.175,24.175,24.175
2013-06-13,23.94,23.94,23.94
2013-06-14,24.35,24.35,24.35
2013-06-17,24.216,24.216,24.216
2013-06-18,23.985,23.985,23.985
2013-06-19,23.71,23.71,23.71
2013-06-20,22.868,22.868,22.868
2013-06-21,23.127,23.127,23.127
2013-06-24,22.425,22.425,22.425
2013-06-25,22.063,22.063,22.063
2013-06-26,22.687,22.687,22.687
2013-06-27,22.564,22.564,22.564
2013-06-28,22.168,22.168,22.168
2013-07-01,22.108,22.108,22.108
2013-07-02,22.677,22.677,22.677
2013-07-03,21.817,21.817,21.817
2013-07-04,22.076,22.076,22.076
2013-07-05,22.149,22.149,22.149
2013-07-08,21.864,21.864,21.864
2013-07-09,22.433,22.433,22.433
2013-07-10,22.574,22.574,22.574
2013-07-11,23.333,23.333,23.333
2013-07-12,23.307,23.307,23.307
2013-07-15,23.385,23.385,23.385
2013-07-16,23.918,23.918,23.918
2013-07-17,24.414,24.414,24.414
2013-07-18,24.256,24.256,24.256
2013-07-19,24.011,24.011,24.011
2013-07-22,24.409,24.409,24.409
2013-07-23,24.806,24.806,24.806
2013-07-24,24.614,24.614,24.614
2013-07-25,24.863,24.863,24.863
2013-07-26,24.777,24.777,24.777
2013-07-29,24.594,24.594,24.594
2013-07-30,24.495,24.495,24.495
2013-07-31,24.06,24.06,24.06
2013-08-01,24.273,24.273,24.273
2013-08-02,24.602,24.602,24.602
2013-08-05,24.69,24.69,24.69
2013-08-06,24.758,24.758,24.758
2013-08-07,24.29,24.29,24.29
2013-08-08,24.859,24.859,24.859
2013-08-09,25.541,25.541,25.541
2013-08-12,26.046,26.046,26.046
2013-08-13,26.055,26.055,26.055
2013-08-14,26.027,26.027,26.027
2013-08-15,26.379,26.379,26.379
2013-08-16,26.18,26.18,26.18
2013-08-19,26.097,26.097,26.097
2013-08-20,25.637,25.637,25.637
2013-08-21,24.797,24.797,24.797
2013-08-22,24.639,24.639,24.639
2013-08-23,24.865,24.865,24.865
2013-08-27,24.733,24.733,24.733
2013-08-28,24.064,24.064,24.064
2013-08-29,24.414,24.414,24.414
2013-08-30,24.599,24.599,24.599
2013-09-02,24.722,24.722,24.722
2013-09-03,25.099,25.099,25.099
2013-09-04,25.197,25.197,25.197
2013-09-05,24.89,24.89,24.89
2013-09-06,24.968,24.968,24.968
2013-09-09,25.433,25.433,25.433
2013-09-10,25.846,25.846,25.846
2013-09-11,26.212,26.212,26.212
2013-09-12,26.217,26.217,26.217
2013-09-13,25.877,25.877,25.877
2013-09-16,26.141,26.141,26.141
2013-09-17,26.145,26.145,26.145
2013-09-18,26.566,26.566,26.566
2013-09-19,26.774,26.774,26.774
2013-09-20,26.438,26.438,26.438
2013-09-23,26.328,26.328,26.328
2013-09-24,26.058,26.058,26.058
2013-09-25,26.08,26.08,26.08
2013-09-26,26.316,26.316,26.316
2013-09-27,26.197,26.197,26.197
2013-09-30,25.742,25.742,25.742
2013-10-01,25.793,25.793,25.793
2013-10-02,25.626,25.626,25.626
2013-10-03,25.864,25.864,25.864
2013-10-04,25.626,25.626,25.626
2013-10-07,25.287,25.287,25.287
2013-10-08,25.278,25.278,25.278
2013-10-09,25.429,25.429,25.429
2013-10-10,25.308,25.308,25.308
2013-10-11,25.713,25.713,25.713
2013-10-14,25.727,25.727,25.727
2013-10-15,26.08,26.08,26.08
2013-10-16,26.432,26.432,26.432
2013-10-17,26.669,26.669,26.669
2013-10-18,26.753,26.753,26.753
2013-10-21,27.014,27.014,27.014
2013-10-22,27.815,27.815,27.815
2013-10-23,27.921,27.921,27.921
2013-10-24,27.792,27.792,27.792
2013-10-25,27.718,27.718,27.718
2013-10-28,28.011,28.011,28.011
2013-10-29,27.546,27.546,27.546
2013-10-30,27.616,27.616,27.616
2013-10-31,27.55,27.55,27.55
2013-11-01,27.394,27.394,27.394
2013-11-04,27.596,27.596,27.596
2013-11-05,27.824,27.824,27.824
2013-11-06,28.048,28.048,28.048
2013-11-07,27.96,27.96,27.96
2013-11-08,27.545,27.545,27.545
2013-11-11,27.44,27.44,27.44
2013-11-12,27.359,27.359,27.359
2013-11-13,27.237,27.237,27.237
2013-11-14,27.249,27.249,27.249
2013-11-15,27.455,27.455,27.455
2013-11-18,27.522,27.522,27.522
2013-11-19,27.653,27.653,27.653
2013-11-20,27.11,27.11,27.11
2013-11-21,26.824,26.824,26.824
2013-11-22,26.82,26.82,26.82
2013-11-25,26.839,26.839,26.839
2013-11-26,26.685,26.685,26.685
2013-11-27,26.153,26.153,26.153
2013-11-28,26.165,26.165,26.165
2013-11-29,26.346,26.346,26.346
2013-12-02,25.973,25.973,25.973
2013-12-03,25.757,25.757,25.757
2013-12-04,25.689,25.689,25.689
2013-12-05,25.78,25.78,25.78
2013-12-06,25.867,25.867,25.867
2013-12-09,25.915,25.915,25.915
2013-12-10,26.059,26.059,26.059
2013-12-11,25.32,25.32,25.32
2013-12-12,24.556,24.556,24.556
2013-12-13,24.851,24.851,24.851
2013-12-16,24.678,24.678,24.678
2013-12-17,24.526,24.526,24.526
2013-12-18,24.527,24.527,24.527
2013-12-19,25.236,25.236,25.236
2013-12-20,25.689,25.689,25.689
2013-12-23,25.678,25.678,25.678
2013-12-24,25.713,25.713,25.713
2013-12-27,25.756,25.756,25.756
2013-12-30,26.182,26.182,26.182
2013-12-31,26.19,26.19,26.19
2014-01-02,26.311,26.311,26.311
2014-01-03,26.126,26.126,26.126
2014-01-06,26.036,26.036,26.036
2014-01-07,25.687,25.687,25.687
2014-01-08,25.501,25.501,25.501
2014-01-09,25.436,25.436,25.436
2014-01-10,25.347,25.347,25.347
2014-01-13,25.598,25.598,25.598
2014-01-14,25.063,25.063,25.063
2014-01-15,24.773,24.773,24.773
2014-01-16,25.116,25.116,25.116
2014-01-17,25.726,25.726,25.726
2014-01-20,25.892,25.892,25.892
2014-01-21,25.846,25.846,25.846
2014-01-22,25.762,25.762,25.762
2014-01-23,25.117,25.117,25.117
2014-01-24,24.871,24.871,24.871
2014-01-27,24.871,24.871,24.871
2014-01-28,24.647,24.647,24.647
2014-01-29,24.922,24.922,24.922
2014-01-30,24.945,24.945,24.945
2014-01-31,24.759,24.759,24.759
2014-02-03,24.654,24.654,24.654
2014-02-04,24.504,24.504,24.504
2014-02-05,24.297,24.297,24.297
2014-02-06,24.635,24.635,24.635
2014-02-07,24.998,24.998,24.998
2014-02-10,25.256,25.256,25.256
2014-02-11,25.545,25.545,25.545
2014-02-12,25.965,25.965,25.965
2014-02-13,25.913,25.913,25.913
2014-02-14,26.333,26.333,26.333
2014-02-17,26.558,26.558,26.558
2014-02-18,27.142,27.142,27.142
2014-02-19,26.959,26.959,26.959
2014-02-20,26.955,26.955,26.955
2014-02-21,27.189,27.189,27.189
2014-02-24,27.52,27.52,27.52
2014-02-25,27.276,27.276,27.276
2014-02-26,26.746,26.746,26.746
2014-02-27,26.602,26.602,26.602
2014-02-28,26.498,26.498,26.498
2014-03-03,25.85,25.85,25.85
2014-03-04,25.86,25.86,25.86
2014-03-05,26.27,26.27,26.27
2014-03-06,26.464,26.464,26.464
2014-03-07,26.465,26.465,26.465
2014-03-10,25.214,25.214,25.214
2014-03-11,24.934,24.934,24.934
2014-03-12,25.012,25.012,25.012
2014-03-13,25.424,25.424,25.424
2014-03-14,24.89,24.89,24.89
2014-03-17,24.928,24.928,24.928
2014-03-18,25.464,25.464,25.464
2014-03-19,25.074,25.074,25.074
2014-03-20,24.607,24.607,24.607
2014-03-21,24.986,24.986,24.986
2014-03-24,25.245,25.245,25.245
2014-03-25,25.458,25.458,25.458
2014-03-26,26.063,26.063,26.063
2014-03-27,25.768,25.768,25.768
2014-03-28,25.849,25.849,25.849
2014-03-31,26.127,26.127,26.127
2014-04-01,26.494,26.494,26.494
2014-04-02,26.728,26.728,26.728
2014-04-03,26.79,26.79,26.79
2014-04-04,27.129,27.129,27.129
2014-04-07,27.06,27.06,27.06
2014-04-08,27.424,27.424,27.424
2014-04-09,27.878,27.878,27.878
2014-04-10,27.601,27.601,27.601
2014-04-11,27.329,27.329,27.329
2014-04-14,27.221,27.221,27.221
2014-04-15,27.346,27.346,27.346
2014-04-16,27.497,27.497,27.497
2014-04-17,27.48,27.48,27.48
2014-04-22,27.539,27.539,27.539
2014-04-23,27.446,27.446,27.446
2014-04-24,27.424,27.424,27.424
2014-04-25,27.424,27.424,27.424
2014-04-28,27.115,27.115,27.115
2014-04-29,26.961,26.961,26.961
2014-04-30,27.105,27.105,27.105
2014-05-01,26.9,26.9,26.9
2014-05-02,26.735,26.735,26.735
2014-05-06,27.227,27.227,27.227
2014-05-07,26.812,26.812,26.812
2014-05-08,27.281,27.281,27.281
2014-05-09,27.033,27.033,27.033
2014-05-12,26.894,26.894,26.894
2014-05-13,27.473,27.473,27.473
2014-05-14,27.767,27.767,27.767
2014-05-15,27.687,27.687,27.687
2014-05-16,27.572,27.572,27.572
2014-05-19,27.012,27.012,27.012
2014-05-20,26.768,26.768,26.768
2014-05-21,26.591,26.591,26.591
2014-05-22,26.856,26.856,26.856
2014-05-23,26.867,26.867,26.867
2014-05-27,27.13,27.13,27.13
2014-05-28,27.136,27.136,27.136
2014-05-29,26.988,26.988,26.988
2014-05-30,26.648,26.648,26.648
2014-06-02,26.168,26.168,26.168
2014-06-03,26.074,26.074,26.074
2014-06-04,25.941,25.941,25.941
2014-06-05,26.149,26.149,26.149
2014-06-06,26.158,26.158,26.158
2014-06-09,26.158,26.158,26.158
2014-06-10,26.299,26.299,26.299
2014-06-11,26.078,26.078,26.078
2014-06-12,26.03,26.03,26.03
2014-06-13,25.656,25.656,25.656
2014-06-16,25.898,25.898,25.898
2014-06-17,25.526,25.526,25.526
2014-06-18,25.665,25.665,25.665
2014-06-19,26.476,26.476,26.476
2014-06-20,26.099,26.099,26.099
2014-06-23,26.555,26.555,26.555
2014-06-24,26.402,26.402,26.402
2014-06-25,26.336,26.336,26.336
2014-06-26,26.563,26.563,26.563
2014-06-27,26.533,26.533,26.533
2014-06-30,26.185,26.185,26.185
2014-07-01,26.442,26.442,26.442
2014-07-02,26.915,26.915,26.915
2014-07-03,26.907,26.907,26.907
2014-07-04,27.197,27.197,27.197
2014-07-07,27.307,27.307,27.307
2014-07-08,27.325,27.325,27.325
2014-07-09,27.106,27.106,27.106
2014-07-10,27.171,27.171,27.171
2014-07-11,27.294,27.294,27.294
2014-07-14,27.506,27.506,27.506
2014-07-15,27.55,27.55,27.55
2014-07-16,27.713,27.713,27.713
2014-07-17,27.882,27.882,27.882
2014-07-18,27.877,27.877,27.877
2014-07-21,27.706,27.706,27.706
2014-07-22,27.97,27.97,27.97
2014-07-23,28.498,28.498,28.498
2014-07-24,28.454,28.454,28.454
2014-07-25,28.335,28.335,28.335
2014-07-28,28.443,28.443,28.443
2014-07-29,28.345,28.345,28.345
2014-07-30,28.141,28.141,28.141
2014-07-31,27.809,27.809,27.809
2014-08-01,27.647,27.647,27.647
2014-08-04,27.645,27.645,27.645
2014-08-05,27.348,27.348,27.348
2014-08-06,27.722,27.722,27.722
2014-08-07,27.583,27.583,27.583
2014-08-08,27.081,27.081,27.081
2014-08-11,27.234,27.234,27.234
2014-08-12,27.644,27.644,27.644
2014-08-13,27.513,27.513,27.513
2014-08-14,27.5,27.5,27.5
2014-08-15,28.138,28.138,28.138
2014-08-18,28.213,28.213,28.213
2014-08-19,28.54,28.54,28.54
2014-08-20,27.387,27.387,27.387
2014-08-21,27.347,27.347,27.347
2014-08-22,27.22,27.22,27.22
2014-08-26,26.782,26.782,26.782
2014-08-27,26.957,26.957,26.957
2014-08-28,26.674,26.674,26.674
2014-08-29,26.472,26.472,26.472
2014-09-01,26.488,26.488,26.488
2014-09-02,26.469,26.469,26.469
2014-09-03,26.157,26.157,26.157
2014-09-04,26.039,26.039,26.039
2014-09-05,25.854,25.854,25.854
2014-09-08,25.591,25.591,25.591
2014-09-09,25.689,25.689,25.689
2014-09-10,25.348,25.348,25.348
2014-09-11,24.984,24.984,24.984
2014-09-12,25.017,25.017,25.017
2014-09-15,24.884,24.884,24.884
2014-09-16,25.14,25.14,25.14
2014-09-17,24.833,24.833,24.833
2014-09-18,24.81,24.81,24.81
2014-09-19,24.482,24.482,24.482
2014-09-22,23.917,23.917,23.917
2014-09-23,23.894,23.894,23.894
2014-09-24,23.829,23.829,23.829
2014-09-25,23.642,23.642,23.642
2014-09-26,23.154,23.154,23.154
2014-09-29,22.725,22.725,22.725
2014-09-30,22.91,22.91,22.91
2014-10-01,22.97,22.97,22.97
2014-10-02,22.912,22.912,22.912
2014-10-03,22.439,22.439,22.439
2014-10-06,22.159,22.159,22.159
2014-10-07,22.666,22.666,22.666
2014-10-08,22.454,22.454,22.454
2014-10-09,22.555,22.555,22.555
2014-10-10,21.695,21.695,21.695
2014-10-13,22.109,22.109,22.109
2014-10-14,22.54,22.54,22.54
2014-10-15,23.069,23.069,23.069
2014-10-16,22.573,22.573,22.573
2014-10-17,22.587,22.587,22.587
2014-10-20,22.981,22.981,22.981
2014-10-21,22.915,22.915,22.915
2014-10-22,23.26,23.26,23.26
2014-10-23,22.793,22.793,22.793
2014-10-24,22.95,22.95,22.95
2014-10-27,23.016,23.016,23.016
2014-10-28,22.819,22.819,22.819
2014-10-29,22.985,22.985,22.985
2014-10-30,22.911,22.911,22.911
2014-10-31,23.099,23.099,23.099
2014-11-03,22.627,22.627,22.627
2014-11-04,22.986,22.986,22.986
2014-11-05,22.471,22.471,22.471
2014-11-06,22.358,22.358,22.358
2014-11-07,23.028,23.028,23.028
2014-11-10,23.12,23.12,23.12
2014-11-11,22.954,22.954,22.954
2014-11-12,22.385,22.385,22.385
2014-11-13,22.426,22.426,22.426
2014-11-14,22.485,22.485,22.485
2014-11-17,22.375,22.375,22.375
2014-11-18,22.369,22.369,22.369
2014-11-19,21.775,21.775,21.775
2014-11-20,21.192,21.192,21.192
2014-11-21,21.246,21.246,21.246
2014-11-24,21.918,21.918,21.918
2014-11-25,21.169,21.169,21.169
2014-11-26,21.503,21.503,21.503
2014-11-27,21.14,21.14,21.14
2014-11-28,20.35,20.35,20.35
2014-12-01,19.219,19.219,19.219
2014-12-02,19.843,19.843,19.843
2014-12-03,19.78,19.78,19.78
2014-12-04,20.024,20.024,20.024
2014-12-05,19.583,19.583,19.583
2014-12-08,19.305,19.305,19.305
2014-12-09,18.52,18.52,18.52
2014-12-10,18.907,18.907,18.907
2014-12-11,18.553,18.553,18.553
2014-12-12,18.139,18.139,18.139
2014-12-15,17.986,17.986,17.986
2014-12-16,17.427,17.427,17.427
2014-12-17,17.278,17.278,17.278
2014-12-18,17.706,17.706,17.706
2014-12-19,18.248,18.248,18.248
2014-12-22,18.769,18.769,18.769
2014-12-23,18.052,18.052,18.052
2014-12-24,18.159,18.159,18.159
2014-12-29,18.67,18.67,18.67
2014-12-30,18.654,18.654,18.654
2014-12-31,18.555,18.555,18.555
2015-01-02,18.478,18.478,18.478
2015-01-05,18.429,18.429,18.429
2015-01-06,17.577,17.577,17.577
2015-01-07,17.561,17.561,17.561
2015-01-08,17.829,17.829,17.829
2015-01-09,18.495,18.495,18.495
2015-01-12,17.985,17.985,17.985
2015-01-13,17.664,17.664,17.664
2015-01-14,17.138,17.138,17.138
2015-01-15,17.088,17.088,17.088
2015-01-16,17.207,17.207,17.207
2015-01-19,17.599,17.599,17.599
2015-01-20,17.361,17.361,17.361
2015-01-21,17.539,17.539,17.539
2015-01-22,17.903,17.903,17.903
2015-01-23,17.962,17.962,17.962
2015-01-26,17.962,17.962,17.962
2015-01-27,17.761,17.761,17.761
2015-01-28,17.652,17.652,17.652
2015-01-29,17.372,17.372,17.372
2015-01-30,17.576,17.576,17.576
2015-02-02,17.86,17.86,17.86
2015-02-03,18.47,18.47,18.47
2015-02-04,19.174,19.174,19.174
2015-02-05,18.905,18.905,18.905
2015-02-06,19.015,19.015,19.015
2015-02-09,18.834,18.834,18.834
2015-02-10,18.863,18.863,18.863
2015-02-11,18.486,18.486,18.486
2015-02-12,18.363,18.363,18.363
2015-02-13,19.329,19.329,19.329
2015-02-16,19.563,19.563,19.563
2015-02-17,19.681,19.681,19.681
2015-02-18,19.923,19.923,19.923
2015-02-19,19.585,19.585,19.585
2015-02-20,19.589,19.589,19.589
2015-02-23,19.371,19.371,19.371
2015-02-24,20.015,20.015,20.015
2015-02-25,20.423,20.423,20.423
2015-02-26,20.245,20.245,20.245
2015-02-27,20.325,20.325,20.325
2015-03-02,20.493,20.493,20.493
2015-03-03,20.266,20.266,20.266
2015-03-04,20.127,20.127,20.127
2015-03-05,19.952,19.952,19.952
2015-03-06,19.467,19.467,19.467
2015-03-09,19.15,19.15,19.15
2015-03-10,18.805,18.805,18.805
2015-03-11,17.813,17.813,17.813
2015-03-12,18.003,18.003,18.003
2015-03-13,17.566,17.566,17.566
2015-03-16,17.369,17.369,17.369
2015-03-17,17.539,17.539,17.539
2015-03-18,18.148,18.148,18.148
2015-03-19,18.078,18.078,18.078
2015-03-20,18.423,18.423,18.423
2015-03-23,18.894,18.894,18.894
2015-03-24,19.014,19.014,19.014
2015-03-25,18.87,18.87,18.87
2015-03-26,18.632,18.632,18.632
2015-03-27,18.419,18.419,18.419
2015-03-30,17.803,17.803,17.803
2015-03-31,18.253,18.253,18.253
2015-04-01,17.828,17.828,17.828
2015-04-02,17.739,17.739,17.739
2015-04-07,17.973,17.973,17.973
2015-04-08,18.263,18.263,18.263
2015-04-09,17.962,17.962,17.962
2015-04-10,17.895,17.895,17.895
2015-04-13,17.269,17.269,17.269
2015-04-14,17.172,17.172,17.172
2015-04-15,17.528,17.528,17.528
2015-04-16,18.238,18.238,18.238
2015-04-17,18.012,18.012,18.012
2015-04-20,17.804,17.804,17.804
2015-04-21,18.241,18.241,18.241
2015-04-22,18.148,18.148,18.148
2015-04-23,18.684,18.684,18.684
2015-04-24,19.366,19.366,19.366
2015-04-27,19.791,19.791,19.791
2015-04-28,20.116,20.116,20.116
2015-04-29,19.843,19.843,19.843
2015-04-30,19.528,19.528,19.528
2015-05-01,19.731,19.731,19.731
2015-05-05,19.996,19.996,19.996
2015-05-06,19.935,19.935,19.935
2015-05-07,19.496,19.496,19.496
2015-05-08,19.191,19.191,19.191
2015-05-11,19.412,19.412,19.412
2015-05-12,20.056,20.056,20.056
2015-05-13,20.387,20.387,20.387
2015-05-14,19.965,19.965,19.965
2015-05-15,20.177,20.177,20.177
2015-05-18,20.537,20.537,20.537
2015-05-19,20.017,20.017,20.017
2015-05-20,19.366,19.366,19.366
2015-05-21,19.701,19.701,19.701
2015-05-22,19.545,19.545,19.545
2015-05-26,19.689,19.689,19.689
2015-05-27,19.34,19.34,19.34
2015-05-28,19.053,19.053,19.053
2015-05-29,19.29,19.29,19.29
2015-06-01,18.949,18.949,18.949
2015-06-02,18.788,18.788,18.788
2015-06-03,18.959,18.959,18.959
2015-06-04,18.434,18.434,18.434
2015-06-05,18.167,18.167,18.167
2015-06-08,18.167,18.167,18.167
2015-06-09,18.113,18.113,18.113
2015-06-10,18.32,18.32,18.32
2015-06-11,18.685,18.685,18.685
2015-06-12,18.395,18.395,18.395
2015-06-15,18.499,18.499,18.499
2015-06-16,18.353,18.353,18.353
2015-06-17,18.624,18.624,18.624
2015-06-18,18.616,18.616,18.616
2015-06-19,18.841,18.841,18.841
2015-06-22,18.68,18.68,18.68
2015-06-23,18.886,18.886,18.886
2015-06-24,18.768,18.768,18.768
2015-06-25,18.822,18.822,18.822
2015-06-26,17.967,17.967,17.967
2015-06-29,17.654,17.654,17.654
2015-06-30,17.791,17.791,17.791
2015-07-01,17.389,17.389,17.389
2015-07-02,17.583,17.583,17.583
2015-07-03,17.044,17.044,17.044
2015-07-06,16.643,16.643,16.643
2015-07-07,16.689,16.689,16.689
2015-07-08,16.124,16.124,16.124
2015-07-09,16.443,16.443,16.443
2015-07-10,16.918,16.918,16.918
2015-07-13,16.696,16.696,16.696
2015-07-14,17.229,17.229,17.229
2015-07-15,16.939,16.939,16.939
2015-07-16,17.108,17.108,17.108
2015-07-17,17.051,17.051,17.051
2015-07-20,16.975,16.975,16.975
2015-07-21,16.983,16.983,16.983
2015-07-22,16.536,16.536,16.536
2015-07-23,16.005,16.005,16.005
2015-07-24,15.706,15.706,15.706
2015-07-27,15.835,15.835,15.835
2015-07-28,15.885,15.885,15.885
2015-07-29,16.115,16.115,16.115
2015-07-30,16.493,16.493,16.493
2015-07-31,16.489,16.489,16.489
2015-08-03,16.28,16.28,16.28
2015-08-04,16.314,16.314,16.314
2015-08-05,16.629,16.629,16.629
2015-08-06,16.732,16.732,16.732
2015-08-07,16.417,16.417,16.417
2015-08-10,16.448,16.448,16.448
2015-08-11,16.42,16.42,16.42
2015-08-12,15.867,15.867,15.867
2015-08-13,16.018,16.018,16.018
2015-08-14,15.929,15.929,15.929
2015-08-17,15.847,15.847,15.847
2015-08-18,15.649,15.649,15.649
2015-08-19,15.777,15.777,15.777
2015-08-20,15.269,15.269,15.269
2015-08-21,15.059,15.059,15.059
2015-08-24,13.978,13.978,13.978
2015-08-25,14.199,14.199,14.199
2015-08-26,14.552,14.552,14.552
2015-08-27,14.715,14.715,14.715
2015-08-28,15.605,15.605,15.605
2015-09-01,14.761,14.761,14.761
2015-09-02,14.795,14.795,14.795
2015-09-03,14.565,14.565,14.565
2015-09-04,14.555,14.555,14.555
2015-09-07,14.297,14.297,14.297
2015-09-08,14.79,14.79,14.79
2015-09-09,14.761,14.761,14.761
2015-09-10,14.432,14.432,14.432
2015-09-11,14.345,14.345,14.345
2015-09-14,14.461,14.461,14.461
2015-09-15,14.284,14.284,14.284
2015-09-16,14.724,14.724,14.724
2015-09-17,15.087,15.087,15.087
2015-09-18,15.008,15.008,15.008
2015-09-21,14.516,14.516,14.516
2015-09-22,14.438,14.438,14.438
2015-09-23,13.624,13.624,13.624
2015-09-24,13.7,13.7,13.7
2015-09-25,13.74,13.74,13.74
2015-09-28,13.813,13.813,13.813
2015-09-29,12.881,12.881,12.881
2015-09-30,13.311,13.311,13.311
2015-10-01,13.604,13.604,13.604
2015-10-02,13.595,13.595,13.595
2015-10-05,14.206,14.206,14.206
2015-10-06,14.603,14.603,14.603
2015-10-07,14.921,14.921,14.921
2015-10-08,15.489,15.489,15.489
2015-10-09,16.022,16.022,16.022
2015-10-12,15.933,15.933,15.933
2015-10-13,15.339,15.339,15.339
2015-10-14,15.373,15.373,15.373
2015-10-15,15.711,15.711,15.711
2015-10-16,15.489,15.489,15.489
2015-10-19,15.292,15.292,15.292
2015-10-20,14.865,14.865,14.865
2015-10-21,14.91,14.91,14.91
2015-10-22,14.822,14.822,14.822
2015-10-23,15.14,15.14,15.14
2015-10-26,15.199,15.199,15.199
2015-10-27,14.936,14.936,14.936
2015-10-28,14.445,14.445,14.445
2015-10-29,14.158,14.158,14.158
2015-10-30,14.026,14.026,14.026
2015-11-02,13.904,13.904,13.904
2015-11-03,14.121,14.121,14.121
2015-11-04,14.318,14.318,14.318
2015-11-05,14.191,14.191,14.191
2015-11-06,13.655,13.655,13.655
2015-11-09,12.879,12.879,12.879
2015-11-10,12.944,12.944,12.944
2015-11-11,12.624,12.624,12.624
2015-11-12,12.537,12.537,12.537
2015-11-13,12.312,12.312,12.312
2015-11-16,12.173,12.173,12.173
2015-11-17,12.363,12.363,12.363
2015-11-18,12.025,12.025,12.025
2015-11-19,12.538,12.538,12.538
2015-11-20,12.668,12.668,12.668
2015-11-23,12.325,12.325,12.325
2015-11-24,12.205,12.205,12.205
2015-11-25,12.173,12.173,12.173
2015-11-26,11.681,11.681,11.681
2015-11-27,11.525,11.525,11.525
2015-11-30,11.16,11.16,11.16
2015-12-01,11.719,11.719,11.719
2015-12-02,11.697,11.697,11.697
2015-12-03,11.394,11.394,11.394
2015-12-04,11.234,11.234,11.234
2015-12-07,11.158,11.158,11.158
2015-12-08,10.501,10.501,10.501
2015-12-09,10.588,10.588,10.588
2015-12-10,10.863,10.863,10.863
2015-12-11,10.552,10.552,10.552
2015-12-14,10.262,10.262,10.262
2015-12-15,9.988,9.988,9.988
2015-12-16,10.606,10.606,10.606
2015-12-17,10.353,10.353,10.353
2015-12-18,10.325,10.325,10.325
2015-12-21,10.511,10.511,10.511
2015-12-22,10.394,10.394,10.394
2015-12-23,10.746,10.746,10.746
2015-12-24,11.394,11.394,11.394
2015-12-29,11.277,11.277,11.277
2015-12-30,11.248,11.248,11.248
2015-12-31,11.093,11.093,11.093
2016-01-04,10.923,10.923,10.923
2016-01-05,10.742,10.742,10.742
2016-01-06,10.353,10.353,10.353
2016-01-07,9.772,9.772,9.772
2016-01-08,9.703,9.703,9.703
2016-01-11,9.284,9.284,9.284
2016-01-12,8.948,8.948,8.948
2016-01-13,8.769,8.769,8.769
2016-01-14,8.871,8.871,8.871
2016-01-15,8.835,8.835,8.835
2016-01-18,8.572,8.572,8.572
2016-01-19,8.681,8.681,8.681
2016-01-20,8.378,8.378,8.378
2016-01-21,8.481,8.481,8.481
2016-01-22,9.12,9.12,9.12
2016-01-25,9.071,9.071,9.071
2016-01-26,9.071,9.071,9.071
2016-01-27,9.002,9.002,9.002
2016-01-28,9.132,9.132,9.132
2016-01-29,9.281,9.281,9.281
2016-02-01,9.257,9.257,9.257
2016-02-02,8.965,8.965,8.965
2016-02-03,8.731,8.731,8.731
2016-02-04,9.496,9.496,9.496
2016-02-05,9.767,9.767,9.767
2016-02-08,9.899,9.899,9.899
2016-02-09,9.686,9.686,9.686
2016-02-10,9.48,9.48,9.48
2016-02-11,9.248,9.248,9.248
2016-02-12,9.143,9.143,9.143
2016-02-15,9.737,9.737,9.737
2016-02-16,10.067,10.067,10.067
2016-02-17,9.798,9.798,9.798
2016-02-18,10.355,10.355,10.355
2016-02-19,10.136,10.136,10.136
2016-02-22,10.593,10.593,10.593
2016-02-23,10.84,10.84,10.84
2016-02-24,9.94,9.94,9.94
2016-02-25,9.877,9.877,9.877
2016-02-26,9.487,9.487,9.487
2016-02-29,9.488,9.488,9.488
2016-03-01,9.818,9.818,9.818
2016-03-02,10.416,10.416,10.416
2016-03-03,10.823,10.823,10.823
2016-03-04,11.224,11.224,11.224
2016-03-07,11.824,11.824,11.824
2016-03-08,11.563,11.563,11.563
2016-03-09,11.413,11.413,11.413
2016-03-10,11.259,11.259,11.259
2016-03-11,11.37,11.37,11.37
2016-03-14,11.379,11.379,11.379
2016-03-15,10.904,10.904,10.904
2016-03-16,10.877,10.877,10.877
2016-03-17,11.289,11.289,11.289
2016-03-18,11.742,11.742,11.742
2016-03-21,11.752,11.752,11.752
2016-03-22,11.646,11.646,11.646
2016-03-23,11.311,11.311,11.311
2016-03-24,10.924,10.924,10.924
2016-03-29,10.878,10.878,10.878
2016-03-30,10.883,10.883,10.883
2016-03-31,11.017,11.017,11.017
2016-04-01,11.109,11.109,11.109
2016-04-04,10.722,10.722,10.722
2016-04-05,10.291,10.291,10.291
2016-04-06,10.469,10.469,10.469
2016-04-07,10.496,10.496,10.496
2016-04-08,10.429,10.429,10.429
2016-04-11,10.73,10.73,10.73
2016-04-12,11.085,11.085,11.085
2016-04-13,11.707,11.707,11.707
2016-04-14,12.397,12.397,12.397
2016-04-15,12.705,12.705,12.705
2016-04-18,12.371,12.371,12.371
2016-04-19,13.117,13.117,13.117
2016-04-20,13.532,13.532,13.532
2016-04-21,13.904,13.904,13.904
2016-04-22,13.389,13.389,13.389
2016-04-25,13.389,13.389,13.389
2016-04-26,13.069,13.069,13.069
2016-04-27,12.721,12.721,12.721
2016-04-28,13.39,13.39,13.39
2016-04-29,13.421,13.421,13.421
2016-05-03,13.243,13.243,13.243
2016-05-04,11.961,11.961,11.961
2016-05-05,11.744,11.744,11.744
2016-05-06,11.606,11.606,11.606
2016-05-09,11.495,11.495,11.495
2016-05-10,11.206,11.206,11.206
2016-05-11,11.68,11.68,11.68
2016-05-12,11.625,11.625,11.625
2016-05-13,11.285,11.285,11.285
2016-05-16,11.546,11.546,11.546
2016-05-17,12.008,12.008,12.008
2016-05-18,11.99,11.99,11.99
2016-05-19,11.541,11.541,11.541
2016-05-20,11.617,11.617,11.617
2016-05-23,11.323,11.323,11.323
2016-05-24,11.27,11.27,11.27
2016-05-25,11.614,11.614,11.614
2016-05-26,11.972,11.972,11.972
2016-05-27,11.872,11.872,11.872
2016-05-31,11.775,11.775,11.775
2016-06-01,11.457,11.457,11.457
2016-06-02,11.257,11.257,11.257
2016-06-03,11.65,11.65,11.65
2016-06-06,12.087,12.087,12.087
2016-06-07,12.592,12.592,12.592
2016-06-08,12.458,12.458,12.458
2016-06-09,12.434,12.434,12.434
2016-06-10,11.831,11.831,11.831
2016-06-13,11.831,11.831,11.831
2016-06-14,11.43,11.43,11.43
2016-06-15,11.264,11.264,11.264
2016-06-16,11.24,11.24,11.24
2016-06-17,11.416,11.416,11.416
2016-06-20,12.013,12.013,12.013
2016-06-21,11.878,11.878,11.878
2016-06-22,11.98,11.98,11.98
2016-06-23,12.373,12.373,12.373
2016-06-24,11.168,11.168,11.168
2016-06-27,11.302,11.302,11.302
2016-06-28,11.371,11.371,11.371
2016-06-29,11.636,11.636,11.636
2016-06-30,11.862,11.862,11.862
2016-07-01,12.212,12.212,12.212
2016-07-04,12.562,12.562,12.562
2016-07-05,12.384,12.384,12.384
2016-07-06,12.004,12.004,12.004
2016-07-07,12.179,12.179,12.179
2016-07-08,12.307,12.307,12.307
2016-07-11,12.598,12.598,12.598
2016-07-12,12.967,12.967,12.967
2016-07-13,13.362,13.362,13.362
2016-07-14,13.246,13.246,13.246
2016-07-15,13.177,13.177,13.177
2016-07-18,13.102,13.102,13.102
2016-07-19,12.699,12.699,12.699
2016-07-20,12.288,12.288,12.288
2016-07-21,12.324,12.324,12.324
2016-07-22,12.293,12.293,12.293
2016-07-25,12.263,12.263,12.263
2016-07-26,12.332,12.332,12.332
2016-07-27,12.699,12.699,12.699
2016-07-28,12.787,12.787,12.787
2016-07-29,12.657,12.657,12.657
2016-08-01,12.652,12.652,12.652
2016-08-02,12.498,12.498,12.498
2016-08-03,12.367,12.367,12.367
2016-08-04,12.573,12.573,12.573
2016-08-05,13.029,13.029,13.029
2016-08-08,13.376,13.376,13.376
2016-08-09,13.484,13.484,13.484
2016-08-10,13.44,13.44,13.44
2016-08-11,13.303,13.303,13.303
2016-08-12,13.499,13.499,13.499
2016-08-15,13.204,13.204,13.204
2016-08-16,13.301,13.301,13.301
2016-08-17,13.663,13.663,13.663
2016-08-18,13.686,13.686,13.686
2016-08-19,13.857,13.857,13.857
2016-08-22,13.623,13.623,13.623
2016-08-23,13.704,13.704,13.704
2016-08-24,13.92,13.92,13.92
2016-08-25,13.672,13.672,13.672
2016-08-26,13.482,13.482,13.482
2016-08-30,13.533,13.533,13.533
2016-08-31,13.106,13.106,13.106
2016-09-01,12.79,12.79,12.79
2016-09-02,12.828,12.828,12.828
2016-09-05,13.159,13.159,13.159
2016-09-06,13.491,13.491,13.491
2016-09-07,13.427,13.427,13.427
2016-09-08,13.215,13.215,13.215
2016-09-09,13.373,13.373,13.373
2016-09-12,12.875,12.875,12.875
2016-09-13,12.741,12.741,12.741
2016-09-14,12.62,12.62,12.62
2016-09-15,12.875,12.875,12.875
2016-09-16,12.843,12.843,12.843
2016-09-19,12.952,12.952,12.952
2016-09-20,13.295,13.295,13.295
2016-09-21,13.484,13.484,13.484
2016-09-22,13.883,13.883,13.883
2016-09-23,14.002,14.002,14.002
2016-09-26,14.049,14.049,14.049
2016-09-27,14.071,14.071,14.071
2016-09-28,14.043,14.043,14.043
2016-09-29,14.597,14.597,14.597
2016-09-30,14.624,14.624,14.624
2016-10-03,14.897,14.897,14.897
2016-10-04,14.895,14.895,14.895
2016-10-05,14.869,14.869,14.869
2016-10-06,14.965,14.965,14.965
2016-10-07,15.068,15.068,15.068
2016-10-10,15.195,15.195,15.195
2016-10-11,15.31,15.31,15.31
2016-10-12,15.129,15.129,15.129
2016-10-13,14.699,14.699,14.699
2016-10-14,14.646,14.646,14.646
2016-10-17,14.575,14.575,14.575
2016-10-18,14.809,14.809,14.809
2016-10-19,14.811,14.811,14.811
2016-10-20,14.873,14.873,14.873
2016-10-21,14.953,14.953,14.953
2016-10-24,14.999,14.999,14.999
2016-10-25,15.136,15.136,15.136
2016-10-26,14.915,14.915,14.915
2016-10-27,14.582,14.582,14.582
2016-10-28,14.9,14.9,14.9
2016-10-31,14.986,14.986,14.986
2016-11-01,14.889,14.889,14.889
2016-11-02,14.749,14.749,14.749
2016-11-03,14.853,14.853,14.853
2016-11-04,14.583,14.583,14.583
2016-11-07,14.971,14.971,14.971
2016-11-08,15.438,15.438,15.438
2016-11-09,14.701,14.701,14.701
2016-11-10,15.867,15.867,15.867
2016-11-11,16.075,16.075,16.075
2016-11-14,16.011,16.011,16.011
2016-11-15,15.837,15.837,15.837
2016-11-16,15.305,15.305,15.305
2016-11-17,15.208,15.208,15.208
2016-11-18,15.085,15.085,15.085
2016-11-21,15.264,15.264,15.264
2016-11-22,15.948,15.948,15.948
2016-11-23,16.333,16.333,16.333
2016-11-24,16.382,16.382,16.382
2016-11-25,16.809,16.809,16.809
2016-11-28,16.48,16.48,16.48
2016-11-29,16.265,16.265,16.265
2016-11-30,15.384,15.384,15.384
2016-12-01,16.21,16.21,16.21
2016-12-02,15.935,15.935,15.935
2016-12-05,16.062,16.062,16.062
2016-12-06,16.228,16.228,16.228
2016-12-07,16.429,16.429,16.429
2016-12-08,16.582,16.582,16.582
2016-12-09,16.526,16.526,16.526
2016-12-12,16.844,16.844,16.844
2016-12-13,16.72,16.72,16.72
2016-12-14,16.304,16.304,16.304
2016-12-15,15.905,15.905,15.905
2016-12-16,15.589,15.589,15.589
2016-12-19,15.519,15.519,15.519
2016-12-20,15.437,15.437,15.437
2016-12-21,15.547,15.547,15.547
2016-12-22,15.483,15.483,15.483
2016-12-23,15.098,15.098,15.098
2016-12-28,15.585,15.585,15.585
2016-12-29,15.705,15.705,15.705
2016-12-30,15.436,15.436,15.436
2017-01-03,15.702,15.702,15.702
2017-01-04,15.924,15.924,15.924
2017-01-05,16.052,16.052,16.052
2017-01-06,15.873,15.873,15.873
2017-01-09,15.987,15.987,15.987
2017-01-10,15.95,15.95,15.95
2017-01-11,16.527,16.527,16.527
2017-01-12,16.838,16.838,16.838
2017-01-13,16.857,16.857,16.857
2017-01-16,17.084,17.084,17.084
2017-01-17,17.253,17.253,17.253
2017-01-18,16.992,16.992,16.992
2017-01-19,17.222,17.222,17.222
2017-01-20,16.991,16.991,16.991
2017-01-23,17.062,17.062,17.062
2017-01-24,17.474,17.474,17.474
2017-01-25,18.025,18.025,18.025
2017-01-26,18.025,18.025,18.025
2017-01-27,17.729,17.729,17.729
2017-01-30,17.64,17.64,17.64
2017-01-31,17.246,17.246,17.246
2017-02-01,17.529,17.529,17.529
2017-02-02,17.671,17.671,17.671
2017-02-03,17.185,17.185,17.185
2017-02-06,16.937,16.937,16.937
2017-02-07,16.897,16.897,16.897
2017-02-08,16.8,16.8,16.8
2017-02-09,16.541,16.541,16.541
2017-02-10,16.944,16.944,16.944
2017-02-13,17.247,17.247,17.247
2017-02-14,17.14,17.14,17.14
2017-02-15,17.465,17.465,17.465
2017-02-16,17.696,17.696,17.696
2017-02-17,17.442,17.442,17.442
2017-02-20,17.369,17.369,17.369
2017-02-21,17.512,17.512,17.512
2017-02-22,17.458,17.458,17.458
2017-02-23,17.015,17.015,17.015
2017-02-24,16.407,16.407,16.407
2017-02-27,16.366,16.366,16.366
2017-02-28,16.342,16.342,16.342
2017-03-01,16.3,16.3,16.3
2017-03-02,16.611,16.611,16.611
2017-03-03,16.428,16.428,16.428
2017-03-06,16.655,16.655,16.655
2017-03-07,16.51,16.51,16.51
2017-03-08,16.211,16.211,16.211
2017-03-09,15.35,15.35,15.35
2017-03-10,15.237,15.237,15.237
2017-03-13,15.278,15.278,15.278
2017-03-14,15.402,15.402,15.402
2017-03-15,15.936,15.936,15.936
2017-03-16,16.464,16.464,16.464
2017-03-17,16.325,16.325,16.325
2017-03-20,16.417,16.417,16.417
2017-03-21,16.172,16.172,16.172
2017-03-22,15.675,15.675,15.675
2017-03-23,15.749,15.749,15.749
2017-03-24,15.786,15.786,15.786
2017-03-27,15.31,15.31,15.31
2017-03-28,15.574,15.574,15.574
2017-03-29,15.69,15.69,15.69
2017-03-30,15.7,15.7,15.7
2017-03-31,15.655,15.655,15.655
2017-04-03,15.574,15.574,15.574
2017-04-04,15.445,15.445,15.445
2017-04-05,15.987,15.987,15.987
2017-04-06,15.891,15.891,15.891
2017-04-07,15.734,15.734,15.734
2017-04-10,16.475,16.475,16.475
2017-04-11,16.261,16.261,16.261
2017-04-12,16.256,16.256,16.256
2017-04-13,15.705,15.705,15.705
2017-04-18,15.445,15.445,15.445
2017-04-19,15.304,15.304,15.304
2017-04-20,15.195,15.195,15.195
2017-04-21,15.479,15.479,15.479
2017-04-24,15.464,15.464,15.464
2017-04-25,15.464,15.464,15.464
2017-04-26,15.361,15.361,15.361
2017-04-27,15.204,15.204,15.204
2017-04-28,15.155,15.155,15.155
2017-05-02,15.284,15.284,15.284
2017-05-03,14.705,14.705,14.705
2017-05-04,14.696,14.696,14.696
2017-05-05,14.325,14.325,14.325
2017-05-08,14.484,14.484,14.484
2017-05-09,14.521,14.521,14.521
2017-05-10,14.778,14.778,14.778
2017-05-11,14.861,14.861,14.861
2017-05-12,14.974,14.974,14.974
2017-05-15,15.073,15.073,15.073
2017-05-16,15.228,15.228,15.228
2017-05-17,15.27,15.27,15.27
2017-05-18,15.163,15.163,15.163
2017-05-19,15.461,15.461,15.461
2017-05-22,15.718,15.718,15.718
2017-05-23,15.531,15.531,15.531
2017-05-24,15.499,15.499,15.499
2017-05-25,15.587,15.587,15.587
2017-05-26,15.263,15.263,15.263
2017-05-30,15.293,15.293,15.293
2017-05-31,15.158,15.158,15.158
2017-06-01,14.935,14.935,14.935
2017-06-02,15.291,15.291,15.291
2017-06-05,15.115,15.115,15.115
2017-06-06,14.956,14.956,14.956
2017-06-07,14.94,14.94,14.94
2017-06-08,15.009,15.009,15.009
2017-06-09,15.125,15.125,15.125
2017-06-12,15.125,15.125,15.125
2017-06-13,15.227,15.227,15.227
2017-06-14,15.341,15.341,15.341
2017-06-15,14.882,14.882,14.882
2017-06-16,14.948,14.948,14.948
2017-06-19,14.911,14.911,14.911
2017-06-20,14.856,14.856,14.856
2017-06-21,14.245,14.245,14.245
2017-06-22,14.26,14.26,14.26
2017-06-23,14.473,14.473,14.473
2017-06-26,14.532,14.532,14.532
2017-06-27,14.538,14.538,14.538
2017-06-28,14.93,14.93,14.93
2017-06-29,15.399,15.399,15.399
2017-06-30,15.276,15.276,15.276
2017-07-03,15.191,15.191,15.191
2017-07-04,15.416,15.416,15.416
2017-07-05,15.669,15.669,15.669
2017-07-06,15.736,15.736,15.736
2017-07-07,15.965,15.965,15.965
2017-07-10,15.92,15.92,15.92
2017-07-11,16.15,16.15,16.15
2017-07-12,16.302,16.302,16.302
2017-07-13,16.49,16.49,16.49
2017-07-14,16.794,16.794,16.794
2017-07-17,16.757,16.757,16.757
2017-07-18,16.961,16.961,16.961
2017-07-19,16.85,16.85,16.85
2017-07-20,16.962,16.962,16.962
2017-07-21,16.54,16.54,16.54
2017-07-24,16.502,16.502,16.502
2017-07-25,16.64,16.64,16.64
2017-07-26,17.329,17.329,17.329
2017-07-27,17.437,17.437,17.437
2017-07-28,17.27,17.27,17.27
2017-07-31,17.659,17.659,17.659
2017-08-01,17.793,17.793,17.793
2017-08-02,17.503,17.503,17.503
2017-08-03,17.398,17.398,17.398
2017-08-04,17.395,17.395,17.395
2017-08-07,17.668,17.668,17.668
2017-08-08,17.63,17.63,17.63
2017-08-09,17.646,17.646,17.646
2017-08-10,17.525,17.525,17.525
2017-08-11,17.208,17.208,17.208
2017-08-14,17.188,17.188,17.188
2017-08-15,17.093,17.093,17.093
2017-08-16,17.361,17.361,17.361
2017-08-17,17.446,17.446,17.446
2017-08-18,17.183,17.183,17.183
2017-08-21,17.41,17.41,17.41
2017-08-22,17.538,17.538,17.538
2017-08-23,17.567,17.567,17.567
2017-08-24,17.94,17.94,17.94
2017-08-25,18.069,18.069,18.069
2017-08-29,18.23,18.23,18.23
2017-08-30,18.185,18.185,18.185
2017-08-31,18.574,18.574,18.574
2017-09-01,18.65,18.65,18.65
2017-09-04,18.632,18.632,18.632
2017-09-05,18.852,18.852,18.852
2017-09-06,18.937,18.937,18.937
2017-09-07,18.773,18.773,18.773
2017-09-08,18.774,18.774,18.774
2017-09-11,18.368,18.368,18.368
2017-09-12,18.564,18.564,18.564
2017-09-13,18.663,18.663,18.663
2017-09-14,18.377,18.377,18.377
2017-09-15,17.937,17.937,17.937
2017-09-18,17.859,17.859,17.859
2017-09-19,17.983,17.983,17.983
2017-09-20,17.957,17.957,17.957
2017-09-21,17.598,17.598,17.598
2017-09-22,17.639,17.639,17.639
2017-09-25,17.597,17.597,17.597
2017-09-26,17.363,17.363,17.363
2017-09-27,17.306,17.306,17.306
2017-09-28,17.156,17.156,17.156
2017-09-29,17.24,17.24,17.24
2017-10-02,17.449,17.449,17.449
2017-10-03,17.489,17.489,17.489
2017-10-04,17.453,17.453,17.453
2017-10-05,17.36,17.36,17.36
2017-10-06,17.649,17.649,17.649
2017-10-09,17.578,17.578,17.578
2017-10-10,17.592,17.592,17.592
2017-10-11,17.704,17.704,17.704
2017-10-12,17.496,17.496,17.496
2017-10-13,17.751,17.751,17.751
2017-10-16,18.061,18.061,18.061
2017-10-17,18.286,18.286,18.286
2017-10-18,18.195,18.195,18.195
2017-10-19,17.866,17.866,17.866
2017-10-20,17.807,17.807,17.807
2017-10-23,17.651,17.651,17.651
2017-10-24,17.623,17.623,17.623
2017-10-25,17.638,17.638,17.638
2017-10-26,17.421,17.421,17.421
2017-10-27,17.425,17.425,17.425
2017-10-30,17.476,17.476,17.476
2017-10-31,17.345,17.345,17.345
2017-11-01,17.659,17.659,17.659
2017-11-02,18.007,18.007,18.007
2017-11-03,18.084,18.084,18.084
2017-11-06,18.166,18.166,18.166
2017-11-07,18.762,18.762,18.762
2017-11-08,18.668,18.668,18.668
2017-11-09,18.767,18.767,18.767
2017-11-10,18.359,18.359,18.359
2017-11-13,18.4,18.4,18.4
2017-11-14,18.204,18.204,18.204
2017-11-15,17.715,17.715,17.715
2017-11-16,17.663,17.663,17.663
2017-11-17,17.515,17.515,17.515
2017-11-20,17.478,17.478,17.478
2017-11-21,17.617,17.617,17.617
2017-11-22,17.945,17.945,17.945
2017-11-23,18.194,18.194,18.194
2017-11-24,18.177,18.177,18.177
2017-11-27,18.137,18.137,18.137
2017-11-28,17.751,17.751,17.751
2017-11-29,17.863,17.863,17.863
2017-11-30,17.634,17.634,17.634
2017-12-01,17.916,17.916,17.916
2017-12-04,18.169,18.169,18.169
2017-12-05,18.015,18.015,18.015
2017-12-06,17.562,17.562,17.562
2017-12-07,17.403,17.403,17.403
2017-12-08,17.406,17.406,17.406
2017-12-11,17.472,17.472,17.472
2017-12-12,17.839,17.839,17.839
2017-12-13,18.051,18.051,18.051
2017-12-14,18.126,18.126,18.126
2017-12-15,18.083,18.083,18.083
2017-12-18,18.477,18.477,18.477
2017-12-19,18.628,18.628,18.628
2017-12-20,18.613,18.613,18.613
2017-12-21,18.959,18.959,18.959
2017-12-22,19.167,19.167,19.167
2017-12-27,19.462,19.462,19.462
2017-12-28,19.641,19.641,19.641
2017-12-29,19.693,19.693,19.693
2018-01-02,19.838,19.838,19.838
2018-01-03,20.187,20.187,20.187
2018-01-04,20.36,20.36,20.36
2018-01-05,20.525,20.525,20.525
2018-01-08,20.448,20.448,20.448
2018-01-09,20.744,20.744,20.744
2018-01-10,20.727,20.727,20.727
2018-01-11,20.774,20.774,20.774
2018-01-12,21.298,21.298,21.298
2018-01-15,21.686,21.686,21.686
2018-01-16,21.515,21.515,21.515
2018-01-17,20.914,20.914,20.914
2018-01-18,21.017,21.017,21.017
2018-01-19,20.935,20.935,20.935
2018-01-22,21.067,21.067,21.067
2018-01-23,21.018,21.018,21.018
2018-01-24,21.114,21.114,21.114
2018-01-25,21.144,21.144,21.144
2018-01-26,21.144,21.144,21.144
2018-01-29,21.229,21.229,21.229
2018-01-30,20.934,20.934,20.934
2018-01-31,20.765,20.765,20.765
2018-02-01,21.04,21.04,21.04
2018-02-02,20.832,20.832,20.832
2018-02-05,20.275,20.275,20.275
2018-02-06,19.794,19.794,19.794
2018-02-07,19.938,19.938,19.938
2018-02-08,19.558,19.558,19.558
2018-02-09,19.428,19.428,19.428
2018-02-12,19.831,19.831,19.831
2018-02-13,20.061,20.061,20.061
2018-02-14,20.306,20.306,20.306
2018-02-15,21.286,21.286,21.286
2018-02-16,21.285,21.285,21.285
2018-02-19,21.227,21.227,21.227
2018-02-20,21.059,21.059,21.059
2018-02-21,19.858,19.858,19.858
2018-02-22,20.226,20.226,20.226
2018-02-23,20.54,20.54,20.54
2018-02-26,20.692,20.692,20.692
2018-02-27,20.687,20.687,20.687
2018-02-28,20.209,20.209,20.209
2018-03-01,19.926,19.926,19.926
2018-03-02,19.635,19.635,19.635
2018-03-05,19.295,19.295,19.295
2018-03-06,19.859,19.859,19.859
2018-03-07,19.649,19.649,19.649
2018-03-08,19.164,19.164,19.164
2018-03-09,18.977,18.977,18.977
2018-03-12,19.429,19.429,19.429
2018-03-13,19.231,19.231,19.231
2018-03-14,19.26,19.26,19.26
2018-03-15,19.213,19.213,19.213
2018-03-16,19.206,19.206,19.206
2018-03-19,19.257,19.257,19.257
2018-03-20,18.803,18.803,18.803
2018-03-21,19.172,19.172,19.172
2018-03-22,19.501,19.501,19.501
2018-03-23,18.903,18.903,18.903
2018-03-26,18.913,18.913,18.913
2018-03-27,19.0,19.0,19.0
2018-03-28,18.746,18.746,18.746
2018-03-29,18.489,18.489,18.489
2018-04-03,18.831,18.831,18.831
2018-04-04,18.912,18.912,18.912
2018-04-05,18.703,18.703,18.703
2018-04-06,18.766,18.766,18.766
2018-04-09,18.833,18.833,18.833
2018-04-10,19.13,19.13,19.13
2018-04-11,19.489,19.489,19.489
2018-04-12,19.621,19.621,19.621
2018-04-13,19.711,19.711,19.711
2018-04-16,19.908,19.908,19.908
2018-04-17,19.839,19.839,19.839
2018-04-18,19.978,19.978,19.978
2018-04-19,20.4,20.4,20.4
2018-04-20,20.213,20.213,20.213
2018-04-23,20.274,20.274,20.274
2018-04-24,20.297,20.297,20.297
2018-04-25,20.297,20.297,20.297
2018-04-26,20.014,20.014,20.014
2018-04-27,20.135,20.135,20.135
2018-04-30,19.899,19.899,19.899
2018-05-01,19.98,19.98,19.98
2018-05-02,19.961,19.961,19.961
2018-05-03,20.26,20.26,20.26
2018-05-04,20.27,20.27,20.27
2018-05-08,20.232,20.232,20.232
2018-05-09,20.507,20.507,20.507
2018-05-10,21.059,21.059,21.059
2018-05-11,21.351,21.351,21.351
2018-05-14,21.708,21.708,21.708
2018-05-15,21.399,21.399,21.399
2018-05-16,21.817,21.817,21.817
2018-05-17,22.078,22.078,22.078
2018-05-18,21.853,21.853,21.853
2018-05-21,21.966,21.966,21.966
2018-05-22,21.8,21.8,21.8
2018-05-23,21.864,21.864,21.864
2018-05-24,21.927,21.927,21.927
2018-05-25,21.31,21.31,21.31
2018-05-29,20.68,20.68,20.68
2018-05-30,20.824,20.824,20.824
2018-05-31,21.183,21.183,21.183
2018-06-01,21.367,21.367,21.367
2018-06-04,21.663,21.663,21.663
2018-06-05,21.285,21.285,21.285
2018-06-06,21.853,21.853,21.853
2018-06-07,22.185,22.185,22.185
2018-06-08,22.103,22.103,22.103
2018-06-11,22.103,22.103,22.103
2018-06-12,21.776,21.776,21.776
2018-06-13,21.506,21.506,21.506
2018-06-14,21.31,21.31,21.31
2018-06-15,21.316,21.316,21.316
2018-06-18,20.755,20.755,20.755
2018-06-19,20.391,20.391,20.391
2018-06-20,20.503,20.503,20.503
2018-06-21,20.638,20.638,20.638
2018-06-22,20.653,20.653,20.653
2018-06-25,20.872,20.872,20.872
2018-06-26,20.601,20.601,20.601
2018-06-27,20.823,20.823,20.823
2018-06-28,21.227,21.227,21.227
2018-06-29,21.429,21.429,21.429
2018-07-02,21.052,21.052,21.052
2018-07-03,20.837,20.837,20.837
2018-07-04,20.823,20.823,20.823
2018-07-05,20.727,20.727,20.727
2018-07-06,21.031,21.031,21.031
2018-07-09,21.582,21.582,21.582
2018-07-10,21.795,21.795,21.795
2018-07-11,21.24,21.24,21.24
2018-07-12,21.225,21.225,21.225
2018-07-13,21.122,21.122,21.122
2018-07-16,20.943,20.943,20.943
2018-07-17,20.493,20.493,20.493
2018-07-18,21.2,21.2,21.2
2018-07-19,21.113,21.113,21.113
2018-07-20,20.85,20.85,20.85
2018-07-23,20.442,20.442,20.442
2018-07-24,20.911,20.911,20.911
2018-07-25,21.475,21.475,21.475
2018-07-26,21.183,21.183,21.183
2018-07-27,21.732,21.732,21.732
2018-07-30,21.611,21.611,21.611
2018-07-31,22.1,22.1,22.1
2018-08-01,22.171,22.171,22.171
2018-08-02,21.308,21.308,21.308
2018-08-03,21.085,21.085,21.085
2018-08-06,21.502,21.502,21.502
2018-08-07,21.297,21.297,21.297
2018-08-08,21.532,21.532,21.532
2018-08-09,21.368,21.368,21.368
2018-08-10,21.018,21.018,21.018
2018-08-13,20.668,20.668,20.668
2018-08-14,20.916,20.916,20.916
2018-08-15,20.821,20.821,20.821
2018-08-16,20.352,20.352,20.352
2018-08-17,20.432,20.432,20.432
2018-08-20,20.783,20.783,20.783
2018-08-21,20.478,20.478,20.478
2018-08-22,20.119,20.119,20.119
2018-08-23,20.084,20.084,20.084
2018-08-24,20.453,20.453,20.453
2018-08-28,20.909,20.909,20.909
2018-08-29,21.094,21.094,21.094
2018-08-30,20.946,20.946,20.946
2018-08-31,20.385,20.385,20.385
2018-09-03,20.322,20.322,20.322
2018-09-04,20.269,20.269,20.269
2018-09-05,19.763,19.763,19.763
2018-09-06,19.304,19.304,19.304
2018-09-07,18.988,18.988,18.988
2018-09-10,18.949,18.949,18.949
2018-09-11,18.97,18.97,18.97
2018-09-12,19.032,19.032,19.032
2018-09-13,19.224,19.224,19.224
2018-09-14,19.423,19.423,19.423
2018-09-17,19.376,19.376,19.376
2018-09-18,19.399,19.399,19.399
2018-09-19,20.09,20.09,20.09
2018-09-20,20.392,20.392,20.392
2018-09-21,20.896,20.896,20.896
2018-09-24,20.945,20.945,20.945
2018-09-25,21.106,21.106,21.106
2018-09-26,21.372,21.372,21.372
2018-09-27,21.212,21.212,21.212
2018-09-28,21.369,21.369,21.369
2018-10-01,21.342,21.342,21.342
2018-10-02,21.288,21.288,21.288
2018-10-03,21.27,21.27,21.27
2018-10-04,21.379,21.379,21.379
2018-10-05,21.37,21.37,21.37
2018-10-08,20.841,20.841,20.841
2018-10-09,20.997,20.997,20.997
2018-10-10,20.927,20.927,20.927
2018-10-11,20.311,20.311,20.311
2018-10-12,20.561,20.561,20.561
2018-10-15,20.294,20.294,20.294
2018-10-16,20.664,20.664,20.664
2018-10-17,20.426,20.426,20.426
2018-10-18,20.121,20.121,20.121
2018-10-19,20.12,20.12,20.12
2018-10-22,20.04,20.04,20.04
2018-10-23,19.831,19.831,19.831
2018-10-24,19.324,19.324,19.324
2018-10-25,18.614,18.614,18.614
2018-10-26,18.896,18.896,18.896
2018-10-29,19.063,19.063,19.063
2018-10-30,19.544,19.544,19.544
2018-10-31,19.45,19.45,19.45
2018-11-01,20.366,20.366,20.366
2018-11-02,20.583,20.583,20.583
2018-11-05,20.378,20.378,20.378
2018-11-06,20.754,20.754,20.754
2018-11-07,20.735,20.735,20.735
2018-11-08,20.647,20.647,20.647
2018-11-09,20.605,20.605,20.605
2018-11-12,20.457,20.457,20.457
2018-11-13,20.24,20.24,20.24
2018-11-14,19.831,19.831,19.831
2018-11-15,19.902,19.902,19.902
2018-11-16,20.261,20.261,20.261
2018-11-19,20.173,20.173,20.173
2018-11-20,20.13,20.13,20.13
2018-11-21,19.589,19.589,19.589
2018-11-22,19.681,19.681,19.681
2018-11-23,19.485,19.485,19.485
2018-11-26,18.757,18.757,18.757
2018-11-27,19.036,19.036,19.036
2018-11-28,19.087,19.087,19.087
2018-11-29,19.355,19.355,19.355
2018-11-30,19.166,19.166,19.166
2018-12-03,19.98,19.98,19.98
2018-12-04,19.806,19.806,19.806
2018-12-05,19.75,19.75,19.75
2018-12-06,19.395,19.395,19.395
2018-12-07,19.163,19.163,19.163
2018-12-10,19.204,19.204,19.204
2018-12-11,19.514,19.514,19.514
2018-12-12,19.839,19.839,19.839
2018-12-13,20.241,20.241,20.241
2018-12-14,19.849,19.849,19.849
2018-12-17,20.53,20.53,20.53
2018-12-18,20.535,20.535,20.535
2018-12-19,20.32,20.32,20.32
2018-12-20,19.798,19.798,19.798
2018-12-21,20.027,20.027,20.027
2018-12-24,20.183,20.183,20.183
2018-12-27,20.505,20.505,20.505
2018-12-28,20.408,20.408,20.408
2018-12-31,20.599,20.599,20.599
2019-01-02,20.081,20.081,20.081
2019-01-03,20.142,20.142,20.142
2019-01-04,20.267,20.267,20.267
2019-01-07,20.983,20.983,20.983
2019-01-08,20.984,20.984,20.984
2019-01-09,20.996,20.996,20.996
2019-01-10,21.201,21.201,21.201
2019-01-11,21.065,21.065,21.065
2019-01-14,20.955,20.955,20.955
2019-01-15,21.194,21.194,21.194
2019-01-16,21.011,21.011,21.011
2019-01-17,21.046,21.046,21.046
2019-01-18,21.129,21.129,21.129
2019-01-21,21.16,21.16,21.16
2019-01-22,20.781,20.781,20.781
2019-01-23,20.747,20.747,20.747
2019-01-24,20.604,20.604,20.604
2019-01-25,21.135,21.135,21.135
2019-01-28,21.135,21.135,21.135
2019-01-29,21.489,21.489,21.489
2019-01-30,22.323,22.323,22.323
2019-01-31,22.552,22.552,22.552
2019-02-01,22.591,22.591,22.591
2019-02-04,22.513,22.513,22.513
2019-02-05,22.795,22.795,22.795
2019-02-06,22.756,22.756,22.756
2019-02-07,22.673,22.673,22.673
2019-02-08,22.297,22.297,22.297
2019-02-11,22.652,22.652,22.652
2019-02-12,22.913,22.913,22.913
2019-02-13,22.771,22.771,22.771
2019-02-14,23.199,23.199,23.199
2019-02-15,23.182,23.182,23.182
2019-02-18,23.49,23.49,23.49
2019-02-19,23.605,23.605,23.605
2019-02-20,24.198,24.198,24.198
2019-02-21,23.901,23.901,23.901
2019-02-22,23.918,23.918,23.918
2019-02-25,24.262,24.262,24.262
2019-02-26,24.026,24.026,24.026
2019-02-27,23.948,23.948,23.948
2019-02-28,23.516,23.516,23.516
2019-03-01,23.438,23.438,23.438
2019-03-04,23.756,23.756,23.756
2019-03-05,23.521,23.521,23.521
2019-03-06,23.555,23.555,23.555
2019-03-07,23.335,23.335,23.335
2019-03-08,23.134,23.134,23.134
2019-03-11,22.987,22.987,22.987
2019-03-12,23.268,23.268,23.268
2019-03-13,23.286,23.286,23.286
2019-03-14,23.373,23.373,23.373
2019-03-15,23.02,23.02,23.02
2019-03-18,23.385,23.385,23.385
2019-03-19,23.72,23.72,23.72
2019-03-20,23.567,23.567,23.567
2019-03-21,23.858,23.858,23.858
2019-03-22,23.716,23.716,23.716
2019-03-25,23.509,23.509,23.509
2019-03-26,23.852,23.852,23.852
2019-03-27,23.906,23.906,23.906
2019-03-28,24.09,24.09,24.09
2019-03-29,24.312,24.312,24.312
2019-04-01,24.725,24.725,24.725
2019-04-02,24.57,24.57,24.57
2019-04-03,25.273,25.273,25.273
2019-04-04,24.959,24.959,24.959
2019-04-05,24.812,24.812,24.812
2019-04-08,25.31,25.31,25.31
2019-04-09,25.385,25.385,25.385
2019-04-10,25.466,25.466,25.466
2019-04-11,25.141,25.141,25.141
2019-04-12,25.272,25.272,25.272
2019-04-15,25.254,25.254,25.254
2019-04-16,25.152,25.152,25.152
2019-04-17,24.479,24.479,24.479
2019-04-18,24.339,24.339,24.339
2019-04-23,24.235,24.235,24.235
2019-04-24,23.86,23.86,23.86
2019-04-25,23.86,23.86,23.86
2019-04-26,23.566,23.566,23.566
2019-04-29,23.758,23.758,23.758
2019-04-30,23.471,23.471,23.471
2019-05-01,23.404,23.404,23.404
2019-05-02,23.074,23.074,23.074
2019-05-03,23.1,23.1,23.1
2019-05-07,23.285,23.285,23.285
2019-05-08,23.134,23.134,23.134
2019-05-09,23.009,23.009,23.009
2019-05-10,22.937,22.937,22.937
2019-05-13,22.83,22.83,22.83
2019-05-14,22.57,22.57,22.57
2019-05-15,22.944,22.944,22.944
2019-05-16,23.037,23.037,23.037
2019-05-17,23.519,23.519,23.519
2019-05-20,23.496,23.496,23.496
2019-05-21,23.252,23.252,23.252
2019-05-22,23.321,23.321,23.321
2019-05-23,22.925,22.925,22.925
2019-05-24,23.085,23.085,23.085
2019-05-28,23.791,23.791,23.791
2019-05-29,23.626,23.626,23.626
2019-05-30,23.199,23.199,23.199
2019-05-31,23.327,23.327,23.327
2019-06-03,22.864,22.864,22.864
2019-06-04,23.221,23.221,23.221
2019-06-05,23.294,23.294,23.294
2019-06-06,23.013,23.013,23.013
2019-06-07,23.578,23.578,23.578
2019-06-10,23.578,23.578,23.578
2019-06-11,23.983,23.983,23.983
2019-06-12,24.521,24.521,24.521
2019-06-13,24.351,24.351,24.351
2019-06-14,24.659,24.659,24.659
2019-06-17,24.502,24.502,24.502
2019-06-18,24.588,24.588,24.588
2019-06-19,25.108,25.108,25.108
2019-06-20,25.177,25.177,25.177
2019-06-21,25.292,25.292,25.292
2019-06-24,25.536,25.536,25.536
2019-06-25,25.546,25.546,25.546
2019-06-26,25.592,25.592,25.592
2019-06-27,26.176,26.176,26.176
2019-06-28,25.728,25.728,25.728
2019-07-01,25.848,25.848,25.848
2019-07-02,26.18,26.18,26.18
2019-07-03,26.333,26.333,26.333
2019-07-04,26.155,26.155,26.155
2019-07-05,25.658,25.658,25.658
2019-07-08,25.172,25.172,25.172
2019-07-09,25.306,25.306,25.306
2019-07-10,25.373,25.373,25.373
2019-07-11,25.599,25.599,25.599
2019-07-12,25.598,25.598,25.598
2019-07-15,25.697,25.697,25.697
2019-07-16,25.698,25.698,25.698
2019-07-17,26.049,26.049,26.049
2019-07-18,25.904,25.904,25.904
2019-07-19,25.745,25.745,25.745
2019-07-22,25.892,25.892,25.892
2019-07-23,25.931,25.931,25.931
2019-07-24,25.672,25.672,25.672
2019-07-25,25.118,25.118,25.118
2019-07-26,25.126,25.126,25.126
2019-07-29,24.947,24.947,24.947
2019-07-30,24.98,24.98,24.98
2019-07-31,24.839,24.839,24.839
2019-08-01,24.373,24.373,24.373
2019-08-02,23.477,23.477,23.477
2019-08-05,22.486,22.486,22.486
2019-08-06,22.331,22.331,22.331
2019-08-07,22.104,22.104,22.104
2019-08-08,22.584,22.584,22.584
2019-08-09,22.535,22.535,22.535
2019-08-12,22.25,22.25,22.25
2019-08-13,22.409,22.409,22.409
2019-08-14,22.48,22.48,22.48
2019-08-15,21.952,21.952,21.952
2019-08-16,21.836,21.836,21.836
2019-08-19,21.826,21.826,21.826
2019-08-20,21.901,21.901,21.901
2019-08-21,21.28,21.28,21.28
2019-08-22,21.175,21.175,21.175
2019-08-23,21.301,21.301,21.301
2019-08-27,21.009,21.009,21.009
2019-08-28,21.235,21.235,21.235
2019-08-29,21.254,21.254,21.254
2019-08-30,21.766,21.766,21.766
2019-09-02,21.865,21.865,21.865
2019-09-03,21.918,21.918,21.918
2019-09-04,21.978,21.978,21.978
2019-09-05,21.881,21.881,21.881
2019-09-06,22.133,22.133,22.133
2019-09-09,22.072,22.072,22.072
2019-09-10,22.182,22.182,22.182
2019-09-11,22.555,22.555,22.555
2019-09-12,22.602,22.602,22.602
2019-09-13,22.736,22.736,22.736
2019-09-16,23.408,23.408,23.408
2019-09-17,23.157,23.157,23.157
2019-09-18,22.972,22.972,22.972
2019-09-19,22.777,22.777,22.777
2019-09-20,22.749,22.749,22.749
2019-09-23,22.687,22.687,22.687
2019-09-24,22.551,22.551,22.551
2019-09-25,21.955,21.955,21.955
2019-09-26,21.931,21.931,21.931
2019-09-27,22.191,22.191,22.191
2019-09-30,22.066,22.066,22.066
2019-10-01,22.08,22.08,22.08
2019-10-02,21.665,21.665,21.665
2019-10-03,21.098,21.098,21.098
2019-10-04,21.273,21.273,21.273
2019-10-07,21.204,21.204,21.204
2019-10-08,21.333,21.333,21.333
2019-10-09,21.029,21.029,21.029
2019-10-10,21.112,21.112,21.112
2019-10-11,21.647,21.647,21.647
2019-10-14,22.033,22.033,22.033
2019-10-15,21.691,21.691,21.691
2019-10-16,21.68,21.68,21.68
2019-10-17,21.178,21.178,21.178
2019-10-18,21.235,21.235,21.235
2019-10-21,21.385,21.385,21.385
2019-10-22,21.601,21.601,21.601
2019-10-23,21.601,21.601,21.601
2019-10-24,21.7,21.7,21.7
2019-10-25,21.728,21.728,21.728
2019-10-28,22.022,22.022,22.022
2019-10-29,22.381,22.381,22.381
2019-10-30,22.247,22.247,22.247
2019-10-31,22.064,22.064,22.064
2019-11-01,21.975,21.975,21.975
2019-11-04,22.357,22.357,22.357
2019-11-05,22.678,22.678,22.678
2019-11-06,22.979,22.979,22.979
2019-11-07,22.937,22.937,22.937
2019-11-08,22.78,22.78,22.78
2019-11-11,22.674,22.674,22.674
2019-11-12,22.595,22.595,22.595
2019-11-13,22.397,22.397,22.397
2019-11-14,22.242,22.242,22.242
2019-11-15,22.635,22.635,22.635
2019-11-18,22.647,22.647,22.647
2019-11-19,22.77,22.77,22.77
2019-11-20,22.554,22.554,22.554
2019-11-21,22.187,22.187,22.187
2019-11-22,22.471,22.471,22.471
2019-11-25,22.84,22.84,22.84
2019-11-26,22.904,22.904,22.904
2019-11-27,23.134,23.134,23.134
2019-11-28,23.201,23.201,23.201
2019-11-29,23.025,23.025,23.025
2019-12-02,23.254,23.254,23.254
2019-12-03,23.023,23.023,23.023
2019-12-04,22.46,22.46,22.46
2019-12-05,22.761,22.761,22.761
2019-12-06,22.747,22.747,22.747
2019-12-09,23.113,23.113,23.113
2019-12-10,23.317,23.317,23.317
2019-12-11,23.626,23.626,23.626
2019-12-12,23.742,23.742,23.742
2019-12-13,24.088,24.088,24.088
2019-12-16,24.512,24.512,24.512
2019-12-17,24.519,24.519,24.519
2019-12-18,24.435,24.435,24.435
2019-12-19,24.389,24.389,24.389
2019-12-20,24.396,24.396,24.396
2019-12-23,24.173,24.173,24.173
2019-12-24,24.172,24.172,24.172
2019-12-27,24.626,24.626,24.626
2019-12-30,24.549,24.549,24.549
2019-12-31,24.331,24.331,24.331
2020-01-02,24.252,24.252,24.252
2020-01-03,24.231,24.231,24.231
2020-01-06,24.343,24.343,24.343
2020-01-07,24.186,24.186,24.186
2020-01-08,24.188,24.188,24.188
2020-01-09,24.44,24.44,24.44
2020-01-10,24.517,24.517,24.517
2020-01-13,24.297,24.297,24.297
2020-01-14,24.606,24.606,24.606
2020-01-15,24.693,24.693,24.693
2020-01-16,24.648,24.648,24.648
2020-01-17,24.842,24.842,24.842
2020-01-20,25.234,25.234,25.234
2020-01-21,25.107,25.107,25.107
2020-01-22,25.113,25.113,25.113
2020-01-23,25.041,25.041,25.041
2020-01-24,24.592,24.592,24.592
2020-01-27,24.592,24.592,24.592
2020-01-28,23.542,23.542,23.542
2020-01-29,23.655,23.655,23.655
2020-01-30,23.332,23.332,23.332
2020-01-31,23.473,23.473,23.473
2020-02-03,22.788,22.788,22.788
2020-02-04,22.981,22.981,22.981
2020-02-05,23.356,23.356,23.356
2020-02-06,23.694,23.694,23.694
2020-02-07,23.032,23.032,23.032
2020-02-10,22.86,22.86,22.86
2020-02-11,23.048,23.048,23.048
2020-02-12,23.035,23.035,23.035
2020-02-13,23.053,23.053,23.053
2020-02-14,23.102,23.102,23.102
2020-02-17,22.995,22.995,22.995
2020-02-18,23.08,23.08,23.08
2020-02-19,22.882,22.882,22.882
2020-02-20,22.688,22.688,22.688
2020-02-21,22.552,22.552,22.552
2020-02-24,21.81,21.81,21.81
2020-02-25,21.356,21.356,21.356
2020-02-26,20.711,20.711,20.711
2020-02-27,20.58,20.58,20.58
2020-02-28,19.473,19.473,19.473
2020-03-02,19.417,19.417,19.417
2020-03-03,19.92,19.92,19.92
2020-03-04,19.859,19.859,19.859
2020-03-05,19.678,19.678,19.678
2020-03-06,19.063,19.063,19.063
2020-03-09,16.156,16.156,16.156
2020-03-10,16.942,16.942,16.942
2020-03-11,16.466,16.466,16.466
2020-03-12,14.615,14.615,14.615
2020-03-13,14.708,14.708,14.708
2020-03-16,13.725,13.725,13.725
2020-03-17,15.066,15.066,15.066
2020-03-18,13.946,13.946,13.946
2020-03-19,13.976,13.976,13.976
2020-03-20,13.944,13.944,13.944
2020-03-23,14.024,14.024,14.024
2020-03-24,15.064,15.064,15.064
2020-03-25,16.605,16.605,16.605
2020-03-26,16.557,16.557,16.557
2020-03-27,15.935,15.935,15.935
2020-03-30,16.597,16.597,16.597
2020-03-31,15.831,15.831,15.831
2020-04-01,16.338,16.338,16.338
2020-04-02,16.104,16.104,16.104
2020-04-03,16.19,16.19,16.19
2020-04-06,17.227,17.227,17.227
2020-04-07,17.404,17.404,17.404
2020-04-08,17.363,17.363,17.363
2020-04-09,17.774,17.774,17.774
2020-04-14,18.154,18.154,18.154
2020-04-15,17.681,17.681,17.681
2020-04-16,17.348,17.348,17.348
2020-04-17,17.725,17.725,17.725
2020-04-20,17.385,17.385,17.385
2020-04-21,16.803,16.803,16.803
2020-04-22,16.31,16.31,16.31
2020-04-23,16.871,16.871,16.871
2020-04-24,17.363,17.363,17.363
2020-04-27,17.554,17.554,17.554
2020-04-28,17.619,17.619,17.619
2020-04-29,18.163,18.163,18.163
2020-04-30,18.752,18.752,18.752
2020-05-01,17.052,17.052,17.052
2020-05-04,17.096,17.096,17.096
2020-05-05,17.571,17.571,17.571
2020-05-06,17.329,17.329,17.329
2020-05-07,17.925,17.925,17.925
2020-05-11,18.226,18.226,18.226
2020-05-12,17.695,17.695,17.695
2020-05-13,17.82,17.82,17.82
2020-05-14,17.61,17.61,17.61
2020-05-15,18.087,18.087,18.087
2020-05-18,19.225,19.225,19.225
2020-05-19,20.398,20.398,20.398
2020-05-20,20.394,20.394,20.394
2020-05-21,20.17,20.17,20.17
2020-05-22,19.97,19.97,19.97
2020-05-26,21.023,21.023,21.023
2020-05-27,20.312,20.312,20.312
2020-05-28,20.772,20.772,20.772
2020-05-29,20.56,20.56,20.56
2020-06-01,21.612,21.612,21.612
2020-06-02,21.736,21.736,21.736
2020-06-03,22.388,22.388,22.388
2020-06-04,22.444,22.444,22.444
2020-06-05,22.54,22.54,22.54
2020-06-08,22.54,22.54,22.54
2020-06-09,23.33,23.33,23.33
2020-06-10,23.363,23.363,23.363
2020-06-11,22.434,22.434,22.434
2020-06-12,21.99,21.99,21.99
2020-06-15,21.713,21.713,21.713
2020-06-16,22.238,22.238,22.238
2020-06-17,22.075,22.075,22.075
2020-06-18,21.771,21.771,21.771
2020-06-19,21.297,21.297,21.297
2020-06-22,21.74,21.74,21.74
2020-06-23,21.988,21.988,21.988
2020-06-24,21.967,21.967,21.967
2020-06-25,21.487,21.487,21.487
2020-06-26,22.02,22.02,22.02
2020-06-29,21.623,21.623,21.623
2020-06-30,22.013,22.013,22.013
2020-07-01,22.052,22.052,22.052
2020-07-02,22.194,22.194,22.194
2020-07-03,22.397,22.397,22.397
2020-07-06,22.134,22.134,22.134
2020-07-07,22.327,22.327,22.327
2020-07-08,22.225,22.225,22.225
2020-07-09,22.605,22.605,22.605
2020-07-10,22.389,22.389,22.389
2020-07-13,22.842,22.842,22.842
2020-07-14,23.025,23.025,23.025
2020-07-15,23.708,23.708,23.708
2020-07-16,23.431,23.431,23.431
2020-07-17,23.618,23.618,23.618
2020-07-20,23.966,23.966,23.966
2020-07-21,24.622,24.622,24.622
2020-07-22,23.834,23.834,23.834
2020-07-23,23.539,23.539,23.539
2020-07-24,23.451,23.451,23.451
2020-07-27,23.807,23.807,23.807
2020-07-28,24.248,24.248,24.248
2020-07-29,23.866,23.866,23.866
2020-07-30,24.229,24.229,24.229
2020-07-31,23.37,23.37,23.37
2020-08-03,23.682,23.682,23.682
2020-08-04,24.175,24.175,24.175
2020-08-05,24.299,24.299,24.299
2020-08-06,25.645,25.645,25.645
2020-08-07,25.044,25.044,25.044
2020-08-10,25.36,25.36,25.36
2020-08-11,25.564,25.564,25.564
2020-08-12,25.451,25.451,25.451
2020-08-13,25.401,25.401,25.401
2020-08-14,25.547,25.547,25.547
2020-08-17,25.603,25.603,25.603
2020-08-18,25.56,25.56,25.56
2020-08-19,24.975,24.975,24.975
2020-08-20,24.792,24.792,24.792
2020-08-21,24.459,24.459,24.459
2020-08-24,24.593,24.593,24.593
2020-08-25,24.54,24.54,24.54
2020-08-26,24.479,24.479,24.479
2020-08-27,24.842,24.842,24.842
2020-08-28,24.746,24.746,24.746
2020-09-01,24.612,24.612,24.612
2020-09-02,25.155,25.155,25.155
2020-09-03,24.352,24.352,24.352
2020-09-04,23.456,23.456,23.456
2020-09-07,24.003,24.003,24.003
2020-09-08,24.03,24.03,24.03
2020-09-09,23.848,23.848,23.848
2020-09-10,23.892,23.892,23.892
2020-09-11,23.702,23.702,23.702
2020-09-14,24.166,24.166,24.166
2020-09-15,24.372,24.372,24.372
2020-09-16,24.717,24.717,24.717
2020-09-17,24.291,24.291,24.291
2020-09-18,24.533,24.533,24.533
2020-09-21,24.021,24.021,24.021
2020-09-22,23.424,23.424,23.424
2020-09-23,23.4,23.4,23.4
2020-09-24,23.153,23.153,23.153
2020-09-25,23.526,23.526,23.526
2020-09-28,23.374,23.374,23.374
2020-09-29,23.41,23.41,23.41
2020-09-30,22.699,22.699,22.699
2020-10-01,23.21,23.21,23.21
2020-10-02,22.396,22.396,22.396
2020-10-05,23.101,23.101,23.101
2020-10-06,22.949,22.949,22.949
2020-10-07,22.804,22.804,22.804
2020-10-08,23.385,23.385,23.385
2020-10-09,23.578,23.578,23.578
2020-10-12,23.384,23.384,23.384
2020-10-13,23.149,23.149,23.149
2020-10-14,22.976,22.976,22.976
2020-10-15,23.219,23.219,23.219
2020-10-16,22.852,22.852,22.852
2020-10-19,22.967,22.967,22.967
2020-10-20,22.523,22.523,22.523
2020-10-21,22.883,22.883,22.883
2020-10-22,23.111,23.111,23.111
2020-10-23,22.871,22.871,22.871
2020-10-26,22.658,22.658,22.658
2020-10-27,22.176,22.176,22.176
2020-10-28,21.808,21.808,21.808
2020-10-29,21.283,21.283,21.283
2020-10-30,21.133,21.133,21.133
2020-11-02,21.233,21.233,21.233
2020-11-03,22.122,22.122,22.122
2020-11-04,21.894,21.894,21.894
2020-11-05,22.201,22.201,22.201
2020-11-06,22.396,22.396,22.396
2020-11-09,23.274,23.274,23.274
2020-11-10,23.368,23.368,23.368
2020-11-11,23.88,23.88,23.88
2020-11-12,23.468,23.468,23.468
2020-11-13,23.148,23.148,23.148
2020-11-16,23.777,23.777,23.777
2020-11-17,24.05,24.05,24.05
2020-11-18,23.956,23.956,23.956
2020-11-19,23.689,23.689,23.689
2020-11-20,23.497,23.497,23.497
2020-11-23,24.033,24.033,24.033
2020-11-24,25.099,25.099,25.099
2020-11-25,25.87,25.87,25.87
2020-11-26,25.699,25.699,25.699
2020-11-27,25.464,25.464,25.464
2020-11-30,24.898,24.898,24.898
2020-12-01,25.301,25.301,25.301
2020-12-02,25.954,25.954,25.954
2020-12-03,27.319,27.319,27.319
2020-12-04,27.422,27.422,27.422
2020-12-07,28.006,28.006,28.006
2020-12-08,27.88,27.88,27.88
2020-12-09,28.326,28.326,28.326
2020-12-10,28.493,28.493,28.493
2020-12-11,28.721,28.721,28.721
2020-12-14,28.683,28.683,28.683
2020-12-15,28.113,28.113,28.113
2020-12-16,28.703,28.703,28.703
2020-12-17,29.382,29.382,29.382
2020-12-18,29.292,29.292,29.292
2020-12-21,29.487,29.487,29.487
2020-12-22,28.722,28.722,28.722
2020-12-23,28.62,28.62,28.62
2020-12-24,29.049,29.049,29.049
2020-12-29,29.063,29.063,29.063
2020-12-30,29.516,29.516,29.516
2020-12-31,29.068,29.068,29.068
2021-01-04,29.38,29.38,29.38
2021-01-05,30.605,30.605,30.605
2021-01-06,30.708,30.708,30.708
2021-01-07,32.439,32.439,32.439
2021-01-08,32.242,32.242,32.242
2021-01-11,31.86,31.86,31.86
2021-01-12,31.829,31.829,31.829
2021-01-13,31.82,31.82,31.82
2021-01-14,31.895,31.895,31.895
2021-01-15,32.109,32.109,32.109
2021-01-18,31.076,31.076,31.076
2021-01-19,31.428,31.428,31.428
2021-01-20,31.933,31.933,31.933
2021-01-21,32.501,32.501,32.501
2021-01-22,31.693,31.693,31.693
2021-01-25,31.996,31.996,31.996
2021-01-26,31.996,31.996,31.996
2021-01-27,30.734,30.734,30.734
2021-01-28,30.276,30.276,30.276
2021-01-29,29.64,29.64,29.64
2021-02-01,29.931,29.931,29.931
2021-02-02,30.543,30.543,30.543
2021-02-03,29.93,29.93,29.93
2021-02-04,29.71,29.71,29.71
2021-02-05,29.94,29.94,29.94
2021-02-08,30.743,30.743,30.743
2021-02-09,30.729,30.729,30.729
2021-02-10,30.978,30.978,30.978
2021-02-11,31.388,31.388,31.388
2021-02-12,30.871,30.871,30.871
2021-02-15,31.684,31.684,31.684
2021-02-16,32.458,32.458,32.458
2021-02-17,33.533,33.533,33.533
2021-02-18,33.548,33.548,33.548
2021-02-19,33.155,33.155,33.155
2021-02-22,34.462,34.462,34.462
2021-02-23,35.518,35.518,35.518
2021-02-24,34.66,34.66,34.66
2021-02-25,35.362,35.362,35.362
2021-02-26,33.706,33.706,33.706
2021-03-01,34.65,34.65,34.65
2021-03-02,34.2,34.2,34.2
2021-03-03,35.217,35.217,35.217
2021-03-04,33.91,33.91,33.91
2021-03-05,33.007,33.007,33.007
2021-03-08,33.631,33.631,33.631
2021-03-09,33.636,33.636,33.636
2021-03-10,32.779,32.779,32.779
2021-03-11,32.449,32.449,32.449
2021-03-12,33.166,33.166,33.166
2021-03-15,33.057,33.057,33.057
2021-03-16,32.302,32.302,32.302
2021-03-17,31.972,31.972,31.972
2021-03-18,31.553,31.553,31.553
2021-03-19,30.952,30.952,30.952
2021-03-22,30.684,30.684,30.684
2021-03-23,30.506,30.506,30.506
2021-03-24,30.299,30.299,30.299
2021-03-25,30.287,30.287,30.287
2021-03-26,30.644,30.644,30.644
2021-03-29,31.156,31.156,31.156
2021-03-30,30.367,30.367,30.367
2021-03-31,30.639,30.639,30.639
2021-04-01,30.961,30.961,30.961
2021-04-06,31.28,31.28,31.28
2021-04-07,31.104,31.104,31.104
2021-04-08,32.064,32.064,32.064
2021-04-09,31.669,31.669,31.669
2021-04-12,31.341,31.341,31.341
2021-04-13,31.073,31.073,31.073
2021-04-14,31.627,31.627,31.627
2021-04-15,32.661,32.661,32.661
2021-04-16,32.754,32.754,32.754
2021-04-19,32.849,32.849,32.849
2021-04-20,32.629,32.629,32.629
2021-04-21,32.582,32.582,32.582
2021-04-22,32.699,32.699,32.699
2021-04-23,32.798,32.798,32.798
2021-04-26,33.221,33.221,33.221
2021-04-27,33.445,33.445,33.445
2021-04-28,33.438,33.438,33.438
2021-04-29,33.639,33.639,33.639
2021-04-30,32.771,32.771,32.771
2021-05-04,33.088,33.088,33.088
2021-05-05,33.634,33.634,33.634
2021-05-06,34.494,34.494,34.494
2021-05-07,34.975,34.975,34.975
2021-05-10,36.01,36.01,36.01
2021-05-11,35.797,35.797,35.797
2021-05-12,35.08,35.08,35.08
2021-05-13,34.65,34.65,34.65
2021-05-14,34.303,34.303,34.303
2021-05-17,34.284,34.284,34.284
2021-05-18,35.046,35.046,35.046
2021-05-19,33.564,33.564,33.564
2021-05-20,33.424,33.424,33.424
2021-05-21,32.87,32.87,32.87
2021-05-24,32.351,32.351,32.351
2021-05-25,32.764,32.764,32.764
2021-05-26,31.939,31.939,31.939
2021-05-27,32.253,32.253,32.253
2021-05-28,33.075,33.075,33.075
2021-06-01,33.078,33.078,33.078
2021-06-02,34.091,34.091,34.091
2021-06-03,33.814,33.814,33.814
2021-06-04,33.584,33.584,33.584
2021-06-07,33.722,33.722,33.722
2021-06-08,33.342,33.342,33.342
2021-06-09,33.494,33.494,33.494
2021-06-10,33.338,33.338,33.338
2021-06-11,33.587,33.587,33.587
2021-06-14,33.587,33.587,33.587
2021-06-15,33.68,33.68,33.68
2021-06-16,32.775,32.775,32.775
2021-06-17,32.06,32.06,32.06
2021-06-18,30.971,30.971,30.971
2021-06-21,30.6,30.6,30.6
2021-06-22,31.393,31.393,31.393
2021-06-23,31.808,31.808,31.808
2021-06-24,32.135,32.135,32.135
2021-06-25,32.354,32.354,32.354
2021-06-28,32.61,32.61,32.61
2021-06-29,32.142,32.142,32.142
2021-06-30,32.426,32.426,32.426
2021-07-01,32.068,32.068,32.068
2021-07-02,32.53,32.53,32.53
2021-07-05,32.48,32.48,32.48
2021-07-06,32.609,32.609,32.609
2021-07-07,32.506,32.506,32.506
2021-07-08,32.849,32.849,32.849
2021-07-09,32.977,32.977,32.977
2021-07-12,33.978,33.978,33.978
2021-07-13,33.614,33.614,33.614
2021-07-14,33.94,33.94,33.94
2021-07-15,34.077,34.077,34.077
2021-07-16,34.186,34.186,34.186
2021-07-19,33.013,33.013,33.013
2021-07-20,32.133,32.133,32.133
2021-07-21,32.686,32.686,32.686
2021-07-22,33.799,33.799,33.799
2021-07-23,33.617,33.617,33.617
2021-07-26,34.111,34.111,34.111
2021-07-27,34.969,34.969,34.969
2021-07-28,34.46,34.46,34.46
2021-07-29,35.115,35.115,35.115
2021-07-30,34.978,34.978,34.978
2021-08-02,35.191,35.191,35.191
2021-08-03,34.867,34.867,34.867
2021-08-04,35.519,35.519,35.519
2021-08-05,35.033,35.033,35.033
2021-08-06,34.11,34.11,34.11
2021-08-09,33.75,33.75,33.75
2021-08-10,33.874,33.874,33.874
2021-08-11,34.474,34.474,34.474
2021-08-12,34.603,34.603,34.603
2021-08-13,34.651,34.651,34.651
2021-08-16,34.017,34.017,34.017
2021-08-17,33.131,33.131,33.131
2021-08-18,30.712,30.712,30.712
2021-08-19,28.423,28.423,28.423
2021-08-20,28.165,28.165,28.165
2021-08-23,28.534,28.534,28.534
2021-08-24,29.026,29.026,29.026
2021-08-25,29.452,29.452,29.452
2021-08-26,28.953,28.953,28.953
2021-08-27,29.098,29.098,29.098
2021-08-31,29.707,29.707,29.707
2021-09-01,29.526,29.526,29.526
2021-09-02,27.63,27.63,27.63
2021-09-03,28.123,28.123,28.123
2021-09-06,27.945,27.945,27.945
2021-09-07,27.644,27.644,27.644
2021-09-08,27.283,27.283,27.283
2021-09-09,26.838,26.838,26.838
2021-09-10,27.014,27.014,27.014
2021-09-13,27.205,27.205,27.205
2021-09-14,27.191,27.191,27.191
2021-09-15,26.291,26.291,26.291
2021-09-16,26.382,26.382,26.382
2021-09-17,25.332,25.332,25.332
2021-09-20,24.227,24.227,24.227
2021-09-21,24.305,24.305,24.305
2021-09-22,24.939,24.939,24.939
2021-09-23,24.93,24.93,24.93
2021-09-24,24.377,24.377,24.377
2021-09-27,24.471,24.471,24.471
2021-09-28,23.755,23.755,23.755
2021-09-29,23.248,23.248,23.248
2021-09-30,24.198,24.198,24.198
2021-10-01,23.808,23.808,23.808
2021-10-04,23.958,23.958,23.958
2021-10-05,23.708,23.708,23.708
2021-10-06,23.731,23.731,23.731
2021-10-07,23.855,23.855,23.855
2021-10-08,24.551,24.551,24.551
2021-10-11,24.925,24.925,24.925
2021-10-12,24.852,24.852,24.852
2021-10-13,24.694,24.694,24.694
2021-10-14,24.957,24.957,24.957
2021-10-15,25.677,25.677,25.677
2021-10-18,25.857,25.857,25.857
2021-10-19,25.541,25.541,25.541
2021-10-20,25.809,25.809,25.809
2021-10-21,25.58,25.58,25.58
2021-10-22,25.022,25.022,25.022
2021-10-25,25.299,25.299,25.299
2021-10-26,25.513,25.513,25.513
2021-10-27,25.196,25.196,25.196
2021-10-28,24.867,24.867,24.867
2021-10-29,24.497,24.497,24.497
2021-11-01,24.392,24.392,24.392
2021-11-02,23.519,23.519,23.519
2021-11-03,23.825,23.825,23.825
2021-11-04,23.737,23.737,23.737
2021-11-05,23.783,23.783,23.783
2021-11-08,24.035,24.035,24.035
2021-11-09,24.119,24.119,24.119
2021-11-10,23.313,23.313,23.313
2021-11-11,23.809,23.809,23.809
2021-11-12,24.612,24.612,24.612
2021-11-15,24.495,24.495,24.495
2021-11-16,23.725,23.725,23.725
2021-11-17,23.265,23.265,23.265
2021-11-18,23.358,23.358,23.358
2021-11-19,23.478,23.478,23.478
2021-11-22,23.526,23.526,23.526
2021-11-23,24.485,24.485,24.485
2021-11-24,24.498,24.498,24.498
2021-11-25,24.724,24.724,24.724
2021-11-26,24.12,24.12,24.12
2021-11-29,24.521,24.521,24.521
2021-11-30,24.97,24.97,24.97
2021-12-01,25.238,25.238,25.238
2021-12-02,25.079,25.079,25.079
2021-12-03,25.078,25.078,25.078
2021-12-06,24.848,24.848,24.848
2021-12-07,25.32,25.32,25.32
2021-12-08,25.981,25.981,25.981
2021-12-09,25.589,25.589,25.589
2021-12-10,25.515,25.515,25.515
2021-12-13,26.051,26.051,26.051
2021-12-14,26.104,26.104,26.104
2021-12-15,26.209,26.209,26.209
2021-12-16,26.005,26.005,26.005
2021-12-17,26.261,26.261,26.261
2021-12-20,26.016,26.016,26.016
2021-12-21,26.569,26.569,26.569
2021-12-22,26.583,26.583,26.583
2021-12-23,26.606,26.606,26.606
2021-12-24,26.574,26.574,26.574
2021-12-29,26.673,26.673,26.673
2021-12-30,26.902,26.902,26.902
2021-12-31,26.827,26.827,26.827
2022-01-04,27.313,27.313,27.313
2022-01-05,27.402,27.402,27.402
2022-01-06,27.21,27.21,27.21
2022-01-07,27.949,27.949,27.949
2022-01-10,28.58,28.58,28.58
2022-01-11,28.66,28.66,28.66
2022-01-12,29.263,29.263,29.263
2022-01-13,30.385,30.385,30.385
2022-01-14,29.951,29.951,29.951
2022-01-17,29.627,29.627,29.627
2022-01-18,29.864,29.864,29.864
2022-01-19,29.891,29.891,29.891
2022-01-20,30.886,30.886,30.886
2022-01-21,29.229,29.229,29.229
2022-01-24,28.99,28.99,28.99
2022-01-25,28.66,28.66,28.66
2022-01-26,28.66,28.66,28.66
2022-01-27,28.591,28.591,28.591
2022-01-28,29.186,29.186,29.186
2022-01-31,29.153,29.153,29.153
2022-02-01,28.508,28.508,28.508
2022-02-02,28.999,28.999,28.999
2022-02-03,29.912,29.912,29.912
2022-02-04,29.493,29.493,29.493
2022-02-07,30.065,30.065,30.065
2022-02-08,31.269,31.269,31.269
2022-02-09,30.883,30.883,30.883
2022-02-10,30.801,30.801,30.801
2022-02-11,31.041,31.041,31.041
2022-02-14,30.661,30.661,30.661
2022-02-15,30.677,30.677,30.677
2022-02-16,30.309,30.309,30.309
2022-02-17,30.68,30.68,30.68
2022-02-18,30.631,30.631,30.631
2022-02-21,30.883,30.883,30.883
2022-02-22,30.731,30.731,30.731
2022-02-23,30.978,30.978,30.978
2022-02-24,28.55,28.55,28.55
2022-02-25,28.778,28.778,28.778
2022-02-28,30.171,30.171,30.171
2022-03-01,30.042,30.042,30.042
2022-03-02,31.39,31.39,31.39
2022-03-03,32.668,32.668,32.668
2022-03-04,32.772,32.772,32.772
2022-03-07,32.818,32.818,32.818
2022-03-08,31.397,31.397,31.397
2022-03-09,31.613,31.613,31.613
2022-03-10,31.279,31.279,31.279
2022-03-11,30.956,30.956,30.956
2022-03-14,30.307,30.307,30.307
2022-03-15,29.07,29.07,29.07
2022-03-16,29.322,29.322,29.322
2022-03-17,29.993,29.993,29.993
2022-03-18,30.536,30.536,30.536
2022-03-21,30.606,30.606,30.606
2022-03-22,32.459,32.459,32.459
2022-03-23,32.335,32.335,32.335
2022-03-24,32.975,32.975,32.975
2022-03-25,33.29,33.29,33.29
2022-03-28,33.945,33.945,33.945
2022-03-29,33.831,33.831,33.831
2022-03-30,33.818,33.818,33.818
2022-03-31,34.466,34.466,34.466
2022-04-01,34.981,34.981,34.981
2022-04-04,35.229,35.229,35.229
2022-04-05,35.058,35.058,35.058
2022-04-06,34.391,34.391,34.391
2022-04-07,34.009,34.009,34.009
2022-04-08,34.477,34.477,34.477
2022-04-11,34.139,34.139,34.139
2022-04-12,34.35,34.35,34.35
2022-04-13,34.339,34.339,34.339
2022-04-14,34.676,34.676,34.676
2022-04-19,34.891,34.891,34.891
2022-04-20,34.693,34.693,34.693
2022-04-21,33.275,33.275,33.275
2022-04-22,31.25,31.25,31.25
2022-04-25,31.25,31.25,31.25
2022-04-26,28.951,28.951,28.951
2022-04-27,29.193,29.193,29.193
2022-04-28,30.323,30.323,30.323
2022-04-29,30.193,30.193,30.193
2022-05-03,30.104,30.104,30.104
2022-05-04,30.649,30.649,30.649
2022-05-05,30.044,30.044,30.044
2022-05-06,29.49,29.49,29.49
2022-05-09,28.617,28.617,28.617
2022-05-10,27.8,27.8,27.8
2022-05-11,28.203,28.203,28.203
2022-05-12,27.432,27.432,27.432
2022-05-13,28.322,28.322,28.322
2022-05-16,28.12,28.12,28.12
2022-05-17,28.514,28.514,28.514
2022-05-18,29.104,29.104,29.104
2022-05-19,29.008,29.008,29.008
2022-05-20,29.545,29.545,29.545
2022-05-23,30.263,30.263,30.263
2022-05-24,30.231,30.231,30.231
2022-05-25,30.514,30.514,30.514
2022-05-26,30.252,30.252,30.252
2022-05-27,31.268,31.268,31.268
2022-05-30,32.317,32.317,32.317
2022-05-31,31.999,31.999,31.999
2022-06-01,32.754,32.754,32.754
2022-06-06,33.323,33.323,33.323
2022-06-07,33.461,33.461,33.461
2022-06-08,34.069,34.069,34.069
2022-06-09,32.817,32.817,32.817
2022-06-10,32.59,32.59,32.59
2022-06-13,32.59,32.59,32.59
2022-06-14,30.398,30.398,30.398
2022-06-15,30.739,30.739,30.739
2022-06-16,31.001,31.001,31.001
2022-06-17,29.466,29.466,29.466
2022-06-20,27.973,27.973,27.973
2022-06-21,28.542,28.542,28.542
2022-06-22,28.417,28.417,28.417
2022-06-23,27.9,27.9,27.9
2022-06-24,27.806,27.806,27.806
2022-06-27,28.523,28.523,28.523
2022-06-28,29.682,29.682,29.682
2022-06-29,29.423,29.423,29.423
2022-06-30,28.467,28.467,28.467
2022-07-01,27.29,27.29,27.29
2022-07-04,27.387,27.387,27.387
2022-07-05,27.208,27.208,27.208
2022-07-06,25.582,25.582,25.582
2022-07-07,26.623,26.623,26.623
2022-07-08,26.889,26.889,26.889
2022-07-11,25.574,25.574,25.574
2022-07-12,25.308,25.308,25.308
2022-07-13,24.958,24.958,24.958
2022-07-14,25.234,25.234,25.234
2022-07-15,24.519,24.519,24.519
2022-07-18,25.184,25.184,25.184
2022-07-19,25.243,25.243,25.243
2022-07-20,25.55,25.55,25.55
2022-07-21,25.492,25.492,25.492
2022-07-22,25.449,25.449,25.449
2022-07-25,25.969,25.969,25.969
2022-07-26,26.552,26.552,26.552
2022-07-27,26.226,26.226,26.226
2022-07-28,26.767,26.767,26.767
2022-07-29,27.018,27.018,27.018
2022-08-01,27.46,27.46,27.46
2022-08-02,26.694,26.694,26.694
2022-08-03,26.807,26.807,26.807
2022-08-04,26.597,26.597,26.597
2022-08-05,26.814,26.814,26.814
2022-08-08,27.337,27.337,27.337
2022-08-09,27.034,27.034,27.034
2022-08-10,27.105,27.105,27.105
2022-08-11,27.816,27.816,27.816
2022-08-12,27.651,27.651,27.651
2022-08-15,27.33,27.33,27.33
2022-08-16,28.446,28.446,28.446
2022-08-17,28.317,28.317,28.317
2022-08-18,28.468,28.468,28.468
2022-08-19,28.553,28.553,28.553
2022-08-22,28.428,28.428,28.428
2022-08-23,28.732,28.732,28.732
2022-08-24,28.943,28.943,28.943
2022-08-25,29.449,29.449,29.449
2022-08-26,29.496,29.496,29.496
2022-08-30,28.603,28.603,28.603
2022-08-31,27.766,27.766,27.766
2022-09-01,25.451,25.451,25.451
2022-09-02,25.013,25.013,25.013
2022-09-05,25.76,25.76,25.76
2022-09-06,25.101,25.101,25.101
2022-09-07,24.551,24.551,24.551
2022-09-08,24.925,24.925,24.925
2022-09-09,26.057,26.057,26.057
2022-09-12,27.142,27.142,27.142
2022-09-13,26.449,26.449,26.449
2022-09-14,26.047,26.047,26.047
2022-09-15,25.964,25.964,25.964
2022-09-16,25.563,25.563,25.563
2022-09-20,26.215,26.215,26.215
2022-09-21,25.16,25.16,25.16
2022-09-22,25.16,25.16,25.16
2022-09-23,24.914,24.914,24.914
2022-09-26,23.363,23.363,23.363
2022-09-27,23.934,23.934,23.934
2022-09-28,24.294,24.294,24.294
2022-09-29,24.807,24.807,24.807
2022-09-30,24.661,24.661,24.661
2022-10-03,25.152,25.152,25.152
2022-10-04,26.046,26.046,26.046
2022-10-05,26.268,26.268,26.268
2022-10-06,26.095,26.095,26.095
2022-10-07,25.51,25.51,25.51
2022-10-10,25.256,25.256,25.256
2022-10-11,25.03,25.03,25.03
2022-10-12,24.815,24.815,24.815
2022-10-13,24.707,24.707,24.707
2022-10-14,24.796,24.796,24.796
2022-10-17,24.588,24.588,24.588
2022-10-18,25.003,25.003,25.003
2022-10-19,24.61,24.61,24.61
2022-10-20,24.065,24.065,24.065
2022-10-21,24.277,24.277,24.277
2022-10-24,24.647,24.647,24.647
2022-10-25,24.617,24.617,24.617
2022-10-26,25.039,25.039,25.039
2022-10-27,25.448,25.448,25.448
2022-10-28,24.028,24.028,24.028
2022-10-31,23.899,23.899,23.899
2022-11-01,24.57,24.57,24.57
2022-11-02,24.913,24.913,24.913
2022-11-03,23.878,23.878,23.878
2022-11-04,24.933,24.933,24.933
2022-11-07,26.223,26.223,26.223
2022-11-08,26.24,26.24,26.24
2022-11-09,26.479,26.479,26.479
2022-11-10,26.839,26.839,26.839
2022-11-11,28.209,28.209,28.209
2022-11-14,29.469,29.469,29.469
2022-11-15,29.686,29.686,29.686
2022-11-16,29.959,29.959,29.959
2022-11-17,29.263,29.263,29.263
2022-11-18,29.312,29.312,29.312
2022-11-21,28.368,28.368,28.368
2022-11-22,28.906,28.906,28.906
2022-11-23,29.563,29.563,29.563
2022-11-24,30.129,30.129,30.129
2022-11-25,29.831,29.831,29.831
2022-11-28,29.178,29.178,29.178
2022-11-29,29.967,29.967,29.967
2022-11-30,30.89,30.89,30.89
2022-12-01,31.648,31.648,31.648
2022-12-02,31.066,31.066,31.066
2022-12-05,31.344,31.344,31.344
2022-12-06,31.158,31.158,31.158
2022-12-07,31.32,31.32,31.32
2022-12-08,31.288,31.288,31.288
2022-12-09,32.263,32.263,32.263
2022-12-12,31.56,31.56,31.56
2022-12-13,31.579,31.579,31.579
2022-12-14,31.783,31.783,31.783
2022-12-15,30.784,30.784,30.784
2022-12-16,30.526,30.526,30.526
2022-12-19,30.809,30.809,30.809
2022-12-20,30.22,30.22,30.22
2022-12-21,31.069,31.069,31.069
2022-12-22,30.83,30.83,30.83
2022-12-23,31.006,31.006,31.006
2022-12-28,31.343,31.343,31.343
2022-12-29,31.036,31.036,31.036
2022-12-30,31.088,31.088,31.088
2023-01-03,30.521,30.521,30.521
2023-01-04,31.455,31.455,31.455
2023-01-05,31.079,31.079,31.079
2023-01-06,32.663,32.663,32.663
2023-01-09,33.173,33.173,33.173
2023-01-10,32.92,32.92,32.92
2023-01-11,33.467,33.467,33.467
2023-01-12,34.428,34.428,34.428
2023-01-13,34.629,34.629,34.629
2023-01-16,34.554,34.554,34.554
2023-01-17,34.334,34.334,34.334
2023-01-18,34.066,34.066,34.066
2023-01-19,34.324,34.324,34.324
2023-01-20,34.795,34.795,34.795
2023-01-23,34.718,34.718,34.718
2023-01-24,35.031,35.031,35.031
2023-01-25,34.97,34.97,34.97
2023-01-26,34.97,34.97,34.97
2023-01-27,35.188,35.188,35.188
2023-01-30,34.751,34.751,34.751
2023-01-31,34.833,34.833,34.833
2023-02-01,35.354,35.354,35.354
2023-02-02,34.566,34.566,34.566
2023-02-03,33.149,33.149,33.149
2023-02-06,33.166,33.166,33.166
2023-02-07,33.405,33.405,33.405
2023-02-08,33.304,33.304,33.304
2023-02-09,33.371,33.371,33.371
2023-02-10,33.197,33.197,33.197
2023-02-13,33.341,33.341,33.341
2023-02-14,33.332,33.332,33.332
2023-02-15,33.093,33.093,33.093
2023-02-16,33.087,33.087,33.087
2023-02-17,33.019,33.019,33.019
2023-02-20,33.462,33.462,33.462
2023-02-21,33.095,33.095,33.095
2023-02-22,32.886,32.886,32.886
2023-02-23,31.782,31.782,31.782
2023-02-24,30.895,30.895,30.895
2023-02-27,30.0,30.0,30.0
2023-02-28,30.411,30.411,30.411
2023-03-01,31.249,31.249,31.249
2023-03-02,32.333,32.333,32.333
2023-03-03,32.703,32.703,32.703
2023-03-06,32.552,32.552,32.552
2023-03-07,31.548,31.548,31.548
2023-03-08,31.369,31.369,31.369
2023-03-09,30.703,30.703,30.703
2023-03-10,29.603,29.603,29.603
2023-03-13,30.541,30.541,30.541
2023-03-14,30.076,30.076,30.076
2023-03-15,30.138,30.138,30.138
2023-03-16,28.872,28.872,28.872
2023-03-17,29.05,29.05,29.05
2023-03-20,28.861,28.861,28.861
2023-03-21,29.026,29.026,29.026
2023-03-22,29.294,29.294,29.294
2023-03-23,29.078,29.078,29.078
2023-03-24,28.999,28.999,28.999
2023-03-27,28.956,28.956,28.956
2023-03-28,29.788,29.788,29.788
2023-03-29,30.073,30.073,30.073
2023-03-30,30.906,30.906,30.906
2023-03-31,31.573,31.573,31.573
2023-04-03,31.869,31.869,31.869
2023-04-04,31.014,31.014,31.014
2023-04-05,30.392,30.392,30.392
2023-04-06,30.053,30.053,30.053
2023-04-11,30.577,30.577,30.577
2023-04-12,31.327,31.327,31.327
2023-04-13,31.464,31.464,31.464
2023-04-14,31.159,31.159,31.159
2023-04-17,31.229,31.229,31.229
2023-04-18,31.311,31.311,31.311
2023-04-19,31.732,31.732,31.732
2023-04-20,31.044,31.044,31.044
2023-04-21,30.118,30.118,30.118
2023-04-24,29.576,29.576,29.576
2023-04-25,29.576,29.576,29.576
2023-04-26,29.031,29.031,29.031
2023-04-27,29.386,29.386,29.386
2023-04-28,29.335,29.335,29.335
2023-05-02,29.062,29.062,29.062
2023-05-03,28.857,28.857,28.857
2023-05-04,29.429,29.429,29.429
2023-05-05,29.725,29.725,29.725
2023-05-09,30.062,30.062,30.062
2023-05-10,30.128,30.128,30.128
2023-05-11,29.484,29.484,29.484
2023-05-12,28.897,28.897,28.897
2023-05-15,29.371,29.371,29.371
2023-05-16,29.335,29.335,29.335
2023-05-17,29.113,29.113,29.113
2023-05-18,29.274,29.274,29.274
2023-05-19,29.366,29.366,29.366
2023-05-22,29.406,29.406,29.406
2023-05-23,28.947,28.947,28.947
2023-05-24,28.017,28.017,28.017
2023-05-25,27.423,27.423,27.423
2023-05-26,27.86,27.86,27.86
2023-05-30,28.342,28.342,28.342
2023-05-31,27.313,27.313,27.313
2023-06-01,27.64,27.64,27.64
2023-06-02,28.593,28.593,28.593
2023-06-05,29.106,29.106,29.106
2023-06-06,29.077,29.077,29.077
2023-06-07,29.007,29.007,29.007
2023-06-08,29.633,29.633,29.633
2023-06-09,30.137,30.137,30.137
2023-06-12,30.137,30.137,30.137
2023-06-13,29.967,29.967,29.967
2023-06-14,31.18,31.18,31.18
2023-06-15,31.843,31.843,31.843
2023-06-16,31.923,31.923,31.923
2023-06-19,31.574,31.574,31.574
2023-06-20,31.69,31.69,31.69
2023-06-21,31.411,31.411,31.411
2023-06-22,30.479,30.479,30.479
2023-06-23,29.779,29.779,29.779
2023-06-26,29.648,29.648,29.648
2023-06-27,30.152,30.152,30.152
2023-06-28,29.973,29.973,29.973
2023-06-29,29.73,29.73,29.73
2023-06-30,29.99,29.99,29.99
2023-07-03,30.188,30.188,30.188
2023-07-04,30.243,30.243,30.243
2023-07-05,29.943,29.943,29.943
2023-07-06,29.13,29.13,29.13
2023-07-07,28.892,28.892,28.892
2023-07-10,28.516,28.516,28.516
2023-07-11,28.97,28.97,28.97
2023-07-12,29.91,29.91,29.91
2023-07-13,30.806,30.806,30.806
2023-07-14,31.122,31.122,31.122
2023-07-17,30.845,30.845,30.845
2023-07-18,30.54,30.54,30.54
2023-07-19,30.259,30.259,30.259
2023-07-20,30.248,30.248,30.248
2023-07-21,30.285,30.285,30.285
2023-07-24,29.881,29.881,29.881
2023-07-25,31.107,31.107,31.107
2023-07-26,31.672,31.672,31.672
2023-07-27,30.968,30.968,30.968
2023-07-28,30.452,30.452,30.452
2023-07-31,30.919,30.919,30.919
2023-08-01,30.655,30.655,30.655
2023-08-02,29.977,29.977,29.977
2023-08-03,29.687,29.687,29.687
2023-08-04,30.086,30.086,30.086
2023-08-07,29.949,29.949,29.949
2023-08-08,29.653,29.653,29.653
2023-08-09,29.693,29.693,29.693
2023-08-10,29.817,29.817,29.817
2023-08-11,29.715,29.715,29.715
2023-08-14,29.016,29.016,29.016
2023-08-15,28.798,28.798,28.798
2023-08-16,27.69,27.69,27.69
2023-08-17,27.603,27.603,27.603
2023-08-18,27.97,27.97,27.97
2023-08-21,27.905,27.905,27.905
2023-08-22,27.745,27.745,27.745
2023-08-23,28.514,28.514,28.514
2023-08-24,28.102,28.102,28.102
2023-08-25,27.533,27.533,27.533
2023-08-29,28.579,28.579,28.579
2023-08-30,28.967,28.967,28.967
2023-08-31,29.076,29.076,29.076
2023-09-01,28.857,28.857,28.857
2023-09-04,29.662,29.662,29.662
2023-09-05,29.398,29.398,29.398
2023-09-06,29.421,29.421,29.421
2023-09-07,27.869,27.869,27.869
2023-09-08,27.534,27.534,27.534
2023-09-11,28.078,28.078,28.078
2023-09-12,28.388,28.388,28.388
2023-09-13,28.124,28.124,28.124
2023-09-14,28.422,28.422,28.422
2023-09-15,29.381,29.381,29.381
2023-09-18,29.442,29.442,29.442
2023-09-19,29.108,29.108,29.108
2023-09-20,28.77,28.77,28.77
2023-09-21,28.299,28.299,28.299
2023-09-22,28.559,28.559,28.559
2023-09-25,28.358,28.358,28.358
2023-09-26,27.695,27.695,27.695
2023-09-27,27.625,27.625,27.625
2023-09-28,28.088,28.088,28.088
2023-09-29,28.47,28.47,28.47
2023-10-02,28.375,28.375,28.375
2023-10-03,27.624,27.624,27.624
2023-10-04,27.644,27.644,27.644
2023-10-05,27.661,27.661,27.661
2023-10-06,28.066,28.066,28.066
2023-10-09,28.223,28.223,28.223
2023-10-10,28.393,28.393,28.393
2023-10-11,28.685,28.685,28.685
2023-10-12,28.312,28.312,28.312
2023-10-13,28.316,28.316,28.316
2023-10-16,28.644,28.644,28.644
2023-10-17,28.996,28.996,28.996
2023-10-18,29.07,29.07,29.07
2023-10-19,28.622,28.622,28.622
2023-10-20,28.044,28.044,28.044
2023-10-23,27.469,27.469,27.469
2023-10-24,27.701,27.701,27.701
2023-10-25,28.209,28.209,28.209
2023-10-26,28.4,28.4,28.4
2023-10-27,28.541,28.541,28.541
2023-10-30,28.753,28.753,28.753
2023-10-31,28.195,28.195,28.195
2023-11-01,28.885,28.885,28.885
2023-11-02,29.197,29.197,29.197
2023-11-03,29.63,29.63,29.63
2023-11-06,29.481,29.481,29.481
2023-11-07,29.318,29.318,29.318
2023-11-08,28.612,28.612,28.612
2023-11-09,28.611,28.611,28.611
2023-11-10,28.81,28.81,28.81
2023-11-13,28.965,28.965,28.965
2023-11-14,29.941,29.941,29.941
2023-11-15,30.469,30.469,30.469
2023-11-16,30.124,30.124,30.124
2023-11-17,30.334,30.334,30.334
2023-11-20,30.643,30.643,30.643
2023-11-21,31.066,31.066,31.066
2023-11-22,31.292,31.292,31.292
2023-11-23,30.916,30.916,30.916
2023-11-24,31.074,31.074,31.074
2023-11-27,30.731,30.731,30.731
2023-11-28,30.867,30.867,30.867
2023-11-29,30.564,30.564,30.564
2023-11-30,30.581,30.581,30.581
2023-12-01,30.918,30.918,30.918
2023-12-04,31.202,31.202,31.202
2023-12-05,30.471,30.471,30.471
2023-12-06,30.931,30.931,30.931
2023-12-07,31.302,31.302,31.302
2023-12-08,31.399,31.399,31.399
2023-12-11,31.21,31.21,31.21
2023-12-12,31.195,31.195,31.195
2023-12-13,31.872,31.872,31.872
2023-12-14,32.313,32.313,32.313
2023-12-15,33.085,33.085,33.085
2023-12-18,33.082,33.082,33.082
2023-12-19,33.548,33.548,33.548
2023-12-20,33.51,33.51,33.51
2023-12-21,33.828,33.828,33.828
2023-12-22,33.811,33.811,33.811
2023-12-27,34.393,34.393,34.393
2023-12-28,34.637,34.637,34.637
2023-12-29,34.329,34.329,34.329
2024-01-02,34.165,34.165,34.165
2024-01-03,33.49,33.49,33.49
2024-01-04,33.243,33.243,33.243
2024-01-05,32.941,32.941,32.941
2024-01-08,32.69,32.69,32.69
2024-01-09,32.722,32.722,32.722
2024-01-10,32.057,32.057,32.057
2024-01-11,31.971,31.971,31.971
2024-01-12,31.894,31.894,31.894
2024-01-15,31.422,31.422,31.422
2024-01-16,30.611,30.611,30.611
2024-01-17,30.503,30.503,30.503
2024-01-18,30.045,30.045,30.045
2024-01-19,30.168,30.168,30.168
2024-01-22,30.123,30.123,30.123
2024-01-23,30.456,30.456,30.456
2024-01-24,30.815,30.815,30.815
2024-01-25,31.286,31.286,31.286
2024-01-26,31.286,31.286,31.286
2024-01-29,30.981,30.981,30.981
2024-01-30,31.058,31.058,31.058
2024-01-31,31.033,31.033,31.033
2024-02-01,30.947,30.947,30.947
2024-02-02,31.004,31.004,31.004
2024-02-05,30.109,30.109,30.109
2024-02-06,29.98,29.98,29.98
2024-02-07,30.27,30.27,30.27
2024-02-08,30.131,30.131,30.131
2024-02-09,30.201,30.201,30.201
2024-02-12,30.079,30.079,30.079
2024-02-13,29.886,29.886,29.886
2024-02-14,29.822,29.822,29.822
2024-02-15,29.469,29.469,29.469
2024-02-16,29.788,29.788,29.788
2024-02-19,30.096,30.096,30.096
2024-02-20,29.82,29.82,29.82
2024-02-21,29.128,29.128,29.128
2024-02-22,29.03,29.03,29.03
2024-02-23,29.225,29.225,29.225
2024-02-26,28.756,28.756,28.756
2024-02-27,28.815,28.815,28.815
2024-02-28,28.55,28.55,28.55
2024-02-29,28.533,28.533,28.533
2024-03-01,29.301,29.301,29.301
2024-03-04,28.798,28.798,28.798
2024-03-05,29.023,29.023,29.023
2024-03-06,29.107,29.107,29.107
2024-03-07,29.018,29.018,29.018
2024-03-08,29.126,29.126,29.126
2024-03-11,28.321,28.321,28.321
2024-03-12,28.084,28.084,28.084
2024-03-13,27.771,27.771,27.771
2024-03-14,28.333,28.333,28.333
2024-03-15,27.821,27.821,27.821
2024-03-18,27.817,27.817,27.817
2024-03-19,28.46,28.46,28.46
2024-03-20,28.849,28.849,28.849
2024-03-21,29.002,29.002,29.002
2024-03-22,28.525,28.525,28.525
2024-03-25,28.693,28.693,28.693
2024-03-26,28.493,28.493,28.493
2024-03-27,28.536,28.536,28.536
2024-03-28,28.842,28.842,28.842
2024-04-02,29.411,29.411,29.411
2024-04-03,29.442,29.442,29.442
2024-04-04,29.477,29.477,29.477
2024-04-05,29.173,29.173,29.173
2024-04-08,29.218,29.218,29.218
2024-04-09,29.908,29.908,29.908
2024-04-10,29.594,29.594,29.594
2024-04-11,30.026,30.026,30.026
2024-04-12,29.42,29.42,29.42
2024-04-15,29.48,29.48,29.48
2024-04-16,28.785,28.785,28.785
2024-04-17,28.593,28.593,28.593
2024-04-18,28.948,28.948,28.948
2024-04-19,28.639,28.639,28.639
2024-04-22,29.291,29.291,29.291
2024-04-23,29.507,29.507,29.507
2024-04-24,29.386,29.386,29.386
2024-04-25,29.386,29.386,29.386
2024-04-26,28.19,28.19,28.19
2024-04-29,28.214,28.214,28.214
2024-04-30,27.849,27.849,27.849
2024-05-01,27.605,27.605,27.605
2024-05-02,27.814,27.814,27.814
2024-05-03,28.025,28.025,28.025
2024-05-07,28.64,28.64,28.64
2024-05-08,28.535,28.535,28.535
2024-05-09,28.501,28.501,28.501
2024-05-10,28.325,28.325,28.325
2024-05-13,28.575,28.575,28.575
2024-05-14,28.578,28.578,28.578
2024-05-15,29.505,29.505,29.505
2024-05-16,29.739,29.739,29.739
2024-05-17,30.04,30.04,30.04
2024-05-20,30.482,30.482,30.482
2024-05-21,30.681,30.681,30.681
2024-05-22,30.602,30.602,30.602
2024-05-23,29.668,29.668,29.668
2024-05-24,29.583,29.583,29.583
2024-05-28,29.969,29.969,29.969
2024-05-29,29.802,29.802,29.802
2024-05-30,29.38,29.38,29.38
2024-05-31,29.608,29.608,29.608
2024-06-03,29.969,29.969,29.969
2024-06-04,29.42,29.42,29.42
2024-06-05,29.18,29.18,29.18
2024-06-06,29.359,29.359,29.359
2024-06-07,29.31,29.31,29.31
2024-06-10,29.31,29.31,29.31
2024-06-11,28.912,28.912,28.912
2024-06-12,28.984,28.984,28.984
2024-06-13,28.663,28.663,28.663
2024-06-14,28.5,28.5,28.5
2024-06-17,28.127,28.127,28.127
2024-06-18,28.483,28.483,28.483
2024-06-19,28.512,28.512,28.512
2024-06-20,28.446,28.446,28.446
2024-06-21,28.402,28.402,28.402
2024-06-24,28.241,28.241,28.241
2024-06-25,28.786,28.786,28.786
2024-06-26,28.804,28.804,28.804
2024-06-27,28.673,28.673,28.673
2024-06-28,28.455,28.455,28.455
2024-07-01,28.833,28.833,28.833
2024-07-02,28.77,28.77,28.77
2024-07-03,29.263,29.263,29.263
2024-07-04,30.117,30.117,30.117
2024-07-05,29.959,29.959,29.959
2024-07-08,29.288,29.288,29.288
2024-07-09,29.481,29.481,29.481
2024-07-10,29.127,29.127,29.127
2024-07-11,29.442,29.442,29.442
2024-07-12,29.438,29.438,29.438
2024-07-15,29.517,29.517,29.517
2024-07-16,29.006,29.006,29.006
2024-07-17,28.724,28.724,28.724
2024-07-18,28.604,28.604,28.604
2024-07-19,27.904,27.904,27.904
2024-07-22,27.657,27.657,27.657
2024-07-23,27.422,27.422,27.422
2024-07-24,27.351,27.351,27.351
2024-07-25,26.93,26.93,26.93
2024-07-26,27.567,27.567,27.567
2024-07-29,27.547,27.547,27.547
2024-07-30,27.155,27.155,27.155
2024-07-31,27.664,27.664,27.664
2024-08-01,27.61,27.61,27.61
2024-08-02,27.325,27.325,27.325
2024-08-05,26.701,26.701,26.701
2024-08-06,26.893,26.893,26.893
2024-08-07,26.733,26.733,26.733
2024-08-08,26.506,26.506,26.506
2024-08-09,26.853,26.853,26.853
2024-08-12,26.761,26.761,26.761
2024-08-13,27.021,27.021,27.021
2024-08-14,26.133,26.133,26.133
2024-08-15,25.926,25.926,25.926
2024-08-16,26.671,26.671,26.671
2024-08-19,26.73,26.73,26.73
2024-08-20,27.133,27.133,27.133
2024-08-21,27.561,27.561,27.561
2024-08-22,27.446,27.446,27.446
2024-08-23,27.623,27.623,27.623
2024-08-27,28.085,28.085,28.085
2024-08-28,27.656,27.656,27.656
2024-08-29,27.548,27.548,27.548
2024-08-30,27.577,27.577,27.577
2024-09-02,27.384,27.384,27.384
2024-09-03,26.588,26.588,26.588
2024-09-04,25.982,25.982,25.982
2024-09-05,26.225,26.225,26.225
2024-09-06,25.646,25.646,25.646
2024-09-09,25.814,25.814,25.814
2024-09-10,25.713,25.713,25.713
2024-09-11,26.248,26.248,26.248
2024-09-12,26.088,26.088,26.088
2024-09-13,26.544,26.544,26.544
2024-09-16,26.7,26.7,26.7
2024-09-17,26.716,26.716,26.716
2024-09-18,26.504,26.504,26.504
2024-09-19,27.385,27.385,27.385
2024-09-20,27.455,27.455,27.455
2024-09-23,27.222,27.222,27.222
2024-09-24,28.336,28.336,28.336
2024-09-25,29.13,29.13,29.13
2024-09-26,29.897,29.897,29.897
2024-09-27,30.88,30.88,30.88
2024-09-30,31.772,31.772,31.772
2024-10-01,30.721,30.721,30.721
2024-10-02,31.019,31.019,31.019
2024-10-03,31.029,31.029,31.029
2024-10-04,30.288,30.288,30.288
2024-10-07,30.312,30.312,30.312
2024-10-08,29.536,29.536,29.536
2024-10-09,29.071,29.071,29.071
2024-10-10,29.584,29.584,29.584
2024-10-11,29.315,29.315,29.315
2024-10-14,29.455,29.455,29.455
2024-10-15,29.496,29.496,29.496
2024-10-16,29.024,29.024,29.024
2024-10-17,28.786,28.786,28.786
2024-10-18,28.205,28.205,28.205
2024-10-21,28.39,28.39,28.39
2024-10-22,28.154,28.154,28.154
2024-10-23,28.144,28.144,28.144
2024-10-24,28.054,28.054,28.054
2024-10-25,27.99,27.99,27.99
2024-10-28,28.281,28.281,28.281
2024-10-29,28.234,28.234,28.234
2024-10-30,28.328,28.328,28.328
2024-10-31,28.061,28.061,28.061
2024-11-01,28.059,28.059,28.059
2024-11-04,28.048,28.048,28.048
2024-11-05,28.285,28.285,28.285
2024-11-06,27.98,27.98,27.98
2024-11-07,28.709,28.709,28.709
2024-11-08,28.557,28.557,28.557
2024-11-11,27.368,27.368,27.368
2024-11-12,26.72,26.72,26.72
2024-11-13,26.297,26.297,26.297
2024-11-14,25.814,25.814,25.814
2024-11-15,25.889,25.889,25.889
2024-11-18,26.262,26.262,26.262
2024-11-19,26.326,26.326,26.326
2024-11-20,26.064,26.064,26.064
2024-11-21,25.92,25.92,25.92
2024-11-22,26.108,26.108,26.108
2024-11-25,26.138,26.138,26.138
2024-11-26,25.797,25.797,25.797
2024-11-27,25.837,25.837,25.837
2024-11-28,26.041,26.041,26.041
2024-11-29,26.411,26.411,26.411
2024-12-02,26.35,26.35,26.35
2024-12-03,26.36,26.36,26.36
2024-12-04,26.387,26.387,26.387
2024-12-05,26.181,26.181,26.181
2024-12-06,26.003,26.003,26.003
2024-12-09,26.128,26.128,26.128
2024-12-10,26.667,26.667,26.667
2024-12-11,26.746,26.746,26.746
2024-12-12,26.608,26.608,26.608
2024-12-13,26.188,26.188,26.188
2024-12-16,25.703,25.703,25.703
2024-12-17,25.496,25.496,25.496
2024-12-18,25.036,25.036,25.036
2024-12-19,24.744,24.744,24.744
2024-12-20,24.744,24.744,24.744
2024-12-23,24.922,24.922,24.922
2024-12-24,24.776,24.776,24.776
2024-12-27,24.717,24.717,24.717
2024-12-30,24.773,24.773,24.773
2024-12-31,24.47,24.47,24.47
2025-01-02,24.787,24.787,24.787
2025-01-03,24.699,24.699,24.699
2025-01-06,24.335,24.335,24.335
2025-01-07,24.106,24.106,24.106
2025-01-08,24.487,24.487,24.487
2025-01-09,24.32,24.32,24.32
2025-01-10,24.383,24.383,24.383
2025-01-13,24.455,24.455,24.455
2025-01-14,24.867,24.867,24.867
2025-01-15,24.767,24.767,24.767
2025-01-16,24.836,24.836,24.836
2025-01-17,24.791,24.791,24.791
2025-01-20,25.247,25.247,25.247
2025-01-21,25.467,25.467,25.467
2025-01-22,24.967,24.967,24.967
2025-01-23,24.587,24.587,24.587
2025-01-24,24.801,24.801,24.801
2025-01-27,24.801,24.801,24.801
2025-01-28,24.679,24.679,24.679
2025-01-29,24.378,24.378,24.378
2025-01-30,24.505,24.505,24.505
2025-01-31,24.813,24.813,24.813
2025-02-03,24.431,24.431,24.431
2025-02-04,24.718,24.718,24.718
2025-02-05,25.222,25.222,25.222
2025-02-06,25.295,25.295,25.295
2025-02-07,25.385,25.385,25.385
2025-02-10,25.156,25.156,25.156
2025-02-11,25.252,25.252,25.252
2025-02-12,25.204,25.204,25.204
2025-02-13,25.885,25.885,25.885
2025-02-14,25.984,25.984,25.984
2025-02-17,25.92,25.92,25.92
2025-02-18,26.016,26.016,26.016
2025-02-19,25.998,25.998,25.998
2025-02-20,25.688,25.688,25.688
2025-02-21,26.221,26.221,26.221
2025-02-24,25.9,25.9,25.9
2025-02-25,25.569,25.569,25.569
2025-02-26,25.041,25.041,25.041
2025-02-27,24.944,24.944,24.944
2025-02-28,24.232,24.232,24.232
2025-03-03,24.647,24.647,24.647
2025-03-04,24.758,24.758,24.758
2025-03-05,25.045,25.045,25.045
2025-03-06,24.837,24.837,24.837
2025-03-07,24.577,24.577,24.577
2025-03-10,24.61,24.61,24.61
2025-03-11,24.972,24.972,24.972
2025-03-12,24.609,24.609,24.609
2025-03-13,24.03,24.03,24.03
2025-03-14,24.438,24.438,24.438
2025-03-17,25.26,25.26,25.26
2025-03-18,25.202,25.202,25.202
2025-03-19,25.148,25.148,25.148
2025-03-20,24.652,24.652,24.652
2025-03-21,24.788,24.788,24.788
2025-03-24,24.713,24.713,24.713
2025-03-25,24.599,24.599,24.599
2025-03-26,24.886,24.886,24.886
2025-03-27,24.985,24.985,24.985
2025-03-28,24.953,24.953,24.953
2025-03-31,23.86,23.86,23.86
2025-04-01,24.407,24.407,24.407
2025-04-02,24.13,24.13,24.13
2025-04-03,23.416,23.416,23.416
2025-04-04,22.243,22.243,22.243
2025-04-07,20.687,20.687,20.687
2025-04-08,21.065,21.065,21.065
2025-04-09,21.012,21.012,21.012
2025-04-10,22.399,22.399,22.399
2025-04-11,22.261,22.261,22.261
2025-04-14,23.004,23.004,23.004
2025-04-15,23.148,23.148,23.148
2025-04-16,22.973,22.973,22.973
2025-04-17,23.311,23.311,23.311
2025-04-22,23.239,23.239,23.239
2025-04-23,23.986,23.986,23.986
2025-04-24,24.393,24.393,24.393
2025-04-25,24.393,24.393,24.393
2025-04-28,24.215,24.215,24.215
2025-04-29,24.369,24.369,24.369
2025-04-30,24.449,24.449,24.449
2025-05-01,24.147,24.147,24.147
2025-05-02,24.531,24.531,24.531
2025-05-06,24.41,24.41,24.41
2025-05-07,24.362,24.362,24.362
2025-05-08,24.265,24.265,24.265
2025-05-09,24.067,24.067,24.067
2025-05-12,24.461,24.461,24.461
2025-05-13,25.365,25.365,25.365
2025-05-14,25.351,25.351,25.351
2025-05-15,25.105,25.105,25.105
2025-05-16,25.421,25.421,25.421
2025-05-19,25.009,25.009,25.009
2025-05-20,24.785,24.785,24.785
2025-05-21,24.871,24.871,24.871
2025-05-22,24.762,24.762,24.762
2025-05-23,24.904,24.904,24.904
2025-05-27,24.896,24.896,24.896
2025-05-28,24.708,24.708,24.708
2025-05-29,24.572,24.572,24.572
2025-05-30,24.599,24.599,24.599
2025-06-02,24.531,24.531,24.531
2025-06-03,24.268,24.268,24.268
2025-06-04,24.626,24.626,24.626
2025-06-05,24.698,24.698,24.698
2025-06-06,24.815,24.815,24.815
2025-06-09,24.815,24.815,24.815
2025-06-10,25.085,25.085,25.085
2025-06-11,25.375,25.375,25.375
2025-06-12,25.04,25.04,25.04
2025-06-13,24.219,24.219,24.219
2025-06-16,24.415,24.415,24.415
2025-06-17,24.148,24.148,24.148
2025-06-18,23.985,23.985,23.985
2025-06-19,23.416,23.416,23.416
2025-06-20,23.355,23.355,23.355
2025-06-23,23.02,23.02,23.02
2025-06-24,23.661,23.661,23.661
2025-06-25,23.515,23.515,23.515
2025-06-26,23.637,23.637,23.637
2025-06-27,24.507,24.507,24.507
2025-06-30,24.181,24.181,24.181
2025-07-01,24.063,24.063,24.063
2025-07-02,24.489,24.489,24.489
2025-07-03,25.796,25.796,25.796
2025-07-04,25.368,25.368,25.368
2025-07-07,25.044,25.044,25.044
2025-07-08,24.971,24.971,24.971
2025-07-09,24.735,24.735,24.735
2025-07-10,25.228,25.228,25.228
2025-07-11,25.891,25.891,25.891
2025-07-14,25.995,25.995,25.995
2025-07-15,25.651,25.651,25.651
2025-07-16,25.523,25.523,25.523
2025-07-17,25.371,25.371,25.371
2025-07-18,26.221,26.221,26.221
2025-07-21,26.392,26.392,26.392
2025-07-22,27.206,27.206,27.206
2025-07-23,27.625,27.625,27.625
2025-07-24,27.41,27.41,27.41
2025-07-25,26.785,26.785,26.785
2025-07-28,26.272,26.272,26.272
2025-07-29,26.309,26.309,26.309
2025-07-30,25.87,25.87,25.87
2025-07-31,25.222,25.222,25.222
2025-08-01,25.395,25.395,25.395
2025-08-04,25.603,25.603,25.603
2025-08-05,25.751,25.751,25.751
2025-08-06,25.939,25.939,25.939
2025-08-07,26.007,26.007,26.007
2025-08-08,26.233,26.233,26.233
2025-08-11,26.615,26.615,26.615
2025-08-12,26.926,26.926,26.926
2025-08-13,27.304,27.304,27.304
2025-08-14,26.948,26.948,26.948
2025-08-15,27.291,27.291,27.291
2025-08-18,26.918,26.918,26.918
2025-08-19,27.18,27.18,27.18
2025-08-20,26.858,26.858,26.858
2025-08-21,26.998,26.998,26.998
2025-08-22,27.25,27.25,27.25
2025-08-26,27.688,27.688,27.688
2025-08-27,28.11,28.11,28.11
2025-08-28,28.086,28.086,28.086
2025-08-29,28.242,28.242,28.242
2025-09-01,27.973,27.973,27.973
2025-09-02,27.934,27.934,27.934
2025-09-03,27.675,27.675,27.675
2025-09-04,27.35,27.35,27.35
2025-09-05,27.271,27.271,27.271
2025-09-08,27.263,27.263,27.263
2025-09-09,26.966,26.966,26.966
2025-09-10,26.756,26.756,26.756
2025-09-11,26.808,26.808,26.808
2025-09-12,27.126,27.126,27.126
2025-09-15,27.051,27.051,27.051
2025-09-16,27.247,27.247,27.247
2025-09-17,26.806,26.806,26.806
2025-09-18,26.424,26.424,26.424
2025-09-19,26.127,26.127,26.127
2025-09-22,26.412,26.412,26.412
2025-09-23,26.537,26.537,26.537
2025-09-24,26.482,26.482,26.482
2025-09-25,27.244,27.244,27.244
2025-09-26,27.637,27.637,27.637
2025-09-29,27.556,27.556,27.556
2025-09-30,28.117,28.117,28.117
2025-10-01,27.42,27.42,27.42
2025-10-02,27.659,27.659,27.659
2025-10-03,27.777,27.777,27.777
2025-10-06,27.725,27.725,27.725
2025-10-07,27.605,27.605,27.605
2025-10-08,27.585,27.585,27.585
2025-10-09,28.254,28.254,28.254
2025-10-10,27.312,27.312,27.312
2025-10-13,27.279,27.279,27.279
2025-10-14,27.749,27.749,27.749
2025-10-15,28.345,28.345,28.345
2025-10-16,28.38,28.38,28.38
2025-10-17,28.314,28.314,28.314
2025-10-20,28.093,28.093,28.093
2025-10-21,28.627,28.627,28.627
2025-10-22,28.221,28.221,28.221
2025-10-23,28.008,28.008,28.008
2025-10-24,28.162,28.162,28.162
2025-10-27,28.545,28.545,28.545
2025-10-28,28.526,28.526,28.526
2025-10-29,28.845,28.845,28.845
2025-10-30,28.755,28.755,28.755
2025-10-31,28.429,28.429,28.429
2025-11-03,28.351,28.351,28.351
2025-11-04,27.604,27.604,27.604
2025-11-05,27.534,27.534,27.534
2025-11-06,27.851,27.851,27.851
2025-11-07,27.684,27.684,27.684
2025-11-10,27.872,27.872,27.872
2025-11-11,27.92,27.92,27.92
2025-11-12,28.153,28.153,28.153
2025-11-13,28.281,28.281,28.281
2025-11-14,27.941,27.941,27.941
2025-11-17,27.578,27.578,27.578
2025-11-18,26.61,26.61,26.61
2025-11-19,26.523,26.523,26.523
2025-11-20,26.855,26.855,26.855
2025-11-21,26.055,26.055,26.055
2025-11-24,26.253,26.253,26.253
2025-11-25,26.521,26.521,26.521
2025-11-26,27.246,27.246,27.246
2025-11-27,27.269,27.269,27.269
2025-11-28,27.281,27.281,27.281
2025-12-01,27.525,27.525,27.525
2025-12-02,27.928,27.928,27.928
2025-12-03,28.354,28.354,28.354
2025-12-04,29.41,29.41,29.41
2025-12-05,29.76,29.76,29.76
2025-12-08,29.448,29.448,29.448
2025-12-09,29.415,29.415,29.415
2025-12-10,29.722,29.722,29.722
2025-12-11,30.046,30.046,30.046
2025-12-12,30.326,30.326,30.326
2025-12-15,29.395,29.395,29.395
2025-12-16,29.331,29.331,29.331
2025-12-17,29.319,29.319,29.319
2025-12-18,29.67,29.67,29.67
2025-12-19,29.322,29.322,29.322
2025-12-22,29.994,29.994,29.994
2025-12-23,30.539,30.539,30.539
2025-12-24,30.584,30.584,30.584
2025-12-29,30.42,30.42,30.42
2025-12-30,30.19,30.19,30.19
2025-12-31,30.351,30.351,30.351
2026-01-02,30.627,30.627,30.627
2026-01-05,31.202,31.202,31.202
2026-01-06,31.807,31.807,31.807
2026-01-07,32.054,32.054,32.054
2026-01-08,31.704,31.704,31.704
2026-01-09,31.896,31.896,31.896
2026-01-12,31.208,31.208,31.208
2026-01-13,31.783,31.783,31.783
2026-01-14,32.144,32.144,32.144
2026-01-15,33.068,33.068,33.068
2026-01-16,32.725,32.725,32.725
2026-01-19,32.726,32.726,32.726
2026-01-20,32.18,32.18,32.18
2026-01-21,32.772,32.772,32.772
2026-01-22,32.887,32.887,32.887
2026-01-23,33.383,33.383,33.383
2026-01-26,33.383,33.383,33.383
2026-01-27,34.88,34.88,34.88
2026-01-28,35.622,35.622,35.622
2026-01-29,36.294,36.294,36.294
2026-01-30,35.192,35.192,35.192
2026-02-02,34.332,34.332,34.332
2026-02-03,35.201,35.201,35.201
2026-02-04,36.664,36.664,36.664
2026-02-05,34.869,34.869,34.869
2026-02-06,34.226,34.226,34.226
2026-02-09,35.264,35.264,35.264
2026-02-10,35.554,35.554,35.554
2026-02-11,36.392,36.392,36.392
2026-02-12,36.921,36.921,36.921
2026-02-13,36.164,36.164,36.164
2026-02-16,35.599,35.599,35.599
2026-02-17,37.361,37.361,37.361
2026-02-18,36.817,36.817,36.817
2026-02-19,37.57,37.57,37.57
2026-02-20,37.774,37.774,37.774
2026-02-23,38.1,38.1,38.1
2026-02-24,38.626,38.626,38.626
2026-02-25,40.252,40.252,40.252
2026-02-26,41.026,41.026,41.026
2026-02-27,41.547,41.547,41.547
2026-03-02,42.014,42.014,42.014
2026-03-03,40.58,40.58,40.58
2026-03-04,39.382,39.382,39.382
2026-03-05,38.638,38.638,38.638
2026-03-06,37.125,37.125,37.125
2026-03-09,35.436,35.436,35.436
2026-03-10,36.471,36.471,36.471
2026-03-11,37.157,37.157,37.157
2026-03-12,36.063,36.063,36.063
2026-03-13,34.76,34.76,34.76
2026-03-16,34.772,34.772,34.772
2026-03-17,35.318,35.318,35.318
2026-03-18,35.173,35.173,35.173
2026-03-19,34.261,34.261,34.261
2026-03-20,33.338,33.338,33.338
