Company,Date,Actual,Model,Forecast
Glencore,2023-04-03,5.54,Random Walk,4.84
Glencore,2023-04-03,5.54,Random Walk + Drift,4.8387199999999995
Glencore,2023-04-03,5.54,ARIMA,4.834149073463426
Glencore,2023-04-03,5.54,LASSO,4.82939268340885
Glencore,2023-04-03,5.54,Elastic Net,4.82939268340885
Glencore,2023-04-03,5.54,Random Forest,4.820907751322753
Glencore,2023-04-03,5.54,XGBoost,4.834392624949526
Glencore,2023-04-03,5.54,LightGBM,4.834392624949526
Glencore,2023-04-03,5.54,LSTM,4.717879867061194
Glencore,2023-04-03,5.54,GRU,4.763126651525787
Glencore,2023-04-04,5.67,Random Walk,4.73
Glencore,2023-04-04,5.67,Random Walk + Drift,4.728678598629094
Glencore,2023-04-04,5.67,ARIMA,4.731152796822221
Glencore,2023-04-04,5.67,LASSO,4.722779357116485
Glencore,2023-04-04,5.67,Elastic Net,4.722779357116485
Glencore,2023-04-04,5.67,Random Forest,4.736091141173641
Glencore,2023-04-04,5.67,XGBoost,4.740976773433282
Glencore,2023-04-04,5.67,LightGBM,4.740976773433282
Glencore,2023-04-04,5.67,LSTM,4.753391694715474
Glencore,2023-04-04,5.67,GRU,4.777437044800968
Glencore,2023-04-05,5.61,Random Walk,4.71
Glencore,2023-04-05,5.61,Random Walk + Drift,4.708671488389799
Glencore,2023-04-05,5.61,ARIMA,4.717549041120101
Glencore,2023-04-05,5.61,LASSO,4.703377953824752
Glencore,2023-04-05,5.61,Elastic Net,4.703377953824752
Glencore,2023-04-05,5.61,Random Forest,4.752535714285716
Glencore,2023-04-05,5.61,XGBoost,4.736249052852011
Glencore,2023-04-05,5.61,LightGBM,4.736249052852011
Glencore,2023-04-05,5.61,LSTM,4.778105139125057
Glencore,2023-04-05,5.61,GRU,4.766808752604852
Glencore,2023-04-06,5.61,Random Walk,4.67
Glencore,2023-04-06,5.61,Random Walk + Drift,4.668656773211568
Glencore,2023-04-06,5.61,ARIMA,4.6773254261627795
Glencore,2023-04-06,5.61,LASSO,4.665555310528174
Glencore,2023-04-06,5.61,Elastic Net,4.665555310528174
Glencore,2023-04-06,5.61,Random Forest,4.684084100529098
Glencore,2023-04-06,5.61,XGBoost,4.678968791822831
Glencore,2023-04-06,5.61,LightGBM,4.678968791822831
Glencore,2023-04-06,5.61,LSTM,4.730524682713889
Glencore,2023-04-06,5.61,GRU,4.707651986549017
Glencore,2023-04-11,5.78,Random Walk,4.82
Glencore,2023-04-11,5.78,Random Walk + Drift,4.818714340053252
Glencore,2023-04-11,5.78,ARIMA,4.824163228692015
Glencore,2023-04-11,5.78,LASSO,4.81520703314985
Glencore,2023-04-11,5.78,Elastic Net,4.81520703314985
Glencore,2023-04-11,5.78,Random Forest,4.823437962962963
Glencore,2023-04-11,5.78,XGBoost,4.835642489583593
Glencore,2023-04-11,5.78,LightGBM,4.835642489583593
Glencore,2023-04-11,5.78,LSTM,4.759104549534633
Glencore,2023-04-11,5.78,GRU,4.743507388706583
Glencore,2023-04-12,5.95,Random Walk,4.87
Glencore,2023-04-12,5.95,Random Walk + Drift,4.868733840304182
Glencore,2023-04-12,5.95,ARIMA,4.864899665970215
Glencore,2023-04-12,5.95,LASSO,4.862312230616865
Glencore,2023-04-12,5.95,Elastic Net,4.862312230616865
Glencore,2023-04-12,5.95,Random Forest,4.949945238095236
Glencore,2023-04-12,5.95,XGBoost,4.8973406149320615
Glencore,2023-04-12,5.95,LightGBM,4.8973406149320615
Glencore,2023-04-12,5.95,LSTM,4.7916285830690395
Glencore,2023-04-12,5.95,GRU,4.805451682339668
Glencore,2023-04-13,6.02,Random Walk,4.91
Glencore,2023-04-13,6.02,Random Walk + Drift,4.908749524895478
Glencore,2023-04-13,6.02,ARIMA,4.906943380478043
Glencore,2023-04-13,6.02,LASSO,4.901145549434182
Glencore,2023-04-13,6.02,Elastic Net,4.901145549434182
Glencore,2023-04-13,6.02,Random Forest,4.9673105291005335
Glencore,2023-04-13,6.02,XGBoost,4.935020283478643
Glencore,2023-04-13,6.02,LightGBM,4.935020283478643
Glencore,2023-04-13,6.02,LSTM,4.857862840924068
Glencore,2023-04-13,6.02,GRU,4.860708760579345
Glencore,2023-04-14,6.02,Random Walk,5.08
Glencore,2023-04-14,6.02,Random Walk + Drift,5.078814589665654
Glencore,2023-04-14,6.02,ARIMA,5.084797193512955
Glencore,2023-04-14,6.02,LASSO,5.067038380414132
Glencore,2023-04-14,6.02,Elastic Net,5.067038380414132
Glencore,2023-04-14,6.02,Random Forest,5.12989850529101
Glencore,2023-04-14,6.02,XGBoost,5.097837819561053
Glencore,2023-04-14,6.02,LightGBM,5.097837819561053
Glencore,2023-04-14,6.02,LSTM,4.950840617483913
Glencore,2023-04-14,6.02,GRU,4.994677451641717
Glencore,2023-04-17,5.96,Random Walk,5.19
Glencore,2023-04-17,5.96,Random Walk + Drift,5.188856817318649
Glencore,2023-04-17,5.96,ARIMA,5.1956486290326165
Glencore,2023-04-17,5.96,LASSO,5.177411718018778
Glencore,2023-04-17,5.96,Elastic Net,5.177411718018778
Glencore,2023-04-17,5.96,Random Forest,5.121757169312172
Glencore,2023-04-17,5.96,XGBoost,5.145746688166015
Glencore,2023-04-17,5.96,LightGBM,5.145746688166015
Glencore,2023-04-17,5.96,LSTM,5.0636459946487395
Glencore,2023-04-17,5.96,GRU,5.104664960649201
Glencore,2023-04-18,6.1,Random Walk,5.2
Glencore,2023-04-18,6.1,Random Walk + Drift,5.198861047835991
Glencore,2023-04-18,6.1,ARIMA,5.204923003063904
Glencore,2023-04-18,6.1,LASSO,5.188026858799065
Glencore,2023-04-18,6.1,Elastic Net,5.188026858799065
Glencore,2023-04-18,6.1,Random Forest,5.147584007936505
Glencore,2023-04-18,6.1,XGBoost,5.210906107957585
Glencore,2023-04-18,6.1,LightGBM,5.210906107957585
Glencore,2023-04-18,6.1,LSTM,5.126467922702084
Glencore,2023-04-18,6.1,GRU,5.2045978024625805
Glencore,2023-04-19,6.06,Random Walk,5.07
Glencore,2023-04-19,6.06,Random Walk + Drift,5.068812144212524
Glencore,2023-04-19,6.06,ARIMA,5.064633648049604
Glencore,2023-04-19,6.06,LASSO,5.061217468970718
Glencore,2023-04-19,6.06,Elastic Net,5.061217468970718
Glencore,2023-04-19,6.06,Random Forest,5.074831944444441
Glencore,2023-04-19,6.06,XGBoost,5.058533771894122
Glencore,2023-04-19,6.06,LightGBM,5.058533771894122
Glencore,2023-04-19,6.06,LSTM,5.157720134697582
Glencore,2023-04-19,6.06,GRU,5.174513359404511
Glencore,2023-04-20,6.16,Random Walk,5.05
Glencore,2023-04-20,6.16,Random Walk + Drift,5.048805007587253
Glencore,2023-04-20,6.16,ARIMA,5.043376530967128
Glencore,2023-04-20,6.16,LASSO,5.044361622513934
Glencore,2023-04-20,6.16,Elastic Net,5.044361622513934
Glencore,2023-04-20,6.16,Random Forest,5.074612777777775
Glencore,2023-04-20,6.16,XGBoost,5.052792887079329
Glencore,2023-04-20,6.16,LightGBM,5.052792887079329
Glencore,2023-04-20,6.16,LSTM,5.129312410510189
Glencore,2023-04-20,6.16,GRU,5.083109002436405
Glencore,2023-04-21,6.01,Random Walk,4.91
Glencore,2023-04-21,6.01,Random Walk + Drift,4.908752370117558
Glencore,2023-04-21,6.01,ARIMA,4.913623851129384
Glencore,2023-04-21,6.01,LASSO,4.909002473264618
Glencore,2023-04-21,6.01,Elastic Net,4.909002473264618
Glencore,2023-04-21,6.01,Random Forest,4.8936337301587285
Glencore,2023-04-21,6.01,XGBoost,4.913548266546162
Glencore,2023-04-21,6.01,LightGBM,4.913548266546162
Glencore,2023-04-21,6.01,LSTM,5.0346324917187495
Glencore,2023-04-21,6.01,GRU,5.014084647510259
Glencore,2023-04-24,5.98,Random Walk,4.87
Glencore,2023-04-24,5.98,Random Walk + Drift,4.8687376800606526
Glencore,2023-04-24,5.98,ARIMA,4.877052613858907
Glencore,2023-04-24,5.98,LASSO,4.869936335107532
Glencore,2023-04-24,5.98,Elastic Net,4.869936335107532
Glencore,2023-04-24,5.98,Random Forest,4.861933412698412
Glencore,2023-04-24,5.98,XGBoost,4.870544095034015
Glencore,2023-04-24,5.98,LightGBM,4.870544095034015
Glencore,2023-04-24,5.98,LSTM,4.969015968986168
Glencore,2023-04-24,5.98,GRU,4.903024109015682
Glencore,2023-04-25,5.74,Random Walk,4.95
Glencore,2023-04-25,5.74,Random Walk + Drift,4.948768472906404
Glencore,2023-04-25,5.74,ARIMA,4.9556491535662275
Glencore,2023-04-25,5.74,LASSO,4.946264423538914
Glencore,2023-04-25,5.74,Elastic Net,4.946264423538914
Glencore,2023-04-25,5.74,Random Forest,4.9699030952381
Glencore,2023-04-25,5.74,XGBoost,4.953162645614441
Glencore,2023-04-25,5.74,LightGBM,4.953162645614441
Glencore,2023-04-25,5.74,LSTM,4.931055593020777
Glencore,2023-04-25,5.74,GRU,4.866838300482263
Glencore,2023-04-26,5.92,Random Walk,4.92
Glencore,2023-04-26,5.92,Random Walk + Drift,4.918757575757576
Glencore,2023-04-26,5.92,ARIMA,4.913964053272612
Glencore,2023-04-26,5.92,LASSO,4.916566897652936
Glencore,2023-04-26,5.92,Elastic Net,4.916566897652936
Glencore,2023-04-26,5.92,Random Forest,4.858947407407406
Glencore,2023-04-26,5.92,XGBoost,4.906964502711196
Glencore,2023-04-26,5.92,LightGBM,4.906964502711196
Glencore,2023-04-26,5.92,LSTM,4.879839462949651
Glencore,2023-04-26,5.92,GRU,4.904610010376676
Glencore,2023-04-27,5.82,Random Walk,4.78
Glencore,2023-04-27,5.82,Random Walk + Drift,4.778705035971223
Glencore,2023-04-27,5.82,ARIMA,4.769280841679636
Glencore,2023-04-27,5.82,LASSO,4.777176669688451
Glencore,2023-04-27,5.82,Elastic Net,4.777176669688451
Glencore,2023-04-27,5.82,Random Forest,4.7968903318903315
Glencore,2023-04-27,5.82,XGBoost,4.782155376890121
Glencore,2023-04-27,5.82,LightGBM,4.782155376890121
Glencore,2023-04-27,5.82,LSTM,4.814636942093578
Glencore,2023-04-27,5.82,GRU,4.84729807129786
Glencore,2023-04-28,5.81,Random Walk,4.79
Glencore,2023-04-28,5.81,Random Walk + Drift,4.788709311127933
Glencore,2023-04-28,5.81,ARIMA,4.785437015935692
Glencore,2023-04-28,5.81,LASSO,4.786324065408019
Glencore,2023-04-28,5.81,Elastic Net,4.786324065408019
Glencore,2023-04-28,5.81,Random Forest,4.785919537037033
Glencore,2023-04-28,5.81,XGBoost,4.8152483996789295
Glencore,2023-04-28,5.81,LightGBM,4.8152483996789295
Glencore,2023-04-28,5.81,LSTM,4.8073936254726
Glencore,2023-04-28,5.81,GRU,4.808376804058399
Glencore,2023-05-02,5.66,Random Walk,4.83
Glencore,2023-05-02,5.66,Random Walk + Drift,4.828724933787363
Glencore,2023-05-02,5.66,ARIMA,4.839882013009786
Glencore,2023-05-02,5.66,LASSO,4.826788211056588
Glencore,2023-05-02,5.66,Elastic Net,4.826788211056588
Glencore,2023-05-02,5.66,Random Forest,4.816631653439151
Glencore,2023-05-02,5.66,XGBoost,4.826243276261057
Glencore,2023-05-02,5.66,LightGBM,4.826243276261057
Glencore,2023-05-02,5.66,LSTM,4.837191232941559
Glencore,2023-05-02,5.66,GRU,4.800830044261268
Glencore,2023-05-03,5.73,Random Walk,4.83
Glencore,2023-05-03,5.73,Random Walk + Drift,4.828725416036309
Glencore,2023-05-03,5.73,ARIMA,4.842838819039047
Glencore,2023-05-03,5.73,LASSO,4.826309352545361
Glencore,2023-05-03,5.73,Elastic Net,4.826309352545361
Glencore,2023-05-03,5.73,Random Forest,4.819090767195769
Glencore,2023-05-03,5.73,XGBoost,4.828277068312651
Glencore,2023-05-03,5.73,LightGBM,4.828277068312651
Glencore,2023-05-03,5.73,LSTM,4.823070115081622
Glencore,2023-05-03,5.73,GRU,4.789085497479244
Glencore,2023-05-04,5.38,Random Walk,4.66
Glencore,2023-05-04,5.38,Random Walk + Drift,4.658661625708885
Glencore,2023-05-04,5.38,ARIMA,4.661808051484109
Glencore,2023-05-04,5.38,LASSO,4.657554459751476
Glencore,2023-05-04,5.38,Elastic Net,4.657554459751476
Glencore,2023-05-04,5.38,Random Forest,4.6937882936507895
Glencore,2023-05-04,5.38,XGBoost,4.665772073556994
Glencore,2023-05-04,5.38,LightGBM,4.665772073556994
Glencore,2023-05-04,5.38,LSTM,4.743576144901151
Glencore,2023-05-04,5.38,GRU,4.731849260363301
Glencore,2023-05-05,5.53,Random Walk,4.7
Glencore,2023-05-05,5.53,Random Walk + Drift,4.698677248677249
Glencore,2023-05-05,5.53,ARIMA,4.696274702441292
Glencore,2023-05-05,5.53,LASSO,4.6968955289124255
Glencore,2023-05-05,5.53,Elastic Net,4.6968955289124255
Glencore,2023-05-05,5.53,Random Forest,4.701359545454549
Glencore,2023-05-05,5.53,XGBoost,4.698956075399933
Glencore,2023-05-05,5.53,LightGBM,4.698956075399933
Glencore,2023-05-05,5.53,LSTM,4.702844437184894
Glencore,2023-05-05,5.53,GRU,4.6745660309269095
Glencore,2023-05-09,5.55,Random Walk,4.62
Glencore,2023-05-09,5.55,Random Walk + Drift,4.618647525500567
Glencore,2023-05-09,5.55,ARIMA,4.610743608144237
Glencore,2023-05-09,5.55,LASSO,4.619174920316497
Glencore,2023-05-09,5.55,Elastic Net,4.619174920316497
Glencore,2023-05-09,5.55,Random Forest,4.6284235088985115
Glencore,2023-05-09,5.55,XGBoost,4.636016226378747
Glencore,2023-05-09,5.55,LightGBM,4.636016226378747
Glencore,2023-05-09,5.55,LSTM,4.680661489151827
Glencore,2023-05-09,5.55,GRU,4.62563328599772
Glencore,2023-05-10,5.54,Random Walk,4.61
Glencore,2023-05-10,5.54,Random Walk + Drift,4.608644259818732
Glencore,2023-05-10,5.54,ARIMA,4.6104521225547455
Glencore,2023-05-10,5.54,LASSO,4.609377932131392
Glencore,2023-05-10,5.54,Elastic Net,4.609377932131392
Glencore,2023-05-10,5.54,Random Forest,4.614484060846562
Glencore,2023-05-10,5.54,XGBoost,4.61270554726127
Glencore,2023-05-10,5.54,LightGBM,4.61270554726127
Glencore,2023-05-10,5.54,LSTM,4.632873759362636
Glencore,2023-05-10,5.54,GRU,4.617237633574417
Glencore,2023-05-11,5.27,Random Walk,4.72
Glencore,2023-05-11,5.27,Random Walk + Drift,4.718686296715742
Glencore,2023-05-11,5.27,ARIMA,4.732957106379844
Glencore,2023-05-11,5.27,LASSO,4.714402534548563
Glencore,2023-05-11,5.27,Elastic Net,4.714402534548563
Glencore,2023-05-11,5.27,Random Forest,4.702356402116402
Glencore,2023-05-11,5.27,XGBoost,4.717716178788515
Glencore,2023-05-11,5.27,LightGBM,4.717716178788515
Glencore,2023-05-11,5.27,LSTM,4.657814091630861
Glencore,2023-05-11,5.27,GRU,4.653542714374318
Glencore,2023-05-12,5.31,Random Walk,4.65
Glencore,2023-05-12,5.31,Random Walk + Drift,4.648660377358491
Glencore,2023-05-12,5.31,ARIMA,4.657676597632224
Glencore,2023-05-12,5.31,LASSO,4.646499545668419
Glencore,2023-05-12,5.31,Elastic Net,4.646499545668419
Glencore,2023-05-12,5.31,Random Forest,4.669510171957672
Glencore,2023-05-12,5.31,XGBoost,4.67686746759866
Glencore,2023-05-12,5.31,LightGBM,4.67686746759866
Glencore,2023-05-12,5.31,LSTM,4.637186202110746
Glencore,2023-05-12,5.31,GRU,4.671660249925463
Glencore,2023-05-15,5.4,Random Walk,4.6
Glencore,2023-05-15,5.4,Random Walk + Drift,4.598642021878536
Glencore,2023-05-15,5.4,ARIMA,4.593471745431144
Glencore,2023-05-15,5.4,LASSO,4.596244161792856
Glencore,2023-05-15,5.4,Elastic Net,4.596244161792856
Glencore,2023-05-15,5.4,Random Forest,4.597457367724863
Glencore,2023-05-15,5.4,XGBoost,4.631652902153567
Glencore,2023-05-15,5.4,LightGBM,4.631652902153567
Glencore,2023-05-15,5.4,LSTM,4.614430595184184
Glencore,2023-05-15,5.4,GRU,4.658656632746549
Glencore,2023-05-16,5.32,Random Walk,4.78
Glencore,2023-05-16,5.32,Random Walk + Drift,4.778710407239819
Glencore,2023-05-16,5.32,ARIMA,4.768442115044921
Glencore,2023-05-16,5.32,LASSO,4.77235541154626
Glencore,2023-05-16,5.32,Elastic Net,4.77235541154626
Glencore,2023-05-16,5.32,Random Forest,4.7815099867724875
Glencore,2023-05-16,5.32,XGBoost,4.764352945387217
Glencore,2023-05-16,5.32,LightGBM,4.764352945387217
Glencore,2023-05-16,5.32,LSTM,4.672842893047956
Glencore,2023-05-16,5.32,GRU,4.688695589761117
Glencore,2023-05-17,5.37,Random Walk,4.77
Glencore,2023-05-17,5.37,Random Walk + Drift,4.768707124010554
Glencore,2023-05-17,5.37,ARIMA,4.767688336150417
Glencore,2023-05-17,5.37,LASSO,4.764338592171133
Glencore,2023-05-17,5.37,Elastic Net,4.764338592171133
Glencore,2023-05-17,5.37,Random Forest,4.765864206349203
Glencore,2023-05-17,5.37,XGBoost,4.75940134525649
Glencore,2023-05-17,5.37,LightGBM,4.75940134525649
Glencore,2023-05-17,5.37,LSTM,4.706307014795074
Glencore,2023-05-17,5.37,GRU,4.747100301538139
Glencore,2023-05-18,5.32,Random Walk,4.69
Glencore,2023-05-18,5.32,Random Walk + Drift,4.688677467972871
Glencore,2023-05-18,5.32,ARIMA,4.698276460322374
Glencore,2023-05-18,5.32,LASSO,4.684865650523686
Glencore,2023-05-18,5.32,Elastic Net,4.684865650523686
Glencore,2023-05-18,5.32,Random Forest,4.713650714285711
Glencore,2023-05-18,5.32,XGBoost,4.698114205325763
Glencore,2023-05-18,5.32,LightGBM,4.698114205325763
Glencore,2023-05-18,5.32,LSTM,4.718210560609816
Glencore,2023-05-18,5.32,GRU,4.7292064624271895
Glencore,2023-05-19,5.33,Random Walk,4.72
Glencore,2023-05-19,5.33,Random Walk + Drift,4.718689265536723
Glencore,2023-05-19,5.33,ARIMA,4.726220591631544
Glencore,2023-05-19,5.33,LASSO,4.7134383839790175
Glencore,2023-05-19,5.33,Elastic Net,4.7134383839790175
Glencore,2023-05-19,5.33,Random Forest,4.748872619047618
Glencore,2023-05-19,5.33,XGBoost,4.7407180694221
Glencore,2023-05-19,5.33,LightGBM,4.7407180694221
Glencore,2023-05-19,5.33,LSTM,4.722250451315486
Glencore,2023-05-19,5.33,GRU,4.725357714628981
Glencore,2023-05-22,5.33,Random Walk,4.84
Glencore,2023-05-22,5.33,Random Walk + Drift,4.838734939759036
Glencore,2023-05-22,5.33,ARIMA,4.843448240102085
Glencore,2023-05-22,5.33,LASSO,4.833873955771533
Glencore,2023-05-22,5.33,Elastic Net,4.833873955771533
Glencore,2023-05-22,5.33,Random Forest,4.812586137566132
Glencore,2023-05-22,5.33,XGBoost,4.834331521988997
Glencore,2023-05-22,5.33,LightGBM,4.834331521988997
Glencore,2023-05-22,5.33,LSTM,4.75101021012548
Glencore,2023-05-22,5.33,GRU,4.78771159292282
Glencore,2023-05-23,5.23,Random Walk,4.81
Glencore,2023-05-23,5.23,Random Walk + Drift,4.808724124952954
Glencore,2023-05-23,5.23,ARIMA,4.801799535063418
Glencore,2023-05-23,5.23,LASSO,4.804333192767183
Glencore,2023-05-23,5.23,Elastic Net,4.804333192767183
Glencore,2023-05-23,5.23,Random Forest,4.861170423280422
Glencore,2023-05-23,5.23,XGBoost,4.823212741899295
Glencore,2023-05-23,5.23,LightGBM,4.823212741899295
Glencore,2023-05-23,5.23,LSTM,4.818164429485472
Glencore,2023-05-23,5.23,GRU,4.789587362776575
Glencore,2023-05-24,5.11,Random Walk,4.8
Glencore,2023-05-24,5.11,Random Walk + Drift,4.798720842738901
Glencore,2023-05-24,5.11,ARIMA,4.790289350483741
Glencore,2023-05-24,5.11,LASSO,4.793258779366814
Glencore,2023-05-24,5.11,Elastic Net,4.793258779366814
Glencore,2023-05-24,5.11,Random Forest,4.808077275132272
Glencore,2023-05-24,5.11,XGBoost,4.81796771774102
Glencore,2023-05-24,5.11,LightGBM,4.81796771774102
Glencore,2023-05-24,5.11,LSTM,4.816482050542811
Glencore,2023-05-24,5.11,GRU,4.819793059034627
Glencore,2023-05-25,5.06,Random Walk,4.82
Glencore,2023-05-25,5.06,Random Walk + Drift,4.818728845430614
Glencore,2023-05-25,5.06,ARIMA,4.81898289712872
Glencore,2023-05-25,5.06,LASSO,4.813335578912103
Glencore,2023-05-25,5.06,Elastic Net,4.813335578912103
Glencore,2023-05-25,5.06,Random Forest,4.828500714285712
Glencore,2023-05-25,5.06,XGBoost,4.831156173569282
Glencore,2023-05-25,5.06,LightGBM,4.831156173569282
Glencore,2023-05-25,5.06,LSTM,4.852807770026454
Glencore,2023-05-25,5.06,GRU,4.809784521839929
Glencore,2023-05-26,5.14,Random Walk,4.85
Glencore,2023-05-26,5.14,Random Walk + Drift,4.848740601503759
Glencore,2023-05-26,5.14,ARIMA,4.859168707958989
Glencore,2023-05-26,5.14,LASSO,4.844643085143484
Glencore,2023-05-26,5.14,Elastic Net,4.844643085143484
Glencore,2023-05-26,5.14,Random Forest,4.8460469179894154
Glencore,2023-05-26,5.14,XGBoost,4.8308651613057885
Glencore,2023-05-26,5.14,LightGBM,4.8308651613057885
Glencore,2023-05-26,5.14,LSTM,4.822678748823414
Glencore,2023-05-26,5.14,GRU,4.867884011534012
Glencore,2023-05-30,5.1,Random Walk,4.83
Glencore,2023-05-30,5.1,Random Walk + Drift,4.828733558812477
Glencore,2023-05-30,5.1,ARIMA,4.839044279712529
Glencore,2023-05-30,5.1,LASSO,4.824576564757466
Glencore,2023-05-30,5.1,Elastic Net,4.824576564757466
Glencore,2023-05-30,5.1,Random Forest,4.832714550264545
Glencore,2023-05-30,5.1,XGBoost,4.823024010579362
Glencore,2023-05-30,5.1,LightGBM,4.823024010579362
Glencore,2023-05-30,5.1,LSTM,4.83000020650787
Glencore,2023-05-30,5.1,GRU,4.835429230393496
Glencore,2023-05-31,5.04,Random Walk,4.79
Glencore,2023-05-31,5.04,Random Walk + Drift,4.788719008264463
Glencore,2023-05-31,5.04,ARIMA,4.788665163889484
Glencore,2023-05-31,5.04,LASSO,4.785238851308757
Glencore,2023-05-31,5.04,Elastic Net,4.785238851308757
Glencore,2023-05-31,5.04,Random Forest,4.8004170502645485
Glencore,2023-05-31,5.04,XGBoost,4.790714072711809
Glencore,2023-05-31,5.04,LightGBM,4.790714072711809
Glencore,2023-05-31,5.04,LSTM,4.817835358013218
Glencore,2023-05-31,5.04,GRU,4.815620955266483
Glencore,2023-06-01,5.15,Random Walk,4.54
Glencore,2023-06-01,5.15,Random Walk + Drift,4.538625610214044
Glencore,2023-06-01,5.15,ARIMA,4.526255052083633
Glencore,2023-06-01,5.15,LASSO,4.540686587192135
Glencore,2023-06-01,5.15,Elastic Net,4.540686587192135
Glencore,2023-06-01,5.15,Random Forest,4.531513769841272
Glencore,2023-06-01,5.15,XGBoost,4.542680500957518
Glencore,2023-06-01,5.15,LightGBM,4.542680500957518
Glencore,2023-06-01,5.15,LSTM,4.710172615407293
Glencore,2023-06-01,5.15,GRU,4.665072409489916
Glencore,2023-06-02,5.32,Random Walk,4.59
Glencore,2023-06-02,5.32,Random Walk + Drift,4.588644894894895
Glencore,2023-06-02,5.32,ARIMA,4.5814004628821845
Glencore,2023-06-02,5.32,LASSO,4.590186451299649
Glencore,2023-06-02,5.32,Elastic Net,4.590186451299649
Glencore,2023-06-02,5.32,Random Forest,4.653787764550264
Glencore,2023-06-02,5.32,XGBoost,4.616600443116611
Glencore,2023-06-02,5.32,LightGBM,4.616600443116611
Glencore,2023-06-02,5.32,LSTM,4.63163369471349
Glencore,2023-06-02,5.32,GRU,4.589627306287188
Glencore,2023-06-05,5.27,Random Walk,4.59
Glencore,2023-06-05,5.27,Random Walk + Drift,4.588645403377111
Glencore,2023-06-05,5.27,ARIMA,4.597266978410614
Glencore,2023-06-05,5.27,LASSO,4.58986440595435
Glencore,2023-06-05,5.27,Elastic Net,4.58986440595435
Glencore,2023-06-05,5.27,Random Forest,4.662732248677255
Glencore,2023-06-05,5.27,XGBoost,4.57934263784702
Glencore,2023-06-05,5.27,LightGBM,4.57934263784702
Glencore,2023-06-05,5.27,LSTM,4.634718554092175
Glencore,2023-06-05,5.27,GRU,4.574314737545294
Glencore,2023-06-06,5.28,Random Walk,4.74
Glencore,2023-06-06,5.28,Random Walk + Drift,4.738702175543886
Glencore,2023-06-06,5.28,ARIMA,4.752569934605816
Glencore,2023-06-06,5.28,LASSO,4.736123730126151
Glencore,2023-06-06,5.28,Elastic Net,4.736123730126151
Glencore,2023-06-06,5.28,Random Forest,4.699946219336222
Glencore,2023-06-06,5.28,XGBoost,4.740659004495333
Glencore,2023-06-06,5.28,LightGBM,4.740659004495333
Glencore,2023-06-06,5.28,LSTM,4.641608674842418
Glencore,2023-06-06,5.28,GRU,4.608571911450291
Glencore,2023-06-07,5.36,Random Walk,4.56
Glencore,2023-06-07,5.36,Random Walk + Drift,4.558635170603674
Glencore,2023-06-07,5.36,ARIMA,4.562805258976688
Glencore,2023-06-07,5.36,LASSO,4.555801802993775
Glencore,2023-06-07,5.36,Elastic Net,4.555801802993775
Glencore,2023-06-07,5.36,Random Forest,4.613290476190476
Glencore,2023-06-07,5.36,XGBoost,4.576251804428238
Glencore,2023-06-07,5.36,LightGBM,4.576251804428238
Glencore,2023-06-07,5.36,LSTM,4.6008556461396735
Glencore,2023-06-07,5.36,GRU,4.621930193682458
Glencore,2023-06-08,5.4,Random Walk,4.5
Glencore,2023-06-08,5.4,Random Walk + Drift,4.4986131934032985
Glencore,2023-06-08,5.4,ARIMA,4.4923750083576195
Glencore,2023-06-08,5.4,LASSO,4.497882014238275
Glencore,2023-06-08,5.4,Elastic Net,4.497882014238275
Glencore,2023-06-08,5.4,Random Forest,4.493706640211639
Glencore,2023-06-08,5.4,XGBoost,4.535891746419301
Glencore,2023-06-08,5.4,LightGBM,4.535891746419301
Glencore,2023-06-08,5.4,LSTM,4.568836378860189
Glencore,2023-06-08,5.4,GRU,4.562449508441584
Glencore,2023-06-09,5.39,Random Walk,4.58
Glencore,2023-06-09,5.39,Random Walk + Drift,4.578643686774073
Glencore,2023-06-09,5.39,ARIMA,4.569248771723296
Glencore,2023-06-09,5.39,LASSO,4.57620327150588
Glencore,2023-06-09,5.39,Elastic Net,4.57620327150588
Glencore,2023-06-09,5.39,Random Forest,4.592310317460314
Glencore,2023-06-09,5.39,XGBoost,4.611933703821619
Glencore,2023-06-09,5.39,LightGBM,4.611933703821619
Glencore,2023-06-09,5.39,LSTM,4.5713516349638015
Glencore,2023-06-09,5.39,GRU,4.527812003128951
Glencore,2023-06-12,5.39,Random Walk,4.71
Glencore,2023-06-12,5.39,Random Walk + Drift,4.708692883895131
Glencore,2023-06-12,5.39,ARIMA,4.711822754166664
Glencore,2023-06-12,5.39,LASSO,4.705934032726018
Glencore,2023-06-12,5.39,Elastic Net,4.705934032726018
Glencore,2023-06-12,5.39,Random Forest,4.672478029100528
Glencore,2023-06-12,5.39,XGBoost,4.7401801508482455
Glencore,2023-06-12,5.39,LightGBM,4.7401801508482455
Glencore,2023-06-12,5.39,LSTM,4.612515532269266
Glencore,2023-06-12,5.39,GRU,4.617051451479879
Glencore,2023-06-13,5.72,Random Walk,4.72
Glencore,2023-06-13,5.72,Random Walk + Drift,4.718697117184575
Glencore,2023-06-13,5.72,ARIMA,4.7305100794304416
Glencore,2023-06-13,5.72,LASSO,4.7127628105046995
Glencore,2023-06-13,5.72,Elastic Net,4.7127628105046995
Glencore,2023-06-13,5.72,Random Forest,4.706359523809519
Glencore,2023-06-13,5.72,XGBoost,4.703245227514039
Glencore,2023-06-13,5.72,LightGBM,4.703245227514039
Glencore,2023-06-13,5.72,LSTM,4.676579951960527
Glencore,2023-06-13,5.72,GRU,4.699435154142723
Glencore,2023-06-14,5.87,Random Walk,4.71
Glencore,2023-06-14,5.87,Random Walk + Drift,4.7086938622754495
Glencore,2023-06-14,5.87,ARIMA,4.709656905926221
Glencore,2023-06-14,5.87,LASSO,4.701987816011257
Glencore,2023-06-14,5.87,Elastic Net,4.701987816011257
Glencore,2023-06-14,5.87,Random Forest,4.756704246031745
Glencore,2023-06-14,5.87,XGBoost,4.747687854597257
Glencore,2023-06-14,5.87,LightGBM,4.747687854597257
Glencore,2023-06-14,5.87,LSTM,4.68816154764449
Glencore,2023-06-14,5.87,GRU,4.736896549027121
Glencore,2023-06-15,5.98,Random Walk,4.72
Glencore,2023-06-15,5.98,Random Walk + Drift,4.718698092031425
Glencore,2023-06-15,5.98,ARIMA,4.714059999248873
Glencore,2023-06-15,5.98,LASSO,4.713104538301334
Glencore,2023-06-15,5.98,Elastic Net,4.713104538301334
Glencore,2023-06-15,5.98,Random Forest,4.758105489417989
Glencore,2023-06-15,5.98,XGBoost,4.727070685606216
Glencore,2023-06-15,5.98,LightGBM,4.727070685606216
Glencore,2023-06-15,5.98,LSTM,4.721563784900977
Glencore,2023-06-15,5.98,GRU,4.763769740436799
Glencore,2023-06-16,5.9,Random Walk,4.63
Glencore,2023-06-16,5.9,Random Walk + Drift,4.628664921465968
Glencore,2023-06-16,5.9,ARIMA,4.616402300576854
Glencore,2023-06-16,5.9,LASSO,4.627143611162887
Glencore,2023-06-16,5.9,Elastic Net,4.627143611162887
Glencore,2023-06-16,5.9,Random Forest,4.615170747955746
Glencore,2023-06-16,5.9,XGBoost,4.623922125971909
Glencore,2023-06-16,5.9,LightGBM,4.623922125971909
Glencore,2023-06-16,5.9,LSTM,4.756065498567149
Glencore,2023-06-16,5.9,GRU,4.673907056130169
Glencore,2023-06-19,5.79,Random Walk,4.69
Glencore,2023-06-19,5.79,Random Walk + Drift,4.68868785046729
Glencore,2023-06-19,5.79,ARIMA,4.683708948502978
Glencore,2023-06-19,5.79,LASSO,4.686041527031944
Glencore,2023-06-19,5.79,Elastic Net,4.686041527031944
Glencore,2023-06-19,5.79,Random Forest,4.702414642857143
Glencore,2023-06-19,5.79,XGBoost,4.70996935074148
Glencore,2023-06-19,5.79,LightGBM,4.70996935074148
Glencore,2023-06-19,5.79,LSTM,4.714675431550137
Glencore,2023-06-19,5.79,GRU,4.678699227945614
Glencore,2023-06-20,5.67,Random Walk,4.59
Glencore,2023-06-20,5.67,Random Walk + Drift,4.588650971599402
Glencore,2023-06-20,5.67,ARIMA,4.595922112500002
Glencore,2023-06-20,5.67,LASSO,4.5879939322120995
Glencore,2023-06-20,5.67,Elastic Net,4.5879939322120995
Glencore,2023-06-20,5.67,Random Forest,4.585332222222219
Glencore,2023-06-20,5.67,XGBoost,4.642410306833979
Glencore,2023-06-20,5.67,LightGBM,4.642410306833979
Glencore,2023-06-20,5.67,LSTM,4.677259613985129
Glencore,2023-06-20,5.67,GRU,4.623521003341505
Glencore,2023-06-21,5.69,Random Walk,4.73
Glencore,2023-06-21,5.69,Random Walk + Drift,4.72870377288009
Glencore,2023-06-21,5.69,ARIMA,4.743243467148773
Glencore,2023-06-21,5.69,LASSO,4.725194880826237
Glencore,2023-06-21,5.69,Elastic Net,4.725194880826237
Glencore,2023-06-21,5.69,Random Forest,4.712640515873015
Glencore,2023-06-21,5.69,XGBoost,4.73856906904751
Glencore,2023-06-21,5.69,LightGBM,4.73856906904751
Glencore,2023-06-21,5.69,LSTM,4.693716447943897
Glencore,2023-06-21,5.69,GRU,4.663612301026052
Glencore,2023-06-22,5.6,Random Walk,4.71
Glencore,2023-06-22,5.6,Random Walk + Drift,4.708696788648245
Glencore,2023-06-22,5.6,ARIMA,4.704451246050847
Glencore,2023-06-22,5.6,LASSO,4.704118668644808
Glencore,2023-06-22,5.6,Elastic Net,4.704118668644808
Glencore,2023-06-22,5.6,Random Forest,4.704454603174604
Glencore,2023-06-22,5.6,XGBoost,4.730842488443355
Glencore,2023-06-22,5.6,LightGBM,4.730842488443355
Glencore,2023-06-22,5.6,LSTM,4.680027933866844
Glencore,2023-06-22,5.6,GRU,4.689901310468692
Glencore,2023-06-23,5.42,Random Walk,4.6
Glencore,2023-06-23,5.42,Random Walk + Drift,4.598656215005599
Glencore,2023-06-23,5.42,ARIMA,4.589023687671768
Glencore,2023-06-23,5.42,LASSO,4.597469967841296
Glencore,2023-06-23,5.42,Elastic Net,4.597469967841296
Glencore,2023-06-23,5.42,Random Forest,4.628579351851851
Glencore,2023-06-23,5.42,XGBoost,4.6385236323087495
Glencore,2023-06-23,5.42,LightGBM,4.6385236323087495
Glencore,2023-06-23,5.42,LSTM,4.6909413913853095
Glencore,2023-06-23,5.42,GRU,4.664868167845623
Glencore,2023-06-26,5.48,Random Walk,4.7
Glencore,2023-06-26,5.48,Random Walk + Drift,4.6986940298507465
Glencore,2023-06-26,5.48,ARIMA,4.699133127477415
Glencore,2023-06-26,5.48,LASSO,4.693652237658293
Glencore,2023-06-26,5.48,Elastic Net,4.693652237658293
Glencore,2023-06-26,5.48,Random Forest,4.683530899470898
Glencore,2023-06-26,5.48,XGBoost,4.696197061397821
Glencore,2023-06-26,5.48,LightGBM,4.696197061397821
Glencore,2023-06-26,5.48,LSTM,4.653866854294248
Glencore,2023-06-26,5.48,GRU,4.65471780489864
Glencore,2023-06-27,5.53,Random Walk,4.81
Glencore,2023-06-27,5.53,Random Walk + Drift,4.808735546437896
Glencore,2023-06-27,5.53,ARIMA,4.8140917766795885
Glencore,2023-06-27,5.53,LASSO,4.803666647439078
Glencore,2023-06-27,5.53,Elastic Net,4.803666647439078
Glencore,2023-06-27,5.53,Random Forest,4.788027936507937
Glencore,2023-06-27,5.53,XGBoost,4.770280685510319
Glencore,2023-06-27,5.53,LightGBM,4.770280685510319
Glencore,2023-06-27,5.53,LSTM,4.72030947115862
Glencore,2023-06-27,5.53,GRU,4.735934408609524
Glencore,2023-06-28,5.41,Random Walk,4.87
Glencore,2023-06-28,5.41,Random Walk + Drift,4.868758389261745
Glencore,2023-06-28,5.41,ARIMA,4.871933149090979
Glencore,2023-06-28,5.41,LASSO,4.862057504179977
Glencore,2023-06-28,5.41,Elastic Net,4.862057504179977
Glencore,2023-06-28,5.41,Random Forest,4.9393341269841295
Glencore,2023-06-28,5.41,XGBoost,4.876880796537021
Glencore,2023-06-28,5.41,LightGBM,4.876880796537021
Glencore,2023-06-28,5.41,LSTM,4.767512211764069
Glencore,2023-06-28,5.41,GRU,4.810986727923977
Glencore,2023-06-29,5.45,Random Walk,4.82
Glencore,2023-06-29,5.45,Random Walk + Drift,4.8187402161759225
Glencore,2023-06-29,5.45,ARIMA,4.8130968683750925
Glencore,2023-06-29,5.45,LASSO,4.81127205839482
Glencore,2023-06-29,5.45,Elastic Net,4.81127205839482
Glencore,2023-06-29,5.45,Random Forest,4.817046190476185
Glencore,2023-06-29,5.45,XGBoost,4.818937488230562
Glencore,2023-06-29,5.45,LightGBM,4.818937488230562
Glencore,2023-06-29,5.45,LSTM,4.847732845402474
Glencore,2023-06-29,5.45,GRU,4.856312140291599
Glencore,2023-06-30,5.57,Random Walk,4.95
Glencore,2023-06-30,5.57,Random Walk + Drift,4.94878912071535
Glencore,2023-06-30,5.57,ARIMA,4.944170660698375
Glencore,2023-06-30,5.57,LASSO,4.940263697171771
Glencore,2023-06-30,5.57,Elastic Net,4.940263697171771
Glencore,2023-06-30,5.57,Random Forest,4.976141441798943
Glencore,2023-06-30,5.57,XGBoost,4.984506544699027
Glencore,2023-06-30,5.57,LightGBM,4.984506544699027
Glencore,2023-06-30,5.57,LSTM,4.904359921144895
Glencore,2023-06-30,5.57,GRU,4.904679556166677
Glencore,2023-07-03,5.74,Random Walk,4.92
Glencore,2023-07-03,5.74,Random Walk + Drift,4.918778398510242
Glencore,2023-07-03,5.74,ARIMA,4.908138836037236
Glencore,2023-07-03,5.74,LASSO,4.912703808184601
Glencore,2023-07-03,5.74,Elastic Net,4.912703808184601
Glencore,2023-07-03,5.74,Random Forest,4.9658454497354505
Glencore,2023-07-03,5.74,XGBoost,4.9397843059802335
Glencore,2023-07-03,5.74,LightGBM,4.9397843059802335
Glencore,2023-07-03,5.74,LSTM,4.936107784129502
Glencore,2023-07-03,5.74,GRU,4.920962657864898
Glencore,2023-07-04,5.76,Random Walk,4.9
Glencore,2023-07-04,5.76,Random Walk + Drift,4.8987714072970965
Glencore,2023-07-04,5.76,ARIMA,4.902805702323185
Glencore,2023-07-04,5.76,LASSO,4.894117908796258
Glencore,2023-07-04,5.76,Elastic Net,4.894117908796258
Glencore,2023-07-04,5.76,Random Forest,4.968316904761906
Glencore,2023-07-04,5.76,XGBoost,4.937501240808848
Glencore,2023-07-04,5.76,LightGBM,4.937501240808848
Glencore,2023-07-04,5.76,LSTM,4.894648606319946
Glencore,2023-07-04,5.76,GRU,4.936677991917876
Glencore,2023-07-05,5.73,Random Walk,5.07
Glencore,2023-07-05,5.73,Random Walk + Drift,5.068835132117604
Glencore,2023-07-05,5.73,ARIMA,5.078122843930458
Glencore,2023-07-05,5.73,LASSO,5.059725695879004
Glencore,2023-07-05,5.73,Elastic Net,5.059725695879004
Glencore,2023-07-05,5.73,Random Forest,5.064514111351616
Glencore,2023-07-05,5.73,XGBoost,5.056837230709936
Glencore,2023-07-05,5.73,LightGBM,5.056837230709936
Glencore,2023-07-05,5.73,LSTM,4.99891784166871
Glencore,2023-07-05,5.73,GRU,4.957192989707518
Glencore,2023-07-06,5.43,Random Walk,5.15
Glencore,2023-07-06,5.43,Random Walk + Drift,5.148865327380952
Glencore,2023-07-06,5.43,ARIMA,5.163603306746382
Glencore,2023-07-06,5.43,LASSO,5.140257666331262
Glencore,2023-07-06,5.43,Elastic Net,5.140257666331262
Glencore,2023-07-06,5.43,Random Forest,5.09001044372294
Glencore,2023-07-06,5.43,XGBoost,5.137717370397702
Glencore,2023-07-06,5.43,LightGBM,5.137717370397702
Glencore,2023-07-06,5.43,LSTM,5.0378547257595265
Glencore,2023-07-06,5.43,GRU,5.088267545848241
Glencore,2023-07-07,5.52,Random Walk,5.07
Glencore,2023-07-07,5.52,Random Walk + Drift,5.0688359985124585
Glencore,2023-07-07,5.52,ARIMA,5.059589006781887
Glencore,2023-07-07,5.52,LASSO,5.06141117982637
Glencore,2023-07-07,5.52,Elastic Net,5.06141117982637
Glencore,2023-07-07,5.52,Random Forest,5.077239959114959
Glencore,2023-07-07,5.52,XGBoost,5.0746191793364614
Glencore,2023-07-07,5.52,LightGBM,5.0746191793364614
Glencore,2023-07-07,5.52,LSTM,5.060703890390749
Glencore,2023-07-07,5.52,GRU,5.126009979801798
Glencore,2023-07-10,5.49,Random Walk,5.19
Glencore,2023-07-10,5.49,Random Walk + Drift,5.188881040892194
Glencore,2023-07-10,5.49,ARIMA,5.18554807920738
Glencore,2023-07-10,5.49,LASSO,5.178635792147669
Glencore,2023-07-10,5.49,Elastic Net,5.178635792147669
Glencore,2023-07-10,5.49,Random Forest,5.162270185185192
Glencore,2023-07-10,5.49,XGBoost,5.182210837559854
Glencore,2023-07-10,5.49,LightGBM,5.182210837559854
Glencore,2023-07-10,5.49,LSTM,5.182784797185578
Glencore,2023-07-10,5.49,GRU,5.150162388257912
Glencore,2023-07-11,5.57,Random Walk,5.1
Glencore,2023-07-11,5.57,Random Walk + Drift,5.09884801189149
Glencore,2023-07-11,5.57,ARIMA,5.094991851884033
Glencore,2023-07-11,5.57,LASSO,5.093249707338847
Glencore,2023-07-11,5.57,Elastic Net,5.093249707338847
Glencore,2023-07-11,5.57,Random Forest,5.147683134920637
Glencore,2023-07-11,5.57,XGBoost,5.102488498251205
Glencore,2023-07-11,5.57,LightGBM,5.102488498251205
Glencore,2023-07-11,5.57,LSTM,5.1602258955875975
Glencore,2023-07-11,5.57,GRU,5.116814493884251
Glencore,2023-07-12,5.87,Random Walk,5.11
Glencore,2023-07-12,5.87,Random Walk + Drift,5.108852154531947
Glencore,2023-07-12,5.87,ARIMA,5.1108288545403395
Glencore,2023-07-12,5.87,LASSO,5.104360107478905
Glencore,2023-07-12,5.87,Elastic Net,5.104360107478905
Glencore,2023-07-12,5.87,Random Forest,5.144709060846564
Glencore,2023-07-12,5.87,XGBoost,5.132737985107479
Glencore,2023-07-12,5.87,LightGBM,5.132737985107479
Glencore,2023-07-12,5.87,LSTM,5.138249376386396
Glencore,2023-07-12,5.87,GRU,5.1483314502324875
Glencore,2023-07-13,6.08,Random Walk,5.31
Glencore,2023-07-13,6.08,Random Walk + Drift,5.308926847382101
Glencore,2023-07-13,6.08,ARIMA,5.323683127704661
Glencore,2023-07-13,6.08,LASSO,5.298878338838959
Glencore,2023-07-13,6.08,Elastic Net,5.298878338838959
Glencore,2023-07-13,6.08,Random Forest,5.283062738095236
Glencore,2023-07-13,6.08,XGBoost,5.284905476572662
Glencore,2023-07-13,6.08,LightGBM,5.284905476572662
Glencore,2023-07-13,6.08,LSTM,5.228233943964925
Glencore,2023-07-13,6.08,GRU,5.199538547235615
Glencore,2023-07-14,6.02,Random Walk,5.38
Glencore,2023-07-14,6.02,Random Walk + Drift,5.378953229398664
Glencore,2023-07-14,6.02,ARIMA,5.377017527608265
Glencore,2023-07-14,6.02,LASSO,5.369434485366614
Glencore,2023-07-14,6.02,Elastic Net,5.369434485366614
Glencore,2023-07-14,6.02,Random Forest,5.340605383597889
Glencore,2023-07-14,6.02,XGBoost,5.362245279545676
Glencore,2023-07-14,6.02,LightGBM,5.362245279545676
Glencore,2023-07-14,6.02,LSTM,5.282898563273916
Glencore,2023-07-14,6.02,GRU,5.320772257710452
Glencore,2023-07-17,5.84,Random Walk,5.33
Glencore,2023-07-17,5.84,Random Walk + Drift,5.328935064935065
Glencore,2023-07-17,5.84,ARIMA,5.3163799351319545
Glencore,2023-07-17,5.84,LASSO,5.318986602957781
Glencore,2023-07-17,5.84,Elastic Net,5.318986602957781
Glencore,2023-07-17,5.84,Random Forest,5.335676243386243
Glencore,2023-07-17,5.84,XGBoost,5.302761013480536
Glencore,2023-07-17,5.84,LightGBM,5.302761013480536
Glencore,2023-07-17,5.84,LSTM,5.341261478476645
Glencore,2023-07-17,5.84,GRU,5.3493606081934155
Glencore,2023-07-18,5.83,Random Walk,5.42
Glencore,2023-07-18,5.83,Random Walk + Drift,5.41896884272997
Glencore,2023-07-18,5.83,ARIMA,5.414208241883649
Glencore,2023-07-18,5.83,LASSO,5.407367896244628
Glencore,2023-07-18,5.83,Elastic Net,5.407367896244628
Glencore,2023-07-18,5.83,Random Forest,5.392837156084664
Glencore,2023-07-18,5.83,XGBoost,5.368811680094843
Glencore,2023-07-18,5.83,LightGBM,5.368811680094843
Glencore,2023-07-18,5.83,LSTM,5.360254966010002
Glencore,2023-07-18,5.83,GRU,5.363135648911238
Glencore,2023-07-19,5.78,Random Walk,5.43
Glencore,2023-07-19,5.78,Random Walk + Drift,5.428972932888394
Glencore,2023-07-19,5.78,ARIMA,5.433575533899186
Glencore,2023-07-19,5.78,LASSO,5.420418147806664
Glencore,2023-07-19,5.78,Elastic Net,5.420418147806664
Glencore,2023-07-19,5.78,Random Forest,5.429301626984136
Glencore,2023-07-19,5.78,XGBoost,5.455814337257601
Glencore,2023-07-19,5.78,LightGBM,5.455814337257601
Glencore,2023-07-19,5.78,LSTM,5.434419372566718
Glencore,2023-07-19,5.78,GRU,5.3876766129625935
Glencore,2023-07-20,5.99,Random Walk,5.51
Glencore,2023-07-20,5.99,Random Walk + Drift,5.509002965159377
Glencore,2023-07-20,5.99,ARIMA,5.522899964837036
Glencore,2023-07-20,5.99,LASSO,5.499946877332306
Glencore,2023-07-20,5.99,Elastic Net,5.499946877332306
Glencore,2023-07-20,5.99,Random Forest,5.500773452380956
Glencore,2023-07-20,5.99,XGBoost,5.501013858236038
Glencore,2023-07-20,5.99,LightGBM,5.501013858236038
Glencore,2023-07-20,5.99,LSTM,5.478327686741741
Glencore,2023-07-20,5.99,GRU,5.489585819852534
Glencore,2023-07-21,5.99,Random Walk,5.42
Glencore,2023-07-21,5.99,Random Walk + Drift,5.418969988884772
Glencore,2023-07-21,5.99,ARIMA,5.4287362196459
Glencore,2023-07-21,5.99,LASSO,5.410954599097472
Glencore,2023-07-21,5.99,Elastic Net,5.410954599097472
Glencore,2023-07-21,5.99,Random Forest,5.421863071188071
Glencore,2023-07-21,5.99,XGBoost,5.402245388148036
Glencore,2023-07-21,5.99,LightGBM,5.402245388148036
Glencore,2023-07-21,5.99,LSTM,5.463714937349705
Glencore,2023-07-21,5.99,GRU,5.461368343207922
Glencore,2023-07-24,6.05,Random Walk,5.37
Glencore,2023-07-24,6.05,Random Walk + Drift,5.368951851851852
Glencore,2023-07-24,6.05,ARIMA,5.360767976055957
Glencore,2023-07-24,6.05,LASSO,5.363428019166464
Glencore,2023-07-24,6.05,Elastic Net,5.363428019166464
Glencore,2023-07-24,6.05,Random Forest,5.384016825396825
Glencore,2023-07-24,6.05,XGBoost,5.408120881806933
Glencore,2023-07-24,6.05,LightGBM,5.408120881806933
Glencore,2023-07-24,6.05,LSTM,5.428585092883822
Glencore,2023-07-24,6.05,GRU,5.433898569022618
Glencore,2023-07-25,6.13,Random Walk,5.06
Glencore,2023-07-25,6.13,Random Walk + Drift,5.05883746760459
Glencore,2023-07-25,6.13,ARIMA,5.049250989638877
Glencore,2023-07-25,6.13,LASSO,5.059869108080718
Glencore,2023-07-25,6.13,Elastic Net,5.059869108080718
Glencore,2023-07-25,6.13,Random Forest,5.048721031746034
Glencore,2023-07-25,6.13,XGBoost,5.077492719578785
Glencore,2023-07-25,6.13,LightGBM,5.077492719578785
Glencore,2023-07-25,6.13,LSTM,5.2712220676011246
Glencore,2023-07-25,6.13,GRU,5.260436584845314
Glencore,2023-07-26,5.99,Random Walk,5.07
Glencore,2023-07-26,5.99,Random Walk + Drift,5.068841598815692
Glencore,2023-07-26,5.99,ARIMA,5.075101588699219
Glencore,2023-07-26,5.99,LASSO,5.070949660550834
Glencore,2023-07-26,5.99,Elastic Net,5.070949660550834
Glencore,2023-07-26,5.99,Random Forest,5.040481944444448
Glencore,2023-07-26,5.99,XGBoost,5.079697252157579
Glencore,2023-07-26,5.99,LightGBM,5.079697252157579
Glencore,2023-07-26,5.99,LSTM,5.193216518648437
Glencore,2023-07-26,5.99,GRU,5.110681943890294
Glencore,2023-07-27,5.92,Random Walk,5.19
Glencore,2023-07-27,5.92,Random Walk + Drift,5.1888864224935265
Glencore,2023-07-27,5.92,ARIMA,5.204735512467524
Glencore,2023-07-27,5.92,LASSO,5.187178040119722
Glencore,2023-07-27,5.92,Elastic Net,5.187178040119722
Glencore,2023-07-27,5.92,Random Forest,5.1356719708994705
Glencore,2023-07-27,5.92,XGBoost,5.13341737638969
Glencore,2023-07-27,5.92,LightGBM,5.13341737638969
Glencore,2023-07-27,5.92,LSTM,5.120965355536391
Glencore,2023-07-27,5.92,GRU,5.114909310571065
Glencore,2023-07-28,5.91,Random Walk,5.21
Glencore,2023-07-28,5.91,Random Walk + Drift,5.20889423076923
Glencore,2023-07-28,5.91,ARIMA,5.215884721279964
Glencore,2023-07-28,5.91,LASSO,5.205953672671702
Glencore,2023-07-28,5.91,Elastic Net,5.205953672671702
Glencore,2023-07-28,5.91,Random Forest,5.148154722222218
Glencore,2023-07-28,5.91,XGBoost,5.203776248045396
Glencore,2023-07-28,5.91,LightGBM,5.203776248045396
Glencore,2023-07-28,5.91,LSTM,5.0937590307986795
Glencore,2023-07-28,5.91,GRU,5.114399135402581
Glencore,2023-07-31,5.99,Random Walk,5.09
Glencore,2023-07-31,5.99,Random Walk + Drift,5.088850277264325
Glencore,2023-07-31,5.99,ARIMA,5.081136766378902
Glencore,2023-07-31,5.99,LASSO,5.083334173848737
Glencore,2023-07-31,5.99,Elastic Net,5.083334173848737
Glencore,2023-07-31,5.99,Random Forest,5.072513145743143
Glencore,2023-07-31,5.99,XGBoost,5.090010728855084
Glencore,2023-07-31,5.99,LightGBM,5.090010728855084
Glencore,2023-07-31,5.99,LSTM,5.131695334777566
Glencore,2023-07-31,5.99,GRU,5.156585656665374
Glencore,2023-08-01,5.93,Random Walk,4.97
Glencore,2023-08-01,5.93,Random Walk + Drift,4.968806356245381
Glencore,2023-08-01,5.93,ARIMA,4.955641400322264
Glencore,2023-08-01,5.93,LASSO,4.966003443125801
Glencore,2023-08-01,5.93,Elastic Net,4.966003443125801
Glencore,2023-08-01,5.93,Random Forest,4.887888095238098
Glencore,2023-08-01,5.93,XGBoost,4.964842045714332
Glencore,2023-08-01,5.93,LightGBM,4.964842045714332
Glencore,2023-08-01,5.93,LSTM,5.0858866142943455
Glencore,2023-08-01,5.93,GRU,5.033753158841703
Glencore,2023-08-02,5.79,Random Walk,5.17
Glencore,2023-08-02,5.79,Random Walk + Drift,5.168880679719246
Glencore,2023-08-02,5.79,ARIMA,5.1692972804126365
Glencore,2023-08-02,5.79,LASSO,5.163806350514559
Glencore,2023-08-02,5.79,Elastic Net,5.163806350514559
Glencore,2023-08-02,5.79,Random Forest,5.200166574074073
Glencore,2023-08-02,5.79,XGBoost,5.156675958500596
Glencore,2023-08-02,5.79,LightGBM,5.156675958500596
Glencore,2023-08-02,5.79,LSTM,5.076249142642613
Glencore,2023-08-02,5.79,GRU,5.085386330672757
Glencore,2023-08-03,5.79,Random Walk,5.24
Glencore,2023-08-03,5.79,Random Walk + Drift,5.23890694239291
Glencore,2023-08-03,5.79,ARIMA,5.25090423994668
Glencore,2023-08-03,5.79,LASSO,5.23267370411288
Glencore,2023-08-03,5.79,Elastic Net,5.23267370411288
Glencore,2023-08-03,5.79,Random Forest,5.1730290873015905
Glencore,2023-08-03,5.79,XGBoost,5.225249797660405
Glencore,2023-08-03,5.79,LightGBM,5.225249797660405
Glencore,2023-08-03,5.79,LSTM,5.135529835086643
Glencore,2023-08-03,5.79,GRU,5.148773549852308
Glencore,2023-08-04,5.82,Random Walk,5.26
Glencore,2023-08-04,5.82,Random Walk + Drift,5.2589147286821705
Glencore,2023-08-04,5.82,ARIMA,5.2691242568334555
Glencore,2023-08-04,5.82,LASSO,5.250261839667703
Glencore,2023-08-04,5.82,Elastic Net,5.250261839667703
Glencore,2023-08-04,5.82,Random Forest,5.23489193121693
Glencore,2023-08-04,5.82,XGBoost,5.235724597865264
Glencore,2023-08-04,5.82,LightGBM,5.235724597865264
Glencore,2023-08-04,5.82,LSTM,5.192898419016452
Glencore,2023-08-04,5.82,GRU,5.221501793906075
Glencore,2023-08-07,5.75,Random Walk,5.26
Glencore,2023-08-07,5.75,Random Walk + Drift,5.2589151291512914
Glencore,2023-08-07,5.75,ARIMA,5.2579771900427055
Glencore,2023-08-07,5.75,LASSO,5.248278141466849
Glencore,2023-08-07,5.75,Elastic Net,5.248278141466849
Glencore,2023-08-07,5.75,Random Forest,5.281259788359789
Glencore,2023-08-07,5.75,XGBoost,5.244255828239108
Glencore,2023-08-07,5.75,LightGBM,5.244255828239108
Glencore,2023-08-07,5.75,LSTM,5.278081531153473
Glencore,2023-08-07,5.75,GRU,5.270677723588223
Glencore,2023-08-08,5.59,Random Walk,5.33
Glencore,2023-08-08,5.59,Random Walk + Drift,5.32894135005533
Glencore,2023-08-08,5.59,ARIMA,5.318862591130533
Glencore,2023-08-08,5.59,LASSO,5.320187175132162
Glencore,2023-08-08,5.59,Elastic Net,5.320187175132162
Glencore,2023-08-08,5.59,Random Forest,5.346289613997109
Glencore,2023-08-08,5.59,XGBoost,5.327824024458778
Glencore,2023-08-08,5.59,LightGBM,5.327824024458778
Glencore,2023-08-08,5.59,LSTM,5.3223963879011835
Glencore,2023-08-08,5.59,GRU,5.315606439349956
Glencore,2023-08-09,5.7,Random Walk,5.41
Glencore,2023-08-09,5.7,Random Walk + Drift,5.4089712389380535
Glencore,2023-08-09,5.7,ARIMA,5.401837208863846
Glencore,2023-08-09,5.7,LASSO,5.39970875904174
Glencore,2023-08-09,5.7,Elastic Net,5.39970875904174
Glencore,2023-08-09,5.7,Random Forest,5.368439999999998
Glencore,2023-08-09,5.7,XGBoost,5.371570416761169
Glencore,2023-08-09,5.7,LightGBM,5.371570416761169
Glencore,2023-08-09,5.7,LSTM,5.366646859436825
Glencore,2023-08-09,5.7,GRU,5.363842054221251
Glencore,2023-08-10,5.68,Random Walk,5.49
Glencore,2023-08-10,5.68,Random Walk + Drift,5.489001105786952
Glencore,2023-08-10,5.68,ARIMA,5.493176473427366
Glencore,2023-08-10,5.68,LASSO,5.4784313557610815
Glencore,2023-08-10,5.68,Elastic Net,5.4784313557610815
Glencore,2023-08-10,5.68,Random Forest,5.510112949735453
Glencore,2023-08-10,5.68,XGBoost,5.438913904743607
Glencore,2023-08-10,5.68,LightGBM,5.438913904743607
Glencore,2023-08-10,5.68,LSTM,5.382367494163881
Glencore,2023-08-10,5.68,GRU,5.471757975530534
Glencore,2023-08-11,5.56,Random Walk,5.51
Glencore,2023-08-11,5.56,Random Walk + Drift,5.509008843036109
Glencore,2023-08-11,5.56,ARIMA,5.5201256605955145
Glencore,2023-08-11,5.56,LASSO,5.498049693636691
Glencore,2023-08-11,5.56,Elastic Net,5.498049693636691
Glencore,2023-08-11,5.56,Random Forest,5.531362433862439
Glencore,2023-08-11,5.56,XGBoost,5.495319367048601
Glencore,2023-08-11,5.56,LightGBM,5.495319367048601
Glencore,2023-08-11,5.56,LSTM,5.479471519836038
Glencore,2023-08-11,5.56,GRU,5.447444308312502
Glencore,2023-08-14,5.42,Random Walk,5.47
Glencore,2023-08-14,5.42,Random Walk + Drift,5.468994475138121
Glencore,2023-08-14,5.42,ARIMA,5.476025361249432
Glencore,2023-08-14,5.42,LASSO,5.4599827756881405
Glencore,2023-08-14,5.42,Elastic Net,5.4599827756881405
Glencore,2023-08-14,5.42,Random Forest,5.457220198412702
Glencore,2023-08-14,5.42,XGBoost,5.459434154937932
Glencore,2023-08-14,5.42,LightGBM,5.459434154937932
Glencore,2023-08-14,5.42,LSTM,5.510445315554587
Glencore,2023-08-14,5.42,GRU,5.5054901326827625
Glencore,2023-08-15,5.25,Random Walk,5.51
Glencore,2023-08-15,5.25,Random Walk + Drift,5.509009572901325
Glencore,2023-08-15,5.25,ARIMA,5.505873873297581
Glencore,2023-08-15,5.25,LASSO,5.500479606031989
Glencore,2023-08-15,5.25,Elastic Net,5.500479606031989
Glencore,2023-08-15,5.25,Random Forest,5.493510462962968
Glencore,2023-08-15,5.25,XGBoost,5.463466239206183
Glencore,2023-08-15,5.25,LightGBM,5.463466239206183
Glencore,2023-08-15,5.25,LSTM,5.510410264855988
Glencore,2023-08-15,5.25,GRU,5.551443575311676
Glencore,2023-08-16,5.26,Random Walk,5.58
Glencore,2023-08-16,5.26,Random Walk + Drift,5.579035701140964
Glencore,2023-08-16,5.26,ARIMA,5.571642659992481
Glencore,2023-08-16,5.26,LASSO,5.57036596678183
Glencore,2023-08-16,5.26,Elastic Net,5.57036596678183
Glencore,2023-08-16,5.26,Random Forest,5.547991468253965
Glencore,2023-08-16,5.26,XGBoost,5.513308037910259
Glencore,2023-08-16,5.26,LightGBM,5.513308037910259
Glencore,2023-08-16,5.26,LSTM,5.523437071386695
Glencore,2023-08-16,5.26,GRU,5.524504119883546
Glencore,2023-08-17,5.32,Random Walk,5.58
Glencore,2023-08-17,5.32,Random Walk + Drift,5.579036055923473
Glencore,2023-08-17,5.32,ARIMA,5.575703279297177
Glencore,2023-08-17,5.32,LASSO,5.570693062039668
Glencore,2023-08-17,5.32,Elastic Net,5.570693062039668
Glencore,2023-08-17,5.32,Random Forest,5.534873597883597
Glencore,2023-08-17,5.32,XGBoost,5.5263329418561336
Glencore,2023-08-17,5.32,LightGBM,5.5263329418561336
Glencore,2023-08-17,5.32,LSTM,5.552096212440066
Glencore,2023-08-17,5.32,GRU,5.593439682819567
Glencore,2023-08-18,5.22,Random Walk,5.53
Glencore,2023-08-18,5.22,Random Walk + Drift,5.529018021331372
Glencore,2023-08-18,5.22,ARIMA,5.534432876053886
Glencore,2023-08-18,5.22,LASSO,5.521056894537208
Glencore,2023-08-18,5.22,Elastic Net,5.521056894537208
Glencore,2023-08-18,5.22,Random Forest,5.520701216931216
Glencore,2023-08-18,5.22,XGBoost,5.4972354123563845
Glencore,2023-08-18,5.22,LightGBM,5.4972354123563845
Glencore,2023-08-18,5.22,LSTM,5.548002388832663
Glencore,2023-08-18,5.22,GRU,5.544221235660142
Glencore,2023-08-21,5.28,Random Walk,5.54
Glencore,2023-08-21,5.28,Random Walk + Drift,5.539022058823529
Glencore,2023-08-21,5.28,ARIMA,5.54954442891544
Glencore,2023-08-21,5.28,LASSO,5.531504062233022
Glencore,2023-08-21,5.28,Elastic Net,5.531504062233022
Glencore,2023-08-21,5.28,Random Forest,5.515798783068783
Glencore,2023-08-21,5.28,XGBoost,5.514460871794588
Glencore,2023-08-21,5.28,LightGBM,5.514460871794588
Glencore,2023-08-21,5.28,LSTM,5.549682165323831
Glencore,2023-08-21,5.28,GRU,5.545083342393401
Glencore,2023-08-22,5.39,Random Walk,5.49
Glencore,2023-08-22,5.39,Random Walk + Drift,5.489004042631386
Glencore,2023-08-22,5.39,ARIMA,5.493855411590799
Glencore,2023-08-22,5.39,LASSO,5.48363309644972
Glencore,2023-08-22,5.39,Elastic Net,5.48363309644972
Glencore,2023-08-22,5.39,Random Forest,5.482428716931215
Glencore,2023-08-22,5.39,XGBoost,5.50617596609242
Glencore,2023-08-22,5.39,LightGBM,5.50617596609242
Glencore,2023-08-22,5.39,LSTM,5.501095493022038
Glencore,2023-08-22,5.39,GRU,5.517741789028062
Glencore,2023-08-23,5.43,Random Walk,5.54
Glencore,2023-08-23,5.43,Random Walk + Drift,5.539022777369581
Glencore,2023-08-23,5.43,ARIMA,5.535484970124635
Glencore,2023-08-23,5.43,LASSO,5.532633064728717
Glencore,2023-08-23,5.43,Elastic Net,5.532633064728717
Glencore,2023-08-23,5.43,Random Forest,5.525717208994701
Glencore,2023-08-23,5.43,XGBoost,5.505965942935155
Glencore,2023-08-23,5.43,LightGBM,5.505965942935155
Glencore,2023-08-23,5.43,LSTM,5.4657924340299555
Glencore,2023-08-23,5.43,GRU,5.516147707821137
Glencore,2023-08-24,5.32,Random Walk,5.59
Glencore,2023-08-24,5.32,Random Walk + Drift,5.58904149834741
Glencore,2023-08-24,5.32,ARIMA,5.580640993066091
Glencore,2023-08-24,5.32,LASSO,5.580833136304503
Glencore,2023-08-24,5.32,Elastic Net,5.580833136304503
Glencore,2023-08-24,5.32,Random Forest,5.554681402116398
Glencore,2023-08-24,5.32,XGBoost,5.555481720771955
Glencore,2023-08-24,5.32,LightGBM,5.555481720771955
Glencore,2023-08-24,5.32,LSTM,5.517987494811053
Glencore,2023-08-24,5.32,GRU,5.550125591805523
Glencore,2023-08-25,5.28,Random Walk,5.46
Glencore,2023-08-25,5.28,Random Walk + Drift,5.458994126284876
Glencore,2023-08-25,5.28,ARIMA,5.4558319767824095
Glencore,2023-08-25,5.28,LASSO,5.453621786300346
Glencore,2023-08-25,5.28,Elastic Net,5.453621786300346
Glencore,2023-08-25,5.28,Random Forest,5.4119131084656065
Glencore,2023-08-25,5.28,XGBoost,5.446606837031581
Glencore,2023-08-25,5.28,LightGBM,5.446606837031581
Glencore,2023-08-25,5.28,LSTM,5.543495276547547
Glencore,2023-08-25,5.28,GRU,5.4927441867884035
Glencore,2023-08-29,5.46,Random Walk,5.69
Glencore,2023-08-29,5.46,Random Walk + Drift,5.68907889908257
Glencore,2023-08-29,5.46,ARIMA,5.6974582980159765
Glencore,2023-08-29,5.46,LASSO,5.6781334036477595
Glencore,2023-08-29,5.46,Elastic Net,5.6781334036477595
Glencore,2023-08-29,5.46,Random Forest,5.6780319276094255
Glencore,2023-08-29,5.46,XGBoost,5.671235737955935
Glencore,2023-08-29,5.46,LightGBM,5.671235737955935
Glencore,2023-08-29,5.46,LSTM,5.592712869646914
Glencore,2023-08-29,5.46,GRU,5.60014034695914
Glencore,2023-08-30,5.5,Random Walk,5.73
Glencore,2023-08-30,5.5,Random Walk + Drift,5.729093910491563
Glencore,2023-08-30,5.5,ARIMA,5.737596514451039
Glencore,2023-08-30,5.5,LASSO,5.7181751941611445
Glencore,2023-08-30,5.5,Elastic Net,5.7181751941611445
Glencore,2023-08-30,5.5,Random Forest,5.8001637566137525
Glencore,2023-08-30,5.5,XGBoost,5.72473179079316
Glencore,2023-08-30,5.5,LightGBM,5.72473179079316
Glencore,2023-08-30,5.5,LSTM,5.636295774096938
Glencore,2023-08-30,5.5,GRU,5.6480533346932695
Glencore,2023-08-31,5.34,Random Walk,5.73
Glencore,2023-08-31,5.34,Random Walk + Drift,5.7290942427576095
Glencore,2023-08-31,5.34,ARIMA,5.728680985226194
Glencore,2023-08-31,5.34,LASSO,5.718986235420749
Glencore,2023-08-31,5.34,Elastic Net,5.718986235420749
Glencore,2023-08-31,5.34,Random Forest,5.731854587542082
Glencore,2023-08-31,5.34,XGBoost,5.7343821573424565
Glencore,2023-08-31,5.34,LightGBM,5.7343821573424565
Glencore,2023-08-31,5.34,LSTM,5.689308254961471
Glencore,2023-08-31,5.34,GRU,5.715595315126194
Glencore,2023-09-01,5.38,Random Walk,5.86
Glencore,2023-09-01,5.38,Random Walk + Drift,5.859142228739003
Glencore,2023-09-01,5.38,ARIMA,5.851392242707062
Glencore,2023-09-01,5.38,LASSO,5.844366551750976
Glencore,2023-09-01,5.38,Elastic Net,5.844366551750976
Glencore,2023-09-01,5.38,Random Forest,5.86669046296296
Glencore,2023-09-01,5.38,XGBoost,5.878133863026397
Glencore,2023-09-01,5.38,LightGBM,5.878133863026397
Glencore,2023-09-01,5.38,LSTM,5.765282412925685
Glencore,2023-09-01,5.38,GRU,5.76098597637811
Glencore,2023-09-04,5.5,Random Walk,6.14
Glencore,2023-09-04,5.5,Random Walk + Drift,6.139245144741663
Glencore,2023-09-04,5.5,ARIMA,6.132472536309205
Glencore,2023-09-04,5.5,LASSO,6.1229117699508775
Glencore,2023-09-04,5.5,Elastic Net,6.1229117699508775
Glencore,2023-09-04,5.5,Random Forest,6.2199969047619055
Glencore,2023-09-04,5.5,XGBoost,6.257752597200709
Glencore,2023-09-04,5.5,LightGBM,6.257752597200709
Glencore,2023-09-04,5.5,LSTM,5.9861712095767965
Glencore,2023-09-04,5.5,GRU,6.037510673117589
Glencore,2023-09-05,5.43,Random Walk,5.88
Glencore,2023-09-05,5.43,Random Walk + Drift,5.879150183150183
Glencore,2023-09-05,5.43,ARIMA,5.876897146614076
Glencore,2023-09-05,5.43,LASSO,5.8683019958100875
Glencore,2023-09-05,5.43,Elastic Net,5.8683019958100875
Glencore,2023-09-05,5.43,Random Forest,5.952293615921113
Glencore,2023-09-05,5.43,XGBoost,5.925927833360654
Glencore,2023-09-05,5.43,LightGBM,5.925927833360654
Glencore,2023-09-05,5.43,LSTM,5.879153670592863
Glencore,2023-09-05,5.43,GRU,5.949135125237101
Glencore,2023-09-06,5.37,Random Walk,6.01
Glencore,2023-09-06,5.37,Random Walk + Drift,6.009198095935554
Glencore,2023-09-06,5.37,ARIMA,6.009896414873944
Glencore,2023-09-06,5.37,LASSO,5.9957792386916084
Glencore,2023-09-06,5.37,Elastic Net,5.9957792386916084
Glencore,2023-09-06,5.37,Random Forest,5.980781904761906
Glencore,2023-09-06,5.37,XGBoost,5.917609888606318
Glencore,2023-09-06,5.37,LightGBM,5.917609888606318
Glencore,2023-09-06,5.37,LSTM,5.933011173151253
Glencore,2023-09-06,5.37,GRU,5.995117909391352
Glencore,2023-09-07,5.28,Random Walk,6.03
Glencore,2023-09-07,5.28,Random Walk + Drift,6.029205710102489
Glencore,2023-09-07,5.28,ARIMA,6.0385544106831635
Glencore,2023-09-07,5.28,LASSO,6.017475451474647
Glencore,2023-09-07,5.28,Elastic Net,6.017475451474647
Glencore,2023-09-07,5.28,Random Forest,5.95107718253968
Glencore,2023-09-07,5.28,XGBoost,5.90772360506684
Glencore,2023-09-07,5.28,LightGBM,5.90772360506684
Glencore,2023-09-07,5.28,LSTM,6.0254574461201855
Glencore,2023-09-07,5.28,GRU,5.9964001036429515
Glencore,2023-09-08,5.31,Random Walk,5.98
Glencore,2023-09-08,5.31,Random Walk + Drift,5.979187705817783
Glencore,2023-09-08,5.31,ARIMA,5.98032517191944
Glencore,2023-09-08,5.31,LASSO,5.97287661248205
Glencore,2023-09-08,5.31,Elastic Net,5.97287661248205
Glencore,2023-09-08,5.31,Random Forest,5.955146396103896
Glencore,2023-09-08,5.31,XGBoost,5.9038865187861385
Glencore,2023-09-08,5.31,LightGBM,5.9038865187861385
Glencore,2023-09-08,5.31,LSTM,5.974671449600183
Glencore,2023-09-08,5.31,GRU,5.963994410414733
Glencore,2023-09-11,5.45,Random Walk,6.29
Glencore,2023-09-11,5.45,Random Walk + Drift,6.289301389904901
Glencore,2023-09-11,5.45,ARIMA,6.283916554187957
Glencore,2023-09-11,5.45,LASSO,6.27258236376589
Glencore,2023-09-11,5.45,Elastic Net,6.27258236376589
Glencore,2023-09-11,5.45,Random Forest,6.212350515873013
Glencore,2023-09-11,5.45,XGBoost,6.156121967154394
Glencore,2023-09-11,5.45,LightGBM,6.156121967154394
Glencore,2023-09-11,5.45,LSTM,6.099899965619929
Glencore,2023-09-11,5.45,GRU,6.085676281703506
Glencore,2023-09-12,5.43,Random Walk,6.44
Glencore,2023-09-12,5.43,Random Walk + Drift,6.439356489945156
Glencore,2023-09-12,5.43,ARIMA,6.431697056603374
Glencore,2023-09-12,5.43,LASSO,6.421939655925566
Glencore,2023-09-12,5.43,Elastic Net,6.421939655925566
Glencore,2023-09-12,5.43,Random Forest,6.251593068783064
Glencore,2023-09-12,5.43,XGBoost,6.284416226393426
Glencore,2023-09-12,5.43,LightGBM,6.284416226393426
Glencore,2023-09-12,5.43,LSTM,6.221558202092233
Glencore,2023-09-12,5.43,GRU,6.3160902755375234
Glencore,2023-09-13,5.39,Random Walk,6.05
Glencore,2023-09-13,5.39,Random Walk + Drift,6.049214181286549
Glencore,2023-09-13,5.39,ARIMA,6.042691012095585
Glencore,2023-09-13,5.39,LASSO,6.03976170914701
Glencore,2023-09-13,5.39,Elastic Net,6.03976170914701
Glencore,2023-09-13,5.39,Random Forest,6.050099823232327
Glencore,2023-09-13,5.39,XGBoost,5.901366605334792
Glencore,2023-09-13,5.39,LightGBM,5.901366605334792
Glencore,2023-09-13,5.39,LSTM,6.187389158167932
Glencore,2023-09-13,5.39,GRU,6.201645739583629
Glencore,2023-09-14,5.59,Random Walk,5.8
Glencore,2023-09-14,5.59,Random Walk + Drift,5.799123127511874
Glencore,2023-09-14,5.59,ARIMA,5.803907154210996
Glencore,2023-09-14,5.59,LASSO,5.794096124323946
Glencore,2023-09-14,5.59,Elastic Net,5.794096124323946
Glencore,2023-09-14,5.59,Random Forest,5.816217658730153
Glencore,2023-09-14,5.59,XGBoost,5.856252484120437
Glencore,2023-09-14,5.59,LightGBM,5.856252484120437
Glencore,2023-09-14,5.59,LSTM,6.087149790648146
Glencore,2023-09-14,5.59,GRU,5.984388246738643
Glencore,2023-09-15,5.65,Random Walk,6.01
Glencore,2023-09-15,5.65,Random Walk + Drift,6.009200146092038
Glencore,2023-09-15,5.65,ARIMA,6.025134403574573
Glencore,2023-09-15,5.65,LASSO,6.005107876523672
Glencore,2023-09-15,5.65,Elastic Net,6.005107876523672
Glencore,2023-09-15,5.65,Random Forest,6.009658783068774
Glencore,2023-09-15,5.65,XGBoost,5.988944080385245
Glencore,2023-09-15,5.65,LightGBM,5.988944080385245
Glencore,2023-09-15,5.65,LSTM,6.092641167849823
Glencore,2023-09-15,5.65,GRU,5.957394949072319
Glencore,2023-09-18,5.69,Random Walk,6.03
Glencore,2023-09-18,5.69,Random Walk + Drift,6.029207740051114
Glencore,2023-09-18,5.69,ARIMA,6.03847515349986
Glencore,2023-09-18,5.69,LASSO,6.027320871603641
Glencore,2023-09-18,5.69,Elastic Net,6.027320871603641
Glencore,2023-09-18,5.69,Random Forest,6.003366944444442
Glencore,2023-09-18,5.69,XGBoost,6.140586800069146
Glencore,2023-09-18,5.69,LightGBM,6.140586800069146
Glencore,2023-09-18,5.69,LSTM,5.999415728414473
Glencore,2023-09-18,5.69,GRU,5.955537943793681
Glencore,2023-09-19,5.74,Random Walk,6.1
Glencore,2023-09-19,5.74,Random Walk + Drift,6.099233576642336
Glencore,2023-09-19,5.74,ARIMA,6.095244806079732
Glencore,2023-09-19,5.74,LASSO,6.088903755921386
Glencore,2023-09-19,5.74,Elastic Net,6.088903755921386
Glencore,2023-09-19,5.74,Random Forest,6.12687425444925
Glencore,2023-09-19,5.74,XGBoost,6.1538332350735
Glencore,2023-09-19,5.74,LightGBM,6.1538332350735
Glencore,2023-09-19,5.74,LSTM,5.949719999290644
Glencore,2023-09-19,5.74,GRU,6.0751407401665425
Glencore,2023-09-20,5.73,Random Walk,6.33
Glencore,2023-09-20,5.73,Random Walk + Drift,6.329317767238234
Glencore,2023-09-20,5.73,ARIMA,6.314131331962276
Glencore,2023-09-20,5.73,LASSO,6.30960039405314
Glencore,2023-09-20,5.73,Elastic Net,6.30960039405314
Glencore,2023-09-20,5.73,Random Forest,6.253408015873014
Glencore,2023-09-20,5.73,XGBoost,6.2719334136351845
Glencore,2023-09-20,5.73,LightGBM,6.2719334136351845
Glencore,2023-09-20,5.73,LSTM,6.095191272657928
Glencore,2023-09-20,5.73,GRU,6.186556137738037
Glencore,2023-09-21,5.56,Random Walk,6.43
Glencore,2023-09-21,5.56,Random Walk + Drift,6.429354485776805
Glencore,2023-09-21,5.56,ARIMA,6.421861913829957
Glencore,2023-09-21,5.56,LASSO,6.411268729885567
Glencore,2023-09-21,5.56,Elastic Net,6.411268729885567
Glencore,2023-09-21,5.56,Random Forest,6.27358357022607
Glencore,2023-09-21,5.56,XGBoost,6.351130461821174
Glencore,2023-09-21,5.56,LightGBM,6.351130461821174
Glencore,2023-09-21,5.56,LSTM,6.247284036010147
Glencore,2023-09-21,5.56,GRU,6.30902333314151
Glencore,2023-09-22,5.57,Random Walk,6.52
Glencore,2023-09-22,5.57,Random Walk + Drift,6.51938753189938
Glencore,2023-09-22,5.57,ARIMA,6.52429299240958
Glencore,2023-09-22,5.57,LASSO,6.500016645852897
Glencore,2023-09-22,5.57,Elastic Net,6.500016645852897
Glencore,2023-09-22,5.57,Random Forest,6.445384351851855
Glencore,2023-09-22,5.57,XGBoost,6.484080443135502
Glencore,2023-09-22,5.57,LightGBM,6.484080443135502
Glencore,2023-09-22,5.57,LSTM,6.396393185415825
Glencore,2023-09-22,5.57,GRU,6.4354796890712045
Glencore,2023-09-25,5.53,Random Walk,6.37
Glencore,2023-09-25,5.53,Random Walk + Drift,6.369333090379008
Glencore,2023-09-25,5.53,ARIMA,6.377944501119584
Glencore,2023-09-25,5.53,LASSO,6.35413754668731
Glencore,2023-09-25,5.53,Elastic Net,6.35413754668731
Glencore,2023-09-25,5.53,Random Forest,6.356858002645498
Glencore,2023-09-25,5.53,XGBoost,6.337904047445071
Glencore,2023-09-25,5.53,LightGBM,6.337904047445071
Glencore,2023-09-25,5.53,LSTM,6.401104344826239
Glencore,2023-09-25,5.53,GRU,6.398660369401407
Glencore,2023-09-26,5.49,Random Walk,6.45
Glencore,2023-09-26,5.49,Random Walk + Drift,6.44936247723133
Glencore,2023-09-26,5.49,ARIMA,6.456253214452503
Glencore,2023-09-26,5.49,LASSO,6.436275459477866
Glencore,2023-09-26,5.49,Elastic Net,6.436275459477866
Glencore,2023-09-26,5.49,Random Forest,6.427749523809519
Glencore,2023-09-26,5.49,XGBoost,6.406896725496441
Glencore,2023-09-26,5.49,LightGBM,6.406896725496441
Glencore,2023-09-26,5.49,LSTM,6.402408007117662
Glencore,2023-09-26,5.49,GRU,6.392475100173678
Glencore,2023-09-27,5.5,Random Walk,6.31
Glencore,2023-09-27,5.5,Random Walk + Drift,6.309311726147123
Glencore,2023-09-27,5.5,ARIMA,6.301985702850364
Glencore,2023-09-27,5.5,LASSO,6.3005945529089695
Glencore,2023-09-27,5.5,Elastic Net,6.3005945529089695
Glencore,2023-09-27,5.5,Random Forest,6.35232607142857
Glencore,2023-09-27,5.5,XGBoost,6.312324972322063
Glencore,2023-09-27,5.5,LightGBM,6.312324972322063
Glencore,2023-09-27,5.5,LSTM,6.346051481257691
Glencore,2023-09-27,5.5,GRU,6.368868231128152
Glencore,2023-09-28,5.62,Random Walk,6.07
Glencore,2023-09-28,5.62,Random Walk + Drift,6.069224608663998
Glencore,2023-09-28,5.62,ARIMA,6.05620716946942
Glencore,2023-09-28,5.62,LASSO,6.067076933537449
Glencore,2023-09-28,5.62,Elastic Net,6.067076933537449
Glencore,2023-09-28,5.62,Random Forest,6.119668029100528
Glencore,2023-09-28,5.62,XGBoost,6.234373983084523
Glencore,2023-09-28,5.62,LightGBM,6.234373983084523
Glencore,2023-09-28,5.62,LSTM,6.346326076417373
Glencore,2023-09-28,5.62,GRU,6.191467888312704
Glencore,2023-09-29,5.73,Random Walk,6.35
Glencore,2023-09-29,5.73,Random Walk + Drift,6.349326783114992
Glencore,2023-09-29,5.73,ARIMA,6.356769259843538
Glencore,2023-09-29,5.73,LASSO,6.338784809013146
Glencore,2023-09-29,5.73,Elastic Net,6.338784809013146
Glencore,2023-09-29,5.73,Random Forest,6.353869391534388
Glencore,2023-09-29,5.73,XGBoost,6.435884903857798
Glencore,2023-09-29,5.73,LightGBM,6.435884903857798
Glencore,2023-09-29,5.73,LSTM,6.209638316793853
Glencore,2023-09-29,5.73,GRU,6.232402183625151
Glencore,2023-10-02,5.61,Random Walk,6.34
Glencore,2023-10-02,5.61,Random Walk + Drift,6.339323390323754
Glencore,2023-10-02,5.61,ARIMA,6.336782520660028
Glencore,2023-10-02,5.61,LASSO,6.330418601055665
Glencore,2023-10-02,5.61,Elastic Net,6.330418601055665
Glencore,2023-10-02,5.61,Random Forest,6.363982235449734
Glencore,2023-10-02,5.61,XGBoost,6.424916322939352
Glencore,2023-10-02,5.61,LightGBM,6.424916322939352
Glencore,2023-10-02,5.61,LSTM,6.345325469542468
Glencore,2023-10-02,5.61,GRU,6.263397397508961
Glencore,2023-10-03,5.47,Random Walk,6.43
Glencore,2023-10-03,5.47,Random Walk + Drift,6.429356363636363
Glencore,2023-10-03,5.47,ARIMA,6.425482537281402
Glencore,2023-10-03,5.47,LASSO,6.416243128673814
Glencore,2023-10-03,5.47,Elastic Net,6.416243128673814
Glencore,2023-10-03,5.47,Random Forest,6.336217764550265
Glencore,2023-10-03,5.47,XGBoost,6.315304565946057
Glencore,2023-10-03,5.47,LightGBM,6.315304565946057
Glencore,2023-10-03,5.47,LSTM,6.295929615536464
Glencore,2023-10-03,5.47,GRU,6.341432563864652
Glencore,2023-10-04,5.38,Random Walk,6.4
Glencore,2023-10-04,5.38,Random Walk + Drift,6.399345692475464
Glencore,2023-10-04,5.38,ARIMA,6.39633988330636
Glencore,2023-10-04,5.38,LASSO,6.382611724744644
Glencore,2023-10-04,5.38,Elastic Net,6.382611724744644
Glencore,2023-10-04,5.38,Random Forest,6.332348492063489
Glencore,2023-10-04,5.38,XGBoost,6.333947967051686
Glencore,2023-10-04,5.38,LightGBM,6.333947967051686
Glencore,2023-10-04,5.38,LSTM,6.306029067741036
Glencore,2023-10-04,5.38,GRU,6.378456478854596
Glencore,2023-10-05,5.36,Random Walk,6.52
Glencore,2023-10-05,5.36,Random Walk + Drift,6.519389534883721
Glencore,2023-10-05,5.36,ARIMA,6.519397667625366
Glencore,2023-10-05,5.36,LASSO,6.505123612370116
Glencore,2023-10-05,5.36,Elastic Net,6.505123612370116
Glencore,2023-10-05,5.36,Random Forest,6.560184113756611
Glencore,2023-10-05,5.36,XGBoost,6.701507314418335
Glencore,2023-10-05,5.36,LightGBM,6.701507314418335
Glencore,2023-10-05,5.36,LSTM,6.398001828601195
Glencore,2023-10-05,5.36,GRU,6.402535639489546
Glencore,2023-10-06,5.45,Random Walk,6.55
Glencore,2023-10-06,5.45,Random Walk + Drift,6.5494006538321825
Glencore,2023-10-06,5.45,ARIMA,6.5469426799555315
Glencore,2023-10-06,5.45,LASSO,6.534355342417539
Glencore,2023-10-06,5.45,Elastic Net,6.534355342417539
Glencore,2023-10-06,5.45,Random Forest,6.524535595238089
Glencore,2023-10-06,5.45,XGBoost,6.633758585770464
Glencore,2023-10-06,5.45,LightGBM,6.633758585770464
Glencore,2023-10-06,5.45,LSTM,6.411807004156621
Glencore,2023-10-06,5.45,GRU,6.506628804426861
Glencore,2023-10-09,5.52,Random Walk,6.5
Glencore,2023-10-09,5.52,Random Walk + Drift,6.499382716049383
Glencore,2023-10-09,5.52,ARIMA,6.493222463239633
Glencore,2023-10-09,5.52,LASSO,6.486982505677587
Glencore,2023-10-09,5.52,Elastic Net,6.486982505677587
Glencore,2023-10-09,5.52,Random Forest,6.401726518759021
Glencore,2023-10-09,5.52,XGBoost,6.562120085289933
Glencore,2023-10-09,5.52,LightGBM,6.562120085289933
Glencore,2023-10-09,5.52,LSTM,6.473161578337457
Glencore,2023-10-09,5.52,GRU,6.456028010956593
Glencore,2023-10-10,5.73,Random Walk,6.65
Glencore,2023-10-10,5.73,Random Walk + Drift,6.649437386569874
Glencore,2023-10-10,5.73,ARIMA,6.661128646545235
Glencore,2023-10-10,5.73,LASSO,6.633378903972556
Glencore,2023-10-10,5.73,Elastic Net,6.633378903972556
Glencore,2023-10-10,5.73,Random Forest,6.646270132275129
Glencore,2023-10-10,5.73,XGBoost,6.646610953439187
Glencore,2023-10-10,5.73,LightGBM,6.646610953439187
Glencore,2023-10-10,5.73,LSTM,6.554285631575826
Glencore,2023-10-10,5.73,GRU,6.557167860594918
Glencore,2023-10-11,5.68,Random Walk,6.55
Glencore,2023-10-11,5.68,Random Walk + Drift,6.549401306240929
Glencore,2023-10-11,5.68,ARIMA,6.541682293295156
Glencore,2023-10-11,5.68,LASSO,6.537547427978793
Glencore,2023-10-11,5.68,Elastic Net,6.537547427978793
Glencore,2023-10-11,5.68,Random Forest,6.625428492063487
Glencore,2023-10-11,5.68,XGBoost,6.697295936168546
Glencore,2023-10-11,5.68,LightGBM,6.697295936168546
Glencore,2023-10-11,5.68,LSTM,6.503295775456971
Glencore,2023-10-11,5.68,GRU,6.505339927177555
Glencore,2023-10-12,5.63,Random Walk,6.59
Glencore,2023-10-12,5.63,Random Walk + Drift,6.589416031918752
Glencore,2023-10-12,5.63,ARIMA,6.579890334182782
Glencore,2023-10-12,5.63,LASSO,6.577256452391141
Glencore,2023-10-12,5.63,Elastic Net,6.577256452391141
Glencore,2023-10-12,5.63,Random Forest,6.550798321123315
Glencore,2023-10-12,5.63,XGBoost,6.557551492073434
Glencore,2023-10-12,5.63,LightGBM,6.557551492073434
Glencore,2023-10-12,5.63,LSTM,6.538925855823122
Glencore,2023-10-12,5.63,GRU,6.520809600919026
Glencore,2023-10-13,5.54,Random Walk,6.72
Glencore,2023-10-13,5.54,Random Walk + Drift,6.7194633792603335
Glencore,2023-10-13,5.54,ARIMA,6.722599839322248
Glencore,2023-10-13,5.54,LASSO,6.70369866939783
Glencore,2023-10-13,5.54,Elastic Net,6.70369866939783
Glencore,2023-10-13,5.54,Random Forest,6.572350978835975
Glencore,2023-10-13,5.54,XGBoost,6.628784219056473
Glencore,2023-10-13,5.54,LightGBM,6.628784219056473
Glencore,2023-10-13,5.54,LSTM,6.529479133026163
Glencore,2023-10-13,5.54,GRU,6.608345777483501
Glencore,2023-10-16,5.65,Random Walk,6.65
Glencore,2023-10-16,5.65,Random Walk + Drift,6.649438202247191
Glencore,2023-10-16,5.65,ARIMA,6.641610367038865
Glencore,2023-10-16,5.65,LASSO,6.637809238025158
Glencore,2023-10-16,5.65,Elastic Net,6.637809238025158
Glencore,2023-10-16,5.65,Random Forest,6.594939021164017
Glencore,2023-10-16,5.65,XGBoost,6.658948619915072
Glencore,2023-10-16,5.65,LightGBM,6.658948619915072
Glencore,2023-10-16,5.65,LSTM,6.509552635449244
Glencore,2023-10-16,5.65,GRU,6.587026120295317
Glencore,2023-10-17,5.64,Random Walk,6.72
Glencore,2023-10-17,5.64,Random Walk + Drift,6.719463768115942
Glencore,2023-10-17,5.64,ARIMA,6.7197897974025995
Glencore,2023-10-17,5.64,LASSO,6.704807373753649
Glencore,2023-10-17,5.64,Elastic Net,6.704807373753649
Glencore,2023-10-17,5.64,Random Forest,6.602345714285718
Glencore,2023-10-17,5.64,XGBoost,6.648101263858529
Glencore,2023-10-17,5.64,LightGBM,6.648101263858529
Glencore,2023-10-17,5.64,LSTM,6.683563374661826
Glencore,2023-10-17,5.64,GRU,6.712621125517602
Glencore,2023-10-18,5.54,Random Walk,6.55
Glencore,2023-10-18,5.54,Random Walk + Drift,6.549402390438247
Glencore,2023-10-18,5.54,ARIMA,6.5547614746870435
Glencore,2023-10-18,5.54,LASSO,6.539263767488572
Glencore,2023-10-18,5.54,Elastic Net,6.539263767488572
Glencore,2023-10-18,5.54,Random Forest,6.598573253968252
Glencore,2023-10-18,5.54,XGBoost,6.573887420621854
Glencore,2023-10-18,5.54,LightGBM,6.573887420621854
Glencore,2023-10-18,5.54,LSTM,6.574357680768886
Glencore,2023-10-18,5.54,GRU,6.60582387671381
Glencore,2023-10-19,5.47,Random Walk,6.16
Glencore,2023-10-19,5.47,Random Walk + Drift,6.159261404779146
Glencore,2023-10-19,5.47,ARIMA,6.158732396722086
Glencore,2023-10-19,5.47,LASSO,6.159974232649687
Glencore,2023-10-19,5.47,Elastic Net,6.159974232649687
Glencore,2023-10-19,5.47,Random Forest,6.1964746957671935
Glencore,2023-10-19,5.47,XGBoost,6.250750124819651
Glencore,2023-10-19,5.47,LightGBM,6.250750124819651
Glencore,2023-10-19,5.47,LSTM,6.5289771887676915
Glencore,2023-10-19,5.47,GRU,6.376714822584331
Glencore,2023-10-20,5.29,Random Walk,5.9
Glencore,2023-10-20,5.29,Random Walk + Drift,5.899167571480276
Glencore,2023-10-20,5.29,ARIMA,5.918340541466736
Glencore,2023-10-20,5.29,LASSO,5.903309404478784
Glencore,2023-10-20,5.29,Elastic Net,5.903309404478784
Glencore,2023-10-20,5.29,Random Forest,5.8866920370370375
Glencore,2023-10-20,5.29,XGBoost,5.8677616719941845
Glencore,2023-10-20,5.29,LightGBM,5.8677616719941845
Glencore,2023-10-20,5.29,LSTM,6.298705625075362
Glencore,2023-10-20,5.29,GRU,6.122622439586995
Glencore,2023-10-23,5.25,Random Walk,5.53
Glencore,2023-10-23,5.25,Random Walk + Drift,5.529034008683068
Glencore,2023-10-23,5.25,ARIMA,5.547467560782656
Glencore,2023-10-23,5.25,LASSO,5.53897369011771
Glencore,2023-10-23,5.25,Elastic Net,5.53897369011771
Glencore,2023-10-23,5.25,Random Forest,5.637473928571428
Glencore,2023-10-23,5.25,XGBoost,5.576398048329154
Glencore,2023-10-23,5.25,LightGBM,5.576398048329154
Glencore,2023-10-23,5.25,LSTM,5.890834293609324
Glencore,2023-10-23,5.25,GRU,5.78398442737117
Glencore,2023-10-24,5.28,Random Walk,5.64
Glencore,2023-10-24,5.28,Random Walk + Drift,5.639074141048824
Glencore,2023-10-24,5.28,ARIMA,5.646345073899467
Glencore,2023-10-24,5.28,LASSO,5.645555700808224
Glencore,2023-10-24,5.28,Elastic Net,5.645555700808224
Glencore,2023-10-24,5.28,Random Forest,5.642763888888894
Glencore,2023-10-24,5.28,XGBoost,5.536536919740654
Glencore,2023-10-24,5.28,LightGBM,5.536536919740654
Glencore,2023-10-24,5.28,LSTM,5.69087793021397
Glencore,2023-10-24,5.28,GRU,5.606881461783186
Glencore,2023-10-25,5.33,Random Walk,5.81
Glencore,2023-10-25,5.33,Random Walk + Drift,5.809135936370209
Glencore,2023-10-25,5.33,ARIMA,5.825914604034666
Glencore,2023-10-25,5.33,LASSO,5.806893786953336
Glencore,2023-10-25,5.33,Elastic Net,5.806893786953336
Glencore,2023-10-25,5.33,Random Forest,5.851667344877344
Glencore,2023-10-25,5.33,XGBoost,5.826498540696351
Glencore,2023-10-25,5.33,LightGBM,5.826498540696351
Glencore,2023-10-25,5.33,LSTM,5.7159277984208545
Glencore,2023-10-25,5.33,GRU,5.6771439012635705
Glencore,2023-10-26,5.34,Random Walk,5.82
Glencore,2023-10-26,5.34,Random Walk + Drift,5.819139862667149
Glencore,2023-10-26,5.34,ARIMA,5.8160084280349045
Glencore,2023-10-26,5.34,LASSO,5.812431621349373
Glencore,2023-10-26,5.34,Elastic Net,5.812431621349373
Glencore,2023-10-26,5.34,Random Forest,5.849941970899476
Glencore,2023-10-26,5.34,XGBoost,5.86146920189095
Glencore,2023-10-26,5.34,LightGBM,5.86146920189095
Glencore,2023-10-26,5.34,LSTM,5.683484321580348
Glencore,2023-10-26,5.34,GRU,5.7380921548551465
Glencore,2023-10-27,5.4,Random Walk,6.04
Glencore,2023-10-27,5.4,Random Walk + Drift,6.039219653179191
Glencore,2023-10-27,5.4,ARIMA,6.039514952138519
Glencore,2023-10-27,5.4,LASSO,6.021839946088935
Glencore,2023-10-27,5.4,Elastic Net,6.021839946088935
Glencore,2023-10-27,5.4,Random Forest,5.932681706349208
Glencore,2023-10-27,5.4,XGBoost,5.852611544222921
Glencore,2023-10-27,5.4,LightGBM,5.852611544222921
Glencore,2023-10-27,5.4,LSTM,5.821349306339194
Glencore,2023-10-27,5.4,GRU,5.973620733861257
Glencore,2023-10-30,5.49,Random Walk,5.84
Glencore,2023-10-30,5.49,Random Walk + Drift,5.839147706753341
Glencore,2023-10-30,5.49,ARIMA,5.818116749816712
Glencore,2023-10-30,5.49,LASSO,5.8275954732746325
Glencore,2023-10-30,5.49,Elastic Net,5.8275954732746325
Glencore,2023-10-30,5.49,Random Forest,5.9325639285714304
Glencore,2023-10-30,5.49,XGBoost,5.834083296960411
Glencore,2023-10-30,5.49,LightGBM,5.834083296960411
Glencore,2023-10-30,5.49,LSTM,5.87764472012401
Glencore,2023-10-30,5.49,GRU,5.928371393573444
Glencore,2023-10-31,5.29,Random Walk,5.88
Glencore,2023-10-31,5.29,Random Walk + Drift,5.879162454873646
Glencore,2023-10-31,5.29,ARIMA,5.879720092118759
Glencore,2023-10-31,5.29,LASSO,5.869708815898596
Glencore,2023-10-31,5.29,Elastic Net,5.869708815898596
Glencore,2023-10-31,5.29,Random Forest,6.027183941798938
Glencore,2023-10-31,5.29,XGBoost,5.972603003855091
Glencore,2023-10-31,5.29,LightGBM,5.972603003855091
Glencore,2023-10-31,5.29,LSTM,5.963708038672415
Glencore,2023-10-31,5.29,GRU,5.946609085196461
Glencore,2023-11-01,5.24,Random Walk,5.78
Glencore,2023-11-01,5.24,Random Walk + Drift,5.779126669072538
Glencore,2023-11-01,5.24,ARIMA,5.779971036968237
Glencore,2023-11-01,5.24,LASSO,5.7719992414218
Glencore,2023-11-01,5.24,Elastic Net,5.7719992414218
Glencore,2023-11-01,5.24,Random Forest,5.81857335858586
Glencore,2023-11-01,5.24,XGBoost,5.814237744036761
Glencore,2023-11-01,5.24,LightGBM,5.814237744036761
Glencore,2023-11-01,5.24,LSTM,5.850310514777891
Glencore,2023-11-01,5.24,GRU,5.828774173228762
Glencore,2023-11-02,5.37,Random Walk,5.81
Glencore,2023-11-02,5.37,Random Walk + Drift,5.809137806637806
Glencore,2023-11-02,5.37,ARIMA,5.817657412030307
Glencore,2023-11-02,5.37,LASSO,5.805174500997571
Glencore,2023-11-02,5.37,Elastic Net,5.805174500997571
Glencore,2023-11-02,5.37,Random Forest,5.861787089947086
Glencore,2023-11-02,5.37,XGBoost,5.853258833406577
Glencore,2023-11-02,5.37,LightGBM,5.853258833406577
Glencore,2023-11-02,5.37,LSTM,5.896054864246991
Glencore,2023-11-02,5.37,GRU,5.840466809869076
Glencore,2023-11-03,5.44,Random Walk,5.46
Glencore,2023-11-03,5.44,Random Walk + Drift,5.4590119004688065
Glencore,2023-11-03,5.44,ARIMA,5.454025038498275
Glencore,2023-11-03,5.44,LASSO,5.458890546883074
Glencore,2023-11-03,5.44,Elastic Net,5.458890546883074
Glencore,2023-11-03,5.44,Random Forest,5.482042063492062
Glencore,2023-11-03,5.44,XGBoost,5.5005579057611005
Glencore,2023-11-03,5.44,LightGBM,5.5005579057611005
Glencore,2023-11-03,5.44,LSTM,5.736455767671911
Glencore,2023-11-03,5.44,GRU,5.621505774101591
Glencore,2023-11-06,5.45,Random Walk,5.42
Glencore,2023-11-06,5.45,Random Walk + Drift,5.4189978370583995
Glencore,2023-11-06,5.45,ARIMA,5.435458718969065
Glencore,2023-11-06,5.45,LASSO,5.420330780443183
Glencore,2023-11-06,5.45,Elastic Net,5.420330780443183
Glencore,2023-11-06,5.45,Random Forest,5.507384206349206
Glencore,2023-11-06,5.45,XGBoost,5.430792132058824
Glencore,2023-11-06,5.45,LightGBM,5.430792132058824
Glencore,2023-11-06,5.45,LSTM,5.4779894709398365
Glencore,2023-11-06,5.45,GRU,5.5105858923483915
Glencore,2023-11-07,5.31,Random Walk,5.63
Glencore,2023-11-07,5.31,Random Walk + Drift,5.629073873873874
Glencore,2023-11-07,5.31,ARIMA,5.651411343260644
Glencore,2023-11-07,5.31,LASSO,5.624481099252698
Glencore,2023-11-07,5.31,Elastic Net,5.624481099252698
Glencore,2023-11-07,5.31,Random Forest,5.574331785714282
Glencore,2023-11-07,5.31,XGBoost,5.544032888979707
Glencore,2023-11-07,5.31,LightGBM,5.544032888979707
Glencore,2023-11-07,5.31,LSTM,5.532580210242465
Glencore,2023-11-07,5.31,GRU,5.492237184097031
Glencore,2023-11-08,5.24,Random Walk,5.36
Glencore,2023-11-08,5.24,Random Walk + Drift,5.358976945244957
Glencore,2023-11-08,5.24,ARIMA,5.351742517665901
Glencore,2023-11-08,5.24,LASSO,5.360597133581363
Glencore,2023-11-08,5.24,Elastic Net,5.360597133581363
Glencore,2023-11-08,5.24,Random Forest,5.418296746031746
Glencore,2023-11-08,5.24,XGBoost,5.414122935746721
Glencore,2023-11-08,5.24,LightGBM,5.414122935746721
Glencore,2023-11-08,5.24,LSTM,5.425155268384027
Glencore,2023-11-08,5.24,GRU,5.476627144474622
Glencore,2023-11-09,5.25,Random Walk,5.46
Glencore,2023-11-09,5.25,Random Walk + Drift,5.459013323730645
Glencore,2023-11-09,5.25,ARIMA,5.468995441724696
Glencore,2023-11-09,5.25,LASSO,5.452570027978419
Glencore,2023-11-09,5.25,Elastic Net,5.452570027978419
Glencore,2023-11-09,5.25,Random Forest,5.4786180952380965
Glencore,2023-11-09,5.25,XGBoost,5.492853037158382
Glencore,2023-11-09,5.25,LightGBM,5.492853037158382
Glencore,2023-11-09,5.25,LSTM,5.395116580987313
Glencore,2023-11-09,5.25,GRU,5.475603796156979
Glencore,2023-11-10,5.22,Random Walk,5.68
Glencore,2023-11-10,5.22,Random Walk + Drift,5.679092872570194
Glencore,2023-11-10,5.22,ARIMA,5.68776773986633
Glencore,2023-11-10,5.22,LASSO,5.667177041827754
Glencore,2023-11-10,5.22,Elastic Net,5.667177041827754
Glencore,2023-11-10,5.22,Random Forest,5.736369695767199
Glencore,2023-11-10,5.22,XGBoost,5.678480484648002
Glencore,2023-11-10,5.22,LightGBM,5.678480484648002
Glencore,2023-11-10,5.22,LSTM,5.499346522473155
Glencore,2023-11-10,5.22,GRU,5.589945408006808
Glencore,2023-11-13,5.29,Random Walk,6.01
Glencore,2023-11-13,5.29,Random Walk + Drift,6.009211946743433
Glencore,2023-11-13,5.29,ARIMA,6.008800670528549
Glencore,2023-11-13,5.29,LASSO,5.994081324068529
Glencore,2023-11-13,5.29,Elastic Net,5.994081324068529
Glencore,2023-11-13,5.29,Random Forest,5.850601428571426
Glencore,2023-11-13,5.29,XGBoost,5.8846613953570515
Glencore,2023-11-13,5.29,LightGBM,5.8846613953570515
Glencore,2023-11-13,5.29,LSTM,5.742036085225381
Glencore,2023-11-13,5.29,GRU,5.831004082977854
Glencore,2023-11-14,5.62,Random Walk,5.94
Glencore,2023-11-14,5.62,Random Walk + Drift,5.939187050359712
Glencore,2023-11-14,5.62,ARIMA,5.914119767135439
Glencore,2023-11-14,5.62,LASSO,5.92094480628392
Glencore,2023-11-14,5.62,Elastic Net,5.92094480628392
Glencore,2023-11-14,5.62,Random Forest,5.934394246031746
Glencore,2023-11-14,5.62,XGBoost,5.944521761597491
Glencore,2023-11-14,5.62,LightGBM,5.944521761597491
Glencore,2023-11-14,5.62,LSTM,5.88406019317452
Glencore,2023-11-14,5.62,GRU,5.862801749218917
Glencore,2023-11-15,5.77,Random Walk,5.99
Glencore,2023-11-15,5.77,Random Walk + Drift,5.989205321826681
Glencore,2023-11-15,5.77,ARIMA,5.9773174946492516
Glencore,2023-11-15,5.77,LASSO,5.971796817142431
Glencore,2023-11-15,5.77,Elastic Net,5.971796817142431
Glencore,2023-11-15,5.77,Random Forest,5.9517288888888835
Glencore,2023-11-15,5.77,XGBoost,5.98239379732106
Glencore,2023-11-15,5.77,LightGBM,5.98239379732106
Glencore,2023-11-15,5.77,LSTM,5.955836569258861
Glencore,2023-11-15,5.77,GRU,5.998043134797415
Glencore,2023-11-16,5.68,Random Walk,6.0
Glencore,2023-11-16,5.68,Random Walk + Drift,5.99920920201294
Glencore,2023-11-16,5.68,ARIMA,5.992014887982426
Glencore,2023-11-16,5.68,LASSO,5.985240960473617
Glencore,2023-11-16,5.68,Elastic Net,5.985240960473617
Glencore,2023-11-16,5.68,Random Forest,5.9298826190476195
Glencore,2023-11-16,5.68,XGBoost,5.963761817710156
Glencore,2023-11-16,5.68,LightGBM,5.963761817710156
Glencore,2023-11-16,5.68,LSTM,5.986779404922277
Glencore,2023-11-16,5.68,GRU,6.003158370566091
Glencore,2023-11-17,5.83,Random Walk,6.24
Glencore,2023-11-17,5.83,Random Walk + Drift,6.239295724038807
Glencore,2023-11-17,5.83,ARIMA,6.242069343377973
Glencore,2023-11-17,5.83,LASSO,6.226020523427071
Glencore,2023-11-17,5.83,Elastic Net,6.226020523427071
Glencore,2023-11-17,5.83,Random Forest,6.137921044973543
Glencore,2023-11-17,5.83,XGBoost,6.254427508848991
Glencore,2023-11-17,5.83,LightGBM,6.254427508848991
Glencore,2023-11-17,5.83,LSTM,6.094741148692878
Glencore,2023-11-17,5.83,GRU,6.128451253896362
Glencore,2023-11-20,5.82,Random Walk,6.29
Glencore,2023-11-20,5.82,Random Walk + Drift,6.2893139367816095
Glencore,2023-11-20,5.82,ARIMA,6.278733074599803
Glencore,2023-11-20,5.82,LASSO,6.2739079321374
Glencore,2023-11-20,5.82,Elastic Net,6.2739079321374
Glencore,2023-11-20,5.82,Random Forest,6.212158809523807
Glencore,2023-11-20,5.82,XGBoost,6.206481653875245
Glencore,2023-11-20,5.82,LightGBM,6.206481653875245
Glencore,2023-11-20,5.82,LSTM,6.19999622156001
Glencore,2023-11-20,5.82,GRU,6.290407923188289
Glencore,2023-11-21,5.73,Random Walk,6.32
Glencore,2023-11-21,5.73,Random Walk + Drift,6.319324955116697
Glencore,2023-11-21,5.73,ARIMA,6.309349816162252
Glencore,2023-11-21,5.73,LASSO,6.304154883885724
Glencore,2023-11-21,5.73,Elastic Net,6.304154883885724
Glencore,2023-11-21,5.73,Random Forest,6.230449444444442
Glencore,2023-11-21,5.73,XGBoost,6.250390925736562
Glencore,2023-11-21,5.73,LightGBM,6.250390925736562
Glencore,2023-11-21,5.73,LSTM,6.213142116414771
Glencore,2023-11-21,5.73,GRU,6.246464158242754
Glencore,2023-11-22,5.61,Random Walk,6.32
Glencore,2023-11-22,5.61,Random Walk + Drift,6.31932519741565
Glencore,2023-11-22,5.61,ARIMA,6.312378737766121
Glencore,2023-11-22,5.61,LASSO,6.304349893721577
Glencore,2023-11-22,5.61,Elastic Net,6.304349893721577
Glencore,2023-11-22,5.61,Random Forest,6.269780105820103
Glencore,2023-11-22,5.61,XGBoost,6.2070928409501125
Glencore,2023-11-22,5.61,LightGBM,6.2070928409501125
Glencore,2023-11-22,5.61,LSTM,6.311542239317843
Glencore,2023-11-22,5.61,GRU,6.299223926557474
Glencore,2023-11-23,5.64,Random Walk,6.41
Glencore,2023-11-23,5.64,Random Walk + Drift,6.409357732328669
Glencore,2023-11-23,5.64,ARIMA,6.408913044105797
Glencore,2023-11-23,5.64,LASSO,6.3963928405498915
Glencore,2023-11-23,5.64,Elastic Net,6.3963928405498915
Glencore,2023-11-23,5.64,Random Forest,6.333723558201055
Glencore,2023-11-23,5.64,XGBoost,6.301786022281439
Glencore,2023-11-23,5.64,LightGBM,6.301786022281439
Glencore,2023-11-23,5.64,LSTM,6.323947710699894
Glencore,2023-11-23,5.64,GRU,6.329103134411151
Glencore,2023-11-24,5.65,Random Walk,6.43
Glencore,2023-11-24,5.65,Random Walk + Drift,6.429365136298421
Glencore,2023-11-24,5.65,ARIMA,6.425357749398622
Glencore,2023-11-24,5.65,LASSO,6.416628614807164
Glencore,2023-11-24,5.65,Elastic Net,6.416628614807164
Glencore,2023-11-24,5.65,Random Forest,6.419614383394383
Glencore,2023-11-24,5.65,XGBoost,6.373183636241622
Glencore,2023-11-24,5.65,LightGBM,6.373183636241622
Glencore,2023-11-24,5.65,LSTM,6.393371047439749
Glencore,2023-11-24,5.65,GRU,6.385442706206878
Glencore,2023-11-27,5.62,Random Walk,6.35
Glencore,2023-11-27,5.62,Random Walk + Drift,6.349336679813553
Glencore,2023-11-27,5.62,ARIMA,6.343445964856052
Glencore,2023-11-27,5.62,LASSO,6.338715342862357
Glencore,2023-11-27,5.62,Elastic Net,6.338715342862357
Glencore,2023-11-27,5.62,Random Forest,6.345531230158726
Glencore,2023-11-27,5.62,XGBoost,6.356491248122208
Glencore,2023-11-27,5.62,LightGBM,6.356491248122208
Glencore,2023-11-27,5.62,LSTM,6.338135675856959
Glencore,2023-11-27,5.62,GRU,6.31652882169479
Glencore,2023-11-28,5.67,Random Walk,6.31
Glencore,2023-11-28,5.67,Random Walk + Drift,6.309322580645161
Glencore,2023-11-28,5.67,ARIMA,6.310226172124109
Glencore,2023-11-28,5.67,LASSO,6.299463257870482
Glencore,2023-11-28,5.67,Elastic Net,6.299463257870482
Glencore,2023-11-28,5.67,Random Forest,6.333595251322749
Glencore,2023-11-28,5.67,XGBoost,6.3090206259708195
Glencore,2023-11-28,5.67,LightGBM,6.3090206259708195
Glencore,2023-11-28,5.67,LSTM,6.364459396759688
Glencore,2023-11-28,5.67,GRU,6.346403820718873
Glencore,2023-11-29,5.64,Random Walk,6.55
Glencore,2023-11-29,5.64,Random Walk + Drift,6.549408814045145
Glencore,2023-11-29,5.64,ARIMA,6.560110208924938
Glencore,2023-11-29,5.64,LASSO,6.536423512381072
Glencore,2023-11-29,5.64,Elastic Net,6.536423512381072
Glencore,2023-11-29,5.64,Random Forest,6.6582086014911
Glencore,2023-11-29,5.64,XGBoost,6.705222425312491
Glencore,2023-11-29,5.64,LightGBM,6.705222425312491
Glencore,2023-11-29,5.64,LSTM,6.3683529493377655
Glencore,2023-11-29,5.64,GRU,6.43522219558618
Glencore,2023-11-30,5.58,Random Walk,6.56
Glencore,2023-11-30,5.58,Random Walk + Drift,6.559412607449857
Glencore,2023-11-30,5.58,ARIMA,6.551915041834065
Glencore,2023-11-30,5.58,LASSO,6.546384870211831
Glencore,2023-11-30,5.58,Elastic Net,6.546384870211831
Glencore,2023-11-30,5.58,Random Forest,6.5952684788359734
Glencore,2023-11-30,5.58,XGBoost,6.706976903021429
Glencore,2023-11-30,5.58,LightGBM,6.706976903021429
Glencore,2023-11-30,5.58,LSTM,6.463600972888834
Glencore,2023-11-30,5.58,GRU,6.507623495942903
Glencore,2023-12-01,5.81,Random Walk,6.52
Glencore,2023-12-01,5.81,Random Walk + Drift,6.519398496240601
Glencore,2023-12-01,5.81,ARIMA,6.511001392023126
Glencore,2023-12-01,5.81,LASSO,6.506097858816085
Glencore,2023-12-01,5.81,Elastic Net,6.506097858816085
Glencore,2023-12-01,5.81,Random Forest,6.578874986772482
Glencore,2023-12-01,5.81,XGBoost,6.530117297875594
Glencore,2023-12-01,5.81,LightGBM,6.530117297875594
Glencore,2023-12-01,5.81,LSTM,6.533687360315768
Glencore,2023-12-01,5.81,GRU,6.4964006047702085
Glencore,2023-12-04,5.6,Random Walk,6.43
Glencore,2023-12-04,5.6,Random Walk + Drift,6.42936649964209
Glencore,2023-12-04,5.6,ARIMA,6.425275326272723
Glencore,2023-12-04,5.6,LASSO,6.417141834347995
Glencore,2023-12-04,5.6,Elastic Net,6.417141834347995
Glencore,2023-12-04,5.6,Random Forest,6.373407777777782
Glencore,2023-12-04,5.6,XGBoost,6.399163924844097
Glencore,2023-12-04,5.6,LightGBM,6.399163924844097
Glencore,2023-12-04,5.6,LSTM,6.44297803749417
Glencore,2023-12-04,5.6,GRU,6.470663163202548
Glencore,2023-12-05,5.52,Random Walk,6.01
Glencore,2023-12-05,5.52,Random Walk + Drift,6.009216457960644
Glencore,2023-12-05,5.52,ARIMA,6.0024439648035735
Glencore,2023-12-05,5.52,LASSO,6.008959211309012
Glencore,2023-12-05,5.52,Elastic Net,6.008959211309012
Glencore,2023-12-05,5.52,Random Forest,6.029961706349199
Glencore,2023-12-05,5.52,XGBoost,6.058104948265527
Glencore,2023-12-05,5.52,LightGBM,6.058104948265527
Glencore,2023-12-05,5.52,LSTM,6.312513943422568
Glencore,2023-12-05,5.52,GRU,6.211080297122262
Glencore,2023-12-06,5.61,Random Walk,5.64
Glencore,2023-12-06,5.61,Random Walk + Drift,5.639084406294707
Glencore,2023-12-06,5.61,ARIMA,5.6503717392168955
Glencore,2023-12-06,5.61,LASSO,5.644691924992939
Glencore,2023-12-06,5.61,Elastic Net,5.644691924992939
Glencore,2023-12-06,5.61,Random Forest,5.674830806878312
Glencore,2023-12-06,5.61,XGBoost,5.788297107457999
Glencore,2023-12-06,5.61,LightGBM,5.788297107457999
Glencore,2023-12-06,5.61,LSTM,6.026408199474327
Glencore,2023-12-06,5.61,GRU,5.8797539597953214
Glencore,2023-12-07,5.71,Random Walk,5.6
Glencore,2023-12-07,5.71,Random Walk + Drift,5.599070432606363
Glencore,2023-12-07,5.71,ARIMA,5.632415019523801
Glencore,2023-12-07,5.71,LASSO,5.604530491229163
Glencore,2023-12-07,5.71,Elastic Net,5.604530491229163
Glencore,2023-12-07,5.71,Random Forest,5.651655621693123
Glencore,2023-12-07,5.71,XGBoost,5.791250277174693
Glencore,2023-12-07,5.71,LightGBM,5.791250277174693
Glencore,2023-12-07,5.71,LSTM,5.770839588234872
Glencore,2023-12-07,5.71,GRU,5.667049003376408
Glencore,2023-12-08,5.74,Random Walk,5.79
Glencore,2023-12-08,5.74,Random Walk + Drift,5.789138670478914
Glencore,2023-12-08,5.74,ARIMA,5.821640850051939
Glencore,2023-12-08,5.74,LASSO,5.790916112340355
Glencore,2023-12-08,5.74,Elastic Net,5.790916112340355
Glencore,2023-12-08,5.74,Random Forest,5.805921388888893
Glencore,2023-12-08,5.74,XGBoost,5.967458698949892
Glencore,2023-12-08,5.74,LightGBM,5.967458698949892
Glencore,2023-12-08,5.74,LSTM,5.760205313842276
Glencore,2023-12-08,5.74,GRU,5.736525352759112
Glencore,2023-12-11,5.51,Random Walk,5.54
Glencore,2023-12-11,5.51,Random Walk + Drift,5.539049660593069
Glencore,2023-12-11,5.51,ARIMA,5.534226668527801
Glencore,2023-12-11,5.51,LASSO,5.538711084398557
Glencore,2023-12-11,5.51,Elastic Net,5.538711084398557
Glencore,2023-12-11,5.51,Random Forest,5.632757076719582
Glencore,2023-12-11,5.51,XGBoost,5.580568733911132
Glencore,2023-12-11,5.51,LightGBM,5.580568733911132
Glencore,2023-12-11,5.51,LSTM,5.582825997619601
Glencore,2023-12-11,5.51,GRU,5.571307959352101
Glencore,2023-12-12,5.48,Random Walk,5.45
Glencore,2023-12-12,5.48,Random Walk + Drift,5.449017857142858
Glencore,2023-12-12,5.48,ARIMA,5.454726311584022
Glencore,2023-12-12,5.48,LASSO,5.445208807798974
Glencore,2023-12-12,5.48,Elastic Net,5.445208807798974
Glencore,2023-12-12,5.48,Random Forest,5.624436388888893
Glencore,2023-12-12,5.48,XGBoost,5.498929240621928
Glencore,2023-12-12,5.48,LightGBM,5.498929240621928
Glencore,2023-12-12,5.48,LSTM,5.477663629969568
Glencore,2023-12-12,5.48,GRU,5.526295299947748
Glencore,2023-12-13,5.47,Random Walk,5.59
Glencore,2023-12-13,5.47,Random Walk + Drift,5.589068189932167
Glencore,2023-12-13,5.47,ARIMA,5.605805590876271
Glencore,2023-12-13,5.47,LASSO,5.582260044274074
Glencore,2023-12-13,5.47,Elastic Net,5.582260044274074
Glencore,2023-12-13,5.47,Random Forest,5.559170992063492
Glencore,2023-12-13,5.47,XGBoost,5.580381535856676
Glencore,2023-12-13,5.47,LightGBM,5.580381535856676
Glencore,2023-12-13,5.47,LSTM,5.503164382739506
Glencore,2023-12-13,5.47,GRU,5.504269717741174
Glencore,2023-12-14,5.79,Random Walk,5.72
Glencore,2023-12-14,5.79,Random Walk + Drift,5.719114917915774
Glencore,2023-12-14,5.79,ARIMA,5.7242520323748725
Glencore,2023-12-14,5.79,LASSO,5.712543829157825
Glencore,2023-12-14,5.79,Elastic Net,5.712543829157825
Glencore,2023-12-14,5.79,Random Forest,5.856254457671956
Glencore,2023-12-14,5.79,XGBoost,5.705895215684958
Glencore,2023-12-14,5.79,LightGBM,5.705895215684958
Glencore,2023-12-14,5.79,LSTM,5.6043375040808785
Glencore,2023-12-14,5.79,GRU,5.640415227208089
Glencore,2023-12-15,5.84,Random Walk,5.32
Glencore,2023-12-15,5.84,Random Walk + Drift,5.318972529432751
Glencore,2023-12-15,5.84,ARIMA,5.299934865382191
Glencore,2023-12-15,5.84,LASSO,5.316145115980811
Glencore,2023-12-15,5.84,Elastic Net,5.316145115980811
Glencore,2023-12-15,5.84,Random Forest,5.337217539682541
Glencore,2023-12-15,5.84,XGBoost,5.4191165345253545
Glencore,2023-12-15,5.84,LightGBM,5.4191165345253545
Glencore,2023-12-15,5.84,LSTM,5.4670553432884015
Glencore,2023-12-15,5.84,GRU,5.499375395201513
Glencore,2023-12-18,5.85,Random Walk,5.24
Glencore,2023-12-18,5.85,Random Walk + Drift,5.238944365192582
Glencore,2023-12-18,5.85,ARIMA,5.254083229938264
Glencore,2023-12-18,5.85,LASSO,5.236331372701723
Glencore,2023-12-18,5.85,Elastic Net,5.236331372701723
Glencore,2023-12-18,5.85,Random Forest,5.289884907407407
Glencore,2023-12-18,5.85,XGBoost,5.330812488096301
Glencore,2023-12-18,5.85,LightGBM,5.330812488096301
Glencore,2023-12-18,5.85,LSTM,5.402664893238713
Glencore,2023-12-18,5.85,GRU,5.315253377348099
Glencore,2023-12-19,5.96,Random Walk,5.29
Glencore,2023-12-19,5.96,Random Walk + Drift,5.28896256684492
Glencore,2023-12-19,5.96,ARIMA,5.305065128076664
Glencore,2023-12-19,5.96,LASSO,5.287312633787268
Glencore,2023-12-19,5.96,Elastic Net,5.287312633787268
Glencore,2023-12-19,5.96,Random Forest,5.2826902116402135
Glencore,2023-12-19,5.96,XGBoost,5.315100952528946
Glencore,2023-12-19,5.96,LightGBM,5.315100952528946
Glencore,2023-12-19,5.96,LSTM,5.270176544613696
Glencore,2023-12-19,5.96,GRU,5.259626535918663
Glencore,2023-12-20,5.93,Random Walk,5.36
Glencore,2023-12-20,5.93,Random Walk + Drift,5.358987883107627
Glencore,2023-12-20,5.93,ARIMA,5.366527733542831
Glencore,2023-12-20,5.93,LASSO,5.357886410448662
Glencore,2023-12-20,5.93,Elastic Net,5.357886410448662
Glencore,2023-12-20,5.93,Random Forest,5.3698179100529115
Glencore,2023-12-20,5.93,XGBoost,5.294699503078699
Glencore,2023-12-20,5.93,LightGBM,5.294699503078699
Glencore,2023-12-20,5.93,LSTM,5.302859522400729
Glencore,2023-12-20,5.93,GRU,5.298385234074424
Glencore,2023-12-21,5.97,Random Walk,5.42
Glencore,2023-12-21,5.97,Random Walk + Drift,5.419009618810118
Glencore,2023-12-21,5.97,ARIMA,5.419746589549203
Glencore,2023-12-21,5.97,LASSO,5.4114738877700574
Glencore,2023-12-21,5.97,Elastic Net,5.4114738877700574
Glencore,2023-12-21,5.97,Random Forest,5.415571190476196
Glencore,2023-12-21,5.97,XGBoost,5.385741968182481
Glencore,2023-12-21,5.97,LightGBM,5.385741968182481
Glencore,2023-12-21,5.97,LSTM,5.39391853504562
Glencore,2023-12-21,5.97,GRU,5.354078319034259
Glencore,2023-12-22,5.92,Random Walk,5.39
Glencore,2023-12-22,5.92,Random Walk + Drift,5.388999287749288
Glencore,2023-12-22,5.92,ARIMA,5.383789339035983
Glencore,2023-12-22,5.92,LASSO,5.3809298199702935
Glencore,2023-12-22,5.92,Elastic Net,5.3809298199702935
Glencore,2023-12-22,5.92,Random Forest,5.412960674603175
Glencore,2023-12-22,5.92,XGBoost,5.389147032718657
Glencore,2023-12-22,5.92,LightGBM,5.389147032718657
Glencore,2023-12-22,5.92,LSTM,5.340871858799501
Glencore,2023-12-22,5.92,GRU,5.395130986461596
Glencore,2023-12-27,6.04,Random Walk,5.23
Glencore,2023-12-27,6.04,Random Walk + Drift,5.2289426842292634
Glencore,2023-12-27,6.04,ARIMA,5.223096578517629
Glencore,2023-12-27,6.04,LASSO,5.2244683169408175
Glencore,2023-12-27,6.04,Elastic Net,5.2244683169408175
Glencore,2023-12-27,6.04,Random Forest,5.257721640211637
Glencore,2023-12-27,6.04,XGBoost,5.227071900649036
Glencore,2023-12-27,6.04,LightGBM,5.227071900649036
Glencore,2023-12-27,6.04,LSTM,5.337005419221193
Glencore,2023-12-27,6.04,GRU,5.3244113084376625
Glencore,2023-12-28,5.98,Random Walk,4.98
Glencore,2023-12-28,5.98,Random Walk + Drift,4.97885409252669
Glencore,2023-12-28,5.98,ARIMA,4.9795102916911045
Glencore,2023-12-28,5.98,LASSO,4.979910120074391
Glencore,2023-12-28,5.98,Elastic Net,4.979910120074391
Glencore,2023-12-28,5.98,Random Forest,4.989386626984128
Glencore,2023-12-28,5.98,XGBoost,5.020399965380832
Glencore,2023-12-28,5.98,LightGBM,5.020399965380832
Glencore,2023-12-28,5.98,LSTM,5.236939550015368
Glencore,2023-12-28,5.98,GRU,5.095309448735819
Glencore,2023-12-29,6.01,Random Walk,5.08
Glencore,2023-12-29,6.01,Random Walk + Drift,5.07889007470651
Glencore,2023-12-29,6.01,ARIMA,5.101617555601435
Glencore,2023-12-29,6.01,LASSO,5.079028563156273
Glencore,2023-12-29,6.01,Elastic Net,5.079028563156273
Glencore,2023-12-29,6.01,Random Forest,5.103215476190477
Glencore,2023-12-29,6.01,XGBoost,5.0835417223408506
Glencore,2023-12-29,6.01,LightGBM,5.0835417223408506
Glencore,2023-12-29,6.01,LSTM,5.067485883827962
Glencore,2023-12-29,6.01,GRU,5.067487243736207
Glencore,2024-01-02,5.91,Random Walk,4.62
Glencore,2024-01-02,5.91,Random Walk + Drift,4.618726884779517
Glencore,2024-01-02,5.91,ARIMA,4.612537769509041
Glencore,2024-01-02,5.91,LASSO,4.626103290262553
Glencore,2024-01-02,5.91,Elastic Net,4.626103290262553
Glencore,2024-01-02,5.91,Random Forest,4.577509484126983
Glencore,2024-01-02,5.91,XGBoost,4.652736045863413
Glencore,2024-01-02,5.91,LightGBM,4.652736045863413
Glencore,2024-01-02,5.91,LSTM,4.907770549506736
Glencore,2024-01-02,5.91,GRU,4.803942836427793
Glencore,2024-01-03,5.81,Random Walk,4.71
Glencore,2024-01-03,5.81,Random Walk + Drift,4.7087593316743686
Glencore,2024-01-03,5.81,ARIMA,4.7346146898543005
Glencore,2024-01-03,5.81,LASSO,4.712782479732302
Glencore,2024-01-03,5.81,Elastic Net,4.712782479732302
Glencore,2024-01-03,5.81,Random Forest,4.769247830687829
Glencore,2024-01-03,5.81,XGBoost,4.737920488316909
Glencore,2024-01-03,5.81,LightGBM,4.737920488316909
Glencore,2024-01-03,5.81,LSTM,4.769179283908937
Glencore,2024-01-03,5.81,GRU,4.648158392545974
Glencore,2024-01-04,5.82,Random Walk,5.03
Glencore,2024-01-04,5.82,Random Walk + Drift,5.028873489694385
Glencore,2024-01-04,5.82,ARIMA,5.048548203839441
Glencore,2024-01-04,5.82,LASSO,5.023772637377511
Glencore,2024-01-04,5.82,Elastic Net,5.023772637377511
Glencore,2024-01-04,5.82,Random Forest,4.936721547619049
Glencore,2024-01-04,5.82,XGBoost,4.981109198680268
Glencore,2024-01-04,5.82,LightGBM,4.981109198680268
Glencore,2024-01-04,5.82,LSTM,4.828133320145158
Glencore,2024-01-04,5.82,GRU,4.789346455114849
Glencore,2024-01-05,5.89,Random Walk,5.01
Glencore,2024-01-05,5.89,Random Walk + Drift,5.008866785079928
Glencore,2024-01-05,5.89,ARIMA,4.997403944266168
Glencore,2024-01-05,5.89,LASSO,5.005598522182121
Glencore,2024-01-05,5.89,Elastic Net,5.005598522182121
Glencore,2024-01-05,5.89,Random Forest,5.005338928571428
Glencore,2024-01-05,5.89,XGBoost,4.983299271588628
Glencore,2024-01-05,5.89,LightGBM,4.983299271588628
Glencore,2024-01-05,5.89,LSTM,4.9204679461958145
Glencore,2024-01-05,5.89,GRU,4.9434060408237706
Glencore,2024-01-08,5.83,Random Walk,4.89
Glencore,2024-01-08,5.83,Random Walk + Drift,4.888824573863636
Glencore,2024-01-08,5.83,ARIMA,4.881612017843202
Glencore,2024-01-08,5.83,LASSO,4.881250070448763
Glencore,2024-01-08,5.83,Elastic Net,4.881250070448763
Glencore,2024-01-08,5.83,Random Forest,4.910765198412699
Glencore,2024-01-08,5.83,XGBoost,4.927547377563552
Glencore,2024-01-08,5.83,LightGBM,4.927547377563552
Glencore,2024-01-08,5.83,LSTM,4.903054513191062
Glencore,2024-01-08,5.83,GRU,4.94882412404166
Glencore,2024-01-09,5.74,Random Walk,4.85
Glencore,2024-01-09,5.74,Random Walk + Drift,4.8488107916222924
Glencore,2024-01-09,5.74,ARIMA,4.8513810336877485
Glencore,2024-01-09,5.74,LASSO,4.843284975170565
Glencore,2024-01-09,5.74,Elastic Net,4.843284975170565
Glencore,2024-01-09,5.74,Random Forest,4.837967023809524
Glencore,2024-01-09,5.74,XGBoost,4.84187409158833
Glencore,2024-01-09,5.74,LightGBM,4.84187409158833
Glencore,2024-01-09,5.74,LSTM,4.929218815853703
Glencore,2024-01-09,5.74,GRU,4.9309631956140905
Glencore,2024-01-10,5.71,Random Walk,4.81
Glencore,2024-01-10,5.71,Random Walk + Drift,4.808797019162526
Glencore,2024-01-10,5.71,ARIMA,4.812823946696597
Glencore,2024-01-10,5.71,LASSO,4.808704809307767
Glencore,2024-01-10,5.71,Elastic Net,4.808704809307767
Glencore,2024-01-10,5.71,Random Forest,4.789749775132276
Glencore,2024-01-10,5.71,XGBoost,4.834773041274388
Glencore,2024-01-10,5.71,LightGBM,4.834773041274388
Glencore,2024-01-10,5.71,LSTM,4.95143030758112
Glencore,2024-01-10,5.71,GRU,4.868781940627611
Glencore,2024-01-11,5.68,Random Walk,4.58
Glencore,2024-01-11,5.68,Random Walk + Drift,4.5787158566867685
Glencore,2024-01-11,5.68,ARIMA,4.577608182451628
Glencore,2024-01-11,5.68,LASSO,4.58264109967034
Glencore,2024-01-11,5.68,Elastic Net,4.58264109967034
Glencore,2024-01-11,5.68,Random Forest,4.53752267195767
Glencore,2024-01-11,5.68,XGBoost,4.589866500882867
Glencore,2024-01-11,5.68,LightGBM,4.589866500882867
Glencore,2024-01-11,5.68,LSTM,4.73591418889422
Glencore,2024-01-11,5.68,GRU,4.686472083340254
Glencore,2024-01-12,5.71,Random Walk,4.66
Glencore,2024-01-12,5.71,Random Walk + Drift,4.658744680851064
Glencore,2024-01-12,5.71,ARIMA,4.676790311643259
Glencore,2024-01-12,5.71,LASSO,4.659491564212085
Glencore,2024-01-12,5.71,Elastic Net,4.659491564212085
Glencore,2024-01-12,5.71,Random Forest,4.692703796296297
Glencore,2024-01-12,5.71,XGBoost,4.702959580138556
Glencore,2024-01-12,5.71,LightGBM,4.702959580138556
Glencore,2024-01-12,5.71,LSTM,4.654134830384722
Glencore,2024-01-12,5.71,GRU,4.625625929947394
Glencore,2024-01-15,5.66,Random Walk,4.85
Glencore,2024-01-15,5.66,Random Walk + Drift,4.848812477844736
Glencore,2024-01-15,5.66,ARIMA,4.859617672362054
Glencore,2024-01-15,5.66,LASSO,4.845311990715915
Glencore,2024-01-15,5.66,Elastic Net,4.845311990715915
Glencore,2024-01-15,5.66,Random Forest,4.80500075396825
Glencore,2024-01-15,5.66,XGBoost,4.82780257031347
Glencore,2024-01-15,5.66,LightGBM,4.82780257031347
Glencore,2024-01-15,5.66,LSTM,4.720633557076345
Glencore,2024-01-15,5.66,GRU,4.713599793248681
Glencore,2024-01-16,5.55,Random Walk,4.86
Glencore,2024-01-16,5.55,Random Walk + Drift,4.858816442239546
Glencore,2024-01-16,5.55,ARIMA,4.85106038233205
Glencore,2024-01-16,5.55,LASSO,4.854532907779005
Glencore,2024-01-16,5.55,Elastic Net,4.854532907779005
Glencore,2024-01-16,5.55,Random Forest,4.837421111111116
Glencore,2024-01-16,5.55,XGBoost,4.860861284985447
Glencore,2024-01-16,5.55,LightGBM,4.860861284985447
Glencore,2024-01-16,5.55,LSTM,4.81834710073394
Glencore,2024-01-16,5.55,GRU,4.807414268048672
Glencore,2024-01-17,5.32,Random Walk,4.93
Glencore,2024-01-17,5.32,Random Walk + Drift,4.928841657810839
Glencore,2024-01-17,5.32,ARIMA,4.925931169844533
Glencore,2024-01-17,5.32,LASSO,4.919816179605652
Glencore,2024-01-17,5.32,Elastic Net,4.919816179605652
Glencore,2024-01-17,5.32,Random Forest,4.947207301587307
Glencore,2024-01-17,5.32,XGBoost,4.913305080872477
Glencore,2024-01-17,5.32,LightGBM,4.913305080872477
Glencore,2024-01-17,5.32,LSTM,4.856424317793177
Glencore,2024-01-17,5.32,GRU,4.904555450055024
Glencore,2024-01-18,5.33,Random Walk,4.86
Glencore,2024-01-18,5.33,Random Walk + Drift,4.858817280453258
Glencore,2024-01-18,5.33,ARIMA,4.851238459003222
Glencore,2024-01-18,5.33,LASSO,4.852304463798889
Glencore,2024-01-18,5.33,Elastic Net,4.852304463798889
Glencore,2024-01-18,5.33,Random Forest,4.883628386243392
Glencore,2024-01-18,5.33,XGBoost,4.877577416496724
Glencore,2024-01-18,5.33,LightGBM,4.877577416496724
Glencore,2024-01-18,5.33,LSTM,4.895493303052568
Glencore,2024-01-18,5.33,GRU,4.890793562788289
Glencore,2024-01-19,5.24,Random Walk,4.89
Glencore,2024-01-19,5.24,Random Walk + Drift,4.88882831858407
Glencore,2024-01-19,5.24,ARIMA,4.891241651610437
Glencore,2024-01-19,5.24,LASSO,4.884547368754557
Glencore,2024-01-19,5.24,Elastic Net,4.884547368754557
Glencore,2024-01-19,5.24,Random Forest,4.89993283475784
Glencore,2024-01-19,5.24,XGBoost,4.911876176014965
Glencore,2024-01-19,5.24,LightGBM,4.911876176014965
Glencore,2024-01-19,5.24,LSTM,4.906720047625434
Glencore,2024-01-19,5.24,GRU,4.905833564204912
Glencore,2024-01-22,5.06,Random Walk,5.03
Glencore,2024-01-22,5.06,Random Walk + Drift,5.028878273177637
Glencore,2024-01-22,5.06,ARIMA,5.033437011878947
Glencore,2024-01-22,5.06,LASSO,5.022005288263964
Glencore,2024-01-22,5.06,Elastic Net,5.022005288263964
Glencore,2024-01-22,5.06,Random Forest,4.999119669312173
Glencore,2024-01-22,5.06,XGBoost,5.014081344599631
Glencore,2024-01-22,5.06,LightGBM,5.014081344599631
Glencore,2024-01-22,5.06,LSTM,4.991531252914735
Glencore,2024-01-22,5.06,GRU,4.983302463846046
Glencore,2024-01-23,5.14,Random Walk,5.1
Glencore,2024-01-23,5.14,Random Walk + Drift,5.098903431199151
Glencore,2024-01-23,5.14,ARIMA,5.0941312112663715
Glencore,2024-01-23,5.14,LASSO,5.0917161190205364
Glencore,2024-01-23,5.14,Elastic Net,5.0917161190205364
Glencore,2024-01-23,5.14,Random Forest,5.101224285714283
Glencore,2024-01-23,5.14,XGBoost,5.093550457592324
Glencore,2024-01-23,5.14,LightGBM,5.093550457592324
Glencore,2024-01-23,5.14,LSTM,5.04022611712439
Glencore,2024-01-23,5.14,GRU,5.049250136058273
Glencore,2024-01-24,5.31,Random Walk,5.25
Glencore,2024-01-24,5.31,Random Walk + Drift,5.248956859971711
Glencore,2024-01-24,5.31,ARIMA,5.245795773488059
Glencore,2024-01-24,5.31,LASSO,5.237907814118405
Glencore,2024-01-24,5.31,Elastic Net,5.237907814118405
Glencore,2024-01-24,5.31,Random Forest,5.217044585137083
Glencore,2024-01-24,5.31,XGBoost,5.2568727837421045
Glencore,2024-01-24,5.31,LightGBM,5.2568727837421045
Glencore,2024-01-24,5.31,LSTM,5.122049354074148
Glencore,2024-01-24,5.31,GRU,5.188180552931726
Glencore,2024-01-25,5.29,Random Walk,5.28
Glencore,2024-01-25,5.29,Random Walk + Drift,5.278967833156592
Glencore,2024-01-25,5.29,ARIMA,5.268629595348226
Glencore,2024-01-25,5.29,LASSO,5.267819338608625
Glencore,2024-01-25,5.29,Elastic Net,5.267819338608625
Glencore,2024-01-25,5.29,Random Forest,5.248405021645024
Glencore,2024-01-25,5.29,XGBoost,5.255672864148317
Glencore,2024-01-25,5.29,LightGBM,5.255672864148317
Glencore,2024-01-25,5.29,LSTM,5.182977823566276
Glencore,2024-01-25,5.29,GRU,5.255783531450306
Glencore,2024-01-26,5.37,Random Walk,5.43
Glencore,2024-01-26,5.37,Random Walk + Drift,5.429021201413427
Glencore,2024-01-26,5.37,ARIMA,5.426030404316742
Glencore,2024-01-26,5.37,LASSO,5.417259878411137
Glencore,2024-01-26,5.37,Elastic Net,5.417259878411137
Glencore,2024-01-26,5.37,Random Forest,5.3884520214045235
Glencore,2024-01-26,5.37,XGBoost,5.439972372033373
Glencore,2024-01-26,5.37,LightGBM,5.439972372033373
Glencore,2024-01-26,5.37,LSTM,5.352482574574957
Glencore,2024-01-26,5.37,GRU,5.359668513369005
Glencore,2024-01-29,5.4,Random Walk,5.45
Glencore,2024-01-29,5.4,Random Walk + Drift,5.449028611797951
Glencore,2024-01-29,5.4,ARIMA,5.439396045731214
Glencore,2024-01-29,5.4,LASSO,5.437897022491148
Glencore,2024-01-29,5.4,Elastic Net,5.437897022491148
Glencore,2024-01-29,5.4,Random Forest,5.464962804232805
Glencore,2024-01-29,5.4,XGBoost,5.4760897420040155
Glencore,2024-01-29,5.4,LightGBM,5.4760897420040155
Glencore,2024-01-29,5.4,LSTM,5.426512998539611
Glencore,2024-01-29,5.4,GRU,5.468546174566129
Glencore,2024-01-30,5.35,Random Walk,5.27
Glencore,2024-01-30,5.35,Random Walk + Drift,5.268965395480225
Glencore,2024-01-30,5.35,ARIMA,5.257271150601654
Glencore,2024-01-30,5.35,LASSO,5.263192604515929
Glencore,2024-01-30,5.35,Elastic Net,5.263192604515929
Glencore,2024-01-30,5.35,Random Forest,5.249130873015873
Glencore,2024-01-30,5.35,XGBoost,5.290189027870179
Glencore,2024-01-30,5.35,LightGBM,5.290189027870179
Glencore,2024-01-30,5.35,LSTM,5.382672869914793
Glencore,2024-01-30,5.35,GRU,5.38084201815635
Glencore,2024-01-31,5.33,Random Walk,5.23
Glencore,2024-01-31,5.33,Random Walk + Drift,5.228951641369573
Glencore,2024-01-31,5.33,ARIMA,5.2344232755291
Glencore,2024-01-31,5.33,LASSO,5.224360634693767
Glencore,2024-01-31,5.33,Elastic Net,5.224360634693767
Glencore,2024-01-31,5.33,Random Forest,5.245674125781626
Glencore,2024-01-31,5.33,XGBoost,5.214557386686438
Glencore,2024-01-31,5.33,LightGBM,5.214557386686438
Glencore,2024-01-31,5.33,LSTM,5.355480076120475
Glencore,2024-01-31,5.33,GRU,5.298757163994024
Glencore,2024-02-01,5.43,Random Walk,5.4
Glencore,2024-02-01,5.43,Random Walk + Drift,5.399011997177135
Glencore,2024-02-01,5.43,ARIMA,5.411906083335916
Glencore,2024-02-01,5.43,LASSO,5.393345285306845
Glencore,2024-02-01,5.43,Elastic Net,5.393345285306845
Glencore,2024-02-01,5.43,Random Forest,5.3769635714285675
Glencore,2024-02-01,5.43,XGBoost,5.337946448368642
Glencore,2024-02-01,5.43,LightGBM,5.337946448368642
Glencore,2024-02-01,5.43,LSTM,5.3896163524691705
Glencore,2024-02-01,5.43,GRU,5.321717152902997
Glencore,2024-02-02,5.27,Random Walk,5.44
Glencore,2024-02-02,5.27,Random Walk + Drift,5.439026455026456
Glencore,2024-02-02,5.27,ARIMA,5.435312162656365
Glencore,2024-02-02,5.27,LASSO,5.432893341722028
Glencore,2024-02-02,5.27,Elastic Net,5.432893341722028
Glencore,2024-02-02,5.27,Random Forest,5.4421655423280475
Glencore,2024-02-02,5.27,XGBoost,5.411699302066179
Glencore,2024-02-02,5.27,LightGBM,5.411699302066179
Glencore,2024-02-02,5.27,LSTM,5.364241368701672
Glencore,2024-02-02,5.27,GRU,5.393379511081459
Glencore,2024-02-05,5.13,Random Walk,5.43
Glencore,2024-02-05,5.13,Random Walk + Drift,5.429023272214386
Glencore,2024-02-05,5.13,ARIMA,5.423154453580832
Glencore,2024-02-05,5.13,LASSO,5.420519058837029
Glencore,2024-02-05,5.13,Elastic Net,5.420519058837029
Glencore,2024-02-05,5.13,Random Forest,5.43922548941799
Glencore,2024-02-05,5.13,XGBoost,5.443726021695115
Glencore,2024-02-05,5.13,LightGBM,5.443726021695115
Glencore,2024-02-05,5.13,LSTM,5.403252557735109
Glencore,2024-02-05,5.13,GRU,5.428691826969027
Glencore,2024-02-06,5.17,Random Walk,5.42
Glencore,2024-02-06,5.17,Random Walk + Drift,5.419020091646105
Glencore,2024-02-06,5.17,ARIMA,5.416678090035558
Glencore,2024-02-06,5.17,LASSO,5.410141921174379
Glencore,2024-02-06,5.17,Elastic Net,5.410141921174379
Glencore,2024-02-06,5.17,Random Forest,5.399019986772491
Glencore,2024-02-06,5.17,XGBoost,5.418880730863581
Glencore,2024-02-06,5.17,LightGBM,5.418880730863581
Glencore,2024-02-06,5.17,LSTM,5.429430830035287
Glencore,2024-02-06,5.17,GRU,5.418512115206315
Glencore,2024-02-07,5.08,Random Walk,5.55
Glencore,2024-02-07,5.08,Random Walk + Drift,5.5490662438336855
Glencore,2024-02-07,5.08,ARIMA,5.55369072327708
Glencore,2024-02-07,5.08,LASSO,5.540193130753179
Glencore,2024-02-07,5.08,Elastic Net,5.540193130753179
Glencore,2024-02-07,5.08,Random Forest,5.522821521164019
Glencore,2024-02-07,5.08,XGBoost,5.531184956464702
Glencore,2024-02-07,5.08,LightGBM,5.531184956464702
Glencore,2024-02-07,5.08,LSTM,5.4897835219498345
Glencore,2024-02-07,5.08,GRU,5.486425502467281
Glencore,2024-02-08,5.01,Random Walk,5.6
Glencore,2024-02-08,5.01,Random Walk + Drift,5.599084184572032
Glencore,2024-02-08,5.01,ARIMA,5.59460624581847
Glencore,2024-02-08,5.01,LASSO,5.589868411608564
Glencore,2024-02-08,5.01,Elastic Net,5.589868411608564
Glencore,2024-02-08,5.01,Random Forest,5.544993240740739
Glencore,2024-02-08,5.01,XGBoost,5.538800127773109
Glencore,2024-02-08,5.01,LightGBM,5.538800127773109
Glencore,2024-02-08,5.01,LSTM,5.543087215178722
Glencore,2024-02-08,5.01,GRU,5.554325933455413
Glencore,2024-02-09,4.86,Random Walk,5.54
Glencore,2024-02-09,4.86,Random Walk + Drift,5.53906338028169
Glencore,2024-02-09,4.86,ARIMA,5.53140918217148
Glencore,2024-02-09,4.86,LASSO,5.530806902963404
Glencore,2024-02-09,4.86,Elastic Net,5.530806902963404
Glencore,2024-02-09,4.86,Random Forest,5.5133562698412675
Glencore,2024-02-09,4.86,XGBoost,5.511265203708894
Glencore,2024-02-09,4.86,LightGBM,5.511265203708894
Glencore,2024-02-09,4.86,LSTM,5.542303577559004
Glencore,2024-02-09,4.86,GRU,5.572736853996277
Glencore,2024-02-12,4.98,Random Walk,5.41
Glencore,2024-02-12,4.98,Random Walk + Drift,5.409017951425555
Glencore,2024-02-12,4.98,ARIMA,5.405924748494607
Glencore,2024-02-12,4.98,LASSO,5.403049215329306
Glencore,2024-02-12,4.98,Elastic Net,5.403049215329306
Glencore,2024-02-12,4.98,Random Forest,5.464526084656083
Glencore,2024-02-12,4.98,XGBoost,5.502466590173855
Glencore,2024-02-12,4.98,LightGBM,5.502466590173855
Glencore,2024-02-12,4.98,LSTM,5.504384326792971
Glencore,2024-02-12,4.98,GRU,5.46802774778258
Glencore,2024-02-13,4.94,Random Walk,5.64
Glencore,2024-02-13,4.94,Random Walk + Drift,5.639099225897255
Glencore,2024-02-13,4.94,ARIMA,5.6544263450675825
Glencore,2024-02-13,4.94,LASSO,5.63066317123439
Glencore,2024-02-13,4.94,Elastic Net,5.63066317123439
Glencore,2024-02-13,4.94,Random Forest,5.594033716931216
Glencore,2024-02-13,4.94,XGBoost,5.58637461900503
Glencore,2024-02-13,4.94,LightGBM,5.58637461900503
Glencore,2024-02-13,4.94,LSTM,5.539315787221088
Glencore,2024-02-13,4.94,GRU,5.558982896935075
Glencore,2024-02-14,4.92,Random Walk,5.66
Glencore,2024-02-14,4.92,Random Walk + Drift,5.659106577558917
Glencore,2024-02-14,4.92,ARIMA,5.652263054967678
Glencore,2024-02-14,4.92,LASSO,5.651015443563746
Glencore,2024-02-14,4.92,Elastic Net,5.651015443563746
Glencore,2024-02-14,4.92,Random Forest,5.722143849206346
Glencore,2024-02-14,4.92,XGBoost,5.712310030659191
Glencore,2024-02-14,4.92,LightGBM,5.712310030659191
Glencore,2024-02-14,4.92,LSTM,5.558766102060387
Glencore,2024-02-14,4.92,GRU,5.651260620706349
Glencore,2024-02-15,4.93,Random Walk,5.74
Glencore,2024-02-15,4.93,Random Walk + Drift,5.739135021097047
Glencore,2024-02-15,4.93,ARIMA,5.735885889666186
Glencore,2024-02-15,4.93,LASSO,5.728720727139795
Glencore,2024-02-15,4.93,Elastic Net,5.728720727139795
Glencore,2024-02-15,4.93,Random Forest,5.7613870502645455
Glencore,2024-02-15,4.93,XGBoost,5.7911466526560025
Glencore,2024-02-15,4.93,LightGBM,5.7911466526560025
Glencore,2024-02-15,4.93,LSTM,5.694835622558524
Glencore,2024-02-15,4.93,GRU,5.7039700722267765
Glencore,2024-02-16,5.03,Random Walk,5.57
Glencore,2024-02-16,5.03,Random Walk + Drift,5.569075571177505
Glencore,2024-02-16,5.03,ARIMA,5.557378858769734
Glencore,2024-02-16,5.03,LASSO,5.559956847053082
Glencore,2024-02-16,5.03,Elastic Net,5.559956847053082
Glencore,2024-02-16,5.03,Random Forest,5.513726970899477
Glencore,2024-02-16,5.03,XGBoost,5.535502704603623
Glencore,2024-02-16,5.03,LightGBM,5.535502704603623
Glencore,2024-02-16,5.03,LSTM,5.63436067602567
Glencore,2024-02-16,5.03,GRU,5.670254692176033
Glencore,2024-02-19,4.98,Random Walk,5.59
Glencore,2024-02-19,4.98,Random Walk + Drift,5.589082923401265
Glencore,2024-02-19,4.98,ARIMA,5.595432653126016
Glencore,2024-02-19,4.98,LASSO,5.582888565594688
Glencore,2024-02-19,4.98,Elastic Net,5.582888565594688
Glencore,2024-02-19,4.98,Random Forest,5.540129775132271
Glencore,2024-02-19,4.98,XGBoost,5.601350322537895
Glencore,2024-02-19,4.98,LightGBM,5.601350322537895
Glencore,2024-02-19,4.98,LSTM,5.635947112559828
Glencore,2024-02-19,4.98,GRU,5.613020783356233
Glencore,2024-02-20,4.93,Random Walk,5.78
Glencore,2024-02-20,4.93,Random Walk + Drift,5.779149982437654
Glencore,2024-02-20,4.93,ARIMA,5.788813673624638
Glencore,2024-02-20,4.93,LASSO,5.769674454436466
Glencore,2024-02-20,4.93,Elastic Net,5.769674454436466
Glencore,2024-02-20,4.93,Random Forest,5.726781375661371
Glencore,2024-02-20,4.93,XGBoost,5.726444118528992
Glencore,2024-02-20,4.93,LightGBM,5.726444118528992
Glencore,2024-02-20,4.93,LSTM,5.648952024056349
Glencore,2024-02-20,4.93,GRU,5.677045383441218
Glencore,2024-02-21,4.88,Random Walk,5.67
Glencore,2024-02-21,4.88,Random Walk + Drift,5.669111657303371
Glencore,2024-02-21,4.88,ARIMA,5.657310670833927
Glencore,2024-02-21,4.88,LASSO,5.662866179027872
Glencore,2024-02-21,4.88,Elastic Net,5.662866179027872
Glencore,2024-02-21,4.88,Random Forest,5.71788722222222
Glencore,2024-02-21,4.88,XGBoost,5.68492326989466
Glencore,2024-02-21,4.88,LightGBM,5.68492326989466
Glencore,2024-02-21,4.88,LSTM,5.643321282608115
Glencore,2024-02-21,4.88,GRU,5.661470738158728
Glencore,2024-02-22,4.81,Random Walk,5.77
Glencore,2024-02-22,4.81,Random Walk + Drift,5.769147069147069
Glencore,2024-02-22,4.81,ARIMA,5.772473622295198
Glencore,2024-02-22,4.81,LASSO,5.758532337971101
Glencore,2024-02-22,4.81,Elastic Net,5.758532337971101
Glencore,2024-02-22,4.81,Random Forest,5.713083068783068
Glencore,2024-02-22,4.81,XGBoost,5.727575804588067
Glencore,2024-02-22,4.81,LightGBM,5.727575804588067
Glencore,2024-02-22,4.81,LSTM,5.772124796302989
Glencore,2024-02-22,4.81,GRU,5.695536356183252
Glencore,2024-02-23,4.76,Random Walk,5.66
Glencore,2024-02-23,4.76,Random Walk + Drift,5.659108771929825
Glencore,2024-02-23,4.76,ARIMA,5.652741367636135
Glencore,2024-02-23,4.76,LASSO,5.650873523011114
Glencore,2024-02-23,4.76,Elastic Net,5.650873523011114
Glencore,2024-02-23,4.76,Random Forest,5.732932539682537
Glencore,2024-02-23,4.76,XGBoost,5.744575629553968
Glencore,2024-02-23,4.76,LightGBM,5.744575629553968
Glencore,2024-02-23,4.76,LSTM,5.718890006733969
Glencore,2024-02-23,4.76,GRU,5.73386149360352
Glencore,2024-02-26,4.68,Random Walk,5.45
Glencore,2024-02-26,4.68,Random Walk + Drift,5.449035426166257
Glencore,2024-02-26,4.68,ARIMA,5.447332192683952
Glencore,2024-02-26,4.68,LASSO,5.447660455527672
Glencore,2024-02-26,4.68,Elastic Net,5.447660455527672
Glencore,2024-02-26,4.68,Random Forest,5.446752473544975
Glencore,2024-02-26,4.68,XGBoost,5.483589294124082
Glencore,2024-02-26,4.68,LightGBM,5.483589294124082
Glencore,2024-02-26,4.68,LSTM,5.640721353925759
Glencore,2024-02-26,4.68,GRU,5.598684081248175
Glencore,2024-02-27,4.72,Random Walk,5.31
Glencore,2024-02-27,4.72,Random Walk + Drift,5.30898667601683
Glencore,2024-02-27,4.72,ARIMA,5.319696631772582
Glencore,2024-02-27,4.72,LASSO,5.308566618001793
Glencore,2024-02-27,4.72,Elastic Net,5.308566618001793
Glencore,2024-02-27,4.72,Random Forest,5.299797896825398
Glencore,2024-02-27,4.72,XGBoost,5.340402534403274
Glencore,2024-02-27,4.72,LightGBM,5.340402534403274
Glencore,2024-02-27,4.72,LSTM,5.476891069459603
Glencore,2024-02-27,4.72,GRU,5.4013060947840135
Glencore,2024-02-28,4.73,Random Walk,5.03
Glencore,2024-02-28,4.73,Random Walk + Drift,5.028888888888889
Glencore,2024-02-28,4.73,ARIMA,5.035070461382433
Glencore,2024-02-28,4.73,LASSO,5.034653256757931
Glencore,2024-02-28,4.73,Elastic Net,5.034653256757931
Glencore,2024-02-28,4.73,Random Forest,4.988942127224627
Glencore,2024-02-28,4.73,XGBoost,5.025231489915146
Glencore,2024-02-28,4.73,LightGBM,5.025231489915146
Glencore,2024-02-28,4.73,LSTM,5.284260810081804
Glencore,2024-02-28,4.73,GRU,5.142920888005383
Glencore,2024-02-29,4.74,Random Walk,5.14
Glencore,2024-02-29,4.74,Random Walk + Drift,5.138927820602663
Glencore,2024-02-29,4.74,ARIMA,5.165965544855739
Glencore,2024-02-29,4.74,LASSO,5.141518171197094
Glencore,2024-02-29,4.74,Elastic Net,5.141518171197094
Glencore,2024-02-29,4.74,Random Forest,5.121550793650794
Glencore,2024-02-29,4.74,XGBoost,5.10152018631217
Glencore,2024-02-29,4.74,LightGBM,5.10152018631217
Glencore,2024-02-29,4.74,LSTM,5.126316565833482
Glencore,2024-02-29,4.74,GRU,5.065424612732009
Glencore,2024-03-01,4.84,Random Walk,5.35
Glencore,2024-03-01,4.84,Random Walk + Drift,5.349001751313485
Glencore,2024-03-01,4.84,ARIMA,5.362101143943965
Glencore,2024-03-01,4.84,LASSO,5.344697683044772
Glencore,2024-03-01,4.84,Elastic Net,5.344697683044772
Glencore,2024-03-01,4.84,Random Forest,5.31165080687831
Glencore,2024-03-01,4.84,XGBoost,5.331012192375346
Glencore,2024-03-01,4.84,LightGBM,5.331012192375346
Glencore,2024-03-01,4.84,LSTM,5.1083066238913135
Glencore,2024-03-01,4.84,GRU,5.17405844621376
Glencore,2024-03-04,4.82,Random Walk,5.53
Glencore,2024-03-04,4.82,Random Walk + Drift,5.52906512605042
Glencore,2024-03-04,4.82,ARIMA,5.525655661047724
Glencore,2024-03-04,4.82,LASSO,5.519062484428531
Glencore,2024-03-04,4.82,Elastic Net,5.519062484428531
Glencore,2024-03-04,4.82,Random Forest,5.493765224867723
Glencore,2024-03-04,4.82,XGBoost,5.484761343530403
Glencore,2024-03-04,4.82,LightGBM,5.484761343530403
Glencore,2024-03-04,4.82,LSTM,5.368592004284137
Glencore,2024-03-04,4.82,GRU,5.404986751405412
Glencore,2024-03-05,4.9,Random Walk,5.32
Glencore,2024-03-05,4.9,Random Walk + Drift,5.31899194959748
Glencore,2024-03-05,4.9,ARIMA,5.2955170092068276
Glencore,2024-03-05,4.9,LASSO,5.30879254160529
Glencore,2024-03-05,4.9,Elastic Net,5.30879254160529
Glencore,2024-03-05,4.9,Random Forest,5.320108597883598
Glencore,2024-03-05,4.9,XGBoost,5.326063700714945
Glencore,2024-03-05,4.9,LightGBM,5.326063700714945
Glencore,2024-03-05,4.9,LSTM,5.331748030784019
Glencore,2024-03-05,4.9,GRU,5.407528847190339
Glencore,2024-03-06,4.95,Random Walk,5.34
Glencore,2024-03-06,4.95,Random Walk + Drift,5.338999300209937
Glencore,2024-03-06,4.95,ARIMA,5.340940904441533
Glencore,2024-03-06,4.95,LASSO,5.330133934215774
Glencore,2024-03-06,4.95,Elastic Net,5.330133934215774
Glencore,2024-03-06,4.95,Random Forest,5.3479458730158695
Glencore,2024-03-06,4.95,XGBoost,5.346025205944831
Glencore,2024-03-06,4.95,LightGBM,5.346025205944831
Glencore,2024-03-06,4.95,LSTM,5.366871985317672
Glencore,2024-03-06,4.95,GRU,5.385468071904459
Glencore,2024-03-07,5.11,Random Walk,5.58
Glencore,2024-03-07,5.11,Random Walk + Drift,5.579083595662819
Glencore,2024-03-07,5.11,ARIMA,5.589740961797556
Glencore,2024-03-07,5.11,LASSO,5.568726415054542
Glencore,2024-03-07,5.11,Elastic Net,5.568726415054542
Glencore,2024-03-07,5.11,Random Forest,5.5137031349206325
Glencore,2024-03-07,5.11,XGBoost,5.49851391131326
Glencore,2024-03-07,5.11,LightGBM,5.49851391131326
Glencore,2024-03-07,5.11,LSTM,5.452153822212837
Glencore,2024-03-07,5.11,GRU,5.485839799415395
Glencore,2024-03-08,5.15,Random Walk,5.75
Glencore,2024-03-08,5.15,Random Walk + Drift,5.749143356643357
Glencore,2024-03-08,5.15,ARIMA,5.7432924955242175
Glencore,2024-03-08,5.15,LASSO,5.738267821664227
Glencore,2024-03-08,5.15,Elastic Net,5.738267821664227
Glencore,2024-03-08,5.15,Random Forest,5.700500634920634
Glencore,2024-03-08,5.15,XGBoost,5.685580859196844
Glencore,2024-03-08,5.15,LightGBM,5.685580859196844
Glencore,2024-03-08,5.15,LSTM,5.633757794274091
Glencore,2024-03-08,5.15,GRU,5.666533350178895
Glencore,2024-03-11,5.1,Random Walk,5.64
Glencore,2024-03-11,5.1,Random Walk + Drift,5.639105207969242
Glencore,2024-03-11,5.1,ARIMA,5.619109731274002
Glencore,2024-03-11,5.1,LASSO,5.6271874572288105
Glencore,2024-03-11,5.1,Elastic Net,5.6271874572288105
Glencore,2024-03-11,5.1,Random Forest,5.560718333333332
Glencore,2024-03-11,5.1,XGBoost,5.578984099697271
Glencore,2024-03-11,5.1,LightGBM,5.578984099697271
Glencore,2024-03-11,5.1,LSTM,5.653959701469828
Glencore,2024-03-11,5.1,GRU,5.676236761839393
Glencore,2024-03-12,5.12,Random Walk,5.61
Glencore,2024-03-12,5.12,Random Walk + Drift,5.609095038434662
Glencore,2024-03-12,5.12,ARIMA,5.6063500888098705
Glencore,2024-03-12,5.12,LASSO,5.598049476190375
Glencore,2024-03-12,5.12,Elastic Net,5.598049476190375
Glencore,2024-03-12,5.12,Random Forest,5.609339010341513
Glencore,2024-03-12,5.12,XGBoost,5.592753188302247
Glencore,2024-03-12,5.12,LightGBM,5.592753188302247
Glencore,2024-03-12,5.12,LSTM,5.677224533457286
Glencore,2024-03-12,5.12,GRU,5.626684322856334
Glencore,2024-03-13,5.36,Random Walk,5.67
Glencore,2024-03-13,5.36,Random Walk + Drift,5.669116311561299
Glencore,2024-03-13,5.36,ARIMA,5.673938703991197
Glencore,2024-03-13,5.36,LASSO,5.660526737990597
Glencore,2024-03-13,5.36,Elastic Net,5.660526737990597
Glencore,2024-03-13,5.36,Random Forest,5.62443797619048
Glencore,2024-03-13,5.36,XGBoost,5.663800922397885
Glencore,2024-03-13,5.36,LightGBM,5.663800922397885
Glencore,2024-03-13,5.36,LSTM,5.7100059841548285
Glencore,2024-03-13,5.36,GRU,5.6192877679518
Glencore,2024-03-14,5.32,Random Walk,5.5
Glencore,2024-03-14,5.32,Random Walk + Drift,5.499057262569832
Glencore,2024-03-14,5.32,ARIMA,5.492339918857775
Glencore,2024-03-14,5.32,LASSO,5.496323204923418
Glencore,2024-03-14,5.32,Elastic Net,5.496323204923418
Glencore,2024-03-14,5.32,Random Forest,5.454529225589224
Glencore,2024-03-14,5.32,XGBoost,5.524084528570959
Glencore,2024-03-14,5.32,LightGBM,5.524084528570959
Glencore,2024-03-14,5.32,LSTM,5.60954149356313
Glencore,2024-03-14,5.32,GRU,5.583378649119295
Glencore,2024-03-15,5.42,Random Walk,5.39
Glencore,2024-03-15,5.42,Random Walk + Drift,5.389019197207679
Glencore,2024-03-15,5.42,ARIMA,5.3948367753207105
Glencore,2024-03-15,5.42,LASSO,5.386739611106348
Glencore,2024-03-15,5.42,Elastic Net,5.386739611106348
Glencore,2024-03-15,5.42,Random Forest,5.410236996151996
Glencore,2024-03-15,5.42,XGBoost,5.420375893358421
Glencore,2024-03-15,5.42,LightGBM,5.420375893358421
Glencore,2024-03-15,5.42,LSTM,5.486650515106877
Glencore,2024-03-15,5.42,GRU,5.470434873821973
Glencore,2024-03-18,5.38,Random Walk,5.4
Glencore,2024-03-18,5.38,Random Walk + Drift,5.399023028611305
Glencore,2024-03-18,5.38,ARIMA,5.411465754154395
Glencore,2024-03-18,5.38,LASSO,5.396111332710271
Glencore,2024-03-18,5.38,Elastic Net,5.396111332710271
Glencore,2024-03-18,5.38,Random Forest,5.425095145502644
Glencore,2024-03-18,5.38,XGBoost,5.48702325684512
Glencore,2024-03-18,5.38,LightGBM,5.48702325684512
Glencore,2024-03-18,5.38,LSTM,5.4556018625441265
Glencore,2024-03-18,5.38,GRU,5.408148624182417
Glencore,2024-03-19,5.32,Random Walk,5.44
Glencore,2024-03-19,5.32,Random Walk + Drift,5.439037321241717
Glencore,2024-03-19,5.32,ARIMA,5.446373651584763
Glencore,2024-03-19,5.32,LASSO,5.436255790196393
Glencore,2024-03-19,5.32,Elastic Net,5.436255790196393
Glencore,2024-03-19,5.32,Random Forest,5.476303055555555
Glencore,2024-03-19,5.32,XGBoost,5.44408821500891
Glencore,2024-03-19,5.32,LightGBM,5.44408821500891
Glencore,2024-03-19,5.32,LSTM,5.355441620231494
Glencore,2024-03-19,5.32,GRU,5.423323254937632
Glencore,2024-03-20,5.32,Random Walk,4.94
Glencore,2024-03-20,5.32,Random Walk + Drift,4.938863319386332
Glencore,2024-03-20,5.32,ARIMA,4.924617955838798
Glencore,2024-03-20,5.32,LASSO,4.942851476268392
Glencore,2024-03-20,5.32,Elastic Net,4.942851476268392
Glencore,2024-03-20,5.32,Random Forest,4.933232989417985
Glencore,2024-03-20,5.32,XGBoost,4.9291534178865115
Glencore,2024-03-20,5.32,LightGBM,4.9291534178865115
Glencore,2024-03-20,5.32,LSTM,5.2002638663813645
Glencore,2024-03-20,5.32,GRU,5.179161095974139
Glencore,2024-03-21,5.42,Random Walk,4.81
Glencore,2024-03-21,5.42,Random Walk + Drift,4.808818403624956
Glencore,2024-03-21,5.42,ARIMA,4.834417589758968
Glencore,2024-03-21,5.42,LASSO,4.8133608322358405
Glencore,2024-03-21,5.42,Elastic Net,4.8133608322358405
Glencore,2024-03-21,5.42,Random Forest,4.8405423809523835
Glencore,2024-03-21,5.42,XGBoost,4.8029612407464874
Glencore,2024-03-21,5.42,LightGBM,4.8029612407464874
Glencore,2024-03-21,5.42,LSTM,4.982050792830947
Glencore,2024-03-21,5.42,GRU,4.930535541270121
Glencore,2024-03-22,5.4,Random Walk,4.99
Glencore,2024-03-22,5.4,Random Walk + Drift,4.988881533101045
Glencore,2024-03-22,5.4,ARIMA,5.017117063331725
Glencore,2024-03-22,5.4,LASSO,4.9905944965187965
Glencore,2024-03-22,5.4,Elastic Net,4.9905944965187965
Glencore,2024-03-22,5.4,Random Forest,5.025622275132273
Glencore,2024-03-22,5.4,XGBoost,4.994936271954548
Glencore,2024-03-22,5.4,LightGBM,4.994936271954548
Glencore,2024-03-22,5.4,LSTM,4.948002595414649
Glencore,2024-03-22,5.4,GRU,4.8529099929727995
Glencore,2024-03-25,5.35,Random Walk,5.16
Glencore,2024-03-25,5.35,Random Walk + Drift,5.15894113549286
Glencore,2024-03-25,5.35,ARIMA,5.166208118194564
Glencore,2024-03-25,5.35,LASSO,5.158139490037341
Glencore,2024-03-25,5.35,Elastic Net,5.158139490037341
Glencore,2024-03-25,5.35,Random Forest,5.188985701058203
Glencore,2024-03-25,5.35,XGBoost,5.154794638968932
Glencore,2024-03-25,5.35,LightGBM,5.154794638968932
Glencore,2024-03-25,5.35,LSTM,4.931113135846489
Glencore,2024-03-25,5.35,GRU,5.021803808406992
Glencore,2024-03-26,5.35,Random Walk,5.33
Glencore,2024-03-26,5.35,Random Walk + Drift,5.32900069637883
Glencore,2024-03-26,5.35,ARIMA,5.324997709797976
Glencore,2024-03-26,5.35,LASSO,5.317383351849676
Glencore,2024-03-26,5.35,Elastic Net,5.317383351849676
Glencore,2024-03-26,5.35,Random Forest,5.364515013227519
Glencore,2024-03-26,5.35,XGBoost,5.335895103133425
Glencore,2024-03-26,5.35,LightGBM,5.335895103133425
Glencore,2024-03-26,5.35,LSTM,5.138212207913034
Glencore,2024-03-26,5.35,GRU,5.18728375333332
Glencore,2024-03-27,5.42,Random Walk,5.26
Glencore,2024-03-27,5.42,Random Walk + Drift,5.258976679429168
Glencore,2024-03-27,5.42,ARIMA,5.241211725017023
Glencore,2024-03-27,5.42,LASSO,5.246717944348908
Glencore,2024-03-27,5.42,Elastic Net,5.246717944348908
Glencore,2024-03-27,5.42,Random Forest,5.298571944444441
Glencore,2024-03-27,5.42,XGBoost,5.247567552566514
Glencore,2024-03-27,5.42,LightGBM,5.247567552566514
Glencore,2024-03-27,5.42,LSTM,5.199412048943621
Glencore,2024-03-27,5.42,GRU,5.3051581616706125
Glencore,2024-03-28,5.49,Random Walk,5.43
Glencore,2024-03-28,5.49,Random Walk + Drift,5.429036186499652
Glencore,2024-03-28,5.49,ARIMA,5.431888411586707
Glencore,2024-03-28,5.49,LASSO,5.416419965190441
Glencore,2024-03-28,5.49,Elastic Net,5.416419965190441
Glencore,2024-03-28,5.49,Random Forest,5.373915595238102
Glencore,2024-03-28,5.49,XGBoost,5.419286733365476
Glencore,2024-03-28,5.49,LightGBM,5.419286733365476
Glencore,2024-03-28,5.49,LSTM,5.365852686853025
Glencore,2024-03-28,5.49,GRU,5.394337604680056
Glencore,2024-04-02,5.64,Random Walk,5.66
Glencore,2024-04-02,5.64,Random Walk + Drift,5.65911652173913
Glencore,2024-04-02,5.64,ARIMA,5.655504957586886
Glencore,2024-04-02,5.64,LASSO,5.644993794041088
Glencore,2024-04-02,5.64,Elastic Net,5.644993794041088
Glencore,2024-04-02,5.64,Random Forest,5.664672949735448
Glencore,2024-04-02,5.64,XGBoost,5.65622568192838
Glencore,2024-04-02,5.64,LightGBM,5.65622568192838
Glencore,2024-04-02,5.64,LSTM,5.55299959052412
Glencore,2024-04-02,5.64,GRU,5.553999192315262
Glencore,2024-04-03,5.8,Random Walk,5.59
Glencore,2024-04-03,5.8,Random Walk + Drift,5.589092489568846
Glencore,2024-04-03,5.8,ARIMA,5.567830112250371
Glencore,2024-04-03,5.8,LASSO,5.5785478348575825
Glencore,2024-04-03,5.8,Elastic Net,5.5785478348575825
Glencore,2024-04-03,5.8,Random Forest,5.564452619047615
Glencore,2024-04-03,5.8,XGBoost,5.549669001745953
Glencore,2024-04-03,5.8,LightGBM,5.549669001745953
Glencore,2024-04-03,5.8,LSTM,5.625393359363926
Glencore,2024-04-03,5.8,GRU,5.594881955390067
Glencore,2024-04-04,5.86,Random Walk,5.43
Glencore,2024-04-04,5.86,Random Walk + Drift,5.429037191518943
Glencore,2024-04-04,5.86,ARIMA,5.418822536776872
Glencore,2024-04-04,5.86,LASSO,5.42043564486019
Glencore,2024-04-04,5.86,Elastic Net,5.42043564486019
Glencore,2024-04-04,5.86,Random Forest,5.4556640211640195
Glencore,2024-04-04,5.86,XGBoost,5.467767485918086
Glencore,2024-04-04,5.86,LightGBM,5.467767485918086
Glencore,2024-04-04,5.86,LSTM,5.57332655713384
Glencore,2024-04-04,5.86,GRU,5.518250980796398
Glencore,2024-04-05,5.79,Random Walk,5.4
Glencore,2024-04-05,5.79,Random Walk + Drift,5.399027102154274
Glencore,2024-04-05,5.79,ARIMA,5.405171607038488
Glencore,2024-04-05,5.79,LASSO,5.3934310618231125
Glencore,2024-04-05,5.79,Elastic Net,5.3934310618231125
Glencore,2024-04-05,5.79,Random Forest,5.375651455026459
Glencore,2024-04-05,5.79,XGBoost,5.412970673232405
Glencore,2024-04-05,5.79,LightGBM,5.412970673232405
Glencore,2024-04-05,5.79,LSTM,5.4360290883675075
Glencore,2024-04-05,5.79,GRU,5.464910501642966
Glencore,2024-04-08,5.91,Random Walk,5.38
Glencore,2024-04-08,5.91,Random Walk + Drift,5.379020493226815
Glencore,2024-04-08,5.91,ARIMA,5.383445052188513
Glencore,2024-04-08,5.91,LASSO,5.377108320546883
Glencore,2024-04-08,5.91,Elastic Net,5.377108320546883
Glencore,2024-04-08,5.91,Random Forest,5.340970132275131
Glencore,2024-04-08,5.91,XGBoost,5.384674353727384
Glencore,2024-04-08,5.91,LightGBM,5.384674353727384
Glencore,2024-04-08,5.91,LSTM,5.424080430327196
Glencore,2024-04-08,5.91,GRU,5.374307848456102
Glencore,2024-04-09,6.0,Random Walk,5.23
Glencore,2024-04-09,6.0,Random Walk + Drift,5.228968750000001
Glencore,2024-04-09,6.0,ARIMA,5.228452574984777
Glencore,2024-04-09,6.0,LASSO,5.228777973895143
Glencore,2024-04-09,6.0,Elastic Net,5.228777973895143
Glencore,2024-04-09,6.0,Random Forest,5.239082910052908
Glencore,2024-04-09,6.0,XGBoost,5.208886221593783
Glencore,2024-04-09,6.0,LightGBM,5.208886221593783
Glencore,2024-04-09,6.0,LSTM,5.359889585118045
Glencore,2024-04-09,6.0,GRU,5.268906072766715
Glencore,2024-04-10,5.86,Random Walk,5.32
Glencore,2024-04-10,5.86,Random Walk + Drift,5.319000347101701
Glencore,2024-04-10,5.86,ARIMA,5.334231274774564
Glencore,2024-04-10,5.86,LASSO,5.314920802952742
Glencore,2024-04-10,5.86,Elastic Net,5.314920802952742
Glencore,2024-04-10,5.86,Random Forest,5.272714960317463
Glencore,2024-04-10,5.86,XGBoost,5.345439911267744
Glencore,2024-04-10,5.86,LightGBM,5.345439911267744
Glencore,2024-04-10,5.86,LSTM,5.2976105154899535
Glencore,2024-04-10,5.86,GRU,5.318725004511222
Glencore,2024-04-11,5.8,Random Walk,5.45
Glencore,2024-04-11,5.8,Random Walk + Drift,5.449045801526718
Glencore,2024-04-11,5.8,ARIMA,5.454316632590395
Glencore,2024-04-11,5.8,LASSO,5.442071513635165
Glencore,2024-04-11,5.8,Elastic Net,5.442071513635165
Glencore,2024-04-11,5.8,Random Forest,5.439373650793652
Glencore,2024-04-11,5.8,XGBoost,5.385171779237665
Glencore,2024-04-11,5.8,LightGBM,5.385171779237665
Glencore,2024-04-11,5.8,LSTM,5.303317427069697
Glencore,2024-04-11,5.8,GRU,5.350781924669472
Glencore,2024-04-12,6.05,Random Walk,5.33
Glencore,2024-04-12,6.05,Random Walk + Drift,5.329004509191814
Glencore,2024-04-12,6.05,ARIMA,5.318195650398558
Glencore,2024-04-12,6.05,LASSO,5.324028765584308
Glencore,2024-04-12,6.05,Elastic Net,5.324028765584308
Glencore,2024-04-12,6.05,Random Forest,5.349924867724867
Glencore,2024-04-12,6.05,XGBoost,5.348557588639175
Glencore,2024-04-12,6.05,LightGBM,5.348557588639175
Glencore,2024-04-12,6.05,LSTM,5.283245342423688
Glencore,2024-04-12,6.05,GRU,5.36305614731592
Glencore,2024-04-15,5.99,Random Walk,5.45
Glencore,2024-04-15,5.99,Random Walk + Drift,5.449046463245493
Glencore,2024-04-15,5.99,ARIMA,5.458030808190841
Glencore,2024-04-15,5.99,LASSO,5.439604186959951
Glencore,2024-04-15,5.99,Elastic Net,5.439604186959951
Glencore,2024-04-15,5.99,Random Forest,5.4761875396825355
Glencore,2024-04-15,5.99,XGBoost,5.454683082913485
Glencore,2024-04-15,5.99,LightGBM,5.454683082913485
Glencore,2024-04-15,5.99,LSTM,5.373374217326923
Glencore,2024-04-15,5.99,GRU,5.400161024419176
Glencore,2024-04-16,5.8,Random Walk,5.39
Glencore,2024-04-16,5.8,Random Walk + Drift,5.389025996533795
Glencore,2024-04-16,5.8,ARIMA,5.382011079518796
Glencore,2024-04-16,5.8,LASSO,5.3820390607894275
Glencore,2024-04-16,5.8,Elastic Net,5.3820390607894275
Glencore,2024-04-16,5.8,Random Forest,5.387562453102456
Glencore,2024-04-16,5.8,XGBoost,5.4277109156667604
Glencore,2024-04-16,5.8,LightGBM,5.4277109156667604
Glencore,2024-04-16,5.8,LSTM,5.436754179773583
Glencore,2024-04-16,5.8,GRU,5.443265176320503
Glencore,2024-04-17,5.89,Random Walk,5.23
Glencore,2024-04-17,5.89,Random Walk + Drift,5.228970893970894
Glencore,2024-04-17,5.89,ARIMA,5.22589026224784
Glencore,2024-04-17,5.89,LASSO,5.226975072190369
Glencore,2024-04-17,5.89,Elastic Net,5.226975072190369
Glencore,2024-04-17,5.89,Random Forest,5.172628187830686
Glencore,2024-04-17,5.89,XGBoost,5.229271941919601
Glencore,2024-04-17,5.89,LightGBM,5.229271941919601
Glencore,2024-04-17,5.89,LSTM,5.308111447177845
Glencore,2024-04-17,5.89,GRU,5.301193480862748
Glencore,2024-04-18,5.91,Random Walk,5.37
Glencore,2024-04-18,5.91,Random Walk + Drift,5.369019743678559
Glencore,2024-04-18,5.91,ARIMA,5.384807532407067
Glencore,2024-04-18,5.91,LASSO,5.362553014582941
Glencore,2024-04-18,5.91,Elastic Net,5.362553014582941
Glencore,2024-04-18,5.91,Random Forest,5.346566243386245
Glencore,2024-04-18,5.91,XGBoost,5.347445098331699
Glencore,2024-04-18,5.91,LightGBM,5.347445098331699
Glencore,2024-04-18,5.91,LSTM,5.333706058002048
Glencore,2024-04-18,5.91,GRU,5.335473876859527
Glencore,2024-04-19,5.87,Random Walk,5.59
Glencore,2024-04-19,5.87,Random Walk + Drift,5.589096260387811
Glencore,2024-04-19,5.87,ARIMA,5.592638207729897
Glencore,2024-04-19,5.87,LASSO,5.580131546305752
Glencore,2024-04-19,5.87,Elastic Net,5.580131546305752
Glencore,2024-04-19,5.87,Random Forest,5.530578161375659
Glencore,2024-04-19,5.87,XGBoost,5.506391025580003
Glencore,2024-04-19,5.87,LightGBM,5.506391025580003
Glencore,2024-04-19,5.87,LSTM,5.42950854476739
Glencore,2024-04-19,5.87,GRU,5.442337736331396
Glencore,2024-04-22,5.86,Random Walk,5.58
Glencore,2024-04-22,5.86,Random Walk + Drift,5.579093111803393
Glencore,2024-04-22,5.86,ARIMA,5.564929642289778
Glencore,2024-04-22,5.86,LASSO,5.569433361725458
Glencore,2024-04-22,5.86,Elastic Net,5.569433361725458
Glencore,2024-04-22,5.86,Random Forest,5.535560803270802
Glencore,2024-04-22,5.86,XGBoost,5.523581924234662
Glencore,2024-04-22,5.86,LightGBM,5.523581924234662
Glencore,2024-04-22,5.86,LSTM,5.517223231247739
Glencore,2024-04-22,5.86,GRU,5.509550279928821
Glencore,2024-04-23,5.83,Random Walk,5.68
Glencore,2024-04-23,5.83,Random Walk + Drift,5.679128027681661
Glencore,2024-04-23,5.83,ARIMA,5.677782776625088
Glencore,2024-04-23,5.83,LASSO,5.665255116160069
Glencore,2024-04-23,5.83,Elastic Net,5.665255116160069
Glencore,2024-04-23,5.83,Random Forest,5.651684748677247
Glencore,2024-04-23,5.83,XGBoost,5.693553154300609
Glencore,2024-04-23,5.83,LightGBM,5.693553154300609
Glencore,2024-04-23,5.83,LSTM,5.6103591331125395
Glencore,2024-04-23,5.83,GRU,5.622130209154312
Glencore,2024-04-24,5.91,Random Walk,5.91
Glencore,2024-04-24,5.91,Random Walk + Drift,5.909207886544449
Glencore,2024-04-24,5.91,ARIMA,5.90765965508665
Glencore,2024-04-24,5.91,LASSO,5.893450371730267
Glencore,2024-04-24,5.91,Elastic Net,5.893450371730267
Glencore,2024-04-24,5.91,Random Forest,5.8943866606541615
Glencore,2024-04-24,5.91,XGBoost,5.8788782597482285
Glencore,2024-04-24,5.91,LightGBM,5.8788782597482285
Glencore,2024-04-24,5.91,LSTM,5.769251001044143
Glencore,2024-04-24,5.91,GRU,5.788626393288073
Glencore,2024-04-25,5.86,Random Walk,5.71
Glencore,2024-04-25,5.86,Random Walk + Drift,5.709139004149377
Glencore,2024-04-25,5.86,ARIMA,5.683657748015833
Glencore,2024-04-25,5.86,LASSO,5.69998354802112
Glencore,2024-04-25,5.86,Elastic Net,5.69998354802112
Glencore,2024-04-25,5.86,Random Forest,5.751392420634918
Glencore,2024-04-25,5.86,XGBoost,5.744394226367956
Glencore,2024-04-25,5.86,LightGBM,5.744394226367956
Glencore,2024-04-25,5.86,LSTM,5.784540111551505
Glencore,2024-04-25,5.86,GRU,5.776631869721294
Glencore,2024-04-26,5.86,Random Walk,5.68
Glencore,2024-04-26,5.86,Random Walk + Drift,5.679128931904597
Glencore,2024-04-26,5.86,ARIMA,5.6827612908432235
Glencore,2024-04-26,5.86,LASSO,5.670398301894122
Glencore,2024-04-26,5.86,Elastic Net,5.670398301894122
Glencore,2024-04-26,5.86,Random Forest,5.647795119047618
Glencore,2024-04-26,5.86,XGBoost,5.702538199154367
Glencore,2024-04-26,5.86,LightGBM,5.702538199154367
Glencore,2024-04-26,5.86,LSTM,5.7679680784914655
Glencore,2024-04-26,5.86,GRU,5.703738604659247
Glencore,2024-04-29,5.95,Random Walk,5.65
Glencore,2024-04-29,5.95,Random Walk + Drift,5.6491188666205945
Glencore,2024-04-29,5.95,ARIMA,5.648823016416929
Glencore,2024-04-29,5.95,LASSO,5.64242716194769
Glencore,2024-04-29,5.95,Elastic Net,5.64242716194769
Glencore,2024-04-29,5.95,Random Forest,5.621586957671957
Glencore,2024-04-29,5.95,XGBoost,5.594526116948724
Glencore,2024-04-29,5.95,LightGBM,5.594526116948724
Glencore,2024-04-29,5.95,LSTM,5.648244550625666
Glencore,2024-04-29,5.95,GRU,5.715524063417281
Glencore,2024-04-30,5.84,Random Walk,5.93
Glencore,2024-04-30,5.84,Random Walk + Drift,5.929215889464594
Glencore,2024-04-30,5.84,ARIMA,5.941948433693917
Glencore,2024-04-30,5.84,LASSO,5.920557800394468
Glencore,2024-04-30,5.84,Elastic Net,5.920557800394468
Glencore,2024-04-30,5.84,Random Forest,5.94666448412698
Glencore,2024-04-30,5.84,XGBoost,5.880101187767368
Glencore,2024-04-30,5.84,LightGBM,5.880101187767368
Glencore,2024-04-30,5.84,LSTM,5.7681276906470575
Glencore,2024-04-30,5.84,GRU,5.810750780256023
Glencore,2024-05-01,5.84,Random Walk,5.77
Glencore,2024-05-01,5.84,Random Walk + Drift,5.769160911602209
Glencore,2024-05-01,5.84,ARIMA,5.748294521993658
Glencore,2024-05-01,5.84,LASSO,5.760614546332201
Glencore,2024-05-01,5.84,Elastic Net,5.760614546332201
Glencore,2024-05-01,5.84,Random Forest,5.797398968253963
Glencore,2024-05-01,5.84,XGBoost,5.745338279288942
Glencore,2024-05-01,5.84,LightGBM,5.745338279288942
Glencore,2024-05-01,5.84,LSTM,5.775853220276703
Glencore,2024-05-01,5.84,GRU,5.789419292855576
Glencore,2024-05-02,5.75,Random Walk,5.71
Glencore,2024-05-02,5.75,Random Walk + Drift,5.709140490162237
Glencore,2024-05-02,5.75,ARIMA,5.711901902856012
Glencore,2024-05-02,5.75,LASSO,5.701303971163661
Glencore,2024-05-02,5.75,Elastic Net,5.701303971163661
Glencore,2024-05-02,5.75,Random Forest,5.737223029100525
Glencore,2024-05-02,5.75,XGBoost,5.73186311194361
Glencore,2024-05-02,5.75,LightGBM,5.73186311194361
Glencore,2024-05-02,5.75,LSTM,5.7190969216201815
Glencore,2024-05-02,5.75,GRU,5.733971317561979
Glencore,2024-05-03,5.71,Random Walk,5.96
Glencore,2024-05-03,5.71,Random Walk + Drift,5.959227053140096
Glencore,2024-05-03,5.71,ARIMA,5.971594606952744
Glencore,2024-05-03,5.71,LASSO,5.946197250181154
Glencore,2024-05-03,5.71,Elastic Net,5.946197250181154
Glencore,2024-05-03,5.71,Random Forest,5.912215291005287
Glencore,2024-05-03,5.71,XGBoost,5.863585285195218
Glencore,2024-05-03,5.71,LightGBM,5.863585285195218
Glencore,2024-05-03,5.71,LSTM,5.8259819022666015
Glencore,2024-05-03,5.71,GRU,5.839901574589247
Glencore,2024-05-07,5.85,Random Walk,6.04
Glencore,2024-05-07,5.85,Random Walk + Drift,6.039254915488099
Glencore,2024-05-07,5.85,ARIMA,6.0280971568736845
Glencore,2024-05-07,5.85,LASSO,6.028854425681817
Glencore,2024-05-07,5.85,Elastic Net,6.028854425681817
Glencore,2024-05-07,5.85,Random Forest,5.956117341269835
Glencore,2024-05-07,5.85,XGBoost,6.004810676288697
Glencore,2024-05-07,5.85,LightGBM,6.004810676288697
Glencore,2024-05-07,5.85,LSTM,5.927647688422551
Glencore,2024-05-07,5.85,GRU,5.9525770939027565
Glencore,2024-05-08,5.76,Random Walk,5.97
Glencore,2024-05-08,5.76,Random Walk + Drift,5.969231034482759
Glencore,2024-05-08,5.76,ARIMA,5.95732158513726
Glencore,2024-05-08,5.76,LASSO,5.957818183059406
Glencore,2024-05-08,5.76,Elastic Net,5.957818183059406
Glencore,2024-05-08,5.76,Random Forest,5.973674999999999
Glencore,2024-05-08,5.76,XGBoost,5.990737550656839
Glencore,2024-05-08,5.76,LightGBM,5.990737550656839
Glencore,2024-05-08,5.76,LSTM,5.904261823636549
Glencore,2024-05-08,5.76,GRU,6.002339565446908
Glencore,2024-05-09,5.8,Random Walk,5.71
Glencore,2024-05-09,5.8,Random Walk + Drift,5.709141675284385
Glencore,2024-05-09,5.8,ARIMA,5.700676212862949
Glencore,2024-05-09,5.8,LASSO,5.701763072876314
Glencore,2024-05-09,5.8,Elastic Net,5.701763072876314
Glencore,2024-05-09,5.8,Random Forest,5.7631867989418
Glencore,2024-05-09,5.8,XGBoost,5.796675578080018
Glencore,2024-05-09,5.8,LightGBM,5.796675578080018
Glencore,2024-05-09,5.8,LSTM,5.819744365273238
Glencore,2024-05-09,5.8,GRU,5.774656252820907
Glencore,2024-05-10,5.96,Random Walk,5.79
Glencore,2024-05-10,5.96,Random Walk + Drift,5.789169538249483
Glencore,2024-05-10,5.96,ARIMA,5.80844483131122
Glencore,2024-05-10,5.96,LASSO,5.783965857643274
Glencore,2024-05-10,5.96,Elastic Net,5.783965857643274
Glencore,2024-05-10,5.96,Random Forest,5.7275161375661385
Glencore,2024-05-10,5.96,XGBoost,5.70958561715056
Glencore,2024-05-10,5.96,LightGBM,5.70958561715056
Glencore,2024-05-10,5.96,LSTM,5.826076658096943
Glencore,2024-05-10,5.96,GRU,5.787995605500457
Glencore,2024-05-13,5.97,Random Walk,5.86
Glencore,2024-05-13,5.97,Random Walk + Drift,5.859193937306236
Glencore,2024-05-13,5.97,ARIMA,5.8632411588725875
Glencore,2024-05-13,5.97,LASSO,5.853864089435213
Glencore,2024-05-13,5.97,Elastic Net,5.853864089435213
Glencore,2024-05-13,5.97,Random Forest,5.931360238095232
Glencore,2024-05-13,5.97,XGBoost,5.955436433014365
Glencore,2024-05-13,5.97,LightGBM,5.955436433014365
Glencore,2024-05-13,5.97,LSTM,5.826953561067938
Glencore,2024-05-13,5.97,GRU,5.8267757196747905
Glencore,2024-05-14,6.2,Random Walk,5.93
Glencore,2024-05-14,6.2,Random Walk + Drift,5.9292183195592285
Glencore,2024-05-14,6.2,ARIMA,5.929195395469671
Glencore,2024-05-14,6.2,LASSO,5.9214939359247545
Glencore,2024-05-14,6.2,Elastic Net,5.9214939359247545
Glencore,2024-05-14,6.2,Random Forest,5.870947579365075
Glencore,2024-05-14,6.2,XGBoost,5.894627045910848
Glencore,2024-05-14,6.2,LightGBM,5.894627045910848
Glencore,2024-05-14,6.2,LSTM,5.824029362040909
Glencore,2024-05-14,6.2,GRU,5.886808371699189
Glencore,2024-05-15,6.19,Random Walk,6.07
Glencore,2024-05-15,6.19,Random Walk + Drift,6.06926678141136
Glencore,2024-05-15,6.19,ARIMA,6.068724372211318
Glencore,2024-05-15,6.19,LASSO,6.054925175567296
Glencore,2024-05-15,6.19,Elastic Net,6.054925175567296
Glencore,2024-05-15,6.19,Random Forest,6.118236507936501
Glencore,2024-05-15,6.19,XGBoost,6.057985940156161
Glencore,2024-05-15,6.19,LightGBM,6.057985940156161
Glencore,2024-05-15,6.19,LSTM,5.87987321862808
Glencore,2024-05-15,6.19,GRU,5.990470699947498
Glencore,2024-05-16,6.24,Random Walk,6.07
Glencore,2024-05-16,6.24,Random Walk + Drift,6.069267033723332
Glencore,2024-05-16,6.24,ARIMA,6.058119940375356
Glencore,2024-05-16,6.24,LASSO,6.056155204352523
Glencore,2024-05-16,6.24,Elastic Net,6.056155204352523
Glencore,2024-05-16,6.24,Random Forest,6.099280912698407
Glencore,2024-05-16,6.24,XGBoost,6.068969733165998
Glencore,2024-05-16,6.24,LightGBM,6.068969733165998
Glencore,2024-05-16,6.24,LSTM,5.973149657570973
Glencore,2024-05-16,6.24,GRU,5.995829662954025
Glencore,2024-05-17,6.31,Random Walk,5.99
Glencore,2024-05-17,6.31,Random Walk + Drift,5.989239766081871
Glencore,2024-05-17,6.31,ARIMA,5.982104296584001
Glencore,2024-05-17,6.31,LASSO,5.978711716271189
Glencore,2024-05-17,6.31,Elastic Net,5.978711716271189
Glencore,2024-05-17,6.31,Random Forest,5.967473915343913
Glencore,2024-05-17,6.31,XGBoost,6.018895289719972
Glencore,2024-05-17,6.31,LightGBM,6.018895289719972
Glencore,2024-05-17,6.31,LSTM,5.974216961686059
Glencore,2024-05-17,6.31,GRU,5.992265391614692
Glencore,2024-05-20,6.37,Random Walk,5.92
Glencore,2024-05-20,6.37,Random Walk + Drift,5.919215955983494
Glencore,2024-05-20,6.37,ARIMA,5.919967272288735
Glencore,2024-05-20,6.37,LASSO,5.911120677819874
Glencore,2024-05-20,6.37,Elastic Net,5.911120677819874
Glencore,2024-05-20,6.37,Random Forest,5.99931715728716
Glencore,2024-05-20,6.37,XGBoost,6.044143826793508
Glencore,2024-05-20,6.37,LightGBM,6.044143826793508
Glencore,2024-05-20,6.37,LSTM,6.016358075459823
Glencore,2024-05-20,6.37,GRU,5.942398954813001
Glencore,2024-05-21,6.35,Random Walk,5.79
Glencore,2024-05-21,6.35,Random Walk + Drift,5.789171536610519
Glencore,2024-05-21,6.35,ARIMA,5.7908974023734965
Glencore,2024-05-21,6.35,LASSO,5.785770582401259
Glencore,2024-05-21,6.35,Elastic Net,5.785770582401259
Glencore,2024-05-21,6.35,Random Forest,5.770480859788358
Glencore,2024-05-21,6.35,XGBoost,5.756468711522413
Glencore,2024-05-21,6.35,LightGBM,5.756468711522413
Glencore,2024-05-21,6.35,LSTM,5.944539457478671
Glencore,2024-05-21,6.35,GRU,5.878240834276907
Glencore,2024-05-22,6.14,Random Walk,6.03
Glencore,2024-05-22,6.14,Random Walk + Drift,6.029254295532646
Glencore,2024-05-22,6.14,ARIMA,6.048575143617199
Glencore,2024-05-22,6.14,LASSO,6.021175943540913
Glencore,2024-05-22,6.14,Elastic Net,6.021175943540913
Glencore,2024-05-22,6.14,Random Forest,5.9395930555555525
Glencore,2024-05-22,6.14,XGBoost,5.948123437904169
Glencore,2024-05-22,6.14,LightGBM,5.948123437904169
Glencore,2024-05-22,6.14,LSTM,5.940942951975772
Glencore,2024-05-22,6.14,GRU,5.973258545995005
Glencore,2024-05-23,6.14,Random Walk,6.3
Glencore,2024-05-23,6.14,Random Walk + Drift,6.299347303332188
Glencore,2024-05-23,6.14,ARIMA,6.29780682166075
Glencore,2024-05-23,6.14,LASSO,6.284604584966962
Glencore,2024-05-23,6.14,Elastic Net,6.284604584966962
Glencore,2024-05-23,6.14,Random Forest,6.250157738095239
Glencore,2024-05-23,6.14,XGBoost,6.2489092719095645
Glencore,2024-05-23,6.14,LightGBM,6.2489092719095645
Glencore,2024-05-23,6.14,LSTM,6.135089344081679
Glencore,2024-05-23,6.14,GRU,6.118771142900845
Glencore,2024-05-24,6.17,Random Walk,6.4
Glencore,2024-05-24,6.17,Random Walk + Drift,6.399381868131869
Glencore,2024-05-24,6.17,ARIMA,6.38104088195736
Glencore,2024-05-24,6.17,LASSO,6.381719138576224
Glencore,2024-05-24,6.17,Elastic Net,6.381719138576224
Glencore,2024-05-24,6.17,Random Forest,6.322171674806678
Glencore,2024-05-24,6.17,XGBoost,6.306000637479187
Glencore,2024-05-24,6.17,LightGBM,6.306000637479187
Glencore,2024-05-24,6.17,LSTM,6.171497617414728
Glencore,2024-05-24,6.17,GRU,6.265003878573222
Glencore,2024-05-28,6.24,Random Walk,6.36
Glencore,2024-05-28,6.24,Random Walk + Drift,6.3593683487813255
Glencore,2024-05-28,6.24,ARIMA,6.341524366240827
Glencore,2024-05-28,6.24,LASSO,6.340386885340392
Glencore,2024-05-28,6.24,Elastic Net,6.340386885340392
Glencore,2024-05-28,6.24,Random Forest,6.342389854497354
Glencore,2024-05-28,6.24,XGBoost,6.237969846128288
Glencore,2024-05-28,6.24,LightGBM,6.237969846128288
Glencore,2024-05-28,6.24,LSTM,6.309126862086316
Glencore,2024-05-28,6.24,GRU,6.367945607389299
Glencore,2024-05-29,6.14,Random Walk,6.34
Glencore,2024-05-29,6.14,Random Walk + Drift,6.339361702127659
Glencore,2024-05-29,6.14,ARIMA,6.333401661124623
Glencore,2024-05-29,6.14,LASSO,6.3245724162974755
Glencore,2024-05-29,6.14,Elastic Net,6.3245724162974755
Glencore,2024-05-29,6.14,Random Forest,6.3524243518518455
Glencore,2024-05-29,6.14,XGBoost,6.367246949508771
Glencore,2024-05-29,6.14,LightGBM,6.367246949508771
Glencore,2024-05-29,6.14,LSTM,6.275120514547602
Glencore,2024-05-29,6.14,GRU,6.335711159985273
Glencore,2024-05-30,6.13,Random Walk,6.49
Glencore,2024-05-30,6.13,Random Walk + Drift,6.489413379073756
Glencore,2024-05-30,6.13,ARIMA,6.493238389285875
Glencore,2024-05-30,6.13,LASSO,6.4760314088097735
Glencore,2024-05-30,6.13,Elastic Net,6.4760314088097735
Glencore,2024-05-30,6.13,Random Forest,6.433174920634916
Glencore,2024-05-30,6.13,XGBoost,6.424319972794434
Glencore,2024-05-30,6.13,LightGBM,6.424319972794434
Glencore,2024-05-30,6.13,LSTM,6.372051744672797
Glencore,2024-05-30,6.13,GRU,6.396024214218922
Glencore,2024-05-31,6.12,Random Walk,6.7
Glencore,2024-05-31,6.12,Random Walk + Drift,6.699485596707819
Glencore,2024-05-31,6.12,ARIMA,6.6957284501706535
Glencore,2024-05-31,6.12,LASSO,6.68377314176905
Glencore,2024-05-31,6.12,Elastic Net,6.68377314176905
Glencore,2024-05-31,6.12,Random Forest,6.593482817460312
Glencore,2024-05-31,6.12,XGBoost,6.600639527258252
Glencore,2024-05-31,6.12,LightGBM,6.600639527258252
Glencore,2024-05-31,6.12,LSTM,6.513788450498011
Glencore,2024-05-31,6.12,GRU,6.585794312168532
Glencore,2024-06-03,6.17,Random Walk,6.72
Glencore,2024-06-03,6.17,Random Walk + Drift,6.719492629413781
Glencore,2024-06-03,6.17,ARIMA,6.701735265337444
Glencore,2024-06-03,6.17,LASSO,6.702847944980855
Glencore,2024-06-03,6.17,Elastic Net,6.702847944980855
Glencore,2024-06-03,6.17,Random Forest,6.64219442279942
Glencore,2024-06-03,6.17,XGBoost,6.610835882835701
Glencore,2024-06-03,6.17,LightGBM,6.610835882835701
Glencore,2024-06-03,6.17,LSTM,6.557438751621475
Glencore,2024-06-03,6.17,GRU,6.669158007062856
Glencore,2024-06-04,5.98,Random Walk,6.76
Glencore,2024-06-04,5.98,Random Walk + Drift,6.759506511309116
Glencore,2024-06-04,5.98,ARIMA,6.751659689361498
Glencore,2024-06-04,5.98,LASSO,6.741898282595907
Glencore,2024-06-04,5.98,Elastic Net,6.741898282595907
Glencore,2024-06-04,5.98,Random Forest,6.699215251322753
Glencore,2024-06-04,5.98,XGBoost,6.557147486408058
Glencore,2024-06-04,5.98,LightGBM,6.557147486408058
Glencore,2024-06-04,5.98,LSTM,6.672267437993009
Glencore,2024-06-04,5.98,GRU,6.716003254947145
Glencore,2024-06-05,6.01,Random Walk,6.75
Glencore,2024-06-05,6.01,Random Walk + Drift,6.749503254539226
Glencore,2024-06-05,6.01,ARIMA,6.742288587394697
Glencore,2024-06-05,6.01,LASSO,6.734341032149991
Glencore,2024-06-05,6.01,Elastic Net,6.734341032149991
Glencore,2024-06-05,6.01,Random Forest,6.657523544973548
Glencore,2024-06-05,6.01,XGBoost,6.658525186366115
Glencore,2024-06-05,6.01,LightGBM,6.658525186366115
Glencore,2024-06-05,6.01,LSTM,6.642831031700695
Glencore,2024-06-05,6.01,GRU,6.730791033869947
Glencore,2024-06-06,6.1,Random Walk,6.65
Glencore,2024-06-06,6.1,Random Walk + Drift,6.649469178082192
Glencore,2024-06-06,6.1,ARIMA,6.643580382446199
Glencore,2024-06-06,6.1,LASSO,6.639255879558057
Glencore,2024-06-06,6.1,Elastic Net,6.639255879558057
Glencore,2024-06-06,6.1,Random Forest,6.610656243386242
Glencore,2024-06-06,6.1,XGBoost,6.617808412615316
Glencore,2024-06-06,6.1,LightGBM,6.617808412615316
Glencore,2024-06-06,6.1,LSTM,6.589962283366853
Glencore,2024-06-06,6.1,GRU,6.648049807610452
Glencore,2024-06-07,5.98,Random Walk,6.5
Glencore,2024-06-07,5.98,Random Walk + Drift,6.499418007531667
Glencore,2024-06-07,5.98,ARIMA,6.499731417761145
Glencore,2024-06-07,5.98,LASSO,6.492275369406205
Glencore,2024-06-07,5.98,Elastic Net,6.492275369406205
Glencore,2024-06-07,5.98,Random Forest,6.439524601972098
Glencore,2024-06-07,5.98,XGBoost,6.514808174855049
Glencore,2024-06-07,5.98,LightGBM,6.514808174855049
Glencore,2024-06-07,5.98,LSTM,6.583912837740785
Glencore,2024-06-07,5.98,GRU,6.529223205037418
Glencore,2024-06-10,6.06,Random Walk,6.61
Glencore,2024-06-10,6.06,Random Walk + Drift,6.609455852156058
Glencore,2024-06-10,6.06,ARIMA,6.6260826993918975
Glencore,2024-06-10,6.06,LASSO,6.600913097690488
Glencore,2024-06-10,6.06,Elastic Net,6.600913097690488
Glencore,2024-06-10,6.06,Random Forest,6.516686084656082
Glencore,2024-06-10,6.06,XGBoost,6.480156091240877
Glencore,2024-06-10,6.06,LightGBM,6.480156091240877
Glencore,2024-06-10,6.06,LSTM,6.489116763863688
Glencore,2024-06-10,6.06,GRU,6.590730787667157
Glencore,2024-06-11,5.93,Random Walk,6.55
Glencore,2024-06-11,5.93,Random Walk + Drift,6.549435511460827
Glencore,2024-06-11,5.93,ARIMA,6.546027442715834
Glencore,2024-06-11,5.93,LASSO,6.541855781524401
Glencore,2024-06-11,5.93,Elastic Net,6.541855781524401
Glencore,2024-06-11,5.93,Random Forest,6.473202235449737
Glencore,2024-06-11,5.93,XGBoost,6.501274773560516
Glencore,2024-06-11,5.93,LightGBM,6.501274773560516
Glencore,2024-06-11,5.93,LSTM,6.578942129851425
Glencore,2024-06-11,5.93,GRU,6.572130320487902
Glencore,2024-06-12,5.92,Random Walk,6.5
Glencore,2024-06-12,5.92,Random Walk + Drift,6.499418604651162
Glencore,2024-06-12,5.92,ARIMA,6.501923352778406
Glencore,2024-06-12,5.92,LASSO,6.491257810114222
Glencore,2024-06-12,5.92,Elastic Net,6.491257810114222
Glencore,2024-06-12,5.92,Random Forest,6.425414365079365
Glencore,2024-06-12,5.92,XGBoost,6.437770446836962
Glencore,2024-06-12,5.92,LightGBM,6.437770446836962
Glencore,2024-06-12,5.92,LSTM,6.447118853761628
Glencore,2024-06-12,5.92,GRU,6.5407327003406355
Glencore,2024-06-13,5.87,Random Walk,6.64
Glencore,2024-06-13,5.87,Random Walk + Drift,6.639466666666666
Glencore,2024-06-13,5.87,ARIMA,6.649715750111542
Glencore,2024-06-13,5.87,LASSO,6.626461532240144
Glencore,2024-06-13,5.87,Elastic Net,6.626461532240144
Glencore,2024-06-13,5.87,Random Forest,6.549558995726491
Glencore,2024-06-13,5.87,XGBoost,6.562322061938136
Glencore,2024-06-13,5.87,LightGBM,6.562322061938136
Glencore,2024-06-13,5.87,LSTM,6.586868678241364
Glencore,2024-06-13,5.87,GRU,6.5396103586090195
Glencore,2024-06-14,5.76,Random Walk,6.62
Glencore,2024-06-14,5.76,Random Walk + Drift,6.61946001367054
Glencore,2024-06-14,5.76,ARIMA,6.61210791942466
Glencore,2024-06-14,5.76,LASSO,6.6085056165740195
Glencore,2024-06-14,5.76,Elastic Net,6.6085056165740195
Glencore,2024-06-14,5.76,Random Forest,6.572069933862434
Glencore,2024-06-14,5.76,XGBoost,6.602069040750998
Glencore,2024-06-14,5.76,LightGBM,6.602069040750998
Glencore,2024-06-14,5.76,LSTM,6.582419441282767
Glencore,2024-06-14,5.76,GRU,6.595827186865958
Glencore,2024-06-17,5.7,Random Walk,6.39
Glencore,2024-06-17,5.7,Random Walk + Drift,6.389381619405534
Glencore,2024-06-17,5.7,ARIMA,6.380654632158432
Glencore,2024-06-17,5.7,LASSO,6.381827797759522
Glencore,2024-06-17,5.7,Elastic Net,6.381827797759522
Glencore,2024-06-17,5.7,Random Forest,6.1947548015872975
Glencore,2024-06-17,5.7,XGBoost,6.334376241936936
Glencore,2024-06-17,5.7,LightGBM,6.334376241936936
Glencore,2024-06-17,5.7,LSTM,6.47934638032066
Glencore,2024-06-17,5.7,GRU,6.444877074425589
Glencore,2024-06-18,5.76,Random Walk,6.36
Glencore,2024-06-18,5.76,Random Walk + Drift,6.359371584699454
Glencore,2024-06-18,5.76,ARIMA,6.373707417464085
Glencore,2024-06-18,5.76,LASSO,6.3516371299433745
Glencore,2024-06-18,5.76,Elastic Net,6.3516371299433745
Glencore,2024-06-18,5.76,Random Forest,6.2440137830687785
Glencore,2024-06-18,5.76,XGBoost,6.252819875715972
Glencore,2024-06-18,5.76,LightGBM,6.252819875715972
Glencore,2024-06-18,5.76,LSTM,6.394767750501698
Glencore,2024-06-18,5.76,GRU,6.423735755398125
Glencore,2024-06-19,5.8,Random Walk,6.43
Glencore,2024-06-19,5.8,Random Walk + Drift,6.4293956981905085
Glencore,2024-06-19,5.8,ARIMA,6.44046426909624
Glencore,2024-06-19,5.8,LASSO,6.422470412222355
Glencore,2024-06-19,5.8,Elastic Net,6.422470412222355
Glencore,2024-06-19,5.8,Random Forest,6.372568994708995
Glencore,2024-06-19,5.8,XGBoost,6.2848607393168
Glencore,2024-06-19,5.8,LightGBM,6.2848607393168
Glencore,2024-06-19,5.8,LSTM,6.41053516859356
Glencore,2024-06-19,5.8,GRU,6.353825373696514
Glencore,2024-06-20,5.87,Random Walk,6.58
Glencore,2024-06-20,5.87,Random Walk + Drift,6.579447098976109
Glencore,2024-06-20,5.87,ARIMA,6.584568130844439
Glencore,2024-06-20,5.87,LASSO,6.569422544677713
Glencore,2024-06-20,5.87,Elastic Net,6.569422544677713
Glencore,2024-06-20,5.87,Random Forest,6.556918703703703
Glencore,2024-06-20,5.87,XGBoost,6.626954730037965
Glencore,2024-06-20,5.87,LightGBM,6.626954730037965
Glencore,2024-06-20,5.87,LSTM,6.510982423115356
Glencore,2024-06-20,5.87,GRU,6.4994243595355545
Glencore,2024-06-21,5.75,Random Walk,6.68
Glencore,2024-06-21,5.75,Random Walk + Drift,6.679481405663596
Glencore,2024-06-21,5.75,ARIMA,6.6733590606164475
Glencore,2024-06-21,5.75,LASSO,6.66403112215574
Glencore,2024-06-21,5.75,Elastic Net,6.66403112215574
Glencore,2024-06-21,5.75,Random Forest,6.54228515873016
Glencore,2024-06-21,5.75,XGBoost,6.676988960220994
Glencore,2024-06-21,5.75,LightGBM,6.676988960220994
Glencore,2024-06-21,5.75,LSTM,6.504181799948714
Glencore,2024-06-21,5.75,GRU,6.586335814436448
Glencore,2024-06-24,5.83,Random Walk,6.61
Glencore,2024-06-24,5.83,Random Walk + Drift,6.6094577080491135
Glencore,2024-06-24,5.83,ARIMA,6.596267579127326
Glencore,2024-06-24,5.83,LASSO,6.59484818822199
Glencore,2024-06-24,5.83,Elastic Net,6.59484818822199
Glencore,2024-06-24,5.83,Random Forest,6.59033597883597
Glencore,2024-06-24,5.83,XGBoost,6.631539086691469
Glencore,2024-06-24,5.83,LightGBM,6.631539086691469
Glencore,2024-06-24,5.83,LSTM,6.5455236909625105
Glencore,2024-06-24,5.83,GRU,6.567874973113989
Glencore,2024-06-25,5.76,Random Walk,6.63
Glencore,2024-06-25,5.76,Random Walk + Drift,6.62946471189908
Glencore,2024-06-25,5.76,ARIMA,6.630325301775591
Glencore,2024-06-25,5.76,LASSO,6.615587355544063
Glencore,2024-06-25,5.76,Elastic Net,6.615587355544063
Glencore,2024-06-25,5.76,Random Forest,6.566520687830686
Glencore,2024-06-25,5.76,XGBoost,6.622259947200903
Glencore,2024-06-25,5.76,LightGBM,6.622259947200903
Glencore,2024-06-25,5.76,LSTM,6.551992215682249
Glencore,2024-06-25,5.76,GRU,6.594845126723525
Glencore,2024-06-26,5.73,Random Walk,6.63
Glencore,2024-06-26,5.73,Random Walk + Drift,6.6294648943421945
Glencore,2024-06-26,5.73,ARIMA,6.627971426345036
Glencore,2024-06-26,5.73,LASSO,6.617937883781815
Glencore,2024-06-26,5.73,Elastic Net,6.617937883781815
Glencore,2024-06-26,5.73,Random Forest,6.583867817460313
Glencore,2024-06-26,5.73,XGBoost,6.497115541246506
Glencore,2024-06-26,5.73,LightGBM,6.497115541246506
Glencore,2024-06-26,5.73,LSTM,6.589069781181795
Glencore,2024-06-26,5.73,GRU,6.654426574215572
Glencore,2024-06-27,5.72,Random Walk,6.63
Glencore,2024-06-27,5.72,Random Walk + Drift,6.629465076660988
Glencore,2024-06-27,5.72,ARIMA,6.629115929517201
Glencore,2024-06-27,5.72,LASSO,6.619496219393818
Glencore,2024-06-27,5.72,Elastic Net,6.619496219393818
Glencore,2024-06-27,5.72,Random Forest,6.613981203703701
Glencore,2024-06-27,5.72,XGBoost,6.598944990946135
Glencore,2024-06-27,5.72,LightGBM,6.598944990946135
Glencore,2024-06-27,5.72,LSTM,6.589636077181372
Glencore,2024-06-27,5.72,GRU,6.617594973247373
Glencore,2024-06-28,5.7,Random Walk,6.59
Glencore,2024-06-28,5.7,Random Walk + Drift,6.589451634877384
Glencore,2024-06-28,5.7,ARIMA,6.588126685366671
Glencore,2024-06-28,5.7,LASSO,6.579171654873533
Glencore,2024-06-28,5.7,Elastic Net,6.579171654873533
Glencore,2024-06-28,5.7,Random Forest,6.588266626984129
Glencore,2024-06-28,5.7,XGBoost,6.546422189769182
Glencore,2024-06-28,5.7,LightGBM,6.546422189769182
Glencore,2024-06-28,5.7,LSTM,6.572898937877865
Glencore,2024-06-28,5.7,GRU,6.591306092768926
Glencore,2024-07-01,5.84,Random Walk,6.42
Glencore,2024-07-01,5.84,Random Walk + Drift,6.419393939393939
Glencore,2024-07-01,5.84,ARIMA,6.416493395860813
Glencore,2024-07-01,5.84,LASSO,6.412660365922425
Glencore,2024-07-01,5.84,Elastic Net,6.412660365922425
Glencore,2024-07-01,5.84,Random Forest,6.23643733044733
Glencore,2024-07-01,5.84,XGBoost,6.1639546382819415
Glencore,2024-07-01,5.84,LightGBM,6.1639546382819415
Glencore,2024-07-01,5.84,LSTM,6.499556676836245
Glencore,2024-07-01,5.84,GRU,6.4170817547434496
Glencore,2024-07-02,5.91,Random Walk,6.02
Glencore,2024-07-02,5.91,Random Walk + Drift,6.019257998638529
Glencore,2024-07-02,5.91,ARIMA,6.0176925754964214
Glencore,2024-07-02,5.91,LASSO,6.0197869712784655
Glencore,2024-07-02,5.91,Elastic Net,6.0197869712784655
Glencore,2024-07-02,5.91,Random Forest,5.882813611111112
Glencore,2024-07-02,5.91,XGBoost,5.811202038991804
Glencore,2024-07-02,5.91,LightGBM,5.811202038991804
Glencore,2024-07-02,5.91,LSTM,6.218344472245816
Glencore,2024-07-02,5.91,GRU,6.262624695972143
Glencore,2024-07-03,6.08,Random Walk,6.03
Glencore,2024-07-03,6.08,Random Walk + Drift,6.029261653623681
Glencore,2024-07-03,6.08,ARIMA,6.063198532841316
Glencore,2024-07-03,6.08,LASSO,6.029622510384808
Glencore,2024-07-03,6.08,Elastic Net,6.029622510384808
Glencore,2024-07-03,6.08,Random Forest,6.030330238095234
Glencore,2024-07-03,6.08,XGBoost,5.949340675867738
Glencore,2024-07-03,6.08,LightGBM,5.949340675867738
Glencore,2024-07-03,6.08,LSTM,6.104950351618905
Glencore,2024-07-03,6.08,GRU,6.093332746460273
Glencore,2024-07-04,6.13,Random Walk,6.27
Glencore,2024-07-04,6.13,Random Walk + Drift,6.269343537414966
Glencore,2024-07-04,6.13,ARIMA,6.293194533948848
Glencore,2024-07-04,6.13,LASSO,6.265005013699248
Glencore,2024-07-04,6.13,Elastic Net,6.265005013699248
Glencore,2024-07-04,6.13,Random Forest,6.288485081770083
Glencore,2024-07-04,6.13,XGBoost,6.326684198811208
Glencore,2024-07-04,6.13,LightGBM,6.326684198811208
Glencore,2024-07-04,6.13,LSTM,6.130089365674827
Glencore,2024-07-04,6.13,GRU,6.146146456464419
Glencore,2024-07-05,6.19,Random Walk,6.52
Glencore,2024-07-05,6.19,Random Walk + Drift,6.5194287657259435
Glencore,2024-07-05,6.19,ARIMA,6.520660122916683
Glencore,2024-07-05,6.19,LASSO,6.507412570170915
Glencore,2024-07-05,6.19,Elastic Net,6.507412570170915
Glencore,2024-07-05,6.19,Random Forest,6.458094788359788
Glencore,2024-07-05,6.19,XGBoost,6.380842920016194
Glencore,2024-07-05,6.19,LightGBM,6.380842920016194
Glencore,2024-07-05,6.19,LSTM,6.234986901333772
Glencore,2024-07-05,6.19,GRU,6.321445208125953
Glencore,2024-07-08,6.14,Random Walk,6.4
Glencore,2024-07-08,6.14,Random Walk + Drift,6.399388171312033
Glencore,2024-07-08,6.14,ARIMA,6.373425294337983
Glencore,2024-07-08,6.14,LASSO,6.3831931783915685
Glencore,2024-07-08,6.14,Elastic Net,6.3831931783915685
Glencore,2024-07-08,6.14,Random Forest,6.215728664021161
Glencore,2024-07-08,6.14,XGBoost,6.187765259056493
Glencore,2024-07-08,6.14,LightGBM,6.187765259056493
Glencore,2024-07-08,6.14,LSTM,6.266653087266894
Glencore,2024-07-08,6.14,GRU,6.383388370720008
Glencore,2024-07-09,6.09,Random Walk,6.41
Glencore,2024-07-09,6.09,Random Walk + Drift,6.409391777098199
Glencore,2024-07-09,6.09,ARIMA,6.408779915196541
Glencore,2024-07-09,6.09,LASSO,6.39318477134143
Glencore,2024-07-09,6.09,Elastic Net,6.39318477134143
Glencore,2024-07-09,6.09,Random Forest,6.359619179894175
Glencore,2024-07-09,6.09,XGBoost,6.318232338956111
Glencore,2024-07-09,6.09,LightGBM,6.318232338956111
Glencore,2024-07-09,6.09,LSTM,6.358566065986228
Glencore,2024-07-09,6.09,GRU,6.404349823058012
Glencore,2024-07-10,6.15,Random Walk,6.54
Glencore,2024-07-10,6.15,Random Walk + Drift,6.539436141304348
Glencore,2024-07-10,6.15,ARIMA,6.542487656649354
Glencore,2024-07-10,6.15,LASSO,6.524683481982921
Glencore,2024-07-10,6.15,Elastic Net,6.524683481982921
Glencore,2024-07-10,6.15,Random Forest,6.532722142857141
Glencore,2024-07-10,6.15,XGBoost,6.607757420100666
Glencore,2024-07-10,6.15,LightGBM,6.607757420100666
Glencore,2024-07-10,6.15,LSTM,6.421171172398246
Glencore,2024-07-10,6.15,GRU,6.464788253793548
Glencore,2024-07-11,6.18,Random Walk,6.73
Glencore,2024-07-11,6.18,Random Walk + Drift,6.729500848896435
Glencore,2024-07-11,6.18,ARIMA,6.727059050671582
Glencore,2024-07-11,6.18,LASSO,6.715142858998393
Glencore,2024-07-11,6.18,Elastic Net,6.715142858998393
Glencore,2024-07-11,6.18,Random Forest,6.60854048821549
Glencore,2024-07-11,6.18,XGBoost,6.75925991405029
Glencore,2024-07-11,6.18,LightGBM,6.75925991405029
Glencore,2024-07-11,6.18,LSTM,6.554113027847712
Glencore,2024-07-11,6.18,GRU,6.598746634185082
Glencore,2024-07-12,6.21,Random Walk,6.64
Glencore,2024-07-12,6.21,Random Walk + Drift,6.639470468431772
Glencore,2024-07-12,6.21,ARIMA,6.618410559741735
Glencore,2024-07-12,6.21,LASSO,6.624938741558706
Glencore,2024-07-12,6.21,Elastic Net,6.624938741558706
Glencore,2024-07-12,6.21,Random Forest,6.6908562698412695
Glencore,2024-07-12,6.21,XGBoost,6.686538313407534
Glencore,2024-07-12,6.21,LightGBM,6.686538313407534
Glencore,2024-07-12,6.21,LSTM,6.556459962837476
Glencore,2024-07-12,6.21,GRU,6.621421411672278
Glencore,2024-07-15,6.11,Random Walk,6.7
Glencore,2024-07-15,6.11,Random Walk + Drift,6.699491007804547
Glencore,2024-07-15,6.11,ARIMA,6.700616217666463
Glencore,2024-07-15,6.11,LASSO,6.684014055587616
Glencore,2024-07-15,6.11,Elastic Net,6.684014055587616
Glencore,2024-07-15,6.11,Random Forest,6.6860613492063505
Glencore,2024-07-15,6.11,XGBoost,6.660671944573014
Glencore,2024-07-15,6.11,LightGBM,6.660671944573014
Glencore,2024-07-15,6.11,LSTM,6.612507961817582
Glencore,2024-07-15,6.11,GRU,6.617186977099337
Glencore,2024-07-16,5.95,Random Walk,7.02
Glencore,2024-07-16,5.95,Random Walk + Drift,7.019599728629579
Glencore,2024-07-16,5.95,ARIMA,7.026377585358635
Glencore,2024-07-16,5.95,LASSO,7.000447009141544
Glencore,2024-07-16,5.95,Elastic Net,7.000447009141544
Glencore,2024-07-16,5.95,Random Forest,6.91400481481482
Glencore,2024-07-16,5.95,XGBoost,7.019664713455725
Glencore,2024-07-16,5.95,LightGBM,7.019664713455725
Glencore,2024-07-16,5.95,LSTM,6.733503845627329
Glencore,2024-07-16,5.95,GRU,6.815024968212457
Glencore,2024-07-17,5.96,Random Walk,6.89
Glencore,2024-07-17,5.96,Random Walk + Drift,6.8895557816208886
Glencore,2024-07-17,5.96,ARIMA,6.859332647919221
Glencore,2024-07-17,5.96,LASSO,6.875554933402862
Glencore,2024-07-17,5.96,Elastic Net,6.875554933402862
Glencore,2024-07-17,5.96,Random Forest,6.626069841269841
Glencore,2024-07-17,5.96,XGBoost,6.6329029665622405
Glencore,2024-07-17,5.96,LightGBM,6.6329029665622405
Glencore,2024-07-17,5.96,LSTM,6.858761584464302
Glencore,2024-07-17,5.96,GRU,6.877457939824351
Glencore,2024-07-18,5.84,Random Walk,7.03
Glencore,2024-07-18,5.84,Random Walk + Drift,7.029603389830509
Glencore,2024-07-18,5.84,ARIMA,7.034134719339033
Glencore,2024-07-18,5.84,LASSO,7.011709776370637
Glencore,2024-07-18,5.84,Elastic Net,7.011709776370637
Glencore,2024-07-18,5.84,Random Forest,6.915516931216925
Glencore,2024-07-18,5.84,XGBoost,7.041985504248504
Glencore,2024-07-18,5.84,LightGBM,7.041985504248504
Glencore,2024-07-18,5.84,LSTM,6.880501444667146
Glencore,2024-07-18,5.84,GRU,6.873138701302491
Glencore,2024-07-19,5.71,Random Walk,7.05
Glencore,2024-07-19,5.71,Random Walk + Drift,7.04961030159268
Glencore,2024-07-19,5.71,ARIMA,7.038373006999495
Glencore,2024-07-19,5.71,LASSO,7.032334540781196
Glencore,2024-07-19,5.71,Elastic Net,7.032334540781196
Glencore,2024-07-19,5.71,Random Forest,6.912267658730148
Glencore,2024-07-19,5.71,XGBoost,7.053984538232484
Glencore,2024-07-19,5.71,LightGBM,7.053984538232484
Glencore,2024-07-19,5.71,LSTM,6.911287089856799
Glencore,2024-07-19,5.71,GRU,6.894304149457903
Glencore,2024-07-22,5.73,Random Walk,6.87
Glencore,2024-07-22,5.73,Random Walk + Drift,6.86954945799458
Glencore,2024-07-22,5.73,ARIMA,6.856932418090863
Glencore,2024-07-22,5.73,LASSO,6.860462275050288
Glencore,2024-07-22,5.73,Elastic Net,6.860462275050288
Glencore,2024-07-22,5.73,Random Forest,6.639888968253969
Glencore,2024-07-22,5.73,XGBoost,6.664158511822509
Glencore,2024-07-22,5.73,LightGBM,6.664158511822509
Glencore,2024-07-22,5.73,LSTM,6.880811677929345
Glencore,2024-07-22,5.73,GRU,6.852050574877012
Glencore,2024-07-23,5.59,Random Walk,6.83
Glencore,2024-07-23,5.59,Random Walk + Drift,6.829536065018625
Glencore,2024-07-23,5.59,ARIMA,6.837704993525331
Glencore,2024-07-23,5.59,LASSO,6.819188611584872
Glencore,2024-07-23,5.59,Elastic Net,6.819188611584872
Glencore,2024-07-23,5.59,Random Forest,6.662762447089948
Glencore,2024-07-23,5.59,XGBoost,6.6012759637572564
Glencore,2024-07-23,5.59,LightGBM,6.6012759637572564
Glencore,2024-07-23,5.59,LSTM,6.798676847123765
Glencore,2024-07-23,5.59,GRU,6.844159562929917
Glencore,2024-07-24,5.59,Random Walk,6.72
Glencore,2024-07-24,5.59,Random Walk + Drift,6.7194989844278945
Glencore,2024-07-24,5.59,ARIMA,6.721356498641551
Glencore,2024-07-24,5.59,LASSO,6.713356839308796
Glencore,2024-07-24,5.59,Elastic Net,6.713356839308796
Glencore,2024-07-24,5.59,Random Forest,6.529128253968254
Glencore,2024-07-24,5.59,XGBoost,6.619359564000576
Glencore,2024-07-24,5.59,LightGBM,6.619359564000576
Glencore,2024-07-24,5.59,LSTM,6.760057159793214
Glencore,2024-07-24,5.59,GRU,6.750269075856743
Glencore,2024-07-25,5.56,Random Walk,6.7
Glencore,2024-07-25,5.56,Random Walk + Drift,6.699492385786802
Glencore,2024-07-25,5.56,ARIMA,6.710068010219865
Glencore,2024-07-25,5.56,LASSO,6.694043291738819
Glencore,2024-07-25,5.56,Elastic Net,6.694043291738819
Glencore,2024-07-25,5.56,Random Forest,6.512171349206356
Glencore,2024-07-25,5.56,XGBoost,6.550638400006779
Glencore,2024-07-25,5.56,LightGBM,6.550638400006779
Glencore,2024-07-25,5.56,LSTM,6.727549360596347
Glencore,2024-07-25,5.56,GRU,6.683771075309927
Glencore,2024-07-26,5.58,Random Walk,6.69
Glencore,2024-07-26,5.58,Random Walk + Drift,6.689489174560217
Glencore,2024-07-26,5.58,ARIMA,6.695681821492353
Glencore,2024-07-26,5.58,LASSO,6.681453016091343
Glencore,2024-07-26,5.58,Elastic Net,6.681453016091343
Glencore,2024-07-26,5.58,Random Forest,6.57006138888889
Glencore,2024-07-26,5.58,XGBoost,6.6246467627228025
Glencore,2024-07-26,5.58,LightGBM,6.6246467627228025
Glencore,2024-07-26,5.58,LSTM,6.685480252404926
Glencore,2024-07-26,5.58,GRU,6.656141232145482
Glencore,2024-07-29,5.5,Random Walk,6.57
Glencore,2024-07-29,5.5,Random Walk + Drift,6.5694487656408525
Glencore,2024-07-29,5.5,ARIMA,6.569646627801938
Glencore,2024-07-29,5.5,LASSO,6.5630206571341345
Glencore,2024-07-29,5.5,Elastic Net,6.5630206571341345
Glencore,2024-07-29,5.5,Random Forest,6.464079012746514
Glencore,2024-07-29,5.5,XGBoost,6.59660771357296
Glencore,2024-07-29,5.5,LightGBM,6.59660771357296
Glencore,2024-07-29,5.5,LSTM,6.507466442488573
Glencore,2024-07-29,5.5,GRU,6.612654491630812
Glencore,2024-07-30,5.35,Random Walk,6.62
Glencore,2024-07-30,5.35,Random Walk + Drift,6.619465855307641
Glencore,2024-07-30,5.35,ARIMA,6.632657143027441
Glencore,2024-07-30,5.35,LASSO,6.610447511735032
Glencore,2024-07-30,5.35,Elastic Net,6.610447511735032
Glencore,2024-07-30,5.35,Random Forest,6.551966082251076
Glencore,2024-07-30,5.35,XGBoost,6.528579489080905
Glencore,2024-07-30,5.35,LightGBM,6.528579489080905
Glencore,2024-07-30,5.35,LSTM,6.547264877771731
Glencore,2024-07-30,5.35,GRU,6.582894733543843
Glencore,2024-07-31,5.53,Random Walk,6.57
Glencore,2024-07-31,5.53,Random Walk + Drift,6.569449138222373
Glencore,2024-07-31,5.53,ARIMA,6.56899278699745
Glencore,2024-07-31,5.53,LASSO,6.561071263987232
Glencore,2024-07-31,5.53,Elastic Net,6.561071263987232
Glencore,2024-07-31,5.53,Random Forest,6.5389978944203895
Glencore,2024-07-31,5.53,XGBoost,6.540330553089093
Glencore,2024-07-31,5.53,LightGBM,6.540330553089093
Glencore,2024-07-31,5.53,LSTM,6.534523533891895
Glencore,2024-07-31,5.53,GRU,6.574806727563512
Glencore,2024-08-01,5.29,Random Walk,6.59
Glencore,2024-08-01,5.29,Random Walk + Drift,6.589456081081081
Glencore,2024-08-01,5.29,ARIMA,6.5958143574212045
Glencore,2024-08-01,5.29,LASSO,6.5805681118265085
Glencore,2024-08-01,5.29,Elastic Net,6.5805681118265085
Glencore,2024-08-01,5.29,Random Forest,6.553750555555549
Glencore,2024-08-01,5.29,XGBoost,6.507166312734185
Glencore,2024-08-01,5.29,LightGBM,6.507166312734185
Glencore,2024-08-01,5.29,LSTM,6.5625504334910385
Glencore,2024-08-01,5.29,GRU,6.574405825088277
Glencore,2024-08-02,5.18,Random Walk,6.47
Glencore,2024-08-02,5.18,Random Walk + Drift,6.469415737926376
Glencore,2024-08-02,5.18,ARIMA,6.466151858417976
Glencore,2024-08-02,5.18,LASSO,6.460945877343707
Glencore,2024-08-02,5.18,Elastic Net,6.460945877343707
Glencore,2024-08-02,5.18,Random Forest,6.219315105820109
Glencore,2024-08-02,5.18,XGBoost,6.209002963899944
Glencore,2024-08-02,5.18,LightGBM,6.209002963899944
Glencore,2024-08-02,5.18,LSTM,6.5054161650768325
Glencore,2024-08-02,5.18,GRU,6.527950787520512
Glencore,2024-08-05,5.0,Random Walk,6.54
Glencore,2024-08-05,5.0,Random Walk + Drift,6.539439567859555
Glencore,2024-08-05,5.0,ARIMA,6.551779572375907
Glencore,2024-08-05,5.0,LASSO,6.530428927611087
Glencore,2024-08-05,5.0,Elastic Net,6.530428927611087
Glencore,2024-08-05,5.0,Random Forest,6.514348611111109
Glencore,2024-08-05,5.0,XGBoost,6.5841550112962475
Glencore,2024-08-05,5.0,LightGBM,6.5841550112962475
Glencore,2024-08-05,5.0,LSTM,6.527683542875041
Glencore,2024-08-05,5.0,GRU,6.572563578918593
Glencore,2024-08-06,4.99,Random Walk,6.51
Glencore,2024-08-06,4.99,Random Walk + Drift,6.509429632129598
Glencore,2024-08-06,4.99,ARIMA,6.5074818130505605
Glencore,2024-08-06,4.99,LASSO,6.500234164364297
Glencore,2024-08-06,4.99,Elastic Net,6.500234164364297
Glencore,2024-08-06,4.99,Random Forest,6.51125583333333
Glencore,2024-08-06,4.99,XGBoost,6.506503880790128
Glencore,2024-08-06,4.99,LightGBM,6.506503880790128
Glencore,2024-08-06,4.99,LSTM,6.481102883272408
Glencore,2024-08-06,4.99,GRU,6.508291763222361
Glencore,2024-08-07,5.13,Random Walk,6.29
Glencore,2024-08-07,5.13,Random Walk + Drift,6.289355600539811
Glencore,2024-08-07,5.13,ARIMA,6.284556343440912
Glencore,2024-08-07,5.13,LASSO,6.28459048423705
Glencore,2024-08-07,5.13,Elastic Net,6.28459048423705
Glencore,2024-08-07,5.13,Random Forest,6.2457353571428555
Glencore,2024-08-07,5.13,XGBoost,6.1955769600233905
Glencore,2024-08-07,5.13,LightGBM,6.1955769600233905
Glencore,2024-08-07,5.13,LSTM,6.395459653636289
Glencore,2024-08-07,5.13,GRU,6.424688045692914
Glencore,2024-08-08,5.14,Random Walk,6.09
Glencore,2024-08-08,5.14,Random Walk + Drift,6.089288364249578
Glencore,2024-08-08,5.14,ARIMA,6.098837376147882
Glencore,2024-08-08,5.14,LASSO,6.086308929117706
Glencore,2024-08-08,5.14,Elastic Net,6.086308929117706
Glencore,2024-08-08,5.14,Random Forest,6.0728376190476165
Glencore,2024-08-08,5.14,XGBoost,6.056089053169773
Glencore,2024-08-08,5.14,LightGBM,6.056089053169773
Glencore,2024-08-08,5.14,LSTM,6.327966477088459
Glencore,2024-08-08,5.14,GRU,6.1744662744948275
Glencore,2024-08-09,5.17,Random Walk,6.17
Glencore,2024-08-09,5.17,Random Walk + Drift,6.169315576534053
Glencore,2024-08-09,5.17,ARIMA,6.193551163504561
Glencore,2024-08-09,5.17,LASSO,6.16597351454141
Glencore,2024-08-09,5.17,Elastic Net,6.16597351454141
Glencore,2024-08-09,5.17,Random Forest,6.2715673941798915
Glencore,2024-08-09,5.17,XGBoost,6.240068982997487
Glencore,2024-08-09,5.17,LightGBM,6.240068982997487
Glencore,2024-08-09,5.17,LSTM,6.168067046408355
Glencore,2024-08-09,5.17,GRU,6.228322113014239
Glencore,2024-08-12,5.24,Random Walk,6.19
Glencore,2024-08-12,5.24,Random Walk + Drift,6.189322548028311
Glencore,2024-08-12,5.24,ARIMA,6.194197212263085
Glencore,2024-08-12,5.24,LASSO,6.185185312012919
Glencore,2024-08-12,5.24,Elastic Net,6.185185312012919
Glencore,2024-08-12,5.24,Random Forest,6.261858386243381
Glencore,2024-08-12,5.24,XGBoost,6.218689079502256
Glencore,2024-08-12,5.24,LightGBM,6.218689079502256
Glencore,2024-08-12,5.24,LSTM,6.162717679720297
Glencore,2024-08-12,5.24,GRU,6.189874608511823
Glencore,2024-08-13,5.21,Random Walk,6.02
Glencore,2024-08-13,5.21,Random Walk + Drift,6.019265498652291
Glencore,2024-08-13,5.21,ARIMA,6.015370987387961
Glencore,2024-08-13,5.21,LASSO,6.014947273381656
Glencore,2024-08-13,5.21,Elastic Net,6.014947273381656
Glencore,2024-08-13,5.21,Random Forest,5.948567592592591
Glencore,2024-08-13,5.21,XGBoost,5.872824917529738
Glencore,2024-08-13,5.21,LightGBM,5.872824917529738
Glencore,2024-08-13,5.21,LSTM,6.064334894454806
Glencore,2024-08-13,5.21,GRU,6.087442599258813
Glencore,2024-08-14,5.17,Random Walk,6.0
Glencore,2024-08-14,5.17,Random Walk + Drift,5.999259009767599
Glencore,2024-08-14,5.17,ARIMA,6.012414872208986
Glencore,2024-08-14,5.17,LASSO,5.992421560910097
Glencore,2024-08-14,5.17,Elastic Net,5.992421560910097
Glencore,2024-08-14,5.17,Random Forest,5.972676997354494
Glencore,2024-08-14,5.17,XGBoost,5.903553813328123
Glencore,2024-08-14,5.17,LightGBM,5.903553813328123
Glencore,2024-08-14,5.17,LSTM,6.101328670062393
Glencore,2024-08-14,5.17,GRU,6.0577562957969215
Glencore,2024-08-15,5.25,Random Walk,6.05
Glencore,2024-08-15,5.25,Random Walk + Drift,6.049276094276094
Glencore,2024-08-15,5.25,ARIMA,6.058129839154404
Glencore,2024-08-15,5.25,LASSO,6.042673014258239
Glencore,2024-08-15,5.25,Elastic Net,6.042673014258239
Glencore,2024-08-15,5.25,Random Forest,6.01282898148148
Glencore,2024-08-15,5.25,XGBoost,6.047376192786989
Glencore,2024-08-15,5.25,LightGBM,6.047376192786989
Glencore,2024-08-15,5.25,LSTM,6.046393776465488
Glencore,2024-08-15,5.25,GRU,6.001317990782683
Glencore,2024-08-16,5.23,Random Walk,6.17
Glencore,2024-08-16,5.23,Random Walk + Drift,6.169316728374285
Glencore,2024-08-16,5.23,ARIMA,6.17441157568823
Glencore,2024-08-16,5.23,LASSO,6.160793897924936
Glencore,2024-08-16,5.23,Elastic Net,6.160793897924936
Glencore,2024-08-16,5.23,Random Forest,6.23749765873016
Glencore,2024-08-16,5.23,XGBoost,6.200633918757227
Glencore,2024-08-16,5.23,LightGBM,6.200633918757227
Glencore,2024-08-16,5.23,LSTM,6.023884195222637
Glencore,2024-08-16,5.23,GRU,6.097841556379875
Glencore,2024-08-19,5.39,Random Walk,6.01
Glencore,2024-08-19,5.39,Random Walk + Drift,6.009263122476447
Glencore,2024-08-19,5.39,ARIMA,5.9959258284478345
Glencore,2024-08-19,5.39,LASSO,6.00124369083737
Glencore,2024-08-19,5.39,Elastic Net,6.00124369083737
Glencore,2024-08-19,5.39,Random Forest,5.976911402116403
Glencore,2024-08-19,5.39,XGBoost,5.929066484048237
Glencore,2024-08-19,5.39,LightGBM,5.929066484048237
Glencore,2024-08-19,5.39,LSTM,6.106057142222093
Glencore,2024-08-19,5.39,GRU,6.086831372738049
Glencore,2024-08-20,5.34,Random Walk,5.87
Glencore,2024-08-20,5.34,Random Walk + Drift,5.869216279852002
Glencore,2024-08-20,5.34,ARIMA,5.873388439083591
Glencore,2024-08-20,5.34,LASSO,5.863530037083764
Glencore,2024-08-20,5.34,Elastic Net,5.863530037083764
Glencore,2024-08-20,5.34,Random Forest,5.99390872294372
Glencore,2024-08-20,5.34,XGBoost,5.9329116582823005
Glencore,2024-08-20,5.34,LightGBM,5.9329116582823005
Glencore,2024-08-20,5.34,LSTM,5.960359547239781
Glencore,2024-08-20,5.34,GRU,5.931328209896224
Glencore,2024-08-21,5.41,Random Walk,5.85
Glencore,2024-08-21,5.41,Random Walk + Drift,5.8492098184263615
Glencore,2024-08-21,5.41,ARIMA,5.861797002549003
Glencore,2024-08-21,5.41,LASSO,5.844627900708139
Glencore,2024-08-21,5.41,Elastic Net,5.844627900708139
Glencore,2024-08-21,5.41,Random Forest,5.95549147537647
Glencore,2024-08-21,5.41,XGBoost,5.981826328054855
Glencore,2024-08-21,5.41,LightGBM,5.981826328054855
Glencore,2024-08-21,5.41,LSTM,5.948421083360374
Glencore,2024-08-21,5.41,GRU,5.916946733006586
Glencore,2024-08-22,5.3,Random Walk,5.75
Glencore,2024-08-22,5.3,Random Walk + Drift,5.749176470588235
Glencore,2024-08-22,5.3,ARIMA,5.752772774778456
Glencore,2024-08-22,5.3,LASSO,5.748144710459804
Glencore,2024-08-22,5.3,Elastic Net,5.748144710459804
Glencore,2024-08-22,5.3,Random Forest,5.817668888888884
Glencore,2024-08-22,5.3,XGBoost,5.817870727407429
Glencore,2024-08-22,5.3,LightGBM,5.817870727407429
Glencore,2024-08-22,5.3,LSTM,5.798561861309802
Glencore,2024-08-22,5.3,GRU,5.801884787284936
Glencore,2024-08-23,5.43,Random Walk,5.88
Glencore,2024-08-23,5.43,Random Walk + Drift,5.879220430107527
Glencore,2024-08-23,5.43,ARIMA,5.895600729183747
Glencore,2024-08-23,5.43,LASSO,5.873523054174358
Glencore,2024-08-23,5.43,Elastic Net,5.873523054174358
Glencore,2024-08-23,5.43,Random Forest,5.973745634920624
Glencore,2024-08-23,5.43,XGBoost,5.932782938820439
Glencore,2024-08-23,5.43,LightGBM,5.932782938820439
Glencore,2024-08-23,5.43,LSTM,5.805579819926992
Glencore,2024-08-23,5.43,GRU,5.831360103857902
Glencore,2024-08-27,5.44,Random Walk,5.87
Glencore,2024-08-27,5.44,Random Walk + Drift,5.869217332885455
Glencore,2024-08-27,5.44,ARIMA,5.864718378526994
Glencore,2024-08-27,5.44,LASSO,5.861650570817237
Glencore,2024-08-27,5.44,Elastic Net,5.861650570817237
Glencore,2024-08-27,5.44,Random Forest,5.955682539682542
Glencore,2024-08-27,5.44,XGBoost,5.897172290159121
Glencore,2024-08-27,5.44,LightGBM,5.897172290159121
Glencore,2024-08-27,5.44,LSTM,5.864268845984162
Glencore,2024-08-27,5.44,GRU,5.82305836812456
Glencore,2024-08-28,5.34,Random Walk,6.08
Glencore,2024-08-28,5.34,Random Walk + Drift,6.079288112827401
Glencore,2024-08-28,5.34,ARIMA,6.087755426012147
Glencore,2024-08-28,5.34,LASSO,6.067448843455334
Glencore,2024-08-28,5.34,Elastic Net,6.067448843455334
Glencore,2024-08-28,5.34,Random Forest,6.109910251322751
Glencore,2024-08-28,5.34,XGBoost,6.112750349315135
Glencore,2024-08-28,5.34,LightGBM,6.112750349315135
Glencore,2024-08-28,5.34,LSTM,5.965940966267009
Glencore,2024-08-28,5.34,GRU,5.9712961813406
Glencore,2024-08-29,5.27,Random Walk,6.01
Glencore,2024-08-29,5.27,Random Walk + Drift,6.009264853977845
Glencore,2024-08-29,5.27,ARIMA,5.992094237189022
Glencore,2024-08-29,5.27,LASSO,5.997264718371496
Glencore,2024-08-29,5.27,Elastic Net,5.997264718371496
Glencore,2024-08-29,5.27,Random Forest,5.9452040476190495
Glencore,2024-08-29,5.27,XGBoost,5.927582820438277
Glencore,2024-08-29,5.27,LightGBM,5.927582820438277
Glencore,2024-08-29,5.27,LSTM,6.025418707506143
Glencore,2024-08-29,5.27,GRU,6.049351624508152
Glencore,2024-08-30,5.26,Random Walk,6.21
Glencore,2024-08-30,5.26,Random Walk + Drift,6.209332214765101
Glencore,2024-08-30,5.26,ARIMA,6.216226407541544
Glencore,2024-08-30,5.26,LASSO,6.19561675900209
Glencore,2024-08-30,5.26,Elastic Net,6.19561675900209
Glencore,2024-08-30,5.26,Random Forest,6.230484933862438
Glencore,2024-08-30,5.26,XGBoost,6.241114447915324
Glencore,2024-08-30,5.26,LightGBM,6.241114447915324
Glencore,2024-08-30,5.26,LSTM,6.087885197324462
Glencore,2024-08-30,5.26,GRU,6.128626573658272
Glencore,2024-09-02,5.26,Random Walk,5.95
Glencore,2024-09-02,5.26,Random Walk + Drift,5.949245219724925
Glencore,2024-09-02,5.26,ARIMA,5.925871297673886
Glencore,2024-09-02,5.26,LASSO,5.940143298487171
Glencore,2024-09-02,5.26,Elastic Net,5.940143298487171
Glencore,2024-09-02,5.26,Random Forest,5.9062380555555505
Glencore,2024-09-02,5.26,XGBoost,5.971448860717077
Glencore,2024-09-02,5.26,LightGBM,5.971448860717077
Glencore,2024-09-02,5.26,LSTM,6.070658394598311
Glencore,2024-09-02,5.26,GRU,6.055284447011841
Glencore,2024-09-03,5.04,Random Walk,5.59
Glencore,2024-09-03,5.04,Random Walk + Drift,5.589124748490946
Glencore,2024-09-03,5.04,ARIMA,5.588566592054909
Glencore,2024-09-03,5.04,LASSO,5.590233966990584
Glencore,2024-09-03,5.04,Elastic Net,5.590233966990584
Glencore,2024-09-03,5.04,Random Forest,5.5413899206349235
Glencore,2024-09-03,5.04,XGBoost,5.584234789243784
Glencore,2024-09-03,5.04,LightGBM,5.584234789243784
Glencore,2024-09-03,5.04,LSTM,5.883000566445546
Glencore,2024-09-03,5.04,GRU,5.794971501271397
Glencore,2024-09-04,5.0,Random Walk,5.68
Glencore,2024-09-04,5.0,Random Walk + Drift,5.679155212872947
Glencore,2024-09-04,5.0,ARIMA,5.713183259216784
Glencore,2024-09-04,5.0,LASSO,5.677554438077413
Glencore,2024-09-04,5.0,Elastic Net,5.677554438077413
Glencore,2024-09-04,5.0,Random Forest,5.740655846560853
Glencore,2024-09-04,5.0,XGBoost,5.7288696338121605
Glencore,2024-09-04,5.0,LightGBM,5.7288696338121605
Glencore,2024-09-04,5.0,LSTM,5.729486845434538
Glencore,2024-09-04,5.0,GRU,5.646302665533239
Glencore,2024-09-05,5.0,Random Walk,5.56
Glencore,2024-09-05,5.0,Random Walk + Drift,5.55911528150134
Glencore,2024-09-05,5.0,ARIMA,5.561609144257964
Glencore,2024-09-05,5.0,LASSO,5.562811901752668
Glencore,2024-09-05,5.0,Elastic Net,5.562811901752668
Glencore,2024-09-05,5.0,Random Forest,5.478098333333337
Glencore,2024-09-05,5.0,XGBoost,5.610322563795867
Glencore,2024-09-05,5.0,LightGBM,5.610322563795867
Glencore,2024-09-05,5.0,LSTM,5.570927143574378
Glencore,2024-09-05,5.0,GRU,5.586172989664261
Glencore,2024-09-06,4.82,Random Walk,5.61
Glencore,2024-09-06,4.82,Random Walk + Drift,5.609132328308208
Glencore,2024-09-06,4.82,ARIMA,5.624563010345809
Glencore,2024-09-06,4.82,LASSO,5.6079569224225985
Glencore,2024-09-06,4.82,Elastic Net,5.6079569224225985
Glencore,2024-09-06,4.82,Random Forest,5.6133969576719585
Glencore,2024-09-06,4.82,XGBoost,5.653235108663559
Glencore,2024-09-06,4.82,LightGBM,5.653235108663559
Glencore,2024-09-06,4.82,LSTM,5.540458435570026
Glencore,2024-09-06,4.82,GRU,5.559322448403972
Glencore,2024-09-09,4.84,Random Walk,5.51
Glencore,2024-09-09,4.84,Random Walk + Drift,5.509099129269926
Glencore,2024-09-09,4.84,ARIMA,5.5086389543190375
Glencore,2024-09-09,4.84,LASSO,5.504328004561119
Glencore,2024-09-09,4.84,Elastic Net,5.504328004561119
Glencore,2024-09-09,4.84,Random Forest,5.580798941798943
Glencore,2024-09-09,4.84,XGBoost,5.632098607382148
Glencore,2024-09-09,4.84,LightGBM,5.632098607382148
Glencore,2024-09-09,4.84,LSTM,5.5715517329995725
Glencore,2024-09-09,4.84,GRU,5.496328648625695
Glencore,2024-09-10,4.75,Random Walk,5.53
Glencore,2024-09-10,4.75,Random Walk + Drift,5.529106126548377
Glencore,2024-09-10,4.75,ARIMA,5.539813188779455
Glencore,2024-09-10,4.75,LASSO,5.525312984625615
Glencore,2024-09-10,4.75,Elastic Net,5.525312984625615
Glencore,2024-09-10,4.75,Random Forest,5.57755353174603
Glencore,2024-09-10,4.75,XGBoost,5.584711530852791
Glencore,2024-09-10,4.75,LightGBM,5.584711530852791
Glencore,2024-09-10,4.75,LSTM,5.525403628615775
Glencore,2024-09-10,4.75,GRU,5.520465129836855
Glencore,2024-09-11,4.73,Random Walk,4.9
Glencore,2024-09-11,4.73,Random Walk + Drift,4.898895582329318
Glencore,2024-09-11,4.73,ARIMA,4.879894267065146
Glencore,2024-09-11,4.73,LASSO,4.905341538652443
Glencore,2024-09-11,4.73,Elastic Net,4.905341538652443
Glencore,2024-09-11,4.73,Random Forest,4.885319100529101
Glencore,2024-09-11,4.73,XGBoost,5.007241578678133
Glencore,2024-09-11,4.73,LightGBM,5.007241578678133
Glencore,2024-09-11,4.73,LSTM,5.282075415541024
Glencore,2024-09-11,4.73,GRU,5.22669679005571
Glencore,2024-09-12,4.89,Random Walk,5.05
Glencore,2024-09-12,4.89,Random Walk + Drift,5.048946135831382
Glencore,2024-09-12,4.89,ARIMA,5.097877143346196
Glencore,2024-09-12,4.89,LASSO,5.053732383055146
Glencore,2024-09-12,4.89,Elastic Net,5.053732383055146
Glencore,2024-09-12,4.89,Random Forest,5.03708818783069
Glencore,2024-09-12,4.89,XGBoost,5.070737056661904
Glencore,2024-09-12,4.89,LightGBM,5.070737056661904
Glencore,2024-09-12,4.89,LSTM,5.122235720437527
Glencore,2024-09-12,4.89,GRU,5.080386494272206
Glencore,2024-09-13,4.95,Random Walk,5.19
Glencore,2024-09-13,4.95,Random Walk + Drift,5.18899331103679
Glencore,2024-09-13,4.95,ARIMA,5.203971768856796
Glencore,2024-09-13,4.95,LASSO,5.189609137199742
Glencore,2024-09-13,4.95,Elastic Net,5.189609137199742
Glencore,2024-09-13,4.95,Random Forest,5.202602936507931
Glencore,2024-09-13,4.95,XGBoost,5.1609299181090815
Glencore,2024-09-13,4.95,LightGBM,5.1609299181090815
Glencore,2024-09-13,4.95,LSTM,5.068587900984502
Glencore,2024-09-13,4.95,GRU,5.083641111344472
Glencore,2024-09-16,4.99,Random Walk,5.44
Glencore,2024-09-16,4.99,Random Walk + Drift,5.4390772316950855
Glencore,2024-09-16,4.99,ARIMA,5.443749552798548
Glencore,2024-09-16,4.99,LASSO,5.434799138585394
Glencore,2024-09-16,4.99,Elastic Net,5.434799138585394
Glencore,2024-09-16,4.99,Random Forest,5.391442817460316
Glencore,2024-09-16,4.99,XGBoost,5.4025054856685095
Glencore,2024-09-16,4.99,LightGBM,5.4025054856685095
Glencore,2024-09-16,4.99,LSTM,5.195729793121142
Glencore,2024-09-16,4.99,GRU,5.2365203433141225
Glencore,2024-09-17,4.99,Random Walk,5.4
Glencore,2024-09-17,4.99,Random Walk + Drift,5.399064171122995
Glencore,2024-09-17,4.99,ARIMA,5.378996626424379
Glencore,2024-09-17,4.99,LASSO,5.384978850417372
Glencore,2024-09-17,4.99,Elastic Net,5.384978850417372
Glencore,2024-09-17,4.99,Random Forest,5.3697070238095215
Glencore,2024-09-17,4.99,XGBoost,5.371029307038229
Glencore,2024-09-17,4.99,LightGBM,5.371029307038229
Glencore,2024-09-17,4.99,LSTM,5.326891792695194
Glencore,2024-09-17,4.99,GRU,5.389982111776234
Glencore,2024-09-18,5.02,Random Walk,5.44
Glencore,2024-09-18,5.02,Random Walk + Drift,5.4390778483127304
Glencore,2024-09-18,5.02,ARIMA,5.434398530606366
Glencore,2024-09-18,5.02,LASSO,5.426794308759328
Glencore,2024-09-18,5.02,Elastic Net,5.426794308759328
Glencore,2024-09-18,5.02,Random Forest,5.472132063492061
Glencore,2024-09-18,5.02,XGBoost,5.434260629926378
Glencore,2024-09-18,5.02,LightGBM,5.434260629926378
Glencore,2024-09-18,5.02,LSTM,5.471195835802161
Glencore,2024-09-18,5.02,GRU,5.454259227842314
Glencore,2024-09-19,5.16,Random Walk,5.47
Glencore,2024-09-19,5.16,Random Walk + Drift,5.469088176352705
Glencore,2024-09-19,5.16,ARIMA,5.465269793161317
Glencore,2024-09-19,5.16,LASSO,5.45860464006715
Glencore,2024-09-19,5.16,Elastic Net,5.45860464006715
Glencore,2024-09-19,5.16,Random Forest,5.529324537037033
Glencore,2024-09-19,5.16,XGBoost,5.477904633795509
Glencore,2024-09-19,5.16,LightGBM,5.477904633795509
Glencore,2024-09-19,5.16,LSTM,5.437877881560402
Glencore,2024-09-19,5.16,GRU,5.488787581979341
Glencore,2024-09-20,5.04,Random Walk,5.34
Glencore,2024-09-20,5.04,Random Walk + Drift,5.339045075125209
Glencore,2024-09-20,5.04,ARIMA,5.3308855214259765
Glencore,2024-09-20,5.04,LASSO,5.33549579097927
Glencore,2024-09-20,5.04,Elastic Net,5.33549579097927
Glencore,2024-09-20,5.04,Random Forest,5.346656984126983
Glencore,2024-09-20,5.04,XGBoost,5.332499351200909
Glencore,2024-09-20,5.04,LightGBM,5.332499351200909
Glencore,2024-09-20,5.04,LSTM,5.405958575237599
Glencore,2024-09-20,5.04,GRU,5.413824076331895
Glencore,2024-09-23,5.14,Random Walk,5.44
Glencore,2024-09-23,5.14,Random Walk + Drift,5.439078771695595
Glencore,2024-09-23,5.14,ARIMA,5.449662102779133
Glencore,2024-09-23,5.14,LASSO,5.432713898567087
Glencore,2024-09-23,5.14,Elastic Net,5.432713898567087
Glencore,2024-09-23,5.14,Random Forest,5.431198730158738
Glencore,2024-09-23,5.14,XGBoost,5.418655313585921
Glencore,2024-09-23,5.14,LightGBM,5.418655313585921
Glencore,2024-09-23,5.14,LSTM,5.442928652703134
Glencore,2024-09-23,5.14,GRU,5.3860679839541685
Glencore,2024-09-24,5.36,Random Walk,5.58
Glencore,2024-09-24,5.36,Random Walk + Drift,5.579125792459126
Glencore,2024-09-24,5.36,ARIMA,5.58133032911738
Glencore,2024-09-24,5.36,LASSO,5.570428285979137
Glencore,2024-09-24,5.36,Elastic Net,5.570428285979137
Glencore,2024-09-24,5.36,Random Forest,5.599657089947087
Glencore,2024-09-24,5.36,XGBoost,5.561447054357178
Glencore,2024-09-24,5.36,LightGBM,5.561447054357178
Glencore,2024-09-24,5.36,LSTM,5.521884885136615
Glencore,2024-09-24,5.36,GRU,5.486328855384136
Glencore,2024-09-25,5.37,Random Walk,5.65
Glencore,2024-09-25,5.37,Random Walk + Drift,5.649149432955304
Glencore,2024-09-25,5.37,ARIMA,5.6409113537483115
Glencore,2024-09-25,5.37,LASSO,5.639457377180554
Glencore,2024-09-25,5.37,Elastic Net,5.639457377180554
Glencore,2024-09-25,5.37,Random Forest,5.646692804232804
Glencore,2024-09-25,5.37,XGBoost,5.681345198430967
Glencore,2024-09-25,5.37,LightGBM,5.681345198430967
Glencore,2024-09-25,5.37,LSTM,5.591263026151221
Glencore,2024-09-25,5.37,GRU,5.5570765589751785
Glencore,2024-09-26,5.68,Random Walk,5.7
Glencore,2024-09-26,5.68,Random Walk + Drift,5.699166388796265
Glencore,2024-09-26,5.68,ARIMA,5.691293238690048
Glencore,2024-09-26,5.68,LASSO,5.6863234142535255
Glencore,2024-09-26,5.68,Elastic Net,5.6863234142535255
Glencore,2024-09-26,5.68,Random Forest,5.754115666185666
Glencore,2024-09-26,5.68,XGBoost,5.68667465964743
Glencore,2024-09-26,5.68,LightGBM,5.68667465964743
Glencore,2024-09-26,5.68,LSTM,5.601325040812426
Glencore,2024-09-26,5.68,GRU,5.663866700245693
Glencore,2024-09-27,5.71,Random Walk,5.65
Glencore,2024-09-27,5.71,Random Walk + Drift,5.649150000000001
Glencore,2024-09-27,5.71,ARIMA,5.640226479981666
Glencore,2024-09-27,5.71,LASSO,5.639023977208327
Glencore,2024-09-27,5.71,Elastic Net,5.639023977208327
Glencore,2024-09-27,5.71,Random Forest,5.690393928571425
Glencore,2024-09-27,5.71,XGBoost,5.701017617858128
Glencore,2024-09-27,5.71,LightGBM,5.701017617858128
Glencore,2024-09-27,5.71,LSTM,5.697073153819282
Glencore,2024-09-27,5.71,GRU,5.685416527169327
Glencore,2024-09-30,5.72,Random Walk,5.54
Glencore,2024-09-30,5.72,Random Walk + Drift,5.539113628790403
Glencore,2024-09-30,5.72,ARIMA,5.536010920518314
Glencore,2024-09-30,5.72,LASSO,5.533671479686145
Glencore,2024-09-30,5.72,Elastic Net,5.533671479686145
Glencore,2024-09-30,5.72,Random Forest,5.468588134920639
Glencore,2024-09-30,5.72,XGBoost,5.568008783776022
Glencore,2024-09-30,5.72,LightGBM,5.568008783776022
Glencore,2024-09-30,5.72,LSTM,5.62821640812195
Glencore,2024-09-30,5.72,GRU,5.641004879734541
Glencore,2024-10-01,5.7,Random Walk,5.67
Glencore,2024-10-01,5.7,Random Walk + Drift,5.669157228514324
Glencore,2024-10-01,5.7,ARIMA,5.681958874342882
Glencore,2024-10-01,5.7,LASSO,5.662123321442455
Glencore,2024-10-01,5.7,Elastic Net,5.662123321442455
Glencore,2024-10-01,5.7,Random Forest,5.707301428571427
Glencore,2024-10-01,5.7,XGBoost,5.72681268622786
Glencore,2024-10-01,5.7,LightGBM,5.72681268622786
Glencore,2024-10-01,5.7,LSTM,5.627257362861582
Glencore,2024-10-01,5.7,GRU,5.62832219086458
Glencore,2024-10-02,5.75,Random Walk,5.61
Glencore,2024-10-02,5.75,Random Walk + Drift,5.60913752913753
Glencore,2024-10-02,5.75,ARIMA,5.603195548327537
Glencore,2024-10-02,5.75,LASSO,5.6042298568592335
Glencore,2024-10-02,5.75,Elastic Net,5.6042298568592335
Glencore,2024-10-02,5.75,Random Forest,5.591211944444445
Glencore,2024-10-02,5.75,XGBoost,5.561343966828246
Glencore,2024-10-02,5.75,LightGBM,5.561343966828246
Glencore,2024-10-02,5.75,LSTM,5.655757788713528
Glencore,2024-10-02,5.75,GRU,5.596769574346025
Glencore,2024-10-03,5.63,Random Walk,5.61
Glencore,2024-10-03,5.63,Random Walk + Drift,5.609137816245007
Glencore,2024-10-03,5.63,ARIMA,5.611205307613972
Glencore,2024-10-03,5.63,LASSO,5.60337668330219
Glencore,2024-10-03,5.63,Elastic Net,5.60337668330219
Glencore,2024-10-03,5.63,Random Forest,5.61499088624339
Glencore,2024-10-03,5.63,XGBoost,5.543451375444773
Glencore,2024-10-03,5.63,LightGBM,5.543451375444773
Glencore,2024-10-03,5.63,LSTM,5.58413005888511
Glencore,2024-10-03,5.63,GRU,5.6158794498131135
Glencore,2024-10-04,5.68,Random Walk,5.78
Glencore,2024-10-04,5.68,Random Walk + Drift,5.779194675540766
Glencore,2024-10-04,5.68,ARIMA,5.7863219911587205
Glencore,2024-10-04,5.68,LASSO,5.767973467936423
Glencore,2024-10-04,5.68,Elastic Net,5.767973467936423
Glencore,2024-10-04,5.68,Random Forest,5.7101363095238105
Glencore,2024-10-04,5.68,XGBoost,5.72027101849056
Glencore,2024-10-04,5.68,LightGBM,5.72027101849056
Glencore,2024-10-04,5.68,LSTM,5.704694454679704
Glencore,2024-10-04,5.68,GRU,5.690099643154994
Glencore,2024-10-07,5.72,Random Walk,5.95
Glencore,2024-10-07,5.72,Random Walk + Drift,5.949251497005988
Glencore,2024-10-07,5.72,ARIMA,5.9444459672677725
Glencore,2024-10-07,5.72,LASSO,5.936680577129321
Glencore,2024-10-07,5.72,Elastic Net,5.936680577129321
Glencore,2024-10-07,5.72,Random Forest,5.8981886111111095
Glencore,2024-10-07,5.72,XGBoost,5.897089504596415
Glencore,2024-10-07,5.72,LightGBM,5.897089504596415
Glencore,2024-10-07,5.72,LSTM,5.748886736050241
Glencore,2024-10-07,5.72,GRU,5.805387257687822
Glencore,2024-10-08,5.47,Random Walk,6.02
Glencore,2024-10-08,5.47,Random Walk + Drift,6.019275024941802
Glencore,2024-10-08,5.47,ARIMA,6.005189840713189
Glencore,2024-10-08,5.47,LASSO,6.004345467311062
Glencore,2024-10-08,5.47,Elastic Net,6.004345467311062
Glencore,2024-10-08,5.47,Random Forest,5.991854087301587
Glencore,2024-10-08,5.47,XGBoost,5.958058668385503
Glencore,2024-10-08,5.47,LightGBM,5.958058668385503
Glencore,2024-10-08,5.47,LSTM,5.915693984347054
Glencore,2024-10-08,5.47,GRU,5.970673526662769
Glencore,2024-10-09,5.5,Random Walk,6.02
Glencore,2024-10-09,5.5,Random Walk + Drift,6.019275265957447
Glencore,2024-10-09,5.5,ARIMA,6.007095164597986
Glencore,2024-10-09,5.5,LASSO,6.004390837765884
Glencore,2024-10-09,5.5,Elastic Net,6.004390837765884
Glencore,2024-10-09,5.5,Random Forest,6.019711666666669
Glencore,2024-10-09,5.5,XGBoost,5.988960234495359
Glencore,2024-10-09,5.5,LightGBM,5.988960234495359
Glencore,2024-10-09,5.5,LSTM,6.004266398292148
Glencore,2024-10-09,5.5,GRU,6.01043070926778
Glencore,2024-10-10,5.51,Random Walk,5.96
Glencore,2024-10-10,5.51,Random Walk + Drift,5.959255566633433
Glencore,2024-10-10,5.51,ARIMA,5.952134413565826
Glencore,2024-10-10,5.51,LASSO,5.948392759094667
Glencore,2024-10-10,5.51,Elastic Net,5.948392759094667
Glencore,2024-10-10,5.51,Random Forest,5.944574537037038
Glencore,2024-10-10,5.51,XGBoost,5.959910698967018
Glencore,2024-10-10,5.51,LightGBM,5.959910698967018
Glencore,2024-10-10,5.51,LSTM,5.986807466686458
Glencore,2024-10-10,5.51,GRU,5.991968915301841
Glencore,2024-10-11,5.54,Random Walk,6.1
Glencore,2024-10-11,5.54,Random Walk + Drift,6.099302325581395
Glencore,2024-10-11,5.54,ARIMA,6.106467554421354
Glencore,2024-10-11,5.54,LASSO,6.088356408437609
Glencore,2024-10-11,5.54,Elastic Net,6.088356408437609
Glencore,2024-10-11,5.54,Random Forest,6.13584404761905
Glencore,2024-10-11,5.54,XGBoost,6.142029697109721
Glencore,2024-10-11,5.54,LightGBM,6.142029697109721
Glencore,2024-10-11,5.54,LSTM,6.0207377604669805
Glencore,2024-10-11,5.54,GRU,6.062687749672799
Glencore,2024-10-14,5.49,Random Walk,6.06
Glencore,2024-10-14,5.49,Random Walk + Drift,6.059289272666888
Glencore,2024-10-14,5.49,ARIMA,6.0503577470652585
Glencore,2024-10-14,5.49,LASSO,6.0503186043909025
Glencore,2024-10-14,5.49,Elastic Net,6.0503186043909025
Glencore,2024-10-14,5.49,Random Forest,6.020963650793647
Glencore,2024-10-14,5.49,XGBoost,6.049209077122557
Glencore,2024-10-14,5.49,LightGBM,6.049209077122557
Glencore,2024-10-14,5.49,LSTM,6.0796426042313
Glencore,2024-10-14,5.49,GRU,6.058855905205957
Glencore,2024-10-15,5.28,Random Walk,6.16
Glencore,2024-10-15,5.28,Random Walk + Drift,6.159322709163347
Glencore,2024-10-15,5.28,ARIMA,6.161688060043358
Glencore,2024-10-15,5.28,LASSO,6.148298423208706
Glencore,2024-10-15,5.28,Elastic Net,6.148298423208706
Glencore,2024-10-15,5.28,Random Forest,6.189994114959112
Glencore,2024-10-15,5.28,XGBoost,6.188363505287006
Glencore,2024-10-15,5.28,LightGBM,6.188363505287006
Glencore,2024-10-15,5.28,LSTM,6.088986832684055
Glencore,2024-10-15,5.28,GRU,6.1150246668829515
Glencore,2024-10-16,5.28,Random Walk,6.01
Glencore,2024-10-16,5.28,Random Walk + Drift,6.0092731496847
Glencore,2024-10-16,5.28,ARIMA,5.998023758565541
Glencore,2024-10-16,5.28,LASSO,6.0003676123088425
Glencore,2024-10-16,5.28,Elastic Net,6.0003676123088425
Glencore,2024-10-16,5.28,Random Forest,5.888472081529578
Glencore,2024-10-16,5.28,XGBoost,5.912020753978759
Glencore,2024-10-16,5.28,LightGBM,5.912020753978759
Glencore,2024-10-16,5.28,LSTM,6.076860528948197
Glencore,2024-10-16,5.28,GRU,6.078877946508818
Glencore,2024-10-17,5.25,Random Walk,5.98
Glencore,2024-10-17,5.25,Random Walk + Drift,5.9792634372926345
Glencore,2024-10-17,5.25,ARIMA,5.9854679803800925
Glencore,2024-10-17,5.25,LASSO,5.973295273149491
Glencore,2024-10-17,5.25,Elastic Net,5.973295273149491
Glencore,2024-10-17,5.25,Random Forest,5.981384232804234
Glencore,2024-10-17,5.25,XGBoost,5.964404823816028
Glencore,2024-10-17,5.25,LightGBM,5.964404823816028
Glencore,2024-10-17,5.25,LSTM,6.0132651312308605
Glencore,2024-10-17,5.25,GRU,6.045984954715366
Glencore,2024-10-18,5.33,Random Walk,5.74
Glencore,2024-10-18,5.33,Random Walk + Drift,5.739184079601991
Glencore,2024-10-18,5.33,ARIMA,5.737626009762935
Glencore,2024-10-18,5.33,LASSO,5.73751347389655
Glencore,2024-10-18,5.33,Elastic Net,5.73751347389655
Glencore,2024-10-18,5.33,Random Forest,5.816079060846557
Glencore,2024-10-18,5.33,XGBoost,5.862585678970584
Glencore,2024-10-18,5.33,LightGBM,5.862585678970584
Glencore,2024-10-18,5.33,LSTM,5.923832171691688
Glencore,2024-10-18,5.33,GRU,5.886661306746938
Glencore,2024-10-21,5.28,Random Walk,5.92
Glencore,2024-10-21,5.28,Random Walk + Drift,5.919244031830239
Glencore,2024-10-21,5.28,ARIMA,5.9441621959834885
Glencore,2024-10-21,5.28,LASSO,5.915621611512167
Glencore,2024-10-21,5.28,Elastic Net,5.915621611512167
Glencore,2024-10-21,5.28,Random Forest,5.999062842712841
Glencore,2024-10-21,5.28,XGBoost,6.011239959116854
Glencore,2024-10-21,5.28,LightGBM,6.011239959116854
Glencore,2024-10-21,5.28,LSTM,5.8831120647371336
Glencore,2024-10-21,5.28,GRU,5.832199615612815
Glencore,2024-10-22,5.3,Random Walk,5.82
Glencore,2024-10-22,5.3,Random Walk + Drift,5.819211136890951
Glencore,2024-10-22,5.3,ARIMA,5.814752620533279
Glencore,2024-10-22,5.3,LASSO,5.815157626787418
Glencore,2024-10-22,5.3,Elastic Net,5.815157626787418
Glencore,2024-10-22,5.3,Random Forest,5.940108955026454
Glencore,2024-10-22,5.3,XGBoost,5.901466313414411
Glencore,2024-10-22,5.3,LightGBM,5.901466313414411
Glencore,2024-10-22,5.3,LSTM,5.882190891669602
Glencore,2024-10-22,5.3,GRU,5.854629552933982
Glencore,2024-10-23,5.17,Random Walk,5.81
Glencore,2024-10-23,5.17,Random Walk + Drift,5.8092080848243866
Glencore,2024-10-23,5.17,ARIMA,5.813990897624328
Glencore,2024-10-23,5.17,LASSO,5.804787905010549
Glencore,2024-10-23,5.17,Elastic Net,5.804787905010549
Glencore,2024-10-23,5.17,Random Forest,5.859665410052908
Glencore,2024-10-23,5.17,XGBoost,5.820602516443401
Glencore,2024-10-23,5.17,LightGBM,5.820602516443401
Glencore,2024-10-23,5.17,LSTM,5.790840156649587
Glencore,2024-10-23,5.17,GRU,5.832801650446231
Glencore,2024-10-24,5.16,Random Walk,5.66
Glencore,2024-10-24,5.16,Random Walk + Drift,5.659158661808546
Glencore,2024-10-24,5.16,ARIMA,5.65838689608964
Glencore,2024-10-24,5.16,LASSO,5.654060059345779
Glencore,2024-10-24,5.16,Elastic Net,5.654060059345779
Glencore,2024-10-24,5.16,Random Forest,5.695656931216942
Glencore,2024-10-24,5.16,XGBoost,5.761881147877053
Glencore,2024-10-24,5.16,LightGBM,5.761881147877053
Glencore,2024-10-24,5.16,LSTM,5.734966383849389
Glencore,2024-10-24,5.16,GRU,5.741621688657441
Glencore,2024-10-25,5.24,Random Walk,5.73
Glencore,2024-10-25,5.24,Random Walk + Drift,5.729182119205299
Glencore,2024-10-25,5.24,ARIMA,5.74316608354714
Glencore,2024-10-25,5.24,LASSO,5.7255226876513445
Glencore,2024-10-25,5.24,Elastic Net,5.7255226876513445
Glencore,2024-10-25,5.24,Random Forest,5.749740476190479
Glencore,2024-10-25,5.24,XGBoost,5.738961902242282
Glencore,2024-10-25,5.24,LightGBM,5.738961902242282
Glencore,2024-10-25,5.24,LSTM,5.710809229807018
Glencore,2024-10-25,5.24,GRU,5.6531523163673265
Glencore,2024-10-28,5.25,Random Walk,5.38
Glencore,2024-10-28,5.25,Random Walk + Drift,5.379066534260178
Glencore,2024-10-28,5.25,ARIMA,5.37104015106817
Glencore,2024-10-28,5.25,LASSO,5.38124395177138
Glencore,2024-10-28,5.25,Elastic Net,5.38124395177138
Glencore,2024-10-28,5.25,Random Forest,5.354743015873016
Glencore,2024-10-28,5.25,XGBoost,5.369764655941799
Glencore,2024-10-28,5.25,LightGBM,5.369764655941799
Glencore,2024-10-28,5.25,LSTM,5.566162396386802
Glencore,2024-10-28,5.25,GRU,5.496765964227059
Glencore,2024-10-29,5.27,Random Walk,5.53
Glencore,2024-10-29,5.27,Random Walk + Drift,5.529116479152879
Glencore,2024-10-29,5.27,ARIMA,5.55593316230914
Glencore,2024-10-29,5.27,LASSO,5.527891512267098
Glencore,2024-10-29,5.27,Elastic Net,5.527891512267098
Glencore,2024-10-29,5.27,Random Forest,5.492900568783072
Glencore,2024-10-29,5.27,XGBoost,5.5348783970014335
Glencore,2024-10-29,5.27,LightGBM,5.5348783970014335
Glencore,2024-10-29,5.27,LSTM,5.498113458718665
Glencore,2024-10-29,5.27,GRU,5.447838447506176
Glencore,2024-10-30,5.31,Random Walk,5.55
Glencore,2024-10-30,5.31,Random Walk + Drift,5.549123387363546
Glencore,2024-10-30,5.31,ARIMA,5.5536848753893056
Glencore,2024-10-30,5.31,LASSO,5.54504050221497
Glencore,2024-10-30,5.31,Elastic Net,5.54504050221497
Glencore,2024-10-30,5.31,Random Forest,5.518283134920639
Glencore,2024-10-30,5.31,XGBoost,5.526675504304668
Glencore,2024-10-30,5.31,LightGBM,5.526675504304668
Glencore,2024-10-30,5.31,LSTM,5.497869810803624
Glencore,2024-10-30,5.31,GRU,5.525792362740884
Glencore,2024-10-31,5.24,Random Walk,5.54
Glencore,2024-10-31,5.24,Random Walk + Drift,5.53912037037037
Glencore,2024-10-31,5.24,ARIMA,5.537963882722125
Glencore,2024-10-31,5.24,LASSO,5.536074382308511
Glencore,2024-10-31,5.24,Elastic Net,5.536074382308511
Glencore,2024-10-31,5.24,Random Forest,5.492476984126982
Glencore,2024-10-31,5.24,XGBoost,5.514176142742586
Glencore,2024-10-31,5.24,LightGBM,5.514176142742586
Glencore,2024-10-31,5.24,LSTM,5.552475117098071
Glencore,2024-10-31,5.24,GRU,5.563012592117315
Glencore,2024-11-01,5.27,Random Walk,5.27
Glencore,2024-11-01,5.27,Random Walk + Drift,5.269031404958677
Glencore,2024-11-01,5.27,ARIMA,5.261316594153622
Glencore,2024-11-01,5.27,LASSO,5.266481836628469
Glencore,2024-11-01,5.27,Elastic Net,5.266481836628469
Glencore,2024-11-01,5.27,Random Forest,5.233662830687831
Glencore,2024-11-01,5.27,XGBoost,5.348316231787235
Glencore,2024-11-01,5.27,LightGBM,5.348316231787235
Glencore,2024-11-01,5.27,LSTM,5.430249926774609
Glencore,2024-11-01,5.27,GRU,5.383417742134079
Glencore,2024-11-04,5.27,Random Walk,5.31
Glencore,2024-11-04,5.27,Random Walk + Drift,5.309044943820225
Glencore,2024-11-04,5.27,ARIMA,5.327850834633954
Glencore,2024-11-04,5.27,LASSO,5.308068315364588
Glencore,2024-11-04,5.27,Elastic Net,5.308068315364588
Glencore,2024-11-04,5.27,Random Forest,5.3230923412698425
Glencore,2024-11-04,5.27,XGBoost,5.358450342936645
Glencore,2024-11-04,5.27,LightGBM,5.358450342936645
Glencore,2024-11-04,5.27,LSTM,5.375582604634127
Glencore,2024-11-04,5.27,GRU,5.33201434336439
Glencore,2024-11-05,5.31,Random Walk,5.4
Glencore,2024-11-05,5.31,Random Walk + Drift,5.399074991740998
Glencore,2024-11-05,5.31,ARIMA,5.409890451650727
Glencore,2024-11-05,5.31,LASSO,5.39638949669033
Glencore,2024-11-05,5.31,Elastic Net,5.39638949669033
Glencore,2024-11-05,5.31,Random Forest,5.384038849206355
Glencore,2024-11-05,5.31,XGBoost,5.398082795136263
Glencore,2024-11-05,5.31,LightGBM,5.398082795136263
Glencore,2024-11-05,5.31,LSTM,5.331435052746554
Glencore,2024-11-05,5.31,GRU,5.339796726271737
Glencore,2024-11-06,5.17,Random Walk,5.32
Glencore,2024-11-06,5.17,Random Walk + Drift,5.319048877146631
Glencore,2024-11-06,5.17,ARIMA,5.314077105618219
Glencore,2024-11-06,5.17,LASSO,5.317453864966916
Glencore,2024-11-06,5.17,Elastic Net,5.317453864966916
Glencore,2024-11-06,5.17,Random Forest,5.3207700793650785
Glencore,2024-11-06,5.17,XGBoost,5.3159395676068755
Glencore,2024-11-06,5.17,LightGBM,5.3159395676068755
Glencore,2024-11-06,5.17,LSTM,5.359208564794008
Glencore,2024-11-06,5.17,GRU,5.315285988217267
Glencore,2024-11-07,5.39,Random Walk,5.37
Glencore,2024-11-07,5.39,Random Walk + Drift,5.369065698250248
Glencore,2024-11-07,5.39,ARIMA,5.373603939342018
Glencore,2024-11-07,5.39,LASSO,5.36203448474304
Glencore,2024-11-07,5.39,Elastic Net,5.36203448474304
Glencore,2024-11-07,5.39,Random Forest,5.392329841269843
Glencore,2024-11-07,5.39,XGBoost,5.360784649227851
Glencore,2024-11-07,5.39,LightGBM,5.360784649227851
Glencore,2024-11-07,5.39,LSTM,5.361604556353392
Glencore,2024-11-07,5.39,GRU,5.36958181700758
Glencore,2024-11-08,5.1,Random Walk,5.32
Glencore,2024-11-08,5.1,Random Walk + Drift,5.319049504950495
Glencore,2024-11-08,5.1,ARIMA,5.317192111220997
Glencore,2024-11-08,5.1,LASSO,5.313985480193009
Glencore,2024-11-08,5.1,Elastic Net,5.313985480193009
Glencore,2024-11-08,5.1,Random Forest,5.322602486772489
Glencore,2024-11-08,5.1,XGBoost,5.354508309983519
Glencore,2024-11-08,5.1,LightGBM,5.354508309983519
Glencore,2024-11-08,5.1,LSTM,5.365288074575345
Glencore,2024-11-08,5.1,GRU,5.368021400304523
Glencore,2024-11-11,5.0,Random Walk,5.33
Glencore,2024-11-11,5.0,Random Walk + Drift,5.32905311778291
Glencore,2024-11-11,5.0,ARIMA,5.332322076529198
Glencore,2024-11-11,5.0,LASSO,5.325084912963307
Glencore,2024-11-11,5.0,Elastic Net,5.325084912963307
Glencore,2024-11-11,5.0,Random Forest,5.360569113756611
Glencore,2024-11-11,5.0,XGBoost,5.34244453931598
Glencore,2024-11-11,5.0,LightGBM,5.34244453931598
Glencore,2024-11-11,5.0,LSTM,5.3484417734022625
Glencore,2024-11-11,5.0,GRU,5.3622765843376845
Glencore,2024-11-12,4.8,Random Walk,5.33
Glencore,2024-11-12,4.8,Random Walk + Drift,5.329053430079155
Glencore,2024-11-12,4.8,ARIMA,5.330739997401059
Glencore,2024-11-12,4.8,LASSO,5.323874006787634
Glencore,2024-11-12,4.8,Elastic Net,5.323874006787634
Glencore,2024-11-12,4.8,Random Forest,5.350406587301587
Glencore,2024-11-12,4.8,XGBoost,5.3474538955736435
Glencore,2024-11-12,4.8,LightGBM,5.3474538955736435
Glencore,2024-11-12,4.8,LSTM,5.35039335498938
Glencore,2024-11-12,4.8,GRU,5.324920520590084
Glencore,2024-11-13,4.78,Random Walk,5.23
Glencore,2024-11-13,4.78,Random Walk + Drift,5.229020771513354
Glencore,2024-11-13,4.78,ARIMA,5.227412376910527
Glencore,2024-11-13,4.78,LASSO,5.2268571957113235
Glencore,2024-11-13,4.78,Elastic Net,5.2268571957113235
Glencore,2024-11-13,4.78,Random Forest,5.241318796296295
Glencore,2024-11-13,4.78,XGBoost,5.201065177413597
Glencore,2024-11-13,4.78,LightGBM,5.201065177413597
Glencore,2024-11-13,4.78,LSTM,5.2909046510475815
Glencore,2024-11-13,4.78,GRU,5.256202203396006
Glencore,2024-11-14,4.75,Random Walk,5.11
Glencore,2024-11-14,4.75,Random Walk + Drift,5.108981542518128
Glencore,2024-11-14,4.75,ARIMA,5.113006028812625
Glencore,2024-11-14,4.75,LASSO,5.108741934436608
Glencore,2024-11-14,4.75,Elastic Net,5.108741934436608
Glencore,2024-11-14,4.75,Random Forest,5.1016216402116354
Glencore,2024-11-14,4.75,XGBoost,5.147240839921142
Glencore,2024-11-14,4.75,LightGBM,5.147240839921142
Glencore,2024-11-14,4.75,LSTM,5.2222259978914485
Glencore,2024-11-14,4.75,GRU,5.186952976070565
Glencore,2024-11-15,4.79,Random Walk,5.06
Glencore,2024-11-15,4.79,Random Walk + Drift,5.058965403624382
Glencore,2024-11-15,4.79,ARIMA,5.06981061501584
Glencore,2024-11-15,4.79,LASSO,5.060012431134229
Glencore,2024-11-15,4.79,Elastic Net,5.060012431134229
Glencore,2024-11-15,4.79,Random Forest,5.083203769841272
Glencore,2024-11-15,4.79,XGBoost,5.039885687441955
Glencore,2024-11-15,4.79,LightGBM,5.039885687441955
Glencore,2024-11-15,4.79,LSTM,5.109954311443049
Glencore,2024-11-15,4.79,GRU,5.110758086634154
Glencore,2024-11-18,4.86,Random Walk,5.14
Glencore,2024-11-18,4.86,Random Walk + Drift,5.13899209486166
Glencore,2024-11-18,4.86,ARIMA,5.1510820024722515
Glencore,2024-11-18,4.86,LASSO,5.138061340823383
Glencore,2024-11-18,4.86,Elastic Net,5.138061340823383
Glencore,2024-11-18,4.86,Random Forest,5.137941008898508
Glencore,2024-11-18,4.86,XGBoost,5.14487148558568
Glencore,2024-11-18,4.86,LightGBM,5.14487148558568
Glencore,2024-11-18,4.86,LSTM,5.055965482360774
Glencore,2024-11-18,4.86,GRU,5.079883431634097
Glencore,2024-11-19,4.81,Random Walk,5.1
Glencore,2024-11-19,4.81,Random Walk + Drift,5.098979255844583
Glencore,2024-11-19,4.81,ARIMA,5.097494766307477
Glencore,2024-11-19,4.81,LASSO,5.097093848041406
Glencore,2024-11-19,4.81,Elastic Net,5.097093848041406
Glencore,2024-11-19,4.81,Random Forest,5.099447857142854
Glencore,2024-11-19,4.81,XGBoost,5.125417820749547
Glencore,2024-11-19,4.81,LightGBM,5.125417820749547
Glencore,2024-11-19,4.81,LSTM,5.118964803434688
Glencore,2024-11-19,4.81,GRU,5.068227990181931
Glencore,2024-11-20,4.82,Random Walk,5.04
Glencore,2024-11-20,4.82,Random Walk + Drift,5.038959842001317
Glencore,2024-11-20,4.82,ARIMA,5.038979919625348
Glencore,2024-11-20,4.82,LASSO,5.036398634423758
Glencore,2024-11-20,4.82,Elastic Net,5.036398634423758
Glencore,2024-11-20,4.82,Random Forest,5.002509100529098
Glencore,2024-11-20,4.82,XGBoost,5.039308387487039
Glencore,2024-11-20,4.82,LightGBM,5.039308387487039
Glencore,2024-11-20,4.82,LSTM,5.07876652382044
Glencore,2024-11-20,4.82,GRU,5.093702274905799
Glencore,2024-11-21,4.8,Random Walk,5.15
Glencore,2024-11-21,4.8,Random Walk + Drift,5.148996380388286
Glencore,2024-11-21,4.8,ARIMA,5.157499541603756
Glencore,2024-11-21,4.8,LASSO,5.143262998012831
Glencore,2024-11-21,4.8,Elastic Net,5.143262998012831
Glencore,2024-11-21,4.8,Random Forest,5.123714686147186
Glencore,2024-11-21,4.8,XGBoost,5.135733296567481
Glencore,2024-11-21,4.8,LightGBM,5.135733296567481
Glencore,2024-11-21,4.8,LSTM,5.072935539736302
Glencore,2024-11-21,4.8,GRU,5.113205689263031
Glencore,2024-11-22,4.77,Random Walk,5.32
Glencore,2024-11-22,4.77,Random Walk + Drift,5.3190526315789475
Glencore,2024-11-22,4.77,ARIMA,5.32019003127349
Glencore,2024-11-22,4.77,LASSO,5.310640371802119
Glencore,2024-11-22,4.77,Elastic Net,5.310640371802119
Glencore,2024-11-22,4.77,Random Forest,5.330678112073108
Glencore,2024-11-22,4.77,XGBoost,5.319794509477084
Glencore,2024-11-22,4.77,LightGBM,5.319794509477084
Glencore,2024-11-22,4.77,LSTM,5.146460550004224
Glencore,2024-11-22,4.77,GRU,5.217435158890221
Glencore,2024-11-25,4.9,Random Walk,5.27
Glencore,2024-11-25,4.9,Random Walk + Drift,5.269036501150937
Glencore,2024-11-25,4.9,ARIMA,5.2545804660932545
Glencore,2024-11-25,4.9,LASSO,5.260988034437012
Glencore,2024-11-25,4.9,Elastic Net,5.260988034437012
Glencore,2024-11-25,4.9,Random Forest,5.289902341269836
Glencore,2024-11-25,4.9,XGBoost,5.266742188785241
Glencore,2024-11-25,4.9,LightGBM,5.266742188785241
Glencore,2024-11-25,4.9,LSTM,5.245183259879611
Glencore,2024-11-25,4.9,GRU,5.286363909279954
Glencore,2024-11-26,4.76,Random Walk,5.28
Glencore,2024-11-26,4.76,Random Walk + Drift,5.2790401051939515
Glencore,2024-11-26,4.76,ARIMA,5.27616826001597
Glencore,2024-11-26,4.76,LASSO,5.270039715247236
Glencore,2024-11-26,4.76,Elastic Net,5.270039715247236
Glencore,2024-11-26,4.76,Random Forest,5.2850459054834005
Glencore,2024-11-26,4.76,XGBoost,5.271954536915982
Glencore,2024-11-26,4.76,LightGBM,5.271954536915982
Glencore,2024-11-26,4.76,LSTM,5.25395895358581
Glencore,2024-11-26,4.76,GRU,5.303408887777698
Glencore,2024-11-27,4.77,Random Walk,5.36
Glencore,2024-11-27,4.77,Random Walk + Drift,5.359066710483076
Glencore,2024-11-27,4.77,ARIMA,5.360919176662402
Glencore,2024-11-27,4.77,LASSO,5.350411909982147
Glencore,2024-11-27,4.77,Elastic Net,5.350411909982147
Glencore,2024-11-27,4.77,Random Forest,5.37099708994709
Glencore,2024-11-27,4.77,XGBoost,5.361684320941085
Glencore,2024-11-27,4.77,LightGBM,5.361684320941085
Glencore,2024-11-27,4.77,LSTM,5.345522443093948
Glencore,2024-11-27,4.77,GRU,5.333469117975494
Glencore,2024-11-28,4.74,Random Walk,5.4
Glencore,2024-11-28,4.74,Random Walk + Drift,5.399080157687254
Glencore,2024-11-28,4.74,ARIMA,5.3956856797489845
Glencore,2024-11-28,4.74,LASSO,5.392123893037935
Glencore,2024-11-28,4.74,Elastic Net,5.392123893037935
Glencore,2024-11-28,4.74,Random Forest,5.408048452380953
Glencore,2024-11-28,4.74,XGBoost,5.398096348716875
Glencore,2024-11-28,4.74,LightGBM,5.398096348716875
Glencore,2024-11-28,4.74,LSTM,5.39459737807114
Glencore,2024-11-28,4.74,GRU,5.357642006458148
Glencore,2024-11-29,4.84,Random Walk,5.39
Glencore,2024-11-29,4.84,Random Walk + Drift,5.389077175697865
Glencore,2024-11-29,4.84,ARIMA,5.384264114102956
Glencore,2024-11-29,4.84,LASSO,5.38158114180155
Glencore,2024-11-29,4.84,Elastic Net,5.38158114180155
Glencore,2024-11-29,4.84,Random Forest,5.398351256613759
Glencore,2024-11-29,4.84,XGBoost,5.375836560039579
Glencore,2024-11-29,4.84,LightGBM,5.375836560039579
Glencore,2024-11-29,4.84,LSTM,5.421517022198522
Glencore,2024-11-29,4.84,GRU,5.412585818289881
Glencore,2024-12-02,4.77,Random Walk,5.39
Glencore,2024-12-02,4.77,Random Walk + Drift,5.389077478660538
Glencore,2024-12-02,4.77,ARIMA,5.388232583420698
Glencore,2024-12-02,4.77,LASSO,5.381923435739704
Glencore,2024-12-02,4.77,Elastic Net,5.381923435739704
Glencore,2024-12-02,4.77,Random Forest,5.373902328042332
Glencore,2024-12-02,4.77,XGBoost,5.370406773015138
Glencore,2024-12-02,4.77,LightGBM,5.370406773015138
Glencore,2024-12-02,4.77,LSTM,5.397787935229325
Glencore,2024-12-02,4.77,GRU,5.409462026475945
Glencore,2024-12-03,4.84,Random Walk,5.72
Glencore,2024-12-03,4.84,Random Walk + Drift,5.719186084673449
Glencore,2024-12-03,4.84,ARIMA,5.728972262668091
Glencore,2024-12-03,4.84,LASSO,5.705977477316004
Glencore,2024-12-03,4.84,Elastic Net,5.705977477316004
Glencore,2024-12-03,4.84,Random Forest,5.642556031746026
Glencore,2024-12-03,4.84,XGBoost,5.666093481354895
Glencore,2024-12-03,4.84,LightGBM,5.666093481354895
Glencore,2024-12-03,4.84,LSTM,5.534108490523583
Glencore,2024-12-03,4.84,GRU,5.544477264747266
Glencore,2024-12-04,4.8,Random Walk,5.87
Glencore,2024-12-04,4.8,Random Walk + Drift,5.8692355643044625
Glencore,2024-12-04,4.8,ARIMA,5.853253251544739
Glencore,2024-12-04,4.8,LASSO,5.853507023903168
Glencore,2024-12-04,4.8,Elastic Net,5.853507023903168
Glencore,2024-12-04,4.8,Random Forest,5.860717354497345
Glencore,2024-12-04,4.8,XGBoost,5.840417278577406
Glencore,2024-12-04,4.8,LightGBM,5.840417278577406
Glencore,2024-12-04,4.8,LSTM,5.685092007939799
Glencore,2024-12-04,4.8,GRU,5.7667433865045865
Glencore,2024-12-05,4.81,Random Walk,5.98
Glencore,2024-12-05,4.81,Random Walk + Drift,5.979271892423746
Glencore,2024-12-05,4.81,ARIMA,5.96232329851559
Glencore,2024-12-05,4.81,LASSO,5.9613390955857195
Glencore,2024-12-05,4.81,Elastic Net,5.9613390955857195
Glencore,2024-12-05,4.81,Random Forest,5.9802654894179925
Glencore,2024-12-05,4.81,XGBoost,5.9560488546895405
Glencore,2024-12-05,4.81,LightGBM,5.9560488546895405
Glencore,2024-12-05,4.81,LSTM,5.912691895456472
Glencore,2024-12-05,4.81,GRU,5.907262369705711
Glencore,2024-12-06,4.82,Random Walk,5.9
Glencore,2024-12-06,4.82,Random Walk + Drift,5.899245901639345
Glencore,2024-12-06,4.82,ARIMA,5.881555023602279
Glencore,2024-12-06,4.82,LASSO,5.883599230139888
Glencore,2024-12-06,4.82,Elastic Net,5.883599230139888
Glencore,2024-12-06,4.82,Random Forest,5.9342074999999985
Glencore,2024-12-06,4.82,XGBoost,5.936288170274049
Glencore,2024-12-06,4.82,LightGBM,5.936288170274049
Glencore,2024-12-06,4.82,LSTM,5.921712310609015
Glencore,2024-12-06,4.82,GRU,5.952641413649711
Glencore,2024-12-09,5.03,Random Walk,5.79
Glencore,2024-12-09,5.03,Random Walk + Drift,5.789210095050803
Glencore,2024-12-09,5.03,ARIMA,5.785143568551094
Glencore,2024-12-09,5.03,LASSO,5.781184809933687
Glencore,2024-12-09,5.03,Elastic Net,5.781184809933687
Glencore,2024-12-09,5.03,Random Forest,5.746840198412697
Glencore,2024-12-09,5.03,XGBoost,5.787077104333199
Glencore,2024-12-09,5.03,LightGBM,5.787077104333199
Glencore,2024-12-09,5.03,LSTM,5.861426905280273
Glencore,2024-12-09,5.03,GRU,5.858203418409044
Glencore,2024-12-10,4.93,Random Walk,5.67
Glencore,2024-12-10,4.93,Random Walk + Drift,5.669171035386632
Glencore,2024-12-10,4.93,ARIMA,5.674178950980013
Glencore,2024-12-10,4.93,LASSO,5.666278978991334
Glencore,2024-12-10,4.93,Elastic Net,5.666278978991334
Glencore,2024-12-10,4.93,Random Forest,5.671704841269837
Glencore,2024-12-10,4.93,XGBoost,5.7331726181490446
Glencore,2024-12-10,4.93,LightGBM,5.7331726181490446
Glencore,2024-12-10,4.93,LSTM,5.792372965247232
Glencore,2024-12-10,4.93,GRU,5.753139710159846
Glencore,2024-12-11,4.89,Random Walk,5.69
Glencore,2024-12-11,4.89,Random Walk + Drift,5.689177857844744
Glencore,2024-12-11,4.89,ARIMA,5.70285502942047
Glencore,2024-12-11,4.89,LASSO,5.687425275104679
Glencore,2024-12-11,4.89,Elastic Net,5.687425275104679
Glencore,2024-12-11,4.89,Random Forest,5.685035502645506
Glencore,2024-12-11,4.89,XGBoost,5.761707819022745
Glencore,2024-12-11,4.89,LightGBM,5.761707819022745
Glencore,2024-12-11,4.89,LSTM,5.717297538617737
Glencore,2024-12-11,4.89,GRU,5.682524699651655
Glencore,2024-12-12,4.79,Random Walk,5.6
Glencore,2024-12-12,4.79,Random Walk + Drift,5.599148657498363
Glencore,2024-12-12,4.79,ARIMA,5.601993639034389
Glencore,2024-12-12,4.79,LASSO,5.59784270713665
Glencore,2024-12-12,4.79,Elastic Net,5.59784270713665
Glencore,2024-12-12,4.79,Random Forest,5.605210052910048
Glencore,2024-12-12,4.79,XGBoost,5.583540139765562
Glencore,2024-12-12,4.79,LightGBM,5.583540139765562
Glencore,2024-12-12,4.79,LSTM,5.604784209057167
Glencore,2024-12-12,4.79,GRU,5.615537170281699
Glencore,2024-12-13,4.68,Random Walk,5.42
Glencore,2024-12-13,4.68,Random Walk + Drift,5.419090016366612
Glencore,2024-12-13,4.68,ARIMA,5.421307387782658
Glencore,2024-12-13,4.68,LASSO,5.419652723090763
Glencore,2024-12-13,4.68,Elastic Net,5.419652723090763
Glencore,2024-12-13,4.68,Random Forest,5.450692817460322
Glencore,2024-12-13,4.68,XGBoost,5.478649060720895
Glencore,2024-12-13,4.68,LightGBM,5.478649060720895
Glencore,2024-12-13,4.68,LSTM,5.517625759690038
Glencore,2024-12-13,4.68,GRU,5.484603118620241
Glencore,2024-12-16,4.66,Random Walk,5.48
Glencore,2024-12-16,4.66,Random Walk + Drift,5.4791099476439795
Glencore,2024-12-16,4.66,ARIMA,5.496610012265029
Glencore,2024-12-16,4.66,LASSO,5.476652430503606
Glencore,2024-12-16,4.66,Elastic Net,5.476652430503606
Glencore,2024-12-16,4.66,Random Forest,5.47456531746032
Glencore,2024-12-16,4.66,XGBoost,5.482835817542968
Glencore,2024-12-16,4.66,LightGBM,5.482835817542968
Glencore,2024-12-16,4.66,LSTM,5.494780909596347
Glencore,2024-12-16,4.66,GRU,5.463398467149636
Glencore,2024-12-17,4.61,Random Walk,5.53
Glencore,2024-12-17,4.61,Random Walk + Drift,5.529126594700688
Glencore,2024-12-17,4.61,ARIMA,5.535194964077693
Glencore,2024-12-17,4.61,LASSO,5.52573732594704
Glencore,2024-12-17,4.61,Elastic Net,5.52573732594704
Glencore,2024-12-17,4.61,Random Forest,5.400279100529099
Glencore,2024-12-17,4.61,XGBoost,5.439174917742061
Glencore,2024-12-17,4.61,LightGBM,5.439174917742061
Glencore,2024-12-17,4.61,LSTM,5.488535918024265
Glencore,2024-12-17,4.61,GRU,5.517711405019021
Glencore,2024-12-18,4.56,Random Walk,5.41
Glencore,2024-12-18,4.56,Random Walk + Drift,5.4090876389797256
Glencore,2024-12-18,4.56,ARIMA,5.403525601232692
Glencore,2024-12-18,4.56,LASSO,5.406552094616986
Glencore,2024-12-18,4.56,Elastic Net,5.406552094616986
Glencore,2024-12-18,4.56,Random Forest,5.452882857142858
Glencore,2024-12-18,4.56,XGBoost,5.46477095310094
Glencore,2024-12-18,4.56,LightGBM,5.46477095310094
Glencore,2024-12-18,4.56,LSTM,5.515454482716461
Glencore,2024-12-18,4.56,GRU,5.46469433286929
Glencore,2024-12-19,4.43,Random Walk,5.45
Glencore,2024-12-19,4.43,Random Walk + Drift,5.449101013403073
Glencore,2024-12-19,4.43,ARIMA,5.45701066290939
Glencore,2024-12-19,4.43,LASSO,5.443117199212217
Glencore,2024-12-19,4.43,Elastic Net,5.443117199212217
Glencore,2024-12-19,4.43,Random Forest,5.5182753042328
Glencore,2024-12-19,4.43,XGBoost,5.438085386446336
Glencore,2024-12-19,4.43,LightGBM,5.438085386446336
Glencore,2024-12-19,4.43,LSTM,5.461134462785671
Glencore,2024-12-19,4.43,GRU,5.421857122573524
Glencore,2024-12-20,4.44,Random Walk,5.57
Glencore,2024-12-20,4.44,Random Walk + Drift,5.569140522875817
Glencore,2024-12-20,4.44,ARIMA,5.574544688625377
Glencore,2024-12-20,4.44,LASSO,5.561572218698581
Glencore,2024-12-20,4.44,Elastic Net,5.561572218698581
Glencore,2024-12-20,4.44,Random Forest,5.5381181481481425
Glencore,2024-12-20,4.44,XGBoost,5.540086196205849
Glencore,2024-12-20,4.44,LightGBM,5.540086196205849
Glencore,2024-12-20,4.44,LSTM,5.507773693094511
Glencore,2024-12-20,4.44,GRU,5.503151765395821
Glencore,2024-12-23,4.44,Random Walk,5.74
Glencore,2024-12-23,4.44,Random Walk + Drift,5.7391963410650115
Glencore,2024-12-23,4.44,ARIMA,5.737425349419677
Glencore,2024-12-23,4.44,LASSO,5.7284707134299895
Glencore,2024-12-23,4.44,Elastic Net,5.7284707134299895
Glencore,2024-12-23,4.44,Random Forest,5.746465793650788
Glencore,2024-12-23,4.44,XGBoost,5.746938827449112
Glencore,2024-12-23,4.44,LightGBM,5.746938827449112
Glencore,2024-12-23,4.44,LSTM,5.652459544618674
Glencore,2024-12-23,4.44,GRU,5.61752174220778
Glencore,2024-12-24,4.46,Random Walk,5.76
Glencore,2024-12-24,4.46,Random Walk + Drift,5.759203135205747
Glencore,2024-12-24,4.46,ARIMA,5.745406946629901
Glencore,2024-12-24,4.46,LASSO,5.746392915836619
Glencore,2024-12-24,4.46,Elastic Net,5.746392915836619
Glencore,2024-12-24,4.46,Random Forest,5.776829285714285
Glencore,2024-12-24,4.46,XGBoost,5.755003706304964
Glencore,2024-12-24,4.46,LightGBM,5.755003706304964
Glencore,2024-12-24,4.46,LSTM,5.753647133379075
Glencore,2024-12-24,4.46,GRU,5.756214203390671
Glencore,2024-12-27,4.46,Random Walk,5.73
Glencore,2024-12-27,4.46,Random Walk + Drift,5.729193601044728
Glencore,2024-12-27,4.46,ARIMA,5.7203030859197375
Glencore,2024-12-27,4.46,LASSO,5.7178603986370184
Glencore,2024-12-27,4.46,Elastic Net,5.7178603986370184
Glencore,2024-12-27,4.46,Random Forest,5.724647156084656
Glencore,2024-12-27,4.46,XGBoost,5.7183891283108705
Glencore,2024-12-27,4.46,LightGBM,5.7183891283108705
Glencore,2024-12-27,4.46,LSTM,5.7209373843237685
Glencore,2024-12-27,4.46,GRU,5.762850368660854
Glencore,2024-12-30,4.42,Random Walk,5.43
Glencore,2024-12-30,4.42,Random Walk + Drift,5.42909595300261
Glencore,2024-12-30,4.42,ARIMA,5.419187418984099
Glencore,2024-12-30,4.42,LASSO,5.426383092401233
Glencore,2024-12-30,4.42,Elastic Net,5.426383092401233
Glencore,2024-12-30,4.42,Random Forest,5.454654772727268
Glencore,2024-12-30,4.42,XGBoost,5.487650475589252
Glencore,2024-12-30,4.42,LightGBM,5.487650475589252
Glencore,2024-12-30,4.42,LSTM,5.674179064046042
Glencore,2024-12-30,4.42,GRU,5.586758279142199
Glencore,2024-12-31,4.42,Random Walk,5.52
Glencore,2024-12-31,4.42,Random Walk + Drift,5.519125611745514
Glencore,2024-12-31,4.42,ARIMA,5.542212613447391
Glencore,2024-12-31,4.42,LASSO,5.517173557060052
Glencore,2024-12-31,4.42,Elastic Net,5.517173557060052
Glencore,2024-12-31,4.42,Random Forest,5.449500158730155
Glencore,2024-12-31,4.42,XGBoost,5.488734455215733
Glencore,2024-12-31,4.42,LightGBM,5.488734455215733
Glencore,2024-12-31,4.42,LSTM,5.554262238120563
Glencore,2024-12-31,4.42,GRU,5.502134935923675
Glencore,2025-01-02,4.49,Random Walk,5.49
Glencore,2025-01-02,4.49,Random Walk + Drift,5.489116112198304
Glencore,2025-01-02,4.49,ARIMA,5.494468155052483
Glencore,2025-01-02,4.49,LASSO,5.488058106739314
Glencore,2025-01-02,4.49,Elastic Net,5.488058106739314
Glencore,2025-01-02,4.49,Random Forest,5.471915330687834
Glencore,2025-01-02,4.49,XGBoost,5.449503150480377
Glencore,2025-01-02,4.49,LightGBM,5.449503150480377
Glencore,2025-01-02,4.49,LSTM,5.510782994071841
Glencore,2025-01-02,4.49,GRU,5.470021144407203
Glencore,2025-01-03,4.49,Random Walk,5.57
Glencore,2025-01-03,4.49,Random Walk + Drift,5.569142484512553
Glencore,2025-01-03,4.49,ARIMA,5.5750271536910585
Glencore,2025-01-03,4.49,LASSO,5.56524700156346
Glencore,2025-01-03,4.49,Elastic Net,5.56524700156346
Glencore,2025-01-03,4.49,Random Forest,5.562424219576712
Glencore,2025-01-03,4.49,XGBoost,5.56466007777294
Glencore,2025-01-03,4.49,LightGBM,5.56466007777294
Glencore,2025-01-03,4.49,LSTM,5.48830795355924
Glencore,2025-01-03,4.49,GRU,5.506220933705372
Glencore,2025-01-06,4.59,Random Walk,5.87
Glencore,2025-01-06,4.59,Random Walk + Drift,5.869240547588006
Glencore,2025-01-06,4.59,ARIMA,5.875362582684348
Glencore,2025-01-06,4.59,LASSO,5.854225224076913
Glencore,2025-01-06,4.59,Elastic Net,5.854225224076913
Glencore,2025-01-06,4.59,Random Forest,5.857183187830679
Glencore,2025-01-06,4.59,XGBoost,5.896420939054174
Glencore,2025-01-06,4.59,LightGBM,5.896420939054174
Glencore,2025-01-06,4.59,LSTM,5.678092189547364
Glencore,2025-01-06,4.59,GRU,5.741969213605825
Glencore,2025-01-07,4.51,Random Walk,6.08
Glencore,2025-01-07,4.51,Random Walk + Drift,6.0793092212447055
Glencore,2025-01-07,4.51,ARIMA,6.065305403841967
Glencore,2025-01-07,4.51,LASSO,6.061573831507665
Glencore,2025-01-07,4.51,Elastic Net,6.061573831507665
Glencore,2025-01-07,4.51,Random Forest,6.111294007936505
Glencore,2025-01-07,4.51,XGBoost,6.032392976093312
Glencore,2025-01-07,4.51,LightGBM,6.032392976093312
Glencore,2025-01-07,4.51,LSTM,5.840859799182649
Glencore,2025-01-07,4.51,GRU,5.924729001267879
Glencore,2025-01-08,4.5,Random Walk,6.02
Glencore,2025-01-08,4.5,Random Walk + Drift,6.01928990228013
Glencore,2025-01-08,4.5,ARIMA,5.992686552477956
Glencore,2025-01-08,4.5,LASSO,6.002342017488916
Glencore,2025-01-08,4.5,Elastic Net,6.002342017488916
Glencore,2025-01-08,4.5,Random Forest,5.959616653439153
Glencore,2025-01-08,4.5,XGBoost,5.9364048106605924
Glencore,2025-01-08,4.5,LightGBM,5.9364048106605924
Glencore,2025-01-08,4.5,LSTM,5.962593660311928
Glencore,2025-01-08,4.5,GRU,6.034861775903568
Glencore,2025-01-09,4.5,Random Walk,5.84
Glencore,2025-01-09,4.5,Random Walk + Drift,5.839231520677304
Glencore,2025-01-09,4.5,ARIMA,5.825193037727139
Glencore,2025-01-09,4.5,LASSO,5.827571776325165
Glencore,2025-01-09,4.5,Elastic Net,5.827571776325165
Glencore,2025-01-09,4.5,Random Forest,5.914385939153438
Glencore,2025-01-09,4.5,XGBoost,5.892668635276527
Glencore,2025-01-09,4.5,LightGBM,5.892668635276527
Glencore,2025-01-09,4.5,LSTM,5.965442538699252
Glencore,2025-01-09,4.5,GRU,5.952789062457675
Glencore,2025-01-10,4.38,Random Walk,5.83
Glencore,2025-01-10,4.38,Random Walk + Drift,5.829228515625
Glencore,2025-01-10,4.38,ARIMA,5.838630592721177
Glencore,2025-01-10,4.38,LASSO,5.822970962824208
Glencore,2025-01-10,4.38,Elastic Net,5.822970962824208
Glencore,2025-01-10,4.38,Random Forest,5.853438201058198
Glencore,2025-01-10,4.38,XGBoost,5.82778148550622
Glencore,2025-01-10,4.38,LightGBM,5.82778148550622
Glencore,2025-01-10,4.38,LSTM,5.895493203093784
Glencore,2025-01-10,4.38,GRU,5.902872076730536
Glencore,2025-01-13,4.44,Random Walk,5.78
Glencore,2025-01-13,4.44,Random Walk + Drift,5.779212495932314
Glencore,2025-01-13,4.44,ARIMA,5.784868802245195
Glencore,2025-01-13,4.44,LASSO,5.777381784432704
Glencore,2025-01-13,4.44,Elastic Net,5.777381784432704
Glencore,2025-01-13,4.44,Random Forest,5.814596706349213
Glencore,2025-01-13,4.44,XGBoost,5.824127219025431
Glencore,2025-01-13,4.44,LightGBM,5.824127219025431
Glencore,2025-01-13,4.44,LSTM,5.847487517381316
Glencore,2025-01-13,4.44,GRU,5.90539680219076
Glencore,2025-01-14,4.49,Random Walk,5.99
Glencore,2025-01-14,4.49,Random Walk + Drift,5.989281067013663
Glencore,2025-01-14,4.49,ARIMA,6.002977873296287
Glencore,2025-01-14,4.49,LASSO,5.981693389477403
Glencore,2025-01-14,4.49,Elastic Net,5.981693389477403
Glencore,2025-01-14,4.49,Random Forest,6.0143625793650815
Glencore,2025-01-14,4.49,XGBoost,5.913321196115544
Glencore,2025-01-14,4.49,LightGBM,5.913321196115544
Glencore,2025-01-14,4.49,LSTM,5.880468137541088
Glencore,2025-01-14,4.49,GRU,5.894083439515962
Glencore,2025-01-15,4.51,Random Walk,5.99
Glencore,2025-01-15,4.51,Random Walk + Drift,5.989281300813008
Glencore,2025-01-15,4.51,ARIMA,5.9794925796821214
Glencore,2025-01-15,4.51,LASSO,5.978664865089631
Glencore,2025-01-15,4.51,Elastic Net,5.978664865089631
Glencore,2025-01-15,4.51,Random Forest,5.995292857142857
Glencore,2025-01-15,4.51,XGBoost,5.960297466937437
Glencore,2025-01-15,4.51,LightGBM,5.960297466937437
Glencore,2025-01-15,4.51,LSTM,5.875793363704543
Glencore,2025-01-15,4.51,GRU,5.98646602544072
Glencore,2025-01-16,4.53,Random Walk,6.05
Glencore,2025-01-16,4.53,Random Walk + Drift,6.049301040312093
Glencore,2025-01-16,4.53,ARIMA,6.044901192698733
Glencore,2025-01-16,4.53,LASSO,6.037161437807954
Glencore,2025-01-16,4.53,Elastic Net,6.037161437807954
Glencore,2025-01-16,4.53,Random Forest,6.029633584656083
Glencore,2025-01-16,4.53,XGBoost,6.00701065852257
Glencore,2025-01-16,4.53,LightGBM,6.00701065852257
Glencore,2025-01-16,4.53,LSTM,5.98208423074387
Glencore,2025-01-16,4.53,GRU,6.042863046720851
Glencore,2025-01-17,4.62,Random Walk,6.13
Glencore,2025-01-17,4.62,Random Walk + Drift,6.129327266818329
Glencore,2025-01-17,4.62,ARIMA,6.125766291828372
Glencore,2025-01-17,4.62,LASSO,6.114897452541558
Glencore,2025-01-17,4.62,Elastic Net,6.114897452541558
Glencore,2025-01-17,4.62,Random Forest,6.162159920634919
Glencore,2025-01-17,4.62,XGBoost,6.19750994575946
Glencore,2025-01-17,4.62,LightGBM,6.19750994575946
Glencore,2025-01-17,4.62,LSTM,5.9856199724664565
Glencore,2025-01-17,4.62,GRU,6.100779228619171
Glencore,2025-01-20,4.77,Random Walk,5.99
Glencore,2025-01-20,4.77,Random Walk + Drift,5.989282001299546
Glencore,2025-01-20,4.77,ARIMA,5.977044599991528
Glencore,2025-01-20,4.77,LASSO,5.981401716053135
Glencore,2025-01-20,4.77,Elastic Net,5.981401716053135
Glencore,2025-01-20,4.77,Random Forest,5.923704642857146
Glencore,2025-01-20,4.77,XGBoost,5.972862798973413
Glencore,2025-01-20,4.77,LightGBM,5.972862798973413
Glencore,2025-01-20,4.77,LSTM,6.049079937532149
Glencore,2025-01-20,4.77,GRU,6.059966695369597
Glencore,2025-01-21,4.7,Random Walk,5.92
Glencore,2025-01-21,4.7,Random Walk + Drift,5.91925949983761
Glencore,2025-01-21,4.7,ARIMA,5.922326224896837
Glencore,2025-01-21,4.7,LASSO,5.912981180816876
Glencore,2025-01-21,4.7,Elastic Net,5.912981180816876
Glencore,2025-01-21,4.7,Random Forest,5.835487182539678
Glencore,2025-01-21,4.7,XGBoost,5.920138566927405
Glencore,2025-01-21,4.7,LightGBM,5.920138566927405
Glencore,2025-01-21,4.7,LSTM,5.966124698146137
Glencore,2025-01-21,4.7,GRU,5.935556719208435
Glencore,2025-01-22,4.65,Random Walk,5.91
Glencore,2025-01-22,4.65,Random Walk + Drift,5.9092564935064935
Glencore,2025-01-22,4.65,ARIMA,5.917757468081597
Glencore,2025-01-22,4.65,LASSO,5.904286884867681
Glencore,2025-01-22,4.65,Elastic Net,5.904286884867681
Glencore,2025-01-22,4.65,Random Forest,5.849136230158729
Glencore,2025-01-22,4.65,XGBoost,5.9184866403679335
Glencore,2025-01-22,4.65,LightGBM,5.9184866403679335
Glencore,2025-01-22,4.65,LSTM,5.953423033164544
Glencore,2025-01-22,4.65,GRU,5.98051586844891
Glencore,2025-01-23,4.61,Random Walk,5.99
Glencore,2025-01-23,4.61,Random Walk + Drift,5.989282700421941
Glencore,2025-01-23,4.61,ARIMA,5.9975470899267505
Glencore,2025-01-23,4.61,LASSO,5.98379538944749
Glencore,2025-01-23,4.61,Elastic Net,5.98379538944749
Glencore,2025-01-23,4.61,Random Forest,5.9520306878306855
Glencore,2025-01-23,4.61,XGBoost,5.989625728650776
Glencore,2025-01-23,4.61,LightGBM,5.989625728650776
Glencore,2025-01-23,4.61,LSTM,5.955574133171132
Glencore,2025-01-23,4.61,GRU,5.907449709436988
Glencore,2025-01-24,4.68,Random Walk,5.93
Glencore,2025-01-24,4.68,Random Walk + Drift,5.9292634652822835
Glencore,2025-01-24,4.68,ARIMA,5.9250960723816934
Glencore,2025-01-24,4.68,LASSO,5.922654330841595
Glencore,2025-01-24,4.68,Elastic Net,5.922654330841595
Glencore,2025-01-24,4.68,Random Forest,5.923873968253968
Glencore,2025-01-24,4.68,XGBoost,5.9676335828561475
Glencore,2025-01-24,4.68,LightGBM,5.9676335828561475
Glencore,2025-01-24,4.68,LSTM,5.929422843849508
Glencore,2025-01-24,4.68,GRU,5.93724655164102
Glencore,2025-01-27,4.52,Random Walk,5.79
Glencore,2025-01-27,4.52,Random Walk + Drift,5.789218293869608
Glencore,2025-01-27,4.52,ARIMA,5.7870867171036995
Glencore,2025-01-27,4.52,LASSO,5.784528631029788
Glencore,2025-01-27,4.52,Elastic Net,5.784528631029788
Glencore,2025-01-27,4.52,Random Forest,5.800332301587301
Glencore,2025-01-27,4.52,XGBoost,5.754796452249523
Glencore,2025-01-27,4.52,LightGBM,5.754796452249523
Glencore,2025-01-27,4.52,LSTM,5.910352716103617
Glencore,2025-01-27,4.52,GRU,5.861315972940611
Glencore,2025-01-28,4.42,Random Walk,5.79
Glencore,2025-01-28,4.42,Random Walk + Drift,5.7892185473411155
Glencore,2025-01-28,4.42,ARIMA,5.800332797893994
Glencore,2025-01-28,4.42,LASSO,5.7844528556527095
Glencore,2025-01-28,4.42,Elastic Net,5.7844528556527095
Glencore,2025-01-28,4.42,Random Forest,5.7930148015873035
Glencore,2025-01-28,4.42,XGBoost,5.778133929648566
Glencore,2025-01-28,4.42,LightGBM,5.778133929648566
Glencore,2025-01-28,4.42,LSTM,5.842420310237486
Glencore,2025-01-28,4.42,GRU,5.789046831777067
Glencore,2025-01-29,4.3,Random Walk,5.82
Glencore,2025-01-29,4.3,Random Walk + Drift,5.819228525121556
Glencore,2025-01-29,4.3,ARIMA,5.826919799181119
Glencore,2025-01-29,4.3,LASSO,5.81509576775051
Glencore,2025-01-29,4.3,Elastic Net,5.81509576775051
Glencore,2025-01-29,4.3,Random Forest,5.894871997354495
Glencore,2025-01-29,4.3,XGBoost,5.8446959244233065
Glencore,2025-01-29,4.3,LightGBM,5.8446959244233065
Glencore,2025-01-29,4.3,LSTM,5.789778892243518
Glencore,2025-01-29,4.3,GRU,5.778224705358165
Glencore,2025-01-30,4.38,Random Walk,5.75
Glencore,2025-01-30,4.38,Random Walk + Drift,5.7492060920285155
Glencore,2025-01-30,4.38,ARIMA,5.748247729448479
Glencore,2025-01-30,4.38,LASSO,5.74544357086369
Glencore,2025-01-30,4.38,Elastic Net,5.74544357086369
Glencore,2025-01-30,4.38,Random Forest,5.814765753968255
Glencore,2025-01-30,4.38,XGBoost,5.77811049556678
Glencore,2025-01-30,4.38,LightGBM,5.77811049556678
Glencore,2025-01-30,4.38,LSTM,5.80434953149203
Glencore,2025-01-30,4.38,GRU,5.749806036374397
Glencore,2025-01-31,4.34,Random Walk,5.59
Glencore,2025-01-31,4.34,Random Walk + Drift,5.589154518950437
Glencore,2025-01-31,4.34,ARIMA,5.589029346582467
Glencore,2025-01-31,4.34,LASSO,5.5866014353228355
Glencore,2025-01-31,4.34,Elastic Net,5.5866014353228355
Glencore,2025-01-31,4.34,Random Forest,5.549034867724872
Glencore,2025-01-31,4.34,XGBoost,5.593208169303672
Glencore,2025-01-31,4.34,LightGBM,5.593208169303672
Glencore,2025-01-31,4.34,LSTM,5.736901383825295
Glencore,2025-01-31,4.34,GRU,5.669137379472964
Glencore,2025-02-03,4.26,Random Walk,5.7
Glencore,2025-02-03,4.26,Random Walk + Drift,5.699190414507772
Glencore,2025-02-03,4.26,ARIMA,5.71634914410929
Glencore,2025-02-03,4.26,LASSO,5.694247496402236
Glencore,2025-02-03,4.26,Elastic Net,5.694247496402236
Glencore,2025-02-03,4.26,Random Forest,5.648876284271287
Glencore,2025-02-03,4.26,XGBoost,5.673447943535868
Glencore,2025-02-03,4.26,LightGBM,5.673447943535868
Glencore,2025-02-03,4.26,LSTM,5.680249915996172
Glencore,2025-02-03,4.26,GRU,5.685017032866121
Glencore,2025-02-04,4.35,Random Walk,5.68
Glencore,2025-02-04,4.35,Random Walk + Drift,5.6791842020071215
Glencore,2025-02-04,4.35,ARIMA,5.679285562696643
Glencore,2025-02-04,4.35,LASSO,5.675104454406101
Glencore,2025-02-04,4.35,Elastic Net,5.675104454406101
Glencore,2025-02-04,4.35,Random Forest,5.70323043650794
Glencore,2025-02-04,4.35,XGBoost,5.675843779565324
Glencore,2025-02-04,4.35,LightGBM,5.675843779565324
Glencore,2025-02-04,4.35,LSTM,5.674604515068264
Glencore,2025-02-04,4.35,GRU,5.6436012871818475
Glencore,2025-02-05,4.35,Random Walk,5.56
Glencore,2025-02-05,4.35,Random Walk + Drift,5.559145631067961
Glencore,2025-02-05,4.35,ARIMA,5.556155087967824
Glencore,2025-02-05,4.35,LASSO,5.55635265628067
Glencore,2025-02-05,4.35,Elastic Net,5.55635265628067
Glencore,2025-02-05,4.35,Random Forest,5.495362103174602
Glencore,2025-02-05,4.35,XGBoost,5.570903054062737
Glencore,2025-02-05,4.35,LightGBM,5.570903054062737
Glencore,2025-02-05,4.35,LSTM,5.656354749535125
Glencore,2025-02-05,4.35,GRU,5.59040873411326
Glencore,2025-02-06,4.41,Random Walk,5.42
Glencore,2025-02-06,4.41,Random Walk + Drift,5.419100614687803
Glencore,2025-02-06,4.41,ARIMA,5.423311556239485
Glencore,2025-02-06,4.41,LASSO,5.4169840398985905
Glencore,2025-02-06,4.41,Elastic Net,5.4169840398985905
Glencore,2025-02-06,4.41,Random Forest,5.488141405723904
Glencore,2025-02-06,4.41,XGBoost,5.487415408358747
Glencore,2025-02-06,4.41,LightGBM,5.487415408358747
Glencore,2025-02-06,4.41,LSTM,5.521820433290887
Glencore,2025-02-06,4.41,GRU,5.521827574123884
Glencore,2025-02-07,4.45,Random Walk,5.25
Glencore,2025-02-07,4.45,Random Walk + Drift,5.249045924967659
Glencore,2025-02-07,4.45,ARIMA,5.258020588493787
Glencore,2025-02-07,4.45,LASSO,5.252344213664575
Glencore,2025-02-07,4.45,Elastic Net,5.252344213664575
Glencore,2025-02-07,4.45,Random Forest,5.261514179894179
Glencore,2025-02-07,4.45,XGBoost,5.247852082405878
Glencore,2025-02-07,4.45,LightGBM,5.247852082405878
Glencore,2025-02-07,4.45,LSTM,5.278367256295162
Glencore,2025-02-07,4.45,GRU,5.360917643623033
Glencore,2025-02-10,4.44,Random Walk,5.26
Glencore,2025-02-10,4.44,Random Walk + Drift,5.259049466537342
Glencore,2025-02-10,4.44,ARIMA,5.278380171871347
Glencore,2025-02-10,4.44,LASSO,5.261620856616821
Glencore,2025-02-10,4.44,Elastic Net,5.261620856616821
Glencore,2025-02-10,4.44,Random Forest,5.27935394179894
Glencore,2025-02-10,4.44,XGBoost,5.313557379324243
Glencore,2025-02-10,4.44,LightGBM,5.313557379324243
Glencore,2025-02-10,4.44,LSTM,5.28542383238611
Glencore,2025-02-10,4.44,GRU,5.255621218444823
Glencore,2025-02-11,4.35,Random Walk,5.32
Glencore,2025-02-11,4.35,Random Walk + Drift,5.31906916612799
Glencore,2025-02-11,4.35,ARIMA,5.330407318331723
Glencore,2025-02-11,4.35,LASSO,5.318232159668401
Glencore,2025-02-11,4.35,Elastic Net,5.318232159668401
Glencore,2025-02-11,4.35,Random Forest,5.355607579365073
Glencore,2025-02-11,4.35,XGBoost,5.375906985281603
Glencore,2025-02-11,4.35,LightGBM,5.375906985281603
Glencore,2025-02-11,4.35,LSTM,5.254951323837944
Glencore,2025-02-11,4.35,GRU,5.315400614525881
Glencore,2025-02-12,4.24,Random Walk,5.22
Glencore,2025-02-12,4.24,Random Walk + Drift,5.219037156704362
Glencore,2025-02-12,4.24,ARIMA,5.2156517209158
Glencore,2025-02-12,4.24,LASSO,5.21788273403998
Glencore,2025-02-12,4.24,Elastic Net,5.21788273403998
Glencore,2025-02-12,4.24,Random Forest,5.187987698412699
Glencore,2025-02-12,4.24,XGBoost,5.2174033685722305
Glencore,2025-02-12,4.24,LightGBM,5.2174033685722305
Glencore,2025-02-12,4.24,LSTM,5.238521088734912
Glencore,2025-02-12,4.24,GRU,5.240047900580637
Glencore,2025-02-13,4.34,Random Walk,5.28
Glencore,2025-02-13,4.34,Random Walk + Drift,5.2790568475452195
Glencore,2025-02-13,4.34,ARIMA,5.287040917763716
Glencore,2025-02-13,4.34,LASSO,5.2738256597545305
Glencore,2025-02-13,4.34,Elastic Net,5.2738256597545305
Glencore,2025-02-13,4.34,Random Forest,5.272198888888888
Glencore,2025-02-13,4.34,XGBoost,5.281980290338251
Glencore,2025-02-13,4.34,LightGBM,5.281980290338251
Glencore,2025-02-13,4.34,LSTM,5.222040474568224
Glencore,2025-02-13,4.34,GRU,5.259443346739705
Glencore,2025-02-14,4.45,Random Walk,5.39
Glencore,2025-02-14,4.45,Random Walk + Drift,5.3890926703261215
Glencore,2025-02-14,4.45,ARIMA,5.392792189630728
Glencore,2025-02-14,4.45,LASSO,5.381659036144553
Glencore,2025-02-14,4.45,Elastic Net,5.381659036144553
Glencore,2025-02-14,4.45,Random Forest,5.372799074074073
Glencore,2025-02-14,4.45,XGBoost,5.363884189565483
Glencore,2025-02-14,4.45,LightGBM,5.363884189565483
Glencore,2025-02-14,4.45,LSTM,5.336265099490588
Glencore,2025-02-14,4.45,GRU,5.340179080251659
Glencore,2025-02-17,4.42,Random Walk,5.43
Glencore,2025-02-17,4.42,Random Walk + Drift,5.429105874757908
Glencore,2025-02-17,4.42,ARIMA,5.423157494257766
Glencore,2025-02-17,4.42,LASSO,5.421642529468359
Glencore,2025-02-17,4.42,Elastic Net,5.421642529468359
Glencore,2025-02-17,4.42,Random Forest,5.395916957671961
Glencore,2025-02-17,4.42,XGBoost,5.420794540568814
Glencore,2025-02-17,4.42,LightGBM,5.420794540568814
Glencore,2025-02-17,4.42,LSTM,5.39751516182091
Glencore,2025-02-17,4.42,GRU,5.395854811443476
Glencore,2025-02-18,4.46,Random Walk,5.32
Glencore,2025-02-18,4.46,Random Walk + Drift,5.319070667957406
Glencore,2025-02-18,4.46,ARIMA,5.309209275593878
Glencore,2025-02-18,4.46,LASSO,5.31249005415588
Glencore,2025-02-18,4.46,Elastic Net,5.31249005415588
Glencore,2025-02-18,4.46,Random Forest,5.30992305555555
Glencore,2025-02-18,4.46,XGBoost,5.291687029767626
Glencore,2025-02-18,4.46,LightGBM,5.291687029767626
Glencore,2025-02-18,4.46,LSTM,5.390216692930098
Glencore,2025-02-18,4.46,GRU,5.3879377022842005
Glencore,2025-02-19,4.13,Random Walk,5.28
Glencore,2025-02-19,4.13,Random Walk + Drift,5.279058064516129
Glencore,2025-02-19,4.13,ARIMA,5.282601808498229
Glencore,2025-02-19,4.13,LASSO,5.2745168083642175
Glencore,2025-02-19,4.13,Elastic Net,5.2745168083642175
Glencore,2025-02-19,4.13,Random Forest,5.27027882275132
Glencore,2025-02-19,4.13,XGBoost,5.257153514677297
Glencore,2025-02-19,4.13,LightGBM,5.257153514677297
Glencore,2025-02-19,4.13,LSTM,5.344848902128556
Glencore,2025-02-19,4.13,GRU,5.30751455091969
Glencore,2025-02-20,4.12,Random Walk,5.46
Glencore,2025-02-20,4.12,Random Walk + Drift,5.459116414059981
Glencore,2025-02-20,4.12,ARIMA,5.471495866307618
Glencore,2025-02-20,4.12,LASSO,5.45239459711828
Glencore,2025-02-20,4.12,Elastic Net,5.45239459711828
Glencore,2025-02-20,4.12,Random Forest,5.461151746031749
Glencore,2025-02-20,4.12,XGBoost,5.473565257437789
Glencore,2025-02-20,4.12,LightGBM,5.473565257437789
Glencore,2025-02-20,4.12,LSTM,5.379725735012029
Glencore,2025-02-20,4.12,GRU,5.3763361600826975
Glencore,2025-02-21,4.09,Random Walk,5.5
Glencore,2025-02-21,4.09,Random Walk + Drift,5.499129593810445
Glencore,2025-02-21,4.09,ARIMA,5.492176277734773
Glencore,2025-02-21,4.09,LASSO,5.491976865717126
Glencore,2025-02-21,4.09,Elastic Net,5.491976865717126
Glencore,2025-02-21,4.09,Random Forest,5.466052023809519
Glencore,2025-02-21,4.09,XGBoost,5.443539711437894
Glencore,2025-02-21,4.09,LightGBM,5.443539711437894
Glencore,2025-02-21,4.09,LSTM,5.358350562808585
Glencore,2025-02-21,4.09,GRU,5.458019950846856
Glencore,2025-02-24,4.01,Random Walk,5.34
Glencore,2025-02-24,4.01,Random Walk + Drift,5.339078311311634
Glencore,2025-02-24,4.01,ARIMA,5.326383792799633
Glencore,2025-02-24,4.01,LASSO,5.333660672604145
Glencore,2025-02-24,4.01,Elastic Net,5.333660672604145
Glencore,2025-02-24,4.01,Random Forest,5.360969920634924
Glencore,2025-02-24,4.01,XGBoost,5.361284493544587
Glencore,2025-02-24,4.01,LightGBM,5.361284493544587
Glencore,2025-02-24,4.01,LSTM,5.42931407845494
Glencore,2025-02-24,4.01,GRU,5.421829960214826
Glencore,2025-02-25,4.0,Random Walk,5.38
Glencore,2025-02-25,4.0,Random Walk + Drift,5.379091494845361
Glencore,2025-02-25,4.0,ARIMA,5.388259343168182
Glencore,2025-02-25,4.0,LASSO,5.372460625736801
Glencore,2025-02-25,4.0,Elastic Net,5.372460625736801
Glencore,2025-02-25,4.0,Random Forest,5.426508796296296
Glencore,2025-02-25,4.0,XGBoost,5.422748464927851
Glencore,2025-02-25,4.0,LightGBM,5.422748464927851
Glencore,2025-02-25,4.0,LSTM,5.419734768515993
Glencore,2025-02-25,4.0,GRU,5.402849360818224
Glencore,2025-02-26,4.08,Random Walk,5.5
Glencore,2025-02-26,4.08,Random Walk + Drift,5.499130434782609
Glencore,2025-02-26,4.08,ARIMA,5.505873132828707
Glencore,2025-02-26,4.08,LASSO,5.49278377810374
Glencore,2025-02-26,4.08,Elastic Net,5.49278377810374
Glencore,2025-02-26,4.08,Random Forest,5.50165943121693
Glencore,2025-02-26,4.08,XGBoost,5.488374095256552
Glencore,2025-02-26,4.08,LightGBM,5.488374095256552
Glencore,2025-02-26,4.08,LSTM,5.470122989285517
Glencore,2025-02-26,4.08,GRU,5.434254152017645
Glencore,2025-02-27,3.99,Random Walk,5.43
Glencore,2025-02-27,3.99,Random Walk + Drift,5.429108177720541
Glencore,2025-02-27,3.99,ARIMA,5.42002919125243
Glencore,2025-02-27,3.99,LASSO,5.4246654549981965
Glencore,2025-02-27,3.99,Elastic Net,5.4246654549981965
Glencore,2025-02-27,3.99,Random Forest,5.426111812169316
Glencore,2025-02-27,3.99,XGBoost,5.411477490702827
Glencore,2025-02-27,3.99,LightGBM,5.411477490702827
Glencore,2025-02-27,3.99,LSTM,5.396767349339913
Glencore,2025-02-27,3.99,GRU,5.433330936640161
Glencore,2025-02-28,4.01,Random Walk,5.37
Glencore,2025-02-28,4.01,Random Walk + Drift,5.3690891535243
Glencore,2025-02-28,4.01,ARIMA,5.368446317288326
Glencore,2025-02-28,4.01,LASSO,5.363524916383082
Glencore,2025-02-28,4.01,Elastic Net,5.363524916383082
Glencore,2025-02-28,4.01,Random Forest,5.428061084656082
Glencore,2025-02-28,4.01,XGBoost,5.385563808027579
Glencore,2025-02-28,4.01,LightGBM,5.385563808027579
Glencore,2025-02-28,4.01,LSTM,5.452777602278736
Glencore,2025-02-28,4.01,GRU,5.400301475650846
Glencore,2025-03-03,4.11,Random Walk,5.28
Glencore,2025-03-03,4.11,Random Walk + Drift,5.279060489060489
Glencore,2025-03-03,4.11,ARIMA,5.2820406631016485
Glencore,2025-03-03,4.11,LASSO,5.276472332031625
Glencore,2025-03-03,4.11,Elastic Net,5.276472332031625
Glencore,2025-03-03,4.11,Random Forest,5.323969576719577
Glencore,2025-03-03,4.11,XGBoost,5.31686436588812
Glencore,2025-03-03,4.11,LightGBM,5.31686436588812
Glencore,2025-03-03,4.11,LSTM,5.352471030275641
Glencore,2025-03-03,4.11,GRU,5.312418178647947
Glencore,2025-03-04,4.0,Random Walk,5.31
Glencore,2025-03-04,4.0,Random Walk + Drift,5.309070440656159
Glencore,2025-03-04,4.0,ARIMA,5.31968853053851
Glencore,2025-03-04,4.0,LASSO,5.307579551668628
Glencore,2025-03-04,4.0,Elastic Net,5.307579551668628
Glencore,2025-03-04,4.0,Random Forest,5.302499351851847
Glencore,2025-03-04,4.0,XGBoost,5.306927060473498
Glencore,2025-03-04,4.0,LightGBM,5.306927060473498
Glencore,2025-03-04,4.0,LSTM,5.339085559190519
Glencore,2025-03-04,4.0,GRU,5.288387186436224
Glencore,2025-03-05,4.14,Random Walk,5.45
Glencore,2025-03-05,4.14,Random Walk + Drift,5.44911575562701
Glencore,2025-03-05,4.14,ARIMA,5.456832838973733
Glencore,2025-03-05,4.14,LASSO,5.443147578453316
Glencore,2025-03-05,4.14,Elastic Net,5.443147578453316
Glencore,2025-03-05,4.14,Random Forest,5.390659682539683
Glencore,2025-03-05,4.14,XGBoost,5.4061159951842415
Glencore,2025-03-05,4.14,LightGBM,5.4061159951842415
Glencore,2025-03-05,4.14,LSTM,5.355347360293731
Glencore,2025-03-05,4.14,GRU,5.400109326437169
Glencore,2025-03-06,4.22,Random Walk,5.43
Glencore,2025-03-06,4.22,Random Walk + Drift,5.429109611057537
Glencore,2025-03-06,4.22,ARIMA,5.420277747766987
Glencore,2025-03-06,4.22,LASSO,5.4224285173307
Glencore,2025-03-06,4.22,Elastic Net,5.4224285173307
Glencore,2025-03-06,4.22,Random Forest,5.445874920634922
Glencore,2025-03-06,4.22,XGBoost,5.410111126609573
Glencore,2025-03-06,4.22,LightGBM,5.410111126609573
Glencore,2025-03-06,4.22,LSTM,5.43397170497507
Glencore,2025-03-06,4.22,GRU,5.403794691585073
Glencore,2025-03-07,4.12,Random Walk,5.39
Glencore,2025-03-07,4.12,Random Walk + Drift,5.389097043701799
Glencore,2025-03-07,4.12,ARIMA,5.384897229344169
Glencore,2025-03-07,4.12,LASSO,5.381938011342074
Glencore,2025-03-07,4.12,Elastic Net,5.381938011342074
Glencore,2025-03-07,4.12,Random Forest,5.4270390608465595
Glencore,2025-03-07,4.12,XGBoost,5.401134888334056
Glencore,2025-03-07,4.12,LightGBM,5.401134888334056
Glencore,2025-03-07,4.12,LSTM,5.379972321530596
Glencore,2025-03-07,4.12,GRU,5.411205825112951
Glencore,2025-03-10,4.06,Random Walk,5.59
Glencore,2025-03-10,4.06,Random Walk + Drift,5.589161580469001
Glencore,2025-03-10,4.06,ARIMA,5.598018715508708
Glencore,2025-03-10,4.06,LASSO,5.578232106268426
Glencore,2025-03-10,4.06,Elastic Net,5.578232106268426
Glencore,2025-03-10,4.06,Random Forest,5.582203245550741
Glencore,2025-03-10,4.06,XGBoost,5.593345773555843
Glencore,2025-03-10,4.06,LightGBM,5.593345773555843
Glencore,2025-03-10,4.06,LSTM,5.530252295510238
Glencore,2025-03-10,4.06,GRU,5.50585128605743
Glencore,2025-03-11,4.06,Random Walk,5.65
Glencore,2025-03-11,4.06,Random Walk + Drift,5.649181117533719
Glencore,2025-03-11,4.06,ARIMA,5.639511276299512
Glencore,2025-03-11,4.06,LASSO,5.639121734674096
Glencore,2025-03-11,4.06,Elastic Net,5.639121734674096
Glencore,2025-03-11,4.06,Random Forest,5.622850211640209
Glencore,2025-03-11,4.06,XGBoost,5.615664146219935
Glencore,2025-03-11,4.06,LightGBM,5.615664146219935
Glencore,2025-03-11,4.06,LSTM,5.60572796825547
Glencore,2025-03-11,4.06,GRU,5.640233317331047
Glencore,2025-03-12,4.05,Random Walk,5.69
Glencore,2025-03-12,4.05,Random Walk + Drift,5.689194221508829
Glencore,2025-03-12,4.05,ARIMA,5.680453184468752
Glencore,2025-03-12,4.05,LASSO,5.677845191235955
Glencore,2025-03-12,4.05,Elastic Net,5.677845191235955
Glencore,2025-03-12,4.05,Random Forest,5.651478425925926
Glencore,2025-03-12,4.05,XGBoost,5.6407546011535405
Glencore,2025-03-12,4.05,LightGBM,5.6407546011535405
Glencore,2025-03-12,4.05,LSTM,5.641358431895409
Glencore,2025-03-12,4.05,GRU,5.678936991979593
Glencore,2025-03-13,4.05,Random Walk,5.74
Glencore,2025-03-13,4.05,Random Walk + Drift,5.73921052631579
Glencore,2025-03-13,4.05,ARIMA,5.734280931073511
Glencore,2025-03-13,4.05,LASSO,5.726597582986655
Glencore,2025-03-13,4.05,Elastic Net,5.726597582986655
Glencore,2025-03-13,4.05,Random Forest,5.664020674603173
Glencore,2025-03-13,4.05,XGBoost,5.697076852916763
Glencore,2025-03-13,4.05,LightGBM,5.697076852916763
Glencore,2025-03-13,4.05,LSTM,5.739036755610396
Glencore,2025-03-13,4.05,GRU,5.742028752090464
Glencore,2025-03-14,4.15,Random Walk,5.73
Glencore,2025-03-14,4.15,Random Walk + Drift,5.72920757138274
Glencore,2025-03-14,4.15,ARIMA,5.723292483024145
Glencore,2025-03-14,4.15,LASSO,5.720127958761187
Glencore,2025-03-14,4.15,Elastic Net,5.720127958761187
Glencore,2025-03-14,4.15,Random Forest,5.6485922222222245
Glencore,2025-03-14,4.15,XGBoost,5.68217894229821
Glencore,2025-03-14,4.15,LightGBM,5.68217894229821
Glencore,2025-03-14,4.15,LSTM,5.7127640449026345
Glencore,2025-03-14,4.15,GRU,5.7480552216604615
Glencore,2025-03-17,4.14,Random Walk,5.56
Glencore,2025-03-17,4.14,Random Walk + Drift,5.559153303399615
Glencore,2025-03-17,4.14,ARIMA,5.552215547093905
Glencore,2025-03-17,4.14,LASSO,5.554943019173319
Glencore,2025-03-17,4.14,Elastic Net,5.554943019173319
Glencore,2025-03-17,4.14,Random Forest,5.505907380952378
Glencore,2025-03-17,4.14,XGBoost,5.515196854271468
Glencore,2025-03-17,4.14,LightGBM,5.515196854271468
Glencore,2025-03-17,4.14,LSTM,5.680582670077968
Glencore,2025-03-17,4.14,GRU,5.646199909894862
Glencore,2025-03-18,4.15,Random Walk,5.57
Glencore,2025-03-18,4.15,Random Walk + Drift,5.569156781019558
Glencore,2025-03-18,4.15,ARIMA,5.581192358726652
Glencore,2025-03-18,4.15,LASSO,5.5654721935387546
Glencore,2025-03-18,4.15,Elastic Net,5.5654721935387546
Glencore,2025-03-18,4.15,Random Forest,5.642316177248676
Glencore,2025-03-18,4.15,XGBoost,5.56935141820386
Glencore,2025-03-18,4.15,LightGBM,5.56935141820386
Glencore,2025-03-18,4.15,LSTM,5.580979804876114
Glencore,2025-03-18,4.15,GRU,5.589025923916507
Glencore,2025-03-19,4.1,Random Walk,5.53
Glencore,2025-03-19,4.1,Random Walk + Drift,5.529144230769231
Glencore,2025-03-19,4.1,ARIMA,5.533973063389596
Glencore,2025-03-19,4.1,LASSO,5.527132294381904
Glencore,2025-03-19,4.1,Elastic Net,5.527132294381904
Glencore,2025-03-19,4.1,Random Forest,5.491587566137568
Glencore,2025-03-19,4.1,XGBoost,5.4854950995355045
Glencore,2025-03-19,4.1,LightGBM,5.4854950995355045
Glencore,2025-03-19,4.1,LSTM,5.493374906940082
Glencore,2025-03-19,4.1,GRU,5.553690782812719
Glencore,2025-03-20,4.02,Random Walk,5.49
Glencore,2025-03-20,4.02,Random Walk + Drift,5.489131688561359
Glencore,2025-03-20,4.02,ARIMA,5.493320689713294
Glencore,2025-03-20,4.02,LASSO,5.4874901504424685
Glencore,2025-03-20,4.02,Elastic Net,5.4874901504424685
Glencore,2025-03-20,4.02,Random Forest,5.491224206349204
Glencore,2025-03-20,4.02,XGBoost,5.512720372545781
Glencore,2025-03-20,4.02,LightGBM,5.512720372545781
Glencore,2025-03-20,4.02,LSTM,5.454088999596815
Glencore,2025-03-20,4.02,GRU,5.525190898233232
Glencore,2025-03-21,3.87,Random Walk,5.5
Glencore,2025-03-21,3.87,Random Walk + Drift,5.4991351697629725
Glencore,2025-03-21,3.87,ARIMA,5.505108314946517
Glencore,2025-03-21,3.87,LASSO,5.494581378223222
Glencore,2025-03-21,3.87,Elastic Net,5.494581378223222
Glencore,2025-03-21,3.87,Random Forest,5.520992275132274
Glencore,2025-03-21,3.87,XGBoost,5.508918461146658
Glencore,2025-03-21,3.87,LightGBM,5.508918461146658
Glencore,2025-03-21,3.87,LSTM,5.506962419784123
Glencore,2025-03-21,3.87,GRU,5.516958516084567
Glencore,2025-03-24,3.91,Random Walk,5.62
Glencore,2025-03-24,3.91,Random Walk + Drift,5.619173871277618
Glencore,2025-03-24,3.91,ARIMA,5.625463299449102
Glencore,2025-03-24,3.91,LASSO,5.61199144906984
Glencore,2025-03-24,3.91,Elastic Net,5.61199144906984
Glencore,2025-03-24,3.91,Random Forest,5.569507499999998
Glencore,2025-03-24,3.91,XGBoost,5.5849650541044324
Glencore,2025-03-24,3.91,LightGBM,5.5849650541044324
Glencore,2025-03-24,3.91,LSTM,5.552596448562758
Glencore,2025-03-24,3.91,GRU,5.52001832334262
Glencore,2025-03-25,3.94,Random Walk,5.73
Glencore,2025-03-25,3.94,Random Walk + Drift,5.729209346991038
Glencore,2025-03-25,3.94,ARIMA,5.7259720978756565
Glencore,2025-03-25,3.94,LASSO,5.718849489868117
Glencore,2025-03-25,3.94,Elastic Net,5.718849489868117
Glencore,2025-03-25,3.94,Random Forest,5.728882235449736
Glencore,2025-03-25,3.94,XGBoost,5.695503156035093
Glencore,2025-03-25,3.94,LightGBM,5.695503156035093
Glencore,2025-03-25,3.94,LSTM,5.688606024095045
Glencore,2025-03-25,3.94,GRU,5.670891364165545
Glencore,2025-03-26,3.92,Random Walk,5.61
Glencore,2025-03-26,3.92,Random Walk + Drift,5.6091712000000005
Glencore,2025-03-26,3.92,ARIMA,5.59437415045907
Glencore,2025-03-26,3.92,LASSO,5.6008603338454215
Glencore,2025-03-26,3.92,Elastic Net,5.6008603338454215
Glencore,2025-03-26,3.92,Random Forest,5.5627611640211585
Glencore,2025-03-26,3.92,XGBoost,5.60752901324598
Glencore,2025-03-26,3.92,LightGBM,5.60752901324598
Glencore,2025-03-26,3.92,LSTM,5.652710742848138
Glencore,2025-03-26,3.92,GRU,5.682206151183599
Glencore,2025-03-27,3.85,Random Walk,5.47
Glencore,2025-03-27,3.85,Random Walk + Drift,5.469126679462572
Glencore,2025-03-27,3.85,ARIMA,5.467920545720486
Glencore,2025-03-27,3.85,LASSO,5.464435430576361
Glencore,2025-03-27,3.85,Elastic Net,5.464435430576361
Glencore,2025-03-27,3.85,Random Forest,5.454230357142852
Glencore,2025-03-27,3.85,XGBoost,5.498762359372138
Glencore,2025-03-27,3.85,LightGBM,5.498762359372138
Glencore,2025-03-27,3.85,LSTM,5.574477525761896
Glencore,2025-03-27,3.85,GRU,5.557199326899534
Glencore,2025-03-28,3.79,Random Walk,5.38
Glencore,2025-03-28,3.79,Random Walk + Drift,5.379098177166613
Glencore,2025-03-28,3.79,ARIMA,5.388818633110916
Glencore,2025-03-28,3.79,LASSO,5.378620292912753
Glencore,2025-03-28,3.79,Elastic Net,5.378620292912753
Glencore,2025-03-28,3.79,Random Forest,5.409240317460319
Glencore,2025-03-28,3.79,XGBoost,5.421012726611567
Glencore,2025-03-28,3.79,LightGBM,5.421012726611567
Glencore,2025-03-28,3.79,LSTM,5.511750744770115
Glencore,2025-03-28,3.79,GRU,5.453424075871341
Glencore,2025-03-31,3.62,Random Walk,5.36
Glencore,2025-03-31,3.62,Random Walk + Drift,5.359092071611253
Glencore,2025-03-31,3.62,ARIMA,5.371582253130848
Glencore,2025-03-31,3.62,LASSO,5.360595410751758
Glencore,2025-03-31,3.62,Elastic Net,5.360595410751758
Glencore,2025-03-31,3.62,Random Forest,5.386384087301588
Glencore,2025-03-31,3.62,XGBoost,5.3929913095675035
Glencore,2025-03-31,3.62,LightGBM,5.3929913095675035
Glencore,2025-03-31,3.62,LSTM,5.418711707270484
Glencore,2025-03-31,3.62,GRU,5.380712667996832
Glencore,2025-04-01,3.67,Random Walk,5.45
Glencore,2025-04-01,3.67,Random Walk + Drift,5.449121124960051
Glencore,2025-04-01,3.67,ARIMA,5.460091897326692
Glencore,2025-04-01,3.67,LASSO,5.446381811774097
Glencore,2025-04-01,3.67,Elastic Net,5.446381811774097
Glencore,2025-04-01,3.67,Random Forest,5.423862579365078
Glencore,2025-04-01,3.67,XGBoost,5.471527554266536
Glencore,2025-04-01,3.67,LightGBM,5.471527554266536
Glencore,2025-04-01,3.67,LSTM,5.391118929548494
Glencore,2025-04-01,3.67,GRU,5.369700241606648
Glencore,2025-04-02,3.68,Random Walk,5.52
Glencore,2025-04-02,3.68,Random Walk + Drift,5.519143769968051
Glencore,2025-04-02,3.68,ARIMA,5.519116995958617
Glencore,2025-04-02,3.68,LASSO,5.512317844752367
Glencore,2025-04-02,3.68,Elastic Net,5.512317844752367
Glencore,2025-04-02,3.68,Random Forest,5.497295357142854
Glencore,2025-04-02,3.68,XGBoost,5.502523321832178
Glencore,2025-04-02,3.68,LightGBM,5.502523321832178
Glencore,2025-04-02,3.68,LSTM,5.456275879459518
Glencore,2025-04-02,3.68,GRU,5.462263124217657
Glencore,2025-04-03,3.42,Random Walk,5.73
Glencore,2025-04-03,3.42,Random Walk + Drift,5.729211114659853
Glencore,2025-04-03,3.42,ARIMA,5.730198868985081
Glencore,2025-04-03,3.42,LASSO,5.716161255340806
Glencore,2025-04-03,3.42,Elastic Net,5.716161255340806
Glencore,2025-04-03,3.42,Random Forest,5.769694563492064
Glencore,2025-04-03,3.42,XGBoost,5.710426651718744
Glencore,2025-04-03,3.42,LightGBM,5.710426651718744
Glencore,2025-04-03,3.42,LSTM,5.528577962697108
Glencore,2025-04-03,3.42,GRU,5.58731248326401
Glencore,2025-04-04,3.05,Random Walk,5.68
Glencore,2025-04-04,3.05,Random Walk + Drift,5.67919540229885
Glencore,2025-04-04,3.05,ARIMA,5.660481091411987
Glencore,2025-04-04,3.05,LASSO,5.667040067520421
Glencore,2025-04-04,3.05,Elastic Net,5.667040067520421
Glencore,2025-04-04,3.05,Random Forest,5.713166613756618
Glencore,2025-04-04,3.05,XGBoost,5.665091301982687
Glencore,2025-04-04,3.05,LightGBM,5.665091301982687
Glencore,2025-04-04,3.05,LSTM,5.650357190810694
Glencore,2025-04-04,3.05,GRU,5.675008702530459
Glencore,2025-04-07,2.93,Random Walk,5.63
Glencore,2025-04-07,2.93,Random Walk + Drift,5.629179699968081
Glencore,2025-04-07,2.93,ARIMA,5.622412544010974
Glencore,2025-04-07,2.93,LASSO,5.619781870842386
Glencore,2025-04-07,2.93,Elastic Net,5.619781870842386
Glencore,2025-04-07,2.93,Random Forest,5.550147526455029
Glencore,2025-04-07,2.93,XGBoost,5.5794385468528
Glencore,2025-04-07,2.93,LightGBM,5.5794385468528
Glencore,2025-04-07,2.93,LSTM,5.670337369718973
Glencore,2025-04-07,2.93,GRU,5.67634611064311
Glencore,2025-04-08,3.05,Random Walk,5.54
Glencore,2025-04-08,3.05,Random Walk + Drift,5.5391512444160815
Glencore,2025-04-08,3.05,ARIMA,5.538413542174273
Glencore,2025-04-08,3.05,LASSO,5.533323721034777
Glencore,2025-04-08,3.05,Elastic Net,5.533323721034777
Glencore,2025-04-08,3.05,Random Forest,5.509455304232805
Glencore,2025-04-08,3.05,XGBoost,5.475651970515099
Glencore,2025-04-08,3.05,LightGBM,5.475651970515099
Glencore,2025-04-08,3.05,LSTM,5.6246350350340375
Glencore,2025-04-08,3.05,GRU,5.5990919780470385
Glencore,2025-04-09,3.05,Random Walk,5.65
Glencore,2025-04-09,3.05,Random Walk + Drift,5.649186602870814
Glencore,2025-04-09,3.05,ARIMA,5.661182309605206
Glencore,2025-04-09,3.05,LASSO,5.644292177822452
Glencore,2025-04-09,3.05,Elastic Net,5.644292177822452
Glencore,2025-04-09,3.05,Random Forest,5.661119007936505
Glencore,2025-04-09,3.05,XGBoost,5.66722331920929
Glencore,2025-04-09,3.05,LightGBM,5.66722331920929
Glencore,2025-04-09,3.05,LSTM,5.625433739913335
Glencore,2025-04-09,3.05,GRU,5.6128571312973685
Glencore,2025-04-10,3.18,Random Walk,5.64
Glencore,2025-04-10,3.18,Random Walk + Drift,5.639183673469388
Glencore,2025-04-10,3.18,ARIMA,5.63617762793931
Glencore,2025-04-10,3.18,LASSO,5.63359043369253
Glencore,2025-04-10,3.18,Elastic Net,5.63359043369253
Glencore,2025-04-10,3.18,Random Forest,5.619548121693115
Glencore,2025-04-10,3.18,XGBoost,5.564807027050305
Glencore,2025-04-10,3.18,LightGBM,5.564807027050305
Glencore,2025-04-10,3.18,LSTM,5.605929760489558
Glencore,2025-04-10,3.18,GRU,5.622656915284158
Glencore,2025-04-11,3.32,Random Walk,5.54
Glencore,2025-04-11,3.32,Random Walk + Drift,5.539152056104559
Glencore,2025-04-11,3.32,ARIMA,5.534771951997436
Glencore,2025-04-11,3.32,LASSO,5.534861891440521
Glencore,2025-04-11,3.32,Elastic Net,5.534861891440521
Glencore,2025-04-11,3.32,Random Forest,5.543329880952383
Glencore,2025-04-11,3.32,XGBoost,5.5453964097082045
Glencore,2025-04-11,3.32,LightGBM,5.5453964097082045
Glencore,2025-04-11,3.32,LSTM,5.612375907281017
Glencore,2025-04-11,3.32,GRU,5.6065400815140105
Glencore,2025-04-14,3.43,Random Walk,5.47
Glencore,2025-04-14,3.43,Random Walk + Drift,5.469130019120459
Glencore,2025-04-14,3.43,ARIMA,5.473762907912738
Glencore,2025-04-14,3.43,LASSO,5.465174826736191
Glencore,2025-04-14,3.43,Elastic Net,5.465174826736191
Glencore,2025-04-14,3.43,Random Forest,5.487509034391532
Glencore,2025-04-14,3.43,XGBoost,5.486943384198122
Glencore,2025-04-14,3.43,LightGBM,5.486943384198122
Glencore,2025-04-14,3.43,LSTM,5.555205811294612
Glencore,2025-04-14,3.43,GRU,5.500488443681261
Glencore,2025-04-15,3.39,Random Walk,5.29
Glencore,2025-04-15,3.39,Random Walk + Drift,5.289072953169799
Glencore,2025-04-15,3.39,ARIMA,5.292173435542399
Glencore,2025-04-15,3.39,LASSO,5.291001001270113
Glencore,2025-04-15,3.39,Elastic Net,5.291001001270113
Glencore,2025-04-15,3.39,Random Forest,5.287157283549779
Glencore,2025-04-15,3.39,XGBoost,5.334896948966472
Glencore,2025-04-15,3.39,LightGBM,5.334896948966472
Glencore,2025-04-15,3.39,LSTM,5.423830543709618
Glencore,2025-04-15,3.39,GRU,5.394383548985038
Glencore,2025-04-16,3.4,Random Walk,5.25
Glencore,2025-04-16,3.4,Random Walk + Drift,5.24906050955414
Glencore,2025-04-16,3.4,ARIMA,5.2649067545545165
Glencore,2025-04-16,3.4,LASSO,5.251534054357814
Glencore,2025-04-16,3.4,Elastic Net,5.251534054357814
Glencore,2025-04-16,3.4,Random Forest,5.289236269841268
Glencore,2025-04-16,3.4,XGBoost,5.308062794727865
Glencore,2025-04-16,3.4,LightGBM,5.308062794727865
Glencore,2025-04-16,3.4,LSTM,5.269304876251422
Glencore,2025-04-16,3.4,GRU,5.251135828143429
Glencore,2025-04-17,3.39,Random Walk,5.28
Glencore,2025-04-17,3.39,Random Walk + Drift,5.279070359758039
Glencore,2025-04-17,3.39,ARIMA,5.292101496874073
Glencore,2025-04-17,3.39,LASSO,5.279103404486801
Glencore,2025-04-17,3.39,Elastic Net,5.279103404486801
Glencore,2025-04-17,3.39,Random Forest,5.269906150793649
Glencore,2025-04-17,3.39,XGBoost,5.293609763410887
Glencore,2025-04-17,3.39,LightGBM,5.293609763410887
Glencore,2025-04-17,3.39,LSTM,5.21694653960213
Glencore,2025-04-17,3.39,GRU,5.24931036870786
Glencore,2025-04-22,3.42,Random Walk,5.33
Glencore,2025-04-22,3.42,Random Walk + Drift,5.32908656906429
Glencore,2025-04-22,3.42,ARIMA,5.334483447344838
Glencore,2025-04-22,3.42,LASSO,5.3265088372030425
Glencore,2025-04-22,3.42,Elastic Net,5.3265088372030425
Glencore,2025-04-22,3.42,Random Forest,5.336883902116403
Glencore,2025-04-22,3.42,XGBoost,5.330455056794164
Glencore,2025-04-22,3.42,LightGBM,5.330455056794164
Glencore,2025-04-22,3.42,LSTM,5.276195695529349
Glencore,2025-04-22,3.42,GRU,5.250552502946797
Glencore,2025-04-23,3.53,Random Walk,5.34
Glencore,2025-04-23,3.53,Random Walk + Drift,5.339090041361756
Glencore,2025-04-23,3.53,ARIMA,5.337584363516984
Glencore,2025-04-23,3.53,LASSO,5.33321682090885
Glencore,2025-04-23,3.53,Elastic Net,5.33321682090885
Glencore,2025-04-23,3.53,Random Forest,5.371449616402121
Glencore,2025-04-23,3.53,XGBoost,5.3315359394742075
Glencore,2025-04-23,3.53,LightGBM,5.3315359394742075
Glencore,2025-04-23,3.53,LSTM,5.316384023976904
Glencore,2025-04-23,3.53,GRU,5.306043653112821
Glencore,2025-04-24,3.57,Random Walk,5.4
Glencore,2025-04-24,3.57,Random Walk + Drift,5.39910941475827
Glencore,2025-04-24,3.57,ARIMA,5.3996585014881635
Glencore,2025-04-24,3.57,LASSO,5.391251273222136
Glencore,2025-04-24,3.57,Elastic Net,5.391251273222136
Glencore,2025-04-24,3.57,Random Forest,5.392952301587303
Glencore,2025-04-24,3.57,XGBoost,5.400574939962231
Glencore,2025-04-24,3.57,LightGBM,5.400574939962231
Glencore,2025-04-24,3.57,LSTM,5.371559978634612
Glencore,2025-04-24,3.57,GRU,5.395663775007495
Glencore,2025-04-25,3.57,Random Walk,5.49
Glencore,2025-04-25,3.57,Random Walk + Drift,5.489138314785373
Glencore,2025-04-25,3.57,ARIMA,5.487922954426012
Glencore,2025-04-25,3.57,LASSO,5.479827555592635
Glencore,2025-04-25,3.57,Elastic Net,5.479827555592635
Glencore,2025-04-25,3.57,Random Forest,5.504316005291005
Glencore,2025-04-25,3.57,XGBoost,5.476812063592731
Glencore,2025-04-25,3.57,LightGBM,5.476812063592731
Glencore,2025-04-25,3.57,LSTM,5.412324793518234
Glencore,2025-04-25,3.57,GRU,5.449079423412617
Glencore,2025-04-28,3.57,Random Walk,5.29
Glencore,2025-04-28,3.57,Random Walk + Drift,5.289075015893197
Glencore,2025-04-28,3.57,ARIMA,5.274408217272677
Glencore,2025-04-28,3.57,LASSO,5.285181806924877
Glencore,2025-04-28,3.57,Elastic Net,5.285181806924877
Glencore,2025-04-28,3.57,Random Forest,5.267093756613759
Glencore,2025-04-28,3.57,XGBoost,5.28361642255622
Glencore,2025-04-28,3.57,LightGBM,5.28361642255622
Glencore,2025-04-28,3.57,LSTM,5.416773960175457
Glencore,2025-04-28,3.57,GRU,5.44725873272356
Glencore,2025-04-29,3.54,Random Walk,5.24
Glencore,2025-04-29,3.54,Random Walk + Drift,5.239059421671433
Glencore,2025-04-29,3.54,ARIMA,5.247434420242444
Glencore,2025-04-29,3.54,LASSO,5.2365876649857315
Glencore,2025-04-29,3.54,Elastic Net,5.2365876649857315
Glencore,2025-04-29,3.54,Random Forest,5.279803412698412
Glencore,2025-04-29,3.54,XGBoost,5.268930383282879
Glencore,2025-04-29,3.54,LightGBM,5.268930383282879
Glencore,2025-04-29,3.54,LSTM,5.318663035503294
Glencore,2025-04-29,3.54,GRU,5.261219169118494
Glencore,2025-04-30,3.26,Random Walk,5.37
Glencore,2025-04-30,3.26,Random Walk + Drift,5.3691010165184245
Glencore,2025-04-30,3.26,ARIMA,5.3835616154228365
Glencore,2025-04-30,3.26,LASSO,5.364805126600347
Glencore,2025-04-30,3.26,Elastic Net,5.364805126600347
Glencore,2025-04-30,3.26,Random Forest,5.410331388888888
Glencore,2025-04-30,3.26,XGBoost,5.375342097848296
Glencore,2025-04-30,3.26,LightGBM,5.375342097848296
Glencore,2025-04-30,3.26,LSTM,5.330252531230425
Glencore,2025-04-30,3.26,GRU,5.3069052622356185
Glencore,2025-05-01,3.25,Random Walk,5.44
Glencore,2025-05-01,3.25,Random Walk + Drift,5.439123531279772
Glencore,2025-05-01,3.25,ARIMA,5.43774795068845
Glencore,2025-05-01,3.25,LASSO,5.434361277139017
Glencore,2025-05-01,3.25,Elastic Net,5.434361277139017
Glencore,2025-05-01,3.25,Random Forest,5.421500529100531
Glencore,2025-05-01,3.25,XGBoost,5.413358899333465
Glencore,2025-05-01,3.25,LightGBM,5.413358899333465
Glencore,2025-05-01,3.25,LSTM,5.412142371478846
Glencore,2025-05-01,3.25,GRU,5.388030638600548
Glencore,2025-05-02,3.28,Random Walk,5.45
Glencore,2025-05-02,3.28,Random Walk + Drift,5.449126984126984
Glencore,2025-05-02,3.28,ARIMA,5.442281864726991
Glencore,2025-05-02,3.28,LASSO,5.440661163140064
Glencore,2025-05-02,3.28,Elastic Net,5.440661163140064
Glencore,2025-05-02,3.28,Random Forest,5.456269682539682
Glencore,2025-05-02,3.28,XGBoost,5.450429254644421
Glencore,2025-05-02,3.28,LightGBM,5.450429254644421
Glencore,2025-05-02,3.28,LSTM,5.4261285367091885
Glencore,2025-05-02,3.28,GRU,5.455087270004353
Glencore,2025-05-06,3.31,Random Walk,5.31
Glencore,2025-05-06,3.31,Random Walk + Drift,5.309082830847349
Glencore,2025-05-06,3.31,ARIMA,5.300436277267735
Glencore,2025-05-06,3.31,LASSO,5.303272024964547
Glencore,2025-05-06,3.31,Elastic Net,5.303272024964547
Glencore,2025-05-06,3.31,Random Forest,5.300395767195764
Glencore,2025-05-06,3.31,XGBoost,5.305300572192383
Glencore,2025-05-06,3.31,LightGBM,5.305300572192383
Glencore,2025-05-06,3.31,LSTM,5.383607884694714
Glencore,2025-05-06,3.31,GRU,5.412015495227962
Glencore,2025-05-07,3.35,Random Walk,5.24
Glencore,2025-05-07,3.35,Random Walk + Drift,5.239060913705584
Glencore,2025-05-07,3.35,ARIMA,5.245311410960539
Glencore,2025-05-07,3.35,LASSO,5.2372419439756355
Glencore,2025-05-07,3.35,Elastic Net,5.2372419439756355
Glencore,2025-05-07,3.35,Random Forest,5.325727738095237
Glencore,2025-05-07,3.35,XGBoost,5.304807211724163
Glencore,2025-05-07,3.35,LightGBM,5.304807211724163
Glencore,2025-05-07,3.35,LSTM,5.315310265884446
Glencore,2025-05-07,3.35,GRU,5.2637988589076405
Glencore,2025-05-08,3.35,Random Walk,5.25
Glencore,2025-05-08,3.35,Random Walk + Drift,5.24906438312718
Glencore,2025-05-08,3.35,ARIMA,5.259864014562309
Glencore,2025-05-08,3.35,LASSO,5.248228009196454
Glencore,2025-05-08,3.35,Elastic Net,5.248228009196454
Glencore,2025-05-08,3.35,Random Forest,5.2809221560846575
Glencore,2025-05-08,3.35,XGBoost,5.284643186382812
Glencore,2025-05-08,3.35,LightGBM,5.284643186382812
Glencore,2025-05-08,3.35,LSTM,5.275020830254592
Glencore,2025-05-08,3.35,GRU,5.257433702268414
Glencore,2025-05-09,3.36,Random Walk,5.22
Glencore,2025-05-09,3.36,Random Walk + Drift,5.219055168040583
Glencore,2025-05-09,3.36,ARIMA,5.222866752094559
Glencore,2025-05-09,3.36,LASSO,5.218828024870587
Glencore,2025-05-09,3.36,Elastic Net,5.218828024870587
Glencore,2025-05-09,3.36,Random Forest,5.213930317460321
Glencore,2025-05-09,3.36,XGBoost,5.189422866321162
Glencore,2025-05-09,3.36,LightGBM,5.189422866321162
Glencore,2025-05-09,3.36,LSTM,5.2737705728411814
Glencore,2025-05-09,3.36,GRU,5.194735538059605
Glencore,2025-05-12,3.53,Random Walk,5.29
Glencore,2025-05-12,3.53,Random Walk + Drift,5.289077654516641
Glencore,2025-05-12,3.53,ARIMA,5.295861491411788
Glencore,2025-05-12,3.53,LASSO,5.2846956775353915
Glencore,2025-05-12,3.53,Elastic Net,5.2846956775353915
Glencore,2025-05-12,3.53,Random Forest,5.302404759499764
Glencore,2025-05-12,3.53,XGBoost,5.284496415906438
Glencore,2025-05-12,3.53,LightGBM,5.284496415906438
Glencore,2025-05-12,3.53,LSTM,5.22261747526129
Glencore,2025-05-12,3.53,GRU,5.2719811725465044
Glencore,2025-05-13,3.59,Random Walk,5.62
Glencore,2025-05-13,3.59,Random Walk + Drift,5.619182509505704
Glencore,2025-05-13,3.59,ARIMA,5.628352994538977
Glencore,2025-05-13,3.59,LASSO,5.6059040729118905
Glencore,2025-05-13,3.59,Elastic Net,5.6059040729118905
Glencore,2025-05-13,3.59,Random Forest,5.611131468253965
Glencore,2025-05-13,3.59,XGBoost,5.57545879190421
Glencore,2025-05-13,3.59,LightGBM,5.57545879190421
Glencore,2025-05-13,3.59,LSTM,5.382035446994158
Glencore,2025-05-13,3.59,GRU,5.427017616855428
Glencore,2025-05-14,3.63,Random Walk,5.77
Glencore,2025-05-14,3.63,Random Walk + Drift,5.769230281913209
Glencore,2025-05-14,3.63,ARIMA,5.750613317972562
Glencore,2025-05-14,3.63,LASSO,5.752896823980543
Glencore,2025-05-14,3.63,Elastic Net,5.752896823980543
Glencore,2025-05-14,3.63,Random Forest,5.713381865079361
Glencore,2025-05-14,3.63,XGBoost,5.760993580590819
Glencore,2025-05-14,3.63,LightGBM,5.760993580590819
Glencore,2025-05-14,3.63,LSTM,5.6133341751651455
Glencore,2025-05-14,3.63,GRU,5.645585928449927
Glencore,2025-05-15,3.6,Random Walk,5.68
Glencore,2025-05-15,3.6,Random Walk + Drift,5.679202026599113
Glencore,2025-05-15,3.6,ARIMA,5.652761100125041
Glencore,2025-05-15,3.6,LASSO,5.664323862020982
Glencore,2025-05-15,3.6,Elastic Net,5.664323862020982
Glencore,2025-05-15,3.6,Random Forest,5.712802394179897
Glencore,2025-05-15,3.6,XGBoost,5.659513103562426
Glencore,2025-05-15,3.6,LightGBM,5.659513103562426
Glencore,2025-05-15,3.6,LSTM,5.638067506983891
Glencore,2025-05-15,3.6,GRU,5.749359535862554
Glencore,2025-05-16,3.53,Random Walk,5.83
Glencore,2025-05-16,3.53,Random Walk + Drift,5.829249762583096
Glencore,2025-05-16,3.53,ARIMA,5.830338082096972
Glencore,2025-05-16,3.53,LASSO,5.812923042284169
Glencore,2025-05-16,3.53,Elastic Net,5.812923042284169
Glencore,2025-05-16,3.53,Random Forest,5.7809111976911955
Glencore,2025-05-16,3.53,XGBoost,5.83878565908163
Glencore,2025-05-16,3.53,LightGBM,5.83878565908163
Glencore,2025-05-16,3.53,LSTM,5.782091566206488
Glencore,2025-05-16,3.53,GRU,5.782534100526436
Glencore,2025-05-19,3.52,Random Walk,5.82
Glencore,2025-05-19,3.52,Random Walk + Drift,5.819246835443038
Glencore,2025-05-19,3.52,ARIMA,5.807915126824123
Glencore,2025-05-19,3.52,LASSO,5.808859199806424
Glencore,2025-05-19,3.52,Elastic Net,5.808859199806424
Glencore,2025-05-19,3.52,Random Forest,5.835573888888891
Glencore,2025-05-19,3.52,XGBoost,5.822854958964906
Glencore,2025-05-19,3.52,LightGBM,5.822854958964906
Glencore,2025-05-19,3.52,LSTM,5.808886382610792
Glencore,2025-05-19,3.52,GRU,5.8764739288121906
Glencore,2025-05-20,3.63,Random Walk,5.73
Glencore,2025-05-20,3.63,Random Walk + Drift,5.729218601708321
Glencore,2025-05-20,3.63,ARIMA,5.721288235094998
Glencore,2025-05-20,3.63,LASSO,5.723223671332781
Glencore,2025-05-20,3.63,Elastic Net,5.723223671332781
Glencore,2025-05-20,3.63,Random Forest,5.6945707142857165
Glencore,2025-05-20,3.63,XGBoost,5.7020232077609
Glencore,2025-05-20,3.63,LightGBM,5.7020232077609
Glencore,2025-05-20,3.63,LSTM,5.806361579755192
Glencore,2025-05-20,3.63,GRU,5.790014830897082
Glencore,2025-05-21,3.58,Random Walk,5.61
Glencore,2025-05-21,3.58,Random Walk + Drift,5.609180898165718
Glencore,2025-05-21,3.58,ARIMA,5.609575782564111
Glencore,2025-05-21,3.58,LASSO,5.604608637639777
Glencore,2025-05-21,3.58,Elastic Net,5.604608637639777
Glencore,2025-05-21,3.58,Random Forest,5.646189960317459
Glencore,2025-05-21,3.58,XGBoost,5.580659273898291
Glencore,2025-05-21,3.58,LightGBM,5.580659273898291
Glencore,2025-05-21,3.58,LSTM,5.708476544625226
Glencore,2025-05-21,3.58,GRU,5.697487892375772
Glencore,2025-05-22,3.58,Random Walk,5.64
Glencore,2025-05-22,3.58,Random Walk + Drift,5.639190641795763
Glencore,2025-05-22,3.58,ARIMA,5.6517401410746615
Glencore,2025-05-22,3.58,LASSO,5.636438966738801
Glencore,2025-05-22,3.58,Elastic Net,5.636438966738801
Glencore,2025-05-22,3.58,Random Forest,5.625244325396822
Glencore,2025-05-22,3.58,XGBoost,5.580419776580792
Glencore,2025-05-22,3.58,LightGBM,5.580419776580792
Glencore,2025-05-22,3.58,LSTM,5.595827066843519
Glencore,2025-05-22,3.58,GRU,5.653230496266206
Glencore,2025-05-23,3.64,Random Walk,5.65
Glencore,2025-05-23,3.64,Random Walk + Drift,5.649194058154236
Glencore,2025-05-23,3.64,ARIMA,5.653801803012742
Glencore,2025-05-23,3.64,LASSO,5.645916867168113
Glencore,2025-05-23,3.64,Elastic Net,5.645916867168113
Glencore,2025-05-23,3.64,Random Forest,5.625514298941797
Glencore,2025-05-23,3.64,XGBoost,5.68306974763878
Glencore,2025-05-23,3.64,LightGBM,5.68306974763878
Glencore,2025-05-23,3.64,LSTM,5.639724668692303
Glencore,2025-05-23,3.64,GRU,5.6215411918935025
Glencore,2025-05-27,3.71,Random Walk,5.62
Glencore,2025-05-27,3.71,Random Walk + Drift,5.619184834123223
Glencore,2025-05-27,3.71,ARIMA,5.619558231883003
Glencore,2025-05-27,3.71,LASSO,5.614898504873274
Glencore,2025-05-27,3.71,Elastic Net,5.614898504873274
Glencore,2025-05-27,3.71,Random Forest,5.588389656084659
Glencore,2025-05-27,3.71,XGBoost,5.615763649747269
Glencore,2025-05-27,3.71,LightGBM,5.615763649747269
Glencore,2025-05-27,3.71,LSTM,5.635649929792033
Glencore,2025-05-27,3.71,GRU,5.676987877150887
Glencore,2025-05-28,3.67,Random Walk,5.67
Glencore,2025-05-28,3.67,Random Walk + Drift,5.669200884396715
Glencore,2025-05-28,3.67,ARIMA,5.674052666521288
Glencore,2025-05-28,3.67,LASSO,5.661831880849828
Glencore,2025-05-28,3.67,Elastic Net,5.661831880849828
Glencore,2025-05-28,3.67,Random Forest,5.684491296296298
Glencore,2025-05-28,3.67,XGBoost,5.668598480787674
Glencore,2025-05-28,3.67,LightGBM,5.668598480787674
Glencore,2025-05-28,3.67,LSTM,5.650397406587689
Glencore,2025-05-28,3.67,GRU,5.615767979606607
Glencore,2025-05-29,3.75,Random Walk,5.64
Glencore,2025-05-29,3.75,Random Walk + Drift,5.639191664035365
Glencore,2025-05-29,3.75,ARIMA,5.636657913592437
Glencore,2025-05-29,3.75,LASSO,5.633020278854609
Glencore,2025-05-29,3.75,Elastic Net,5.633020278854609
Glencore,2025-05-29,3.75,Random Forest,5.620374828042328
Glencore,2025-05-29,3.75,XGBoost,5.594973375948859
Glencore,2025-05-29,3.75,LightGBM,5.594973375948859
Glencore,2025-05-29,3.75,LSTM,5.669079919295093
Glencore,2025-05-29,3.75,GRU,5.637822433455237
Glencore,2025-05-30,3.81,Random Walk,5.58
Glencore,2025-05-30,3.81,Random Walk + Drift,5.579172979797979
Glencore,2025-05-30,3.81,ARIMA,5.578633068498508
Glencore,2025-05-30,3.81,LASSO,5.574484274389021
Glencore,2025-05-30,3.81,Elastic Net,5.574484274389021
Glencore,2025-05-30,3.81,Random Forest,5.598967295482293
Glencore,2025-05-30,3.81,XGBoost,5.581255622428065
Glencore,2025-05-30,3.81,LightGBM,5.581255622428065
Glencore,2025-05-30,3.81,LSTM,5.64229797296043
Glencore,2025-05-30,3.81,GRU,5.631033938152036
Glencore,2025-06-02,3.86,Random Walk,5.81
Glencore,2025-06-02,3.86,Random Walk + Drift,5.8092458188703056
Glencore,2025-06-02,3.86,ARIMA,5.822759265981127
Glencore,2025-06-02,3.86,LASSO,5.798915363629616
Glencore,2025-06-02,3.86,Elastic Net,5.798915363629616
Glencore,2025-06-02,3.86,Random Forest,5.774517142857139
Glencore,2025-06-02,3.86,XGBoost,5.786667608325501
Glencore,2025-06-02,3.86,LightGBM,5.786667608325501
Glencore,2025-06-02,3.86,LSTM,5.7199938181137275
Glencore,2025-06-02,3.86,GRU,5.705496477573886
Glencore,2025-06-03,3.82,Random Walk,5.6
Glencore,2025-06-03,3.82,Random Walk + Drift,5.599179810725552
Glencore,2025-06-03,3.82,ARIMA,5.579465018767467
Glencore,2025-06-03,3.82,LASSO,5.594429513870119
Glencore,2025-06-03,3.82,Elastic Net,5.594429513870119
Glencore,2025-06-03,3.82,Random Forest,5.616247261904757
Glencore,2025-06-03,3.82,XGBoost,5.591915835569593
Glencore,2025-06-03,3.82,LightGBM,5.591915835569593
Glencore,2025-06-03,3.82,LSTM,5.687943023511272
Glencore,2025-06-03,3.82,GRU,5.665156809967556
Glencore,2025-06-04,3.91,Random Walk,5.52
Glencore,2025-06-04,3.91,Random Walk + Drift,5.519154840744244
Glencore,2025-06-04,3.91,ARIMA,5.5245373872318115
Glencore,2025-06-04,3.91,LASSO,5.5156439778269295
Glencore,2025-06-04,3.91,Elastic Net,5.5156439778269295
Glencore,2025-06-04,3.91,Random Forest,5.560743068783069
Glencore,2025-06-04,3.91,XGBoost,5.529358633470478
Glencore,2025-06-04,3.91,LightGBM,5.529358633470478
Glencore,2025-06-04,3.91,LSTM,5.63761384711538
Glencore,2025-06-04,3.91,GRU,5.566741767049746
Glencore,2025-06-05,3.97,Random Walk,5.61
Glencore,2025-06-05,3.97,Random Walk + Drift,5.609183480453972
Glencore,2025-06-05,3.97,ARIMA,5.622909762861425
Glencore,2025-06-05,3.97,LASSO,5.6029012981783755
Glencore,2025-06-05,3.97,Elastic Net,5.6029012981783755
Glencore,2025-06-05,3.97,Random Forest,5.605729543049538
Glencore,2025-06-05,3.97,XGBoost,5.611605407101334
Glencore,2025-06-05,3.97,LightGBM,5.611605407101334
Glencore,2025-06-05,3.97,LSTM,5.544663717367526
Glencore,2025-06-05,3.97,GRU,5.573358869392637
Glencore,2025-06-06,3.9,Random Walk,5.71
Glencore,2025-06-06,3.9,Random Walk + Drift,5.70921525370312
Glencore,2025-06-06,3.9,ARIMA,5.712040847367306
Glencore,2025-06-06,3.9,LASSO,5.704258892377865
Glencore,2025-06-06,3.9,Elastic Net,5.704258892377865
Glencore,2025-06-06,3.9,Random Forest,5.669341005291008
Glencore,2025-06-06,3.9,XGBoost,5.6925842150525705
Glencore,2025-06-06,3.9,LightGBM,5.6925842150525705
Glencore,2025-06-06,3.9,LSTM,5.557808072256264
Glencore,2025-06-06,3.9,GRU,5.6174243861325825
Glencore,2025-06-09,3.94,Random Walk,5.74
Glencore,2025-06-09,3.94,Random Walk + Drift,5.739224952741021
Glencore,2025-06-09,3.94,ARIMA,5.732937821343642
Glencore,2025-06-09,3.94,LASSO,5.729869951691336
Glencore,2025-06-09,3.94,Elastic Net,5.729869951691336
Glencore,2025-06-09,3.94,Random Forest,5.739572182539685
Glencore,2025-06-09,3.94,XGBoost,5.734277993924582
Glencore,2025-06-09,3.94,LightGBM,5.734277993924582
Glencore,2025-06-09,3.94,LSTM,5.650968160931292
Glencore,2025-06-09,3.94,GRU,5.700867108746365
Glencore,2025-06-10,3.91,Random Walk,5.51
Glencore,2025-06-10,3.91,Random Walk + Drift,5.509152755905512
Glencore,2025-06-10,3.91,ARIMA,5.495764844607138
Glencore,2025-06-10,3.91,LASSO,5.503922700753646
Glencore,2025-06-10,3.91,Elastic Net,5.503922700753646
Glencore,2025-06-10,3.91,Random Forest,5.5132280189255205
Glencore,2025-06-10,3.91,XGBoost,5.517696084880601
Glencore,2025-06-10,3.91,LightGBM,5.517696084880601
Glencore,2025-06-10,3.91,LSTM,5.658032936244376
Glencore,2025-06-10,3.91,GRU,5.597307572178005
Glencore,2025-06-11,3.91,Random Walk,5.48
Glencore,2025-06-11,3.91,Random Walk + Drift,5.479143576826197
Glencore,2025-06-11,3.91,ARIMA,5.4922960569436166
Glencore,2025-06-11,3.91,LASSO,5.476355274452281
Glencore,2025-06-11,3.91,Elastic Net,5.476355274452281
Glencore,2025-06-11,3.91,Random Forest,5.425670925925921
Glencore,2025-06-11,3.91,XGBoost,5.463675139915718
Glencore,2025-06-11,3.91,LightGBM,5.463675139915718
Glencore,2025-06-11,3.91,LSTM,5.55218787036487
Glencore,2025-06-11,3.91,GRU,5.51038115400954
Glencore,2025-06-12,3.91,Random Walk,5.47
Glencore,2025-06-12,3.91,Random Walk + Drift,5.469140698772427
Glencore,2025-06-12,3.91,ARIMA,5.479089888749678
Glencore,2025-06-12,3.91,LASSO,5.4683649789827
Glencore,2025-06-12,3.91,Elastic Net,5.4683649789827
Glencore,2025-06-12,3.91,Random Forest,5.445875634920632
Glencore,2025-06-12,3.91,XGBoost,5.4509055187227515
Glencore,2025-06-12,3.91,LightGBM,5.4509055187227515
Glencore,2025-06-12,3.91,LSTM,5.486757547295339
Glencore,2025-06-12,3.91,GRU,5.469438304330565
Glencore,2025-06-13,3.96,Random Walk,5.79
Glencore,2025-06-13,3.96,Random Walk + Drift,5.789241661422278
Glencore,2025-06-13,3.96,ARIMA,5.80599653578113
Glencore,2025-06-13,3.96,LASSO,5.780931331901257
Glencore,2025-06-13,3.96,Elastic Net,5.780931331901257
Glencore,2025-06-13,3.96,Random Forest,5.722039159451657
Glencore,2025-06-13,3.96,XGBoost,5.7648479347729245
Glencore,2025-06-13,3.96,LightGBM,5.7648479347729245
Glencore,2025-06-13,3.96,LSTM,5.616931782136583
Glencore,2025-06-13,3.96,GRU,5.608481038916651
Glencore,2025-06-16,3.96,Random Walk,5.84
Glencore,2025-06-16,3.96,Random Walk + Drift,5.8392576281849635
Glencore,2025-06-16,3.96,ARIMA,5.821106694626389
Glencore,2025-06-16,3.96,LASSO,5.825651100394433
Glencore,2025-06-16,3.96,Elastic Net,5.825651100394433
Glencore,2025-06-16,3.96,Random Forest,5.887049431216928
Glencore,2025-06-16,3.96,XGBoost,5.856006803376641
Glencore,2025-06-16,3.96,LightGBM,5.856006803376641
Glencore,2025-06-16,3.96,LSTM,5.699850754661242
Glencore,2025-06-16,3.96,GRU,5.768041686489744
Glencore,2025-06-17,3.85,Random Walk,5.85
Glencore,2025-06-17,3.85,Random Walk + Drift,5.849261006289308
Glencore,2025-06-17,3.85,ARIMA,5.835140166454734
Glencore,2025-06-17,3.85,LASSO,5.834898741426652
Glencore,2025-06-17,3.85,Elastic Net,5.834898741426652
Glencore,2025-06-17,3.85,Random Forest,5.895165753968252
Glencore,2025-06-17,3.85,XGBoost,5.8717736635592885
Glencore,2025-06-17,3.85,LightGBM,5.8717736635592885
Glencore,2025-06-17,3.85,LSTM,5.83502703382094
Glencore,2025-06-17,3.85,GRU,5.8297622626186
Glencore,2025-06-18,3.88,Random Walk,5.96
Glencore,2025-06-18,3.88,Random Walk + Drift,5.959295818924867
Glencore,2025-06-18,3.88,ARIMA,5.95635371699903
Glencore,2025-06-18,3.88,LASSO,5.9428880971726725
Glencore,2025-06-18,3.88,Elastic Net,5.9428880971726725
Glencore,2025-06-18,3.88,Random Forest,5.966276626984128
Glencore,2025-06-18,3.88,XGBoost,5.909659309885778
Glencore,2025-06-18,3.88,LightGBM,5.909659309885778
Glencore,2025-06-18,3.88,LSTM,5.916610582879899
Glencore,2025-06-18,3.88,GRU,5.915479872794924
Glencore,2025-06-19,3.82,Random Walk,5.93
Glencore,2025-06-19,3.82,Random Walk + Drift,5.9292866121935885
Glencore,2025-06-19,3.82,ARIMA,5.918049148479708
Glencore,2025-06-19,3.82,LASSO,5.919280669466285
Glencore,2025-06-19,3.82,Elastic Net,5.919280669466285
Glencore,2025-06-19,3.82,Random Forest,5.905479232804235
Glencore,2025-06-19,3.82,XGBoost,5.914112107016031
Glencore,2025-06-19,3.82,LightGBM,5.914112107016031
Glencore,2025-06-19,3.82,LSTM,5.839142344521391
Glencore,2025-06-19,3.82,GRU,5.931668377062854
Glencore,2025-06-20,3.85,Random Walk,5.97
Glencore,2025-06-20,3.85,Random Walk + Drift,5.969299403078856
Glencore,2025-06-20,3.85,ARIMA,5.96807468140654
Glencore,2025-06-20,3.85,LASSO,5.9592516688398165
Glencore,2025-06-20,3.85,Elastic Net,5.9592516688398165
Glencore,2025-06-20,3.85,Random Forest,5.950678875661375
Glencore,2025-06-20,3.85,XGBoost,5.901601237849573
Glencore,2025-06-20,3.85,LightGBM,5.901601237849573
Glencore,2025-06-20,3.85,LSTM,5.987519140037225
Glencore,2025-06-20,3.85,GRU,5.978915627583358
Glencore,2025-06-23,3.86,Random Walk,5.92
Glencore,2025-06-23,3.86,Random Walk + Drift,5.91928391959799
Glencore,2025-06-23,3.86,ARIMA,5.914368969932292
Glencore,2025-06-23,3.86,LASSO,5.910785736619845
Glencore,2025-06-23,3.86,Elastic Net,5.910785736619845
Glencore,2025-06-23,3.86,Random Forest,5.960734523809521
Glencore,2025-06-23,3.86,XGBoost,5.933183888907214
Glencore,2025-06-23,3.86,LightGBM,5.933183888907214
Glencore,2025-06-23,3.86,LSTM,5.89065427785885
Glencore,2025-06-23,3.86,GRU,5.9268318493027285
Glencore,2025-06-24,3.75,Random Walk,6.04
Glencore,2025-06-24,3.75,Random Walk + Drift,6.039321821036107
Glencore,2025-06-24,3.75,ARIMA,6.0457180508753945
Glencore,2025-06-24,3.75,LASSO,6.0298737499810295
Glencore,2025-06-24,3.75,Elastic Net,6.0298737499810295
Glencore,2025-06-24,3.75,Random Forest,6.048694444444447
Glencore,2025-06-24,3.75,XGBoost,6.019966011798063
Glencore,2025-06-24,3.75,LightGBM,6.019966011798063
Glencore,2025-06-24,3.75,LSTM,6.022331204088441
Glencore,2025-06-24,3.75,GRU,5.990159244066588
Glencore,2025-06-25,3.73,Random Walk,5.98
Glencore,2025-06-25,3.73,Random Walk + Drift,5.979303201506592
Glencore,2025-06-25,3.73,ARIMA,5.970702663580166
Glencore,2025-06-25,3.73,LASSO,5.970823908515342
Glencore,2025-06-25,3.73,Elastic Net,5.970823908515342
Glencore,2025-06-25,3.73,Random Forest,5.975804177489177
Glencore,2025-06-25,3.73,XGBoost,5.968680194482729
Glencore,2025-06-25,3.73,LightGBM,5.968680194482729
Glencore,2025-06-25,3.73,LSTM,5.9712098537817235
Glencore,2025-06-25,3.73,GRU,6.004094293536591
Glencore,2025-06-26,3.96,Random Walk,6.01
Glencore,2025-06-26,3.96,Random Walk + Drift,6.0093128333856285
Glencore,2025-06-26,3.96,ARIMA,6.011126374476237
Glencore,2025-06-26,3.96,LASSO,6.000731572214398
Glencore,2025-06-26,3.96,Elastic Net,6.000731572214398
Glencore,2025-06-26,3.96,Random Forest,5.9104970370370395
Glencore,2025-06-26,3.96,XGBoost,5.965372205520993
Glencore,2025-06-26,3.96,LightGBM,5.965372205520993
Glencore,2025-06-26,3.96,LSTM,5.919857580617016
Glencore,2025-06-26,3.96,GRU,6.024049037579928
Glencore,2025-06-27,3.93,Random Walk,5.91
Glencore,2025-06-27,3.93,Random Walk + Drift,5.909281681304893
Glencore,2025-06-27,3.93,ARIMA,5.905144625536338
Glencore,2025-06-27,3.93,LASSO,5.902434532632656
Glencore,2025-06-27,3.93,Elastic Net,5.902434532632656
Glencore,2025-06-27,3.93,Random Forest,5.877320394420399
Glencore,2025-06-27,3.93,XGBoost,5.909421393471998
Glencore,2025-06-27,3.93,LightGBM,5.909421393471998
Glencore,2025-06-27,3.93,LSTM,5.939566211603751
Glencore,2025-06-27,3.93,GRU,5.999188878671244
Glencore,2025-06-30,3.89,Random Walk,5.81
Glencore,2025-06-30,3.89,Random Walk + Drift,5.809250548761367
Glencore,2025-06-30,3.89,ARIMA,5.812753576138494
Glencore,2025-06-30,3.89,LASSO,5.806733675839339
Glencore,2025-06-30,3.89,Elastic Net,5.806733675839339
Glencore,2025-06-30,3.89,Random Forest,5.782131031746027
Glencore,2025-06-30,3.89,XGBoost,5.8020214472624945
Glencore,2025-06-30,3.89,LightGBM,5.8020214472624945
Glencore,2025-06-30,3.89,LSTM,5.8923170908542435
Glencore,2025-06-30,3.89,GRU,5.867817881089401
Glencore,2025-07-01,4.0,Random Walk,5.82
Glencore,2025-07-01,4.0,Random Walk + Drift,5.819253918495298
Glencore,2025-07-01,4.0,ARIMA,5.83082912926518
Glencore,2025-07-01,4.0,LASSO,5.815513457401951
Glencore,2025-07-01,4.0,Elastic Net,5.815513457401951
Glencore,2025-07-01,4.0,Random Forest,5.810177619047612
Glencore,2025-07-01,4.0,XGBoost,5.804712629425429
Glencore,2025-07-01,4.0,LightGBM,5.804712629425429
Glencore,2025-07-01,4.0,LSTM,5.81107720897763
Glencore,2025-07-01,4.0,GRU,5.828619665587904
Glencore,2025-07-02,4.17,Random Walk,5.89
Glencore,2025-07-02,4.17,Random Walk + Drift,5.889276089000313
Glencore,2025-07-02,4.17,ARIMA,5.897001040991884
Glencore,2025-07-02,4.17,LASSO,5.884226678331971
Glencore,2025-07-02,4.17,Elastic Net,5.884226678331971
Glencore,2025-07-02,4.17,Random Forest,5.894220515873016
Glencore,2025-07-02,4.17,XGBoost,5.9284049176104325
Glencore,2025-07-02,4.17,LightGBM,5.9284049176104325
Glencore,2025-07-02,4.17,LSTM,5.9017412540612195
Glencore,2025-07-02,4.17,GRU,5.851036317874542
Glencore,2025-07-03,4.18,Random Walk,5.83
Glencore,2025-07-03,4.18,Random Walk + Drift,5.829257518796992
Glencore,2025-07-03,4.18,ARIMA,5.824820115385747
Glencore,2025-07-03,4.18,LASSO,5.823680749094231
Glencore,2025-07-03,4.18,Elastic Net,5.823680749094231
Glencore,2025-07-03,4.18,Random Forest,5.876470145502643
Glencore,2025-07-03,4.18,XGBoost,5.860740650741297
Glencore,2025-07-03,4.18,LightGBM,5.860740650741297
Glencore,2025-07-03,4.18,LSTM,5.839428647176515
Glencore,2025-07-03,4.18,GRU,5.857882615245336
Glencore,2025-07-04,4.13,Random Walk,5.74
Glencore,2025-07-04,4.13,Random Walk + Drift,5.739229564672722
Glencore,2025-07-04,4.13,ARIMA,5.739084952642425
Glencore,2025-07-04,4.13,LASSO,5.7340683783117505
Glencore,2025-07-04,4.13,Elastic Net,5.7340683783117505
Glencore,2025-07-04,4.13,Random Forest,5.804296705146703
Glencore,2025-07-04,4.13,XGBoost,5.787855152069248
Glencore,2025-07-04,4.13,LightGBM,5.787855152069248
Glencore,2025-07-04,4.13,LSTM,5.8179499338063705
Glencore,2025-07-04,4.13,GRU,5.778110369353217
Glencore,2025-07-07,4.05,Random Walk,5.71
Glencore,2025-07-07,4.05,Random Walk + Drift,5.70922041327489
Glencore,2025-07-07,4.05,ARIMA,5.7167280941283645
Glencore,2025-07-07,4.05,LASSO,5.705089836933051
Glencore,2025-07-07,4.05,Elastic Net,5.705089836933051
Glencore,2025-07-07,4.05,Random Forest,5.714473267195764
Glencore,2025-07-07,4.05,XGBoost,5.708019077443255
Glencore,2025-07-07,4.05,LightGBM,5.708019077443255
Glencore,2025-07-07,4.05,LSTM,5.784604756124144
Glencore,2025-07-07,4.05,GRU,5.713238457680787
Glencore,2025-07-08,4.16,Random Walk,5.68
Glencore,2025-07-08,4.16,Random Walk + Drift,5.679211267605633
Glencore,2025-07-08,4.16,ARIMA,5.685152237467623
Glencore,2025-07-08,4.16,LASSO,5.676878906963253
Glencore,2025-07-08,4.16,Elastic Net,5.676878906963253
Glencore,2025-07-08,4.16,Random Forest,5.6591648148148135
Glencore,2025-07-08,4.16,XGBoost,5.706445521600613
Glencore,2025-07-08,4.16,LightGBM,5.706445521600613
Glencore,2025-07-08,4.16,LSTM,5.703926098525898
Glencore,2025-07-08,4.16,GRU,5.702493333107716
Glencore,2025-07-09,4.05,Random Walk,5.71
Glencore,2025-07-09,4.05,Random Walk + Drift,5.709220901126408
Glencore,2025-07-09,4.05,ARIMA,5.715922659848948
Glencore,2025-07-09,4.05,LASSO,5.704962554909803
Glencore,2025-07-09,4.05,Elastic Net,5.704962554909803
Glencore,2025-07-09,4.05,Random Forest,5.71292957671958
Glencore,2025-07-09,4.05,XGBoost,5.696482891821022
Glencore,2025-07-09,4.05,LightGBM,5.696482891821022
Glencore,2025-07-09,4.05,LSTM,5.689936066992737
Glencore,2025-07-09,4.05,GRU,5.7151573512137155
Glencore,2025-07-10,4.21,Random Walk,5.66
Glencore,2025-07-10,4.21,Random Walk + Drift,5.659205505161089
Glencore,2025-07-10,4.21,ARIMA,5.658404918440849
Glencore,2025-07-10,4.21,LASSO,5.654515515720258
Glencore,2025-07-10,4.21,Elastic Net,5.654515515720258
Glencore,2025-07-10,4.21,Random Forest,5.66932011904762
Glencore,2025-07-10,4.21,XGBoost,5.652612424945567
Glencore,2025-07-10,4.21,LightGBM,5.652612424945567
Glencore,2025-07-10,4.21,LSTM,5.690552100812771
Glencore,2025-07-10,4.21,GRU,5.659512814770424
Glencore,2025-07-11,4.22,Random Walk,5.55
Glencore,2025-07-11,4.22,Random Walk + Drift,5.549171357098186
Glencore,2025-07-11,4.22,ARIMA,5.5494229626054
Glencore,2025-07-11,4.22,LASSO,5.546515799483636
Glencore,2025-07-11,4.22,Elastic Net,5.546515799483636
Glencore,2025-07-11,4.22,Random Forest,5.471776269841271
Glencore,2025-07-11,4.22,XGBoost,5.4607766951930365
Glencore,2025-07-11,4.22,LightGBM,5.4607766951930365
Glencore,2025-07-11,4.22,LSTM,5.685945298907097
Glencore,2025-07-11,4.22,GRU,5.586256181844711
Glencore,2025-07-14,4.17,Random Walk,5.32
Glencore,2025-07-14,4.17,Random Walk + Drift,5.319099718662082
Glencore,2025-07-14,4.17,ARIMA,5.321409546320108
Glencore,2025-07-14,4.17,LASSO,5.321383376976734
Glencore,2025-07-14,4.17,Elastic Net,5.321383376976734
Glencore,2025-07-14,4.17,Random Forest,5.248155559163059
Glencore,2025-07-14,4.17,XGBoost,5.306978325996394
Glencore,2025-07-14,4.17,LightGBM,5.306978325996394
Glencore,2025-07-14,4.17,LSTM,5.454263029882467
Glencore,2025-07-14,4.17,GRU,5.403382376637351
Glencore,2025-07-15,4.14,Random Walk,5.33
Glencore,2025-07-15,4.14,Random Walk + Drift,5.3291031250000005
Glencore,2025-07-15,4.14,ARIMA,5.351347058688402
Glencore,2025-07-15,4.14,LASSO,5.331542672786848
Glencore,2025-07-15,4.14,Elastic Net,5.331542672786848
Glencore,2025-07-15,4.14,Random Forest,5.360166309523811
Glencore,2025-07-15,4.14,XGBoost,5.407440525206281
Glencore,2025-07-15,4.14,LightGBM,5.407440525206281
Glencore,2025-07-15,4.14,LSTM,5.349949786728144
Glencore,2025-07-15,4.14,GRU,5.3713111303927175
Glencore,2025-07-16,4.12,Random Walk,5.24
Glencore,2025-07-16,4.12,Random Walk + Drift,5.239075288972196
Glencore,2025-07-16,4.12,ARIMA,5.246831276840611
Glencore,2025-07-16,4.12,LASSO,5.242476421762387
Glencore,2025-07-16,4.12,Elastic Net,5.242476421762387
Glencore,2025-07-16,4.12,Random Forest,5.276758856421355
Glencore,2025-07-16,4.12,XGBoost,5.276754147409439
Glencore,2025-07-16,4.12,LightGBM,5.276754147409439
Glencore,2025-07-16,4.12,LSTM,5.29610111318598
Glencore,2025-07-16,4.12,GRU,5.266476569645056
Glencore,2025-07-17,4.07,Random Walk,5.06
Glencore,2025-07-17,4.07,Random Walk + Drift,5.059019362898188
Glencore,2025-07-17,4.07,ARIMA,5.063384979847813
Glencore,2025-07-17,4.07,LASSO,5.064077841180289
Glencore,2025-07-17,4.07,Elastic Net,5.064077841180289
Glencore,2025-07-17,4.07,Random Forest,5.069966196488697
Glencore,2025-07-17,4.07,XGBoost,5.102934203068121
Glencore,2025-07-17,4.07,LightGBM,5.102934203068121
Glencore,2025-07-17,4.07,LSTM,5.245681285020342
Glencore,2025-07-17,4.07,GRU,5.135819426552389
Glencore,2025-07-18,4.07,Random Walk,5.14
Glencore,2025-07-18,4.07,Random Walk + Drift,5.139044645644708
Glencore,2025-07-18,4.07,ARIMA,5.159928540820894
Glencore,2025-07-18,4.07,LASSO,5.138565498814602
Glencore,2025-07-18,4.07,Elastic Net,5.138565498814602
Glencore,2025-07-18,4.07,Random Forest,5.1594930158730135
Glencore,2025-07-18,4.07,XGBoost,5.175835102153485
Glencore,2025-07-18,4.07,LightGBM,5.175835102153485
Glencore,2025-07-18,4.07,LSTM,5.16638192040555
Glencore,2025-07-18,4.07,GRU,5.119929547391099
Glencore,2025-07-21,4.22,Random Walk,5.31
Glencore,2025-07-21,4.22,Random Walk + Drift,5.309098002496879
Glencore,2025-07-21,4.22,ARIMA,5.318953733268066
Glencore,2025-07-21,4.22,LASSO,5.304668209901106
Glencore,2025-07-21,4.22,Elastic Net,5.304668209901106
Glencore,2025-07-21,4.22,Random Forest,5.344229365079366
Glencore,2025-07-21,4.22,XGBoost,5.3080755044594845
Glencore,2025-07-21,4.22,LightGBM,5.3080755044594845
Glencore,2025-07-21,4.22,LSTM,5.157880155656578
Glencore,2025-07-21,4.22,GRU,5.193136985268089
Glencore,2025-07-22,4.36,Random Walk,5.29
Glencore,2025-07-22,4.36,Random Walk + Drift,5.289092043681747
Glencore,2025-07-22,4.36,ARIMA,5.277741773184186
Glencore,2025-07-22,4.36,LASSO,5.283251704244532
Glencore,2025-07-22,4.36,Elastic Net,5.283251704244532
Glencore,2025-07-22,4.36,Random Forest,5.328007685185186
Glencore,2025-07-22,4.36,XGBoost,5.296950791992986
Glencore,2025-07-22,4.36,LightGBM,5.296950791992986
Glencore,2025-07-22,4.36,LSTM,5.1921555792606835
Glencore,2025-07-22,4.36,GRU,5.29253342706357
Glencore,2025-07-23,4.43,Random Walk,5.37
Glencore,2025-07-23,4.43,Random Walk + Drift,5.369117280099813
Glencore,2025-07-23,4.43,ARIMA,5.36800131994664
Glencore,2025-07-23,4.43,LASSO,5.35861398858632
Glencore,2025-07-23,4.43,Elastic Net,5.35861398858632
Glencore,2025-07-23,4.43,Random Forest,5.373999761904766
Glencore,2025-07-23,4.43,XGBoost,5.377578566330735
Glencore,2025-07-23,4.43,LightGBM,5.377578566330735
Glencore,2025-07-23,4.43,LSTM,5.356544709025075
Glencore,2025-07-23,4.43,GRU,5.352967266225592
Glencore,2025-07-24,4.36,Random Walk,5.4
Glencore,2025-07-24,4.36,Random Walk + Drift,5.399126909884628
Glencore,2025-07-24,4.36,ARIMA,5.3936262072811045
Glencore,2025-07-24,4.36,LASSO,5.389606726604683
Glencore,2025-07-24,4.36,Elastic Net,5.389606726604683
Glencore,2025-07-24,4.36,Random Forest,5.37944202380953
Glencore,2025-07-24,4.36,XGBoost,5.395043888421632
Glencore,2025-07-24,4.36,LightGBM,5.395043888421632
Glencore,2025-07-24,4.36,LSTM,5.399400459468391
Glencore,2025-07-24,4.36,GRU,5.382775479929038
Glencore,2025-07-25,4.28,Random Walk,5.35
Glencore,2025-07-25,4.28,Random Walk + Drift,5.349111596009974
Glencore,2025-07-25,4.28,ARIMA,5.342464482819871
Glencore,2025-07-25,4.28,LASSO,5.343541648082501
Glencore,2025-07-25,4.28,Elastic Net,5.343541648082501
Glencore,2025-07-25,4.28,Random Forest,5.3713865211640215
Glencore,2025-07-25,4.28,XGBoost,5.378054990623015
Glencore,2025-07-25,4.28,LightGBM,5.378054990623015
Glencore,2025-07-25,4.28,LSTM,5.440699227323049
Glencore,2025-07-25,4.28,GRU,5.375872946810565
Glencore,2025-07-28,4.23,Random Walk,5.33
Glencore,2025-07-28,4.23,Random Walk + Drift,5.329105640386413
Glencore,2025-07-28,4.23,ARIMA,5.330158580438012
Glencore,2025-07-28,4.23,LASSO,5.32381012066182
Glencore,2025-07-28,4.23,Elastic Net,5.32381012066182
Glencore,2025-07-28,4.23,Random Forest,5.305291679894179
Glencore,2025-07-28,4.23,XGBoost,5.331994856451094
Glencore,2025-07-28,4.23,LightGBM,5.331994856451094
Glencore,2025-07-28,4.23,LSTM,5.423321425488301
Glencore,2025-07-28,4.23,GRU,5.383870469021198
Glencore,2025-07-29,4.08,Random Walk,5.43
Glencore,2025-07-29,4.08,Random Walk + Drift,5.42913707165109
Glencore,2025-07-29,4.08,ARIMA,5.435705352388413
Glencore,2025-07-29,4.08,LASSO,5.422923551755293
Glencore,2025-07-29,4.08,Elastic Net,5.422923551755293
Glencore,2025-07-29,4.08,Random Forest,5.451015191197693
Glencore,2025-07-29,4.08,XGBoost,5.405768773481804
Glencore,2025-07-29,4.08,LightGBM,5.405768773481804
Glencore,2025-07-29,4.08,LSTM,5.437303509429894
Glencore,2025-07-29,4.08,GRU,5.396511294949193
Glencore,2025-07-30,4.13,Random Walk,5.27
Glencore,2025-07-30,4.13,Random Walk + Drift,5.269087511678604
Glencore,2025-07-30,4.13,ARIMA,5.2585470588920264
Glencore,2025-07-30,4.13,LASSO,5.2669938765487565
Glencore,2025-07-30,4.13,Elastic Net,5.2669938765487565
Glencore,2025-07-30,4.13,Random Forest,5.229143492063493
Glencore,2025-07-30,4.13,XGBoost,5.263630607715313
Glencore,2025-07-30,4.13,LightGBM,5.263630607715313
Glencore,2025-07-30,4.13,LSTM,5.304670620388695
Glencore,2025-07-30,4.13,GRU,5.365648570360525
Glencore,2025-07-31,4.02,Random Walk,5.13
Glencore,2025-07-31,4.02,Random Walk + Drift,5.129044209215442
Glencore,2025-07-31,4.02,ARIMA,5.1331216312733465
Glencore,2025-07-31,4.02,LASSO,5.129310054496866
Glencore,2025-07-31,4.02,Elastic Net,5.129310054496866
Glencore,2025-07-31,4.02,Random Forest,5.080642023809522
Glencore,2025-07-31,4.02,XGBoost,5.135338188055115
Glencore,2025-07-31,4.02,LightGBM,5.135338188055115
Glencore,2025-07-31,4.02,LSTM,5.174411633837548
Glencore,2025-07-31,4.02,GRU,5.222825504970098
Glencore,2025-08-01,3.99,Random Walk,5.17
Glencore,2025-08-01,3.99,Random Walk + Drift,5.16905695611578
Glencore,2025-08-01,3.99,ARIMA,5.185774142723964
Glencore,2025-08-01,3.99,LASSO,5.1682620098287595
Glencore,2025-08-01,3.99,Elastic Net,5.1682620098287595
Glencore,2025-08-01,3.99,Random Forest,5.135296547619049
Glencore,2025-08-01,3.99,XGBoost,5.179694528583613
Glencore,2025-08-01,3.99,LightGBM,5.179694528583613
Glencore,2025-08-01,3.99,LSTM,5.231595907723486
Glencore,2025-08-01,3.99,GRU,5.134305502004272
Glencore,2025-08-04,3.97,Random Walk,5.08
Glencore,2025-08-04,3.97,Random Walk + Drift,5.079029247044182
Glencore,2025-08-04,3.97,ARIMA,5.081076159655095
Glencore,2025-08-04,3.97,LASSO,5.081637380107677
Glencore,2025-08-04,3.97,Elastic Net,5.081637380107677
Glencore,2025-08-04,3.97,Random Forest,5.056987632275133
Glencore,2025-08-04,3.97,XGBoost,5.0755914121655055
Glencore,2025-08-04,3.97,LightGBM,5.0755914121655055
Glencore,2025-08-04,3.97,LSTM,5.113286727586851
Glencore,2025-08-04,3.97,GRU,5.093360656637916
Glencore,2025-08-05,4.0,Random Walk,5.01
Glencore,2025-08-05,4.0,Random Walk + Drift,5.009007776049766
Glencore,2025-08-05,4.0,ARIMA,5.015376831425589
Glencore,2025-08-05,4.0,LASSO,5.010285771274551
Glencore,2025-08-05,4.0,Elastic Net,5.010285771274551
Glencore,2025-08-05,4.0,Random Forest,4.9407233994708974
Glencore,2025-08-05,4.0,XGBoost,4.999786563058444
Glencore,2025-08-05,4.0,LightGBM,4.999786563058444
Glencore,2025-08-05,4.0,LSTM,5.003773208950863
Glencore,2025-08-05,4.0,GRU,5.0204617730139045
Glencore,2025-08-06,3.8,Random Walk,4.86
Glencore,2025-08-06,3.8,Random Walk + Drift,4.85896144278607
Glencore,2025-08-06,3.8,ARIMA,4.863316420682461
Glencore,2025-08-06,3.8,LASSO,4.86141706140935
Glencore,2025-08-06,3.8,Elastic Net,4.86141706140935
Glencore,2025-08-06,3.8,Random Forest,4.85363398148148
Glencore,2025-08-06,3.8,XGBoost,4.892773766198038
Glencore,2025-08-06,3.8,LightGBM,4.892773766198038
Glencore,2025-08-06,3.8,LSTM,4.923118192104095
Glencore,2025-08-06,3.8,GRU,4.917833813535584
Glencore,2025-08-07,3.77,Random Walk,4.98
Glencore,2025-08-07,3.77,Random Walk + Drift,4.978999067454151
Glencore,2025-08-07,3.77,ARIMA,4.998790364453028
Glencore,2025-08-07,3.77,LASSO,4.97923692218318
Glencore,2025-08-07,3.77,Elastic Net,4.97923692218318
Glencore,2025-08-07,3.77,Random Forest,4.995979232804232
Glencore,2025-08-07,3.77,XGBoost,5.011644440657368
Glencore,2025-08-07,3.77,LightGBM,5.011644440657368
Glencore,2025-08-07,3.77,LSTM,4.924435536141672
Glencore,2025-08-07,3.77,GRU,4.91429130464614
Glencore,2025-08-08,3.88,Random Walk,4.94
Glencore,2025-08-08,3.88,Random Walk + Drift,4.938986948415165
Glencore,2025-08-08,3.88,ARIMA,4.937273925424023
Glencore,2025-08-08,3.88,LASSO,4.938536373829786
Glencore,2025-08-08,3.88,Elastic Net,4.938536373829786
Glencore,2025-08-08,3.88,Random Forest,4.938911243386248
Glencore,2025-08-08,3.88,XGBoost,4.903234462059408
Glencore,2025-08-08,3.88,LightGBM,4.903234462059408
Glencore,2025-08-08,3.88,LSTM,4.9121634066449475
Glencore,2025-08-08,3.88,GRU,4.953118214086089
Glencore,2025-08-11,3.94,Random Walk,4.92
Glencore,2025-08-11,3.94,Random Walk + Drift,4.918981050015533
Glencore,2025-08-11,3.94,ARIMA,4.920606189266321
Glencore,2025-08-11,3.94,LASSO,4.917529392254733
Glencore,2025-08-11,3.94,Elastic Net,4.917529392254733
Glencore,2025-08-11,3.94,Random Forest,4.856867394179892
Glencore,2025-08-11,3.94,XGBoost,4.903549570835391
Glencore,2025-08-11,3.94,LightGBM,4.903549570835391
Glencore,2025-08-11,3.94,LSTM,4.912294562622008
Glencore,2025-08-11,3.94,GRU,4.932155984405674
Glencore,2025-08-12,3.98,Random Walk,4.93
Glencore,2025-08-12,3.98,Random Walk + Drift,4.928984472049689
Glencore,2025-08-12,3.98,ARIMA,4.932517432438607
Glencore,2025-08-12,3.98,LASSO,4.925122843639505
Glencore,2025-08-12,3.98,Elastic Net,4.925122843639505
Glencore,2025-08-12,3.98,Random Forest,4.897060613275612
Glencore,2025-08-12,3.98,XGBoost,4.91087762042894
Glencore,2025-08-12,3.98,LightGBM,4.91087762042894
Glencore,2025-08-12,3.98,LSTM,4.945603537380965
Glencore,2025-08-12,3.98,GRU,4.88321090270584
Glencore,2025-08-13,4.02,Random Walk,5.03
Glencore,2025-08-13,4.02,Random Walk + Drift,5.0290158335920525
Glencore,2025-08-13,4.02,ARIMA,5.0338221018678
Glencore,2025-08-13,4.02,LASSO,5.024701068804259
Glencore,2025-08-13,4.02,Elastic Net,5.024701068804259
Glencore,2025-08-13,4.02,Random Forest,5.055067923280425
Glencore,2025-08-13,4.02,XGBoost,4.990188105936637
Glencore,2025-08-13,4.02,LightGBM,4.990188105936637
Glencore,2025-08-13,4.02,LSTM,4.948376633467004
Glencore,2025-08-13,4.02,GRU,5.001007085230996
Glencore,2025-08-14,3.98,Random Walk,4.98
Glencore,2025-08-14,3.98,Random Walk + Drift,4.979000620732465
Glencore,2025-08-14,3.98,ARIMA,4.971316804929326
Glencore,2025-08-14,3.98,LASSO,4.975152196980139
Glencore,2025-08-14,3.98,Elastic Net,4.975152196980139
Glencore,2025-08-14,3.98,Random Forest,4.994804788359787
Glencore,2025-08-14,3.98,XGBoost,4.987983927867066
Glencore,2025-08-14,3.98,LightGBM,4.987983927867066
Glencore,2025-08-14,3.98,LSTM,4.992611302555989
Glencore,2025-08-14,3.98,GRU,4.980357809122362
Glencore,2025-08-15,4.06,Random Walk,4.93
Glencore,2025-08-15,4.06,Random Walk + Drift,4.928985417313062
Glencore,2025-08-15,4.06,ARIMA,4.9281769315415245
Glencore,2025-08-15,4.06,LASSO,4.9259967386854475
Glencore,2025-08-15,4.06,Elastic Net,4.9259967386854475
Glencore,2025-08-15,4.06,Random Forest,4.87755976190476
Glencore,2025-08-15,4.06,XGBoost,4.914648012538391
Glencore,2025-08-15,4.06,LightGBM,4.914648012538391
Glencore,2025-08-15,4.06,LSTM,4.980849817363847
Glencore,2025-08-15,4.06,GRU,4.971311284421868
Glencore,2025-08-18,3.89,Random Walk,4.88
Glencore,2025-08-18,3.89,Random Walk + Drift,4.878970223325062
Glencore,2025-08-18,3.89,ARIMA,4.8821073151235685
Glencore,2025-08-18,3.89,LASSO,4.877536756524525
Glencore,2025-08-18,3.89,Elastic Net,4.877536756524525
Glencore,2025-08-18,3.89,Random Forest,4.899147261904764
Glencore,2025-08-18,3.89,XGBoost,4.907827143364968
Glencore,2025-08-18,3.89,LightGBM,4.907827143364968
Glencore,2025-08-18,3.89,LSTM,4.9647320892191535
Glencore,2025-08-18,3.89,GRU,4.912348345867419
Glencore,2025-08-19,3.94,Random Walk,4.81
Glencore,2025-08-19,3.94,Random Walk + Drift,4.808948837209302
Glencore,2025-08-19,3.94,ARIMA,4.813032037445517
Glencore,2025-08-19,3.94,LASSO,4.810619265501448
Glencore,2025-08-19,3.94,Elastic Net,4.810619265501448
Glencore,2025-08-19,3.94,Random Forest,4.806175357142859
Glencore,2025-08-19,3.94,XGBoost,4.816341824064525
Glencore,2025-08-19,3.94,LightGBM,4.816341824064525
Glencore,2025-08-19,3.94,LSTM,4.86864808121159
Glencore,2025-08-19,3.94,GRU,4.8223275418146105
Glencore,2025-08-20,3.93,Random Walk,4.76
Glencore,2025-08-20,3.93,Random Walk + Drift,4.758933663980161
Glencore,2025-08-20,3.93,ARIMA,4.765760126309558
Glencore,2025-08-20,3.93,LASSO,4.76082756151002
Glencore,2025-08-20,3.93,Elastic Net,4.76082756151002
Glencore,2025-08-20,3.93,Random Forest,4.747598650793653
Glencore,2025-08-20,3.93,XGBoost,4.753105479036157
Glencore,2025-08-20,3.93,LightGBM,4.753105479036157
Glencore,2025-08-20,3.93,LSTM,4.795848307619019
Glencore,2025-08-20,3.93,GRU,4.799679671136974
Glencore,2025-08-21,3.92,Random Walk,4.68
Glencore,2025-08-21,3.92,Random Walk + Drift,4.67890920359467
Glencore,2025-08-21,3.92,ARIMA,4.684242999489312
Glencore,2025-08-21,3.92,LASSO,4.681704642342189
Glencore,2025-08-21,3.92,Elastic Net,4.681704642342189
Glencore,2025-08-21,3.92,Random Forest,4.767064431216932
Glencore,2025-08-21,3.92,XGBoost,4.7084930630227015
Glencore,2025-08-21,3.92,LightGBM,4.7084930630227015
Glencore,2025-08-21,3.92,LSTM,4.737071339976484
Glencore,2025-08-21,3.92,GRU,4.71434574492163
Glencore,2025-08-22,3.98,Random Walk,4.72
Glencore,2025-08-22,3.98,Random Walk + Drift,4.718921933085501
Glencore,2025-08-22,3.98,ARIMA,4.730230627860451
Glencore,2025-08-22,3.98,LASSO,4.7198571514008485
Glencore,2025-08-22,3.98,Elastic Net,4.7198571514008485
Glencore,2025-08-22,3.98,Random Forest,4.766661534391536
Glencore,2025-08-22,3.98,XGBoost,4.745642891424361
Glencore,2025-08-22,3.98,LightGBM,4.745642891424361
Glencore,2025-08-22,3.98,LSTM,4.703086374265037
Glencore,2025-08-22,3.98,GRU,4.683312786153255
Glencore,2025-08-26,3.95,Random Walk,4.73
Glencore,2025-08-26,3.95,Random Walk + Drift,4.72892536388975
Glencore,2025-08-26,3.95,ARIMA,4.731731166847723
Glencore,2025-08-26,3.95,LASSO,4.728399901710224
Glencore,2025-08-26,3.95,Elastic Net,4.728399901710224
Glencore,2025-08-26,3.95,Random Forest,4.732583902116405
Glencore,2025-08-26,3.95,XGBoost,4.742547700564747
Glencore,2025-08-26,3.95,LightGBM,4.742547700564747
Glencore,2025-08-26,3.95,LSTM,4.720933465751757
Glencore,2025-08-26,3.95,GRU,4.686650428020652
Glencore,2025-08-27,3.96,Random Walk,4.74
Glencore,2025-08-27,3.96,Random Walk + Drift,4.738928792569659
Glencore,2025-08-27,3.96,ARIMA,4.7398961376006294
Glencore,2025-08-27,3.96,LASSO,4.737196511899659
Glencore,2025-08-27,3.96,Elastic Net,4.737196511899659
Glencore,2025-08-27,3.96,Random Forest,4.734335873015876
Glencore,2025-08-27,3.96,XGBoost,4.733519338333358
Glencore,2025-08-27,3.96,LightGBM,4.733519338333358
Glencore,2025-08-27,3.96,LSTM,4.732040357299361
Glencore,2025-08-27,3.96,GRU,4.719864712146518
Glencore,2025-08-28,3.98,Random Walk,4.84
Glencore,2025-08-28,3.98,Random Walk + Drift,4.838960074280409
Glencore,2025-08-28,3.98,ARIMA,4.842534993245322
Glencore,2025-08-28,3.98,LASSO,4.833731750551734
Glencore,2025-08-28,3.98,Elastic Net,4.833731750551734
Glencore,2025-08-28,3.98,Random Forest,4.794437579365076
Glencore,2025-08-28,3.98,XGBoost,4.813727149011036
Glencore,2025-08-28,3.98,LightGBM,4.813727149011036
Glencore,2025-08-28,3.98,LSTM,4.798476170634385
Glencore,2025-08-28,3.98,GRU,4.812625341348332
Glencore,2025-08-29,3.95,Random Walk,4.82
Glencore,2025-08-29,3.95,Random Walk + Drift,4.818954207920792
Glencore,2025-08-29,3.95,ARIMA,4.8118392694693295
Glencore,2025-08-29,3.95,LASSO,4.814850617831276
Glencore,2025-08-29,3.95,Elastic Net,4.814850617831276
Glencore,2025-08-29,3.95,Random Forest,4.808114140211637
Glencore,2025-08-29,3.95,XGBoost,4.807590779327947
Glencore,2025-08-29,3.95,LightGBM,4.807590779327947
Glencore,2025-08-29,3.95,LSTM,4.842542000409402
Glencore,2025-08-29,3.95,GRU,4.848158997972895
Glencore,2025-09-01,3.91,Random Walk,4.9
Glencore,2025-09-01,3.91,Random Walk + Drift,4.898979276214043
Glencore,2025-09-01,3.91,ARIMA,4.900395091679958
Glencore,2025-09-01,3.91,LASSO,4.893234553869401
Glencore,2025-09-01,3.91,Elastic Net,4.893234553869401
Glencore,2025-09-01,3.91,Random Forest,4.935139841269842
Glencore,2025-09-01,3.91,XGBoost,4.901995627689069
Glencore,2025-09-01,3.91,LightGBM,4.901995627689069
Glencore,2025-09-01,3.91,LSTM,4.866406771835355
Glencore,2025-09-01,3.91,GRU,4.911585438714097
Glencore,2025-09-02,3.81,Random Walk,4.95
Glencore,2025-09-02,3.81,Random Walk + Drift,4.948995052566481
Glencore,2025-09-02,3.81,ARIMA,4.945326671032227
Glencore,2025-09-02,3.81,LASSO,4.9424881696861105
Glencore,2025-09-02,3.81,Elastic Net,4.9424881696861105
Glencore,2025-09-02,3.81,Random Forest,5.007651626984128
Glencore,2025-09-02,3.81,XGBoost,4.9650515996514875
Glencore,2025-09-02,3.81,LightGBM,4.9650515996514875
Glencore,2025-09-02,3.81,LSTM,4.911638484062976
Glencore,2025-09-02,3.81,GRU,4.9200259967935125
Glencore,2025-09-03,3.86,Random Walk,5.11
Glencore,2025-09-03,3.86,Random Walk + Drift,5.109044822256569
Glencore,2025-09-03,3.86,ARIMA,5.109020851719084
Glencore,2025-09-03,3.86,LASSO,5.100494637564621
Glencore,2025-09-03,3.86,Elastic Net,5.100494637564621
Glencore,2025-09-03,3.86,Random Forest,5.1302493253968215
Glencore,2025-09-03,3.86,XGBoost,5.12642452719352
Glencore,2025-09-03,3.86,LightGBM,5.12642452719352
Glencore,2025-09-03,3.86,LSTM,5.069429869577552
Glencore,2025-09-03,3.86,GRU,5.057529770392915
Glencore,2025-09-04,3.83,Random Walk,5.15
Glencore,2025-09-04,3.83,Random Walk + Drift,5.1490574783683565
Glencore,2025-09-04,3.83,ARIMA,5.137281566141428
Glencore,2025-09-04,3.83,LASSO,5.139513102140554
Glencore,2025-09-04,3.83,Elastic Net,5.139513102140554
Glencore,2025-09-04,3.83,Random Forest,5.118205092592596
Glencore,2025-09-04,3.83,XGBoost,5.141531251668257
Glencore,2025-09-04,3.83,LightGBM,5.141531251668257
Glencore,2025-09-04,3.83,LSTM,5.117136313349883
Glencore,2025-09-04,3.83,GRU,5.141939810239993
Glencore,2025-09-05,3.87,Random Walk,5.1
Glencore,2025-09-05,3.87,Random Walk + Drift,5.0990423231387085
Glencore,2025-09-05,3.87,ARIMA,5.088508959873895
Glencore,2025-09-05,3.87,LASSO,5.091960967469287
Glencore,2025-09-05,3.87,Elastic Net,5.091960967469287
Glencore,2025-09-05,3.87,Random Forest,5.121332063492059
Glencore,2025-09-05,3.87,XGBoost,5.110864765395863
Glencore,2025-09-05,3.87,LightGBM,5.110864765395863
Glencore,2025-09-05,3.87,LSTM,5.158700178981325
Glencore,2025-09-05,3.87,GRU,5.124865845803544
Glencore,2025-09-08,3.88,Random Walk,5.12
Glencore,2025-09-08,3.88,Random Walk + Drift,5.119048795552811
Glencore,2025-09-08,3.88,ARIMA,5.119968149160458
Glencore,2025-09-08,3.88,LASSO,5.112650090825335
Glencore,2025-09-08,3.88,Elastic Net,5.112650090825335
Glencore,2025-09-08,3.88,Random Forest,5.110208134920632
Glencore,2025-09-08,3.88,XGBoost,5.136709076356908
Glencore,2025-09-08,3.88,LightGBM,5.136709076356908
Glencore,2025-09-08,3.88,LSTM,5.1205932952592885
Glencore,2025-09-08,3.88,GRU,5.106205423898074
Glencore,2025-09-09,4.08,Random Walk,5.36
Glencore,2025-09-09,4.08,Random Walk + Drift,5.359123186168571
Glencore,2025-09-09,4.08,ARIMA,5.367504655738132
Glencore,2025-09-09,4.08,LASSO,5.349948841641474
Glencore,2025-09-09,4.08,Elastic Net,5.349948841641474
Glencore,2025-09-09,4.08,Random Forest,5.382630873015875
Glencore,2025-09-09,4.08,XGBoost,5.37826943166793
Glencore,2025-09-09,4.08,LightGBM,5.37826943166793
Glencore,2025-09-09,4.08,LSTM,5.243120257028367
Glencore,2025-09-09,4.08,GRU,5.2915136183587705
Glencore,2025-09-10,4.01,Random Walk,5.32
Glencore,2025-09-10,4.01,Random Walk + Drift,5.319111111111112
Glencore,2025-09-10,4.01,ARIMA,5.301324156737867
Glencore,2025-09-10,4.01,LASSO,5.31131519629005
Glencore,2025-09-10,4.01,Elastic Net,5.31131519629005
Glencore,2025-09-10,4.01,Random Forest,5.338351865079364
Glencore,2025-09-10,4.01,XGBoost,5.30213868500002
Glencore,2025-09-10,4.01,LightGBM,5.30213868500002
Glencore,2025-09-10,4.01,LSTM,5.308400062264426
Glencore,2025-09-10,4.01,GRU,5.333247469264945
Glencore,2025-09-11,4.05,Random Walk,5.42
Glencore,2025-09-11,4.05,Random Walk + Drift,5.419142240049368
Glencore,2025-09-11,4.05,ARIMA,5.417612580880118
Glencore,2025-09-11,4.05,LASSO,5.408458463912659
Glencore,2025-09-11,4.05,Elastic Net,5.408458463912659
Glencore,2025-09-11,4.05,Random Forest,5.396663095238099
Glencore,2025-09-11,4.05,XGBoost,5.411211804186688
Glencore,2025-09-11,4.05,LightGBM,5.411211804186688
Glencore,2025-09-11,4.05,LSTM,5.38024427074722
Glencore,2025-09-11,4.05,GRU,5.378083178729911
Glencore,2025-09-12,4.11,Random Walk,5.38
Glencore,2025-09-12,4.11,Random Walk + Drift,5.37913016656385
Glencore,2025-09-12,4.11,ARIMA,5.369772583068318
Glencore,2025-09-12,4.11,LASSO,5.370182846542266
Glencore,2025-09-12,4.11,Elastic Net,5.370182846542266
Glencore,2025-09-12,4.11,Random Forest,5.375561832611832
Glencore,2025-09-12,4.11,XGBoost,5.396727776369121
Glencore,2025-09-12,4.11,LightGBM,5.396727776369121
Glencore,2025-09-12,4.11,LSTM,5.3979277352658395
Glencore,2025-09-12,4.11,GRU,5.420588292356715
Glencore,2025-09-15,4.17,Random Walk,5.32
Glencore,2025-09-15,4.17,Random Walk + Drift,5.319111933395005
Glencore,2025-09-15,4.17,ARIMA,5.316423918034717
Glencore,2025-09-15,4.17,LASSO,5.315104055195451
Glencore,2025-09-15,4.17,Elastic Net,5.315104055195451
Glencore,2025-09-15,4.17,Random Forest,5.305062883597886
Glencore,2025-09-15,4.17,XGBoost,5.295875759469458
Glencore,2025-09-15,4.17,LightGBM,5.295875759469458
Glencore,2025-09-15,4.17,LSTM,5.389646797088992
Glencore,2025-09-15,4.17,GRU,5.355923792175135
Glencore,2025-09-16,4.24,Random Walk,5.32
Glencore,2025-09-16,4.24,Random Walk + Drift,5.319112207151665
Glencore,2025-09-16,4.24,ARIMA,5.323929977039023
Glencore,2025-09-16,4.24,LASSO,5.314713907840202
Glencore,2025-09-16,4.24,Elastic Net,5.314713907840202
Glencore,2025-09-16,4.24,Random Forest,5.326057059884555
Glencore,2025-09-16,4.24,XGBoost,5.330005766241246
Glencore,2025-09-16,4.24,LightGBM,5.330005766241246
Glencore,2025-09-16,4.24,LSTM,5.360097409707133
Glencore,2025-09-16,4.24,GRU,5.334184861351863
Glencore,2025-09-17,4.17,Random Walk,5.42
Glencore,2025-09-17,4.17,Random Walk + Drift,5.419143297380585
Glencore,2025-09-17,4.17,ARIMA,5.425631984510345
Glencore,2025-09-17,4.17,LASSO,5.413966240963965
Glencore,2025-09-17,4.17,Elastic Net,5.413966240963965
Glencore,2025-09-17,4.17,Random Forest,5.387722954545456
Glencore,2025-09-17,4.17,XGBoost,5.384451630972391
Glencore,2025-09-17,4.17,LightGBM,5.384451630972391
Glencore,2025-09-17,4.17,LSTM,5.359240110461158
Glencore,2025-09-17,4.17,GRU,5.348592740120245
Glencore,2025-09-18,4.17,Random Walk,5.4
Glencore,2025-09-18,4.17,Random Walk + Drift,5.399137399876771
Glencore,2025-09-18,4.17,ARIMA,5.393212160782402
Glencore,2025-09-18,4.17,LASSO,5.393646254181238
Glencore,2025-09-18,4.17,Elastic Net,5.393646254181238
Glencore,2025-09-18,4.17,Random Forest,5.394661865079369
Glencore,2025-09-18,4.17,XGBoost,5.39859079720682
Glencore,2025-09-18,4.17,LightGBM,5.39859079720682
Glencore,2025-09-18,4.17,LSTM,5.373927633579024
Glencore,2025-09-18,4.17,GRU,5.409888276336236
Glencore,2025-09-19,4.21,Random Walk,5.35
Glencore,2025-09-19,4.21,Random Walk + Drift,5.34912226670773
Glencore,2025-09-19,4.21,ARIMA,5.346379204228327
Glencore,2025-09-19,4.21,LASSO,5.343829153671439
Glencore,2025-09-19,4.21,Elastic Net,5.343829153671439
Glencore,2025-09-19,4.21,Random Forest,5.374548796296301
Glencore,2025-09-19,4.21,XGBoost,5.38635709976022
Glencore,2025-09-19,4.21,LightGBM,5.38635709976022
Glencore,2025-09-19,4.21,LSTM,5.360716987959163
Glencore,2025-09-19,4.21,GRU,5.378487322157916
Glencore,2025-09-22,4.31,Random Walk,5.35
Glencore,2025-09-22,4.31,Random Walk + Drift,5.349122536945813
Glencore,2025-09-22,4.31,ARIMA,5.3529056913098625
Glencore,2025-09-22,4.31,LASSO,5.344077958611773
Glencore,2025-09-22,4.31,Elastic Net,5.344077958611773
Glencore,2025-09-22,4.31,Random Forest,5.3803241979317
Glencore,2025-09-22,4.31,XGBoost,5.372897965418458
Glencore,2025-09-22,4.31,LightGBM,5.372897965418458
Glencore,2025-09-22,4.31,LSTM,5.373205537665662
Glencore,2025-09-22,4.31,GRU,5.362278130036302
Glencore,2025-09-23,4.34,Random Walk,5.42
Glencore,2025-09-23,4.34,Random Walk + Drift,5.419144352108341
Glencore,2025-09-23,4.34,ARIMA,5.424059624785739
Glencore,2025-09-23,4.34,LASSO,5.414021382264952
Glencore,2025-09-23,4.34,Elastic Net,5.414021382264952
Glencore,2025-09-23,4.34,Random Forest,5.391959365079366
Glencore,2025-09-23,4.34,XGBoost,5.420233772692405
Glencore,2025-09-23,4.34,LightGBM,5.420233772692405
Glencore,2025-09-23,4.34,LSTM,5.427998139647572
Glencore,2025-09-23,4.34,GRU,5.407673414654395
Glencore,2025-09-24,4.44,Random Walk,5.49
Glencore,2025-09-24,4.44,Random Walk + Drift,5.4891661538461545
Glencore,2025-09-24,4.44,ARIMA,5.488231669603167
Glencore,2025-09-24,4.44,LASSO,5.48203736782335
Glencore,2025-09-24,4.44,Elastic Net,5.48203736782335
Glencore,2025-09-24,4.44,Random Forest,5.437864920634923
Glencore,2025-09-24,4.44,XGBoost,5.462564970970457
Glencore,2025-09-24,4.44,LightGBM,5.462564970970457
Glencore,2025-09-24,4.44,LSTM,5.453402144584718
Glencore,2025-09-24,4.44,GRU,5.459577553166292
Glencore,2025-09-25,4.43,Random Walk,5.64
Glencore,2025-09-25,4.43,Random Walk + Drift,5.63921254998462
Glencore,2025-09-25,4.43,ARIMA,5.6382114100111425
Glencore,2025-09-25,4.43,LASSO,5.628014484228243
Glencore,2025-09-25,4.43,Elastic Net,5.628014484228243
Glencore,2025-09-25,4.43,Random Forest,5.5984114682539605
Glencore,2025-09-25,4.43,XGBoost,5.597300192279699
Glencore,2025-09-25,4.43,LightGBM,5.597300192279699
Glencore,2025-09-25,4.43,LSTM,5.568555573708064
Glencore,2025-09-25,4.43,GRU,5.5699150545276375
Glencore,2025-09-26,4.5,Random Walk,5.8
Glencore,2025-09-26,4.5,Random Walk + Drift,5.799261992619926
Glencore,2025-09-26,4.5,ARIMA,5.792104140004465
Glencore,2025-09-26,4.5,LASSO,5.784864950574873
Glencore,2025-09-26,4.5,Elastic Net,5.784864950574873
Glencore,2025-09-26,4.5,Random Forest,5.704821455026455
Glencore,2025-09-26,4.5,XGBoost,5.743927976571139
Glencore,2025-09-26,4.5,LightGBM,5.743927976571139
Glencore,2025-09-26,4.5,LSTM,5.600976997322693
Glencore,2025-09-26,4.5,GRU,5.722570335252998
Glencore,2025-09-29,4.58,Random Walk,5.86
Glencore,2025-09-29,4.58,Random Walk + Drift,5.859280664002459
Glencore,2025-09-29,4.58,ARIMA,5.8446940119949105
Glencore,2025-09-29,4.58,LASSO,5.84492499256246
Glencore,2025-09-29,4.58,Elastic Net,5.84492499256246
Glencore,2025-09-29,4.58,Random Forest,5.891291428571426
Glencore,2025-09-29,4.58,XGBoost,5.8604328837692785
Glencore,2025-09-29,4.58,LightGBM,5.8604328837692785
Glencore,2025-09-29,4.58,LSTM,5.78295544444712
Glencore,2025-09-29,4.58,GRU,5.819118789693249
Glencore,2025-09-30,4.59,Random Walk,5.79
Glencore,2025-09-30,4.59,Random Walk + Drift,5.789259373079287
Glencore,2025-09-30,4.59,ARIMA,5.775188975710723
Glencore,2025-09-30,4.59,LASSO,5.777724918528344
Glencore,2025-09-30,4.59,Elastic Net,5.777724918528344
Glencore,2025-09-30,4.59,Random Forest,5.752588452380951
Glencore,2025-09-30,4.59,XGBoost,5.774209456413078
Glencore,2025-09-30,4.59,LightGBM,5.774209456413078
Glencore,2025-09-30,4.59,LSTM,5.80094905149663
Glencore,2025-09-30,4.59,GRU,5.828054965140551
Glencore,2025-10-01,4.58,Random Walk,5.91
Glencore,2025-10-01,4.58,Random Walk + Drift,5.9092964669738866
Glencore,2025-10-01,4.58,ARIMA,5.914162302643142
Glencore,2025-10-01,4.58,LASSO,5.897856379346272
Glencore,2025-10-01,4.58,Elastic Net,5.897856379346272
Glencore,2025-10-01,4.58,Random Forest,5.877208042328038
Glencore,2025-10-01,4.58,XGBoost,5.908360441358026
Glencore,2025-10-01,4.58,LightGBM,5.908360441358026
Glencore,2025-10-01,4.58,LSTM,5.900208377796546
Glencore,2025-10-01,4.58,GRU,5.887167176878721
Glencore,2025-10-02,4.58,Random Walk,6.0
Glencore,2025-10-02,4.58,Random Walk + Drift,5.999324324324324
Glencore,2025-10-02,4.58,ARIMA,5.99583192553363
Glencore,2025-10-02,4.58,LASSO,5.988489933131862
Glencore,2025-10-02,4.58,Elastic Net,5.988489933131862
Glencore,2025-10-02,4.58,Random Forest,5.973223505291005
Glencore,2025-10-02,4.58,XGBoost,5.970793260701147
Glencore,2025-10-02,4.58,LightGBM,5.970793260701147
Glencore,2025-10-02,4.58,LSTM,5.8624147650232405
Glencore,2025-10-02,4.58,GRU,5.9452922343758345
Glencore,2025-10-03,4.69,Random Walk,5.86
Glencore,2025-10-03,4.69,Random Walk + Drift,5.859281547436291
Glencore,2025-10-03,4.69,ARIMA,5.844898566317867
Glencore,2025-10-03,4.69,LASSO,5.852120741610908
Glencore,2025-10-03,4.69,Elastic Net,5.852120741610908
Glencore,2025-10-03,4.69,Random Forest,5.919113174603176
Glencore,2025-10-03,4.69,XGBoost,5.893522771669716
Glencore,2025-10-03,4.69,LightGBM,5.893522771669716
Glencore,2025-10-03,4.69,LSTM,5.872523707520127
Glencore,2025-10-03,4.69,GRU,5.908153182815777
Glencore,2025-10-06,4.77,Random Walk,5.8
Glencore,2025-10-06,4.77,Random Walk + Drift,5.7992633517495396
Glencore,2025-10-06,4.77,ARIMA,5.802980887913687
Glencore,2025-10-06,4.77,LASSO,5.792660944565969
Glencore,2025-10-06,4.77,Elastic Net,5.792660944565969
Glencore,2025-10-06,4.77,Random Forest,5.856401587301587
Glencore,2025-10-06,4.77,XGBoost,5.871641390590366
Glencore,2025-10-06,4.77,LightGBM,5.871641390590366
Glencore,2025-10-06,4.77,LSTM,5.8087942720654695
Glencore,2025-10-06,4.77,GRU,5.849153323944707
Glencore,2025-10-07,4.79,Random Walk,6.05
Glencore,2025-10-07,4.79,Random Walk + Drift,6.049340288432034
Glencore,2025-10-07,4.79,ARIMA,6.066366791502545
Glencore,2025-10-07,4.79,LASSO,6.039370299745191
Glencore,2025-10-07,4.79,Elastic Net,6.039370299745191
Glencore,2025-10-07,4.79,Random Forest,6.0701896296296285
Glencore,2025-10-07,4.79,XGBoost,6.034196478753531
Glencore,2025-10-07,4.79,LightGBM,6.034196478753531
Glencore,2025-10-07,4.79,LSTM,5.907788976743618
Glencore,2025-10-07,4.79,GRU,5.9160253075401075
Glencore,2025-10-08,4.77,Random Walk,5.99
Glencore,2025-10-08,4.77,Random Walk + Drift,5.989322085889571
Glencore,2025-10-08,4.77,ARIMA,5.973587077694261
Glencore,2025-10-08,4.77,LASSO,5.981562447736298
Glencore,2025-10-08,4.77,Elastic Net,5.981562447736298
Glencore,2025-10-08,4.77,Random Forest,5.980068134920631
Glencore,2025-10-08,4.77,XGBoost,5.906804820627468
Glencore,2025-10-08,4.77,LightGBM,5.906804820627468
Glencore,2025-10-08,4.77,LSTM,5.935981473264146
Glencore,2025-10-08,4.77,GRU,5.971128463547823
Glencore,2025-10-09,4.75,Random Walk,5.8
Glencore,2025-10-09,4.75,Random Walk + Drift,5.799264029438822
Glencore,2025-10-09,4.75,ARIMA,5.790276736126669
Glencore,2025-10-09,4.75,LASSO,5.793407446278564
Glencore,2025-10-09,4.75,Elastic Net,5.793407446278564
Glencore,2025-10-09,4.75,Random Forest,5.798358915343913
Glencore,2025-10-09,4.75,XGBoost,5.822394674217841
Glencore,2025-10-09,4.75,LightGBM,5.822394674217841
Glencore,2025-10-09,4.75,LSTM,5.854646005675392
Glencore,2025-10-09,4.75,GRU,5.887536098668838
Glencore,2025-10-10,4.62,Random Walk,5.89
Glencore,2025-10-10,4.62,Random Walk + Drift,5.889291845493562
Glencore,2025-10-10,4.62,ARIMA,5.906024625947007
Glencore,2025-10-10,4.62,LASSO,5.8813849752318585
Glencore,2025-10-10,4.62,Elastic Net,5.8813849752318585
Glencore,2025-10-10,4.62,Random Forest,5.882344126984128
Glencore,2025-10-10,4.62,XGBoost,5.91326102459296
Glencore,2025-10-10,4.62,LightGBM,5.91326102459296
Glencore,2025-10-10,4.62,LSTM,5.860544235627112
Glencore,2025-10-10,4.62,GRU,5.888936723795261
Glencore,2025-10-13,4.76,Random Walk,5.91
Glencore,2025-10-13,4.76,Random Walk + Drift,5.909298191847993
Glencore,2025-10-13,4.76,ARIMA,5.910297317141904
Glencore,2025-10-13,4.76,LASSO,5.904388550418499
Glencore,2025-10-13,4.76,Elastic Net,5.904388550418499
Glencore,2025-10-13,4.76,Random Forest,5.8836521296296285
Glencore,2025-10-13,4.76,XGBoost,5.9107059554929995
Glencore,2025-10-13,4.76,LightGBM,5.9107059554929995
Glencore,2025-10-13,4.76,LSTM,5.839993346049647
Glencore,2025-10-13,4.76,GRU,5.893418155632087
Glencore,2025-10-14,4.71,Random Walk,5.87
Glencore,2025-10-14,4.71,Random Walk + Drift,5.869286151960784
Glencore,2025-10-14,4.71,ARIMA,5.866487327565958
Glencore,2025-10-14,4.71,LASSO,5.8637720743670885
Glencore,2025-10-14,4.71,Elastic Net,5.8637720743670885
Glencore,2025-10-14,4.71,Random Forest,5.850379828042325
Glencore,2025-10-14,4.71,XGBoost,5.884029806480238
Glencore,2025-10-14,4.71,LightGBM,5.884029806480238
Glencore,2025-10-14,4.71,LSTM,5.928880439365001
Glencore,2025-10-14,4.71,GRU,5.872171994700176
Glencore,2025-10-15,4.73,Random Walk,5.86
Glencore,2025-10-15,4.73,Random Walk + Drift,5.859283307810108
Glencore,2025-10-15,4.73,ARIMA,5.861566900119238
Glencore,2025-10-15,4.73,LASSO,5.851551259655825
Glencore,2025-10-15,4.73,Elastic Net,5.851551259655825
Glencore,2025-10-15,4.73,Random Forest,5.917610859788359
Glencore,2025-10-15,4.73,XGBoost,5.923120584952205
Glencore,2025-10-15,4.73,LightGBM,5.923120584952205
Glencore,2025-10-15,4.73,LSTM,5.826038994369085
Glencore,2025-10-15,4.73,GRU,5.851418756371716
Glencore,2025-10-16,4.72,Random Walk,5.83
Glencore,2025-10-16,4.72,Random Walk + Drift,5.829274341702388
Glencore,2025-10-16,4.72,ARIMA,5.830607336258458
Glencore,2025-10-16,4.72,LASSO,5.823558407962899
Glencore,2025-10-16,4.72,Elastic Net,5.823558407962899
Glencore,2025-10-16,4.72,Random Forest,5.829684907407404
Glencore,2025-10-16,4.72,XGBoost,5.815993273743671
Glencore,2025-10-16,4.72,LightGBM,5.815993273743671
Glencore,2025-10-16,4.72,LSTM,5.799096302991966
Glencore,2025-10-16,4.72,GRU,5.867001462730964
Glencore,2025-10-17,4.64,Random Walk,5.91
Glencore,2025-10-17,4.64,Random Walk + Drift,5.909299051117233
Glencore,2025-10-17,4.64,ARIMA,5.915658771305527
Glencore,2025-10-17,4.64,LASSO,5.901995074957005
Glencore,2025-10-17,4.64,Elastic Net,5.901995074957005
Glencore,2025-10-17,4.64,Random Forest,5.867351415343913
Glencore,2025-10-17,4.64,XGBoost,5.921081707134407
Glencore,2025-10-17,4.64,LightGBM,5.921081707134407
Glencore,2025-10-17,4.64,LSTM,5.87174643487168
Glencore,2025-10-17,4.64,GRU,5.856227021801688
Glencore,2025-10-20,4.68,Random Walk,5.86
Glencore,2025-10-20,4.68,Random Walk + Drift,5.859283965728275
Glencore,2025-10-20,4.68,ARIMA,5.853765146124969
Glencore,2025-10-20,4.68,LASSO,5.85247283971104
Glencore,2025-10-20,4.68,Elastic Net,5.85247283971104
Glencore,2025-10-20,4.68,Random Forest,5.908054351851847
Glencore,2025-10-20,4.68,XGBoost,5.872479042353391
Glencore,2025-10-20,4.68,LightGBM,5.872479042353391
Glencore,2025-10-20,4.68,LSTM,5.869910196160829
Glencore,2025-10-20,4.68,GRU,5.868850710914717
Glencore,2025-10-21,4.6,Random Walk,5.86
Glencore,2025-10-21,4.6,Random Walk + Drift,5.859284184765984
Glencore,2025-10-21,4.6,ARIMA,5.861409611096817
Glencore,2025-10-21,4.6,LASSO,5.852235221630207
Glencore,2025-10-21,4.6,Elastic Net,5.852235221630207
Glencore,2025-10-21,4.6,Random Forest,5.882329801587298
Glencore,2025-10-21,4.6,XGBoost,5.8764644136396855
Glencore,2025-10-21,4.6,LightGBM,5.8764644136396855
Glencore,2025-10-21,4.6,LSTM,5.878887334983959
Glencore,2025-10-21,4.6,GRU,5.850353806641664
Glencore,2025-10-22,4.54,Random Walk,5.95
Glencore,2025-10-22,4.54,Random Walk + Drift,5.949311926605505
Glencore,2025-10-22,4.54,ARIMA,5.953978436402859
Glencore,2025-10-22,4.54,LASSO,5.940123098442714
Glencore,2025-10-22,4.54,Elastic Net,5.940123098442714
Glencore,2025-10-22,4.54,Random Forest,5.904871917989416
Glencore,2025-10-22,4.54,XGBoost,5.918325005921782
Glencore,2025-10-22,4.54,LightGBM,5.918325005921782
Glencore,2025-10-22,4.54,LSTM,5.897202269181687
Glencore,2025-10-22,4.54,GRU,5.887298549207714
Glencore,2025-10-23,4.6,Random Walk,5.84
Glencore,2025-10-23,4.6,Random Walk + Drift,5.839278508101498
Glencore,2025-10-23,4.6,ARIMA,5.83004856468057
Glencore,2025-10-23,4.6,LASSO,5.833501865490449
Glencore,2025-10-23,4.6,Elastic Net,5.833501865490449
Glencore,2025-10-23,4.6,Random Forest,5.851152116402114
Glencore,2025-10-23,4.6,XGBoost,5.825782504182695
Glencore,2025-10-23,4.6,LightGBM,5.825782504182695
Glencore,2025-10-23,4.6,LSTM,5.8579172057275555
Glencore,2025-10-23,4.6,GRU,5.845596815099032
Glencore,2025-10-24,4.61,Random Walk,5.84
Glencore,2025-10-24,4.61,Random Walk + Drift,5.839278728606357
Glencore,2025-10-24,4.61,ARIMA,5.8450465539285155
Glencore,2025-10-24,4.61,LASSO,5.832779008501047
Glencore,2025-10-24,4.61,Elastic Net,5.832779008501047
Glencore,2025-10-24,4.61,Random Forest,5.847151349206349
Glencore,2025-10-24,4.61,XGBoost,5.838899616020985
Glencore,2025-10-24,4.61,LightGBM,5.838899616020985
Glencore,2025-10-24,4.61,LSTM,5.838228249318842
Glencore,2025-10-24,4.61,GRU,5.842612402377638
Glencore,2025-10-27,4.63,Random Walk,5.75
Glencore,2025-10-27,4.63,Random Walk + Drift,5.74925145126795
Glencore,2025-10-27,4.63,ARIMA,5.749381944412388
Glencore,2025-10-27,4.63,LASSO,5.745014992424945
Glencore,2025-10-27,4.63,Elastic Net,5.745014992424945
Glencore,2025-10-27,4.63,Random Forest,5.775335198412694
Glencore,2025-10-27,4.63,XGBoost,5.768738761010465
Glencore,2025-10-27,4.63,LightGBM,5.768738761010465
Glencore,2025-10-27,4.63,LSTM,5.802292617082039
Glencore,2025-10-27,4.63,GRU,5.786218238301014
Glencore,2025-10-28,4.66,Random Walk,5.71
Glencore,2025-10-28,4.66,Random Walk + Drift,5.709239462431277
Glencore,2025-10-28,4.66,ARIMA,5.715983740557923
Glencore,2025-10-28,4.66,LASSO,5.706837387999701
Glencore,2025-10-28,4.66,Elastic Net,5.706837387999701
Glencore,2025-10-28,4.66,Random Forest,5.6895958730158736
Glencore,2025-10-28,4.66,XGBoost,5.6750863767936055
Glencore,2025-10-28,4.66,LightGBM,5.6750863767936055
Glencore,2025-10-28,4.66,LSTM,5.745962654990685
Glencore,2025-10-28,4.66,GRU,5.719518621875559
Glencore,2025-10-29,4.9,Random Walk,5.85
Glencore,2025-10-29,4.9,Random Walk + Drift,5.849282442748091
Glencore,2025-10-29,4.9,ARIMA,5.861052505337357
Glencore,2025-10-29,4.9,LASSO,5.842213594694433
Glencore,2025-10-29,4.9,Elastic Net,5.842213594694433
Glencore,2025-10-29,4.9,Random Forest,5.842197092352088
Glencore,2025-10-29,4.9,XGBoost,5.881083894252714
Glencore,2025-10-29,4.9,LightGBM,5.881083894252714
Glencore,2025-10-29,4.9,LSTM,5.765621837367295
Glencore,2025-10-29,4.9,GRU,5.789183076798536
Glencore,2025-10-30,4.8,Random Walk,5.76
Glencore,2025-10-30,4.8,Random Walk + Drift,5.759255189255189
Glencore,2025-10-30,4.8,ARIMA,5.749511358483187
Glencore,2025-10-30,4.8,LASSO,5.753909821700468
Glencore,2025-10-30,4.8,Elastic Net,5.753909821700468
Glencore,2025-10-30,4.8,Random Forest,5.733955859788362
Glencore,2025-10-30,4.8,XGBoost,5.778212822070645
Glencore,2025-10-30,4.8,LightGBM,5.778212822070645
Glencore,2025-10-30,4.8,LSTM,5.801970574540859
Glencore,2025-10-30,4.8,GRU,5.763522125936014
Glencore,2025-10-31,4.79,Random Walk,5.8
Glencore,2025-10-31,4.79,Random Walk + Drift,5.799267622825755
Glencore,2025-10-31,4.79,ARIMA,5.804212773287179
Glencore,2025-10-31,4.79,LASSO,5.791592682169288
Glencore,2025-10-31,4.79,Elastic Net,5.791592682169288
Glencore,2025-10-31,4.79,Random Forest,5.782869960317459
Glencore,2025-10-31,4.79,XGBoost,5.804999620211952
Glencore,2025-10-31,4.79,LightGBM,5.804999620211952
Glencore,2025-10-31,4.79,LSTM,5.743342137880249
Glencore,2025-10-31,4.79,GRU,5.797642468110969
Glencore,2025-11-03,4.69,Random Walk,5.96
Glencore,2025-11-03,4.69,Random Walk + Drift,5.959316656497864
Glencore,2025-11-03,4.69,ARIMA,5.964152841587224
Glencore,2025-11-03,4.69,LASSO,5.94794627779169
Glencore,2025-11-03,4.69,Elastic Net,5.94794627779169
Glencore,2025-11-03,4.69,Random Forest,5.9193506613756615
Glencore,2025-11-03,4.69,XGBoost,5.928112810276654
Glencore,2025-11-03,4.69,LightGBM,5.928112810276654
Glencore,2025-11-03,4.69,LSTM,5.8912047536632475
Glencore,2025-11-03,4.69,GRU,5.85967424681117
Glencore,2025-11-04,4.56,Random Walk,5.97
Glencore,2025-11-04,4.56,Random Walk + Drift,5.969319914608112
Glencore,2025-11-04,4.56,ARIMA,5.958231744648758
Glencore,2025-11-04,4.56,LASSO,5.959569520804249
Glencore,2025-11-04,4.56,Elastic Net,5.959569520804249
Glencore,2025-11-04,4.56,Random Forest,5.887875899470898
Glencore,2025-11-04,4.56,XGBoost,5.904338253073965
Glencore,2025-11-04,4.56,LightGBM,5.904338253073965
Glencore,2025-11-04,4.56,LSTM,5.932606251808709
Glencore,2025-11-04,4.56,GRU,5.95518664305879
Glencore,2025-11-05,4.64,Random Walk,6.2
Glencore,2025-11-05,4.64,Random Walk + Drift,6.199390243902439
Glencore,2025-11-05,4.64,ARIMA,6.201825086020001
Glencore,2025-11-05,4.64,LASSO,6.183599849417291
Glencore,2025-11-05,4.64,Elastic Net,6.183599849417291
Glencore,2025-11-05,4.64,Random Forest,6.126127407407407
Glencore,2025-11-05,4.64,XGBoost,6.17148765706797
Glencore,2025-11-05,4.64,LightGBM,6.17148765706797
Glencore,2025-11-05,4.64,LSTM,6.024261211754573
Glencore,2025-11-05,4.64,GRU,6.052654515862395
Glencore,2025-11-06,4.73,Random Walk,6.19
Glencore,2025-11-06,4.73,Random Walk + Drift,6.189387381895764
Glencore,2025-11-06,4.73,ARIMA,6.170909623480606
Glencore,2025-11-06,4.73,LASSO,6.174801041947076
Glencore,2025-11-06,4.73,Elastic Net,6.174801041947076
Glencore,2025-11-06,4.73,Random Forest,6.144514854497353
Glencore,2025-11-06,4.73,XGBoost,6.130189836418567
Glencore,2025-11-06,4.73,LightGBM,6.130189836418567
Glencore,2025-11-06,4.73,LSTM,6.071989079978207
Glencore,2025-11-06,4.73,GRU,6.168360753624958
Glencore,2025-11-07,4.7,Random Walk,6.24
Glencore,2025-11-07,4.7,Random Walk + Drift,6.2394028031688
Glencore,2025-11-07,4.7,ARIMA,6.234052700480863
Glencore,2025-11-07,4.7,LASSO,6.2261665113048865
Glencore,2025-11-07,4.7,Elastic Net,6.2261665113048865
Glencore,2025-11-07,4.7,Random Forest,6.282815899470897
Glencore,2025-11-07,4.7,XGBoost,6.249641670007929
Glencore,2025-11-07,4.7,LightGBM,6.249641670007929
Glencore,2025-11-07,4.7,LSTM,6.193824758926822
Glencore,2025-11-07,4.7,GRU,6.254527476550964
Glencore,2025-11-10,4.78,Random Walk,6.31
Glencore,2025-11-10,4.78,Random Walk + Drift,6.309424307036247
Glencore,2025-11-10,4.78,ARIMA,6.305920397905974
Glencore,2025-11-10,4.78,LASSO,6.295506033723717
Glencore,2025-11-10,4.78,Elastic Net,6.295506033723717
Glencore,2025-11-10,4.78,Random Forest,6.33428148148148
Glencore,2025-11-10,4.78,XGBoost,6.330533836762259
Glencore,2025-11-10,4.78,LightGBM,6.330533836762259
Glencore,2025-11-10,4.78,LSTM,6.297839834131212
Glencore,2025-11-10,4.78,GRU,6.245285788675882
Glencore,2025-11-11,4.84,Random Walk,6.37
Glencore,2025-11-11,4.84,Random Walk + Drift,6.369442752740561
Glencore,2025-11-11,4.84,ARIMA,6.364503953966107
Glencore,2025-11-11,4.84,LASSO,6.357586700644009
Glencore,2025-11-11,4.84,Elastic Net,6.357586700644009
Glencore,2025-11-11,4.84,Random Forest,6.361739100529098
Glencore,2025-11-11,4.84,XGBoost,6.359014721313515
Glencore,2025-11-11,4.84,LightGBM,6.359014721313515
Glencore,2025-11-11,4.84,LSTM,6.351303701431883
Glencore,2025-11-11,4.84,GRU,6.3296501036552275
Glencore,2025-11-12,4.88,Random Walk,6.35
Glencore,2025-11-12,4.88,Random Walk + Drift,6.349436834094368
Glencore,2025-11-12,4.88,ARIMA,6.3418474650321635
Glencore,2025-11-12,4.88,LASSO,6.337993789584349
Glencore,2025-11-12,4.88,Elastic Net,6.337993789584349
Glencore,2025-11-12,4.88,Random Forest,6.361791259018759
Glencore,2025-11-12,4.88,XGBoost,6.283499367901929
Glencore,2025-11-12,4.88,LightGBM,6.283499367901929
Glencore,2025-11-12,4.88,LSTM,6.388072068590612
Glencore,2025-11-12,4.88,GRU,6.32083559693377
Glencore,2025-11-13,4.92,Random Walk,6.14
Glencore,2025-11-13,4.92,Random Walk + Drift,6.139373097991479
Glencore,2025-11-13,4.92,ARIMA,6.130866286800643
Glencore,2025-11-13,4.92,LASSO,6.133203740836212
Glencore,2025-11-13,4.92,Elastic Net,6.133203740836212
Glencore,2025-11-13,4.92,Random Forest,6.270296124338622
Glencore,2025-11-13,4.92,XGBoost,6.251730532568379
Glencore,2025-11-13,4.92,LightGBM,6.251730532568379
Glencore,2025-11-13,4.92,LSTM,6.231812259961027
Glencore,2025-11-13,4.92,GRU,6.216322751186368
Glencore,2025-11-14,4.82,Random Walk,6.14
Glencore,2025-11-14,4.82,Random Walk + Drift,6.139373288713112
Glencore,2025-11-14,4.82,ARIMA,6.154135047873426
Glencore,2025-11-14,4.82,LASSO,6.134371841204661
Glencore,2025-11-14,4.82,Elastic Net,6.134371841204661
Glencore,2025-11-14,4.82,Random Forest,6.215763015873015
Glencore,2025-11-14,4.82,XGBoost,6.244351344094015
Glencore,2025-11-14,4.82,LightGBM,6.244351344094015
Glencore,2025-11-14,4.82,LSTM,6.228501648083915
Glencore,2025-11-14,4.82,GRU,6.127979053227474
Glencore,2025-11-17,4.79,Random Walk,6.17
Glencore,2025-11-17,4.79,Random Walk + Drift,6.169382603406326
Glencore,2025-11-17,4.79,ARIMA,6.177517165996463
Glencore,2025-11-17,4.79,LASSO,6.164575052914973
Glencore,2025-11-17,4.79,Elastic Net,6.164575052914973
Glencore,2025-11-17,4.79,Random Forest,6.221750595238097
Glencore,2025-11-17,4.79,XGBoost,6.246852563052866
Glencore,2025-11-17,4.79,LightGBM,6.246852563052866
Glencore,2025-11-17,4.79,LSTM,6.152451547730335
Glencore,2025-11-17,4.79,GRU,6.149156234518211
Glencore,2025-11-18,4.67,Random Walk,6.24
Glencore,2025-11-18,4.67,Random Walk + Drift,6.239404074186683
Glencore,2025-11-18,4.67,ARIMA,6.24290249484569
Glencore,2025-11-18,4.67,LASSO,6.232298853308375
Glencore,2025-11-18,4.67,Elastic Net,6.232298853308375
Glencore,2025-11-18,4.67,Random Forest,6.321956349206348
Glencore,2025-11-18,4.67,XGBoost,6.2088064565075225
Glencore,2025-11-18,4.67,LightGBM,6.2088064565075225
Glencore,2025-11-18,4.67,LSTM,6.125889024705103
Glencore,2025-11-18,4.67,GRU,6.159936895202935
Glencore,2025-11-19,4.61,Random Walk,6.14
Glencore,2025-11-19,4.61,Random Walk + Drift,6.139373860182371
Glencore,2025-11-19,4.61,ARIMA,6.131556132474942
Glencore,2025-11-19,4.61,LASSO,6.131343643362294
Glencore,2025-11-19,4.61,Elastic Net,6.131343643362294
Glencore,2025-11-19,4.61,Random Forest,6.248304947089948
Glencore,2025-11-19,4.61,XGBoost,6.18546103425111
Glencore,2025-11-19,4.61,LightGBM,6.18546103425111
Glencore,2025-11-19,4.61,LSTM,6.153969310746864
Glencore,2025-11-19,4.61,GRU,6.150807039330321
Glencore,2025-11-20,4.56,Random Walk,6.13
Glencore,2025-11-20,4.56,Random Walk + Drift,6.129371011850501
Glencore,2025-11-20,4.56,ARIMA,6.134420692434208
Glencore,2025-11-20,4.56,LASSO,6.121644872146955
Glencore,2025-11-20,4.56,Elastic Net,6.121644872146955
Glencore,2025-11-20,4.56,Random Forest,6.224257764550267
Glencore,2025-11-20,4.56,XGBoost,6.213980080901012
Glencore,2025-11-20,4.56,LightGBM,6.213980080901012
Glencore,2025-11-20,4.56,LSTM,6.155176008904997
Glencore,2025-11-20,4.56,GRU,6.131996505223794
Glencore,2025-11-21,4.39,Random Walk,6.12
Glencore,2025-11-21,4.39,Random Walk + Drift,6.119368165249089
Glencore,2025-11-21,4.39,ARIMA,6.122711781057111
Glencore,2025-11-21,4.39,LASSO,6.112488380684149
Glencore,2025-11-21,4.39,Elastic Net,6.112488380684149
Glencore,2025-11-21,4.39,Random Forest,6.100517552910049
Glencore,2025-11-21,4.39,XGBoost,6.034297773336959
Glencore,2025-11-21,4.39,LightGBM,6.034297773336959
Glencore,2025-11-21,4.39,LSTM,6.1757613199808645
Glencore,2025-11-21,4.39,GRU,6.111818580022912
Glencore,2025-11-24,4.5,Random Walk,6.17
Glencore,2025-11-24,4.5,Random Walk + Drift,6.169383540844215
Glencore,2025-11-24,4.5,ARIMA,6.1736602494360895
Glencore,2025-11-24,4.5,LASSO,6.1621651894714615
Glencore,2025-11-24,4.5,Elastic Net,6.1621651894714615
Glencore,2025-11-24,4.5,Random Forest,6.2256801058201106
Glencore,2025-11-24,4.5,XGBoost,6.235861306199282
Glencore,2025-11-24,4.5,LightGBM,6.235861306199282
Glencore,2025-11-24,4.5,LSTM,6.098307338308699
Glencore,2025-11-24,4.5,GRU,6.153595037239601
Glencore,2025-11-25,4.56,Random Walk,5.98
Glencore,2025-11-25,4.56,Random Walk + Drift,5.9793260473588346
Glencore,2025-11-25,4.56,ARIMA,5.970695192410666
Glencore,2025-11-25,4.56,LASSO,5.974714907794451
Glencore,2025-11-25,4.56,Elastic Net,5.974714907794451
Glencore,2025-11-25,4.56,Random Forest,5.940377883597879
Glencore,2025-11-25,4.56,XGBoost,5.918852915646605
Glencore,2025-11-25,4.56,LightGBM,5.918852915646605
Glencore,2025-11-25,4.56,LSTM,6.069761668659707
Glencore,2025-11-25,4.56,GRU,6.055536044108749
Glencore,2025-11-26,4.63,Random Walk,6.01
Glencore,2025-11-26,4.63,Random Walk + Drift,6.009335356600911
Glencore,2025-11-26,4.63,ARIMA,6.023071061714935
Glencore,2025-11-26,4.63,LASSO,6.003910717270169
Glencore,2025-11-26,4.63,Elastic Net,6.003910717270169
Glencore,2025-11-26,4.63,Random Forest,6.001984999999996
Glencore,2025-11-26,4.63,XGBoost,5.965369860148384
Glencore,2025-11-26,4.63,LightGBM,5.965369860148384
Glencore,2025-11-26,4.63,LSTM,6.013639719937886
Glencore,2025-11-26,4.63,GRU,6.016395095048578
Glencore,2025-11-27,4.72,Random Walk,6.1
Glencore,2025-11-27,4.72,Random Walk + Drift,6.099362864077669
Glencore,2025-11-27,4.72,ARIMA,6.10656035077855
Glencore,2025-11-27,4.72,LASSO,6.092026492662737
Glencore,2025-11-27,4.72,Elastic Net,6.092026492662737
Glencore,2025-11-27,4.72,Random Forest,6.076818939393937
Glencore,2025-11-27,4.72,XGBoost,6.1507447600218645
Glencore,2025-11-27,4.72,LightGBM,6.1507447600218645
Glencore,2025-11-27,4.72,LSTM,6.080375885482159
Glencore,2025-11-27,4.72,GRU,6.06435922069905
Glencore,2025-11-28,4.78,Random Walk,5.98
Glencore,2025-11-28,4.78,Random Walk + Drift,5.979326660600546
Glencore,2025-11-28,4.78,ARIMA,5.97069411364081
Glencore,2025-11-28,4.78,LASSO,5.9746999081157535
Glencore,2025-11-28,4.78,Elastic Net,5.9746999081157535
Glencore,2025-11-28,4.78,Random Forest,6.023741580086575
Glencore,2025-11-28,4.78,XGBoost,5.94373517781733
Glencore,2025-11-28,4.78,LightGBM,5.94373517781733
Glencore,2025-11-28,4.78,LSTM,6.029441323271309
Glencore,2025-11-28,4.78,GRU,5.983190338594303
Glencore,2025-12-01,4.82,Random Walk,6.06
Glencore,2025-12-01,4.82,Random Walk + Drift,6.059351121892055
Glencore,2025-12-01,4.82,ARIMA,6.068775049415126
Glencore,2025-12-01,4.82,LASSO,6.050375090792833
Glencore,2025-12-01,4.82,Elastic Net,6.050375090792833
Glencore,2025-12-01,4.82,Random Forest,6.080474589947089
Glencore,2025-12-01,4.82,XGBoost,6.018824145549018
Glencore,2025-12-01,4.82,LightGBM,6.018824145549018
Glencore,2025-12-01,4.82,LSTM,5.954886188751133
Glencore,2025-12-01,4.82,GRU,6.025580274241157
Glencore,2025-12-02,4.76,Random Walk,5.93
Glencore,2025-12-02,4.76,Random Walk + Drift,5.929311912700818
Glencore,2025-12-02,4.76,ARIMA,5.922944138006485
Glencore,2025-12-02,4.76,LASSO,5.923843366550526
Glencore,2025-12-02,4.76,Elastic Net,5.923843366550526
Glencore,2025-12-02,4.76,Random Forest,5.994095763588261
Glencore,2025-12-02,4.76,XGBoost,5.894488304192113
Glencore,2025-12-02,4.76,LightGBM,5.894488304192113
Glencore,2025-12-02,4.76,LSTM,5.963024918965833
Glencore,2025-12-02,4.76,GRU,5.992362176901807
Glencore,2025-12-03,5.12,Random Walk,5.92
Glencore,2025-12-03,5.12,Random Walk + Drift,5.919309090909091
Glencore,2025-12-03,5.12,ARIMA,5.927351463694498
Glencore,2025-12-03,5.12,LASSO,5.915017591892599
Glencore,2025-12-03,5.12,Elastic Net,5.915017591892599
Glencore,2025-12-03,5.12,Random Forest,5.967874820827317
Glencore,2025-12-03,5.12,XGBoost,5.94964240854613
Glencore,2025-12-03,5.12,LightGBM,5.94964240854613
Glencore,2025-12-03,5.12,LSTM,5.9706519346531675
Glencore,2025-12-03,5.12,GRU,5.931174991235597
Glencore,2025-12-04,5.1,Random Walk,5.87
Glencore,2025-12-04,5.1,Random Walk + Drift,5.869294153286883
Glencore,2025-12-04,5.1,ARIMA,5.872633127221342
Glencore,2025-12-04,5.1,LASSO,5.864573647333023
Glencore,2025-12-04,5.1,Elastic Net,5.864573647333023
Glencore,2025-12-04,5.1,Random Forest,5.876760873015869
Glencore,2025-12-04,5.1,XGBoost,5.8940489773372615
Glencore,2025-12-04,5.1,LightGBM,5.8940489773372615
Glencore,2025-12-04,5.1,LSTM,5.9114267612771965
Glencore,2025-12-04,5.1,GRU,5.874081839753183
Glencore,2025-12-05,5.06,Random Walk,5.76
Glencore,2025-12-05,5.06,Random Walk + Drift,5.759261053906723
Glencore,2025-12-05,5.06,ARIMA,5.7615073799766465
Glencore,2025-12-05,5.06,LASSO,5.757667828651585
Glencore,2025-12-05,5.06,Elastic Net,5.757667828651585
Glencore,2025-12-05,5.06,Random Forest,5.80253296296297
Glencore,2025-12-05,5.06,XGBoost,5.760912092202816
Glencore,2025-12-05,5.06,LightGBM,5.760912092202816
Glencore,2025-12-05,5.06,LSTM,5.81990464922173
Glencore,2025-12-05,5.06,GRU,5.806991414407804
Glencore,2025-12-08,5.05,Random Walk,5.7
Glencore,2025-12-08,5.05,Random Walk + Drift,5.699243112322131
Glencore,2025-12-08,5.05,ARIMA,5.707874055449498
Glencore,2025-12-08,5.05,LASSO,5.697021943174874
Glencore,2025-12-08,5.05,Elastic Net,5.697021943174874
Glencore,2025-12-08,5.05,Random Forest,5.740051230158731
Glencore,2025-12-08,5.05,XGBoost,5.697805367843268
Glencore,2025-12-08,5.05,LightGBM,5.697805367843268
Glencore,2025-12-08,5.05,LSTM,5.6993705584289724
Glencore,2025-12-08,5.05,GRU,5.676866089043299
Glencore,2025-12-09,5.06,Random Walk,5.76
Glencore,2025-12-09,5.06,Random Walk + Drift,5.759261501210654
Glencore,2025-12-09,5.06,ARIMA,5.770556132877736
Glencore,2025-12-09,5.06,LASSO,5.755482953164771
Glencore,2025-12-09,5.06,Elastic Net,5.755482953164771
Glencore,2025-12-09,5.06,Random Forest,5.696645873015873
Glencore,2025-12-09,5.06,XGBoost,5.714596071344695
Glencore,2025-12-09,5.06,LightGBM,5.714596071344695
Glencore,2025-12-09,5.06,LSTM,5.715300348723276
Glencore,2025-12-09,5.06,GRU,5.74367511840206
Glencore,2025-12-10,5.09,Random Walk,5.8
Glencore,2025-12-10,5.09,Random Walk + Drift,5.799273827534039
Glencore,2025-12-10,5.09,ARIMA,5.800709234008194
Glencore,2025-12-10,5.09,LASSO,5.793606200391666
Glencore,2025-12-10,5.09,Elastic Net,5.793606200391666
Glencore,2025-12-10,5.09,Random Forest,5.810684430014428
Glencore,2025-12-10,5.09,XGBoost,5.769250427031699
Glencore,2025-12-10,5.09,LightGBM,5.769250427031699
Glencore,2025-12-10,5.09,LSTM,5.744141563922838
Glencore,2025-12-10,5.09,GRU,5.801287752124122
Glencore,2025-12-11,5.13,Random Walk,5.87
Glencore,2025-12-11,5.13,Random Walk + Drift,5.869295220810647
Glencore,2025-12-11,5.13,ARIMA,5.869029400981509
Glencore,2025-12-11,5.13,LASSO,5.860380216275355
Glencore,2025-12-11,5.13,Elastic Net,5.860380216275355
Glencore,2025-12-11,5.13,Random Forest,5.933476375661372
Glencore,2025-12-11,5.13,XGBoost,5.910616925992473
Glencore,2025-12-11,5.13,LightGBM,5.910616925992473
Glencore,2025-12-11,5.13,LSTM,5.809248028007575
Glencore,2025-12-11,5.13,GRU,5.872703569145925
Glencore,2025-12-12,5.02,Random Walk,5.75
Glencore,2025-12-12,5.02,Random Walk + Drift,5.7492591472633805
Glencore,2025-12-12,5.02,ARIMA,5.739541190653827
Glencore,2025-12-12,5.02,LASSO,5.742224267653424
Glencore,2025-12-12,5.02,Elastic Net,5.742224267653424
Glencore,2025-12-12,5.02,Random Forest,5.768899695767196
Glencore,2025-12-12,5.02,XGBoost,5.769664534543976
Glencore,2025-12-12,5.02,LightGBM,5.769664534543976
Glencore,2025-12-12,5.02,LSTM,5.792935076231532
Glencore,2025-12-12,5.02,GRU,5.821638206177872
Glencore,2025-12-15,5.09,Random Walk,5.83
Glencore,2025-12-15,5.09,Random Walk + Drift,5.829283555018138
Glencore,2025-12-15,5.09,ARIMA,5.838234958875077
Glencore,2025-12-15,5.09,LASSO,5.821502055045769
Glencore,2025-12-15,5.09,Elastic Net,5.821502055045769
Glencore,2025-12-15,5.09,Random Forest,5.858095187590192
Glencore,2025-12-15,5.09,XGBoost,5.835096104051262
Glencore,2025-12-15,5.09,LightGBM,5.835096104051262
Glencore,2025-12-15,5.09,LSTM,5.809965281687953
Glencore,2025-12-15,5.09,GRU,5.7965403509980815
Glencore,2025-12-16,5.01,Random Walk,5.76
Glencore,2025-12-16,5.01,Random Walk + Drift,5.7592626171048655
Glencore,2025-12-16,5.01,ARIMA,5.754899104165407
Glencore,2025-12-16,5.01,LASSO,5.753787413806382
Glencore,2025-12-16,5.01,Elastic Net,5.753787413806382
Glencore,2025-12-16,5.01,Random Forest,5.754230468975466
Glencore,2025-12-16,5.01,XGBoost,5.777014293288193
Glencore,2025-12-16,5.01,LightGBM,5.777014293288193
Glencore,2025-12-16,5.01,LSTM,5.7900575901697575
Glencore,2025-12-16,5.01,GRU,5.775218806460557
Glencore,2025-12-17,5.07,Random Walk,5.73
Glencore,2025-12-17,5.07,Random Walk + Drift,5.729253776435046
Glencore,2025-12-17,5.07,ARIMA,5.732398861789641
Glencore,2025-12-17,5.07,LASSO,5.7250982643009
Glencore,2025-12-17,5.07,Elastic Net,5.7250982643009
Glencore,2025-12-17,5.07,Random Forest,5.699595429292931
Glencore,2025-12-17,5.07,XGBoost,5.709226452570631
Glencore,2025-12-17,5.07,LightGBM,5.709226452570631
Glencore,2025-12-17,5.07,LSTM,5.736927909732893
Glencore,2025-12-17,5.07,GRU,5.739675124349844
Glencore,2025-12-18,5.17,Random Walk,5.72
Glencore,2025-12-18,5.17,Random Walk + Drift,5.719250981576563
Glencore,2025-12-18,5.17,ARIMA,5.723425254158181
Glencore,2025-12-18,5.17,LASSO,5.713806168400788
Glencore,2025-12-18,5.17,Elastic Net,5.713806168400788
Glencore,2025-12-18,5.17,Random Forest,5.706560793650792
Glencore,2025-12-18,5.17,XGBoost,5.6856399033550025
Glencore,2025-12-18,5.17,LightGBM,5.6856399033550025
Glencore,2025-12-18,5.17,LSTM,5.755025153901106
Glencore,2025-12-18,5.17,GRU,5.726760482363151
Glencore,2025-12-19,5.21,Random Walk,5.7
Glencore,2025-12-19,5.21,Random Walk + Drift,5.6992451690821255
Glencore,2025-12-19,5.21,ARIMA,5.701639236491363
Glencore,2025-12-19,5.21,LASSO,5.69519202816958
Glencore,2025-12-19,5.21,Elastic Net,5.69519202816958
Glencore,2025-12-19,5.21,Random Forest,5.68544849206349
Glencore,2025-12-19,5.21,XGBoost,5.688743848791518
Glencore,2025-12-19,5.21,LightGBM,5.688743848791518
Glencore,2025-12-19,5.21,LSTM,5.71194341976909
Glencore,2025-12-19,5.21,GRU,5.727443364473786
Glencore,2025-12-22,5.25,Random Walk,5.84
Glencore,2025-12-22,5.25,Random Walk + Drift,5.839287654693631
Glencore,2025-12-22,5.25,ARIMA,5.846957214121639
Glencore,2025-12-22,5.25,LASSO,5.831101028444791
Glencore,2025-12-22,5.25,Elastic Net,5.831101028444791
Glencore,2025-12-22,5.25,Random Forest,5.800000317460314
Glencore,2025-12-22,5.25,XGBoost,5.821126980484567
Glencore,2025-12-22,5.25,LightGBM,5.821126980484567
Glencore,2025-12-22,5.25,LSTM,5.739906092258147
Glencore,2025-12-22,5.25,GRU,5.751588790894714
Glencore,2025-12-23,5.32,Random Walk,5.91
Glencore,2025-12-23,5.32,Random Walk + Drift,5.909308992154497
Glencore,2025-12-23,5.32,ARIMA,5.903561912059298
Glencore,2025-12-23,5.32,LASSO,5.899145466564148
Glencore,2025-12-23,5.32,Elastic Net,5.899145466564148
Glencore,2025-12-23,5.32,Random Forest,5.88593619047619
Glencore,2025-12-23,5.32,XGBoost,5.8866125859220215
Glencore,2025-12-23,5.32,LightGBM,5.8866125859220215
Glencore,2025-12-23,5.32,LSTM,5.854487231818389
Glencore,2025-12-23,5.32,GRU,5.891871798983175
Glencore,2025-12-24,5.32,Random Walk,6.08
Glencore,2025-12-24,5.32,Random Walk + Drift,6.0793604826546
Glencore,2025-12-24,5.32,ARIMA,6.076731681117358
Glencore,2025-12-24,5.32,LASSO,6.065452368181725
Glencore,2025-12-24,5.32,Elastic Net,6.065452368181725
Glencore,2025-12-24,5.32,Random Forest,6.052503292448289
Glencore,2025-12-24,5.32,XGBoost,6.077200097100444
Glencore,2025-12-24,5.32,LightGBM,6.077200097100444
Glencore,2025-12-24,5.32,LSTM,5.969552324621411
Glencore,2025-12-24,5.32,GRU,6.012151117778982
Glencore,2025-12-29,5.36,Random Walk,6.13
Glencore,2025-12-29,5.36,Random Walk + Drift,6.129375753920386
Glencore,2025-12-29,5.36,ARIMA,6.116085992381183
Glencore,2025-12-29,5.36,LASSO,6.114551696631761
Glencore,2025-12-29,5.36,Elastic Net,6.114551696631761
Glencore,2025-12-29,5.36,Random Forest,6.090192116402116
Glencore,2025-12-29,5.36,XGBoost,6.128982946396307
Glencore,2025-12-29,5.36,LightGBM,6.128982946396307
Glencore,2025-12-29,5.36,LSTM,6.063493773961101
Glencore,2025-12-29,5.36,GRU,6.076059621738166
Glencore,2025-12-30,5.47,Random Walk,6.19
Glencore,2025-12-30,5.47,Random Walk + Drift,6.1893940307506785
Glencore,2025-12-30,5.47,ARIMA,6.1817145367808894
Glencore,2025-12-30,5.47,LASSO,6.175582640666816
Glencore,2025-12-30,5.47,Elastic Net,6.175582640666816
Glencore,2025-12-30,5.47,Random Forest,6.1730348280423275
Glencore,2025-12-30,5.47,XGBoost,6.140334568839076
Glencore,2025-12-30,5.47,LightGBM,6.140334568839076
Glencore,2025-12-30,5.47,LSTM,6.12423221102164
Glencore,2025-12-30,5.47,GRU,6.157914905420093
Glencore,2025-12-31,5.48,Random Walk,6.14
Glencore,2025-12-31,5.48,Random Walk + Drift,6.139379144062688
Glencore,2025-12-31,5.48,ARIMA,6.129901518138513
Glencore,2025-12-31,5.48,LASSO,6.128024595860699
Glencore,2025-12-31,5.48,Elastic Net,6.128024595860699
Glencore,2025-12-31,5.48,Random Forest,6.145197500000008
Glencore,2025-12-31,5.48,XGBoost,6.122811351279002
Glencore,2025-12-31,5.48,LightGBM,6.122811351279002
Glencore,2025-12-31,5.48,LSTM,6.1176678089888785
Glencore,2025-12-31,5.48,GRU,6.13481366771875
Glencore,2026-01-02,5.5,Random Walk,6.09
Glencore,2026-01-02,5.5,Random Walk + Drift,6.089364266345284
Glencore,2026-01-02,5.5,ARIMA,6.088146884422671
Glencore,2026-01-02,5.5,LASSO,6.0815996325423765
Glencore,2026-01-02,5.5,Elastic Net,6.0815996325423765
Glencore,2026-01-02,5.5,Random Forest,6.087615079365079
Glencore,2026-01-02,5.5,XGBoost,6.1011459885775805
Glencore,2026-01-02,5.5,LightGBM,6.1011459885775805
Glencore,2026-01-02,5.5,LSTM,6.106389971137553
Glencore,2026-01-02,5.5,GRU,6.098379621637841
Glencore,2026-01-05,5.68,Random Walk,6.15
Glencore,2026-01-05,5.68,Random Walk + Drift,6.149382530120482
Glencore,2026-01-05,5.68,ARIMA,6.155715833308105
Glencore,2026-01-05,5.68,LASSO,6.1412361782958795
Glencore,2026-01-05,5.68,Elastic Net,6.1412361782958795
Glencore,2026-01-05,5.68,Random Forest,6.126133214285716
Glencore,2026-01-05,5.68,XGBoost,6.152877700605249
Glencore,2026-01-05,5.68,LightGBM,6.152877700605249
Glencore,2026-01-05,5.68,LSTM,6.175453916010133
Glencore,2026-01-05,5.68,GRU,6.146407659047487
Glencore,2026-01-06,5.78,Random Walk,6.18
Glencore,2026-01-06,5.78,Random Walk + Drift,6.17939174947305
Glencore,2026-01-06,5.78,ARIMA,6.17859776839062
Glencore,2026-01-06,5.78,LASSO,6.171353750186268
Glencore,2026-01-06,5.78,Elastic Net,6.171353750186268
Glencore,2026-01-06,5.78,Random Forest,6.184851706349208
Glencore,2026-01-06,5.78,XGBoost,6.1764830969716025
Glencore,2026-01-06,5.78,LightGBM,6.1764830969716025
Glencore,2026-01-06,5.78,LSTM,6.139666102632827
Glencore,2026-01-06,5.78,GRU,6.1600360077540905
Glencore,2026-01-07,5.69,Random Walk,6.21
Glencore,2026-01-07,5.69,Random Walk + Drift,6.209400963275136
Glencore,2026-01-07,5.69,ARIMA,6.207688208812884
Glencore,2026-01-07,5.69,LASSO,6.199900355246645
Glencore,2026-01-07,5.69,Elastic Net,6.199900355246645
Glencore,2026-01-07,5.69,Random Forest,6.192380423280425
Glencore,2026-01-07,5.69,XGBoost,6.1424934047366575
Glencore,2026-01-07,5.69,LightGBM,6.1424934047366575
Glencore,2026-01-07,5.69,LSTM,6.164776165065141
Glencore,2026-01-07,5.69,GRU,6.218621148952361
Glencore,2026-01-08,5.55,Random Walk,6.11
Glencore,2026-01-08,5.55,Random Walk + Drift,6.109371050255794
Glencore,2026-01-08,5.55,ARIMA,6.103089162570424
Glencore,2026-01-08,5.55,LASSO,6.1014085032831495
Glencore,2026-01-08,5.55,Elastic Net,6.1014085032831495
Glencore,2026-01-08,5.55,Random Forest,6.141634246031749
Glencore,2026-01-08,5.55,XGBoost,6.148735991226318
Glencore,2026-01-08,5.55,LightGBM,6.148735991226318
Glencore,2026-01-08,5.55,LSTM,6.038647105675586
Glencore,2026-01-08,5.55,GRU,6.152251488271151
Glencore,2026-01-09,6.07,Random Walk,5.95
Glencore,2026-01-09,6.07,Random Walk + Drift,5.949323104693141
Glencore,2026-01-09,6.07,ARIMA,5.949916112338008
Glencore,2026-01-09,6.07,LASSO,5.945646867461875
Glencore,2026-01-09,6.07,Elastic Net,5.945646867461875
Glencore,2026-01-09,6.07,Random Forest,5.9827835185185165
Glencore,2026-01-09,6.07,XGBoost,5.921778970594717
Glencore,2026-01-09,6.07,LightGBM,5.921778970594717
Glencore,2026-01-09,6.07,LSTM,6.084868311752762
Glencore,2026-01-09,6.07,GRU,6.03481713977797
Glencore,2026-01-12,6.31,Random Walk,5.96
Glencore,2026-01-12,6.31,Random Walk + Drift,5.959326315789474
Glencore,2026-01-12,6.31,ARIMA,5.974064313724257
Glencore,2026-01-12,6.31,LASSO,5.955950471443344
Glencore,2026-01-12,6.31,Elastic Net,5.955950471443344
Glencore,2026-01-12,6.31,Random Forest,6.014830198412702
Glencore,2026-01-12,6.31,XGBoost,5.945669794415132
Glencore,2026-01-12,6.31,LightGBM,5.945669794415132
Glencore,2026-01-12,6.31,LSTM,5.956077635748878
Glencore,2026-01-12,6.31,GRU,5.954777567762522
Glencore,2026-01-13,6.31,Random Walk,5.84
Glencore,2026-01-13,6.31,Random Walk + Drift,5.839290438965724
Glencore,2026-01-13,6.31,ARIMA,5.841389779871605
Glencore,2026-01-13,6.31,LASSO,5.838524466368443
Glencore,2026-01-13,6.31,Elastic Net,5.838524466368443
Glencore,2026-01-13,6.31,Random Forest,5.895772222222223
Glencore,2026-01-13,6.31,XGBoost,5.861451890777473
Glencore,2026-01-13,6.31,LightGBM,5.861451890777473
Glencore,2026-01-13,6.31,LSTM,5.9040368254068945
Glencore,2026-01-13,6.31,GRU,5.881229532908874
Glencore,2026-01-14,6.51,Random Walk,5.71
Glencore,2026-01-14,6.51,Random Walk + Drift,5.709251577998197
Glencore,2026-01-14,6.51,ARIMA,5.715764332021464
Glencore,2026-01-14,6.51,LASSO,5.709278271034428
Glencore,2026-01-14,6.51,Elastic Net,5.709278271034428
Glencore,2026-01-14,6.51,Random Forest,5.764333492063496
Glencore,2026-01-14,6.51,XGBoost,5.751024686362014
Glencore,2026-01-14,6.51,LightGBM,5.751024686362014
Glencore,2026-01-14,6.51,LSTM,5.764217567230459
Glencore,2026-01-14,6.51,GRU,5.773624572468773
Glencore,2026-01-15,6.57,Random Walk,5.73
Glencore,2026-01-15,6.57,Random Walk + Drift,5.7292578125
Glencore,2026-01-15,6.57,ARIMA,5.744171551697676
Glencore,2026-01-15,6.57,LASSO,5.726688224754904
Glencore,2026-01-15,6.57,Elastic Net,5.726688224754904
Glencore,2026-01-15,6.57,Random Forest,5.684662420634919
Glencore,2026-01-15,6.57,XGBoost,5.722942299268292
Glencore,2026-01-15,6.57,LightGBM,5.722942299268292
Glencore,2026-01-15,6.57,LSTM,5.703912472779901
Glencore,2026-01-15,6.57,GRU,5.7221393208410305
Glencore,2026-01-16,6.4,Random Walk,5.59
Glencore,2026-01-16,6.4,Random Walk + Drift,5.589215980775007
Glencore,2026-01-16,6.4,ARIMA,5.589584363496946
Glencore,2026-01-16,6.4,LASSO,5.589287412622303
Glencore,2026-01-16,6.4,Elastic Net,5.589287412622303
Glencore,2026-01-16,6.4,Random Forest,5.613616005291009
Glencore,2026-01-16,6.4,XGBoost,5.547936807251678
Glencore,2026-01-16,6.4,LightGBM,5.547936807251678
Glencore,2026-01-16,6.4,LSTM,5.654899573052825
Glencore,2026-01-16,6.4,GRU,5.631525522097694
Glencore,2026-01-19,6.46,Random Walk,5.59
Glencore,2026-01-19,6.46,Random Walk + Drift,5.589216216216216
Glencore,2026-01-19,6.46,ARIMA,5.601112913221185
Glencore,2026-01-19,6.46,LASSO,5.587346925301495
Glencore,2026-01-19,6.46,Elastic Net,5.587346925301495
Glencore,2026-01-19,6.46,Random Forest,5.601248809523811
Glencore,2026-01-19,6.46,XGBoost,5.592177576214267
Glencore,2026-01-19,6.46,LightGBM,5.592177576214267
Glencore,2026-01-19,6.46,LSTM,5.5911395196166
Glencore,2026-01-19,6.46,GRU,5.620244806065857
Glencore,2026-01-20,6.48,Random Walk,5.56
Glencore,2026-01-20,6.48,Random Walk + Drift,5.559207445211648
Glencore,2026-01-20,6.48,ARIMA,5.563882167977841
Glencore,2026-01-20,6.48,LASSO,5.556222417770025
Glencore,2026-01-20,6.48,Elastic Net,5.556222417770025
Glencore,2026-01-20,6.48,Random Forest,5.482015436507934
Glencore,2026-01-20,6.48,XGBoost,5.565351915094585
Glencore,2026-01-20,6.48,LightGBM,5.565351915094585
Glencore,2026-01-20,6.48,LSTM,5.597819444548008
Glencore,2026-01-20,6.48,GRU,5.58052506302259
Glencore,2026-01-21,6.71,Random Walk,5.58
Glencore,2026-01-21,6.71,Random Walk + Drift,5.57921368547419
Glencore,2026-01-21,6.71,ARIMA,5.584586652881908
Glencore,2026-01-21,6.71,LASSO,5.575769198125547
Glencore,2026-01-21,6.71,Elastic Net,5.575769198125547
Glencore,2026-01-21,6.71,Random Forest,5.617782632275129
Glencore,2026-01-21,6.71,XGBoost,5.561271393151032
Glencore,2026-01-21,6.71,LightGBM,5.561271393151032
Glencore,2026-01-21,6.71,LSTM,5.55821096782398
Glencore,2026-01-21,6.71,GRU,5.563096105425389
Glencore,2026-01-22,6.62,Random Walk,5.5
Glencore,2026-01-22,6.62,Random Walk + Drift,5.499189918991899
Glencore,2026-01-22,6.62,ARIMA,5.497463231400798
Glencore,2026-01-22,6.62,LASSO,5.49546402382326
Glencore,2026-01-22,6.62,Elastic Net,5.49546402382326
Glencore,2026-01-22,6.62,Random Forest,5.491259585137087
Glencore,2026-01-22,6.62,XGBoost,5.495222244933766
Glencore,2026-01-22,6.62,LightGBM,5.495222244933766
Glencore,2026-01-22,6.62,LSTM,5.592928657606476
Glencore,2026-01-22,6.62,GRU,5.525189997148659
Glencore,2026-01-23,6.83,Random Walk,5.35
Glencore,2026-01-23,6.83,Random Walk + Drift,5.349145170965807
Glencore,2026-01-23,6.83,ARIMA,5.350157854866124
Glencore,2026-01-23,6.83,LASSO,5.3484063259623325
Glencore,2026-01-23,6.83,Elastic Net,5.3484063259623325
Glencore,2026-01-23,6.83,Random Forest,5.395800304232803
Glencore,2026-01-23,6.83,XGBoost,5.419898327701836
Glencore,2026-01-23,6.83,LightGBM,5.419898327701836
Glencore,2026-01-23,6.83,LSTM,5.462818436918517
Glencore,2026-01-23,6.83,GRU,5.3957265296973596
Glencore,2026-01-26,6.84,Random Walk,5.53
Glencore,2026-01-26,6.84,Random Walk + Drift,5.52919940029985
Glencore,2026-01-26,6.84,ARIMA,5.5488282480273305
Glencore,2026-01-26,6.84,LASSO,5.524435254696211
Glencore,2026-01-26,6.84,Elastic Net,5.524435254696211
Glencore,2026-01-26,6.84,Random Forest,5.5199565079365
Glencore,2026-01-26,6.84,XGBoost,5.480219760826324
Glencore,2026-01-26,6.84,LightGBM,5.480219760826324
Glencore,2026-01-26,6.84,LSTM,5.473211236585316
Glencore,2026-01-26,6.84,GRU,5.458572868876293
Glencore,2026-01-27,6.98,Random Walk,5.29
Glencore,2026-01-27,6.98,Random Walk + Drift,5.289127697841726
Glencore,2026-01-27,6.98,ARIMA,5.275544131382931
Glencore,2026-01-27,6.98,LASSO,5.289385019153468
Glencore,2026-01-27,6.98,Elastic Net,5.289385019153468
Glencore,2026-01-27,6.98,Random Forest,5.287722711640209
Glencore,2026-01-27,6.98,XGBoost,5.288108405186313
Glencore,2026-01-27,6.98,LightGBM,5.288108405186313
Glencore,2026-01-27,6.98,LSTM,5.36292139267173
Glencore,2026-01-27,6.98,GRU,5.370935794910954
Glencore,2026-01-28,6.98,Random Walk,5.18
Glencore,2026-01-28,6.98,Random Walk + Drift,5.179094995504944
Glencore,2026-01-28,6.98,ARIMA,5.189149720005704
Glencore,2026-01-28,6.98,LASSO,5.180119586231183
Glencore,2026-01-28,6.98,Elastic Net,5.180119586231183
Glencore,2026-01-28,6.98,Random Forest,5.199518095238097
Glencore,2026-01-28,6.98,XGBoost,5.176079878651809
Glencore,2026-01-28,6.98,LightGBM,5.176079878651809
Glencore,2026-01-28,6.98,LSTM,5.333015433195776
Glencore,2026-01-28,6.98,GRU,5.240044409616076
Glencore,2026-01-29,7.01,Random Walk,5.0
Glencore,2026-01-29,7.01,Random Walk + Drift,4.99904134212103
Glencore,2026-01-29,7.01,ARIMA,5.007285686881944
Glencore,2026-01-29,7.01,LASSO,5.002092545809931
Glencore,2026-01-29,7.01,Elastic Net,5.002092545809931
Glencore,2026-01-29,7.01,Random Forest,5.0887748015873004
Glencore,2026-01-29,7.01,XGBoost,5.0364035695337055
Glencore,2026-01-29,7.01,LightGBM,5.0364035695337055
Glencore,2026-01-29,7.01,LSTM,5.134537337200479
Glencore,2026-01-29,7.01,GRU,5.068611394886403
Glencore,2026-01-30,6.83,Random Walk,4.99
Glencore,2026-01-30,6.83,Random Walk + Drift,4.989038634321654
Glencore,2026-01-30,6.83,ARIMA,5.007158010609367
Glencore,2026-01-30,6.83,LASSO,4.994020276009527
Glencore,2026-01-30,6.83,Elastic Net,4.994020276009527
Glencore,2026-01-30,6.83,Random Forest,5.0638881349206315
Glencore,2026-01-30,6.83,XGBoost,5.0272194102461825
Glencore,2026-01-30,6.83,LightGBM,5.0272194102461825
Glencore,2026-01-30,6.83,LSTM,4.982145353253242
Glencore,2026-01-30,6.83,GRU,4.988052362773384
Glencore,2026-02-02,6.84,Random Walk,5.13
Glencore,2026-02-02,6.84,Random Walk + Drift,5.129080838323353
Glencore,2026-02-02,6.84,ARIMA,5.1430424436264826
Glencore,2026-02-02,6.84,LASSO,5.127887832626351
Glencore,2026-02-02,6.84,Elastic Net,5.127887832626351
Glencore,2026-02-02,6.84,Random Forest,5.235823505291005
Glencore,2026-02-02,6.84,XGBoost,5.1999992851549655
Glencore,2026-02-02,6.84,LightGBM,5.1999992851549655
Glencore,2026-02-02,6.84,LSTM,5.070499233047337
Glencore,2026-02-02,6.84,GRU,5.049821121272603
Glencore,2026-02-03,7.09,Random Walk,5.14
Glencore,2026-02-03,7.09,Random Walk + Drift,5.1390841065549235
Glencore,2026-02-03,7.09,ARIMA,5.13394292485634
Glencore,2026-02-03,7.09,LASSO,5.135772086761682
Glencore,2026-02-03,7.09,Elastic Net,5.135772086761682
Glencore,2026-02-03,7.09,Random Forest,5.127962010582012
Glencore,2026-02-03,7.09,XGBoost,5.167212960326111
Glencore,2026-02-03,7.09,LightGBM,5.167212960326111
Glencore,2026-02-03,7.09,LSTM,5.092365598084108
Glencore,2026-02-03,7.09,GRU,5.114136571130404
Glencore,2026-02-04,6.98,Random Walk,5.17
Glencore,2026-02-04,6.98,Random Walk + Drift,5.169093357271095
Glencore,2026-02-04,6.98,ARIMA,5.16701872399923
Glencore,2026-02-04,6.98,LASSO,5.16269981218681
Glencore,2026-02-04,6.98,Elastic Net,5.16269981218681
Glencore,2026-02-04,6.98,Random Forest,5.13864953703704
Glencore,2026-02-04,6.98,XGBoost,5.1402722459554555
Glencore,2026-02-04,6.98,LightGBM,5.1402722459554555
Glencore,2026-02-04,6.98,LSTM,5.152071542131352
Glencore,2026-02-04,6.98,GRU,5.14201140601049
Glencore,2026-02-05,6.43,Random Walk,5.24
Glencore,2026-02-05,6.43,Random Walk + Drift,5.239114567753515
Glencore,2026-02-05,6.43,ARIMA,5.238830837025232
Glencore,2026-02-05,6.43,LASSO,5.231486805760079
Glencore,2026-02-05,6.43,Elastic Net,5.231486805760079
Glencore,2026-02-05,6.43,Random Forest,5.240475753968251
Glencore,2026-02-05,6.43,XGBoost,5.2186903483208775
Glencore,2026-02-05,6.43,LightGBM,5.2186903483208775
Glencore,2026-02-05,6.43,LSTM,5.262469640997696
Glencore,2026-02-05,6.43,GRU,5.202215947068445
Glencore,2026-02-06,6.51,Random Walk,5.21
Glencore,2026-02-06,6.51,Random Walk + Drift,5.209105861244019
Glencore,2026-02-06,6.51,ARIMA,5.202804548856124
Glencore,2026-02-06,6.51,LASSO,5.204012446220307
Glencore,2026-02-06,6.51,Elastic Net,5.204012446220307
Glencore,2026-02-06,6.51,Random Forest,5.233651038961037
Glencore,2026-02-06,6.51,XGBoost,5.227357293443947
Glencore,2026-02-06,6.51,LightGBM,5.227357293443947
Glencore,2026-02-06,6.51,LSTM,5.204542009133401
Glencore,2026-02-06,6.51,GRU,5.222755181040596
Glencore,2026-02-09,6.86,Random Walk,5.17
Glencore,2026-02-09,6.86,Random Walk + Drift,5.1690941704035875
Glencore,2026-02-09,6.86,ARIMA,5.167926380751443
Glencore,2026-02-09,6.86,LASSO,5.165019055430505
Glencore,2026-02-09,6.86,Elastic Net,5.165019055430505
Glencore,2026-02-09,6.86,Random Forest,5.1680109788359765
Glencore,2026-02-09,6.86,XGBoost,5.158916138343409
Glencore,2026-02-09,6.86,LightGBM,5.158916138343409
Glencore,2026-02-09,6.86,LSTM,5.229034079278122
Glencore,2026-02-09,6.86,GRU,5.210118339313247
Glencore,2026-02-10,6.77,Random Walk,5.25
Glencore,2026-02-10,6.77,Random Walk + Drift,5.2491183502689776
Glencore,2026-02-10,6.77,ARIMA,5.255319362517899
Glencore,2026-02-10,6.77,LASSO,5.243974897075309
Glencore,2026-02-10,6.77,Elastic Net,5.243974897075309
Glencore,2026-02-10,6.77,Random Forest,5.257017132034632
Glencore,2026-02-10,6.77,XGBoost,5.254015582430592
Glencore,2026-02-10,6.77,LightGBM,5.254015582430592
Glencore,2026-02-10,6.77,LSTM,5.289889685419438
Glencore,2026-02-10,6.77,GRU,5.242649827715545
Glencore,2026-02-11,6.85,Random Walk,5.23
Glencore,2026-02-11,6.85,Random Walk + Drift,5.229112638183448
Glencore,2026-02-11,6.85,ARIMA,5.225183637918873
Glencore,2026-02-11,6.85,LASSO,5.225265483132895
Glencore,2026-02-11,6.85,Elastic Net,5.225265483132895
Glencore,2026-02-11,6.85,Random Forest,5.251836719576715
Glencore,2026-02-11,6.85,XGBoost,5.2199142750840215
Glencore,2026-02-11,6.85,LightGBM,5.2199142750840215
Glencore,2026-02-11,6.85,LSTM,5.240368750957227
Glencore,2026-02-11,6.85,GRU,5.243016563110672
Glencore,2026-02-12,6.73,Random Walk,5.39
Glencore,2026-02-12,6.73,Random Walk + Drift,5.389160692951015
Glencore,2026-02-12,6.73,ARIMA,5.394706772384543
Glencore,2026-02-12,6.73,LASSO,5.381555520995001
Glencore,2026-02-12,6.73,Elastic Net,5.381555520995001
Glencore,2026-02-12,6.73,Random Forest,5.39568818783069
Glencore,2026-02-12,6.73,XGBoost,5.3754570865018305
Glencore,2026-02-12,6.73,LightGBM,5.3754570865018305
Glencore,2026-02-12,6.73,LSTM,5.303278410920529
Glencore,2026-02-12,6.73,GRU,5.328278806296865
Glencore,2026-02-13,6.75,Random Walk,5.34
Glencore,2026-02-13,6.75,Random Walk + Drift,5.339146013735443
Glencore,2026-02-13,6.75,ARIMA,5.327518288755432
Glencore,2026-02-13,6.75,LASSO,5.332180915656712
Glencore,2026-02-13,6.75,Elastic Net,5.332180915656712
Glencore,2026-02-13,6.75,Random Forest,5.338176477873979
Glencore,2026-02-13,6.75,XGBoost,5.361114037448282
Glencore,2026-02-13,6.75,LightGBM,5.361114037448282
Glencore,2026-02-13,6.75,LSTM,5.355240774735248
Glencore,2026-02-13,6.75,GRU,5.3827427236535685
Glencore,2026-02-16,6.72,Random Walk,5.41
Glencore,2026-02-16,6.72,Random Walk + Drift,5.409167164179105
Glencore,2026-02-16,6.72,ARIMA,5.41062385685757
Glencore,2026-02-16,6.72,LASSO,5.401842794936121
Glencore,2026-02-16,6.72,Elastic Net,5.401842794936121
Glencore,2026-02-16,6.72,Random Forest,5.4304905952381
Glencore,2026-02-16,6.72,XGBoost,5.413731414408271
Glencore,2026-02-16,6.72,LightGBM,5.413731414408271
Glencore,2026-02-16,6.72,LSTM,5.364673404017395
Glencore,2026-02-16,6.72,GRU,5.386410765226741
Glencore,2026-02-17,6.59,Random Walk,5.3
Glencore,2026-02-17,6.59,Random Walk + Drift,5.29913458669054
Glencore,2026-02-17,6.59,ARIMA,5.291436268135251
Glencore,2026-02-17,6.59,LASSO,5.2941306715737895
Glencore,2026-02-17,6.59,Elastic Net,5.2941306715737895
Glencore,2026-02-17,6.59,Random Forest,5.288325873015872
Glencore,2026-02-17,6.59,XGBoost,5.282667964534788
Glencore,2026-02-17,6.59,LightGBM,5.282667964534788
Glencore,2026-02-17,6.59,LSTM,5.3766269307831385
Glencore,2026-02-17,6.59,GRU,5.37370977837673
Glencore,2026-02-18,6.85,Random Walk,5.43
Glencore,2026-02-18,6.85,Random Walk + Drift,5.429173627684964
Glencore,2026-02-18,6.85,ARIMA,5.439303030775027
Glencore,2026-02-18,6.85,LASSO,5.42356252701623
Glencore,2026-02-18,6.85,Elastic Net,5.42356252701623
Glencore,2026-02-18,6.85,Random Forest,5.425128809523811
Glencore,2026-02-18,6.85,XGBoost,5.397228867631915
Glencore,2026-02-18,6.85,LightGBM,5.397228867631915
Glencore,2026-02-18,6.85,LSTM,5.357572966918849
Glencore,2026-02-18,6.85,GRU,5.385762737284856
Glencore,2026-02-19,6.8,Random Walk,5.44
Glencore,2026-02-19,6.8,Random Walk + Drift,5.439176856546377
Glencore,2026-02-19,6.8,ARIMA,5.434468986044425
Glencore,2026-02-19,6.8,LASSO,5.432861675610982
Glencore,2026-02-19,6.8,Elastic Net,5.432861675610982
Glencore,2026-02-19,6.8,Random Forest,5.434790608465611
Glencore,2026-02-19,6.8,XGBoost,5.411492618522874
Glencore,2026-02-19,6.8,LightGBM,5.411492618522874
Glencore,2026-02-19,6.8,LSTM,5.376036966775565
Glencore,2026-02-19,6.8,GRU,5.393968597022678
Glencore,2026-02-20,6.84,Random Walk,5.34
Glencore,2026-02-20,6.84,Random Walk + Drift,5.339147286821706
Glencore,2026-02-20,6.84,ARIMA,5.332944820576857
Glencore,2026-02-20,6.84,LASSO,5.335573248639319
Glencore,2026-02-20,6.84,Elastic Net,5.335573248639319
Glencore,2026-02-20,6.84,Random Forest,5.363991507936509
Glencore,2026-02-20,6.84,XGBoost,5.36437313345163
Glencore,2026-02-20,6.84,LightGBM,5.36437313345163
Glencore,2026-02-20,6.84,LSTM,5.3462301544958235
Glencore,2026-02-20,6.84,GRU,5.365296180829297
Glencore,2026-02-23,6.92,Random Walk,5.27
Glencore,2026-02-23,6.92,Random Walk + Drift,5.269126676602086
Glencore,2026-02-23,6.92,ARIMA,5.272874859632301
Glencore,2026-02-23,6.92,LASSO,5.26583570333617
Glencore,2026-02-23,6.92,Elastic Net,5.26583570333617
Glencore,2026-02-23,6.92,Random Forest,5.355139616402118
Glencore,2026-02-23,6.92,XGBoost,5.300455438321266
Glencore,2026-02-23,6.92,LightGBM,5.300455438321266
Glencore,2026-02-23,6.92,LSTM,5.332583542972956
Glencore,2026-02-23,6.92,GRU,5.317169097639639
Glencore,2026-02-24,7.0,Random Walk,5.26
Glencore,2026-02-24,7.0,Random Walk + Drift,5.259123957091775
Glencore,2026-02-24,7.0,ARIMA,5.266998761060016
Glencore,2026-02-24,7.0,LASSO,5.257830824464921
Glencore,2026-02-24,7.0,Elastic Net,5.257830824464921
Glencore,2026-02-24,7.0,Random Forest,5.29742355940356
Glencore,2026-02-24,7.0,XGBoost,5.309799888722619
Glencore,2026-02-24,7.0,LightGBM,5.309799888722619
Glencore,2026-02-24,7.0,LSTM,5.261171464667135
Glencore,2026-02-24,7.0,GRU,5.254845256878224
Glencore,2026-02-25,7.25,Random Walk,5.26
Glencore,2026-02-25,7.25,Random Walk + Drift,5.259124218051832
Glencore,2026-02-25,7.25,ARIMA,5.263846315785125
Glencore,2026-02-25,7.25,LASSO,5.257712406126861
Glencore,2026-02-25,7.25,Elastic Net,5.257712406126861
Glencore,2026-02-25,7.25,Random Forest,5.253393611111108
Glencore,2026-02-25,7.25,XGBoost,5.266877985168985
Glencore,2026-02-25,7.25,LightGBM,5.266877985168985
Glencore,2026-02-25,7.25,LSTM,5.254043033093321
Glencore,2026-02-25,7.25,GRU,5.284299126743466
Glencore,2026-02-26,7.08,Random Walk,5.04
Glencore,2026-02-26,7.08,Random Walk + Drift,5.03905896366885
Glencore,2026-02-26,7.08,ARIMA,5.034077572880121
Glencore,2026-02-26,7.08,LASSO,5.040601196243495
Glencore,2026-02-26,7.08,Elastic Net,5.040601196243495
Glencore,2026-02-26,7.08,Random Forest,5.053986044973548
Glencore,2026-02-26,7.08,XGBoost,5.0533165678925025
Glencore,2026-02-26,7.08,LightGBM,5.0533165678925025
Glencore,2026-02-26,7.08,LSTM,5.138948660821274
Glencore,2026-02-26,7.08,GRU,5.117115734088936
Glencore,2026-02-27,7.2,Random Walk,5.0
Glencore,2026-02-27,7.2,Random Walk + Drift,4.999047335516523
Glencore,2026-02-27,7.2,ARIMA,5.0136458065506995
Glencore,2026-02-27,7.2,LASSO,5.000431649935288
Glencore,2026-02-27,7.2,Elastic Net,5.000431649935288
Glencore,2026-02-27,7.2,Random Forest,4.905465366762865
Glencore,2026-02-27,7.2,XGBoost,5.010982729119343
Glencore,2026-02-27,7.2,LightGBM,5.010982729119343
Glencore,2026-02-27,7.2,LSTM,5.0223742518794054
Glencore,2026-02-27,7.2,GRU,5.020040811292664
Glencore,2026-03-02,7.16,Random Walk,5.0
Glencore,2026-03-02,7.16,Random Walk + Drift,4.999047619047619
Glencore,2026-03-02,7.16,ARIMA,5.009610674247288
Glencore,2026-03-02,7.16,LASSO,5.000299724464664
Glencore,2026-03-02,7.16,Elastic Net,5.000299724464664
Glencore,2026-03-02,7.16,Random Forest,4.954163611111114
Glencore,2026-03-02,7.16,XGBoost,5.001565742513387
Glencore,2026-03-02,7.16,LightGBM,5.001565742513387
Glencore,2026-03-02,7.16,LSTM,5.003384902217531
Glencore,2026-03-02,7.16,GRU,5.003171240652605
Glencore,2026-03-03,7.03,Random Walk,4.82
Glencore,2026-03-03,7.03,Random Walk + Drift,4.81899434692056
Glencore,2026-03-03,7.03,ARIMA,4.817540089935591
Glencore,2026-03-03,7.03,LASSO,4.8232205857788815
Glencore,2026-03-03,7.03,Elastic Net,4.8232205857788815
Glencore,2026-03-03,7.03,Random Forest,4.866979563492059
Glencore,2026-03-03,7.03,XGBoost,4.808311291897151
Glencore,2026-03-03,7.03,LightGBM,4.808311291897151
Glencore,2026-03-03,7.03,LSTM,4.936491249378522
Glencore,2026-03-03,7.03,GRU,4.86277608053757
Glencore,2026-03-04,7.07,Random Walk,4.84
Glencore,2026-03-04,7.07,Random Walk + Drift,4.839000594883998
Glencore,2026-03-04,7.07,ARIMA,4.853690877476107
Glencore,2026-03-04,7.07,LASSO,4.8398905619080566
Glencore,2026-03-04,7.07,Elastic Net,4.8398905619080566
Glencore,2026-03-04,7.07,Random Forest,4.818436547619052
Glencore,2026-03-04,7.07,XGBoost,4.805581729350361
Glencore,2026-03-04,7.07,LightGBM,4.805581729350361
Glencore,2026-03-04,7.07,LSTM,4.848256446939929
Glencore,2026-03-04,7.07,GRU,4.829509618472907
Glencore,2026-03-05,6.88,Random Walk,4.75
Glencore,2026-03-05,6.88,Random Walk + Drift,4.748974130240857
Glencore,2026-03-05,6.88,ARIMA,4.751477708733439
Glencore,2026-03-05,6.88,LASSO,4.7511289563400965
Glencore,2026-03-05,6.88,Elastic Net,4.7511289563400965
Glencore,2026-03-05,6.88,Random Forest,4.806818082010585
Glencore,2026-03-05,6.88,XGBoost,4.765992702776304
Glencore,2026-03-05,6.88,LightGBM,4.765992702776304
Glencore,2026-03-05,6.88,LSTM,4.794236760110253
Glencore,2026-03-05,6.88,GRU,4.787495604673405
Glencore,2026-03-06,6.74,Random Walk,4.73
Glencore,2026-03-06,6.74,Random Walk + Drift,4.728968489892985
Glencore,2026-03-06,6.74,ARIMA,4.73653730179426
Glencore,2026-03-06,6.74,LASSO,4.731062666488624
Glencore,2026-03-06,6.74,Elastic Net,4.731062666488624
Glencore,2026-03-06,6.74,Random Forest,4.778632592592593
Glencore,2026-03-06,6.74,XGBoost,4.765668257915174
Glencore,2026-03-06,6.74,LightGBM,4.765668257915174
Glencore,2026-03-06,6.74,LSTM,4.770830629078957
Glencore,2026-03-06,6.74,GRU,4.761660321631974
Glencore,2026-03-09,6.81,Random Walk,4.89
Glencore,2026-03-09,6.81,Random Walk + Drift,4.889016344725111
Glencore,2026-03-09,6.81,ARIMA,4.899807207535726
Glencore,2026-03-09,6.81,LASSO,4.885634673381085
Glencore,2026-03-09,6.81,Elastic Net,4.885634673381085
Glencore,2026-03-09,6.81,Random Forest,4.878641473063974
Glencore,2026-03-09,6.81,XGBoost,4.906036653585784
Glencore,2026-03-09,6.81,LightGBM,4.906036653585784
Glencore,2026-03-09,6.81,LSTM,4.774522069046716
Glencore,2026-03-09,6.81,GRU,4.80719305913898
Glencore,2026-03-10,7.01,Random Walk,4.95
Glencore,2026-03-10,7.01,Random Walk + Drift,4.949034462269757
Glencore,2026-03-10,7.01,ARIMA,4.94320994271102
Glencore,2026-03-10,7.01,LASSO,4.944512497592242
Glencore,2026-03-10,7.01,Elastic Net,4.944512497592242
Glencore,2026-03-10,7.01,Random Forest,4.96610869047619
Glencore,2026-03-10,7.01,XGBoost,4.974639642836431
Glencore,2026-03-10,7.01,LightGBM,4.974639642836431
Glencore,2026-03-10,7.01,LSTM,4.873403415523407
Glencore,2026-03-10,7.01,GRU,4.927249327975844
Glencore,2026-03-11,7.02,Random Walk,4.99
Glencore,2026-03-11,7.02,Random Walk + Drift,4.989046629046629
Glencore,2026-03-11,7.02,ARIMA,4.983143280283207
Glencore,2026-03-11,7.02,LASSO,4.982513478627551
Glencore,2026-03-11,7.02,Elastic Net,4.982513478627551
Glencore,2026-03-11,7.02,Random Forest,5.024817341269839
Glencore,2026-03-11,7.02,XGBoost,4.986795621645074
Glencore,2026-03-11,7.02,LightGBM,4.986795621645074
Glencore,2026-03-11,7.02,LSTM,4.9795147231411665
Glencore,2026-03-11,7.02,GRU,4.974967461629018
Glencore,2026-03-12,7.09,Random Walk,4.99
Glencore,2026-03-12,7.09,Random Walk + Drift,4.989046912114015
Glencore,2026-03-12,7.09,ARIMA,4.984000441651784
Glencore,2026-03-12,7.09,LASSO,4.982608009058905
Glencore,2026-03-12,7.09,Elastic Net,4.982608009058905
Glencore,2026-03-12,7.09,Random Forest,4.990076904761905
Glencore,2026-03-12,7.09,XGBoost,4.984524121207051
Glencore,2026-03-12,7.09,LightGBM,4.984524121207051
Glencore,2026-03-12,7.09,LSTM,5.011826481935884
Glencore,2026-03-12,7.09,GRU,4.999505080671351
Glencore,2026-03-13,6.85,Random Walk,5.02
Glencore,2026-03-13,6.85,Random Walk + Drift,5.019056099732858
Glencore,2026-03-13,6.85,ARIMA,5.018619704068825
Glencore,2026-03-13,6.85,LASSO,5.014255852779291
Glencore,2026-03-13,6.85,Elastic Net,5.014255852779291
Glencore,2026-03-13,6.85,Random Forest,5.00708750721501
Glencore,2026-03-13,6.85,XGBoost,4.981604980564506
Glencore,2026-03-13,6.85,LightGBM,4.981604980564506
Glencore,2026-03-13,6.85,LSTM,5.001464965933704
Glencore,2026-03-13,6.85,GRU,5.036462485436093
Glencore,2026-03-16,6.87,Random Walk,5.16
Glencore,2026-03-16,6.87,Random Walk + Drift,5.159097922848665
Glencore,2026-03-16,6.87,ARIMA,5.161955388286244
Glencore,2026-03-16,6.87,LASSO,5.152402079861177
Glencore,2026-03-16,6.87,Elastic Net,5.152402079861177
Glencore,2026-03-16,6.87,Random Forest,5.1023061111111065
Glencore,2026-03-16,6.87,XGBoost,5.1415058878897355
Glencore,2026-03-16,6.87,LightGBM,5.1415058878897355
Glencore,2026-03-16,6.87,LSTM,5.09164705426157
Glencore,2026-03-16,6.87,GRU,5.107725998544383
Glencore,2026-03-17,7.0,Random Walk,5.04
Glencore,2026-03-17,7.0,Random Walk + Drift,5.039062592702463
Glencore,2026-03-17,7.0,ARIMA,5.02567873675892
Glencore,2026-03-17,7.0,LASSO,5.035252099875329
Glencore,2026-03-17,7.0,Elastic Net,5.035252099875329
Glencore,2026-03-17,7.0,Random Forest,5.042672566137564
Glencore,2026-03-17,7.0,XGBoost,5.059755201811109
Glencore,2026-03-17,7.0,LightGBM,5.059755201811109
Glencore,2026-03-17,7.0,LSTM,5.088500825200778
Glencore,2026-03-17,7.0,GRU,5.093990038412274
Glencore,2026-03-18,6.97,Random Walk,5.14
Glencore,2026-03-18,6.97,Random Walk + Drift,5.1390925266903915
Glencore,2026-03-18,6.97,ARIMA,5.146481095238949
Glencore,2026-03-18,6.97,LASSO,5.133354312001185
Glencore,2026-03-18,6.97,Elastic Net,5.133354312001185
Glencore,2026-03-18,6.97,Random Forest,5.13990817460317
Glencore,2026-03-18,6.97,XGBoost,5.162589137030014
Glencore,2026-03-18,6.97,LightGBM,5.162589137030014
Glencore,2026-03-18,6.97,LSTM,5.109763421114065
Glencore,2026-03-18,6.97,GRU,5.138603059183471
Glencore,2026-03-19,6.96,Random Walk,5.36
Glencore,2026-03-19,6.96,Random Walk + Drift,5.359158019567151
Glencore,2026-03-19,6.96,ARIMA,5.362682671588875
Glencore,2026-03-19,6.96,LASSO,5.349818491734613
Glencore,2026-03-19,6.96,Elastic Net,5.349818491734613
Glencore,2026-03-19,6.96,Random Forest,5.3655496031746
Glencore,2026-03-19,6.96,XGBoost,5.37432465140513
Glencore,2026-03-19,6.96,LightGBM,5.37432465140513
Glencore,2026-03-19,6.96,LSTM,5.252367892715163
Glencore,2026-03-19,6.96,GRU,5.216987507305207
Glencore,2026-03-20,6.94,Random Walk,5.37
Glencore,2026-03-20,6.94,Random Walk + Drift,5.3691612329579135
Glencore,2026-03-20,6.94,ARIMA,5.3536257599688915
Glencore,2026-03-20,6.94,LASSO,5.361162233989093
Glencore,2026-03-20,6.94,Elastic Net,5.361162233989093
Glencore,2026-03-20,6.94,Random Forest,5.34827379629629
Glencore,2026-03-20,6.94,XGBoost,5.378871877438383
Glencore,2026-03-20,6.94,LightGBM,5.378871877438383
Glencore,2026-03-20,6.94,LSTM,5.31510428700272
Glencore,2026-03-20,6.94,GRU,5.353613161626325
