Company,Partition,Origin Date,Model Fit Origin Date,Date,Origin Price,Actual,Model,Forecast,Interval Width,Lower,Upper,Predicted Return,Threshold
Glencore,calibration,2024-08-21,2024-08-21,2024-08-22,5.41,5.3,Random Walk,5.41,,,,0.0,0.0
Glencore,calibration,2024-08-21,2024-08-21,2024-08-22,5.41,5.3,ARIMA,5.416242662064914,,,,0.0011539116571004468,0.1
Glencore,calibration,2024-08-21,2024-08-21,2024-08-22,5.41,5.3,Paper-Style Causal VMD-ARIMA/LSTM,5.392769315878012,,,,-0.0031849693386299493,0.25
Glencore,calibration,2024-08-22,2024-08-21,2024-08-23,5.3,5.43,Random Walk,5.3,,,,0.0,0.0
Glencore,calibration,2024-08-22,2024-08-21,2024-08-23,5.3,5.43,ARIMA,5.291057944968894,,,,-0.0016871801945483249,0.1
Glencore,calibration,2024-08-22,2024-08-21,2024-08-23,5.3,5.43,Paper-Style Causal VMD-ARIMA/LSTM,5.12209695883007,,,,-0.033566611541496115,0.25
Glencore,calibration,2024-08-23,2024-08-21,2024-08-27,5.43,5.44,Random Walk,5.43,0.1299999999999999,5.3,5.56,0.0,0.0
Glencore,calibration,2024-08-23,2024-08-21,2024-08-27,5.43,5.44,ARIMA,5.441818440701114,0.13894205503110602,5.302876385670008,5.58076049573222,0.002176508416411528,0.1
Glencore,calibration,2024-08-23,2024-08-21,2024-08-27,5.43,5.44,Paper-Style Causal VMD-ARIMA/LSTM,5.623256810296971,0.3079030411699293,5.315353769127042,5.931159851466901,0.03559057279870564,0.25
Glencore,calibration,2024-08-27,2024-08-21,2024-08-28,5.44,5.34,Random Walk,5.44,0.1299999999999999,5.3100000000000005,5.57,0.0,0.0
Glencore,calibration,2024-08-27,2024-08-21,2024-08-28,5.44,5.34,ARIMA,5.431137113731343,0.13894205503110602,5.292195058700237,5.570079168762449,-0.0016292070346796464,0.1
Glencore,calibration,2024-08-27,2024-08-21,2024-08-28,5.44,5.34,Paper-Style Causal VMD-ARIMA/LSTM,5.403661535038036,0.3079030411699293,5.095758493868106,5.711564576207965,-0.006679864882714097,0.25
Glencore,calibration,2024-08-28,2024-08-21,2024-08-29,5.34,5.27,Random Walk,5.34,0.1299999999999999,5.21,5.47,0.0,0.0
Glencore,calibration,2024-08-28,2024-08-21,2024-08-29,5.34,5.27,ARIMA,5.337194833274232,0.13894205503110602,5.198252778243126,5.476136888305338,-0.0005253121209303005,0.1
Glencore,calibration,2024-08-28,2024-08-21,2024-08-29,5.34,5.27,Paper-Style Causal VMD-ARIMA/LSTM,5.229408721427007,0.3079030411699293,4.921505680257078,5.537311762596937,-0.02070997726086003,0.25
Glencore,calibration,2024-08-29,2024-08-21,2024-08-30,5.27,5.26,Random Walk,5.27,0.1299999999999999,5.14,5.3999999999999995,0.0,0.0
Glencore,calibration,2024-08-29,2024-08-21,2024-08-30,5.27,5.26,ARIMA,5.273622073262245,0.13894205503110602,5.134680018231139,5.412564128293351,0.0006873004292685339,0.1
Glencore,calibration,2024-08-29,2024-08-21,2024-08-30,5.27,5.26,Paper-Style Causal VMD-ARIMA/LSTM,5.2139939905333055,0.3079030411699293,4.906090949363376,5.521897031703235,-0.010627326274515009,0.25
Glencore,calibration,2024-08-30,2024-08-21,2024-09-02,5.26,5.26,Random Walk,5.26,0.1299999999999999,5.13,5.39,0.0,0.0
Glencore,calibration,2024-08-30,2024-08-21,2024-09-02,5.26,5.26,ARIMA,5.26382156197317,0.13894205503110602,5.124879506942064,5.402763617004276,0.0007265326945191099,0.1
Glencore,calibration,2024-08-30,2024-08-21,2024-09-02,5.26,5.26,Paper-Style Causal VMD-ARIMA/LSTM,5.261844885459199,0.3079030411699293,4.95394184428927,5.5697479266291285,0.0003507386804561739,0.25
Glencore,calibration,2024-09-02,2024-08-21,2024-09-03,5.26,5.04,Random Walk,5.26,0.1299999999999999,5.13,5.39,0.0,0.0
Glencore,calibration,2024-09-02,2024-08-21,2024-09-03,5.26,5.04,ARIMA,5.260740758663116,0.13894205503110602,5.12179870363201,5.399682813694222,0.0001408286431779179,0.1
Glencore,calibration,2024-09-02,2024-08-21,2024-09-03,5.26,5.04,Paper-Style Causal VMD-ARIMA/LSTM,5.2597669317251246,0.3079030411699293,4.951863890555195,5.567669972895054,-4.4309557961071604e-05,0.25
Glencore,calibration,2024-09-03,2024-08-21,2024-09-04,5.04,5.0,Random Walk,5.04,0.21999999999999975,4.82,5.26,0.0,0.0
Glencore,calibration,2024-09-03,2024-08-21,2024-09-04,5.04,5.0,ARIMA,5.03316874728914,0.2207407586631156,4.812427988626024,5.253909505952255,-0.0013554072839008472,0.1
Glencore,calibration,2024-09-03,2024-08-21,2024-09-04,5.04,5.0,Paper-Style Causal VMD-ARIMA/LSTM,4.763885468342244,0.3079030411699293,4.455982427172315,5.0717885095121735,-0.054784629297173766,0.25
Glencore,calibration,2024-09-04,2024-08-21,2024-09-05,5.0,5.0,Random Walk,5.0,0.21999999999999975,4.78,5.22,0.0,0.0
Glencore,calibration,2024-09-04,2024-08-21,2024-09-05,5.0,5.0,ARIMA,5.012925256436371,0.2207407586631156,4.792184497773255,5.2336660150994865,0.002585051287274176,0.1
Glencore,calibration,2024-09-04,2024-08-21,2024-09-05,5.0,5.0,Paper-Style Causal VMD-ARIMA/LSTM,5.0160203823646485,0.3079030411699293,4.708117341194719,5.323923423534578,0.003204076472929707,0.25
Glencore,calibration,2024-09-05,2024-08-21,2024-09-06,5.0,4.82,Random Walk,5.0,0.21999999999999975,4.78,5.22,0.0,0.0
Glencore,calibration,2024-09-05,2024-08-21,2024-09-06,5.0,4.82,ARIMA,5.001687692468744,0.2207407586631156,4.7809469338056285,5.22242845113186,0.0003375384937488235,0.1
Glencore,calibration,2024-09-05,2024-08-21,2024-09-06,5.0,4.82,Paper-Style Causal VMD-ARIMA/LSTM,4.987552267898753,0.3079030411699293,4.679649226728824,5.295455309068682,-0.0024895464202494113,0.25
Glencore,calibration,2024-09-06,2024-08-21,2024-09-09,4.82,4.84,Random Walk,4.82,0.21999999999999975,4.6000000000000005,5.04,0.0,0.0
Glencore,calibration,2024-09-06,2024-08-21,2024-09-09,4.82,4.84,ARIMA,4.814997056326546,0.2207407586631156,4.5942562976634305,5.035737814989662,-0.0010379551189739042,0.1
Glencore,calibration,2024-09-06,2024-08-21,2024-09-09,4.82,4.84,Paper-Style Causal VMD-ARIMA/LSTM,4.5894704154620936,0.3079030411699293,4.281567374292164,4.897373456632023,-0.04782771463442048,0.25
Glencore,calibration,2024-09-09,2024-08-21,2024-09-10,4.84,4.75,Random Walk,4.84,0.21999999999999975,4.62,5.06,0.0,0.0
Glencore,calibration,2024-09-09,2024-08-21,2024-09-10,4.84,4.75,ARIMA,4.852314558321855,0.2207407586631156,4.63157379965874,5.073055316984971,0.0025443302317882956,0.1
Glencore,calibration,2024-09-09,2024-08-21,2024-09-10,4.84,4.75,Paper-Style Causal VMD-ARIMA/LSTM,4.911269140547192,0.3079030411699293,4.603366099377263,5.219172181717122,0.014725029038676153,0.25
Glencore,calibration,2024-09-10,2024-08-21,2024-09-11,4.75,4.73,Random Walk,4.75,0.21999999999999975,4.53,4.97,0.0,0.0
Glencore,calibration,2024-09-10,2024-08-21,2024-09-11,4.75,4.73,ARIMA,4.745137019287187,0.2207407586631156,4.524396260624071,4.965877777950302,-0.0010237854132238578,0.1
Glencore,calibration,2024-09-10,2024-08-21,2024-09-11,4.75,4.73,Paper-Style Causal VMD-ARIMA/LSTM,4.6033411532480395,0.3079030411699293,4.29543811207811,4.911244194417969,-0.030875546684623265,0.25
Glencore,calibration,2024-09-11,2024-08-21,2024-09-12,4.73,4.89,Random Walk,4.73,0.21999999999999975,4.510000000000001,4.95,0.0,0.0
Glencore,calibration,2024-09-11,2024-08-21,2024-09-12,4.73,4.89,ARIMA,4.73599851811994,0.2207407586631156,4.515257759456825,4.956739276783056,0.001268185649035896,0.1
Glencore,calibration,2024-09-11,2024-08-21,2024-09-12,4.73,4.89,Paper-Style Causal VMD-ARIMA/LSTM,4.720432282774714,0.3079030411699293,4.412529241604784,5.028335323944643,-0.002022773197735057,0.25
Glencore,calibration,2024-09-12,2024-08-21,2024-09-13,4.89,4.95,Random Walk,4.89,0.21999999999999975,4.67,5.109999999999999,0.0,0.0
Glencore,calibration,2024-09-12,2024-08-21,2024-09-13,4.89,4.95,ARIMA,4.895894043950874,0.2207407586631156,4.675153285287759,5.11663480261399,0.0012053259613240411,0.1
Glencore,calibration,2024-09-12,2024-08-21,2024-09-13,4.89,4.95,Paper-Style Causal VMD-ARIMA/LSTM,5.062873697079604,0.3079030411699293,4.754970655909675,5.370776738249534,0.03535249429030773,0.25
Glencore,calibration,2024-09-13,2024-08-21,2024-09-16,4.95,4.99,Random Walk,4.95,0.21999999999999975,4.73,5.17,0.0,0.0
Glencore,calibration,2024-09-13,2024-08-21,2024-09-16,4.95,4.99,ARIMA,4.9419748556965954,0.2207407586631156,4.72123409703348,5.162715614359711,-0.0016212412734150968,0.1
Glencore,calibration,2024-09-13,2024-08-21,2024-09-16,4.95,4.99,Paper-Style Causal VMD-ARIMA/LSTM,4.946606870346938,0.3079030411699293,4.638703829177008,5.254509911516867,-0.0006854807379924218,0.25
Glencore,calibration,2024-09-16,2024-08-21,2024-09-17,4.99,4.99,Random Walk,4.99,0.21999999999999975,4.7700000000000005,5.21,0.0,0.0
Glencore,calibration,2024-09-16,2024-08-21,2024-09-17,4.99,4.99,ARIMA,4.988110279489924,0.2207407586631156,4.767369520826809,5.20885103815304,-0.00037870150502522125,0.1
Glencore,calibration,2024-09-16,2024-08-21,2024-09-17,4.99,4.99,Paper-Style Causal VMD-ARIMA/LSTM,5.001324305953846,0.3079030411699293,4.693421264783916,5.309227347123775,0.0022693999907505975,0.25
Glencore,calibration,2024-09-17,2024-08-21,2024-09-18,4.99,5.02,Random Walk,4.99,0.21999999999999975,4.7700000000000005,5.21,0.0,0.0
Glencore,calibration,2024-09-17,2024-08-21,2024-09-18,4.99,5.02,ARIMA,4.98701724989684,0.2207407586631156,4.766276491233724,5.2077580085599555,-0.0005977455116553691,0.1
Glencore,calibration,2024-09-17,2024-08-21,2024-09-18,4.99,5.02,Paper-Style Causal VMD-ARIMA/LSTM,4.9468259514146125,0.3079030411699293,4.638922910244683,5.254728992584542,-0.008652113944967486,0.25
Glencore,calibration,2024-09-18,2024-08-21,2024-09-19,5.02,5.16,Random Walk,5.02,0.17999999999999972,4.84,5.199999999999999,0.0,0.0
Glencore,calibration,2024-09-18,2024-08-21,2024-09-19,5.02,5.16,ARIMA,5.020937150231034,0.18168769246874383,4.83924945776229,5.202624842699778,0.0001866833129550289,0.1
Glencore,calibration,2024-09-18,2024-08-21,2024-09-19,5.02,5.16,Paper-Style Causal VMD-ARIMA/LSTM,5.028987251465771,0.2505295845379063,4.7784576669278644,5.279516836003677,0.0017902891366078037,0.25
Glencore,calibration,2024-09-19,2024-09-19,2024-09-20,5.16,5.04,Random Walk,5.16,0.17999999999999972,4.98,5.34,0.0,0.0
Glencore,calibration,2024-09-19,2024-09-19,2024-09-20,5.16,5.04,ARIMA,5.162411298745847,0.18168769246874383,4.980723606277103,5.344098991214591,0.0004673059584975024,0.1
Glencore,calibration,2024-09-19,2024-09-19,2024-09-20,5.16,5.04,Paper-Style Causal VMD-ARIMA/LSTM,5.058619243196383,0.2505295845379063,4.808089658658477,5.3091488277342895,-0.019647433489073045,0.25
Glencore,calibration,2024-09-20,2024-09-19,2024-09-23,5.04,5.14,Random Walk,5.04,0.17999999999999972,4.86,5.22,0.0,0.0
Glencore,calibration,2024-09-20,2024-09-19,2024-09-23,5.04,5.14,ARIMA,5.027360098439888,0.18168769246874383,4.845672405971144,5.209047790908632,-0.0025079169762126916,0.1
Glencore,calibration,2024-09-20,2024-09-19,2024-09-23,5.04,5.14,Paper-Style Causal VMD-ARIMA/LSTM,4.751251435279648,0.2505295845379063,4.5007218507417415,5.001781019817554,-0.057291381888958784,0.25
Glencore,calibration,2024-09-23,2024-09-19,2024-09-24,5.14,5.36,Random Walk,5.14,0.17999999999999972,4.96,5.319999999999999,0.0,0.0
Glencore,calibration,2024-09-23,2024-09-19,2024-09-24,5.14,5.36,ARIMA,5.151283929042688,0.18168769246874383,4.969596236573945,5.332971621511432,0.0021953169343752357,0.1
Glencore,calibration,2024-09-23,2024-09-19,2024-09-24,5.14,5.36,Paper-Style Causal VMD-ARIMA/LSTM,5.248492632777729,0.3079030411699293,4.940589591607799,5.556395673947658,0.02110751610461652,0.25
Glencore,calibration,2024-09-24,2024-09-19,2024-09-25,5.36,5.37,Random Walk,5.36,0.21999999999999975,5.140000000000001,5.58,0.0,0.0
Glencore,calibration,2024-09-24,2024-09-19,2024-09-25,5.36,5.37,ARIMA,5.3596639380942515,0.20871607095731193,5.1509478671369395,5.568380009051563,-6.269811674419094e-05,0.1
Glencore,calibration,2024-09-24,2024-09-19,2024-09-25,5.36,5.37,Paper-Style Causal VMD-ARIMA/LSTM,5.562225542742791,0.3079030411699293,5.254322501572862,5.87012858391272,0.03772864603410272,0.25
Glencore,calibration,2024-09-25,2024-09-19,2024-09-26,5.37,5.68,Random Walk,5.37,0.21999999999999975,5.15,5.59,0.0,0.0
Glencore,calibration,2024-09-25,2024-09-19,2024-09-26,5.37,5.68,ARIMA,5.357270334988059,0.20871607095731193,5.148554264030747,5.565986405945371,-0.0023705148998027633,0.1
Glencore,calibration,2024-09-25,2024-09-19,2024-09-26,5.37,5.68,Paper-Style Causal VMD-ARIMA/LSTM,5.311112763828086,0.3079030411699293,5.0032097226581564,5.619015804998015,-0.01096596576758182,0.25
Glencore,calibration,2024-09-26,2024-09-19,2024-09-27,5.68,5.71,Random Walk,5.68,0.22000000000000064,5.459999999999999,5.9,0.0,0.0
Glencore,calibration,2024-09-26,2024-09-19,2024-09-27,5.68,5.71,ARIMA,5.689733662270764,0.2207407586631156,5.468992903607648,5.9104744209338795,0.0017136729349937008,0.1
Glencore,calibration,2024-09-26,2024-09-19,2024-09-27,5.68,5.71,Paper-Style Causal VMD-ARIMA/LSTM,6.053155048529836,0.368887236171914,5.6842678123579224,6.42204228470175,0.06569631136088674,0.25
Glencore,calibration,2024-09-27,2024-09-19,2024-09-30,5.71,5.72,Random Walk,5.71,0.22000000000000064,5.489999999999999,5.930000000000001,0.0,0.0
Glencore,calibration,2024-09-27,2024-09-19,2024-09-30,5.71,5.72,ARIMA,5.690454403136338,0.2207407586631156,5.469713644473223,5.911195161799454,-0.0034230467361929125,0.1
Glencore,calibration,2024-09-27,2024-09-19,2024-09-30,5.71,5.72,Paper-Style Causal VMD-ARIMA/LSTM,5.619866126585642,0.368887236171914,5.2509788904137285,5.988753362757556,-0.015785266797610775,0.25
Glencore,calibration,2024-09-30,2024-09-19,2024-10-01,5.72,5.7,Random Walk,5.72,0.22000000000000064,5.499999999999999,5.94,0.0,0.0
Glencore,calibration,2024-09-30,2024-09-19,2024-10-01,5.72,5.7,ARIMA,5.719681994890583,0.2207407586631156,5.498941236227467,5.940422753553698,-5.559529884911365e-05,0.1
Glencore,calibration,2024-09-30,2024-09-19,2024-10-01,5.72,5.7,Paper-Style Causal VMD-ARIMA/LSTM,5.7123309804979785,0.368887236171914,5.3434437443260645,6.0812182166698925,-0.0013407376751785416,0.25
Glencore,calibration,2024-10-01,2024-09-19,2024-10-02,5.7,5.75,Random Walk,5.7,0.22000000000000064,5.4799999999999995,5.920000000000001,0.0,0.0
Glencore,calibration,2024-10-01,2024-09-19,2024-10-02,5.7,5.75,ARIMA,5.69751787476537,0.2207407586631156,5.476777116102254,5.9182586334284855,-0.00043546056747900295,0.1
Glencore,calibration,2024-10-01,2024-09-19,2024-10-02,5.7,5.75,Paper-Style Causal VMD-ARIMA/LSTM,5.628074257248094,0.368887236171914,5.25918702107618,5.996961493420008,-0.012618551359983585,0.25
Glencore,calibration,2024-10-02,2024-09-19,2024-10-03,5.75,5.63,Random Walk,5.75,0.21999999999999975,5.53,5.97,0.0,0.0
Glencore,calibration,2024-10-02,2024-09-19,2024-10-03,5.75,5.63,ARIMA,5.7529198380698086,0.20871607095731193,5.544203767112497,5.9616359090271205,0.0005077979251840967,0.1
Glencore,calibration,2024-10-02,2024-09-19,2024-10-03,5.75,5.63,Paper-Style Causal VMD-ARIMA/LSTM,5.776762655979623,0.34315504852983647,5.433607607449787,6.11991770450946,0.0046543749529779545,0.25
Glencore,calibration,2024-10-03,2024-09-19,2024-10-04,5.63,5.68,Random Walk,5.63,0.21999999999999975,5.41,5.85,0.0,0.0
Glencore,calibration,2024-10-03,2024-09-19,2024-10-04,5.63,5.68,ARIMA,5.622761811421334,0.20871607095731193,5.414045740464022,5.831477882378646,-0.0012856462839548224,0.1
Glencore,calibration,2024-10-03,2024-09-19,2024-10-04,5.63,5.68,Paper-Style Causal VMD-ARIMA/LSTM,5.416458902603794,0.34315504852983647,5.0733038540739575,5.75961395113363,-0.03792914696202593,0.25
Glencore,calibration,2024-10-04,2024-09-19,2024-10-07,5.68,5.72,Random Walk,5.68,0.21999999999999975,5.46,5.8999999999999995,0.0,0.0
Glencore,calibration,2024-10-04,2024-09-19,2024-10-07,5.68,5.72,ARIMA,5.689533771578133,0.20871607095731193,5.480817700620821,5.898249842535445,0.001678480911643165,0.1
Glencore,calibration,2024-10-04,2024-09-19,2024-10-07,5.68,5.72,Paper-Style Causal VMD-ARIMA/LSTM,5.7350825263580125,0.34315504852983647,5.391927477828176,6.078237574887849,0.009697627879931833,0.25
Glencore,calibration,2024-10-07,2024-09-19,2024-10-08,5.72,5.47,Random Walk,5.72,0.21999999999999975,5.5,5.9399999999999995,0.0,0.0
Glencore,calibration,2024-10-07,2024-09-19,2024-10-08,5.72,5.47,ARIMA,5.717397789619955,0.20871607095731193,5.508681718662643,5.926113860577267,-0.00045493188462316254,0.1
Glencore,calibration,2024-10-07,2024-09-19,2024-10-08,5.72,5.47,Paper-Style Causal VMD-ARIMA/LSTM,5.690918568301434,0.34315504852983647,5.347763519771598,6.034073616831271,-0.00508416638086809,0.25
Glencore,calibration,2024-10-08,2024-09-19,2024-10-09,5.47,5.5,Random Walk,5.47,0.22000000000000064,5.249999999999999,5.69,0.0,0.0
Glencore,calibration,2024-10-08,2024-09-19,2024-10-09,5.47,5.5,ARIMA,5.460135831975343,0.2207407586631156,5.239395073312227,5.680876590638459,-0.0018033213939043378,0.1
Glencore,calibration,2024-10-08,2024-09-19,2024-10-09,5.47,5.5,Paper-Style Causal VMD-ARIMA/LSTM,5.095691641354657,0.34315504852983647,4.75253659282482,5.438846689884493,-0.0684293160229146,0.25
Glencore,calibration,2024-10-09,2024-09-19,2024-10-10,5.5,5.51,Random Walk,5.5,0.22000000000000064,5.279999999999999,5.720000000000001,0.0,0.0
Glencore,calibration,2024-10-09,2024-09-19,2024-10-10,5.5,5.51,ARIMA,5.516765170177057,0.2207407586631156,5.296024411513941,5.737505928840172,0.0030482127594648745,0.1
Glencore,calibration,2024-10-09,2024-09-19,2024-10-10,5.5,5.51,Paper-Style Causal VMD-ARIMA/LSTM,5.555501072337214,0.368887236171914,5.1866138361653,5.924388308509128,0.01009110406131164,0.25
Glencore,calibration,2024-10-10,2024-09-19,2024-10-11,5.51,5.54,Random Walk,5.51,0.22000000000000064,5.289999999999999,5.73,0.0,0.0
Glencore,calibration,2024-10-10,2024-09-19,2024-10-11,5.51,5.54,ARIMA,5.507287572167228,0.2207407586631156,5.2865468135041125,5.728028330830344,-0.000492273653860563,0.1
Glencore,calibration,2024-10-10,2024-09-19,2024-10-11,5.51,5.54,Paper-Style Causal VMD-ARIMA/LSTM,5.428770614465659,0.368887236171914,5.059883378293745,5.797657850637573,-0.014742175233092722,0.25
Glencore,calibration,2024-10-11,2024-09-19,2024-10-14,5.54,5.49,Random Walk,5.54,0.22000000000000064,5.319999999999999,5.760000000000001,0.0,0.0
Glencore,calibration,2024-10-11,2024-09-19,2024-10-14,5.54,5.49,ARIMA,5.541475573874577,0.2207407586631156,5.320734815211462,5.762216332537693,0.000266349074833449,0.1
Glencore,calibration,2024-10-11,2024-09-19,2024-10-14,5.54,5.49,Paper-Style Causal VMD-ARIMA/LSTM,5.515960244253047,0.368887236171914,5.147073008081133,5.884847480424961,-0.004339306091507791,0.25
Glencore,calibration,2024-10-14,2024-09-19,2024-10-15,5.49,5.28,Random Walk,5.49,0.22000000000000064,5.27,5.710000000000001,0.0,0.0
Glencore,calibration,2024-10-14,2024-09-19,2024-10-15,5.49,5.28,ARIMA,5.48629705107994,0.2207407586631156,5.265556292416824,5.707037809743055,-0.0006744897850747541,0.1
Glencore,calibration,2024-10-14,2024-09-19,2024-10-15,5.49,5.28,Paper-Style Causal VMD-ARIMA/LSTM,5.349683361454332,0.368887236171914,4.980796125282418,5.718570597626246,-0.02555858625604157,0.25
Glencore,calibration,2024-10-15,2024-09-19,2024-10-16,5.28,5.28,Random Walk,5.28,0.22000000000000064,5.06,5.500000000000001,0.0,0.0
Glencore,calibration,2024-10-15,2024-09-19,2024-10-16,5.28,5.28,ARIMA,5.276586009050736,0.2207407586631156,5.055845250387621,5.497326767713852,-0.0006465891949363806,0.1
Glencore,calibration,2024-10-15,2024-09-19,2024-10-16,5.28,5.28,Paper-Style Causal VMD-ARIMA/LSTM,4.9676991768743655,0.368887236171914,4.5988119407024515,5.3365864130462795,-0.05914788316773386,0.25
Glencore,calibration,2024-10-16,2024-09-19,2024-10-17,5.28,5.25,Random Walk,5.28,0.21999999999999975,5.0600000000000005,5.5,0.0,0.0
Glencore,calibration,2024-10-16,2024-09-19,2024-10-17,5.28,5.25,ARIMA,5.2930205422990415,0.20871607095731193,5.08430447134173,5.501736613256353,0.0024660117990608446,0.1
Glencore,calibration,2024-10-16,2024-09-19,2024-10-17,5.28,5.25,Paper-Style Causal VMD-ARIMA/LSTM,5.270341946295796,0.34315504852983647,4.927186897765959,5.613496994825632,-0.0018291768379175347,0.25
Glencore,calibration,2024-10-17,2024-10-17,2024-10-18,5.25,5.33,Random Walk,5.25,0.21999999999999975,5.03,5.47,0.0,0.0
Glencore,calibration,2024-10-17,2024-10-17,2024-10-18,5.25,5.33,ARIMA,5.248423461622689,0.20871607095731193,5.039707390665377,5.457139532580001,-0.0003002930242496675,0.1
Glencore,calibration,2024-10-17,2024-10-17,2024-10-18,5.25,5.33,Paper-Style Causal VMD-ARIMA/LSTM,5.300562535058128,0.34315504852983647,4.957407486528291,5.643717583587964,0.00963095905869101,0.25
Glencore,calibration,2024-10-18,2024-10-17,2024-10-21,5.33,5.28,Random Walk,5.33,0.21999999999999975,5.11,5.55,0.0,0.0
Glencore,calibration,2024-10-18,2024-10-17,2024-10-21,5.33,5.28,ARIMA,5.335222716462084,0.20871607095731193,5.126506645504772,5.543938787419396,0.0009798717564885862,0.1
Glencore,calibration,2024-10-18,2024-10-17,2024-10-21,5.33,5.28,Paper-Style Causal VMD-ARIMA/LSTM,5.495285421542887,0.34315504852983647,5.15213037301305,5.838440470072723,0.031010398038065053,0.25
Glencore,calibration,2024-10-21,2024-10-17,2024-10-22,5.28,5.3,Random Walk,5.28,0.21999999999999975,5.0600000000000005,5.5,0.0,0.0
Glencore,calibration,2024-10-21,2024-10-17,2024-10-22,5.28,5.3,ARIMA,5.273242227080455,0.20871607095731193,5.064526156123143,5.481958298037767,-0.0012798812347624244,0.1
Glencore,calibration,2024-10-21,2024-10-17,2024-10-22,5.28,5.3,Paper-Style Causal VMD-ARIMA/LSTM,5.302567206561365,0.34315504852983647,4.959412158031529,5.645722255091202,0.004274092151773656,0.25
Glencore,calibration,2024-10-22,2024-10-17,2024-10-23,5.3,5.17,Random Walk,5.3,0.21999999999999975,5.08,5.52,0.0,0.0
Glencore,calibration,2024-10-22,2024-10-17,2024-10-23,5.3,5.17,ARIMA,5.304235146866278,0.20871607095731193,5.095519075908966,5.5129512178235895,0.0007990843143920367,0.1
Glencore,calibration,2024-10-22,2024-10-17,2024-10-23,5.3,5.17,Paper-Style Causal VMD-ARIMA/LSTM,5.469355852469826,0.34315504852983647,5.126200803939989,5.812510900999662,0.031953934428269014,0.25
Glencore,calibration,2024-10-23,2024-10-17,2024-10-24,5.17,5.16,Random Walk,5.17,0.21999999999999975,4.95,5.39,0.0,0.0
Glencore,calibration,2024-10-23,2024-10-17,2024-10-24,5.17,5.16,ARIMA,5.164073100612731,0.20871607095731193,4.955357029655419,5.372789171570043,-0.001146402202566577,0.1
Glencore,calibration,2024-10-23,2024-10-17,2024-10-24,5.17,5.16,Paper-Style Causal VMD-ARIMA/LSTM,5.138050524804244,0.34315504852983647,4.794895476274408,5.481205573334081,-0.006179782436316371,0.25
Glencore,calibration,2024-10-24,2024-10-17,2024-10-25,5.16,5.24,Random Walk,5.16,0.21999999999999975,4.94,5.38,0.0,0.0
Glencore,calibration,2024-10-24,2024-10-17,2024-10-25,5.16,5.24,ARIMA,5.1680864041362895,0.20871607095731193,4.959370333178978,5.376802475093601,0.0015671325845522015,0.1
Glencore,calibration,2024-10-24,2024-10-17,2024-10-25,5.16,5.24,Paper-Style Causal VMD-ARIMA/LSTM,5.354436886398703,0.34315504852983647,5.011281837868866,5.697591934928539,0.037681567131531486,0.25
Glencore,calibration,2024-10-25,2024-10-17,2024-10-28,5.24,5.25,Random Walk,5.24,0.21999999999999975,5.0200000000000005,5.46,0.0,0.0
Glencore,calibration,2024-10-25,2024-10-17,2024-10-28,5.24,5.25,ARIMA,5.242547083102477,0.20871607095731193,5.033831012145165,5.451263154059789,0.0004860845615413654,0.1
Glencore,calibration,2024-10-25,2024-10-17,2024-10-28,5.24,5.25,Paper-Style Causal VMD-ARIMA/LSTM,5.508065664858341,0.34315504852983647,5.164910616328505,5.8512207133881775,0.05115756962945436,0.25
Glencore,calibration,2024-10-28,2024-10-17,2024-10-29,5.25,5.27,Random Walk,5.25,0.21999999999999975,5.03,5.47,0.0,0.0
Glencore,calibration,2024-10-28,2024-10-17,2024-10-29,5.25,5.27,ARIMA,5.245836295525329,0.20871607095731193,5.037120224568017,5.454552366482641,-0.00079308656660395,0.1
Glencore,calibration,2024-10-28,2024-10-17,2024-10-29,5.25,5.27,Paper-Style Causal VMD-ARIMA/LSTM,5.424520704514219,0.34315504852983647,5.081365655984382,5.767675753044055,0.03324203895508929,0.25
Glencore,calibration,2024-10-29,2024-10-17,2024-10-30,5.27,5.31,Random Walk,5.27,0.21999999999999975,5.05,5.489999999999999,0.0,0.0
Glencore,calibration,2024-10-29,2024-10-17,2024-10-30,5.27,5.31,ARIMA,5.270315879838478,0.20871607095731193,5.061599808881166,5.47903195079579,5.993924828807195e-05,0.1
Glencore,calibration,2024-10-29,2024-10-17,2024-10-30,5.27,5.31,Paper-Style Causal VMD-ARIMA/LSTM,5.48939840202456,0.34315504852983647,5.146243353494723,5.832553450554396,0.04163157533672871,0.25
Glencore,calibration,2024-10-30,2024-10-17,2024-10-31,5.31,5.24,Random Walk,5.31,0.20999999999999996,5.1,5.52,0.0,0.0
Glencore,calibration,2024-10-30,2024-10-17,2024-10-31,5.31,5.24,ARIMA,5.30978891591213,0.20629705107993956,5.103491864832191,5.51608596699207,-3.9752182272937e-05,0.1
Glencore,calibration,2024-10-30,2024-10-17,2024-10-31,5.31,5.24,Paper-Style Causal VMD-ARIMA/LSTM,5.551121283554014,0.3123008231256348,5.2388204604283795,5.863422106679649,0.04540890462410822,0.25
Glencore,calibration,2024-10-31,2024-10-17,2024-11-01,5.24,5.27,Random Walk,5.24,0.20999999999999996,5.03,5.45,0.0,0.0
Glencore,calibration,2024-10-31,2024-10-17,2024-11-01,5.24,5.27,ARIMA,5.235341050098103,0.20629705107993956,5.029043999018163,5.441638101178042,-0.000889112576698022,0.1
Glencore,calibration,2024-10-31,2024-10-17,2024-11-01,5.24,5.27,Paper-Style Causal VMD-ARIMA/LSTM,5.349522492815536,0.3123008231256348,5.0372216696899015,5.661823315941171,0.02090123908693436,0.25
Glencore,calibration,2024-11-01,2024-10-17,2024-11-04,5.27,5.27,Random Walk,5.27,0.20999999999999996,5.06,5.4799999999999995,0.0,0.0
Glencore,calibration,2024-11-01,2024-10-17,2024-11-04,5.27,5.27,ARIMA,5.275379202173747,0.20629705107993956,5.0690821510938076,5.481676253253687,0.0010207214750944107,0.1
Glencore,calibration,2024-11-01,2024-10-17,2024-11-04,5.27,5.27,Paper-Style Causal VMD-ARIMA/LSTM,5.551174830840921,0.3123008231256348,5.238874007715286,5.863475653966556,0.05335385784457713,0.25
Glencore,calibration,2024-11-04,2024-10-17,2024-11-05,5.27,5.31,Random Walk,5.27,0.20999999999999996,5.06,5.4799999999999995,0.0,0.0
Glencore,calibration,2024-11-04,2024-10-17,2024-11-05,5.27,5.31,ARIMA,5.267706647005658,0.20629705107993956,5.061409595925719,5.474003698085598,-0.00043517134617479915,0.1
Glencore,calibration,2024-11-04,2024-10-17,2024-11-05,5.27,5.31,Paper-Style Causal VMD-ARIMA/LSTM,5.4813945965656865,0.3123008231256348,5.169093773440052,5.793695419691321,0.04011282667280587,0.25
Glencore,calibration,2024-11-05,2024-10-17,2024-11-06,5.31,5.17,Random Walk,5.31,0.20999999999999996,5.1,5.52,0.0,0.0
Glencore,calibration,2024-11-05,2024-10-17,2024-11-06,5.31,5.17,ARIMA,5.311680609896411,0.20629705107993956,5.105383558816471,5.51797766097635,0.00031649903887213867,0.1
Glencore,calibration,2024-11-05,2024-10-17,2024-11-06,5.31,5.17,Paper-Style Causal VMD-ARIMA/LSTM,5.593421119708756,0.3123008231256348,5.281120296583121,5.905721942834391,0.05337497546304264,0.25
Glencore,calibration,2024-11-06,2024-10-17,2024-11-07,5.17,5.39,Random Walk,5.17,0.20999999999999996,4.96,5.38,0.0,0.0
Glencore,calibration,2024-11-06,2024-10-17,2024-11-07,5.17,5.39,ARIMA,5.162884270295645,0.20629705107993956,4.956587219215705,5.369181321375584,-0.0013763500395271504,0.1
Glencore,calibration,2024-11-06,2024-10-17,2024-11-07,5.17,5.39,Paper-Style Causal VMD-ARIMA/LSTM,5.210260915323588,0.34315504852983647,4.867105866793752,5.553415963853425,0.0077874110877347085,0.25
Glencore,calibration,2024-11-07,2024-10-17,2024-11-08,5.39,5.1,Random Walk,5.39,0.21999999999999975,5.17,5.609999999999999,0.0,0.0
Glencore,calibration,2024-11-07,2024-10-17,2024-11-08,5.39,5.1,ARIMA,5.405929038920242,0.20871607095731193,5.19721296796293,5.614645109877554,0.0029552947903974027,0.1
Glencore,calibration,2024-11-07,2024-10-17,2024-11-08,5.39,5.1,Paper-Style Causal VMD-ARIMA/LSTM,5.935571068914079,0.34315504852983647,5.592416020384243,6.278726117443916,0.10121912224751013,0.25
Glencore,calibration,2024-11-08,2024-10-17,2024-11-11,5.1,5.0,Random Walk,5.1,0.21999999999999975,4.88,5.319999999999999,0.0,0.0
Glencore,calibration,2024-11-08,2024-10-17,2024-11-11,5.1,5.0,ARIMA,5.076323242304289,0.2207407586631156,4.855582483641173,5.297064000967405,-0.004642501508962873,0.1
Glencore,calibration,2024-11-08,2024-10-17,2024-11-11,5.1,5.0,Paper-Style Causal VMD-ARIMA/LSTM,4.881910544846145,0.368887236171914,4.513023308674231,5.250797781018059,-0.042762638265461776,0.25
Glencore,calibration,2024-11-11,2024-10-17,2024-11-12,5.0,4.8,Random Walk,5.0,0.21999999999999975,4.78,5.22,0.0,0.0
Glencore,calibration,2024-11-11,2024-10-17,2024-11-12,5.0,4.8,ARIMA,5.016287283295245,0.2207407586631156,4.79554652463213,5.237028041958361,0.0032574566590490408,0.1
Glencore,calibration,2024-11-11,2024-10-17,2024-11-12,5.0,4.8,Paper-Style Causal VMD-ARIMA/LSTM,5.208368647042264,0.368887236171914,4.83948141087035,5.577255883214178,0.04167372940845286,0.25
Glencore,calibration,2024-11-12,2024-10-17,2024-11-13,4.8,4.78,Random Walk,4.8,0.21999999999999975,4.58,5.02,0.0,0.0
Glencore,calibration,2024-11-12,2024-10-17,2024-11-13,4.8,4.78,ARIMA,4.797760987311115,0.2207407586631156,4.577020228647999,5.0185017459742305,-0.0004664609768510279,0.1
Glencore,calibration,2024-11-12,2024-10-17,2024-11-13,4.8,4.78,Paper-Style Causal VMD-ARIMA/LSTM,4.777323307978336,0.3887485647203519,4.388574743257984,5.166071872698688,-0.004724310837846598,0.25
Glencore,calibration,2024-11-13,2024-10-17,2024-11-14,4.78,4.75,Random Walk,4.78,0.21999999999999975,4.5600000000000005,5.0,0.0,0.0
Glencore,calibration,2024-11-13,2024-10-17,2024-11-14,4.78,4.75,ARIMA,4.7926714712572185,0.21628728329524538,4.576384187961973,5.008958754552464,0.002650935409459882,0.1
Glencore,calibration,2024-11-13,2024-10-17,2024-11-14,4.78,4.75,Paper-Style Causal VMD-ARIMA/LSTM,5.038399911616633,0.368887236171914,4.669512675444719,5.407287147788547,0.05405855891561353,0.25
Glencore,calibration,2024-11-14,2024-11-14,2024-11-15,4.75,4.79,Random Walk,4.75,0.21999999999999975,4.53,4.97,0.0,0.0
Glencore,calibration,2024-11-14,2024-11-14,2024-11-15,4.75,4.79,ARIMA,4.749789766895175,0.21628728329524538,4.533502483599929,4.96607705019042,-4.4259601015844986e-05,0.1
Glencore,calibration,2024-11-14,2024-11-14,2024-11-15,4.75,4.79,Paper-Style Causal VMD-ARIMA/LSTM,4.784244519783365,0.368887236171914,4.415357283611451,5.153131755955279,0.00720937258597157,0.25
Glencore,calibration,2024-11-15,2024-11-14,2024-11-18,4.79,4.86,Random Walk,4.79,0.21999999999999975,4.57,5.01,0.0,0.0
Glencore,calibration,2024-11-15,2024-11-14,2024-11-18,4.79,4.86,ARIMA,4.793653391972785,0.21628728329524538,4.5773661086775395,5.00994067526803,0.0007627123116460966,0.1
Glencore,calibration,2024-11-15,2024-11-14,2024-11-18,4.79,4.86,Paper-Style Causal VMD-ARIMA/LSTM,4.915767369214442,0.368887236171914,4.546880133042528,5.284654605386356,0.02625623574414235,0.25
Glencore,calibration,2024-11-18,2024-11-14,2024-11-19,4.86,4.81,Random Walk,4.86,0.21999999999999975,4.640000000000001,5.08,0.0,0.0
Glencore,calibration,2024-11-18,2024-11-14,2024-11-19,4.86,4.81,ARIMA,4.859650971482717,0.21628728329524538,4.643363688187471,5.075938254777962,-7.181656734230006e-05,0.1
Glencore,calibration,2024-11-18,2024-11-14,2024-11-19,4.86,4.81,Paper-Style Causal VMD-ARIMA/LSTM,5.009916346096993,0.368887236171914,4.641029109925079,5.378803582268907,0.03084698479361996,0.25
Glencore,calibration,2024-11-19,2024-11-14,2024-11-20,4.81,4.82,Random Walk,4.81,0.21999999999999975,4.59,5.029999999999999,0.0,0.0
Glencore,calibration,2024-11-19,2024-11-14,2024-11-20,4.81,4.82,ARIMA,4.8046455288738406,0.21628728329524538,4.588358245578595,5.020932812169086,-0.001113195660324128,0.1
Glencore,calibration,2024-11-19,2024-11-14,2024-11-20,4.81,4.82,Paper-Style Causal VMD-ARIMA/LSTM,4.833745607135481,0.368887236171914,4.464858370963567,5.202632843307395,0.0049367166601832334,0.25
Glencore,calibration,2024-11-20,2024-11-14,2024-11-21,4.82,4.8,Random Walk,4.82,0.21999999999999975,4.6000000000000005,5.04,0.0,0.0
Glencore,calibration,2024-11-20,2024-11-14,2024-11-21,4.82,4.8,ARIMA,4.82335231994441,0.21628728329524538,4.607065036649165,5.039639603239656,0.000695502063155622,0.1
Glencore,calibration,2024-11-20,2024-11-14,2024-11-21,4.82,4.8,Paper-Style Causal VMD-ARIMA/LSTM,4.9725301903381425,0.368887236171914,4.6036429541662285,5.3414174265100565,0.03164526770500875,0.25
Glencore,calibration,2024-11-21,2024-11-14,2024-11-22,4.8,4.77,Random Walk,4.8,0.21999999999999975,4.58,5.02,0.0,0.0
Glencore,calibration,2024-11-21,2024-11-14,2024-11-22,4.8,4.77,ARIMA,4.798404608563734,0.21628728329524538,4.582117325268489,5.01469189185898,-0.00033237321588867424,0.1
Glencore,calibration,2024-11-21,2024-11-14,2024-11-22,4.8,4.77,Paper-Style Causal VMD-ARIMA/LSTM,4.906676386897337,0.368887236171914,4.537789150725423,5.275563623069251,0.022224247270278646,0.25
Glencore,calibration,2024-11-22,2024-11-14,2024-11-25,4.77,4.9,Random Walk,4.77,0.21999999999999975,4.55,4.989999999999999,0.0,0.0
Glencore,calibration,2024-11-22,2024-11-14,2024-11-25,4.77,4.9,ARIMA,4.770506809129604,0.21628728329524538,4.554219525834359,4.98679409242485,0.00010624929341819043,0.1
Glencore,calibration,2024-11-22,2024-11-14,2024-11-25,4.77,4.9,Paper-Style Causal VMD-ARIMA/LSTM,4.897633625698552,0.368887236171914,4.528746389526638,5.266520861870466,0.026757573521709196,0.25
Glencore,calibration,2024-11-25,2024-11-14,2024-11-26,4.9,4.76,Random Walk,4.9,0.21999999999999975,4.680000000000001,5.12,0.0,0.0
Glencore,calibration,2024-11-25,2024-11-14,2024-11-26,4.9,4.76,ARIMA,4.905542807779089,0.21628728329524538,4.689255524483843,5.121830091074334,0.0011311852610384125,0.1
Glencore,calibration,2024-11-25,2024-11-14,2024-11-26,4.9,4.76,Paper-Style Causal VMD-ARIMA/LSTM,5.234383141416351,0.368887236171914,4.865495905244437,5.603270377588265,0.06824145743190826,0.25
Glencore,calibration,2024-11-26,2024-11-14,2024-11-27,4.76,4.77,Random Walk,4.76,0.21999999999999975,4.54,4.9799999999999995,0.0,0.0
Glencore,calibration,2024-11-26,2024-11-14,2024-11-27,4.76,4.77,ARIMA,4.748088746547993,0.21628728329524538,4.531801463252748,4.964376029843239,-0.0025023641705896006,0.1
Glencore,calibration,2024-11-26,2024-11-14,2024-11-27,4.76,4.77,Paper-Style Causal VMD-ARIMA/LSTM,4.712044160605682,0.3887485647203519,4.32329559588533,5.100792725326034,-0.010074756175276802,0.25
Glencore,calibration,2024-11-27,2024-11-14,2024-11-28,4.77,4.74,Random Walk,4.77,0.20999999999999996,4.56,4.9799999999999995,0.0,0.0
Glencore,calibration,2024-11-27,2024-11-14,2024-11-28,4.77,4.74,ARIMA,4.779133077679884,0.20871607095731193,4.570417006722572,4.987849148637196,0.001914691337501916,0.1
Glencore,calibration,2024-11-27,2024-11-14,2024-11-28,4.77,4.74,Paper-Style Causal VMD-ARIMA/LSTM,5.00568113583319,0.368887236171914,4.636793899661276,5.374568372005104,0.04940904315161227,0.25
Glencore,calibration,2024-11-28,2024-11-14,2024-11-29,4.74,4.84,Random Walk,4.74,0.20999999999999996,4.53,4.95,0.0,0.0
Glencore,calibration,2024-11-28,2024-11-14,2024-11-29,4.74,4.84,ARIMA,4.737548893231484,0.20871607095731193,4.528832822274172,4.946264964188796,-0.0005171111325984078,0.1
Glencore,calibration,2024-11-28,2024-11-14,2024-11-29,4.74,4.84,Paper-Style Causal VMD-ARIMA/LSTM,4.85649406223214,0.368887236171914,4.487606826060226,5.225381298404054,0.024576806378088557,0.25
Glencore,calibration,2024-11-29,2024-11-14,2024-12-02,4.84,4.77,Random Walk,4.84,0.20999999999999996,4.63,5.05,0.0,0.0
Glencore,calibration,2024-11-29,2024-11-14,2024-12-02,4.84,4.77,ARIMA,4.845355438509857,0.20871607095731193,4.6366393675525455,5.054071509467169,0.0011064955598879206,0.1
Glencore,calibration,2024-11-29,2024-11-14,2024-12-02,4.84,4.77,Paper-Style Causal VMD-ARIMA/LSTM,5.152030619160664,0.368887236171914,4.78314338298875,5.520917855332578,0.06446913619021986,0.25
Glencore,calibration,2024-12-02,2024-11-14,2024-12-03,4.77,4.84,Random Walk,4.77,0.20999999999999996,4.56,4.9799999999999995,0.0,0.0
Glencore,calibration,2024-12-02,2024-11-14,2024-12-03,4.77,4.84,ARIMA,4.7617712111571695,0.20871607095731193,4.553055140199858,4.970487282114481,-0.0017251129649538933,0.1
Glencore,calibration,2024-12-02,2024-11-14,2024-12-03,4.77,4.84,Paper-Style Causal VMD-ARIMA/LSTM,4.825957930649544,0.3820306191606644,4.4439273114888795,5.207988549810208,0.011731222358395044,0.25
Glencore,calibration,2024-12-03,2024-11-14,2024-12-04,4.84,4.8,Random Walk,4.84,0.20999999999999996,4.63,5.05,0.0,0.0
Glencore,calibration,2024-12-03,2024-11-14,2024-12-04,4.84,4.8,ARIMA,4.846737277202697,0.20871607095731193,4.638021206245385,5.055453348160009,0.0013919994220449288,0.1
Glencore,calibration,2024-12-03,2024-11-14,2024-12-04,4.84,4.8,Paper-Style Causal VMD-ARIMA/LSTM,5.139561003156684,0.3820306191606644,4.75753038399602,5.521591622317349,0.061892769247248854,0.25
Glencore,calibration,2024-12-04,2024-11-14,2024-12-05,4.8,4.81,Random Walk,4.8,0.20999999999999996,4.59,5.01,0.0,0.0
Glencore,calibration,2024-12-04,2024-11-14,2024-12-05,4.8,4.81,ARIMA,4.7940411213650025,0.20871607095731193,4.585325050407691,5.002757192322314,-0.0012414330489577778,0.1
Glencore,calibration,2024-12-04,2024-11-14,2024-12-05,4.8,4.81,Paper-Style Causal VMD-ARIMA/LSTM,4.9051118126128355,0.3820306191606644,4.523081193452171,5.2871424317735,0.02189829429434076,0.25
Glencore,calibration,2024-12-05,2024-11-14,2024-12-06,4.81,4.82,Random Walk,4.81,0.20999999999999996,4.6,5.02,0.0,0.0
Glencore,calibration,2024-12-05,2024-11-14,2024-12-06,4.81,4.82,ARIMA,4.813200804234504,0.20871607095731193,4.604484733277192,5.021916875191816,0.0006654478658013343,0.1
Glencore,calibration,2024-12-05,2024-11-14,2024-12-06,4.81,4.82,Paper-Style Causal VMD-ARIMA/LSTM,5.028586198676111,0.3820306191606644,4.6465555795154465,5.410616817836775,0.045444116148879686,0.25
Glencore,calibration,2024-12-06,2024-11-14,2024-12-09,4.82,5.03,Random Walk,4.82,0.20999999999999996,4.61,5.03,0.0,0.0
Glencore,calibration,2024-12-06,2024-11-14,2024-12-09,4.82,5.03,ARIMA,4.819274888167172,0.20871607095731193,4.61055881720986,5.027990959124484,-0.00015043813959095804,0.1
Glencore,calibration,2024-12-06,2024-11-14,2024-12-09,4.82,5.03,Paper-Style Causal VMD-ARIMA/LSTM,5.01087144123476,0.3820306191606644,4.628840822074095,5.392902060395424,0.039599884073601536,0.25
Glencore,calibration,2024-12-09,2024-11-14,2024-12-10,5.03,4.93,Random Walk,5.03,0.20999999999999996,4.82,5.24,0.0,0.0
Glencore,calibration,2024-12-09,2024-11-14,2024-12-10,5.03,4.93,ARIMA,5.035932325425583,0.21072511183282838,4.825207213592755,5.246657437258412,0.0011793887526009889,0.1
Glencore,calibration,2024-12-09,2024-11-14,2024-12-10,5.03,4.93,Paper-Style Causal VMD-ARIMA/LSTM,5.478500382450912,0.3820306191606644,5.096469763290248,5.860531001611577,0.08916508597433637,0.25
Glencore,calibration,2024-12-10,2024-11-14,2024-12-11,4.93,4.89,Random Walk,4.93,0.20999999999999996,4.72,5.14,0.0,0.0
Glencore,calibration,2024-12-10,2024-11-14,2024-12-11,4.93,4.89,ARIMA,4.914548087219569,0.21072511183282838,4.703822975386741,5.125273199052398,-0.003134262227267841,0.1
Glencore,calibration,2024-12-10,2024-11-14,2024-12-11,4.93,4.89,Paper-Style Causal VMD-ARIMA/LSTM,4.930669561645916,0.3887485647203519,4.5419209969255645,5.319418126366268,0.0001358137212812767,0.25
Glencore,calibration,2024-12-11,2024-11-14,2024-12-12,4.89,4.79,Random Walk,4.89,0.20999999999999996,4.68,5.1,0.0,0.0
Glencore,calibration,2024-12-11,2024-11-14,2024-12-12,4.89,4.79,ARIMA,4.895431318112828,0.20871607095731193,4.686715247155516,5.10414738907014,0.0011106990005783773,0.1
Glencore,calibration,2024-12-11,2024-11-14,2024-12-12,4.89,4.79,Paper-Style Causal VMD-ARIMA/LSTM,5.081234869588315,0.3820306191606644,4.699204250427651,5.46326548874898,0.03910733529413409,0.25
Glencore,calibration,2024-12-12,2024-12-12,2024-12-13,4.79,4.68,Random Walk,4.79,0.20999999999999996,4.58,5.0,0.0,0.0
Glencore,calibration,2024-12-12,2024-12-12,2024-12-13,4.79,4.68,ARIMA,4.788448913303669,0.20871607095731193,4.579732842346357,4.997164984260981,-0.0003238176819062804,0.1
Glencore,calibration,2024-12-12,2024-12-12,2024-12-13,4.79,4.68,Paper-Style Causal VMD-ARIMA/LSTM,4.890981402460759,0.3820306191606644,4.508950783300095,5.273012021621423,0.02108171241351961,0.25
Glencore,calibration,2024-12-13,2024-12-12,2024-12-16,4.68,4.66,Random Walk,4.68,0.20999999999999996,4.47,4.89,0.0,0.0
Glencore,calibration,2024-12-13,2024-12-12,2024-12-16,4.68,4.66,ARIMA,4.682989342798119,0.20871607095731193,4.474273271840807,4.891705413755431,0.0006387484611365667,0.1
Glencore,calibration,2024-12-13,2024-12-12,2024-12-16,4.68,4.66,Paper-Style Causal VMD-ARIMA/LSTM,4.590235550236334,0.3820306191606644,4.208204931075669,4.972266169396998,-0.019180437983689326,0.25
Glencore,calibration,2024-12-16,2024-12-12,2024-12-17,4.66,4.61,Random Walk,4.66,0.20999999999999996,4.45,4.87,0.0,0.0
Glencore,calibration,2024-12-16,2024-12-12,2024-12-17,4.66,4.61,ARIMA,4.665585771354043,0.20871607095731193,4.456869700396731,4.874301842311355,0.0011986633806958824,0.1
Glencore,calibration,2024-12-16,2024-12-12,2024-12-17,4.66,4.61,Paper-Style Causal VMD-ARIMA/LSTM,4.74940431084357,0.3820306191606644,4.367373691682905,5.131434930004234,0.019185474429950555,0.25
Glencore,calibration,2024-12-17,2024-12-12,2024-12-18,4.61,4.56,Random Walk,4.61,0.20999999999999996,4.4,4.82,0.0,0.0
Glencore,calibration,2024-12-17,2024-12-12,2024-12-18,4.61,4.56,ARIMA,4.609748542768153,0.20871607095731193,4.401032471810841,4.818464613725465,-5.4546037277114124e-05,0.1
Glencore,calibration,2024-12-17,2024-12-12,2024-12-18,4.61,4.56,Paper-Style Causal VMD-ARIMA/LSTM,4.521891692981558,0.3820306191606644,4.139861073820893,4.903922312142222,-0.01911243102352337,0.25
Glencore,calibration,2024-12-18,2024-12-12,2024-12-19,4.56,4.43,Random Walk,4.56,0.20999999999999996,4.35,4.77,0.0,0.0
Glencore,calibration,2024-12-18,2024-12-12,2024-12-19,4.56,4.43,ARIMA,4.561788295302531,0.20871607095731193,4.353072224345219,4.770504366259843,0.00039217002248491617,0.1
Glencore,calibration,2024-12-18,2024-12-12,2024-12-19,4.56,4.43,Paper-Style Causal VMD-ARIMA/LSTM,4.589833307134603,0.3820306191606644,4.207802687973938,4.971863926295267,0.006542391915483133,0.25
Glencore,calibration,2024-12-19,2024-12-12,2024-12-20,4.43,4.44,Random Walk,4.43,0.20999999999999996,4.22,4.64,0.0,0.0
Glencore,calibration,2024-12-19,2024-12-12,2024-12-20,4.43,4.44,ARIMA,4.4291302670505655,0.20871607095731193,4.2204141960932535,4.637846338007877,-0.00019632797955626758,0.1
Glencore,calibration,2024-12-19,2024-12-12,2024-12-20,4.43,4.44,Paper-Style Causal VMD-ARIMA/LSTM,4.2758115746326855,0.3820306191606644,3.893780955472021,4.65784219379335,-0.034805513626933245,0.25
Glencore,calibration,2024-12-20,2024-12-12,2024-12-23,4.44,4.44,Random Walk,4.44,0.20999999999999996,4.23,4.65,0.0,0.0
Glencore,calibration,2024-12-20,2024-12-12,2024-12-23,4.44,4.44,ARIMA,4.447886412382955,0.20871607095731193,4.239170341425643,4.656602483340267,0.0017762190051699347,0.1
Glencore,calibration,2024-12-20,2024-12-12,2024-12-23,4.44,4.44,Paper-Style Causal VMD-ARIMA/LSTM,4.599903327379195,0.3820306191606644,4.217872708218531,4.9819339465398595,0.036014262923242064,0.25
Glencore,calibration,2024-12-23,2024-12-12,2024-12-24,4.44,4.46,Random Walk,4.44,0.20999999999999996,4.23,4.65,0.0,0.0
Glencore,calibration,2024-12-23,2024-12-12,2024-12-24,4.44,4.46,ARIMA,4.439151671619892,0.20871607095731193,4.23043560066258,4.647867742577204,-0.00019106495047486452,0.1
Glencore,calibration,2024-12-23,2024-12-12,2024-12-24,4.44,4.46,Paper-Style Causal VMD-ARIMA/LSTM,4.407017524815374,0.3820306191606644,4.02498690565471,4.789048143976038,-0.007428485401942878,0.25
Glencore,calibration,2024-12-24,2024-12-12,2024-12-27,4.46,4.46,Random Walk,4.46,0.20999999999999996,4.25,4.67,0.0,0.0
Glencore,calibration,2024-12-24,2024-12-12,2024-12-27,4.46,4.46,ARIMA,4.461043688002707,0.20871607095731193,4.252327617045395,4.669759758960019,0.00023401076293887374,0.1
Glencore,calibration,2024-12-24,2024-12-12,2024-12-27,4.46,4.46,Paper-Style Causal VMD-ARIMA/LSTM,4.585361051292143,0.3820306191606644,4.203330432131478,4.967391670452807,0.02810785903411274,0.25
Glencore,calibration,2024-12-27,2024-12-12,2024-12-30,4.46,4.42,Random Walk,4.46,0.20000000000000018,4.26,4.66,0.0,0.0
Glencore,calibration,2024-12-27,2024-12-12,2024-12-30,4.46,4.42,ARIMA,4.458771536121946,0.20629705107993956,4.252474485042007,4.665068587201886,-0.0002754403314021372,0.1
Glencore,calibration,2024-12-27,2024-12-12,2024-12-30,4.46,4.42,Paper-Style Causal VMD-ARIMA/LSTM,4.452334530020371,0.368887236171914,4.083447293848457,4.821221766192285,-0.0017187152420692384,0.25
Glencore,calibration,2024-12-30,2024-12-12,2024-12-31,4.42,4.42,Random Walk,4.42,0.20000000000000018,4.22,4.62,0.0,0.0
Glencore,calibration,2024-12-30,2024-12-12,2024-12-31,4.42,4.42,ARIMA,4.418962490101781,0.20629705107993956,4.212665439021841,4.625259541181721,-0.00023473074620337911,0.1
Glencore,calibration,2024-12-30,2024-12-12,2024-12-31,4.42,4.42,Paper-Style Causal VMD-ARIMA/LSTM,4.438937266177956,0.368887236171914,4.070050030006042,4.80782450234987,0.004284449361528581,0.25
Glencore,calibration,2024-12-31,2024-12-12,2025-01-02,4.42,4.49,Random Walk,4.42,0.20000000000000018,4.22,4.62,0.0,0.0
Glencore,calibration,2024-12-31,2024-12-12,2025-01-02,4.42,4.49,ARIMA,4.422258994392715,0.20629705107993956,4.2159619433127755,4.628556045472655,0.0005110847042341974,0.1
Glencore,calibration,2024-12-31,2024-12-12,2025-01-02,4.42,4.49,Paper-Style Causal VMD-ARIMA/LSTM,4.468320158832444,0.368887236171914,4.09943292266053,4.837207395004358,0.010932162631774761,0.25
Glencore,calibration,2025-01-02,2024-12-12,2025-01-03,4.49,4.49,Random Walk,4.49,0.20000000000000018,4.29,4.69,0.0,0.0
Glencore,calibration,2025-01-02,2024-12-12,2025-01-03,4.49,4.49,ARIMA,4.491857921235123,0.20629705107993956,4.285560870155184,4.698154972315063,0.0004137909209628223,0.1
Glencore,calibration,2025-01-02,2024-12-12,2025-01-03,4.49,4.49,Paper-Style Causal VMD-ARIMA/LSTM,4.627938591022105,0.368887236171914,4.259051354850191,4.996825827194019,0.03072128975993433,0.25
Glencore,calibration,2025-01-03,2024-12-12,2025-01-06,4.49,4.59,Random Walk,4.49,0.20000000000000018,4.29,4.69,0.0,0.0
Glencore,calibration,2025-01-03,2024-12-12,2025-01-06,4.49,4.59,ARIMA,4.486051841735014,0.20629705107993956,4.279754790655074,4.6923488928149535,-0.0008793225534490624,0.1
Glencore,calibration,2025-01-03,2024-12-12,2025-01-06,4.49,4.59,Paper-Style Causal VMD-ARIMA/LSTM,4.483417708592673,0.368887236171914,4.114530472420759,4.852304944764587,-0.0014659891775785005,0.25
Glencore,calibration,2025-01-06,2024-12-12,2025-01-07,4.59,4.51,Random Walk,4.59,0.20000000000000018,4.39,4.79,0.0,0.0
Glencore,calibration,2025-01-06,2024-12-12,2025-01-07,4.59,4.51,ARIMA,4.593049365534773,0.20629705107993956,4.386752314454833,4.799346416614712,0.0006643497897108877,0.1
Glencore,calibration,2025-01-06,2024-12-12,2025-01-07,4.59,4.51,Paper-Style Causal VMD-ARIMA/LSTM,4.810534228697107,0.368887236171914,4.441646992525193,5.179421464869021,0.048046672918759754,0.25
Glencore,calibration,2025-01-07,2024-12-12,2025-01-08,4.51,4.5,Random Walk,4.51,0.20000000000000018,4.31,4.71,0.0,0.0
Glencore,calibration,2025-01-07,2024-12-12,2025-01-08,4.51,4.5,ARIMA,4.501671351461303,0.20629705107993956,4.295374300381363,4.707968402541242,-0.0018467069930592198,0.1
Glencore,calibration,2025-01-07,2024-12-12,2025-01-08,4.51,4.5,Paper-Style Causal VMD-ARIMA/LSTM,4.338371204649187,0.368887236171914,3.969483968477273,4.707258440821101,-0.03805516526625563,0.25
Glencore,calibration,2025-01-08,2024-12-12,2025-01-09,4.5,4.5,Random Walk,4.5,0.20000000000000018,4.3,4.7,0.0,0.0
Glencore,calibration,2025-01-08,2024-12-12,2025-01-09,4.5,4.5,ARIMA,4.504728587043441,0.20629705107993956,4.298431535963501,4.71102563812338,0.0010507971207645757,0.1
Glencore,calibration,2025-01-08,2024-12-12,2025-01-09,4.5,4.5,Paper-Style Causal VMD-ARIMA/LSTM,4.651687109931455,0.368887236171914,4.282799873759541,5.020574346103369,0.03370824665143443,0.25
Glencore,calibration,2025-01-09,2024-12-12,2025-01-10,4.5,4.38,Random Walk,4.5,0.20000000000000018,4.3,4.7,0.0,0.0
Glencore,calibration,2025-01-09,2024-12-12,2025-01-10,4.5,4.38,ARIMA,4.499962259054094,0.20629705107993956,4.293665207974154,4.706259310134033,-8.386876868055677e-06,0.1
Glencore,calibration,2025-01-09,2024-12-12,2025-01-10,4.5,4.38,Paper-Style Causal VMD-ARIMA/LSTM,4.459987259276327,0.368887236171914,4.0911000231044135,4.828874495448241,-0.008891720160816123,0.25
Glencore,calibration,2025-01-10,2024-12-12,2025-01-13,4.38,4.44,Random Walk,4.38,0.20000000000000018,4.18,4.58,0.0,0.0
Glencore,calibration,2025-01-10,2024-12-12,2025-01-13,4.38,4.44,ARIMA,4.376876082436933,0.20629705107993956,4.1705790313569935,4.583173133516873,-0.0007132231879148053,0.1
Glencore,calibration,2025-01-10,2024-12-12,2025-01-13,4.38,4.44,Paper-Style Causal VMD-ARIMA/LSTM,4.300494975994361,0.368887236171914,3.9316077398224474,4.669382212166275,-0.018151831964757656,0.25
Glencore,calibration,2025-01-13,2024-12-12,2025-01-14,4.44,4.49,Random Walk,4.44,0.17999999999999972,4.260000000000001,4.62,0.0,0.0
Glencore,calibration,2025-01-13,2024-12-12,2025-01-14,4.44,4.49,ARIMA,4.448685525864957,0.18168769246874383,4.266997833396213,4.630373218333701,0.0019561995191344017,0.1
Glencore,calibration,2025-01-13,2024-12-12,2025-01-14,4.44,4.49,Paper-Style Causal VMD-ARIMA/LSTM,4.620559661025867,0.34315504852983647,4.2774046124960305,4.9637147095557035,0.04066659032114113,0.25
Glencore,calibration,2025-01-14,2025-01-14,2025-01-15,4.49,4.51,Random Walk,4.49,0.17999999999999972,4.3100000000000005,4.67,0.0,0.0
Glencore,calibration,2025-01-14,2025-01-14,2025-01-15,4.49,4.51,ARIMA,4.487580258221709,0.18168769246874383,4.305892565752965,4.669267950690453,-0.0005389179907106821,0.1
Glencore,calibration,2025-01-14,2025-01-14,2025-01-15,4.49,4.51,Paper-Style Causal VMD-ARIMA/LSTM,4.433562460070509,0.34315504852983647,4.0904074115406726,4.7767175086003455,-0.01256960800211385,0.25
Glencore,calibration,2025-01-15,2025-01-14,2025-01-16,4.51,4.53,Random Walk,4.51,0.17999999999999972,4.33,4.6899999999999995,0.0,0.0
Glencore,calibration,2025-01-15,2025-01-14,2025-01-16,4.51,4.53,ARIMA,4.508283004612685,0.18168769246874383,4.326595312143941,4.689970697081429,-0.0003807085115997441,0.1
Glencore,calibration,2025-01-15,2025-01-14,2025-01-16,4.51,4.53,Paper-Style Causal VMD-ARIMA/LSTM,4.493117058802073,0.34315504852983647,4.149962010272237,4.83627210733191,-0.0037434459418905874,0.25
Glencore,calibration,2025-01-16,2025-01-14,2025-01-17,4.53,4.62,Random Walk,4.53,0.17999999999999972,4.3500000000000005,4.71,0.0,0.0
Glencore,calibration,2025-01-16,2025-01-14,2025-01-17,4.53,4.62,ARIMA,4.529342687190417,0.18168769246874383,4.347654994721673,4.711030379659161,-0.00014510216547086814,0.1
Glencore,calibration,2025-01-16,2025-01-14,2025-01-17,4.53,4.62,Paper-Style Causal VMD-ARIMA/LSTM,4.507170757015355,0.34315504852983647,4.164015708485518,4.850325805545191,-0.005039567987780464,0.25
Glencore,calibration,2025-01-17,2025-01-14,2025-01-20,4.62,4.77,Random Walk,4.62,0.17999999999999972,4.44,4.8,0.0,0.0
Glencore,calibration,2025-01-17,2025-01-14,2025-01-20,4.62,4.77,ARIMA,4.621356062090408,0.18168769246874383,4.439668369621664,4.803043754559152,0.00029351993298870973,0.1
Glencore,calibration,2025-01-17,2025-01-14,2025-01-20,4.62,4.77,Paper-Style Causal VMD-ARIMA/LSTM,4.726731798788366,0.34315504852983647,4.38357675025853,5.069886847318203,0.023102120949862776,0.25
Glencore,calibration,2025-01-20,2025-01-14,2025-01-21,4.77,4.7,Random Walk,4.77,0.17999999999999972,4.59,4.949999999999999,0.0,0.0
Glencore,calibration,2025-01-20,2025-01-14,2025-01-21,4.77,4.7,ARIMA,4.769083160365411,0.18168769246874383,4.587395467896667,4.950770852834155,-0.00019220956699971952,0.1
Glencore,calibration,2025-01-20,2025-01-14,2025-01-21,4.77,4.7,Paper-Style Causal VMD-ARIMA/LSTM,4.910428540498557,0.34315504852983647,4.56727349196872,5.253583589028393,0.029439945597181768,0.25
Glencore,calibration,2025-01-21,2025-01-14,2025-01-22,4.7,4.65,Random Walk,4.7,0.17999999999999972,4.5200000000000005,4.88,0.0,0.0
Glencore,calibration,2025-01-21,2025-01-14,2025-01-22,4.7,4.65,ARIMA,4.689543317945269,0.18168769246874383,4.507855625476525,4.871231010414013,-0.002224825969091783,0.1
Glencore,calibration,2025-01-21,2025-01-14,2025-01-22,4.7,4.65,Paper-Style Causal VMD-ARIMA/LSTM,4.53024980897634,0.34315504852983647,4.187094760446503,4.873404857506176,-0.036117061919927765,0.25
Glencore,calibration,2025-01-22,2025-01-14,2025-01-23,4.65,4.61,Random Walk,4.65,0.17999999999999972,4.470000000000001,4.83,0.0,0.0
Glencore,calibration,2025-01-22,2025-01-14,2025-01-23,4.65,4.61,ARIMA,4.652808955155158,0.18168769246874383,4.471121262686414,4.834496647623902,0.0006040763774532377,0.1
Glencore,calibration,2025-01-22,2025-01-14,2025-01-23,4.65,4.61,Paper-Style Causal VMD-ARIMA/LSTM,4.680827643027115,0.34315504852983647,4.3376725944972785,5.023982691556951,0.006629600650992388,0.25
Glencore,calibration,2025-01-23,2025-01-14,2025-01-24,4.61,4.68,Random Walk,4.61,0.17999999999999972,4.430000000000001,4.79,0.0,0.0
Glencore,calibration,2025-01-23,2025-01-14,2025-01-24,4.61,4.68,ARIMA,4.611030399427644,0.18168769246874383,4.4293427069589,4.792718091896388,0.0002235139756277517,0.1
Glencore,calibration,2025-01-23,2025-01-14,2025-01-24,4.61,4.68,Paper-Style Causal VMD-ARIMA/LSTM,4.528912519238835,0.34315504852983647,4.185757470708999,4.872067567768672,-0.017589475219341698,0.25
Glencore,calibration,2025-01-24,2025-01-14,2025-01-27,4.68,4.52,Random Walk,4.68,0.17999999999999972,4.5,4.859999999999999,0.0,0.0
Glencore,calibration,2025-01-24,2025-01-14,2025-01-27,4.68,4.52,ARIMA,4.684416137070517,0.18168769246874383,4.5027284446017735,4.866103829539261,0.0009436190321618757,0.1
Glencore,calibration,2025-01-24,2025-01-14,2025-01-27,4.68,4.52,Paper-Style Causal VMD-ARIMA/LSTM,4.835147740397285,0.34315504852983647,4.491992691867448,5.178302788927121,0.03315122658061649,0.25
Glencore,calibration,2025-01-27,2025-01-14,2025-01-28,4.52,4.42,Random Walk,4.52,0.16000000000000014,4.359999999999999,4.68,0.0,0.0
Glencore,calibration,2025-01-27,2025-01-14,2025-01-28,4.52,4.42,ARIMA,4.511359566350487,0.16441613707051772,4.346943429279969,4.675775703421005,-0.0019116003649363945,0.1
Glencore,calibration,2025-01-27,2025-01-14,2025-01-28,4.52,4.42,Paper-Style Causal VMD-ARIMA/LSTM,4.2171647206763145,0.33956100315668447,3.87760371751963,4.556725723832999,-0.06699895560258519,0.25
Glencore,calibration,2025-01-28,2025-01-14,2025-01-29,4.42,4.3,Random Walk,4.42,0.16000000000000014,4.26,4.58,0.0,0.0
Glencore,calibration,2025-01-28,2025-01-14,2025-01-29,4.42,4.3,ARIMA,4.426764026104375,0.16441613707051772,4.262347889033857,4.591180163174893,0.0015303226480486648,0.1
Glencore,calibration,2025-01-28,2025-01-14,2025-01-29,4.42,4.3,Paper-Style Causal VMD-ARIMA/LSTM,4.466124321000915,0.33956100315668447,4.126563317844231,4.8056853241576,0.010435366742288565,0.25
Glencore,calibration,2025-01-29,2025-01-14,2025-01-30,4.3,4.38,Random Walk,4.3,0.16000000000000014,4.14,4.46,0.0,0.0
Glencore,calibration,2025-01-29,2025-01-14,2025-01-30,4.3,4.38,ARIMA,4.301583170669922,0.16441613707051772,4.137167033599404,4.465999307740439,0.0003681792255632239,0.1
Glencore,calibration,2025-01-29,2025-01-14,2025-01-30,4.3,4.38,Paper-Style Causal VMD-ARIMA/LSTM,4.1122419488577435,0.33956100315668447,3.772680945701059,4.451802952014428,-0.043664663056338676,0.25
Glencore,calibration,2025-01-30,2025-01-14,2025-01-31,4.38,4.34,Random Walk,4.38,0.16000000000000014,4.22,4.54,0.0,0.0
Glencore,calibration,2025-01-30,2025-01-14,2025-01-31,4.38,4.34,ARIMA,4.389475714061549,0.16441613707051772,4.225059576991031,4.553891851132066,0.00216340503688326,0.1
Glencore,calibration,2025-01-30,2025-01-14,2025-01-31,4.38,4.34,Paper-Style Causal VMD-ARIMA/LSTM,4.638333413636955,0.33956100315668447,4.298772410480271,4.97789441679364,0.058980231423962394,0.25
Glencore,calibration,2025-01-31,2025-01-14,2025-02-03,4.34,4.26,Random Walk,4.34,0.16000000000000014,4.18,4.5,0.0,0.0
Glencore,calibration,2025-01-31,2025-01-14,2025-02-03,4.34,4.26,ARIMA,4.334110608521029,0.16441613707051772,4.169694471450511,4.498526745591547,-0.0013570026449241542,0.1
Glencore,calibration,2025-01-31,2025-01-14,2025-02-03,4.34,4.26,Paper-Style Causal VMD-ARIMA/LSTM,4.178097726250039,0.33956100315668447,3.8385367230933545,4.517658729406723,-0.037304671370958734,0.25
Glencore,calibration,2025-02-03,2025-01-14,2025-02-04,4.26,4.35,Random Walk,4.26,0.16000000000000014,4.1,4.42,0.0,0.0
Glencore,calibration,2025-02-03,2025-01-14,2025-02-04,4.26,4.35,ARIMA,4.260701036085791,0.16441613707051772,4.096284899015274,4.425117173156309,0.00016456246145341052,0.1
Glencore,calibration,2025-02-03,2025-01-14,2025-02-04,4.26,4.35,Paper-Style Causal VMD-ARIMA/LSTM,4.296277541460774,0.33956100315668447,3.9567165383040894,4.635838544617458,0.008515854802998617,0.25
Glencore,calibration,2025-02-04,2025-01-14,2025-02-05,4.35,4.35,Random Walk,4.35,0.16000000000000014,4.1899999999999995,4.51,0.0,0.0
Glencore,calibration,2025-02-04,2025-01-14,2025-02-05,4.35,4.35,ARIMA,4.356783611392343,0.16441613707051772,4.192367474321825,4.521199748462861,0.001559450894791587,0.1
Glencore,calibration,2025-02-04,2025-01-14,2025-02-05,4.35,4.35,Paper-Style Causal VMD-ARIMA/LSTM,4.5003128563632595,0.33956100315668447,4.160751853206575,4.839873859519944,0.0345546796237379,0.25
Glencore,calibration,2025-02-05,2025-01-14,2025-02-06,4.35,4.41,Random Walk,4.35,0.16000000000000014,4.1899999999999995,4.51,0.0,0.0
Glencore,calibration,2025-02-05,2025-01-14,2025-02-06,4.35,4.41,ARIMA,4.344711824813376,0.16441613707051772,4.180295687742858,4.509127961883894,-0.0012156724566950831,0.1
Glencore,calibration,2025-02-05,2025-01-14,2025-02-06,4.35,4.41,Paper-Style Causal VMD-ARIMA/LSTM,4.335288724429361,0.33956100315668447,3.9957277212726767,4.674849727586046,-0.003381902430031828,0.25
Glencore,calibration,2025-02-06,2025-01-14,2025-02-07,4.41,4.45,Random Walk,4.41,0.16000000000000014,4.25,4.57,0.0,0.0
Glencore,calibration,2025-02-06,2025-01-14,2025-02-07,4.41,4.45,ARIMA,4.412255718565008,0.16441613707051772,4.247839581494491,4.576671855635526,0.0005115008083919002,0.1
Glencore,calibration,2025-02-06,2025-01-14,2025-02-07,4.41,4.45,Paper-Style Causal VMD-ARIMA/LSTM,4.57840582179278,0.33956100315668447,4.238844818636095,4.917966824949464,0.03818726117750102,0.25
Glencore,calibration,2025-02-07,2025-01-14,2025-02-10,4.45,4.44,Random Walk,4.45,0.16000000000000014,4.29,4.61,0.0,0.0
Glencore,calibration,2025-02-07,2025-01-14,2025-02-10,4.45,4.44,ARIMA,4.447356033507419,0.16441613707051772,4.282939896436901,4.611772170577937,-0.0005941497736137144,0.1
Glencore,calibration,2025-02-07,2025-01-14,2025-02-10,4.45,4.44,Paper-Style Causal VMD-ARIMA/LSTM,4.490314732230961,0.33956100315668447,4.150753729074276,4.829875735387645,0.009059490388979935,0.25
Glencore,calibration,2025-02-10,2025-01-14,2025-02-11,4.44,4.35,Random Walk,4.44,0.15999999999999925,4.280000000000001,4.6,0.0,0.0
Glencore,calibration,2025-02-10,2025-01-14,2025-02-11,4.44,4.35,ARIMA,4.437636346944612,0.15400148188005947,4.283634865064553,4.5916378288246715,-0.0005323542917541274,0.1
Glencore,calibration,2025-02-10,2025-01-14,2025-02-11,4.44,4.35,Paper-Style Causal VMD-ARIMA/LSTM,4.491531501678382,0.3151477403972853,4.176383761281096,4.806679242075667,0.011606194071707493,0.25
Glencore,calibration,2025-02-11,2025-02-11,2025-02-12,4.35,4.24,Random Walk,4.35,0.15999999999999925,4.19,4.509999999999999,0.0,0.0
Glencore,calibration,2025-02-11,2025-02-11,2025-02-12,4.35,4.24,ARIMA,4.347891690499276,0.15400148188005947,4.193890208619217,4.501893172379336,-0.00048466885074103296,0.1
Glencore,calibration,2025-02-11,2025-02-11,2025-02-12,4.35,4.24,Paper-Style Causal VMD-ARIMA/LSTM,4.402121162463478,0.3151477403972853,4.086973422066193,4.717268902860764,0.011981876428385921,0.25
Glencore,calibration,2025-02-12,2025-02-11,2025-02-13,4.24,4.34,Random Walk,4.24,0.15999999999999925,4.080000000000001,4.3999999999999995,0.0,0.0
Glencore,calibration,2025-02-12,2025-02-11,2025-02-13,4.24,4.34,ARIMA,4.241863518599087,0.15400148188005947,4.087862036719027,4.395865000479146,0.00043950910355813937,0.1
Glencore,calibration,2025-02-12,2025-02-11,2025-02-13,4.24,4.34,Paper-Style Causal VMD-ARIMA/LSTM,4.117488724033931,0.3151477403972853,3.802340983636646,4.432636464431217,-0.028894168859921913,0.25
Glencore,calibration,2025-02-13,2025-02-11,2025-02-14,4.34,4.45,Random Walk,4.34,0.15999999999999925,4.180000000000001,4.499999999999999,0.0,0.0
Glencore,calibration,2025-02-13,2025-02-11,2025-02-14,4.34,4.45,ARIMA,4.34895387467875,0.15400148188005947,4.19495239279869,4.502955356558809,0.0020631047646889086,0.1
Glencore,calibration,2025-02-13,2025-02-11,2025-02-14,4.34,4.45,Paper-Style Causal VMD-ARIMA/LSTM,4.561031498646118,0.3151477403972853,4.245883758248833,4.876179239043403,0.0509289167387369,0.25
Glencore,calibration,2025-02-14,2025-02-11,2025-02-17,4.45,4.42,Random Walk,4.45,0.15999999999999925,4.290000000000001,4.609999999999999,0.0,0.0
Glencore,calibration,2025-02-14,2025-02-11,2025-02-17,4.45,4.42,ARIMA,4.447343600664245,0.15400148188005947,4.293342118784185,4.601345082544304,-0.000596943670956307,0.1
Glencore,calibration,2025-02-14,2025-02-11,2025-02-17,4.45,4.42,Paper-Style Causal VMD-ARIMA/LSTM,4.472187440560342,0.3151477403972853,4.157039700163057,4.787335180957627,0.0049859416989531955,0.25
Glencore,calibration,2025-02-17,2025-02-11,2025-02-18,4.42,4.46,Random Walk,4.42,0.15999999999999925,4.260000000000001,4.579999999999999,0.0,0.0
Glencore,calibration,2025-02-17,2025-02-11,2025-02-18,4.42,4.46,ARIMA,4.413476113197479,0.15400148188005947,4.25947463131742,4.567477595077539,-0.001475992489258101,0.1
Glencore,calibration,2025-02-17,2025-02-11,2025-02-18,4.42,4.46,Paper-Style Causal VMD-ARIMA/LSTM,4.3600992729368375,0.3151477403972853,4.044951532539552,4.675247013334123,-0.013552200693023169,0.25
Glencore,calibration,2025-02-18,2025-02-11,2025-02-19,4.46,4.13,Random Walk,4.46,0.15999999999999925,4.300000000000001,4.619999999999999,0.0,0.0
Glencore,calibration,2025-02-18,2025-02-11,2025-02-19,4.46,4.13,ARIMA,4.462893620652769,0.15400148188005947,4.30889213877271,4.616895102532829,0.000648793868333954,0.1
Glencore,calibration,2025-02-18,2025-02-11,2025-02-19,4.46,4.13,Paper-Style Causal VMD-ARIMA/LSTM,4.512463688957286,0.3151477403972853,4.197315948560001,4.8276114293545715,0.011763158959032793,0.25
Glencore,calibration,2025-02-19,2025-02-11,2025-02-20,4.13,4.12,Random Walk,4.13,0.16000000000000014,3.9699999999999998,4.29,0.0,0.0
Glencore,calibration,2025-02-19,2025-02-11,2025-02-20,4.13,4.12,ARIMA,4.117759746852321,0.16441613707051772,3.953343609781803,4.2821758839228385,-0.0029637416822467485,0.1
Glencore,calibration,2025-02-19,2025-02-11,2025-02-20,4.13,4.12,Paper-Style Causal VMD-ARIMA/LSTM,3.5731485532526923,0.33956100315668447,3.233587550096008,3.912709556409377,-0.1348308587765878,0.25
Glencore,calibration,2025-02-20,2025-02-11,2025-02-21,4.12,4.09,Random Walk,4.12,0.16000000000000014,3.96,4.28,0.0,0.0
Glencore,calibration,2025-02-20,2025-02-11,2025-02-21,4.12,4.09,ARIMA,4.1389596749225275,0.16441613707051772,3.9745435378520098,4.303375811993045,0.004601862845273633,0.1
Glencore,calibration,2025-02-20,2025-02-11,2025-02-21,4.12,4.09,Paper-Style Causal VMD-ARIMA/LSTM,4.338125881639185,0.34315504852983647,3.994970833109349,4.681280930169022,0.05294317515514207,0.25
Glencore,calibration,2025-02-21,2025-02-11,2025-02-24,4.09,4.01,Random Walk,4.09,0.16000000000000014,3.9299999999999997,4.25,0.0,0.0
Glencore,calibration,2025-02-21,2025-02-11,2025-02-24,4.09,4.01,ARIMA,4.088461007641106,0.16441613707051772,3.9240448705705884,4.252877144711624,-0.0003762817503407738,0.1
Glencore,calibration,2025-02-21,2025-02-11,2025-02-24,4.09,4.01,Paper-Style Causal VMD-ARIMA/LSTM,3.837558634633971,0.34315504852983647,3.4944035861041347,4.180713683163807,-0.06172160522396789,0.25
Glencore,calibration,2025-02-24,2025-02-11,2025-02-25,4.01,4.0,Random Walk,4.01,0.15999999999999925,3.8500000000000005,4.169999999999999,0.0,0.0
Glencore,calibration,2025-02-24,2025-02-11,2025-02-25,4.01,4.0,ARIMA,4.0105163993714825,0.15400148188005947,3.856514917491423,4.164517881251542,0.00012877789812537014,0.1
Glencore,calibration,2025-02-24,2025-02-11,2025-02-25,4.01,4.0,Paper-Style Causal VMD-ARIMA/LSTM,3.9852430909569008,0.33956100315668447,3.6456820878002163,4.324804094113585,-0.0061737927788276855,0.25
Glencore,calibration,2025-02-25,2025-02-11,2025-02-26,4.0,4.08,Random Walk,4.0,0.15999999999999925,3.8400000000000007,4.159999999999999,0.0,0.0
Glencore,calibration,2025-02-25,2025-02-11,2025-02-26,4.0,4.08,ARIMA,4.004150195983774,0.15400148188005947,3.8501487141037147,4.158151677863834,0.001037548995943549,0.1
Glencore,calibration,2025-02-25,2025-02-11,2025-02-26,4.0,4.08,Paper-Style Causal VMD-ARIMA/LSTM,3.914994939152438,0.33956100315668447,3.5754339359957537,4.254555942309123,-0.02125126521189047,0.25
Glencore,calibration,2025-02-26,2025-02-11,2025-02-27,4.08,3.99,Random Walk,4.08,0.15999999999999925,3.920000000000001,4.239999999999999,0.0,0.0
Glencore,calibration,2025-02-26,2025-02-11,2025-02-27,4.08,3.99,ARIMA,4.08278416974382,0.15400148188005947,3.9287826878637606,4.2367856516238795,0.0006823945450539237,0.1
Glencore,calibration,2025-02-26,2025-02-11,2025-02-27,4.08,3.99,Paper-Style Causal VMD-ARIMA/LSTM,4.171109312682632,0.33956100315668447,3.8315483095259477,4.510670315839317,0.022330713892801987,0.25
Glencore,calibration,2025-02-27,2025-02-11,2025-02-28,3.99,4.01,Random Walk,3.99,0.15999999999999925,3.830000000000001,4.1499999999999995,0.0,0.0
Glencore,calibration,2025-02-27,2025-02-11,2025-02-28,3.99,4.01,ARIMA,3.9830191688278,0.15400148188005947,3.8290176869477404,4.137020650707859,-0.0017495817474186429,0.1
Glencore,calibration,2025-02-27,2025-02-11,2025-02-28,3.99,4.01,Paper-Style Causal VMD-ARIMA/LSTM,3.733273597223657,0.33956100315668447,3.3937125940669723,4.072834600380341,-0.06434245683617629,0.25
Glencore,calibration,2025-02-28,2025-02-11,2025-03-03,4.01,4.11,Random Walk,4.01,0.15999999999999925,3.8500000000000005,4.169999999999999,0.0,0.0
Glencore,calibration,2025-02-28,2025-02-11,2025-03-03,4.01,4.11,ARIMA,4.016044476347491,0.15400148188005947,3.8620429944674317,4.170045958227551,0.0015073507100976035,0.1
Glencore,calibration,2025-02-28,2025-02-11,2025-03-03,4.01,4.11,Paper-Style Causal VMD-ARIMA/LSTM,4.102528094407234,0.33956100315668447,3.76296709125055,4.442089097563919,0.023074337757415124,0.25
Glencore,calibration,2025-03-03,2025-02-11,2025-03-04,4.11,4.0,Random Walk,4.11,0.15999999999999925,3.950000000000001,4.27,0.0,0.0
Glencore,calibration,2025-03-03,2025-02-11,2025-03-04,4.11,4.0,ARIMA,4.111177932564845,0.15400148188005947,3.957176450684786,4.265179414444905,0.0002866015972859143,0.1
Glencore,calibration,2025-03-03,2025-02-11,2025-03-04,4.11,4.0,Paper-Style Causal VMD-ARIMA/LSTM,4.112189739164398,0.33956100315668447,3.7726287360077135,4.4517507423210825,0.000532783251678269,0.25
Glencore,calibration,2025-03-04,2025-02-11,2025-03-05,4.0,4.14,Random Walk,4.0,0.15999999999999925,3.8400000000000007,4.159999999999999,0.0,0.0
Glencore,calibration,2025-03-04,2025-02-11,2025-03-05,4.0,4.14,ARIMA,3.991461071077037,0.15400148188005947,3.8374595891969774,4.145462552957096,-0.002134732230740788,0.1
Glencore,calibration,2025-03-04,2025-02-11,2025-03-05,4.0,4.14,Paper-Style Causal VMD-ARIMA/LSTM,3.7693646074809313,0.33956100315668447,3.429803604324247,4.108925610637616,-0.05765884812976718,0.25
Glencore,calibration,2025-03-05,2025-02-11,2025-03-06,4.14,4.22,Random Walk,4.14,0.15999999999999925,3.9800000000000004,4.299999999999999,0.0,0.0
Glencore,calibration,2025-03-05,2025-02-11,2025-03-06,4.14,4.22,ARIMA,4.150593842265905,0.15400148188005947,3.9965923603858453,4.304595324145964,0.0025588990980447094,0.1
Glencore,calibration,2025-03-05,2025-02-11,2025-03-06,4.14,4.22,Paper-Style Causal VMD-ARIMA/LSTM,4.379383269035342,0.34315504852983647,4.036228220505506,4.722538317565179,0.05782204566071077,0.25
Glencore,calibration,2025-03-06,2025-02-11,2025-03-07,4.22,4.12,Random Walk,4.22,0.15999999999999925,4.0600000000000005,4.379999999999999,0.0,0.0
Glencore,calibration,2025-03-06,2025-02-11,2025-03-07,4.22,4.12,ARIMA,4.213570360770217,0.15400148188005947,4.059568878890158,4.3675718426502765,-0.0015236111918916304,0.1
Glencore,calibration,2025-03-06,2025-02-11,2025-03-07,4.22,4.12,Paper-Style Causal VMD-ARIMA/LSTM,4.114940104777083,0.34315504852983647,3.7717850562472464,4.458095153306919,-0.024895709768463725,0.25
Glencore,calibration,2025-03-07,2025-02-11,2025-03-10,4.12,4.06,Random Walk,4.12,0.15999999999999925,3.960000000000001,4.279999999999999,0.0,0.0
Glencore,calibration,2025-03-07,2025-02-11,2025-03-10,4.12,4.06,ARIMA,4.113362239647204,0.15400148188005947,3.9593607577671444,4.267363721527263,-0.001611106881746671,0.1
Glencore,calibration,2025-03-07,2025-02-11,2025-03-10,4.12,4.06,Paper-Style Causal VMD-ARIMA/LSTM,3.9652831981226466,0.34315504852983647,3.62212814959281,4.308438246652483,-0.03755262181489162,0.25
Glencore,calibration,2025-03-10,2025-02-11,2025-03-11,4.06,4.06,Random Walk,4.06,0.14999999999999947,3.91,4.209999999999999,0.0,0.0
Glencore,calibration,2025-03-10,2025-02-11,2025-03-11,4.06,4.06,ARIMA,4.063772271724987,0.14864393790959163,3.915128333815395,4.212416209634578,0.0009291309667455824,0.1
Glencore,calibration,2025-03-10,2025-02-11,2025-03-11,4.06,4.06,Paper-Style Causal VMD-ARIMA/LSTM,3.957884947948832,0.33956100315668447,3.6183239447921474,4.297445951105516,-0.025151490652996992,0.25
Glencore,calibration,2025-03-11,2025-03-11,2025-03-12,4.06,4.05,Random Walk,4.06,0.14999999999999947,3.91,4.209999999999999,0.0,0.0
Glencore,calibration,2025-03-11,2025-03-11,2025-03-12,4.06,4.05,ARIMA,4.0629540551117005,0.14864393790959163,3.914310117202109,4.211597993021292,0.0007275997812071138,0.1
Glencore,calibration,2025-03-11,2025-03-11,2025-03-12,4.06,4.05,Paper-Style Causal VMD-ARIMA/LSTM,4.125775963872117,0.33956100315668447,3.7862149607154327,4.465336967028802,0.016200976323181675,0.25
Glencore,calibration,2025-03-12,2025-03-11,2025-03-13,4.05,4.05,Random Walk,4.05,0.14999999999999947,3.9000000000000004,4.199999999999999,0.0,0.0
Glencore,calibration,2025-03-12,2025-03-11,2025-03-13,4.05,4.05,ARIMA,4.049858589391602,0.14864393790959163,3.90121465148201,4.198502527301193,-3.491619960447362e-05,0.1
Glencore,calibration,2025-03-12,2025-03-11,2025-03-13,4.05,4.05,Paper-Style Causal VMD-ARIMA/LSTM,4.079257185739953,0.33956100315668447,3.739696182583269,4.418818188896638,0.007223996479000866,0.25
Glencore,calibration,2025-03-13,2025-03-11,2025-03-14,4.05,4.15,Random Walk,4.05,0.14999999999999947,3.9000000000000004,4.199999999999999,0.0,0.0
Glencore,calibration,2025-03-13,2025-03-11,2025-03-14,4.05,4.15,ARIMA,4.050746832216198,0.14864393790959163,3.9021028943066067,4.19939077012579,0.00018440301634531708,0.1
Glencore,calibration,2025-03-13,2025-03-11,2025-03-14,4.05,4.15,Paper-Style Causal VMD-ARIMA/LSTM,4.149364882603082,0.33956100315668447,3.809803879446397,4.488925885759766,0.02453453891434117,0.25
Glencore,calibration,2025-03-14,2025-03-11,2025-03-17,4.15,4.14,Random Walk,4.15,0.14999999999999947,4.000000000000001,4.3,0.0,0.0
Glencore,calibration,2025-03-14,2025-03-11,2025-03-17,4.15,4.14,ARIMA,4.152772291292742,0.14864393790959163,4.00412835338315,4.301416229202333,0.0006680219982509055,0.1
Glencore,calibration,2025-03-14,2025-03-11,2025-03-17,4.15,4.14,Paper-Style Causal VMD-ARIMA/LSTM,4.398429150263673,0.33956100315668447,4.058868147106988,4.737990153420357,0.05986244584666804,0.25
Glencore,calibration,2025-03-17,2025-03-11,2025-03-18,4.14,4.15,Random Walk,4.14,0.14999999999999947,3.99,4.289999999999999,0.0,0.0
Glencore,calibration,2025-03-17,2025-03-11,2025-03-18,4.14,4.15,ARIMA,4.1339503765769,0.14864393790959163,3.9853064386673083,4.2825943144864915,-0.0014612616964009134,0.1
Glencore,calibration,2025-03-17,2025-03-11,2025-03-18,4.14,4.15,Paper-Style Causal VMD-ARIMA/LSTM,4.181047713134452,0.33956100315668447,3.841486709977768,4.520608716291137,0.009914906554215619,0.25
Glencore,calibration,2025-03-18,2025-03-11,2025-03-19,4.15,4.1,Random Walk,4.15,0.14999999999999947,4.000000000000001,4.3,0.0,0.0
Glencore,calibration,2025-03-18,2025-03-11,2025-03-19,4.15,4.1,ARIMA,4.1511820489282645,0.14864393790959163,4.002538111018673,4.299825986837856,0.000284831067051596,0.1
Glencore,calibration,2025-03-18,2025-03-11,2025-03-19,4.15,4.1,Paper-Style Causal VMD-ARIMA/LSTM,4.350623324241838,0.33956100315668447,4.011062321085154,4.690184327398523,0.04834296969682844,0.25
Glencore,calibration,2025-03-19,2025-03-11,2025-03-20,4.1,4.02,Random Walk,4.1,0.14999999999999947,3.95,4.249999999999999,0.0,0.0
Glencore,calibration,2025-03-19,2025-03-11,2025-03-20,4.1,4.02,ARIMA,4.097645834935596,0.14864393790959163,3.9490018970260046,4.246289772845188,-0.0005741866010740113,0.1
Glencore,calibration,2025-03-19,2025-03-11,2025-03-20,4.1,4.02,Paper-Style Causal VMD-ARIMA/LSTM,4.123083656444946,0.33956100315668447,3.7835226532882613,4.46264465960163,0.00563016010852345,0.25
Glencore,calibration,2025-03-20,2025-03-11,2025-03-21,4.02,3.87,Random Walk,4.02,0.14999999999999947,3.87,4.169999999999999,0.0,0.0
Glencore,calibration,2025-03-20,2025-03-11,2025-03-21,4.02,3.87,ARIMA,4.020760006062147,0.14864393790959163,3.8721160681525557,4.169403943971739,0.0001890562343651161,0.1
Glencore,calibration,2025-03-20,2025-03-11,2025-03-21,4.02,3.87,Paper-Style Causal VMD-ARIMA/LSTM,4.114151710070934,0.33956100315668447,3.7745907069142497,4.453712713227619,0.02342082340073,0.25
Glencore,calibration,2025-03-21,2025-03-11,2025-03-24,3.87,3.91,Random Walk,3.87,0.14999999999999947,3.7200000000000006,4.02,0.0,0.0
Glencore,calibration,2025-03-21,2025-03-11,2025-03-24,3.87,3.91,ARIMA,3.8702294505964514,0.15076000606214723,3.719469444534304,4.020989456658599,5.928955980653673e-05,0.1
Glencore,calibration,2025-03-21,2025-03-11,2025-03-24,3.87,3.91,Paper-Style Causal VMD-ARIMA/LSTM,3.8201017595443787,0.33956100315668447,3.4805407563876942,4.159662762701063,-0.012893602184915092,0.25
Glencore,calibration,2025-03-24,2025-03-11,2025-03-25,3.91,3.94,Random Walk,3.91,0.14999999999999947,3.7600000000000007,4.06,0.0,0.0
Glencore,calibration,2025-03-24,2025-03-11,2025-03-25,3.91,3.94,ARIMA,3.919759672923586,0.14864393790959163,3.7711157350139946,4.068403610833178,0.002496080031607682,0.1
Glencore,calibration,2025-03-24,2025-03-11,2025-03-25,3.91,3.94,Paper-Style Causal VMD-ARIMA/LSTM,4.221463419239014,0.3151477403972853,3.906315678841729,4.5366111596362995,0.07965816348823887,0.25
Glencore,test,2025-03-25,2025-03-11,2025-03-26,3.94,3.92,Random Walk,3.94,0.14999999999999947,3.7900000000000005,4.09,0.0,0.0
Glencore,test,2025-03-25,2025-03-11,2025-03-26,3.94,3.92,ARIMA,3.9382862914357926,0.14864393790959163,3.789642353526201,4.086930229345384,-0.0004349514122353765,0.1
Glencore,test,2025-03-25,2025-03-11,2025-03-26,3.94,3.92,Paper-Style Causal VMD-ARIMA/LSTM,4.041425941820439,0.3151477403972853,3.7262782014231535,4.356573682217724,0.02574262482752255,0.25
Glencore,test,2025-03-26,2025-03-11,2025-03-27,3.92,3.85,Random Walk,3.92,0.14999999999999947,3.7700000000000005,4.069999999999999,0.0,0.0
Glencore,test,2025-03-26,2025-03-11,2025-03-27,3.92,3.85,ARIMA,3.9183270284366474,0.14864393790959163,3.7696830905270557,4.066970966346239,-0.00042677846003891695,0.1
Glencore,test,2025-03-26,2025-03-11,2025-03-27,3.92,3.85,Paper-Style Causal VMD-ARIMA/LSTM,4.088871799292359,0.3151477403972853,3.7737240588950733,4.404019539689644,0.0430795406358058,0.25
Glencore,test,2025-03-27,2025-03-11,2025-03-28,3.85,3.79,Random Walk,3.85,0.14999999999999947,3.7000000000000006,3.9999999999999996,0.0,0.0
Glencore,test,2025-03-27,2025-03-11,2025-03-28,3.85,3.79,ARIMA,3.849134596405255,0.14864393790959163,3.700490658495663,3.9977785343148464,-0.0002247801544792975,0.1
Glencore,test,2025-03-27,2025-03-11,2025-03-28,3.85,3.79,Paper-Style Causal VMD-ARIMA/LSTM,3.896068294828369,0.3151477403972853,3.5809205544310836,4.211216035225654,0.011965790864511383,0.25
Glencore,test,2025-03-28,2025-03-11,2025-03-31,3.79,3.62,Random Walk,3.79,0.14999999999999947,3.6400000000000006,3.9399999999999995,0.0,0.0
Glencore,test,2025-03-28,2025-03-11,2025-03-31,3.79,3.62,ARIMA,3.7922617714987417,0.14864393790959163,3.64361783358915,3.9409057094083333,0.0005967734825175797,0.1
Glencore,test,2025-03-28,2025-03-11,2025-03-31,3.79,3.62,Paper-Style Causal VMD-ARIMA/LSTM,3.925295123568404,0.3151477403972853,3.610147383171119,4.24044286396569,0.03569792178585861,0.25
Glencore,test,2025-03-31,2025-03-11,2025-04-01,3.62,3.67,Random Walk,3.62,0.14999999999999947,3.4700000000000006,3.7699999999999996,0.0,0.0
Glencore,test,2025-03-31,2025-03-11,2025-04-01,3.62,3.67,ARIMA,3.6185655605832046,0.15076000606214723,3.4678055545210573,3.769325566645352,-0.0003962539825402077,0.1
Glencore,test,2025-03-31,2025-03-11,2025-04-01,3.62,3.67,Paper-Style Causal VMD-ARIMA/LSTM,3.543755385481653,0.3151477403972853,3.2286076450843675,3.858903125878938,-0.021062048209488204,0.25
Glencore,test,2025-04-01,2025-03-11,2025-04-02,3.67,3.68,Random Walk,3.67,0.14999999999999947,3.5200000000000005,3.8199999999999994,0.0,0.0
Glencore,test,2025-04-01,2025-03-11,2025-04-02,3.67,3.68,ARIMA,3.6813194688915263,0.15076000606214723,3.530559462829379,3.8320794749536735,0.0030843239486447824,0.1
Glencore,test,2025-04-01,2025-03-11,2025-04-02,3.67,3.68,Paper-Style Causal VMD-ARIMA/LSTM,4.02880648694427,0.3151477403972853,3.713658746546985,4.3439542273415555,0.09776743513467853,0.25
Glencore,test,2025-04-02,2025-03-11,2025-04-03,3.68,3.42,Random Walk,3.68,0.14999999999999947,3.5300000000000007,3.8299999999999996,0.0,0.0
Glencore,test,2025-04-02,2025-03-11,2025-04-03,3.68,3.42,ARIMA,3.677013447868776,0.15076000606214723,3.5262534418066287,3.827773453930923,-0.0008115630791370188,0.1
Glencore,test,2025-04-02,2025-03-11,2025-04-03,3.68,3.42,Paper-Style Causal VMD-ARIMA/LSTM,3.735283338954031,0.33956100315668447,3.3957223357973465,4.0748443421107154,0.015022646454899678,0.25
Glencore,test,2025-04-03,2025-03-11,2025-04-04,3.42,3.05,Random Walk,3.42,0.15999999999999925,3.2600000000000007,3.579999999999999,0.0,0.0
Glencore,test,2025-04-03,2025-03-11,2025-04-04,3.42,3.05,ARIMA,3.412875893080802,0.15400148188005947,3.2588744112007424,3.5668773749608613,-0.002083072198595927,0.1
Glencore,test,2025-04-03,2025-03-11,2025-04-04,3.42,3.05,Paper-Style Causal VMD-ARIMA/LSTM,3.2729459826985945,0.33956100315668447,2.93338497954191,3.612506985855279,-0.042998250672925564,0.25
Glencore,test,2025-04-04,2025-03-11,2025-04-07,3.05,2.93,Random Walk,3.05,0.16000000000000014,2.8899999999999997,3.21,0.0,0.0
Glencore,test,2025-04-04,2025-03-11,2025-04-07,3.05,2.93,ARIMA,3.0545735222761166,0.16441613707051772,2.890157385205599,3.2189896593466343,0.0014995155003661434,0.1
Glencore,test,2025-04-04,2025-03-11,2025-04-07,3.05,2.93,Paper-Style Causal VMD-ARIMA/LSTM,2.8217048899585935,0.33956100315668447,2.482143886801909,3.161265893115278,-0.07485085575128077,0.25
Glencore,test,2025-04-07,2025-03-11,2025-04-08,2.93,3.05,Random Walk,2.93,0.15999999999999925,2.770000000000001,3.0899999999999994,0.0,0.0
Glencore,test,2025-04-07,2025-03-11,2025-04-08,2.93,3.05,ARIMA,2.94731998867268,0.15400148188005947,2.7933185067926205,3.1013214705527394,0.005911258932655225,0.1
Glencore,test,2025-04-07,2025-03-11,2025-04-08,2.93,3.05,Paper-Style Causal VMD-ARIMA/LSTM,3.1049945041479945,0.31528333895403104,2.7897111651939634,3.4202778431020255,0.0597250867399298,0.25
Glencore,test,2025-04-08,2025-04-08,2025-04-09,3.05,3.05,Random Walk,3.05,0.15999999999999925,2.8900000000000006,3.209999999999999,0.0,0.0
Glencore,test,2025-04-08,2025-04-08,2025-04-09,3.05,3.05,ARIMA,3.060288507396924,0.15400148188005947,2.9062870255168645,3.2142899892769834,0.003373281113745609,0.1
Glencore,test,2025-04-08,2025-04-08,2025-04-09,3.05,3.05,Paper-Style Causal VMD-ARIMA/LSTM,3.1561920487798436,0.31528333895403104,2.8409087098258126,3.4714753877338747,0.034817065173719276,0.25
Glencore,test,2025-04-09,2025-04-08,2025-04-10,3.05,3.18,Random Walk,3.05,0.15999999999999925,2.8900000000000006,3.209999999999999,0.0,0.0
Glencore,test,2025-04-09,2025-04-08,2025-04-10,3.05,3.18,ARIMA,3.0437821117999873,0.15400148188005947,2.889780629919928,3.1977835936800467,-0.0020386518688565794,0.1
Glencore,test,2025-04-09,2025-04-08,2025-04-10,3.05,3.18,Paper-Style Causal VMD-ARIMA/LSTM,3.1991978854764858,0.31528333895403104,2.8839145465224547,3.514481224430517,0.0489173395004872,0.25
Glencore,test,2025-04-10,2025-04-08,2025-04-11,3.18,3.32,Random Walk,3.18,0.15999999999999925,3.020000000000001,3.3399999999999994,0.0,0.0
Glencore,test,2025-04-10,2025-04-08,2025-04-11,3.18,3.32,ARIMA,3.1848740008894136,0.15400148188005947,3.030872519009354,3.338875482769473,0.0015327046822054958,0.1
Glencore,test,2025-04-10,2025-04-08,2025-04-11,3.18,3.32,Paper-Style Causal VMD-ARIMA/LSTM,3.649968496206442,0.31528333895403104,3.334685157252411,3.965251835160473,0.1477888352850446,0.25
Glencore,test,2025-04-11,2025-04-08,2025-04-14,3.32,3.43,Random Walk,3.32,0.15999999999999925,3.1600000000000006,3.479999999999999,0.0,0.0
Glencore,test,2025-04-11,2025-04-08,2025-04-14,3.32,3.43,ARIMA,3.3164725691631425,0.15400148188005947,3.162471087283083,3.470474051043202,-0.0010624791677281203,0.1
Glencore,test,2025-04-11,2025-04-08,2025-04-14,3.32,3.43,Paper-Style Causal VMD-ARIMA/LSTM,3.781041678685352,0.3299684962064422,3.45107318247891,4.111010174891794,0.13886797550763622,0.25
Glencore,test,2025-04-14,2025-04-08,2025-04-15,3.43,3.39,Random Walk,3.43,0.15999999999999925,3.270000000000001,3.5899999999999994,0.0,0.0
Glencore,test,2025-04-14,2025-04-08,2025-04-15,3.43,3.39,ARIMA,3.4258552776520395,0.15400148188005947,3.27185379577198,3.579856759532099,-0.0012083738623792143,0.1
Glencore,test,2025-04-14,2025-04-08,2025-04-15,3.43,3.39,Paper-Style Causal VMD-ARIMA/LSTM,3.935037771350495,0.33956100315668447,3.5954767681938105,4.274598774507179,0.14724133275524628,0.25
Glencore,test,2025-04-15,2025-04-08,2025-04-16,3.39,3.4,Random Walk,3.39,0.15999999999999925,3.230000000000001,3.5499999999999994,0.0,0.0
Glencore,test,2025-04-15,2025-04-08,2025-04-16,3.39,3.4,ARIMA,3.3823881056310348,0.15400148188005947,3.2283866237509753,3.5363895875110942,-0.002245396569016332,0.1
Glencore,test,2025-04-15,2025-04-08,2025-04-16,3.39,3.4,Paper-Style Causal VMD-ARIMA/LSTM,3.6826889477566134,0.34315504852983647,3.339533899226777,4.02584399628645,0.0863389226420688,0.25
Glencore,test,2025-04-16,2025-04-08,2025-04-17,3.4,3.39,Random Walk,3.4,0.15999999999999925,3.2400000000000007,3.559999999999999,0.0,0.0
Glencore,test,2025-04-16,2025-04-08,2025-04-17,3.4,3.39,ARIMA,3.402601917442453,0.15400148188005947,3.2486004355623934,3.5566033993225123,0.0007652698360155801,0.1
Glencore,test,2025-04-16,2025-04-08,2025-04-17,3.4,3.39,Paper-Style Causal VMD-ARIMA/LSTM,3.897878184542219,0.34315504852983647,3.5547231360123823,4.241033233072056,0.14643476015947615,0.25
Glencore,test,2025-04-17,2025-04-08,2025-04-22,3.39,3.42,Random Walk,3.39,0.15999999999999925,3.230000000000001,3.5499999999999994,0.0,0.0
Glencore,test,2025-04-17,2025-04-08,2025-04-22,3.39,3.42,ARIMA,3.3885976244704206,0.15400148188005947,3.234596142590361,3.54259910635048,-0.0004136800972211086,0.1
Glencore,test,2025-04-17,2025-04-08,2025-04-22,3.39,3.42,Paper-Style Causal VMD-ARIMA/LSTM,3.7429193225700628,0.34880648694426997,3.394112835625793,4.091725809514333,0.10410599485842556,0.25
Glencore,test,2025-04-22,2025-04-08,2025-04-23,3.42,3.53,Random Walk,3.42,0.15999999999999925,3.2600000000000007,3.579999999999999,0.0,0.0
Glencore,test,2025-04-22,2025-04-08,2025-04-23,3.42,3.53,ARIMA,3.421707853418943,0.15400148188005947,3.2677063715388837,3.5757093352990026,0.0004993723447202324,0.1
Glencore,test,2025-04-22,2025-04-08,2025-04-23,3.42,3.53,Paper-Style Causal VMD-ARIMA/LSTM,3.930614931522409,0.34880648694426997,3.581808444578139,4.279421418466679,0.1493026115562599,0.25
Glencore,test,2025-04-23,2025-04-08,2025-04-24,3.53,3.57,Random Walk,3.53,0.14999999999999947,3.3800000000000003,3.6799999999999993,0.0,0.0
Glencore,test,2025-04-23,2025-04-08,2025-04-24,3.53,3.57,ARIMA,3.5316142587663095,0.15076000606214723,3.3808542527041623,3.6823742648284568,0.00045729710093759705,0.1
Glencore,test,2025-04-23,2025-04-08,2025-04-24,3.53,3.57,Paper-Style Causal VMD-ARIMA/LSTM,4.063948021164099,0.34880648694426997,3.715141534219829,4.412754508108369,0.15126006265271927,0.25
Glencore,test,2025-04-24,2025-04-08,2025-04-25,3.57,3.57,Random Walk,3.57,0.14999999999999947,3.4200000000000004,3.7199999999999993,0.0,0.0
Glencore,test,2025-04-24,2025-04-08,2025-04-25,3.57,3.57,ARIMA,3.5650232651113534,0.15076000606214723,3.414263259049206,3.7157832711735006,-0.0013940433861754826,0.1
Glencore,test,2025-04-24,2025-04-08,2025-04-25,3.57,3.57,Paper-Style Causal VMD-ARIMA/LSTM,4.014743790063916,0.35104167868535185,3.663702111378564,4.365785468749268,0.12457809245487843,0.25
Glencore,test,2025-04-25,2025-04-08,2025-04-28,3.57,3.57,Random Walk,3.57,0.14999999999999947,3.4200000000000004,3.7199999999999993,0.0,0.0
Glencore,test,2025-04-25,2025-04-08,2025-04-28,3.57,3.57,ARIMA,3.5679643707784345,0.15076000606214723,3.4172043647162873,3.7187243768405818,-0.0005702042637437829,0.1
Glencore,test,2025-04-25,2025-04-08,2025-04-28,3.57,3.57,Paper-Style Causal VMD-ARIMA/LSTM,4.008853397959441,0.368887236171914,3.6399661617875267,4.377740634131355,0.12292812267771454,0.25
Glencore,test,2025-04-28,2025-04-08,2025-04-29,3.57,3.54,Random Walk,3.57,0.14999999999999947,3.4200000000000004,3.7199999999999993,0.0,0.0
Glencore,test,2025-04-28,2025-04-08,2025-04-29,3.57,3.54,ARIMA,3.5697798314083804,0.15076000606214723,3.419019825346233,3.7205398374705276,-6.167187440320468e-05,0.1
Glencore,test,2025-04-28,2025-04-08,2025-04-29,3.57,3.54,Paper-Style Causal VMD-ARIMA/LSTM,4.006457721097184,0.3706353925190684,3.6358223285781155,4.377093113616253,0.12225706473310478,0.25
Glencore,test,2025-04-29,2025-04-08,2025-04-30,3.54,3.26,Random Walk,3.54,0.14999999999999947,3.3900000000000006,3.6899999999999995,0.0,0.0
Glencore,test,2025-04-29,2025-04-08,2025-04-30,3.54,3.26,ARIMA,3.5389466511648395,0.15076000606214723,3.3881866451026923,3.6897066572269868,-0.00029755616812443666,0.1
Glencore,test,2025-04-29,2025-04-08,2025-04-30,3.54,3.26,Paper-Style Causal VMD-ARIMA/LSTM,3.935305134959638,0.3820306191606644,3.553274515798974,4.317335754120302,0.11166811722023677,0.25
Glencore,test,2025-04-30,2025-04-08,2025-05-01,3.26,3.25,Random Walk,3.26,0.15999999999999925,3.1000000000000005,3.419999999999999,0.0,0.0
Glencore,test,2025-04-30,2025-04-08,2025-05-01,3.26,3.25,ARIMA,3.2529230294778553,0.15400148188005947,3.098921547597796,3.4069245113579147,-0.0021708498534185614,0.1
Glencore,test,2025-04-30,2025-04-08,2025-05-01,3.26,3.25,Paper-Style Causal VMD-ARIMA/LSTM,3.3159201973914265,0.38246368895728633,2.93345650843414,3.698383886348713,0.017153434782646238,0.25
Glencore,test,2025-05-01,2025-04-08,2025-05-02,3.25,3.28,Random Walk,3.25,0.15999999999999925,3.0900000000000007,3.4099999999999993,0.0,0.0
Glencore,test,2025-05-01,2025-04-08,2025-05-02,3.25,3.28,ARIMA,3.265838839534517,0.15400148188005947,3.1118373576544576,3.4198403214145765,0.004873489087543703,0.1
Glencore,test,2025-05-01,2025-04-08,2025-05-02,3.25,3.28,Paper-Style Causal VMD-ARIMA/LSTM,3.8650274400628315,0.38246368895728633,3.482563751105545,4.247491129020117,0.18923921232702506,0.25
Glencore,test,2025-05-02,2025-04-08,2025-05-06,3.28,3.31,Random Walk,3.28,0.15999999999999925,3.1200000000000006,3.439999999999999,0.0,0.0
Glencore,test,2025-05-02,2025-04-08,2025-05-06,3.28,3.31,ARIMA,3.2806125504372816,0.15400148188005947,3.126611068557222,3.434614032317341,0.00018675318209811323,0.1
Glencore,test,2025-05-02,2025-04-08,2025-05-06,3.28,3.31,Paper-Style Causal VMD-ARIMA/LSTM,3.6189460245520446,0.3887485647203519,3.2301974598316927,4.007694589272397,0.10333720260733074,0.25
Glencore,test,2025-05-06,2025-04-08,2025-05-07,3.31,3.35,Random Walk,3.31,0.15999999999999925,3.150000000000001,3.4699999999999993,0.0,0.0
Glencore,test,2025-05-06,2025-04-08,2025-05-07,3.31,3.35,ARIMA,3.3101159927165473,0.15400148188005947,3.156114510836488,3.464117474596607,3.504311678165413e-05,0.1
Glencore,test,2025-05-06,2025-04-08,2025-05-07,3.31,3.35,Paper-Style Causal VMD-ARIMA/LSTM,3.8264046152015565,0.3887485647203519,3.4376560504812046,4.215153179921908,0.15601347891285694,0.25
Glencore,test,2025-05-07,2025-04-08,2025-05-08,3.35,3.35,Random Walk,3.35,0.15999999999999925,3.190000000000001,3.5099999999999993,0.0,0.0
Glencore,test,2025-05-07,2025-04-08,2025-05-08,3.35,3.35,ARIMA,3.3495767087135717,0.15400148188005947,3.1955752268335123,3.503578190593631,-0.00012635560788906667,0.1
Glencore,test,2025-05-07,2025-04-08,2025-05-08,3.35,3.35,Paper-Style Causal VMD-ARIMA/LSTM,3.752865277618368,0.400614931522409,3.352250346095959,4.153480209140778,0.12025829182637854,0.25
Glencore,test,2025-05-08,2025-04-08,2025-05-09,3.35,3.36,Random Walk,3.35,0.14999999999999947,3.2000000000000006,3.4999999999999996,0.0,0.0
Glencore,test,2025-05-08,2025-04-08,2025-05-09,3.35,3.36,ARIMA,3.34773551899479,0.15076000606214723,3.1969755129326427,3.498495525056937,-0.0006759644791672091,0.1
Glencore,test,2025-05-08,2025-04-08,2025-05-09,3.35,3.36,Paper-Style Causal VMD-ARIMA/LSTM,3.7785740407188655,0.400614931522409,3.3779591091964565,4.179188972241274,0.12793254946831803,0.25
Glencore,test,2025-05-09,2025-05-09,2025-05-12,3.36,3.53,Random Walk,3.36,0.14999999999999947,3.2100000000000004,3.5099999999999993,0.0,0.0
Glencore,test,2025-05-09,2025-05-09,2025-05-12,3.36,3.53,ARIMA,3.360378038697384,0.15076000606214723,3.2096180326352366,3.511138044759531,0.00011251151707855755,0.1
Glencore,test,2025-05-09,2025-05-09,2025-05-12,3.36,3.53,Paper-Style Causal VMD-ARIMA/LSTM,3.367397717349611,0.4028652776183681,2.9645324397312427,3.770262994967979,0.0022017015921461077,0.25
Glencore,test,2025-05-12,2025-05-09,2025-05-13,3.53,3.59,Random Walk,3.53,0.15999999999999925,3.3700000000000006,3.689999999999999,0.0,0.0
Glencore,test,2025-05-12,2025-05-09,2025-05-13,3.53,3.59,ARIMA,3.534831385328104,0.15400148188005947,3.3808299034480447,3.6888328672081636,0.0013686643988964145,0.1
Glencore,test,2025-05-12,2025-05-09,2025-05-13,3.53,3.59,Paper-Style Causal VMD-ARIMA/LSTM,3.7869365032090183,0.4028652776183681,3.38407122559065,4.189801780827386,0.07278654481841884,0.25
Glencore,test,2025-05-13,2025-05-09,2025-05-14,3.59,3.63,Random Walk,3.59,0.15999999999999925,3.4300000000000006,3.749999999999999,0.0,0.0
Glencore,test,2025-05-13,2025-05-09,2025-05-14,3.59,3.63,ARIMA,3.582212762559467,0.15400148188005947,3.4282112806794074,3.7362142444395263,-0.0021691469193685243,0.1
Glencore,test,2025-05-13,2025-05-09,2025-05-14,3.59,3.63,Paper-Style Causal VMD-ARIMA/LSTM,3.575675971770916,0.4028652776183681,3.172810694152548,3.978541249389284,-0.003989980008101321,0.25
Glencore,test,2025-05-14,2025-05-09,2025-05-15,3.63,3.6,Random Walk,3.63,0.15999999999999925,3.4700000000000006,3.789999999999999,0.0,0.0
Glencore,test,2025-05-14,2025-05-09,2025-05-15,3.63,3.6,ARIMA,3.6284389692119343,0.15400148188005947,3.474437487331875,3.782440451091994,-0.00043003602977013114,0.1
Glencore,test,2025-05-14,2025-05-09,2025-05-15,3.63,3.6,Paper-Style Causal VMD-ARIMA/LSTM,3.7369094610381737,0.4028652776183681,3.3340441834198056,4.139774738656541,0.029451642159276526,0.25
Glencore,test,2025-05-15,2025-05-09,2025-05-16,3.6,3.53,Random Walk,3.6,0.15999999999999925,3.440000000000001,3.7599999999999993,0.0,0.0
Glencore,test,2025-05-15,2025-05-09,2025-05-16,3.6,3.53,ARIMA,3.596374070366196,0.15400148188005947,3.4423725884861365,3.7503755522462554,-0.0010072026760567078,0.1
Glencore,test,2025-05-15,2025-05-09,2025-05-16,3.6,3.53,Paper-Style Causal VMD-ARIMA/LSTM,3.5111425447792413,0.4028652776183681,3.108277267160873,3.9140078223976094,-0.024682626450210784,0.25
Glencore,test,2025-05-16,2025-05-09,2025-05-19,3.53,3.52,Random Walk,3.53,0.15999999999999925,3.3700000000000006,3.689999999999999,0.0,0.0
Glencore,test,2025-05-16,2025-05-09,2025-05-19,3.53,3.52,ARIMA,3.5294456303150326,0.15400148188005947,3.375444148434973,3.683447112195092,-0.00015704523653463134,0.1
Glencore,test,2025-05-16,2025-05-09,2025-05-19,3.53,3.52,Paper-Style Causal VMD-ARIMA/LSTM,3.497675088690723,0.4028652776183681,3.0948098110723548,3.900540366309091,-0.009157198671183272,0.25
Glencore,test,2025-05-19,2025-05-09,2025-05-20,3.52,3.63,Random Walk,3.52,0.15999999999999925,3.3600000000000008,3.6799999999999993,0.0,0.0
Glencore,test,2025-05-19,2025-05-09,2025-05-20,3.52,3.63,ARIMA,3.5234425436298595,0.15400148188005947,3.3694410617498,3.677444025509919,0.0009779953493919086,0.1
Glencore,test,2025-05-19,2025-05-09,2025-05-20,3.52,3.63,Paper-Style Causal VMD-ARIMA/LSTM,3.5225910994720318,0.4028652776183681,3.1197258218536636,3.9254563770904,0.0007361078045544695,0.25
Glencore,test,2025-05-20,2025-05-09,2025-05-21,3.63,3.58,Random Walk,3.63,0.15999999999999925,3.4700000000000006,3.789999999999999,0.0,0.0
Glencore,test,2025-05-20,2025-05-09,2025-05-21,3.63,3.58,ARIMA,3.6340032069989654,0.15400148188005947,3.480001725118906,3.788004688879025,0.001102811845445042,0.1
Glencore,test,2025-05-20,2025-05-09,2025-05-21,3.63,3.58,Paper-Style Causal VMD-ARIMA/LSTM,3.7955637932507,0.4028652776183681,3.3926985156323317,4.198429070869068,0.04560986039964185,0.25
Glencore,test,2025-05-21,2025-05-09,2025-05-22,3.58,3.58,Random Walk,3.58,0.15999999999999925,3.420000000000001,3.7399999999999993,0.0,0.0
Glencore,test,2025-05-21,2025-05-09,2025-05-22,3.58,3.58,ARIMA,3.572221210712946,0.15400148188005947,3.4182197288328866,3.7262226925930055,-0.0021728461695681564,0.1
Glencore,test,2025-05-21,2025-05-09,2025-05-22,3.58,3.58,Paper-Style Causal VMD-ARIMA/LSTM,3.4253843699740285,0.4028652776183681,3.0225190923556604,3.8282496475923966,-0.04318872347094178,0.25
Glencore,test,2025-05-22,2025-05-09,2025-05-23,3.58,3.64,Random Walk,3.58,0.14999999999999947,3.4300000000000006,3.7299999999999995,0.0,0.0
Glencore,test,2025-05-22,2025-05-09,2025-05-23,3.58,3.64,ARIMA,3.5833044281534163,0.15076000606214723,3.432544422091269,3.7340644342155636,0.0009230246238592877,0.1
Glencore,test,2025-05-22,2025-05-09,2025-05-23,3.58,3.64,Paper-Style Causal VMD-ARIMA/LSTM,3.6759996480761816,0.400614931522409,3.2753847165537726,4.076614579598591,0.026815544155357977,0.25
Glencore,test,2025-05-23,2025-05-09,2025-05-27,3.64,3.71,Random Walk,3.64,0.14999999999999947,3.4900000000000007,3.7899999999999996,0.0,0.0
Glencore,test,2025-05-23,2025-05-09,2025-05-27,3.64,3.71,ARIMA,3.641406523482396,0.15076000606214723,3.490646517420249,3.7921665295445433,0.00038640755010876205,0.1
Glencore,test,2025-05-23,2025-05-09,2025-05-27,3.64,3.71,Paper-Style Causal VMD-ARIMA/LSTM,3.668176491371931,0.400614931522409,3.267561559849522,4.06879142289434,0.007740794332948049,0.25
Glencore,test,2025-05-27,2025-05-09,2025-05-28,3.71,3.67,Random Walk,3.71,0.14999999999999947,3.5600000000000005,3.8599999999999994,0.0,0.0
Glencore,test,2025-05-27,2025-05-09,2025-05-28,3.71,3.67,ARIMA,3.7090301528186833,0.15076000606214723,3.558270146756536,3.8597901588808305,-0.00026141433458669864,0.1
Glencore,test,2025-05-27,2025-05-09,2025-05-28,3.71,3.67,Paper-Style Causal VMD-ARIMA/LSTM,3.818892598835531,0.400614931522409,3.418277667313122,4.21950753035794,0.029351104807420737,0.25
Glencore,test,2025-05-28,2025-05-09,2025-05-29,3.67,3.75,Random Walk,3.67,0.14999999999999947,3.5200000000000005,3.8199999999999994,0.0,0.0
Glencore,test,2025-05-28,2025-05-09,2025-05-29,3.67,3.75,ARIMA,3.664853678949474,0.15076000606214723,3.5140936728873267,3.815613685011621,-0.0014022673162196286,0.1
Glencore,test,2025-05-28,2025-05-09,2025-05-29,3.67,3.75,Paper-Style Causal VMD-ARIMA/LSTM,3.5705189297522666,0.400614931522409,3.1699039982298576,3.9711338612746756,-0.02710655865060854,0.25
Glencore,test,2025-05-29,2025-05-09,2025-05-30,3.75,3.81,Random Walk,3.75,0.14999999999999947,3.6000000000000005,3.8999999999999995,0.0,0.0
Glencore,test,2025-05-29,2025-05-09,2025-05-30,3.75,3.81,ARIMA,3.7549775635714253,0.15076000606214723,3.604217557509278,3.9057375696335725,0.001327350285713417,0.1
Glencore,test,2025-05-29,2025-05-09,2025-05-30,3.75,3.81,Paper-Style Causal VMD-ARIMA/LSTM,3.9384546778694096,0.400614931522409,3.5378397463470006,4.339069609391819,0.050254580765175895,0.25
Glencore,test,2025-05-30,2025-05-09,2025-06-02,3.81,3.86,Random Walk,3.81,0.14999999999999947,3.6600000000000006,3.9599999999999995,0.0,0.0
Glencore,test,2025-05-30,2025-05-09,2025-06-02,3.81,3.86,ARIMA,3.8069808263406566,0.15076000606214723,3.6562208202785094,3.957740832402804,-0.0007924340313237414,0.1
Glencore,test,2025-05-30,2025-05-09,2025-06-02,3.81,3.86,Paper-Style Causal VMD-ARIMA/LSTM,3.800375428119672,0.400614931522409,3.399760496597263,4.200990359642081,-0.0025261343517921416,0.25
Glencore,test,2025-06-02,2025-05-09,2025-06-03,3.86,3.82,Random Walk,3.86,0.14999999999999947,3.7100000000000004,4.01,0.0,0.0
Glencore,test,2025-06-02,2025-05-09,2025-06-03,3.86,3.82,ARIMA,3.858617581204101,0.15076000606214723,3.707857575141954,4.009377587266249,-0.00035813958442975215,0.1
Glencore,test,2025-06-02,2025-05-09,2025-06-03,3.86,3.82,Paper-Style Causal VMD-ARIMA/LSTM,3.964540844915937,0.400614931522409,3.563925913393528,4.365155776438346,0.027083120444543342,0.25
Glencore,test,2025-06-03,2025-05-09,2025-06-04,3.82,3.91,Random Walk,3.82,0.14999999999999947,3.6700000000000004,3.9699999999999993,0.0,0.0
Glencore,test,2025-06-03,2025-05-09,2025-06-04,3.82,3.91,ARIMA,3.8157470512116585,0.15076000606214723,3.6649870451495112,3.9665070572738057,-0.0011133373791469559,0.1
Glencore,test,2025-06-03,2025-05-09,2025-06-04,3.82,3.91,Paper-Style Causal VMD-ARIMA/LSTM,3.7160077523534416,0.400614931522409,3.3153928208310326,4.116622683875851,-0.027223101478156608,0.25
Glencore,test,2025-06-04,2025-05-09,2025-06-05,3.91,3.97,Random Walk,3.91,0.14999999999999947,3.7600000000000007,4.06,0.0,0.0
Glencore,test,2025-06-04,2025-05-09,2025-06-05,3.91,3.97,ARIMA,3.9152507673480663,0.15076000606214723,3.764490761285919,4.0660107734102136,0.0013429072501448022,0.1
Glencore,test,2025-06-04,2025-05-09,2025-06-05,3.91,3.97,Paper-Style Causal VMD-ARIMA/LSTM,4.11283846982852,0.400614931522409,3.712223538306111,4.5134534013509295,0.05187684650345779,0.25
Glencore,test,2025-06-05,2025-05-09,2025-06-06,3.97,3.9,Random Walk,3.97,0.14999999999999947,3.8200000000000007,4.119999999999999,0.0,0.0
Glencore,test,2025-06-05,2025-05-09,2025-06-06,3.97,3.9,ARIMA,3.9664574117197566,0.15076000606214723,3.8156974056576094,4.117217417781903,-0.0008923396171898145,0.1
Glencore,test,2025-06-05,2025-05-09,2025-06-06,3.97,3.9,Paper-Style Causal VMD-ARIMA/LSTM,3.946690515138812,0.400614931522409,3.546075583616403,4.34730544666122,-0.005871406766042401,0.25
Glencore,test,2025-06-06,2025-05-09,2025-06-09,3.9,3.94,Random Walk,3.9,0.14999999999999947,3.7500000000000004,4.049999999999999,0.0,0.0
Glencore,test,2025-06-06,2025-05-09,2025-06-09,3.9,3.94,ARIMA,3.894742832827046,0.14864393790959163,3.7460988949174543,4.043386770736637,-0.0013479915828087158,0.1
Glencore,test,2025-06-06,2025-05-09,2025-06-09,3.9,3.94,Paper-Style Causal VMD-ARIMA/LSTM,3.832363452569207,0.3887485647203519,3.443614887848855,4.221112017289559,-0.01734270446943409,0.25
Glencore,test,2025-06-09,2025-06-09,2025-06-10,3.94,3.91,Random Walk,3.94,0.14999999999999947,3.7900000000000005,4.09,0.0,0.0
Glencore,test,2025-06-09,2025-06-09,2025-06-10,3.94,3.91,ARIMA,3.945236861737168,0.14864393790959163,3.796592923827576,4.09388079964676,0.0013291527251695085,0.1
Glencore,test,2025-06-09,2025-06-09,2025-06-10,3.94,3.91,Paper-Style Causal VMD-ARIMA/LSTM,3.937200190551983,0.3887485647203519,3.548451625831631,4.325948755272335,-0.0007106115350297092,0.25
Glencore,test,2025-06-10,2025-06-09,2025-06-11,3.91,3.91,Random Walk,3.91,0.14999999999999947,3.7600000000000007,4.06,0.0,0.0
Glencore,test,2025-06-10,2025-06-09,2025-06-11,3.91,3.91,ARIMA,3.906289113228615,0.14864393790959163,3.7576451753190234,4.054933051138207,-0.0009490759006099978,0.1
Glencore,test,2025-06-10,2025-06-09,2025-06-11,3.91,3.91,Paper-Style Causal VMD-ARIMA/LSTM,3.8189016426712676,0.3887485647203519,3.4301530779509157,4.2076502073916195,-0.023298812616044117,0.25
Glencore,test,2025-06-11,2025-06-09,2025-06-12,3.91,3.91,Random Walk,3.91,0.14999999999999947,3.7600000000000007,4.06,0.0,0.0
Glencore,test,2025-06-11,2025-06-09,2025-06-12,3.91,3.91,ARIMA,3.9121117758083614,0.14864393790959163,3.76346783789877,4.060755713717953,0.0005400961146704104,0.1
Glencore,test,2025-06-11,2025-06-09,2025-06-12,3.91,3.91,Paper-Style Causal VMD-ARIMA/LSTM,3.878684427439836,0.3887485647203519,3.4899358627194843,4.267432992160188,-0.00800909784147415,0.25
Glencore,test,2025-06-12,2025-06-09,2025-06-13,3.91,3.96,Random Walk,3.91,0.14999999999999947,3.7600000000000007,4.06,0.0,0.0
Glencore,test,2025-06-12,2025-06-09,2025-06-13,3.91,3.96,ARIMA,3.9097212389970806,0.14864393790959163,3.761077301087489,4.058365176906673,-7.129437414822755e-05,0.1
Glencore,test,2025-06-12,2025-06-09,2025-06-13,3.91,3.96,Paper-Style Causal VMD-ARIMA/LSTM,3.8437686689175856,0.3887485647203519,3.4550201041972337,4.232517233637937,-0.016938959356116248,0.25
Glencore,test,2025-06-13,2025-06-09,2025-06-16,3.96,3.96,Random Walk,3.96,0.14999999999999947,3.8100000000000005,4.109999999999999,0.0,0.0
Glencore,test,2025-06-13,2025-06-09,2025-06-16,3.96,3.96,ARIMA,3.961765978525654,0.14864393790959163,3.8131220406160624,4.110409916435246,0.000445954173144969,0.1
Glencore,test,2025-06-13,2025-06-09,2025-06-16,3.96,3.96,Paper-Style Causal VMD-ARIMA/LSTM,3.986671454734281,0.3887485647203519,3.5979228900139293,4.3754200194546335,0.0067352158419902095,0.25
Glencore,test,2025-06-16,2025-06-09,2025-06-17,3.96,3.85,Random Walk,3.96,0.14999999999999947,3.8100000000000005,4.109999999999999,0.0,0.0
Glencore,test,2025-06-16,2025-06-09,2025-06-17,3.96,3.85,ARIMA,3.9571023302355646,0.14864393790959163,3.808458392325973,4.105746268145156,-0.0007317347889988372,0.1
Glencore,test,2025-06-16,2025-06-09,2025-06-17,3.96,3.85,Paper-Style Causal VMD-ARIMA/LSTM,3.8567571350771965,0.3887485647203519,3.4680085703568446,4.245505699797548,-0.026071430536061473,0.25
Glencore,test,2025-06-17,2025-06-09,2025-06-18,3.85,3.88,Random Walk,3.85,0.14999999999999947,3.7000000000000006,3.9999999999999996,0.0,0.0
Glencore,test,2025-06-17,2025-06-09,2025-06-18,3.85,3.88,ARIMA,3.8465919900882732,0.14864393790959163,3.6979480521786816,3.995235927997865,-0.0008851973796693117,0.1
Glencore,test,2025-06-17,2025-06-09,2025-06-18,3.85,3.88,Paper-Style Causal VMD-ARIMA/LSTM,3.6572523485325723,0.3887485647203519,3.2685037838122204,4.046000913252924,-0.05006432505647475,0.25
Glencore,test,2025-06-18,2025-06-09,2025-06-19,3.88,3.82,Random Walk,3.88,0.14999999999999947,3.7300000000000004,4.029999999999999,0.0,0.0
Glencore,test,2025-06-18,2025-06-09,2025-06-19,3.88,3.82,ARIMA,3.887143485345802,0.14864393790959163,3.73849954743621,4.035787423255393,0.001841104470567498,0.1
Glencore,test,2025-06-18,2025-06-09,2025-06-19,3.88,3.82,Paper-Style Causal VMD-ARIMA/LSTM,3.9226889414382993,0.3887485647203519,3.5339403767179474,4.311437506158651,0.011002304494407056,0.25
Glencore,test,2025-06-19,2025-06-09,2025-06-20,3.82,3.85,Random Walk,3.82,0.14999999999999947,3.6700000000000004,3.9699999999999993,0.0,0.0
Glencore,test,2025-06-19,2025-06-09,2025-06-20,3.82,3.85,ARIMA,3.8159140120250568,0.14864393790959163,3.667270074115465,3.9645579499346484,-0.0010696303599327444,0.1
Glencore,test,2025-06-19,2025-06-09,2025-06-20,3.82,3.85,Paper-Style Causal VMD-ARIMA/LSTM,3.60765893460974,0.3887485647203519,3.218910369889388,3.996407499330092,-0.055586666332528734,0.25
Glencore,test,2025-06-20,2025-06-09,2025-06-23,3.85,3.86,Random Walk,3.85,0.14000000000000057,3.7099999999999995,3.9900000000000007,0.0,0.0
Glencore,test,2025-06-20,2025-06-09,2025-06-23,3.85,3.86,ARIMA,3.8549087453966937,0.14853892892296283,3.706369816473731,4.0034476743196565,0.0012749988043360037,0.1
Glencore,test,2025-06-20,2025-06-09,2025-06-23,3.85,3.86,Paper-Style Causal VMD-ARIMA/LSTM,3.9129469738530336,0.38246368895728633,3.5304832848957473,4.29541066281032,0.016349863338450257,0.25
Glencore,test,2025-06-23,2025-06-09,2025-06-24,3.86,3.75,Random Walk,3.86,0.14000000000000057,3.7199999999999993,4.0,0.0,0.0
Glencore,test,2025-06-23,2025-06-09,2025-06-24,3.86,3.75,ARIMA,3.85824151032951,0.14853892892296283,3.709702581406547,4.006780439252473,-0.0004555672721476897,0.1
Glencore,test,2025-06-23,2025-06-09,2025-06-24,3.86,3.75,Paper-Style Causal VMD-ARIMA/LSTM,3.7260172628240538,0.38246368895728633,3.3435535738667674,4.10848095178134,-0.0347105536725249,0.25
Glencore,test,2025-06-24,2025-06-09,2025-06-25,3.75,3.73,Random Walk,3.75,0.14000000000000057,3.6099999999999994,3.8900000000000006,0.0,0.0
Glencore,test,2025-06-24,2025-06-09,2025-06-25,3.75,3.73,ARIMA,3.7461673719076787,0.14853892892296283,3.597628442984716,3.8947063008306415,-0.0010220341579523526,0.1
Glencore,test,2025-06-24,2025-06-09,2025-06-25,3.75,3.73,Paper-Style Causal VMD-ARIMA/LSTM,3.565389412568948,0.38246368895728633,3.1829257236116617,3.9478531015262344,-0.049229489981613854,0.25
Glencore,test,2025-06-25,2025-06-09,2025-06-26,3.73,3.96,Random Walk,3.73,0.14000000000000057,3.5899999999999994,3.8700000000000006,0.0,0.0
Glencore,test,2025-06-25,2025-06-09,2025-06-26,3.73,3.96,ARIMA,3.7355841631155555,0.14853892892296283,3.5870452341925927,3.8841230920385184,0.0014970946690497427,0.1
Glencore,test,2025-06-25,2025-06-09,2025-06-26,3.73,3.96,Paper-Style Causal VMD-ARIMA/LSTM,3.6795159660079753,0.38246368895728633,3.297052277050689,4.061979654965262,-0.013534593563545503,0.25
Glencore,test,2025-06-26,2025-06-09,2025-06-27,3.96,3.93,Random Walk,3.96,0.14999999999999947,3.8100000000000005,4.109999999999999,0.0,0.0
Glencore,test,2025-06-26,2025-06-09,2025-06-27,3.96,3.93,ARIMA,3.9682631027331796,0.14864393790959163,3.819619164823588,4.116907040642771,0.0020866421043382955,0.1
Glencore,test,2025-06-26,2025-06-09,2025-06-27,3.96,3.93,Paper-Style Causal VMD-ARIMA/LSTM,4.194582136861918,0.38246368895728633,3.8121184479046315,4.577045825819204,0.05923791334896916,0.25
Glencore,test,2025-06-27,2025-06-09,2025-06-30,3.93,3.89,Random Walk,3.93,0.14999999999999947,3.7800000000000007,4.08,0.0,0.0
Glencore,test,2025-06-27,2025-06-09,2025-06-30,3.93,3.89,ARIMA,3.9160714335167848,0.14864393790959163,3.767427495607193,4.064715371426376,-0.0035441644995459,0.1
Glencore,test,2025-06-27,2025-06-09,2025-06-30,3.93,3.89,Paper-Style Causal VMD-ARIMA/LSTM,3.649735413144332,0.38246368895728633,3.2672717241870455,4.032199102101618,-0.07131414423808355,0.25
Glencore,test,2025-06-30,2025-06-09,2025-07-01,3.89,4.0,Random Walk,3.89,0.14999999999999947,3.7400000000000007,4.039999999999999,0.0,0.0
Glencore,test,2025-06-30,2025-06-09,2025-07-01,3.89,4.0,ARIMA,3.891307289290574,0.14864393790959163,3.7426633513809824,4.039951227200166,0.0003360640849804338,0.1
Glencore,test,2025-06-30,2025-06-09,2025-07-01,3.89,4.0,Paper-Style Causal VMD-ARIMA/LSTM,3.877327250559586,0.38246368895728633,3.4948635616023,4.259790939516872,-0.003257776205761945,0.25
Glencore,test,2025-07-01,2025-06-09,2025-07-02,4.0,4.17,Random Walk,4.0,0.14999999999999947,3.8500000000000005,4.1499999999999995,0.0,0.0
Glencore,test,2025-07-01,2025-06-09,2025-07-02,4.0,4.17,ARIMA,4.005032402364289,0.14864393790959163,3.8563884644546977,4.153676340273881,0.001258100591072342,0.1
Glencore,test,2025-07-01,2025-06-09,2025-07-02,4.0,4.17,Paper-Style Causal VMD-ARIMA/LSTM,4.024620591359809,0.38246368895728633,3.6421569024025224,4.407084280317095,0.006155147839952191,0.25
Glencore,test,2025-07-02,2025-06-09,2025-07-03,4.17,4.18,Random Walk,4.17,0.14999999999999947,4.0200000000000005,4.319999999999999,0.0,0.0
Glencore,test,2025-07-02,2025-06-09,2025-07-03,4.17,4.18,ARIMA,4.1692637738213945,0.15076000606214723,4.018503767759247,4.320023779883542,-0.0001765530404329665,0.1
Glencore,test,2025-07-02,2025-06-09,2025-07-03,4.17,4.18,Paper-Style Causal VMD-ARIMA/LSTM,4.290218318380306,0.38246368895728633,3.90775462942302,4.672682007337593,0.028829332944917626,0.25
Glencore,test,2025-07-03,2025-06-09,2025-07-04,4.18,4.13,Random Walk,4.18,0.14999999999999947,4.03,4.329999999999999,0.0,0.0
Glencore,test,2025-07-03,2025-06-09,2025-07-04,4.18,4.13,ARIMA,4.1710339714735385,0.15076000606214723,4.020273965411391,4.321793977535686,-0.0021449829010672782,0.1
Glencore,test,2025-07-03,2025-06-09,2025-07-04,4.18,4.13,Paper-Style Causal VMD-ARIMA/LSTM,4.020988770781957,0.38246368895728633,3.638525081824671,4.403452459739244,-0.03804096392776133,0.25
Glencore,test,2025-07-04,2025-06-09,2025-07-07,4.13,4.05,Random Walk,4.13,0.14999999999999947,3.9800000000000004,4.279999999999999,0.0,0.0
Glencore,test,2025-07-04,2025-06-09,2025-07-07,4.13,4.05,ARIMA,4.128049677753508,0.14864393790959163,3.9794057398439167,4.2766936156631,-0.0004722329894652807,0.1
Glencore,test,2025-07-04,2025-06-09,2025-07-07,4.13,4.05,Paper-Style Causal VMD-ARIMA/LSTM,4.036902174497504,0.3820306191606644,3.6548715553368396,4.418932793658168,-0.022541846368643075,0.25
Glencore,test,2025-07-07,2025-07-07,2025-07-08,4.05,4.16,Random Walk,4.05,0.14999999999999947,3.9000000000000004,4.199999999999999,0.0,0.0
Glencore,test,2025-07-07,2025-07-07,2025-07-08,4.05,4.16,ARIMA,4.04979897533363,0.14864393790959163,3.9011550374240382,4.1984429132432215,-4.96357200913465e-05,0.1
Glencore,test,2025-07-07,2025-07-07,2025-07-08,4.05,4.16,Paper-Style Causal VMD-ARIMA/LSTM,4.134957520192781,0.3820306191606644,3.752926901032117,4.516988139353446,0.020977165479699127,0.25
Glencore,test,2025-07-08,2025-07-07,2025-07-09,4.16,4.05,Random Walk,4.16,0.14999999999999947,4.010000000000001,4.31,0.0,0.0
Glencore,test,2025-07-08,2025-07-07,2025-07-09,4.16,4.05,ARIMA,4.168089672236216,0.14864393790959163,4.0194457343266246,4.316733610145808,0.0019446327490903938,0.1
Glencore,test,2025-07-08,2025-07-07,2025-07-09,4.16,4.05,Paper-Style Causal VMD-ARIMA/LSTM,4.359385896319483,0.3820306191606644,3.9773552771588188,4.7414165154801475,0.04792930199987572,0.25
Glencore,test,2025-07-09,2025-07-07,2025-07-10,4.05,4.21,Random Walk,4.05,0.14999999999999947,3.9000000000000004,4.199999999999999,0.0,0.0
Glencore,test,2025-07-09,2025-07-07,2025-07-10,4.05,4.21,ARIMA,4.039803177012022,0.14864393790959163,3.8911592391024303,4.188447114921614,-0.0025177340711056446,0.1
Glencore,test,2025-07-09,2025-07-07,2025-07-10,4.05,4.21,Paper-Style Causal VMD-ARIMA/LSTM,3.809668469012297,0.3820306191606644,3.4276378498516324,4.191699088172961,-0.059341118762395804,0.25
Glencore,test,2025-07-10,2025-07-07,2025-07-11,4.21,4.22,Random Walk,4.21,0.14999999999999947,4.0600000000000005,4.359999999999999,0.0,0.0
Glencore,test,2025-07-10,2025-07-07,2025-07-11,4.21,4.22,ARIMA,4.222353747148129,0.15076000606214723,4.071593741085982,4.373113753210276,0.00293438174539886,0.1
Glencore,test,2025-07-10,2025-07-07,2025-07-11,4.21,4.22,Paper-Style Causal VMD-ARIMA/LSTM,4.553518346750518,0.38246368895728633,4.171054657793231,4.935982035707804,0.08159580682910157,0.25
Glencore,test,2025-07-11,2025-07-07,2025-07-14,4.22,4.17,Random Walk,4.22,0.14999999999999947,4.07,4.369999999999999,0.0,0.0
Glencore,test,2025-07-11,2025-07-07,2025-07-14,4.22,4.17,ARIMA,4.2101366690589375,0.15076000606214723,4.05937666299679,4.360896675121085,-0.002337282213521869,0.1
Glencore,test,2025-07-11,2025-07-07,2025-07-14,4.22,4.17,Paper-Style Causal VMD-ARIMA/LSTM,3.9996612983833906,0.38246368895728633,3.6171976094261042,4.382124987340677,-0.05221296246839081,0.25
Glencore,test,2025-07-14,2025-07-07,2025-07-15,4.17,4.14,Random Walk,4.17,0.14999999999999947,4.0200000000000005,4.319999999999999,0.0,0.0
Glencore,test,2025-07-14,2025-07-07,2025-07-15,4.17,4.14,ARIMA,4.168823319337281,0.15076000606214723,4.0180633132751336,4.319583325399428,-0.00028217761695902704,0.1
Glencore,test,2025-07-14,2025-07-07,2025-07-15,4.17,4.14,Paper-Style Causal VMD-ARIMA/LSTM,4.195904096386773,0.38246368895728633,3.8134404074294865,4.578367785344059,0.0062120135220078984,0.25
Glencore,test,2025-07-15,2025-07-07,2025-07-16,4.14,4.12,Random Walk,4.14,0.14999999999999947,3.99,4.289999999999999,0.0,0.0
Glencore,test,2025-07-15,2025-07-07,2025-07-16,4.14,4.12,ARIMA,4.141365673949567,0.15076000606214723,3.9906056678874195,4.292125680011714,0.0003298729346780443,0.1
Glencore,test,2025-07-15,2025-07-07,2025-07-16,4.14,4.12,Paper-Style Causal VMD-ARIMA/LSTM,4.0061081611348,0.38246368895728633,3.6236444721775136,4.388571850092086,-0.03234102388048303,0.25
Glencore,test,2025-07-16,2025-07-07,2025-07-17,4.12,4.07,Random Walk,4.12,0.14999999999999947,3.9700000000000006,4.27,0.0,0.0
Glencore,test,2025-07-16,2025-07-07,2025-07-17,4.12,4.07,ARIMA,4.120958933491939,0.15076000606214723,3.9701989274297915,4.271718939554086,0.00023275084755792515,0.1
Glencore,test,2025-07-16,2025-07-07,2025-07-17,4.12,4.07,Paper-Style Causal VMD-ARIMA/LSTM,4.101354097179339,0.38246368895728633,3.7188904082220526,4.483817786136625,-0.004525704568121637,0.25
Glencore,test,2025-07-17,2025-07-07,2025-07-18,4.07,4.07,Random Walk,4.07,0.14999999999999947,3.920000000000001,4.22,0.0,0.0
Glencore,test,2025-07-17,2025-07-07,2025-07-18,4.07,4.07,ARIMA,4.069562745672303,0.15076000606214723,3.9188027396101557,4.22032275173445,-0.00010743349574873888,0.1
Glencore,test,2025-07-17,2025-07-07,2025-07-18,4.07,4.07,Paper-Style Causal VMD-ARIMA/LSTM,3.9257808414556368,0.38246368895728633,3.5433171524983504,4.308244530412923,-0.0354346826890328,0.25
Glencore,test,2025-07-18,2025-07-07,2025-07-21,4.07,4.22,Random Walk,4.07,0.14999999999999947,3.920000000000001,4.22,0.0,0.0
Glencore,test,2025-07-18,2025-07-07,2025-07-21,4.07,4.22,ARIMA,4.072944453670114,0.14864393790959163,3.924300515760522,4.221588391579705,0.0007234529901998308,0.1
Glencore,test,2025-07-18,2025-07-07,2025-07-21,4.07,4.22,Paper-Style Causal VMD-ARIMA/LSTM,4.068602882318178,0.3820306191606644,3.6865722631575135,4.450633501478842,-0.0003432721576959163,0.25
Glencore,test,2025-07-21,2025-07-07,2025-07-22,4.22,4.36,Random Walk,4.22,0.14999999999999947,4.07,4.369999999999999,0.0,0.0
Glencore,test,2025-07-21,2025-07-07,2025-07-22,4.22,4.36,ARIMA,4.224781936471623,0.14864393790959163,4.076137998562031,4.373425874381215,0.0011331603013325314,0.1
Glencore,test,2025-07-21,2025-07-07,2025-07-22,4.22,4.36,Paper-Style Causal VMD-ARIMA/LSTM,4.343581276516054,0.3820306191606644,3.9615506573553896,4.725611895676718,0.029284662681529437,0.25
Glencore,test,2025-07-22,2025-07-07,2025-07-23,4.36,4.43,Random Walk,4.36,0.14999999999999947,4.210000000000001,4.51,0.0,0.0
Glencore,test,2025-07-22,2025-07-07,2025-07-23,4.36,4.43,ARIMA,4.355964368531527,0.14864393790959163,4.207320430621936,4.504608306441119,-0.000925603547814926,0.1
Glencore,test,2025-07-22,2025-07-07,2025-07-23,4.36,4.43,Paper-Style Causal VMD-ARIMA/LSTM,4.409700358358957,0.3820306191606644,4.027669739198292,4.791730977519621,0.011399164761228523,0.25
Glencore,test,2025-07-23,2025-07-07,2025-07-24,4.43,4.36,Random Walk,4.43,0.14999999999999947,4.28,4.579999999999999,0.0,0.0
Glencore,test,2025-07-23,2025-07-07,2025-07-24,4.43,4.36,ARIMA,4.424645044609152,0.14864393790959163,4.27600110669956,4.5732889825187435,-0.0012087935419521105,0.1
Glencore,test,2025-07-23,2025-07-07,2025-07-24,4.43,4.36,Paper-Style Causal VMD-ARIMA/LSTM,4.417317062214901,0.3820306191606644,4.035286443054237,4.799347681375566,-0.0028629656399770487,0.25
Glencore,test,2025-07-24,2025-07-07,2025-07-25,4.36,4.28,Random Walk,4.36,0.14999999999999947,4.210000000000001,4.51,0.0,0.0
Glencore,test,2025-07-24,2025-07-07,2025-07-25,4.36,4.28,ARIMA,4.353629746657472,0.14864393790959163,4.20498580874788,4.502273684567063,-0.0014610672803964952,0.1
Glencore,test,2025-07-24,2025-07-07,2025-07-25,4.36,4.28,Paper-Style Causal VMD-ARIMA/LSTM,4.1635714658166325,0.3820306191606644,3.781540846655968,4.545602084977297,-0.045052416097102706,0.25
Glencore,test,2025-07-25,2025-07-07,2025-07-28,4.28,4.23,Random Walk,4.28,0.14999999999999947,4.130000000000001,4.43,0.0,0.0
Glencore,test,2025-07-25,2025-07-07,2025-07-28,4.28,4.23,ARIMA,4.281310244737533,0.14864393790959163,4.132666306827941,4.4299541826471245,0.000306131948021637,0.1
Glencore,test,2025-07-25,2025-07-07,2025-07-28,4.28,4.23,Paper-Style Causal VMD-ARIMA/LSTM,4.156247741349847,0.3820306191606644,3.7742171221891825,4.538278360510511,-0.02891407912386761,0.25
Glencore,test,2025-07-28,2025-07-07,2025-07-29,4.23,4.08,Random Walk,4.23,0.14999999999999947,4.080000000000001,4.38,0.0,0.0
Glencore,test,2025-07-28,2025-07-07,2025-07-29,4.23,4.08,ARIMA,4.2325564680888235,0.14864393790959163,4.083912530179232,4.381200405998415,0.0006043659784451627,0.1
Glencore,test,2025-07-28,2025-07-07,2025-07-29,4.23,4.08,Paper-Style Causal VMD-ARIMA/LSTM,4.096318932335264,0.3820306191606644,3.7142883131746,4.478349551495929,-0.03160308928244354,0.25
Glencore,test,2025-07-29,2025-07-07,2025-07-30,4.08,4.13,Random Walk,4.08,0.14999999999999947,3.9300000000000006,4.2299999999999995,0.0,0.0
Glencore,test,2025-07-29,2025-07-07,2025-07-30,4.08,4.13,ARIMA,4.077963463203174,0.15076000606214723,3.927203457141027,4.228723469265321,-0.0004991511756926538,0.1
Glencore,test,2025-07-29,2025-07-07,2025-07-30,4.08,4.13,Paper-Style Causal VMD-ARIMA/LSTM,3.813571651825843,0.3820306191606644,3.4315410326651787,4.195602270986507,-0.06530106572896004,0.25
Glencore,test,2025-07-30,2025-07-07,2025-07-31,4.13,4.02,Random Walk,4.13,0.14999999999999947,3.9800000000000004,4.279999999999999,0.0,0.0
Glencore,test,2025-07-30,2025-07-07,2025-07-31,4.13,4.02,ARIMA,4.140473077003879,0.15076000606214723,3.9897130709417317,4.291233083066026,0.0025358539960966117,0.1
Glencore,test,2025-07-30,2025-07-07,2025-07-31,4.13,4.02,Paper-Style Causal VMD-ARIMA/LSTM,4.21879915596049,0.3820306191606644,3.836768536799825,4.600829775121154,0.02150100628583286,0.25
Glencore,test,2025-07-31,2025-07-07,2025-08-01,4.02,3.99,Random Walk,4.02,0.14999999999999947,3.87,4.169999999999999,0.0,0.0
Glencore,test,2025-07-31,2025-07-07,2025-08-01,4.02,3.99,ARIMA,4.013069748977643,0.15076000606214723,3.862309742915496,4.1638297550397905,-0.0017239430403871488,0.1
Glencore,test,2025-07-31,2025-07-07,2025-08-01,4.02,3.99,Paper-Style Causal VMD-ARIMA/LSTM,3.6864148963357697,0.3820306191606644,3.3043842771751053,4.068445515496434,-0.08298136907070396,0.25
Glencore,test,2025-08-01,2025-07-07,2025-08-04,3.99,3.97,Random Walk,3.99,0.14999999999999947,3.8400000000000007,4.14,0.0,0.0
Glencore,test,2025-08-01,2025-07-07,2025-08-04,3.99,3.97,ARIMA,3.996173129212789,0.14864393790959163,3.8475291913031975,4.14481706712238,0.0015471501786438338,0.1
Glencore,test,2025-08-01,2025-07-07,2025-08-04,3.99,3.97,Paper-Style Causal VMD-ARIMA/LSTM,4.015920591949912,0.3706353925190684,3.6452851994308433,4.3865559844689805,0.0064963889598775625,0.25
Glencore,test,2025-08-04,2025-08-04,2025-08-05,3.97,4.0,Random Walk,3.97,0.14999999999999947,3.8200000000000007,4.119999999999999,0.0,0.0
Glencore,test,2025-08-04,2025-08-04,2025-08-05,3.97,4.0,ARIMA,3.9704616348898334,0.14864393790959163,3.8218176969802418,4.119105572799425,0.00011628082867334903,0.1
Glencore,test,2025-08-04,2025-08-04,2025-08-05,3.97,4.0,Paper-Style Causal VMD-ARIMA/LSTM,4.006601875927189,0.3706353925190684,3.635966483408121,4.377237268446258,0.009219616102566526,0.25
Glencore,test,2025-08-05,2025-08-04,2025-08-06,4.0,3.8,Random Walk,4.0,0.14999999999999947,3.8500000000000005,4.1499999999999995,0.0,0.0
Glencore,test,2025-08-05,2025-08-04,2025-08-06,4.0,3.8,ARIMA,4.002433198822361,0.14864393790959163,3.8537892609127695,4.151077136731953,0.0006082997055902872,0.1
Glencore,test,2025-08-05,2025-08-04,2025-08-06,4.0,3.8,Paper-Style Causal VMD-ARIMA/LSTM,4.061695765456166,0.3706353925190684,3.691060372937098,4.432331157975234,0.015423941364041571,0.25
Glencore,test,2025-08-06,2025-08-04,2025-08-07,3.8,3.77,Random Walk,3.8,0.14999999999999947,3.6500000000000004,3.9499999999999993,0.0,0.0
Glencore,test,2025-08-06,2025-08-04,2025-08-07,3.8,3.77,ARIMA,3.791748332584004,0.15076000606214723,3.6409883265218568,3.9425083386461512,-0.002171491425262056,0.1
Glencore,test,2025-08-06,2025-08-04,2025-08-07,3.8,3.77,Paper-Style Causal VMD-ARIMA/LSTM,3.5756092015026004,0.3706353925190684,3.204973808983532,3.946244594021669,-0.059050210130894586,0.25
Glencore,test,2025-08-07,2025-08-04,2025-08-08,3.77,3.88,Random Walk,3.77,0.14999999999999947,3.6200000000000006,3.9199999999999995,0.0,0.0
Glencore,test,2025-08-07,2025-08-04,2025-08-08,3.77,3.88,ARIMA,3.780738239292268,0.15076000606214723,3.629978233230121,3.9314982453544154,0.0028483393348191343,0.1
Glencore,test,2025-08-07,2025-08-04,2025-08-08,3.77,3.88,Paper-Style Causal VMD-ARIMA/LSTM,3.8304265564276405,0.3706353925190684,3.459791163908572,4.201061948946709,0.016028264304413925,0.25
Glencore,test,2025-08-08,2025-08-04,2025-08-11,3.88,3.94,Random Walk,3.88,0.14999999999999947,3.7300000000000004,4.029999999999999,0.0,0.0
Glencore,test,2025-08-08,2025-08-04,2025-08-11,3.88,3.94,ARIMA,3.8844568698796706,0.15076000606214723,3.7336968638175234,4.035216875941818,0.0011486778040388545,0.1
Glencore,test,2025-08-08,2025-08-04,2025-08-11,3.88,3.94,Paper-Style Causal VMD-ARIMA/LSTM,4.058878824951773,0.3706353925190684,3.6882434324327042,4.429514217470841,0.04610278993602391,0.25
Glencore,test,2025-08-11,2025-08-04,2025-08-12,3.94,3.98,Random Walk,3.94,0.14999999999999947,3.7900000000000005,4.09,0.0,0.0
Glencore,test,2025-08-11,2025-08-04,2025-08-12,3.94,3.98,ARIMA,3.936193702995194,0.15076000606214723,3.7854336969330467,4.086953709057341,-0.0009660652296462078,0.1
Glencore,test,2025-08-11,2025-08-04,2025-08-12,3.94,3.98,Paper-Style Causal VMD-ARIMA/LSTM,4.046246399810338,0.3706353925190684,3.6756110072912693,4.416881792329406,0.026966091322420758,0.25
Glencore,test,2025-08-12,2025-08-04,2025-08-13,3.98,4.02,Random Walk,3.98,0.14999999999999947,3.8300000000000005,4.129999999999999,0.0,0.0
Glencore,test,2025-08-12,2025-08-04,2025-08-13,3.98,4.02,ARIMA,3.9782839087147814,0.15076000606214723,3.827523902652634,4.129043914776929,-0.0004311787148790317,0.1
Glencore,test,2025-08-12,2025-08-04,2025-08-13,3.98,4.02,Paper-Style Causal VMD-ARIMA/LSTM,4.093149224178835,0.3706353925190684,3.7225138316597666,4.463784616697904,0.028429453311265073,0.25
Glencore,test,2025-08-13,2025-08-04,2025-08-14,4.02,3.98,Random Walk,4.02,0.14999999999999947,3.87,4.169999999999999,0.0,0.0
Glencore,test,2025-08-13,2025-08-04,2025-08-14,4.02,3.98,ARIMA,4.018879537490607,0.15076000606214723,3.8681195314284595,4.169639543552754,-0.0002787220172618892,0.1
Glencore,test,2025-08-13,2025-08-04,2025-08-14,4.02,3.98,Paper-Style Causal VMD-ARIMA/LSTM,4.1406067370677055,0.3706353925190684,3.769971344548637,4.511242129586774,0.03000167588748905,0.25
Glencore,test,2025-08-14,2025-08-04,2025-08-15,3.98,4.06,Random Walk,3.98,0.14999999999999947,3.8300000000000005,4.129999999999999,0.0,0.0
Glencore,test,2025-08-14,2025-08-04,2025-08-15,3.98,4.06,ARIMA,3.976377352174875,0.15076000606214723,3.8256173461127276,4.127137358237022,-0.0009102130213882195,0.1
Glencore,test,2025-08-14,2025-08-04,2025-08-15,3.98,4.06,Paper-Style Causal VMD-ARIMA/LSTM,4.004280978738328,0.3706353925190684,3.63364558621926,4.374916371257397,0.006100748426715638,0.25
Glencore,test,2025-08-15,2025-08-04,2025-08-18,4.06,3.89,Random Walk,4.06,0.14999999999999947,3.91,4.209999999999999,0.0,0.0
Glencore,test,2025-08-15,2025-08-04,2025-08-18,4.06,3.89,ARIMA,4.064916981542369,0.14864393790959163,3.9162730436327777,4.213560919451961,0.0012110791976280167,0.1
Glencore,test,2025-08-15,2025-08-04,2025-08-18,4.06,3.89,Paper-Style Causal VMD-ARIMA/LSTM,4.264889692537957,0.368887236171914,3.896002456366043,4.633776928709871,0.05046544151181215,0.25
Glencore,test,2025-08-18,2025-08-04,2025-08-19,3.89,3.94,Random Walk,3.89,0.14999999999999947,3.7400000000000007,4.039999999999999,0.0,0.0
Glencore,test,2025-08-18,2025-08-04,2025-08-19,3.89,3.94,ARIMA,3.8795850920427903,0.15076000606214723,3.728825085980643,4.030345098104938,-0.002677354230645189,0.1
Glencore,test,2025-08-18,2025-08-04,2025-08-19,3.89,3.94,Paper-Style Causal VMD-ARIMA/LSTM,3.744178282908935,0.3706353925190684,3.3735428903898668,4.114813675428003,-0.0374863025941041,0.25
Glencore,test,2025-08-19,2025-08-04,2025-08-20,3.94,3.93,Random Walk,3.94,0.14999999999999947,3.7900000000000005,4.09,0.0,0.0
Glencore,test,2025-08-19,2025-08-04,2025-08-20,3.94,3.93,ARIMA,3.9518538352089343,0.15076000606214723,3.801093829146787,4.102613841271081,0.003008587616480799,0.1
Glencore,test,2025-08-19,2025-08-04,2025-08-20,3.94,3.93,Paper-Style Causal VMD-ARIMA/LSTM,4.162666150495221,0.3706353925190684,3.792030757976153,4.533301543014289,0.05651425139472625,0.25
Glencore,test,2025-08-20,2025-08-04,2025-08-21,3.93,3.92,Random Walk,3.93,0.14999999999999947,3.7800000000000007,4.08,0.0,0.0
Glencore,test,2025-08-20,2025-08-04,2025-08-21,3.93,3.92,ARIMA,3.9258736910626775,0.15076000606214723,3.7751136850005302,4.076633697124825,-0.0010499513835426685,0.1
Glencore,test,2025-08-20,2025-08-04,2025-08-21,3.93,3.92,Paper-Style Causal VMD-ARIMA/LSTM,3.99055289083613,0.3706353925190684,3.6199174983170614,4.361188283355198,0.01540786026364623,0.25
Glencore,test,2025-08-21,2025-08-04,2025-08-22,3.92,3.98,Random Walk,3.92,0.14999999999999947,3.7700000000000005,4.069999999999999,0.0,0.0
Glencore,test,2025-08-21,2025-08-04,2025-08-22,3.92,3.98,ARIMA,3.9210446215351564,0.15076000606214723,3.770284615473009,4.071804627597304,0.00026648508549910666,0.1
Glencore,test,2025-08-21,2025-08-04,2025-08-22,3.92,3.98,Paper-Style Causal VMD-ARIMA/LSTM,4.025304329128167,0.3706353925190684,3.6546689366090983,4.395939721647235,0.026863349267389487,0.25
Glencore,test,2025-08-22,2025-08-04,2025-08-26,3.98,3.95,Random Walk,3.98,0.14999999999999947,3.8300000000000005,4.129999999999999,0.0,0.0
Glencore,test,2025-08-22,2025-08-04,2025-08-26,3.98,3.95,ARIMA,3.982248876516988,0.15076000606214723,3.831488870454841,4.133008882579135,0.0005650443510020427,0.1
Glencore,test,2025-08-22,2025-08-04,2025-08-26,3.98,3.95,Paper-Style Causal VMD-ARIMA/LSTM,4.163319224045884,0.3706353925190684,3.792683831526815,4.533954616564952,0.04606010654419187,0.25
Glencore,test,2025-08-26,2025-08-04,2025-08-27,3.95,3.96,Random Walk,3.95,0.14999999999999947,3.8000000000000007,4.1,0.0,0.0
Glencore,test,2025-08-26,2025-08-04,2025-08-27,3.95,3.96,ARIMA,3.945618242637207,0.15076000606214723,3.7948582365750596,4.096378248699354,-0.0011093056614666676,0.1
Glencore,test,2025-08-26,2025-08-04,2025-08-27,3.95,3.96,Paper-Style Causal VMD-ARIMA/LSTM,4.000012786236176,0.3706353925190684,3.629377393717107,4.3706481787552445,0.012661464869917833,0.25
Glencore,test,2025-08-27,2025-08-04,2025-08-28,3.96,3.98,Random Walk,3.96,0.14999999999999947,3.8100000000000005,4.109999999999999,0.0,0.0
Glencore,test,2025-08-27,2025-08-04,2025-08-28,3.96,3.98,ARIMA,3.962290899439014,0.15076000606214723,3.8115308933768666,4.1130509055011615,0.0005785099593469289,0.1
Glencore,test,2025-08-27,2025-08-04,2025-08-28,3.96,3.98,Paper-Style Causal VMD-ARIMA/LSTM,4.092811389709749,0.3706353925190684,3.7221759971906807,4.463446782228818,0.03353822972468413,0.25
Glencore,test,2025-08-28,2025-08-04,2025-08-29,3.98,3.95,Random Walk,3.98,0.14999999999999947,3.8300000000000005,4.129999999999999,0.0,0.0
Glencore,test,2025-08-28,2025-08-04,2025-08-29,3.98,3.95,ARIMA,3.979762639232753,0.15076000606214723,3.8290026331706057,4.1305226452949,-5.9638383730404007e-05,0.1
Glencore,test,2025-08-28,2025-08-04,2025-08-29,3.98,3.95,Paper-Style Causal VMD-ARIMA/LSTM,4.104987845037965,0.3706353925190684,3.734352452518897,4.475623237557034,0.031403981165317923,0.25
Glencore,test,2025-08-29,2025-08-04,2025-09-01,3.95,3.91,Random Walk,3.95,0.14999999999999947,3.8000000000000007,4.1,0.0,0.0
Glencore,test,2025-08-29,2025-08-04,2025-09-01,3.95,3.91,ARIMA,3.9480310916536956,0.15076000606214723,3.7972710855915484,4.098791097715843,-0.0004984578091910348,0.1
Glencore,test,2025-08-29,2025-08-04,2025-09-01,3.95,3.91,Paper-Style Causal VMD-ARIMA/LSTM,4.015450672179264,0.3706353925190684,3.6448152796601954,4.386086064698333,0.016569790425130022,0.25
Glencore,test,2025-09-01,2025-08-04,2025-09-02,3.91,3.81,Random Walk,3.91,0.14999999999999947,3.7600000000000007,4.06,0.0,0.0
Glencore,test,2025-09-01,2025-08-04,2025-09-02,3.91,3.81,ARIMA,3.910446259313138,0.14864393790959163,3.7618023214035463,4.05909019722273,0.00011413281665928334,0.1
Glencore,test,2025-09-01,2025-08-04,2025-09-02,3.91,3.81,Paper-Style Causal VMD-ARIMA/LSTM,3.977179573707736,0.368887236171914,3.608292337535822,4.34606680987965,0.01718147665159485,0.25
Glencore,test,2025-09-02,2025-09-02,2025-09-03,3.81,3.86,Random Walk,3.81,0.14999999999999947,3.6600000000000006,3.9599999999999995,0.0,0.0
Glencore,test,2025-09-02,2025-09-02,2025-09-03,3.81,3.86,ARIMA,3.8089389118438266,0.14864393790959163,3.660294973934235,3.9575828497534182,-0.00027850082839198185,0.1
Glencore,test,2025-09-02,2025-09-02,2025-09-03,3.81,3.86,Paper-Style Causal VMD-ARIMA/LSTM,3.916737161522566,0.368887236171914,3.547849925350652,4.28562439769448,0.028015003024295496,0.25
Glencore,test,2025-09-03,2025-09-02,2025-09-04,3.86,3.83,Random Walk,3.86,0.14999999999999947,3.7100000000000004,4.01,0.0,0.0
Glencore,test,2025-09-03,2025-09-02,2025-09-04,3.86,3.83,ARIMA,3.867297821720265,0.14864393790959163,3.7186538838106733,4.0159417596298566,0.0018906273886697027,0.1
Glencore,test,2025-09-03,2025-09-02,2025-09-04,3.86,3.83,Paper-Style Causal VMD-ARIMA/LSTM,4.04058467569551,0.368887236171914,3.671697439523596,4.409471911867424,0.04678359473976951,0.25
Glencore,test,2025-09-04,2025-09-02,2025-09-05,3.83,3.87,Random Walk,3.83,0.14999999999999947,3.6800000000000006,3.9799999999999995,0.0,0.0
Glencore,test,2025-09-04,2025-09-02,2025-09-05,3.83,3.87,ARIMA,3.82592860261851,0.14864393790959163,3.6772846647089183,3.9745725405281016,-0.0010630280369425833,0.1
Glencore,test,2025-09-04,2025-09-02,2025-09-05,3.83,3.87,Paper-Style Causal VMD-ARIMA/LSTM,3.815258422760181,0.368887236171914,3.446371186588267,4.184145658932096,-0.003848975780631579,0.25
Glencore,test,2025-09-05,2025-09-02,2025-09-08,3.87,3.88,Random Walk,3.87,0.14999999999999947,3.7200000000000006,4.02,0.0,0.0
Glencore,test,2025-09-05,2025-09-02,2025-09-08,3.87,3.88,ARIMA,3.87351122923449,0.14864393790959163,3.7248672913248986,4.022155167144081,0.0009072943758372347,0.1
Glencore,test,2025-09-05,2025-09-02,2025-09-08,3.87,3.88,Paper-Style Causal VMD-ARIMA/LSTM,4.016054251233169,0.368887236171914,3.647167015061255,4.384941487405083,0.037740116597718046,0.25
Glencore,test,2025-09-08,2025-09-02,2025-09-09,3.88,4.08,Random Walk,3.88,0.14999999999999947,3.7300000000000004,4.029999999999999,0.0,0.0
Glencore,test,2025-09-08,2025-09-02,2025-09-09,3.88,4.08,ARIMA,3.877720945424467,0.14864393790959163,3.7290770075148756,4.026364883334059,-0.0005873851998795566,0.1
Glencore,test,2025-09-08,2025-09-02,2025-09-09,3.88,4.08,Paper-Style Causal VMD-ARIMA/LSTM,3.872312573458841,0.368887236171914,3.503425337286927,4.241199809630755,-0.0019812955002987266,0.25
Glencore,test,2025-09-09,2025-09-02,2025-09-10,4.08,4.01,Random Walk,4.08,0.14999999999999947,3.9300000000000006,4.2299999999999995,0.0,0.0
Glencore,test,2025-09-09,2025-09-02,2025-09-10,4.08,4.01,ARIMA,4.086092357925541,0.15076000606214723,3.9353323518633934,4.236852363987688,0.001493224981750129,0.1
Glencore,test,2025-09-09,2025-09-02,2025-09-10,4.08,4.01,Paper-Style Causal VMD-ARIMA/LSTM,4.443667801615571,0.368887236171914,4.074780565443657,4.812555037787485,0.08913426510185558,0.25
Glencore,test,2025-09-10,2025-09-02,2025-09-11,4.01,4.05,Random Walk,4.01,0.14999999999999947,3.8600000000000003,4.159999999999999,0.0,0.0
Glencore,test,2025-09-10,2025-09-02,2025-09-11,4.01,4.05,ARIMA,3.9961592000009762,0.15076000606214723,3.845399193938829,4.1469192060631235,-0.0034515710720756975,0.1
Glencore,test,2025-09-10,2025-09-02,2025-09-11,4.01,4.05,Paper-Style Causal VMD-ARIMA/LSTM,3.7860799868289248,0.3706353925190684,3.4154445943098564,4.156715379347993,-0.05584040228705113,0.25
Glencore,test,2025-09-11,2025-09-02,2025-09-12,4.05,4.11,Random Walk,4.05,0.14999999999999947,3.9000000000000004,4.199999999999999,0.0,0.0
Glencore,test,2025-09-11,2025-09-02,2025-09-12,4.05,4.11,ARIMA,4.056011691460678,0.15076000606214723,3.9052516853985306,4.206771697522825,0.0014843682618958117,0.1
Glencore,test,2025-09-11,2025-09-02,2025-09-12,4.05,4.11,Paper-Style Causal VMD-ARIMA/LSTM,4.324090536041347,0.3706353925190684,3.953455143522279,4.694725928560416,0.06767667556576482,0.25
Glencore,test,2025-09-12,2025-09-02,2025-09-15,4.11,4.17,Random Walk,4.11,0.14999999999999947,3.960000000000001,4.26,0.0,0.0
Glencore,test,2025-09-12,2025-09-02,2025-09-15,4.11,4.17,ARIMA,4.108686393940931,0.15076000606214723,3.957926387878784,4.259446400003078,-0.0003196121798222073,0.1
Glencore,test,2025-09-12,2025-09-02,2025-09-15,4.11,4.17,Paper-Style Causal VMD-ARIMA/LSTM,4.110827750970501,0.3706353925190684,3.740192358451433,4.48146314348957,0.00020139926289562744,0.25
Glencore,test,2025-09-15,2025-09-02,2025-09-16,4.17,4.24,Random Walk,4.17,0.14999999999999947,4.0200000000000005,4.319999999999999,0.0,0.0
Glencore,test,2025-09-15,2025-09-02,2025-09-16,4.17,4.24,ARIMA,4.168911956268003,0.14864393790959163,4.020268018358411,4.317555894177595,-0.0002609217582726356,0.1
Glencore,test,2025-09-15,2025-09-02,2025-09-16,4.17,4.24,Paper-Style Causal VMD-ARIMA/LSTM,4.360745922603527,0.368887236171914,3.9918586864316126,4.7296331587754405,0.0457424274828601,0.25
Glencore,test,2025-09-16,2025-09-02,2025-09-17,4.24,4.17,Random Walk,4.24,0.14999999999999947,4.090000000000001,4.39,0.0,0.0
Glencore,test,2025-09-16,2025-09-02,2025-09-17,4.24,4.17,ARIMA,4.23881078984999,0.14864393790959163,4.090166851940398,4.3874547277595815,-0.00028047409198358233,0.1
Glencore,test,2025-09-16,2025-09-02,2025-09-17,4.24,4.17,Paper-Style Causal VMD-ARIMA/LSTM,4.322534610288815,0.368887236171914,3.953647374116901,4.691421846460729,0.019465709973777105,0.25
Glencore,test,2025-09-17,2025-09-02,2025-09-18,4.17,4.17,Random Walk,4.17,0.14999999999999947,4.0200000000000005,4.319999999999999,0.0,0.0
Glencore,test,2025-09-17,2025-09-02,2025-09-18,4.17,4.17,ARIMA,4.163792654938724,0.14864393790959163,4.015148717029132,4.312436592848315,-0.0014885719571405978,0.1
Glencore,test,2025-09-17,2025-09-02,2025-09-18,4.17,4.17,Paper-Style Causal VMD-ARIMA/LSTM,4.1285920230413655,0.368887236171914,3.7597047868694515,4.4974792592132795,-0.009929970493677316,0.25
Glencore,test,2025-09-18,2025-09-02,2025-09-19,4.17,4.21,Random Walk,4.17,0.14999999999999947,4.0200000000000005,4.319999999999999,0.0,0.0
Glencore,test,2025-09-18,2025-09-02,2025-09-19,4.17,4.21,ARIMA,4.174080059251632,0.14864393790959163,4.02543612134204,4.322723997161224,0.0009784314752115417,0.1
Glencore,test,2025-09-18,2025-09-02,2025-09-19,4.17,4.21,Paper-Style Causal VMD-ARIMA/LSTM,4.284385277535211,0.368887236171914,3.915498041363297,4.653272513707125,0.027430522190698133,0.25
Glencore,test,2025-09-19,2025-09-02,2025-09-22,4.21,4.31,Random Walk,4.21,0.14999999999999947,4.0600000000000005,4.359999999999999,0.0,0.0
Glencore,test,2025-09-19,2025-09-02,2025-09-22,4.21,4.31,ARIMA,4.210796681177182,0.14864393790959163,4.062152743267591,4.359440619086774,0.00018923543401008473,0.1
Glencore,test,2025-09-19,2025-09-02,2025-09-22,4.21,4.31,Paper-Style Causal VMD-ARIMA/LSTM,4.294937318842853,0.368887236171914,3.9260500826709386,4.663824555014767,0.020175135117067127,0.25
Glencore,test,2025-09-22,2025-09-02,2025-09-23,4.31,4.34,Random Walk,4.31,0.14999999999999947,4.16,4.459999999999999,0.0,0.0
Glencore,test,2025-09-22,2025-09-02,2025-09-23,4.31,4.34,ARIMA,4.311141011015109,0.14864393790959163,4.162497073105517,4.459784948924701,0.0002647357343641132,0.1
Glencore,test,2025-09-22,2025-09-02,2025-09-23,4.31,4.34,Paper-Style Causal VMD-ARIMA/LSTM,4.509635231886554,0.368887236171914,4.14074799571464,4.878522468058468,0.0463190793240265,0.25
Glencore,test,2025-09-23,2025-09-02,2025-09-24,4.34,4.44,Random Walk,4.34,0.14999999999999947,4.19,4.489999999999999,0.0,0.0
Glencore,test,2025-09-23,2025-09-02,2025-09-24,4.34,4.44,ARIMA,4.335324992615315,0.14864393790959163,4.186681054705724,4.483968930524907,-0.0010771906416324024,0.1
Glencore,test,2025-09-23,2025-09-02,2025-09-24,4.34,4.44,Paper-Style Causal VMD-ARIMA/LSTM,4.3745162072552075,0.368887236171914,4.0056289710832935,4.7434034434271215,0.007953043146361211,0.25
Glencore,test,2025-09-24,2025-09-02,2025-09-25,4.44,4.43,Random Walk,4.44,0.14999999999999947,4.290000000000001,4.59,0.0,0.0
Glencore,test,2025-09-24,2025-09-02,2025-09-25,4.44,4.43,ARIMA,4.441714046629859,0.14864393790959163,4.293070108720268,4.590357984539451,0.00038604653825649913,0.1
Glencore,test,2025-09-24,2025-09-02,2025-09-25,4.44,4.43,Paper-Style Causal VMD-ARIMA/LSTM,4.66712409240538,0.368887236171914,4.298236856233466,5.036011328577294,0.0511540748660764,0.25
Glencore,test,2025-09-25,2025-09-02,2025-09-26,4.43,4.5,Random Walk,4.43,0.14999999999999947,4.28,4.579999999999999,0.0,0.0
Glencore,test,2025-09-25,2025-09-02,2025-09-26,4.43,4.5,ARIMA,4.423720889097336,0.14864393790959163,4.275076951187744,4.572364827006927,-0.0014174065243034058,0.1
Glencore,test,2025-09-25,2025-09-02,2025-09-26,4.43,4.5,Paper-Style Causal VMD-ARIMA/LSTM,4.384598864990987,0.368887236171914,4.015711628819073,4.753486101162901,-0.010248563207452118,0.25
Glencore,test,2025-09-26,2025-09-02,2025-09-29,4.5,4.58,Random Walk,4.5,0.14999999999999947,4.3500000000000005,4.6499999999999995,0.0,0.0
Glencore,test,2025-09-26,2025-09-02,2025-09-29,4.5,4.58,ARIMA,4.503096289879826,0.14864393790959163,4.3544523519702345,4.651740227789418,0.0006880644177391401,0.1
Glencore,test,2025-09-26,2025-09-02,2025-09-29,4.5,4.58,Paper-Style Causal VMD-ARIMA/LSTM,4.728637833562981,0.368887236171914,4.359750597391067,5.097525069734895,0.050808407458440286,0.25
Glencore,test,2025-09-29,2025-09-02,2025-09-30,4.58,4.59,Random Walk,4.58,0.14999999999999947,4.430000000000001,4.7299999999999995,0.0,0.0
Glencore,test,2025-09-29,2025-09-02,2025-09-30,4.58,4.59,ARIMA,4.5781522146606335,0.14853892892296283,4.429613285737671,4.726691143583596,-0.0004034465806477251,0.1
Glencore,test,2025-09-29,2025-09-02,2025-09-30,4.58,4.59,Paper-Style Causal VMD-ARIMA/LSTM,4.659745303894042,0.35104167868535185,4.3087036252086905,5.010786982579394,0.017411638404812736,0.25
Glencore,test,2025-09-30,2025-09-30,2025-10-01,4.59,4.58,Random Walk,4.59,0.14999999999999947,4.44,4.739999999999999,0.0,0.0
Glencore,test,2025-09-30,2025-09-30,2025-10-01,4.59,4.58,ARIMA,4.5861120654800525,0.14853892892296283,4.43757313655709,4.734650994403015,-0.0008470445577227452,0.1
Glencore,test,2025-09-30,2025-09-30,2025-10-01,4.59,4.58,Paper-Style Causal VMD-ARIMA/LSTM,4.532466356637676,0.35104167868535185,4.181424677952324,4.883508035323028,-0.012534562824035663,0.25
Glencore,test,2025-10-01,2025-09-30,2025-10-02,4.58,4.58,Random Walk,4.58,0.14999999999999947,4.430000000000001,4.7299999999999995,0.0,0.0
Glencore,test,2025-10-01,2025-09-30,2025-10-02,4.58,4.58,ARIMA,4.579153130741374,0.14853892892296283,4.430614201818411,4.727692059664337,-0.00018490595166508578,0.1
Glencore,test,2025-10-01,2025-09-30,2025-10-02,4.58,4.58,Paper-Style Causal VMD-ARIMA/LSTM,4.382530499766994,0.35104167868535185,4.031488821081642,4.733572178452346,-0.04311561140458647,0.25
Glencore,test,2025-10-02,2025-09-30,2025-10-03,4.58,4.69,Random Walk,4.58,0.14999999999999947,4.430000000000001,4.7299999999999995,0.0,0.0
Glencore,test,2025-10-02,2025-09-30,2025-10-03,4.58,4.69,ARIMA,4.580365640078247,0.14853892892296283,4.431826711155284,4.72890456900121,7.983407821982497e-05,0.1
Glencore,test,2025-10-02,2025-09-30,2025-10-03,4.58,4.69,Paper-Style Causal VMD-ARIMA/LSTM,4.385757716830916,0.35104167868535185,4.0347160381455645,4.736799395516268,-0.04241097885787855,0.25
Glencore,test,2025-10-03,2025-09-30,2025-10-06,4.69,4.77,Random Walk,4.69,0.14999999999999947,4.540000000000001,4.84,0.0,0.0
Glencore,test,2025-10-03,2025-09-30,2025-10-06,4.69,4.77,ARIMA,4.693442674966774,0.14853892892296283,4.544903746043811,4.841981603889737,0.0007340458351329959,0.1
Glencore,test,2025-10-03,2025-09-30,2025-10-06,4.69,4.77,Paper-Style Causal VMD-ARIMA/LSTM,4.656280734030904,0.35104167868535185,4.305239055345552,5.007322412716256,-0.0071896089486345694,0.25
Glencore,test,2025-10-06,2025-09-30,2025-10-07,4.77,4.79,Random Walk,4.77,0.14999999999999947,4.62,4.919999999999999,0.0,0.0
Glencore,test,2025-10-06,2025-09-30,2025-10-07,4.77,4.79,ARIMA,4.766361666560477,0.14853892892296283,4.617822737637514,4.91490059548344,-0.0007627533416190126,0.1
Glencore,test,2025-10-06,2025-09-30,2025-10-07,4.77,4.79,Paper-Style Causal VMD-ARIMA/LSTM,4.630759440769662,0.35104167868535185,4.27971776208431,4.981801119455014,-0.029190892920406213,0.25
Glencore,test,2025-10-07,2025-09-30,2025-10-08,4.79,4.77,Random Walk,4.79,0.14999999999999947,4.640000000000001,4.9399999999999995,0.0,0.0
Glencore,test,2025-10-07,2025-09-30,2025-10-08,4.79,4.77,ARIMA,4.786510164266135,0.14853892892296283,4.637971235343172,4.935049093189098,-0.0007285669590532982,0.1
Glencore,test,2025-10-07,2025-09-30,2025-10-08,4.79,4.77,Paper-Style Causal VMD-ARIMA/LSTM,4.6357422777183,0.35104167868535185,4.2847005990329485,4.986783956403652,-0.03220411738657613,0.25
Glencore,test,2025-10-08,2025-09-30,2025-10-09,4.77,4.75,Random Walk,4.77,0.14999999999999947,4.62,4.919999999999999,0.0,0.0
Glencore,test,2025-10-08,2025-09-30,2025-10-09,4.77,4.75,ARIMA,4.768164631828163,0.14853892892296283,4.6196257029052,4.916703560751126,-0.0003847732016429406,0.1
Glencore,test,2025-10-08,2025-09-30,2025-10-09,4.77,4.75,Paper-Style Causal VMD-ARIMA/LSTM,4.555224063773889,0.35104167868535185,4.204182385088537,4.906265742459241,-0.04502640172455144,0.25
Glencore,test,2025-10-09,2025-09-30,2025-10-10,4.75,4.62,Random Walk,4.75,0.14999999999999947,4.6000000000000005,4.8999999999999995,0.0,0.0
Glencore,test,2025-10-09,2025-09-30,2025-10-10,4.75,4.62,ARIMA,4.75033669874488,0.14853892892296283,4.601797769821917,4.8988756276678425,7.08839462904477e-05,0.1
Glencore,test,2025-10-09,2025-09-30,2025-10-10,4.75,4.62,Paper-Style Causal VMD-ARIMA/LSTM,4.566930701047532,0.35104167868535185,4.21588902236218,4.917972379732884,-0.03854090504262481,0.25
Glencore,test,2025-10-10,2025-09-30,2025-10-13,4.62,4.76,Random Walk,4.62,0.14999999999999947,4.470000000000001,4.77,0.0,0.0
Glencore,test,2025-10-10,2025-09-30,2025-10-13,4.62,4.76,ARIMA,4.616858000966392,0.14853892892296283,4.468319072043429,4.765396929889355,-0.000680086370910849,0.1
Glencore,test,2025-10-10,2025-09-30,2025-10-13,4.62,4.76,Paper-Style Causal VMD-ARIMA/LSTM,4.263339224307422,0.35104167868535185,3.91229754562207,4.614380902992774,-0.07719930209796068,0.25
Glencore,test,2025-10-13,2025-09-30,2025-10-14,4.76,4.71,Random Walk,4.76,0.14000000000000057,4.619999999999999,4.9,0.0,0.0
Glencore,test,2025-10-13,2025-09-30,2025-10-14,4.76,4.71,ARIMA,4.771778411399967,0.14705554632988616,4.624722865070081,4.918833957729853,0.0024744561764636656,0.1
Glencore,test,2025-10-13,2025-09-30,2025-10-14,4.76,4.71,Paper-Style Causal VMD-ARIMA/LSTM,4.890025275979525,0.35104167868535185,4.538983597294173,5.241066954664877,0.027316234449480104,0.25
Glencore,test,2025-10-14,2025-09-30,2025-10-15,4.71,4.73,Random Walk,4.71,0.14000000000000057,4.569999999999999,4.8500000000000005,0.0,0.0
Glencore,test,2025-10-14,2025-09-30,2025-10-15,4.71,4.73,ARIMA,4.700101773961272,0.14705554632988616,4.553046227631386,4.847157320291158,-0.002101534190812722,0.1
Glencore,test,2025-10-14,2025-09-30,2025-10-15,4.71,4.73,Paper-Style Causal VMD-ARIMA/LSTM,4.30533523666945,0.35104167868535185,3.954293557984098,4.656376915354802,-0.08591608563281321,0.25
Glencore,test,2025-10-15,2025-09-30,2025-10-16,4.73,4.72,Random Walk,4.73,0.14000000000000057,4.59,4.870000000000001,0.0,0.0
Glencore,test,2025-10-15,2025-09-30,2025-10-16,4.73,4.72,ARIMA,4.734374939108053,0.14705554632988616,4.587319392778167,4.88143048543794,0.00092493427231564,0.1
Glencore,test,2025-10-15,2025-09-30,2025-10-16,4.73,4.72,Paper-Style Causal VMD-ARIMA/LSTM,4.73949377017316,0.368887236171914,4.370606534001246,5.108381006345074,0.0020071395714925766,0.25
Glencore,test,2025-10-16,2025-09-30,2025-10-17,4.72,4.64,Random Walk,4.72,0.14000000000000057,4.579999999999999,4.86,0.0,0.0
Glencore,test,2025-10-16,2025-09-30,2025-10-17,4.72,4.64,ARIMA,4.7178857187275485,0.14705554632988616,4.570830172397662,4.864941265057435,-0.0004479409475532372,0.1
Glencore,test,2025-10-16,2025-09-30,2025-10-17,4.72,4.64,Paper-Style Causal VMD-ARIMA/LSTM,4.4336756695957265,0.368887236171914,4.0647884334238125,4.8025629057676404,-0.060661934407685025,0.25
Glencore,test,2025-10-17,2025-09-30,2025-10-20,4.64,4.68,Random Walk,4.64,0.14000000000000057,4.499999999999999,4.78,0.0,0.0
Glencore,test,2025-10-17,2025-09-30,2025-10-20,4.64,4.68,ARIMA,4.638317490891365,0.14705554632988616,4.4912619445614785,4.785373037221251,-0.0003626097216885752,0.1
Glencore,test,2025-10-17,2025-09-30,2025-10-20,4.64,4.68,Paper-Style Causal VMD-ARIMA/LSTM,4.445130009897905,0.368887236171914,4.076242773725991,4.814017246069819,-0.04199784269441687,0.25
Glencore,test,2025-10-20,2025-09-30,2025-10-21,4.68,4.6,Random Walk,4.68,0.14000000000000057,4.539999999999999,4.82,0.0,0.0
Glencore,test,2025-10-20,2025-09-30,2025-10-21,4.68,4.6,ARIMA,4.685642572236015,0.14705554632988616,4.5385870259061285,4.832698118565901,0.001205677828208321,0.1
Glencore,test,2025-10-20,2025-09-30,2025-10-21,4.68,4.6,Paper-Style Causal VMD-ARIMA/LSTM,4.58499095826818,0.368887236171914,4.216103722096266,4.953878194440094,-0.02030107729312391,0.25
Glencore,test,2025-10-21,2025-09-30,2025-10-22,4.6,4.54,Random Walk,4.6,0.14000000000000057,4.459999999999999,4.74,0.0,0.0
Glencore,test,2025-10-21,2025-09-30,2025-10-22,4.6,4.54,ARIMA,4.594964312380037,0.14705554632988616,4.447908766050151,4.742019858709924,-0.0010947146999917834,0.1
Glencore,test,2025-10-21,2025-09-30,2025-10-22,4.6,4.54,Paper-Style Causal VMD-ARIMA/LSTM,4.292402896086995,0.368887236171914,3.923515659915081,4.661290132258909,-0.0668689356332619,0.25
Glencore,test,2025-10-22,2025-09-30,2025-10-23,4.54,4.6,Random Walk,4.54,0.14000000000000057,4.3999999999999995,4.680000000000001,0.0,0.0
Glencore,test,2025-10-22,2025-09-30,2025-10-23,4.54,4.6,ARIMA,4.54299618290466,0.14705554632988616,4.395940636574774,4.690051729234546,0.0006599521816431412,0.1
Glencore,test,2025-10-22,2025-09-30,2025-10-23,4.54,4.6,Paper-Style Causal VMD-ARIMA/LSTM,4.379146882572084,0.368887236171914,4.01025964640017,4.748034118743998,-0.03543020207663342,0.25
Glencore,test,2025-10-23,2025-09-30,2025-10-24,4.6,4.61,Random Walk,4.6,0.14000000000000057,4.459999999999999,4.74,0.0,0.0
Glencore,test,2025-10-23,2025-09-30,2025-10-24,4.6,4.61,ARIMA,4.604860109231937,0.14705554632988616,4.457804562902051,4.751915655561823,0.0010565454852037256,0.1
Glencore,test,2025-10-23,2025-09-30,2025-10-24,4.6,4.61,Paper-Style Causal VMD-ARIMA/LSTM,4.5234451655235315,0.368887236171914,4.1545579293516175,4.8923324016954455,-0.01664235532097134,0.25
Glencore,test,2025-10-24,2025-09-30,2025-10-27,4.61,4.63,Random Walk,4.61,0.14000000000000057,4.47,4.750000000000001,0.0,0.0
Glencore,test,2025-10-24,2025-09-30,2025-10-27,4.61,4.63,ARIMA,4.607004877205597,0.14705554632988616,4.459949330875711,4.754060423535483,-0.0006497012569204757,0.1
Glencore,test,2025-10-24,2025-09-30,2025-10-27,4.61,4.63,Paper-Style Causal VMD-ARIMA/LSTM,4.432186198693425,0.368887236171914,4.063298962521511,4.801073434865339,-0.038571323493834124,0.25
Glencore,test,2025-10-27,2025-09-30,2025-10-28,4.63,4.66,Random Walk,4.63,0.14000000000000057,4.489999999999999,4.7700000000000005,0.0,0.0
Glencore,test,2025-10-27,2025-09-30,2025-10-28,4.63,4.66,ARIMA,4.63044710817997,0.1455428077790888,4.484904300400881,4.775989915959059,9.656764146224175e-05,0.1
Glencore,test,2025-10-27,2025-09-30,2025-10-28,4.63,4.66,Paper-Style Causal VMD-ARIMA/LSTM,4.522609434953877,0.35104167868535185,4.171567756268525,4.873651113639228,-0.023194506489443482,0.25
Glencore,test,2025-10-28,2025-10-28,2025-10-29,4.66,4.9,Random Walk,4.66,0.14000000000000057,4.52,4.800000000000001,0.0,0.0
Glencore,test,2025-10-28,2025-10-28,2025-10-29,4.66,4.9,ARIMA,4.659657417569783,0.1455428077790888,4.514114609790695,4.805200225348872,-7.35155429649757e-05,0.1
Glencore,test,2025-10-28,2025-10-28,2025-10-29,4.66,4.9,Paper-Style Causal VMD-ARIMA/LSTM,4.627490264872744,0.35104167868535185,4.276448586187392,4.978531943558096,-0.00697633801014079,0.25
Glencore,test,2025-10-29,2025-10-28,2025-10-30,4.9,4.8,Random Walk,4.9,0.14000000000000057,4.76,5.040000000000001,0.0,0.0
Glencore,test,2025-10-29,2025-10-28,2025-10-30,4.9,4.8,ARIMA,4.905903691950906,0.14705554632988616,4.75884814562102,5.052959238280792,0.001204835092021521,0.1
Glencore,test,2025-10-29,2025-10-28,2025-10-30,4.9,4.8,Paper-Style Causal VMD-ARIMA/LSTM,5.22358848125423,0.35104167868535185,4.872546802568878,5.5746301599395816,0.06603846556208762,0.25
Glencore,test,2025-10-30,2025-10-28,2025-10-31,4.8,4.79,Random Walk,4.8,0.14000000000000057,4.659999999999999,4.94,0.0,0.0
Glencore,test,2025-10-30,2025-10-28,2025-10-31,4.8,4.79,ARIMA,4.783403070346249,0.14705554632988616,4.6363475240163625,4.930458616676135,-0.0034576936778648224,0.1
Glencore,test,2025-10-30,2025-10-28,2025-10-31,4.8,4.79,Paper-Style Causal VMD-ARIMA/LSTM,4.482306143179329,0.368887236171914,4.113418907007415,4.851193379351243,-0.06618622017097306,0.25
Glencore,test,2025-10-31,2025-10-28,2025-11-03,4.79,4.69,Random Walk,4.79,0.14000000000000057,4.6499999999999995,4.930000000000001,0.0,0.0
Glencore,test,2025-10-31,2025-10-28,2025-11-03,4.79,4.69,ARIMA,4.7960567349538685,0.14705554632988616,4.649001188623982,4.943112281283755,0.001264454061350416,0.1
Glencore,test,2025-10-31,2025-10-28,2025-11-03,4.79,4.69,Paper-Style Causal VMD-ARIMA/LSTM,4.997020596014931,0.368887236171914,4.628133359843017,5.365907832186845,0.04321933110958888,0.25
Glencore,test,2025-11-03,2025-10-28,2025-11-04,4.69,4.56,Random Walk,4.69,0.14000000000000057,4.55,4.830000000000001,0.0,0.0
Glencore,test,2025-11-03,2025-10-28,2025-11-04,4.69,4.56,ARIMA,4.686309818161448,0.14705554632988616,4.539254271831562,4.833365364491335,-0.0007868191553415702,0.1
Glencore,test,2025-11-03,2025-10-28,2025-11-04,4.69,4.56,Paper-Style Causal VMD-ARIMA/LSTM,4.4461732926160815,0.368887236171914,4.0772860564441675,4.8150605287879955,-0.051988636968852635,0.25
Glencore,test,2025-11-04,2025-10-28,2025-11-05,4.56,4.64,Random Walk,4.56,0.14000000000000057,4.419999999999999,4.7,0.0,0.0
Glencore,test,2025-11-04,2025-10-28,2025-11-05,4.56,4.64,ARIMA,4.5618974284114495,0.14705554632988616,4.414841882081563,4.708952974741336,0.0004161027218091905,0.1
Glencore,test,2025-11-04,2025-10-28,2025-11-05,4.56,4.64,Paper-Style Causal VMD-ARIMA/LSTM,4.602275051406919,0.368887236171914,4.233387815235005,4.971162287578833,0.009270844606780631,0.25
Glencore,test,2025-11-05,2025-10-28,2025-11-06,4.64,4.73,Random Walk,4.64,0.14000000000000057,4.499999999999999,4.78,0.0,0.0
Glencore,test,2025-11-05,2025-10-28,2025-11-06,4.64,4.73,ARIMA,4.64942623206381,0.14705554632988616,4.502370685733924,4.796481778393696,0.002031515530993605,0.1
Glencore,test,2025-11-05,2025-10-28,2025-11-06,4.64,4.73,Paper-Style Causal VMD-ARIMA/LSTM,4.800874803360269,0.368887236171914,4.431987567188355,5.169762039532183,0.03467129382764431,0.25
Glencore,test,2025-11-06,2025-10-28,2025-11-07,4.73,4.7,Random Walk,4.73,0.14000000000000057,4.59,4.870000000000001,0.0,0.0
Glencore,test,2025-11-06,2025-10-28,2025-11-07,4.73,4.7,ARIMA,4.728212476947821,0.14705554632988616,4.581156930617935,4.875268023277707,-0.0003779118503550849,0.1
Glencore,test,2025-11-06,2025-10-28,2025-11-07,4.73,4.7,Paper-Style Causal VMD-ARIMA/LSTM,4.905476394635607,0.368887236171914,4.536589158463693,5.274363630807521,0.03709860351704156,0.25
Glencore,test,2025-11-07,2025-10-28,2025-11-10,4.7,4.78,Random Walk,4.7,0.14000000000000057,4.56,4.840000000000001,0.0,0.0
Glencore,test,2025-11-07,2025-10-28,2025-11-10,4.7,4.78,ARIMA,4.694664597263005,0.14705554632988616,4.547609050933119,4.841720143592891,-0.0011351920717011484,0.1
Glencore,test,2025-11-07,2025-10-28,2025-11-10,4.7,4.78,Paper-Style Causal VMD-ARIMA/LSTM,4.704504791096488,0.368887236171914,4.335617554924574,5.073392027268402,0.0009584661907420669,0.25
Glencore,test,2025-11-10,2025-10-28,2025-11-11,4.78,4.84,Random Walk,4.78,0.14000000000000057,4.64,4.920000000000001,0.0,0.0
Glencore,test,2025-11-10,2025-10-28,2025-11-11,4.78,4.84,ARIMA,4.784234382099826,0.1455428077790888,4.638691574320737,4.929777189878915,0.0008858539957794666,0.1
Glencore,test,2025-11-10,2025-10-28,2025-11-11,4.78,4.84,Paper-Style Causal VMD-ARIMA/LSTM,5.023276886206567,0.35104167868535185,4.672235207521215,5.374318564891919,0.050894746068319376,0.25
Glencore,test,2025-11-11,2025-10-28,2025-11-12,4.84,4.88,Random Walk,4.84,0.14000000000000057,4.699999999999999,4.98,0.0,0.0
Glencore,test,2025-11-11,2025-10-28,2025-11-12,4.84,4.88,ARIMA,4.837035005648347,0.1455428077790888,4.691492197869258,4.982577813427436,-0.0006126021387712775,0.1
Glencore,test,2025-11-11,2025-10-28,2025-11-12,4.84,4.88,Paper-Style Causal VMD-ARIMA/LSTM,4.896522479455707,0.35104167868535185,4.545480800770355,5.247564158141059,0.011678198234650272,0.25
Glencore,test,2025-11-12,2025-10-28,2025-11-13,4.88,4.92,Random Walk,4.88,0.14000000000000057,4.739999999999999,5.0200000000000005,0.0,0.0
Glencore,test,2025-11-12,2025-10-28,2025-11-13,4.88,4.92,ARIMA,4.878266960620561,0.1455428077790888,4.732724152841472,5.02380976839965,-0.0003551310203768499,0.1
Glencore,test,2025-11-12,2025-10-28,2025-11-13,4.88,4.92,Paper-Style Causal VMD-ARIMA/LSTM,5.014853560690076,0.35104167868535185,4.663811882004724,5.365895239375428,0.027633926370917265,0.25
Glencore,test,2025-11-13,2025-10-28,2025-11-14,4.92,4.82,Random Walk,4.92,0.14000000000000057,4.779999999999999,5.0600000000000005,0.0,0.0
Glencore,test,2025-11-13,2025-10-28,2025-11-14,4.92,4.82,ARIMA,4.918935403945279,0.1455428077790888,4.7733925961661905,5.064478211724368,-0.00021638131193509058,0.1
Glencore,test,2025-11-13,2025-10-28,2025-11-14,4.92,4.82,Paper-Style Causal VMD-ARIMA/LSTM,4.970784295099957,0.35104167868535185,4.619742616414605,5.321825973785309,0.010322011199178268,0.25
Glencore,test,2025-11-14,2025-10-28,2025-11-17,4.82,4.79,Random Walk,4.82,0.14000000000000057,4.68,4.960000000000001,0.0,0.0
Glencore,test,2025-11-14,2025-10-28,2025-11-17,4.82,4.79,ARIMA,4.814592298538823,0.1455428077790888,4.669049490759734,4.960135106317912,-0.0011219297637296852,0.1
Glencore,test,2025-11-14,2025-10-28,2025-11-17,4.82,4.79,Paper-Style Causal VMD-ARIMA/LSTM,4.713301352403643,0.35104167868535185,4.362259673718291,5.0643430310889945,-0.022136648878912365,0.25
Glencore,test,2025-11-17,2025-10-28,2025-11-18,4.79,4.67,Random Walk,4.79,0.14000000000000057,4.6499999999999995,4.930000000000001,0.0,0.0
Glencore,test,2025-11-17,2025-10-28,2025-11-18,4.79,4.67,ARIMA,4.794693775148322,0.1455428077790888,4.649150967369233,4.940236582927411,0.0009799113044513638,0.1
Glencore,test,2025-11-17,2025-10-28,2025-11-18,4.79,4.67,Paper-Style Causal VMD-ARIMA/LSTM,4.842305320734682,0.35104167868535185,4.49126364204933,5.193346999420034,0.010919691176342792,0.25
Glencore,test,2025-11-18,2025-10-28,2025-11-19,4.67,4.61,Random Walk,4.67,0.14000000000000057,4.529999999999999,4.8100000000000005,0.0,0.0
Glencore,test,2025-11-18,2025-10-28,2025-11-19,4.67,4.61,ARIMA,4.667448205837308,0.1455428077790888,4.52190539805822,4.812991013616397,-0.0005464227329104023,0.1
Glencore,test,2025-11-18,2025-10-28,2025-11-19,4.67,4.61,Paper-Style Causal VMD-ARIMA/LSTM,4.487066329065863,0.35104167868535185,4.136024650380511,4.838108007751215,-0.03917209227711711,0.25
Glencore,test,2025-11-19,2025-10-28,2025-11-20,4.61,4.56,Random Walk,4.61,0.14000000000000057,4.47,4.750000000000001,0.0,0.0
Glencore,test,2025-11-19,2025-10-28,2025-11-20,4.61,4.56,ARIMA,4.615086292587198,0.1455428077790888,4.469543484808109,4.760629100366287,0.001103317264034166,0.1
Glencore,test,2025-11-19,2025-10-28,2025-11-20,4.61,4.56,Paper-Style Causal VMD-ARIMA/LSTM,4.646380978344652,0.35104167868535185,4.2953392996593,4.997422657030004,0.007891752352419049,0.25
Glencore,test,2025-11-20,2025-10-28,2025-11-21,4.56,4.39,Random Walk,4.56,0.14000000000000057,4.419999999999999,4.7,0.0,0.0
Glencore,test,2025-11-20,2025-10-28,2025-11-21,4.56,4.39,ARIMA,4.561445875388381,0.1455428077790888,4.4159030676092925,4.70698868316747,0.0003170779360486187,0.1
Glencore,test,2025-11-20,2025-10-28,2025-11-21,4.56,4.39,Paper-Style Causal VMD-ARIMA/LSTM,4.4617885862443645,0.35104167868535185,4.110746907559013,4.812830264929716,-0.0215375907358849,0.25
Glencore,test,2025-11-21,2025-10-28,2025-11-24,4.39,4.5,Random Walk,4.39,0.14000000000000057,4.249999999999999,4.53,0.0,0.0
Glencore,test,2025-11-21,2025-10-28,2025-11-24,4.39,4.5,ARIMA,4.387666543492697,0.14705554632988616,4.240610997162811,4.5347220898225835,-0.0005315390677226249,0.1
Glencore,test,2025-11-21,2025-10-28,2025-11-24,4.39,4.5,Paper-Style Causal VMD-ARIMA/LSTM,4.212198741511295,0.35104167868535185,3.861157062825943,4.563240420196647,-0.04050142562385074,0.25
Glencore,test,2025-11-24,2025-10-28,2025-11-25,4.5,4.56,Random Walk,4.5,0.14000000000000057,4.359999999999999,4.640000000000001,0.0,0.0
Glencore,test,2025-11-24,2025-10-28,2025-11-25,4.5,4.56,ARIMA,4.512992869420658,0.1455428077790888,4.367450061641569,4.658535677199747,0.002887304315701734,0.1
Glencore,test,2025-11-24,2025-10-28,2025-11-25,4.5,4.56,Paper-Style Causal VMD-ARIMA/LSTM,4.737319863518979,0.34880648694426997,4.388513376574709,5.08612635046325,0.05273774744866206,0.25
Glencore,test,2025-11-25,2025-11-25,2025-11-26,4.56,4.63,Random Walk,4.56,0.14000000000000057,4.419999999999999,4.7,0.0,0.0
Glencore,test,2025-11-25,2025-11-25,2025-11-26,4.56,4.63,ARIMA,4.555306738272383,0.1455428077790888,4.409763930493294,4.700849546051471,-0.0010292240630738973,0.1
Glencore,test,2025-11-25,2025-11-25,2025-11-26,4.56,4.63,Paper-Style Causal VMD-ARIMA/LSTM,4.461925535682958,0.34880648694426997,4.113119048738689,4.810732022627228,-0.021507557964263437,0.25
Glencore,test,2025-11-26,2025-11-25,2025-11-27,4.63,4.72,Random Walk,4.63,0.14000000000000057,4.489999999999999,4.7700000000000005,0.0,0.0
Glencore,test,2025-11-26,2025-11-25,2025-11-27,4.63,4.72,ARIMA,4.629762228997943,0.1455428077790888,4.484219421218854,4.7753050367770316,-5.135442809009287e-05,0.1
Glencore,test,2025-11-26,2025-11-25,2025-11-27,4.63,4.72,Paper-Style Causal VMD-ARIMA/LSTM,4.673522800010462,0.34880648694426997,4.324716313066192,5.022329286954731,0.009400172788436656,0.25
Glencore,test,2025-11-27,2025-11-25,2025-11-28,4.72,4.78,Random Walk,4.72,0.14000000000000057,4.579999999999999,4.86,0.0,0.0
Glencore,test,2025-11-27,2025-11-25,2025-11-28,4.72,4.78,ARIMA,4.71873250318799,0.1455428077790888,4.573189695408901,4.864275310967079,-0.0002685374601715383,0.1
Glencore,test,2025-11-27,2025-11-25,2025-11-28,4.72,4.78,Paper-Style Causal VMD-ARIMA/LSTM,4.770633776937875,0.34880648694426997,4.421827289993605,5.1194402638821455,0.01072749511395663,0.25
Glencore,test,2025-11-28,2025-11-25,2025-12-01,4.78,4.82,Random Walk,4.78,0.14000000000000057,4.64,4.920000000000001,0.0,0.0
Glencore,test,2025-11-28,2025-11-25,2025-12-01,4.78,4.82,ARIMA,4.776968518793759,0.1455428077790888,4.63142571101467,4.922511326572848,-0.0006342010891717745,0.1
Glencore,test,2025-11-28,2025-11-25,2025-12-01,4.78,4.82,Paper-Style Causal VMD-ARIMA/LSTM,4.828715903358527,0.34880648694426997,4.479909416414257,5.177522390302798,0.010191611581281831,0.25
Glencore,test,2025-12-01,2025-11-25,2025-12-02,4.82,4.76,Random Walk,4.82,0.14000000000000057,4.68,4.960000000000001,0.0,0.0
Glencore,test,2025-12-01,2025-11-25,2025-12-02,4.82,4.76,ARIMA,4.817986795725779,0.1455428077790888,4.67244398794669,4.963529603504868,-0.0004176772353156345,0.1
Glencore,test,2025-12-01,2025-11-25,2025-12-02,4.82,4.76,Paper-Style Causal VMD-ARIMA/LSTM,4.845456787805111,0.34880648694426997,4.496650300860841,5.194263274749382,0.005281491245873665,0.25
Glencore,test,2025-12-02,2025-11-25,2025-12-03,4.76,5.12,Random Walk,4.76,0.14000000000000057,4.619999999999999,4.9,0.0,0.0
Glencore,test,2025-12-02,2025-11-25,2025-12-03,4.76,5.12,ARIMA,4.755814628383182,0.1455428077790888,4.610271820604093,4.901357436162271,-0.0008792797514323252,0.1
Glencore,test,2025-12-02,2025-11-25,2025-12-03,4.76,5.12,Paper-Style Causal VMD-ARIMA/LSTM,4.652332629521507,0.34880648694426997,4.303526142577237,5.001139116465778,-0.022619195478674897,0.25
Glencore,test,2025-12-03,2025-11-25,2025-12-04,5.12,5.1,Random Walk,5.12,0.14000000000000057,4.9799999999999995,5.260000000000001,0.0,0.0
Glencore,test,2025-12-03,2025-11-25,2025-12-04,5.12,5.1,ARIMA,5.134626962781096,0.14705554632988616,4.9875714164512095,5.281682509110982,0.002856828668182723,0.1
Glencore,test,2025-12-03,2025-11-25,2025-12-04,5.12,5.1,Paper-Style Causal VMD-ARIMA/LSTM,5.683241070909733,0.35104167868535185,5.332199392224381,6.034282749595085,0.1100080216620572,0.25
Glencore,test,2025-12-04,2025-11-25,2025-12-05,5.1,5.06,Random Walk,5.1,0.14000000000000057,4.959999999999999,5.24,0.0,0.0
Glencore,test,2025-12-04,2025-11-25,2025-12-05,5.1,5.06,ARIMA,5.078908900331144,0.14705554632988616,4.931853354001258,5.22596444666103,-0.004135509738991292,0.1
Glencore,test,2025-12-04,2025-11-25,2025-12-05,5.1,5.06,Paper-Style Causal VMD-ARIMA/LSTM,4.762939303576651,0.368887236171914,4.394052067404737,5.131826539748565,-0.06609033263202911,0.25
Glencore,test,2025-12-05,2025-11-25,2025-12-08,5.06,5.05,Random Walk,5.06,0.14000000000000057,4.919999999999999,5.2,0.0,0.0
Glencore,test,2025-12-05,2025-11-25,2025-12-08,5.06,5.05,ARIMA,5.061307834604234,0.14705554632988616,4.914252288274348,5.20836338093412,0.00025846533680520497,0.1
Glencore,test,2025-12-05,2025-11-25,2025-12-08,5.06,5.05,Paper-Style Causal VMD-ARIMA/LSTM,5.219653031234148,0.368887236171914,4.850765795062234,5.588540267406062,0.031551982457341546,0.25
Glencore,test,2025-12-08,2025-11-25,2025-12-09,5.05,5.06,Random Walk,5.05,0.14000000000000057,4.909999999999999,5.19,0.0,0.0
Glencore,test,2025-12-08,2025-11-25,2025-12-09,5.05,5.06,ARIMA,5.0506833173329975,0.1455428077790888,4.905140509553909,5.196226125112086,0.0001353103629698309,0.1
Glencore,test,2025-12-08,2025-11-25,2025-12-09,5.05,5.06,Paper-Style Causal VMD-ARIMA/LSTM,4.906681857221832,0.35104167868535185,4.55564017853648,5.257723535907184,-0.028379830253102534,0.25
Glencore,test,2025-12-09,2025-11-25,2025-12-10,5.06,5.09,Random Walk,5.06,0.14000000000000057,4.919999999999999,5.2,0.0,0.0
Glencore,test,2025-12-09,2025-11-25,2025-12-10,5.06,5.09,ARIMA,5.0609138042191315,0.1455428077790888,4.915370996440043,5.20645661199822,0.00018059371919602717,0.1
Glencore,test,2025-12-09,2025-11-25,2025-12-10,5.06,5.09,Paper-Style Causal VMD-ARIMA/LSTM,5.169416328683386,0.35104167868535185,4.818374649998034,5.520458007368738,0.02162378037221081,0.25
Glencore,test,2025-12-10,2025-11-25,2025-12-11,5.09,5.13,Random Walk,5.09,0.14000000000000057,4.949999999999999,5.23,0.0,0.0
Glencore,test,2025-12-10,2025-11-25,2025-12-11,5.09,5.13,ARIMA,5.090402104500447,0.1455428077790888,4.944859296721358,5.235944912279535,7.899891953767265e-05,0.1
Glencore,test,2025-12-10,2025-11-25,2025-12-11,5.09,5.13,Paper-Style Causal VMD-ARIMA/LSTM,5.069392214479803,0.35104167868535185,4.7183505357944515,5.420433893165155,-0.004048680848761589,0.25
Glencore,test,2025-12-11,2025-11-25,2025-12-12,5.13,5.02,Random Walk,5.13,0.14000000000000057,4.989999999999999,5.2700000000000005,0.0,0.0
Glencore,test,2025-12-11,2025-11-25,2025-12-12,5.13,5.02,ARIMA,5.129646504290392,0.1455428077790888,4.984103696511303,5.275189312069481,-6.890754573256841e-05,0.1
Glencore,test,2025-12-11,2025-11-25,2025-12-12,5.13,5.02,Paper-Style Causal VMD-ARIMA/LSTM,5.231278649469483,0.35104167868535185,4.880236970784131,5.582320328154835,0.01974242679717023,0.25
Glencore,test,2025-12-12,2025-11-25,2025-12-15,5.02,5.09,Random Walk,5.02,0.14000000000000057,4.879999999999999,5.16,0.0,0.0
Glencore,test,2025-12-12,2025-11-25,2025-12-15,5.02,5.09,ARIMA,5.01438017438405,0.1455428077790888,4.868837366604962,5.159922982163139,-0.0011194871744918732,0.1
Glencore,test,2025-12-12,2025-11-25,2025-12-15,5.02,5.09,Paper-Style Causal VMD-ARIMA/LSTM,4.83518622564753,0.35104167868535185,4.484144546962178,5.186227904332882,-0.03681549289889829,0.25
Glencore,test,2025-12-15,2025-11-25,2025-12-16,5.09,5.01,Random Walk,5.09,0.14000000000000057,4.949999999999999,5.23,0.0,0.0
Glencore,test,2025-12-15,2025-11-25,2025-12-16,5.09,5.01,ARIMA,5.09839825307802,0.1455428077790888,4.9528554452989315,5.243941060857109,0.0016499514888055886,0.1
Glencore,test,2025-12-15,2025-11-25,2025-12-16,5.09,5.01,Paper-Style Causal VMD-ARIMA/LSTM,5.330780769719381,0.35104167868535185,4.97973909103403,5.681822448404733,0.04730466988592958,0.25
Glencore,test,2025-12-16,2025-11-25,2025-12-17,5.01,5.07,Random Walk,5.01,0.14000000000000057,4.869999999999999,5.15,0.0,0.0
Glencore,test,2025-12-16,2025-11-25,2025-12-17,5.01,5.07,ARIMA,5.003069217833547,0.1455428077790888,4.857526410054458,5.1486120256126355,-0.0013833896539826433,0.1
Glencore,test,2025-12-16,2025-11-25,2025-12-17,5.01,5.07,Paper-Style Causal VMD-ARIMA/LSTM,4.793482579645868,0.35104167868535185,4.442440900960516,5.14452425833122,-0.04321704997088455,0.25
Glencore,test,2025-12-17,2025-11-25,2025-12-18,5.07,5.17,Random Walk,5.07,0.14000000000000057,4.93,5.210000000000001,0.0,0.0
Glencore,test,2025-12-17,2025-11-25,2025-12-18,5.07,5.17,ARIMA,5.076958182289648,0.1455428077790888,4.931415374510559,5.2225009900687365,0.0013724225423367646,0.1
Glencore,test,2025-12-17,2025-11-25,2025-12-18,5.07,5.17,Paper-Style Causal VMD-ARIMA/LSTM,5.336810313300733,0.35104167868535185,4.985768634615381,5.687851991986085,0.052625308343339734,0.25
Glencore,test,2025-12-18,2025-11-25,2025-12-19,5.17,5.21,Random Walk,5.17,0.14000000000000057,5.029999999999999,5.3100000000000005,0.0,0.0
Glencore,test,2025-12-18,2025-11-25,2025-12-19,5.17,5.21,ARIMA,5.16924696156145,0.1455428077790888,5.0237041537823615,5.314789769340539,-0.00014565540397479308,0.1
Glencore,test,2025-12-18,2025-11-25,2025-12-19,5.17,5.21,Paper-Style Causal VMD-ARIMA/LSTM,5.200125321633271,0.35104167868535185,4.849083642947919,5.551167000318623,0.005826948091541796,0.25
Glencore,test,2025-12-19,2025-11-25,2025-12-22,5.21,5.25,Random Walk,5.21,0.14000000000000057,5.069999999999999,5.3500000000000005,0.0,0.0
Glencore,test,2025-12-19,2025-11-25,2025-12-22,5.21,5.25,ARIMA,5.20616998017123,0.1455428077790888,5.060627172392141,5.351712787950318,-0.000735128565982803,0.1
Glencore,test,2025-12-19,2025-11-25,2025-12-22,5.21,5.25,Paper-Style Causal VMD-ARIMA/LSTM,5.330739314112339,0.35104167868535185,4.979697635426987,5.681780992797691,0.023174532459182183,0.25
Glencore,test,2025-12-22,2025-11-25,2025-12-23,5.25,5.32,Random Walk,5.25,0.14000000000000057,5.109999999999999,5.390000000000001,0.0,0.0
Glencore,test,2025-12-22,2025-11-25,2025-12-23,5.25,5.32,ARIMA,5.249138658158534,0.1431419990336078,5.105996659124926,5.392280657192142,-0.00016406511266015266,0.1
Glencore,test,2025-12-22,2025-11-25,2025-12-23,5.25,5.32,Paper-Style Causal VMD-ARIMA/LSTM,5.293091547301403,0.34880648694426997,4.944285060357133,5.641898034245672,0.008207913771695783,0.25
Glencore,test,2025-12-23,2025-12-23,2025-12-24,5.32,5.32,Random Walk,5.32,0.14000000000000057,5.18,5.460000000000001,0.0,0.0
Glencore,test,2025-12-23,2025-12-23,2025-12-24,5.32,5.32,ARIMA,5.31982951946707,0.1431419990336078,5.176687520433462,5.4629715185006775,-3.204521295687245e-05,0.1
Glencore,test,2025-12-23,2025-12-23,2025-12-24,5.32,5.32,Paper-Style Causal VMD-ARIMA/LSTM,5.2402629210533735,0.34880648694426997,4.891456434109104,5.589069407997643,-0.014988172734328334,0.25
Glencore,test,2025-12-24,2025-12-23,2025-12-29,5.32,5.36,Random Walk,5.32,0.14000000000000057,5.18,5.460000000000001,0.0,0.0
Glencore,test,2025-12-24,2025-12-23,2025-12-29,5.32,5.36,ARIMA,5.316186668404142,0.1431419990336078,5.173044669370534,5.45932866743775,-0.0007167916533568409,0.1
Glencore,test,2025-12-24,2025-12-23,2025-12-29,5.32,5.36,Paper-Style Causal VMD-ARIMA/LSTM,5.224797049982379,0.34880648694426997,4.875990563038108,5.573603536926649,-0.017895291356695764,0.25
Glencore,test,2025-12-29,2025-12-23,2025-12-30,5.36,5.47,Random Walk,5.36,0.14000000000000057,5.22,5.500000000000001,0.0,0.0
Glencore,test,2025-12-29,2025-12-23,2025-12-30,5.36,5.47,ARIMA,5.361344322275916,0.1431419990336078,5.218202323242308,5.504486321309524,0.0002508063947603999,0.1
Glencore,test,2025-12-29,2025-12-23,2025-12-30,5.36,5.47,Paper-Style Causal VMD-ARIMA/LSTM,5.336068801720205,0.34880648694426997,4.9872623147759345,5.684875288664475,-0.00446477579846929,0.25
Glencore,test,2025-12-30,2025-12-23,2025-12-31,5.47,5.48,Random Walk,5.47,0.14000000000000057,5.329999999999999,5.61,0.0,0.0
Glencore,test,2025-12-30,2025-12-23,2025-12-31,5.47,5.48,ARIMA,5.470995028002011,0.1431419990336078,5.327853028968403,5.614137027035619,0.00018190639890512092,0.1
Glencore,test,2025-12-30,2025-12-23,2025-12-31,5.47,5.48,Paper-Style Causal VMD-ARIMA/LSTM,5.524268051635109,0.34880648694426997,5.175461564690838,5.873074538579379,0.009921033205687215,0.25
Glencore,test,2025-12-31,2025-12-23,2026-01-02,5.48,5.5,Random Walk,5.48,0.14000000000000057,5.34,5.620000000000001,0.0,0.0
Glencore,test,2025-12-31,2025-12-23,2026-01-02,5.48,5.5,ARIMA,5.474421400430414,0.1431419990336078,5.331279401396806,5.6175633994640215,-0.001017992622187359,0.1
Glencore,test,2025-12-31,2025-12-23,2026-01-02,5.48,5.5,Paper-Style Causal VMD-ARIMA/LSTM,5.355030121892442,0.34880648694426997,5.006223634948173,5.703836608836712,-0.022804722282401154,0.25
Glencore,test,2026-01-02,2025-12-23,2026-01-05,5.5,5.68,Random Walk,5.5,0.14000000000000057,5.359999999999999,5.640000000000001,0.0,0.0
Glencore,test,2026-01-02,2025-12-23,2026-01-05,5.5,5.68,ARIMA,5.500304803278941,0.1431419990336078,5.357162804245333,5.643446802312549,5.541877798927301e-05,0.1
Glencore,test,2026-01-02,2025-12-23,2026-01-05,5.5,5.68,Paper-Style Causal VMD-ARIMA/LSTM,5.469192232915119,0.34880648694426997,5.120385745970848,5.817998719859389,-0.005601412197251127,0.25
Glencore,test,2026-01-05,2025-12-23,2026-01-06,5.68,5.78,Random Walk,5.68,0.14000000000000057,5.539999999999999,5.82,0.0,0.0
Glencore,test,2026-01-05,2025-12-23,2026-01-06,5.68,5.78,ARIMA,5.684172523060495,0.1455428077790888,5.538629715281406,5.8297153308395835,0.0007345991303688348,0.1
Glencore,test,2026-01-05,2025-12-23,2026-01-06,5.68,5.78,Paper-Style Causal VMD-ARIMA/LSTM,5.792637406279244,0.34880648694426997,5.4438309193349745,6.141443893223514,0.01983052927451485,0.25
Glencore,test,2026-01-06,2025-12-23,2026-01-07,5.78,5.69,Random Walk,5.78,0.14000000000000057,5.64,5.920000000000001,0.0,0.0
Glencore,test,2026-01-06,2025-12-23,2026-01-07,5.78,5.69,ARIMA,5.773274389823911,0.1455428077790888,5.627731582044822,5.9188171976029995,-0.001163600376486077,0.1
Glencore,test,2026-01-06,2025-12-23,2026-01-07,5.78,5.69,Paper-Style Causal VMD-ARIMA/LSTM,5.696809056756527,0.34880648694426997,5.348002569812257,6.045615543700796,-0.014392896754926237,0.25
Glencore,test,2026-01-07,2025-12-23,2026-01-08,5.69,5.55,Random Walk,5.69,0.14000000000000057,5.55,5.830000000000001,0.0,0.0
Glencore,test,2026-01-07,2025-12-23,2026-01-08,5.69,5.55,ARIMA,5.682262112043459,0.1455428077790888,5.53671930426437,5.8278049198225474,-0.0013599100099370358,0.1
Glencore,test,2026-01-07,2025-12-23,2026-01-08,5.69,5.55,Paper-Style Causal VMD-ARIMA/LSTM,5.432042115953539,0.34880648694426997,5.08323562900927,5.780848602897809,-0.04533530475333236,0.25
Glencore,test,2026-01-08,2025-12-23,2026-01-09,5.55,6.07,Random Walk,5.55,0.14000000000000057,5.409999999999999,5.69,0.0,0.0
Glencore,test,2026-01-08,2025-12-23,2026-01-09,5.55,6.07,ARIMA,5.550402746296796,0.1431419990336078,5.407260747263188,5.693544745330404,7.25669003236311e-05,0.1
Glencore,test,2026-01-08,2025-12-23,2026-01-09,5.55,6.07,Paper-Style Causal VMD-ARIMA/LSTM,5.281188600738335,0.34315504852983647,4.938033552208498,5.624343649268171,-0.04843448635345315,0.25
Glencore,test,2026-01-09,2025-12-23,2026-01-12,6.07,6.31,Random Walk,6.07,0.14000000000000057,5.93,6.210000000000001,0.0,0.0
Glencore,test,2026-01-09,2025-12-23,2026-01-12,6.07,6.31,ARIMA,6.093180983288202,0.1455428077790888,5.9476381755091134,6.238723791067291,0.0038189428810876357,0.1
Glencore,test,2026-01-09,2025-12-23,2026-01-12,6.07,6.31,Paper-Style Causal VMD-ARIMA/LSTM,6.732420087790036,0.34880648694426997,6.3836136008457665,7.0812265747343055,0.10913016273311955,0.25
Glencore,test,2026-01-12,2025-12-23,2026-01-13,6.31,6.31,Random Walk,6.31,0.14000000000000057,6.169999999999999,6.45,0.0,0.0
Glencore,test,2026-01-12,2025-12-23,2026-01-13,6.31,6.31,ARIMA,6.288690652215127,0.14705554632988616,6.141635105885241,6.435746198545013,-0.003377075718680266,0.1
Glencore,test,2026-01-12,2025-12-23,2026-01-13,6.31,6.31,Paper-Style Causal VMD-ARIMA/LSTM,6.084044793888184,0.35104167868535185,5.733003115202832,6.435086472573536,-0.03580906594482021,0.25
Glencore,test,2026-01-13,2025-12-23,2026-01-14,6.31,6.51,Random Walk,6.31,0.14000000000000057,6.169999999999999,6.45,0.0,0.0
Glencore,test,2026-01-13,2025-12-23,2026-01-14,6.31,6.51,ARIMA,6.29897126648519,0.14705554632988616,6.151915720155304,6.446026812815076,-0.0017478183066258915,0.1
Glencore,test,2026-01-13,2025-12-23,2026-01-14,6.31,6.51,Paper-Style Causal VMD-ARIMA/LSTM,6.269502644139816,0.35104167868535185,5.918460965454464,6.620544322825168,-0.006417964478634442,0.25
Glencore,test,2026-01-14,2025-12-23,2026-01-15,6.51,6.57,Random Walk,6.51,0.14999999999999947,6.36,6.659999999999999,0.0,0.0
Glencore,test,2026-01-14,2025-12-23,2026-01-15,6.51,6.57,ARIMA,6.515370622571973,0.14853892892296283,6.366831693649011,6.663909551494936,0.0008249804258024004,0.1
Glencore,test,2026-01-14,2025-12-23,2026-01-15,6.51,6.57,Paper-Style Causal VMD-ARIMA/LSTM,6.568566884792285,0.35104167868535185,6.2175252061069335,6.919608563477637,0.00899644927684878,0.25
Glencore,test,2026-01-15,2025-12-23,2026-01-16,6.57,6.4,Random Walk,6.57,0.14999999999999947,6.420000000000001,6.72,0.0,0.0
Glencore,test,2026-01-15,2025-12-23,2026-01-16,6.57,6.4,ARIMA,6.5603127211409245,0.14853892892296283,6.411773792217962,6.708851650063887,-0.0014744716680480717,0.1
Glencore,test,2026-01-15,2025-12-23,2026-01-16,6.57,6.4,Paper-Style Causal VMD-ARIMA/LSTM,6.40793442019271,0.35104167868535185,6.056892741507358,6.758976098878062,-0.024667515952403393,0.25
Glencore,test,2026-01-16,2025-12-23,2026-01-19,6.4,6.46,Random Walk,6.4,0.14999999999999947,6.250000000000001,6.55,0.0,0.0
Glencore,test,2026-01-16,2025-12-23,2026-01-19,6.4,6.46,ARIMA,6.392102861906703,0.14864393790959163,6.243458923997111,6.5407467998162945,-0.0012339278270777354,0.1
Glencore,test,2026-01-16,2025-12-23,2026-01-19,6.4,6.46,Paper-Style Causal VMD-ARIMA/LSTM,6.025038255186722,0.35104167868535185,5.67399657650137,6.376079933872074,-0.05858777262707476,0.25
Glencore,test,2026-01-19,2025-12-23,2026-01-20,6.46,6.48,Random Walk,6.46,0.14999999999999947,6.3100000000000005,6.609999999999999,0.0,0.0
Glencore,test,2026-01-19,2025-12-23,2026-01-20,6.46,6.48,ARIMA,6.470738744176518,0.14864393790959163,6.322094806266926,6.619382682086109,0.001662344299770535,0.1
Glencore,test,2026-01-19,2025-12-23,2026-01-20,6.46,6.48,Paper-Style Causal VMD-ARIMA/LSTM,6.503016200480256,0.368887236171914,6.134128964308342,6.87190343665217,0.006658854563507139,0.25
Glencore,test,2026-01-20,2025-12-23,2026-01-21,6.48,6.71,Random Walk,6.48,0.14999999999999947,6.330000000000001,6.63,0.0,0.0
Glencore,test,2026-01-20,2025-12-23,2026-01-21,6.48,6.71,ARIMA,6.476626295413799,0.14864393790959163,6.327982357504207,6.62527023332339,-0.0005206334237965549,0.1
Glencore,test,2026-01-20,2025-12-23,2026-01-21,6.48,6.71,Paper-Style Causal VMD-ARIMA/LSTM,6.232682524315305,0.368887236171914,5.863795288143391,6.6015697604872186,-0.03816627711183578,0.25
Glencore,test,2026-01-21,2025-12-23,2026-01-22,6.71,6.62,Random Walk,6.71,0.14999999999999947,6.5600000000000005,6.859999999999999,0.0,0.0
Glencore,test,2026-01-21,2025-12-23,2026-01-22,6.71,6.62,ARIMA,6.716710338251594,0.15076000606214723,6.565950332189447,6.867470344313741,0.0010000504100735974,0.1
Glencore,test,2026-01-21,2025-12-23,2026-01-22,6.71,6.62,Paper-Style Causal VMD-ARIMA/LSTM,6.94992379865128,0.3706353925190684,6.579288406132212,7.320559191170348,0.03575615479154699,0.25
Glencore,test,2026-01-22,2025-12-23,2026-01-23,6.62,6.83,Random Walk,6.62,0.14999999999999947,6.470000000000001,6.77,0.0,0.0
Glencore,test,2026-01-22,2025-12-23,2026-01-23,6.62,6.83,ARIMA,6.604432985994235,0.14864393790959163,6.455789048084643,6.753076923903826,-0.002351512689692647,0.1
Glencore,test,2026-01-22,2025-12-23,2026-01-23,6.62,6.83,Paper-Style Causal VMD-ARIMA/LSTM,6.1204453428712,0.368887236171914,5.751558106699286,6.489332579043114,-0.07546142856930516,0.25
Glencore,test,2026-01-23,2026-01-23,2026-01-26,6.83,6.84,Random Walk,6.83,0.14999999999999947,6.680000000000001,6.9799999999999995,0.0,0.0
Glencore,test,2026-01-23,2026-01-23,2026-01-26,6.83,6.84,ARIMA,6.842384110977156,0.15076000606214723,6.691624104915009,6.993144117039304,0.0018131934080755936,0.1
Glencore,test,2026-01-23,2026-01-23,2026-01-26,6.83,6.84,Paper-Style Causal VMD-ARIMA/LSTM,6.735995680952782,0.3706353925190684,6.365360288433713,7.106631073471851,-0.013763443491539963,0.25
Glencore,test,2026-01-26,2026-01-23,2026-01-27,6.84,6.98,Random Walk,6.84,0.14999999999999947,6.69,6.989999999999999,0.0,0.0
Glencore,test,2026-01-26,2026-01-23,2026-01-27,6.84,6.98,ARIMA,6.827832170993238,0.15076000606214723,6.677072164931091,6.978592177055385,-0.0017789223694096084,0.1
Glencore,test,2026-01-26,2026-01-23,2026-01-27,6.84,6.98,Paper-Style Causal VMD-ARIMA/LSTM,6.733772890247342,0.3706353925190684,6.363137497728273,7.104408282766411,-0.015530279203604992,0.25
Glencore,test,2026-01-27,2026-01-23,2026-01-28,6.98,6.98,Random Walk,6.98,0.14999999999999947,6.830000000000001,7.13,0.0,0.0
Glencore,test,2026-01-27,2026-01-23,2026-01-28,6.98,6.98,ARIMA,6.984976293531268,0.1521678290067623,6.832808464524506,7.1371441225380305,0.0007129360359982561,0.1
Glencore,test,2026-01-27,2026-01-23,2026-01-28,6.98,6.98,Paper-Style Causal VMD-ARIMA/LSTM,7.106432939410638,0.3706353925190684,6.73579754689157,7.477068331929706,0.018113601634761833,0.25
Glencore,test,2026-01-28,2026-01-23,2026-01-29,6.98,7.01,Random Walk,6.98,0.14999999999999947,6.830000000000001,7.13,0.0,0.0
Glencore,test,2026-01-28,2026-01-23,2026-01-29,6.98,7.01,ARIMA,6.971685313281241,0.1521678290067623,6.819517484274479,7.123853142288003,-0.001191215862286471,0.1
Glencore,test,2026-01-28,2026-01-23,2026-01-29,6.98,7.01,Paper-Style Causal VMD-ARIMA/LSTM,6.8353390921115995,0.3706353925190684,6.4647036995925315,7.2059744846306675,-0.020725058436733654,0.25
Glencore,test,2026-01-29,2026-01-23,2026-01-30,7.01,6.83,Random Walk,7.01,0.14999999999999947,6.86,7.159999999999999,0.0,0.0
Glencore,test,2026-01-29,2026-01-23,2026-01-30,7.01,6.83,ARIMA,7.011487543619839,0.1521678290067623,6.859319714613076,7.163655372626601,0.00021220308414250186,0.1
Glencore,test,2026-01-29,2026-01-23,2026-01-30,7.01,6.83,Paper-Style Causal VMD-ARIMA/LSTM,7.074827744335518,0.3706353925190684,6.704192351816449,7.4454631368545865,0.009247895054995415,0.25
Glencore,test,2026-01-30,2026-01-23,2026-02-02,6.83,6.84,Random Walk,6.83,0.15000000000000036,6.68,6.98,0.0,0.0
Glencore,test,2026-01-30,2026-01-23,2026-02-02,6.83,6.84,ARIMA,6.822163632927676,0.1525564680888234,6.669607164838853,6.9747201010165,-0.0011473451057575144,0.1
Glencore,test,2026-01-30,2026-01-23,2026-02-02,6.83,6.84,Paper-Style Causal VMD-ARIMA/LSTM,6.450535082135188,0.3706353925190684,6.07989968961612,6.821170474654256,-0.055558553128083776,0.25
Glencore,test,2026-02-02,2026-01-23,2026-02-03,6.84,7.09,Random Walk,6.84,0.15000000000000036,6.6899999999999995,6.99,0.0,0.0
Glencore,test,2026-02-02,2026-01-23,2026-02-03,6.84,7.09,ARIMA,6.850295969383653,0.1525564680888234,6.69773950129483,7.002852437472477,0.001505258681820689,0.1
Glencore,test,2026-02-02,2026-01-23,2026-02-03,6.84,7.09,Paper-Style Causal VMD-ARIMA/LSTM,6.987325590889741,0.3748896925379568,6.612435898351784,7.362215283427698,0.021538829077447523,0.25
Glencore,test,2026-02-03,2026-01-23,2026-02-04,7.09,6.98,Random Walk,7.09,0.15999999999999925,6.930000000000001,7.249999999999999,0.0,0.0
Glencore,test,2026-02-03,2026-01-23,2026-02-04,7.09,6.98,ARIMA,7.096681640989776,0.15400148188005947,6.942680159109717,7.250683122869836,0.0009424035246511009,0.1
Glencore,test,2026-02-03,2026-01-23,2026-02-04,7.09,6.98,Paper-Style Causal VMD-ARIMA/LSTM,7.259048275881424,0.3748896925379568,6.884158583343467,7.6339379684193815,0.023843198290750982,0.25
Glencore,test,2026-02-04,2026-01-23,2026-02-05,6.98,6.43,Random Walk,6.98,0.15999999999999925,6.820000000000001,7.14,0.0,0.0
Glencore,test,2026-02-04,2026-01-23,2026-02-05,6.98,6.43,ARIMA,6.963434157192337,0.15400148188005947,6.809432675312277,7.117435639072396,-0.0023733299151380513,0.1
Glencore,test,2026-02-04,2026-01-23,2026-02-05,6.98,6.43,Paper-Style Causal VMD-ARIMA/LSTM,6.679754331080661,0.3748896925379568,6.304864638542703,7.054644023618618,-0.043015138813658996,0.25
Glencore,test,2026-02-05,2026-01-23,2026-02-06,6.43,6.51,Random Walk,6.43,0.15999999999999925,6.2700000000000005,6.589999999999999,0.0,0.0
Glencore,test,2026-02-05,2026-01-23,2026-02-06,6.43,6.51,ARIMA,6.41925733187328,0.15400148188005947,6.2652558499932205,6.573258813753339,-0.00167071043961427,0.1
Glencore,test,2026-02-05,2026-01-23,2026-02-06,6.43,6.51,Paper-Style Causal VMD-ARIMA/LSTM,5.732857617935413,0.3706353925190684,5.362222225416344,6.103493010454482,-0.10842027714845826,0.25
Glencore,test,2026-02-06,2026-01-23,2026-02-09,6.51,6.86,Random Walk,6.51,0.15999999999999925,6.3500000000000005,6.669999999999999,0.0,0.0
Glencore,test,2026-02-06,2026-01-23,2026-02-09,6.51,6.86,ARIMA,6.541483155802542,0.15400148188005947,6.3874816739224825,6.695484637682601,0.004836122243094029,0.1
Glencore,test,2026-02-06,2026-01-23,2026-02-09,6.51,6.86,Paper-Style Causal VMD-ARIMA/LSTM,6.874754690154771,0.3748896925379568,6.499864997616815,7.249644382692727,0.05602990632177744,0.25
Glencore,test,2026-02-09,2026-01-23,2026-02-10,6.86,6.77,Random Walk,6.86,0.16000000000000014,6.7,7.0200000000000005,0.0,0.0
Glencore,test,2026-02-09,2026-01-23,2026-02-10,6.86,6.77,ARIMA,6.865285099554533,0.1603127211409241,6.704972378413609,7.025597820695457,0.0007704226755878104,0.1
Glencore,test,2026-02-09,2026-01-23,2026-02-10,6.86,6.77,Paper-Style Causal VMD-ARIMA/LSTM,7.027545338277664,0.3748896925379568,6.652655645739706,7.402435030815621,0.024423518699367822,0.25
Glencore,test,2026-02-10,2026-01-23,2026-02-11,6.77,6.85,Random Walk,6.77,0.16000000000000014,6.609999999999999,6.93,0.0,0.0
Glencore,test,2026-02-10,2026-01-23,2026-02-11,6.77,6.85,ARIMA,6.749891581168366,0.1603127211409241,6.589578860027442,6.91020430230929,-0.0029702243473609803,0.1
Glencore,test,2026-02-10,2026-01-23,2026-02-11,6.77,6.85,Paper-Style Causal VMD-ARIMA/LSTM,6.513295714678944,0.3748896925379568,6.1384060221409875,6.8881854072169,-0.037917915113893016,0.25
Glencore,test,2026-02-11,2026-01-23,2026-02-12,6.85,6.73,Random Walk,6.85,0.16000000000000014,6.6899999999999995,7.01,0.0,0.0
Glencore,test,2026-02-11,2026-01-23,2026-02-12,6.85,6.73,ARIMA,6.858296981937065,0.1603127211409241,6.697984260796141,7.018609703077989,0.0012112382389876668,0.1
Glencore,test,2026-02-11,2026-01-23,2026-02-12,6.85,6.73,Paper-Style Causal VMD-ARIMA/LSTM,7.017237245809964,0.3748896925379568,6.642347553272007,7.392126938347921,0.024414196468607954,0.25
Glencore,test,2026-02-12,2026-01-23,2026-02-13,6.73,6.75,Random Walk,6.73,0.16000000000000014,6.57,6.890000000000001,0.0,0.0
Glencore,test,2026-02-12,2026-01-23,2026-02-13,6.73,6.75,ARIMA,6.72054632132105,0.1603127211409241,6.560233600180126,6.880859042461974,-0.0014047070845393883,0.1
Glencore,test,2026-02-12,2026-01-23,2026-02-13,6.73,6.75,Paper-Style Causal VMD-ARIMA/LSTM,6.360955216218774,0.3748896925379568,5.986065523680818,6.7358449087567305,-0.05483577767923124,0.25
Glencore,test,2026-02-13,2026-01-23,2026-02-16,6.75,6.72,Random Walk,6.75,0.16000000000000014,6.59,6.91,0.0,0.0
Glencore,test,2026-02-13,2026-01-23,2026-02-16,6.75,6.72,ARIMA,6.7578151401239,0.1603127211409241,6.597502418982976,6.918127861264824,0.0011577985368740659,0.1
Glencore,test,2026-02-13,2026-01-23,2026-02-16,6.75,6.72,Paper-Style Causal VMD-ARIMA/LSTM,6.909240681385421,0.3820306191606644,6.527210062224756,7.291271300546085,0.023591212057099346,0.25
Glencore,test,2026-02-16,2026-01-23,2026-02-17,6.72,6.59,Random Walk,6.72,0.16000000000000014,6.56,6.88,0.0,0.0
Glencore,test,2026-02-16,2026-01-23,2026-02-17,6.72,6.59,ARIMA,6.7172163964696,0.1603127211409241,6.556903675328676,6.877529117610524,-0.0004142267158333123,0.1
Glencore,test,2026-02-16,2026-01-23,2026-02-17,6.72,6.59,Paper-Style Causal VMD-ARIMA/LSTM,6.473363207687928,0.3820306191606644,6.091332588527264,6.8553938268485926,-0.0367019036178678,0.25
Glencore,test,2026-02-17,2026-01-23,2026-02-18,6.59,6.85,Random Walk,6.59,0.16000000000000014,6.43,6.75,0.0,0.0
Glencore,test,2026-02-17,2026-01-23,2026-02-18,6.59,6.85,ARIMA,6.587973393026218,0.1603127211409241,6.4276606718852936,6.748286114167142,-0.0003075276136240073,0.1
Glencore,test,2026-02-17,2026-01-23,2026-02-18,6.59,6.85,Paper-Style Causal VMD-ARIMA/LSTM,6.468662759149176,0.3820306191606644,6.086632139988511,6.85069337830984,-0.018412327898455875,0.25
Glencore,test,2026-02-18,2026-01-23,2026-02-19,6.85,6.8,Random Walk,6.85,0.16000000000000014,6.6899999999999995,7.01,0.0,0.0
Glencore,test,2026-02-18,2026-01-23,2026-02-19,6.85,6.8,ARIMA,6.865167666017779,0.16441613707051772,6.7007515289472614,7.029583803088297,0.002214257812814529,0.1
Glencore,test,2026-02-18,2026-01-23,2026-02-19,6.85,6.8,Paper-Style Causal VMD-ARIMA/LSTM,7.171077926308223,0.3820306191606644,6.789047307147559,7.553108545468888,0.046872689972003466,0.25
Glencore,test,2026-02-19,2026-01-23,2026-02-20,6.8,6.84,Random Walk,6.8,0.16000000000000014,6.64,6.96,0.0,0.0
Glencore,test,2026-02-19,2026-01-23,2026-02-20,6.8,6.84,ARIMA,6.783879061005856,0.1603127211409241,6.623566339864932,6.94419178214678,-0.002370726322668189,0.1
Glencore,test,2026-02-19,2026-01-23,2026-02-20,6.8,6.84,Paper-Style Causal VMD-ARIMA/LSTM,6.46886186167348,0.381337240850824,6.087524620822656,6.850199102524304,-0.04869678504801767,0.25
Glencore,test,2026-02-20,2026-02-20,2026-02-23,6.84,6.92,Random Walk,6.84,0.16000000000000014,6.68,7.0,0.0,0.0
Glencore,test,2026-02-20,2026-02-20,2026-02-23,6.84,6.92,ARIMA,6.845567565313469,0.1603127211409241,6.685254844172545,7.005880286454393,0.000813971537056875,0.1
Glencore,test,2026-02-20,2026-02-20,2026-02-23,6.84,6.92,Paper-Style Causal VMD-ARIMA/LSTM,6.8425737152424695,0.381337240850824,6.4612364743916455,7.2239109560932935,0.00037627415825579417,0.25
Glencore,test,2026-02-23,2026-02-20,2026-02-24,6.92,7.0,Random Walk,6.92,0.16000000000000014,6.76,7.08,0.0,0.0
Glencore,test,2026-02-23,2026-02-20,2026-02-24,6.92,7.0,ARIMA,6.918740810228993,0.1603127211409241,6.758428089088069,7.079053531369917,-0.00018196383974090026,0.1
Glencore,test,2026-02-23,2026-02-20,2026-02-24,6.92,7.0,Paper-Style Causal VMD-ARIMA/LSTM,7.018752561417997,0.381337240850824,6.637415320567173,7.400089802268821,0.014270601360982184,0.25
Glencore,test,2026-02-24,2026-02-20,2026-02-25,7.0,7.25,Random Walk,7.0,0.16000000000000014,6.84,7.16,0.0,0.0
Glencore,test,2026-02-24,2026-02-20,2026-02-25,7.0,7.25,ARIMA,6.997929619041687,0.1603127211409241,6.837616897900763,7.158242340182611,-0.0002957687083303843,0.1
Glencore,test,2026-02-24,2026-02-20,2026-02-25,7.0,7.25,Paper-Style Causal VMD-ARIMA/LSTM,7.074893116641855,0.381337240850824,6.693555875791031,7.456230357492679,0.010699016663122103,0.25
Glencore,test,2026-02-25,2026-02-20,2026-02-26,7.25,7.08,Random Walk,7.25,0.16000000000000014,7.09,7.41,0.0,0.0
Glencore,test,2026-02-25,2026-02-20,2026-02-26,7.25,7.08,ARIMA,7.252504865747875,0.16441613707051772,7.0880887286773575,7.416921002818393,0.0003454987238448592,0.1
Glencore,test,2026-02-25,2026-02-20,2026-02-26,7.25,7.08,Paper-Style Causal VMD-ARIMA/LSTM,7.508379014721423,0.381337240850824,7.127041773870599,7.889716255572247,0.035638484789161776,0.25
Glencore,test,2026-02-26,2026-02-20,2026-02-27,7.08,7.2,Random Walk,7.08,0.16999999999999948,6.91,7.25,0.0,0.0
Glencore,test,2026-02-26,2026-02-20,2026-02-27,7.08,7.2,ARIMA,7.059929336912536,0.16496759763571056,6.894961739276826,7.224896934548247,-0.002834839419133282,0.1
Glencore,test,2026-02-26,2026-02-20,2026-02-27,7.08,7.2,Paper-Style Causal VMD-ARIMA/LSTM,6.757244327510591,0.3820306191606644,6.375213708349927,7.1392749466712555,-0.045586959391159455,0.25
Glencore,test,2026-02-27,2026-02-20,2026-03-02,7.2,7.16,Random Walk,7.2,0.16999999999999948,7.030000000000001,7.369999999999999,0.0,0.0
Glencore,test,2026-02-27,2026-02-20,2026-03-02,7.2,7.16,ARIMA,7.214377619463533,0.16496759763571056,7.049410021827822,7.379345217099243,0.001996891592157299,0.1
Glencore,test,2026-02-27,2026-02-20,2026-03-02,7.2,7.16,Paper-Style Causal VMD-ARIMA/LSTM,7.384165482590739,0.38246368895728633,7.001701793633453,7.766629171548026,0.02557853924871376,0.25
Glencore,test,2026-03-02,2026-02-20,2026-03-03,7.16,7.03,Random Walk,7.16,0.16999999999999948,6.99,7.33,0.0,0.0
Glencore,test,2026-03-02,2026-02-20,2026-03-03,7.16,7.03,ARIMA,7.150057084280618,0.16496759763571056,6.985089486644908,7.315024681916329,-0.0013886753798019237,0.1
Glencore,test,2026-03-02,2026-02-20,2026-03-03,7.16,7.03,Paper-Style Causal VMD-ARIMA/LSTM,7.006949001956128,0.38246368895728633,6.624485312998842,7.389412690913415,-0.021375837715624568,0.25
Glencore,test,2026-03-03,2026-02-20,2026-03-04,7.03,7.07,Random Walk,7.03,0.16999999999999948,6.860000000000001,7.199999999999999,0.0,0.0
Glencore,test,2026-03-03,2026-02-20,2026-03-04,7.03,7.07,ARIMA,7.029742165818735,0.16496759763571056,6.864774568183025,7.194709763454446,-3.667627045019976e-05,0.1
Glencore,test,2026-03-03,2026-02-20,2026-03-04,7.03,7.07,Paper-Style Causal VMD-ARIMA/LSTM,6.852305340740909,0.38246368895728633,6.469841651783622,7.234769029698195,-0.025276622938704345,0.25
Glencore,test,2026-03-04,2026-02-20,2026-03-05,7.07,6.88,Random Walk,7.07,0.16999999999999948,6.9,7.24,0.0,0.0
Glencore,test,2026-03-04,2026-02-20,2026-03-05,7.07,6.88,ARIMA,7.078337017464444,0.16496759763571056,6.913369419828734,7.243304615100155,0.0011792103910104883,0.1
Glencore,test,2026-03-04,2026-02-20,2026-03-05,7.07,6.88,Paper-Style Causal VMD-ARIMA/LSTM,7.120892273931199,0.38246368895728633,6.738428584973913,7.503355962888485,0.007198341432984268,0.25
Glencore,test,2026-03-05,2026-02-20,2026-03-06,6.88,6.74,Random Walk,6.88,0.16999999999999948,6.710000000000001,7.049999999999999,0.0,0.0
Glencore,test,2026-03-05,2026-02-20,2026-03-06,6.88,6.74,ARIMA,6.8718127245260145,0.16496759763571056,6.706845126890304,7.036780322161725,-0.0011900109700560095,0.1
Glencore,test,2026-03-05,2026-02-20,2026-03-06,6.88,6.74,Paper-Style Causal VMD-ARIMA/LSTM,6.578333376335051,0.3820306191606644,6.1963027571743865,6.960363995495715,-0.043846892974556545,0.25
Glencore,test,2026-03-06,2026-02-20,2026-03-09,6.74,6.81,Random Walk,6.74,0.16999999999999948,6.57,6.91,0.0,0.0
Glencore,test,2026-03-06,2026-02-20,2026-03-09,6.74,6.81,ARIMA,6.74798798949142,0.16496759763571056,6.583020391855709,6.91295558712713,0.001185161645611192,0.1
Glencore,test,2026-03-06,2026-02-20,2026-03-09,6.74,6.81,Paper-Style Causal VMD-ARIMA/LSTM,6.5954431860492,0.3820306191606644,6.213412566888536,6.977473805209865,-0.021447598509020737,0.25
Glencore,test,2026-03-09,2026-02-20,2026-03-10,6.81,7.01,Random Walk,6.81,0.16999999999999948,6.640000000000001,6.979999999999999,0.0,0.0
Glencore,test,2026-03-09,2026-02-20,2026-03-10,6.81,7.01,ARIMA,6.819672934461685,0.16496759763571056,6.654705336825974,6.984640532097395,0.0014204015362239422,0.1
Glencore,test,2026-03-09,2026-02-20,2026-03-10,6.81,7.01,Paper-Style Causal VMD-ARIMA/LSTM,6.885507413163963,0.3820306191606644,6.503476794003299,7.2675380323246275,0.011087725868423418,0.25
Glencore,test,2026-03-10,2026-02-20,2026-03-11,7.01,7.02,Random Walk,7.01,0.16999999999999993,6.84,7.18,0.0,0.0
Glencore,test,2026-03-10,2026-02-20,2026-03-11,7.01,7.02,ARIMA,7.011852124896562,0.16962196130261598,6.842230163593946,7.181474086199177,0.0002642118254724603,0.1
Glencore,test,2026-03-10,2026-02-20,2026-03-11,7.01,7.02,Paper-Style Causal VMD-ARIMA/LSTM,7.19618014289908,0.3820306191606644,6.814149523738416,7.5782107620597445,0.026559221526259683,0.25
Glencore,test,2026-03-11,2026-02-20,2026-03-12,7.02,7.09,Random Walk,7.02,0.16999999999999993,6.85,7.1899999999999995,0.0,0.0
Glencore,test,2026-03-11,2026-02-20,2026-03-12,7.02,7.09,ARIMA,7.008882605888322,0.16962196130261598,6.839260644585705,7.178504567190938,-0.0015836743748829064,0.1
Glencore,test,2026-03-11,2026-02-20,2026-03-12,7.02,7.09,Paper-Style Causal VMD-ARIMA/LSTM,6.935281595667723,0.3820306191606644,6.553250976507059,7.317312214828387,-0.01206814876528157,0.25
Glencore,test,2026-03-12,2026-02-20,2026-03-13,7.09,6.85,Random Walk,7.09,0.16999999999999993,6.92,7.26,0.0,0.0
Glencore,test,2026-03-12,2026-02-20,2026-03-13,7.09,6.85,ARIMA,7.091880073222304,0.16962196130261598,6.922258111919689,7.26150203452492,0.0002651725278285678,0.1
Glencore,test,2026-03-12,2026-02-20,2026-03-13,7.09,6.85,Paper-Style Causal VMD-ARIMA/LSTM,7.1532963250199675,0.3820306191606644,6.771265705859303,7.535326944180632,0.008927549368119552,0.25
Glencore,test,2026-03-13,2026-02-20,2026-03-16,6.85,6.87,Random Walk,6.85,0.16999999999999993,6.68,7.02,0.0,0.0
Glencore,test,2026-03-13,2026-02-20,2026-03-16,6.85,6.87,ARIMA,6.838104865890102,0.170196822987978,6.667908042902124,7.00830168887808,-0.001736515928452175,0.1
Glencore,test,2026-03-13,2026-02-20,2026-03-16,6.85,6.87,Paper-Style Causal VMD-ARIMA/LSTM,6.475293416039034,0.3820306191606644,6.09326279687837,6.8573240351996985,-0.05470169108919205,0.25
Glencore,test,2026-03-16,2026-02-20,2026-03-17,6.87,7.0,Random Walk,6.87,0.16999999999999993,6.7,7.04,0.0,0.0
Glencore,test,2026-03-16,2026-02-20,2026-03-17,6.87,7.0,ARIMA,6.88536113664922,0.170196822987978,6.715164313661242,7.055557959637198,0.0022359733113856556,0.1
Glencore,test,2026-03-16,2026-02-20,2026-03-17,6.87,7.0,Paper-Style Causal VMD-ARIMA/LSTM,6.9442150621234875,0.38246368895728633,6.561751373166201,7.326678751080774,0.010802774690463956,0.25
Glencore,test,2026-03-17,2026-02-20,2026-03-18,7.0,6.97,Random Walk,7.0,0.16999999999999993,6.83,7.17,0.0,0.0
Glencore,test,2026-03-17,2026-02-20,2026-03-18,7.0,6.97,ARIMA,7.001441108729177,0.170196822987978,6.831244285741199,7.171637931717155,0.00020587267559665383,0.1
Glencore,test,2026-03-17,2026-02-20,2026-03-18,7.0,6.97,Paper-Style Causal VMD-ARIMA/LSTM,7.093822667184285,0.38246368895728633,6.711358978226999,7.476286356141571,0.013403238169183571,0.25
Glencore,test,2026-03-18,2026-02-20,2026-03-19,6.97,6.96,Random Walk,6.97,0.16999999999999993,6.8,7.14,0.0,0.0
Glencore,test,2026-03-18,2026-02-20,2026-03-19,6.97,6.96,ARIMA,6.962243420508854,0.170196822987978,6.792046597520876,7.132440243496832,-0.0011128521508099553,0.1
Glencore,test,2026-03-18,2026-02-20,2026-03-19,6.97,6.96,Paper-Style Causal VMD-ARIMA/LSTM,6.854864348983488,0.38246368895728633,6.472400660026202,7.237328037940775,-0.01651874476564008,0.25
Glencore,test,2026-03-19,2026-02-20,2026-03-20,6.96,6.94,Random Walk,6.96,0.16999999999999993,6.79,7.13,0.0,0.0
Glencore,test,2026-03-19,2026-02-20,2026-03-20,6.96,6.94,ARIMA,6.961810361695721,0.16962196130261598,6.792188400393105,7.131432322998338,0.0002601094390404082,0.1
Glencore,test,2026-03-19,2026-02-20,2026-03-20,6.96,6.94,Paper-Style Causal VMD-ARIMA/LSTM,6.921724461586191,0.3820306191606644,6.539693842425526,7.303755080746855,-0.0054993589675013145,0.25
