Target,Model,Date,Actual,Forecast,Lower,Upper,Width
albemarle_equity,ARIMA,2025-10-10,89.86,96.5,90.7,102.3,5.799999999999997
albemarle_equity,ARIMA,2025-10-13,96.34,89.86,84.06,95.66,5.799999999999997
albemarle_equity,ARIMA,2025-10-14,96.24,96.34,90.54,102.14,5.799999999999997
albemarle_equity,ARIMA,2025-10-15,98.16,96.24,90.44,102.03999999999999,5.799999999999997
albemarle_equity,ARIMA,2025-10-16,95.29,98.16,92.36,103.96,5.799999999999997
albemarle_equity,ARIMA,2025-10-17,92.74,95.29,89.49000000000001,101.09,5.799999999999997
albemarle_equity,ARIMA,2025-10-20,96.14,92.74,86.94,98.53999999999999,5.799999999999997
albemarle_equity,ARIMA,2025-10-21,91.34,96.14,90.34,101.94,5.799999999999997
albemarle_equity,ARIMA,2025-10-22,91.27,91.34,85.54,97.14,5.799999999999997
albemarle_equity,ARIMA,2025-10-23,97.36,91.27,85.47,97.07,5.799999999999997
albemarle_equity,ARIMA,2025-10-24,105.64,97.36,91.56,103.16,5.799999999999997
albemarle_equity,ARIMA,2025-10-27,96.23,105.64,99.84,111.44,5.799999999999997
albemarle_equity,ARIMA,2025-10-28,96.68,96.23,90.43,102.03,5.799999999999997
albemarle_equity,ARIMA,2025-10-29,97.8,96.68,90.88000000000001,102.48,5.799999999999997
albemarle_equity,ARIMA,2025-10-30,97.89,97.8,92.0,103.6,5.799999999999997
albemarle_equity,ARIMA,2025-10-31,98.23,97.89,92.09,103.69,5.799999999999997
albemarle_equity,ARIMA,2025-11-03,96.53,98.23,92.43,104.03,5.799999999999997
albemarle_equity,ARIMA,2025-11-04,88.45,96.53,90.73,102.33,5.799999999999997
albemarle_equity,ARIMA,2025-11-05,91.96,88.45,82.65,94.25,5.799999999999997
albemarle_equity,ARIMA,2025-11-06,91.26,91.96,86.16,97.75999999999999,5.799999999999997
albemarle_equity,ARIMA,2025-11-07,97.18,91.26,85.46000000000001,97.06,5.799999999999997
albemarle_equity,ARIMA,2025-11-10,103.58,97.18,91.38000000000001,102.98,5.799999999999997
albemarle_equity,ARIMA,2025-11-11,103.88,103.58,97.78,109.38,5.799999999999997
albemarle_equity,ARIMA,2025-11-12,110.32,103.88,98.08,109.67999999999999,5.799999999999997
albemarle_equity,ARIMA,2025-11-13,114.57,110.32,104.52,116.11999999999999,5.799999999999997
albemarle_equity,ARIMA,2025-11-14,115.14,114.57,108.77,120.36999999999999,5.799999999999997
albemarle_equity,ARIMA,2025-11-17,117.7,115.14,109.34,120.94,5.799999999999997
albemarle_equity,ARIMA,2025-11-18,121.39,117.7,111.9,123.5,5.799999999999997
albemarle_equity,ARIMA,2025-11-19,125.68,121.39,115.59,127.19,5.799999999999997
albemarle_equity,ARIMA,2025-11-20,116.42,125.68,119.88000000000001,131.48000000000002,5.799999999999997
albemarle_equity,ARIMA,2025-11-21,116.82,116.42,110.62,122.22,5.799999999999997
albemarle_equity,ARIMA,2025-11-24,115.88,116.82,111.02,122.61999999999999,5.799999999999997
albemarle_equity,ARIMA,2025-11-25,125.26,115.88,110.08,121.67999999999999,5.799999999999997
albemarle_equity,ARIMA,2025-11-26,126.91,125.26,119.46000000000001,131.06,5.799999999999997
albemarle_equity,ARIMA,2025-11-27,126.91,126.91,121.11,132.70999999999998,5.799999999999997
albemarle_equity,ARIMA,2025-11-28,129.99,126.91,121.11,132.70999999999998,5.799999999999997
albemarle_equity,ARIMA,2025-12-01,128.33,129.99,124.19000000000001,135.79000000000002,5.799999999999997
albemarle_equity,ARIMA,2025-12-02,128.14,128.33,122.53000000000002,134.13,5.799999999999997
albemarle_equity,ARIMA,2025-12-03,126.49,128.14,122.33999999999999,133.94,5.799999999999997
albemarle_equity,ARIMA,2025-12-04,119.14,126.49,120.69,132.29,5.799999999999997
albemarle_equity,ARIMA,2025-12-05,125.19,119.14,113.34,124.94,5.799999999999997
albemarle_equity,ARIMA,2025-12-08,127.2,125.19,119.39,130.99,5.799999999999997
albemarle_equity,ARIMA,2025-12-09,129.29,127.2,121.4,133.0,5.799999999999997
albemarle_equity,ARIMA,2025-12-10,133.21,129.29,123.49,135.08999999999997,5.799999999999997
albemarle_equity,ARIMA,2025-12-11,134.59,133.21,127.41000000000001,139.01,5.799999999999997
albemarle_equity,ARIMA,2025-12-12,132.74,134.59,128.79000000000002,140.39,5.799999999999997
albemarle_equity,ARIMA,2025-12-15,132.22,132.74,126.94000000000001,138.54000000000002,5.799999999999997
albemarle_equity,ARIMA,2025-12-16,131.07,132.22,126.42,138.01999999999998,5.799999999999997
albemarle_equity,ARIMA,2025-12-17,134.71,131.07,125.27,136.87,5.799999999999997
albemarle_equity,ARIMA,2025-12-18,140.48,134.71,128.91000000000003,140.51,5.799999999999997
albemarle_equity,ARIMA,2025-12-19,145.88,140.48,134.68,146.27999999999997,5.799999999999997
albemarle_equity,ARIMA,2025-12-22,145.38,145.88,140.07999999999998,151.68,5.799999999999997
albemarle_equity,ARIMA,2025-12-23,146.7,145.38,139.57999999999998,151.18,5.799999999999997
albemarle_equity,ARIMA,2025-12-24,148.51,146.7,140.89999999999998,152.5,5.799999999999997
albemarle_equity,ARIMA,2025-12-29,144.58,148.51,142.70999999999998,154.31,5.799999999999997
albemarle_equity,ARIMA,2025-12-30,142.01,144.58,138.78000000000003,150.38,5.799999999999997
albemarle_equity,ARIMA,2025-12-31,141.44,142.01,136.20999999999998,147.81,5.799999999999997
albemarle_equity,ARIMA,2026-01-02,143.93,141.44,135.64,147.24,5.799999999999997
albemarle_equity,ARIMA,2026-01-05,146.13,143.93,138.13,149.73000000000002,5.799999999999997
albemarle_equity,ARIMA,2026-01-06,158.15,146.13,140.32999999999998,151.93,5.799999999999997
albemarle_equity,ARIMA,2026-01-07,161.57,158.15,152.35000000000002,163.95,5.799999999999997
albemarle_equity,ARIMA,2026-01-08,158.31,161.57,155.76999999999998,167.37,5.799999999999997
albemarle_equity,ARIMA,2026-01-09,161.29,158.31,152.51,164.11,5.799999999999997
albemarle_equity,ARIMA,2026-01-12,169.33,161.29,155.49,167.08999999999997,5.799999999999997
albemarle_equity,ARIMA,2026-01-13,176.88,169.33,163.53000000000003,175.13,5.799999999999997
albemarle_equity,ARIMA,2026-01-14,177.55,176.88,171.07999999999998,182.68,5.799999999999997
albemarle_equity,ARIMA,2026-01-15,173.78,177.55,171.75,183.35000000000002,5.799999999999997
albemarle_equity,ARIMA,2026-01-16,163.04,173.78,167.98000000000002,179.57999999999998,5.799999999999997
albemarle_equity,ARIMA,2026-01-19,163.04,163.04,157.24,168.83999999999997,5.799999999999997
albemarle_equity,ARIMA,2026-01-20,172.54,163.04,157.24,168.83999999999997,5.799999999999997
albemarle_equity,ARIMA,2026-01-21,180.06,172.54,166.74,178.33999999999997,5.799999999999997
albemarle_equity,ARIMA,2026-01-22,188.32,180.06,174.26,185.86,5.799999999999997
albemarle_equity,ARIMA,2026-01-23,189.51,188.32,182.51999999999998,194.12,5.799999999999997
albemarle_equity,ARIMA,2026-01-26,189.75,189.51,183.70999999999998,195.31,5.799999999999997
albemarle_equity,ARIMA,2026-01-27,194.18,189.75,183.95,195.55,5.799999999999997
albemarle_equity,ARIMA,2026-01-28,184.33,194.18,188.38,199.98000000000002,5.799999999999997
albemarle_equity,ARIMA,2026-01-29,180.7,184.33,178.53000000000003,190.13,5.799999999999997
albemarle_equity,ARIMA,2026-01-30,170.63,180.7,174.89999999999998,186.5,5.799999999999997
albemarle_equity,ARIMA,2026-02-02,164.93,170.63,164.82999999999998,176.43,5.799999999999997
albemarle_equity,ARIMA,2026-02-03,170.64,164.93,159.13,170.73000000000002,5.799999999999997
albemarle_equity,ARIMA,2026-02-04,168.66,170.64,164.83999999999997,176.44,5.799999999999997
albemarle_equity,ARIMA,2026-02-05,156.48,168.66,162.86,174.45999999999998,5.799999999999997
albemarle_equity,ARIMA,2026-02-06,163.37,156.48,150.68,162.27999999999997,5.799999999999997
albemarle_equity,ARIMA,2026-02-09,165.76,163.37,157.57,169.17000000000002,5.799999999999997
albemarle_equity,ARIMA,2026-02-10,168.56,165.76,159.95999999999998,171.56,5.799999999999997
albemarle_equity,ARIMA,2026-02-11,175.43,168.56,162.76,174.36,5.799999999999997
albemarle_equity,ARIMA,2026-02-12,158.93,175.43,169.63,181.23000000000002,5.799999999999997
albemarle_equity,ARIMA,2026-02-13,166.35,158.93,153.13,164.73000000000002,5.799999999999997
albemarle_equity,ARIMA,2026-02-16,166.35,166.35,160.55,172.14999999999998,5.799999999999997
albemarle_equity,ARIMA,2026-02-17,168.92,166.35,160.55,172.14999999999998,5.799999999999997
albemarle_equity,ARIMA,2026-02-18,171.22,168.92,163.12,174.71999999999997,5.799999999999997
albemarle_equity,ARIMA,2026-02-19,168.41,171.22,165.42000000000002,177.01999999999998,5.799999999999997
albemarle_equity,ARIMA,2026-02-20,168.42,168.41,162.61,174.20999999999998,5.799999999999997
albemarle_equity,ARIMA,2026-02-23,177.52,168.42,162.62,174.21999999999997,5.799999999999997
albemarle_equity,ARIMA,2026-02-24,186.83,177.52,171.72000000000003,183.32,5.799999999999997
albemarle_equity,ARIMA,2026-02-25,195.87,186.83,181.03000000000003,192.63,5.799999999999997
albemarle_equity,ARIMA,2026-02-26,184.93,195.87,190.07,201.67000000000002,5.799999999999997
albemarle_equity,ARIMA,2026-02-27,178.67,184.93,179.13,190.73000000000002,5.799999999999997
albemarle_equity,ARIMA,2026-03-02,178.18,178.67,172.87,184.46999999999997,5.799999999999997
albemarle_equity,ARIMA,2026-03-03,164.73,178.18,172.38,183.98000000000002,5.799999999999997
albemarle_equity,ARIMA,2026-03-04,168.35,164.73,158.93,170.52999999999997,5.799999999999997
albemarle_equity,ARIMA,2026-03-05,163.93,168.35,162.55,174.14999999999998,5.799999999999997
albemarle_equity,ARIMA,2026-03-06,162.29,163.93,158.13,169.73000000000002,5.799999999999997
albemarle_equity,ARIMA,2026-03-09,169.57,162.29,156.49,168.08999999999997,5.799999999999997
albemarle_equity,ARIMA,2026-03-10,166.54,169.57,163.76999999999998,175.37,5.799999999999997
albemarle_equity,ARIMA,2026-03-11,168.0,166.54,160.74,172.33999999999997,5.799999999999997
albemarle_equity,ARIMA,2026-03-12,163.89,168.0,162.2,173.8,5.799999999999997
albemarle_equity,CEEMDAN-ARIMA,2025-10-10,89.86,93.17707419777963,85.20096200260176,101.15318639295751,7.976112195177876
albemarle_equity,CEEMDAN-ARIMA,2025-10-13,96.34,92.64140945594953,84.66529726077165,100.6175216511274,7.976112195177876
albemarle_equity,CEEMDAN-ARIMA,2025-10-14,96.24,97.07691583871615,89.10080364353827,105.05302803389402,7.976112195177876
albemarle_equity,CEEMDAN-ARIMA,2025-10-15,98.16,98.6872395059731,90.71112731079522,106.66335170115097,7.976112195177876
albemarle_equity,CEEMDAN-ARIMA,2025-10-16,95.29,95.79000236704367,87.8138901718658,103.76611456222155,7.976112195177876
albemarle_equity,CEEMDAN-ARIMA,2025-10-17,92.74,95.04282057531174,87.06670838013386,103.01893277048961,7.976112195177876
albemarle_equity,CEEMDAN-ARIMA,2025-10-20,96.14,95.08799431232895,87.11188211715107,103.06410650750682,7.976112195177876
albemarle_equity,CEEMDAN-ARIMA,2025-10-21,91.34,93.5216457155789,85.54553352040102,101.49775791075677,7.976112195177876
albemarle_equity,CEEMDAN-ARIMA,2025-10-22,91.27,95.65747373602235,87.68136154084448,103.63358593120023,7.976112195177876
albemarle_equity,CEEMDAN-ARIMA,2025-10-23,97.36,99.98579421459712,92.00968201941924,107.961906409775,7.976112195177876
albemarle_equity,CEEMDAN-ARIMA,2025-10-24,105.64,101.87811262221064,93.90200042703276,109.85422481738851,7.976112195177876
albemarle_equity,CEEMDAN-ARIMA,2025-10-27,96.23,100.04758332733479,92.07147113215692,108.02369552251267,7.976112195177876
albemarle_equity,CEEMDAN-ARIMA,2025-10-28,96.68,99.32581117212932,91.34969897695144,107.3019233673072,7.976112195177876
albemarle_equity,CEEMDAN-ARIMA,2025-10-29,97.8,100.70482168590256,92.72870949072468,108.68093388108043,7.976112195177876
albemarle_equity,CEEMDAN-ARIMA,2025-10-30,97.89,100.14233689184363,92.16622469666575,108.1184490870215,7.976112195177876
albemarle_equity,CEEMDAN-ARIMA,2025-10-31,98.23,98.18537431821055,90.20926212303267,106.16148651338843,7.976112195177876
albemarle_equity,CEEMDAN-ARIMA,2025-11-03,96.53,94.60900731928365,86.63289512410577,102.58511951446152,7.976112195177876
albemarle_equity,CEEMDAN-ARIMA,2025-11-04,88.45,90.65007837656971,82.67396618139183,98.62619057174759,7.976112195177876
albemarle_equity,CEEMDAN-ARIMA,2025-11-05,91.96,89.77208964203803,81.79597744686015,97.7482018372159,7.976112195177876
albemarle_equity,CEEMDAN-ARIMA,2025-11-06,91.26,93.15665720700115,85.18054501182327,101.13276940217902,7.976112195177876
albemarle_equity,CEEMDAN-ARIMA,2025-11-07,97.18,97.84466756095331,89.86855536577544,105.82077975613119,7.976112195177876
albemarle_equity,CEEMDAN-ARIMA,2025-11-10,103.58,103.18148751250096,95.20537531732309,111.15759970767884,7.976112195177876
albemarle_equity,CEEMDAN-ARIMA,2025-11-11,103.88,106.10156050833027,98.12544831315239,114.07767270350814,7.976112195177876
albemarle_equity,CEEMDAN-ARIMA,2025-11-12,110.32,108.60642529921513,100.63031310403726,116.58253749439301,7.976112195177876
albemarle_equity,CEEMDAN-ARIMA,2025-11-13,114.57,112.049882524926,104.07377032974813,120.02599472010388,7.976112195177876
albemarle_equity,CEEMDAN-ARIMA,2025-11-14,115.14,114.42445492801355,106.44834273283567,122.40056712319142,7.976112195177876
albemarle_equity,CEEMDAN-ARIMA,2025-11-17,117.7,118.57683151148434,110.60071931630647,126.55294370666222,7.976112195177876
albemarle_equity,CEEMDAN-ARIMA,2025-11-18,121.39,122.74595455955188,114.769842364374,130.72206675472975,7.976112195177876
albemarle_equity,CEEMDAN-ARIMA,2025-11-19,125.68,124.59145889462775,116.61534669944987,132.56757108980563,7.976112195177876
albemarle_equity,CEEMDAN-ARIMA,2025-11-20,116.42,120.27915898084824,112.30304678567036,128.2552711760261,7.976112195177876
albemarle_equity,CEEMDAN-ARIMA,2025-11-21,116.82,115.19671229908056,107.22060010390268,123.17282449425844,7.976112195177876
albemarle_equity,CEEMDAN-ARIMA,2025-11-24,115.88,116.44343015326855,108.46731795809067,124.41954234844643,7.976112195177876
albemarle_equity,CEEMDAN-ARIMA,2025-11-25,125.26,123.18165833926204,115.20554614408417,131.15777053443992,7.976112195177876
albemarle_equity,CEEMDAN-ARIMA,2025-11-26,126.91,126.90787348162944,118.93176128645156,134.8839856768073,7.976112195177876
albemarle_equity,CEEMDAN-ARIMA,2025-11-27,126.91,126.35649502326453,118.38038282808665,134.3326072184424,7.976112195177876
albemarle_equity,CEEMDAN-ARIMA,2025-11-28,129.99,128.6486581696009,120.67254597442303,136.62477036477878,7.976112195177876
albemarle_equity,CEEMDAN-ARIMA,2025-12-01,128.33,128.31400299941845,120.33789080424057,136.29011519459632,7.976112195177876
albemarle_equity,CEEMDAN-ARIMA,2025-12-02,128.14,128.38266127964113,120.40654908446325,136.358773474819,7.976112195177876
albemarle_equity,CEEMDAN-ARIMA,2025-12-03,126.49,123.22780977117496,115.25169757599708,131.20392196635282,7.976112195177876
albemarle_equity,CEEMDAN-ARIMA,2025-12-04,119.14,121.51782474130457,113.54171254612669,129.49393693648244,7.976112195177876
albemarle_equity,CEEMDAN-ARIMA,2025-12-05,125.19,121.51864827552482,113.54253608034695,129.49476047070272,7.976112195177876
albemarle_equity,CEEMDAN-ARIMA,2025-12-08,127.2,125.00129726978571,117.02518507460783,132.97740946496359,7.976112195177876
albemarle_equity,CEEMDAN-ARIMA,2025-12-09,129.29,127.82595440079223,119.84984220561435,135.8020665959701,7.976112195177876
albemarle_equity,CEEMDAN-ARIMA,2025-12-10,133.21,130.8508164293746,122.87470423419671,138.82692862455247,7.976112195177876
albemarle_equity,CEEMDAN-ARIMA,2025-12-11,134.59,132.21316117403086,124.23704897885298,140.18927336920873,7.976112195177876
albemarle_equity,CEEMDAN-ARIMA,2025-12-12,132.74,131.70457216877503,123.72845997359715,139.6806843639529,7.976112195177876
albemarle_equity,CEEMDAN-ARIMA,2025-12-15,132.22,132.42227301007694,124.44616081489906,140.3983852052548,7.976112195177876
albemarle_equity,CEEMDAN-ARIMA,2025-12-16,131.07,132.7459376839539,124.76982548877604,140.7220498791318,7.976112195177876
albemarle_equity,CEEMDAN-ARIMA,2025-12-17,134.71,136.43351398898074,128.45740179380286,144.4096261841586,7.976112195177876
albemarle_equity,CEEMDAN-ARIMA,2025-12-18,140.48,140.96752149971147,132.9914093045336,148.94363369488934,7.976112195177876
albemarle_equity,CEEMDAN-ARIMA,2025-12-19,145.88,144.2926532668005,136.31654107162262,152.26876546197838,7.976112195177876
albemarle_equity,CEEMDAN-ARIMA,2025-12-22,145.38,144.90392233039967,136.9278101352218,152.88003452557754,7.976112195177876
albemarle_equity,CEEMDAN-ARIMA,2025-12-23,146.7,147.6268074302498,139.65069523507194,155.6029196254277,7.976112195177876
albemarle_equity,CEEMDAN-ARIMA,2025-12-24,148.51,147.75491286549754,139.77880067031967,155.73102506067542,7.976112195177876
albemarle_equity,CEEMDAN-ARIMA,2025-12-29,144.58,145.649389248069,137.67327705289114,153.6255014432469,7.976112195177876
albemarle_equity,CEEMDAN-ARIMA,2025-12-30,142.01,143.33598535035222,135.35987315517434,151.3120975455301,7.976112195177876
albemarle_equity,CEEMDAN-ARIMA,2025-12-31,141.44,142.4087884562142,134.43267626103633,150.3849006513921,7.976112195177876
albemarle_equity,CEEMDAN-ARIMA,2026-01-02,143.93,144.80411946565968,136.8280072704818,152.78023166083756,7.976112195177876
albemarle_equity,CEEMDAN-ARIMA,2026-01-05,146.13,147.93774256545268,139.9616303702748,155.91385476063056,7.976112195177876
albemarle_equity,CEEMDAN-ARIMA,2026-01-06,158.15,154.84921127824964,146.87309908307176,162.82532347342752,7.976112195177876
albemarle_equity,CEEMDAN-ARIMA,2026-01-07,161.57,159.41687883339392,151.44076663821605,167.3929910285718,7.976112195177876
albemarle_equity,CEEMDAN-ARIMA,2026-01-08,158.31,161.39133780889276,153.41522561371488,169.36745000407063,7.976112195177876
albemarle_equity,CEEMDAN-ARIMA,2026-01-09,161.29,166.69755586569792,158.72144367052005,174.6736680608758,7.976112195177876
albemarle_equity,CEEMDAN-ARIMA,2026-01-12,169.33,172.54934178120587,164.573229586028,180.52545397638374,7.976112195177876
albemarle_equity,CEEMDAN-ARIMA,2026-01-13,176.88,171.33499487991747,163.3588826847396,179.31110707509535,7.976112195177876
albemarle_equity,CEEMDAN-ARIMA,2026-01-14,177.55,167.96326513756196,159.98715294238409,175.93937733273984,7.976112195177876
albemarle_equity,CEEMDAN-ARIMA,2026-01-15,173.78,163.9542254957926,155.97811330061472,171.93033769097048,7.976112195177876
albemarle_equity,CEEMDAN-ARIMA,2026-01-16,163.04,163.19083084704423,155.21471865186635,171.1669430422221,7.976112195177876
albemarle_equity,CEEMDAN-ARIMA,2026-01-19,163.04,168.92307910156995,160.94696690639208,176.89919129674783,7.976112195177876
albemarle_equity,CEEMDAN-ARIMA,2026-01-20,172.54,177.50807207570728,169.5319598805294,185.48418427088515,7.976112195177876
albemarle_equity,CEEMDAN-ARIMA,2026-01-21,180.06,182.4344323540908,174.45832015891293,190.41054454926868,7.976112195177876
albemarle_equity,CEEMDAN-ARIMA,2026-01-22,188.32,184.67751473445423,176.70140253927636,192.6536269296321,7.976112195177876
albemarle_equity,CEEMDAN-ARIMA,2026-01-23,189.51,186.9810567687604,179.00494457358252,194.95716896393827,7.976112195177876
albemarle_equity,CEEMDAN-ARIMA,2026-01-26,189.75,189.7188536681633,181.74274147298541,197.69496586334117,7.976112195177876
albemarle_equity,CEEMDAN-ARIMA,2026-01-27,194.18,192.38160622559622,184.40549403041834,200.3577184207741,7.976112195177876
albemarle_equity,CEEMDAN-ARIMA,2026-01-28,184.33,186.94946942750437,178.9733572323265,194.92558162268224,7.976112195177876
albemarle_equity,CEEMDAN-ARIMA,2026-01-29,180.7,179.48821617848995,171.51210398331207,187.46432837366783,7.976112195177876
albemarle_equity,CEEMDAN-ARIMA,2026-01-30,170.63,173.0266744093819,165.05056221420404,181.0027866045598,7.976112195177876
albemarle_equity,CEEMDAN-ARIMA,2026-02-02,164.93,170.2377436419368,162.2616314467589,178.21385583711466,7.976112195177876
albemarle_equity,CEEMDAN-ARIMA,2026-02-03,170.64,168.97559033962344,160.99947814444556,176.9517025348013,7.976112195177876
albemarle_equity,CEEMDAN-ARIMA,2026-02-04,168.66,165.56166553176587,157.585553336588,173.53777772694374,7.976112195177876
albemarle_equity,CEEMDAN-ARIMA,2026-02-05,156.48,162.2038117404166,154.22769954523872,170.17992393559447,7.976112195177876
albemarle_equity,CEEMDAN-ARIMA,2026-02-06,163.37,163.80506931633872,155.82895712116084,171.7811815115166,7.976112195177876
albemarle_equity,CEEMDAN-ARIMA,2026-02-09,165.76,169.57642941395795,161.60031721878008,177.55254160913583,7.976112195177876
albemarle_equity,CEEMDAN-ARIMA,2026-02-10,168.56,170.25637256406065,162.28026036888278,178.23248475923853,7.976112195177876
albemarle_equity,CEEMDAN-ARIMA,2026-02-11,175.43,169.8372157520642,161.86110355688632,177.81332794724207,7.976112195177876
albemarle_equity,CEEMDAN-ARIMA,2026-02-12,158.93,164.34570870248692,156.36959650730904,172.3218208976648,7.976112195177876
albemarle_equity,CEEMDAN-ARIMA,2026-02-13,166.35,163.24234588806308,155.2662336928852,171.21845808324096,7.976112195177876
albemarle_equity,CEEMDAN-ARIMA,2026-02-16,166.35,166.11048064293354,158.13436844775566,174.08659283811141,7.976112195177876
albemarle_equity,CEEMDAN-ARIMA,2026-02-17,168.92,167.5790853815074,159.60297318632954,175.5551975766853,7.976112195177876
albemarle_equity,CEEMDAN-ARIMA,2026-02-18,171.22,166.28638014498196,158.31026794980409,174.26249234015984,7.976112195177876
albemarle_equity,CEEMDAN-ARIMA,2026-02-19,168.41,167.7992783486058,159.82316615342793,175.7753905437837,7.976112195177876
albemarle_equity,CEEMDAN-ARIMA,2026-02-20,168.42,173.250544995746,165.27443280056812,181.22665719092387,7.976112195177876
albemarle_equity,CEEMDAN-ARIMA,2026-02-23,177.52,181.09454918652278,173.1184369913449,189.07066138170066,7.976112195177876
albemarle_equity,CEEMDAN-ARIMA,2026-02-24,186.83,190.77656775612797,182.8004555609501,198.75267995130585,7.976112195177876
albemarle_equity,CEEMDAN-ARIMA,2026-02-25,195.87,192.32433209036134,184.34821989518346,200.3004442855392,7.976112195177876
albemarle_equity,CEEMDAN-ARIMA,2026-02-26,184.93,189.2327886152097,181.25667642003182,197.20890081038758,7.976112195177876
albemarle_equity,CEEMDAN-ARIMA,2026-02-27,178.67,182.85313603156249,174.8770238363846,190.82924822674036,7.976112195177876
albemarle_equity,CEEMDAN-ARIMA,2026-03-02,178.18,178.65676936258262,170.68065716740475,186.6328815577605,7.976112195177876
albemarle_equity,CEEMDAN-ARIMA,2026-03-03,164.73,169.4902013765446,161.51408918136673,177.46631357172248,7.976112195177876
albemarle_equity,CEEMDAN-ARIMA,2026-03-04,168.35,166.8141829978825,158.83807080270464,174.7902951930604,7.976112195177876
albemarle_equity,CEEMDAN-ARIMA,2026-03-05,163.93,164.68520374260902,156.70909154743114,172.6613159377869,7.976112195177876
albemarle_equity,CEEMDAN-ARIMA,2026-03-06,162.29,164.3947865582872,156.41867436310932,172.37089875346507,7.976112195177876
albemarle_equity,CEEMDAN-ARIMA,2026-03-09,169.57,166.90923701837926,158.93312482320138,174.88534921355713,7.976112195177876
albemarle_equity,CEEMDAN-ARIMA,2026-03-10,166.54,168.68431287789073,160.70820068271286,176.6604250730686,7.976112195177876
albemarle_equity,CEEMDAN-ARIMA,2026-03-11,168.0,167.0673262998191,159.0912141046412,175.04343849499696,7.976112195177876
albemarle_equity,CEEMDAN-ARIMA,2026-03-12,163.89,164.07355582950154,156.09744363432367,172.04966802467942,7.976112195177876
albemarle_equity,CEEMDAN-LSTM,2025-10-10,89.86,89.965087890625,80.6745834350586,99.2555923461914,9.290504455566406
albemarle_equity,CEEMDAN-LSTM,2025-10-13,96.34,90.9247817993164,81.63427734375,100.21528625488281,9.290504455566406
albemarle_equity,CEEMDAN-LSTM,2025-10-14,96.24,94.61260223388672,85.32209777832031,103.90310668945312,9.290504455566406
albemarle_equity,CEEMDAN-LSTM,2025-10-15,98.16,97.2574234008789,87.9669189453125,106.54792785644531,9.290504455566406
albemarle_equity,CEEMDAN-LSTM,2025-10-16,95.29,94.75643920898438,85.46593475341797,104.04694366455078,9.290504455566406
albemarle_equity,CEEMDAN-LSTM,2025-10-17,92.74,94.06890869140625,84.77840423583984,103.35941314697266,9.290504455566406
albemarle_equity,CEEMDAN-LSTM,2025-10-20,96.14,94.93670654296875,85.64620208740234,104.22721099853516,9.290504455566406
albemarle_equity,CEEMDAN-LSTM,2025-10-21,91.34,92.53329467773438,83.24279022216797,101.82379913330078,9.290504455566406
albemarle_equity,CEEMDAN-LSTM,2025-10-22,91.27,94.7890625,85.4985580444336,104.0795669555664,9.290504455566406
albemarle_equity,CEEMDAN-LSTM,2025-10-23,97.36,99.38336181640625,90.09285736083984,108.67386627197266,9.290504455566406
albemarle_equity,CEEMDAN-LSTM,2025-10-24,105.64,101.61026000976562,92.31975555419922,110.90076446533203,9.290504455566406
albemarle_equity,CEEMDAN-LSTM,2025-10-27,96.23,98.22300720214844,88.93250274658203,107.51351165771484,9.290504455566406
albemarle_equity,CEEMDAN-LSTM,2025-10-28,96.68,97.27371215820312,87.98320770263672,106.56421661376953,9.290504455566406
albemarle_equity,CEEMDAN-LSTM,2025-10-29,97.8,99.02044677734375,89.72994232177734,108.31095123291016,9.290504455566406
albemarle_equity,CEEMDAN-LSTM,2025-10-30,97.89,98.41259765625,89.1220932006836,107.7031021118164,9.290504455566406
albemarle_equity,CEEMDAN-LSTM,2025-10-31,98.23,96.50044250488281,87.2099380493164,105.79094696044922,9.290504455566406
albemarle_equity,CEEMDAN-LSTM,2025-11-03,96.53,91.62094116210938,82.33043670654297,100.91144561767578,9.290504455566406
albemarle_equity,CEEMDAN-LSTM,2025-11-04,88.45,88.47221374511719,79.18170928955078,97.7627182006836,9.290504455566406
albemarle_equity,CEEMDAN-LSTM,2025-11-05,91.96,89.05029296875,79.7597885131836,98.3407974243164,9.290504455566406
albemarle_equity,CEEMDAN-LSTM,2025-11-06,91.26,89.78590393066406,80.49539947509766,99.07640838623047,9.290504455566406
albemarle_equity,CEEMDAN-LSTM,2025-11-07,97.18,95.41376495361328,86.12326049804688,104.70426940917969,9.290504455566406
albemarle_equity,CEEMDAN-LSTM,2025-11-10,103.58,99.85543823242188,90.56493377685547,109.14594268798828,9.290504455566406
albemarle_equity,CEEMDAN-LSTM,2025-11-11,103.88,101.95636749267578,92.66586303710938,111.24687194824219,9.290504455566406
albemarle_equity,CEEMDAN-LSTM,2025-11-12,110.32,105.95169067382812,96.66118621826172,115.24219512939453,9.290504455566406
albemarle_equity,CEEMDAN-LSTM,2025-11-13,114.57,108.43656921386719,99.14606475830078,117.7270736694336,9.290504455566406
albemarle_equity,CEEMDAN-LSTM,2025-11-14,115.14,110.83686828613281,101.5463638305664,120.12737274169922,9.290504455566406
albemarle_equity,CEEMDAN-LSTM,2025-11-17,117.7,116.09197998046875,106.80147552490234,125.38248443603516,9.290504455566406
albemarle_equity,CEEMDAN-LSTM,2025-11-18,121.39,121.2117691040039,111.9212646484375,130.5022735595703,9.290504455566406
albemarle_equity,CEEMDAN-LSTM,2025-11-19,125.68,124.40852355957031,115.1180191040039,133.69902801513672,9.290504455566406
albemarle_equity,CEEMDAN-LSTM,2025-11-20,116.42,119.9609146118164,110.67041015625,129.2514190673828,9.290504455566406
albemarle_equity,CEEMDAN-LSTM,2025-11-21,116.82,114.6402587890625,105.3497543334961,123.9307632446289,9.290504455566406
albemarle_equity,CEEMDAN-LSTM,2025-11-24,115.88,114.9984130859375,105.7079086303711,124.2889175415039,9.290504455566406
albemarle_equity,CEEMDAN-LSTM,2025-11-25,125.26,121.34664916992188,112.05614471435547,130.63715362548828,9.290504455566406
albemarle_equity,CEEMDAN-LSTM,2025-11-26,126.91,125.06922912597656,115.77872467041016,134.35973358154297,9.290504455566406
albemarle_equity,CEEMDAN-LSTM,2025-11-27,126.91,124.48355102539062,115.19304656982422,133.77405548095703,9.290504455566406
albemarle_equity,CEEMDAN-LSTM,2025-11-28,129.99,124.53189086914062,115.24138641357422,133.82239532470703,9.290504455566406
albemarle_equity,CEEMDAN-LSTM,2025-12-01,128.33,122.9165267944336,113.62602233886719,132.20703125,9.290504455566406
albemarle_equity,CEEMDAN-LSTM,2025-12-02,128.14,123.87986755371094,114.58936309814453,133.17037200927734,9.290504455566406
albemarle_equity,CEEMDAN-LSTM,2025-12-03,126.49,118.26679992675781,108.9762954711914,127.55730438232422,9.290504455566406
albemarle_equity,CEEMDAN-LSTM,2025-12-04,119.14,115.4697494506836,106.17924499511719,124.76025390625,9.290504455566406
albemarle_equity,CEEMDAN-LSTM,2025-12-05,125.19,116.89737701416016,107.60687255859375,126.18788146972656,9.290504455566406
albemarle_equity,CEEMDAN-LSTM,2025-12-08,127.2,119.6009750366211,110.31047058105469,128.8914794921875,9.290504455566406
albemarle_equity,CEEMDAN-LSTM,2025-12-09,129.29,123.39887237548828,114.10836791992188,132.6893768310547,9.290504455566406
albemarle_equity,CEEMDAN-LSTM,2025-12-10,133.21,126.30683898925781,117.0163345336914,135.59734344482422,9.290504455566406
albemarle_equity,CEEMDAN-LSTM,2025-12-11,134.59,127.29418182373047,118.00367736816406,136.58468627929688,9.290504455566406
albemarle_equity,CEEMDAN-LSTM,2025-12-12,132.74,126.44493865966797,117.15443420410156,135.73544311523438,9.290504455566406
albemarle_equity,CEEMDAN-LSTM,2025-12-15,132.22,126.98291778564453,117.69241333007812,136.27342224121094,9.290504455566406
albemarle_equity,CEEMDAN-LSTM,2025-12-16,131.07,128.01864624023438,118.72814178466797,137.30915069580078,9.290504455566406
albemarle_equity,CEEMDAN-LSTM,2025-12-17,134.71,132.5046844482422,123.21417999267578,141.7951889038086,9.290504455566406
albemarle_equity,CEEMDAN-LSTM,2025-12-18,140.48,137.07403564453125,127.78353118896484,146.36454010009766,9.290504455566406
albemarle_equity,CEEMDAN-LSTM,2025-12-19,145.88,140.4464874267578,131.1559829711914,149.73699188232422,9.290504455566406
albemarle_equity,CEEMDAN-LSTM,2025-12-22,145.38,140.14373779296875,130.85323333740234,149.43424224853516,9.290504455566406
albemarle_equity,CEEMDAN-LSTM,2025-12-23,146.7,143.5831298828125,134.2926254272461,152.8736343383789,9.290504455566406
albemarle_equity,CEEMDAN-LSTM,2025-12-24,148.51,144.3752899169922,135.08478546142578,153.6657943725586,9.290504455566406
albemarle_equity,CEEMDAN-LSTM,2025-12-29,144.58,141.28643798828125,131.99593353271484,150.57694244384766,9.290504455566406
albemarle_equity,CEEMDAN-LSTM,2025-12-30,142.01,138.7439727783203,129.4534683227539,148.03447723388672,9.290504455566406
albemarle_equity,CEEMDAN-LSTM,2025-12-31,141.44,137.08358764648438,127.79308319091797,146.37409210205078,9.290504455566406
albemarle_equity,CEEMDAN-LSTM,2026-01-02,143.93,139.00518798828125,129.71468353271484,148.29569244384766,9.290504455566406
albemarle_equity,CEEMDAN-LSTM,2026-01-05,146.13,142.03298950195312,132.74248504638672,151.32349395751953,9.290504455566406
albemarle_equity,CEEMDAN-LSTM,2026-01-06,158.15,149.0697479248047,139.77924346923828,158.3602523803711,9.290504455566406
albemarle_equity,CEEMDAN-LSTM,2026-01-07,161.57,152.34396362304688,143.05345916748047,161.63446807861328,9.290504455566406
albemarle_equity,CEEMDAN-LSTM,2026-01-08,158.31,154.63201904296875,145.34151458740234,163.92252349853516,9.290504455566406
albemarle_equity,CEEMDAN-LSTM,2026-01-09,161.29,160.2364044189453,150.9458999633789,169.52690887451172,9.290504455566406
albemarle_equity,CEEMDAN-LSTM,2026-01-12,169.33,164.786376953125,155.4958724975586,174.0768814086914,9.290504455566406
albemarle_equity,CEEMDAN-LSTM,2026-01-13,176.88,164.9346923828125,155.6441879272461,174.2251968383789,9.290504455566406
albemarle_equity,CEEMDAN-LSTM,2026-01-14,177.55,160.82846069335938,151.53795623779297,170.11896514892578,9.290504455566406
albemarle_equity,CEEMDAN-LSTM,2026-01-15,173.78,158.30801391601562,149.01750946044922,167.59851837158203,9.290504455566406
albemarle_equity,CEEMDAN-LSTM,2026-01-16,163.04,158.6470947265625,149.3565902709961,167.9375991821289,9.290504455566406
albemarle_equity,CEEMDAN-LSTM,2026-01-19,163.04,167.74644470214844,158.45594024658203,177.03694915771484,9.290504455566406
albemarle_equity,CEEMDAN-LSTM,2026-01-20,172.54,174.67791748046875,165.38741302490234,183.96842193603516,9.290504455566406
albemarle_equity,CEEMDAN-LSTM,2026-01-21,180.06,178.18893432617188,168.89842987060547,187.47943878173828,9.290504455566406
albemarle_equity,CEEMDAN-LSTM,2026-01-22,188.32,177.5101776123047,168.21967315673828,186.8006820678711,9.290504455566406
albemarle_equity,CEEMDAN-LSTM,2026-01-23,189.51,178.442138671875,169.1516342163086,187.7326431274414,9.290504455566406
albemarle_equity,CEEMDAN-LSTM,2026-01-26,189.75,182.2061767578125,172.9156723022461,191.4966812133789,9.290504455566406
albemarle_equity,CEEMDAN-LSTM,2026-01-27,194.18,187.45281982421875,178.16231536865234,196.74332427978516,9.290504455566406
albemarle_equity,CEEMDAN-LSTM,2026-01-28,184.33,183.2945556640625,174.0040512084961,192.5850601196289,9.290504455566406
albemarle_equity,CEEMDAN-LSTM,2026-01-29,180.7,173.36524963378906,164.07474517822266,182.65575408935547,9.290504455566406
albemarle_equity,CEEMDAN-LSTM,2026-01-30,170.63,166.82034301757812,157.52983856201172,176.11084747314453,9.290504455566406
albemarle_equity,CEEMDAN-LSTM,2026-02-02,164.93,164.48643493652344,155.19593048095703,173.77693939208984,9.290504455566406
albemarle_equity,CEEMDAN-LSTM,2026-02-03,170.64,165.34805297851562,156.05754852294922,174.63855743408203,9.290504455566406
albemarle_equity,CEEMDAN-LSTM,2026-02-04,168.66,159.97023010253906,150.67972564697266,169.26073455810547,9.290504455566406
albemarle_equity,CEEMDAN-LSTM,2026-02-05,156.48,153.65701293945312,144.36650848388672,162.94751739501953,9.290504455566406
albemarle_equity,CEEMDAN-LSTM,2026-02-06,163.37,156.97427368164062,147.68376922607422,166.26477813720703,9.290504455566406
albemarle_equity,CEEMDAN-LSTM,2026-02-09,165.76,162.34515380859375,153.05464935302734,171.63565826416016,9.290504455566406
albemarle_equity,CEEMDAN-LSTM,2026-02-10,168.56,162.3467559814453,153.0562515258789,171.63726043701172,9.290504455566406
albemarle_equity,CEEMDAN-LSTM,2026-02-11,175.43,160.4079132080078,151.1174087524414,169.69841766357422,9.290504455566406
albemarle_equity,CEEMDAN-LSTM,2026-02-12,158.93,153.62225341796875,144.33174896240234,162.91275787353516,9.290504455566406
albemarle_equity,CEEMDAN-LSTM,2026-02-13,166.35,155.3285369873047,146.03803253173828,164.6190414428711,9.290504455566406
albemarle_equity,CEEMDAN-LSTM,2026-02-16,166.35,160.1651611328125,150.8746566772461,169.4556655883789,9.290504455566406
albemarle_equity,CEEMDAN-LSTM,2026-02-17,168.92,158.47071838378906,149.18021392822266,167.76122283935547,9.290504455566406
albemarle_equity,CEEMDAN-LSTM,2026-02-18,171.22,157.92184448242188,148.63134002685547,167.21234893798828,9.290504455566406
albemarle_equity,CEEMDAN-LSTM,2026-02-19,168.41,157.7600860595703,148.4695816040039,167.05059051513672,9.290504455566406
albemarle_equity,CEEMDAN-LSTM,2026-02-20,168.42,164.782958984375,155.4924545288086,174.0734634399414,9.290504455566406
albemarle_equity,CEEMDAN-LSTM,2026-02-23,177.52,173.55361938476562,164.26311492919922,182.84412384033203,9.290504455566406
albemarle_equity,CEEMDAN-LSTM,2026-02-24,186.83,182.0269775390625,172.7364730834961,191.3174819946289,9.290504455566406
albemarle_equity,CEEMDAN-LSTM,2026-02-25,195.87,182.8439483642578,173.5534439086914,192.13445281982422,9.290504455566406
albemarle_equity,CEEMDAN-LSTM,2026-02-26,184.93,178.8445281982422,169.55402374267578,188.1350326538086,9.290504455566406
albemarle_equity,CEEMDAN-LSTM,2026-02-27,178.67,175.12954711914062,165.83904266357422,184.42005157470703,9.290504455566406
albemarle_equity,CEEMDAN-LSTM,2026-03-02,178.18,172.177001953125,162.8864974975586,181.4675064086914,9.290504455566406
albemarle_equity,CEEMDAN-LSTM,2026-03-03,164.73,164.00314331054688,154.71263885498047,173.29364776611328,9.290504455566406
albemarle_equity,CEEMDAN-LSTM,2026-03-04,168.35,158.96682739257812,149.67632293701172,168.25733184814453,9.290504455566406
albemarle_equity,CEEMDAN-LSTM,2026-03-05,163.93,156.2512969970703,146.9607925415039,165.54180145263672,9.290504455566406
albemarle_equity,CEEMDAN-LSTM,2026-03-06,162.29,156.15252685546875,146.86202239990234,165.44303131103516,9.290504455566406
albemarle_equity,CEEMDAN-LSTM,2026-03-09,169.57,159.74700927734375,150.45650482177734,169.03751373291016,9.290504455566406
albemarle_equity,CEEMDAN-LSTM,2026-03-10,166.54,159.41665649414062,150.12615203857422,168.70716094970703,9.290504455566406
albemarle_equity,CEEMDAN-LSTM,2026-03-11,168.0,158.77371215820312,149.48320770263672,168.06421661376953,9.290504455566406
albemarle_equity,CEEMDAN-LSTM,2026-03-12,163.89,153.86126708984375,144.57076263427734,163.15177154541016,9.290504455566406
albemarle_equity,ELM,2025-10-10,89.86,134.73515410419725,84.06947869010763,185.40082951828686,50.66567541408962
albemarle_equity,ELM,2025-10-13,96.34,104.82626995946245,54.16059454537283,155.49194537355208,50.66567541408962
albemarle_equity,ELM,2025-10-14,96.24,118.42599219616973,67.76031678208011,169.09166761025935,50.66567541408962
albemarle_equity,ELM,2025-10-15,98.16,150.53081308716727,99.86513767307765,201.1964885012569,50.66567541408962
albemarle_equity,ELM,2025-10-16,95.29,144.01485893151073,93.34918351742111,194.68053434560034,50.66567541408962
albemarle_equity,ELM,2025-10-17,92.74,146.881381028164,96.21570561407437,197.54705644225362,50.66567541408962
albemarle_equity,ELM,2025-10-20,96.14,130.73979875659555,80.07412334250593,181.40547417068518,50.66567541408962
albemarle_equity,ELM,2025-10-21,91.34,136.19292405493346,85.52724864084384,186.8585994690231,50.66567541408962
albemarle_equity,ELM,2025-10-22,91.27,124.99511922658888,74.32944381249926,175.6607946406785,50.66567541408962
albemarle_equity,ELM,2025-10-23,97.36,123.5558240121252,72.89014859803558,174.22149942621482,50.66567541408962
albemarle_equity,ELM,2025-10-24,105.64,134.42042996716785,83.75475455307823,185.08610538125748,50.66567541408962
albemarle_equity,ELM,2025-10-27,96.23,122.81615457877025,72.15047916468063,173.48182999285987,50.66567541408962
albemarle_equity,ELM,2025-10-28,96.68,120.08080373846472,69.4151283243751,170.74647915255434,50.66567541408962
albemarle_equity,ELM,2025-10-29,97.8,121.729720242998,71.06404482890838,172.39539565708762,50.66567541408962
albemarle_equity,ELM,2025-10-30,97.89,130.62005577001403,79.95438035592441,181.28573118410367,50.66567541408962
albemarle_equity,ELM,2025-10-31,98.23,135.55297447976304,84.88729906567342,186.21864989385267,50.66567541408962
albemarle_equity,ELM,2025-11-03,96.53,113.48353867330303,62.81786325921341,164.14921408739264,50.66567541408962
albemarle_equity,ELM,2025-11-04,88.45,135.0776814925196,84.41200607842997,185.74335690660922,50.66567541408962
albemarle_equity,ELM,2025-11-05,91.96,118.2536004233385,67.58792500924888,168.91927583742813,50.66567541408962
albemarle_equity,ELM,2025-11-06,91.26,130.7323342251085,80.06665881101888,181.3980096391981,50.66567541408962
albemarle_equity,ELM,2025-11-07,97.18,120.33056498585921,69.66488957176959,170.99624039994882,50.66567541408962
albemarle_equity,ELM,2025-11-10,103.58,115.47648587789806,64.81081046380844,166.1421612919877,50.66567541408962
albemarle_equity,ELM,2025-11-11,103.88,142.57952416562847,91.91384875153885,193.24519957971808,50.66567541408962
albemarle_equity,ELM,2025-11-12,110.32,147.78174725843147,97.11607184434185,198.4474226725211,50.66567541408962
albemarle_equity,ELM,2025-11-13,114.57,148.57798820299905,97.91231278890943,199.24366361708866,50.66567541408962
albemarle_equity,ELM,2025-11-14,115.14,125.7521123674135,75.08643695332388,176.41778778150314,50.66567541408962
albemarle_equity,ELM,2025-11-17,117.7,143.8868509507989,93.22117553670928,194.55252636488854,50.66567541408962
albemarle_equity,ELM,2025-11-18,121.39,169.3912457953333,118.72557038124368,220.0569212094229,50.66567541408962
albemarle_equity,ELM,2025-11-19,125.68,134.70742441800243,84.04174900391281,185.37309983209207,50.66567541408962
albemarle_equity,ELM,2025-11-20,116.42,184.492699158476,133.8270237443864,235.1583745725656,50.66567541408962
albemarle_equity,ELM,2025-11-21,116.82,158.10796657633284,107.44229116224322,208.77364199042245,50.66567541408962
albemarle_equity,ELM,2025-11-24,115.88,139.40332779495213,88.73765238086251,190.06900320904174,50.66567541408962
albemarle_equity,ELM,2025-11-25,125.26,129.45920860271664,78.79353318862702,180.12488401680628,50.66567541408962
albemarle_equity,ELM,2025-11-26,126.91,147.58178369974104,96.91610828565142,198.24745911383064,50.66567541408962
albemarle_equity,ELM,2025-11-27,126.91,136.7564399945974,86.09076458050778,187.42211540868703,50.66567541408962
albemarle_equity,ELM,2025-11-28,129.99,140.36617858392665,89.70050316983703,191.0318539980163,50.66567541408962
albemarle_equity,ELM,2025-12-01,128.33,140.60818106497953,89.94250565088991,191.27385647906914,50.66567541408962
albemarle_equity,ELM,2025-12-02,128.14,139.35088368822034,88.68520827413072,190.01655910230994,50.66567541408962
albemarle_equity,ELM,2025-12-03,126.49,158.73653305451936,108.07085764042974,209.402208468609,50.66567541408962
albemarle_equity,ELM,2025-12-04,119.14,186.32337048217624,135.65769506808664,236.98904589626585,50.66567541408962
albemarle_equity,ELM,2025-12-05,125.19,139.09410016365922,88.4284247495696,189.75977557774883,50.66567541408962
albemarle_equity,ELM,2025-12-08,127.2,141.9893986451574,91.32372323106777,192.655074059247,50.66567541408962
albemarle_equity,ELM,2025-12-09,129.29,137.18528697723164,86.51961156314202,187.85096239132127,50.66567541408962
albemarle_equity,ELM,2025-12-10,133.21,161.9665798734232,111.30090445933358,212.6322552875128,50.66567541408962
albemarle_equity,ELM,2025-12-11,134.59,142.14634008411744,91.48066467002782,192.81201549820707,50.66567541408962
albemarle_equity,ELM,2025-12-12,132.74,175.44941556863287,124.78374015454325,226.1150909827225,50.66567541408962
albemarle_equity,ELM,2025-12-15,132.22,166.1071981087963,115.44152269470668,216.7728735228859,50.66567541408962
albemarle_equity,ELM,2025-12-16,131.07,156.9568577894456,106.29118237535597,207.62253320353523,50.66567541408962
albemarle_equity,ELM,2025-12-17,134.71,155.31883514257612,104.6531597284865,205.98451055666573,50.66567541408962
albemarle_equity,ELM,2025-12-18,140.48,152.79583702440988,102.13016161032026,203.46151243849948,50.66567541408962
albemarle_equity,ELM,2025-12-19,145.88,135.86129118323566,85.19561576914604,186.52696659732527,50.66567541408962
albemarle_equity,ELM,2025-12-22,145.38,148.8818387591063,98.21616334501668,199.5475141731959,50.66567541408962
albemarle_equity,ELM,2025-12-23,146.7,164.40915416082925,113.74347874673963,215.07482957491885,50.66567541408962
albemarle_equity,ELM,2025-12-24,148.51,150.62305715978022,99.9573817456906,201.28873257386982,50.66567541408962
albemarle_equity,ELM,2025-12-29,144.58,166.50356319898964,115.83788778490002,217.16923861307924,50.66567541408962
albemarle_equity,ELM,2025-12-30,142.01,154.16581407116132,103.5001386570717,204.83148948525093,50.66567541408962
albemarle_equity,ELM,2025-12-31,141.44,150.0932309310405,99.42755551695087,200.75890634513013,50.66567541408962
albemarle_equity,ELM,2026-01-02,143.93,159.01436345160764,108.34868803751802,209.68003886569727,50.66567541408962
albemarle_equity,ELM,2026-01-05,146.13,165.89608510890295,115.23040969481333,216.56176052299259,50.66567541408962
albemarle_equity,ELM,2026-01-06,158.15,182.93911482861859,132.27343941452898,233.6047902427082,50.66567541408962
albemarle_equity,ELM,2026-01-07,161.57,157.8006886630143,107.1350132489247,208.46636407710395,50.66567541408962
albemarle_equity,ELM,2026-01-08,158.31,201.84145854228979,151.17578312820018,252.5071339563794,50.66567541408962
albemarle_equity,ELM,2026-01-09,161.29,180.83350082496577,130.16782541087616,231.49917623905537,50.66567541408962
albemarle_equity,ELM,2026-01-12,169.33,167.67364524097152,117.0079698268819,218.33932065506116,50.66567541408962
albemarle_equity,ELM,2026-01-13,176.88,174.59680365763393,123.93112824354431,225.26247907172353,50.66567541408962
albemarle_equity,ELM,2026-01-14,177.55,165.31003119454215,114.64435578045253,215.97570660863175,50.66567541408962
albemarle_equity,ELM,2026-01-15,173.78,223.47651483180675,172.81083941771715,274.14219024589636,50.66567541408962
albemarle_equity,ELM,2026-01-16,163.04,196.77815089713886,146.11247548304925,247.44382631122846,50.66567541408962
albemarle_equity,ELM,2026-01-19,163.04,163.86670665892643,113.20103124483681,214.53238207301604,50.66567541408962
albemarle_equity,ELM,2026-01-20,172.54,164.82358105740417,114.15790564331455,215.48925647149377,50.66567541408962
albemarle_equity,ELM,2026-01-21,180.06,189.10383224384833,138.43815682975873,239.76950765793794,50.66567541408962
albemarle_equity,ELM,2026-01-22,188.32,164.97456195743774,114.30888654334812,215.64023737152735,50.66567541408962
albemarle_equity,ELM,2026-01-23,189.51,176.1366380723344,125.47096265824477,226.802313486424,50.66567541408962
albemarle_equity,ELM,2026-01-26,189.75,171.89801358352116,121.23233816943154,222.56368899761077,50.66567541408962
albemarle_equity,ELM,2026-01-27,194.18,145.5115024309551,94.84582701686547,196.1771778450447,50.66567541408962
albemarle_equity,ELM,2026-01-28,184.33,147.6059531117336,96.94027769764399,198.27162852582325,50.66567541408962
albemarle_equity,ELM,2026-01-29,180.7,145.69244301386604,95.02676759977642,196.35811842795567,50.66567541408962
albemarle_equity,ELM,2026-01-30,170.63,143.40592695986928,92.74025154577966,194.0716023739589,50.66567541408962
albemarle_equity,ELM,2026-02-02,164.93,152.57923885456722,101.9135634404776,203.24491426865683,50.66567541408962
albemarle_equity,ELM,2026-02-03,170.64,181.47182642496284,130.80615101087324,232.13750183905245,50.66567541408962
albemarle_equity,ELM,2026-02-04,168.66,202.75438869358086,152.08871327949123,253.4200641076705,50.66567541408962
albemarle_equity,ELM,2026-02-05,156.48,183.6242300751851,132.9585546610955,234.2899054892747,50.66567541408962
albemarle_equity,ELM,2026-02-06,163.37,157.7997695843918,107.13409417030219,208.46544499848142,50.66567541408962
albemarle_equity,ELM,2026-02-09,165.76,162.70839570556723,112.04272029147761,213.37407111965683,50.66567541408962
albemarle_equity,ELM,2026-02-10,168.56,176.6250373435422,125.95936192945258,227.2907127576318,50.66567541408962
albemarle_equity,ELM,2026-02-11,175.43,176.94077814062797,126.27510272653835,227.60645355471758,50.66567541408962
albemarle_equity,ELM,2026-02-12,158.93,162.0708007375323,111.40512532344268,212.7364761516219,50.66567541408962
albemarle_equity,ELM,2026-02-13,166.35,162.7120310292583,112.04635561516868,213.3777064433479,50.66567541408962
albemarle_equity,ELM,2026-02-16,166.35,158.79519047030152,108.1295150562119,209.46086588439113,50.66567541408962
albemarle_equity,ELM,2026-02-17,168.92,137.78518220086835,87.11950678677873,188.45085761495795,50.66567541408962
albemarle_equity,ELM,2026-02-18,171.22,138.83725190758972,88.1715764935001,189.50292732167935,50.66567541408962
albemarle_equity,ELM,2026-02-19,168.41,134.94653531203886,84.28085989794924,185.61221072612847,50.66567541408962
albemarle_equity,ELM,2026-02-20,168.42,134.34575372637624,83.68007831228662,185.01142914046585,50.66567541408962
albemarle_equity,ELM,2026-02-23,177.52,137.08072231722474,86.41504690313512,187.74639773131435,50.66567541408962
albemarle_equity,ELM,2026-02-24,186.83,171.26432408177465,120.59864866768503,221.92999949586425,50.66567541408962
albemarle_equity,ELM,2026-02-25,195.87,154.5883107981871,103.92263538409749,205.25398621227674,50.66567541408962
albemarle_equity,ELM,2026-02-26,184.93,148.40747633844921,97.7418009243596,199.07315175253882,50.66567541408962
albemarle_equity,ELM,2026-02-27,178.67,147.86334436932438,97.19766895523476,198.52901978341401,50.66567541408962
albemarle_equity,ELM,2026-03-02,178.18,170.37720700778053,119.7115315936909,221.04288242187016,50.66567541408962
albemarle_equity,ELM,2026-03-03,164.73,218.20762359228794,167.5419481781983,268.8732990063776,50.66567541408962
albemarle_equity,ELM,2026-03-04,168.35,144.44569650009072,93.7800210860011,195.11137191418032,50.66567541408962
albemarle_equity,ELM,2026-03-05,163.93,176.0522387664717,125.38656335238208,226.7179141805613,50.66567541408962
albemarle_equity,ELM,2026-03-06,162.29,174.0708116733333,123.40513625924369,224.73648708742292,50.66567541408962
albemarle_equity,ELM,2026-03-09,169.57,154.79711686496262,104.131441450873,205.46279227905222,50.66567541408962
albemarle_equity,ELM,2026-03-10,166.54,208.4590841995325,157.79340878544286,259.12475961362213,50.66567541408962
albemarle_equity,ELM,2026-03-11,168.0,162.59742091243663,111.93174549834701,213.26309632652624,50.66567541408962
albemarle_equity,ELM,2026-03-12,163.89,204.6460317328926,153.980356318803,255.3117071469822,50.66567541408962
albemarle_equity,ES,2025-10-10,89.86,74.88909469791002,58.60647049098918,91.17171890483087,16.282624206920843
albemarle_equity,ES,2025-10-13,96.34,74.67452442411773,58.39190021719689,90.95714863103858,16.282624206920843
albemarle_equity,ES,2025-10-14,96.24,74.45995415032544,58.1773299434046,90.74257835724629,16.282624206920843
albemarle_equity,ES,2025-10-15,98.16,74.24538387653317,57.962759669612325,90.52800808345401,16.282624206920843
albemarle_equity,ES,2025-10-16,95.29,74.03081360274088,57.748189395820035,90.31343780966172,16.282624206920843
albemarle_equity,ES,2025-10-17,92.74,73.81624332894859,57.533619122027744,90.09886753586943,16.282624206920843
albemarle_equity,ES,2025-10-20,96.14,73.60167305515631,57.31904884823547,89.88429726207715,16.282624206920843
albemarle_equity,ES,2025-10-21,91.34,73.38710278136402,57.10447857444318,89.66972698828486,16.282624206920843
albemarle_equity,ES,2025-10-22,91.27,73.17253250757173,56.88990830065089,89.45515671449257,16.282624206920843
albemarle_equity,ES,2025-10-23,97.36,72.95796223377945,56.67533802685861,89.2405864407003,16.282624206920843
albemarle_equity,ES,2025-10-24,105.64,72.74339195998716,56.46076775306632,89.02601616690801,16.282624206920843
albemarle_equity,ES,2025-10-27,96.23,72.52882168619487,56.24619747927403,88.81144589311572,16.282624206920843
albemarle_equity,ES,2025-10-28,96.68,72.3142514124026,56.031627205481755,88.59687561932344,16.282624206920843
albemarle_equity,ES,2025-10-29,97.8,72.09968113861031,55.817056931689464,88.38230534553115,16.282624206920843
albemarle_equity,ES,2025-10-30,97.89,71.88511086481802,55.602486657897174,88.16773507173886,16.282624206920843
albemarle_equity,ES,2025-10-31,98.23,71.67054059102574,55.3879163841049,87.95316479794658,16.282624206920843
albemarle_equity,ES,2025-11-03,96.53,71.45597031723345,55.17334611031261,87.7385945241543,16.282624206920843
albemarle_equity,ES,2025-11-04,88.45,71.24140004344116,54.95877583652032,87.524024250362,16.282624206920843
albemarle_equity,ES,2025-11-05,91.96,71.02682976964888,54.74420556272804,87.30945397656973,16.282624206920843
albemarle_equity,ES,2025-11-06,91.26,70.8122594958566,54.52963528893575,87.09488370277744,16.282624206920843
albemarle_equity,ES,2025-11-07,97.18,70.5976892220643,54.31506501514346,86.88031342898515,16.282624206920843
albemarle_equity,ES,2025-11-10,103.58,70.38311894827203,54.100494741351184,86.66574315519287,16.282624206920843
albemarle_equity,ES,2025-11-11,103.88,70.16854867447974,53.885924467558894,86.45117288140058,16.282624206920843
albemarle_equity,ES,2025-11-12,110.32,69.95397840068745,53.671354193766604,86.23660260760829,16.282624206920843
albemarle_equity,ES,2025-11-13,114.57,69.73940812689517,53.45678391997433,86.02203233381601,16.282624206920843
albemarle_equity,ES,2025-11-14,115.14,69.52483785310288,53.24221364618204,85.80746206002372,16.282624206920843
albemarle_equity,ES,2025-11-17,117.7,69.31026757931059,53.02764337238975,85.59289178623143,16.282624206920843
albemarle_equity,ES,2025-11-18,121.39,69.09569730551831,52.81307309859747,85.37832151243916,16.282624206920843
albemarle_equity,ES,2025-11-19,125.68,68.88112703172602,52.59850282480518,85.16375123864687,16.282624206920843
albemarle_equity,ES,2025-11-20,116.42,68.66655675793373,52.38393255101289,84.94918096485458,16.282624206920843
albemarle_equity,ES,2025-11-21,116.82,68.45198648414146,52.169362277220614,84.7346106910623,16.282624206920843
albemarle_equity,ES,2025-11-24,115.88,68.23741621034917,51.954792003428324,84.52004041727001,16.282624206920843
albemarle_equity,ES,2025-11-25,125.26,68.02284593655688,51.74022172963603,84.30547014347772,16.282624206920843
albemarle_equity,ES,2025-11-26,126.91,67.8082756627646,51.52565145584376,84.09089986968544,16.282624206920843
albemarle_equity,ES,2025-11-27,126.91,67.59370538897231,51.31108118205147,83.87632959589315,16.282624206920843
albemarle_equity,ES,2025-11-28,129.99,67.37913511518002,51.09651090825918,83.66175932210086,16.282624206920843
albemarle_equity,ES,2025-12-01,128.33,67.16456484138774,50.8819406344669,83.44718904830859,16.282624206920843
albemarle_equity,ES,2025-12-02,128.14,66.94999456759545,50.66737036067461,83.2326187745163,16.282624206920843
albemarle_equity,ES,2025-12-03,126.49,66.73542429380316,50.45280008688232,83.018048500724,16.282624206920843
albemarle_equity,ES,2025-12-04,119.14,66.52085402001089,50.238229813090044,82.80347822693173,16.282624206920843
albemarle_equity,ES,2025-12-05,125.19,66.3062837462186,50.02365953929775,82.58890795313944,16.282624206920843
albemarle_equity,ES,2025-12-08,127.2,66.0917134724263,49.80908926550546,82.37433767934715,16.282624206920843
albemarle_equity,ES,2025-12-09,129.29,65.87714319863403,49.59451899171319,82.15976740555487,16.282624206920843
albemarle_equity,ES,2025-12-10,133.21,65.66257292484174,49.3799487179209,81.94519713176258,16.282624206920843
albemarle_equity,ES,2025-12-11,134.59,65.44800265104945,49.165378444128606,81.7306268579703,16.282624206920843
albemarle_equity,ES,2025-12-12,132.74,65.23343237725717,48.95080817033633,81.51605658417802,16.282624206920843
albemarle_equity,ES,2025-12-15,132.22,65.01886210346488,48.73623789654404,81.30148631038573,16.282624206920843
albemarle_equity,ES,2025-12-16,131.07,64.8042918296726,48.52166762275175,81.08691603659344,16.282624206920843
albemarle_equity,ES,2025-12-17,134.71,64.58972155588032,48.30709734895947,80.87234576280116,16.282624206920843
albemarle_equity,ES,2025-12-18,140.48,64.37515128208803,48.09252707516718,80.65777548900887,16.282624206920843
albemarle_equity,ES,2025-12-19,145.88,64.16058100829574,47.87795680137489,80.44320521521658,16.282624206920843
albemarle_equity,ES,2025-12-22,145.38,63.94601073450346,47.66338652758262,80.2286349414243,16.282624206920843
albemarle_equity,ES,2025-12-23,146.7,63.73144046071117,47.448816253790326,80.01406466763201,16.282624206920843
albemarle_equity,ES,2025-12-24,148.51,63.51687018691889,47.23424597999804,79.79949439383972,16.282624206920843
albemarle_equity,ES,2025-12-29,144.58,63.3022999131266,47.01967570620576,79.58492412004745,16.282624206920843
albemarle_equity,ES,2025-12-30,142.01,63.08772963933431,46.80510543241347,79.37035384625516,16.282624206920843
albemarle_equity,ES,2025-12-31,141.44,62.87315936554203,46.590535158621186,79.15578357246287,16.282624206920843
albemarle_equity,ES,2026-01-02,143.93,62.65858909174975,46.3759648848289,78.94121329867059,16.282624206920843
albemarle_equity,ES,2026-01-05,146.13,62.444018817957456,46.16139461103661,78.7266430248783,16.282624206920843
albemarle_equity,ES,2026-01-06,158.15,62.22944854416517,45.94682433724433,78.51207275108601,16.282624206920843
albemarle_equity,ES,2026-01-07,161.57,62.01487827037289,45.73225406345205,78.29750247729373,16.282624206920843
albemarle_equity,ES,2026-01-08,158.31,61.8003079965806,45.517683789659756,78.08293220350144,16.282624206920843
albemarle_equity,ES,2026-01-09,161.29,61.585737722788316,45.30311351586747,77.86836192970915,16.282624206920843
albemarle_equity,ES,2026-01-12,169.33,61.37116744899603,45.08854324207519,77.65379165591688,16.282624206920843
albemarle_equity,ES,2026-01-13,176.88,61.15659717520374,44.8739729682829,77.43922138212459,16.282624206920843
albemarle_equity,ES,2026-01-14,177.55,60.94202690141146,44.659402694490616,77.2246511083323,16.282624206920843
albemarle_equity,ES,2026-01-15,173.78,60.727456627619176,44.44483242069833,77.01008083454002,16.282624206920843
albemarle_equity,ES,2026-01-16,163.04,60.512886353826886,44.23026214690604,76.79551056074773,16.282624206920843
albemarle_equity,ES,2026-01-19,163.04,60.2983160800346,44.01569187311376,76.58094028695544,16.282624206920843
albemarle_equity,ES,2026-01-20,172.54,60.08374580624232,43.801121599321476,76.36637001316316,16.282624206920843
albemarle_equity,ES,2026-01-21,180.06,59.86917553245003,43.586551325529186,76.15179973937087,16.282624206920843
albemarle_equity,ES,2026-01-22,188.32,59.654605258657746,43.3719810517369,75.93722946557858,16.282624206920843
albemarle_equity,ES,2026-01-23,189.51,59.44003498486546,43.15741077794462,75.7226591917863,16.282624206920843
albemarle_equity,ES,2026-01-26,189.75,59.22546471107317,42.94284050415233,75.50808891799402,16.282624206920843
albemarle_equity,ES,2026-01-27,194.18,59.01089443728089,42.728270230360046,75.29351864420173,16.282624206920843
albemarle_equity,ES,2026-01-28,184.33,58.796324163488606,42.51369995656776,75.07894837040945,16.282624206920843
albemarle_equity,ES,2026-01-29,180.7,58.581753889696316,42.29912968277547,74.86437809661716,16.282624206920843
albemarle_equity,ES,2026-01-30,170.63,58.36718361590404,42.084559408983196,74.64980782282488,16.282624206920843
albemarle_equity,ES,2026-02-02,164.93,58.15261334211175,41.869989135190906,74.43523754903259,16.282624206920843
albemarle_equity,ES,2026-02-03,170.64,57.93804306831946,41.655418861398616,74.2206672752403,16.282624206920843
albemarle_equity,ES,2026-02-04,168.66,57.72347279452718,41.44084858760634,74.00609700144803,16.282624206920843
albemarle_equity,ES,2026-02-05,156.48,57.50890252073489,41.22627831381405,73.79152672765574,16.282624206920843
albemarle_equity,ES,2026-02-06,163.37,57.2943322469426,41.01170804002176,73.57695645386345,16.282624206920843
albemarle_equity,ES,2026-02-09,165.76,57.079761973150326,40.79713776622948,73.36238618007117,16.282624206920843
albemarle_equity,ES,2026-02-10,168.56,56.865191699358036,40.58256749243719,73.14781590627888,16.282624206920843
albemarle_equity,ES,2026-02-11,175.43,56.650621425565745,40.3679972186449,72.93324563248659,16.282624206920843
albemarle_equity,ES,2026-02-12,158.93,56.43605115177347,40.153426944852626,72.71867535869431,16.282624206920843
albemarle_equity,ES,2026-02-13,166.35,56.22148087798118,39.938856671060336,72.50410508490202,16.282624206920843
albemarle_equity,ES,2026-02-16,166.35,56.00691060418889,39.724286397268045,72.28953481110973,16.282624206920843
albemarle_equity,ES,2026-02-17,168.92,55.79234033039661,39.50971612347577,72.07496453731746,16.282624206920843
albemarle_equity,ES,2026-02-18,171.22,55.57777005660432,39.29514584968348,71.86039426352517,16.282624206920843
albemarle_equity,ES,2026-02-19,168.41,55.36319978281203,39.08057557589119,71.64582398973288,16.282624206920843
albemarle_equity,ES,2026-02-20,168.42,55.148629509019756,38.86600530209891,71.4312537159406,16.282624206920843
albemarle_equity,ES,2026-02-23,177.52,54.934059235227465,38.65143502830662,71.21668344214831,16.282624206920843
albemarle_equity,ES,2026-02-24,186.83,54.719488961435175,38.43686475451433,71.00211316835602,16.282624206920843
albemarle_equity,ES,2026-02-25,195.87,54.5049186876429,38.222294480722056,70.78754289456374,16.282624206920843
albemarle_equity,ES,2026-02-26,184.93,54.29034841385061,38.007724206929765,70.57297262077145,16.282624206920843
albemarle_equity,ES,2026-02-27,178.67,54.07577814005832,37.793153933137475,70.35840234697916,16.282624206920843
albemarle_equity,ES,2026-03-02,178.18,53.86120786626604,37.5785836593452,70.14383207318689,16.282624206920843
albemarle_equity,ES,2026-03-03,164.73,53.64663759247375,37.36401338555291,69.9292617993946,16.282624206920843
albemarle_equity,ES,2026-03-04,168.35,53.43206731868146,37.14944311176062,69.7146915256023,16.282624206920843
albemarle_equity,ES,2026-03-05,163.93,53.217497044889186,36.93487283796834,69.50012125181003,16.282624206920843
albemarle_equity,ES,2026-03-06,162.29,53.002926771096895,36.72030256417605,69.28555097801774,16.282624206920843
albemarle_equity,ES,2026-03-09,169.57,52.788356497304605,36.50573229038376,69.07098070422545,16.282624206920843
albemarle_equity,ES,2026-03-10,166.54,52.57378622351233,36.291162016591485,68.85641043043317,16.282624206920843
albemarle_equity,ES,2026-03-11,168.0,52.35921594972004,36.076591742799195,68.64184015664088,16.282624206920843
albemarle_equity,ES,2026-03-12,163.89,52.144645675927755,35.86202146900691,68.4272698828486,16.282624206920843
albemarle_equity,Fixed VMD-LASSO-ARIMA/LSTM,2025-10-10,89.86,96.64239913358415,89.0463172906088,104.2384809765595,7.596081842975352
albemarle_equity,Fixed VMD-LASSO-ARIMA/LSTM,2025-10-13,96.34,96.95626211347123,89.36018027049587,104.55234395644658,7.596081842975352
albemarle_equity,Fixed VMD-LASSO-ARIMA/LSTM,2025-10-14,96.24,98.21579880484494,90.61971696186959,105.81188064782029,7.596081842975352
albemarle_equity,Fixed VMD-LASSO-ARIMA/LSTM,2025-10-15,98.16,102.06467608559414,94.46859424261879,109.6607579285695,7.596081842975352
albemarle_equity,Fixed VMD-LASSO-ARIMA/LSTM,2025-10-16,95.29,99.44982998771246,91.85374814473711,107.04591183068781,7.596081842975352
albemarle_equity,Fixed VMD-LASSO-ARIMA/LSTM,2025-10-17,92.74,97.69380814331366,90.09772630033831,105.28988998628901,7.596081842975352
albemarle_equity,Fixed VMD-LASSO-ARIMA/LSTM,2025-10-20,96.14,99.6140959480379,92.01801410506255,107.21017779101325,7.596081842975352
albemarle_equity,Fixed VMD-LASSO-ARIMA/LSTM,2025-10-21,91.34,97.13156360590236,89.535481762927,104.72764544887771,7.596081842975352
albemarle_equity,Fixed VMD-LASSO-ARIMA/LSTM,2025-10-22,91.27,96.01246546111433,88.41638361813898,103.60854730408968,7.596081842975352
albemarle_equity,Fixed VMD-LASSO-ARIMA/LSTM,2025-10-23,97.36,98.50821728243427,90.91213543945892,106.10429912540963,7.596081842975352
albemarle_equity,Fixed VMD-LASSO-ARIMA/LSTM,2025-10-24,105.64,103.44764610295326,95.8515642599779,111.04372794592861,7.596081842975352
albemarle_equity,Fixed VMD-LASSO-ARIMA/LSTM,2025-10-27,96.23,99.86670941836414,92.27062757538879,107.46279126133949,7.596081842975352
albemarle_equity,Fixed VMD-LASSO-ARIMA/LSTM,2025-10-28,96.68,98.22442660742662,90.62834476445127,105.82050845040197,7.596081842975352
albemarle_equity,Fixed VMD-LASSO-ARIMA/LSTM,2025-10-29,97.8,96.74157413661516,89.1454922936398,104.33765597959051,7.596081842975352
albemarle_equity,Fixed VMD-LASSO-ARIMA/LSTM,2025-10-30,97.89,98.30520090328898,90.70911906031363,105.90128274626433,7.596081842975352
albemarle_equity,Fixed VMD-LASSO-ARIMA/LSTM,2025-10-31,98.23,98.94263266179239,91.34655081881704,106.53871450476774,7.596081842975352
albemarle_equity,Fixed VMD-LASSO-ARIMA/LSTM,2025-11-03,96.53,99.03847290166412,91.44239105868877,106.63455474463947,7.596081842975352
albemarle_equity,Fixed VMD-LASSO-ARIMA/LSTM,2025-11-04,88.45,96.19500260933245,88.5989207663571,103.7910844523078,7.596081842975352
albemarle_equity,Fixed VMD-LASSO-ARIMA/LSTM,2025-11-05,91.96,95.66212569966795,88.0660438566926,103.2582075426433,7.596081842975352
albemarle_equity,Fixed VMD-LASSO-ARIMA/LSTM,2025-11-06,91.26,98.63439350586026,91.03831166288491,106.23047534883561,7.596081842975352
albemarle_equity,Fixed VMD-LASSO-ARIMA/LSTM,2025-11-07,97.18,103.12872538939516,95.5326435464198,110.72480723237051,7.596081842975352
albemarle_equity,Fixed VMD-LASSO-ARIMA/LSTM,2025-11-10,103.58,107.31531280058165,99.7192309576063,114.911394643557,7.596081842975352
albemarle_equity,Fixed VMD-LASSO-ARIMA/LSTM,2025-11-11,103.88,108.02103545069755,100.4249536077222,115.6171172936729,7.596081842975352
albemarle_equity,Fixed VMD-LASSO-ARIMA/LSTM,2025-11-12,110.32,111.44576997231069,103.84968812933533,119.04185181528604,7.596081842975352
albemarle_equity,Fixed VMD-LASSO-ARIMA/LSTM,2025-11-13,114.57,114.58379569815484,106.98771385517949,122.1798775411302,7.596081842975352
albemarle_equity,Fixed VMD-LASSO-ARIMA/LSTM,2025-11-14,115.14,118.24028389639493,110.64420205341958,125.83636573937028,7.596081842975352
albemarle_equity,Fixed VMD-LASSO-ARIMA/LSTM,2025-11-17,117.7,117.65316902235291,110.05708717937756,125.24925086532826,7.596081842975352
albemarle_equity,Fixed VMD-LASSO-ARIMA/LSTM,2025-11-18,121.39,121.74744332249175,114.1513614795164,129.3435251654671,7.596081842975352
albemarle_equity,Fixed VMD-LASSO-ARIMA/LSTM,2025-11-19,125.68,125.93966484219888,118.34358299922353,133.53574668517422,7.596081842975352
albemarle_equity,Fixed VMD-LASSO-ARIMA/LSTM,2025-11-20,116.42,121.30193681490252,113.70585497192717,128.89801865787786,7.596081842975352
albemarle_equity,Fixed VMD-LASSO-ARIMA/LSTM,2025-11-21,116.82,121.22340028150717,113.62731843853182,128.81948212448253,7.596081842975352
albemarle_equity,Fixed VMD-LASSO-ARIMA/LSTM,2025-11-24,115.88,120.61132738210297,113.01524553912762,128.20740922507832,7.596081842975352
albemarle_equity,Fixed VMD-LASSO-ARIMA/LSTM,2025-11-25,125.26,124.87453616709097,117.27845432411561,132.47061801006632,7.596081842975352
albemarle_equity,Fixed VMD-LASSO-ARIMA/LSTM,2025-11-26,126.91,129.03107100641785,121.4349891634425,136.6271528493932,7.596081842975352
albemarle_equity,Fixed VMD-LASSO-ARIMA/LSTM,2025-11-27,126.91,131.18836582187603,123.59228397890068,138.78444766485137,7.596081842975352
albemarle_equity,Fixed VMD-LASSO-ARIMA/LSTM,2025-11-28,129.99,131.51310591844185,123.9170240754665,139.10918776141722,7.596081842975352
albemarle_equity,Fixed VMD-LASSO-ARIMA/LSTM,2025-12-01,128.33,131.08252360927114,123.48644176629578,138.67860545224647,7.596081842975352
albemarle_equity,Fixed VMD-LASSO-ARIMA/LSTM,2025-12-02,128.14,132.871477100309,125.27539525733364,140.46755894328436,7.596081842975352
albemarle_equity,Fixed VMD-LASSO-ARIMA/LSTM,2025-12-03,126.49,133.67534339059455,126.0792615476192,141.27142523356991,7.596081842975352
albemarle_equity,Fixed VMD-LASSO-ARIMA/LSTM,2025-12-04,119.14,129.98115633657676,122.38507449360141,137.57723817955213,7.596081842975352
albemarle_equity,Fixed VMD-LASSO-ARIMA/LSTM,2025-12-05,125.19,130.14018099179933,122.54409914882397,137.73626283477466,7.596081842975352
albemarle_equity,Fixed VMD-LASSO-ARIMA/LSTM,2025-12-08,127.2,132.06379339516025,124.4677115521849,139.6598752381356,7.596081842975352
albemarle_equity,Fixed VMD-LASSO-ARIMA/LSTM,2025-12-09,129.29,133.8406593122963,126.24457746932096,141.43674115527165,7.596081842975352
albemarle_equity,Fixed VMD-LASSO-ARIMA/LSTM,2025-12-10,133.21,135.9624162571151,128.36633441413977,143.55849810009045,7.596081842975352
albemarle_equity,Fixed VMD-LASSO-ARIMA/LSTM,2025-12-11,134.59,136.2044218807347,128.60834003775938,143.80050372371005,7.596081842975352
albemarle_equity,Fixed VMD-LASSO-ARIMA/LSTM,2025-12-12,132.74,136.49326946032713,128.8971876173518,144.08935130330246,7.596081842975352
albemarle_equity,Fixed VMD-LASSO-ARIMA/LSTM,2025-12-15,132.22,136.73148122610573,129.1353993831304,144.32756306908107,7.596081842975352
albemarle_equity,Fixed VMD-LASSO-ARIMA/LSTM,2025-12-16,131.07,135.68955458951055,128.0934727465352,143.2856364324859,7.596081842975352
albemarle_equity,Fixed VMD-LASSO-ARIMA/LSTM,2025-12-17,134.71,138.07290141803716,130.47681957506182,145.6689832610125,7.596081842975352
albemarle_equity,Fixed VMD-LASSO-ARIMA/LSTM,2025-12-18,140.48,141.2019074795897,133.60582563661433,148.79798932256506,7.596081842975352
albemarle_equity,Fixed VMD-LASSO-ARIMA/LSTM,2025-12-19,145.88,144.88832169568104,137.29223985270568,152.4844035386564,7.596081842975352
albemarle_equity,Fixed VMD-LASSO-ARIMA/LSTM,2025-12-22,145.38,145.11714899806015,137.52106715508478,152.7132308410355,7.596081842975352
albemarle_equity,Fixed VMD-LASSO-ARIMA/LSTM,2025-12-23,146.7,145.32464701748899,137.72856517451362,152.92072886046435,7.596081842975352
albemarle_equity,Fixed VMD-LASSO-ARIMA/LSTM,2025-12-24,148.51,148.62612576854573,141.0300439255704,156.22220761152107,7.596081842975352
albemarle_equity,Fixed VMD-LASSO-ARIMA/LSTM,2025-12-29,144.58,148.4020686332688,140.80598679029345,155.99815047624418,7.596081842975352
albemarle_equity,Fixed VMD-LASSO-ARIMA/LSTM,2025-12-30,142.01,148.25059824836072,140.65451640538538,155.84668009133605,7.596081842975352
albemarle_equity,Fixed VMD-LASSO-ARIMA/LSTM,2025-12-31,141.44,149.55933653439487,141.96325469141954,157.1554183773702,7.596081842975352
albemarle_equity,Fixed VMD-LASSO-ARIMA/LSTM,2026-01-02,143.93,149.71893749246908,142.12285564949372,157.31501933544445,7.596081842975352
albemarle_equity,Fixed VMD-LASSO-ARIMA/LSTM,2026-01-05,146.13,152.67833885860338,145.08225701562804,160.27442070157872,7.596081842975352
albemarle_equity,Fixed VMD-LASSO-ARIMA/LSTM,2026-01-06,158.15,159.3698504194854,151.77376857651007,166.96593226246074,7.596081842975352
albemarle_equity,Fixed VMD-LASSO-ARIMA/LSTM,2026-01-07,161.57,161.01480352256098,153.41872167958564,168.61088536553632,7.596081842975352
albemarle_equity,Fixed VMD-LASSO-ARIMA/LSTM,2026-01-08,158.31,160.93425016415307,153.3381683211777,168.53033200712844,7.596081842975352
albemarle_equity,Fixed VMD-LASSO-ARIMA/LSTM,2026-01-09,161.29,160.1833425263947,152.58726068341934,167.77942436937008,7.596081842975352
albemarle_equity,Fixed VMD-LASSO-ARIMA/LSTM,2026-01-12,169.33,166.26671651004625,158.67063466707089,173.86279835302162,7.596081842975352
albemarle_equity,Fixed VMD-LASSO-ARIMA/LSTM,2026-01-13,176.88,173.42208666583875,165.8260048228634,181.01816850881409,7.596081842975352
albemarle_equity,Fixed VMD-LASSO-ARIMA/LSTM,2026-01-14,177.55,176.4102850179147,168.81420317493934,184.00636686089007,7.596081842975352
albemarle_equity,Fixed VMD-LASSO-ARIMA/LSTM,2026-01-15,173.78,176.5896932059871,168.99361136301172,184.18577504896246,7.596081842975352
albemarle_equity,Fixed VMD-LASSO-ARIMA/LSTM,2026-01-16,163.04,172.82343383933582,165.22735199636048,180.41951568231116,7.596081842975352
albemarle_equity,Fixed VMD-LASSO-ARIMA/LSTM,2026-01-19,163.04,170.15466136137138,162.55857951839602,177.75074320434675,7.596081842975352
albemarle_equity,Fixed VMD-LASSO-ARIMA/LSTM,2026-01-20,172.54,175.40495998704282,167.80887814406748,183.00104183001815,7.596081842975352
albemarle_equity,Fixed VMD-LASSO-ARIMA/LSTM,2026-01-21,180.06,178.6106944089767,171.01461256600135,186.20677625195208,7.596081842975352
albemarle_equity,Fixed VMD-LASSO-ARIMA/LSTM,2026-01-22,188.32,182.02688663512328,174.4308047921479,189.62296847809864,7.596081842975352
albemarle_equity,Fixed VMD-LASSO-ARIMA/LSTM,2026-01-23,189.51,184.83637918670019,177.24029734372482,192.43246102967555,7.596081842975352
albemarle_equity,Fixed VMD-LASSO-ARIMA/LSTM,2026-01-26,189.75,183.87545347923532,176.27937163625995,191.47153532221068,7.596081842975352
albemarle_equity,Fixed VMD-LASSO-ARIMA/LSTM,2026-01-27,194.18,186.47656117160852,178.88047932863316,194.0726430145839,7.596081842975352
albemarle_equity,Fixed VMD-LASSO-ARIMA/LSTM,2026-01-28,184.33,183.5515634928419,175.95548164986656,191.14764533581723,7.596081842975352
albemarle_equity,Fixed VMD-LASSO-ARIMA/LSTM,2026-01-29,180.7,182.62781442709655,175.0317325841212,190.22389627007192,7.596081842975352
albemarle_equity,Fixed VMD-LASSO-ARIMA/LSTM,2026-01-30,170.63,178.11646015719438,170.52037831421904,185.71254200016972,7.596081842975352
albemarle_equity,Fixed VMD-LASSO-ARIMA/LSTM,2026-02-02,164.93,172.49544736237726,164.8993655194019,180.09152920535263,7.596081842975352
albemarle_equity,Fixed VMD-LASSO-ARIMA/LSTM,2026-02-03,170.64,172.7738068152005,165.17772497222512,180.36988865817585,7.596081842975352
albemarle_equity,Fixed VMD-LASSO-ARIMA/LSTM,2026-02-04,168.66,171.75541875196072,164.15933690898538,179.35150059493606,7.596081842975352
albemarle_equity,Fixed VMD-LASSO-ARIMA/LSTM,2026-02-05,156.48,165.3910812492216,157.79499940624623,172.98716309219697,7.596081842975352
albemarle_equity,Fixed VMD-LASSO-ARIMA/LSTM,2026-02-06,163.37,166.83202935133855,159.2359475083632,174.42811119431389,7.596081842975352
albemarle_equity,Fixed VMD-LASSO-ARIMA/LSTM,2026-02-09,165.76,167.3237513430746,159.72766950009924,174.91983318604997,7.596081842975352
albemarle_equity,Fixed VMD-LASSO-ARIMA/LSTM,2026-02-10,168.56,170.36602001762188,162.76993817464654,177.96210186059722,7.596081842975352
albemarle_equity,Fixed VMD-LASSO-ARIMA/LSTM,2026-02-11,175.43,172.3659166132224,164.76983477024703,179.96199845619776,7.596081842975352
albemarle_equity,Fixed VMD-LASSO-ARIMA/LSTM,2026-02-12,158.93,166.48193081092944,158.88584896795408,174.0780126539048,7.596081842975352
albemarle_equity,Fixed VMD-LASSO-ARIMA/LSTM,2026-02-13,166.35,170.55711546253232,162.96103361955699,178.15319730550766,7.596081842975352
albemarle_equity,Fixed VMD-LASSO-ARIMA/LSTM,2026-02-16,166.35,170.8107088362422,163.21462699326685,178.40679067921758,7.596081842975352
albemarle_equity,Fixed VMD-LASSO-ARIMA/LSTM,2026-02-17,168.92,175.23968425540005,167.64360241242468,182.83576609837542,7.596081842975352
albemarle_equity,Fixed VMD-LASSO-ARIMA/LSTM,2026-02-18,171.22,176.0504990037503,168.45441716077494,183.64658084672567,7.596081842975352
albemarle_equity,Fixed VMD-LASSO-ARIMA/LSTM,2026-02-19,168.41,175.68636409516742,168.09028225219208,183.28244593814276,7.596081842975352
albemarle_equity,Fixed VMD-LASSO-ARIMA/LSTM,2026-02-20,168.42,175.76316669891423,168.16708485593887,183.3592485418896,7.596081842975352
albemarle_equity,Fixed VMD-LASSO-ARIMA/LSTM,2026-02-23,177.52,176.95589128196875,169.3598094389934,184.55197312494408,7.596081842975352
albemarle_equity,Fixed VMD-LASSO-ARIMA/LSTM,2026-02-24,186.83,182.3813702281886,174.78528838521322,189.97745207116395,7.596081842975352
albemarle_equity,Fixed VMD-LASSO-ARIMA/LSTM,2026-02-25,195.87,185.8280217513827,178.23193990840736,193.42410359435803,7.596081842975352
albemarle_equity,Fixed VMD-LASSO-ARIMA/LSTM,2026-02-26,184.93,179.96214527273546,172.36606342976012,187.5582271157108,7.596081842975352
albemarle_equity,Fixed VMD-LASSO-ARIMA/LSTM,2026-02-27,178.67,180.30740796631395,172.7113261233386,187.90348980928928,7.596081842975352
albemarle_equity,Fixed VMD-LASSO-ARIMA/LSTM,2026-03-02,178.18,179.23437585084076,171.6382940078654,186.83045769381613,7.596081842975352
albemarle_equity,Fixed VMD-LASSO-ARIMA/LSTM,2026-03-03,164.73,173.18030270756233,165.584220864587,180.77638455053767,7.596081842975352
albemarle_equity,Fixed VMD-LASSO-ARIMA/LSTM,2026-03-04,168.35,177.03896112954638,169.44287928657104,184.63504297252172,7.596081842975352
albemarle_equity,Fixed VMD-LASSO-ARIMA/LSTM,2026-03-05,163.93,171.99866714874628,164.4025853057709,179.59474899172164,7.596081842975352
albemarle_equity,Fixed VMD-LASSO-ARIMA/LSTM,2026-03-06,162.29,172.8291341445459,165.23305230157052,180.42521598752126,7.596081842975352
albemarle_equity,Fixed VMD-LASSO-ARIMA/LSTM,2026-03-09,169.57,173.95393145720612,166.35784961423076,181.5500133001815,7.596081842975352
albemarle_equity,Fixed VMD-LASSO-ARIMA/LSTM,2026-03-10,166.54,173.16083820149177,165.56475635851643,180.7569200444671,7.596081842975352
albemarle_equity,Fixed VMD-LASSO-ARIMA/LSTM,2026-03-11,168.0,171.95793171028896,164.3618498673136,179.55401355326433,7.596081842975352
albemarle_equity,Fixed VMD-LASSO-ARIMA/LSTM,2026-03-12,163.89,167.25795678297177,159.66187493999644,174.8540386259471,7.596081842975352
albemarle_equity,LSTM,2025-10-10,89.86,117.34237670898438,91.10761077880859,143.57714263916017,26.234765930175783
albemarle_equity,LSTM,2025-10-13,96.34,125.228271484375,98.99350555419922,151.4630374145508,26.234765930175783
albemarle_equity,LSTM,2025-10-14,96.24,118.31837463378906,92.08360870361328,144.55314056396486,26.234765930175783
albemarle_equity,LSTM,2025-10-15,98.16,119.43568420410156,93.20091827392578,145.67045013427736,26.234765930175783
albemarle_equity,LSTM,2025-10-16,95.29,119.8871078491211,93.65234191894531,146.1218737792969,26.234765930175783
albemarle_equity,LSTM,2025-10-17,92.74,120.85458374023438,94.61981781005859,147.08934967041017,26.234765930175783
albemarle_equity,LSTM,2025-10-20,96.14,119.05435180664062,92.81958587646484,145.28911773681642,26.234765930175783
albemarle_equity,LSTM,2025-10-21,91.34,120.07734680175781,93.84258087158203,146.3121127319336,26.234765930175783
albemarle_equity,LSTM,2025-10-22,91.27,119.61043548583984,93.37566955566406,145.84520141601564,26.234765930175783
albemarle_equity,LSTM,2025-10-23,97.36,118.02350616455078,91.788740234375,144.25827209472658,26.234765930175783
albemarle_equity,LSTM,2025-10-24,105.64,119.03870391845703,92.80393798828125,145.27346984863283,26.234765930175783
albemarle_equity,LSTM,2025-10-27,96.23,119.56494903564453,93.33018310546875,145.79971496582033,26.234765930175783
albemarle_equity,LSTM,2025-10-28,96.68,120.11524963378906,93.88048370361328,146.35001556396486,26.234765930175783
albemarle_equity,LSTM,2025-10-29,97.8,120.55923461914062,94.32446868896484,146.79400054931642,26.234765930175783
albemarle_equity,LSTM,2025-10-30,97.89,122.12789916992188,95.89313323974609,148.36266510009767,26.234765930175783
albemarle_equity,LSTM,2025-10-31,98.23,122.22048950195312,95.98572357177734,148.45525543212892,26.234765930175783
albemarle_equity,LSTM,2025-11-03,96.53,120.51700592041016,94.28223999023437,146.75177185058595,26.234765930175783
albemarle_equity,LSTM,2025-11-04,88.45,122.22007751464844,95.98531158447265,148.45484344482423,26.234765930175783
albemarle_equity,LSTM,2025-11-05,91.96,120.12744140625,93.89267547607422,146.3622073364258,26.234765930175783
albemarle_equity,LSTM,2025-11-06,91.26,121.53932189941406,95.30455596923828,147.77408782958986,26.234765930175783
albemarle_equity,LSTM,2025-11-07,97.18,121.84163665771484,95.60687072753906,148.07640258789064,26.234765930175783
albemarle_equity,LSTM,2025-11-10,103.58,120.9178466796875,94.68308074951172,147.1526126098633,26.234765930175783
albemarle_equity,LSTM,2025-11-11,103.88,122.2995376586914,96.06477172851562,148.5343035888672,26.234765930175783
albemarle_equity,LSTM,2025-11-12,110.32,123.1489028930664,96.91413696289062,149.3836688232422,26.234765930175783
albemarle_equity,LSTM,2025-11-13,114.57,123.64419555664062,97.40942962646484,149.87896148681642,26.234765930175783
albemarle_equity,LSTM,2025-11-14,115.14,124.00758361816406,97.77281768798828,150.24234954833986,26.234765930175783
albemarle_equity,LSTM,2025-11-17,117.7,126.80915832519531,100.57439239501953,153.0439242553711,26.234765930175783
albemarle_equity,LSTM,2025-11-18,121.39,128.5196533203125,102.28488739013672,154.7544192504883,26.234765930175783
albemarle_equity,LSTM,2025-11-19,125.68,127.61294555664062,101.37817962646484,153.84771148681642,26.234765930175783
albemarle_equity,LSTM,2025-11-20,116.42,131.1850128173828,104.95024688720703,157.4197787475586,26.234765930175783
albemarle_equity,LSTM,2025-11-21,116.82,130.30502319335938,104.07025726318359,156.53978912353517,26.234765930175783
albemarle_equity,LSTM,2025-11-24,115.88,127.27059173583984,101.03582580566406,153.50535766601564,26.234765930175783
albemarle_equity,LSTM,2025-11-25,125.26,129.72337341308594,103.48860748291015,155.95813934326173,26.234765930175783
albemarle_equity,LSTM,2025-11-26,126.91,129.2745819091797,103.0398159790039,155.50934783935548,26.234765930175783
albemarle_equity,LSTM,2025-11-27,126.91,127.75387573242188,101.51910980224609,153.98864166259767,26.234765930175783
albemarle_equity,LSTM,2025-11-28,129.99,128.51719665527344,102.28243072509765,154.75196258544923,26.234765930175783
albemarle_equity,LSTM,2025-12-01,128.33,129.21437072753906,102.97960479736328,155.44913665771486,26.234765930175783
albemarle_equity,LSTM,2025-12-02,128.14,129.75596618652344,103.52120025634765,155.99073211669923,26.234765930175783
albemarle_equity,LSTM,2025-12-03,126.49,130.49276733398438,104.25800140380859,156.72753326416017,26.234765930175783
albemarle_equity,LSTM,2025-12-04,119.14,129.24887084960938,103.01410491943359,155.48363677978517,26.234765930175783
albemarle_equity,LSTM,2025-12-05,125.19,126.51420593261719,100.2794400024414,152.74897186279298,26.234765930175783
albemarle_equity,LSTM,2025-12-08,127.2,126.65998840332031,100.42522247314453,152.8947543334961,26.234765930175783
albemarle_equity,LSTM,2025-12-09,129.29,127.11590576171875,100.88113983154297,153.35067169189455,26.234765930175783
albemarle_equity,LSTM,2025-12-10,133.21,128.52980041503906,102.29503448486328,154.76456634521486,26.234765930175783
albemarle_equity,LSTM,2025-12-11,134.59,127.90571594238281,101.67095001220703,154.1404818725586,26.234765930175783
albemarle_equity,LSTM,2025-12-12,132.74,129.564453125,103.32968719482422,155.7992190551758,26.234765930175783
albemarle_equity,LSTM,2025-12-15,132.22,128.94985961914062,102.71509368896484,155.18462554931642,26.234765930175783
albemarle_equity,LSTM,2025-12-16,131.07,128.5215301513672,102.2867642211914,154.75629608154298,26.234765930175783
albemarle_equity,LSTM,2025-12-17,134.71,128.24041748046875,102.00565155029297,154.47518341064455,26.234765930175783
albemarle_equity,LSTM,2025-12-18,140.48,128.50262451171875,102.26785858154297,154.73739044189455,26.234765930175783
albemarle_equity,LSTM,2025-12-19,145.88,134.27813720703125,108.04337127685547,160.51290313720705,26.234765930175783
albemarle_equity,LSTM,2025-12-22,145.38,127.65583038330078,101.421064453125,153.89059631347658,26.234765930175783
albemarle_equity,LSTM,2025-12-23,146.7,129.89527893066406,103.66051300048828,156.13004486083986,26.234765930175783
albemarle_equity,LSTM,2025-12-24,148.51,131.4425048828125,105.20773895263672,157.6772708129883,26.234765930175783
albemarle_equity,LSTM,2025-12-29,144.58,133.59271240234375,107.35794647216797,159.82747833251955,26.234765930175783
albemarle_equity,LSTM,2025-12-30,142.01,135.01202392578125,108.77725799560547,161.24678985595705,26.234765930175783
albemarle_equity,LSTM,2025-12-31,141.44,131.52197265625,105.28720672607422,157.7567385864258,26.234765930175783
albemarle_equity,LSTM,2026-01-02,143.93,131.53347778320312,105.29871185302734,157.76824371337892,26.234765930175783
albemarle_equity,LSTM,2026-01-05,146.13,131.570068359375,105.33530242919922,157.8048342895508,26.234765930175783
albemarle_equity,LSTM,2026-01-06,158.15,131.7706756591797,105.5359097290039,158.00544158935548,26.234765930175783
albemarle_equity,LSTM,2026-01-07,161.57,132.54954528808594,106.31477935791015,158.78431121826173,26.234765930175783
albemarle_equity,LSTM,2026-01-08,158.31,135.66912841796875,109.43436248779297,161.90389434814455,26.234765930175783
albemarle_equity,LSTM,2026-01-09,161.29,135.84217834472656,109.60741241455078,162.07694427490236,26.234765930175783
albemarle_equity,LSTM,2026-01-12,169.33,136.9633026123047,110.7285366821289,163.19806854248048,26.234765930175783
albemarle_equity,LSTM,2026-01-13,176.88,139.6888885498047,113.4541226196289,165.92365447998048,26.234765930175783
albemarle_equity,LSTM,2026-01-14,177.55,142.15440368652344,115.91963775634765,168.38916961669923,26.234765930175783
albemarle_equity,LSTM,2026-01-15,173.78,146.3332977294922,120.0985317993164,172.56806365966798,26.234765930175783
albemarle_equity,LSTM,2026-01-16,163.04,145.62123107910156,119.38646514892578,171.85599700927736,26.234765930175783
albemarle_equity,LSTM,2026-01-19,163.04,143.78367614746094,117.54891021728515,170.01844207763673,26.234765930175783
albemarle_equity,LSTM,2026-01-20,172.54,143.71029663085938,117.47553070068359,169.94506256103517,26.234765930175783
albemarle_equity,LSTM,2026-01-21,180.06,145.30517578125,119.07040985107422,171.5399417114258,26.234765930175783
albemarle_equity,LSTM,2026-01-22,188.32,144.53466796875,118.29990203857422,170.7694338989258,26.234765930175783
albemarle_equity,LSTM,2026-01-23,189.51,146.88919067382812,120.65442474365234,173.12395660400392,26.234765930175783
albemarle_equity,LSTM,2026-01-26,189.75,149.922119140625,123.68735321044922,176.1568850708008,26.234765930175783
albemarle_equity,LSTM,2026-01-27,194.18,163.1717987060547,136.9370327758789,189.40656463623048,26.234765930175783
albemarle_equity,LSTM,2026-01-28,184.33,171.44664001464844,145.21187408447264,197.68140594482423,26.234765930175783
albemarle_equity,LSTM,2026-01-29,180.7,174.96603393554688,148.73126800537108,201.20079986572267,26.234765930175783
albemarle_equity,LSTM,2026-01-30,170.63,176.9575958251953,150.72282989501952,203.1923617553711,26.234765930175783
albemarle_equity,LSTM,2026-02-02,164.93,172.5167236328125,146.2819577026367,198.7514895629883,26.234765930175783
albemarle_equity,LSTM,2026-02-03,170.64,153.52235412597656,127.28758819580078,179.75712005615236,26.234765930175783
albemarle_equity,LSTM,2026-02-04,168.66,148.2264862060547,121.9917202758789,174.46125213623048,26.234765930175783
albemarle_equity,LSTM,2026-02-05,156.48,141.59767150878906,115.36290557861328,167.83243743896486,26.234765930175783
albemarle_equity,LSTM,2026-02-06,163.37,137.28860473632812,111.05383880615234,163.52337066650392,26.234765930175783
albemarle_equity,LSTM,2026-02-09,165.76,138.4668426513672,112.2320767211914,164.70160858154298,26.234765930175783
albemarle_equity,LSTM,2026-02-10,168.56,136.66525268554688,110.43048675537109,162.90001861572267,26.234765930175783
albemarle_equity,LSTM,2026-02-11,175.43,135.78932189941406,109.55455596923828,162.02408782958986,26.234765930175783
albemarle_equity,LSTM,2026-02-12,158.93,137.53054809570312,111.29578216552734,163.76531402587892,26.234765930175783
albemarle_equity,LSTM,2026-02-13,166.35,138.06423950195312,111.82947357177734,164.29900543212892,26.234765930175783
albemarle_equity,LSTM,2026-02-16,166.35,138.2119903564453,111.97722442626953,164.4467562866211,26.234765930175783
albemarle_equity,LSTM,2026-02-17,168.92,142.684326171875,116.44956024169922,168.9190921020508,26.234765930175783
albemarle_equity,LSTM,2026-02-18,171.22,146.68955993652344,120.45479400634765,172.92432586669923,26.234765930175783
albemarle_equity,LSTM,2026-02-19,168.41,151.63555908203125,125.40079315185547,177.87032501220705,26.234765930175783
albemarle_equity,LSTM,2026-02-20,168.42,153.76950073242188,127.53473480224609,180.00426666259767,26.234765930175783
albemarle_equity,LSTM,2026-02-23,177.52,154.8520965576172,128.6173306274414,181.08686248779298,26.234765930175783
albemarle_equity,LSTM,2026-02-24,186.83,147.60311889648438,121.36835296630859,173.83788482666017,26.234765930175783
albemarle_equity,LSTM,2026-02-25,195.87,145.66525268554688,119.43048675537109,171.90001861572267,26.234765930175783
albemarle_equity,LSTM,2026-02-26,184.93,147.84567260742188,121.61090667724609,174.08043853759767,26.234765930175783
albemarle_equity,LSTM,2026-02-27,178.67,149.16424560546875,122.92947967529297,175.39901153564455,26.234765930175783
albemarle_equity,LSTM,2026-03-02,178.18,149.407958984375,123.17319305419922,175.6427249145508,26.234765930175783
albemarle_equity,LSTM,2026-03-03,164.73,149.01881408691406,122.78404815673828,175.25358001708986,26.234765930175783
albemarle_equity,LSTM,2026-03-04,168.35,143.1162567138672,116.8814907836914,169.35102264404298,26.234765930175783
albemarle_equity,LSTM,2026-03-05,163.93,144.0574493408203,117.82268341064453,170.2922152709961,26.234765930175783
albemarle_equity,LSTM,2026-03-06,162.29,140.77841186523438,114.54364593505859,167.01317779541017,26.234765930175783
albemarle_equity,LSTM,2026-03-09,169.57,138.5560760498047,112.3213101196289,164.79084197998048,26.234765930175783
albemarle_equity,LSTM,2026-03-10,166.54,142.86048889160156,116.62572296142578,169.09525482177736,26.234765930175783
albemarle_equity,LSTM,2026-03-11,168.0,139.67898559570312,113.44421966552734,165.91375152587892,26.234765930175783
albemarle_equity,LSTM,2026-03-12,163.89,141.5507049560547,115.3159390258789,167.78547088623048,26.234765930175783
albemarle_equity,MLP,2025-10-10,89.86,91.99518551953018,78.8711947825985,105.11917625646187,13.123990736931688
albemarle_equity,MLP,2025-10-13,96.34,127.80786211020578,114.68387137327409,140.93185284713746,13.123990736931688
albemarle_equity,MLP,2025-10-14,96.24,106.50995882365626,93.38596808672457,119.63394956058795,13.123990736931688
albemarle_equity,MLP,2025-10-15,98.16,94.7910148647301,81.66702412779841,107.91500560166179,13.123990736931688
albemarle_equity,MLP,2025-10-16,95.29,93.11776929450762,79.99377855757594,106.24176003143931,13.123990736931688
albemarle_equity,MLP,2025-10-17,92.74,110.65911634382945,97.53512560689776,123.78310708076114,13.123990736931688
albemarle_equity,MLP,2025-10-20,96.14,78.66667757149479,65.5426868345631,91.79066830842648,13.123990736931688
albemarle_equity,MLP,2025-10-21,91.34,83.26472639969273,70.14073566276105,96.38871713662442,13.123990736931688
albemarle_equity,MLP,2025-10-22,91.27,89.70094645978445,76.57695572285276,102.82493719671614,13.123990736931688
albemarle_equity,MLP,2025-10-23,97.36,83.2490965647244,70.12510582779271,96.37308730165608,13.123990736931688
albemarle_equity,MLP,2025-10-24,105.64,90.58125796153085,77.45726722459916,103.70524869846254,13.123990736931688
albemarle_equity,MLP,2025-10-27,96.23,101.9528410638662,88.82885032693451,115.07683180079789,13.123990736931688
albemarle_equity,MLP,2025-10-28,96.68,93.32594971796416,80.20195898103248,106.44994045489585,13.123990736931688
albemarle_equity,MLP,2025-10-29,97.8,95.14638318820676,82.02239245127507,108.27037392513844,13.123990736931688
albemarle_equity,MLP,2025-10-30,97.89,106.89351149917466,93.76952076224298,120.01750223610635,13.123990736931688
albemarle_equity,MLP,2025-10-31,98.23,107.82678045511129,94.7027897181796,120.95077119204298,13.123990736931688
albemarle_equity,MLP,2025-11-03,96.53,99.08852294958972,85.96453221265803,112.2125136865214,13.123990736931688
albemarle_equity,MLP,2025-11-04,88.45,102.67973023801557,89.55573950108388,115.80372097494725,13.123990736931688
albemarle_equity,MLP,2025-11-05,91.96,96.71111317580976,83.58712243887807,109.83510391274145,13.123990736931688
albemarle_equity,MLP,2025-11-06,91.26,93.731473938515,80.6074832015833,106.85546467544668,13.123990736931688
albemarle_equity,MLP,2025-11-07,97.18,112.28327167343336,99.15928093650167,125.40726241036505,13.123990736931688
albemarle_equity,MLP,2025-11-10,103.58,110.4517023467824,97.32771160985071,123.57569308371409,13.123990736931688
albemarle_equity,MLP,2025-11-11,103.88,93.51981207660413,80.39582133967244,106.64380281353581,13.123990736931688
albemarle_equity,MLP,2025-11-12,110.32,95.62780640873461,82.50381567180293,108.7517971456663,13.123990736931688
albemarle_equity,MLP,2025-11-13,114.57,95.78922920717581,82.66523847024412,108.9132199441075,13.123990736931688
albemarle_equity,MLP,2025-11-14,115.14,113.12778521326102,100.00379447632933,126.25177595019271,13.123990736931688
albemarle_equity,MLP,2025-11-17,117.7,115.55268183998334,102.42869110305165,128.67667257691502,13.123990736931688
albemarle_equity,MLP,2025-11-18,121.39,114.52729355675622,101.40330281982453,127.65128429368791,13.123990736931688
albemarle_equity,MLP,2025-11-19,125.68,124.92762698618091,111.80363624924922,138.0516177231126,13.123990736931688
albemarle_equity,MLP,2025-11-20,116.42,116.89588629906427,103.77189556213258,130.01987703599596,13.123990736931688
albemarle_equity,MLP,2025-11-21,116.82,123.40414208255824,110.28015134562655,136.52813281948994,13.123990736931688
albemarle_equity,MLP,2025-11-24,115.88,111.143128874605,98.01913813767331,124.26711961153669,13.123990736931688
albemarle_equity,MLP,2025-11-25,125.26,91.02301706950635,77.89902633257466,104.14700780643804,13.123990736931688
albemarle_equity,MLP,2025-11-26,126.91,99.92556632412881,86.80157558719712,113.0495570610605,13.123990736931688
albemarle_equity,MLP,2025-11-27,126.91,108.08101259845755,94.95702186152586,121.20500333538924,13.123990736931688
albemarle_equity,MLP,2025-11-28,129.99,103.63434621466351,90.51035547773182,116.7583369515952,13.123990736931688
albemarle_equity,MLP,2025-12-01,128.33,109.16225612937083,96.03826539243914,122.28624686630252,13.123990736931688
albemarle_equity,MLP,2025-12-02,128.14,107.85978162323171,94.73579088630002,120.9837723601634,13.123990736931688
albemarle_equity,MLP,2025-12-03,126.49,94.87813072971198,81.7541399927803,108.00212146664367,13.123990736931688
albemarle_equity,MLP,2025-12-04,119.14,90.26037225352206,77.13638151659038,103.38436299045375,13.123990736931688
albemarle_equity,MLP,2025-12-05,125.19,104.27863969144562,91.15464895451393,117.40263042837731,13.123990736931688
albemarle_equity,MLP,2025-12-08,127.2,107.59964366694771,94.47565293001603,120.7236344038794,13.123990736931688
albemarle_equity,MLP,2025-12-09,129.29,104.7006113414855,91.57662060455381,117.82460207841719,13.123990736931688
albemarle_equity,MLP,2025-12-10,133.21,100.93225967880508,87.8082689418734,114.05625041573677,13.123990736931688
albemarle_equity,MLP,2025-12-11,134.59,107.65140020213165,94.52740946519997,120.77539093906334,13.123990736931688
albemarle_equity,MLP,2025-12-12,132.74,104.77271698101715,91.64872624408547,117.89670771794884,13.123990736931688
albemarle_equity,MLP,2025-12-15,132.22,98.39400321924455,85.27001248231286,111.51799395617624,13.123990736931688
albemarle_equity,MLP,2025-12-16,131.07,98.31358186388346,85.18959112695177,111.43757260081514,13.123990736931688
albemarle_equity,MLP,2025-12-17,134.71,97.21075314954291,84.08676241261122,110.3347438864746,13.123990736931688
albemarle_equity,MLP,2025-12-18,140.48,106.73160939683385,93.60761865990216,119.85560013376553,13.123990736931688
albemarle_equity,MLP,2025-12-19,145.88,141.51619816134576,128.39220742441407,154.64018889827744,13.123990736931688
albemarle_equity,MLP,2025-12-22,145.38,119.62761294992636,106.50362221299467,132.75160368685806,13.123990736931688
albemarle_equity,MLP,2025-12-23,146.7,111.53822347303228,98.41423273610059,124.66221420996396,13.123990736931688
albemarle_equity,MLP,2025-12-24,148.51,120.35629218587448,107.23230144894279,133.48028292280617,13.123990736931688
albemarle_equity,MLP,2025-12-29,144.58,127.65078585449851,114.52679511756682,140.7747765914302,13.123990736931688
albemarle_equity,MLP,2025-12-30,142.01,120.59772420928198,107.47373347235029,133.72171494621367,13.123990736931688
albemarle_equity,MLP,2025-12-31,141.44,120.31773233294956,107.19374159601787,133.44172306988125,13.123990736931688
albemarle_equity,MLP,2026-01-02,143.93,107.86696483021538,94.74297409328369,120.99095556714707,13.123990736931688
albemarle_equity,MLP,2026-01-05,146.13,106.9459743927065,93.82198365577482,120.06996512963819,13.123990736931688
albemarle_equity,MLP,2026-01-06,158.15,115.15766217991984,102.03367144298815,128.28165291685153,13.123990736931688
albemarle_equity,MLP,2026-01-07,161.57,126.02433252589547,112.90034178896379,139.14832326282715,13.123990736931688
albemarle_equity,MLP,2026-01-08,158.31,127.5282358349319,114.40424509800022,140.6522265718636,13.123990736931688
albemarle_equity,MLP,2026-01-09,161.29,118.61904504336803,105.49505430643634,131.74303578029972,13.123990736931688
albemarle_equity,MLP,2026-01-12,169.33,129.62124594557852,116.49725520864683,142.7452366825102,13.123990736931688
albemarle_equity,MLP,2026-01-13,176.88,125.48596602953131,112.36197529259962,138.609956766463,13.123990736931688
albemarle_equity,MLP,2026-01-14,177.55,143.408598602148,130.28460786521632,156.5325893390797,13.123990736931688
albemarle_equity,MLP,2026-01-15,173.78,124.19112508790191,111.06713435097022,137.31511582483358,13.123990736931688
albemarle_equity,MLP,2026-01-16,163.04,128.1199591720531,114.9959684351214,141.24394990898477,13.123990736931688
albemarle_equity,MLP,2026-01-19,163.04,134.76692185922636,121.64293112229467,147.89091259615805,13.123990736931688
albemarle_equity,MLP,2026-01-20,172.54,133.43335673610676,120.30936599917507,146.55734747303845,13.123990736931688
albemarle_equity,MLP,2026-01-21,180.06,124.54496534238393,111.42097460545224,137.66895607931562,13.123990736931688
albemarle_equity,MLP,2026-01-22,188.32,146.46967150366157,133.34568076672988,159.59366224059326,13.123990736931688
albemarle_equity,MLP,2026-01-23,189.51,150.660495589267,137.5365048523353,163.78448632619867,13.123990736931688
albemarle_equity,MLP,2026-01-26,189.75,155.38997782760327,142.2659870906716,168.51396856453496,13.123990736931688
albemarle_equity,MLP,2026-01-27,194.18,173.85131143658418,160.7273206996525,186.97530217351587,13.123990736931688
albemarle_equity,MLP,2026-01-28,184.33,176.03496897560402,162.91097823867233,189.1589597125357,13.123990736931688
albemarle_equity,MLP,2026-01-29,180.7,171.57568245365866,158.45169171672697,184.69967319059035,13.123990736931688
albemarle_equity,MLP,2026-01-30,170.63,165.9745594448608,152.8505687079291,179.0985501817925,13.123990736931688
albemarle_equity,MLP,2026-02-02,164.93,145.99346844061458,132.8694777036829,159.11745917754627,13.123990736931688
albemarle_equity,MLP,2026-02-03,170.64,118.87558288639158,105.7515921494599,131.99957362332327,13.123990736931688
albemarle_equity,MLP,2026-02-04,168.66,120.93563877395073,107.81164803701904,134.05962951088242,13.123990736931688
albemarle_equity,MLP,2026-02-05,156.48,122.03993290440344,108.91594216747175,135.16392364133515,13.123990736931688
albemarle_equity,MLP,2026-02-06,163.37,125.0046781724125,111.88068743548081,138.12866890934419,13.123990736931688
albemarle_equity,MLP,2026-02-09,165.76,127.7767202076983,114.65272947076662,140.90071094463,13.123990736931688
albemarle_equity,MLP,2026-02-10,168.56,120.463094881838,107.33910414490632,133.5870856187697,13.123990736931688
albemarle_equity,MLP,2026-02-11,175.43,118.89259164922653,105.76860091229484,132.01658238615823,13.123990736931688
albemarle_equity,MLP,2026-02-12,158.93,148.83024948337817,135.70625874644648,161.95424022030986,13.123990736931688
albemarle_equity,MLP,2026-02-13,166.35,125.13018396929114,112.00619323235945,138.25417470622284,13.123990736931688
albemarle_equity,MLP,2026-02-16,166.35,130.5141428975138,117.39015216058212,143.6381336344455,13.123990736931688
albemarle_equity,MLP,2026-02-17,168.92,145.71368734493032,132.58969660799863,158.837678081862,13.123990736931688
albemarle_equity,MLP,2026-02-18,171.22,146.91820894942322,133.79421821249153,160.0421996863549,13.123990736931688
albemarle_equity,MLP,2026-02-19,168.41,147.9394086458141,134.8154179088824,161.06339938274579,13.123990736931688
albemarle_equity,MLP,2026-02-20,168.42,145.06278976800905,131.93879903107737,158.18678050494074,13.123990736931688
albemarle_equity,MLP,2026-02-23,177.52,146.4305030066114,133.3065122696797,159.55449374354308,13.123990736931688
albemarle_equity,MLP,2026-02-24,186.83,128.10196989958823,114.97797916265654,141.22596063651991,13.123990736931688
albemarle_equity,MLP,2026-02-25,195.87,147.7527519851086,134.62876124817691,160.8767427220403,13.123990736931688
albemarle_equity,MLP,2026-02-26,184.93,157.7287632420828,144.60477250515112,170.8527539790145,13.123990736931688
albemarle_equity,MLP,2026-02-27,178.67,163.45053864084664,150.32654790391496,176.57452937777833,13.123990736931688
albemarle_equity,MLP,2026-03-02,178.18,138.98576967011115,125.86177893317947,152.10976040704284,13.123990736931688
albemarle_equity,MLP,2026-03-03,164.73,126.0570894042075,112.93309866727581,139.1810801411392,13.123990736931688
albemarle_equity,MLP,2026-03-04,168.35,149.7405819244161,136.6165911874844,162.86457266134778,13.123990736931688
albemarle_equity,MLP,2026-03-05,163.93,117.27685284696842,104.15286211003674,130.4008435839001,13.123990736931688
albemarle_equity,MLP,2026-03-06,162.29,119.83199325020753,106.70800251327584,132.95598398713923,13.123990736931688
albemarle_equity,MLP,2026-03-09,169.57,123.07424533555013,109.95025459861844,136.19823607248182,13.123990736931688
albemarle_equity,MLP,2026-03-10,166.54,118.3524771480302,105.22848641109852,131.4764678849619,13.123990736931688
albemarle_equity,MLP,2026-03-11,168.0,129.88000904422023,116.75601830728854,143.00399978115192,13.123990736931688
albemarle_equity,MLP,2026-03-12,163.89,123.02470003837584,109.90070930144415,136.14869077530753,13.123990736931688
albemarle_equity,Proposed Adaptive Decomposition-Routing Ensemble,2025-10-10,89.86,90.4495854758291,87.74731709913523,93.15185385252296,2.7022683766938655
albemarle_equity,Proposed Adaptive Decomposition-Routing Ensemble,2025-10-13,96.34,94.62747100699187,91.925202630298,97.32973938368573,2.7022683766938655
albemarle_equity,Proposed Adaptive Decomposition-Routing Ensemble,2025-10-14,96.24,96.31781539566134,93.61554701896748,99.0200837723552,2.7022683766938655
albemarle_equity,Proposed Adaptive Decomposition-Routing Ensemble,2025-10-15,98.16,96.55020896400559,93.84794058731173,99.25247734069946,2.7022683766938655
albemarle_equity,Proposed Adaptive Decomposition-Routing Ensemble,2025-10-16,95.29,95.11038409370053,92.40811571700667,97.8126524703944,2.7022683766938655
albemarle_equity,Proposed Adaptive Decomposition-Routing Ensemble,2025-10-17,92.74,92.88885122829501,90.18658285160114,95.59111960498888,2.7022683766938655
albemarle_equity,Proposed Adaptive Decomposition-Routing Ensemble,2025-10-20,96.14,94.20365391270667,91.5013855360128,96.90592228940054,2.7022683766938655
albemarle_equity,Proposed Adaptive Decomposition-Routing Ensemble,2025-10-21,91.34,92.30089582994621,89.59862745325235,95.00316420664008,2.7022683766938655
albemarle_equity,Proposed Adaptive Decomposition-Routing Ensemble,2025-10-22,91.27,90.07483601289205,87.37256763619818,92.77710438958592,2.7022683766938655
albemarle_equity,Proposed Adaptive Decomposition-Routing Ensemble,2025-10-23,97.36,95.9379960965373,93.23572771984344,98.64026447323117,2.7022683766938655
albemarle_equity,Proposed Adaptive Decomposition-Routing Ensemble,2025-10-24,105.64,102.52757384603649,99.82530546934262,105.22984222273035,2.7022683766938655
albemarle_equity,Proposed Adaptive Decomposition-Routing Ensemble,2025-10-27,96.23,96.92804572904771,94.22577735235384,99.63031410574158,2.7022683766938655
albemarle_equity,Proposed Adaptive Decomposition-Routing Ensemble,2025-10-28,96.68,95.20946338488616,92.5071950081923,97.91173176158003,2.7022683766938655
albemarle_equity,Proposed Adaptive Decomposition-Routing Ensemble,2025-10-29,97.8,98.12965492846324,95.42738655176937,100.8319233051571,2.7022683766938655
albemarle_equity,Proposed Adaptive Decomposition-Routing Ensemble,2025-10-30,97.89,97.74780960108062,95.04554122438675,100.45007797777448,2.7022683766938655
albemarle_equity,Proposed Adaptive Decomposition-Routing Ensemble,2025-10-31,98.23,96.67469299799804,93.97242462130417,99.3769613746919,2.7022683766938655
albemarle_equity,Proposed Adaptive Decomposition-Routing Ensemble,2025-11-03,96.53,96.41568165777416,93.71341328108029,99.11795003446802,2.7022683766938655
albemarle_equity,Proposed Adaptive Decomposition-Routing Ensemble,2025-11-04,88.45,90.63857176323552,87.93630338654165,93.34084013992938,2.7022683766938655
albemarle_equity,Proposed Adaptive Decomposition-Routing Ensemble,2025-11-05,91.96,90.28132379118253,87.57905541448866,92.9835921678764,2.7022683766938655
albemarle_equity,Proposed Adaptive Decomposition-Routing Ensemble,2025-11-06,91.26,93.58460052824783,90.88233215155397,96.2868689049417,2.7022683766938655
albemarle_equity,Proposed Adaptive Decomposition-Routing Ensemble,2025-11-07,97.18,95.92381773694315,93.22154936024928,98.62608611363702,2.7022683766938655
albemarle_equity,Proposed Adaptive Decomposition-Routing Ensemble,2025-11-10,103.58,102.22384477292722,99.52157639623336,104.92611314962109,2.7022683766938655
albemarle_equity,Proposed Adaptive Decomposition-Routing Ensemble,2025-11-11,103.88,103.28908542558123,100.58681704888737,105.9913538022751,2.7022683766938655
albemarle_equity,Proposed Adaptive Decomposition-Routing Ensemble,2025-11-12,110.32,108.33878566612745,105.63651728943358,111.04105404282132,2.7022683766938655
albemarle_equity,Proposed Adaptive Decomposition-Routing Ensemble,2025-11-13,114.57,113.39999074400087,110.69772236730701,116.10225912069474,2.7022683766938655
albemarle_equity,Proposed Adaptive Decomposition-Routing Ensemble,2025-11-14,115.14,114.01361745148824,111.31134907479438,116.71588582818211,2.7022683766938655
albemarle_equity,Proposed Adaptive Decomposition-Routing Ensemble,2025-11-17,117.7,115.40141724403318,112.69914886733932,118.10368562072705,2.7022683766938655
albemarle_equity,Proposed Adaptive Decomposition-Routing Ensemble,2025-11-18,121.39,119.13193791785459,116.42966954116072,121.83420629454845,2.7022683766938655
albemarle_equity,Proposed Adaptive Decomposition-Routing Ensemble,2025-11-19,125.68,122.4596696455982,119.75740126890433,125.16193802229206,2.7022683766938655
albemarle_equity,Proposed Adaptive Decomposition-Routing Ensemble,2025-11-20,116.42,116.67370785665346,113.9714394799596,119.37597623334733,2.7022683766938655
albemarle_equity,Proposed Adaptive Decomposition-Routing Ensemble,2025-11-21,116.82,116.05370172529092,113.35143334859706,118.75597010198479,2.7022683766938655
albemarle_equity,Proposed Adaptive Decomposition-Routing Ensemble,2025-11-24,115.88,117.24494224455141,114.54267386785754,119.94721062124528,2.7022683766938655
albemarle_equity,Proposed Adaptive Decomposition-Routing Ensemble,2025-11-25,125.26,122.96881626721378,120.26654789051992,125.67108464390765,2.7022683766938655
albemarle_equity,Proposed Adaptive Decomposition-Routing Ensemble,2025-11-26,126.91,126.14037586810296,123.4381074914091,128.84264424479682,2.7022683766938655
albemarle_equity,Proposed Adaptive Decomposition-Routing Ensemble,2025-11-27,126.91,125.04551663911667,122.3432482624228,127.74778501581054,2.7022683766938655
albemarle_equity,Proposed Adaptive Decomposition-Routing Ensemble,2025-11-28,129.99,126.37059056271241,123.66832218601854,129.07285893940627,2.7022683766938655
albemarle_equity,Proposed Adaptive Decomposition-Routing Ensemble,2025-12-01,128.33,126.08898546127251,123.38671708457865,128.7912538379664,2.7022683766938655
albemarle_equity,Proposed Adaptive Decomposition-Routing Ensemble,2025-12-02,128.14,123.83680548260367,121.1345371059098,126.53907385929753,2.7022683766938655
albemarle_equity,Proposed Adaptive Decomposition-Routing Ensemble,2025-12-03,126.49,125.46084516880477,122.7585767921109,128.16311354549862,2.7022683766938655
albemarle_equity,Proposed Adaptive Decomposition-Routing Ensemble,2025-12-04,119.14,118.81635568481576,116.1140873081219,121.51862406150963,2.7022683766938655
albemarle_equity,Proposed Adaptive Decomposition-Routing Ensemble,2025-12-05,125.19,123.15324375283896,120.4509753761451,125.85551212953283,2.7022683766938655
albemarle_equity,Proposed Adaptive Decomposition-Routing Ensemble,2025-12-08,127.2,126.95407697594416,124.2518085992503,129.65634535263803,2.7022683766938655
albemarle_equity,Proposed Adaptive Decomposition-Routing Ensemble,2025-12-09,129.29,128.0478583055999,125.34558992890604,130.75012668229377,2.7022683766938655
albemarle_equity,Proposed Adaptive Decomposition-Routing Ensemble,2025-12-10,133.21,130.84190299114215,128.13963461444828,133.54417136783601,2.7022683766938655
albemarle_equity,Proposed Adaptive Decomposition-Routing Ensemble,2025-12-11,134.59,132.2429208822834,129.54065250558955,134.94518925897728,2.7022683766938655
albemarle_equity,Proposed Adaptive Decomposition-Routing Ensemble,2025-12-12,132.74,130.50405797638876,127.8017895996949,133.20632635308263,2.7022683766938655
albemarle_equity,Proposed Adaptive Decomposition-Routing Ensemble,2025-12-15,132.22,130.23302666090837,127.5307582842145,132.93529503760223,2.7022683766938655
albemarle_equity,Proposed Adaptive Decomposition-Routing Ensemble,2025-12-16,131.07,128.91950570026324,126.21723732356938,131.6217740769571,2.7022683766938655
albemarle_equity,Proposed Adaptive Decomposition-Routing Ensemble,2025-12-17,134.71,134.58040050891094,131.87813213221708,137.2826688856048,2.7022683766938655
albemarle_equity,Proposed Adaptive Decomposition-Routing Ensemble,2025-12-18,140.48,138.5047488398522,135.80248046315833,141.20701721654606,2.7022683766938655
albemarle_equity,Proposed Adaptive Decomposition-Routing Ensemble,2025-12-19,145.88,144.55001775909534,141.84774938240147,147.2522861357892,2.7022683766938655
albemarle_equity,Proposed Adaptive Decomposition-Routing Ensemble,2025-12-22,145.38,144.1782978205933,141.47602944389942,146.88056619728715,2.7022683766938655
albemarle_equity,Proposed Adaptive Decomposition-Routing Ensemble,2025-12-23,146.7,144.90676344690775,142.20449507021388,147.6090318236016,2.7022683766938655
albemarle_equity,Proposed Adaptive Decomposition-Routing Ensemble,2025-12-24,148.51,146.78276573078364,144.08049735408977,149.4850341074775,2.7022683766938655
albemarle_equity,Proposed Adaptive Decomposition-Routing Ensemble,2025-12-29,144.58,144.12277221200605,141.4205038353122,146.82504058869992,2.7022683766938655
albemarle_equity,Proposed Adaptive Decomposition-Routing Ensemble,2025-12-30,142.01,141.24685602376593,138.54458764707206,143.9491244004598,2.7022683766938655
albemarle_equity,Proposed Adaptive Decomposition-Routing Ensemble,2025-12-31,141.44,140.6254548193054,137.92318644261152,143.32772319599925,2.7022683766938655
albemarle_equity,Proposed Adaptive Decomposition-Routing Ensemble,2026-01-02,143.93,140.87701722086913,138.17474884417527,143.579285597563,2.7022683766938655
albemarle_equity,Proposed Adaptive Decomposition-Routing Ensemble,2026-01-05,146.13,145.56449876706435,142.86223039037048,148.26676714375822,2.7022683766938655
albemarle_equity,Proposed Adaptive Decomposition-Routing Ensemble,2026-01-06,158.15,154.37256394086222,151.67029556416836,157.0748323175561,2.7022683766938655
albemarle_equity,Proposed Adaptive Decomposition-Routing Ensemble,2026-01-07,161.57,160.08355839769467,157.3812900210008,162.78582677438854,2.7022683766938655
albemarle_equity,Proposed Adaptive Decomposition-Routing Ensemble,2026-01-08,158.31,158.39505100327705,155.69278262658318,161.0973193799709,2.7022683766938655
albemarle_equity,Proposed Adaptive Decomposition-Routing Ensemble,2026-01-09,161.29,159.63425843885798,156.93199006216412,162.33652681555185,2.7022683766938655
albemarle_equity,Proposed Adaptive Decomposition-Routing Ensemble,2026-01-12,169.33,169.00695599335722,166.30468761666336,171.7092243700511,2.7022683766938655
albemarle_equity,Proposed Adaptive Decomposition-Routing Ensemble,2026-01-13,176.88,173.89569966424304,171.19343128754917,176.5979680409369,2.7022683766938655
albemarle_equity,Proposed Adaptive Decomposition-Routing Ensemble,2026-01-14,177.55,174.45864556640453,171.75637718971066,177.1609139430984,2.7022683766938655
albemarle_equity,Proposed Adaptive Decomposition-Routing Ensemble,2026-01-15,173.78,170.4469650478774,167.74469667118353,173.14923342457126,2.7022683766938655
albemarle_equity,Proposed Adaptive Decomposition-Routing Ensemble,2026-01-16,163.04,162.77536190141535,160.0730935247215,165.47763027810922,2.7022683766938655
albemarle_equity,Proposed Adaptive Decomposition-Routing Ensemble,2026-01-19,163.04,162.1929674272028,159.49069905050894,164.89523580389667,2.7022683766938655
albemarle_equity,Proposed Adaptive Decomposition-Routing Ensemble,2026-01-20,172.54,173.23226753440514,170.52999915771127,175.934535911099,2.7022683766938655
albemarle_equity,Proposed Adaptive Decomposition-Routing Ensemble,2026-01-21,180.06,178.3062408857407,175.60397250904683,181.00850926243456,2.7022683766938655
albemarle_equity,Proposed Adaptive Decomposition-Routing Ensemble,2026-01-22,188.32,183.9680015820922,181.26573320539833,186.67026995878606,2.7022683766938655
albemarle_equity,Proposed Adaptive Decomposition-Routing Ensemble,2026-01-23,189.51,187.15962659477702,184.45735821808316,189.8618949714709,2.7022683766938655
albemarle_equity,Proposed Adaptive Decomposition-Routing Ensemble,2026-01-26,189.75,184.9568512367636,182.25458286006975,187.65911961345748,2.7022683766938655
albemarle_equity,Proposed Adaptive Decomposition-Routing Ensemble,2026-01-27,194.18,192.85519931587095,190.15293093917708,195.5574676925648,2.7022683766938655
albemarle_equity,Proposed Adaptive Decomposition-Routing Ensemble,2026-01-28,184.33,183.93761209368537,181.2353437169915,186.63988047037924,2.7022683766938655
albemarle_equity,Proposed Adaptive Decomposition-Routing Ensemble,2026-01-29,180.7,179.55141104161416,176.8491426649203,182.25367941830802,2.7022683766938655
albemarle_equity,Proposed Adaptive Decomposition-Routing Ensemble,2026-01-30,170.63,172.28657541983537,169.5843070431415,174.98884379652924,2.7022683766938655
albemarle_equity,Proposed Adaptive Decomposition-Routing Ensemble,2026-02-02,164.93,165.0432648595703,162.34099648287642,167.74553323626415,2.7022683766938655
albemarle_equity,Proposed Adaptive Decomposition-Routing Ensemble,2026-02-03,170.64,170.08749550409647,167.3852271274026,172.78976388079033,2.7022683766938655
albemarle_equity,Proposed Adaptive Decomposition-Routing Ensemble,2026-02-04,168.66,170.28840372401626,167.5861353473224,172.99067210071013,2.7022683766938655
albemarle_equity,Proposed Adaptive Decomposition-Routing Ensemble,2026-02-05,156.48,159.4032500605623,156.70098168386843,162.10551843725617,2.7022683766938655
albemarle_equity,Proposed Adaptive Decomposition-Routing Ensemble,2026-02-06,163.37,164.50844684679944,161.80617847010558,167.2107152234933,2.7022683766938655
albemarle_equity,Proposed Adaptive Decomposition-Routing Ensemble,2026-02-09,165.76,168.79413315570943,166.09186477901557,171.4964015324033,2.7022683766938655
albemarle_equity,Proposed Adaptive Decomposition-Routing Ensemble,2026-02-10,168.56,171.5413173603403,168.83904898364642,174.24358573703415,2.7022683766938655
albemarle_equity,Proposed Adaptive Decomposition-Routing Ensemble,2026-02-11,175.43,175.2772864416057,172.57501806491183,177.97955481829956,2.7022683766938655
albemarle_equity,Proposed Adaptive Decomposition-Routing Ensemble,2026-02-12,158.93,162.06153721877413,159.35926884208027,164.763805595468,2.7022683766938655
albemarle_equity,Proposed Adaptive Decomposition-Routing Ensemble,2026-02-13,166.35,163.12714298032353,160.42487460362966,165.8294113570174,2.7022683766938655
albemarle_equity,Proposed Adaptive Decomposition-Routing Ensemble,2026-02-16,166.35,163.88559315984858,161.18332478315472,166.58786153654245,2.7022683766938655
albemarle_equity,Proposed Adaptive Decomposition-Routing Ensemble,2026-02-17,168.92,166.50873128927245,163.80646291257858,169.2109996659663,2.7022683766938655
albemarle_equity,Proposed Adaptive Decomposition-Routing Ensemble,2026-02-18,171.22,169.0297689313862,166.32750055469234,171.73203730808007,2.7022683766938655
albemarle_equity,Proposed Adaptive Decomposition-Routing Ensemble,2026-02-19,168.41,165.87119100172526,163.1689226250314,168.57345937841913,2.7022683766938655
albemarle_equity,Proposed Adaptive Decomposition-Routing Ensemble,2026-02-20,168.42,168.16265204612654,165.46038366943267,170.8649204228204,2.7022683766938655
albemarle_equity,Proposed Adaptive Decomposition-Routing Ensemble,2026-02-23,177.52,174.95509117484698,172.25282279815312,177.65735955154085,2.7022683766938655
albemarle_equity,Proposed Adaptive Decomposition-Routing Ensemble,2026-02-24,186.83,182.63580463800858,179.9335362613147,185.33807301470245,2.7022683766938655
albemarle_equity,Proposed Adaptive Decomposition-Routing Ensemble,2026-02-25,195.87,189.98383281412498,187.28156443743111,192.68610119081885,2.7022683766938655
albemarle_equity,Proposed Adaptive Decomposition-Routing Ensemble,2026-02-26,184.93,180.39110678264694,177.68883840595308,183.0933751593408,2.7022683766938655
albemarle_equity,Proposed Adaptive Decomposition-Routing Ensemble,2026-02-27,178.67,176.08292457947604,173.38065620278218,178.7851929561699,2.7022683766938655
albemarle_equity,Proposed Adaptive Decomposition-Routing Ensemble,2026-03-02,178.18,177.52581563509503,174.82354725840116,180.2280840117889,2.7022683766938655
albemarle_equity,Proposed Adaptive Decomposition-Routing Ensemble,2026-03-03,164.73,168.70869449966708,166.0064261229732,171.41096287636094,2.7022683766938655
albemarle_equity,Proposed Adaptive Decomposition-Routing Ensemble,2026-03-04,168.35,169.31991803205725,166.61764965536338,172.0221864087511,2.7022683766938655
albemarle_equity,Proposed Adaptive Decomposition-Routing Ensemble,2026-03-05,163.93,164.93363498226157,162.2313666055677,167.63590335895543,2.7022683766938655
albemarle_equity,Proposed Adaptive Decomposition-Routing Ensemble,2026-03-06,162.29,163.28475622547697,160.5824878487831,165.98702460217083,2.7022683766938655
albemarle_equity,Proposed Adaptive Decomposition-Routing Ensemble,2026-03-09,169.57,167.06106894731218,164.3588005706183,169.76333732400605,2.7022683766938655
albemarle_equity,Proposed Adaptive Decomposition-Routing Ensemble,2026-03-10,166.54,167.70048151839293,164.99821314169907,170.4027498950868,2.7022683766938655
albemarle_equity,Proposed Adaptive Decomposition-Routing Ensemble,2026-03-11,168.0,168.8880102356233,166.18574185892945,171.59027861231718,2.7022683766938655
albemarle_equity,Proposed Adaptive Decomposition-Routing Ensemble,2026-03-12,163.89,165.30886155904284,162.60659318234897,168.0111299357367,2.7022683766938655
albemarle_equity,RF,2025-10-10,89.86,95.4645,89.6185,101.3105,5.846000000000004
albemarle_equity,RF,2025-10-13,96.34,87.3276,81.4816,93.17360000000001,5.846000000000004
albemarle_equity,RF,2025-10-14,96.24,94.08879999999999,88.24279999999999,99.9348,5.846000000000004
albemarle_equity,RF,2025-10-15,98.16,96.56309999999999,90.71709999999999,102.4091,5.846000000000004
albemarle_equity,RF,2025-10-16,95.29,97.2441,91.3981,103.0901,5.846000000000004
albemarle_equity,RF,2025-10-17,92.74,96.33959999999999,90.49359999999999,102.1856,5.846000000000004
albemarle_equity,RF,2025-10-20,96.14,94.9078,89.06179999999999,100.7538,5.846000000000004
albemarle_equity,RF,2025-10-21,91.34,93.923,88.077,99.769,5.846000000000004
albemarle_equity,RF,2025-10-22,91.27,91.47659999999999,85.63059999999999,97.3226,5.846000000000004
albemarle_equity,RF,2025-10-23,97.36,91.58659999999998,85.74059999999997,97.43259999999998,5.846000000000004
albemarle_equity,RF,2025-10-24,105.64,94.6979,88.8519,100.54390000000001,5.846000000000004
albemarle_equity,RF,2025-10-27,96.23,105.3777,99.5317,111.22370000000001,5.846000000000004
albemarle_equity,RF,2025-10-28,96.68,93.4161,87.5701,99.2621,5.846000000000004
albemarle_equity,RF,2025-10-29,97.8,95.5437,89.6977,101.3897,5.846000000000004
albemarle_equity,RF,2025-10-30,97.89,95.91300000000001,90.06700000000001,101.75900000000001,5.846000000000004
albemarle_equity,RF,2025-10-31,98.23,94.8582,89.01219999999999,100.7042,5.846000000000004
albemarle_equity,RF,2025-11-03,96.53,94.97449999999999,89.12849999999999,100.8205,5.846000000000004
albemarle_equity,RF,2025-11-04,88.45,94.7909,88.94489999999999,100.6369,5.846000000000004
albemarle_equity,RF,2025-11-05,91.96,88.3418,82.4958,94.18780000000001,5.846000000000004
albemarle_equity,RF,2025-11-06,91.26,92.31009999999999,86.46409999999999,98.1561,5.846000000000004
albemarle_equity,RF,2025-11-07,97.18,91.8055,85.95949999999999,97.6515,5.846000000000004
albemarle_equity,RF,2025-11-10,103.58,94.46690000000001,88.6209,100.31290000000001,5.846000000000004
albemarle_equity,RF,2025-11-11,103.88,104.6315,98.7855,110.4775,5.846000000000004
albemarle_equity,RF,2025-11-12,110.32,104.8684,99.02239999999999,110.7144,5.846000000000004
albemarle_equity,RF,2025-11-13,114.57,105.4892,99.6432,111.3352,5.846000000000004
albemarle_equity,RF,2025-11-14,115.14,107.6684,101.8224,113.51440000000001,5.846000000000004
albemarle_equity,RF,2025-11-17,117.7,108.1185,102.2725,113.9645,5.846000000000004
albemarle_equity,RF,2025-11-18,121.39,111.4827,105.63669999999999,117.3287,5.846000000000004
albemarle_equity,RF,2025-11-19,125.68,118.1354,112.2894,123.98140000000001,5.846000000000004
albemarle_equity,RF,2025-11-20,116.42,122.1545,116.3085,128.0005,5.846000000000004
albemarle_equity,RF,2025-11-21,116.82,109.44839999999999,103.60239999999999,115.2944,5.846000000000004
albemarle_equity,RF,2025-11-24,115.88,109.3225,103.4765,115.16850000000001,5.846000000000004
albemarle_equity,RF,2025-11-25,125.26,109.1288,103.2828,114.9748,5.846000000000004
albemarle_equity,RF,2025-11-26,126.91,123.1096,117.2636,128.9556,5.846000000000004
albemarle_equity,RF,2025-11-27,126.91,123.7384,117.8924,129.58440000000002,5.846000000000004
albemarle_equity,RF,2025-11-28,129.99,124.4466,118.6006,130.2926,5.846000000000004
albemarle_equity,RF,2025-12-01,128.33,124.0572,118.21119999999999,129.9032,5.846000000000004
albemarle_equity,RF,2025-12-02,128.14,124.108,118.262,129.954,5.846000000000004
albemarle_equity,RF,2025-12-03,126.49,124.9253,119.07929999999999,130.7713,5.846000000000004
albemarle_equity,RF,2025-12-04,119.14,124.58630000000001,118.7403,130.4323,5.846000000000004
albemarle_equity,RF,2025-12-05,125.19,113.4353,107.5893,119.2813,5.846000000000004
albemarle_equity,RF,2025-12-08,127.2,123.7304,117.8844,129.5764,5.846000000000004
albemarle_equity,RF,2025-12-09,129.29,124.0606,118.21459999999999,129.9066,5.846000000000004
albemarle_equity,RF,2025-12-10,133.21,124.764,118.91799999999999,130.61,5.846000000000004
albemarle_equity,RF,2025-12-11,134.59,126.3225,120.4765,132.1685,5.846000000000004
albemarle_equity,RF,2025-12-12,132.74,128.07739999999998,122.23139999999998,133.9234,5.846000000000004
albemarle_equity,RF,2025-12-15,132.22,127.4914,121.6454,133.3374,5.846000000000004
albemarle_equity,RF,2025-12-16,131.07,126.83829999999999,120.99229999999999,132.6843,5.846000000000004
albemarle_equity,RF,2025-12-17,134.71,125.6079,119.7619,131.4539,5.846000000000004
albemarle_equity,RF,2025-12-18,140.48,128.30349999999999,122.45749999999998,134.1495,5.846000000000004
albemarle_equity,RF,2025-12-19,145.88,136.95899999999997,131.11299999999997,142.80499999999998,5.846000000000004
albemarle_equity,RF,2025-12-22,145.38,142.1121,136.2661,147.9581,5.846000000000004
albemarle_equity,RF,2025-12-23,146.7,142.75349999999997,136.90749999999997,148.59949999999998,5.846000000000004
albemarle_equity,RF,2025-12-24,148.51,142.55349999999999,136.70749999999998,148.3995,5.846000000000004
albemarle_equity,RF,2025-12-29,144.58,142.9818,137.1358,148.8278,5.846000000000004
albemarle_equity,RF,2025-12-30,142.01,139.6397,133.7937,145.4857,5.846000000000004
albemarle_equity,RF,2025-12-31,141.44,136.95069999999998,131.10469999999998,142.7967,5.846000000000004
albemarle_equity,RF,2026-01-02,143.93,137.2488,131.40279999999998,143.0948,5.846000000000004
albemarle_equity,RF,2026-01-05,146.13,139.1269,133.2809,144.9729,5.846000000000004
albemarle_equity,RF,2026-01-06,158.15,143.24269999999999,137.39669999999998,149.0887,5.846000000000004
albemarle_equity,RF,2026-01-07,161.57,158.9867,153.1407,164.83270000000002,5.846000000000004
albemarle_equity,RF,2026-01-08,158.31,161.0921,155.24609999999998,166.9381,5.846000000000004
albemarle_equity,RF,2026-01-09,161.29,159.21869999999998,153.37269999999998,165.0647,5.846000000000004
albemarle_equity,RF,2026-01-12,169.33,161.02730000000003,155.18130000000002,166.87330000000003,5.846000000000004
albemarle_equity,RF,2026-01-13,176.88,162.5858,156.7398,168.4318,5.846000000000004
albemarle_equity,RF,2026-01-14,177.55,163.946,158.1,169.792,5.846000000000004
albemarle_equity,RF,2026-01-15,173.78,164.96169999999998,159.11569999999998,170.80769999999998,5.846000000000004
albemarle_equity,RF,2026-01-16,163.04,164.9525,159.10649999999998,170.7985,5.846000000000004
albemarle_equity,RF,2026-01-19,163.04,164.6051,158.7591,170.4511,5.846000000000004
albemarle_equity,RF,2026-01-20,172.54,164.14270000000002,158.29670000000002,169.98870000000002,5.846000000000004
albemarle_equity,RF,2026-01-21,180.06,161.93139999999997,156.08539999999996,167.77739999999997,5.846000000000004
albemarle_equity,RF,2026-01-22,188.32,165.755,159.909,171.601,5.846000000000004
albemarle_equity,RF,2026-01-23,189.51,182.1794,176.33339999999998,188.0254,5.846000000000004
albemarle_equity,RF,2026-01-26,189.75,184.17090000000002,178.3249,190.01690000000002,5.846000000000004
albemarle_equity,RF,2026-01-27,194.18,184.6872,178.8412,190.5332,5.846000000000004
albemarle_equity,RF,2026-01-28,184.33,187.5583,181.7123,193.4043,5.846000000000004
albemarle_equity,RF,2026-01-29,180.7,177.70460000000003,171.85860000000002,183.55060000000003,5.846000000000004
albemarle_equity,RF,2026-01-30,170.63,168.3351,162.4891,174.18110000000001,5.846000000000004
albemarle_equity,RF,2026-02-02,164.93,164.7204,158.8744,170.56640000000002,5.846000000000004
albemarle_equity,RF,2026-02-03,170.64,165.0356,159.18959999999998,170.8816,5.846000000000004
albemarle_equity,RF,2026-02-04,168.66,162.5949,156.7489,168.4409,5.846000000000004
albemarle_equity,RF,2026-02-05,156.48,161.87589999999997,156.02989999999997,167.72189999999998,5.846000000000004
albemarle_equity,RF,2026-02-06,163.37,158.942,153.096,164.788,5.846000000000004
albemarle_equity,RF,2026-02-09,165.76,162.4068,156.5608,168.2528,5.846000000000004
albemarle_equity,RF,2026-02-10,168.56,162.4181,156.5721,168.2641,5.846000000000004
albemarle_equity,RF,2026-02-11,175.43,160.53369999999998,154.68769999999998,166.37969999999999,5.846000000000004
albemarle_equity,RF,2026-02-12,158.93,163.1132,157.2672,168.9592,5.846000000000004
albemarle_equity,RF,2026-02-13,166.35,157.873,152.027,163.719,5.846000000000004
albemarle_equity,RF,2026-02-16,166.35,163.02880000000002,157.18280000000001,168.87480000000002,5.846000000000004
albemarle_equity,RF,2026-02-17,168.92,161.6084,155.76239999999999,167.4544,5.846000000000004
albemarle_equity,RF,2026-02-18,171.22,162.7944,156.9484,168.6404,5.846000000000004
albemarle_equity,RF,2026-02-19,168.41,162.5837,156.7377,168.4297,5.846000000000004
albemarle_equity,RF,2026-02-20,168.42,162.84050000000002,156.99450000000002,168.68650000000002,5.846000000000004
albemarle_equity,RF,2026-02-23,177.52,162.8496,157.0036,168.6956,5.846000000000004
albemarle_equity,RF,2026-02-24,186.83,164.512,158.666,170.358,5.846000000000004
albemarle_equity,RF,2026-02-25,195.87,176.1843,170.3383,182.0303,5.846000000000004
albemarle_equity,RF,2026-02-26,184.93,190.37900000000002,184.53300000000002,196.22500000000002,5.846000000000004
albemarle_equity,RF,2026-02-27,178.67,177.54150000000004,171.69550000000004,183.38750000000005,5.846000000000004
albemarle_equity,RF,2026-03-02,178.18,167.91649999999998,162.07049999999998,173.7625,5.846000000000004
albemarle_equity,RF,2026-03-03,164.73,167.2811,161.4351,173.1271,5.846000000000004
albemarle_equity,RF,2026-03-04,168.35,164.20700000000002,158.36100000000002,170.05300000000003,5.846000000000004
albemarle_equity,RF,2026-03-05,163.93,163.6744,157.8284,169.5204,5.846000000000004
albemarle_equity,RF,2026-03-06,162.29,162.5606,156.7146,168.4066,5.846000000000004
albemarle_equity,RF,2026-03-09,169.57,160.53880000000004,154.69280000000003,166.38480000000004,5.846000000000004
albemarle_equity,RF,2026-03-10,166.54,161.7565,155.91049999999998,167.6025,5.846000000000004
albemarle_equity,RF,2026-03-11,168.0,161.0493,155.20329999999998,166.8953,5.846000000000004
albemarle_equity,RF,2026-03-12,163.89,162.57619999999997,156.73019999999997,168.42219999999998,5.846000000000004
albemarle_equity,Random Walk,2025-10-10,89.86,96.5,90.7,102.3,5.799999999999997
albemarle_equity,Random Walk,2025-10-13,96.34,89.86,84.06,95.66,5.799999999999997
albemarle_equity,Random Walk,2025-10-14,96.24,96.34,90.54,102.14,5.799999999999997
albemarle_equity,Random Walk,2025-10-15,98.16,96.24,90.44,102.03999999999999,5.799999999999997
albemarle_equity,Random Walk,2025-10-16,95.29,98.16,92.36,103.96,5.799999999999997
albemarle_equity,Random Walk,2025-10-17,92.74,95.29,89.49000000000001,101.09,5.799999999999997
albemarle_equity,Random Walk,2025-10-20,96.14,92.74,86.94,98.53999999999999,5.799999999999997
albemarle_equity,Random Walk,2025-10-21,91.34,96.14,90.34,101.94,5.799999999999997
albemarle_equity,Random Walk,2025-10-22,91.27,91.34,85.54,97.14,5.799999999999997
albemarle_equity,Random Walk,2025-10-23,97.36,91.27,85.47,97.07,5.799999999999997
albemarle_equity,Random Walk,2025-10-24,105.64,97.36,91.56,103.16,5.799999999999997
albemarle_equity,Random Walk,2025-10-27,96.23,105.64,99.84,111.44,5.799999999999997
albemarle_equity,Random Walk,2025-10-28,96.68,96.23,90.43,102.03,5.799999999999997
albemarle_equity,Random Walk,2025-10-29,97.8,96.68,90.88000000000001,102.48,5.799999999999997
albemarle_equity,Random Walk,2025-10-30,97.89,97.8,92.0,103.6,5.799999999999997
albemarle_equity,Random Walk,2025-10-31,98.23,97.89,92.09,103.69,5.799999999999997
albemarle_equity,Random Walk,2025-11-03,96.53,98.23,92.43,104.03,5.799999999999997
albemarle_equity,Random Walk,2025-11-04,88.45,96.53,90.73,102.33,5.799999999999997
albemarle_equity,Random Walk,2025-11-05,91.96,88.45,82.65,94.25,5.799999999999997
albemarle_equity,Random Walk,2025-11-06,91.26,91.96,86.16,97.75999999999999,5.799999999999997
albemarle_equity,Random Walk,2025-11-07,97.18,91.26,85.46000000000001,97.06,5.799999999999997
albemarle_equity,Random Walk,2025-11-10,103.58,97.18,91.38000000000001,102.98,5.799999999999997
albemarle_equity,Random Walk,2025-11-11,103.88,103.58,97.78,109.38,5.799999999999997
albemarle_equity,Random Walk,2025-11-12,110.32,103.88,98.08,109.67999999999999,5.799999999999997
albemarle_equity,Random Walk,2025-11-13,114.57,110.32,104.52,116.11999999999999,5.799999999999997
albemarle_equity,Random Walk,2025-11-14,115.14,114.57,108.77,120.36999999999999,5.799999999999997
albemarle_equity,Random Walk,2025-11-17,117.7,115.14,109.34,120.94,5.799999999999997
albemarle_equity,Random Walk,2025-11-18,121.39,117.7,111.9,123.5,5.799999999999997
albemarle_equity,Random Walk,2025-11-19,125.68,121.39,115.59,127.19,5.799999999999997
albemarle_equity,Random Walk,2025-11-20,116.42,125.68,119.88000000000001,131.48000000000002,5.799999999999997
albemarle_equity,Random Walk,2025-11-21,116.82,116.42,110.62,122.22,5.799999999999997
albemarle_equity,Random Walk,2025-11-24,115.88,116.82,111.02,122.61999999999999,5.799999999999997
albemarle_equity,Random Walk,2025-11-25,125.26,115.88,110.08,121.67999999999999,5.799999999999997
albemarle_equity,Random Walk,2025-11-26,126.91,125.26,119.46000000000001,131.06,5.799999999999997
albemarle_equity,Random Walk,2025-11-27,126.91,126.91,121.11,132.70999999999998,5.799999999999997
albemarle_equity,Random Walk,2025-11-28,129.99,126.91,121.11,132.70999999999998,5.799999999999997
albemarle_equity,Random Walk,2025-12-01,128.33,129.99,124.19000000000001,135.79000000000002,5.799999999999997
albemarle_equity,Random Walk,2025-12-02,128.14,128.33,122.53000000000002,134.13,5.799999999999997
albemarle_equity,Random Walk,2025-12-03,126.49,128.14,122.33999999999999,133.94,5.799999999999997
albemarle_equity,Random Walk,2025-12-04,119.14,126.49,120.69,132.29,5.799999999999997
albemarle_equity,Random Walk,2025-12-05,125.19,119.14,113.34,124.94,5.799999999999997
albemarle_equity,Random Walk,2025-12-08,127.2,125.19,119.39,130.99,5.799999999999997
albemarle_equity,Random Walk,2025-12-09,129.29,127.2,121.4,133.0,5.799999999999997
albemarle_equity,Random Walk,2025-12-10,133.21,129.29,123.49,135.08999999999997,5.799999999999997
albemarle_equity,Random Walk,2025-12-11,134.59,133.21,127.41000000000001,139.01,5.799999999999997
albemarle_equity,Random Walk,2025-12-12,132.74,134.59,128.79000000000002,140.39,5.799999999999997
albemarle_equity,Random Walk,2025-12-15,132.22,132.74,126.94000000000001,138.54000000000002,5.799999999999997
albemarle_equity,Random Walk,2025-12-16,131.07,132.22,126.42,138.01999999999998,5.799999999999997
albemarle_equity,Random Walk,2025-12-17,134.71,131.07,125.27,136.87,5.799999999999997
albemarle_equity,Random Walk,2025-12-18,140.48,134.71,128.91000000000003,140.51,5.799999999999997
albemarle_equity,Random Walk,2025-12-19,145.88,140.48,134.68,146.27999999999997,5.799999999999997
albemarle_equity,Random Walk,2025-12-22,145.38,145.88,140.07999999999998,151.68,5.799999999999997
albemarle_equity,Random Walk,2025-12-23,146.7,145.38,139.57999999999998,151.18,5.799999999999997
albemarle_equity,Random Walk,2025-12-24,148.51,146.7,140.89999999999998,152.5,5.799999999999997
albemarle_equity,Random Walk,2025-12-29,144.58,148.51,142.70999999999998,154.31,5.799999999999997
albemarle_equity,Random Walk,2025-12-30,142.01,144.58,138.78000000000003,150.38,5.799999999999997
albemarle_equity,Random Walk,2025-12-31,141.44,142.01,136.20999999999998,147.81,5.799999999999997
albemarle_equity,Random Walk,2026-01-02,143.93,141.44,135.64,147.24,5.799999999999997
albemarle_equity,Random Walk,2026-01-05,146.13,143.93,138.13,149.73000000000002,5.799999999999997
albemarle_equity,Random Walk,2026-01-06,158.15,146.13,140.32999999999998,151.93,5.799999999999997
albemarle_equity,Random Walk,2026-01-07,161.57,158.15,152.35000000000002,163.95,5.799999999999997
albemarle_equity,Random Walk,2026-01-08,158.31,161.57,155.76999999999998,167.37,5.799999999999997
albemarle_equity,Random Walk,2026-01-09,161.29,158.31,152.51,164.11,5.799999999999997
albemarle_equity,Random Walk,2026-01-12,169.33,161.29,155.49,167.08999999999997,5.799999999999997
albemarle_equity,Random Walk,2026-01-13,176.88,169.33,163.53000000000003,175.13,5.799999999999997
albemarle_equity,Random Walk,2026-01-14,177.55,176.88,171.07999999999998,182.68,5.799999999999997
albemarle_equity,Random Walk,2026-01-15,173.78,177.55,171.75,183.35000000000002,5.799999999999997
albemarle_equity,Random Walk,2026-01-16,163.04,173.78,167.98000000000002,179.57999999999998,5.799999999999997
albemarle_equity,Random Walk,2026-01-19,163.04,163.04,157.24,168.83999999999997,5.799999999999997
albemarle_equity,Random Walk,2026-01-20,172.54,163.04,157.24,168.83999999999997,5.799999999999997
albemarle_equity,Random Walk,2026-01-21,180.06,172.54,166.74,178.33999999999997,5.799999999999997
albemarle_equity,Random Walk,2026-01-22,188.32,180.06,174.26,185.86,5.799999999999997
albemarle_equity,Random Walk,2026-01-23,189.51,188.32,182.51999999999998,194.12,5.799999999999997
albemarle_equity,Random Walk,2026-01-26,189.75,189.51,183.70999999999998,195.31,5.799999999999997
albemarle_equity,Random Walk,2026-01-27,194.18,189.75,183.95,195.55,5.799999999999997
albemarle_equity,Random Walk,2026-01-28,184.33,194.18,188.38,199.98000000000002,5.799999999999997
albemarle_equity,Random Walk,2026-01-29,180.7,184.33,178.53000000000003,190.13,5.799999999999997
albemarle_equity,Random Walk,2026-01-30,170.63,180.7,174.89999999999998,186.5,5.799999999999997
albemarle_equity,Random Walk,2026-02-02,164.93,170.63,164.82999999999998,176.43,5.799999999999997
albemarle_equity,Random Walk,2026-02-03,170.64,164.93,159.13,170.73000000000002,5.799999999999997
albemarle_equity,Random Walk,2026-02-04,168.66,170.64,164.83999999999997,176.44,5.799999999999997
albemarle_equity,Random Walk,2026-02-05,156.48,168.66,162.86,174.45999999999998,5.799999999999997
albemarle_equity,Random Walk,2026-02-06,163.37,156.48,150.68,162.27999999999997,5.799999999999997
albemarle_equity,Random Walk,2026-02-09,165.76,163.37,157.57,169.17000000000002,5.799999999999997
albemarle_equity,Random Walk,2026-02-10,168.56,165.76,159.95999999999998,171.56,5.799999999999997
albemarle_equity,Random Walk,2026-02-11,175.43,168.56,162.76,174.36,5.799999999999997
albemarle_equity,Random Walk,2026-02-12,158.93,175.43,169.63,181.23000000000002,5.799999999999997
albemarle_equity,Random Walk,2026-02-13,166.35,158.93,153.13,164.73000000000002,5.799999999999997
albemarle_equity,Random Walk,2026-02-16,166.35,166.35,160.55,172.14999999999998,5.799999999999997
albemarle_equity,Random Walk,2026-02-17,168.92,166.35,160.55,172.14999999999998,5.799999999999997
albemarle_equity,Random Walk,2026-02-18,171.22,168.92,163.12,174.71999999999997,5.799999999999997
albemarle_equity,Random Walk,2026-02-19,168.41,171.22,165.42000000000002,177.01999999999998,5.799999999999997
albemarle_equity,Random Walk,2026-02-20,168.42,168.41,162.61,174.20999999999998,5.799999999999997
albemarle_equity,Random Walk,2026-02-23,177.52,168.42,162.62,174.21999999999997,5.799999999999997
albemarle_equity,Random Walk,2026-02-24,186.83,177.52,171.72000000000003,183.32,5.799999999999997
albemarle_equity,Random Walk,2026-02-25,195.87,186.83,181.03000000000003,192.63,5.799999999999997
albemarle_equity,Random Walk,2026-02-26,184.93,195.87,190.07,201.67000000000002,5.799999999999997
albemarle_equity,Random Walk,2026-02-27,178.67,184.93,179.13,190.73000000000002,5.799999999999997
albemarle_equity,Random Walk,2026-03-02,178.18,178.67,172.87,184.46999999999997,5.799999999999997
albemarle_equity,Random Walk,2026-03-03,164.73,178.18,172.38,183.98000000000002,5.799999999999997
albemarle_equity,Random Walk,2026-03-04,168.35,164.73,158.93,170.52999999999997,5.799999999999997
albemarle_equity,Random Walk,2026-03-05,163.93,168.35,162.55,174.14999999999998,5.799999999999997
albemarle_equity,Random Walk,2026-03-06,162.29,163.93,158.13,169.73000000000002,5.799999999999997
albemarle_equity,Random Walk,2026-03-09,169.57,162.29,156.49,168.08999999999997,5.799999999999997
albemarle_equity,Random Walk,2026-03-10,166.54,169.57,163.76999999999998,175.37,5.799999999999997
albemarle_equity,Random Walk,2026-03-11,168.0,166.54,160.74,172.33999999999997,5.799999999999997
albemarle_equity,Random Walk,2026-03-12,163.89,168.0,162.2,173.8,5.799999999999997
albemarle_equity,SVR,2025-10-10,89.86,122.39028724038782,76.25074526431881,168.52982921645685,46.13954197606901
albemarle_equity,SVR,2025-10-13,96.34,123.22882182402965,77.08927984796064,169.36836380009868,46.13954197606901
albemarle_equity,SVR,2025-10-14,96.24,122.77218885348105,76.63264687741204,168.91173082955007,46.13954197606901
albemarle_equity,SVR,2025-10-15,98.16,122.74935793751459,76.60981596144558,168.8888999135836,46.13954197606901
albemarle_equity,SVR,2025-10-16,95.29,122.7843740686264,76.6448320925574,168.92391604469543,46.13954197606901
albemarle_equity,SVR,2025-10-17,92.74,123.21239419415119,77.07285221808218,169.3519361702202,46.13954197606901
albemarle_equity,SVR,2025-10-20,96.14,122.21945042129201,76.079908445223,168.35899239736102,46.13954197606901
albemarle_equity,SVR,2025-10-21,91.34,122.68976480214016,76.55022282607115,168.82930677820917,46.13954197606901
albemarle_equity,SVR,2025-10-22,91.27,123.38175290865921,77.2422109325902,169.5212948847282,46.13954197606901
albemarle_equity,SVR,2025-10-23,97.36,122.32451358107346,76.18497160500445,168.46405555714247,46.13954197606901
albemarle_equity,SVR,2025-10-24,105.64,122.28915453261388,76.14961255654487,168.4286965086829,46.13954197606901
albemarle_equity,SVR,2025-10-27,96.23,122.62579856488045,76.48625658881144,168.76534054094947,46.13954197606901
albemarle_equity,SVR,2025-10-28,96.68,122.58852761670781,76.4489856406388,168.72806959277682,46.13954197606901
albemarle_equity,SVR,2025-10-29,97.8,122.63108900506293,76.49154702899392,168.77063098113194,46.13954197606901
albemarle_equity,SVR,2025-10-30,97.89,122.74701550497655,76.60747352890753,168.88655748104554,46.13954197606901
albemarle_equity,SVR,2025-10-31,98.23,123.29595937476365,77.15641739869464,169.43550135083268,46.13954197606901
albemarle_equity,SVR,2025-11-03,96.53,122.81649913626501,76.676957160196,168.95604111233402,46.13954197606901
albemarle_equity,SVR,2025-11-04,88.45,123.43205994558909,77.29251796952008,169.5716019216581,46.13954197606901
albemarle_equity,SVR,2025-11-05,91.96,122.68159621818793,76.54205424211892,168.82113819425695,46.13954197606901
albemarle_equity,SVR,2025-11-06,91.26,123.32677061456587,77.18722863849686,169.46631259063489,46.13954197606901
albemarle_equity,SVR,2025-11-07,97.18,122.76940273505161,76.6298607589826,168.90894471112063,46.13954197606901
albemarle_equity,SVR,2025-11-10,103.58,122.82910373762073,76.68956176155172,168.96864571368974,46.13954197606901
albemarle_equity,SVR,2025-11-11,103.88,122.81055511547102,76.671013139402,168.95009709154004,46.13954197606901
albemarle_equity,SVR,2025-11-12,110.32,123.09112159124307,76.95157961517405,169.2306635673121,46.13954197606901
albemarle_equity,SVR,2025-11-13,114.57,122.97012824275328,76.83058626668426,169.1096702188223,46.13954197606901
albemarle_equity,SVR,2025-11-14,115.14,122.90254250338859,76.76300052731958,169.0420844794576,46.13954197606901
albemarle_equity,SVR,2025-11-17,117.7,123.44191014514328,77.30236816907427,169.5814521212123,46.13954197606901
albemarle_equity,SVR,2025-11-18,121.39,122.97534372704078,76.83580175097177,169.1148857031098,46.13954197606901
albemarle_equity,SVR,2025-11-19,125.68,123.06950432159654,76.92996234552753,169.20904629766557,46.13954197606901
albemarle_equity,SVR,2025-11-20,116.42,123.0837747649255,76.94423278885648,169.2233167409945,46.13954197606901
albemarle_equity,SVR,2025-11-21,116.82,123.19109431702502,77.05155234095601,169.33063629309402,46.13954197606901
albemarle_equity,SVR,2025-11-24,115.88,122.93737571322147,76.79783373715246,169.0769176892905,46.13954197606901
albemarle_equity,SVR,2025-11-25,125.26,122.213654222002,76.074112245933,168.35319619807103,46.13954197606901
albemarle_equity,SVR,2025-11-26,126.91,123.21844948506251,77.0789075089935,169.35799146113152,46.13954197606901
albemarle_equity,SVR,2025-11-27,126.91,122.70395141756035,76.56440944149134,168.84349339362936,46.13954197606901
albemarle_equity,SVR,2025-11-28,129.99,122.66307689343645,76.52353491736744,168.80261886950547,46.13954197606901
albemarle_equity,SVR,2025-12-01,128.33,122.76842239759506,76.62888042152605,168.90796437366407,46.13954197606901
albemarle_equity,SVR,2025-12-02,128.14,122.77376882091363,76.63422684484462,168.91331079698264,46.13954197606901
albemarle_equity,SVR,2025-12-03,126.49,122.50022600554769,76.36068402947868,168.6397679816167,46.13954197606901
albemarle_equity,SVR,2025-12-04,119.14,122.82890482727655,76.68936285120753,168.96844680334556,46.13954197606901
albemarle_equity,SVR,2025-12-05,125.19,122.62213841882455,76.48259644275554,168.76168039489357,46.13954197606901
albemarle_equity,SVR,2025-12-08,127.2,122.65015535096315,76.51061337489413,168.78969732703217,46.13954197606901
albemarle_equity,SVR,2025-12-09,129.29,122.70855094907651,76.5690089730075,168.84809292514552,46.13954197606901
albemarle_equity,SVR,2025-12-10,133.21,122.80338211404818,76.66384013797916,168.94292409011717,46.13954197606901
albemarle_equity,SVR,2025-12-11,134.59,122.76548639865933,76.62594442259032,168.90502837472835,46.13954197606901
albemarle_equity,SVR,2025-12-12,132.74,123.0199065903868,76.88036461431778,169.1594485664558,46.13954197606901
albemarle_equity,SVR,2025-12-15,132.22,122.79706369885643,76.65752172278742,168.93660567492543,46.13954197606901
albemarle_equity,SVR,2025-12-16,131.07,122.96406642777626,76.82452445170725,169.10360840384527,46.13954197606901
albemarle_equity,SVR,2025-12-17,134.71,122.9035515329531,76.76400955688409,169.04309350902213,46.13954197606901
albemarle_equity,SVR,2025-12-18,140.48,122.66982412531117,76.53028214924215,168.8093661013802,46.13954197606901
albemarle_equity,SVR,2025-12-19,145.88,123.28676866570417,77.14722668963516,169.42631064177317,46.13954197606901
albemarle_equity,SVR,2025-12-22,145.38,122.918573939479,76.77903196340999,169.058115915548,46.13954197606901
albemarle_equity,SVR,2025-12-23,146.7,122.8432658123117,76.70372383624269,168.9828077883807,46.13954197606901
albemarle_equity,SVR,2025-12-24,148.51,123.00734498963318,76.86780301356417,169.1468869657022,46.13954197606901
albemarle_equity,SVR,2025-12-29,144.58,123.36171005026223,77.22216807419322,169.50125202633126,46.13954197606901
albemarle_equity,SVR,2025-12-30,142.01,123.13473410475126,76.99519212868225,169.27427608082027,46.13954197606901
albemarle_equity,SVR,2025-12-31,141.44,122.99957161337406,76.86002963730505,169.13911358944307,46.13954197606901
albemarle_equity,SVR,2026-01-02,143.93,123.11991309938058,76.98037112331157,169.25945507544958,46.13954197606901
albemarle_equity,SVR,2026-01-05,146.13,123.17028529399781,77.0307433179288,169.30982727006682,46.13954197606901
albemarle_equity,SVR,2026-01-06,158.15,123.27795263772421,77.1384106616552,169.41749461379322,46.13954197606901
albemarle_equity,SVR,2026-01-07,161.57,123.13117555890743,76.99163358283842,169.27071753497643,46.13954197606901
albemarle_equity,SVR,2026-01-08,158.31,123.28298168013505,77.14343970406604,169.42252365620408,46.13954197606901
albemarle_equity,SVR,2026-01-09,161.29,123.32671624559657,77.18717426952756,169.46625822166558,46.13954197606901
albemarle_equity,SVR,2026-01-12,169.33,123.1793860230887,77.03984404701968,169.31892799915772,46.13954197606901
albemarle_equity,SVR,2026-01-13,176.88,123.25317171516011,77.1136297390911,169.39271369122912,46.13954197606901
albemarle_equity,SVR,2026-01-14,177.55,123.28671509423454,77.14717311816553,169.42625707030356,46.13954197606901
albemarle_equity,SVR,2026-01-15,173.78,123.33485734059637,77.19531536452736,169.47439931666537,46.13954197606901
albemarle_equity,SVR,2026-01-16,163.04,123.30982716169865,77.17028518562964,169.44936913776766,46.13954197606901
albemarle_equity,SVR,2026-01-19,163.04,123.26957900851694,77.13003703244793,169.40912098458597,46.13954197606901
albemarle_equity,SVR,2026-01-20,172.54,123.25074755362805,77.11120557755903,169.39028952969704,46.13954197606901
albemarle_equity,SVR,2026-01-21,180.06,123.26088541088308,77.12134343481407,169.4004273869521,46.13954197606901
albemarle_equity,SVR,2026-01-22,188.32,123.31378477036833,77.17424279429932,169.45332674643734,46.13954197606901
albemarle_equity,SVR,2026-01-23,189.51,123.33540533558804,77.19586335951902,169.47494731165705,46.13954197606901
albemarle_equity,SVR,2026-01-26,189.75,123.37342306266976,77.23388108660075,169.51296503873877,46.13954197606901
albemarle_equity,SVR,2026-01-27,194.18,127.21274504501582,81.07320306894681,173.35228702108483,46.13954197606901
albemarle_equity,SVR,2026-01-28,184.33,127.7710787041793,81.63153672811029,173.91062068024831,46.13954197606901
albemarle_equity,SVR,2026-01-29,180.7,127.24712005819939,81.10757808213037,173.3866620342684,46.13954197606901
albemarle_equity,SVR,2026-01-30,170.63,127.9726096468583,81.83306767078929,174.1121516229273,46.13954197606901
albemarle_equity,SVR,2026-02-02,164.93,125.69503853869283,79.55549656262382,171.83458051476185,46.13954197606901
albemarle_equity,SVR,2026-02-03,170.64,123.3035673487539,77.16402537268489,169.4431093248229,46.13954197606901
albemarle_equity,SVR,2026-02-04,168.66,123.26817017226911,77.1286281962001,169.40771214833813,46.13954197606901
albemarle_equity,SVR,2026-02-05,156.48,123.29048515595798,77.15094317988897,169.430027132027,46.13954197606901
albemarle_equity,SVR,2026-02-06,163.37,123.24449611925004,77.10495414318103,169.38403809531906,46.13954197606901
albemarle_equity,SVR,2026-02-09,165.76,123.24210990916124,77.10256793309223,169.38165188523027,46.13954197606901
albemarle_equity,SVR,2026-02-10,168.56,123.32937906307063,77.18983708700162,169.46892103913964,46.13954197606901
albemarle_equity,SVR,2026-02-11,175.43,123.32450836272433,77.18496638665532,169.46405033879336,46.13954197606901
albemarle_equity,SVR,2026-02-12,158.93,123.3254876202358,77.1859456441668,169.46502959630482,46.13954197606901
albemarle_equity,SVR,2026-02-13,166.35,123.29497449116309,77.15543251509408,169.4345164672321,46.13954197606901
albemarle_equity,SVR,2026-02-16,166.35,123.31447319485856,77.17493121878955,169.45401517092756,46.13954197606901
albemarle_equity,SVR,2026-02-17,168.92,124.17244604304493,78.03290406697592,170.31198801911393,46.13954197606901
albemarle_equity,SVR,2026-02-18,171.22,124.7044603648974,78.56491838882839,170.84400234096643,46.13954197606901
albemarle_equity,SVR,2026-02-19,168.41,125.43568420523785,79.29614222916884,171.57522618130685,46.13954197606901
albemarle_equity,SVR,2026-02-20,168.42,125.41504245551636,79.27550047944735,171.55458443158537,46.13954197606901
albemarle_equity,SVR,2026-02-23,177.52,124.91944712985584,78.77990515378683,171.05898910592487,46.13954197606901
albemarle_equity,SVR,2026-02-24,186.83,123.33643247071481,77.1968904946458,169.47597444678382,46.13954197606901
albemarle_equity,SVR,2026-02-25,195.87,123.36634692580252,77.2268049497335,169.50588890187151,46.13954197606901
albemarle_equity,SVR,2026-02-26,184.93,123.40118780080957,77.26164582474055,169.54072977687858,46.13954197606901
albemarle_equity,SVR,2026-02-27,178.67,123.38893419971652,77.2493922236475,169.52847617578553,46.13954197606901
albemarle_equity,SVR,2026-03-02,178.18,123.39110215695491,77.2515601808859,169.53064413302394,46.13954197606901
albemarle_equity,SVR,2026-03-03,164.73,123.3907139343837,77.25117195831469,169.5302559104527,46.13954197606901
albemarle_equity,SVR,2026-03-04,168.35,123.35500989072061,77.2154679146516,169.4945518667896,46.13954197606901
albemarle_equity,SVR,2026-03-05,163.93,123.31356757241883,77.17402559634982,169.45310954848784,46.13954197606901
albemarle_equity,SVR,2026-03-06,162.29,123.34475013580366,77.20520815973465,169.48429211187266,46.13954197606901
albemarle_equity,SVR,2026-03-09,169.57,123.33152041501205,77.19197843894304,169.47106239108106,46.13954197606901
albemarle_equity,SVR,2026-03-10,166.54,123.35180339220625,77.21226141613724,169.49134536827526,46.13954197606901
albemarle_equity,SVR,2026-03-11,168.0,123.35483649100418,77.21529451493517,169.4943784670732,46.13954197606901
albemarle_equity,SVR,2026-03-12,163.89,123.364409291929,77.22486731585998,169.503951267998,46.13954197606901
albemarle_equity,VMD-ARIMA,2025-10-10,89.86,93.53009507219933,90.0699464570441,96.99024368735456,3.4601486151552336
albemarle_equity,VMD-ARIMA,2025-10-13,96.34,96.23555246458481,92.77540384942958,99.69570107974005,3.4601486151552336
albemarle_equity,VMD-ARIMA,2025-10-14,96.24,95.17564519345346,91.71549657829823,98.6357938086087,3.4601486151552336
albemarle_equity,VMD-ARIMA,2025-10-15,98.16,95.70307361197945,92.24292499682421,99.16322222713468,3.4601486151552336
albemarle_equity,VMD-ARIMA,2025-10-16,95.29,93.98420429177307,90.52405567661783,97.4443529069283,3.4601486151552336
albemarle_equity,VMD-ARIMA,2025-10-17,92.74,93.2382167634947,89.77806814833947,96.69836537864994,3.4601486151552336
albemarle_equity,VMD-ARIMA,2025-10-20,96.14,95.6482865872741,92.18813797211887,99.10843520242933,3.4601486151552336
albemarle_equity,VMD-ARIMA,2025-10-21,91.34,92.13565014631072,88.67550153115549,95.59579876146596,3.4601486151552336
albemarle_equity,VMD-ARIMA,2025-10-22,91.27,91.83698881681829,88.37684020166306,95.29713743197352,3.4601486151552336
albemarle_equity,VMD-ARIMA,2025-10-23,97.36,96.7500709026356,93.28992228748037,100.21021951779083,3.4601486151552336
albemarle_equity,VMD-ARIMA,2025-10-24,105.64,101.940169188287,98.48002057313177,105.40031780344223,3.4601486151552336
albemarle_equity,VMD-ARIMA,2025-10-27,96.23,96.41959418244916,92.95944556729393,99.8797427976044,3.4601486151552336
albemarle_equity,VMD-ARIMA,2025-10-28,96.68,97.95687188944189,94.49672327428665,101.41702050459712,3.4601486151552336
albemarle_equity,VMD-ARIMA,2025-10-29,97.8,99.82633393771098,96.36618532255575,103.28648255286622,3.4601486151552336
albemarle_equity,VMD-ARIMA,2025-10-30,97.89,98.93837989308368,95.47823127792844,102.39852850823891,3.4601486151552336
albemarle_equity,VMD-ARIMA,2025-10-31,98.23,98.20135312461626,94.74120450946103,101.6615017397715,3.4601486151552336
albemarle_equity,VMD-ARIMA,2025-11-03,96.53,97.27934562633067,93.81919701117543,100.7394942414859,3.4601486151552336
albemarle_equity,VMD-ARIMA,2025-11-04,88.45,93.59692419405245,90.13677557889721,97.05707280920768,3.4601486151552336
albemarle_equity,VMD-ARIMA,2025-11-05,91.96,95.06980079964224,91.609652184487,98.52994941479747,3.4601486151552336
albemarle_equity,VMD-ARIMA,2025-11-06,91.26,96.59841043775461,93.13826182259938,100.05855905290984,3.4601486151552336
albemarle_equity,VMD-ARIMA,2025-11-07,97.18,99.29267156144607,95.83252294629084,102.7528201766013,3.4601486151552336
albemarle_equity,VMD-ARIMA,2025-11-10,103.58,105.12294086279189,101.66279224763666,108.58308947794713,3.4601486151552336
albemarle_equity,VMD-ARIMA,2025-11-11,103.88,105.36715643685504,101.9070078216998,108.82730505201027,3.4601486151552336
albemarle_equity,VMD-ARIMA,2025-11-12,110.32,110.99303414868686,107.53288553353163,114.4531827638421,3.4601486151552336
albemarle_equity,VMD-ARIMA,2025-11-13,114.57,114.72678313279222,111.26663451763699,118.18693174794745,3.4601486151552336
albemarle_equity,VMD-ARIMA,2025-11-14,115.14,116.59347467469217,113.13332605953694,120.05362328984741,3.4601486151552336
albemarle_equity,VMD-ARIMA,2025-11-17,117.7,116.14357609636713,112.6834274812119,119.60372471152236,3.4601486151552336
albemarle_equity,VMD-ARIMA,2025-11-18,121.39,118.95424392483973,115.4940953096845,122.41439253999496,3.4601486151552336
albemarle_equity,VMD-ARIMA,2025-11-19,125.68,120.94871773697483,117.4885691218196,124.40886635213006,3.4601486151552336
albemarle_equity,VMD-ARIMA,2025-11-20,116.42,116.00687229451717,112.54672367936193,119.4670209096724,3.4601486151552336
albemarle_equity,VMD-ARIMA,2025-11-21,116.82,117.48080254169818,114.02065392654295,120.94095115685342,3.4601486151552336
albemarle_equity,VMD-ARIMA,2025-11-24,115.88,119.08628124013919,115.62613262498395,122.54642985529442,3.4601486151552336
albemarle_equity,VMD-ARIMA,2025-11-25,125.26,123.00770242831643,119.5475538131612,126.46785104347167,3.4601486151552336
albemarle_equity,VMD-ARIMA,2025-11-26,126.91,124.99687019382955,121.53672157867432,128.4570188089848,3.4601486151552336
albemarle_equity,VMD-ARIMA,2025-11-27,126.91,125.37073329080798,121.91058467565274,128.83088190596322,3.4601486151552336
albemarle_equity,VMD-ARIMA,2025-11-28,129.99,128.62055967440233,125.1604110592471,132.08070828955755,3.4601486151552336
albemarle_equity,VMD-ARIMA,2025-12-01,128.33,127.6826523228327,124.22250370767746,131.14280093798794,3.4601486151552336
albemarle_equity,VMD-ARIMA,2025-12-02,128.14,128.59363784522859,125.13348923007335,132.05378646038383,3.4601486151552336
albemarle_equity,VMD-ARIMA,2025-12-03,126.49,129.74260329357267,126.28245467841744,133.20275190872792,3.4601486151552336
albemarle_equity,VMD-ARIMA,2025-12-04,119.14,126.08852702259583,122.6283784074406,129.54867563775105,3.4601486151552336
albemarle_equity,VMD-ARIMA,2025-12-05,125.19,128.36498417241583,124.9048355572606,131.82513278757108,3.4601486151552336
albemarle_equity,VMD-ARIMA,2025-12-08,127.2,129.02867753210532,125.56852891695009,132.48882614726057,3.4601486151552336
albemarle_equity,VMD-ARIMA,2025-12-09,129.29,127.83239992107849,124.37225130592326,131.2925485362337,3.4601486151552336
albemarle_equity,VMD-ARIMA,2025-12-10,133.21,130.867338339514,127.40718972435876,134.3274869546692,3.4601486151552336
albemarle_equity,VMD-ARIMA,2025-12-11,134.59,131.34513799756414,127.8849893824089,134.80528661271939,3.4601486151552336
albemarle_equity,VMD-ARIMA,2025-12-12,132.74,131.43086307489654,127.9707144597413,134.89101169005176,3.4601486151552336
albemarle_equity,VMD-ARIMA,2025-12-15,132.22,132.67082772533547,129.21067911018025,136.1309763404907,3.4601486151552336
albemarle_equity,VMD-ARIMA,2025-12-16,131.07,133.3526938622763,129.89254524712106,136.81284247743156,3.4601486151552336
albemarle_equity,VMD-ARIMA,2025-12-17,134.71,136.89316383707762,133.4330152219224,140.35331245223284,3.4601486151552336
albemarle_equity,VMD-ARIMA,2025-12-18,140.48,141.2408279029421,137.78067928778688,144.70097651809732,3.4601486151552336
albemarle_equity,VMD-ARIMA,2025-12-19,145.88,144.46638684934948,141.00623823419426,147.9265354645047,3.4601486151552336
albemarle_equity,VMD-ARIMA,2025-12-22,145.38,143.02277055641198,139.56262194125674,146.48291917156723,3.4601486151552336
albemarle_equity,VMD-ARIMA,2025-12-23,146.7,142.97725889221434,139.5171102770591,146.43740750736958,3.4601486151552336
albemarle_equity,VMD-ARIMA,2025-12-24,148.51,145.8281430517628,142.36799443660755,149.28829166691804,3.4601486151552336
albemarle_equity,VMD-ARIMA,2025-12-29,144.58,144.24935789150393,140.78920927634869,147.70950650665918,3.4601486151552336
albemarle_equity,VMD-ARIMA,2025-12-30,142.01,143.7920854847536,140.3319368695984,147.25223409990883,3.4601486151552336
albemarle_equity,VMD-ARIMA,2025-12-31,141.44,144.31541055446928,140.85526193931406,147.7755591696245,3.4601486151552336
albemarle_equity,VMD-ARIMA,2026-01-02,143.93,144.40896970172375,140.9488210865685,147.869118316879,3.4601486151552336
albemarle_equity,VMD-ARIMA,2026-01-05,146.13,147.27245582639046,143.81230721123524,150.73260444154567,3.4601486151552336
albemarle_equity,VMD-ARIMA,2026-01-06,158.15,157.79028897890183,154.33014036374658,161.25043759405708,3.4601486151552336
albemarle_equity,VMD-ARIMA,2026-01-07,161.57,162.0792443727453,158.61909575759006,165.53939298790056,3.4601486151552336
albemarle_equity,VMD-ARIMA,2026-01-08,158.31,162.05069455739823,158.590545942243,165.51084317255345,3.4601486151552336
albemarle_equity,VMD-ARIMA,2026-01-09,161.29,164.12303080863546,160.66288219348024,167.58317942379068,3.4601486151552336
albemarle_equity,VMD-ARIMA,2026-01-12,169.33,169.70997760611928,166.24982899096403,173.17012622127453,3.4601486151552336
albemarle_equity,VMD-ARIMA,2026-01-13,176.88,173.2458979880237,169.78574937286845,176.70604660317895,3.4601486151552336
albemarle_equity,VMD-ARIMA,2026-01-14,177.55,172.4914448281822,169.03129621302696,175.95159344333746,3.4601486151552336
albemarle_equity,VMD-ARIMA,2026-01-15,173.78,169.53861536211585,166.0784667469606,172.9987639772711,3.4601486151552336
albemarle_equity,VMD-ARIMA,2026-01-16,163.04,164.34840016336364,160.88825154820842,167.80854877851885,3.4601486151552336
albemarle_equity,VMD-ARIMA,2026-01-19,163.04,165.2704794506656,161.81033083551034,168.73062806582084,3.4601486151552336
albemarle_equity,VMD-ARIMA,2026-01-20,172.54,174.9904741710472,171.53032555589198,178.45062278620242,3.4601486151552336
albemarle_equity,VMD-ARIMA,2026-01-21,180.06,178.52217463713922,175.06202602198397,181.98232325229446,3.4601486151552336
albemarle_equity,VMD-ARIMA,2026-01-22,188.32,180.79117150721638,177.33102289206113,184.25132012237162,3.4601486151552336
albemarle_equity,VMD-ARIMA,2026-01-23,189.51,182.34442809166248,178.88427947650723,185.80457670681773,3.4601486151552336
albemarle_equity,VMD-ARIMA,2026-01-26,189.75,182.64417562371776,179.1840270085625,186.104324238873,3.4601486151552336
albemarle_equity,VMD-ARIMA,2026-01-27,194.18,189.16739871237996,185.70725009722474,192.62754732753518,3.4601486151552336
albemarle_equity,VMD-ARIMA,2026-01-28,184.33,182.58725075705954,179.1271021419043,186.04739937221478,3.4601486151552336
albemarle_equity,VMD-ARIMA,2026-01-29,180.7,177.9551750695437,174.4950264543885,181.41532368469893,3.4601486151552336
albemarle_equity,VMD-ARIMA,2026-01-30,170.63,170.6108377539018,167.15068913874654,174.07098636905704,3.4601486151552336
albemarle_equity,VMD-ARIMA,2026-02-02,164.93,165.4459878552772,161.98583924012195,168.90613647043244,3.4601486151552336
albemarle_equity,VMD-ARIMA,2026-02-03,170.64,170.25202167846047,166.79187306330522,173.7121702936157,3.4601486151552336
albemarle_equity,VMD-ARIMA,2026-02-04,168.66,170.22488890376582,166.7647402886106,173.68503751892104,3.4601486151552336
albemarle_equity,VMD-ARIMA,2026-02-05,156.48,161.17841032399994,157.7182617088447,164.6385589391552,3.4601486151552336
albemarle_equity,VMD-ARIMA,2026-02-06,163.37,166.93546913194294,163.4753205167877,170.39561774709819,3.4601486151552336
albemarle_equity,VMD-ARIMA,2026-02-09,165.76,169.19745120705485,165.7373025918996,172.6575998222101,3.4601486151552336
albemarle_equity,VMD-ARIMA,2026-02-10,168.56,172.25631694989153,168.7961683347363,175.71646556504675,3.4601486151552336
albemarle_equity,VMD-ARIMA,2026-02-11,175.43,177.84489764847018,174.38474903331496,181.3050462636254,3.4601486151552336
albemarle_equity,VMD-ARIMA,2026-02-12,158.93,164.65155155091537,161.19140293576015,168.1117001660706,3.4601486151552336
albemarle_equity,VMD-ARIMA,2026-02-13,166.35,167.94529452361186,164.48514590845662,171.4054431387671,3.4601486151552336
albemarle_equity,VMD-ARIMA,2026-02-16,166.35,167.1365508916982,163.67640227654294,170.59669950685344,3.4601486151552336
albemarle_equity,VMD-ARIMA,2026-02-17,168.92,168.09251330107605,164.63236468592083,171.55266191623127,3.4601486151552336
albemarle_equity,VMD-ARIMA,2026-02-18,171.22,170.26906601773638,166.80891740258113,173.72921463289163,3.4601486151552336
albemarle_equity,VMD-ARIMA,2026-02-19,168.41,167.83185994280993,164.37171132765468,171.29200855796518,3.4601486151552336
albemarle_equity,VMD-ARIMA,2026-02-20,168.42,168.77616009102732,165.31601147587207,172.23630870618257,3.4601486151552336
albemarle_equity,VMD-ARIMA,2026-02-23,177.52,174.79680392762154,171.3366553124663,178.2569525427768,3.4601486151552336
albemarle_equity,VMD-ARIMA,2026-02-24,186.83,182.05904115426588,178.59889253911064,185.51918976942113,3.4601486151552336
albemarle_equity,VMD-ARIMA,2026-02-25,195.87,186.86695458286022,183.406805967705,190.32710319801544,3.4601486151552336
albemarle_equity,VMD-ARIMA,2026-02-26,184.93,177.0461229058302,173.58597429067498,180.50627152098542,3.4601486151552336
albemarle_equity,VMD-ARIMA,2026-02-27,178.67,174.99749797454336,171.53734935938814,178.45764658969858,3.4601486151552336
albemarle_equity,VMD-ARIMA,2026-03-02,178.18,177.16086061345118,173.70071199829596,180.6210092286064,3.4601486151552336
albemarle_equity,VMD-ARIMA,2026-03-03,164.73,167.47847520251517,164.01832658735992,170.93862381767042,3.4601486151552336
albemarle_equity,VMD-ARIMA,2026-03-04,168.35,171.4496570637547,167.98950844859945,174.90980567890995,3.4601486151552336
albemarle_equity,VMD-ARIMA,2026-03-05,163.93,164.37559426499834,160.9154456498431,167.8357428801536,3.4601486151552336
albemarle_equity,VMD-ARIMA,2026-03-06,162.29,163.17154288496292,159.71139426980767,166.63169150011817,3.4601486151552336
albemarle_equity,VMD-ARIMA,2026-03-09,169.57,168.89430820064518,165.43415958548997,172.3544568158004,3.4601486151552336
albemarle_equity,VMD-ARIMA,2026-03-10,166.54,169.5351119502672,166.074963335112,172.99526056542243,3.4601486151552336
albemarle_equity,VMD-ARIMA,2026-03-11,168.0,172.35989516833902,168.89974655318377,175.82004378349427,3.4601486151552336
albemarle_equity,VMD-ARIMA,2026-03-12,163.89,169.53296708626416,166.07281847110892,172.9931157014194,3.4601486151552336
albemarle_equity,VMD-LSTM,2025-10-10,89.86,92.76628112792969,84.56332000732422,100.96924224853515,8.202961120605465
albemarle_equity,VMD-LSTM,2025-10-13,96.34,95.40013122558594,87.19717010498047,103.6030923461914,8.202961120605465
albemarle_equity,VMD-LSTM,2025-10-14,96.24,93.78844451904297,85.5854833984375,101.99140563964843,8.202961120605465
albemarle_equity,VMD-LSTM,2025-10-15,98.16,95.05126953125,86.84830841064453,103.25423065185547,8.202961120605465
albemarle_equity,VMD-LSTM,2025-10-16,95.29,93.62551879882812,85.42255767822266,101.82847991943359,8.202961120605465
albemarle_equity,VMD-LSTM,2025-10-17,92.74,92.46646881103516,84.26350769042969,100.66942993164062,8.202961120605465
albemarle_equity,VMD-LSTM,2025-10-20,96.14,95.15824127197266,86.95528015136719,103.36120239257812,8.202961120605465
albemarle_equity,VMD-LSTM,2025-10-21,91.34,91.58391571044922,83.38095458984375,99.78687683105468,8.202961120605465
albemarle_equity,VMD-LSTM,2025-10-22,91.27,90.94378662109375,82.74082550048828,99.14674774169922,8.202961120605465
albemarle_equity,VMD-LSTM,2025-10-23,97.36,95.69149017333984,87.48852905273438,103.89445129394531,8.202961120605465
albemarle_equity,VMD-LSTM,2025-10-24,105.64,100.40352630615234,92.20056518554688,108.60648742675781,8.202961120605465
albemarle_equity,VMD-LSTM,2025-10-27,96.23,95.30929565429688,87.10633453369141,103.51225677490234,8.202961120605465
albemarle_equity,VMD-LSTM,2025-10-28,96.68,97.52974700927734,89.32678588867188,105.73270812988281,8.202961120605465
albemarle_equity,VMD-LSTM,2025-10-29,97.8,98.47473907470703,90.27177795410157,106.6777001953125,8.202961120605465
albemarle_equity,VMD-LSTM,2025-10-30,97.89,97.80393981933594,89.60097869873047,106.0069009399414,8.202961120605465
albemarle_equity,VMD-LSTM,2025-10-31,98.23,96.8631362915039,88.66017517089844,105.06609741210937,8.202961120605465
albemarle_equity,VMD-LSTM,2025-11-03,96.53,95.6326675415039,87.42970642089844,103.83562866210937,8.202961120605465
albemarle_equity,VMD-LSTM,2025-11-04,88.45,92.36121368408203,84.15825256347657,100.5641748046875,8.202961120605465
albemarle_equity,VMD-LSTM,2025-11-05,91.96,93.56149291992188,85.35853179931641,101.76445404052734,8.202961120605465
albemarle_equity,VMD-LSTM,2025-11-06,91.26,94.3608627319336,86.15790161132813,102.56382385253906,8.202961120605465
albemarle_equity,VMD-LSTM,2025-11-07,97.18,97.06756591796875,88.86460479736328,105.27052703857422,8.202961120605465
albemarle_equity,VMD-LSTM,2025-11-10,103.58,102.00739288330078,93.80443176269532,110.21035400390625,8.202961120605465
albemarle_equity,VMD-LSTM,2025-11-11,103.88,101.97696685791016,93.77400573730469,110.17992797851562,8.202961120605465
albemarle_equity,VMD-LSTM,2025-11-12,110.32,107.4964370727539,99.29347595214844,115.69939819335937,8.202961120605465
albemarle_equity,VMD-LSTM,2025-11-13,114.57,111.05154418945312,102.84858306884766,119.25450531005859,8.202961120605465
albemarle_equity,VMD-LSTM,2025-11-14,115.14,112.87293243408203,104.66997131347657,121.0758935546875,8.202961120605465
albemarle_equity,VMD-LSTM,2025-11-17,117.7,112.54259490966797,104.3396337890625,120.74555603027343,8.202961120605465
albemarle_equity,VMD-LSTM,2025-11-18,121.39,114.5161361694336,106.31317504882813,122.71909729003906,8.202961120605465
albemarle_equity,VMD-LSTM,2025-11-19,125.68,116.73003387451172,108.52707275390625,124.93299499511718,8.202961120605465
albemarle_equity,VMD-LSTM,2025-11-20,116.42,112.37796020507812,104.17499908447266,120.58092132568359,8.202961120605465
albemarle_equity,VMD-LSTM,2025-11-21,116.82,113.75474548339844,105.55178436279297,121.9577066040039,8.202961120605465
albemarle_equity,VMD-LSTM,2025-11-24,115.88,114.9210205078125,106.71805938720703,123.12398162841797,8.202961120605465
albemarle_equity,VMD-LSTM,2025-11-25,125.26,118.57147216796875,110.36851104736328,126.77443328857422,8.202961120605465
albemarle_equity,VMD-LSTM,2025-11-26,126.91,120.33476257324219,112.13180145263672,128.53772369384765,8.202961120605465
albemarle_equity,VMD-LSTM,2025-11-27,126.91,121.50513458251953,113.30217346191407,129.708095703125,8.202961120605465
albemarle_equity,VMD-LSTM,2025-11-28,129.99,124.45057678222656,116.2476156616211,132.65353790283203,8.202961120605465
albemarle_equity,VMD-LSTM,2025-12-01,128.33,123.54356384277344,115.34060272216797,131.7465249633789,8.202961120605465
albemarle_equity,VMD-LSTM,2025-12-02,128.14,124.73346710205078,116.53050598144532,132.93642822265625,8.202961120605465
albemarle_equity,VMD-LSTM,2025-12-03,126.49,125.6396713256836,117.43671020507813,133.84263244628906,8.202961120605465
albemarle_equity,VMD-LSTM,2025-12-04,119.14,121.44110107421875,113.23813995361328,129.64406219482422,8.202961120605465
albemarle_equity,VMD-LSTM,2025-12-05,125.19,123.29048919677734,115.08752807617188,131.4934503173828,8.202961120605465
albemarle_equity,VMD-LSTM,2025-12-08,127.2,123.5936508178711,115.39068969726563,131.79661193847656,8.202961120605465
albemarle_equity,VMD-LSTM,2025-12-09,129.29,122.9478530883789,114.74489196777344,131.15081420898437,8.202961120605465
albemarle_equity,VMD-LSTM,2025-12-10,133.21,125.84378051757812,117.64081939697266,134.0467416381836,8.202961120605465
albemarle_equity,VMD-LSTM,2025-12-11,134.59,126.15386199951172,117.95090087890625,134.35682312011718,8.202961120605465
albemarle_equity,VMD-LSTM,2025-12-12,132.74,126.50120544433594,118.29824432373047,134.7041665649414,8.202961120605465
albemarle_equity,VMD-LSTM,2025-12-15,132.22,127.72864532470703,119.52568420410157,135.9316064453125,8.202961120605465
albemarle_equity,VMD-LSTM,2025-12-16,131.07,127.88085174560547,119.677890625,136.08381286621093,8.202961120605465
albemarle_equity,VMD-LSTM,2025-12-17,134.71,131.30381774902344,123.10085662841797,139.5067788696289,8.202961120605465
albemarle_equity,VMD-LSTM,2025-12-18,140.48,135.07345581054688,126.87049468994141,143.27641693115234,8.202961120605465
albemarle_equity,VMD-LSTM,2025-12-19,145.88,138.17955017089844,129.97658905029297,146.3825112915039,8.202961120605465
albemarle_equity,VMD-LSTM,2025-12-22,145.38,137.2698974609375,129.06693634033203,145.47285858154297,8.202961120605465
albemarle_equity,VMD-LSTM,2025-12-23,146.7,137.70040893554688,129.4974478149414,145.90337005615234,8.202961120605465
albemarle_equity,VMD-LSTM,2025-12-24,148.51,140.85626220703125,132.65330108642578,149.05922332763672,8.202961120605465
albemarle_equity,VMD-LSTM,2025-12-29,144.58,139.3066864013672,131.10372528076172,147.50964752197265,8.202961120605465
albemarle_equity,VMD-LSTM,2025-12-30,142.01,138.7998504638672,130.59688934326172,147.00281158447265,8.202961120605465
albemarle_equity,VMD-LSTM,2025-12-31,141.44,139.51048278808594,131.30752166748047,147.7134439086914,8.202961120605465
albemarle_equity,VMD-LSTM,2026-01-02,143.93,139.50303649902344,131.30007537841797,147.7059976196289,8.202961120605465
albemarle_equity,VMD-LSTM,2026-01-05,146.13,141.6635284423828,133.46056732177735,149.86648956298828,8.202961120605465
albemarle_equity,VMD-LSTM,2026-01-06,158.15,151.75540161132812,143.55244049072266,159.9583627319336,8.202961120605465
albemarle_equity,VMD-LSTM,2026-01-07,161.57,155.64044189453125,147.43748077392578,163.84340301513672,8.202961120605465
albemarle_equity,VMD-LSTM,2026-01-08,158.31,156.2999267578125,148.09696563720703,164.50288787841797,8.202961120605465
albemarle_equity,VMD-LSTM,2026-01-09,161.29,158.90211486816406,150.6991537475586,167.10507598876953,8.202961120605465
albemarle_equity,VMD-LSTM,2026-01-12,169.33,163.62271118164062,155.41975006103516,171.8256723022461,8.202961120605465
albemarle_equity,VMD-LSTM,2026-01-13,176.88,166.9229278564453,158.71996673583985,175.12588897705078,8.202961120605465
albemarle_equity,VMD-LSTM,2026-01-14,177.55,166.10479736328125,157.90183624267578,174.30775848388672,8.202961120605465
albemarle_equity,VMD-LSTM,2026-01-15,173.78,164.17478942871094,155.97182830810547,172.3777505493164,8.202961120605465
albemarle_equity,VMD-LSTM,2026-01-16,163.04,161.04483032226562,152.84186920166016,169.2477914428711,8.202961120605465
albemarle_equity,VMD-LSTM,2026-01-19,163.04,162.09384155273438,153.8908804321289,170.29680267333984,8.202961120605465
albemarle_equity,VMD-LSTM,2026-01-20,172.54,169.41635131835938,161.2133901977539,177.61931243896484,8.202961120605465
albemarle_equity,VMD-LSTM,2026-01-21,180.06,171.88768005371094,163.68471893310547,180.0906411743164,8.202961120605465
albemarle_equity,VMD-LSTM,2026-01-22,188.32,174.78970336914062,166.58674224853516,182.9926644897461,8.202961120605465
albemarle_equity,VMD-LSTM,2026-01-23,189.51,176.85194396972656,168.6489828491211,185.05490509033203,8.202961120605465
albemarle_equity,VMD-LSTM,2026-01-26,189.75,177.5458526611328,169.34289154052735,185.74881378173828,8.202961120605465
albemarle_equity,VMD-LSTM,2026-01-27,194.18,184.19256591796875,175.98960479736328,192.39552703857422,8.202961120605465
albemarle_equity,VMD-LSTM,2026-01-28,184.33,179.174072265625,170.97111114501953,187.37703338623047,8.202961120605465
albemarle_equity,VMD-LSTM,2026-01-29,180.7,176.2890625,168.08610137939453,184.49202362060547,8.202961120605465
albemarle_equity,VMD-LSTM,2026-01-30,170.63,168.06256103515625,159.85959991455078,176.26552215576172,8.202961120605465
albemarle_equity,VMD-LSTM,2026-02-02,164.93,162.49583435058594,154.29287322998047,170.6987954711914,8.202961120605465
albemarle_equity,VMD-LSTM,2026-02-03,170.64,167.20892333984375,159.00596221923828,175.41188446044922,8.202961120605465
albemarle_equity,VMD-LSTM,2026-02-04,168.66,166.87498474121094,158.67202362060547,175.0779458618164,8.202961120605465
albemarle_equity,VMD-LSTM,2026-02-05,156.48,159.3186492919922,151.11568817138672,167.52161041259765,8.202961120605465
albemarle_equity,VMD-LSTM,2026-02-06,163.37,165.05018615722656,156.8472250366211,173.25314727783203,8.202961120605465
albemarle_equity,VMD-LSTM,2026-02-09,165.76,165.49598693847656,157.2930258178711,173.69894805908203,8.202961120605465
albemarle_equity,VMD-LSTM,2026-02-10,168.56,168.3777618408203,160.17480072021485,176.58072296142578,8.202961120605465
albemarle_equity,VMD-LSTM,2026-02-11,175.43,173.64187622070312,165.43891510009766,181.8448373413086,8.202961120605465
albemarle_equity,VMD-LSTM,2026-02-12,158.93,162.43194580078125,154.22898468017578,170.63490692138672,8.202961120605465
albemarle_equity,VMD-LSTM,2026-02-13,166.35,165.05694580078125,156.85398468017578,173.25990692138672,8.202961120605465
albemarle_equity,VMD-LSTM,2026-02-16,166.35,162.26380920410156,154.0608480834961,170.46677032470703,8.202961120605465
albemarle_equity,VMD-LSTM,2026-02-17,168.92,163.12867736816406,154.9257162475586,171.33163848876953,8.202961120605465
albemarle_equity,VMD-LSTM,2026-02-18,171.22,165.28457641601562,157.08161529541016,173.4875375366211,8.202961120605465
albemarle_equity,VMD-LSTM,2026-02-19,168.41,164.01429748535156,155.8113363647461,172.21725860595703,8.202961120605465
albemarle_equity,VMD-LSTM,2026-02-20,168.42,164.9527587890625,156.74979766845703,173.15571990966797,8.202961120605465
albemarle_equity,VMD-LSTM,2026-02-23,177.52,169.51220703125,161.30924591064453,177.71516815185547,8.202961120605465
albemarle_equity,VMD-LSTM,2026-02-24,186.83,176.09678649902344,167.89382537841797,184.2997476196289,8.202961120605465
albemarle_equity,VMD-LSTM,2026-02-25,195.87,180.4145050048828,172.21154388427735,188.61746612548828,8.202961120605465
albemarle_equity,VMD-LSTM,2026-02-26,184.93,172.9421844482422,164.73922332763672,181.14514556884765,8.202961120605465
albemarle_equity,VMD-LSTM,2026-02-27,178.67,173.31698608398438,165.1140249633789,181.51994720458984,8.202961120605465
albemarle_equity,VMD-LSTM,2026-03-02,178.18,174.6838836669922,166.48092254638672,182.88684478759765,8.202961120605465
albemarle_equity,VMD-LSTM,2026-03-03,164.73,164.92250061035156,156.7195394897461,173.12546173095703,8.202961120605465
albemarle_equity,VMD-LSTM,2026-03-04,168.35,168.53553771972656,160.3325765991211,176.73849884033203,8.202961120605465
albemarle_equity,VMD-LSTM,2026-03-05,163.93,162.2028045654297,153.99984344482422,170.40576568603515,8.202961120605465
albemarle_equity,VMD-LSTM,2026-03-06,162.29,160.6407928466797,152.43783172607422,168.84375396728515,8.202961120605465
albemarle_equity,VMD-LSTM,2026-03-09,169.57,166.61996459960938,158.4170034790039,174.82292572021484,8.202961120605465
albemarle_equity,VMD-LSTM,2026-03-10,166.54,168.33514404296875,160.13218292236328,176.53810516357422,8.202961120605465
albemarle_equity,VMD-LSTM,2026-03-11,168.0,170.47874450683594,162.27578338623047,178.6817056274414,8.202961120605465
albemarle_equity,VMD-LSTM,2026-03-12,163.89,168.1303253173828,159.92736419677735,176.33328643798828,8.202961120605465
ganfeng_equity,ARIMA,2025-10-10,8.961,9.50962919232174,8.985703664275693,10.033554720367786,0.5239255280460453
ganfeng_equity,ARIMA,2025-10-13,9.78,9.0493696983897,8.525444170343654,9.573295226435746,0.5239255280460453
ganfeng_equity,ARIMA,2025-10-14,9.599,9.86523208661369,9.341306558567645,10.389157614659734,0.5239255280460453
ganfeng_equity,ARIMA,2025-10-15,9.287,9.73199648590288,9.208070957856833,10.255922013948926,0.5239255280460453
ganfeng_equity,ARIMA,2025-10-16,9.12,9.365976174811678,8.842050646765632,9.889901702857724,0.5239255280460453
ganfeng_equity,ARIMA,2025-10-17,8.554,9.273943924638694,8.750018396592647,9.79786945268474,0.5239255280460453
ganfeng_equity,ARIMA,2025-10-20,8.524,8.690103730245992,8.166178202199948,9.214029258292037,0.5239255280460453
ganfeng_equity,ARIMA,2025-10-21,8.648,8.652434827757952,8.128509299711908,9.176360355803997,0.5239255280460453
ganfeng_equity,ARIMA,2025-10-22,8.53,8.773020074927183,8.249094546881139,9.296945602973228,0.5239255280460453
ganfeng_equity,ARIMA,2025-10-23,9.009,8.608510927830173,8.084585399784128,9.132436455876217,0.5239255280460453
ganfeng_equity,ARIMA,2025-10-24,9.03,9.088782613861818,8.564857085815774,9.612708141907863,0.5239255280460453
ganfeng_equity,ARIMA,2025-10-27,9.216,9.107118362884215,8.583192834838169,9.631043890930261,0.5239255280460453
ganfeng_equity,ARIMA,2025-10-28,9.111,9.272608476903578,8.748682948857532,9.796534004949624,0.5239255280460453
ganfeng_equity,ARIMA,2025-10-29,9.679,9.19914964781001,8.675224119763964,9.723075175856057,0.5239255280460453
ganfeng_equity,ARIMA,2025-10-30,10.179,9.759090142551404,9.235164614505358,10.28301567059745,0.5239255280460453
ganfeng_equity,ARIMA,2025-10-31,9.698,10.25769635506914,9.733770827023093,10.781621883115186,0.5239255280460453
ganfeng_equity,ARIMA,2025-11-03,9.595,9.746443742424956,9.222518214378912,10.270369270471,0.5239255280460453
ganfeng_equity,ARIMA,2025-11-04,9.278,9.69036454952046,9.166439021474414,10.214290077566506,0.5239255280460453
ganfeng_equity,ARIMA,2025-11-05,9.374,9.414773770712785,8.890848242666738,9.93869929875883,0.5239255280460453
ganfeng_equity,ARIMA,2025-11-06,9.836,9.476334642148522,8.952409114102476,10.000260170194569,0.5239255280460453
ganfeng_equity,ARIMA,2025-11-07,9.827,9.93391961936501,9.409994091318964,10.457845147411057,0.5239255280460453
ganfeng_equity,ARIMA,2025-11-10,9.743,9.88701728814221,9.363091760096165,10.410942816188257,0.5239255280460453
ganfeng_equity,ARIMA,2025-11-11,9.518,9.80562481844164,9.281699290395593,10.329550346487686,0.5239255280460453
ganfeng_equity,ARIMA,2025-11-12,9.544,9.616382291557654,9.09245676351161,10.140307819603699,0.5239255280460453
ganfeng_equity,ARIMA,2025-11-13,10.201,9.641893625780071,9.117968097734025,10.165819153826117,0.5239255280460453
ganfeng_equity,ARIMA,2025-11-14,9.704,10.289447494294572,9.765521966248528,10.813373022340617,0.5239255280460453
ganfeng_equity,ARIMA,2025-11-17,10.417,9.762494170044327,9.238568641998281,10.286419698090373,0.5239255280460453
ganfeng_equity,ARIMA,2025-11-18,9.838,10.474197587516962,9.950272059470915,10.998123115563008,0.5239255280460453
ganfeng_equity,ARIMA,2025-11-19,10.213,9.938562674564658,9.414637146518611,10.462488202610704,0.5239255280460453
ganfeng_equity,ARIMA,2025-11-20,10.015,10.267250337016563,9.743324808970517,10.791175865062609,0.5239255280460453
ganfeng_equity,ARIMA,2025-11-21,9.025,10.129642345914876,9.605716817868831,10.65356787396092,0.5239255280460453
ganfeng_equity,ARIMA,2025-11-24,8.258,9.093984963562596,8.570059435516551,9.61791049160864,0.5239255280460453
ganfeng_equity,ARIMA,2025-11-25,8.596,8.394740809658392,7.870815281612347,8.918666337704437,0.5239255280460453
ganfeng_equity,ARIMA,2025-11-26,8.639,8.74178347506697,8.217857947020924,9.265709003113017,0.5239255280460453
ganfeng_equity,ARIMA,2025-11-27,8.655,8.714518497365123,8.190592969319077,9.23844402541117,0.5239255280460453
ganfeng_equity,ARIMA,2025-11-28,8.841,8.67486906634127,8.150943538295223,9.198794594387316,0.5239255280460453
ganfeng_equity,ARIMA,2025-12-01,8.845,8.889391478866786,8.365465950820742,9.41331700691283,0.5239255280460453
ganfeng_equity,ARIMA,2025-12-02,8.694,8.886818149864329,8.362892621818283,9.410743677910375,0.5239255280460453
ganfeng_equity,ARIMA,2025-12-03,8.474,8.735008799737026,8.211083271690981,9.25893432778307,0.5239255280460453
ganfeng_equity,ARIMA,2025-12-04,8.459,8.533992660255102,8.010067132209056,9.057918188301148,0.5239255280460453
ganfeng_equity,ARIMA,2025-12-05,8.442,8.524330547788548,8.000405019742502,9.048256075834594,0.5239255280460453
ganfeng_equity,ARIMA,2025-12-08,8.908,8.499265030723327,7.975339502677282,9.023190558769372,0.5239255280460453
ganfeng_equity,ARIMA,2025-12-09,8.849,8.94490531843287,8.420979790386824,9.468830846478916,0.5239255280460453
ganfeng_equity,ARIMA,2025-12-10,8.965,8.87603886525778,8.352113337211733,9.399964393303826,0.5239255280460453
ganfeng_equity,ARIMA,2025-12-11,8.925,8.982918885590049,8.458993357544003,9.506844413636095,0.5239255280460453
ganfeng_equity,ARIMA,2025-12-12,8.689,8.976393725373061,8.452468197327015,9.500319253419107,0.5239255280460453
ganfeng_equity,ARIMA,2025-12-15,8.542,8.732339441540958,8.208413913494912,9.256264969587004,0.5239255280460453
ganfeng_equity,ARIMA,2025-12-16,8.521,8.602640543780836,8.07871501573479,9.126566071826883,0.5239255280460453
ganfeng_equity,ARIMA,2025-12-17,8.943,8.583953673242853,8.060028145196807,9.107879201288899,0.5239255280460453
ganfeng_equity,ARIMA,2025-12-18,8.875,8.985733086640774,8.461807558594728,9.50965861468682,0.5239255280460453
ganfeng_equity,ARIMA,2025-12-19,9.115,8.899489468934243,8.375563940888199,9.423414996980288,0.5239255280460453
ganfeng_equity,ARIMA,2025-12-22,9.276,9.130717037760133,8.606791509714089,9.654642565806178,0.5239255280460453
ganfeng_equity,ARIMA,2025-12-23,9.442,9.316538939059209,8.792613411013164,9.840464467105253,0.5239255280460453
ganfeng_equity,ARIMA,2025-12-24,9.522,9.462879812655377,8.93895428460933,9.986805340701423,0.5239255280460453
ganfeng_equity,ARIMA,2025-12-29,9.324,9.55430738057784,9.030381852531793,10.078232908623885,0.5239255280460453
ganfeng_equity,ARIMA,2025-12-30,9.169,9.363299696280912,8.839374168234865,9.887225224326958,0.5239255280460453
ganfeng_equity,ARIMA,2025-12-31,8.993,9.224376125059836,8.700450597013791,9.74830165310588,0.5239255280460453
ganfeng_equity,ARIMA,2026-01-02,8.993,9.061252449719504,8.537326921673458,9.58517797776555,0.5239255280460453
ganfeng_equity,ARIMA,2026-01-05,9.209,9.051576695364105,8.527651167318059,9.575502223410151,0.5239255280460453
ganfeng_equity,ARIMA,2026-01-06,9.58,9.257246328698788,8.733320800652741,9.781171856744834,0.5239255280460453
ganfeng_equity,ARIMA,2026-01-07,9.502,9.605661561138252,9.081736033092206,10.129587089184298,0.5239255280460453
ganfeng_equity,ARIMA,2026-01-08,9.311,9.51766194238674,8.993736414340695,10.041587470432784,0.5239255280460453
ganfeng_equity,ARIMA,2026-01-09,9.372,9.34094075915591,8.817015231109863,9.864866287201956,0.5239255280460453
ganfeng_equity,ARIMA,2026-01-12,9.748,9.432198516224863,8.908272988178819,9.956124044270908,0.5239255280460453
ganfeng_equity,ARIMA,2026-01-13,10.147,9.794631409824593,9.270705881778547,10.318556937870639,0.5239255280460453
ganfeng_equity,ARIMA,2026-01-14,9.904,10.164596774290025,9.64067124624398,10.688522302336072,0.5239255280460453
ganfeng_equity,ARIMA,2026-01-15,10.336,9.915510388786231,9.391584860740185,10.439435916832277,0.5239255280460453
ganfeng_equity,ARIMA,2026-01-16,9.931,10.36820704157551,9.844281513529463,10.892132569621555,0.5239255280460453
ganfeng_equity,ARIMA,2026-01-19,9.747,9.988177556922558,9.464252028876512,10.512103084968604,0.5239255280460453
ganfeng_equity,ARIMA,2026-01-20,9.767,9.787089153058023,9.263163625011977,10.31101468110407,0.5239255280460453
ganfeng_equity,ARIMA,2026-01-21,10.104,9.852468835495321,9.328543307449277,10.376394363541365,0.5239255280460453
ganfeng_equity,ARIMA,2026-01-22,10.018,10.15103452345809,9.627108995412044,10.674960051504137,0.5239255280460453
ganfeng_equity,ARIMA,2026-01-23,10.609,10.04824514401411,9.524319615968064,10.572170672060157,0.5239255280460453
ganfeng_equity,ARIMA,2026-01-26,10.589,10.629907689373916,10.10598216132787,11.153833217419962,0.5239255280460453
ganfeng_equity,ARIMA,2026-01-27,10.484,10.622078366663006,10.098152838616961,11.14600389470905,0.5239255280460453
ganfeng_equity,ARIMA,2026-01-28,10.705,10.499458958631362,9.975533430585315,11.023384486677408,0.5239255280460453
ganfeng_equity,ARIMA,2026-01-29,10.617,10.765540133396573,10.241614605350527,11.28946566144262,0.5239255280460453
ganfeng_equity,ARIMA,2026-01-30,9.869,10.666843540228859,10.142918012182815,11.190769068274903,0.5239255280460453
ganfeng_equity,ARIMA,2026-02-02,9.491,9.920846653622032,9.396921125575986,10.444772181668078,0.5239255280460453
ganfeng_equity,ARIMA,2026-02-03,9.787,9.584504181897621,9.060578653851575,10.108429709943668,0.5239255280460453
ganfeng_equity,ARIMA,2026-02-04,9.674,9.887082685260403,9.363157157214356,10.411008213306449,0.5239255280460453
ganfeng_equity,ARIMA,2026-02-05,9.068,9.718670069031358,9.194744540985312,10.242595597077404,0.5239255280460453
ganfeng_equity,ARIMA,2026-02-06,9.332,9.09812318681106,8.574197658765016,9.622048714857105,0.5239255280460453
ganfeng_equity,ARIMA,2026-02-09,9.415,9.399164205495456,8.87523867744941,9.923089733541502,0.5239255280460453
ganfeng_equity,ARIMA,2026-02-10,9.41,9.471667834646059,8.947742306600013,9.995593362692105,0.5239255280460453
ganfeng_equity,ARIMA,2026-02-11,9.642,9.416088387777918,8.892162859731872,9.940013915823965,0.5239255280460453
ganfeng_equity,ARIMA,2026-02-12,9.683,9.66904417592604,9.145118647879993,10.192969703972086,0.5239255280460453
ganfeng_equity,ARIMA,2026-02-13,9.6,9.706421512552577,9.18249598450653,10.230347040598623,0.5239255280460453
ganfeng_equity,ARIMA,2026-02-16,9.6,9.618986024431987,9.09506049638594,10.142911552478033,0.5239255280460453
ganfeng_equity,ARIMA,2026-02-17,9.6,9.637593349394137,9.113667821348091,10.161518877440184,0.5239255280460453
ganfeng_equity,ARIMA,2026-02-18,9.6,9.63921376231971,9.115288234273663,10.163139290365756,0.5239255280460453
ganfeng_equity,ARIMA,2026-02-19,9.6,9.632462022444665,9.10853649439862,10.15638755049071,0.5239255280460453
ganfeng_equity,ARIMA,2026-02-20,9.6,9.632954658741095,9.109029130695049,10.156880186787141,0.5239255280460453
ganfeng_equity,ARIMA,2026-02-23,9.6,9.632477759751545,9.108552231705499,10.156403287797591,0.5239255280460453
ganfeng_equity,ARIMA,2026-02-24,10.169,9.632137486225329,9.108211958179282,10.156063014271375,0.5239255280460453
ganfeng_equity,ARIMA,2026-02-25,10.384,10.19206627105995,9.668140743013904,10.715991799105996,0.5239255280460453
ganfeng_equity,ARIMA,2026-02-26,10.651,10.389914811789193,9.865989283743147,10.91384033983524,0.5239255280460453
ganfeng_equity,ARIMA,2026-02-27,10.659,10.638542942647401,10.114617414601355,11.162468470693447,0.5239255280460453
ganfeng_equity,ARIMA,2026-03-02,10.453,10.679395930340295,10.155470402294249,11.203321458386341,0.5239255280460453
ganfeng_equity,ARIMA,2026-03-03,9.75,10.482292806435495,9.95836727838945,11.006218334481542,0.5239255280460453
ganfeng_equity,ARIMA,2026-03-04,9.699,9.813293366908802,9.289367838862756,10.337218894954848,0.5239255280460453
ganfeng_equity,ARIMA,2026-03-05,9.74,9.780581953667568,9.256656425621522,10.304507481713614,0.5239255280460453
ganfeng_equity,ARIMA,2026-03-06,9.554,9.817301276320705,9.29337574827466,10.341226804366752,0.5239255280460453
ganfeng_equity,ARIMA,2026-03-09,9.811,9.582573496833433,9.058647968787387,10.10649902487948,0.5239255280460453
ganfeng_equity,ARIMA,2026-03-10,10.037,9.8420405835323,9.318115055486256,10.365966111578345,0.5239255280460453
ganfeng_equity,ARIMA,2026-03-11,10.221,10.063656956346739,9.539731428300694,10.587582484392783,0.5239255280460453
ganfeng_equity,ARIMA,2026-03-12,10.118,10.220693381339371,9.696767853293327,10.744618909385416,0.5239255280460453
ganfeng_equity,CEEMDAN-ARIMA,2025-10-10,8.961,9.244474230014722,8.492154847120801,9.996793612908643,0.7523193828939219
ganfeng_equity,CEEMDAN-ARIMA,2025-10-13,9.78,9.428044001566294,8.675724618672373,10.180363384460215,0.7523193828939219
ganfeng_equity,CEEMDAN-ARIMA,2025-10-14,9.599,9.56710337278647,8.814783989892547,10.319422755680392,0.7523193828939219
ganfeng_equity,CEEMDAN-ARIMA,2025-10-15,9.287,9.402729547808544,8.650410164914621,10.155048930702467,0.7523193828939219
ganfeng_equity,CEEMDAN-ARIMA,2025-10-16,9.12,9.121794930296833,8.36947554740291,9.874114313190756,0.7523193828939219
ganfeng_equity,CEEMDAN-ARIMA,2025-10-17,8.554,8.676749992851477,7.924430609957555,9.4290693757454,0.7523193828939219
ganfeng_equity,CEEMDAN-ARIMA,2025-10-20,8.524,8.599867670704723,7.847548287810802,9.352187053598644,0.7523193828939219
ganfeng_equity,CEEMDAN-ARIMA,2025-10-21,8.648,8.643139848646726,7.890820465752804,9.395459231540649,0.7523193828939219
ganfeng_equity,CEEMDAN-ARIMA,2025-10-22,8.53,8.700077003157173,7.947757620263251,9.452396386051095,0.7523193828939219
ganfeng_equity,CEEMDAN-ARIMA,2025-10-23,9.009,8.870434399163686,8.118115016269766,9.622753782057607,0.7523193828939219
ganfeng_equity,CEEMDAN-ARIMA,2025-10-24,9.03,9.070176601889518,8.317857218995595,9.82249598478344,0.7523193828939219
ganfeng_equity,CEEMDAN-ARIMA,2025-10-27,9.216,9.141466888170418,8.389147505276497,9.89378627106434,0.7523193828939219
ganfeng_equity,CEEMDAN-ARIMA,2025-10-28,9.111,9.149359515939617,8.397040133045696,9.901678898833538,0.7523193828939219
ganfeng_equity,CEEMDAN-ARIMA,2025-10-29,9.679,9.567956423230893,8.81563704033697,10.320275806124815,0.7523193828939219
ganfeng_equity,CEEMDAN-ARIMA,2025-10-30,10.179,9.906880193289311,9.154560810395388,10.659199576183234,0.7523193828939219
ganfeng_equity,CEEMDAN-ARIMA,2025-10-31,9.698,9.830026266102927,9.077706883209004,10.58234564899685,0.7523193828939219
ganfeng_equity,CEEMDAN-ARIMA,2025-11-03,9.595,9.648243437147913,8.895924054253992,10.400562820041834,0.7523193828939219
ganfeng_equity,CEEMDAN-ARIMA,2025-11-04,9.278,9.63740687840528,8.885087495511357,10.389726261299202,0.7523193828939219
ganfeng_equity,CEEMDAN-ARIMA,2025-11-05,9.374,9.802209914953304,9.049890532059383,10.554529297847225,0.7523193828939219
ganfeng_equity,CEEMDAN-ARIMA,2025-11-06,9.836,9.950362796122139,9.198043413228216,10.702682179016062,0.7523193828939219
ganfeng_equity,CEEMDAN-ARIMA,2025-11-07,9.827,9.844574511964453,9.09225512907053,10.596893894858376,0.7523193828939219
ganfeng_equity,CEEMDAN-ARIMA,2025-11-10,9.743,9.732814230481885,8.980494847587963,10.485133613375808,0.7523193828939219
ganfeng_equity,CEEMDAN-ARIMA,2025-11-11,9.518,9.705315832324104,8.95299644943018,10.457635215218026,0.7523193828939219
ganfeng_equity,CEEMDAN-ARIMA,2025-11-12,9.544,9.858403974345894,9.106084591451971,10.610723357239817,0.7523193828939219
ganfeng_equity,CEEMDAN-ARIMA,2025-11-13,10.201,10.115284952641328,9.362965569747406,10.867604335535251,0.7523193828939219
ganfeng_equity,CEEMDAN-ARIMA,2025-11-14,9.704,10.062139081114367,9.309819698220444,10.81445846400829,0.7523193828939219
ganfeng_equity,CEEMDAN-ARIMA,2025-11-17,10.417,10.159116991433532,9.406797608539609,10.911436374327455,0.7523193828939219
ganfeng_equity,CEEMDAN-ARIMA,2025-11-18,9.838,10.11491621056771,9.362596827673787,10.867235593461633,0.7523193828939219
ganfeng_equity,CEEMDAN-ARIMA,2025-11-19,10.213,10.089458615441458,9.337139232547536,10.841777998335381,0.7523193828939219
ganfeng_equity,CEEMDAN-ARIMA,2025-11-20,10.015,9.658488995628328,8.906169612734406,10.410808378522251,0.7523193828939219
ganfeng_equity,CEEMDAN-ARIMA,2025-11-21,9.025,9.022645895753186,8.270326512859263,9.774965278647109,0.7523193828939219
ganfeng_equity,CEEMDAN-ARIMA,2025-11-24,8.258,8.516669598129054,7.764350215235132,9.268988981022975,0.7523193828939219
ganfeng_equity,CEEMDAN-ARIMA,2025-11-25,8.596,8.452947150470928,7.700627767577006,9.20526653336485,0.7523193828939219
ganfeng_equity,CEEMDAN-ARIMA,2025-11-26,8.639,8.535779135227266,7.783459752333344,9.288098518121188,0.7523193828939219
ganfeng_equity,CEEMDAN-ARIMA,2025-11-27,8.655,8.539712940322879,7.787393557428957,9.292032323216802,0.7523193828939219
ganfeng_equity,CEEMDAN-ARIMA,2025-11-28,8.841,8.616919718676305,7.8646003357823835,9.369239101570226,0.7523193828939219
ganfeng_equity,CEEMDAN-ARIMA,2025-12-01,8.845,8.504079854220965,7.751760471327043,9.256399237114888,0.7523193828939219
ganfeng_equity,CEEMDAN-ARIMA,2025-12-02,8.694,8.458877698866024,7.706558315972102,9.211197081759945,0.7523193828939219
ganfeng_equity,CEEMDAN-ARIMA,2025-12-03,8.474,8.27793797753761,7.525618594643688,9.03025736043153,0.7523193828939219
ganfeng_equity,CEEMDAN-ARIMA,2025-12-04,8.459,8.356012775559615,7.603693392665693,9.108332158453535,0.7523193828939219
ganfeng_equity,CEEMDAN-ARIMA,2025-12-05,8.442,8.426964339232082,7.6746449563381605,9.179283722126005,0.7523193828939219
ganfeng_equity,CEEMDAN-ARIMA,2025-12-08,8.908,8.76558602175498,8.013266638861058,9.517905404648904,0.7523193828939219
ganfeng_equity,CEEMDAN-ARIMA,2025-12-09,8.849,9.004098696213456,8.251779313319535,9.756418079107377,0.7523193828939219
ganfeng_equity,CEEMDAN-ARIMA,2025-12-10,8.965,9.028532863620441,8.276213480726518,9.780852246514364,0.7523193828939219
ganfeng_equity,CEEMDAN-ARIMA,2025-12-11,8.925,8.934228126147303,8.18190874325338,9.686547509041226,0.7523193828939219
ganfeng_equity,CEEMDAN-ARIMA,2025-12-12,8.689,8.75523481697761,8.00291543408369,9.507554199871532,0.7523193828939219
ganfeng_equity,CEEMDAN-ARIMA,2025-12-15,8.542,8.704630233512447,7.952310850618525,9.45694961640637,0.7523193828939219
ganfeng_equity,CEEMDAN-ARIMA,2025-12-16,8.521,8.699353371345156,7.947033988451234,9.451672754239077,0.7523193828939219
ganfeng_equity,CEEMDAN-ARIMA,2025-12-17,8.943,8.93549085060566,8.183171467711738,9.687810233499583,0.7523193828939219
ganfeng_equity,CEEMDAN-ARIMA,2025-12-18,8.875,9.109316947847782,8.356997564953861,9.861636330741703,0.7523193828939219
ganfeng_equity,CEEMDAN-ARIMA,2025-12-19,9.115,9.280199772066942,8.52788038917302,10.032519154960863,0.7523193828939219
ganfeng_equity,CEEMDAN-ARIMA,2025-12-22,9.276,9.34898508427312,8.596665701379198,10.101304467167044,0.7523193828939219
ganfeng_equity,CEEMDAN-ARIMA,2025-12-23,9.442,9.462124472888132,8.709805089994209,10.214443855782054,0.7523193828939219
ganfeng_equity,CEEMDAN-ARIMA,2025-12-24,9.522,9.376671487293553,8.62435210439963,10.128990870187476,0.7523193828939219
ganfeng_equity,CEEMDAN-ARIMA,2025-12-29,9.324,9.274015112375157,8.521695729481234,10.02633449526908,0.7523193828939219
ganfeng_equity,CEEMDAN-ARIMA,2025-12-30,9.169,9.230361906149692,8.47804252325577,9.982681289043615,0.7523193828939219
ganfeng_equity,CEEMDAN-ARIMA,2025-12-31,8.993,9.267785774720885,8.515466391826962,10.020105157614807,0.7523193828939219
ganfeng_equity,CEEMDAN-ARIMA,2026-01-02,8.993,9.47825462147751,8.725935238583588,10.23057400437143,0.7523193828939219
ganfeng_equity,CEEMDAN-ARIMA,2026-01-05,9.209,9.625560269934308,8.873240887040385,10.37787965282823,0.7523193828939219
ganfeng_equity,CEEMDAN-ARIMA,2026-01-06,9.58,9.743198273922696,8.990878891028775,10.495517656816617,0.7523193828939219
ganfeng_equity,CEEMDAN-ARIMA,2026-01-07,9.502,9.658836026634537,8.906516643740616,10.411155409528458,0.7523193828939219
ganfeng_equity,CEEMDAN-ARIMA,2026-01-08,9.311,9.570445150184767,8.818125767290844,10.32276453307869,0.7523193828939219
ganfeng_equity,CEEMDAN-ARIMA,2026-01-09,9.372,9.6970949462588,8.944775563364878,10.44941432915272,0.7523193828939219
ganfeng_equity,CEEMDAN-ARIMA,2026-01-12,9.748,10.003063525736845,9.250744142842922,10.755382908630768,0.7523193828939219
ganfeng_equity,CEEMDAN-ARIMA,2026-01-13,10.147,10.150990438049721,9.398671055155798,10.903309820943644,0.7523193828939219
ganfeng_equity,CEEMDAN-ARIMA,2026-01-14,9.904,10.248212959952612,9.495893577058691,11.000532342846533,0.7523193828939219
ganfeng_equity,CEEMDAN-ARIMA,2026-01-15,10.336,10.365427364866273,9.613107981972352,11.117746747760194,0.7523193828939219
ganfeng_equity,CEEMDAN-ARIMA,2026-01-16,9.931,10.25338120290279,9.501061820008868,11.005700585796713,0.7523193828939219
ganfeng_equity,CEEMDAN-ARIMA,2026-01-19,9.747,10.147873060334602,9.395553677440681,10.900192443228523,0.7523193828939219
ganfeng_equity,CEEMDAN-ARIMA,2026-01-20,9.767,10.193970676649586,9.441651293755665,10.946290059543507,0.7523193828939219
ganfeng_equity,CEEMDAN-ARIMA,2026-01-21,10.104,10.326295665176843,9.57397628228292,11.078615048070766,0.7523193828939219
ganfeng_equity,CEEMDAN-ARIMA,2026-01-22,10.018,10.427204449051743,9.67488506615782,11.179523831945666,0.7523193828939219
ganfeng_equity,CEEMDAN-ARIMA,2026-01-23,10.609,10.714740126374275,9.962420743480354,11.467059509268196,0.7523193828939219
ganfeng_equity,CEEMDAN-ARIMA,2026-01-26,10.589,10.816027877221558,10.063708494327635,11.56834726011548,0.7523193828939219
ganfeng_equity,CEEMDAN-ARIMA,2026-01-27,10.484,10.888108854962958,10.135789472069035,11.64042823785688,0.7523193828939219
ganfeng_equity,CEEMDAN-ARIMA,2026-01-28,10.705,10.87423843692861,10.121919054034688,11.626557819822533,0.7523193828939219
ganfeng_equity,CEEMDAN-ARIMA,2026-01-29,10.617,10.677990989486087,9.925671606592164,11.43031037238001,0.7523193828939219
ganfeng_equity,CEEMDAN-ARIMA,2026-01-30,9.869,10.265596486819286,9.513277103925365,11.017915869713207,0.7523193828939219
ganfeng_equity,CEEMDAN-ARIMA,2026-02-02,9.491,10.064481826804805,9.312162443910882,10.816801209698728,0.7523193828939219
ganfeng_equity,CEEMDAN-ARIMA,2026-02-03,9.787,10.033491021669121,9.281171638775199,10.785810404563044,0.7523193828939219
ganfeng_equity,CEEMDAN-ARIMA,2026-02-04,9.674,9.887781518249977,9.135462135356054,10.6401009011439,0.7523193828939219
ganfeng_equity,CEEMDAN-ARIMA,2026-02-05,9.068,9.625099140313202,8.87277975741928,10.377418523207123,0.7523193828939219
ganfeng_equity,CEEMDAN-ARIMA,2026-02-06,9.332,9.504572232551135,8.752252849657214,10.256891615445056,0.7523193828939219
ganfeng_equity,CEEMDAN-ARIMA,2026-02-09,9.415,9.622342361884389,8.870022978990466,10.374661744778312,0.7523193828939219
ganfeng_equity,CEEMDAN-ARIMA,2026-02-10,9.41,9.672074927358373,8.91975554446445,10.424394310252296,0.7523193828939219
ganfeng_equity,CEEMDAN-ARIMA,2026-02-11,9.642,9.877185876675647,9.124866493781724,10.62950525956957,0.7523193828939219
ganfeng_equity,CEEMDAN-ARIMA,2026-02-12,9.683,9.908754603459148,9.156435220565225,10.66107398635307,0.7523193828939219
ganfeng_equity,CEEMDAN-ARIMA,2026-02-13,9.6,9.970530327471604,9.218210944577681,10.722849710365526,0.7523193828939219
ganfeng_equity,CEEMDAN-ARIMA,2026-02-16,9.6,9.957185877665495,9.204866494771572,10.709505260559418,0.7523193828939219
ganfeng_equity,CEEMDAN-ARIMA,2026-02-17,9.6,10.002745774455635,9.250426391561714,10.755065157349556,0.7523193828939219
ganfeng_equity,CEEMDAN-ARIMA,2026-02-18,9.6,10.005154862726936,9.252835479833013,10.757474245620859,0.7523193828939219
ganfeng_equity,CEEMDAN-ARIMA,2026-02-19,9.6,10.013990163240788,9.261670780346865,10.76630954613471,0.7523193828939219
ganfeng_equity,CEEMDAN-ARIMA,2026-02-20,9.6,9.99523455440354,9.242915171509619,10.747553937297461,0.7523193828939219
ganfeng_equity,CEEMDAN-ARIMA,2026-02-23,9.6,10.044253100244106,9.291933717350183,10.796572483138029,0.7523193828939219
ganfeng_equity,CEEMDAN-ARIMA,2026-02-24,10.169,10.46333471770695,9.711015334813027,11.215654100600872,0.7523193828939219
ganfeng_equity,CEEMDAN-ARIMA,2026-02-25,10.384,10.803375458925174,10.051056076031252,11.555694841819097,0.7523193828939219
ganfeng_equity,CEEMDAN-ARIMA,2026-02-26,10.651,11.129972896171417,10.377653513277494,11.88229227906534,0.7523193828939219
ganfeng_equity,CEEMDAN-ARIMA,2026-02-27,10.659,11.03872815759464,10.286408774700718,11.791047540488563,0.7523193828939219
ganfeng_equity,CEEMDAN-ARIMA,2026-03-02,10.453,10.815185933702791,10.06286655080887,11.567505316596712,0.7523193828939219
ganfeng_equity,CEEMDAN-ARIMA,2026-03-03,9.75,10.408392843943936,9.656073461050013,11.160712226837859,0.7523193828939219
ganfeng_equity,CEEMDAN-ARIMA,2026-03-04,9.699,10.25967266534724,9.50735328245332,11.011992048241162,0.7523193828939219
ganfeng_equity,CEEMDAN-ARIMA,2026-03-05,9.74,10.200414279268315,9.448094896374393,10.952733662162238,0.7523193828939219
ganfeng_equity,CEEMDAN-ARIMA,2026-03-06,9.554,10.22559382732167,9.473274444427748,10.977913210215593,0.7523193828939219
ganfeng_equity,CEEMDAN-ARIMA,2026-03-09,9.811,10.385337931520075,9.633018548626154,11.137657314413996,0.7523193828939219
ganfeng_equity,CEEMDAN-ARIMA,2026-03-10,10.037,10.594291795994584,9.841972413100663,11.346611178888505,0.7523193828939219
ganfeng_equity,CEEMDAN-ARIMA,2026-03-11,10.221,10.76848029838337,10.016160915489447,11.520799681277293,0.7523193828939219
ganfeng_equity,CEEMDAN-ARIMA,2026-03-12,10.118,10.720804536674295,9.968485153780374,11.473123919568216,0.7523193828939219
ganfeng_equity,CEEMDAN-LSTM,2025-10-10,8.961,9.025367736816406,8.533430988311768,9.517304485321045,0.49193674850463864
ganfeng_equity,CEEMDAN-LSTM,2025-10-13,9.78,9.20811653137207,8.716179782867432,9.700053279876709,0.49193674850463864
ganfeng_equity,CEEMDAN-LSTM,2025-10-14,9.599,9.10823917388916,8.616302425384522,9.600175922393799,0.49193674850463864
ganfeng_equity,CEEMDAN-LSTM,2025-10-15,9.287,9.075075149536133,8.583138401031494,9.567011898040771,0.49193674850463864
ganfeng_equity,CEEMDAN-LSTM,2025-10-16,9.12,8.981081008911133,8.489144260406494,9.473017757415771,0.49193674850463864
ganfeng_equity,CEEMDAN-LSTM,2025-10-17,8.554,8.622774124145508,8.13083737564087,9.114710872650146,0.49193674850463864
ganfeng_equity,CEEMDAN-LSTM,2025-10-20,8.524,8.435004234313965,7.943067485809326,8.926940982818603,0.49193674850463864
ganfeng_equity,CEEMDAN-LSTM,2025-10-21,8.648,8.321420669555664,7.829483921051025,8.813357418060303,0.49193674850463864
ganfeng_equity,CEEMDAN-LSTM,2025-10-22,8.53,8.388829231262207,7.896892482757568,8.880765979766846,0.49193674850463864
ganfeng_equity,CEEMDAN-LSTM,2025-10-23,9.009,8.696737289428711,8.204800540924072,9.18867403793335,0.49193674850463864
ganfeng_equity,CEEMDAN-LSTM,2025-10-24,9.03,8.840627670288086,8.348690921783447,9.332564418792725,0.49193674850463864
ganfeng_equity,CEEMDAN-LSTM,2025-10-27,9.216,8.957552909851074,8.465616161346436,9.449489658355713,0.49193674850463864
ganfeng_equity,CEEMDAN-LSTM,2025-10-28,9.111,8.92495059967041,8.433013851165772,9.416887348175049,0.49193674850463864
ganfeng_equity,CEEMDAN-LSTM,2025-10-29,9.679,9.241678237915039,8.7497414894104,9.733614986419678,0.49193674850463864
ganfeng_equity,CEEMDAN-LSTM,2025-10-30,10.179,9.372049331665039,8.8801125831604,9.863986080169678,0.49193674850463864
ganfeng_equity,CEEMDAN-LSTM,2025-10-31,9.698,9.388280868530273,8.896344120025635,9.880217617034912,0.49193674850463864
ganfeng_equity,CEEMDAN-LSTM,2025-11-03,9.595,9.414731979370117,8.922795230865479,9.906668727874756,0.49193674850463864
ganfeng_equity,CEEMDAN-LSTM,2025-11-04,9.278,9.38509464263916,8.893157894134522,9.877031391143799,0.49193674850463864
ganfeng_equity,CEEMDAN-LSTM,2025-11-05,9.374,9.487465858459473,8.995529109954834,9.979402606964111,0.49193674850463864
ganfeng_equity,CEEMDAN-LSTM,2025-11-06,9.836,9.545439720153809,9.05350297164917,10.037376468658447,0.49193674850463864
ganfeng_equity,CEEMDAN-LSTM,2025-11-07,9.827,9.573417663574219,9.08148091506958,10.065354412078857,0.49193674850463864
ganfeng_equity,CEEMDAN-LSTM,2025-11-10,9.743,9.62467098236084,9.132734233856201,10.116607730865478,0.49193674850463864
ganfeng_equity,CEEMDAN-LSTM,2025-11-11,9.518,9.672579765319824,9.180643016815186,10.164516513824463,0.49193674850463864
ganfeng_equity,CEEMDAN-LSTM,2025-11-12,9.544,9.85875129699707,9.366814548492432,10.350688045501709,0.49193674850463864
ganfeng_equity,CEEMDAN-LSTM,2025-11-13,10.201,9.998832702636719,9.50689595413208,10.490769451141357,0.49193674850463864
ganfeng_equity,CEEMDAN-LSTM,2025-11-14,9.704,9.945836067199707,9.453899318695068,10.437772815704346,0.49193674850463864
ganfeng_equity,CEEMDAN-LSTM,2025-11-17,10.417,9.889713287353516,9.397776538848877,10.381650035858154,0.49193674850463864
ganfeng_equity,CEEMDAN-LSTM,2025-11-18,9.838,9.696005821228027,9.204069072723389,10.187942569732666,0.49193674850463864
ganfeng_equity,CEEMDAN-LSTM,2025-11-19,10.213,9.695489883422852,9.203553134918213,10.18742663192749,0.49193674850463864
ganfeng_equity,CEEMDAN-LSTM,2025-11-20,10.015,9.34233570098877,8.85039895248413,9.834272449493408,0.49193674850463864
ganfeng_equity,CEEMDAN-LSTM,2025-11-21,9.025,8.89840316772461,8.40646641921997,9.390339916229248,0.49193674850463864
ganfeng_equity,CEEMDAN-LSTM,2025-11-24,8.258,8.447942733764648,7.95600598526001,8.939879482269287,0.49193674850463864
ganfeng_equity,CEEMDAN-LSTM,2025-11-25,8.596,8.233200073242188,7.741263324737549,8.725136821746826,0.49193674850463864
ganfeng_equity,CEEMDAN-LSTM,2025-11-26,8.639,8.09056568145752,7.598628932952881,8.582502429962158,0.49193674850463864
ganfeng_equity,CEEMDAN-LSTM,2025-11-27,8.655,8.1566743850708,7.664737636566162,8.64861113357544,0.49193674850463864
ganfeng_equity,CEEMDAN-LSTM,2025-11-28,8.841,8.209657669067383,7.717720920562744,8.701594417572021,0.49193674850463864
ganfeng_equity,CEEMDAN-LSTM,2025-12-01,8.845,8.18376636505127,7.691829616546631,8.675703113555908,0.49193674850463864
ganfeng_equity,CEEMDAN-LSTM,2025-12-02,8.694,8.044729232788086,7.552792484283447,8.536665981292725,0.49193674850463864
ganfeng_equity,CEEMDAN-LSTM,2025-12-03,8.474,7.924125671386719,7.43218892288208,8.416062419891357,0.49193674850463864
ganfeng_equity,CEEMDAN-LSTM,2025-12-04,8.459,7.973095893859863,7.481159145355225,8.465032642364502,0.49193674850463864
ganfeng_equity,CEEMDAN-LSTM,2025-12-05,8.442,8.03298568725586,7.541048938751221,8.524922435760498,0.49193674850463864
ganfeng_equity,CEEMDAN-LSTM,2025-12-08,8.908,8.300323486328125,7.808386737823486,8.792260234832764,0.49193674850463864
ganfeng_equity,CEEMDAN-LSTM,2025-12-09,8.849,8.46586799621582,7.973931247711182,8.957804744720459,0.49193674850463864
ganfeng_equity,CEEMDAN-LSTM,2025-12-10,8.965,8.451992988586426,7.960056240081787,8.943929737091064,0.49193674850463864
ganfeng_equity,CEEMDAN-LSTM,2025-12-11,8.925,8.321660995483398,7.82972424697876,8.813597743988037,0.49193674850463864
ganfeng_equity,CEEMDAN-LSTM,2025-12-12,8.689,8.154474258422852,7.662537509918213,8.64641100692749,0.49193674850463864
ganfeng_equity,CEEMDAN-LSTM,2025-12-15,8.542,8.093782424926758,7.601845676422119,8.585719173431396,0.49193674850463864
ganfeng_equity,CEEMDAN-LSTM,2025-12-16,8.521,8.107953071594238,7.6160163230896,8.599889820098877,0.49193674850463864
ganfeng_equity,CEEMDAN-LSTM,2025-12-17,8.943,8.353414535522461,7.861477787017822,8.8453512840271,0.49193674850463864
ganfeng_equity,CEEMDAN-LSTM,2025-12-18,8.875,8.561086654663086,8.069149906158447,9.053023403167725,0.49193674850463864
ganfeng_equity,CEEMDAN-LSTM,2025-12-19,9.115,8.734964370727539,8.2430276222229,9.226901119232178,0.49193674850463864
ganfeng_equity,CEEMDAN-LSTM,2025-12-22,9.276,8.785784721374512,8.293847972869873,9.27772146987915,0.49193674850463864
ganfeng_equity,CEEMDAN-LSTM,2025-12-23,9.442,8.883021354675293,8.391084606170654,9.374958103179932,0.49193674850463864
ganfeng_equity,CEEMDAN-LSTM,2025-12-24,9.522,8.892688751220703,8.400752002716064,9.384625499725342,0.49193674850463864
ganfeng_equity,CEEMDAN-LSTM,2025-12-29,9.324,8.84572982788086,8.35379307937622,9.337666576385498,0.49193674850463864
ganfeng_equity,CEEMDAN-LSTM,2025-12-30,9.169,8.82561206817627,8.33367531967163,9.317548816680908,0.49193674850463864
ganfeng_equity,CEEMDAN-LSTM,2025-12-31,8.993,8.855648040771484,8.363711292266846,9.347584789276123,0.49193674850463864
ganfeng_equity,CEEMDAN-LSTM,2026-01-02,8.993,9.062081336975098,8.570144588470459,9.554018085479736,0.49193674850463864
ganfeng_equity,CEEMDAN-LSTM,2026-01-05,9.209,9.157902717590332,8.665965969085693,9.64983946609497,0.49193674850463864
ganfeng_equity,CEEMDAN-LSTM,2026-01-06,9.58,9.208091735839844,8.716154987335205,9.700028484344482,0.49193674850463864
ganfeng_equity,CEEMDAN-LSTM,2026-01-07,9.502,9.19351577758789,8.701579029083252,9.68545252609253,0.49193674850463864
ganfeng_equity,CEEMDAN-LSTM,2026-01-08,9.311,9.186088562011719,8.69415181350708,9.678025310516357,0.49193674850463864
ganfeng_equity,CEEMDAN-LSTM,2026-01-09,9.372,9.354815483093262,8.862878734588623,9.8467522315979,0.49193674850463864
ganfeng_equity,CEEMDAN-LSTM,2026-01-12,9.748,9.640402793884277,9.148466045379639,10.132339542388916,0.49193674850463864
ganfeng_equity,CEEMDAN-LSTM,2026-01-13,10.147,9.767504692077637,9.275567943572998,10.259441440582275,0.49193674850463864
ganfeng_equity,CEEMDAN-LSTM,2026-01-14,9.904,9.834199905395508,9.34226315689087,10.326136653900146,0.49193674850463864
ganfeng_equity,CEEMDAN-LSTM,2026-01-15,10.336,9.90391731262207,9.411980564117432,10.395854061126709,0.49193674850463864
ganfeng_equity,CEEMDAN-LSTM,2026-01-16,9.931,9.791040420532227,9.299103672027588,10.282977169036865,0.49193674850463864
ganfeng_equity,CEEMDAN-LSTM,2026-01-19,9.747,9.699251174926758,9.20731442642212,10.191187923431396,0.49193674850463864
ganfeng_equity,CEEMDAN-LSTM,2026-01-20,9.767,9.701135635375977,9.209198886871338,10.193072383880615,0.49193674850463864
ganfeng_equity,CEEMDAN-LSTM,2026-01-21,10.104,9.750689506530762,9.258752758026123,10.2426262550354,0.49193674850463864
ganfeng_equity,CEEMDAN-LSTM,2026-01-22,10.018,9.85956859588623,9.367631847381592,10.35150534439087,0.49193674850463864
ganfeng_equity,CEEMDAN-LSTM,2026-01-23,10.609,10.15918254852295,9.66724580001831,10.651119297027588,0.49193674850463864
ganfeng_equity,CEEMDAN-LSTM,2026-01-26,10.589,10.183587074279785,9.691650325775147,10.675523822784424,0.49193674850463864
ganfeng_equity,CEEMDAN-LSTM,2026-01-27,10.484,10.25412368774414,9.762186939239502,10.74606043624878,0.49193674850463864
ganfeng_equity,CEEMDAN-LSTM,2026-01-28,10.705,10.312570571899414,9.820633823394775,10.804507320404053,0.49193674850463864
ganfeng_equity,CEEMDAN-LSTM,2026-01-29,10.617,10.124835968017578,9.63289921951294,10.616772716522217,0.49193674850463864
ganfeng_equity,CEEMDAN-LSTM,2026-01-30,9.869,9.784273147583008,9.29233639907837,10.276209896087646,0.49193674850463864
ganfeng_equity,CEEMDAN-LSTM,2026-02-02,9.491,9.606276512145996,9.114339763641357,10.098213260650635,0.49193674850463864
ganfeng_equity,CEEMDAN-LSTM,2026-02-03,9.787,9.479889869689941,8.987953121185303,9.97182661819458,0.49193674850463864
ganfeng_equity,CEEMDAN-LSTM,2026-02-04,9.674,9.313807487487793,8.821870738983154,9.805744235992432,0.49193674850463864
ganfeng_equity,CEEMDAN-LSTM,2026-02-05,9.068,9.152053833007812,8.660117084503174,9.643990581512451,0.49193674850463864
ganfeng_equity,CEEMDAN-LSTM,2026-02-06,9.332,9.112019538879395,8.620082790374756,9.603956287384033,0.49193674850463864
ganfeng_equity,CEEMDAN-LSTM,2026-02-09,9.415,9.126619338989258,8.63468259048462,9.618556087493896,0.49193674850463864
ganfeng_equity,CEEMDAN-LSTM,2026-02-10,9.41,9.165787696838379,8.67385094833374,9.657724445343018,0.49193674850463864
ganfeng_equity,CEEMDAN-LSTM,2026-02-11,9.642,9.328023910522461,8.836087162017822,9.8199606590271,0.49193674850463864
ganfeng_equity,CEEMDAN-LSTM,2026-02-12,9.683,9.339852333068848,8.847915584564209,9.831789081573486,0.49193674850463864
ganfeng_equity,CEEMDAN-LSTM,2026-02-13,9.6,9.332972526550293,8.841035778045654,9.824909275054932,0.49193674850463864
ganfeng_equity,CEEMDAN-LSTM,2026-02-16,9.6,9.343988418579102,8.852051670074463,9.83592516708374,0.49193674850463864
ganfeng_equity,CEEMDAN-LSTM,2026-02-17,9.6,9.304964065551758,8.81302731704712,9.796900814056396,0.49193674850463864
ganfeng_equity,CEEMDAN-LSTM,2026-02-18,9.6,9.269936561584473,8.777999813079834,9.761873310089111,0.49193674850463864
ganfeng_equity,CEEMDAN-LSTM,2026-02-19,9.6,9.226262092590332,8.734325344085693,9.71819884109497,0.49193674850463864
ganfeng_equity,CEEMDAN-LSTM,2026-02-20,9.6,9.180707931518555,8.688771183013916,9.672644680023193,0.49193674850463864
ganfeng_equity,CEEMDAN-LSTM,2026-02-23,9.6,9.207344055175781,8.715407306671143,9.69928080368042,0.49193674850463864
ganfeng_equity,CEEMDAN-LSTM,2026-02-24,10.169,9.492233276367188,9.000296527862549,9.984170024871826,0.49193674850463864
ganfeng_equity,CEEMDAN-LSTM,2026-02-25,10.384,9.793523788452148,9.30158703994751,10.285460536956787,0.49193674850463864
ganfeng_equity,CEEMDAN-LSTM,2026-02-26,10.651,9.984521865844727,9.492585117340088,10.476458614349365,0.49193674850463864
ganfeng_equity,CEEMDAN-LSTM,2026-02-27,10.659,9.982303619384766,9.490366870880127,10.474240367889404,0.49193674850463864
ganfeng_equity,CEEMDAN-LSTM,2026-03-02,10.453,9.81053638458252,9.31859963607788,10.302473133087158,0.49193674850463864
ganfeng_equity,CEEMDAN-LSTM,2026-03-03,9.75,9.481711387634277,8.989774639129639,9.973648136138916,0.49193674850463864
ganfeng_equity,CEEMDAN-LSTM,2026-03-04,9.699,9.46654987335205,8.974613124847412,9.95848662185669,0.49193674850463864
ganfeng_equity,CEEMDAN-LSTM,2026-03-05,9.74,9.342195510864258,8.85025876235962,9.834132259368896,0.49193674850463864
ganfeng_equity,CEEMDAN-LSTM,2026-03-06,9.554,9.237485885620117,8.745549137115479,9.729422634124756,0.49193674850463864
ganfeng_equity,CEEMDAN-LSTM,2026-03-09,9.811,9.477105140686035,8.985168392181397,9.969041889190674,0.49193674850463864
ganfeng_equity,CEEMDAN-LSTM,2026-03-10,10.037,9.62153434753418,9.129597599029541,10.113471096038818,0.49193674850463864
ganfeng_equity,CEEMDAN-LSTM,2026-03-11,10.221,9.695968627929688,9.204031879425049,10.187905376434326,0.49193674850463864
ganfeng_equity,CEEMDAN-LSTM,2026-03-12,10.118,9.624984741210938,9.133047992706299,10.116921489715576,0.49193674850463864
ganfeng_equity,ELM,2025-10-10,8.961,2.9461561185252876,-2.837106911728771,8.729419148779346,5.783263030254059
ganfeng_equity,ELM,2025-10-13,9.78,5.815928894663613,0.032665864409554324,11.599191924917672,5.783263030254059
ganfeng_equity,ELM,2025-10-14,9.599,3.2354112464114673,-2.5478517838425914,9.018674276665525,5.783263030254059
ganfeng_equity,ELM,2025-10-15,9.287,3.0891421951486504,-2.6941208351054082,8.872405225402709,5.783263030254059
ganfeng_equity,ELM,2025-10-16,9.12,3.0619427611883383,-2.7213202690657203,8.845205791442396,5.783263030254059
ganfeng_equity,ELM,2025-10-17,8.554,2.886277622510765,-2.8969854077432937,8.669540652764823,5.783263030254059
ganfeng_equity,ELM,2025-10-20,8.524,2.824843032868446,-2.9584199973856125,8.608106063122506,5.783263030254059
ganfeng_equity,ELM,2025-10-21,8.648,2.788589240189693,-2.9946737900643656,8.571852270443753,5.783263030254059
ganfeng_equity,ELM,2025-10-22,8.53,2.8082985441204014,-2.9749644861336573,8.59156157437446,5.783263030254059
ganfeng_equity,ELM,2025-10-23,9.009,2.825867703128263,-2.957395327125796,8.609130733382322,5.783263030254059
ganfeng_equity,ELM,2025-10-24,9.03,2.8873771071896743,-2.8958859230643843,8.670640137443733,5.783263030254059
ganfeng_equity,ELM,2025-10-27,9.216,3.083494984396167,-2.6997680458578914,8.866758014650227,5.783263030254059
ganfeng_equity,ELM,2025-10-28,9.111,3.051632608850431,-2.7316304214036276,8.83489563910449,5.783263030254059
ganfeng_equity,ELM,2025-10-29,9.679,2.9704378311996584,-2.8128251990544,8.753700861453718,5.783263030254059
ganfeng_equity,ELM,2025-10-30,10.179,3.095053449393427,-2.6882095808606317,8.878316479647486,5.783263030254059
ganfeng_equity,ELM,2025-10-31,9.698,3.280344643781624,-2.5029183864724347,9.063607674035683,5.783263030254059
ganfeng_equity,ELM,2025-11-03,9.595,3.2844310547073174,-2.498831975546741,9.067694084961376,5.783263030254059
ganfeng_equity,ELM,2025-11-04,9.278,3.02937758306989,-2.7538854471841687,8.812640613323948,5.783263030254059
ganfeng_equity,ELM,2025-11-05,9.374,2.8063233098167433,-2.9769397204373154,8.589586340070802,5.783263030254059
ganfeng_equity,ELM,2025-11-06,9.836,3.0293250806682015,-2.753937949585857,8.81258811092226,5.783263030254059
ganfeng_equity,ELM,2025-11-07,9.827,3.174945272451241,-2.608317757802818,8.9582083027053,5.783263030254059
ganfeng_equity,ELM,2025-11-10,9.743,3.185192527950438,-2.598070502303621,8.968455558204496,5.783263030254059
ganfeng_equity,ELM,2025-11-11,9.518,3.2097319571867557,-2.573531073067303,8.992994987440815,5.783263030254059
ganfeng_equity,ELM,2025-11-12,9.544,3.0761478856298905,-2.707115144624168,8.859410915883949,5.783263030254059
ganfeng_equity,ELM,2025-11-13,10.201,3.16135507117754,-2.6219079590765184,8.9446181014316,5.783263030254059
ganfeng_equity,ELM,2025-11-14,9.704,3.396195419062113,-2.3870676111919455,9.179458449316172,5.783263030254059
ganfeng_equity,ELM,2025-11-17,10.417,3.2764898401378386,-2.50677319011622,9.059752870391897,5.783263030254059
ganfeng_equity,ELM,2025-11-18,9.838,3.2284470470492876,-2.554815983204771,9.011710077303347,5.783263030254059
ganfeng_equity,ELM,2025-11-19,10.213,3.325380990894352,-2.4578820393597067,9.108644021148411,5.783263030254059
ganfeng_equity,ELM,2025-11-20,10.015,3.3968694894366163,-2.3863935408174424,9.180132519690675,5.783263030254059
ganfeng_equity,ELM,2025-11-21,9.025,3.292461867960581,-2.4908011622934776,9.07572489821464,5.783263030254059
ganfeng_equity,ELM,2025-11-24,8.258,2.9782928462903113,-2.8049701839637473,8.76155587654437,5.783263030254059
ganfeng_equity,ELM,2025-11-25,8.596,2.870497840918068,-2.9127651893359907,8.653760871172127,5.783263030254059
ganfeng_equity,ELM,2025-11-26,8.639,2.927333191831079,-2.8559298384229796,8.710596222085137,5.783263030254059
ganfeng_equity,ELM,2025-11-27,8.655,3.045249751999716,-2.7380132782543427,8.828512782253775,5.783263030254059
ganfeng_equity,ELM,2025-11-28,8.841,3.1416056823218077,-2.641657347932251,8.924868712575867,5.783263030254059
ganfeng_equity,ELM,2025-12-01,8.845,3.2195994631964058,-2.563663567057653,9.002862493450465,5.783263030254059
ganfeng_equity,ELM,2025-12-02,8.694,3.185548813096494,-2.5977142171575647,8.968811843350553,5.783263030254059
ganfeng_equity,ELM,2025-12-03,8.474,2.969803555708659,-2.8134594745454,8.753066585962717,5.783263030254059
ganfeng_equity,ELM,2025-12-04,8.459,3.0187482189181187,-2.76451481133594,8.802011249172178,5.783263030254059
ganfeng_equity,ELM,2025-12-05,8.442,2.9350704147422175,-2.848192615511841,8.718333444996276,5.783263030254059
ganfeng_equity,ELM,2025-12-08,8.908,3.0159230027902804,-2.7673400274637783,8.79918603304434,5.783263030254059
ganfeng_equity,ELM,2025-12-09,8.849,3.214245402535411,-2.569017627718648,8.99750843278947,5.783263030254059
ganfeng_equity,ELM,2025-12-10,8.965,3.01702066675212,-2.7662423635019384,8.80028369700618,5.783263030254059
ganfeng_equity,ELM,2025-12-11,8.925,3.3070297196996026,-2.476233310554456,9.090292749953662,5.783263030254059
ganfeng_equity,ELM,2025-12-12,8.689,3.185661165452372,-2.5976018648016868,8.96892419570643,5.783263030254059
ganfeng_equity,ELM,2025-12-15,8.542,3.0188960723610423,-2.7643669578930163,8.8021591026151,5.783263030254059
ganfeng_equity,ELM,2025-12-16,8.521,3.074022633887374,-2.7092403963666847,8.857285664141433,5.783263030254059
ganfeng_equity,ELM,2025-12-17,8.943,3.047228558248573,-2.7360344720054854,8.830491588502632,5.783263030254059
ganfeng_equity,ELM,2025-12-18,8.875,3.0414890378829105,-2.741773992371148,8.82475206813697,5.783263030254059
ganfeng_equity,ELM,2025-12-19,9.115,5.8281647684718,0.04490173821774146,11.61142779872586,5.783263030254059
ganfeng_equity,ELM,2025-12-22,9.276,3.468426622285924,-2.3148364079681345,9.251689652539984,5.783263030254059
ganfeng_equity,ELM,2025-12-23,9.442,3.3807062851313856,-2.402556745122673,9.163969315385444,5.783263030254059
ganfeng_equity,ELM,2025-12-24,9.522,3.5237306620982167,-2.259532368155842,9.306993692352275,5.783263030254059
ganfeng_equity,ELM,2025-12-29,9.324,3.5386971050975013,-2.2445659251565573,9.32196013535156,5.783263030254059
ganfeng_equity,ELM,2025-12-30,9.169,3.4614165396698704,-2.3218464905841882,9.244679569923928,5.783263030254059
ganfeng_equity,ELM,2025-12-31,8.993,3.2108596288445312,-2.5724034014095274,8.99412265909859,5.783263030254059
ganfeng_equity,ELM,2026-01-02,8.993,3.13174745409454,-2.6515155761595186,8.915010484348599,5.783263030254059
ganfeng_equity,ELM,2026-01-05,9.209,3.154651096628338,-2.6286119336257205,8.937914126882397,5.783263030254059
ganfeng_equity,ELM,2026-01-06,9.58,3.1016976288089366,-2.681565401445122,8.884960659062996,5.783263030254059
ganfeng_equity,ELM,2026-01-07,9.502,3.4548997140777127,-2.328363316176346,9.23816274433177,5.783263030254059
ganfeng_equity,ELM,2026-01-08,9.311,3.148490531421791,-2.634772498832268,8.93175356167585,5.783263030254059
ganfeng_equity,ELM,2026-01-09,9.372,3.3591759004147552,-2.4240871298393034,9.142438930668813,5.783263030254059
ganfeng_equity,ELM,2026-01-12,9.748,3.3467580805787853,-2.4365049496752733,9.130021110832844,5.783263030254059
ganfeng_equity,ELM,2026-01-13,10.147,3.4752286679510123,-2.3080343623030464,9.25849169820507,5.783263030254059
ganfeng_equity,ELM,2026-01-14,9.904,3.7397043531595755,-2.043558677094483,9.522967383413635,5.783263030254059
ganfeng_equity,ELM,2026-01-15,10.336,3.2755554484271734,-2.5077075818268852,9.058818478681232,5.783263030254059
ganfeng_equity,ELM,2026-01-16,9.931,3.463453331934968,-2.319809698319091,9.246716362189026,5.783263030254059
ganfeng_equity,ELM,2026-01-19,9.747,3.462799250792613,-2.3204637794614458,9.246062281046672,5.783263030254059
ganfeng_equity,ELM,2026-01-20,9.767,3.353536871332487,-2.4297261589215715,9.136799901586546,5.783263030254059
ganfeng_equity,ELM,2026-01-21,10.104,3.2479194341606963,-2.5353435960933624,9.031182464414755,5.783263030254059
ganfeng_equity,ELM,2026-01-22,10.018,3.620422675836987,-2.162840354417072,9.403685706091046,5.783263030254059
ganfeng_equity,ELM,2026-01-23,10.609,3.7575086775006286,-2.02575435275343,9.540771707754686,5.783263030254059
ganfeng_equity,ELM,2026-01-26,10.589,3.9803049271516255,-1.802958103102433,9.763567957405684,5.783263030254059
ganfeng_equity,ELM,2026-01-27,10.484,8.373031721915694,2.589768691661636,14.156294752169753,5.783263030254059
ganfeng_equity,ELM,2026-01-28,10.705,8.37428126653509,2.591018236281032,14.15754429678915,5.783263030254059
ganfeng_equity,ELM,2026-01-29,10.617,8.173040183768885,2.3897771535148262,13.956303214022943,5.783263030254059
ganfeng_equity,ELM,2026-01-30,9.869,8.11077733519785,2.327514304943792,13.89404036545191,5.783263030254059
ganfeng_equity,ELM,2026-02-02,9.491,7.706582197285483,1.9233191670314245,13.489845227539542,5.783263030254059
ganfeng_equity,ELM,2026-02-03,9.787,3.2601373672946967,-2.523125662959362,9.043400397548755,5.783263030254059
ganfeng_equity,ELM,2026-02-04,9.674,3.209938259536854,-2.5733247707172047,8.993201289790912,5.783263030254059
ganfeng_equity,ELM,2026-02-05,9.068,3.1351966971334373,-2.6480663331206213,8.918459727387496,5.783263030254059
ganfeng_equity,ELM,2026-02-06,9.332,3.1032964082536205,-2.679966622000438,8.886559438507678,5.783263030254059
ganfeng_equity,ELM,2026-02-09,9.415,3.196014909770203,-2.5872481204838556,8.97927794002426,5.783263030254059
ganfeng_equity,ELM,2026-02-10,9.41,3.2361141947715693,-2.5471488354824894,9.019377225025629,5.783263030254059
ganfeng_equity,ELM,2026-02-11,9.642,3.2195695504062836,-2.563693479847775,9.002832580660343,5.783263030254059
ganfeng_equity,ELM,2026-02-12,9.683,3.4104894662505565,-2.372773564003502,9.193752496504615,5.783263030254059
ganfeng_equity,ELM,2026-02-13,9.6,3.1942757455773667,-2.588987284676692,8.977538775831425,5.783263030254059
ganfeng_equity,ELM,2026-02-16,9.6,3.3368312365140436,-2.446431793740015,9.120094266768103,5.783263030254059
ganfeng_equity,ELM,2026-02-17,9.6,7.335793623820433,1.5525305935663747,13.119056654074491,5.783263030254059
ganfeng_equity,ELM,2026-02-18,9.6,7.330262026923165,1.5469989966691067,13.113525057177224,5.783263030254059
ganfeng_equity,ELM,2026-02-19,9.6,7.3420106428014655,1.558747612547407,13.125273673055524,5.783263030254059
ganfeng_equity,ELM,2026-02-20,9.6,7.325163514344269,1.5419004840902106,13.108426544598327,5.783263030254059
ganfeng_equity,ELM,2026-02-23,9.6,7.329338783676827,1.5460757534227687,13.112601813930887,5.783263030254059
ganfeng_equity,ELM,2026-02-24,10.169,3.387157032024197,-2.396105998229862,9.170420062278255,5.783263030254059
ganfeng_equity,ELM,2026-02-25,10.384,3.538469624617245,-2.2447934056368135,9.321732654871305,5.783263030254059
ganfeng_equity,ELM,2026-02-26,10.651,4.101530781327453,-1.6817322489266058,9.884793811581511,5.783263030254059
ganfeng_equity,ELM,2026-02-27,10.659,3.6412339551348447,-2.142029075119214,9.424496985388902,5.783263030254059
ganfeng_equity,ELM,2026-03-02,10.453,3.3411637054019057,-2.442099324852153,9.124426735655964,5.783263030254059
ganfeng_equity,ELM,2026-03-03,9.75,3.3582949786022454,-2.4249680516518133,9.141558008856304,5.783263030254059
ganfeng_equity,ELM,2026-03-04,9.699,3.4210255861696606,-2.362237444084398,9.20428861642372,5.783263030254059
ganfeng_equity,ELM,2026-03-05,9.74,3.2269881615110703,-2.5562748687429884,9.010251191765128,5.783263030254059
ganfeng_equity,ELM,2026-03-06,9.554,3.217199443726757,-2.5660635865273016,9.000462473980816,5.783263030254059
ganfeng_equity,ELM,2026-03-09,9.811,3.1347808211149637,-2.648482209139095,8.918043851369022,5.783263030254059
ganfeng_equity,ELM,2026-03-10,10.037,3.2394993032512276,-2.543763727002831,9.022762333505286,5.783263030254059
ganfeng_equity,ELM,2026-03-11,10.221,3.34029866427031,-2.4429643659837486,9.12356169452437,5.783263030254059
ganfeng_equity,ELM,2026-03-12,10.118,3.2472325153362953,-2.5360305149177633,9.030495545590354,5.783263030254059
ganfeng_equity,ES,2025-10-10,8.961,5.180867374498667,1.8329252061989978,8.528809542798335,3.347942168299669
ganfeng_equity,ES,2025-10-13,9.78,5.173137222098113,1.8251950537984438,8.521079390397782,3.347942168299669
ganfeng_equity,ES,2025-10-14,9.599,5.165407069697558,1.817464901397889,8.513349237997227,3.347942168299669
ganfeng_equity,ES,2025-10-15,9.287,5.157676917297003,1.809734748997334,8.505619085596672,3.347942168299669
ganfeng_equity,ES,2025-10-16,9.12,5.149946764896449,1.8020045965967801,8.49788893319612,3.347942168299669
ganfeng_equity,ES,2025-10-17,8.554,5.142216612495894,1.7942744441962253,8.490158780795564,3.347942168299669
ganfeng_equity,ES,2025-10-20,8.524,5.1344864600953395,1.7865442917956704,8.48242862839501,3.347942168299669
ganfeng_equity,ES,2025-10-21,8.648,5.1267563076947855,1.7788141393951165,8.474698475994455,3.347942168299669
ganfeng_equity,ES,2025-10-22,8.53,5.119026155294231,1.7710839869945616,8.4669683235939,3.347942168299669
ganfeng_equity,ES,2025-10-23,9.009,5.111296002893676,1.7633538345940067,8.459238171193345,3.347942168299669
ganfeng_equity,ES,2025-10-24,9.03,5.103565850493121,1.7556236821934519,8.45150801879279,3.347942168299669
ganfeng_equity,ES,2025-10-27,9.216,5.095835698092567,1.747893529792898,8.443777866392235,3.347942168299669
ganfeng_equity,ES,2025-10-28,9.111,5.088105545692012,1.740163377392343,8.43604771399168,3.347942168299669
ganfeng_equity,ES,2025-10-29,9.679,5.080375393291457,1.7324332249917882,8.428317561591125,3.347942168299669
ganfeng_equity,ES,2025-10-30,10.179,5.072645240890903,1.7247030725912342,8.420587409190572,3.347942168299669
ganfeng_equity,ES,2025-10-31,9.698,5.064915088490348,1.7169729201906794,8.412857256790018,3.347942168299669
ganfeng_equity,ES,2025-11-03,9.595,5.057184936089794,1.7092427677901245,8.405127104389463,3.347942168299669
ganfeng_equity,ES,2025-11-04,9.278,5.04945478368924,1.7015126153895705,8.39739695198891,3.347942168299669
ganfeng_equity,ES,2025-11-05,9.374,5.041724631288685,1.6937824629890157,8.389666799588355,3.347942168299669
ganfeng_equity,ES,2025-11-06,9.836,5.03399447888813,1.6860523105884608,8.3819366471878,3.347942168299669
ganfeng_equity,ES,2025-11-07,9.827,5.026264326487576,1.6783221581879069,8.374206494787245,3.347942168299669
ganfeng_equity,ES,2025-11-10,9.743,5.018534174087021,1.670592005787352,8.36647634238669,3.347942168299669
ganfeng_equity,ES,2025-11-11,9.518,5.010804021686466,1.6628618533867972,8.358746189986135,3.347942168299669
ganfeng_equity,ES,2025-11-12,9.544,5.003073869285912,1.6551317009862432,8.35101603758558,3.347942168299669
ganfeng_equity,ES,2025-11-13,10.201,4.995343716885357,1.6474015485856883,8.343285885185026,3.347942168299669
ganfeng_equity,ES,2025-11-14,9.704,4.9876135644848025,1.6396713961851335,8.33555573278447,3.347942168299669
ganfeng_equity,ES,2025-11-17,10.417,4.979883412084249,1.6319412437845795,8.327825580383918,3.347942168299669
ganfeng_equity,ES,2025-11-18,9.838,4.972153259683694,1.6242110913840246,8.320095427983363,3.347942168299669
ganfeng_equity,ES,2025-11-19,10.213,4.964423107283139,1.6164809389834698,8.312365275582808,3.347942168299669
ganfeng_equity,ES,2025-11-20,10.015,4.956692954882585,1.6087507865829158,8.304635123182255,3.347942168299669
ganfeng_equity,ES,2025-11-21,9.025,4.94896280248203,1.601020634182361,8.2969049707817,3.347942168299669
ganfeng_equity,ES,2025-11-24,8.258,4.941232650081475,1.593290481781806,8.289174818381145,3.347942168299669
ganfeng_equity,ES,2025-11-25,8.596,4.933502497680921,1.5855603293812521,8.28144466598059,3.347942168299669
ganfeng_equity,ES,2025-11-26,8.639,4.925772345280366,1.5778301769806973,8.273714513580035,3.347942168299669
ganfeng_equity,ES,2025-11-27,8.655,4.9180421928798115,1.5701000245801424,8.26598436117948,3.347942168299669
ganfeng_equity,ES,2025-11-28,8.841,4.910312040479257,1.5623698721795876,8.258254208778926,3.347942168299669
ganfeng_equity,ES,2025-12-01,8.845,4.902581888078703,1.5546397197790336,8.25052405637837,3.347942168299669
ganfeng_equity,ES,2025-12-02,8.694,4.894851735678148,1.5469095673784787,8.242793903977816,3.347942168299669
ganfeng_equity,ES,2025-12-03,8.474,4.887121583277594,1.5391794149779248,8.235063751577263,3.347942168299669
ganfeng_equity,ES,2025-12-04,8.459,4.879391430877039,1.53144926257737,8.227333599176708,3.347942168299669
ganfeng_equity,ES,2025-12-05,8.442,4.871661278476484,1.523719110176815,8.219603446776153,3.347942168299669
ganfeng_equity,ES,2025-12-08,8.908,4.863931126075929,1.5159889577762602,8.211873294375598,3.347942168299669
ganfeng_equity,ES,2025-12-09,8.849,4.856200973675375,1.5082588053757062,8.204143141975045,3.347942168299669
ganfeng_equity,ES,2025-12-10,8.965,4.84847082127482,1.5005286529751514,8.19641298957449,3.347942168299669
ganfeng_equity,ES,2025-12-11,8.925,4.840740668874266,1.4927985005745965,8.188682837173936,3.347942168299669
ganfeng_equity,ES,2025-12-12,8.689,4.833010516473712,1.4850683481740425,8.18095268477338,3.347942168299669
ganfeng_equity,ES,2025-12-15,8.542,4.825280364073157,1.4773381957734877,8.173222532372826,3.347942168299669
ganfeng_equity,ES,2025-12-16,8.521,4.817550211672602,1.4696080433729328,8.165492379972271,3.347942168299669
ganfeng_equity,ES,2025-12-17,8.943,4.809820059272048,1.4618778909723789,8.157762227571716,3.347942168299669
ganfeng_equity,ES,2025-12-18,8.875,4.802089906871493,1.454147738571824,8.150032075171161,3.347942168299669
ganfeng_equity,ES,2025-12-19,9.115,4.794359754470938,1.4464175861712691,8.142301922770606,3.347942168299669
ganfeng_equity,ES,2025-12-22,9.276,4.786629602070384,1.4386874337707152,8.134571770370053,3.347942168299669
ganfeng_equity,ES,2025-12-23,9.442,4.778899449669829,1.4309572813701603,8.126841617969498,3.347942168299669
ganfeng_equity,ES,2025-12-24,9.522,4.7711692972692745,1.4232271289696055,8.119111465568944,3.347942168299669
ganfeng_equity,ES,2025-12-29,9.324,4.7634391448687206,1.4154969765690515,8.11138131316839,3.347942168299669
ganfeng_equity,ES,2025-12-30,9.169,4.755708992468166,1.4077668241684966,8.103651160767836,3.347942168299669
ganfeng_equity,ES,2025-12-31,8.993,4.747978840067611,1.4000366717679418,8.09592100836728,3.347942168299669
ganfeng_equity,ES,2026-01-02,8.993,4.740248687667057,1.3923065193673878,8.088190855966726,3.347942168299669
ganfeng_equity,ES,2026-01-05,9.209,4.732518535266502,1.384576366966833,8.080460703566171,3.347942168299669
ganfeng_equity,ES,2026-01-06,9.58,4.724788382865947,1.376846214566278,8.072730551165616,3.347942168299669
ganfeng_equity,ES,2026-01-07,9.502,4.717058230465393,1.3691160621657241,8.065000398765061,3.347942168299669
ganfeng_equity,ES,2026-01-08,9.311,4.709328078064838,1.3613859097651693,8.057270246364507,3.347942168299669
ganfeng_equity,ES,2026-01-09,9.372,4.7015979256642835,1.3536557573646144,8.049540093963952,3.347942168299669
ganfeng_equity,ES,2026-01-12,9.748,4.6938677732637295,1.3459256049640604,8.041809941563399,3.347942168299669
ganfeng_equity,ES,2026-01-13,10.147,4.686137620863175,1.3381954525635056,8.034079789162844,3.347942168299669
ganfeng_equity,ES,2026-01-14,9.904,4.67840746846262,1.3304653001629507,8.026349636762289,3.347942168299669
ganfeng_equity,ES,2026-01-15,10.336,4.670677316062065,1.3227351477623959,8.018619484361734,3.347942168299669
ganfeng_equity,ES,2026-01-16,9.931,4.662947163661511,1.315004995361842,8.010889331961181,3.347942168299669
ganfeng_equity,ES,2026-01-19,9.747,4.655217011260956,1.307274842961287,8.003159179560626,3.347942168299669
ganfeng_equity,ES,2026-01-20,9.767,4.647486858860402,1.299544690560733,7.995429027160071,3.347942168299669
ganfeng_equity,ES,2026-01-21,10.104,4.639756706459847,1.2918145381601782,7.987698874759516,3.347942168299669
ganfeng_equity,ES,2026-01-22,10.018,4.632026554059292,1.2840843857596234,7.9799687223589615,3.347942168299669
ganfeng_equity,ES,2026-01-23,10.609,4.624296401658738,1.2763542333590685,7.972238569958407,3.347942168299669
ganfeng_equity,ES,2026-01-26,10.589,4.616566249258184,1.2686240809585145,7.964508417557853,3.347942168299669
ganfeng_equity,ES,2026-01-27,10.484,4.608836096857629,1.2608939285579597,7.956778265157298,3.347942168299669
ganfeng_equity,ES,2026-01-28,10.705,4.601105944457074,1.2531637761574048,7.949048112756743,3.347942168299669
ganfeng_equity,ES,2026-01-29,10.617,4.59337579205652,1.2454336237568508,7.941317960356189,3.347942168299669
ganfeng_equity,ES,2026-01-30,9.869,4.585645639655965,1.237703471356296,7.933587807955634,3.347942168299669
ganfeng_equity,ES,2026-02-02,9.491,4.57791548725541,1.2299733189557411,7.925857655555079,3.347942168299669
ganfeng_equity,ES,2026-02-03,9.787,4.570185334854856,1.2222431665551872,7.918127503154525,3.347942168299669
ganfeng_equity,ES,2026-02-04,9.674,4.562455182454301,1.2145130141546323,7.91039735075397,3.347942168299669
ganfeng_equity,ES,2026-02-05,9.068,4.5547250300537465,1.2067828617540775,7.902667198353416,3.347942168299669
ganfeng_equity,ES,2026-02-06,9.332,4.5469948776531925,1.1990527093535235,7.894937045952862,3.347942168299669
ganfeng_equity,ES,2026-02-09,9.415,4.539264725252638,1.1913225569529686,7.887206893552307,3.347942168299669
ganfeng_equity,ES,2026-02-10,9.41,4.531534572852083,1.1835924045524138,7.879476741151752,3.347942168299669
ganfeng_equity,ES,2026-02-11,9.642,4.523804420451529,1.1758622521518598,7.871746588751198,3.347942168299669
ganfeng_equity,ES,2026-02-12,9.683,4.516074268050974,1.168132099751305,7.864016436350643,3.347942168299669
ganfeng_equity,ES,2026-02-13,9.6,4.508344115650419,1.16040194735075,7.856286283950088,3.347942168299669
ganfeng_equity,ES,2026-02-16,9.6,4.500613963249865,1.1526717949501961,7.848556131549534,3.347942168299669
ganfeng_equity,ES,2026-02-17,9.6,4.49288381084931,1.1449416425496413,7.840825979148979,3.347942168299669
ganfeng_equity,ES,2026-02-18,9.6,4.4851536584487555,1.1372114901490864,7.8330958267484245,3.347942168299669
ganfeng_equity,ES,2026-02-19,9.6,4.4774235060482015,1.1294813377485324,7.825365674347871,3.347942168299669
ganfeng_equity,ES,2026-02-20,9.6,4.469693353647647,1.1217511853479776,7.817635521947316,3.347942168299669
ganfeng_equity,ES,2026-02-23,9.6,4.461963201247092,1.1140210329474227,7.809905369546761,3.347942168299669
ganfeng_equity,ES,2026-02-24,10.169,4.454233048846538,1.1062908805468687,7.802175217146207,3.347942168299669
ganfeng_equity,ES,2026-02-25,10.384,4.446502896445983,1.098560728146314,7.794445064745652,3.347942168299669
ganfeng_equity,ES,2026-02-26,10.651,4.438772744045428,1.090830575745759,7.786714912345097,3.347942168299669
ganfeng_equity,ES,2026-02-27,10.659,4.431042591644873,1.0831004233452042,7.778984759944542,3.347942168299669
ganfeng_equity,ES,2026-03-02,10.453,4.423312439244319,1.0753702709446502,7.771254607543988,3.347942168299669
ganfeng_equity,ES,2026-03-03,9.75,4.415582286843764,1.0676401185440954,7.7635244551434335,3.347942168299669
ganfeng_equity,ES,2026-03-04,9.699,4.4078521344432104,1.0599099661435414,7.7557943027428795,3.347942168299669
ganfeng_equity,ES,2026-03-05,9.74,4.400121982042656,1.0521798137429865,7.748064150342325,3.347942168299669
ganfeng_equity,ES,2026-03-06,9.554,4.392391829642101,1.0444496613424317,7.74033399794177,3.347942168299669
ganfeng_equity,ES,2026-03-09,9.811,4.384661677241546,1.0367195089418768,7.732603845541215,3.347942168299669
ganfeng_equity,ES,2026-03-10,10.037,4.376931524840992,1.0289893565413228,7.724873693140661,3.347942168299669
ganfeng_equity,ES,2026-03-11,10.221,4.369201372440437,1.021259204140768,7.717143540740106,3.347942168299669
ganfeng_equity,ES,2026-03-12,10.118,4.361471220039883,1.013529051740214,7.709413388339552,3.347942168299669
ganfeng_equity,Fixed VMD-LASSO-ARIMA/LSTM,2025-10-10,8.961,8.874777940137601,8.29044886750317,9.459107012772034,0.5843290726344321
ganfeng_equity,Fixed VMD-LASSO-ARIMA/LSTM,2025-10-13,9.78,9.241614223929115,8.657285151294683,9.825943296563548,0.5843290726344321
ganfeng_equity,Fixed VMD-LASSO-ARIMA/LSTM,2025-10-14,9.599,9.158905356916483,8.57457628428205,9.743234429550915,0.5843290726344321
ganfeng_equity,Fixed VMD-LASSO-ARIMA/LSTM,2025-10-15,9.287,9.101046482173585,8.516717409539153,9.685375554808017,0.5843290726344321
ganfeng_equity,Fixed VMD-LASSO-ARIMA/LSTM,2025-10-16,9.12,9.026241709841647,8.441912637207215,9.61057078247608,0.5843290726344321
ganfeng_equity,Fixed VMD-LASSO-ARIMA/LSTM,2025-10-17,8.554,8.877721745201505,8.293392672567073,9.462050817835937,0.5843290726344321
ganfeng_equity,Fixed VMD-LASSO-ARIMA/LSTM,2025-10-20,8.524,8.742891319783004,8.158562247148572,9.327220392417436,0.5843290726344321
ganfeng_equity,Fixed VMD-LASSO-ARIMA/LSTM,2025-10-21,8.648,8.919805090113874,8.335476017479442,9.504134162748306,0.5843290726344321
ganfeng_equity,Fixed VMD-LASSO-ARIMA/LSTM,2025-10-22,8.53,8.852201865848468,8.267872793214035,9.4365309384829,0.5843290726344321
ganfeng_equity,Fixed VMD-LASSO-ARIMA/LSTM,2025-10-23,9.009,8.959500878937787,8.375171806303355,9.543829951572219,0.5843290726344321
ganfeng_equity,Fixed VMD-LASSO-ARIMA/LSTM,2025-10-24,9.03,8.96748007829713,8.383151005662699,9.551809150931563,0.5843290726344321
ganfeng_equity,Fixed VMD-LASSO-ARIMA/LSTM,2025-10-27,9.216,9.159549453498498,8.575220380864065,9.74387852613293,0.5843290726344321
ganfeng_equity,Fixed VMD-LASSO-ARIMA/LSTM,2025-10-28,9.111,9.053681856272984,8.469352783638552,9.638010928907416,0.5843290726344321
ganfeng_equity,Fixed VMD-LASSO-ARIMA/LSTM,2025-10-29,9.679,9.391056620108037,8.806727547473605,9.975385692742469,0.5843290726344321
ganfeng_equity,Fixed VMD-LASSO-ARIMA/LSTM,2025-10-30,10.179,9.775588354896758,9.191259282262326,10.35991742753119,0.5843290726344321
ganfeng_equity,Fixed VMD-LASSO-ARIMA/LSTM,2025-10-31,9.698,9.587084127595235,9.002755054960803,10.171413200229667,0.5843290726344321
ganfeng_equity,Fixed VMD-LASSO-ARIMA/LSTM,2025-11-03,9.595,9.643454971545502,9.05912589891107,10.227784044179934,0.5843290726344321
ganfeng_equity,Fixed VMD-LASSO-ARIMA/LSTM,2025-11-04,9.278,9.452894799236375,8.868565726601943,10.037223871870808,0.5843290726344321
ganfeng_equity,Fixed VMD-LASSO-ARIMA/LSTM,2025-11-05,9.374,9.491094454244804,8.906765381610372,10.075423526879236,0.5843290726344321
ganfeng_equity,Fixed VMD-LASSO-ARIMA/LSTM,2025-11-06,9.836,9.638602072548604,9.054272999914172,10.222931145183036,0.5843290726344321
ganfeng_equity,Fixed VMD-LASSO-ARIMA/LSTM,2025-11-07,9.827,9.812487330239595,9.228158257605163,10.396816402874027,0.5843290726344321
ganfeng_equity,Fixed VMD-LASSO-ARIMA/LSTM,2025-11-10,9.743,9.622013009342343,9.03768393670791,10.206342081976775,0.5843290726344321
ganfeng_equity,Fixed VMD-LASSO-ARIMA/LSTM,2025-11-11,9.518,9.612942409658345,9.028613337023913,10.197271482292777,0.5843290726344321
ganfeng_equity,Fixed VMD-LASSO-ARIMA/LSTM,2025-11-12,9.544,9.560300341079467,8.975971268445035,10.144629413713899,0.5843290726344321
ganfeng_equity,Fixed VMD-LASSO-ARIMA/LSTM,2025-11-13,10.201,9.810932865028997,9.226603792394565,10.39526193766343,0.5843290726344321
ganfeng_equity,Fixed VMD-LASSO-ARIMA/LSTM,2025-11-14,9.704,9.67997642551329,9.095647352878858,10.264305498147722,0.5843290726344321
ganfeng_equity,Fixed VMD-LASSO-ARIMA/LSTM,2025-11-17,10.417,10.006102586698916,9.421773514064483,10.590431659333348,0.5843290726344321
ganfeng_equity,Fixed VMD-LASSO-ARIMA/LSTM,2025-11-18,9.838,9.809012447695842,9.22468337506141,10.393341520330274,0.5843290726344321
ganfeng_equity,Fixed VMD-LASSO-ARIMA/LSTM,2025-11-19,10.213,9.880409627284644,9.296080554650212,10.464738699919076,0.5843290726344321
ganfeng_equity,Fixed VMD-LASSO-ARIMA/LSTM,2025-11-20,10.015,9.831683147432955,9.247354074798523,10.416012220067387,0.5843290726344321
ganfeng_equity,Fixed VMD-LASSO-ARIMA/LSTM,2025-11-21,9.025,9.39621496123955,8.811885888605119,9.980544033873983,0.5843290726344321
ganfeng_equity,Fixed VMD-LASSO-ARIMA/LSTM,2025-11-24,8.258,8.908130141833649,8.323801069199217,9.49245921446808,0.5843290726344321
ganfeng_equity,Fixed VMD-LASSO-ARIMA/LSTM,2025-11-25,8.596,8.976284849658093,8.39195577702366,9.560613922292525,0.5843290726344321
ganfeng_equity,Fixed VMD-LASSO-ARIMA/LSTM,2025-11-26,8.639,9.043330517453702,8.45900144481927,9.627659590088134,0.5843290726344321
ganfeng_equity,Fixed VMD-LASSO-ARIMA/LSTM,2025-11-27,8.655,9.172363943040274,8.588034870405842,9.756693015674706,0.5843290726344321
ganfeng_equity,Fixed VMD-LASSO-ARIMA/LSTM,2025-11-28,8.841,9.12210567017871,8.537776597544278,9.706434742813142,0.5843290726344321
ganfeng_equity,Fixed VMD-LASSO-ARIMA/LSTM,2025-12-01,8.845,9.252705800605714,8.668376727971282,9.837034873240146,0.5843290726344321
ganfeng_equity,Fixed VMD-LASSO-ARIMA/LSTM,2025-12-02,8.694,9.051705203638079,8.467376131003647,9.636034276272511,0.5843290726344321
ganfeng_equity,Fixed VMD-LASSO-ARIMA/LSTM,2025-12-03,8.474,9.075419924411268,8.491090851776836,9.6597489970457,0.5843290726344321
ganfeng_equity,Fixed VMD-LASSO-ARIMA/LSTM,2025-12-04,8.459,9.016375399110517,8.432046326476085,9.60070447174495,0.5843290726344321
ganfeng_equity,Fixed VMD-LASSO-ARIMA/LSTM,2025-12-05,8.442,8.830615844257714,8.246286771623282,9.414944916892146,0.5843290726344321
ganfeng_equity,Fixed VMD-LASSO-ARIMA/LSTM,2025-12-08,8.908,9.148739027128979,8.564409954494547,9.733068099763411,0.5843290726344321
ganfeng_equity,Fixed VMD-LASSO-ARIMA/LSTM,2025-12-09,8.849,9.064405827778804,8.480076755144372,9.648734900413237,0.5843290726344321
ganfeng_equity,Fixed VMD-LASSO-ARIMA/LSTM,2025-12-10,8.965,9.051667414125788,8.467338341491356,9.63599648676022,0.5843290726344321
ganfeng_equity,Fixed VMD-LASSO-ARIMA/LSTM,2025-12-11,8.925,8.987834013797627,8.403504941163195,9.57216308643206,0.5843290726344321
ganfeng_equity,Fixed VMD-LASSO-ARIMA/LSTM,2025-12-12,8.689,8.905450686463274,8.321121613828842,9.489779759097706,0.5843290726344321
ganfeng_equity,Fixed VMD-LASSO-ARIMA/LSTM,2025-12-15,8.542,8.776723708183194,8.192394635548762,9.361052780817626,0.5843290726344321
ganfeng_equity,Fixed VMD-LASSO-ARIMA/LSTM,2025-12-16,8.521,8.79352670125563,8.209197628621197,9.377855773890062,0.5843290726344321
ganfeng_equity,Fixed VMD-LASSO-ARIMA/LSTM,2025-12-17,8.943,8.976447810956971,8.392118738322539,9.560776883591403,0.5843290726344321
ganfeng_equity,Fixed VMD-LASSO-ARIMA/LSTM,2025-12-18,8.875,9.138361365460288,8.554032292825855,9.72269043809472,0.5843290726344321
ganfeng_equity,Fixed VMD-LASSO-ARIMA/LSTM,2025-12-19,9.115,9.256010128695829,8.671681056061397,9.840339201330261,0.5843290726344321
ganfeng_equity,Fixed VMD-LASSO-ARIMA/LSTM,2025-12-22,9.276,9.49195050461754,8.907621431983108,10.076279577251972,0.5843290726344321
ganfeng_equity,Fixed VMD-LASSO-ARIMA/LSTM,2025-12-23,9.442,9.39466350099258,8.810334428358148,9.978992573627012,0.5843290726344321
ganfeng_equity,Fixed VMD-LASSO-ARIMA/LSTM,2025-12-24,9.522,9.471504754282336,8.887175681647904,10.055833826916768,0.5843290726344321
ganfeng_equity,Fixed VMD-LASSO-ARIMA/LSTM,2025-12-29,9.324,9.345348543661103,8.761019471026671,9.929677616295535,0.5843290726344321
ganfeng_equity,Fixed VMD-LASSO-ARIMA/LSTM,2025-12-30,9.169,9.205304171105643,8.620975098471211,9.789633243740075,0.5843290726344321
ganfeng_equity,Fixed VMD-LASSO-ARIMA/LSTM,2025-12-31,8.993,9.19248239713545,8.608153324501018,9.776811469769882,0.5843290726344321
ganfeng_equity,Fixed VMD-LASSO-ARIMA/LSTM,2026-01-02,8.993,9.278348309316065,8.694019236681633,9.862677381950498,0.5843290726344321
ganfeng_equity,Fixed VMD-LASSO-ARIMA/LSTM,2026-01-05,9.209,9.411128503492463,8.826799430858031,9.995457576126896,0.5843290726344321
ganfeng_equity,Fixed VMD-LASSO-ARIMA/LSTM,2026-01-06,9.58,9.58835221043983,9.004023137805397,10.172681283074262,0.5843290726344321
ganfeng_equity,Fixed VMD-LASSO-ARIMA/LSTM,2026-01-07,9.502,9.761983050112239,9.177653977477807,10.34631212274667,0.5843290726344321
ganfeng_equity,Fixed VMD-LASSO-ARIMA/LSTM,2026-01-08,9.311,9.636739425649235,9.052410353014803,10.221068498283667,0.5843290726344321
ganfeng_equity,Fixed VMD-LASSO-ARIMA/LSTM,2026-01-09,9.372,9.694531741496625,9.110202668862193,10.278860814131058,0.5843290726344321
ganfeng_equity,Fixed VMD-LASSO-ARIMA/LSTM,2026-01-12,9.748,9.879700329674858,9.295371257040426,10.46402940230929,0.5843290726344321
ganfeng_equity,Fixed VMD-LASSO-ARIMA/LSTM,2026-01-13,10.147,10.11867427337949,9.534345200745058,10.703003346013922,0.5843290726344321
ganfeng_equity,Fixed VMD-LASSO-ARIMA/LSTM,2026-01-14,9.904,10.031478877463924,9.447149804829492,10.615807950098356,0.5843290726344321
ganfeng_equity,Fixed VMD-LASSO-ARIMA/LSTM,2026-01-15,10.336,10.180644097336149,9.596315024701717,10.764973169970581,0.5843290726344321
ganfeng_equity,Fixed VMD-LASSO-ARIMA/LSTM,2026-01-16,9.931,10.01591569701732,9.431586624382888,10.600244769651752,0.5843290726344321
ganfeng_equity,Fixed VMD-LASSO-ARIMA/LSTM,2026-01-19,9.747,9.857329433221423,9.273000360586991,10.441658505855855,0.5843290726344321
ganfeng_equity,Fixed VMD-LASSO-ARIMA/LSTM,2026-01-20,9.767,9.842353615074272,9.25802454243984,10.426682687708704,0.5843290726344321
ganfeng_equity,Fixed VMD-LASSO-ARIMA/LSTM,2026-01-21,10.104,10.030603103563674,9.446274030929242,10.614932176198106,0.5843290726344321
ganfeng_equity,Fixed VMD-LASSO-ARIMA/LSTM,2026-01-22,10.018,9.974811690086618,9.390482617452186,10.55914076272105,0.5843290726344321
ganfeng_equity,Fixed VMD-LASSO-ARIMA/LSTM,2026-01-23,10.609,10.303570229224682,9.71924115659025,10.887899301859115,0.5843290726344321
ganfeng_equity,Fixed VMD-LASSO-ARIMA/LSTM,2026-01-26,10.589,10.420602581344191,9.836273508709759,11.004931653978623,0.5843290726344321
ganfeng_equity,Fixed VMD-LASSO-ARIMA/LSTM,2026-01-27,10.484,10.445908776922701,9.86157970428827,11.030237849557134,0.5843290726344321
ganfeng_equity,Fixed VMD-LASSO-ARIMA/LSTM,2026-01-28,10.705,10.45240746429311,9.868078391658678,11.036736536927542,0.5843290726344321
ganfeng_equity,Fixed VMD-LASSO-ARIMA/LSTM,2026-01-29,10.617,10.508958752130171,9.92462967949574,11.093287824764603,0.5843290726344321
ganfeng_equity,Fixed VMD-LASSO-ARIMA/LSTM,2026-01-30,9.869,10.201984788146078,9.617655715511646,10.78631386078051,0.5843290726344321
ganfeng_equity,Fixed VMD-LASSO-ARIMA/LSTM,2026-02-02,9.491,9.884408831600087,9.300079758965655,10.46873790423452,0.5843290726344321
ganfeng_equity,Fixed VMD-LASSO-ARIMA/LSTM,2026-02-03,9.787,9.910319716894952,9.32599064426052,10.494648789529384,0.5843290726344321
ganfeng_equity,Fixed VMD-LASSO-ARIMA/LSTM,2026-02-04,9.674,9.952164764510737,9.367835691876305,10.53649383714517,0.5843290726344321
ganfeng_equity,Fixed VMD-LASSO-ARIMA/LSTM,2026-02-05,9.068,9.752571001428564,9.168241928794131,10.336900074062996,0.5843290726344321
ganfeng_equity,Fixed VMD-LASSO-ARIMA/LSTM,2026-02-06,9.332,9.768468088847541,9.18413901621311,10.352797161481973,0.5843290726344321
ganfeng_equity,Fixed VMD-LASSO-ARIMA/LSTM,2026-02-09,9.415,9.786626200765735,9.202297128131303,10.370955273400167,0.5843290726344321
ganfeng_equity,Fixed VMD-LASSO-ARIMA/LSTM,2026-02-10,9.41,9.727813087059916,9.143484014425484,10.312142159694348,0.5843290726344321
ganfeng_equity,Fixed VMD-LASSO-ARIMA/LSTM,2026-02-11,9.642,9.826160816865492,9.24183174423106,10.410489889499924,0.5843290726344321
ganfeng_equity,Fixed VMD-LASSO-ARIMA/LSTM,2026-02-12,9.683,9.787594157449774,9.203265084815342,10.371923230084207,0.5843290726344321
ganfeng_equity,Fixed VMD-LASSO-ARIMA/LSTM,2026-02-13,9.6,9.769998314010971,9.185669241376539,10.354327386645403,0.5843290726344321
ganfeng_equity,Fixed VMD-LASSO-ARIMA/LSTM,2026-02-16,9.6,9.801571666108057,9.217242593473625,10.385900738742489,0.5843290726344321
ganfeng_equity,Fixed VMD-LASSO-ARIMA/LSTM,2026-02-17,9.6,9.719045567362404,9.134716494727972,10.303374639996836,0.5843290726344321
ganfeng_equity,Fixed VMD-LASSO-ARIMA/LSTM,2026-02-18,9.6,9.643892523776035,9.059563451141603,10.228221596410467,0.5843290726344321
ganfeng_equity,Fixed VMD-LASSO-ARIMA/LSTM,2026-02-19,9.6,9.673968594315419,9.089639521680986,10.25829766694985,0.5843290726344321
ganfeng_equity,Fixed VMD-LASSO-ARIMA/LSTM,2026-02-20,9.6,9.784604564099864,9.200275491465431,10.368933636734296,0.5843290726344321
ganfeng_equity,Fixed VMD-LASSO-ARIMA/LSTM,2026-02-23,9.6,9.773310577626795,9.188981504992363,10.357639650261227,0.5843290726344321
ganfeng_equity,Fixed VMD-LASSO-ARIMA/LSTM,2026-02-24,10.169,10.124237118908523,9.53990804627409,10.708566191542955,0.5843290726344321
ganfeng_equity,Fixed VMD-LASSO-ARIMA/LSTM,2026-02-25,10.384,10.39669511319322,9.812366040558787,10.981024185827652,0.5843290726344321
ganfeng_equity,Fixed VMD-LASSO-ARIMA/LSTM,2026-02-26,10.651,10.436087371289227,9.851758298654795,11.02041644392366,0.5843290726344321
ganfeng_equity,Fixed VMD-LASSO-ARIMA/LSTM,2026-02-27,10.659,10.460826778672946,9.876497706038514,11.045155851307378,0.5843290726344321
ganfeng_equity,Fixed VMD-LASSO-ARIMA/LSTM,2026-03-02,10.453,10.427387345325892,9.84305827269146,11.011716417960324,0.5843290726344321
ganfeng_equity,Fixed VMD-LASSO-ARIMA/LSTM,2026-03-03,9.75,10.061105362928577,9.476776290294145,10.64543443556301,0.5843290726344321
ganfeng_equity,Fixed VMD-LASSO-ARIMA/LSTM,2026-03-04,9.699,9.942580592036755,9.358251519402323,10.526909664671187,0.5843290726344321
ganfeng_equity,Fixed VMD-LASSO-ARIMA/LSTM,2026-03-05,9.74,9.994195432221732,9.4098663595873,10.578524504856164,0.5843290726344321
ganfeng_equity,Fixed VMD-LASSO-ARIMA/LSTM,2026-03-06,9.554,10.007921837856,9.423592765221567,10.592250910490431,0.5843290726344321
ganfeng_equity,Fixed VMD-LASSO-ARIMA/LSTM,2026-03-09,9.811,10.030924999357453,9.44659592672302,10.615254071991885,0.5843290726344321
ganfeng_equity,Fixed VMD-LASSO-ARIMA/LSTM,2026-03-10,10.037,10.128193747481724,9.543864674847292,10.712522820116156,0.5843290726344321
ganfeng_equity,Fixed VMD-LASSO-ARIMA/LSTM,2026-03-11,10.221,10.219601538457638,9.635272465823206,10.80393061109207,0.5843290726344321
ganfeng_equity,Fixed VMD-LASSO-ARIMA/LSTM,2026-03-12,10.118,10.21705639931621,9.632727326681778,10.801385471950642,0.5843290726344321
ganfeng_equity,LSTM,2025-10-10,8.961,7.780283451080322,6.589523361206055,8.97104354095459,1.1907600898742672
ganfeng_equity,LSTM,2025-10-13,9.78,7.687723636627197,6.49696354675293,8.878483726501464,1.1907600898742672
ganfeng_equity,LSTM,2025-10-14,9.599,7.803297519683838,6.612537429809571,8.994057609558105,1.1907600898742672
ganfeng_equity,LSTM,2025-10-15,9.287,7.963721752166748,6.772961662292481,9.154481842041015,1.1907600898742672
ganfeng_equity,LSTM,2025-10-16,9.12,8.049202919006348,6.8584428291320805,9.239963008880615,1.1907600898742672
ganfeng_equity,LSTM,2025-10-17,8.554,8.099287986755371,6.908527896881104,9.290048076629638,1.1907600898742672
ganfeng_equity,LSTM,2025-10-20,8.524,8.088725090026855,6.897965000152588,9.279485179901123,1.1907600898742672
ganfeng_equity,LSTM,2025-10-21,8.648,8.085968971252441,6.895208881378174,9.276729061126709,1.1907600898742672
ganfeng_equity,LSTM,2025-10-22,8.53,8.053666114807129,6.862906024932862,9.244426204681396,1.1907600898742672
ganfeng_equity,LSTM,2025-10-23,9.009,7.970900058746338,6.780139968872071,9.161660148620605,1.1907600898742672
ganfeng_equity,LSTM,2025-10-24,9.03,7.94287633895874,6.752116249084473,9.133636428833007,1.1907600898742672
ganfeng_equity,LSTM,2025-10-27,9.216,7.953474044799805,6.7627139549255375,9.144234134674072,1.1907600898742672
ganfeng_equity,LSTM,2025-10-28,9.111,7.962279796600342,6.771519706726075,9.153039886474609,1.1907600898742672
ganfeng_equity,LSTM,2025-10-29,9.679,7.9934916496276855,6.802731559753418,9.184251739501953,1.1907600898742672
ganfeng_equity,LSTM,2025-10-30,10.179,8.052539825439453,6.861779735565186,9.24329991531372,1.1907600898742672
ganfeng_equity,LSTM,2025-10-31,9.698,8.13720417022705,6.946444080352784,9.327964260101318,1.1907600898742672
ganfeng_equity,LSTM,2025-11-03,9.595,8.17178726196289,6.9810271720886234,9.362547351837158,1.1907600898742672
ganfeng_equity,LSTM,2025-11-04,9.278,8.192970275878906,7.002210186004639,9.383730365753173,1.1907600898742672
ganfeng_equity,LSTM,2025-11-05,9.374,8.212995529174805,7.0222354393005375,9.403755619049072,1.1907600898742672
ganfeng_equity,LSTM,2025-11-06,9.836,8.246515274047852,7.055755184173584,9.437275363922119,1.1907600898742672
ganfeng_equity,LSTM,2025-11-07,9.827,8.221263885498047,7.03050379562378,9.412023975372314,1.1907600898742672
ganfeng_equity,LSTM,2025-11-10,9.743,8.236748695373535,7.045988605499268,9.427508785247802,1.1907600898742672
ganfeng_equity,LSTM,2025-11-11,9.518,8.266583442687988,7.075823352813721,9.457343532562255,1.1907600898742672
ganfeng_equity,LSTM,2025-11-12,9.544,8.295666694641113,7.104906604766846,9.48642678451538,1.1907600898742672
ganfeng_equity,LSTM,2025-11-13,10.201,8.348930358886719,7.158170269012452,9.539690448760986,1.1907600898742672
ganfeng_equity,LSTM,2025-11-14,9.704,8.4393310546875,7.248570964813233,9.630091144561767,1.1907600898742672
ganfeng_equity,LSTM,2025-11-17,10.417,8.441688537597656,7.250928447723389,9.632448627471923,1.1907600898742672
ganfeng_equity,LSTM,2025-11-18,9.838,8.446579933166504,7.255819843292237,9.637340023040771,1.1907600898742672
ganfeng_equity,LSTM,2025-11-19,10.213,8.493241310119629,7.302481220245362,9.684001399993896,1.1907600898742672
ganfeng_equity,LSTM,2025-11-20,10.015,8.533371925354004,7.342611835479737,9.724132015228271,1.1907600898742672
ganfeng_equity,LSTM,2025-11-21,9.025,8.559561729431152,7.368801639556885,9.75032181930542,1.1907600898742672
ganfeng_equity,LSTM,2025-11-24,8.258,8.518622398376465,7.327862308502198,9.709382488250732,1.1907600898742672
ganfeng_equity,LSTM,2025-11-25,8.596,8.404264450073242,7.213504360198975,9.59502453994751,1.1907600898742672
ganfeng_equity,LSTM,2025-11-26,8.639,8.4592924118042,7.268532321929932,9.650052501678466,1.1907600898742672
ganfeng_equity,LSTM,2025-11-27,8.655,8.445749282836914,7.254989192962647,9.636509372711181,1.1907600898742672
ganfeng_equity,LSTM,2025-11-28,8.841,8.336374282836914,7.145614192962647,9.527134372711181,1.1907600898742672
ganfeng_equity,LSTM,2025-12-01,8.845,8.279256820678711,7.088496730804444,9.470016910552978,1.1907600898742672
ganfeng_equity,LSTM,2025-12-02,8.694,8.25592041015625,7.065160320281983,9.446680500030517,1.1907600898742672
ganfeng_equity,LSTM,2025-12-03,8.474,8.210426330566406,7.019666240692139,9.401186420440673,1.1907600898742672
ganfeng_equity,LSTM,2025-12-04,8.459,8.190465927124023,6.999705837249756,9.38122601699829,1.1907600898742672
ganfeng_equity,LSTM,2025-12-05,8.442,8.156049728393555,6.9652896385192875,9.346809818267822,1.1907600898742672
ganfeng_equity,LSTM,2025-12-08,8.908,8.14316177368164,6.9524016838073734,9.333921863555908,1.1907600898742672
ganfeng_equity,LSTM,2025-12-09,8.849,8.151418685913086,6.960658596038819,9.342178775787353,1.1907600898742672
ganfeng_equity,LSTM,2025-12-10,8.965,8.139151573181152,6.948391483306885,9.32991166305542,1.1907600898742672
ganfeng_equity,LSTM,2025-12-11,8.925,8.14633846282959,6.955578372955323,9.337098552703857,1.1907600898742672
ganfeng_equity,LSTM,2025-12-12,8.689,8.19064712524414,6.9998870353698734,9.381407215118408,1.1907600898742672
ganfeng_equity,LSTM,2025-12-15,8.542,8.205313682556152,7.014553592681885,9.39607377243042,1.1907600898742672
ganfeng_equity,LSTM,2025-12-16,8.521,8.213237762451172,7.022477672576905,9.403997852325439,1.1907600898742672
ganfeng_equity,LSTM,2025-12-17,8.943,8.222074508666992,7.031314418792725,9.41283459854126,1.1907600898742672
ganfeng_equity,LSTM,2025-12-18,8.875,8.236993789672852,7.046233699798584,9.427753879547119,1.1907600898742672
ganfeng_equity,LSTM,2025-12-19,9.115,8.048696517944336,6.857936428070069,9.239456607818603,1.1907600898742672
ganfeng_equity,LSTM,2025-12-22,9.276,8.135336875915527,6.94457678604126,9.326096965789795,1.1907600898742672
ganfeng_equity,LSTM,2025-12-23,9.442,8.264145851135254,7.073385761260987,9.454905941009521,1.1907600898742672
ganfeng_equity,LSTM,2025-12-24,9.522,8.369939804077148,7.179179714202881,9.560699893951416,1.1907600898742672
ganfeng_equity,LSTM,2025-12-29,9.324,8.467708587646484,7.276948497772217,9.658468677520752,1.1907600898742672
ganfeng_equity,LSTM,2025-12-30,9.169,8.472963333129883,7.282203243255616,9.66372342300415,1.1907600898742672
ganfeng_equity,LSTM,2025-12-31,8.993,8.548073768615723,7.3573136787414555,9.73883385848999,1.1907600898742672
ganfeng_equity,LSTM,2026-01-02,8.993,8.596293449401855,7.405533359527588,9.787053539276123,1.1907600898742672
ganfeng_equity,LSTM,2026-01-05,9.209,8.62623405456543,7.4354739646911625,9.816994144439697,1.1907600898742672
ganfeng_equity,LSTM,2026-01-06,9.58,8.639976501464844,7.449216411590577,9.830736591339111,1.1907600898742672
ganfeng_equity,LSTM,2026-01-07,9.502,8.704554557800293,7.513794467926026,9.89531464767456,1.1907600898742672
ganfeng_equity,LSTM,2026-01-08,9.311,8.714298248291016,7.5235381584167484,9.905058338165283,1.1907600898742672
ganfeng_equity,LSTM,2026-01-09,9.372,8.74022388458252,7.549463794708252,9.930983974456787,1.1907600898742672
ganfeng_equity,LSTM,2026-01-12,9.748,8.790571212768555,7.5998111228942875,9.981331302642822,1.1907600898742672
ganfeng_equity,LSTM,2026-01-13,10.147,8.880895614624023,7.690135524749756,10.07165570449829,1.1907600898742672
ganfeng_equity,LSTM,2026-01-14,9.904,8.957151412963867,7.7663913230896,10.147911502838134,1.1907600898742672
ganfeng_equity,LSTM,2026-01-15,10.336,8.980924606323242,7.790164516448975,10.17168469619751,1.1907600898742672
ganfeng_equity,LSTM,2026-01-16,9.931,9.043623924255371,7.852863834381104,10.234384014129638,1.1907600898742672
ganfeng_equity,LSTM,2026-01-19,9.747,9.081783294677734,7.891023204803467,10.272543384552002,1.1907600898742672
ganfeng_equity,LSTM,2026-01-20,9.767,9.08691692352295,7.896156833648682,10.277677013397216,1.1907600898742672
ganfeng_equity,LSTM,2026-01-21,10.104,9.11252498626709,7.921764896392823,10.303285076141357,1.1907600898742672
ganfeng_equity,LSTM,2026-01-22,10.018,9.169028282165527,7.97826819229126,10.359788372039795,1.1907600898742672
ganfeng_equity,LSTM,2026-01-23,10.609,9.189266204833984,7.998506114959717,10.380026294708252,1.1907600898742672
ganfeng_equity,LSTM,2026-01-26,10.589,9.239799499511719,8.049039409637452,10.430559589385986,1.1907600898742672
ganfeng_equity,LSTM,2026-01-27,10.484,9.722865104675293,8.532105014801026,10.91362519454956,1.1907600898742672
ganfeng_equity,LSTM,2026-01-28,10.705,9.838030815124512,8.647270725250245,11.028790904998779,1.1907600898742672
ganfeng_equity,LSTM,2026-01-29,10.617,9.895957946777344,8.705197856903077,11.086718036651611,1.1907600898742672
ganfeng_equity,LSTM,2026-01-30,9.869,9.905668258666992,8.714908168792725,11.09642834854126,1.1907600898742672
ganfeng_equity,LSTM,2026-02-02,9.491,9.848435401916504,8.657675312042237,11.039195491790771,1.1907600898742672
ganfeng_equity,LSTM,2026-02-03,9.787,9.498903274536133,8.308143184661866,10.6896633644104,1.1907600898742672
ganfeng_equity,LSTM,2026-02-04,9.674,9.382089614868164,8.191329524993897,10.572849704742431,1.1907600898742672
ganfeng_equity,LSTM,2026-02-05,9.068,9.299771308898926,8.109011219024659,10.490531398773193,1.1907600898742672
ganfeng_equity,LSTM,2026-02-06,9.332,9.152467727661133,7.961707637786866,10.3432278175354,1.1907600898742672
ganfeng_equity,LSTM,2026-02-09,9.415,9.081258773803711,7.890498683929444,10.272018863677978,1.1907600898742672
ganfeng_equity,LSTM,2026-02-10,9.41,9.077499389648438,7.88673929977417,10.268259479522705,1.1907600898742672
ganfeng_equity,LSTM,2026-02-11,9.642,9.044561386108398,7.853801296234131,10.235321475982666,1.1907600898742672
ganfeng_equity,LSTM,2026-02-12,9.683,9.03918170928955,7.848421619415284,10.229941799163818,1.1907600898742672
ganfeng_equity,LSTM,2026-02-13,9.6,9.028905868530273,7.838145778656006,10.21966595840454,1.1907600898742672
ganfeng_equity,LSTM,2026-02-16,9.6,9.045162200927734,7.854402111053467,10.235922290802002,1.1907600898742672
ganfeng_equity,LSTM,2026-02-17,9.6,9.5425386428833,8.351778553009034,10.733298732757568,1.1907600898742672
ganfeng_equity,LSTM,2026-02-18,9.6,9.677620887756348,8.48686079788208,10.868380977630615,1.1907600898742672
ganfeng_equity,LSTM,2026-02-19,9.6,9.730300903320312,8.539540813446045,10.92106099319458,1.1907600898742672
ganfeng_equity,LSTM,2026-02-20,9.6,9.742610931396484,8.551850841522217,10.933371021270752,1.1907600898742672
ganfeng_equity,LSTM,2026-02-23,9.6,9.744134902954102,8.553374813079834,10.934894992828369,1.1907600898742672
ganfeng_equity,LSTM,2026-02-24,10.169,9.41250991821289,8.221749828338623,10.603270008087158,1.1907600898742672
ganfeng_equity,LSTM,2026-02-25,10.384,9.373529434204102,8.182769344329834,10.564289524078369,1.1907600898742672
ganfeng_equity,LSTM,2026-02-26,10.651,9.408171653747559,8.217411563873291,10.598931743621826,1.1907600898742672
ganfeng_equity,LSTM,2026-02-27,10.659,9.434191703796387,8.24343161392212,10.624951793670654,1.1907600898742672
ganfeng_equity,LSTM,2026-03-02,10.453,9.436585426330566,8.2458253364563,10.627345516204834,1.1907600898742672
ganfeng_equity,LSTM,2026-03-03,9.75,9.450165748596191,8.259405658721924,10.640925838470459,1.1907600898742672
ganfeng_equity,LSTM,2026-03-04,9.699,9.403635025024414,8.212874935150147,10.594395114898681,1.1907600898742672
ganfeng_equity,LSTM,2026-03-05,9.74,9.369287490844727,8.17852740097046,10.560047580718994,1.1907600898742672
ganfeng_equity,LSTM,2026-03-06,9.554,9.372209548950195,8.181449459075928,10.562969638824462,1.1907600898742672
ganfeng_equity,LSTM,2026-03-09,9.811,9.310654640197754,8.119894550323487,10.501414730072021,1.1907600898742672
ganfeng_equity,LSTM,2026-03-10,10.037,9.264140129089355,8.073380039215088,10.454900218963623,1.1907600898742672
ganfeng_equity,LSTM,2026-03-11,10.221,9.29318904876709,8.102428958892823,10.483949138641357,1.1907600898742672
ganfeng_equity,LSTM,2026-03-12,10.118,9.307724952697754,8.116964862823487,10.498485042572021,1.1907600898742672
ganfeng_equity,MLP,2025-10-10,8.961,6.676997341826263,4.338167869587251,9.015826814065274,2.338829472239012
ganfeng_equity,MLP,2025-10-13,9.78,6.550990341177401,4.212160868938389,8.889819813416413,2.338829472239012
ganfeng_equity,MLP,2025-10-14,9.599,6.7465834266338955,4.407753954394884,9.085412898872907,2.338829472239012
ganfeng_equity,MLP,2025-10-15,9.287,6.769729126832242,4.43089965459323,9.108558599071255,2.338829472239012
ganfeng_equity,MLP,2025-10-16,9.12,6.915631245875195,4.576801773636183,9.254460718114206,2.338829472239012
ganfeng_equity,MLP,2025-10-17,8.554,6.738260193713821,4.399430721474809,9.077089665952833,2.338829472239012
ganfeng_equity,MLP,2025-10-20,8.524,6.876622556928229,4.537793084689217,9.215452029167242,2.338829472239012
ganfeng_equity,MLP,2025-10-21,8.648,6.7908510574157255,4.4520215851767135,9.129680529654738,2.338829472239012
ganfeng_equity,MLP,2025-10-22,8.53,6.660562611658351,4.321733139419339,8.999392083897362,2.338829472239012
ganfeng_equity,MLP,2025-10-23,9.009,6.560452883423564,4.221623411184552,8.899282355662576,2.338829472239012
ganfeng_equity,MLP,2025-10-24,9.03,6.553967242224422,4.21513776998541,8.892796714463433,2.338829472239012
ganfeng_equity,MLP,2025-10-27,9.216,6.564063766866492,4.22523429462748,8.902893239105504,2.338829472239012
ganfeng_equity,MLP,2025-10-28,9.111,6.572606190104688,4.233776717865676,8.911435662343699,2.338829472239012
ganfeng_equity,MLP,2025-10-29,9.679,6.518328863343463,4.179499391104451,8.857158335582476,2.338829472239012
ganfeng_equity,MLP,2025-10-30,10.179,6.852657685599539,4.513828213360527,9.191487157838552,2.338829472239012
ganfeng_equity,MLP,2025-10-31,9.698,6.911930234861325,4.573100762622313,9.250759707100336,2.338829472239012
ganfeng_equity,MLP,2025-11-03,9.595,6.858988558254312,4.5201590860153,9.197818030493323,2.338829472239012
ganfeng_equity,MLP,2025-11-04,9.278,6.80076931898412,4.461939846745108,9.139598791223133,2.338829472239012
ganfeng_equity,MLP,2025-11-05,9.374,6.8668451809701665,4.5280157087311546,9.20567465320918,2.338829472239012
ganfeng_equity,MLP,2025-11-06,9.836,7.010175631444352,4.67134615920534,9.349005103683364,2.338829472239012
ganfeng_equity,MLP,2025-11-07,9.827,7.032266346119148,4.693436873880136,9.37109581835816,2.338829472239012
ganfeng_equity,MLP,2025-11-10,9.743,6.9488860325440545,4.6100565603050425,9.287715504783066,2.338829472239012
ganfeng_equity,MLP,2025-11-11,9.518,6.885421471767428,4.546591999528416,9.224250944006439,2.338829472239012
ganfeng_equity,MLP,2025-11-12,9.544,6.891603974615388,4.552774502376376,9.2304334468544,2.338829472239012
ganfeng_equity,MLP,2025-11-13,10.201,7.05595984723092,4.717130374991908,9.394789319469933,2.338829472239012
ganfeng_equity,MLP,2025-11-14,9.704,7.212398730166722,4.87356925792771,9.551228202405735,2.338829472239012
ganfeng_equity,MLP,2025-11-17,10.417,7.096183789279368,4.757354317040356,9.43501326151838,2.338829472239012
ganfeng_equity,MLP,2025-11-18,9.838,7.263043251383007,4.9242137791439955,9.60187272362202,2.338829472239012
ganfeng_equity,MLP,2025-11-19,10.213,7.151174792160505,4.812345319921493,9.490004264399516,2.338829472239012
ganfeng_equity,MLP,2025-11-20,10.015,7.449501148267193,5.110671676028181,9.788330620506205,2.338829472239012
ganfeng_equity,MLP,2025-11-21,9.025,7.239504832269758,4.900675360030746,9.57833430450877,2.338829472239012
ganfeng_equity,MLP,2025-11-24,8.258,7.23504682063434,4.896217348395328,9.57387629287335,2.338829472239012
ganfeng_equity,MLP,2025-11-25,8.596,6.970674965734165,4.631845493495153,9.309504437973178,2.338829472239012
ganfeng_equity,MLP,2025-11-26,8.639,7.125759398297793,4.786929926058781,9.464588870536804,2.338829472239012
ganfeng_equity,MLP,2025-11-27,8.655,7.073662495953147,4.734833023714135,9.412491968192159,2.338829472239012
ganfeng_equity,MLP,2025-11-28,8.841,6.762492214982711,4.423662742743699,9.101321687221724,2.338829472239012
ganfeng_equity,MLP,2025-12-01,8.845,6.675861593787948,4.337032121548936,9.014691066026959,2.338829472239012
ganfeng_equity,MLP,2025-12-02,8.694,6.724030113915619,4.385200641676607,9.06285958615463,2.338829472239012
ganfeng_equity,MLP,2025-12-03,8.474,6.750020719533005,4.411191247293993,9.088850191772018,2.338829472239012
ganfeng_equity,MLP,2025-12-04,8.459,6.650899141080192,4.31206966884118,8.989728613319205,2.338829472239012
ganfeng_equity,MLP,2025-12-05,8.442,6.6431215827053025,4.304292110466291,8.981951054944314,2.338829472239012
ganfeng_equity,MLP,2025-12-08,8.908,6.660366557598742,4.32153708535973,8.999196029837755,2.338829472239012
ganfeng_equity,MLP,2025-12-09,8.849,6.746972732107447,4.408143259868435,9.085802204346459,2.338829472239012
ganfeng_equity,MLP,2025-12-10,8.965,6.768480054095902,4.42965058185689,9.107309526334914,2.338829472239012
ganfeng_equity,MLP,2025-12-11,8.925,6.768635256761645,4.429805784522633,9.107464729000657,2.338829472239012
ganfeng_equity,MLP,2025-12-12,8.689,6.783329649858757,4.444500177619745,9.12215912209777,2.338829472239012
ganfeng_equity,MLP,2025-12-15,8.542,6.815657023741677,4.476827551502665,9.154486495980688,2.338829472239012
ganfeng_equity,MLP,2025-12-16,8.521,6.753955351887649,4.415125879648637,9.09278482412666,2.338829472239012
ganfeng_equity,MLP,2025-12-17,8.943,6.772439569856041,4.433610097617029,9.111269042095053,2.338829472239012
ganfeng_equity,MLP,2025-12-18,8.875,6.937450385103835,4.598620912864823,9.276279857342846,2.338829472239012
ganfeng_equity,MLP,2025-12-19,9.115,6.619579584247023,4.280750112008011,8.958409056486035,2.338829472239012
ganfeng_equity,MLP,2025-12-22,9.276,6.928683339326048,4.589853867087036,9.267512811565059,2.338829472239012
ganfeng_equity,MLP,2025-12-23,9.442,6.966169141493156,4.627339669254144,9.304998613732167,2.338829472239012
ganfeng_equity,MLP,2025-12-24,9.522,7.070935717330267,4.732106245091255,9.409765189569278,2.338829472239012
ganfeng_equity,MLP,2025-12-29,9.324,7.100169823064839,4.761340350825827,9.438999295303852,2.338829472239012
ganfeng_equity,MLP,2025-12-30,9.169,7.294950446941138,4.956120974702126,9.63377991918015,2.338829472239012
ganfeng_equity,MLP,2025-12-31,8.993,7.094412453430566,4.755582981191554,9.433241925669577,2.338829472239012
ganfeng_equity,MLP,2026-01-02,8.993,7.082566318223402,4.74373684598439,9.421395790462414,2.338829472239012
ganfeng_equity,MLP,2026-01-05,9.209,7.117310062094659,4.778480589855647,9.456139534333671,2.338829472239012
ganfeng_equity,MLP,2026-01-06,9.58,7.169962691170523,4.8311332189315115,9.508792163409534,2.338829472239012
ganfeng_equity,MLP,2026-01-07,9.502,7.328070625713654,4.989241153474642,9.666900097952666,2.338829472239012
ganfeng_equity,MLP,2026-01-08,9.311,7.329584712187787,4.990755239948775,9.668414184426798,2.338829472239012
ganfeng_equity,MLP,2026-01-09,9.372,7.332377350634529,4.993547878395517,9.67120682287354,2.338829472239012
ganfeng_equity,MLP,2026-01-12,9.748,7.4723685760632605,5.133539103824249,9.811198048302273,2.338829472239012
ganfeng_equity,MLP,2026-01-13,10.147,7.722791163584107,5.383961691345095,10.061620635823118,2.338829472239012
ganfeng_equity,MLP,2026-01-14,9.904,7.837425357944415,5.498595885705403,10.176254830183428,2.338829472239012
ganfeng_equity,MLP,2026-01-15,10.336,7.8147139531287255,5.475884480889714,10.153543425367737,2.338829472239012
ganfeng_equity,MLP,2026-01-16,9.931,7.876770548718424,5.537941076479412,10.215600020957435,2.338829472239012
ganfeng_equity,MLP,2026-01-19,9.747,7.84616837434878,5.507338902109768,10.184997846587791,2.338829472239012
ganfeng_equity,MLP,2026-01-20,9.767,7.858576213896843,5.519746741657831,10.197405686135856,2.338829472239012
ganfeng_equity,MLP,2026-01-21,10.104,7.943130857930676,5.604301385691664,10.281960330169689,2.338829472239012
ganfeng_equity,MLP,2026-01-22,10.018,8.151456976873495,5.8126275046344835,10.490286449112507,2.338829472239012
ganfeng_equity,MLP,2026-01-23,10.609,8.119171888166797,5.780342415927785,10.45800136040581,2.338829472239012
ganfeng_equity,MLP,2026-01-26,10.589,8.238969454658255,5.900139982419243,10.577798926897266,2.338829472239012
ganfeng_equity,MLP,2026-01-27,10.484,10.301434561733426,7.9626050894944145,12.64026403397244,2.338829472239012
ganfeng_equity,MLP,2026-01-28,10.705,10.277493814913312,7.9386643426743,12.616323287152323,2.338829472239012
ganfeng_equity,MLP,2026-01-29,10.617,10.454232312680215,8.115402840441202,12.793061784919228,2.338829472239012
ganfeng_equity,MLP,2026-01-30,9.869,10.353844826957827,8.015015354718816,12.692674299196838,2.338829472239012
ganfeng_equity,MLP,2026-02-02,9.491,9.989280278863383,7.650450806624371,12.328109751102396,2.338829472239012
ganfeng_equity,MLP,2026-02-03,9.787,8.01621825941633,5.6773887871773185,10.355047731655343,2.338829472239012
ganfeng_equity,MLP,2026-02-04,9.674,8.183984737813915,5.8451552655749035,10.522814210052928,2.338829472239012
ganfeng_equity,MLP,2026-02-05,9.068,8.018027175046099,5.679197702807087,10.35685664728511,2.338829472239012
ganfeng_equity,MLP,2026-02-06,9.332,7.526005085598834,5.187175613359822,9.864834557837845,2.338829472239012
ganfeng_equity,MLP,2026-02-09,9.415,7.58380065284144,5.244971180602428,9.922630125080453,2.338829472239012
ganfeng_equity,MLP,2026-02-10,9.41,7.71768682119352,5.378857348954508,10.056516293432532,2.338829472239012
ganfeng_equity,MLP,2026-02-11,9.642,7.700641776167586,5.361812303928574,10.039471248406599,2.338829472239012
ganfeng_equity,MLP,2026-02-12,9.683,7.771524117352839,5.432694645113827,10.11035358959185,2.338829472239012
ganfeng_equity,MLP,2026-02-13,9.6,7.68735497296825,5.348525500729238,10.026184445207262,2.338829472239012
ganfeng_equity,MLP,2026-02-16,9.6,7.722720730458894,5.383891258219882,10.061550202697905,2.338829472239012
ganfeng_equity,MLP,2026-02-17,9.6,9.768121438588507,7.429291966349495,12.106950910827518,2.338829472239012
ganfeng_equity,MLP,2026-02-18,9.6,9.798718154038824,7.459888681799812,12.137547626277836,2.338829472239012
ganfeng_equity,MLP,2026-02-19,9.6,9.842978786998298,7.504149314759286,12.181808259237311,2.338829472239012
ganfeng_equity,MLP,2026-02-20,9.6,9.79815142419851,7.459321951959498,12.136980896437521,2.338829472239012
ganfeng_equity,MLP,2026-02-23,9.6,9.767278276847069,7.428448804608057,12.106107749086082,2.338829472239012
ganfeng_equity,MLP,2026-02-24,10.169,7.8895428782619685,5.550713406022957,10.22837235050098,2.338829472239012
ganfeng_equity,MLP,2026-02-25,10.384,8.16745563488479,5.8286261626457785,10.506285107123801,2.338829472239012
ganfeng_equity,MLP,2026-02-26,10.651,8.37520234381859,6.0363728715795775,10.714031816057602,2.338829472239012
ganfeng_equity,MLP,2026-02-27,10.659,8.38880596950803,6.049976497269019,10.727635441747044,2.338829472239012
ganfeng_equity,MLP,2026-03-02,10.453,8.338400131159226,5.999570658920214,10.677229603398239,2.338829472239012
ganfeng_equity,MLP,2026-03-03,9.75,8.473650423022152,6.13482095078314,10.812479895261163,2.338829472239012
ganfeng_equity,MLP,2026-03-04,9.699,8.23616723134618,5.897337759107168,10.574996703585192,2.338829472239012
ganfeng_equity,MLP,2026-03-05,9.74,8.283489223204354,5.944659750965342,10.622318695443365,2.338829472239012
ganfeng_equity,MLP,2026-03-06,9.554,8.248424882752715,5.909595410513703,10.587254354991728,2.338829472239012
ganfeng_equity,MLP,2026-03-09,9.811,8.034049727306895,5.695220255067883,10.372879199545906,2.338829472239012
ganfeng_equity,MLP,2026-03-10,10.037,7.92142062955085,5.582591157311838,10.260250101789861,2.338829472239012
ganfeng_equity,MLP,2026-03-11,10.221,8.014179512973639,5.675350040734627,10.35300898521265,2.338829472239012
ganfeng_equity,MLP,2026-03-12,10.118,8.04113754924998,5.702308077010968,10.37996702148899,2.338829472239012
ganfeng_equity,Proposed Adaptive Decomposition-Routing Ensemble,2025-10-10,8.961,8.936446486533619,8.64057442891629,9.232318544150948,0.2958720576173288
ganfeng_equity,Proposed Adaptive Decomposition-Routing Ensemble,2025-10-13,9.78,9.343700410564715,9.047828352947386,9.639572468182044,0.2958720576173288
ganfeng_equity,Proposed Adaptive Decomposition-Routing Ensemble,2025-10-14,9.599,9.341354348414063,9.045482290796734,9.637226406031392,0.2958720576173288
ganfeng_equity,Proposed Adaptive Decomposition-Routing Ensemble,2025-10-15,9.287,9.054968277207319,8.75909621958999,9.350840334824648,0.2958720576173288
ganfeng_equity,Proposed Adaptive Decomposition-Routing Ensemble,2025-10-16,9.12,8.95073825869028,8.65486620107295,9.246610316307608,0.2958720576173288
ganfeng_equity,Proposed Adaptive Decomposition-Routing Ensemble,2025-10-17,8.554,8.445537951331888,8.149665893714559,8.741410008949217,0.2958720576173288
ganfeng_equity,Proposed Adaptive Decomposition-Routing Ensemble,2025-10-20,8.524,8.337855207064882,8.041983149447553,8.63372726468221,0.2958720576173288
ganfeng_equity,Proposed Adaptive Decomposition-Routing Ensemble,2025-10-21,8.648,8.457423966104207,8.161551908486878,8.753296023721536,0.2958720576173288
ganfeng_equity,Proposed Adaptive Decomposition-Routing Ensemble,2025-10-22,8.53,8.395303639229708,8.099431581612379,8.691175696847036,0.2958720576173288
ganfeng_equity,Proposed Adaptive Decomposition-Routing Ensemble,2025-10-23,9.009,8.758215286561972,8.462343228944643,9.054087344179301,0.2958720576173288
ganfeng_equity,Proposed Adaptive Decomposition-Routing Ensemble,2025-10-24,9.03,8.74945313260721,8.45358107498988,9.045325190224538,0.2958720576173288
ganfeng_equity,Proposed Adaptive Decomposition-Routing Ensemble,2025-10-27,9.216,9.066194577820301,8.770322520202972,9.36206663543763,0.2958720576173288
ganfeng_equity,Proposed Adaptive Decomposition-Routing Ensemble,2025-10-28,9.111,8.946016947693236,8.650144890075907,9.241889005310565,0.2958720576173288
ganfeng_equity,Proposed Adaptive Decomposition-Routing Ensemble,2025-10-29,9.679,9.420202313291398,9.124330255674069,9.716074370908727,0.2958720576173288
ganfeng_equity,Proposed Adaptive Decomposition-Routing Ensemble,2025-10-30,10.179,9.936397421719185,9.640525364101856,10.232269479336514,0.2958720576173288
ganfeng_equity,Proposed Adaptive Decomposition-Routing Ensemble,2025-10-31,9.698,9.478057032649826,9.182184975032497,9.773929090267155,0.2958720576173288
ganfeng_equity,Proposed Adaptive Decomposition-Routing Ensemble,2025-11-03,9.595,9.488758893873262,9.192886836255934,9.784630951490591,0.2958720576173288
ganfeng_equity,Proposed Adaptive Decomposition-Routing Ensemble,2025-11-04,9.278,9.204978901064571,8.909106843447242,9.5008509586819,0.2958720576173288
ganfeng_equity,Proposed Adaptive Decomposition-Routing Ensemble,2025-11-05,9.374,9.303230035307134,9.007357977689805,9.599102092924463,0.2958720576173288
ganfeng_equity,Proposed Adaptive Decomposition-Routing Ensemble,2025-11-06,9.836,9.729750412441986,9.433878354824657,10.025622470059314,0.2958720576173288
ganfeng_equity,Proposed Adaptive Decomposition-Routing Ensemble,2025-11-07,9.827,9.718280819442397,9.422408761825068,10.014152877059725,0.2958720576173288
ganfeng_equity,Proposed Adaptive Decomposition-Routing Ensemble,2025-11-10,9.743,9.696537424781347,9.400665367164018,9.992409482398676,0.2958720576173288
ganfeng_equity,Proposed Adaptive Decomposition-Routing Ensemble,2025-11-11,9.518,9.600681072205276,9.304809014587947,9.896553129822605,0.2958720576173288
ganfeng_equity,Proposed Adaptive Decomposition-Routing Ensemble,2025-11-12,9.544,9.641484778497913,9.345612720880585,9.937356836115242,0.2958720576173288
ganfeng_equity,Proposed Adaptive Decomposition-Routing Ensemble,2025-11-13,10.201,10.041780268570053,9.745908210952724,10.337652326187381,0.2958720576173288
ganfeng_equity,Proposed Adaptive Decomposition-Routing Ensemble,2025-11-14,9.704,9.8630324781213,9.56716042050397,10.158904535738628,0.2958720576173288
ganfeng_equity,Proposed Adaptive Decomposition-Routing Ensemble,2025-11-17,10.417,10.261029064500667,9.965157006883338,10.556901122117996,0.2958720576173288
ganfeng_equity,Proposed Adaptive Decomposition-Routing Ensemble,2025-11-18,9.838,10.039752440033052,9.743880382415723,10.33562449765038,0.2958720576173288
ganfeng_equity,Proposed Adaptive Decomposition-Routing Ensemble,2025-11-19,10.213,10.022874175072637,9.727002117455308,10.318746232689966,0.2958720576173288
ganfeng_equity,Proposed Adaptive Decomposition-Routing Ensemble,2025-11-20,10.015,9.999627012910242,9.703754955292913,10.29549907052757,0.2958720576173288
ganfeng_equity,Proposed Adaptive Decomposition-Routing Ensemble,2025-11-21,9.025,9.13375167681347,8.83787961919614,9.429623734430798,0.2958720576173288
ganfeng_equity,Proposed Adaptive Decomposition-Routing Ensemble,2025-11-24,8.258,8.49520076799582,8.199328710378492,8.79107282561315,0.2958720576173288
ganfeng_equity,Proposed Adaptive Decomposition-Routing Ensemble,2025-11-25,8.596,8.578720473958855,8.282848416341526,8.874592531576184,0.2958720576173288
ganfeng_equity,Proposed Adaptive Decomposition-Routing Ensemble,2025-11-26,8.639,8.729383134611343,8.433511076994014,9.025255192228672,0.2958720576173288
ganfeng_equity,Proposed Adaptive Decomposition-Routing Ensemble,2025-11-27,8.655,8.767862119476813,8.471990061859485,9.063734177094142,0.2958720576173288
ganfeng_equity,Proposed Adaptive Decomposition-Routing Ensemble,2025-11-28,8.841,8.823041434539753,8.527169376922425,9.118913492157082,0.2958720576173288
ganfeng_equity,Proposed Adaptive Decomposition-Routing Ensemble,2025-12-01,8.845,9.037401034449081,8.741528976831752,9.33327309206641,0.2958720576173288
ganfeng_equity,Proposed Adaptive Decomposition-Routing Ensemble,2025-12-02,8.694,8.760808092248222,8.464936034630894,9.056680149865551,0.2958720576173288
ganfeng_equity,Proposed Adaptive Decomposition-Routing Ensemble,2025-12-03,8.474,8.721073538287703,8.425201480670374,9.016945595905032,0.2958720576173288
ganfeng_equity,Proposed Adaptive Decomposition-Routing Ensemble,2025-12-04,8.459,8.646380602177265,8.350508544559936,8.942252659794594,0.2958720576173288
ganfeng_equity,Proposed Adaptive Decomposition-Routing Ensemble,2025-12-05,8.442,8.633894734864183,8.338022677246855,8.929766792481512,0.2958720576173288
ganfeng_equity,Proposed Adaptive Decomposition-Routing Ensemble,2025-12-08,8.908,9.12264077599071,8.826768718373382,9.41851283360804,0.2958720576173288
ganfeng_equity,Proposed Adaptive Decomposition-Routing Ensemble,2025-12-09,8.849,9.110883889891921,8.815011832274593,9.40675594750925,0.2958720576173288
ganfeng_equity,Proposed Adaptive Decomposition-Routing Ensemble,2025-12-10,8.965,9.153009554508092,8.857137496890763,9.44888161212542,0.2958720576173288
ganfeng_equity,Proposed Adaptive Decomposition-Routing Ensemble,2025-12-11,8.925,9.115089094316444,8.819217036699115,9.410961151933773,0.2958720576173288
ganfeng_equity,Proposed Adaptive Decomposition-Routing Ensemble,2025-12-12,8.689,8.982198306312728,8.6863262486954,9.278070363930057,0.2958720576173288
ganfeng_equity,Proposed Adaptive Decomposition-Routing Ensemble,2025-12-15,8.542,8.758218076036865,8.462346018419536,9.054090133654194,0.2958720576173288
ganfeng_equity,Proposed Adaptive Decomposition-Routing Ensemble,2025-12-16,8.521,8.767764862439346,8.471892804822017,9.063636920056675,0.2958720576173288
ganfeng_equity,Proposed Adaptive Decomposition-Routing Ensemble,2025-12-17,8.943,9.044998780748662,8.749126723131333,9.34087083836599,0.2958720576173288
ganfeng_equity,Proposed Adaptive Decomposition-Routing Ensemble,2025-12-18,8.875,9.18617623251905,8.890304174901722,9.48204829013638,0.2958720576173288
ganfeng_equity,Proposed Adaptive Decomposition-Routing Ensemble,2025-12-19,9.115,9.254049135490524,8.958177077873195,9.549921193107853,0.2958720576173288
ganfeng_equity,Proposed Adaptive Decomposition-Routing Ensemble,2025-12-22,9.276,9.465591535919176,9.169719478301847,9.761463593536504,0.2958720576173288
ganfeng_equity,Proposed Adaptive Decomposition-Routing Ensemble,2025-12-23,9.442,9.376489906575298,9.080617848957969,9.672361964192627,0.2958720576173288
ganfeng_equity,Proposed Adaptive Decomposition-Routing Ensemble,2025-12-24,9.522,9.46835808333125,9.172486025713921,9.764230140948579,0.2958720576173288
ganfeng_equity,Proposed Adaptive Decomposition-Routing Ensemble,2025-12-29,9.324,9.257201284384083,8.961329226766754,9.553073342001412,0.2958720576173288
ganfeng_equity,Proposed Adaptive Decomposition-Routing Ensemble,2025-12-30,9.169,9.070886742414284,8.775014684796956,9.366758800031613,0.2958720576173288
ganfeng_equity,Proposed Adaptive Decomposition-Routing Ensemble,2025-12-31,8.993,9.019033607400388,8.72316154978306,9.314905665017717,0.2958720576173288
ganfeng_equity,Proposed Adaptive Decomposition-Routing Ensemble,2026-01-02,8.993,9.021336580654499,8.72546452303717,9.317208638271827,0.2958720576173288
ganfeng_equity,Proposed Adaptive Decomposition-Routing Ensemble,2026-01-05,9.209,9.154691970354069,8.85881991273674,9.450564027971398,0.2958720576173288
ganfeng_equity,Proposed Adaptive Decomposition-Routing Ensemble,2026-01-06,9.58,9.45728377768444,9.161411720067111,9.753155835301769,0.2958720576173288
ganfeng_equity,Proposed Adaptive Decomposition-Routing Ensemble,2026-01-07,9.502,9.51418389393162,9.21831183631429,9.810055951548948,0.2958720576173288
ganfeng_equity,Proposed Adaptive Decomposition-Routing Ensemble,2026-01-08,9.311,9.290992355031639,8.99512029741431,9.586864412648968,0.2958720576173288
ganfeng_equity,Proposed Adaptive Decomposition-Routing Ensemble,2026-01-09,9.372,9.363110570080606,9.067238512463277,9.658982627697934,0.2958720576173288
ganfeng_equity,Proposed Adaptive Decomposition-Routing Ensemble,2026-01-12,9.748,9.71905657623151,9.423184518614182,10.01492863384884,0.2958720576173288
ganfeng_equity,Proposed Adaptive Decomposition-Routing Ensemble,2026-01-13,10.147,10.011984304957851,9.716112247340522,10.30785636257518,0.2958720576173288
ganfeng_equity,Proposed Adaptive Decomposition-Routing Ensemble,2026-01-14,9.904,9.968978487603653,9.673106429986325,10.264850545220982,0.2958720576173288
ganfeng_equity,Proposed Adaptive Decomposition-Routing Ensemble,2026-01-15,10.336,10.150100826257262,9.854228768639933,10.44597288387459,0.2958720576173288
ganfeng_equity,Proposed Adaptive Decomposition-Routing Ensemble,2026-01-16,9.931,9.9721265153666,9.676254457749272,10.26799857298393,0.2958720576173288
ganfeng_equity,Proposed Adaptive Decomposition-Routing Ensemble,2026-01-19,9.747,9.705947991471088,9.41007593385376,10.001820049088417,0.2958720576173288
ganfeng_equity,Proposed Adaptive Decomposition-Routing Ensemble,2026-01-20,9.767,9.78994155180914,9.49406949419181,10.085813609426468,0.2958720576173288
ganfeng_equity,Proposed Adaptive Decomposition-Routing Ensemble,2026-01-21,10.104,10.018268981199574,9.722396923582245,10.314141038816903,0.2958720576173288
ganfeng_equity,Proposed Adaptive Decomposition-Routing Ensemble,2026-01-22,10.018,9.996589243502957,9.700717185885628,10.292461301120285,0.2958720576173288
ganfeng_equity,Proposed Adaptive Decomposition-Routing Ensemble,2026-01-23,10.609,10.442224717021848,10.146352659404519,10.738096774639176,0.2958720576173288
ganfeng_equity,Proposed Adaptive Decomposition-Routing Ensemble,2026-01-26,10.589,10.577351087952742,10.281479030335413,10.873223145570071,0.2958720576173288
ganfeng_equity,Proposed Adaptive Decomposition-Routing Ensemble,2026-01-27,10.484,10.451178387934,10.155306330316671,10.747050445551329,0.2958720576173288
ganfeng_equity,Proposed Adaptive Decomposition-Routing Ensemble,2026-01-28,10.705,10.535581975446394,10.239709917829066,10.831454033063723,0.2958720576173288
ganfeng_equity,Proposed Adaptive Decomposition-Routing Ensemble,2026-01-29,10.617,10.510727226297558,10.214855168680229,10.806599283914887,0.2958720576173288
ganfeng_equity,Proposed Adaptive Decomposition-Routing Ensemble,2026-01-30,9.869,9.855915994884754,9.560043937267425,10.151788052502082,0.2958720576173288
ganfeng_equity,Proposed Adaptive Decomposition-Routing Ensemble,2026-02-02,9.491,9.49483350698786,9.19896144937053,9.790705564605188,0.2958720576173288
ganfeng_equity,Proposed Adaptive Decomposition-Routing Ensemble,2026-02-03,9.787,9.680028818440519,9.38415676082319,9.975900876057848,0.2958720576173288
ganfeng_equity,Proposed Adaptive Decomposition-Routing Ensemble,2026-02-04,9.674,9.62851055847983,9.332638500862501,9.924382616097159,0.2958720576173288
ganfeng_equity,Proposed Adaptive Decomposition-Routing Ensemble,2026-02-05,9.068,9.227423197383544,8.931551139766215,9.523295255000873,0.2958720576173288
ganfeng_equity,Proposed Adaptive Decomposition-Routing Ensemble,2026-02-06,9.332,9.279029308211722,8.983157250594394,9.574901365829051,0.2958720576173288
ganfeng_equity,Proposed Adaptive Decomposition-Routing Ensemble,2026-02-09,9.415,9.389870287818972,9.093998230201644,9.685742345436301,0.2958720576173288
ganfeng_equity,Proposed Adaptive Decomposition-Routing Ensemble,2026-02-10,9.41,9.320719054692674,9.024846997075345,9.616591112310003,0.2958720576173288
ganfeng_equity,Proposed Adaptive Decomposition-Routing Ensemble,2026-02-11,9.642,9.495032269509812,9.199160211892483,9.79090432712714,0.2958720576173288
ganfeng_equity,Proposed Adaptive Decomposition-Routing Ensemble,2026-02-12,9.683,9.517282969802652,9.221410912185323,9.813155027419981,0.2958720576173288
ganfeng_equity,Proposed Adaptive Decomposition-Routing Ensemble,2026-02-13,9.6,9.429625724093256,9.133753666475927,9.725497781710585,0.2958720576173288
ganfeng_equity,Proposed Adaptive Decomposition-Routing Ensemble,2026-02-16,9.6,9.49165386402214,9.195781806404812,9.78752592163947,0.2958720576173288
ganfeng_equity,Proposed Adaptive Decomposition-Routing Ensemble,2026-02-17,9.6,9.454656051350309,9.15878399373298,9.750528108967638,0.2958720576173288
ganfeng_equity,Proposed Adaptive Decomposition-Routing Ensemble,2026-02-18,9.6,9.37411292879576,9.078240871178432,9.66998498641309,0.2958720576173288
ganfeng_equity,Proposed Adaptive Decomposition-Routing Ensemble,2026-02-19,9.6,9.41120430348776,9.115332245870432,9.70707636110509,0.2958720576173288
ganfeng_equity,Proposed Adaptive Decomposition-Routing Ensemble,2026-02-20,9.6,9.450645381182195,9.154773323564866,9.746517438799524,0.2958720576173288
ganfeng_equity,Proposed Adaptive Decomposition-Routing Ensemble,2026-02-23,9.6,9.438570133749801,9.142698076132472,9.73444219136713,0.2958720576173288
ganfeng_equity,Proposed Adaptive Decomposition-Routing Ensemble,2026-02-24,10.169,9.84400913566454,9.548137078047212,10.13988119328187,0.2958720576173288
ganfeng_equity,Proposed Adaptive Decomposition-Routing Ensemble,2026-02-25,10.384,10.105927448513905,9.810055390896576,10.401799506131233,0.2958720576173288
ganfeng_equity,Proposed Adaptive Decomposition-Routing Ensemble,2026-02-26,10.651,10.1622387344629,9.866366676845571,10.458110792080229,0.2958720576173288
ganfeng_equity,Proposed Adaptive Decomposition-Routing Ensemble,2026-02-27,10.659,10.1141954288411,9.818323371223771,10.410067486458429,0.2958720576173288
ganfeng_equity,Proposed Adaptive Decomposition-Routing Ensemble,2026-03-02,10.453,9.992826703273911,9.696954645656582,10.28869876089124,0.2958720576173288
ganfeng_equity,Proposed Adaptive Decomposition-Routing Ensemble,2026-03-03,9.75,9.539251180464532,9.243379122847204,9.835123238081861,0.2958720576173288
ganfeng_equity,Proposed Adaptive Decomposition-Routing Ensemble,2026-03-04,9.699,9.45911363382474,9.163241576207412,9.75498569144207,0.2958720576173288
ganfeng_equity,Proposed Adaptive Decomposition-Routing Ensemble,2026-03-05,9.74,9.499530362396083,9.203658304778754,9.795402420013412,0.2958720576173288
ganfeng_equity,Proposed Adaptive Decomposition-Routing Ensemble,2026-03-06,9.554,9.416127552015904,9.120255494398576,9.711999609633233,0.2958720576173288
ganfeng_equity,Proposed Adaptive Decomposition-Routing Ensemble,2026-03-09,9.811,9.50324475613832,9.207372698520992,9.79911681375565,0.2958720576173288
ganfeng_equity,Proposed Adaptive Decomposition-Routing Ensemble,2026-03-10,10.037,9.772226646849965,9.476354589232637,10.068098704467294,0.2958720576173288
ganfeng_equity,Proposed Adaptive Decomposition-Routing Ensemble,2026-03-11,10.221,9.799305944879016,9.503433887261687,10.095178002496345,0.2958720576173288
ganfeng_equity,Proposed Adaptive Decomposition-Routing Ensemble,2026-03-12,10.118,9.747428268359611,9.451556210742282,10.04330032597694,0.2958720576173288
ganfeng_equity,RF,2025-10-10,8.961,8.113770000000002,6.583940000000002,9.643600000000003,1.5298300000000005
ganfeng_equity,RF,2025-10-13,9.78,7.73901,6.20918,9.26884,1.5298300000000005
ganfeng_equity,RF,2025-10-14,9.599,8.253430000000002,6.723600000000001,9.783260000000002,1.5298300000000005
ganfeng_equity,RF,2025-10-15,9.287,8.3047,6.77487,9.83453,1.5298300000000005
ganfeng_equity,RF,2025-10-16,9.12,8.219090000000003,6.689260000000003,9.748920000000004,1.5298300000000005
ganfeng_equity,RF,2025-10-17,8.554,8.133290000000002,6.603460000000002,9.663120000000003,1.5298300000000005
ganfeng_equity,RF,2025-10-20,8.524,7.42976,5.8999299999999995,8.95959,1.5298300000000005
ganfeng_equity,RF,2025-10-21,8.648,7.685440000000002,6.155610000000001,9.215270000000002,1.5298300000000005
ganfeng_equity,RF,2025-10-22,8.53,7.491380000000001,5.961550000000001,9.021210000000002,1.5298300000000005
ganfeng_equity,RF,2025-10-23,9.009,7.426970000000001,5.89714,8.956800000000001,1.5298300000000005
ganfeng_equity,RF,2025-10-24,9.03,7.736790000000001,6.2069600000000005,9.266620000000001,1.5298300000000005
ganfeng_equity,RF,2025-10-27,9.216,8.04766,6.51783,9.577490000000001,1.5298300000000005
ganfeng_equity,RF,2025-10-28,9.111,7.749870000000001,6.220040000000001,9.279700000000002,1.5298300000000005
ganfeng_equity,RF,2025-10-29,9.679,7.740750000000001,6.210920000000001,9.270580000000002,1.5298300000000005
ganfeng_equity,RF,2025-10-30,10.179,7.867510000000002,6.3376800000000015,9.397340000000003,1.5298300000000005
ganfeng_equity,RF,2025-10-31,9.698,7.911240000000001,6.381410000000001,9.441070000000002,1.5298300000000005
ganfeng_equity,RF,2025-11-03,9.595,7.892670000000001,6.36284,9.422500000000001,1.5298300000000005
ganfeng_equity,RF,2025-11-04,9.278,7.857760000000001,6.32793,9.387590000000001,1.5298300000000005
ganfeng_equity,RF,2025-11-05,9.374,7.772650000000002,6.242820000000002,9.302480000000003,1.5298300000000005
ganfeng_equity,RF,2025-11-06,9.836,7.7962000000000025,6.266370000000002,9.326030000000003,1.5298300000000005
ganfeng_equity,RF,2025-11-07,9.827,7.8498100000000015,6.319980000000001,9.379640000000002,1.5298300000000005
ganfeng_equity,RF,2025-11-10,9.743,7.87776,6.34793,9.40759,1.5298300000000005
ganfeng_equity,RF,2025-11-11,9.518,7.882280000000001,6.35245,9.412110000000002,1.5298300000000005
ganfeng_equity,RF,2025-11-12,9.544,7.840700000000002,6.310870000000001,9.370530000000002,1.5298300000000005
ganfeng_equity,RF,2025-11-13,10.201,7.853670000000001,6.323840000000001,9.383500000000002,1.5298300000000005
ganfeng_equity,RF,2025-11-14,9.704,7.899310000000001,6.36948,9.42914,1.5298300000000005
ganfeng_equity,RF,2025-11-17,10.417,7.8953500000000005,6.36552,9.425180000000001,1.5298300000000005
ganfeng_equity,RF,2025-11-18,9.838,8.22563,6.6958,9.755460000000001,1.5298300000000005
ganfeng_equity,RF,2025-11-19,10.213,7.930100000000001,6.400270000000001,9.459930000000002,1.5298300000000005
ganfeng_equity,RF,2025-11-20,10.015,8.282240000000002,6.752410000000001,9.812070000000002,1.5298300000000005
ganfeng_equity,RF,2025-11-21,9.025,8.24543,6.7156,9.775260000000001,1.5298300000000005
ganfeng_equity,RF,2025-11-24,8.258,7.7515300000000025,6.221700000000002,9.281360000000003,1.5298300000000005
ganfeng_equity,RF,2025-11-25,8.596,7.148819999999999,5.618989999999998,8.67865,1.5298300000000005
ganfeng_equity,RF,2025-11-26,8.639,7.47681,5.94698,9.00664,1.5298300000000005
ganfeng_equity,RF,2025-11-27,8.655,7.721300000000001,6.191470000000001,9.251130000000002,1.5298300000000005
ganfeng_equity,RF,2025-11-28,8.841,7.717590000000001,6.187760000000001,9.247420000000002,1.5298300000000005
ganfeng_equity,RF,2025-12-01,8.845,8.013920000000002,6.484090000000002,9.543750000000003,1.5298300000000005
ganfeng_equity,RF,2025-12-02,8.694,8.023530000000001,6.4937000000000005,9.553360000000001,1.5298300000000005
ganfeng_equity,RF,2025-12-03,8.474,7.964400000000001,6.434570000000001,9.494230000000002,1.5298300000000005
ganfeng_equity,RF,2025-12-04,8.459,7.652020000000001,6.122190000000001,9.18185,1.5298300000000005
ganfeng_equity,RF,2025-12-05,8.442,7.4137900000000005,5.88396,8.943620000000001,1.5298300000000005
ganfeng_equity,RF,2025-12-08,8.908,7.4397400000000005,5.90991,8.969570000000001,1.5298300000000005
ganfeng_equity,RF,2025-12-09,8.849,8.02264,6.49281,9.552470000000001,1.5298300000000005
ganfeng_equity,RF,2025-12-10,8.965,7.9836100000000005,6.45378,9.513440000000001,1.5298300000000005
ganfeng_equity,RF,2025-12-11,8.925,8.05408,6.52425,9.583910000000001,1.5298300000000005
ganfeng_equity,RF,2025-12-12,8.689,8.01925,6.489419999999999,9.54908,1.5298300000000005
ganfeng_equity,RF,2025-12-15,8.542,7.954260000000001,6.424430000000001,9.484090000000002,1.5298300000000005
ganfeng_equity,RF,2025-12-16,8.521,7.449160000000001,5.91933,8.978990000000001,1.5298300000000005
ganfeng_equity,RF,2025-12-17,8.943,7.518890000000001,5.98906,9.048720000000001,1.5298300000000005
ganfeng_equity,RF,2025-12-18,8.875,7.776500000000001,6.246670000000001,9.306330000000003,1.5298300000000005
ganfeng_equity,RF,2025-12-19,9.115,7.829230000000001,6.2994,9.359060000000001,1.5298300000000005
ganfeng_equity,RF,2025-12-22,9.276,8.189540000000001,6.6597100000000005,9.719370000000001,1.5298300000000005
ganfeng_equity,RF,2025-12-23,9.442,8.228060000000001,6.698230000000001,9.757890000000002,1.5298300000000005
ganfeng_equity,RF,2025-12-24,9.522,8.381420000000002,6.851590000000002,9.911250000000003,1.5298300000000005
ganfeng_equity,RF,2025-12-29,9.324,8.420720000000001,6.890890000000001,9.950550000000002,1.5298300000000005
ganfeng_equity,RF,2025-12-30,9.169,8.289440000000003,6.759610000000002,9.819270000000003,1.5298300000000005
ganfeng_equity,RF,2025-12-31,8.993,8.26867,6.73884,9.7985,1.5298300000000005
ganfeng_equity,RF,2026-01-02,8.993,8.185850000000002,6.656020000000002,9.715680000000003,1.5298300000000005
ganfeng_equity,RF,2026-01-05,9.209,8.235700000000001,6.705870000000001,9.765530000000002,1.5298300000000005
ganfeng_equity,RF,2026-01-06,9.58,8.362210000000001,6.832380000000001,9.892040000000001,1.5298300000000005
ganfeng_equity,RF,2026-01-07,9.502,8.50964,6.979809999999999,10.03947,1.5298300000000005
ganfeng_equity,RF,2026-01-08,9.311,8.511429999999999,6.9815999999999985,10.04126,1.5298300000000005
ganfeng_equity,RF,2026-01-09,9.372,8.37822,6.84839,9.908050000000001,1.5298300000000005
ganfeng_equity,RF,2026-01-12,9.748,8.44555,6.91572,9.975380000000001,1.5298300000000005
ganfeng_equity,RF,2026-01-13,10.147,8.619169999999999,7.089339999999998,10.149,1.5298300000000005
ganfeng_equity,RF,2026-01-14,9.904,8.643359999999998,7.113529999999997,10.173189999999998,1.5298300000000005
ganfeng_equity,RF,2026-01-15,10.336,8.619689999999999,7.089859999999998,10.149519999999999,1.5298300000000005
ganfeng_equity,RF,2026-01-16,9.931,8.619739999999997,7.089909999999996,10.149569999999997,1.5298300000000005
ganfeng_equity,RF,2026-01-19,9.747,8.594099999999997,7.064269999999997,10.123929999999998,1.5298300000000005
ganfeng_equity,RF,2026-01-20,9.767,8.58204,7.052209999999999,10.11187,1.5298300000000005
ganfeng_equity,RF,2026-01-21,10.104,8.582639999999998,7.052809999999997,10.112469999999998,1.5298300000000005
ganfeng_equity,RF,2026-01-22,10.018,8.618759999999998,7.088929999999998,10.148589999999999,1.5298300000000005
ganfeng_equity,RF,2026-01-23,10.609,8.629959999999997,7.1001299999999965,10.159789999999997,1.5298300000000005
ganfeng_equity,RF,2026-01-26,10.589,8.631779999999997,7.101949999999997,10.161609999999998,1.5298300000000005
ganfeng_equity,RF,2026-01-27,10.484,8.636059999999997,7.1062299999999965,10.165889999999997,1.5298300000000005
ganfeng_equity,RF,2026-01-28,10.705,8.723689999999998,7.193859999999997,10.253519999999998,1.5298300000000005
ganfeng_equity,RF,2026-01-29,10.617,8.630969999999998,7.101139999999997,10.160799999999998,1.5298300000000005
ganfeng_equity,RF,2026-01-30,9.869,8.621149999999997,7.091319999999996,10.150979999999997,1.5298300000000005
ganfeng_equity,RF,2026-02-02,9.491,8.591669999999999,7.061839999999998,10.1215,1.5298300000000005
ganfeng_equity,RF,2026-02-03,9.787,8.54365,7.013819999999999,10.07348,1.5298300000000005
ganfeng_equity,RF,2026-02-04,9.674,8.580929999999999,7.051099999999998,10.110759999999999,1.5298300000000005
ganfeng_equity,RF,2026-02-05,9.068,8.573269999999999,7.043439999999999,10.1031,1.5298300000000005
ganfeng_equity,RF,2026-02-06,9.332,8.320440000000001,6.790610000000001,9.850270000000002,1.5298300000000005
ganfeng_equity,RF,2026-02-09,9.415,8.39286,6.86303,9.922690000000001,1.5298300000000005
ganfeng_equity,RF,2026-02-10,9.41,8.50842,6.978589999999999,10.03825,1.5298300000000005
ganfeng_equity,RF,2026-02-11,9.642,8.513089999999998,6.983259999999998,10.042919999999999,1.5298300000000005
ganfeng_equity,RF,2026-02-12,9.683,8.596189999999998,7.066359999999998,10.126019999999999,1.5298300000000005
ganfeng_equity,RF,2026-02-13,9.6,8.566509999999997,7.036679999999997,10.096339999999998,1.5298300000000005
ganfeng_equity,RF,2026-02-16,9.6,8.575279999999998,7.045449999999997,10.105109999999998,1.5298300000000005
ganfeng_equity,RF,2026-02-17,9.6,8.559959999999997,7.030129999999996,10.089789999999997,1.5298300000000005
ganfeng_equity,RF,2026-02-18,9.6,8.551589999999997,7.021759999999997,10.081419999999998,1.5298300000000005
ganfeng_equity,RF,2026-02-19,9.6,8.555769999999997,7.025939999999997,10.085599999999998,1.5298300000000005
ganfeng_equity,RF,2026-02-20,9.6,8.559959999999997,7.030129999999996,10.089789999999997,1.5298300000000005
ganfeng_equity,RF,2026-02-23,9.6,8.559959999999997,7.030129999999996,10.089789999999997,1.5298300000000005
ganfeng_equity,RF,2026-02-24,10.169,8.559959999999997,7.030129999999996,10.089789999999997,1.5298300000000005
ganfeng_equity,RF,2026-02-25,10.384,8.648019999999997,7.118189999999997,10.177849999999998,1.5298300000000005
ganfeng_equity,RF,2026-02-26,10.651,8.745479999999997,7.215649999999997,10.275309999999998,1.5298300000000005
ganfeng_equity,RF,2026-02-27,10.659,8.646219999999996,7.1163899999999956,10.176049999999996,1.5298300000000005
ganfeng_equity,RF,2026-03-02,10.453,8.622369999999998,7.092539999999998,10.152199999999999,1.5298300000000005
ganfeng_equity,RF,2026-03-03,9.75,8.612449999999999,7.082619999999999,10.14228,1.5298300000000005
ganfeng_equity,RF,2026-03-04,9.699,8.595899999999999,7.066069999999998,10.125729999999999,1.5298300000000005
ganfeng_equity,RF,2026-03-05,9.74,8.57246,7.042629999999999,10.10229,1.5298300000000005
ganfeng_equity,RF,2026-03-06,9.554,8.58617,7.056339999999999,10.116,1.5298300000000005
ganfeng_equity,RF,2026-03-09,9.811,8.535559999999997,7.005729999999996,10.065389999999997,1.5298300000000005
ganfeng_equity,RF,2026-03-10,10.037,8.59414,7.064309999999999,10.12397,1.5298300000000005
ganfeng_equity,RF,2026-03-11,10.221,8.621779999999998,7.091949999999997,10.151609999999998,1.5298300000000005
ganfeng_equity,RF,2026-03-12,10.118,8.625139999999998,7.095309999999998,10.154969999999999,1.5298300000000005
ganfeng_equity,Random Walk,2025-10-10,8.961,9.396,8.785,10.007000000000001,0.6110000000000007
ganfeng_equity,Random Walk,2025-10-13,9.78,8.961,8.35,9.572000000000001,0.6110000000000007
ganfeng_equity,Random Walk,2025-10-14,9.599,9.78,9.168999999999999,10.391,0.6110000000000007
ganfeng_equity,Random Walk,2025-10-15,9.287,9.599,8.988,10.21,0.6110000000000007
ganfeng_equity,Random Walk,2025-10-16,9.12,9.287,8.676,9.898000000000001,0.6110000000000007
ganfeng_equity,Random Walk,2025-10-17,8.554,9.12,8.508999999999999,9.731,0.6110000000000007
ganfeng_equity,Random Walk,2025-10-20,8.524,8.554,7.943,9.165000000000001,0.6110000000000007
ganfeng_equity,Random Walk,2025-10-21,8.648,8.524,7.9129999999999985,9.135,0.6110000000000007
ganfeng_equity,Random Walk,2025-10-22,8.53,8.648,8.036999999999999,9.259,0.6110000000000007
ganfeng_equity,Random Walk,2025-10-23,9.009,8.53,7.918999999999999,9.141,0.6110000000000007
ganfeng_equity,Random Walk,2025-10-24,9.03,9.009,8.398,9.620000000000001,0.6110000000000007
ganfeng_equity,Random Walk,2025-10-27,9.216,9.03,8.418999999999999,9.641,0.6110000000000007
ganfeng_equity,Random Walk,2025-10-28,9.111,9.216,8.604999999999999,9.827,0.6110000000000007
ganfeng_equity,Random Walk,2025-10-29,9.679,9.111,8.5,9.722000000000001,0.6110000000000007
ganfeng_equity,Random Walk,2025-10-30,10.179,9.679,9.068,10.290000000000001,0.6110000000000007
ganfeng_equity,Random Walk,2025-10-31,9.698,10.179,9.568,10.790000000000001,0.6110000000000007
ganfeng_equity,Random Walk,2025-11-03,9.595,9.698,9.087,10.309000000000001,0.6110000000000007
ganfeng_equity,Random Walk,2025-11-04,9.278,9.595,8.984,10.206000000000001,0.6110000000000007
ganfeng_equity,Random Walk,2025-11-05,9.374,9.278,8.667,9.889000000000001,0.6110000000000007
ganfeng_equity,Random Walk,2025-11-06,9.836,9.374,8.763,9.985000000000001,0.6110000000000007
ganfeng_equity,Random Walk,2025-11-07,9.827,9.836,9.225,10.447000000000001,0.6110000000000007
ganfeng_equity,Random Walk,2025-11-10,9.743,9.827,9.216,10.438,0.6110000000000007
ganfeng_equity,Random Walk,2025-11-11,9.518,9.743,9.132,10.354000000000001,0.6110000000000007
ganfeng_equity,Random Walk,2025-11-12,9.544,9.518,8.907,10.129000000000001,0.6110000000000007
ganfeng_equity,Random Walk,2025-11-13,10.201,9.544,8.933,10.155000000000001,0.6110000000000007
ganfeng_equity,Random Walk,2025-11-14,9.704,10.201,9.59,10.812000000000001,0.6110000000000007
ganfeng_equity,Random Walk,2025-11-17,10.417,9.704,9.093,10.315000000000001,0.6110000000000007
ganfeng_equity,Random Walk,2025-11-18,9.838,10.417,9.806,11.028,0.6110000000000007
ganfeng_equity,Random Walk,2025-11-19,10.213,9.838,9.226999999999999,10.449,0.6110000000000007
ganfeng_equity,Random Walk,2025-11-20,10.015,10.213,9.601999999999999,10.824,0.6110000000000007
ganfeng_equity,Random Walk,2025-11-21,9.025,10.015,9.404,10.626000000000001,0.6110000000000007
ganfeng_equity,Random Walk,2025-11-24,8.258,9.025,8.414,9.636000000000001,0.6110000000000007
ganfeng_equity,Random Walk,2025-11-25,8.596,8.258,7.6469999999999985,8.869,0.6110000000000007
ganfeng_equity,Random Walk,2025-11-26,8.639,8.596,7.984999999999999,9.207,0.6110000000000007
ganfeng_equity,Random Walk,2025-11-27,8.655,8.639,8.027999999999999,9.25,0.6110000000000007
ganfeng_equity,Random Walk,2025-11-28,8.841,8.655,8.043999999999999,9.266,0.6110000000000007
ganfeng_equity,Random Walk,2025-12-01,8.845,8.841,8.229999999999999,9.452,0.6110000000000007
ganfeng_equity,Random Walk,2025-12-02,8.694,8.845,8.234,9.456000000000001,0.6110000000000007
ganfeng_equity,Random Walk,2025-12-03,8.474,8.694,8.083,9.305000000000001,0.6110000000000007
ganfeng_equity,Random Walk,2025-12-04,8.459,8.474,7.8629999999999995,9.085,0.6110000000000007
ganfeng_equity,Random Walk,2025-12-05,8.442,8.459,7.847999999999999,9.07,0.6110000000000007
ganfeng_equity,Random Walk,2025-12-08,8.908,8.442,7.8309999999999995,9.053,0.6110000000000007
ganfeng_equity,Random Walk,2025-12-09,8.849,8.908,8.296999999999999,9.519,0.6110000000000007
ganfeng_equity,Random Walk,2025-12-10,8.965,8.849,8.238,9.46,0.6110000000000007
ganfeng_equity,Random Walk,2025-12-11,8.925,8.965,8.354,9.576,0.6110000000000007
ganfeng_equity,Random Walk,2025-12-12,8.689,8.925,8.314,9.536000000000001,0.6110000000000007
ganfeng_equity,Random Walk,2025-12-15,8.542,8.689,8.078,9.3,0.6110000000000007
ganfeng_equity,Random Walk,2025-12-16,8.521,8.542,7.930999999999999,9.153,0.6110000000000007
ganfeng_equity,Random Walk,2025-12-17,8.943,8.521,7.91,9.132000000000001,0.6110000000000007
ganfeng_equity,Random Walk,2025-12-18,8.875,8.943,8.331999999999999,9.554,0.6110000000000007
ganfeng_equity,Random Walk,2025-12-19,9.115,8.875,8.264,9.486,0.6110000000000007
ganfeng_equity,Random Walk,2025-12-22,9.276,9.115,8.504,9.726,0.6110000000000007
ganfeng_equity,Random Walk,2025-12-23,9.442,9.276,8.665,9.887,0.6110000000000007
ganfeng_equity,Random Walk,2025-12-24,9.522,9.442,8.831,10.053,0.6110000000000007
ganfeng_equity,Random Walk,2025-12-29,9.324,9.522,8.911,10.133000000000001,0.6110000000000007
ganfeng_equity,Random Walk,2025-12-30,9.169,9.324,8.713,9.935,0.6110000000000007
ganfeng_equity,Random Walk,2025-12-31,8.993,9.169,8.558,9.780000000000001,0.6110000000000007
ganfeng_equity,Random Walk,2026-01-02,8.993,8.993,8.382,9.604000000000001,0.6110000000000007
ganfeng_equity,Random Walk,2026-01-05,9.209,8.993,8.382,9.604000000000001,0.6110000000000007
ganfeng_equity,Random Walk,2026-01-06,9.58,9.209,8.597999999999999,9.82,0.6110000000000007
ganfeng_equity,Random Walk,2026-01-07,9.502,9.58,8.969,10.191,0.6110000000000007
ganfeng_equity,Random Walk,2026-01-08,9.311,9.502,8.891,10.113000000000001,0.6110000000000007
ganfeng_equity,Random Walk,2026-01-09,9.372,9.311,8.7,9.922,0.6110000000000007
ganfeng_equity,Random Walk,2026-01-12,9.748,9.372,8.761,9.983,0.6110000000000007
ganfeng_equity,Random Walk,2026-01-13,10.147,9.748,9.136999999999999,10.359,0.6110000000000007
ganfeng_equity,Random Walk,2026-01-14,9.904,10.147,9.536,10.758000000000001,0.6110000000000007
ganfeng_equity,Random Walk,2026-01-15,10.336,9.904,9.293,10.515,0.6110000000000007
ganfeng_equity,Random Walk,2026-01-16,9.931,10.336,9.725,10.947000000000001,0.6110000000000007
ganfeng_equity,Random Walk,2026-01-19,9.747,9.931,9.319999999999999,10.542,0.6110000000000007
ganfeng_equity,Random Walk,2026-01-20,9.767,9.747,9.136,10.358,0.6110000000000007
ganfeng_equity,Random Walk,2026-01-21,10.104,9.767,9.155999999999999,10.378,0.6110000000000007
ganfeng_equity,Random Walk,2026-01-22,10.018,10.104,9.492999999999999,10.715,0.6110000000000007
ganfeng_equity,Random Walk,2026-01-23,10.609,10.018,9.407,10.629000000000001,0.6110000000000007
ganfeng_equity,Random Walk,2026-01-26,10.589,10.609,9.998,11.22,0.6110000000000007
ganfeng_equity,Random Walk,2026-01-27,10.484,10.589,9.978,11.200000000000001,0.6110000000000007
ganfeng_equity,Random Walk,2026-01-28,10.705,10.484,9.873,11.095,0.6110000000000007
ganfeng_equity,Random Walk,2026-01-29,10.617,10.705,10.094,11.316,0.6110000000000007
ganfeng_equity,Random Walk,2026-01-30,9.869,10.617,10.006,11.228000000000002,0.6110000000000007
ganfeng_equity,Random Walk,2026-02-02,9.491,9.869,9.258,10.48,0.6110000000000007
ganfeng_equity,Random Walk,2026-02-03,9.787,9.491,8.879999999999999,10.102,0.6110000000000007
ganfeng_equity,Random Walk,2026-02-04,9.674,9.787,9.176,10.398000000000001,0.6110000000000007
ganfeng_equity,Random Walk,2026-02-05,9.068,9.674,9.062999999999999,10.285,0.6110000000000007
ganfeng_equity,Random Walk,2026-02-06,9.332,9.068,8.456999999999999,9.679,0.6110000000000007
ganfeng_equity,Random Walk,2026-02-09,9.415,9.332,8.721,9.943000000000001,0.6110000000000007
ganfeng_equity,Random Walk,2026-02-10,9.41,9.415,8.803999999999998,10.026,0.6110000000000007
ganfeng_equity,Random Walk,2026-02-11,9.642,9.41,8.799,10.021,0.6110000000000007
ganfeng_equity,Random Walk,2026-02-12,9.683,9.642,9.030999999999999,10.253,0.6110000000000007
ganfeng_equity,Random Walk,2026-02-13,9.6,9.683,9.072,10.294,0.6110000000000007
ganfeng_equity,Random Walk,2026-02-16,9.6,9.6,8.988999999999999,10.211,0.6110000000000007
ganfeng_equity,Random Walk,2026-02-17,9.6,9.6,8.988999999999999,10.211,0.6110000000000007
ganfeng_equity,Random Walk,2026-02-18,9.6,9.6,8.988999999999999,10.211,0.6110000000000007
ganfeng_equity,Random Walk,2026-02-19,9.6,9.6,8.988999999999999,10.211,0.6110000000000007
ganfeng_equity,Random Walk,2026-02-20,9.6,9.6,8.988999999999999,10.211,0.6110000000000007
ganfeng_equity,Random Walk,2026-02-23,9.6,9.6,8.988999999999999,10.211,0.6110000000000007
ganfeng_equity,Random Walk,2026-02-24,10.169,9.6,8.988999999999999,10.211,0.6110000000000007
ganfeng_equity,Random Walk,2026-02-25,10.384,10.169,9.558,10.780000000000001,0.6110000000000007
ganfeng_equity,Random Walk,2026-02-26,10.651,10.384,9.773,10.995000000000001,0.6110000000000007
ganfeng_equity,Random Walk,2026-02-27,10.659,10.651,10.04,11.262,0.6110000000000007
ganfeng_equity,Random Walk,2026-03-02,10.453,10.659,10.048,11.270000000000001,0.6110000000000007
ganfeng_equity,Random Walk,2026-03-03,9.75,10.453,9.841999999999999,11.064,0.6110000000000007
ganfeng_equity,Random Walk,2026-03-04,9.699,9.75,9.139,10.361,0.6110000000000007
ganfeng_equity,Random Walk,2026-03-05,9.74,9.699,9.088,10.31,0.6110000000000007
ganfeng_equity,Random Walk,2026-03-06,9.554,9.74,9.129,10.351,0.6110000000000007
ganfeng_equity,Random Walk,2026-03-09,9.811,9.554,8.943,10.165000000000001,0.6110000000000007
ganfeng_equity,Random Walk,2026-03-10,10.037,9.811,9.2,10.422,0.6110000000000007
ganfeng_equity,Random Walk,2026-03-11,10.221,10.037,9.426,10.648000000000001,0.6110000000000007
ganfeng_equity,Random Walk,2026-03-12,10.118,10.221,9.61,10.832,0.6110000000000007
ganfeng_equity,SVR,2025-10-10,8.961,5.799660108529615,3.037485358816369,8.561834858242861,2.762174749713246
ganfeng_equity,SVR,2025-10-13,9.78,5.797921747762256,3.03574699804901,8.560096497475502,2.762174749713246
ganfeng_equity,SVR,2025-10-14,9.599,5.800646744622942,3.0384719949096963,8.562821494336188,2.762174749713246
ganfeng_equity,SVR,2025-10-15,9.287,5.801745884284422,3.039571134571176,8.563920633997668,2.762174749713246
ganfeng_equity,SVR,2025-10-16,9.12,5.801497593509568,3.039322843796322,8.563672343222814,2.762174749713246
ganfeng_equity,SVR,2025-10-17,8.554,5.80124546308684,3.0390707133735937,8.563420212800086,2.762174749713246
ganfeng_equity,SVR,2025-10-20,8.524,5.801072181636563,3.038897431923317,8.56324693134981,2.762174749713246
ganfeng_equity,SVR,2025-10-21,8.648,5.800807288583074,3.0386325388698276,8.562982038296319,2.762174749713246
ganfeng_equity,SVR,2025-10-22,8.53,5.799525083934256,3.03735033422101,8.561699833647502,2.762174749713246
ganfeng_equity,SVR,2025-10-23,9.009,5.797695726598919,3.035520976885673,8.559870476312165,2.762174749713246
ganfeng_equity,SVR,2025-10-24,9.03,5.798755172413111,3.036580422699865,8.560929922126357,2.762174749713246
ganfeng_equity,SVR,2025-10-27,9.216,5.7993509042643,3.0371761545510543,8.561525653977547,2.762174749713246
ganfeng_equity,SVR,2025-10-28,9.111,5.799144086939055,3.036969337225809,8.561318836652301,2.762174749713246
ganfeng_equity,SVR,2025-10-29,9.679,5.799675756946721,3.037501007233475,8.561850506659967,2.762174749713246
ganfeng_equity,SVR,2025-10-30,10.179,5.799768737772982,3.0375939880597356,8.561943487486229,2.762174749713246
ganfeng_equity,SVR,2025-10-31,9.698,5.801496224790401,3.0393214750771547,8.563670974503648,2.762174749713246
ganfeng_equity,SVR,2025-11-03,9.595,5.801117707928522,3.0389429582152756,8.563292457641769,2.762174749713246
ganfeng_equity,SVR,2025-11-04,9.278,5.800833731119326,3.03865898140608,8.563008480832572,2.762174749713246
ganfeng_equity,SVR,2025-11-05,9.374,5.800329335399572,3.0381545856863257,8.562504085112817,2.762174749713246
ganfeng_equity,SVR,2025-11-06,9.836,5.800265759319186,3.0380910096059397,8.562440509032431,2.762174749713246
ganfeng_equity,SVR,2025-11-07,9.827,5.799532393436151,3.0373576437229053,8.561707143149398,2.762174749713246
ganfeng_equity,SVR,2025-11-10,9.743,5.8005791168412975,3.0384043671280514,8.562753866554544,2.762174749713246
ganfeng_equity,SVR,2025-11-11,9.518,5.800804002963688,3.038629253250442,8.562978752676933,2.762174749713246
ganfeng_equity,SVR,2025-11-12,9.544,5.80108192992277,3.0389071802095238,8.563256679636016,2.762174749713246
ganfeng_equity,SVR,2025-11-13,10.201,5.801625447250466,3.0394506975372195,8.563800196963712,2.762174749713246
ganfeng_equity,SVR,2025-11-14,9.704,5.802219794520998,3.0400450448077523,8.564394544234244,2.762174749713246
ganfeng_equity,SVR,2025-11-17,10.417,5.802637616248057,3.040462866534811,8.564812365961302,2.762174749713246
ganfeng_equity,SVR,2025-11-18,9.838,5.80300746828945,3.040832718576204,8.565182218002697,2.762174749713246
ganfeng_equity,SVR,2025-11-19,10.213,5.80399491458839,3.041820164875144,8.566169664301636,2.762174749713246
ganfeng_equity,SVR,2025-11-20,10.015,5.8042859495930506,3.0421111998798045,8.566460699306297,2.762174749713246
ganfeng_equity,SVR,2025-11-21,9.025,5.804044703367099,3.041869953653853,8.566219453080345,2.762174749713246
ganfeng_equity,SVR,2025-11-24,8.258,5.8045915882576455,3.0424168385443995,8.566766337970892,2.762174749713246
ganfeng_equity,SVR,2025-11-25,8.596,5.802800803718879,3.0406260540056333,8.564975553432125,2.762174749713246
ganfeng_equity,SVR,2025-11-26,8.639,5.8046179612226965,3.0424432115094504,8.566792710935943,2.762174749713246
ganfeng_equity,SVR,2025-11-27,8.655,5.805192269186324,3.0430175194730777,8.56736701889957,2.762174749713246
ganfeng_equity,SVR,2025-11-28,8.841,5.802987456960839,3.040812707247593,8.565162206674085,2.762174749713246
ganfeng_equity,SVR,2025-12-01,8.845,5.8033501734685045,3.0411754237552584,8.565524923181751,2.762174749713246
ganfeng_equity,SVR,2025-12-02,8.694,5.803633902574043,3.0414591528607966,8.565808652287288,2.762174749713246
ganfeng_equity,SVR,2025-12-03,8.474,5.803342878996737,3.0411681292834913,8.565517628709983,2.762174749713246
ganfeng_equity,SVR,2025-12-04,8.459,5.803597131297508,3.041422381584262,8.565771881010754,2.762174749713246
ganfeng_equity,SVR,2025-12-05,8.442,5.8027146433312575,3.0405398936180115,8.564889393044503,2.762174749713246
ganfeng_equity,SVR,2025-12-08,8.908,5.802617676270745,3.040442926557499,8.564792425983992,2.762174749713246
ganfeng_equity,SVR,2025-12-09,8.849,5.803310519727096,3.0411357700138497,8.565485269440341,2.762174749713246
ganfeng_equity,SVR,2025-12-10,8.965,5.803277401152863,3.0411026514396173,8.56545215086611,2.762174749713246
ganfeng_equity,SVR,2025-12-11,8.925,5.804207048871424,3.042032299158178,8.56638179858467,2.762174749713246
ganfeng_equity,SVR,2025-12-12,8.689,5.80600271498871,3.0438279652754643,8.568177464701957,2.762174749713246
ganfeng_equity,SVR,2025-12-15,8.542,5.805359320630415,3.0431845709171688,8.567534070343662,2.762174749713246
ganfeng_equity,SVR,2025-12-16,8.521,5.805446807733631,3.043272058020385,8.567621557446877,2.762174749713246
ganfeng_equity,SVR,2025-12-17,8.943,5.8063662017370525,3.0441914520238065,8.568540951450299,2.762174749713246
ganfeng_equity,SVR,2025-12-18,8.875,5.806251299835686,3.0440765501224396,8.568426049548933,2.762174749713246
ganfeng_equity,SVR,2025-12-19,9.115,5.7979627389987805,3.0357879892855344,8.560137488712027,2.762174749713246
ganfeng_equity,SVR,2025-12-22,9.276,5.807279029729362,3.0451042800161163,8.569453779442608,2.762174749713246
ganfeng_equity,SVR,2025-12-23,9.442,5.80808614329172,3.045911393578474,8.570260893004967,2.762174749713246
ganfeng_equity,SVR,2025-12-24,9.522,5.809170173775465,3.046995424062219,8.571344923488711,2.762174749713246
ganfeng_equity,SVR,2025-12-29,9.324,5.809587637736657,3.047412888023411,8.571762387449903,2.762174749713246
ganfeng_equity,SVR,2025-12-30,9.169,5.8013833409635005,3.0392085912502544,8.563558090676747,2.762174749713246
ganfeng_equity,SVR,2025-12-31,8.993,5.809413452356501,3.047238702643255,8.571588202069748,2.762174749713246
ganfeng_equity,SVR,2026-01-02,8.993,5.808907485464165,3.0467327357509193,8.57108223517741,2.762174749713246
ganfeng_equity,SVR,2026-01-05,9.209,5.809373976245832,3.0471992265325856,8.571548725959078,2.762174749713246
ganfeng_equity,SVR,2026-01-06,9.58,5.808108984522429,3.0459342348091827,8.570283734235675,2.762174749713246
ganfeng_equity,SVR,2026-01-07,9.502,5.807720898109471,3.045546148396225,8.569895647822717,2.762174749713246
ganfeng_equity,SVR,2026-01-08,9.311,5.806908017137347,3.0447332674241006,8.569082766850592,2.762174749713246
ganfeng_equity,SVR,2026-01-09,9.372,5.808090031868987,3.0459152821557414,8.570264781582233,2.762174749713246
ganfeng_equity,SVR,2026-01-12,9.748,5.80709392429102,3.0449191745777737,8.569268674004267,2.762174749713246
ganfeng_equity,SVR,2026-01-13,10.147,5.8065610422791565,3.0443862925659104,8.568735791992403,2.762174749713246
ganfeng_equity,SVR,2026-01-14,9.904,5.8083702608753836,3.0461955111621375,8.57054501058863,2.762174749713246
ganfeng_equity,SVR,2026-01-15,10.336,5.807940355522755,3.0457656058095086,8.570115105236,2.762174749713246
ganfeng_equity,SVR,2026-01-16,9.931,5.809142213180415,3.046967463467169,8.571316962893661,2.762174749713246
ganfeng_equity,SVR,2026-01-19,9.747,5.8090837342428046,3.0469089845295585,8.57125848395605,2.762174749713246
ganfeng_equity,SVR,2026-01-20,9.767,5.807872909493803,3.0456981597805566,8.570047659207049,2.762174749713246
ganfeng_equity,SVR,2026-01-21,10.104,5.80765315818219,3.045478408468944,8.569827907895437,2.762174749713246
ganfeng_equity,SVR,2026-01-22,10.018,5.808486459609041,3.046311709895795,8.570661209322287,2.762174749713246
ganfeng_equity,SVR,2026-01-23,10.609,5.808872549776387,3.046697800063141,8.571047299489633,2.762174749713246
ganfeng_equity,SVR,2026-01-26,10.589,5.808499600313446,3.0463248506002003,8.570674350026692,2.762174749713246
ganfeng_equity,SVR,2026-01-27,10.484,6.396538074508656,3.6343633247954097,9.158712824221901,2.762174749713246
ganfeng_equity,SVR,2026-01-28,10.705,6.3565441555254445,3.5943694058121984,9.11871890523869,2.762174749713246
ganfeng_equity,SVR,2026-01-29,10.617,6.296985025089533,3.5348102753762873,9.05915977480278,2.762174749713246
ganfeng_equity,SVR,2026-01-30,9.869,6.264387966581812,3.502213216868566,9.026562716295057,2.762174749713246
ganfeng_equity,SVR,2026-02-02,9.491,6.319383108063159,3.5572083583499126,9.081557857776405,2.762174749713246
ganfeng_equity,SVR,2026-02-03,9.787,5.811045903115006,3.04887115340176,8.573220652828251,2.762174749713246
ganfeng_equity,SVR,2026-02-04,9.674,5.806517471783853,3.044342722070607,8.568692221497098,2.762174749713246
ganfeng_equity,SVR,2026-02-05,9.068,5.80807377724844,3.045899027535194,8.570248526961686,2.762174749713246
ganfeng_equity,SVR,2026-02-06,9.332,5.808373957404242,3.0461992076909956,8.570548707117489,2.762174749713246
ganfeng_equity,SVR,2026-02-09,9.415,5.8089043148259725,3.0467295651127264,8.57107906453922,2.762174749713246
ganfeng_equity,SVR,2026-02-10,9.41,5.8068318257927105,3.0446570760794645,8.569006575505956,2.762174749713246
ganfeng_equity,SVR,2026-02-11,9.642,5.8066037972323725,3.0444290475191265,8.56877854694562,2.762174749713246
ganfeng_equity,SVR,2026-02-12,9.683,5.807039896612365,3.0448651468991192,8.569214646325612,2.762174749713246
ganfeng_equity,SVR,2026-02-13,9.6,5.806500678516202,3.044325928802956,8.568675428229447,2.762174749713246
ganfeng_equity,SVR,2026-02-16,9.6,5.80915283045068,3.046978080737434,8.571327580163926,2.762174749713246
ganfeng_equity,SVR,2026-02-17,9.6,6.407068002200938,3.644893252487692,9.169242751914183,2.762174749713246
ganfeng_equity,SVR,2026-02-18,9.6,6.403734782058605,3.6415600323453585,9.16590953177185,2.762174749713246
ganfeng_equity,SVR,2026-02-19,9.6,6.402063561203885,3.639888811490639,9.164238310917131,2.762174749713246
ganfeng_equity,SVR,2026-02-20,9.6,6.402514852879871,3.6403401031666247,9.164689602593118,2.762174749713246
ganfeng_equity,SVR,2026-02-23,9.6,6.404856303264313,3.642681553551067,9.16703105297756,2.762174749713246
ganfeng_equity,SVR,2026-02-24,10.169,5.8092418276522615,3.0470670779390154,8.571416577365508,2.762174749713246
ganfeng_equity,SVR,2026-02-25,10.384,5.807983573490697,3.0458088237774508,8.570158323203943,2.762174749713246
ganfeng_equity,SVR,2026-02-26,10.651,5.80532270083092,3.0431479511176738,8.567497450544167,2.762174749713246
ganfeng_equity,SVR,2026-02-27,10.659,5.805531985490242,3.0433572357769956,8.567706735203487,2.762174749713246
ganfeng_equity,SVR,2026-03-02,10.453,5.805129497000166,3.0429547472869203,8.567304246713412,2.762174749713246
ganfeng_equity,SVR,2026-03-03,9.75,5.80452591121896,3.0423511615057137,8.566700660932206,2.762174749713246
ganfeng_equity,SVR,2026-03-04,9.699,5.80587163031873,3.0436968806054843,8.568046380031976,2.762174749713246
ganfeng_equity,SVR,2026-03-05,9.74,5.804944514094857,3.042769764381611,8.567119263808102,2.762174749713246
ganfeng_equity,SVR,2026-03-06,9.554,5.806379356380883,3.0442046066676367,8.56855410609413,2.762174749713246
ganfeng_equity,SVR,2026-03-09,9.811,5.806502740970661,3.044327991257415,8.568677490683907,2.762174749713246
ganfeng_equity,SVR,2026-03-10,10.037,5.8085422308753225,3.0463674811620765,8.570716980588568,2.762174749713246
ganfeng_equity,SVR,2026-03-11,10.221,5.807037355622009,3.0448626059087633,8.569212105335255,2.762174749713246
ganfeng_equity,SVR,2026-03-12,10.118,5.806282539154112,3.044107789440866,8.568457288867357,2.762174749713246
ganfeng_equity,VMD-ARIMA,2025-10-10,8.961,9.0565965652795,8.24937668852997,9.86381644202903,0.8072198767495307
ganfeng_equity,VMD-ARIMA,2025-10-13,9.78,9.652162125775918,8.844942249026388,10.459382002525448,0.8072198767495307
ganfeng_equity,VMD-ARIMA,2025-10-14,9.599,9.450498175484986,8.643278298735456,10.257718052234516,0.8072198767495307
ganfeng_equity,VMD-ARIMA,2025-10-15,9.287,9.183405000515963,8.376185123766433,9.990624877265493,0.8072198767495307
ganfeng_equity,VMD-ARIMA,2025-10-16,9.12,9.158130089260919,8.350910212511387,9.96534996601045,0.8072198767495307
ganfeng_equity,VMD-ARIMA,2025-10-17,8.554,8.731661841118513,7.924441964368982,9.538881717868044,0.8072198767495307
ganfeng_equity,VMD-ARIMA,2025-10-20,8.524,8.675033904471986,7.8678140277224555,9.482253781221516,0.8072198767495307
ganfeng_equity,VMD-ARIMA,2025-10-21,8.648,8.76601907839302,7.958799201643489,9.57323895514255,0.8072198767495307
ganfeng_equity,VMD-ARIMA,2025-10-22,8.53,8.637095514664086,7.829875637914555,9.444315391413618,0.8072198767495307
ganfeng_equity,VMD-ARIMA,2025-10-23,9.009,8.919822745179317,8.112602868429786,9.727042621928849,0.8072198767495307
ganfeng_equity,VMD-ARIMA,2025-10-24,9.03,8.865191377940278,8.057971501190746,9.67241125468981,0.8072198767495307
ganfeng_equity,VMD-ARIMA,2025-10-27,9.216,9.257299444614638,8.450079567865107,10.06451932136417,0.8072198767495307
ganfeng_equity,VMD-ARIMA,2025-10-28,9.111,9.250471347308903,8.443251470559371,10.057691224058434,0.8072198767495307
ganfeng_equity,VMD-ARIMA,2025-10-29,9.679,9.605871641487859,8.798651764738327,10.41309151823739,0.8072198767495307
ganfeng_equity,VMD-ARIMA,2025-10-30,10.179,9.958544423180907,9.151324546431375,10.765764299930439,0.8072198767495307
ganfeng_equity,VMD-ARIMA,2025-10-31,9.698,9.508354522472873,8.701134645723343,10.315574399222402,0.8072198767495307
ganfeng_equity,VMD-ARIMA,2025-11-03,9.595,9.693680568415024,8.886460691665494,10.500900445164554,0.8072198767495307
ganfeng_equity,VMD-ARIMA,2025-11-04,9.278,9.426333056344951,8.61911317959542,10.233552933094483,0.8072198767495307
ganfeng_equity,VMD-ARIMA,2025-11-05,9.374,9.407137591814074,8.599917715064542,10.214357468563605,0.8072198767495307
ganfeng_equity,VMD-ARIMA,2025-11-06,9.836,9.627089308111607,8.819869431362076,10.434309184861139,0.8072198767495307
ganfeng_equity,VMD-ARIMA,2025-11-07,9.827,9.687282684604872,8.880062807855342,10.494502561354402,0.8072198767495307
ganfeng_equity,VMD-ARIMA,2025-11-10,9.743,9.679891319591372,8.872671442841842,10.487111196340901,0.8072198767495307
ganfeng_equity,VMD-ARIMA,2025-11-11,9.518,9.697443299919467,8.890223423169935,10.504663176668998,0.8072198767495307
ganfeng_equity,VMD-ARIMA,2025-11-12,9.544,9.614525859296117,8.807305982546588,10.421745736045647,0.8072198767495307
ganfeng_equity,VMD-ARIMA,2025-11-13,10.201,9.96470194571336,9.15748206896383,10.77192182246289,0.8072198767495307
ganfeng_equity,VMD-ARIMA,2025-11-14,9.704,9.604930745313412,8.797710868563883,10.412150622062942,0.8072198767495307
ganfeng_equity,VMD-ARIMA,2025-11-17,10.417,10.301469872205269,9.494249995455739,11.108689748954799,0.8072198767495307
ganfeng_equity,VMD-ARIMA,2025-11-18,9.838,9.894600284695962,9.08738040794643,10.701820161445493,0.8072198767495307
ganfeng_equity,VMD-ARIMA,2025-11-19,10.213,9.94482454535397,9.137604668604439,10.752044422103502,0.8072198767495307
ganfeng_equity,VMD-ARIMA,2025-11-20,10.015,9.713498166582694,8.906278289833164,10.520718043332224,0.8072198767495307
ganfeng_equity,VMD-ARIMA,2025-11-21,9.025,9.017607379079859,8.210387502330327,9.82482725582939,0.8072198767495307
ganfeng_equity,VMD-ARIMA,2025-11-24,8.258,8.560654282221439,7.753434405471908,9.36787415897097,0.8072198767495307
ganfeng_equity,VMD-ARIMA,2025-11-25,8.596,8.571726561573238,7.764506684823707,9.378946438322767,0.8072198767495307
ganfeng_equity,VMD-ARIMA,2025-11-26,8.639,8.533892040604888,7.7266721638553575,9.341111917354418,0.8072198767495307
ganfeng_equity,VMD-ARIMA,2025-11-27,8.655,8.631152570125401,7.823932693375871,9.438372446874933,0.8072198767495307
ganfeng_equity,VMD-ARIMA,2025-11-28,8.841,8.815403428344613,8.008183551595081,9.622623305094145,0.8072198767495307
ganfeng_equity,VMD-ARIMA,2025-12-01,8.845,8.888779305793548,8.081559429044017,9.69599918254308,0.8072198767495307
ganfeng_equity,VMD-ARIMA,2025-12-02,8.694,8.629755069891594,7.8225351931420635,9.436974946641126,0.8072198767495307
ganfeng_equity,VMD-ARIMA,2025-12-03,8.474,8.588887338031729,7.781667461282198,9.39610721478126,0.8072198767495307
ganfeng_equity,VMD-ARIMA,2025-12-04,8.459,8.583936902889137,7.776717026139607,9.391156779638667,0.8072198767495307
ganfeng_equity,VMD-ARIMA,2025-12-05,8.442,8.478196614235399,7.670976737485868,9.285416490984929,0.8072198767495307
ganfeng_equity,VMD-ARIMA,2025-12-08,8.908,8.881332507643311,8.07411263089378,9.688552384392842,0.8072198767495307
ganfeng_equity,VMD-ARIMA,2025-12-09,8.849,8.86782315812264,8.060603281373108,9.675043034872171,0.8072198767495307
ganfeng_equity,VMD-ARIMA,2025-12-10,8.965,8.938429114325876,8.131209237576346,9.745648991075406,0.8072198767495307
ganfeng_equity,VMD-ARIMA,2025-12-11,8.925,8.872470973275986,8.065251096526456,9.679690850025516,0.8072198767495307
ganfeng_equity,VMD-ARIMA,2025-12-12,8.689,8.744467060724089,7.937247183974558,9.551686937473619,0.8072198767495307
ganfeng_equity,VMD-ARIMA,2025-12-15,8.542,8.598647835879401,7.79142795912987,9.405867712628933,0.8072198767495307
ganfeng_equity,VMD-ARIMA,2025-12-16,8.521,8.645485648612233,7.8382657718627025,9.452705525361765,0.8072198767495307
ganfeng_equity,VMD-ARIMA,2025-12-17,8.943,8.898264108353999,8.091044231604467,9.70548398510353,0.8072198767495307
ganfeng_equity,VMD-ARIMA,2025-12-18,8.875,9.043476361588176,8.236256484838645,9.850696238337708,0.8072198767495307
ganfeng_equity,VMD-ARIMA,2025-12-19,9.115,9.246904991227666,8.439685114478134,10.054124867977198,0.8072198767495307
ganfeng_equity,VMD-ARIMA,2025-12-22,9.276,9.523700393453288,8.716480516703758,10.330920270202817,0.8072198767495307
ganfeng_equity,VMD-ARIMA,2025-12-23,9.442,9.3954132682177,8.58819339146817,10.20263314496723,0.8072198767495307
ganfeng_equity,VMD-ARIMA,2025-12-24,9.522,9.425650427360528,8.618430550610999,10.232870304110058,0.8072198767495307
ganfeng_equity,VMD-ARIMA,2025-12-29,9.324,9.219575455061904,8.412355578312372,10.026795331811435,0.8072198767495307
ganfeng_equity,VMD-ARIMA,2025-12-30,9.169,9.05718952044832,8.24996964369879,9.86440939719785,0.8072198767495307
ganfeng_equity,VMD-ARIMA,2025-12-31,8.993,9.018444735291041,8.21122485854151,9.825664612040573,0.8072198767495307
ganfeng_equity,VMD-ARIMA,2026-01-02,8.993,9.113634409730828,8.306414532981297,9.92085428648036,0.8072198767495307
ganfeng_equity,VMD-ARIMA,2026-01-05,9.209,9.212225505086119,8.405005628336589,10.019445381835649,0.8072198767495307
ganfeng_equity,VMD-ARIMA,2026-01-06,9.58,9.345633451088254,8.538413574338723,10.152853327837786,0.8072198767495307
ganfeng_equity,VMD-ARIMA,2026-01-07,9.502,9.440719454929935,8.633499578180405,10.247939331679465,0.8072198767495307
ganfeng_equity,VMD-ARIMA,2026-01-08,9.311,9.365747803169365,8.558527926419835,10.172967679918894,0.8072198767495307
ganfeng_equity,VMD-ARIMA,2026-01-09,9.372,9.46308656247057,8.65586668572104,10.2703064392201,0.8072198767495307
ganfeng_equity,VMD-ARIMA,2026-01-12,9.748,9.721013018738299,8.91379314198877,10.528232895487829,0.8072198767495307
ganfeng_equity,VMD-ARIMA,2026-01-13,10.147,9.988463115958478,9.181243239208946,10.79568299270801,0.8072198767495307
ganfeng_equity,VMD-ARIMA,2026-01-14,9.904,9.89470323577949,9.08748335902996,10.70192311252902,0.8072198767495307
ganfeng_equity,VMD-ARIMA,2026-01-15,10.336,10.202440895747948,9.395221018998416,11.00966077249748,0.8072198767495307
ganfeng_equity,VMD-ARIMA,2026-01-16,9.931,9.959502562935253,9.152282686185721,10.766722439684784,0.8072198767495307
ganfeng_equity,VMD-ARIMA,2026-01-19,9.747,9.769275406922194,8.962055530172663,10.576495283671726,0.8072198767495307
ganfeng_equity,VMD-ARIMA,2026-01-20,9.767,9.818599633878689,9.01137975712916,10.625819510628219,0.8072198767495307
ganfeng_equity,VMD-ARIMA,2026-01-21,10.104,10.041900806812173,9.234680930062641,10.849120683561704,0.8072198767495307
ganfeng_equity,VMD-ARIMA,2026-01-22,10.018,9.99642960762337,9.189209730873838,10.803649484372901,0.8072198767495307
ganfeng_equity,VMD-ARIMA,2026-01-23,10.609,10.485259341745708,9.678039464996179,11.292479218495238,0.8072198767495307
ganfeng_equity,VMD-ARIMA,2026-01-26,10.589,10.652524604315458,9.845304727565928,11.459744481064988,0.8072198767495307
ganfeng_equity,VMD-ARIMA,2026-01-27,10.484,10.538250028429893,9.731030151680361,11.345469905179424,0.8072198767495307
ganfeng_equity,VMD-ARIMA,2026-01-28,10.705,10.520028698795054,9.712808822045524,11.327248575544584,0.8072198767495307
ganfeng_equity,VMD-ARIMA,2026-01-29,10.617,10.41421912748391,9.606999250734379,11.221439004233442,0.8072198767495307
ganfeng_equity,VMD-ARIMA,2026-01-30,9.869,9.906999736032747,9.099779859283217,10.714219612782276,0.8072198767495307
ganfeng_equity,VMD-ARIMA,2026-02-02,9.491,9.658726588547589,8.85150671179806,10.465946465297119,0.8072198767495307
ganfeng_equity,VMD-ARIMA,2026-02-03,9.787,9.720000390433237,8.912780513683707,10.527220267182766,0.8072198767495307
ganfeng_equity,VMD-ARIMA,2026-02-04,9.674,9.558418193005792,8.75119831625626,10.365638069755324,0.8072198767495307
ganfeng_equity,VMD-ARIMA,2026-02-05,9.068,9.304772326147756,8.497552449398224,10.111992202897287,0.8072198767495307
ganfeng_equity,VMD-ARIMA,2026-02-06,9.332,9.537947340659521,8.73072746390999,10.345167217409053,0.8072198767495307
ganfeng_equity,VMD-ARIMA,2026-02-09,9.415,9.502522030025112,8.69530215327558,10.309741906774644,0.8072198767495307
ganfeng_equity,VMD-ARIMA,2026-02-10,9.41,9.43083853344142,8.623618656691889,10.238058410190952,0.8072198767495307
ganfeng_equity,VMD-ARIMA,2026-02-11,9.642,9.671446283952436,8.864226407202906,10.478666160701966,0.8072198767495307
ganfeng_equity,VMD-ARIMA,2026-02-12,9.683,9.680577081864538,8.873357205115006,10.48779695861407,0.8072198767495307
ganfeng_equity,VMD-ARIMA,2026-02-13,9.6,9.63765492776525,8.83043505101572,10.444874804514782,0.8072198767495307
ganfeng_equity,VMD-ARIMA,2026-02-16,9.6,9.725791218901827,8.918571342152298,10.533011095651357,0.8072198767495307
ganfeng_equity,VMD-ARIMA,2026-02-17,9.6,9.687353914270934,8.880134037521405,10.494573791020464,0.8072198767495307
ganfeng_equity,VMD-ARIMA,2026-02-18,9.6,9.587472818086692,8.78025294133716,10.394692694836223,0.8072198767495307
ganfeng_equity,VMD-ARIMA,2026-02-19,9.6,9.604211966433688,8.796992089684156,10.41143184318322,0.8072198767495307
ganfeng_equity,VMD-ARIMA,2026-02-20,9.6,9.70472520591762,8.89750532916809,10.51194508266715,0.8072198767495307
ganfeng_equity,VMD-ARIMA,2026-02-23,9.6,9.75432684172558,8.94710696497605,10.56154671847511,0.8072198767495307
ganfeng_equity,VMD-ARIMA,2026-02-24,10.169,10.171726660320523,9.364506783570992,10.978946537070055,0.8072198767495307
ganfeng_equity,VMD-ARIMA,2026-02-25,10.384,10.419816489607827,9.612596612858297,11.227036366357357,0.8072198767495307
ganfeng_equity,VMD-ARIMA,2026-02-26,10.651,10.510388887931718,9.703169011182187,11.31760876468125,0.8072198767495307
ganfeng_equity,VMD-ARIMA,2026-02-27,10.659,10.491375790952354,9.684155914202822,11.298595667701886,0.8072198767495307
ganfeng_equity,VMD-ARIMA,2026-03-02,10.453,10.32473982821852,9.51751995146899,11.13195970496805,0.8072198767495307
ganfeng_equity,VMD-ARIMA,2026-03-03,9.75,9.867228788523072,9.06000891177354,10.674448665272603,0.8072198767495307
ganfeng_equity,VMD-ARIMA,2026-03-04,9.699,9.755227256940838,8.948007380191306,10.56244713369037,0.8072198767495307
ganfeng_equity,VMD-ARIMA,2026-03-05,9.74,9.727269452961668,8.920049576212136,10.5344893297112,0.8072198767495307
ganfeng_equity,VMD-ARIMA,2026-03-06,9.554,9.67220925678787,8.864989380038338,10.479429133537401,0.8072198767495307
ganfeng_equity,VMD-ARIMA,2026-03-09,9.811,9.848710360968647,9.041490484219118,10.655930237718177,0.8072198767495307
ganfeng_equity,VMD-ARIMA,2026-03-10,10.037,9.9803890109772,9.17316913422767,10.78760888772673,0.8072198767495307
ganfeng_equity,VMD-ARIMA,2026-03-11,10.221,10.04172946430384,9.23450958755431,10.84894934105337,0.8072198767495307
ganfeng_equity,VMD-ARIMA,2026-03-12,10.118,10.042618753911492,9.235398877161963,10.849838630661022,0.8072198767495307
ganfeng_equity,VMD-LSTM,2025-10-10,8.961,8.624878883361816,8.118985221862793,9.13077254486084,0.505893661499023
ganfeng_equity,VMD-LSTM,2025-10-13,9.78,9.058674812316895,8.552781150817871,9.564568473815918,0.505893661499023
ganfeng_equity,VMD-LSTM,2025-10-14,9.599,8.840600967407227,8.334707305908204,9.34649462890625,0.505893661499023
ganfeng_equity,VMD-LSTM,2025-10-15,9.287,8.736591339111328,8.230697677612305,9.242485000610351,0.505893661499023
ganfeng_equity,VMD-LSTM,2025-10-16,9.12,8.686244010925293,8.18035034942627,9.192137672424316,0.505893661499023
ganfeng_equity,VMD-LSTM,2025-10-17,8.554,8.46003532409668,7.954141662597657,8.965928985595703,0.505893661499023
ganfeng_equity,VMD-LSTM,2025-10-20,8.524,8.283502578735352,7.7776089172363285,8.789396240234375,0.505893661499023
ganfeng_equity,VMD-LSTM,2025-10-21,8.648,8.367378234863281,7.861484573364258,8.873271896362304,0.505893661499023
ganfeng_equity,VMD-LSTM,2025-10-22,8.53,8.308298110961914,7.802404449462891,8.814191772460937,0.505893661499023
ganfeng_equity,VMD-LSTM,2025-10-23,9.009,8.433971405029297,7.928077743530274,8.93986506652832,0.505893661499023
ganfeng_equity,VMD-LSTM,2025-10-24,9.03,8.430635452270508,7.924741790771485,8.93652911376953,0.505893661499023
ganfeng_equity,VMD-LSTM,2025-10-27,9.216,8.707521438598633,8.20162777709961,9.213415100097656,0.505893661499023
ganfeng_equity,VMD-LSTM,2025-10-28,9.111,8.67576789855957,8.169874237060547,9.181661560058593,0.505893661499023
ganfeng_equity,VMD-LSTM,2025-10-29,9.679,8.969976425170898,8.464082763671875,9.475870086669921,0.505893661499023
ganfeng_equity,VMD-LSTM,2025-10-30,10.179,9.217425346374512,8.711531684875489,9.723319007873535,0.505893661499023
ganfeng_equity,VMD-LSTM,2025-10-31,9.698,9.02376651763916,8.517872856140137,9.529660179138183,0.505893661499023
ganfeng_equity,VMD-LSTM,2025-11-03,9.595,9.207623481750488,8.701729820251465,9.713517143249511,0.505893661499023
ganfeng_equity,VMD-LSTM,2025-11-04,9.278,9.045099258422852,8.539205596923829,9.550992919921875,0.505893661499023
ganfeng_equity,VMD-LSTM,2025-11-05,9.374,9.041089057922363,8.53519539642334,9.546982719421386,0.505893661499023
ganfeng_equity,VMD-LSTM,2025-11-06,9.836,9.13192367553711,8.626030014038086,9.637817337036132,0.505893661499023
ganfeng_equity,VMD-LSTM,2025-11-07,9.827,9.279013633728027,8.773119972229004,9.78490729522705,0.505893661499023
ganfeng_equity,VMD-LSTM,2025-11-10,9.743,9.219711303710938,8.713817642211914,9.72560496520996,0.505893661499023
ganfeng_equity,VMD-LSTM,2025-11-11,9.518,9.255536079406738,8.749642417907715,9.761429740905761,0.505893661499023
ganfeng_equity,VMD-LSTM,2025-11-12,9.544,9.215415000915527,8.709521339416504,9.72130866241455,0.505893661499023
ganfeng_equity,VMD-LSTM,2025-11-13,10.201,9.341238975524902,8.83534531402588,9.847132637023925,0.505893661499023
ganfeng_equity,VMD-LSTM,2025-11-14,9.704,9.12890911102295,8.623015449523926,9.634802772521972,0.505893661499023
ganfeng_equity,VMD-LSTM,2025-11-17,10.417,9.567355155944824,9.061461494445801,10.073248817443847,0.505893661499023
ganfeng_equity,VMD-LSTM,2025-11-18,9.838,9.290850639343262,8.784956977844239,9.796744300842285,0.505893661499023
ganfeng_equity,VMD-LSTM,2025-11-19,10.213,9.311057090759277,8.805163429260254,9.8169507522583,0.505893661499023
ganfeng_equity,VMD-LSTM,2025-11-20,10.015,9.09760570526123,8.591712043762207,9.603499366760254,0.505893661499023
ganfeng_equity,VMD-LSTM,2025-11-21,9.025,8.673487663269043,8.16759400177002,9.179381324768066,0.505893661499023
ganfeng_equity,VMD-LSTM,2025-11-24,8.258,8.30142879486084,7.795535133361817,8.807322456359863,0.505893661499023
ganfeng_equity,VMD-LSTM,2025-11-25,8.596,8.245638847351074,7.739745185852051,8.751532508850097,0.505893661499023
ganfeng_equity,VMD-LSTM,2025-11-26,8.639,8.09511947631836,7.589225814819336,8.601013137817382,0.505893661499023
ganfeng_equity,VMD-LSTM,2025-11-27,8.655,8.181109428405762,7.675215766906739,8.687003089904785,0.505893661499023
ganfeng_equity,VMD-LSTM,2025-11-28,8.841,8.262347221374512,7.756453559875489,8.768240882873535,0.505893661499023
ganfeng_equity,VMD-LSTM,2025-12-01,8.845,8.368463516235352,7.8625698547363285,8.874357177734375,0.505893661499023
ganfeng_equity,VMD-LSTM,2025-12-02,8.694,8.176328659057617,7.670434997558594,8.68222232055664,0.505893661499023
ganfeng_equity,VMD-LSTM,2025-12-03,8.474,8.157618522644043,7.65172486114502,8.663512184143066,0.505893661499023
ganfeng_equity,VMD-LSTM,2025-12-04,8.459,8.237381935119629,7.731488273620606,8.743275596618652,0.505893661499023
ganfeng_equity,VMD-LSTM,2025-12-05,8.442,8.060349464416504,7.554455802917481,8.566243125915527,0.505893661499023
ganfeng_equity,VMD-LSTM,2025-12-08,8.908,8.417305946350098,7.911412284851075,8.92319960784912,0.505893661499023
ganfeng_equity,VMD-LSTM,2025-12-09,8.849,8.393424987792969,7.887531326293946,8.899318649291992,0.505893661499023
ganfeng_equity,VMD-LSTM,2025-12-10,8.965,8.456487655639648,7.950593994140625,8.962381317138671,0.505893661499023
ganfeng_equity,VMD-LSTM,2025-12-11,8.925,8.412949562072754,7.907055900573731,8.918843223571777,0.505893661499023
ganfeng_equity,VMD-LSTM,2025-12-12,8.689,8.331963539123535,7.826069877624512,8.837857200622558,0.505893661499023
ganfeng_equity,VMD-LSTM,2025-12-15,8.542,8.215147018432617,7.709253356933594,8.72104067993164,0.505893661499023
ganfeng_equity,VMD-LSTM,2025-12-16,8.521,8.256932258605957,7.751038597106934,8.76282592010498,0.505893661499023
ganfeng_equity,VMD-LSTM,2025-12-17,8.943,8.453277587890625,7.947383926391602,8.959171249389648,0.505893661499023
ganfeng_equity,VMD-LSTM,2025-12-18,8.875,8.551386833190918,8.045493171691895,9.057280494689941,0.505893661499023
ganfeng_equity,VMD-LSTM,2025-12-19,9.115,8.717846870422363,8.21195320892334,9.223740531921386,0.505893661499023
ganfeng_equity,VMD-LSTM,2025-12-22,9.276,8.89053726196289,8.384643600463868,9.396430923461914,0.505893661499023
ganfeng_equity,VMD-LSTM,2025-12-23,9.442,8.748224258422852,8.242330596923829,9.254117919921875,0.505893661499023
ganfeng_equity,VMD-LSTM,2025-12-24,9.522,8.7540283203125,8.248134658813477,9.259921981811523,0.505893661499023
ganfeng_equity,VMD-LSTM,2025-12-29,9.324,8.63779067993164,8.131897018432618,9.143684341430664,0.505893661499023
ganfeng_equity,VMD-LSTM,2025-12-30,9.169,8.505534172058105,7.999640510559082,9.011427833557129,0.505893661499023
ganfeng_equity,VMD-LSTM,2025-12-31,8.993,8.500099182128906,7.994205520629883,9.00599284362793,0.505893661499023
ganfeng_equity,VMD-LSTM,2026-01-02,8.993,8.621097564697266,8.115203903198243,9.126991226196289,0.505893661499023
ganfeng_equity,VMD-LSTM,2026-01-05,9.209,8.717050552368164,8.211156890869141,9.222944213867187,0.505893661499023
ganfeng_equity,VMD-LSTM,2026-01-06,9.58,8.821803092956543,8.31590943145752,9.327696754455566,0.505893661499023
ganfeng_equity,VMD-LSTM,2026-01-07,9.502,8.948441505432129,8.442547843933106,9.454335166931152,0.505893661499023
ganfeng_equity,VMD-LSTM,2026-01-08,9.311,8.905057907104492,8.39916424560547,9.410951568603515,0.505893661499023
ganfeng_equity,VMD-LSTM,2026-01-09,9.372,8.944703102111816,8.438809440612793,9.45059676361084,0.505893661499023
ganfeng_equity,VMD-LSTM,2026-01-12,9.748,9.100749969482422,8.594856307983399,9.606643630981445,0.505893661499023
ganfeng_equity,VMD-LSTM,2026-01-13,10.147,9.332284927368164,8.826391265869141,9.838178588867187,0.505893661499023
ganfeng_equity,VMD-LSTM,2026-01-14,9.904,9.312784194946289,8.806890533447266,9.818677856445312,0.505893661499023
ganfeng_equity,VMD-LSTM,2026-01-15,10.336,9.630072593688965,9.124178932189942,10.135966255187988,0.505893661499023
ganfeng_equity,VMD-LSTM,2026-01-16,9.931,9.461487770080566,8.955594108581543,9.96738143157959,0.505893661499023
ganfeng_equity,VMD-LSTM,2026-01-19,9.747,9.351778030395508,8.845884368896485,9.85767169189453,0.505893661499023
ganfeng_equity,VMD-LSTM,2026-01-20,9.767,9.349319458007812,8.84342579650879,9.855213119506836,0.505893661499023
ganfeng_equity,VMD-LSTM,2026-01-21,10.104,9.539220809936523,9.0333271484375,10.045114471435546,0.505893661499023
ganfeng_equity,VMD-LSTM,2026-01-22,10.018,9.485150337219238,8.979256675720215,9.991043998718261,0.505893661499023
ganfeng_equity,VMD-LSTM,2026-01-23,10.609,9.924904823303223,9.4190111618042,10.430798484802246,0.505893661499023
ganfeng_equity,VMD-LSTM,2026-01-26,10.589,10.02550983428955,9.519616172790528,10.531403495788574,0.505893661499023
ganfeng_equity,VMD-LSTM,2026-01-27,10.484,10.019603729248047,9.513710067749024,10.52549739074707,0.505893661499023
ganfeng_equity,VMD-LSTM,2026-01-28,10.705,9.950555801391602,9.444662139892579,10.456449462890625,0.505893661499023
ganfeng_equity,VMD-LSTM,2026-01-29,10.617,9.860986709594727,9.355093048095704,10.36688037109375,0.505893661499023
ganfeng_equity,VMD-LSTM,2026-01-30,9.869,9.542793273925781,9.036899612426758,10.048686935424804,0.505893661499023
ganfeng_equity,VMD-LSTM,2026-02-02,9.491,9.324350357055664,8.818456695556641,9.830244018554687,0.505893661499023
ganfeng_equity,VMD-LSTM,2026-02-03,9.787,9.264883995056152,8.75899033355713,9.770777656555175,0.505893661499023
ganfeng_equity,VMD-LSTM,2026-02-04,9.674,9.1555757522583,8.649682090759278,9.661469413757324,0.505893661499023
ganfeng_equity,VMD-LSTM,2026-02-05,9.068,8.954726219177246,8.448832557678223,9.46061988067627,0.505893661499023
ganfeng_equity,VMD-LSTM,2026-02-06,9.332,9.087450981140137,8.581557319641114,9.59334464263916,0.505893661499023
ganfeng_equity,VMD-LSTM,2026-02-09,9.415,9.01778793334961,8.511894271850586,9.523681594848632,0.505893661499023
ganfeng_equity,VMD-LSTM,2026-02-10,9.41,8.96132755279541,8.455433891296387,9.467221214294433,0.505893661499023
ganfeng_equity,VMD-LSTM,2026-02-11,9.642,9.15900707244873,8.653113410949707,9.664900733947754,0.505893661499023
ganfeng_equity,VMD-LSTM,2026-02-12,9.683,9.197286605834961,8.691392944335938,9.703180267333984,0.505893661499023
ganfeng_equity,VMD-LSTM,2026-02-13,9.6,9.189253807067871,8.683360145568848,9.695147468566894,0.505893661499023
ganfeng_equity,VMD-LSTM,2026-02-16,9.6,9.282645225524902,8.77675156402588,9.788538887023925,0.505893661499023
ganfeng_equity,VMD-LSTM,2026-02-17,9.6,9.247678756713867,8.741785095214844,9.75357241821289,0.505893661499023
ganfeng_equity,VMD-LSTM,2026-02-18,9.6,9.139391899108887,8.633498237609864,9.64528556060791,0.505893661499023
ganfeng_equity,VMD-LSTM,2026-02-19,9.6,9.157208442687988,8.651314781188965,9.663102104187011,0.505893661499023
ganfeng_equity,VMD-LSTM,2026-02-20,9.6,9.267019271850586,8.761125610351563,9.772912933349609,0.505893661499023
ganfeng_equity,VMD-LSTM,2026-02-23,9.6,9.269606590270996,8.763712928771973,9.77550025177002,0.505893661499023
ganfeng_equity,VMD-LSTM,2026-02-24,10.169,9.622579574584961,9.116685913085938,10.128473236083984,0.505893661499023
ganfeng_equity,VMD-LSTM,2026-02-25,10.384,9.838066101074219,9.332172439575196,10.343959762573242,0.505893661499023
ganfeng_equity,VMD-LSTM,2026-02-26,10.651,9.916769027709961,9.410875366210938,10.422662689208984,0.505893661499023
ganfeng_equity,VMD-LSTM,2026-02-27,10.659,9.914639472961426,9.408745811462403,10.420533134460449,0.505893661499023
ganfeng_equity,VMD-LSTM,2026-03-02,10.453,9.861285209655762,9.355391548156739,10.367178871154785,0.505893661499023
ganfeng_equity,VMD-LSTM,2026-03-03,9.75,9.44058895111084,8.934695289611817,9.946482612609863,0.505893661499023
ganfeng_equity,VMD-LSTM,2026-03-04,9.699,9.322019577026367,8.816125915527344,9.82791323852539,0.505893661499023
ganfeng_equity,VMD-LSTM,2026-03-05,9.74,9.215960502624512,8.710066841125489,9.721854164123535,0.505893661499023
ganfeng_equity,VMD-LSTM,2026-03-06,9.554,9.156718254089355,8.650824592590332,9.662611915588379,0.505893661499023
ganfeng_equity,VMD-LSTM,2026-03-09,9.811,9.275688171386719,8.769794509887696,9.781581832885742,0.505893661499023
ganfeng_equity,VMD-LSTM,2026-03-10,10.037,9.354345321655273,8.84845166015625,9.860238983154296,0.505893661499023
ganfeng_equity,VMD-LSTM,2026-03-11,10.221,9.409854888916016,8.903961227416993,9.915748550415039,0.505893661499023
ganfeng_equity,VMD-LSTM,2026-03-12,10.118,9.431836128234863,8.92594246673584,9.937729789733886,0.505893661499023
