Target,Model,Model Class,Origin Date,Date,Origin Price,Actual,Forecast
lithium_hydroxide,Random Walk,Robustness,2025-08-18,2025-08-19,8.4,8.35,8.4
lithium_hydroxide,Random Walk,Robustness,2025-08-19,2025-08-20,8.35,8.44,8.35
lithium_hydroxide,Random Walk,Robustness,2025-08-20,2025-08-21,8.44,8.44,8.44
lithium_hydroxide,Random Walk,Robustness,2025-08-21,2025-08-22,8.44,8.5,8.44
lithium_hydroxide,Random Walk,Robustness,2025-08-22,2025-08-25,8.5,8.48,8.5
lithium_hydroxide,Random Walk,Robustness,2025-08-25,2025-08-26,8.48,8.48,8.48
lithium_hydroxide,Random Walk,Robustness,2025-08-26,2025-08-27,8.48,8.51,8.48
lithium_hydroxide,Random Walk,Robustness,2025-08-27,2025-08-28,8.51,8.51,8.51
lithium_hydroxide,Random Walk,Robustness,2025-08-28,2025-08-29,8.51,8.52,8.51
lithium_hydroxide,Random Walk,Robustness,2025-08-29,2025-09-02,8.52,9.4,8.52
lithium_hydroxide,Random Walk,Robustness,2025-09-02,2025-09-03,9.4,9.38,9.4
lithium_hydroxide,Random Walk,Robustness,2025-09-03,2025-09-04,9.38,9.48,9.38
lithium_hydroxide,Random Walk,Robustness,2025-09-04,2025-09-05,9.48,9.48,9.48
lithium_hydroxide,Random Walk,Robustness,2025-09-05,2025-09-08,9.48,9.48,9.48
lithium_hydroxide,Random Walk,Robustness,2025-09-08,2025-09-09,9.48,9.48,9.48
lithium_hydroxide,Random Walk,Robustness,2025-09-09,2025-09-10,9.48,9.48,9.48
lithium_hydroxide,Random Walk,Robustness,2025-09-10,2025-09-11,9.48,9.48,9.48
lithium_hydroxide,Random Walk,Robustness,2025-09-11,2025-09-12,9.48,9.48,9.48
lithium_hydroxide,Random Walk,Robustness,2025-09-12,2025-09-15,9.48,9.48,9.48
lithium_hydroxide,Random Walk,Robustness,2025-09-15,2025-09-16,9.48,9.48,9.48
lithium_hydroxide,Random Walk,Robustness,2025-09-16,2025-09-17,9.48,9.48,9.48
lithium_hydroxide,Random Walk,Robustness,2025-09-17,2025-09-18,9.48,9.48,9.48
lithium_hydroxide,Random Walk,Robustness,2025-09-18,2025-09-19,9.48,9.54,9.48
lithium_hydroxide,Random Walk,Robustness,2025-09-19,2025-09-22,9.54,9.54,9.54
lithium_hydroxide,Random Walk,Robustness,2025-09-22,2025-09-23,9.54,9.54,9.54
lithium_hydroxide,Random Walk,Robustness,2025-09-23,2025-09-24,9.54,9.54,9.54
lithium_hydroxide,Random Walk,Robustness,2025-09-24,2025-09-25,9.54,9.54,9.54
lithium_hydroxide,Random Walk,Robustness,2025-09-25,2025-09-26,9.54,9.53,9.54
lithium_hydroxide,Random Walk,Robustness,2025-09-26,2025-09-29,9.53,9.53,9.53
lithium_hydroxide,Random Walk,Robustness,2025-09-29,2025-09-30,9.53,9.53,9.53
lithium_hydroxide,Random Walk,Robustness,2025-09-30,2025-10-01,9.53,9.6,9.53
lithium_hydroxide,Random Walk,Robustness,2025-10-01,2025-10-02,9.6,9.59,9.6
lithium_hydroxide,Random Walk,Robustness,2025-10-02,2025-10-03,9.59,9.6,9.59
lithium_hydroxide,Random Walk,Robustness,2025-10-03,2025-10-06,9.6,9.55,9.6
lithium_hydroxide,Random Walk,Robustness,2025-10-06,2025-10-07,9.55,9.6,9.55
lithium_hydroxide,Random Walk,Robustness,2025-10-07,2025-10-08,9.6,9.6,9.6
lithium_hydroxide,Random Walk,Robustness,2025-10-08,2025-10-09,9.6,9.6,9.6
lithium_hydroxide,Random Walk,Robustness,2025-10-09,2025-10-10,9.6,9.55,9.6
lithium_hydroxide,Random Walk,Robustness,2025-10-10,2025-10-13,9.55,9.6,9.55
lithium_hydroxide,Random Walk,Robustness,2025-10-13,2025-10-14,9.6,9.6,9.6
lithium_hydroxide,Random Walk,Robustness,2025-10-14,2025-10-15,9.6,9.6,9.6
lithium_hydroxide,Random Walk,Robustness,2025-10-15,2025-10-16,9.6,9.6,9.6
lithium_hydroxide,Random Walk,Robustness,2025-10-16,2025-10-17,9.6,9.6,9.6
lithium_hydroxide,Random Walk,Robustness,2025-10-17,2025-10-20,9.6,9.75,9.6
lithium_hydroxide,Random Walk,Robustness,2025-10-20,2025-10-21,9.75,9.6,9.75
lithium_hydroxide,Random Walk,Robustness,2025-10-21,2025-10-22,9.6,9.6,9.6
lithium_hydroxide,Random Walk,Robustness,2025-10-22,2025-10-23,9.6,9.6,9.6
lithium_hydroxide,Random Walk,Robustness,2025-10-23,2025-10-24,9.6,9.6,9.6
lithium_hydroxide,Random Walk,Robustness,2025-10-24,2025-10-27,9.6,9.6,9.6
lithium_hydroxide,Random Walk,Robustness,2025-10-27,2025-10-28,9.6,9.61,9.6
lithium_hydroxide,Random Walk,Robustness,2025-10-28,2025-10-29,9.61,9.63,9.61
lithium_hydroxide,Random Walk,Robustness,2025-10-29,2025-10-30,9.63,9.63,9.63
lithium_hydroxide,Random Walk,Robustness,2025-10-30,2025-10-31,9.63,9.63,9.63
lithium_hydroxide,Random Walk,Robustness,2025-10-31,2025-11-03,9.63,9.8,9.63
lithium_hydroxide,Random Walk,Robustness,2025-11-03,2025-11-04,9.8,9.93,9.8
lithium_hydroxide,Random Walk,Robustness,2025-11-04,2025-11-05,9.93,9.8,9.93
lithium_hydroxide,Random Walk,Robustness,2025-11-05,2025-11-06,9.8,9.9,9.8
lithium_hydroxide,Random Walk,Robustness,2025-11-06,2025-11-07,9.9,9.97,9.9
lithium_hydroxide,Random Walk,Robustness,2025-11-07,2025-11-10,9.97,9.97,9.97
lithium_hydroxide,Random Walk,Robustness,2025-11-10,2025-11-11,9.97,9.97,9.97
lithium_hydroxide,Random Walk,Robustness,2025-11-11,2025-11-12,9.97,9.97,9.97
lithium_hydroxide,Random Walk,Robustness,2025-11-12,2025-11-13,9.97,10.06,9.97
lithium_hydroxide,Random Walk,Robustness,2025-11-13,2025-11-14,10.06,10.06,10.06
lithium_hydroxide,Random Walk,Robustness,2025-11-14,2025-11-17,10.06,10.21,10.06
lithium_hydroxide,Random Walk,Robustness,2025-11-17,2025-11-18,10.21,10.21,10.21
lithium_hydroxide,Random Walk,Robustness,2025-11-18,2025-11-19,10.21,10.13,10.21
lithium_hydroxide,Random Walk,Robustness,2025-11-19,2025-11-20,10.13,10.16,10.13
lithium_hydroxide,Random Walk,Robustness,2025-11-20,2025-11-21,10.16,10.19,10.16
lithium_hydroxide,Random Walk,Robustness,2025-11-21,2025-11-24,10.19,10.19,10.19
lithium_hydroxide,Random Walk,Robustness,2025-11-24,2025-11-25,10.19,10.19,10.19
lithium_hydroxide,Random Walk,Robustness,2025-11-25,2025-11-26,10.19,10.18,10.19
lithium_hydroxide,Random Walk,Robustness,2025-11-26,2025-11-28,10.18,10.19,10.18
lithium_hydroxide,Random Walk,Robustness,2025-11-28,2025-12-01,10.19,10.95,10.19
lithium_hydroxide,Random Walk,Robustness,2025-12-01,2025-12-02,10.95,10.4,10.95
lithium_hydroxide,Random Walk,Robustness,2025-12-02,2025-12-03,10.4,10.26,10.4
lithium_hydroxide,Random Walk,Robustness,2025-12-03,2025-12-04,10.26,10.31,10.26
lithium_hydroxide,Random Walk,Robustness,2025-12-04,2025-12-05,10.31,10.31,10.31
lithium_hydroxide,Random Walk,Robustness,2025-12-05,2025-12-08,10.31,10.31,10.31
lithium_hydroxide,Random Walk,Robustness,2025-12-08,2025-12-09,10.31,10.31,10.31
lithium_hydroxide,Random Walk,Robustness,2025-12-09,2025-12-10,10.31,10.3,10.31
lithium_hydroxide,Random Walk,Robustness,2025-12-10,2025-12-11,10.3,10.31,10.3
lithium_hydroxide,Random Walk,Robustness,2025-12-11,2025-12-12,10.31,10.4,10.31
lithium_hydroxide,Random Walk,Robustness,2025-12-12,2025-12-15,10.4,10.37,10.4
lithium_hydroxide,Random Walk,Robustness,2025-12-15,2025-12-16,10.37,10.37,10.37
lithium_hydroxide,Random Walk,Robustness,2025-12-16,2025-12-17,10.37,10.42,10.37
lithium_hydroxide,Random Walk,Robustness,2025-12-17,2025-12-18,10.42,10.61,10.42
lithium_hydroxide,Random Walk,Robustness,2025-12-18,2025-12-19,10.61,10.83,10.61
lithium_hydroxide,Random Walk,Robustness,2025-12-19,2025-12-22,10.83,10.83,10.83
lithium_hydroxide,Random Walk,Robustness,2025-12-22,2025-12-23,10.83,11.21,10.83
lithium_hydroxide,Random Walk,Robustness,2025-12-23,2025-12-24,11.21,11.21,11.21
lithium_hydroxide,Random Walk,Robustness,2025-12-24,2025-12-26,11.21,11.21,11.21
lithium_hydroxide,Random Walk,Robustness,2025-12-26,2025-12-29,11.21,11.24,11.21
lithium_hydroxide,Random Walk,Robustness,2025-12-29,2025-12-30,11.24,11.22,11.24
lithium_hydroxide,Random Walk,Robustness,2025-12-30,2025-12-31,11.22,11.22,11.22
lithium_hydroxide,Random Walk,Robustness,2025-12-31,2026-01-02,11.22,15.47,11.22
lithium_hydroxide,Random Walk,Robustness,2026-01-02,2026-01-05,15.47,15.23,15.47
lithium_hydroxide,Random Walk,Robustness,2026-01-05,2026-01-06,15.23,16.51,15.23
lithium_hydroxide,Random Walk,Robustness,2026-01-06,2026-01-07,16.51,16.8,16.51
lithium_hydroxide,Random Walk,Robustness,2026-01-07,2026-01-08,16.8,17.21,16.8
lithium_hydroxide,Random Walk,Robustness,2026-01-08,2026-01-09,17.21,17.97,17.21
lithium_hydroxide,Random Walk,Robustness,2026-01-09,2026-01-12,17.97,16.63,17.97
lithium_hydroxide,Random Walk,Robustness,2026-01-12,2026-01-13,16.63,17.96,16.63
lithium_hydroxide,Random Walk,Robustness,2026-01-13,2026-01-14,17.96,18.58,17.96
lithium_hydroxide,Random Walk,Robustness,2026-01-14,2026-01-15,18.58,18.44,18.58
lithium_hydroxide,Random Walk,Robustness,2026-01-15,2026-01-16,18.44,17.92,18.44
lithium_hydroxide,Random Walk,Robustness,2026-01-16,2026-01-20,17.92,17.77,17.92
lithium_hydroxide,Random Walk,Robustness,2026-01-20,2026-01-21,17.77,18.06,17.77
lithium_hydroxide,Random Walk,Robustness,2026-01-21,2026-01-22,18.06,18.39,18.06
lithium_hydroxide,Random Walk,Robustness,2026-01-22,2026-01-23,18.39,18.39,18.39
lithium_hydroxide,Random Walk,Robustness,2026-01-23,2026-01-26,18.39,18.27,18.39
lithium_hydroxide,Random Walk,Robustness,2026-01-26,2026-01-27,18.27,18.27,18.27
lithium_hydroxide,Random Walk,Robustness,2026-01-27,2026-01-28,18.27,18.2,18.27
lithium_hydroxide,Random Walk,Robustness,2026-01-28,2026-01-29,18.2,18.2,18.2
lithium_hydroxide,Random Walk,Robustness,2026-01-29,2026-01-30,18.2,18.18,18.2
lithium_hydroxide,Random Walk,Robustness,2026-01-30,2026-02-02,18.18,17.5,18.18
lithium_hydroxide,Random Walk,Robustness,2026-02-02,2026-02-03,17.5,17.5,17.5
lithium_hydroxide,Random Walk,Robustness,2026-02-03,2026-02-04,17.5,17.5,17.5
lithium_hydroxide,Random Walk,Robustness,2026-02-04,2026-02-05,17.5,17.0,17.5
lithium_hydroxide,Random Walk,Robustness,2026-02-05,2026-02-06,17.0,16.85,17.0
lithium_hydroxide,Random Walk,Robustness,2026-02-06,2026-02-09,16.85,16.65,16.85
lithium_hydroxide,Random Walk,Robustness,2026-02-09,2026-02-10,16.65,16.62,16.65
lithium_hydroxide,Random Walk,Robustness,2026-02-10,2026-02-11,16.62,16.81,16.62
lithium_hydroxide,Random Walk,Robustness,2026-02-11,2026-02-12,16.81,16.81,16.81
lithium_hydroxide,Random Walk,Robustness,2026-02-12,2026-02-13,16.81,16.81,16.81
lithium_hydroxide,Random Walk,Robustness,2026-02-13,2026-02-17,16.81,16.81,16.81
lithium_hydroxide,Random Walk,Robustness,2026-02-17,2026-02-18,16.81,16.91,16.81
lithium_hydroxide,Random Walk,Robustness,2026-02-18,2026-02-19,16.91,16.91,16.91
lithium_hydroxide,Random Walk,Robustness,2026-02-19,2026-02-20,16.91,16.91,16.91
lithium_hydroxide,Random Walk,Robustness,2026-02-20,2026-02-23,16.91,16.91,16.91
lithium_hydroxide,Random Walk,Robustness,2026-02-23,2026-02-24,16.91,17.11,16.91
lithium_hydroxide,Random Walk,Robustness,2026-02-24,2026-02-25,17.11,17.34,17.11
lithium_hydroxide,Random Walk,Robustness,2026-02-25,2026-02-26,17.34,17.4,17.34
lithium_hydroxide,Random Walk,Robustness,2026-02-26,2026-03-02,17.4,20.98,17.4
lithium_hydroxide,Random Walk,Robustness,2026-03-02,2026-03-03,20.98,19.77,20.98
lithium_hydroxide,Random Walk,Robustness,2026-03-03,2026-03-04,19.77,19.77,19.77
lithium_hydroxide,Random Walk,Robustness,2026-03-04,2026-03-05,19.77,19.98,19.77
lithium_hydroxide,Random Walk,Robustness,2026-03-05,2026-03-06,19.98,20.19,19.98
lithium_hydroxide,Random Walk,Robustness,2026-03-06,2026-03-09,20.19,20.19,20.19
lithium_hydroxide,Random Walk,Robustness,2026-03-09,2026-03-10,20.19,20.19,20.19
lithium_hydroxide,Random Walk,Robustness,2026-03-10,2026-03-11,20.19,19.85,20.19
lithium_hydroxide,Random Walk,Robustness,2026-03-11,2026-03-12,19.85,19.85,19.85
lithium_hydroxide,ES,Single,2025-08-18,2025-08-19,8.4,8.35,8.416227544629281
lithium_hydroxide,ES,Single,2025-08-19,2025-08-20,8.35,8.44,8.426335633839066
lithium_hydroxide,ES,Single,2025-08-20,2025-08-21,8.44,8.44,8.43644372304885
lithium_hydroxide,ES,Single,2025-08-21,2025-08-22,8.44,8.5,8.446551812258633
lithium_hydroxide,ES,Single,2025-08-22,2025-08-25,8.5,8.48,8.456659901468417
lithium_hydroxide,ES,Single,2025-08-25,2025-08-26,8.48,8.48,8.4667679906782
lithium_hydroxide,ES,Single,2025-08-26,2025-08-27,8.48,8.51,8.476876079887983
lithium_hydroxide,ES,Single,2025-08-27,2025-08-28,8.51,8.51,8.486984169097768
lithium_hydroxide,ES,Single,2025-08-28,2025-08-29,8.51,8.52,8.497092258307552
lithium_hydroxide,ES,Single,2025-08-29,2025-09-02,8.52,9.4,8.507200347517335
lithium_hydroxide,ES,Single,2025-09-02,2025-09-03,9.4,9.38,8.517308436727118
lithium_hydroxide,ES,Single,2025-09-03,2025-09-04,9.38,9.48,8.527416525936902
lithium_hydroxide,ES,Single,2025-09-04,2025-09-05,9.48,9.48,8.537524615146685
lithium_hydroxide,ES,Single,2025-09-05,2025-09-08,9.48,9.48,8.54763270435647
lithium_hydroxide,ES,Single,2025-09-08,2025-09-09,9.48,9.48,8.557740793566254
lithium_hydroxide,ES,Single,2025-09-09,2025-09-10,9.48,9.48,8.567848882776037
lithium_hydroxide,ES,Single,2025-09-10,2025-09-11,9.48,9.48,8.57795697198582
lithium_hydroxide,ES,Single,2025-09-11,2025-09-12,9.48,9.48,8.588065061195604
lithium_hydroxide,ES,Single,2025-09-12,2025-09-15,9.48,9.48,8.598173150405387
lithium_hydroxide,ES,Single,2025-09-15,2025-09-16,9.48,9.48,8.608281239615172
lithium_hydroxide,ES,Single,2025-09-16,2025-09-17,9.48,9.48,8.618389328824955
lithium_hydroxide,ES,Single,2025-09-17,2025-09-18,9.48,9.48,8.628497418034739
lithium_hydroxide,ES,Single,2025-09-18,2025-09-19,9.48,9.54,8.638605507244522
lithium_hydroxide,ES,Single,2025-09-19,2025-09-22,9.54,9.54,8.648713596454305
lithium_hydroxide,ES,Single,2025-09-22,2025-09-23,9.54,9.54,8.65882168566409
lithium_hydroxide,ES,Single,2025-09-23,2025-09-24,9.54,9.54,8.668929774873874
lithium_hydroxide,ES,Single,2025-09-24,2025-09-25,9.54,9.54,8.679037864083657
lithium_hydroxide,ES,Single,2025-09-25,2025-09-26,9.54,9.53,8.68914595329344
lithium_hydroxide,ES,Single,2025-09-26,2025-09-29,9.53,9.53,8.699254042503224
lithium_hydroxide,ES,Single,2025-09-29,2025-09-30,9.53,9.53,8.709362131713007
lithium_hydroxide,ES,Single,2025-09-30,2025-10-01,9.53,9.6,8.719470220922792
lithium_hydroxide,ES,Single,2025-10-01,2025-10-02,9.6,9.59,8.729578310132576
lithium_hydroxide,ES,Single,2025-10-02,2025-10-03,9.59,9.6,8.739686399342359
lithium_hydroxide,ES,Single,2025-10-03,2025-10-06,9.6,9.55,8.749794488552142
lithium_hydroxide,ES,Single,2025-10-06,2025-10-07,9.55,9.6,8.759902577761926
lithium_hydroxide,ES,Single,2025-10-07,2025-10-08,9.6,9.6,8.770010666971709
lithium_hydroxide,ES,Single,2025-10-08,2025-10-09,9.6,9.6,8.780118756181494
lithium_hydroxide,ES,Single,2025-10-09,2025-10-10,9.6,9.55,8.790226845391278
lithium_hydroxide,ES,Single,2025-10-10,2025-10-13,9.55,9.6,8.80033493460106
lithium_hydroxide,ES,Single,2025-10-13,2025-10-14,9.6,9.6,8.810443023810844
lithium_hydroxide,ES,Single,2025-10-14,2025-10-15,9.6,9.6,8.820551113020628
lithium_hydroxide,ES,Single,2025-10-15,2025-10-16,9.6,9.6,8.830659202230411
lithium_hydroxide,ES,Single,2025-10-16,2025-10-17,9.6,9.6,8.840767291440196
lithium_hydroxide,ES,Single,2025-10-17,2025-10-20,9.6,9.75,8.85087538064998
lithium_hydroxide,ES,Single,2025-10-20,2025-10-21,9.75,9.6,8.860983469859763
lithium_hydroxide,ES,Single,2025-10-21,2025-10-22,9.6,9.6,8.871091559069546
lithium_hydroxide,ES,Single,2025-10-22,2025-10-23,9.6,9.6,8.88119964827933
lithium_hydroxide,ES,Single,2025-10-23,2025-10-24,9.6,9.6,8.891307737489115
lithium_hydroxide,ES,Single,2025-10-24,2025-10-27,9.6,9.6,8.901415826698898
lithium_hydroxide,ES,Single,2025-10-27,2025-10-28,9.6,9.61,8.911523915908681
lithium_hydroxide,ES,Single,2025-10-28,2025-10-29,9.61,9.63,8.921632005118465
lithium_hydroxide,ES,Single,2025-10-29,2025-10-30,9.63,9.63,8.931740094328248
lithium_hydroxide,ES,Single,2025-10-30,2025-10-31,9.63,9.63,8.941848183538031
lithium_hydroxide,ES,Single,2025-10-31,2025-11-03,9.63,9.8,8.951956272747816
lithium_hydroxide,ES,Single,2025-11-03,2025-11-04,9.8,9.93,8.9620643619576
lithium_hydroxide,ES,Single,2025-11-04,2025-11-05,9.93,9.8,8.972172451167383
lithium_hydroxide,ES,Single,2025-11-05,2025-11-06,9.8,9.9,8.982280540377166
lithium_hydroxide,ES,Single,2025-11-06,2025-11-07,9.9,9.97,8.99238862958695
lithium_hydroxide,ES,Single,2025-11-07,2025-11-10,9.97,9.97,9.002496718796733
lithium_hydroxide,ES,Single,2025-11-10,2025-11-11,9.97,9.97,9.012604808006518
lithium_hydroxide,ES,Single,2025-11-11,2025-11-12,9.97,9.97,9.022712897216302
lithium_hydroxide,ES,Single,2025-11-12,2025-11-13,9.97,10.06,9.032820986426085
lithium_hydroxide,ES,Single,2025-11-13,2025-11-14,10.06,10.06,9.042929075635868
lithium_hydroxide,ES,Single,2025-11-14,2025-11-17,10.06,10.21,9.053037164845652
lithium_hydroxide,ES,Single,2025-11-17,2025-11-18,10.21,10.21,9.063145254055437
lithium_hydroxide,ES,Single,2025-11-18,2025-11-19,10.21,10.13,9.07325334326522
lithium_hydroxide,ES,Single,2025-11-19,2025-11-20,10.13,10.16,9.083361432475003
lithium_hydroxide,ES,Single,2025-11-20,2025-11-21,10.16,10.19,9.093469521684789
lithium_hydroxide,ES,Single,2025-11-21,2025-11-24,10.19,10.19,9.10357761089457
lithium_hydroxide,ES,Single,2025-11-24,2025-11-25,10.19,10.19,9.113685700104352
lithium_hydroxide,ES,Single,2025-11-25,2025-11-26,10.19,10.18,9.12379378931414
lithium_hydroxide,ES,Single,2025-11-26,2025-11-28,10.18,10.19,9.133901878523922
lithium_hydroxide,ES,Single,2025-11-28,2025-12-01,10.19,10.95,9.144009967733703
lithium_hydroxide,ES,Single,2025-12-01,2025-12-02,10.95,10.4,9.154118056943489
lithium_hydroxide,ES,Single,2025-12-02,2025-12-03,10.4,10.26,9.164226146153272
lithium_hydroxide,ES,Single,2025-12-03,2025-12-04,10.26,10.31,9.174334235363055
lithium_hydroxide,ES,Single,2025-12-04,2025-12-05,10.31,10.31,9.18444232457284
lithium_hydroxide,ES,Single,2025-12-05,2025-12-08,10.31,10.31,9.194550413782624
lithium_hydroxide,ES,Single,2025-12-08,2025-12-09,10.31,10.31,9.204658502992409
lithium_hydroxide,ES,Single,2025-12-09,2025-12-10,10.31,10.3,9.21476659220219
lithium_hydroxide,ES,Single,2025-12-10,2025-12-11,10.3,10.31,9.224874681411974
lithium_hydroxide,ES,Single,2025-12-11,2025-12-12,10.31,10.4,9.234982770621755
lithium_hydroxide,ES,Single,2025-12-12,2025-12-15,10.4,10.37,9.245090859831542
lithium_hydroxide,ES,Single,2025-12-15,2025-12-16,10.37,10.37,9.255198949041326
lithium_hydroxide,ES,Single,2025-12-16,2025-12-17,10.37,10.42,9.265307038251107
lithium_hydroxide,ES,Single,2025-12-17,2025-12-18,10.42,10.61,9.275415127460892
lithium_hydroxide,ES,Single,2025-12-18,2025-12-19,10.61,10.83,9.285523216670676
lithium_hydroxide,ES,Single,2025-12-19,2025-12-22,10.83,10.83,9.29563130588046
lithium_hydroxide,ES,Single,2025-12-22,2025-12-23,10.83,11.21,9.305739395090244
lithium_hydroxide,ES,Single,2025-12-23,2025-12-24,11.21,11.21,9.315847484300027
lithium_hydroxide,ES,Single,2025-12-24,2025-12-26,11.21,11.21,9.32595557350981
lithium_hydroxide,ES,Single,2025-12-26,2025-12-29,11.21,11.24,9.336063662719594
lithium_hydroxide,ES,Single,2025-12-29,2025-12-30,11.24,11.22,9.346171751929376
lithium_hydroxide,ES,Single,2025-12-30,2025-12-31,11.22,11.22,9.356279841139164
lithium_hydroxide,ES,Single,2025-12-31,2026-01-02,11.22,15.47,9.366387930348946
lithium_hydroxide,ES,Single,2026-01-02,2026-01-05,15.47,15.23,9.37649601955873
lithium_hydroxide,ES,Single,2026-01-05,2026-01-06,15.23,16.51,9.386604108768513
lithium_hydroxide,ES,Single,2026-01-06,2026-01-07,16.51,16.8,9.396712197978296
lithium_hydroxide,ES,Single,2026-01-07,2026-01-08,16.8,17.21,9.40682028718808
lithium_hydroxide,ES,Single,2026-01-08,2026-01-09,17.21,17.97,9.416928376397864
lithium_hydroxide,ES,Single,2026-01-09,2026-01-12,17.97,16.63,9.427036465607648
lithium_hydroxide,ES,Single,2026-01-12,2026-01-13,16.63,17.96,9.437144554817433
lithium_hydroxide,ES,Single,2026-01-13,2026-01-14,17.96,18.58,9.447252644027214
lithium_hydroxide,ES,Single,2026-01-14,2026-01-15,18.58,18.44,9.457360733236998
lithium_hydroxide,ES,Single,2026-01-15,2026-01-16,18.44,17.92,9.46746882244678
lithium_hydroxide,ES,Single,2026-01-16,2026-01-20,17.92,17.77,9.477576911656566
lithium_hydroxide,ES,Single,2026-01-20,2026-01-21,17.77,18.06,9.48768500086635
lithium_hydroxide,ES,Single,2026-01-21,2026-01-22,18.06,18.39,9.497793090076131
lithium_hydroxide,ES,Single,2026-01-22,2026-01-23,18.39,18.39,9.507901179285916
lithium_hydroxide,ES,Single,2026-01-23,2026-01-26,18.39,18.27,9.5180092684957
lithium_hydroxide,ES,Single,2026-01-26,2026-01-27,18.27,18.27,9.528117357705485
lithium_hydroxide,ES,Single,2026-01-27,2026-01-28,18.27,18.2,9.538225446915268
lithium_hydroxide,ES,Single,2026-01-28,2026-01-29,18.2,18.2,9.548333536125051
lithium_hydroxide,ES,Single,2026-01-29,2026-01-30,18.2,18.18,9.558441625334837
lithium_hydroxide,ES,Single,2026-01-30,2026-02-02,18.18,17.5,9.568549714544618
lithium_hydroxide,ES,Single,2026-02-02,2026-02-03,17.5,17.5,9.5786578037544
lithium_hydroxide,ES,Single,2026-02-03,2026-02-04,17.5,17.5,9.588765892964188
lithium_hydroxide,ES,Single,2026-02-04,2026-02-05,17.5,17.0,9.59887398217397
lithium_hydroxide,ES,Single,2026-02-05,2026-02-06,17.0,16.85,9.608982071383751
lithium_hydroxide,ES,Single,2026-02-06,2026-02-09,16.85,16.65,9.619090160593537
lithium_hydroxide,ES,Single,2026-02-09,2026-02-10,16.65,16.62,9.62919824980332
lithium_hydroxide,ES,Single,2026-02-10,2026-02-11,16.62,16.81,9.639306339013103
lithium_hydroxide,ES,Single,2026-02-11,2026-02-12,16.81,16.81,9.649414428222888
lithium_hydroxide,ES,Single,2026-02-12,2026-02-13,16.81,16.81,9.659522517432672
lithium_hydroxide,ES,Single,2026-02-13,2026-02-17,16.81,16.81,9.669630606642457
lithium_hydroxide,ES,Single,2026-02-17,2026-02-18,16.81,16.91,9.679738695852238
lithium_hydroxide,ES,Single,2026-02-18,2026-02-19,16.91,16.91,9.689846785062022
lithium_hydroxide,ES,Single,2026-02-19,2026-02-20,16.91,16.91,9.699954874271803
lithium_hydroxide,ES,Single,2026-02-20,2026-02-23,16.91,16.91,9.71006296348159
lithium_hydroxide,ES,Single,2026-02-23,2026-02-24,16.91,17.11,9.720171052691374
lithium_hydroxide,ES,Single,2026-02-24,2026-02-25,17.11,17.34,9.730279141901155
lithium_hydroxide,ES,Single,2026-02-25,2026-02-26,17.34,17.4,9.74038723111094
lithium_hydroxide,ES,Single,2026-02-26,2026-03-02,17.4,20.98,9.750495320320724
lithium_hydroxide,ES,Single,2026-03-02,2026-03-03,20.98,19.77,9.760603409530509
lithium_hydroxide,ES,Single,2026-03-03,2026-03-04,19.77,19.77,9.770711498740292
lithium_hydroxide,ES,Single,2026-03-04,2026-03-05,19.77,19.98,9.780819587950075
lithium_hydroxide,ES,Single,2026-03-05,2026-03-06,19.98,20.19,9.79092767715986
lithium_hydroxide,ES,Single,2026-03-06,2026-03-09,20.19,20.19,9.801035766369642
lithium_hydroxide,ES,Single,2026-03-09,2026-03-10,20.19,20.19,9.811143855579424
lithium_hydroxide,ES,Single,2026-03-10,2026-03-11,20.19,19.85,9.82125194478921
lithium_hydroxide,ES,Single,2026-03-11,2026-03-12,19.85,19.85,9.831360033998994
lithium_hydroxide,ARIMA,Single,2025-08-18,2025-08-19,8.4,8.35,4.198818343581978
lithium_hydroxide,ARIMA,Single,2025-08-19,2025-08-20,8.35,8.44,8.299999979526607
lithium_hydroxide,ARIMA,Single,2025-08-20,2025-08-21,8.44,8.44,8.448780995785961
lithium_hydroxide,ARIMA,Single,2025-08-21,2025-08-22,8.44,8.5,8.454400062349892
lithium_hydroxide,ARIMA,Single,2025-08-22,2025-08-25,8.5,8.48,8.52669026475022
lithium_hydroxide,ARIMA,Single,2025-08-25,2025-08-26,8.48,8.48,8.500789714833848
lithium_hydroxide,ARIMA,Single,2025-08-26,2025-08-27,8.48,8.51,8.5063939309303
lithium_hydroxide,ARIMA,Single,2025-08-27,2025-08-28,8.51,8.51,8.519163210798395
lithium_hydroxide,ARIMA,Single,2025-08-28,2025-08-29,8.51,8.52,8.531344611671381
lithium_hydroxide,ARIMA,Single,2025-08-29,2025-09-02,8.52,9.4,8.53413778874881
lithium_hydroxide,ARIMA,Single,2025-09-02,2025-09-03,9.4,9.38,9.325263014348035
lithium_hydroxide,ARIMA,Single,2025-09-03,2025-09-04,9.38,9.48,9.455022333091671
lithium_hydroxide,ARIMA,Single,2025-09-04,2025-09-05,9.48,9.48,9.616435916713783
lithium_hydroxide,ARIMA,Single,2025-09-05,2025-09-08,9.48,9.48,9.555418172625632
lithium_hydroxide,ARIMA,Single,2025-09-08,2025-09-09,9.48,9.48,9.607907820810226
lithium_hydroxide,ARIMA,Single,2025-09-09,2025-09-10,9.48,9.48,9.553618041075154
lithium_hydroxide,ARIMA,Single,2025-09-10,2025-09-11,9.48,9.48,9.58173204066602
lithium_hydroxide,ARIMA,Single,2025-09-11,2025-09-12,9.48,9.48,9.549183111074154
lithium_hydroxide,ARIMA,Single,2025-09-12,2025-09-15,9.48,9.48,9.563679339827154
lithium_hydroxide,ARIMA,Single,2025-09-15,2025-09-16,9.48,9.48,9.543705121090806
lithium_hydroxide,ARIMA,Single,2025-09-16,2025-09-17,9.48,9.48,9.550651887931297
lithium_hydroxide,ARIMA,Single,2025-09-17,2025-09-18,9.48,9.48,9.538023493742232
lithium_hydroxide,ARIMA,Single,2025-09-18,2025-09-19,9.48,9.54,9.540838299723337
lithium_hydroxide,ARIMA,Single,2025-09-19,2025-09-22,9.54,9.54,9.583195152857057
lithium_hydroxide,ARIMA,Single,2025-09-22,2025-09-23,9.54,9.54,9.593971710418849
lithium_hydroxide,ARIMA,Single,2025-09-23,2025-09-24,9.54,9.54,9.593880997126842
lithium_hydroxide,ARIMA,Single,2025-09-24,2025-09-25,9.54,9.54,9.588731037071838
lithium_hydroxide,ARIMA,Single,2025-09-25,2025-09-26,9.54,9.53,9.587780779822838
lithium_hydroxide,ARIMA,Single,2025-09-26,2025-09-29,9.53,9.53,9.575604453051536
lithium_hydroxide,ARIMA,Single,2025-09-29,2025-09-30,9.53,9.53,9.572573428606
lithium_hydroxide,ARIMA,Single,2025-09-30,2025-10-01,9.53,9.6,9.56872196628424
lithium_hydroxide,ARIMA,Single,2025-10-01,2025-10-02,9.6,9.59,9.626578573777923
lithium_hydroxide,ARIMA,Single,2025-10-02,2025-10-03,9.59,9.6,9.627179932625465
lithium_hydroxide,ARIMA,Single,2025-10-03,2025-10-06,9.6,9.55,9.639363523387193
lithium_hydroxide,ARIMA,Single,2025-10-06,2025-10-07,9.55,9.6,9.590815153114496
lithium_hydroxide,ARIMA,Single,2025-10-07,2025-10-08,9.6,9.6,9.628338348521634
lithium_hydroxide,ARIMA,Single,2025-10-08,2025-10-09,9.6,9.6,9.625905633661745
lithium_hydroxide,ARIMA,Single,2025-10-09,2025-10-10,9.6,9.55,9.636222127459272
lithium_hydroxide,ARIMA,Single,2025-10-10,2025-10-13,9.55,9.6,9.584042353938194
lithium_hydroxide,ARIMA,Single,2025-10-13,2025-10-14,9.6,9.6,9.622678050176791
lithium_hydroxide,ARIMA,Single,2025-10-14,2025-10-15,9.6,9.6,9.619940722206412
lithium_hydroxide,ARIMA,Single,2025-10-15,2025-10-16,9.6,9.6,9.63102409439376
lithium_hydroxide,ARIMA,Single,2025-10-16,2025-10-17,9.6,9.6,9.620468844463929
lithium_hydroxide,ARIMA,Single,2025-10-17,2025-10-20,9.6,9.75,9.626388908628009
lithium_hydroxide,ARIMA,Single,2025-10-20,2025-10-21,9.75,9.6,9.744836845747663
lithium_hydroxide,ARIMA,Single,2025-10-21,2025-10-22,9.6,9.6,9.648259640927437
lithium_hydroxide,ARIMA,Single,2025-10-22,2025-10-23,9.6,9.6,9.633010463013566
lithium_hydroxide,ARIMA,Single,2025-10-23,2025-10-24,9.6,9.6,9.60901342653013
lithium_hydroxide,ARIMA,Single,2025-10-24,2025-10-27,9.6,9.6,9.625591715156531
lithium_hydroxide,ARIMA,Single,2025-10-27,2025-10-28,9.6,9.61,9.611559080300257
lithium_hydroxide,ARIMA,Single,2025-10-28,2025-10-29,9.61,9.63,9.629067810377304
lithium_hydroxide,ARIMA,Single,2025-10-29,2025-10-30,9.63,9.63,9.639081820220248
lithium_hydroxide,ARIMA,Single,2025-10-30,2025-10-31,9.63,9.63,9.648379968996814
lithium_hydroxide,ARIMA,Single,2025-10-31,2025-11-03,9.63,9.8,9.64449987020407
lithium_hydroxide,ARIMA,Single,2025-11-03,2025-11-04,9.8,9.93,9.78749641164612
lithium_hydroxide,ARIMA,Single,2025-11-04,2025-11-05,9.93,9.8,9.921741232779722
lithium_hydroxide,ARIMA,Single,2025-11-05,2025-11-06,9.8,9.9,9.852193516474507
lithium_hydroxide,ARIMA,Single,2025-11-06,2025-11-07,9.9,9.97,9.911200112052295
lithium_hydroxide,ARIMA,Single,2025-11-07,2025-11-10,9.97,9.97,9.973408495883533
lithium_hydroxide,ARIMA,Single,2025-11-10,2025-11-11,9.97,9.97,10.002620632045364
lithium_hydroxide,ARIMA,Single,2025-11-11,2025-11-12,9.97,9.97,9.99400587180002
lithium_hydroxide,ARIMA,Single,2025-11-12,2025-11-13,9.97,10.06,9.99831301676138
lithium_hydroxide,ARIMA,Single,2025-11-13,2025-11-14,10.06,10.06,10.067754771095682
lithium_hydroxide,ARIMA,Single,2025-11-14,2025-11-17,10.06,10.21,10.08495497588556
lithium_hydroxide,ARIMA,Single,2025-11-17,2025-11-18,10.21,10.21,10.214604441499244
lithium_hydroxide,ARIMA,Single,2025-11-18,2025-11-19,10.21,10.13,10.23388241716892
lithium_hydroxide,ARIMA,Single,2025-11-19,2025-11-20,10.13,10.16,10.183886190275633
lithium_hydroxide,ARIMA,Single,2025-11-20,2025-11-21,10.16,10.19,10.180235326938616
lithium_hydroxide,ARIMA,Single,2025-11-21,2025-11-24,10.19,10.19,10.211618495796769
lithium_hydroxide,ARIMA,Single,2025-11-24,2025-11-25,10.19,10.19,10.216353838207898
lithium_hydroxide,ARIMA,Single,2025-11-25,2025-11-26,10.19,10.18,10.217305363941453
lithium_hydroxide,ARIMA,Single,2025-11-26,2025-11-28,10.18,10.19,10.206142919325028
lithium_hydroxide,ARIMA,Single,2025-11-28,2025-12-01,10.19,10.95,10.212890860157971
lithium_hydroxide,ARIMA,Single,2025-12-01,2025-12-02,10.95,10.4,10.843142524645746
lithium_hydroxide,ARIMA,Single,2025-12-02,2025-12-03,10.4,10.26,10.515426319279246
lithium_hydroxide,ARIMA,Single,2025-12-03,2025-12-04,10.26,10.31,10.3750276027131
lithium_hydroxide,ARIMA,Single,2025-12-04,2025-12-05,10.31,10.31,10.284685960790426
lithium_hydroxide,ARIMA,Single,2025-12-05,2025-12-08,10.31,10.31,10.359539081663463
lithium_hydroxide,ARIMA,Single,2025-12-08,2025-12-09,10.31,10.31,10.312323875943282
lithium_hydroxide,ARIMA,Single,2025-12-09,2025-12-10,10.31,10.3,10.346241182960494
lithium_hydroxide,ARIMA,Single,2025-12-10,2025-12-11,10.3,10.31,10.310566289050414
lithium_hydroxide,ARIMA,Single,2025-12-11,2025-12-12,10.31,10.4,10.336254795689229
lithium_hydroxide,ARIMA,Single,2025-12-12,2025-12-15,10.4,10.37,10.395802283728464
lithium_hydroxide,ARIMA,Single,2025-12-15,2025-12-16,10.37,10.37,10.39831067985589
lithium_hydroxide,ARIMA,Single,2025-12-16,2025-12-17,10.37,10.42,10.390991279479536
lithium_hydroxide,ARIMA,Single,2025-12-17,2025-12-18,10.42,10.61,10.429700419482952
lithium_hydroxide,ARIMA,Single,2025-12-18,2025-12-19,10.61,10.83,10.596599448470014
lithium_hydroxide,ARIMA,Single,2025-12-19,2025-12-22,10.83,10.83,10.814146237969892
lithium_hydroxide,ARIMA,Single,2025-12-22,2025-12-23,10.83,11.21,10.865315910910738
lithium_hydroxide,ARIMA,Single,2025-12-23,2025-12-24,11.21,11.21,11.188687105770937
lithium_hydroxide,ARIMA,Single,2025-12-24,2025-12-26,11.21,11.21,11.243743201794834
lithium_hydroxide,ARIMA,Single,2025-12-26,2025-12-29,11.21,11.24,11.28315709328811
lithium_hydroxide,ARIMA,Single,2025-12-29,2025-12-30,11.24,11.22,11.273829929691075
lithium_hydroxide,ARIMA,Single,2025-12-30,2025-12-31,11.22,11.22,11.283927028273432
lithium_hydroxide,ARIMA,Single,2025-12-31,2026-01-02,11.22,15.47,11.262938737801331
lithium_hydroxide,ARIMA,Single,2026-01-02,2026-01-05,15.47,15.23,14.801620562781403
lithium_hydroxide,ARIMA,Single,2026-01-05,2026-01-06,15.23,16.51,15.308252371359078
lithium_hydroxide,ARIMA,Single,2026-01-06,2026-01-07,16.51,16.8,16.733836677267476
lithium_hydroxide,ARIMA,Single,2026-01-07,2026-01-08,16.8,17.21,16.842227852430334
lithium_hydroxide,ARIMA,Single,2026-01-08,2026-01-09,17.21,17.97,17.59593575843934
lithium_hydroxide,ARIMA,Single,2026-01-09,2026-01-12,17.97,16.63,18.02453622186003
lithium_hydroxide,ARIMA,Single,2026-01-12,2026-01-13,16.63,17.96,17.259465929937274
lithium_hydroxide,ARIMA,Single,2026-01-13,2026-01-14,17.96,18.58,18.019233929512215
lithium_hydroxide,ARIMA,Single,2026-01-14,2026-01-15,18.58,18.44,18.696564116550093
lithium_hydroxide,ARIMA,Single,2026-01-15,2026-01-16,18.44,17.92,18.836422730674364
lithium_hydroxide,ARIMA,Single,2026-01-16,2026-01-20,17.92,17.77,18.29984133199672
lithium_hydroxide,ARIMA,Single,2026-01-20,2026-01-21,17.77,18.06,18.10995134474468
lithium_hydroxide,ARIMA,Single,2026-01-21,2026-01-22,18.06,18.39,18.23591791074838
lithium_hydroxide,ARIMA,Single,2026-01-22,2026-01-23,18.39,18.39,18.591880558271598
lithium_hydroxide,ARIMA,Single,2026-01-23,2026-01-26,18.39,18.27,18.63045444363651
lithium_hydroxide,ARIMA,Single,2026-01-26,2026-01-27,18.27,18.27,18.554959610571544
lithium_hydroxide,ARIMA,Single,2026-01-27,2026-01-28,18.27,18.2,18.49635182157656
lithium_hydroxide,ARIMA,Single,2026-01-28,2026-01-29,18.2,18.2,18.436783840247863
lithium_hydroxide,ARIMA,Single,2026-01-29,2026-01-30,18.2,18.18,18.408235538636493
lithium_hydroxide,ARIMA,Single,2026-01-30,2026-02-02,18.18,17.5,18.380700588101305
lithium_hydroxide,ARIMA,Single,2026-02-02,2026-02-03,17.5,17.5,17.804634807637324
lithium_hydroxide,ARIMA,Single,2026-02-03,2026-02-04,17.5,17.5,17.67887463916077
lithium_hydroxide,ARIMA,Single,2026-02-04,2026-02-05,17.5,17.0,17.609105844778473
lithium_hydroxide,ARIMA,Single,2026-02-05,2026-02-06,17.0,16.85,17.235444100716368
lithium_hydroxide,ARIMA,Single,2026-02-06,2026-02-09,16.85,16.65,16.984552306524968
lithium_hydroxide,ARIMA,Single,2026-02-09,2026-02-10,16.65,16.62,16.768003772328843
lithium_hydroxide,ARIMA,Single,2026-02-10,2026-02-11,16.62,16.81,16.706835948181247
lithium_hydroxide,ARIMA,Single,2026-02-11,2026-02-12,16.81,16.81,16.836286350667287
lithium_hydroxide,ARIMA,Single,2026-02-12,2026-02-13,16.81,16.81,16.87771261028051
lithium_hydroxide,ARIMA,Single,2026-02-13,2026-02-17,16.81,16.81,16.883362178823013
lithium_hydroxide,ARIMA,Single,2026-02-17,2026-02-18,16.81,16.91,16.873482459045203
lithium_hydroxide,ARIMA,Single,2026-02-18,2026-02-19,16.91,16.91,16.958686833764265
lithium_hydroxide,ARIMA,Single,2026-02-19,2026-02-20,16.91,16.91,16.968804497701704
lithium_hydroxide,ARIMA,Single,2026-02-20,2026-02-23,16.91,16.91,16.97838734293964
lithium_hydroxide,ARIMA,Single,2026-02-23,2026-02-24,16.91,17.11,16.966059830151334
lithium_hydroxide,ARIMA,Single,2026-02-24,2026-02-25,17.11,17.34,17.136705243683686
lithium_hydroxide,ARIMA,Single,2026-02-25,2026-02-26,17.34,17.4,17.353454076126155
lithium_hydroxide,ARIMA,Single,2026-02-26,2026-03-02,17.4,20.98,17.46243425126397
lithium_hydroxide,ARIMA,Single,2026-03-02,2026-03-03,20.98,19.77,20.44811566588401
lithium_hydroxide,ARIMA,Single,2026-03-03,2026-03-04,19.77,19.77,20.04441462918818
lithium_hydroxide,ARIMA,Single,2026-03-04,2026-03-05,19.77,19.98,20.171752439033547
lithium_hydroxide,ARIMA,Single,2026-03-05,2026-03-06,19.98,20.19,19.96187565145314
lithium_hydroxide,ARIMA,Single,2026-03-06,2026-03-09,20.19,20.19,20.447955362777755
lithium_hydroxide,ARIMA,Single,2026-03-09,2026-03-10,20.19,20.19,20.28026947068779
lithium_hydroxide,ARIMA,Single,2026-03-10,2026-03-11,20.19,19.85,20.43948682270927
lithium_hydroxide,ARIMA,Single,2026-03-11,2026-03-12,19.85,19.85,20.02226890103234
lithium_hydroxide,SVR,Single,2025-08-18,2025-08-19,8.4,8.35,9.515500337826165
lithium_hydroxide,SVR,Single,2025-08-19,2025-08-20,8.35,8.44,9.527845153314583
lithium_hydroxide,SVR,Single,2025-08-20,2025-08-21,8.44,8.44,9.53264072580208
lithium_hydroxide,SVR,Single,2025-08-21,2025-08-22,8.44,8.5,9.548483972910988
lithium_hydroxide,SVR,Single,2025-08-22,2025-08-25,8.5,8.48,9.526941494267362
lithium_hydroxide,SVR,Single,2025-08-25,2025-08-26,8.48,8.48,9.504663836308715
lithium_hydroxide,SVR,Single,2025-08-26,2025-08-27,8.48,8.51,9.476957731883406
lithium_hydroxide,SVR,Single,2025-08-27,2025-08-28,8.51,8.51,9.481649862283112
lithium_hydroxide,SVR,Single,2025-08-28,2025-08-29,8.51,8.52,9.451099659020649
lithium_hydroxide,SVR,Single,2025-08-29,2025-09-02,8.52,9.4,9.444851972056368
lithium_hydroxide,SVR,Single,2025-09-02,2025-09-03,9.4,9.38,9.622182523376114
lithium_hydroxide,SVR,Single,2025-09-03,2025-09-04,9.38,9.48,9.8913601265043
lithium_hydroxide,SVR,Single,2025-09-04,2025-09-05,9.48,9.48,9.89164346816608
lithium_hydroxide,SVR,Single,2025-09-05,2025-09-08,9.48,9.48,9.923014190010903
lithium_hydroxide,SVR,Single,2025-09-08,2025-09-09,9.48,9.48,9.919872754372577
lithium_hydroxide,SVR,Single,2025-09-09,2025-09-10,9.48,9.48,9.919872754372577
lithium_hydroxide,SVR,Single,2025-09-10,2025-09-11,9.48,9.48,9.89622617202262
lithium_hydroxide,SVR,Single,2025-09-11,2025-09-12,9.48,9.48,9.884197223653764
lithium_hydroxide,SVR,Single,2025-09-12,2025-09-15,9.48,9.48,9.876295812018666
lithium_hydroxide,SVR,Single,2025-09-15,2025-09-16,9.48,9.48,9.876295812018666
lithium_hydroxide,SVR,Single,2025-09-16,2025-09-17,9.48,9.48,9.884197223653764
lithium_hydroxide,SVR,Single,2025-09-17,2025-09-18,9.48,9.48,9.890185202420382
lithium_hydroxide,SVR,Single,2025-09-18,2025-09-19,9.48,9.54,9.89622617202262
lithium_hydroxide,SVR,Single,2025-09-19,2025-09-22,9.54,9.54,9.913548748086694
lithium_hydroxide,SVR,Single,2025-09-22,2025-09-23,9.54,9.54,9.94279504056958
lithium_hydroxide,SVR,Single,2025-09-23,2025-09-24,9.54,9.54,9.94279504056958
lithium_hydroxide,SVR,Single,2025-09-24,2025-09-25,9.54,9.54,9.94279504056958
lithium_hydroxide,SVR,Single,2025-09-25,2025-09-26,9.54,9.53,9.940756932625275
lithium_hydroxide,SVR,Single,2025-09-26,2025-09-29,9.53,9.53,9.93498722536713
lithium_hydroxide,SVR,Single,2025-09-29,2025-09-30,9.53,9.53,9.930277893079332
lithium_hydroxide,SVR,Single,2025-09-30,2025-10-01,9.53,9.6,9.930277893079332
lithium_hydroxide,SVR,Single,2025-10-01,2025-10-02,9.6,9.59,9.949392390502798
lithium_hydroxide,SVR,Single,2025-10-02,2025-10-03,9.59,9.6,9.97258870764309
lithium_hydroxide,SVR,Single,2025-10-03,2025-10-06,9.6,9.55,9.971612962632925
lithium_hydroxide,SVR,Single,2025-10-06,2025-10-07,9.55,9.6,9.961661938564689
lithium_hydroxide,SVR,Single,2025-10-07,2025-10-08,9.6,9.6,9.956788168692505
lithium_hydroxide,SVR,Single,2025-10-08,2025-10-09,9.6,9.6,9.975326075882162
lithium_hydroxide,SVR,Single,2025-10-09,2025-10-10,9.6,9.55,9.975326075882162
lithium_hydroxide,SVR,Single,2025-10-10,2025-10-13,9.55,9.6,9.961661938564689
lithium_hydroxide,SVR,Single,2025-10-13,2025-10-14,9.6,9.6,9.94775819216934
lithium_hydroxide,SVR,Single,2025-10-14,2025-10-15,9.6,9.6,9.964312453888232
lithium_hydroxide,SVR,Single,2025-10-15,2025-10-16,9.6,9.6,9.964312453888232
lithium_hydroxide,SVR,Single,2025-10-16,2025-10-17,9.6,9.6,9.964312453888232
lithium_hydroxide,SVR,Single,2025-10-17,2025-10-20,9.6,9.75,9.971300650465734
lithium_hydroxide,SVR,Single,2025-10-20,2025-10-21,9.75,9.6,10.025762284025689
lithium_hydroxide,SVR,Single,2025-10-21,2025-10-22,9.6,9.6,10.042521929504783
lithium_hydroxide,SVR,Single,2025-10-22,2025-10-23,9.6,9.6,9.991661237681017
lithium_hydroxide,SVR,Single,2025-10-23,2025-10-24,9.6,9.6,10.00101353274644
lithium_hydroxide,SVR,Single,2025-10-24,2025-10-27,9.6,9.6,10.013666121926509
lithium_hydroxide,SVR,Single,2025-10-27,2025-10-28,9.6,9.61,10.038498917057131
lithium_hydroxide,SVR,Single,2025-10-28,2025-10-29,9.61,9.63,10.08505405008723
lithium_hydroxide,SVR,Single,2025-10-29,2025-10-30,9.63,9.63,10.109265304872658
lithium_hydroxide,SVR,Single,2025-10-30,2025-10-31,9.63,9.63,10.136750363484738
lithium_hydroxide,SVR,Single,2025-10-31,2025-11-03,9.63,9.8,10.149960041706112
lithium_hydroxide,SVR,Single,2025-11-03,2025-11-04,9.8,9.93,10.20711448902146
lithium_hydroxide,SVR,Single,2025-11-04,2025-11-05,9.93,9.8,10.303741114085138
lithium_hydroxide,SVR,Single,2025-11-05,2025-11-06,9.8,9.9,10.307260989434964
lithium_hydroxide,SVR,Single,2025-11-06,2025-11-07,9.9,9.97,10.283457211037708
lithium_hydroxide,SVR,Single,2025-11-07,2025-11-10,9.97,9.97,10.340452982964347
lithium_hydroxide,SVR,Single,2025-11-10,2025-11-11,9.97,9.97,10.375273440058065
lithium_hydroxide,SVR,Single,2025-11-11,2025-11-12,9.97,9.97,10.413028422828177
lithium_hydroxide,SVR,Single,2025-11-12,2025-11-13,9.97,10.06,10.438084749641073
lithium_hydroxide,SVR,Single,2025-11-13,2025-11-14,10.06,10.06,10.489828274939564
lithium_hydroxide,SVR,Single,2025-11-14,2025-11-17,10.06,10.21,10.54471804333301
lithium_hydroxide,SVR,Single,2025-11-17,2025-11-18,10.21,10.21,10.61281234997849
lithium_hydroxide,SVR,Single,2025-11-18,2025-11-19,10.21,10.13,10.70358010895688
lithium_hydroxide,SVR,Single,2025-11-19,2025-11-20,10.13,10.16,10.722933807605353
lithium_hydroxide,SVR,Single,2025-11-20,2025-11-21,10.16,10.19,10.769672689900972
lithium_hydroxide,SVR,Single,2025-11-21,2025-11-24,10.19,10.19,10.818799112600177
lithium_hydroxide,SVR,Single,2025-11-24,2025-11-25,10.19,10.19,10.8256974985083
lithium_hydroxide,SVR,Single,2025-11-25,2025-11-26,10.19,10.18,10.8227296202695
lithium_hydroxide,SVR,Single,2025-11-26,2025-11-28,10.18,10.19,10.842379285025324
lithium_hydroxide,SVR,Single,2025-11-28,2025-12-01,10.19,10.95,10.870089894311633
lithium_hydroxide,SVR,Single,2025-12-01,2025-12-02,10.95,10.4,11.105070500160291
lithium_hydroxide,SVR,Single,2025-12-02,2025-12-03,10.4,10.26,11.245656778648584
lithium_hydroxide,SVR,Single,2025-12-03,2025-12-04,10.26,10.31,10.991256700380667
lithium_hydroxide,SVR,Single,2025-12-04,2025-12-05,10.31,10.31,10.94087359327079
lithium_hydroxide,SVR,Single,2025-12-05,2025-12-08,10.31,10.31,10.937184970626715
lithium_hydroxide,SVR,Single,2025-12-08,2025-12-09,10.31,10.31,10.922202868664238
lithium_hydroxide,SVR,Single,2025-12-09,2025-12-10,10.31,10.3,10.922202868664238
lithium_hydroxide,SVR,Single,2025-12-10,2025-12-11,10.3,10.31,10.917953369162994
lithium_hydroxide,SVR,Single,2025-12-11,2025-12-12,10.31,10.4,10.940911004444338
lithium_hydroxide,SVR,Single,2025-12-12,2025-12-15,10.4,10.37,10.999970906863076
lithium_hydroxide,SVR,Single,2025-12-15,2025-12-16,10.37,10.37,11.046048216443005
lithium_hydroxide,SVR,Single,2025-12-16,2025-12-17,10.37,10.42,11.056364460443294
lithium_hydroxide,SVR,Single,2025-12-17,2025-12-18,10.42,10.61,11.107960042931872
lithium_hydroxide,SVR,Single,2025-12-18,2025-12-19,10.61,10.83,11.195421058274356
lithium_hydroxide,SVR,Single,2025-12-19,2025-12-22,10.83,10.83,11.33308154660996
lithium_hydroxide,SVR,Single,2025-12-22,2025-12-23,10.83,11.21,11.461397024634694
lithium_hydroxide,SVR,Single,2025-12-23,2025-12-24,11.21,11.21,11.585465405829265
lithium_hydroxide,SVR,Single,2025-12-24,2025-12-26,11.21,11.21,11.79939065493524
lithium_hydroxide,SVR,Single,2025-12-26,2025-12-29,11.21,11.24,12.161474021017312
lithium_hydroxide,SVR,Single,2025-12-29,2025-12-30,11.24,11.22,12.40250915865372
lithium_hydroxide,SVR,Single,2025-12-30,2025-12-31,11.22,11.22,12.408574310659793
lithium_hydroxide,SVR,Single,2025-12-31,2026-01-02,11.22,15.47,12.420652212460787
lithium_hydroxide,SVR,Single,2026-01-02,2026-01-05,15.47,15.23,13.718818700718462
lithium_hydroxide,SVR,Single,2026-01-05,2026-01-06,15.23,16.51,15.433959633392991
lithium_hydroxide,SVR,Single,2026-01-06,2026-01-07,16.51,16.8,16.000613351640805
lithium_hydroxide,SVR,Single,2026-01-07,2026-01-08,16.8,17.21,16.84451691223782
lithium_hydroxide,SVR,Single,2026-01-08,2026-01-09,17.21,17.97,17.262946107558854
lithium_hydroxide,SVR,Single,2026-01-09,2026-01-12,17.97,16.63,17.738815291573452
lithium_hydroxide,SVR,Single,2026-01-12,2026-01-13,16.63,17.96,18.019192973913132
lithium_hydroxide,SVR,Single,2026-01-13,2026-01-14,17.96,18.58,18.131479495561383
lithium_hydroxide,SVR,Single,2026-01-14,2026-01-15,18.58,18.44,18.98266240071442
lithium_hydroxide,SVR,Single,2026-01-15,2026-01-16,18.44,17.92,19.065296390317844
lithium_hydroxide,SVR,Single,2026-01-16,2026-01-20,17.92,17.77,18.81039400507481
lithium_hydroxide,SVR,Single,2026-01-20,2026-01-21,17.77,18.06,18.36937013774498
lithium_hydroxide,SVR,Single,2026-01-21,2026-01-22,18.06,18.39,18.59278392126994
lithium_hydroxide,SVR,Single,2026-01-22,2026-01-23,18.39,18.39,19.01198468876116
lithium_hydroxide,SVR,Single,2026-01-23,2026-01-26,18.39,18.27,19.35804918775818
lithium_hydroxide,SVR,Single,2026-01-26,2026-01-27,18.27,18.27,19.67470093825217
lithium_hydroxide,SVR,Single,2026-01-27,2026-01-28,18.27,18.2,19.3236273149654
lithium_hydroxide,SVR,Single,2026-01-28,2026-01-29,18.2,18.2,19.28543356806132
lithium_hydroxide,SVR,Single,2026-01-29,2026-01-30,18.2,18.18,19.1243393907262
lithium_hydroxide,SVR,Single,2026-01-30,2026-02-02,18.18,17.5,18.87282653004804
lithium_hydroxide,SVR,Single,2026-02-02,2026-02-03,17.5,17.5,18.489955843478874
lithium_hydroxide,SVR,Single,2026-02-03,2026-02-04,17.5,17.5,18.139720672875463
lithium_hydroxide,SVR,Single,2026-02-04,2026-02-05,17.5,17.0,18.123268932126223
lithium_hydroxide,SVR,Single,2026-02-05,2026-02-06,17.0,16.85,17.673637163495126
lithium_hydroxide,SVR,Single,2026-02-06,2026-02-09,16.85,16.65,17.10800123317937
lithium_hydroxide,SVR,Single,2026-02-09,2026-02-10,16.65,16.62,17.008068625232426
lithium_hydroxide,SVR,Single,2026-02-10,2026-02-11,16.62,16.81,16.926464788269918
lithium_hydroxide,SVR,Single,2026-02-11,2026-02-12,16.81,16.81,17.0388167406595
lithium_hydroxide,SVR,Single,2026-02-12,2026-02-13,16.81,16.81,17.267016910148982
lithium_hydroxide,SVR,Single,2026-02-13,2026-02-17,16.81,16.81,17.308134818209506
lithium_hydroxide,SVR,Single,2026-02-17,2026-02-18,16.81,16.91,17.308134818209506
lithium_hydroxide,SVR,Single,2026-02-18,2026-02-19,16.91,16.91,17.339888623207212
lithium_hydroxide,SVR,Single,2026-02-19,2026-02-20,16.91,16.91,17.38269157174132
lithium_hydroxide,SVR,Single,2026-02-20,2026-02-23,16.91,16.91,17.38269157174132
lithium_hydroxide,SVR,Single,2026-02-23,2026-02-24,16.91,17.11,17.38269157174132
lithium_hydroxide,SVR,Single,2026-02-24,2026-02-25,17.11,17.34,17.721200247853144
lithium_hydroxide,SVR,Single,2026-02-25,2026-02-26,17.34,17.4,18.21012188124312
lithium_hydroxide,SVR,Single,2026-02-26,2026-03-02,17.4,20.98,18.71723841781776
lithium_hydroxide,SVR,Single,2026-03-02,2026-03-03,20.98,19.77,19.860102685999813
lithium_hydroxide,SVR,Single,2026-03-03,2026-03-04,19.77,19.77,20.565397647935868
lithium_hydroxide,SVR,Single,2026-03-04,2026-03-05,19.77,19.98,19.858954490649456
lithium_hydroxide,SVR,Single,2026-03-05,2026-03-06,19.98,20.19,19.98573300470048
lithium_hydroxide,SVR,Single,2026-03-06,2026-03-09,20.19,20.19,20.126011374773867
lithium_hydroxide,SVR,Single,2026-03-09,2026-03-10,20.19,20.19,20.202276492162447
lithium_hydroxide,SVR,Single,2026-03-10,2026-03-11,20.19,19.85,20.30448157650666
lithium_hydroxide,SVR,Single,2026-03-11,2026-03-12,19.85,19.85,20.203588342608
lithium_hydroxide,RF,Single,2025-08-18,2025-08-19,8.4,8.35,9.0856
lithium_hydroxide,RF,Single,2025-08-19,2025-08-20,8.35,8.44,8.908799999999994
lithium_hydroxide,RF,Single,2025-08-20,2025-08-21,8.44,8.44,9.13035
lithium_hydroxide,RF,Single,2025-08-21,2025-08-22,8.44,8.5,9.14285
lithium_hydroxide,RF,Single,2025-08-22,2025-08-25,8.5,8.48,9.135075
lithium_hydroxide,RF,Single,2025-08-25,2025-08-26,8.48,8.48,9.116098333333332
lithium_hydroxide,RF,Single,2025-08-26,2025-08-27,8.48,8.51,9.021698333333337
lithium_hydroxide,RF,Single,2025-08-27,2025-08-28,8.51,8.51,9.037476904761908
lithium_hydroxide,RF,Single,2025-08-28,2025-08-29,8.51,8.52,8.674136904761907
lithium_hydroxide,RF,Single,2025-08-29,2025-09-02,8.52,9.4,8.674236904761905
lithium_hydroxide,RF,Single,2025-09-02,2025-09-03,9.4,9.38,8.970166666666666
lithium_hydroxide,RF,Single,2025-09-03,2025-09-04,9.38,9.48,9.46299999999999
lithium_hydroxide,RF,Single,2025-09-04,2025-09-05,9.48,9.48,9.499798571428569
lithium_hydroxide,RF,Single,2025-09-05,2025-09-08,9.48,9.48,9.477598571428564
lithium_hydroxide,RF,Single,2025-09-08,2025-09-09,9.48,9.48,9.471898571428566
lithium_hydroxide,RF,Single,2025-09-09,2025-09-10,9.48,9.48,9.471898571428566
lithium_hydroxide,RF,Single,2025-09-10,2025-09-11,9.48,9.48,9.229228571428564
lithium_hydroxide,RF,Single,2025-09-11,2025-09-12,9.48,9.48,9.234799999999993
lithium_hydroxide,RF,Single,2025-09-12,2025-09-15,9.48,9.48,9.234799999999993
lithium_hydroxide,RF,Single,2025-09-15,2025-09-16,9.48,9.48,9.234799999999993
lithium_hydroxide,RF,Single,2025-09-16,2025-09-17,9.48,9.48,9.234799999999993
lithium_hydroxide,RF,Single,2025-09-17,2025-09-18,9.48,9.48,9.232199999999992
lithium_hydroxide,RF,Single,2025-09-18,2025-09-19,9.48,9.54,9.229228571428564
lithium_hydroxide,RF,Single,2025-09-19,2025-09-22,9.54,9.54,9.541499999999996
lithium_hydroxide,RF,Single,2025-09-22,2025-09-23,9.54,9.54,9.515899999999998
lithium_hydroxide,RF,Single,2025-09-23,2025-09-24,9.54,9.54,9.515899999999998
lithium_hydroxide,RF,Single,2025-09-24,2025-09-25,9.54,9.54,9.515899999999998
lithium_hydroxide,RF,Single,2025-09-25,2025-09-26,9.54,9.53,9.480199999999996
lithium_hydroxide,RF,Single,2025-09-26,2025-09-29,9.53,9.53,9.507699999999993
lithium_hydroxide,RF,Single,2025-09-29,2025-09-30,9.53,9.53,9.502699999999994
lithium_hydroxide,RF,Single,2025-09-30,2025-10-01,9.53,9.6,9.502699999999994
lithium_hydroxide,RF,Single,2025-10-01,2025-10-02,9.6,9.59,9.54339999999999
lithium_hydroxide,RF,Single,2025-10-02,2025-10-03,9.59,9.6,9.55769999999999
lithium_hydroxide,RF,Single,2025-10-03,2025-10-06,9.6,9.55,9.55769999999999
lithium_hydroxide,RF,Single,2025-10-06,2025-10-07,9.55,9.6,9.543199999999988
lithium_hydroxide,RF,Single,2025-10-07,2025-10-08,9.6,9.6,9.550599999999989
lithium_hydroxide,RF,Single,2025-10-08,2025-10-09,9.6,9.6,9.55769999999999
lithium_hydroxide,RF,Single,2025-10-09,2025-10-10,9.6,9.55,9.55769999999999
lithium_hydroxide,RF,Single,2025-10-10,2025-10-13,9.55,9.6,9.543199999999988
lithium_hydroxide,RF,Single,2025-10-13,2025-10-14,9.6,9.6,9.520099999999992
lithium_hydroxide,RF,Single,2025-10-14,2025-10-15,9.6,9.6,9.526199999999992
lithium_hydroxide,RF,Single,2025-10-15,2025-10-16,9.6,9.6,9.526199999999992
lithium_hydroxide,RF,Single,2025-10-16,2025-10-17,9.6,9.6,9.526199999999992
lithium_hydroxide,RF,Single,2025-10-17,2025-10-20,9.6,9.75,9.54869999999999
lithium_hydroxide,RF,Single,2025-10-20,2025-10-21,9.75,9.6,9.538699999999992
lithium_hydroxide,RF,Single,2025-10-21,2025-10-22,9.6,9.6,9.720299999999996
lithium_hydroxide,RF,Single,2025-10-22,2025-10-23,9.6,9.6,9.563699999999994
lithium_hydroxide,RF,Single,2025-10-23,2025-10-24,9.6,9.6,9.607649999999996
lithium_hydroxide,RF,Single,2025-10-24,2025-10-27,9.6,9.6,9.566075
lithium_hydroxide,RF,Single,2025-10-27,2025-10-28,9.6,9.61,9.550099999999992
lithium_hydroxide,RF,Single,2025-10-28,2025-10-29,9.61,9.63,9.527399999999997
lithium_hydroxide,RF,Single,2025-10-29,2025-10-30,9.63,9.63,9.509
lithium_hydroxide,RF,Single,2025-10-30,2025-10-31,9.63,9.63,9.509
lithium_hydroxide,RF,Single,2025-10-31,2025-11-03,9.63,9.8,9.630473333333336
lithium_hydroxide,RF,Single,2025-11-03,2025-11-04,9.8,9.93,10.002423333333336
lithium_hydroxide,RF,Single,2025-11-04,2025-11-05,9.93,9.8,10.27577333333334
lithium_hydroxide,RF,Single,2025-11-05,2025-11-06,9.8,9.9,10.112173333333338
lithium_hydroxide,RF,Single,2025-11-06,2025-11-07,9.9,9.97,10.172365000000006
lithium_hydroxide,RF,Single,2025-11-07,2025-11-10,9.97,9.97,10.051540000000006
lithium_hydroxide,RF,Single,2025-11-10,2025-11-11,9.97,9.97,10.140073333333335
lithium_hydroxide,RF,Single,2025-11-11,2025-11-12,9.97,9.97,10.219673333333336
lithium_hydroxide,RF,Single,2025-11-12,2025-11-13,9.97,10.06,10.253200000000003
lithium_hydroxide,RF,Single,2025-11-13,2025-11-14,10.06,10.06,10.287900000000004
lithium_hydroxide,RF,Single,2025-11-14,2025-11-17,10.06,10.21,10.234820000000004
lithium_hydroxide,RF,Single,2025-11-17,2025-11-18,10.21,10.21,10.304200000000003
lithium_hydroxide,RF,Single,2025-11-18,2025-11-19,10.21,10.13,10.335100000000004
lithium_hydroxide,RF,Single,2025-11-19,2025-11-20,10.13,10.16,10.319500000000003
lithium_hydroxide,RF,Single,2025-11-20,2025-11-21,10.16,10.19,10.471200000000009
lithium_hydroxide,RF,Single,2025-11-21,2025-11-24,10.19,10.19,11.002100000000002
lithium_hydroxide,RF,Single,2025-11-24,2025-11-25,10.19,10.19,11.0162
lithium_hydroxide,RF,Single,2025-11-25,2025-11-26,10.19,10.18,11.0162
lithium_hydroxide,RF,Single,2025-11-26,2025-11-28,10.18,10.19,11.0162
lithium_hydroxide,RF,Single,2025-11-28,2025-12-01,10.19,10.95,11.014400000000002
lithium_hydroxide,RF,Single,2025-12-01,2025-12-02,10.95,10.4,11.3698
lithium_hydroxide,RF,Single,2025-12-02,2025-12-03,10.4,10.26,11.38
lithium_hydroxide,RF,Single,2025-12-03,2025-12-04,10.26,10.31,11.023300000000004
lithium_hydroxide,RF,Single,2025-12-04,2025-12-05,10.31,10.31,11.012100000000004
lithium_hydroxide,RF,Single,2025-12-05,2025-12-08,10.31,10.31,11.009800000000004
lithium_hydroxide,RF,Single,2025-12-08,2025-12-09,10.31,10.31,11.009800000000004
lithium_hydroxide,RF,Single,2025-12-09,2025-12-10,10.31,10.3,11.009800000000004
lithium_hydroxide,RF,Single,2025-12-10,2025-12-11,10.3,10.31,11.009800000000004
lithium_hydroxide,RF,Single,2025-12-11,2025-12-12,10.31,10.4,11.010400000000002
lithium_hydroxide,RF,Single,2025-12-12,2025-12-15,10.4,10.37,11.024400000000004
lithium_hydroxide,RF,Single,2025-12-15,2025-12-16,10.37,10.37,11.004100000000005
lithium_hydroxide,RF,Single,2025-12-16,2025-12-17,10.37,10.42,10.9921
lithium_hydroxide,RF,Single,2025-12-17,2025-12-18,10.42,10.61,11.011300000000002
lithium_hydroxide,RF,Single,2025-12-18,2025-12-19,10.61,10.83,11.2831
lithium_hydroxide,RF,Single,2025-12-19,2025-12-22,10.83,10.83,11.3403
lithium_hydroxide,RF,Single,2025-12-22,2025-12-23,10.83,11.21,11.646
lithium_hydroxide,RF,Single,2025-12-23,2025-12-24,11.21,11.21,11.7854
lithium_hydroxide,RF,Single,2025-12-24,2025-12-26,11.21,11.21,12.084499999999998
lithium_hydroxide,RF,Single,2025-12-26,2025-12-29,11.21,11.24,11.9051
lithium_hydroxide,RF,Single,2025-12-29,2025-12-30,11.24,11.22,11.9038
lithium_hydroxide,RF,Single,2025-12-30,2025-12-31,11.22,11.22,11.9038
lithium_hydroxide,RF,Single,2025-12-31,2026-01-02,11.22,15.47,11.9038
lithium_hydroxide,RF,Single,2026-01-02,2026-01-05,15.47,15.23,13.380200000000002
lithium_hydroxide,RF,Single,2026-01-05,2026-01-06,15.23,16.51,15.371900000000002
lithium_hydroxide,RF,Single,2026-01-06,2026-01-07,16.51,16.8,16.5381
lithium_hydroxide,RF,Single,2026-01-07,2026-01-08,16.8,17.21,19.227
lithium_hydroxide,RF,Single,2026-01-08,2026-01-09,17.21,17.97,19.3925
lithium_hydroxide,RF,Single,2026-01-09,2026-01-12,17.97,16.63,19.5346
lithium_hydroxide,RF,Single,2026-01-12,2026-01-13,16.63,17.96,19.7837
lithium_hydroxide,RF,Single,2026-01-13,2026-01-14,17.96,18.58,19.8347
lithium_hydroxide,RF,Single,2026-01-14,2026-01-15,18.58,18.44,19.9861
lithium_hydroxide,RF,Single,2026-01-15,2026-01-16,18.44,17.92,19.9717
lithium_hydroxide,RF,Single,2026-01-16,2026-01-20,17.92,17.77,19.9384
lithium_hydroxide,RF,Single,2026-01-20,2026-01-21,17.77,18.06,19.8811
lithium_hydroxide,RF,Single,2026-01-21,2026-01-22,18.06,18.39,19.9532
lithium_hydroxide,RF,Single,2026-01-22,2026-01-23,18.39,18.39,20.0098
lithium_hydroxide,RF,Single,2026-01-23,2026-01-26,18.39,18.27,20.9365
lithium_hydroxide,RF,Single,2026-01-26,2026-01-27,18.27,18.27,21.045
lithium_hydroxide,RF,Single,2026-01-27,2026-01-28,18.27,18.2,20.936400000000003
lithium_hydroxide,RF,Single,2026-01-28,2026-01-29,18.2,18.2,20.936400000000003
lithium_hydroxide,RF,Single,2026-01-29,2026-01-30,18.2,18.18,20.899500000000003
lithium_hydroxide,RF,Single,2026-01-30,2026-02-02,18.18,17.5,19.9861
lithium_hydroxide,RF,Single,2026-02-02,2026-02-03,17.5,17.5,19.8784
lithium_hydroxide,RF,Single,2026-02-03,2026-02-04,17.5,17.5,19.8569
lithium_hydroxide,RF,Single,2026-02-04,2026-02-05,17.5,17.0,19.8569
lithium_hydroxide,RF,Single,2026-02-05,2026-02-06,17.0,16.85,19.4949
lithium_hydroxide,RF,Single,2026-02-06,2026-02-09,16.85,16.65,19.3557
lithium_hydroxide,RF,Single,2026-02-09,2026-02-10,16.65,16.62,19.295
lithium_hydroxide,RF,Single,2026-02-10,2026-02-11,16.62,16.81,19.2502
lithium_hydroxide,RF,Single,2026-02-11,2026-02-12,16.81,16.81,19.3209
lithium_hydroxide,RF,Single,2026-02-12,2026-02-13,16.81,16.81,19.401300000000003
lithium_hydroxide,RF,Single,2026-02-13,2026-02-17,16.81,16.81,19.4068
lithium_hydroxide,RF,Single,2026-02-17,2026-02-18,16.81,16.91,19.4068
lithium_hydroxide,RF,Single,2026-02-18,2026-02-19,16.91,16.91,19.4294
lithium_hydroxide,RF,Single,2026-02-19,2026-02-20,16.91,16.91,19.4763
lithium_hydroxide,RF,Single,2026-02-20,2026-02-23,16.91,16.91,19.4763
lithium_hydroxide,RF,Single,2026-02-23,2026-02-24,16.91,17.11,19.4763
lithium_hydroxide,RF,Single,2026-02-24,2026-02-25,17.11,17.34,19.7681
lithium_hydroxide,RF,Single,2026-02-25,2026-02-26,17.34,17.4,19.9077
lithium_hydroxide,RF,Single,2026-02-26,2026-03-02,17.4,20.98,20.8825
lithium_hydroxide,RF,Single,2026-03-02,2026-03-03,20.98,19.77,22.085400000000003
lithium_hydroxide,RF,Single,2026-03-03,2026-03-04,19.77,19.77,21.3333
lithium_hydroxide,RF,Single,2026-03-04,2026-03-05,19.77,19.98,20.7898
lithium_hydroxide,RF,Single,2026-03-05,2026-03-06,19.98,20.19,20.7898
lithium_hydroxide,RF,Single,2026-03-06,2026-03-09,20.19,20.19,20.7898
lithium_hydroxide,RF,Single,2026-03-09,2026-03-10,20.19,20.19,20.7898
lithium_hydroxide,RF,Single,2026-03-10,2026-03-11,20.19,19.85,20.8795
lithium_hydroxide,RF,Single,2026-03-11,2026-03-12,19.85,19.85,20.8795
lithium_hydroxide,MLP,Single,2025-08-18,2025-08-19,8.4,8.35,8.86253665893631
lithium_hydroxide,MLP,Single,2025-08-19,2025-08-20,8.35,8.44,8.858608750518638
lithium_hydroxide,MLP,Single,2025-08-20,2025-08-21,8.44,8.44,8.900112298532399
lithium_hydroxide,MLP,Single,2025-08-21,2025-08-22,8.44,8.5,8.898701776766869
lithium_hydroxide,MLP,Single,2025-08-22,2025-08-25,8.5,8.48,8.901295312028353
lithium_hydroxide,MLP,Single,2025-08-25,2025-08-26,8.48,8.48,8.866453914497331
lithium_hydroxide,MLP,Single,2025-08-26,2025-08-27,8.48,8.51,8.846700725922656
lithium_hydroxide,MLP,Single,2025-08-27,2025-08-28,8.51,8.51,8.860110890795681
lithium_hydroxide,MLP,Single,2025-08-28,2025-08-29,8.51,8.52,8.828072469515154
lithium_hydroxide,MLP,Single,2025-08-29,2025-09-02,8.52,9.4,8.825568144242425
lithium_hydroxide,MLP,Single,2025-09-02,2025-09-03,9.4,9.38,9.237252245610453
lithium_hydroxide,MLP,Single,2025-09-03,2025-09-04,9.38,9.48,9.285487745104106
lithium_hydroxide,MLP,Single,2025-09-04,2025-09-05,9.48,9.48,9.315574123118065
lithium_hydroxide,MLP,Single,2025-09-05,2025-09-08,9.48,9.48,9.320736541846522
lithium_hydroxide,MLP,Single,2025-09-08,2025-09-09,9.48,9.48,9.317432888053167
lithium_hydroxide,MLP,Single,2025-09-09,2025-09-10,9.48,9.48,9.317432888053167
lithium_hydroxide,MLP,Single,2025-09-10,2025-09-11,9.48,9.48,9.292104875637484
lithium_hydroxide,MLP,Single,2025-09-11,2025-09-12,9.48,9.48,9.278890260464085
lithium_hydroxide,MLP,Single,2025-09-12,2025-09-15,9.48,9.48,9.270080517015144
lithium_hydroxide,MLP,Single,2025-09-15,2025-09-16,9.48,9.48,9.270080517015144
lithium_hydroxide,MLP,Single,2025-09-16,2025-09-17,9.48,9.48,9.278890260464085
lithium_hydroxide,MLP,Single,2025-09-17,2025-09-18,9.48,9.48,9.285497568050785
lithium_hydroxide,MLP,Single,2025-09-18,2025-09-19,9.48,9.54,9.292104875637484
lithium_hydroxide,MLP,Single,2025-09-19,2025-09-22,9.54,9.54,9.324431295039124
lithium_hydroxide,MLP,Single,2025-09-22,2025-09-23,9.54,9.54,9.338540925587363
lithium_hydroxide,MLP,Single,2025-09-23,2025-09-24,9.54,9.54,9.338540925587363
lithium_hydroxide,MLP,Single,2025-09-24,2025-09-25,9.54,9.54,9.338540925587363
lithium_hydroxide,MLP,Single,2025-09-25,2025-09-26,9.54,9.53,9.33633848972513
lithium_hydroxide,MLP,Single,2025-09-26,2025-09-29,9.53,9.53,9.327830635686691
lithium_hydroxide,MLP,Single,2025-09-29,2025-09-30,9.53,9.53,9.325662566917172
lithium_hydroxide,MLP,Single,2025-09-30,2025-10-01,9.53,9.6,9.325662566917172
lithium_hydroxide,MLP,Single,2025-10-01,2025-10-02,9.6,9.59,9.36209196863278
lithium_hydroxide,MLP,Single,2025-10-02,2025-10-03,9.59,9.6,9.364355724256525
lithium_hydroxide,MLP,Single,2025-10-03,2025-10-06,9.6,9.55,9.368493073663206
lithium_hydroxide,MLP,Single,2025-10-06,2025-10-07,9.55,9.6,9.343652897343418
lithium_hydroxide,MLP,Single,2025-10-07,2025-10-08,9.6,9.6,9.364225670309589
lithium_hydroxide,MLP,Single,2025-10-08,2025-10-09,9.6,9.6,9.369559924501608
lithium_hydroxide,MLP,Single,2025-10-09,2025-10-10,9.6,9.55,9.369559924501608
lithium_hydroxide,MLP,Single,2025-10-10,2025-10-13,9.55,9.6,9.343652897343418
lithium_hydroxide,MLP,Single,2025-10-13,2025-10-14,9.6,9.6,9.35431470892954
lithium_hydroxide,MLP,Single,2025-10-14,2025-10-15,9.6,9.6,9.357446527259324
lithium_hydroxide,MLP,Single,2025-10-15,2025-10-16,9.6,9.6,9.357446527259324
lithium_hydroxide,MLP,Single,2025-10-16,2025-10-17,9.6,9.6,9.357446527259324
lithium_hydroxide,MLP,Single,2025-10-17,2025-10-20,9.6,9.75,9.36515505277714
lithium_hydroxide,MLP,Single,2025-10-20,2025-10-21,9.75,9.6,9.462796341344015
lithium_hydroxide,MLP,Single,2025-10-21,2025-10-22,9.6,9.6,9.430737864274024
lithium_hydroxide,MLP,Single,2025-10-22,2025-10-23,9.6,9.6,9.391232879786967
lithium_hydroxide,MLP,Single,2025-10-23,2025-10-24,9.6,9.6,9.405993553518648
lithium_hydroxide,MLP,Single,2025-10-24,2025-10-27,9.6,9.6,9.42567445182755
lithium_hydroxide,MLP,Single,2025-10-27,2025-10-28,9.6,9.61,9.463396173586284
lithium_hydroxide,MLP,Single,2025-10-28,2025-10-29,9.61,9.63,9.538913929136092
lithium_hydroxide,MLP,Single,2025-10-29,2025-10-30,9.63,9.63,9.57682161686957
lithium_hydroxide,MLP,Single,2025-10-30,2025-10-31,9.63,9.63,9.61476629838554
lithium_hydroxide,MLP,Single,2025-10-31,2025-11-03,9.63,9.8,9.634904011631711
lithium_hydroxide,MLP,Single,2025-11-03,2025-11-04,9.8,9.93,9.742306450700596
lithium_hydroxide,MLP,Single,2025-11-04,2025-11-05,9.93,9.8,9.866170262289334
lithium_hydroxide,MLP,Single,2025-11-05,2025-11-06,9.8,9.9,9.826340854327846
lithium_hydroxide,MLP,Single,2025-11-06,2025-11-07,9.9,9.97,9.83181746291246
lithium_hydroxide,MLP,Single,2025-11-07,2025-11-10,9.97,9.97,9.903371438583637
lithium_hydroxide,MLP,Single,2025-11-10,2025-11-11,9.97,9.97,9.94006601066917
lithium_hydroxide,MLP,Single,2025-11-11,2025-11-12,9.97,9.97,9.996817747999293
lithium_hydroxide,MLP,Single,2025-11-12,2025-11-13,9.97,10.06,10.03343177208324
lithium_hydroxide,MLP,Single,2025-11-13,2025-11-14,10.06,10.06,10.12001385937609
lithium_hydroxide,MLP,Single,2025-11-14,2025-11-17,10.06,10.21,10.180772497932782
lithium_hydroxide,MLP,Single,2025-11-17,2025-11-18,10.21,10.21,10.30192074887206
lithium_hydroxide,MLP,Single,2025-11-18,2025-11-19,10.21,10.13,10.427610511685607
lithium_hydroxide,MLP,Single,2025-11-19,2025-11-20,10.13,10.16,10.472184405432849
lithium_hydroxide,MLP,Single,2025-11-20,2025-11-21,10.16,10.19,10.583429064930424
lithium_hydroxide,MLP,Single,2025-11-21,2025-11-24,10.19,10.19,10.667400557935212
lithium_hydroxide,MLP,Single,2025-11-24,2025-11-25,10.19,10.19,10.672853986349066
lithium_hydroxide,MLP,Single,2025-11-25,2025-11-26,10.19,10.18,10.667292919210606
lithium_hydroxide,MLP,Single,2025-11-26,2025-11-28,10.18,10.19,10.704145658582856
lithium_hydroxide,MLP,Single,2025-11-28,2025-12-01,10.19,10.95,10.75723271752393
lithium_hydroxide,MLP,Single,2025-12-01,2025-12-02,10.95,10.4,11.164197540027164
lithium_hydroxide,MLP,Single,2025-12-02,2025-12-03,10.4,10.26,11.249412615534018
lithium_hydroxide,MLP,Single,2025-12-03,2025-12-04,10.26,10.31,10.925749516409509
lithium_hydroxide,MLP,Single,2025-12-04,2025-12-05,10.31,10.31,10.866185299688729
lithium_hydroxide,MLP,Single,2025-12-05,2025-12-08,10.31,10.31,10.847469011352842
lithium_hydroxide,MLP,Single,2025-12-08,2025-12-09,10.31,10.31,10.81966367566054
lithium_hydroxide,MLP,Single,2025-12-09,2025-12-10,10.31,10.3,10.81966367566054
lithium_hydroxide,MLP,Single,2025-12-10,2025-12-11,10.3,10.31,10.812027877925097
lithium_hydroxide,MLP,Single,2025-12-11,2025-12-12,10.31,10.4,10.856773336158485
lithium_hydroxide,MLP,Single,2025-12-12,2025-12-15,10.4,10.37,10.960679728079498
lithium_hydroxide,MLP,Single,2025-12-15,2025-12-16,10.37,10.37,11.023645959345505
lithium_hydroxide,MLP,Single,2025-12-16,2025-12-17,10.37,10.42,11.048778400193186
lithium_hydroxide,MLP,Single,2025-12-17,2025-12-18,10.42,10.61,11.139787526685772
lithium_hydroxide,MLP,Single,2025-12-18,2025-12-19,10.61,10.83,11.282834596738642
lithium_hydroxide,MLP,Single,2025-12-19,2025-12-22,10.83,10.83,11.482579993303512
lithium_hydroxide,MLP,Single,2025-12-22,2025-12-23,10.83,11.21,11.658817946564078
lithium_hydroxide,MLP,Single,2025-12-23,2025-12-24,11.21,11.21,11.86519529998222
lithium_hydroxide,MLP,Single,2025-12-24,2025-12-26,11.21,11.21,12.087836845910337
lithium_hydroxide,MLP,Single,2025-12-26,2025-12-29,11.21,11.24,12.230026993718509
lithium_hydroxide,MLP,Single,2025-12-29,2025-12-30,11.24,11.22,12.389071909037238
lithium_hydroxide,MLP,Single,2025-12-30,2025-12-31,11.22,11.22,12.391726174352405
lithium_hydroxide,MLP,Single,2025-12-31,2026-01-02,11.22,15.47,12.396628438367106
lithium_hydroxide,MLP,Single,2026-01-02,2026-01-05,15.47,15.23,13.971601498081334
lithium_hydroxide,MLP,Single,2026-01-05,2026-01-06,15.23,16.51,15.554767041557906
lithium_hydroxide,MLP,Single,2026-01-06,2026-01-07,16.51,16.8,15.947354051890098
lithium_hydroxide,MLP,Single,2026-01-07,2026-01-08,16.8,17.21,16.471950241901922
lithium_hydroxide,MLP,Single,2026-01-08,2026-01-09,17.21,17.97,16.696636479545393
lithium_hydroxide,MLP,Single,2026-01-09,2026-01-12,17.97,16.63,17.015778769881404
lithium_hydroxide,MLP,Single,2026-01-12,2026-01-13,16.63,17.96,16.987594238607148
lithium_hydroxide,MLP,Single,2026-01-13,2026-01-14,17.96,18.58,17.238386426444197
lithium_hydroxide,MLP,Single,2026-01-14,2026-01-15,18.58,18.44,17.830573583099916
lithium_hydroxide,MLP,Single,2026-01-15,2026-01-16,18.44,17.92,17.763717958604925
lithium_hydroxide,MLP,Single,2026-01-16,2026-01-20,17.92,17.77,17.492362720377404
lithium_hydroxide,MLP,Single,2026-01-20,2026-01-21,17.77,18.06,17.270875013141097
lithium_hydroxide,MLP,Single,2026-01-21,2026-01-22,18.06,18.39,17.433123841612158
lithium_hydroxide,MLP,Single,2026-01-22,2026-01-23,18.39,18.39,17.75983803924872
lithium_hydroxide,MLP,Single,2026-01-23,2026-01-26,18.39,18.27,17.801055810325487
lithium_hydroxide,MLP,Single,2026-01-26,2026-01-27,18.27,18.27,17.833785104622528
lithium_hydroxide,MLP,Single,2026-01-27,2026-01-28,18.27,18.2,17.702761868312205
lithium_hydroxide,MLP,Single,2026-01-28,2026-01-29,18.2,18.2,17.66579638179242
lithium_hydroxide,MLP,Single,2026-01-29,2026-01-30,18.2,18.18,17.668122822177875
lithium_hydroxide,MLP,Single,2026-01-30,2026-02-02,18.18,17.5,17.60018798141053
lithium_hydroxide,MLP,Single,2026-02-02,2026-02-03,17.5,17.5,17.270558114579504
lithium_hydroxide,MLP,Single,2026-02-03,2026-02-04,17.5,17.5,17.084224543539786
lithium_hydroxide,MLP,Single,2026-02-04,2026-02-05,17.5,17.0,17.080727045825753
lithium_hydroxide,MLP,Single,2026-02-05,2026-02-06,17.0,16.85,16.892524245903928
lithium_hydroxide,MLP,Single,2026-02-06,2026-02-09,16.85,16.65,16.63848359076421
lithium_hydroxide,MLP,Single,2026-02-09,2026-02-10,16.65,16.62,16.550375295888863
lithium_hydroxide,MLP,Single,2026-02-10,2026-02-11,16.62,16.81,16.486352384637797
lithium_hydroxide,MLP,Single,2026-02-11,2026-02-12,16.81,16.81,16.538935724325103
lithium_hydroxide,MLP,Single,2026-02-12,2026-02-13,16.81,16.81,16.627418465327274
lithium_hydroxide,MLP,Single,2026-02-13,2026-02-17,16.81,16.81,16.63616220961235
lithium_hydroxide,MLP,Single,2026-02-17,2026-02-18,16.81,16.91,16.63616220961235
lithium_hydroxide,MLP,Single,2026-02-18,2026-02-19,16.91,16.91,16.661211777826207
lithium_hydroxide,MLP,Single,2026-02-19,2026-02-20,16.91,16.91,16.691214547076676
lithium_hydroxide,MLP,Single,2026-02-20,2026-02-23,16.91,16.91,16.691214547076676
lithium_hydroxide,MLP,Single,2026-02-23,2026-02-24,16.91,17.11,16.691214547076676
lithium_hydroxide,MLP,Single,2026-02-24,2026-02-25,17.11,17.34,16.799022395785897
lithium_hydroxide,MLP,Single,2026-02-25,2026-02-26,17.34,17.4,17.041310772181895
lithium_hydroxide,MLP,Single,2026-02-26,2026-03-02,17.4,20.98,17.044755156786593
lithium_hydroxide,MLP,Single,2026-03-02,2026-03-03,20.98,19.77,19.352404534569043
lithium_hydroxide,MLP,Single,2026-03-03,2026-03-04,19.77,19.77,18.85816408377854
lithium_hydroxide,MLP,Single,2026-03-04,2026-03-05,19.77,19.98,18.569938105196496
lithium_hydroxide,MLP,Single,2026-03-05,2026-03-06,19.98,20.19,18.72920073889376
lithium_hydroxide,MLP,Single,2026-03-06,2026-03-09,20.19,20.19,18.86199656877212
lithium_hydroxide,MLP,Single,2026-03-09,2026-03-10,20.19,20.19,18.878936257559157
lithium_hydroxide,MLP,Single,2026-03-10,2026-03-11,20.19,19.85,18.951280411902378
lithium_hydroxide,MLP,Single,2026-03-11,2026-03-12,19.85,19.85,18.76554111437276
lithium_hydroxide,ELM,Single,2025-08-18,2025-08-19,8.4,8.35,8.477011486406557
lithium_hydroxide,ELM,Single,2025-08-19,2025-08-20,8.35,8.44,8.432449073904422
lithium_hydroxide,ELM,Single,2025-08-20,2025-08-21,8.44,8.44,8.470959173533172
lithium_hydroxide,ELM,Single,2025-08-21,2025-08-22,8.44,8.5,8.505035804678485
lithium_hydroxide,ELM,Single,2025-08-22,2025-08-25,8.5,8.48,8.550028882015315
lithium_hydroxide,ELM,Single,2025-08-25,2025-08-26,8.48,8.48,8.561420144102792
lithium_hydroxide,ELM,Single,2025-08-26,2025-08-27,8.48,8.51,8.55738584855167
lithium_hydroxide,ELM,Single,2025-08-27,2025-08-28,8.51,8.51,8.576903276911105
lithium_hydroxide,ELM,Single,2025-08-28,2025-08-29,8.51,8.52,8.58727062538199
lithium_hydroxide,ELM,Single,2025-08-29,2025-09-02,8.52,9.4,8.593859142986439
lithium_hydroxide,ELM,Single,2025-09-02,2025-09-03,9.4,9.38,9.216474175829417
lithium_hydroxide,ELM,Single,2025-09-03,2025-09-04,9.38,9.48,9.375076662929532
lithium_hydroxide,ELM,Single,2025-09-04,2025-09-05,9.48,9.48,9.437887451842956
lithium_hydroxide,ELM,Single,2025-09-05,2025-09-08,9.48,9.48,9.45505162468662
lithium_hydroxide,ELM,Single,2025-09-08,2025-09-09,9.48,9.48,9.454030296775914
lithium_hydroxide,ELM,Single,2025-09-09,2025-09-10,9.48,9.48,9.454030296775914
lithium_hydroxide,ELM,Single,2025-09-10,2025-09-11,9.48,9.48,9.445936249396478
lithium_hydroxide,ELM,Single,2025-09-11,2025-09-12,9.48,9.48,9.441544511777892
lithium_hydroxide,ELM,Single,2025-09-12,2025-09-15,9.48,9.48,9.438559574085854
lithium_hydroxide,ELM,Single,2025-09-15,2025-09-16,9.48,9.48,9.438559574085854
lithium_hydroxide,ELM,Single,2025-09-16,2025-09-17,9.48,9.48,9.441544511777892
lithium_hydroxide,ELM,Single,2025-09-17,2025-09-18,9.48,9.48,9.443753758067244
lithium_hydroxide,ELM,Single,2025-09-18,2025-09-19,9.48,9.54,9.445936249396478
lithium_hydroxide,ELM,Single,2025-09-19,2025-09-22,9.54,9.54,9.490813901258663
lithium_hydroxide,ELM,Single,2025-09-22,2025-09-23,9.54,9.54,9.503655264739171
lithium_hydroxide,ELM,Single,2025-09-23,2025-09-24,9.54,9.54,9.503655264739171
lithium_hydroxide,ELM,Single,2025-09-24,2025-09-25,9.54,9.54,9.503655264739171
lithium_hydroxide,ELM,Single,2025-09-25,2025-09-26,9.54,9.53,9.502937891824246
lithium_hydroxide,ELM,Single,2025-09-26,2025-09-29,9.53,9.53,9.494449713438486
lithium_hydroxide,ELM,Single,2025-09-29,2025-09-30,9.53,9.53,9.492348064218389
lithium_hydroxide,ELM,Single,2025-09-30,2025-10-01,9.53,9.6,9.492348064218389
lithium_hydroxide,ELM,Single,2025-10-01,2025-10-02,9.6,9.59,9.544444011139884
lithium_hydroxide,ELM,Single,2025-10-02,2025-10-03,9.59,9.6,9.548987492525171
lithium_hydroxide,ELM,Single,2025-10-03,2025-10-06,9.6,9.55,9.55470837924004
lithium_hydroxide,ELM,Single,2025-10-06,2025-10-07,9.55,9.6,9.519319307657652
lithium_hydroxide,ELM,Single,2025-10-07,2025-10-08,9.6,9.6,9.547856427270698
lithium_hydroxide,ELM,Single,2025-10-08,2025-10-09,9.6,9.6,9.5564269759883
lithium_hydroxide,ELM,Single,2025-10-09,2025-10-10,9.6,9.55,9.5564269759883
lithium_hydroxide,ELM,Single,2025-10-10,2025-10-13,9.55,9.6,9.519319307657652
lithium_hydroxide,ELM,Single,2025-10-13,2025-10-14,9.6,9.6,9.544780883253845
lithium_hydroxide,ELM,Single,2025-10-14,2025-10-15,9.6,9.6,9.552377867008165
lithium_hydroxide,ELM,Single,2025-10-15,2025-10-16,9.6,9.6,9.552377867008165
lithium_hydroxide,ELM,Single,2025-10-16,2025-10-17,9.6,9.6,9.552377867008165
lithium_hydroxide,ELM,Single,2025-10-17,2025-10-20,9.6,9.75,9.55496355487256
lithium_hydroxide,ELM,Single,2025-10-20,2025-10-21,9.75,9.6,9.67169119610996
lithium_hydroxide,ELM,Single,2025-10-21,2025-10-22,9.6,9.6,9.587291947610066
lithium_hydroxide,ELM,Single,2025-10-22,2025-10-23,9.6,9.6,9.562168914208726
lithium_hydroxide,ELM,Single,2025-10-23,2025-10-24,9.6,9.6,9.565313338283216
lithium_hydroxide,ELM,Single,2025-10-24,2025-10-27,9.6,9.6,9.569400495638323
lithium_hydroxide,ELM,Single,2025-10-27,2025-10-28,9.6,9.61,9.576860715577542
lithium_hydroxide,ELM,Single,2025-10-28,2025-10-29,9.61,9.63,9.595207881855146
lithium_hydroxide,ELM,Single,2025-10-29,2025-10-30,9.63,9.63,9.61474662832531
lithium_hydroxide,ELM,Single,2025-10-30,2025-10-31,9.63,9.63,9.623479721084635
lithium_hydroxide,ELM,Single,2025-10-31,2025-11-03,9.63,9.8,9.625928990649747
lithium_hydroxide,ELM,Single,2025-11-03,2025-11-04,9.8,9.93,9.744871446001854
lithium_hydroxide,ELM,Single,2025-11-04,2025-11-05,9.93,9.8,9.876196240204113
lithium_hydroxide,ELM,Single,2025-11-05,2025-11-06,9.8,9.9,9.815506089833548
lithium_hydroxide,ELM,Single,2025-11-06,2025-11-07,9.9,9.97,9.853255741155422
lithium_hydroxide,ELM,Single,2025-11-07,2025-11-10,9.97,9.97,9.925820407146103
lithium_hydroxide,ELM,Single,2025-11-10,2025-11-11,9.97,9.97,9.944049382554958
lithium_hydroxide,ELM,Single,2025-11-11,2025-11-12,9.97,9.97,9.951426074730776
lithium_hydroxide,ELM,Single,2025-11-12,2025-11-13,9.97,10.06,9.955481783436507
lithium_hydroxide,ELM,Single,2025-11-13,2025-11-14,10.06,10.06,10.019688577923016
lithium_hydroxide,ELM,Single,2025-11-14,2025-11-17,10.06,10.21,10.046846267969258
lithium_hydroxide,ELM,Single,2025-11-17,2025-11-18,10.21,10.21,10.14946556165593
lithium_hydroxide,ELM,Single,2025-11-18,2025-11-19,10.21,10.13,10.195597476626324
lithium_hydroxide,ELM,Single,2025-11-19,2025-11-20,10.13,10.16,10.146129394030098
lithium_hydroxide,ELM,Single,2025-11-20,2025-11-21,10.16,10.19,10.137980189077387
lithium_hydroxide,ELM,Single,2025-11-21,2025-11-24,10.19,10.19,10.16531202446052
lithium_hydroxide,ELM,Single,2025-11-24,2025-11-25,10.19,10.19,10.176314779704022
lithium_hydroxide,ELM,Single,2025-11-25,2025-11-26,10.19,10.18,10.176518647914836
lithium_hydroxide,ELM,Single,2025-11-26,2025-11-28,10.18,10.19,10.168497802093302
lithium_hydroxide,ELM,Single,2025-11-28,2025-12-01,10.19,10.95,10.1680240153399
lithium_hydroxide,ELM,Single,2025-12-01,2025-12-02,10.95,10.4,10.664637062804374
lithium_hydroxide,ELM,Single,2025-12-02,2025-12-03,10.4,10.26,10.584153862296596
lithium_hydroxide,ELM,Single,2025-12-03,2025-12-04,10.26,10.31,10.29195455110143
lithium_hydroxide,ELM,Single,2025-12-04,2025-12-05,10.31,10.31,10.271727593190397
lithium_hydroxide,ELM,Single,2025-12-05,2025-12-08,10.31,10.31,10.292282220191105
lithium_hydroxide,ELM,Single,2025-12-08,2025-12-09,10.31,10.31,10.293371446393754
lithium_hydroxide,ELM,Single,2025-12-09,2025-12-10,10.31,10.3,10.293371446393754
lithium_hydroxide,ELM,Single,2025-12-10,2025-12-11,10.3,10.31,10.287164639743066
lithium_hydroxide,ELM,Single,2025-12-11,2025-12-12,10.31,10.4,10.288005142032738
lithium_hydroxide,ELM,Single,2025-12-12,2025-12-15,10.4,10.37,10.344855201156772
lithium_hydroxide,ELM,Single,2025-12-15,2025-12-16,10.37,10.37,10.357398207700296
lithium_hydroxide,ELM,Single,2025-12-16,2025-12-17,10.37,10.42,10.3430080138707
lithium_hydroxide,ELM,Single,2025-12-17,2025-12-18,10.42,10.61,10.367455540048756
lithium_hydroxide,ELM,Single,2025-12-18,2025-12-19,10.61,10.83,10.502422088411675
lithium_hydroxide,ELM,Single,2025-12-19,2025-12-22,10.83,10.83,10.714763451979788
lithium_hydroxide,ELM,Single,2025-12-22,2025-12-23,10.83,11.21,10.793744927213965
lithium_hydroxide,ELM,Single,2025-12-23,2025-12-24,11.21,11.21,11.032064798223209
lithium_hydroxide,ELM,Single,2025-12-24,2025-12-26,11.21,11.21,11.170685621520336
lithium_hydroxide,ELM,Single,2025-12-26,2025-12-29,11.21,11.24,11.0535335112854
lithium_hydroxide,ELM,Single,2025-12-29,2025-12-30,11.24,11.22,10.931393678075723
lithium_hydroxide,ELM,Single,2025-12-30,2025-12-31,11.22,11.22,10.936007114189836
lithium_hydroxide,ELM,Single,2025-12-31,2026-01-02,11.22,15.47,10.91064282558261
lithium_hydroxide,ELM,Single,2026-01-02,2026-01-05,15.47,15.23,14.067738433082576
lithium_hydroxide,ELM,Single,2026-01-05,2026-01-06,15.23,16.51,15.349592459681723
lithium_hydroxide,ELM,Single,2026-01-06,2026-01-07,16.51,16.8,16.1941847170522
lithium_hydroxide,ELM,Single,2026-01-07,2026-01-08,16.8,17.21,16.780722324457884
lithium_hydroxide,ELM,Single,2026-01-08,2026-01-09,17.21,17.97,17.150887303661285
lithium_hydroxide,ELM,Single,2026-01-09,2026-01-12,17.97,16.63,17.824750345872502
lithium_hydroxide,ELM,Single,2026-01-12,2026-01-13,16.63,17.96,16.7978279117403
lithium_hydroxide,ELM,Single,2026-01-13,2026-01-14,17.96,18.58,17.30080125678232
lithium_hydroxide,ELM,Single,2026-01-14,2026-01-15,18.58,18.44,18.183168816085235
lithium_hydroxide,ELM,Single,2026-01-15,2026-01-16,18.44,17.92,18.350493776607653
lithium_hydroxide,ELM,Single,2026-01-16,2026-01-20,17.92,17.77,17.873284722957067
lithium_hydroxide,ELM,Single,2026-01-20,2026-01-21,17.77,18.06,17.741615912169035
lithium_hydroxide,ELM,Single,2026-01-21,2026-01-22,18.06,18.39,17.79540120863852
lithium_hydroxide,ELM,Single,2026-01-22,2026-01-23,18.39,18.39,17.975505911693695
lithium_hydroxide,ELM,Single,2026-01-23,2026-01-26,18.39,18.27,17.75602237233192
lithium_hydroxide,ELM,Single,2026-01-26,2026-01-27,18.27,18.27,16.85568205993405
lithium_hydroxide,ELM,Single,2026-01-27,2026-01-28,18.27,18.2,17.501067480104144
lithium_hydroxide,ELM,Single,2026-01-28,2026-01-29,18.2,18.2,17.45586261137558
lithium_hydroxide,ELM,Single,2026-01-29,2026-01-30,18.2,18.18,17.664932794416547
lithium_hydroxide,ELM,Single,2026-01-30,2026-02-02,18.18,17.5,17.965261384156516
lithium_hydroxide,ELM,Single,2026-02-02,2026-02-03,17.5,17.5,17.503229952287082
lithium_hydroxide,ELM,Single,2026-02-03,2026-02-04,17.5,17.5,17.36541164969265
lithium_hydroxide,ELM,Single,2026-02-04,2026-02-05,17.5,17.0,17.378731485282128
lithium_hydroxide,ELM,Single,2026-02-05,2026-02-06,17.0,16.85,17.142501537305353
lithium_hydroxide,ELM,Single,2026-02-06,2026-02-09,16.85,16.65,16.950991688239696
lithium_hydroxide,ELM,Single,2026-02-09,2026-02-10,16.65,16.62,16.762544913492274
lithium_hydroxide,ELM,Single,2026-02-10,2026-02-11,16.62,16.81,16.68129336937532
lithium_hydroxide,ELM,Single,2026-02-11,2026-02-12,16.81,16.81,16.801629336890343
lithium_hydroxide,ELM,Single,2026-02-12,2026-02-13,16.81,16.81,16.8130002593303
lithium_hydroxide,ELM,Single,2026-02-13,2026-02-17,16.81,16.81,16.7944157558888
lithium_hydroxide,ELM,Single,2026-02-17,2026-02-18,16.81,16.91,16.7944157558888
lithium_hydroxide,ELM,Single,2026-02-18,2026-02-19,16.91,16.91,16.87309614965047
lithium_hydroxide,ELM,Single,2026-02-19,2026-02-20,16.91,16.91,16.90389750761346
lithium_hydroxide,ELM,Single,2026-02-20,2026-02-23,16.91,16.91,16.90389750761346
lithium_hydroxide,ELM,Single,2026-02-23,2026-02-24,16.91,17.11,16.90389750761346
lithium_hydroxide,ELM,Single,2026-02-24,2026-02-25,17.11,17.34,16.886279775031525
lithium_hydroxide,ELM,Single,2026-02-25,2026-02-26,17.34,17.4,16.780154577582877
lithium_hydroxide,ELM,Single,2026-02-26,2026-03-02,17.4,20.98,16.204313434733628
lithium_hydroxide,ELM,Single,2026-03-02,2026-03-03,20.98,19.77,19.889010959846857
lithium_hydroxide,ELM,Single,2026-03-03,2026-03-04,19.77,19.77,20.03120044203388
lithium_hydroxide,ELM,Single,2026-03-04,2026-03-05,19.77,19.98,19.803269887543223
lithium_hydroxide,ELM,Single,2026-03-05,2026-03-06,19.98,20.19,19.96739855365462
lithium_hydroxide,ELM,Single,2026-03-06,2026-03-09,20.19,20.19,20.17343660078733
lithium_hydroxide,ELM,Single,2026-03-09,2026-03-10,20.19,20.19,20.217751284894558
lithium_hydroxide,ELM,Single,2026-03-10,2026-03-11,20.19,19.85,20.228000925342204
lithium_hydroxide,ELM,Single,2026-03-11,2026-03-12,19.85,19.85,19.951642001670635
lithium_hydroxide,LSTM,Single,2025-08-18,2025-08-19,8.4,8.35,11.94540786743164
lithium_hydroxide,LSTM,Single,2025-08-19,2025-08-20,8.35,8.44,10.848039627075195
lithium_hydroxide,LSTM,Single,2025-08-20,2025-08-21,8.44,8.44,10.143572807312012
lithium_hydroxide,LSTM,Single,2025-08-21,2025-08-22,8.44,8.5,9.702269554138184
lithium_hydroxide,LSTM,Single,2025-08-22,2025-08-25,8.5,8.48,9.41859245300293
lithium_hydroxide,LSTM,Single,2025-08-25,2025-08-26,8.48,8.48,9.23177433013916
lithium_hydroxide,LSTM,Single,2025-08-26,2025-08-27,8.48,8.51,9.103912353515623
lithium_hydroxide,LSTM,Single,2025-08-27,2025-08-28,8.51,8.51,9.022025108337402
lithium_hydroxide,LSTM,Single,2025-08-28,2025-08-29,8.51,8.52,8.955533027648926
lithium_hydroxide,LSTM,Single,2025-08-29,2025-09-02,8.52,9.4,8.908934593200684
lithium_hydroxide,LSTM,Single,2025-09-02,2025-09-03,9.4,9.38,8.93061637878418
lithium_hydroxide,LSTM,Single,2025-09-03,2025-09-04,9.38,9.48,9.032774925231934
lithium_hydroxide,LSTM,Single,2025-09-04,2025-09-05,9.48,9.48,9.12123680114746
lithium_hydroxide,LSTM,Single,2025-09-05,2025-09-08,9.48,9.48,9.200870513916016
lithium_hydroxide,LSTM,Single,2025-09-08,2025-09-09,9.48,9.48,9.261634826660156
lithium_hydroxide,LSTM,Single,2025-09-09,2025-09-10,9.48,9.48,9.307411193847656
lithium_hydroxide,LSTM,Single,2025-09-10,2025-09-11,9.48,9.48,9.329925537109377
lithium_hydroxide,LSTM,Single,2025-09-11,2025-09-12,9.48,9.48,9.3417387008667
lithium_hydroxide,LSTM,Single,2025-09-12,2025-09-15,9.48,9.48,9.347563743591309
lithium_hydroxide,LSTM,Single,2025-09-15,2025-09-16,9.48,9.48,9.353020668029783
lithium_hydroxide,LSTM,Single,2025-09-16,2025-09-17,9.48,9.48,9.361737251281738
lithium_hydroxide,LSTM,Single,2025-09-17,2025-09-18,9.48,9.48,9.371257781982422
lithium_hydroxide,LSTM,Single,2025-09-18,2025-09-19,9.48,9.54,9.38109302520752
lithium_hydroxide,LSTM,Single,2025-09-19,2025-09-22,9.54,9.54,9.393625259399414
lithium_hydroxide,LSTM,Single,2025-09-22,2025-09-23,9.54,9.54,9.412996292114258
lithium_hydroxide,LSTM,Single,2025-09-23,2025-09-24,9.54,9.54,9.427411079406738
lithium_hydroxide,LSTM,Single,2025-09-24,2025-09-25,9.54,9.54,9.43781566619873
lithium_hydroxide,LSTM,Single,2025-09-25,2025-09-26,9.54,9.53,9.44417953491211
lithium_hydroxide,LSTM,Single,2025-09-26,2025-09-29,9.53,9.53,9.446369171142578
lithium_hydroxide,LSTM,Single,2025-09-29,2025-09-30,9.53,9.53,9.446343421936035
lithium_hydroxide,LSTM,Single,2025-09-30,2025-10-01,9.53,9.6,9.446248054504396
lithium_hydroxide,LSTM,Single,2025-10-01,2025-10-02,9.6,9.59,9.452302932739258
lithium_hydroxide,LSTM,Single,2025-10-02,2025-10-03,9.59,9.6,9.464207649230955
lithium_hydroxide,LSTM,Single,2025-10-03,2025-10-06,9.6,9.55,9.473691940307615
lithium_hydroxide,LSTM,Single,2025-10-06,2025-10-07,9.55,9.6,9.47761058807373
lithium_hydroxide,LSTM,Single,2025-10-07,2025-10-08,9.6,9.6,9.47908878326416
lithium_hydroxide,LSTM,Single,2025-10-08,2025-10-09,9.6,9.6,9.485361099243164
lithium_hydroxide,LSTM,Single,2025-10-09,2025-10-10,9.6,9.55,9.49045753479004
lithium_hydroxide,LSTM,Single,2025-10-10,2025-10-13,9.55,9.6,9.48993682861328
lithium_hydroxide,LSTM,Single,2025-10-13,2025-10-14,9.6,9.6,9.483638763427734
lithium_hydroxide,LSTM,Single,2025-10-14,2025-10-15,9.6,9.6,9.48376178741455
lithium_hydroxide,LSTM,Single,2025-10-15,2025-10-16,9.6,9.6,9.48474407196045
lithium_hydroxide,LSTM,Single,2025-10-16,2025-10-17,9.6,9.6,9.485902786254885
lithium_hydroxide,LSTM,Single,2025-10-17,2025-10-20,9.6,9.75,9.490438461303713
lithium_hydroxide,LSTM,Single,2025-10-20,2025-10-21,9.75,9.6,9.51296329498291
lithium_hydroxide,LSTM,Single,2025-10-21,2025-10-22,9.6,9.6,9.534283638000488
lithium_hydroxide,LSTM,Single,2025-10-22,2025-10-23,9.6,9.6,9.536067962646484
lithium_hydroxide,LSTM,Single,2025-10-23,2025-10-24,9.6,9.6,9.539302825927734
lithium_hydroxide,LSTM,Single,2025-10-24,2025-10-27,9.6,9.6,9.546014785766602
lithium_hydroxide,LSTM,Single,2025-10-27,2025-10-28,9.6,9.61,9.560707092285156
lithium_hydroxide,LSTM,Single,2025-10-28,2025-10-29,9.61,9.63,9.589410781860352
lithium_hydroxide,LSTM,Single,2025-10-29,2025-10-30,9.63,9.63,9.616325378417969
lithium_hydroxide,LSTM,Single,2025-10-30,2025-10-31,9.63,9.63,9.644140243530272
lithium_hydroxide,LSTM,Single,2025-10-31,2025-11-03,9.63,9.8,9.667143821716309
lithium_hydroxide,LSTM,Single,2025-11-03,2025-11-04,9.8,9.93,9.700945854187012
lithium_hydroxide,LSTM,Single,2025-11-04,2025-11-05,9.93,9.8,9.75444221496582
lithium_hydroxide,LSTM,Single,2025-11-05,2025-11-06,9.8,9.9,9.79457950592041
lithium_hydroxide,LSTM,Single,2025-11-06,2025-11-07,9.9,9.97,9.817873001098633
lithium_hydroxide,LSTM,Single,2025-11-07,2025-11-10,9.97,9.97,9.851431846618652
lithium_hydroxide,LSTM,Single,2025-11-10,2025-11-11,9.97,9.97,9.888690948486328
lithium_hydroxide,LSTM,Single,2025-11-11,2025-11-12,9.97,9.97,9.932251930236816
lithium_hydroxide,LSTM,Single,2025-11-12,2025-11-13,9.97,10.06,9.9723539352417
lithium_hydroxide,LSTM,Single,2025-11-13,2025-11-14,10.06,10.06,10.018163681030272
lithium_hydroxide,LSTM,Single,2025-11-14,2025-11-17,10.06,10.21,10.067867279052734
lithium_hydroxide,LSTM,Single,2025-11-17,2025-11-18,10.21,10.21,10.126626014709473
lithium_hydroxide,LSTM,Single,2025-11-18,2025-11-19,10.21,10.13,10.198262214660645
lithium_hydroxide,LSTM,Single,2025-11-19,2025-11-20,10.13,10.16,10.257369995117188
lithium_hydroxide,LSTM,Single,2025-11-20,2025-11-21,10.16,10.19,10.31463623046875
lithium_hydroxide,LSTM,Single,2025-11-21,2025-11-24,10.19,10.19,10.36643886566162
lithium_hydroxide,LSTM,Single,2025-11-24,2025-11-25,10.19,10.19,10.400967597961426
lithium_hydroxide,LSTM,Single,2025-11-25,2025-11-26,10.19,10.18,10.421335220336914
lithium_hydroxide,LSTM,Single,2025-11-26,2025-11-28,10.18,10.19,10.440282821655272
lithium_hydroxide,LSTM,Single,2025-11-28,2025-12-01,10.19,10.95,10.46109676361084
lithium_hydroxide,LSTM,Single,2025-12-01,2025-12-02,10.95,10.4,10.554020881652832
lithium_hydroxide,LSTM,Single,2025-12-02,2025-12-03,10.4,10.26,10.665056228637695
lithium_hydroxide,LSTM,Single,2025-12-03,2025-12-04,10.26,10.31,10.670907020568848
lithium_hydroxide,LSTM,Single,2025-12-04,2025-12-05,10.31,10.31,10.649916648864746
lithium_hydroxide,LSTM,Single,2025-12-05,2025-12-08,10.31,10.31,10.627331733703612
lithium_hydroxide,LSTM,Single,2025-12-08,2025-12-09,10.31,10.31,10.604989051818848
lithium_hydroxide,LSTM,Single,2025-12-09,2025-12-10,10.31,10.3,10.589529037475586
lithium_hydroxide,LSTM,Single,2025-12-10,2025-12-11,10.3,10.31,10.577898979187012
lithium_hydroxide,LSTM,Single,2025-12-11,2025-12-12,10.31,10.4,10.578911781311035
lithium_hydroxide,LSTM,Single,2025-12-12,2025-12-15,10.4,10.37,10.600341796875
lithium_hydroxide,LSTM,Single,2025-12-15,2025-12-16,10.37,10.37,10.63089656829834
lithium_hydroxide,LSTM,Single,2025-12-16,2025-12-17,10.37,10.42,10.65688133239746
lithium_hydroxide,LSTM,Single,2025-12-17,2025-12-18,10.42,10.61,10.69145965576172
lithium_hydroxide,LSTM,Single,2025-12-18,2025-12-19,10.61,10.83,10.74399471282959
lithium_hydroxide,LSTM,Single,2025-12-19,2025-12-22,10.83,10.83,10.827618598937988
lithium_hydroxide,LSTM,Single,2025-12-22,2025-12-23,10.83,11.21,10.933389663696287
lithium_hydroxide,LSTM,Single,2025-12-23,2025-12-24,11.21,11.21,11.055026054382324
lithium_hydroxide,LSTM,Single,2025-12-24,2025-12-26,11.21,11.21,11.214752197265623
lithium_hydroxide,LSTM,Single,2025-12-26,2025-12-29,11.21,11.24,11.452754020690918
lithium_hydroxide,LSTM,Single,2025-12-29,2025-12-30,11.24,11.22,11.688514709472656
lithium_hydroxide,LSTM,Single,2025-12-30,2025-12-31,11.22,11.22,11.84255599975586
lithium_hydroxide,LSTM,Single,2025-12-31,2026-01-02,11.22,15.47,11.93771266937256
lithium_hydroxide,LSTM,Single,2026-01-02,2026-01-05,15.47,15.23,12.45364475250244
lithium_hydroxide,LSTM,Single,2026-01-05,2026-01-06,15.23,16.51,13.452842712402344
lithium_hydroxide,LSTM,Single,2026-01-06,2026-01-07,16.51,16.8,14.504345893859863
lithium_hydroxide,LSTM,Single,2026-01-07,2026-01-08,16.8,17.21,15.60695457458496
lithium_hydroxide,LSTM,Single,2026-01-08,2026-01-09,17.21,17.97,16.56797218322754
lithium_hydroxide,LSTM,Single,2026-01-09,2026-01-12,17.97,16.63,17.385717391967773
lithium_hydroxide,LSTM,Single,2026-01-12,2026-01-13,16.63,17.96,18.0064640045166
lithium_hydroxide,LSTM,Single,2026-01-13,2026-01-14,17.96,18.58,18.40923118591309
lithium_hydroxide,LSTM,Single,2026-01-14,2026-01-15,18.58,18.44,18.9183406829834
lithium_hydroxide,LSTM,Single,2026-01-15,2026-01-16,18.44,17.92,19.226301193237305
lithium_hydroxide,LSTM,Single,2026-01-16,2026-01-20,17.92,17.77,19.24946594238281
lithium_hydroxide,LSTM,Single,2026-01-20,2026-01-21,17.77,18.06,18.992406845092773
lithium_hydroxide,LSTM,Single,2026-01-21,2026-01-22,18.06,18.39,18.849109649658203
lithium_hydroxide,LSTM,Single,2026-01-22,2026-01-23,18.39,18.39,18.921430587768555
lithium_hydroxide,LSTM,Single,2026-01-23,2026-01-26,18.39,18.27,19.141088485717773
lithium_hydroxide,LSTM,Single,2026-01-26,2026-01-27,18.27,18.27,19.44539833068848
lithium_hydroxide,LSTM,Single,2026-01-27,2026-01-28,18.27,18.2,19.492172241210938
lithium_hydroxide,LSTM,Single,2026-01-28,2026-01-29,18.2,18.2,19.451889038085938
lithium_hydroxide,LSTM,Single,2026-01-29,2026-01-30,18.2,18.18,19.318449020385746
lithium_hydroxide,LSTM,Single,2026-01-30,2026-02-02,18.18,17.5,19.090717315673828
lithium_hydroxide,LSTM,Single,2026-02-02,2026-02-03,17.5,17.5,18.7584171295166
lithium_hydroxide,LSTM,Single,2026-02-03,2026-02-04,17.5,17.5,18.399444580078125
lithium_hydroxide,LSTM,Single,2026-02-04,2026-02-05,17.5,17.0,18.164928436279297
lithium_hydroxide,LSTM,Single,2026-02-05,2026-02-06,17.0,16.85,17.849781036376953
lithium_hydroxide,LSTM,Single,2026-02-06,2026-02-09,16.85,16.65,17.431610107421875
lithium_hydroxide,LSTM,Single,2026-02-09,2026-02-10,16.65,16.62,17.141708374023438
lithium_hydroxide,LSTM,Single,2026-02-10,2026-02-11,16.62,16.81,16.967275619506836
lithium_hydroxide,LSTM,Single,2026-02-11,2026-02-12,16.81,16.81,16.944622039794922
lithium_hydroxide,LSTM,Single,2026-02-12,2026-02-13,16.81,16.81,17.06825828552246
lithium_hydroxide,LSTM,Single,2026-02-13,2026-02-17,16.81,16.81,17.206180572509766
lithium_hydroxide,LSTM,Single,2026-02-17,2026-02-18,16.81,16.91,17.31075668334961
lithium_hydroxide,LSTM,Single,2026-02-18,2026-02-19,16.91,16.91,17.389968872070312
lithium_hydroxide,LSTM,Single,2026-02-19,2026-02-20,16.91,16.91,17.449962615966797
lithium_hydroxide,LSTM,Single,2026-02-20,2026-02-23,16.91,16.91,17.48150634765625
lithium_hydroxide,LSTM,Single,2026-02-23,2026-02-24,16.91,17.11,17.492761611938477
lithium_hydroxide,LSTM,Single,2026-02-24,2026-02-25,17.11,17.34,17.638256072998047
lithium_hydroxide,LSTM,Single,2026-02-25,2026-02-26,17.34,17.4,17.945354461669922
lithium_hydroxide,LSTM,Single,2026-02-26,2026-03-02,17.4,20.98,18.367095947265625
lithium_hydroxide,LSTM,Single,2026-03-02,2026-03-03,20.98,19.77,19.141698837280277
lithium_hydroxide,LSTM,Single,2026-03-03,2026-03-04,19.77,19.77,19.93830108642578
lithium_hydroxide,LSTM,Single,2026-03-04,2026-03-05,19.77,19.98,20.186782836914062
lithium_hydroxide,LSTM,Single,2026-03-05,2026-03-06,19.98,20.19,20.317567825317383
lithium_hydroxide,LSTM,Single,2026-03-06,2026-03-09,20.19,20.19,20.39625740051269
lithium_hydroxide,LSTM,Single,2026-03-09,2026-03-10,20.19,20.19,20.43933486938477
lithium_hydroxide,LSTM,Single,2026-03-10,2026-03-11,20.19,19.85,20.50466537475586
lithium_hydroxide,LSTM,Single,2026-03-11,2026-03-12,19.85,19.85,20.49911880493164
lithium_hydroxide,VMD-ARIMA,Decomposition,2025-08-18,2025-08-19,8.4,8.35,4.1390820665452
lithium_hydroxide,VMD-ARIMA,Decomposition,2025-08-19,2025-08-20,8.35,8.44,8.422418707686015
lithium_hydroxide,VMD-ARIMA,Decomposition,2025-08-20,2025-08-21,8.44,8.44,8.485820517719814
lithium_hydroxide,VMD-ARIMA,Decomposition,2025-08-21,2025-08-22,8.44,8.5,8.527029839083248
lithium_hydroxide,VMD-ARIMA,Decomposition,2025-08-22,2025-08-25,8.5,8.48,8.555266229491837
lithium_hydroxide,VMD-ARIMA,Decomposition,2025-08-25,2025-08-26,8.48,8.48,8.5472903175869
lithium_hydroxide,VMD-ARIMA,Decomposition,2025-08-26,2025-08-27,8.48,8.51,8.640578049535115
lithium_hydroxide,VMD-ARIMA,Decomposition,2025-08-27,2025-08-28,8.51,8.51,8.680885597966865
lithium_hydroxide,VMD-ARIMA,Decomposition,2025-08-28,2025-08-29,8.51,8.52,8.702077911369125
lithium_hydroxide,VMD-ARIMA,Decomposition,2025-08-29,2025-09-02,8.52,9.4,9.240790835506742
lithium_hydroxide,VMD-ARIMA,Decomposition,2025-09-02,2025-09-03,9.4,9.38,9.24342372708595
lithium_hydroxide,VMD-ARIMA,Decomposition,2025-09-03,2025-09-04,9.38,9.48,9.310546309175054
lithium_hydroxide,VMD-ARIMA,Decomposition,2025-09-04,2025-09-05,9.48,9.48,9.384610250014584
lithium_hydroxide,VMD-ARIMA,Decomposition,2025-09-05,2025-09-08,9.48,9.48,9.368767648323471
lithium_hydroxide,VMD-ARIMA,Decomposition,2025-09-08,2025-09-09,9.48,9.48,9.432723497327723
lithium_hydroxide,VMD-ARIMA,Decomposition,2025-09-09,2025-09-10,9.48,9.48,9.405801767477936
lithium_hydroxide,VMD-ARIMA,Decomposition,2025-09-10,2025-09-11,9.48,9.48,9.483833584681369
lithium_hydroxide,VMD-ARIMA,Decomposition,2025-09-11,2025-09-12,9.48,9.48,9.512007810045509
lithium_hydroxide,VMD-ARIMA,Decomposition,2025-09-12,2025-09-15,9.48,9.48,9.567639635952249
lithium_hydroxide,VMD-ARIMA,Decomposition,2025-09-15,2025-09-16,9.48,9.48,9.502305265255517
lithium_hydroxide,VMD-ARIMA,Decomposition,2025-09-16,2025-09-17,9.48,9.48,9.484012743672745
lithium_hydroxide,VMD-ARIMA,Decomposition,2025-09-17,2025-09-18,9.48,9.48,9.4902621651523
lithium_hydroxide,VMD-ARIMA,Decomposition,2025-09-18,2025-09-19,9.48,9.54,9.502564087791082
lithium_hydroxide,VMD-ARIMA,Decomposition,2025-09-19,2025-09-22,9.54,9.54,9.498821927855625
lithium_hydroxide,VMD-ARIMA,Decomposition,2025-09-22,2025-09-23,9.54,9.54,9.529687797210071
lithium_hydroxide,VMD-ARIMA,Decomposition,2025-09-23,2025-09-24,9.54,9.54,9.55095395876046
lithium_hydroxide,VMD-ARIMA,Decomposition,2025-09-24,2025-09-25,9.54,9.54,9.552399188239784
lithium_hydroxide,VMD-ARIMA,Decomposition,2025-09-25,2025-09-26,9.54,9.53,9.573086518311095
lithium_hydroxide,VMD-ARIMA,Decomposition,2025-09-26,2025-09-29,9.53,9.53,9.544687616929876
lithium_hydroxide,VMD-ARIMA,Decomposition,2025-09-29,2025-09-30,9.53,9.53,9.58013382724361
lithium_hydroxide,VMD-ARIMA,Decomposition,2025-09-30,2025-10-01,9.53,9.6,9.609785121174925
lithium_hydroxide,VMD-ARIMA,Decomposition,2025-10-01,2025-10-02,9.6,9.59,9.629924989496828
lithium_hydroxide,VMD-ARIMA,Decomposition,2025-10-02,2025-10-03,9.59,9.6,9.643178145921178
lithium_hydroxide,VMD-ARIMA,Decomposition,2025-10-03,2025-10-06,9.6,9.55,9.633105373142138
lithium_hydroxide,VMD-ARIMA,Decomposition,2025-10-06,2025-10-07,9.55,9.6,9.680885574421724
lithium_hydroxide,VMD-ARIMA,Decomposition,2025-10-07,2025-10-08,9.6,9.6,9.66282231887994
lithium_hydroxide,VMD-ARIMA,Decomposition,2025-10-08,2025-10-09,9.6,9.6,9.679321418480647
lithium_hydroxide,VMD-ARIMA,Decomposition,2025-10-09,2025-10-10,9.6,9.55,9.638295475168356
lithium_hydroxide,VMD-ARIMA,Decomposition,2025-10-10,2025-10-13,9.55,9.6,9.682734428899028
lithium_hydroxide,VMD-ARIMA,Decomposition,2025-10-13,2025-10-14,9.6,9.6,9.682622764310372
lithium_hydroxide,VMD-ARIMA,Decomposition,2025-10-14,2025-10-15,9.6,9.6,9.671431094184028
lithium_hydroxide,VMD-ARIMA,Decomposition,2025-10-15,2025-10-16,9.6,9.6,9.689815648502604
lithium_hydroxide,VMD-ARIMA,Decomposition,2025-10-16,2025-10-17,9.6,9.6,9.670564913734744
lithium_hydroxide,VMD-ARIMA,Decomposition,2025-10-17,2025-10-20,9.6,9.75,9.749528410333596
lithium_hydroxide,VMD-ARIMA,Decomposition,2025-10-20,2025-10-21,9.75,9.6,9.639847540231996
lithium_hydroxide,VMD-ARIMA,Decomposition,2025-10-21,2025-10-22,9.6,9.6,9.665320325324997
lithium_hydroxide,VMD-ARIMA,Decomposition,2025-10-22,2025-10-23,9.6,9.6,9.674398208249718
lithium_hydroxide,VMD-ARIMA,Decomposition,2025-10-23,2025-10-24,9.6,9.6,9.677852188304572
lithium_hydroxide,VMD-ARIMA,Decomposition,2025-10-24,2025-10-27,9.6,9.6,9.69488110444185
lithium_hydroxide,VMD-ARIMA,Decomposition,2025-10-27,2025-10-28,9.6,9.61,9.720635720965722
lithium_hydroxide,VMD-ARIMA,Decomposition,2025-10-28,2025-10-29,9.61,9.63,9.748805428858228
lithium_hydroxide,VMD-ARIMA,Decomposition,2025-10-29,2025-10-30,9.63,9.63,9.757936481180352
lithium_hydroxide,VMD-ARIMA,Decomposition,2025-10-30,2025-10-31,9.63,9.63,9.785760767046307
lithium_hydroxide,VMD-ARIMA,Decomposition,2025-10-31,2025-11-03,9.63,9.8,9.805570061241898
lithium_hydroxide,VMD-ARIMA,Decomposition,2025-11-03,2025-11-04,9.8,9.93,9.947061059549178
lithium_hydroxide,VMD-ARIMA,Decomposition,2025-11-04,2025-11-05,9.93,9.8,9.857604847881346
lithium_hydroxide,VMD-ARIMA,Decomposition,2025-11-05,2025-11-06,9.8,9.9,9.968387949346187
lithium_hydroxide,VMD-ARIMA,Decomposition,2025-11-06,2025-11-07,9.9,9.97,10.022183135446737
lithium_hydroxide,VMD-ARIMA,Decomposition,2025-11-07,2025-11-10,9.97,9.97,9.986037323548407
lithium_hydroxide,VMD-ARIMA,Decomposition,2025-11-10,2025-11-11,9.97,9.97,10.002465365674958
lithium_hydroxide,VMD-ARIMA,Decomposition,2025-11-11,2025-11-12,9.97,9.97,9.956850311429385
lithium_hydroxide,VMD-ARIMA,Decomposition,2025-11-12,2025-11-13,9.97,10.06,10.019320714350846
lithium_hydroxide,VMD-ARIMA,Decomposition,2025-11-13,2025-11-14,10.06,10.06,9.92619068328621
lithium_hydroxide,VMD-ARIMA,Decomposition,2025-11-14,2025-11-17,10.06,10.21,10.081113944445072
lithium_hydroxide,VMD-ARIMA,Decomposition,2025-11-17,2025-11-18,10.21,10.21,10.078643658966554
lithium_hydroxide,VMD-ARIMA,Decomposition,2025-11-18,2025-11-19,10.21,10.13,10.082584084291168
lithium_hydroxide,VMD-ARIMA,Decomposition,2025-11-19,2025-11-20,10.13,10.16,10.045529805870183
lithium_hydroxide,VMD-ARIMA,Decomposition,2025-11-20,2025-11-21,10.16,10.19,10.08476076001294
lithium_hydroxide,VMD-ARIMA,Decomposition,2025-11-21,2025-11-24,10.19,10.19,10.00240614599513
lithium_hydroxide,VMD-ARIMA,Decomposition,2025-11-24,2025-11-25,10.19,10.19,10.066537512806429
lithium_hydroxide,VMD-ARIMA,Decomposition,2025-11-25,2025-11-26,10.19,10.18,10.102841518205889
lithium_hydroxide,VMD-ARIMA,Decomposition,2025-11-26,2025-11-28,10.18,10.19,10.153235114967751
lithium_hydroxide,VMD-ARIMA,Decomposition,2025-11-28,2025-12-01,10.19,10.95,10.65607424019134
lithium_hydroxide,VMD-ARIMA,Decomposition,2025-12-01,2025-12-02,10.95,10.4,10.32512817268982
lithium_hydroxide,VMD-ARIMA,Decomposition,2025-12-02,2025-12-03,10.4,10.26,10.43378017818151
lithium_hydroxide,VMD-ARIMA,Decomposition,2025-12-03,2025-12-04,10.26,10.31,10.372539087239844
lithium_hydroxide,VMD-ARIMA,Decomposition,2025-12-04,2025-12-05,10.31,10.31,10.42605627498903
lithium_hydroxide,VMD-ARIMA,Decomposition,2025-12-05,2025-12-08,10.31,10.31,10.363659860658402
lithium_hydroxide,VMD-ARIMA,Decomposition,2025-12-08,2025-12-09,10.31,10.31,10.440384967086072
lithium_hydroxide,VMD-ARIMA,Decomposition,2025-12-09,2025-12-10,10.31,10.3,10.78425011562509
lithium_hydroxide,VMD-ARIMA,Decomposition,2025-12-10,2025-12-11,10.3,10.31,10.624544323239668
lithium_hydroxide,VMD-ARIMA,Decomposition,2025-12-11,2025-12-12,10.31,10.4,10.86672575894602
lithium_hydroxide,VMD-ARIMA,Decomposition,2025-12-12,2025-12-15,10.4,10.37,10.662341367257191
lithium_hydroxide,VMD-ARIMA,Decomposition,2025-12-15,2025-12-16,10.37,10.37,10.708668486934432
lithium_hydroxide,VMD-ARIMA,Decomposition,2025-12-16,2025-12-17,10.37,10.42,10.4296113390833
lithium_hydroxide,VMD-ARIMA,Decomposition,2025-12-17,2025-12-18,10.42,10.61,10.605274137863963
lithium_hydroxide,VMD-ARIMA,Decomposition,2025-12-18,2025-12-19,10.61,10.83,10.87772178975364
lithium_hydroxide,VMD-ARIMA,Decomposition,2025-12-19,2025-12-22,10.83,10.83,11.26395907440109
lithium_hydroxide,VMD-ARIMA,Decomposition,2025-12-22,2025-12-23,10.83,11.21,11.378216544385689
lithium_hydroxide,VMD-ARIMA,Decomposition,2025-12-23,2025-12-24,11.21,11.21,11.616559881766085
lithium_hydroxide,VMD-ARIMA,Decomposition,2025-12-24,2025-12-26,11.21,11.21,11.6588675298722
lithium_hydroxide,VMD-ARIMA,Decomposition,2025-12-26,2025-12-29,11.21,11.24,11.962973549398418
lithium_hydroxide,VMD-ARIMA,Decomposition,2025-12-29,2025-12-30,11.24,11.22,12.201685107354692
lithium_hydroxide,VMD-ARIMA,Decomposition,2025-12-30,2025-12-31,11.22,11.22,12.339821313192866
lithium_hydroxide,VMD-ARIMA,Decomposition,2025-12-31,2026-01-02,11.22,15.47,15.13150720593584
lithium_hydroxide,VMD-ARIMA,Decomposition,2026-01-02,2026-01-05,15.47,15.23,15.033905555049362
lithium_hydroxide,VMD-ARIMA,Decomposition,2026-01-05,2026-01-06,15.23,16.51,15.883891442616994
lithium_hydroxide,VMD-ARIMA,Decomposition,2026-01-06,2026-01-07,16.51,16.8,16.33901947463852
lithium_hydroxide,VMD-ARIMA,Decomposition,2026-01-07,2026-01-08,16.8,17.21,16.457556949447973
lithium_hydroxide,VMD-ARIMA,Decomposition,2026-01-08,2026-01-09,17.21,17.97,17.27586532763037
lithium_hydroxide,VMD-ARIMA,Decomposition,2026-01-09,2026-01-12,17.97,16.63,16.465014767809123
lithium_hydroxide,VMD-ARIMA,Decomposition,2026-01-12,2026-01-13,16.63,17.96,17.599164301414124
lithium_hydroxide,VMD-ARIMA,Decomposition,2026-01-13,2026-01-14,17.96,18.58,18.0997670922202
lithium_hydroxide,VMD-ARIMA,Decomposition,2026-01-14,2026-01-15,18.58,18.44,18.168817635203528
lithium_hydroxide,VMD-ARIMA,Decomposition,2026-01-15,2026-01-16,18.44,17.92,17.788517040924877
lithium_hydroxide,VMD-ARIMA,Decomposition,2026-01-16,2026-01-20,17.92,17.77,17.721190861241062
lithium_hydroxide,VMD-ARIMA,Decomposition,2026-01-20,2026-01-21,17.77,18.06,17.866990371455113
lithium_hydroxide,VMD-ARIMA,Decomposition,2026-01-21,2026-01-22,18.06,18.39,17.855710636928602
lithium_hydroxide,VMD-ARIMA,Decomposition,2026-01-22,2026-01-23,18.39,18.39,17.767457458922006
lithium_hydroxide,VMD-ARIMA,Decomposition,2026-01-23,2026-01-26,18.39,18.27,17.960622762421576
lithium_hydroxide,VMD-ARIMA,Decomposition,2026-01-26,2026-01-27,18.27,18.27,18.0896217140584
lithium_hydroxide,VMD-ARIMA,Decomposition,2026-01-27,2026-01-28,18.27,18.2,17.93685553495344
lithium_hydroxide,VMD-ARIMA,Decomposition,2026-01-28,2026-01-29,18.2,18.2,17.899394853404758
lithium_hydroxide,VMD-ARIMA,Decomposition,2026-01-29,2026-01-30,18.2,18.18,17.64142829551086
lithium_hydroxide,VMD-ARIMA,Decomposition,2026-01-30,2026-02-02,18.18,17.5,17.63108726090484
lithium_hydroxide,VMD-ARIMA,Decomposition,2026-02-02,2026-02-03,17.5,17.5,17.34684396834909
lithium_hydroxide,VMD-ARIMA,Decomposition,2026-02-03,2026-02-04,17.5,17.5,17.54879093620827
lithium_hydroxide,VMD-ARIMA,Decomposition,2026-02-04,2026-02-05,17.5,17.0,17.42587540291069
lithium_hydroxide,VMD-ARIMA,Decomposition,2026-02-05,2026-02-06,17.0,16.85,17.27006459645642
lithium_hydroxide,VMD-ARIMA,Decomposition,2026-02-06,2026-02-09,16.85,16.65,17.189960194975743
lithium_hydroxide,VMD-ARIMA,Decomposition,2026-02-09,2026-02-10,16.65,16.62,16.994098219668118
lithium_hydroxide,VMD-ARIMA,Decomposition,2026-02-10,2026-02-11,16.62,16.81,17.109069683262124
lithium_hydroxide,VMD-ARIMA,Decomposition,2026-02-11,2026-02-12,16.81,16.81,16.803631032751078
lithium_hydroxide,VMD-ARIMA,Decomposition,2026-02-12,2026-02-13,16.81,16.81,17.002885183388347
lithium_hydroxide,VMD-ARIMA,Decomposition,2026-02-13,2026-02-17,16.81,16.81,17.10225247403796
lithium_hydroxide,VMD-ARIMA,Decomposition,2026-02-17,2026-02-18,16.81,16.91,17.399195009452708
lithium_hydroxide,VMD-ARIMA,Decomposition,2026-02-18,2026-02-19,16.91,16.91,17.21223285306453
lithium_hydroxide,VMD-ARIMA,Decomposition,2026-02-19,2026-02-20,16.91,16.91,17.34548102703207
lithium_hydroxide,VMD-ARIMA,Decomposition,2026-02-20,2026-02-23,16.91,16.91,17.26452770223654
lithium_hydroxide,VMD-ARIMA,Decomposition,2026-02-23,2026-02-24,16.91,17.11,17.73693438290209
lithium_hydroxide,VMD-ARIMA,Decomposition,2026-02-24,2026-02-25,17.11,17.34,17.789599710816013
lithium_hydroxide,VMD-ARIMA,Decomposition,2026-02-25,2026-02-26,17.34,17.4,17.905056156258457
lithium_hydroxide,VMD-ARIMA,Decomposition,2026-02-26,2026-03-02,17.4,20.98,19.887493786432568
lithium_hydroxide,VMD-ARIMA,Decomposition,2026-03-02,2026-03-03,20.98,19.77,19.27974562688844
lithium_hydroxide,VMD-ARIMA,Decomposition,2026-03-03,2026-03-04,19.77,19.77,19.300352368624356
lithium_hydroxide,VMD-ARIMA,Decomposition,2026-03-04,2026-03-05,19.77,19.98,19.49912504233688
lithium_hydroxide,VMD-ARIMA,Decomposition,2026-03-05,2026-03-06,19.98,20.19,19.565248412319097
lithium_hydroxide,VMD-ARIMA,Decomposition,2026-03-06,2026-03-09,20.19,20.19,19.692731729907152
lithium_hydroxide,VMD-ARIMA,Decomposition,2026-03-09,2026-03-10,20.19,20.19,19.599806461603336
lithium_hydroxide,VMD-ARIMA,Decomposition,2026-03-10,2026-03-11,20.19,19.85,19.60002306790679
lithium_hydroxide,VMD-ARIMA,Decomposition,2026-03-11,2026-03-12,19.85,19.85,20.00305075704998
lithium_hydroxide,VMD-LSTM,Decomposition,2025-08-18,2025-08-19,8.4,8.35,14.587397575378418
lithium_hydroxide,VMD-LSTM,Decomposition,2025-08-19,2025-08-20,8.35,8.44,12.879448890686035
lithium_hydroxide,VMD-LSTM,Decomposition,2025-08-20,2025-08-21,8.44,8.44,11.532761573791504
lithium_hydroxide,VMD-LSTM,Decomposition,2025-08-21,2025-08-22,8.44,8.5,10.537633895874023
lithium_hydroxide,VMD-LSTM,Decomposition,2025-08-22,2025-08-25,8.5,8.48,9.874614715576172
lithium_hydroxide,VMD-LSTM,Decomposition,2025-08-25,2025-08-26,8.48,8.48,9.427088737487791
lithium_hydroxide,VMD-LSTM,Decomposition,2025-08-26,2025-08-27,8.48,8.51,9.268315315246582
lithium_hydroxide,VMD-LSTM,Decomposition,2025-08-27,2025-08-28,8.51,8.51,9.158561706542969
lithium_hydroxide,VMD-LSTM,Decomposition,2025-08-28,2025-08-29,8.51,8.52,9.0778226852417
lithium_hydroxide,VMD-LSTM,Decomposition,2025-08-29,2025-09-02,8.52,9.4,9.532438278198242
lithium_hydroxide,VMD-LSTM,Decomposition,2025-09-02,2025-09-03,9.4,9.38,9.505936622619627
lithium_hydroxide,VMD-LSTM,Decomposition,2025-09-03,2025-09-04,9.38,9.48,9.60587215423584
lithium_hydroxide,VMD-LSTM,Decomposition,2025-09-04,2025-09-05,9.48,9.48,9.66247272491455
lithium_hydroxide,VMD-LSTM,Decomposition,2025-09-05,2025-09-08,9.48,9.48,9.635361671447754
lithium_hydroxide,VMD-LSTM,Decomposition,2025-09-08,2025-09-09,9.48,9.48,9.682896614074709
lithium_hydroxide,VMD-LSTM,Decomposition,2025-09-09,2025-09-10,9.48,9.48,9.6143159866333
lithium_hydroxide,VMD-LSTM,Decomposition,2025-09-10,2025-09-11,9.48,9.48,9.659918785095217
lithium_hydroxide,VMD-LSTM,Decomposition,2025-09-11,2025-09-12,9.48,9.48,9.67453384399414
lithium_hydroxide,VMD-LSTM,Decomposition,2025-09-12,2025-09-15,9.48,9.48,9.703839302062988
lithium_hydroxide,VMD-LSTM,Decomposition,2025-09-15,2025-09-16,9.48,9.48,9.609904289245604
lithium_hydroxide,VMD-LSTM,Decomposition,2025-09-16,2025-09-17,9.48,9.48,9.55739688873291
lithium_hydroxide,VMD-LSTM,Decomposition,2025-09-17,2025-09-18,9.48,9.48,9.554670333862305
lithium_hydroxide,VMD-LSTM,Decomposition,2025-09-18,2025-09-19,9.48,9.54,9.567211151123049
lithium_hydroxide,VMD-LSTM,Decomposition,2025-09-19,2025-09-22,9.54,9.54,9.550740242004396
lithium_hydroxide,VMD-LSTM,Decomposition,2025-09-22,2025-09-23,9.54,9.54,9.597976684570312
lithium_hydroxide,VMD-LSTM,Decomposition,2025-09-23,2025-09-24,9.54,9.54,9.628484725952148
lithium_hydroxide,VMD-LSTM,Decomposition,2025-09-24,2025-09-25,9.54,9.54,9.628347396850586
lithium_hydroxide,VMD-LSTM,Decomposition,2025-09-25,2025-09-26,9.54,9.53,9.653684616088867
lithium_hydroxide,VMD-LSTM,Decomposition,2025-09-26,2025-09-29,9.53,9.53,9.623896598815918
lithium_hydroxide,VMD-LSTM,Decomposition,2025-09-29,2025-09-30,9.53,9.53,9.670976638793944
lithium_hydroxide,VMD-LSTM,Decomposition,2025-09-30,2025-10-01,9.53,9.6,9.703946113586426
lithium_hydroxide,VMD-LSTM,Decomposition,2025-10-01,2025-10-02,9.6,9.59,9.722792625427246
lithium_hydroxide,VMD-LSTM,Decomposition,2025-10-02,2025-10-03,9.59,9.6,9.742779731750488
lithium_hydroxide,VMD-LSTM,Decomposition,2025-10-03,2025-10-06,9.6,9.55,9.72762393951416
lithium_hydroxide,VMD-LSTM,Decomposition,2025-10-06,2025-10-07,9.55,9.6,9.766883850097656
lithium_hydroxide,VMD-LSTM,Decomposition,2025-10-07,2025-10-08,9.6,9.6,9.738101959228516
lithium_hydroxide,VMD-LSTM,Decomposition,2025-10-08,2025-10-09,9.6,9.6,9.748682022094728
lithium_hydroxide,VMD-LSTM,Decomposition,2025-10-09,2025-10-10,9.6,9.55,9.713996887207031
lithium_hydroxide,VMD-LSTM,Decomposition,2025-10-10,2025-10-13,9.55,9.6,9.74294376373291
lithium_hydroxide,VMD-LSTM,Decomposition,2025-10-13,2025-10-14,9.6,9.6,9.735413551330566
lithium_hydroxide,VMD-LSTM,Decomposition,2025-10-14,2025-10-15,9.6,9.6,9.721389770507812
lithium_hydroxide,VMD-LSTM,Decomposition,2025-10-15,2025-10-16,9.6,9.6,9.728266716003418
lithium_hydroxide,VMD-LSTM,Decomposition,2025-10-16,2025-10-17,9.6,9.6,9.702880859375
lithium_hydroxide,VMD-LSTM,Decomposition,2025-10-17,2025-10-20,9.6,9.75,9.773738861083984
lithium_hydroxide,VMD-LSTM,Decomposition,2025-10-20,2025-10-21,9.75,9.6,9.665732383728027
lithium_hydroxide,VMD-LSTM,Decomposition,2025-10-21,2025-10-22,9.6,9.6,9.698575973510742
lithium_hydroxide,VMD-LSTM,Decomposition,2025-10-22,2025-10-23,9.6,9.6,9.691285133361816
lithium_hydroxide,VMD-LSTM,Decomposition,2025-10-23,2025-10-24,9.6,9.6,9.68765926361084
lithium_hydroxide,VMD-LSTM,Decomposition,2025-10-24,2025-10-27,9.6,9.6,9.699338912963867
lithium_hydroxide,VMD-LSTM,Decomposition,2025-10-27,2025-10-28,9.6,9.61,9.707045555114746
lithium_hydroxide,VMD-LSTM,Decomposition,2025-10-28,2025-10-29,9.61,9.63,9.727181434631348
lithium_hydroxide,VMD-LSTM,Decomposition,2025-10-29,2025-10-30,9.63,9.63,9.734068870544434
lithium_hydroxide,VMD-LSTM,Decomposition,2025-10-30,2025-10-31,9.63,9.63,9.746166229248049
lithium_hydroxide,VMD-LSTM,Decomposition,2025-10-31,2025-11-03,9.63,9.8,9.74564266204834
lithium_hydroxide,VMD-LSTM,Decomposition,2025-11-03,2025-11-04,9.8,9.93,9.873065948486328
lithium_hydroxide,VMD-LSTM,Decomposition,2025-11-04,2025-11-05,9.93,9.8,9.80711555480957
lithium_hydroxide,VMD-LSTM,Decomposition,2025-11-05,2025-11-06,9.8,9.9,9.903864860534668
lithium_hydroxide,VMD-LSTM,Decomposition,2025-11-06,2025-11-07,9.9,9.97,9.933446884155272
lithium_hydroxide,VMD-LSTM,Decomposition,2025-11-07,2025-11-10,9.97,9.97,9.906414985656738
lithium_hydroxide,VMD-LSTM,Decomposition,2025-11-10,2025-11-11,9.97,9.97,9.903326988220217
lithium_hydroxide,VMD-LSTM,Decomposition,2025-11-11,2025-11-12,9.97,9.97,9.85385036468506
lithium_hydroxide,VMD-LSTM,Decomposition,2025-11-12,2025-11-13,9.97,10.06,9.921133995056152
lithium_hydroxide,VMD-LSTM,Decomposition,2025-11-13,2025-11-14,10.06,10.06,9.825878143310549
lithium_hydroxide,VMD-LSTM,Decomposition,2025-11-14,2025-11-17,10.06,10.21,9.980212211608888
lithium_hydroxide,VMD-LSTM,Decomposition,2025-11-17,2025-11-18,10.21,10.21,9.972609519958496
lithium_hydroxide,VMD-LSTM,Decomposition,2025-11-18,2025-11-19,10.21,10.13,9.98162841796875
lithium_hydroxide,VMD-LSTM,Decomposition,2025-11-19,2025-11-20,10.13,10.16,9.95398235321045
lithium_hydroxide,VMD-LSTM,Decomposition,2025-11-20,2025-11-21,10.16,10.19,9.966310501098633
lithium_hydroxide,VMD-LSTM,Decomposition,2025-11-21,2025-11-24,10.19,10.19,9.892675399780272
lithium_hydroxide,VMD-LSTM,Decomposition,2025-11-24,2025-11-25,10.19,10.19,9.975318908691406
lithium_hydroxide,VMD-LSTM,Decomposition,2025-11-25,2025-11-26,10.19,10.18,10.026460647583008
lithium_hydroxide,VMD-LSTM,Decomposition,2025-11-26,2025-11-28,10.18,10.19,10.064739227294922
lithium_hydroxide,VMD-LSTM,Decomposition,2025-11-28,2025-12-01,10.19,10.95,10.525664329528809
lithium_hydroxide,VMD-LSTM,Decomposition,2025-12-01,2025-12-02,10.95,10.4,10.232321739196776
lithium_hydroxide,VMD-LSTM,Decomposition,2025-12-02,2025-12-03,10.4,10.26,10.373862266540527
lithium_hydroxide,VMD-LSTM,Decomposition,2025-12-03,2025-12-04,10.26,10.31,10.283281326293944
lithium_hydroxide,VMD-LSTM,Decomposition,2025-12-04,2025-12-05,10.31,10.31,10.314702987670898
lithium_hydroxide,VMD-LSTM,Decomposition,2025-12-05,2025-12-08,10.31,10.31,10.284056663513184
lithium_hydroxide,VMD-LSTM,Decomposition,2025-12-08,2025-12-09,10.31,10.31,10.323033332824709
lithium_hydroxide,VMD-LSTM,Decomposition,2025-12-09,2025-12-10,10.31,10.3,10.643144607543944
lithium_hydroxide,VMD-LSTM,Decomposition,2025-12-10,2025-12-11,10.3,10.31,10.514673233032228
lithium_hydroxide,VMD-LSTM,Decomposition,2025-12-11,2025-12-12,10.31,10.4,10.636831283569336
lithium_hydroxide,VMD-LSTM,Decomposition,2025-12-12,2025-12-15,10.4,10.37,10.42373752593994
lithium_hydroxide,VMD-LSTM,Decomposition,2025-12-15,2025-12-16,10.37,10.37,10.447921752929688
lithium_hydroxide,VMD-LSTM,Decomposition,2025-12-16,2025-12-17,10.37,10.42,10.17161464691162
lithium_hydroxide,VMD-LSTM,Decomposition,2025-12-17,2025-12-18,10.42,10.61,10.386655807495115
lithium_hydroxide,VMD-LSTM,Decomposition,2025-12-18,2025-12-19,10.61,10.83,10.605172157287598
lithium_hydroxide,VMD-LSTM,Decomposition,2025-12-19,2025-12-22,10.83,10.83,10.98115348815918
lithium_hydroxide,VMD-LSTM,Decomposition,2025-12-22,2025-12-23,10.83,11.21,11.107810974121094
lithium_hydroxide,VMD-LSTM,Decomposition,2025-12-23,2025-12-24,11.21,11.21,11.239243507385254
lithium_hydroxide,VMD-LSTM,Decomposition,2025-12-24,2025-12-26,11.21,11.21,11.293231010437012
lithium_hydroxide,VMD-LSTM,Decomposition,2025-12-26,2025-12-29,11.21,11.24,11.559067726135254
lithium_hydroxide,VMD-LSTM,Decomposition,2025-12-29,2025-12-30,11.24,11.22,11.707253456115724
lithium_hydroxide,VMD-LSTM,Decomposition,2025-12-30,2025-12-31,11.22,11.22,11.802069664001465
lithium_hydroxide,VMD-LSTM,Decomposition,2025-12-31,2026-01-02,11.22,15.47,14.189265251159668
lithium_hydroxide,VMD-LSTM,Decomposition,2026-01-02,2026-01-05,15.47,15.23,14.101696014404297
lithium_hydroxide,VMD-LSTM,Decomposition,2026-01-05,2026-01-06,15.23,16.51,15.192841529846191
lithium_hydroxide,VMD-LSTM,Decomposition,2026-01-06,2026-01-07,16.51,16.8,15.703975677490234
lithium_hydroxide,VMD-LSTM,Decomposition,2026-01-07,2026-01-08,16.8,17.21,15.889714241027832
lithium_hydroxide,VMD-LSTM,Decomposition,2026-01-08,2026-01-09,17.21,17.97,16.7491455078125
lithium_hydroxide,VMD-LSTM,Decomposition,2026-01-09,2026-01-12,17.97,16.63,15.977852821350098
lithium_hydroxide,VMD-LSTM,Decomposition,2026-01-12,2026-01-13,16.63,17.96,17.05678367614746
lithium_hydroxide,VMD-LSTM,Decomposition,2026-01-13,2026-01-14,17.96,18.58,17.491395950317383
lithium_hydroxide,VMD-LSTM,Decomposition,2026-01-14,2026-01-15,18.58,18.44,17.5666446685791
lithium_hydroxide,VMD-LSTM,Decomposition,2026-01-15,2026-01-16,18.44,17.92,17.212060928344727
lithium_hydroxide,VMD-LSTM,Decomposition,2026-01-16,2026-01-20,17.92,17.77,17.1166934967041
lithium_hydroxide,VMD-LSTM,Decomposition,2026-01-20,2026-01-21,17.77,18.06,17.3441104888916
lithium_hydroxide,VMD-LSTM,Decomposition,2026-01-21,2026-01-22,18.06,18.39,17.350250244140625
lithium_hydroxide,VMD-LSTM,Decomposition,2026-01-22,2026-01-23,18.39,18.39,17.230789184570312
lithium_hydroxide,VMD-LSTM,Decomposition,2026-01-23,2026-01-26,18.39,18.27,17.628917694091797
lithium_hydroxide,VMD-LSTM,Decomposition,2026-01-26,2026-01-27,18.27,18.27,17.859085083007812
lithium_hydroxide,VMD-LSTM,Decomposition,2026-01-27,2026-01-28,18.27,18.2,17.661474227905273
lithium_hydroxide,VMD-LSTM,Decomposition,2026-01-28,2026-01-29,18.2,18.2,17.60525131225586
lithium_hydroxide,VMD-LSTM,Decomposition,2026-01-29,2026-01-30,18.2,18.18,17.320947647094727
lithium_hydroxide,VMD-LSTM,Decomposition,2026-01-30,2026-02-02,18.18,17.5,17.438928604125977
lithium_hydroxide,VMD-LSTM,Decomposition,2026-02-02,2026-02-03,17.5,17.5,17.198986053466797
lithium_hydroxide,VMD-LSTM,Decomposition,2026-02-03,2026-02-04,17.5,17.5,17.297344207763672
lithium_hydroxide,VMD-LSTM,Decomposition,2026-02-04,2026-02-05,17.5,17.0,17.197467803955078
lithium_hydroxide,VMD-LSTM,Decomposition,2026-02-05,2026-02-06,17.0,16.85,17.034683227539062
lithium_hydroxide,VMD-LSTM,Decomposition,2026-02-06,2026-02-09,16.85,16.65,16.84233856201172
lithium_hydroxide,VMD-LSTM,Decomposition,2026-02-09,2026-02-10,16.65,16.62,16.598888397216797
lithium_hydroxide,VMD-LSTM,Decomposition,2026-02-10,2026-02-11,16.62,16.81,16.689973831176758
lithium_hydroxide,VMD-LSTM,Decomposition,2026-02-11,2026-02-12,16.81,16.81,16.379995346069336
lithium_hydroxide,VMD-LSTM,Decomposition,2026-02-12,2026-02-13,16.81,16.81,16.601438522338867
lithium_hydroxide,VMD-LSTM,Decomposition,2026-02-13,2026-02-17,16.81,16.81,16.6806640625
lithium_hydroxide,VMD-LSTM,Decomposition,2026-02-17,2026-02-18,16.81,16.91,16.88718032836914
lithium_hydroxide,VMD-LSTM,Decomposition,2026-02-18,2026-02-19,16.91,16.91,16.721065521240234
lithium_hydroxide,VMD-LSTM,Decomposition,2026-02-19,2026-02-20,16.91,16.91,16.76164436340332
lithium_hydroxide,VMD-LSTM,Decomposition,2026-02-20,2026-02-23,16.91,16.91,16.6597900390625
lithium_hydroxide,VMD-LSTM,Decomposition,2026-02-23,2026-02-24,16.91,17.11,17.106809616088867
lithium_hydroxide,VMD-LSTM,Decomposition,2026-02-24,2026-02-25,17.11,17.34,17.11078643798828
lithium_hydroxide,VMD-LSTM,Decomposition,2026-02-25,2026-02-26,17.34,17.4,17.200708389282227
lithium_hydroxide,VMD-LSTM,Decomposition,2026-02-26,2026-03-02,17.4,20.98,18.987438201904297
lithium_hydroxide,VMD-LSTM,Decomposition,2026-03-02,2026-03-03,20.98,19.77,18.41407012939453
lithium_hydroxide,VMD-LSTM,Decomposition,2026-03-03,2026-03-04,19.77,19.77,18.72866439819336
lithium_hydroxide,VMD-LSTM,Decomposition,2026-03-04,2026-03-05,19.77,19.98,18.845911026000977
lithium_hydroxide,VMD-LSTM,Decomposition,2026-03-05,2026-03-06,19.98,20.19,18.883628845214844
lithium_hydroxide,VMD-LSTM,Decomposition,2026-03-06,2026-03-09,20.19,20.19,19.126056671142575
lithium_hydroxide,VMD-LSTM,Decomposition,2026-03-09,2026-03-10,20.19,20.19,19.0367431640625
lithium_hydroxide,VMD-LSTM,Decomposition,2026-03-10,2026-03-11,20.19,19.85,19.057422637939453
lithium_hydroxide,VMD-LSTM,Decomposition,2026-03-11,2026-03-12,19.85,19.85,19.597373962402344
lithium_hydroxide,CEEMDAN-ARIMA,Decomposition,2025-08-18,2025-08-19,8.4,8.35,4.260132212980879
lithium_hydroxide,CEEMDAN-ARIMA,Decomposition,2025-08-19,2025-08-20,8.35,8.44,8.325017701712857
lithium_hydroxide,CEEMDAN-ARIMA,Decomposition,2025-08-20,2025-08-21,8.44,8.44,8.490406013242627
lithium_hydroxide,CEEMDAN-ARIMA,Decomposition,2025-08-21,2025-08-22,8.44,8.5,8.492779787396037
lithium_hydroxide,CEEMDAN-ARIMA,Decomposition,2025-08-22,2025-08-25,8.5,8.48,8.398527769168826
lithium_hydroxide,CEEMDAN-ARIMA,Decomposition,2025-08-25,2025-08-26,8.48,8.48,8.491876320206925
lithium_hydroxide,CEEMDAN-ARIMA,Decomposition,2025-08-26,2025-08-27,8.48,8.51,8.519257604126647
lithium_hydroxide,CEEMDAN-ARIMA,Decomposition,2025-08-27,2025-08-28,8.51,8.51,8.41672800254789
lithium_hydroxide,CEEMDAN-ARIMA,Decomposition,2025-08-28,2025-08-29,8.51,8.52,8.677957812549701
lithium_hydroxide,CEEMDAN-ARIMA,Decomposition,2025-08-29,2025-09-02,8.52,9.4,9.180573555937151
lithium_hydroxide,CEEMDAN-ARIMA,Decomposition,2025-09-02,2025-09-03,9.4,9.38,9.484730164785894
lithium_hydroxide,CEEMDAN-ARIMA,Decomposition,2025-09-03,2025-09-04,9.38,9.48,9.482809575361507
lithium_hydroxide,CEEMDAN-ARIMA,Decomposition,2025-09-04,2025-09-05,9.48,9.48,9.508243543986197
lithium_hydroxide,CEEMDAN-ARIMA,Decomposition,2025-09-05,2025-09-08,9.48,9.48,9.477877192455956
lithium_hydroxide,CEEMDAN-ARIMA,Decomposition,2025-09-08,2025-09-09,9.48,9.48,9.45577156666827
lithium_hydroxide,CEEMDAN-ARIMA,Decomposition,2025-09-09,2025-09-10,9.48,9.48,9.517021911543116
lithium_hydroxide,CEEMDAN-ARIMA,Decomposition,2025-09-10,2025-09-11,9.48,9.48,9.40370137317572
lithium_hydroxide,CEEMDAN-ARIMA,Decomposition,2025-09-11,2025-09-12,9.48,9.48,9.53429407069664
lithium_hydroxide,CEEMDAN-ARIMA,Decomposition,2025-09-12,2025-09-15,9.48,9.48,9.377312535029231
lithium_hydroxide,CEEMDAN-ARIMA,Decomposition,2025-09-15,2025-09-16,9.48,9.48,9.576115034117027
lithium_hydroxide,CEEMDAN-ARIMA,Decomposition,2025-09-16,2025-09-17,9.48,9.48,9.46028317008398
lithium_hydroxide,CEEMDAN-ARIMA,Decomposition,2025-09-17,2025-09-18,9.48,9.48,9.464610962496929
lithium_hydroxide,CEEMDAN-ARIMA,Decomposition,2025-09-18,2025-09-19,9.48,9.54,9.47197972744986
lithium_hydroxide,CEEMDAN-ARIMA,Decomposition,2025-09-19,2025-09-22,9.54,9.54,9.585168105684703
lithium_hydroxide,CEEMDAN-ARIMA,Decomposition,2025-09-22,2025-09-23,9.54,9.54,9.54583403692292
lithium_hydroxide,CEEMDAN-ARIMA,Decomposition,2025-09-23,2025-09-24,9.54,9.54,9.4643896763104
lithium_hydroxide,CEEMDAN-ARIMA,Decomposition,2025-09-24,2025-09-25,9.54,9.54,9.564702263721385
lithium_hydroxide,CEEMDAN-ARIMA,Decomposition,2025-09-25,2025-09-26,9.54,9.53,9.46341029102626
lithium_hydroxide,CEEMDAN-ARIMA,Decomposition,2025-09-26,2025-09-29,9.53,9.53,9.486294489766143
lithium_hydroxide,CEEMDAN-ARIMA,Decomposition,2025-09-29,2025-09-30,9.53,9.53,9.519614566582671
lithium_hydroxide,CEEMDAN-ARIMA,Decomposition,2025-09-30,2025-10-01,9.53,9.6,9.63918677290489
lithium_hydroxide,CEEMDAN-ARIMA,Decomposition,2025-10-01,2025-10-02,9.6,9.59,9.499502911797723
lithium_hydroxide,CEEMDAN-ARIMA,Decomposition,2025-10-02,2025-10-03,9.59,9.6,9.604473798958358
lithium_hydroxide,CEEMDAN-ARIMA,Decomposition,2025-10-03,2025-10-06,9.6,9.55,9.554319461461777
lithium_hydroxide,CEEMDAN-ARIMA,Decomposition,2025-10-06,2025-10-07,9.55,9.6,9.520022370696218
lithium_hydroxide,CEEMDAN-ARIMA,Decomposition,2025-10-07,2025-10-08,9.6,9.6,9.702938489966316
lithium_hydroxide,CEEMDAN-ARIMA,Decomposition,2025-10-08,2025-10-09,9.6,9.6,9.497322674842025
lithium_hydroxide,CEEMDAN-ARIMA,Decomposition,2025-10-09,2025-10-10,9.6,9.55,9.588411329120946
lithium_hydroxide,CEEMDAN-ARIMA,Decomposition,2025-10-10,2025-10-13,9.55,9.6,9.524537261094084
lithium_hydroxide,CEEMDAN-ARIMA,Decomposition,2025-10-13,2025-10-14,9.6,9.6,9.635409120546557
lithium_hydroxide,CEEMDAN-ARIMA,Decomposition,2025-10-14,2025-10-15,9.6,9.6,9.60384807216489
lithium_hydroxide,CEEMDAN-ARIMA,Decomposition,2025-10-15,2025-10-16,9.6,9.6,9.588670551268647
lithium_hydroxide,CEEMDAN-ARIMA,Decomposition,2025-10-16,2025-10-17,9.6,9.6,9.636742790053164
lithium_hydroxide,CEEMDAN-ARIMA,Decomposition,2025-10-17,2025-10-20,9.6,9.75,9.6907553226758
lithium_hydroxide,CEEMDAN-ARIMA,Decomposition,2025-10-20,2025-10-21,9.75,9.6,9.625576247070612
lithium_hydroxide,CEEMDAN-ARIMA,Decomposition,2025-10-21,2025-10-22,9.6,9.6,9.582768664799136
lithium_hydroxide,CEEMDAN-ARIMA,Decomposition,2025-10-22,2025-10-23,9.6,9.6,9.561626473145504
lithium_hydroxide,CEEMDAN-ARIMA,Decomposition,2025-10-23,2025-10-24,9.6,9.6,9.628913162180972
lithium_hydroxide,CEEMDAN-ARIMA,Decomposition,2025-10-24,2025-10-27,9.6,9.6,9.524028382034112
lithium_hydroxide,CEEMDAN-ARIMA,Decomposition,2025-10-27,2025-10-28,9.6,9.61,9.64611027045378
lithium_hydroxide,CEEMDAN-ARIMA,Decomposition,2025-10-28,2025-10-29,9.61,9.63,9.592319212136632
lithium_hydroxide,CEEMDAN-ARIMA,Decomposition,2025-10-29,2025-10-30,9.63,9.63,9.653924987087493
lithium_hydroxide,CEEMDAN-ARIMA,Decomposition,2025-10-30,2025-10-31,9.63,9.63,9.57503448293158
lithium_hydroxide,CEEMDAN-ARIMA,Decomposition,2025-10-31,2025-11-03,9.63,9.8,9.873222971830634
lithium_hydroxide,CEEMDAN-ARIMA,Decomposition,2025-11-03,2025-11-04,9.8,9.93,9.8312895708649
lithium_hydroxide,CEEMDAN-ARIMA,Decomposition,2025-11-04,2025-11-05,9.93,9.8,9.887492212981066
lithium_hydroxide,CEEMDAN-ARIMA,Decomposition,2025-11-05,2025-11-06,9.8,9.9,9.838946560085912
lithium_hydroxide,CEEMDAN-ARIMA,Decomposition,2025-11-06,2025-11-07,9.9,9.97,9.927573858959564
lithium_hydroxide,CEEMDAN-ARIMA,Decomposition,2025-11-07,2025-11-10,9.97,9.97,9.96994219411424
lithium_hydroxide,CEEMDAN-ARIMA,Decomposition,2025-11-10,2025-11-11,9.97,9.97,9.975082989064916
lithium_hydroxide,CEEMDAN-ARIMA,Decomposition,2025-11-11,2025-11-12,9.97,9.97,9.971192111662102
lithium_hydroxide,CEEMDAN-ARIMA,Decomposition,2025-11-12,2025-11-13,9.97,10.06,10.009371796743702
lithium_hydroxide,CEEMDAN-ARIMA,Decomposition,2025-11-13,2025-11-14,10.06,10.06,10.05941001827863
lithium_hydroxide,CEEMDAN-ARIMA,Decomposition,2025-11-14,2025-11-17,10.06,10.21,10.171289820350538
lithium_hydroxide,CEEMDAN-ARIMA,Decomposition,2025-11-17,2025-11-18,10.21,10.21,10.169052757106874
lithium_hydroxide,CEEMDAN-ARIMA,Decomposition,2025-11-18,2025-11-19,10.21,10.13,10.21054531343751
lithium_hydroxide,CEEMDAN-ARIMA,Decomposition,2025-11-19,2025-11-20,10.13,10.16,10.042774088047398
lithium_hydroxide,CEEMDAN-ARIMA,Decomposition,2025-11-20,2025-11-21,10.16,10.19,10.220859311539574
lithium_hydroxide,CEEMDAN-ARIMA,Decomposition,2025-11-21,2025-11-24,10.19,10.19,10.242117853775222
lithium_hydroxide,CEEMDAN-ARIMA,Decomposition,2025-11-24,2025-11-25,10.19,10.19,9.983260934341748
lithium_hydroxide,CEEMDAN-ARIMA,Decomposition,2025-11-25,2025-11-26,10.19,10.18,10.142950154838978
lithium_hydroxide,CEEMDAN-ARIMA,Decomposition,2025-11-26,2025-11-28,10.18,10.19,10.414364868267487
lithium_hydroxide,CEEMDAN-ARIMA,Decomposition,2025-11-28,2025-12-01,10.19,10.95,10.75966927784232
lithium_hydroxide,CEEMDAN-ARIMA,Decomposition,2025-12-01,2025-12-02,10.95,10.4,10.6047653900067
lithium_hydroxide,CEEMDAN-ARIMA,Decomposition,2025-12-02,2025-12-03,10.4,10.26,10.36346204790586
lithium_hydroxide,CEEMDAN-ARIMA,Decomposition,2025-12-03,2025-12-04,10.26,10.31,10.332311193770895
lithium_hydroxide,CEEMDAN-ARIMA,Decomposition,2025-12-04,2025-12-05,10.31,10.31,10.202400303185888
lithium_hydroxide,CEEMDAN-ARIMA,Decomposition,2025-12-05,2025-12-08,10.31,10.31,10.359728804243671
lithium_hydroxide,CEEMDAN-ARIMA,Decomposition,2025-12-08,2025-12-09,10.31,10.31,10.318296377879818
lithium_hydroxide,CEEMDAN-ARIMA,Decomposition,2025-12-09,2025-12-10,10.31,10.3,10.323317951210042
lithium_hydroxide,CEEMDAN-ARIMA,Decomposition,2025-12-10,2025-12-11,10.3,10.31,10.412908252306645
lithium_hydroxide,CEEMDAN-ARIMA,Decomposition,2025-12-11,2025-12-12,10.31,10.4,10.400696036049048
lithium_hydroxide,CEEMDAN-ARIMA,Decomposition,2025-12-12,2025-12-15,10.4,10.37,10.296636578411904
lithium_hydroxide,CEEMDAN-ARIMA,Decomposition,2025-12-15,2025-12-16,10.37,10.37,10.413689390948877
lithium_hydroxide,CEEMDAN-ARIMA,Decomposition,2025-12-16,2025-12-17,10.37,10.42,10.351065015888183
lithium_hydroxide,CEEMDAN-ARIMA,Decomposition,2025-12-17,2025-12-18,10.42,10.61,10.469328202296436
lithium_hydroxide,CEEMDAN-ARIMA,Decomposition,2025-12-18,2025-12-19,10.61,10.83,10.678277635314016
lithium_hydroxide,CEEMDAN-ARIMA,Decomposition,2025-12-19,2025-12-22,10.83,10.83,10.637790817297772
lithium_hydroxide,CEEMDAN-ARIMA,Decomposition,2025-12-22,2025-12-23,10.83,11.21,10.920642407970174
lithium_hydroxide,CEEMDAN-ARIMA,Decomposition,2025-12-23,2025-12-24,11.21,11.21,11.014093419800536
lithium_hydroxide,CEEMDAN-ARIMA,Decomposition,2025-12-24,2025-12-26,11.21,11.21,10.970264072315398
lithium_hydroxide,CEEMDAN-ARIMA,Decomposition,2025-12-26,2025-12-29,11.21,11.24,10.575938779990878
lithium_hydroxide,CEEMDAN-ARIMA,Decomposition,2025-12-29,2025-12-30,11.24,11.22,10.300972649651404
lithium_hydroxide,CEEMDAN-ARIMA,Decomposition,2025-12-30,2025-12-31,11.22,11.22,11.570164606707667
lithium_hydroxide,CEEMDAN-ARIMA,Decomposition,2025-12-31,2026-01-02,11.22,15.47,14.272203516478651
lithium_hydroxide,CEEMDAN-ARIMA,Decomposition,2026-01-02,2026-01-05,15.47,15.23,16.027537968021683
lithium_hydroxide,CEEMDAN-ARIMA,Decomposition,2026-01-05,2026-01-06,15.23,16.51,16.181912232825916
lithium_hydroxide,CEEMDAN-ARIMA,Decomposition,2026-01-06,2026-01-07,16.51,16.8,16.336664632213083
lithium_hydroxide,CEEMDAN-ARIMA,Decomposition,2026-01-07,2026-01-08,16.8,17.21,17.212536595197026
lithium_hydroxide,CEEMDAN-ARIMA,Decomposition,2026-01-08,2026-01-09,17.21,17.97,17.69852876454653
lithium_hydroxide,CEEMDAN-ARIMA,Decomposition,2026-01-09,2026-01-12,17.97,16.63,17.099582689367708
lithium_hydroxide,CEEMDAN-ARIMA,Decomposition,2026-01-12,2026-01-13,16.63,17.96,17.542407986159706
lithium_hydroxide,CEEMDAN-ARIMA,Decomposition,2026-01-13,2026-01-14,17.96,18.58,17.833456456684516
lithium_hydroxide,CEEMDAN-ARIMA,Decomposition,2026-01-14,2026-01-15,18.58,18.44,17.645784687379628
lithium_hydroxide,CEEMDAN-ARIMA,Decomposition,2026-01-15,2026-01-16,18.44,17.92,17.810450550432666
lithium_hydroxide,CEEMDAN-ARIMA,Decomposition,2026-01-16,2026-01-20,17.92,17.77,18.295489115675892
lithium_hydroxide,CEEMDAN-ARIMA,Decomposition,2026-01-20,2026-01-21,17.77,18.06,18.49071952679413
lithium_hydroxide,CEEMDAN-ARIMA,Decomposition,2026-01-21,2026-01-22,18.06,18.39,18.197720796911064
lithium_hydroxide,CEEMDAN-ARIMA,Decomposition,2026-01-22,2026-01-23,18.39,18.39,17.890010972518255
lithium_hydroxide,CEEMDAN-ARIMA,Decomposition,2026-01-23,2026-01-26,18.39,18.27,17.999582900222553
lithium_hydroxide,CEEMDAN-ARIMA,Decomposition,2026-01-26,2026-01-27,18.27,18.27,18.349769788734307
lithium_hydroxide,CEEMDAN-ARIMA,Decomposition,2026-01-27,2026-01-28,18.27,18.2,18.42099642627637
lithium_hydroxide,CEEMDAN-ARIMA,Decomposition,2026-01-28,2026-01-29,18.2,18.2,18.5083717929035
lithium_hydroxide,CEEMDAN-ARIMA,Decomposition,2026-01-29,2026-01-30,18.2,18.18,18.026070978035367
lithium_hydroxide,CEEMDAN-ARIMA,Decomposition,2026-01-30,2026-02-02,18.18,17.5,17.465436010289135
lithium_hydroxide,CEEMDAN-ARIMA,Decomposition,2026-02-02,2026-02-03,17.5,17.5,17.359020786346782
lithium_hydroxide,CEEMDAN-ARIMA,Decomposition,2026-02-03,2026-02-04,17.5,17.5,17.28629396163839
lithium_hydroxide,CEEMDAN-ARIMA,Decomposition,2026-02-04,2026-02-05,17.5,17.0,17.225643216786793
lithium_hydroxide,CEEMDAN-ARIMA,Decomposition,2026-02-05,2026-02-06,17.0,16.85,16.89520503349334
lithium_hydroxide,CEEMDAN-ARIMA,Decomposition,2026-02-06,2026-02-09,16.85,16.65,16.677806032057838
lithium_hydroxide,CEEMDAN-ARIMA,Decomposition,2026-02-09,2026-02-10,16.65,16.62,16.622473151457285
lithium_hydroxide,CEEMDAN-ARIMA,Decomposition,2026-02-10,2026-02-11,16.62,16.81,16.67522559168932
lithium_hydroxide,CEEMDAN-ARIMA,Decomposition,2026-02-11,2026-02-12,16.81,16.81,16.77730238471868
lithium_hydroxide,CEEMDAN-ARIMA,Decomposition,2026-02-12,2026-02-13,16.81,16.81,16.87321318188628
lithium_hydroxide,CEEMDAN-ARIMA,Decomposition,2026-02-13,2026-02-17,16.81,16.81,16.740175945734826
lithium_hydroxide,CEEMDAN-ARIMA,Decomposition,2026-02-17,2026-02-18,16.81,16.91,16.840482037155418
lithium_hydroxide,CEEMDAN-ARIMA,Decomposition,2026-02-18,2026-02-19,16.91,16.91,16.7734007363549
lithium_hydroxide,CEEMDAN-ARIMA,Decomposition,2026-02-19,2026-02-20,16.91,16.91,16.615789028716033
lithium_hydroxide,CEEMDAN-ARIMA,Decomposition,2026-02-20,2026-02-23,16.91,16.91,16.408933743805317
lithium_hydroxide,CEEMDAN-ARIMA,Decomposition,2026-02-23,2026-02-24,16.91,17.11,16.562146957184186
lithium_hydroxide,CEEMDAN-ARIMA,Decomposition,2026-02-24,2026-02-25,17.11,17.34,17.13654638996753
lithium_hydroxide,CEEMDAN-ARIMA,Decomposition,2026-02-25,2026-02-26,17.34,17.4,18.241402610928123
lithium_hydroxide,CEEMDAN-ARIMA,Decomposition,2026-02-26,2026-03-02,17.4,20.98,20.04393091098035
lithium_hydroxide,CEEMDAN-ARIMA,Decomposition,2026-03-02,2026-03-03,20.98,19.77,20.285554187176405
lithium_hydroxide,CEEMDAN-ARIMA,Decomposition,2026-03-03,2026-03-04,19.77,19.77,20.5194470307395
lithium_hydroxide,CEEMDAN-ARIMA,Decomposition,2026-03-04,2026-03-05,19.77,19.98,20.66011552103492
lithium_hydroxide,CEEMDAN-ARIMA,Decomposition,2026-03-05,2026-03-06,19.98,20.19,20.577132331210954
lithium_hydroxide,CEEMDAN-ARIMA,Decomposition,2026-03-06,2026-03-09,20.19,20.19,20.14603164050131
lithium_hydroxide,CEEMDAN-ARIMA,Decomposition,2026-03-09,2026-03-10,20.19,20.19,20.16656727443216
lithium_hydroxide,CEEMDAN-ARIMA,Decomposition,2026-03-10,2026-03-11,20.19,19.85,20.23851849137601
lithium_hydroxide,CEEMDAN-ARIMA,Decomposition,2026-03-11,2026-03-12,19.85,19.85,20.220420853981075
lithium_hydroxide,CEEMDAN-LSTM,Decomposition,2025-08-18,2025-08-19,8.4,8.35,13.628777503967283
lithium_hydroxide,CEEMDAN-LSTM,Decomposition,2025-08-19,2025-08-20,8.35,8.44,12.083105087280272
lithium_hydroxide,CEEMDAN-LSTM,Decomposition,2025-08-20,2025-08-21,8.44,8.44,10.91790771484375
lithium_hydroxide,CEEMDAN-LSTM,Decomposition,2025-08-21,2025-08-22,8.44,8.5,10.113581657409668
lithium_hydroxide,CEEMDAN-LSTM,Decomposition,2025-08-22,2025-08-25,8.5,8.48,9.376605987548828
lithium_hydroxide,CEEMDAN-LSTM,Decomposition,2025-08-25,2025-08-26,8.48,8.48,8.970094680786133
lithium_hydroxide,CEEMDAN-LSTM,Decomposition,2025-08-26,2025-08-27,8.48,8.51,8.661608695983887
lithium_hydroxide,CEEMDAN-LSTM,Decomposition,2025-08-27,2025-08-28,8.51,8.51,8.333708763122559
lithium_hydroxide,CEEMDAN-LSTM,Decomposition,2025-08-28,2025-08-29,8.51,8.52,8.42627239227295
lithium_hydroxide,CEEMDAN-LSTM,Decomposition,2025-08-29,2025-09-02,8.52,9.4,8.927665710449219
lithium_hydroxide,CEEMDAN-LSTM,Decomposition,2025-09-02,2025-09-03,9.4,9.38,9.06958293914795
lithium_hydroxide,CEEMDAN-LSTM,Decomposition,2025-09-03,2025-09-04,9.38,9.48,9.170976638793944
lithium_hydroxide,CEEMDAN-LSTM,Decomposition,2025-09-04,2025-09-05,9.48,9.48,9.254438400268556
lithium_hydroxide,CEEMDAN-LSTM,Decomposition,2025-09-05,2025-09-08,9.48,9.48,9.225210189819336
lithium_hydroxide,CEEMDAN-LSTM,Decomposition,2025-09-08,2025-09-09,9.48,9.48,9.226401329040527
lithium_hydroxide,CEEMDAN-LSTM,Decomposition,2025-09-09,2025-09-10,9.48,9.48,9.247797012329102
lithium_hydroxide,CEEMDAN-LSTM,Decomposition,2025-09-10,2025-09-11,9.48,9.48,9.154634475708008
lithium_hydroxide,CEEMDAN-LSTM,Decomposition,2025-09-11,2025-09-12,9.48,9.48,9.307719230651855
lithium_hydroxide,CEEMDAN-LSTM,Decomposition,2025-09-12,2025-09-15,9.48,9.48,9.160741806030272
lithium_hydroxide,CEEMDAN-LSTM,Decomposition,2025-09-15,2025-09-16,9.48,9.48,9.275137901306152
lithium_hydroxide,CEEMDAN-LSTM,Decomposition,2025-09-16,2025-09-17,9.48,9.48,9.25735569000244
lithium_hydroxide,CEEMDAN-LSTM,Decomposition,2025-09-17,2025-09-18,9.48,9.48,9.23713207244873
lithium_hydroxide,CEEMDAN-LSTM,Decomposition,2025-09-18,2025-09-19,9.48,9.54,9.211610794067385
lithium_hydroxide,CEEMDAN-LSTM,Decomposition,2025-09-19,2025-09-22,9.54,9.54,9.262014389038086
lithium_hydroxide,CEEMDAN-LSTM,Decomposition,2025-09-22,2025-09-23,9.54,9.54,9.280373573303224
lithium_hydroxide,CEEMDAN-LSTM,Decomposition,2025-09-23,2025-09-24,9.54,9.54,9.20744800567627
lithium_hydroxide,CEEMDAN-LSTM,Decomposition,2025-09-24,2025-09-25,9.54,9.54,9.255951881408691
lithium_hydroxide,CEEMDAN-LSTM,Decomposition,2025-09-25,2025-09-26,9.54,9.53,9.171456336975098
lithium_hydroxide,CEEMDAN-LSTM,Decomposition,2025-09-26,2025-09-29,9.53,9.53,9.196418762207031
lithium_hydroxide,CEEMDAN-LSTM,Decomposition,2025-09-29,2025-09-30,9.53,9.53,9.240707397460938
lithium_hydroxide,CEEMDAN-LSTM,Decomposition,2025-09-30,2025-10-01,9.53,9.6,9.370490074157717
lithium_hydroxide,CEEMDAN-LSTM,Decomposition,2025-10-01,2025-10-02,9.6,9.59,9.261493682861328
lithium_hydroxide,CEEMDAN-LSTM,Decomposition,2025-10-02,2025-10-03,9.59,9.6,9.30727767944336
lithium_hydroxide,CEEMDAN-LSTM,Decomposition,2025-10-03,2025-10-06,9.6,9.55,9.280523300170898
lithium_hydroxide,CEEMDAN-LSTM,Decomposition,2025-10-06,2025-10-07,9.55,9.6,9.26416301727295
lithium_hydroxide,CEEMDAN-LSTM,Decomposition,2025-10-07,2025-10-08,9.6,9.6,9.395602226257324
lithium_hydroxide,CEEMDAN-LSTM,Decomposition,2025-10-08,2025-10-09,9.6,9.6,9.246692657470703
lithium_hydroxide,CEEMDAN-LSTM,Decomposition,2025-10-09,2025-10-10,9.6,9.55,9.289422988891602
lithium_hydroxide,CEEMDAN-LSTM,Decomposition,2025-10-10,2025-10-13,9.55,9.6,9.221275329589844
lithium_hydroxide,CEEMDAN-LSTM,Decomposition,2025-10-13,2025-10-14,9.6,9.6,9.283087730407717
lithium_hydroxide,CEEMDAN-LSTM,Decomposition,2025-10-14,2025-10-15,9.6,9.6,9.290746688842772
lithium_hydroxide,CEEMDAN-LSTM,Decomposition,2025-10-15,2025-10-16,9.6,9.6,9.279062271118164
lithium_hydroxide,CEEMDAN-LSTM,Decomposition,2025-10-16,2025-10-17,9.6,9.6,9.31435203552246
lithium_hydroxide,CEEMDAN-LSTM,Decomposition,2025-10-17,2025-10-20,9.6,9.75,9.349234580993652
lithium_hydroxide,CEEMDAN-LSTM,Decomposition,2025-10-20,2025-10-21,9.75,9.6,9.252306938171388
lithium_hydroxide,CEEMDAN-LSTM,Decomposition,2025-10-21,2025-10-22,9.6,9.6,9.233245849609377
lithium_hydroxide,CEEMDAN-LSTM,Decomposition,2025-10-22,2025-10-23,9.6,9.6,9.19509506225586
lithium_hydroxide,CEEMDAN-LSTM,Decomposition,2025-10-23,2025-10-24,9.6,9.6,9.216751098632812
lithium_hydroxide,CEEMDAN-LSTM,Decomposition,2025-10-24,2025-10-27,9.6,9.6,9.13794994354248
lithium_hydroxide,CEEMDAN-LSTM,Decomposition,2025-10-27,2025-10-28,9.6,9.61,9.208845138549805
lithium_hydroxide,CEEMDAN-LSTM,Decomposition,2025-10-28,2025-10-29,9.61,9.63,9.1802978515625
lithium_hydroxide,CEEMDAN-LSTM,Decomposition,2025-10-29,2025-10-30,9.63,9.63,9.218178749084473
lithium_hydroxide,CEEMDAN-LSTM,Decomposition,2025-10-30,2025-10-31,9.63,9.63,9.108864784240724
lithium_hydroxide,CEEMDAN-LSTM,Decomposition,2025-10-31,2025-11-03,9.63,9.8,9.325523376464844
lithium_hydroxide,CEEMDAN-LSTM,Decomposition,2025-11-03,2025-11-04,9.8,9.93,9.367717742919922
lithium_hydroxide,CEEMDAN-LSTM,Decomposition,2025-11-04,2025-11-05,9.93,9.8,9.388713836669922
lithium_hydroxide,CEEMDAN-LSTM,Decomposition,2025-11-05,2025-11-06,9.8,9.9,9.370647430419922
lithium_hydroxide,CEEMDAN-LSTM,Decomposition,2025-11-06,2025-11-07,9.9,9.97,9.358141899108888
lithium_hydroxide,CEEMDAN-LSTM,Decomposition,2025-11-07,2025-11-10,9.97,9.97,9.389634132385254
lithium_hydroxide,CEEMDAN-LSTM,Decomposition,2025-11-10,2025-11-11,9.97,9.97,9.43433952331543
lithium_hydroxide,CEEMDAN-LSTM,Decomposition,2025-11-11,2025-11-12,9.97,9.97,9.441181182861328
lithium_hydroxide,CEEMDAN-LSTM,Decomposition,2025-11-12,2025-11-13,9.97,10.06,9.44199562072754
lithium_hydroxide,CEEMDAN-LSTM,Decomposition,2025-11-13,2025-11-14,10.06,10.06,9.457295417785645
lithium_hydroxide,CEEMDAN-LSTM,Decomposition,2025-11-14,2025-11-17,10.06,10.21,9.5849027633667
lithium_hydroxide,CEEMDAN-LSTM,Decomposition,2025-11-17,2025-11-18,10.21,10.21,9.562679290771484
lithium_hydroxide,CEEMDAN-LSTM,Decomposition,2025-11-18,2025-11-19,10.21,10.13,9.573578834533691
lithium_hydroxide,CEEMDAN-LSTM,Decomposition,2025-11-19,2025-11-20,10.13,10.16,9.464682579040527
lithium_hydroxide,CEEMDAN-LSTM,Decomposition,2025-11-20,2025-11-21,10.16,10.19,9.55052375793457
lithium_hydroxide,CEEMDAN-LSTM,Decomposition,2025-11-21,2025-11-24,10.19,10.19,9.530318260192873
lithium_hydroxide,CEEMDAN-LSTM,Decomposition,2025-11-24,2025-11-25,10.19,10.19,9.299330711364746
lithium_hydroxide,CEEMDAN-LSTM,Decomposition,2025-11-25,2025-11-26,10.19,10.18,9.369845390319824
lithium_hydroxide,CEEMDAN-LSTM,Decomposition,2025-11-26,2025-11-28,10.18,10.19,9.656716346740724
lithium_hydroxide,CEEMDAN-LSTM,Decomposition,2025-11-28,2025-12-01,10.19,10.95,10.096027374267578
lithium_hydroxide,CEEMDAN-LSTM,Decomposition,2025-12-01,2025-12-02,10.95,10.4,9.83506679534912
lithium_hydroxide,CEEMDAN-LSTM,Decomposition,2025-12-02,2025-12-03,10.4,10.26,9.803884506225586
lithium_hydroxide,CEEMDAN-LSTM,Decomposition,2025-12-03,2025-12-04,10.26,10.31,9.846409797668455
lithium_hydroxide,CEEMDAN-LSTM,Decomposition,2025-12-04,2025-12-05,10.31,10.31,9.694867134094238
lithium_hydroxide,CEEMDAN-LSTM,Decomposition,2025-12-05,2025-12-08,10.31,10.31,9.819534301757812
lithium_hydroxide,CEEMDAN-LSTM,Decomposition,2025-12-08,2025-12-09,10.31,10.31,9.817705154418944
lithium_hydroxide,CEEMDAN-LSTM,Decomposition,2025-12-09,2025-12-10,10.31,10.3,9.857271194458008
lithium_hydroxide,CEEMDAN-LSTM,Decomposition,2025-12-10,2025-12-11,10.3,10.31,9.950871467590332
lithium_hydroxide,CEEMDAN-LSTM,Decomposition,2025-12-11,2025-12-12,10.31,10.4,9.928266525268556
lithium_hydroxide,CEEMDAN-LSTM,Decomposition,2025-12-12,2025-12-15,10.4,10.37,9.801345825195312
lithium_hydroxide,CEEMDAN-LSTM,Decomposition,2025-12-15,2025-12-16,10.37,10.37,9.834566116333008
lithium_hydroxide,CEEMDAN-LSTM,Decomposition,2025-12-16,2025-12-17,10.37,10.42,9.753493309020996
lithium_hydroxide,CEEMDAN-LSTM,Decomposition,2025-12-17,2025-12-18,10.42,10.61,9.777918815612791
lithium_hydroxide,CEEMDAN-LSTM,Decomposition,2025-12-18,2025-12-19,10.61,10.83,9.800405502319336
lithium_hydroxide,CEEMDAN-LSTM,Decomposition,2025-12-19,2025-12-22,10.83,10.83,9.668116569519045
lithium_hydroxide,CEEMDAN-LSTM,Decomposition,2025-12-22,2025-12-23,10.83,11.21,9.88886260986328
lithium_hydroxide,CEEMDAN-LSTM,Decomposition,2025-12-23,2025-12-24,11.21,11.21,9.934529304504396
lithium_hydroxide,CEEMDAN-LSTM,Decomposition,2025-12-24,2025-12-26,11.21,11.21,9.970905303955078
lithium_hydroxide,CEEMDAN-LSTM,Decomposition,2025-12-26,2025-12-29,11.21,11.24,9.693397521972656
lithium_hydroxide,CEEMDAN-LSTM,Decomposition,2025-12-29,2025-12-30,11.24,11.22,9.505712509155272
lithium_hydroxide,CEEMDAN-LSTM,Decomposition,2025-12-30,2025-12-31,11.22,11.22,10.33945369720459
lithium_hydroxide,CEEMDAN-LSTM,Decomposition,2025-12-31,2026-01-02,11.22,15.47,12.802674293518066
lithium_hydroxide,CEEMDAN-LSTM,Decomposition,2026-01-02,2026-01-05,15.47,15.23,14.482919692993164
lithium_hydroxide,CEEMDAN-LSTM,Decomposition,2026-01-05,2026-01-06,15.23,16.51,15.653773307800291
lithium_hydroxide,CEEMDAN-LSTM,Decomposition,2026-01-06,2026-01-07,16.51,16.8,15.980087280273438
lithium_hydroxide,CEEMDAN-LSTM,Decomposition,2026-01-07,2026-01-08,16.8,17.21,16.494022369384766
lithium_hydroxide,CEEMDAN-LSTM,Decomposition,2026-01-08,2026-01-09,17.21,17.97,17.136348724365234
lithium_hydroxide,CEEMDAN-LSTM,Decomposition,2026-01-09,2026-01-12,17.97,16.63,16.727094650268555
lithium_hydroxide,CEEMDAN-LSTM,Decomposition,2026-01-12,2026-01-13,16.63,17.96,16.874847412109375
lithium_hydroxide,CEEMDAN-LSTM,Decomposition,2026-01-13,2026-01-14,17.96,18.58,16.937528610229492
lithium_hydroxide,CEEMDAN-LSTM,Decomposition,2026-01-14,2026-01-15,18.58,18.44,16.747648239135742
lithium_hydroxide,CEEMDAN-LSTM,Decomposition,2026-01-15,2026-01-16,18.44,17.92,17.14141273498535
lithium_hydroxide,CEEMDAN-LSTM,Decomposition,2026-01-16,2026-01-20,17.92,17.77,17.573808670043945
lithium_hydroxide,CEEMDAN-LSTM,Decomposition,2026-01-20,2026-01-21,17.77,18.06,18.206035614013672
lithium_hydroxide,CEEMDAN-LSTM,Decomposition,2026-01-21,2026-01-22,18.06,18.39,18.184711456298828
lithium_hydroxide,CEEMDAN-LSTM,Decomposition,2026-01-22,2026-01-23,18.39,18.39,18.054574966430664
lithium_hydroxide,CEEMDAN-LSTM,Decomposition,2026-01-23,2026-01-26,18.39,18.27,18.08963966369629
lithium_hydroxide,CEEMDAN-LSTM,Decomposition,2026-01-26,2026-01-27,18.27,18.27,18.140966415405277
lithium_hydroxide,CEEMDAN-LSTM,Decomposition,2026-01-27,2026-01-28,18.27,18.2,17.999202728271484
lithium_hydroxide,CEEMDAN-LSTM,Decomposition,2026-01-28,2026-01-29,18.2,18.2,18.094257354736328
lithium_hydroxide,CEEMDAN-LSTM,Decomposition,2026-01-29,2026-01-30,18.2,18.18,17.83523941040039
lithium_hydroxide,CEEMDAN-LSTM,Decomposition,2026-01-30,2026-02-02,18.18,17.5,17.210290908813477
lithium_hydroxide,CEEMDAN-LSTM,Decomposition,2026-02-02,2026-02-03,17.5,17.5,17.08220672607422
lithium_hydroxide,CEEMDAN-LSTM,Decomposition,2026-02-03,2026-02-04,17.5,17.5,16.879770278930664
lithium_hydroxide,CEEMDAN-LSTM,Decomposition,2026-02-04,2026-02-05,17.5,17.0,16.71756362915039
lithium_hydroxide,CEEMDAN-LSTM,Decomposition,2026-02-05,2026-02-06,17.0,16.85,16.604753494262695
lithium_hydroxide,CEEMDAN-LSTM,Decomposition,2026-02-06,2026-02-09,16.85,16.65,16.42681312561035
lithium_hydroxide,CEEMDAN-LSTM,Decomposition,2026-02-09,2026-02-10,16.65,16.62,16.369956970214844
lithium_hydroxide,CEEMDAN-LSTM,Decomposition,2026-02-10,2026-02-11,16.62,16.81,16.4222412109375
lithium_hydroxide,CEEMDAN-LSTM,Decomposition,2026-02-11,2026-02-12,16.81,16.81,16.414127349853516
lithium_hydroxide,CEEMDAN-LSTM,Decomposition,2026-02-12,2026-02-13,16.81,16.81,16.439437866210938
lithium_hydroxide,CEEMDAN-LSTM,Decomposition,2026-02-13,2026-02-17,16.81,16.81,16.30129623413086
lithium_hydroxide,CEEMDAN-LSTM,Decomposition,2026-02-17,2026-02-18,16.81,16.91,16.273818969726562
lithium_hydroxide,CEEMDAN-LSTM,Decomposition,2026-02-18,2026-02-19,16.91,16.91,16.078269958496094
lithium_hydroxide,CEEMDAN-LSTM,Decomposition,2026-02-19,2026-02-20,16.91,16.91,15.88089084625244
lithium_hydroxide,CEEMDAN-LSTM,Decomposition,2026-02-20,2026-02-23,16.91,16.91,15.614724159240724
lithium_hydroxide,CEEMDAN-LSTM,Decomposition,2026-02-23,2026-02-24,16.91,17.11,15.72446632385254
lithium_hydroxide,CEEMDAN-LSTM,Decomposition,2026-02-24,2026-02-25,17.11,17.34,16.31529426574707
lithium_hydroxide,CEEMDAN-LSTM,Decomposition,2026-02-25,2026-02-26,17.34,17.4,17.49944496154785
lithium_hydroxide,CEEMDAN-LSTM,Decomposition,2026-02-26,2026-03-02,17.4,20.98,19.55949211120605
lithium_hydroxide,CEEMDAN-LSTM,Decomposition,2026-03-02,2026-03-03,20.98,19.77,19.644702911376957
lithium_hydroxide,CEEMDAN-LSTM,Decomposition,2026-03-03,2026-03-04,19.77,19.77,20.1477108001709
lithium_hydroxide,CEEMDAN-LSTM,Decomposition,2026-03-04,2026-03-05,19.77,19.98,20.326250076293945
lithium_hydroxide,CEEMDAN-LSTM,Decomposition,2026-03-05,2026-03-06,19.98,20.19,20.19314956665039
lithium_hydroxide,CEEMDAN-LSTM,Decomposition,2026-03-06,2026-03-09,20.19,20.19,19.971792221069336
lithium_hydroxide,CEEMDAN-LSTM,Decomposition,2026-03-09,2026-03-10,20.19,20.19,20.01327133178711
lithium_hydroxide,CEEMDAN-LSTM,Decomposition,2026-03-10,2026-03-11,20.19,19.85,20.13905334472656
lithium_hydroxide,CEEMDAN-LSTM,Decomposition,2026-03-11,2026-03-12,19.85,19.85,20.307960510253903
lithium_hydroxide,Fixed VMD-LASSO-ARIMA/LSTM,Decomposition,2025-08-18,2025-08-19,8.4,8.35,4.177775786915228
lithium_hydroxide,Fixed VMD-LASSO-ARIMA/LSTM,Decomposition,2025-08-19,2025-08-20,8.35,8.44,8.434903419868071
lithium_hydroxide,Fixed VMD-LASSO-ARIMA/LSTM,Decomposition,2025-08-20,2025-08-21,8.44,8.44,8.493177299939248
lithium_hydroxide,Fixed VMD-LASSO-ARIMA/LSTM,Decomposition,2025-08-21,2025-08-22,8.44,8.5,8.56140766728419
lithium_hydroxide,Fixed VMD-LASSO-ARIMA/LSTM,Decomposition,2025-08-22,2025-08-25,8.5,8.48,8.57858279705291
lithium_hydroxide,Fixed VMD-LASSO-ARIMA/LSTM,Decomposition,2025-08-25,2025-08-26,8.48,8.48,8.618737990737635
lithium_hydroxide,Fixed VMD-LASSO-ARIMA/LSTM,Decomposition,2025-08-26,2025-08-27,8.48,8.51,8.741591910588738
lithium_hydroxide,Fixed VMD-LASSO-ARIMA/LSTM,Decomposition,2025-08-27,2025-08-28,8.51,8.51,8.756587540757458
lithium_hydroxide,Fixed VMD-LASSO-ARIMA/LSTM,Decomposition,2025-08-28,2025-08-29,8.51,8.52,8.7060491838029
lithium_hydroxide,Fixed VMD-LASSO-ARIMA/LSTM,Decomposition,2025-08-29,2025-09-02,8.52,9.4,9.20304573473448
lithium_hydroxide,Fixed VMD-LASSO-ARIMA/LSTM,Decomposition,2025-09-02,2025-09-03,9.4,9.38,9.243042569299208
lithium_hydroxide,Fixed VMD-LASSO-ARIMA/LSTM,Decomposition,2025-09-03,2025-09-04,9.38,9.48,9.27087433651103
lithium_hydroxide,Fixed VMD-LASSO-ARIMA/LSTM,Decomposition,2025-09-04,2025-09-05,9.48,9.48,9.211071303607746
lithium_hydroxide,Fixed VMD-LASSO-ARIMA/LSTM,Decomposition,2025-09-05,2025-09-08,9.48,9.48,9.285186563261744
lithium_hydroxide,Fixed VMD-LASSO-ARIMA/LSTM,Decomposition,2025-09-08,2025-09-09,9.48,9.48,9.328688062246924
lithium_hydroxide,Fixed VMD-LASSO-ARIMA/LSTM,Decomposition,2025-09-09,2025-09-10,9.48,9.48,9.274492461809109
lithium_hydroxide,Fixed VMD-LASSO-ARIMA/LSTM,Decomposition,2025-09-10,2025-09-11,9.48,9.48,9.343424080694025
lithium_hydroxide,Fixed VMD-LASSO-ARIMA/LSTM,Decomposition,2025-09-11,2025-09-12,9.48,9.48,9.391538502642527
lithium_hydroxide,Fixed VMD-LASSO-ARIMA/LSTM,Decomposition,2025-09-12,2025-09-15,9.48,9.48,9.469593897279394
lithium_hydroxide,Fixed VMD-LASSO-ARIMA/LSTM,Decomposition,2025-09-15,2025-09-16,9.48,9.48,9.487408269882383
lithium_hydroxide,Fixed VMD-LASSO-ARIMA/LSTM,Decomposition,2025-09-16,2025-09-17,9.48,9.48,9.512906112477111
lithium_hydroxide,Fixed VMD-LASSO-ARIMA/LSTM,Decomposition,2025-09-17,2025-09-18,9.48,9.48,9.562929113819678
lithium_hydroxide,Fixed VMD-LASSO-ARIMA/LSTM,Decomposition,2025-09-18,2025-09-19,9.48,9.54,9.55742970980824
lithium_hydroxide,Fixed VMD-LASSO-ARIMA/LSTM,Decomposition,2025-09-19,2025-09-22,9.54,9.54,9.590396518947406
lithium_hydroxide,Fixed VMD-LASSO-ARIMA/LSTM,Decomposition,2025-09-22,2025-09-23,9.54,9.54,9.63416191618973
lithium_hydroxide,Fixed VMD-LASSO-ARIMA/LSTM,Decomposition,2025-09-23,2025-09-24,9.54,9.54,9.622960121359071
lithium_hydroxide,Fixed VMD-LASSO-ARIMA/LSTM,Decomposition,2025-09-24,2025-09-25,9.54,9.54,9.590400391764431
lithium_hydroxide,Fixed VMD-LASSO-ARIMA/LSTM,Decomposition,2025-09-25,2025-09-26,9.54,9.53,9.614481947973196
lithium_hydroxide,Fixed VMD-LASSO-ARIMA/LSTM,Decomposition,2025-09-26,2025-09-29,9.53,9.53,9.561696431537632
lithium_hydroxide,Fixed VMD-LASSO-ARIMA/LSTM,Decomposition,2025-09-29,2025-09-30,9.53,9.53,9.609572146416722
lithium_hydroxide,Fixed VMD-LASSO-ARIMA/LSTM,Decomposition,2025-09-30,2025-10-01,9.53,9.6,9.64039807431953
lithium_hydroxide,Fixed VMD-LASSO-ARIMA/LSTM,Decomposition,2025-10-01,2025-10-02,9.6,9.59,9.654994280542612
lithium_hydroxide,Fixed VMD-LASSO-ARIMA/LSTM,Decomposition,2025-10-02,2025-10-03,9.59,9.6,9.692604939078024
lithium_hydroxide,Fixed VMD-LASSO-ARIMA/LSTM,Decomposition,2025-10-03,2025-10-06,9.6,9.55,9.655533885617851
lithium_hydroxide,Fixed VMD-LASSO-ARIMA/LSTM,Decomposition,2025-10-06,2025-10-07,9.55,9.6,9.692530649465256
lithium_hydroxide,Fixed VMD-LASSO-ARIMA/LSTM,Decomposition,2025-10-07,2025-10-08,9.6,9.6,9.65417733307788
lithium_hydroxide,Fixed VMD-LASSO-ARIMA/LSTM,Decomposition,2025-10-08,2025-10-09,9.6,9.6,9.68056397896897
lithium_hydroxide,Fixed VMD-LASSO-ARIMA/LSTM,Decomposition,2025-10-09,2025-10-10,9.6,9.55,9.628465130678734
lithium_hydroxide,Fixed VMD-LASSO-ARIMA/LSTM,Decomposition,2025-10-10,2025-10-13,9.55,9.6,9.62737217778592
lithium_hydroxide,Fixed VMD-LASSO-ARIMA/LSTM,Decomposition,2025-10-13,2025-10-14,9.6,9.6,9.680461271792325
lithium_hydroxide,Fixed VMD-LASSO-ARIMA/LSTM,Decomposition,2025-10-14,2025-10-15,9.6,9.6,9.66313042680792
lithium_hydroxide,Fixed VMD-LASSO-ARIMA/LSTM,Decomposition,2025-10-15,2025-10-16,9.6,9.6,9.69280909009151
lithium_hydroxide,Fixed VMD-LASSO-ARIMA/LSTM,Decomposition,2025-10-16,2025-10-17,9.6,9.6,9.65838993732945
lithium_hydroxide,Fixed VMD-LASSO-ARIMA/LSTM,Decomposition,2025-10-17,2025-10-20,9.6,9.75,9.731991174005234
lithium_hydroxide,Fixed VMD-LASSO-ARIMA/LSTM,Decomposition,2025-10-20,2025-10-21,9.75,9.6,9.648222563343444
lithium_hydroxide,Fixed VMD-LASSO-ARIMA/LSTM,Decomposition,2025-10-21,2025-10-22,9.6,9.6,9.675569225805022
lithium_hydroxide,Fixed VMD-LASSO-ARIMA/LSTM,Decomposition,2025-10-22,2025-10-23,9.6,9.6,9.696215337470058
lithium_hydroxide,Fixed VMD-LASSO-ARIMA/LSTM,Decomposition,2025-10-23,2025-10-24,9.6,9.6,9.756701410154935
lithium_hydroxide,Fixed VMD-LASSO-ARIMA/LSTM,Decomposition,2025-10-24,2025-10-27,9.6,9.6,9.797655281121804
lithium_hydroxide,Fixed VMD-LASSO-ARIMA/LSTM,Decomposition,2025-10-27,2025-10-28,9.6,9.61,9.794204718980868
lithium_hydroxide,Fixed VMD-LASSO-ARIMA/LSTM,Decomposition,2025-10-28,2025-10-29,9.61,9.63,9.82729766661255
lithium_hydroxide,Fixed VMD-LASSO-ARIMA/LSTM,Decomposition,2025-10-29,2025-10-30,9.63,9.63,9.846679677256231
lithium_hydroxide,Fixed VMD-LASSO-ARIMA/LSTM,Decomposition,2025-10-30,2025-10-31,9.63,9.63,9.88205943089602
lithium_hydroxide,Fixed VMD-LASSO-ARIMA/LSTM,Decomposition,2025-10-31,2025-11-03,9.63,9.8,9.898932415045076
lithium_hydroxide,Fixed VMD-LASSO-ARIMA/LSTM,Decomposition,2025-11-03,2025-11-04,9.8,9.93,10.060336581867809
lithium_hydroxide,Fixed VMD-LASSO-ARIMA/LSTM,Decomposition,2025-11-04,2025-11-05,9.93,9.8,9.981879508701937
lithium_hydroxide,Fixed VMD-LASSO-ARIMA/LSTM,Decomposition,2025-11-05,2025-11-06,9.8,9.9,10.039069318820964
lithium_hydroxide,Fixed VMD-LASSO-ARIMA/LSTM,Decomposition,2025-11-06,2025-11-07,9.9,9.97,10.139025415386335
lithium_hydroxide,Fixed VMD-LASSO-ARIMA/LSTM,Decomposition,2025-11-07,2025-11-10,9.97,9.97,10.153197475013746
lithium_hydroxide,Fixed VMD-LASSO-ARIMA/LSTM,Decomposition,2025-11-10,2025-11-11,9.97,9.97,10.18239383572193
lithium_hydroxide,Fixed VMD-LASSO-ARIMA/LSTM,Decomposition,2025-11-11,2025-11-12,9.97,9.97,10.153480400017486
lithium_hydroxide,Fixed VMD-LASSO-ARIMA/LSTM,Decomposition,2025-11-12,2025-11-13,9.97,10.06,10.256375064670932
lithium_hydroxide,Fixed VMD-LASSO-ARIMA/LSTM,Decomposition,2025-11-13,2025-11-14,10.06,10.06,10.245265532784884
lithium_hydroxide,Fixed VMD-LASSO-ARIMA/LSTM,Decomposition,2025-11-14,2025-11-17,10.06,10.21,10.43195511789984
lithium_hydroxide,Fixed VMD-LASSO-ARIMA/LSTM,Decomposition,2025-11-17,2025-11-18,10.21,10.21,10.465458601720911
lithium_hydroxide,Fixed VMD-LASSO-ARIMA/LSTM,Decomposition,2025-11-18,2025-11-19,10.21,10.13,10.47852035618186
lithium_hydroxide,Fixed VMD-LASSO-ARIMA/LSTM,Decomposition,2025-11-19,2025-11-20,10.13,10.16,10.428187158088727
lithium_hydroxide,Fixed VMD-LASSO-ARIMA/LSTM,Decomposition,2025-11-20,2025-11-21,10.16,10.19,10.455701674814902
lithium_hydroxide,Fixed VMD-LASSO-ARIMA/LSTM,Decomposition,2025-11-21,2025-11-24,10.19,10.19,10.33145713321152
lithium_hydroxide,Fixed VMD-LASSO-ARIMA/LSTM,Decomposition,2025-11-24,2025-11-25,10.19,10.19,10.361302436290464
lithium_hydroxide,Fixed VMD-LASSO-ARIMA/LSTM,Decomposition,2025-11-25,2025-11-26,10.19,10.18,10.335512962438075
lithium_hydroxide,Fixed VMD-LASSO-ARIMA/LSTM,Decomposition,2025-11-26,2025-11-28,10.18,10.19,10.31187673334394
lithium_hydroxide,Fixed VMD-LASSO-ARIMA/LSTM,Decomposition,2025-11-28,2025-12-01,10.19,10.95,10.793944476989488
lithium_hydroxide,Fixed VMD-LASSO-ARIMA/LSTM,Decomposition,2025-12-01,2025-12-02,10.95,10.4,10.54595100996744
lithium_hydroxide,Fixed VMD-LASSO-ARIMA/LSTM,Decomposition,2025-12-02,2025-12-03,10.4,10.26,10.498603977186717
lithium_hydroxide,Fixed VMD-LASSO-ARIMA/LSTM,Decomposition,2025-12-03,2025-12-04,10.26,10.31,10.160808971145856
lithium_hydroxide,Fixed VMD-LASSO-ARIMA/LSTM,Decomposition,2025-12-04,2025-12-05,10.31,10.31,10.431298083799126
lithium_hydroxide,Fixed VMD-LASSO-ARIMA/LSTM,Decomposition,2025-12-05,2025-12-08,10.31,10.31,10.37676832832187
lithium_hydroxide,Fixed VMD-LASSO-ARIMA/LSTM,Decomposition,2025-12-08,2025-12-09,10.31,10.31,10.392113636470231
lithium_hydroxide,Fixed VMD-LASSO-ARIMA/LSTM,Decomposition,2025-12-09,2025-12-10,10.31,10.3,10.831375211424389
lithium_hydroxide,Fixed VMD-LASSO-ARIMA/LSTM,Decomposition,2025-12-10,2025-12-11,10.3,10.31,10.599808275453505
lithium_hydroxide,Fixed VMD-LASSO-ARIMA/LSTM,Decomposition,2025-12-11,2025-12-12,10.31,10.4,10.979845258052944
lithium_hydroxide,Fixed VMD-LASSO-ARIMA/LSTM,Decomposition,2025-12-12,2025-12-15,10.4,10.37,10.881655934378983
lithium_hydroxide,Fixed VMD-LASSO-ARIMA/LSTM,Decomposition,2025-12-15,2025-12-16,10.37,10.37,10.870902926925496
lithium_hydroxide,Fixed VMD-LASSO-ARIMA/LSTM,Decomposition,2025-12-16,2025-12-17,10.37,10.42,10.780687596877463
lithium_hydroxide,Fixed VMD-LASSO-ARIMA/LSTM,Decomposition,2025-12-17,2025-12-18,10.42,10.61,11.054827264634072
lithium_hydroxide,Fixed VMD-LASSO-ARIMA/LSTM,Decomposition,2025-12-18,2025-12-19,10.61,10.83,11.369666050609087
lithium_hydroxide,Fixed VMD-LASSO-ARIMA/LSTM,Decomposition,2025-12-19,2025-12-22,10.83,10.83,11.775128128001986
lithium_hydroxide,Fixed VMD-LASSO-ARIMA/LSTM,Decomposition,2025-12-22,2025-12-23,10.83,11.21,11.930989061990289
lithium_hydroxide,Fixed VMD-LASSO-ARIMA/LSTM,Decomposition,2025-12-23,2025-12-24,11.21,11.21,12.208514132099046
lithium_hydroxide,Fixed VMD-LASSO-ARIMA/LSTM,Decomposition,2025-12-24,2025-12-26,11.21,11.21,12.161499201570264
lithium_hydroxide,Fixed VMD-LASSO-ARIMA/LSTM,Decomposition,2025-12-26,2025-12-29,11.21,11.24,12.28913530976672
lithium_hydroxide,Fixed VMD-LASSO-ARIMA/LSTM,Decomposition,2025-12-29,2025-12-30,11.24,11.22,12.408074602306677
lithium_hydroxide,Fixed VMD-LASSO-ARIMA/LSTM,Decomposition,2025-12-30,2025-12-31,11.22,11.22,12.366317781293446
lithium_hydroxide,Fixed VMD-LASSO-ARIMA/LSTM,Decomposition,2025-12-31,2026-01-02,11.22,15.47,14.591492499569233
lithium_hydroxide,Fixed VMD-LASSO-ARIMA/LSTM,Decomposition,2026-01-02,2026-01-05,15.47,15.23,14.480632471809006
lithium_hydroxide,Fixed VMD-LASSO-ARIMA/LSTM,Decomposition,2026-01-05,2026-01-06,15.23,16.51,15.368902103702723
lithium_hydroxide,Fixed VMD-LASSO-ARIMA/LSTM,Decomposition,2026-01-06,2026-01-07,16.51,16.8,15.708973521996851
lithium_hydroxide,Fixed VMD-LASSO-ARIMA/LSTM,Decomposition,2026-01-07,2026-01-08,16.8,17.21,16.0201447100821
lithium_hydroxide,Fixed VMD-LASSO-ARIMA/LSTM,Decomposition,2026-01-08,2026-01-09,17.21,17.97,16.941548748466815
lithium_hydroxide,Fixed VMD-LASSO-ARIMA/LSTM,Decomposition,2026-01-09,2026-01-12,17.97,16.63,16.211114487778758
lithium_hydroxide,Fixed VMD-LASSO-ARIMA/LSTM,Decomposition,2026-01-12,2026-01-13,16.63,17.96,17.030533396363303
lithium_hydroxide,Fixed VMD-LASSO-ARIMA/LSTM,Decomposition,2026-01-13,2026-01-14,17.96,18.58,17.626608973813873
lithium_hydroxide,Fixed VMD-LASSO-ARIMA/LSTM,Decomposition,2026-01-14,2026-01-15,18.58,18.44,17.875842966441084
lithium_hydroxide,Fixed VMD-LASSO-ARIMA/LSTM,Decomposition,2026-01-15,2026-01-16,18.44,17.92,17.38460795596266
lithium_hydroxide,Fixed VMD-LASSO-ARIMA/LSTM,Decomposition,2026-01-16,2026-01-20,17.92,17.77,17.48127643336141
lithium_hydroxide,Fixed VMD-LASSO-ARIMA/LSTM,Decomposition,2026-01-20,2026-01-21,17.77,18.06,17.821785772729772
lithium_hydroxide,Fixed VMD-LASSO-ARIMA/LSTM,Decomposition,2026-01-21,2026-01-22,18.06,18.39,17.90790176577239
lithium_hydroxide,Fixed VMD-LASSO-ARIMA/LSTM,Decomposition,2026-01-22,2026-01-23,18.39,18.39,17.913748216201647
lithium_hydroxide,Fixed VMD-LASSO-ARIMA/LSTM,Decomposition,2026-01-23,2026-01-26,18.39,18.27,18.207591799199207
lithium_hydroxide,Fixed VMD-LASSO-ARIMA/LSTM,Decomposition,2026-01-26,2026-01-27,18.27,18.27,18.20353511891492
lithium_hydroxide,Fixed VMD-LASSO-ARIMA/LSTM,Decomposition,2026-01-27,2026-01-28,18.27,18.2,18.101664887168557
lithium_hydroxide,Fixed VMD-LASSO-ARIMA/LSTM,Decomposition,2026-01-28,2026-01-29,18.2,18.2,18.06222947883084
lithium_hydroxide,Fixed VMD-LASSO-ARIMA/LSTM,Decomposition,2026-01-29,2026-01-30,18.2,18.18,17.610895834914114
lithium_hydroxide,Fixed VMD-LASSO-ARIMA/LSTM,Decomposition,2026-01-30,2026-02-02,18.18,17.5,17.73611223081278
lithium_hydroxide,Fixed VMD-LASSO-ARIMA/LSTM,Decomposition,2026-02-02,2026-02-03,17.5,17.5,17.293461630770423
lithium_hydroxide,Fixed VMD-LASSO-ARIMA/LSTM,Decomposition,2026-02-03,2026-02-04,17.5,17.5,17.560295079836216
lithium_hydroxide,Fixed VMD-LASSO-ARIMA/LSTM,Decomposition,2026-02-04,2026-02-05,17.5,17.0,17.638659395265613
lithium_hydroxide,Fixed VMD-LASSO-ARIMA/LSTM,Decomposition,2026-02-05,2026-02-06,17.0,16.85,17.117116488415782
lithium_hydroxide,Fixed VMD-LASSO-ARIMA/LSTM,Decomposition,2026-02-06,2026-02-09,16.85,16.65,17.188957640886457
lithium_hydroxide,Fixed VMD-LASSO-ARIMA/LSTM,Decomposition,2026-02-09,2026-02-10,16.65,16.62,16.93900519390056
lithium_hydroxide,Fixed VMD-LASSO-ARIMA/LSTM,Decomposition,2026-02-10,2026-02-11,16.62,16.81,17.01566424585278
lithium_hydroxide,Fixed VMD-LASSO-ARIMA/LSTM,Decomposition,2026-02-11,2026-02-12,16.81,16.81,16.88943279547012
lithium_hydroxide,Fixed VMD-LASSO-ARIMA/LSTM,Decomposition,2026-02-12,2026-02-13,16.81,16.81,17.20017912420227
lithium_hydroxide,Fixed VMD-LASSO-ARIMA/LSTM,Decomposition,2026-02-13,2026-02-17,16.81,16.81,17.353869459046084
lithium_hydroxide,Fixed VMD-LASSO-ARIMA/LSTM,Decomposition,2026-02-17,2026-02-18,16.81,16.91,17.599204831085462
lithium_hydroxide,Fixed VMD-LASSO-ARIMA/LSTM,Decomposition,2026-02-18,2026-02-19,16.91,16.91,17.49141575849664
lithium_hydroxide,Fixed VMD-LASSO-ARIMA/LSTM,Decomposition,2026-02-19,2026-02-20,16.91,16.91,17.537659698098476
lithium_hydroxide,Fixed VMD-LASSO-ARIMA/LSTM,Decomposition,2026-02-20,2026-02-23,16.91,16.91,17.30710317535868
lithium_hydroxide,Fixed VMD-LASSO-ARIMA/LSTM,Decomposition,2026-02-23,2026-02-24,16.91,17.11,17.689607653626968
lithium_hydroxide,Fixed VMD-LASSO-ARIMA/LSTM,Decomposition,2026-02-24,2026-02-25,17.11,17.34,17.706581375374164
lithium_hydroxide,Fixed VMD-LASSO-ARIMA/LSTM,Decomposition,2026-02-25,2026-02-26,17.34,17.4,17.732498104859403
lithium_hydroxide,Fixed VMD-LASSO-ARIMA/LSTM,Decomposition,2026-02-26,2026-03-02,17.4,20.98,19.469830017498307
lithium_hydroxide,Fixed VMD-LASSO-ARIMA/LSTM,Decomposition,2026-03-02,2026-03-03,20.98,19.77,19.037641594151115
lithium_hydroxide,Fixed VMD-LASSO-ARIMA/LSTM,Decomposition,2026-03-03,2026-03-04,19.77,19.77,19.20212442336964
lithium_hydroxide,Fixed VMD-LASSO-ARIMA/LSTM,Decomposition,2026-03-04,2026-03-05,19.77,19.98,19.13009271863327
lithium_hydroxide,Fixed VMD-LASSO-ARIMA/LSTM,Decomposition,2026-03-05,2026-03-06,19.98,20.19,19.44829298611183
lithium_hydroxide,Fixed VMD-LASSO-ARIMA/LSTM,Decomposition,2026-03-06,2026-03-09,20.19,20.19,19.51025826771336
lithium_hydroxide,Fixed VMD-LASSO-ARIMA/LSTM,Decomposition,2026-03-09,2026-03-10,20.19,20.19,19.12728121141587
lithium_hydroxide,Fixed VMD-LASSO-ARIMA/LSTM,Decomposition,2026-03-10,2026-03-11,20.19,19.85,19.21923682979181
lithium_hydroxide,Fixed VMD-LASSO-ARIMA/LSTM,Decomposition,2026-03-11,2026-03-12,19.85,19.85,19.63245741955286
lithium_hydroxide,Proposed Adaptive Decomposition-Routing Ensemble,Decomposition,2025-08-18,2025-08-19,8.4,8.35,7.5500369591869125
lithium_hydroxide,Proposed Adaptive Decomposition-Routing Ensemble,Decomposition,2025-08-19,2025-08-20,8.35,8.44,8.38085199494579
lithium_hydroxide,Proposed Adaptive Decomposition-Routing Ensemble,Decomposition,2025-08-20,2025-08-21,8.44,8.44,8.469613233470051
lithium_hydroxide,Proposed Adaptive Decomposition-Routing Ensemble,Decomposition,2025-08-21,2025-08-22,8.44,8.5,8.488488960761936
lithium_hydroxide,Proposed Adaptive Decomposition-Routing Ensemble,Decomposition,2025-08-22,2025-08-25,8.5,8.48,8.436433058887586
lithium_hydroxide,Proposed Adaptive Decomposition-Routing Ensemble,Decomposition,2025-08-25,2025-08-26,8.48,8.48,8.444696378231617
lithium_hydroxide,Proposed Adaptive Decomposition-Routing Ensemble,Decomposition,2025-08-26,2025-08-27,8.48,8.51,8.473956155822712
lithium_hydroxide,Proposed Adaptive Decomposition-Routing Ensemble,Decomposition,2025-08-27,2025-08-28,8.51,8.51,8.50905224884181
lithium_hydroxide,Proposed Adaptive Decomposition-Routing Ensemble,Decomposition,2025-08-28,2025-08-29,8.51,8.52,8.53125605304868
lithium_hydroxide,Proposed Adaptive Decomposition-Routing Ensemble,Decomposition,2025-08-29,2025-09-02,8.52,9.4,9.160982915616769
lithium_hydroxide,Proposed Adaptive Decomposition-Routing Ensemble,Decomposition,2025-09-02,2025-09-03,9.4,9.38,9.248669403848929
lithium_hydroxide,Proposed Adaptive Decomposition-Routing Ensemble,Decomposition,2025-09-03,2025-09-04,9.38,9.48,9.284751102562744
lithium_hydroxide,Proposed Adaptive Decomposition-Routing Ensemble,Decomposition,2025-09-04,2025-09-05,9.48,9.48,9.290456763695516
lithium_hydroxide,Proposed Adaptive Decomposition-Routing Ensemble,Decomposition,2025-09-05,2025-09-08,9.48,9.48,9.276967618601835
lithium_hydroxide,Proposed Adaptive Decomposition-Routing Ensemble,Decomposition,2025-09-08,2025-09-09,9.48,9.48,9.247701797551588
lithium_hydroxide,Proposed Adaptive Decomposition-Routing Ensemble,Decomposition,2025-09-09,2025-09-10,9.48,9.48,9.282292952205744
lithium_hydroxide,Proposed Adaptive Decomposition-Routing Ensemble,Decomposition,2025-09-10,2025-09-11,9.48,9.48,9.308806321232437
lithium_hydroxide,Proposed Adaptive Decomposition-Routing Ensemble,Decomposition,2025-09-11,2025-09-12,9.48,9.48,9.369736036291782
lithium_hydroxide,Proposed Adaptive Decomposition-Routing Ensemble,Decomposition,2025-09-12,2025-09-15,9.48,9.48,9.375599200273523
lithium_hydroxide,Proposed Adaptive Decomposition-Routing Ensemble,Decomposition,2025-09-15,2025-09-16,9.48,9.48,9.337319895939656
lithium_hydroxide,Proposed Adaptive Decomposition-Routing Ensemble,Decomposition,2025-09-16,2025-09-17,9.48,9.48,9.306017027310741
lithium_hydroxide,Proposed Adaptive Decomposition-Routing Ensemble,Decomposition,2025-09-17,2025-09-18,9.48,9.48,9.309168706385783
lithium_hydroxide,Proposed Adaptive Decomposition-Routing Ensemble,Decomposition,2025-09-18,2025-09-19,9.48,9.54,9.341187211578726
lithium_hydroxide,Proposed Adaptive Decomposition-Routing Ensemble,Decomposition,2025-09-19,2025-09-22,9.54,9.54,9.351947258980358
lithium_hydroxide,Proposed Adaptive Decomposition-Routing Ensemble,Decomposition,2025-09-22,2025-09-23,9.54,9.54,9.372534614415242
lithium_hydroxide,Proposed Adaptive Decomposition-Routing Ensemble,Decomposition,2025-09-23,2025-09-24,9.54,9.54,9.384099326430727
lithium_hydroxide,Proposed Adaptive Decomposition-Routing Ensemble,Decomposition,2025-09-24,2025-09-25,9.54,9.54,9.418241867653762
lithium_hydroxide,Proposed Adaptive Decomposition-Routing Ensemble,Decomposition,2025-09-25,2025-09-26,9.54,9.53,9.407835492420919
lithium_hydroxide,Proposed Adaptive Decomposition-Routing Ensemble,Decomposition,2025-09-26,2025-09-29,9.53,9.53,9.388776237797149
lithium_hydroxide,Proposed Adaptive Decomposition-Routing Ensemble,Decomposition,2025-09-29,2025-09-30,9.53,9.53,9.442353159797538
lithium_hydroxide,Proposed Adaptive Decomposition-Routing Ensemble,Decomposition,2025-09-30,2025-10-01,9.53,9.6,9.499064185181275
lithium_hydroxide,Proposed Adaptive Decomposition-Routing Ensemble,Decomposition,2025-10-01,2025-10-02,9.6,9.59,9.547673060501472
lithium_hydroxide,Proposed Adaptive Decomposition-Routing Ensemble,Decomposition,2025-10-02,2025-10-03,9.59,9.6,9.544263740068002
lithium_hydroxide,Proposed Adaptive Decomposition-Routing Ensemble,Decomposition,2025-10-03,2025-10-06,9.6,9.55,9.53728450702922
lithium_hydroxide,Proposed Adaptive Decomposition-Routing Ensemble,Decomposition,2025-10-06,2025-10-07,9.55,9.6,9.566726742375435
lithium_hydroxide,Proposed Adaptive Decomposition-Routing Ensemble,Decomposition,2025-10-07,2025-10-08,9.6,9.6,9.568094704642984
lithium_hydroxide,Proposed Adaptive Decomposition-Routing Ensemble,Decomposition,2025-10-08,2025-10-09,9.6,9.6,9.563292094066584
lithium_hydroxide,Proposed Adaptive Decomposition-Routing Ensemble,Decomposition,2025-10-09,2025-10-10,9.6,9.55,9.529839440895687
lithium_hydroxide,Proposed Adaptive Decomposition-Routing Ensemble,Decomposition,2025-10-10,2025-10-13,9.55,9.6,9.611259782211278
lithium_hydroxide,Proposed Adaptive Decomposition-Routing Ensemble,Decomposition,2025-10-13,2025-10-14,9.6,9.6,9.631754728867326
lithium_hydroxide,Proposed Adaptive Decomposition-Routing Ensemble,Decomposition,2025-10-14,2025-10-15,9.6,9.6,9.627976315017492
lithium_hydroxide,Proposed Adaptive Decomposition-Routing Ensemble,Decomposition,2025-10-15,2025-10-16,9.6,9.6,9.644879359691137
lithium_hydroxide,Proposed Adaptive Decomposition-Routing Ensemble,Decomposition,2025-10-16,2025-10-17,9.6,9.6,9.645748787013972
lithium_hydroxide,Proposed Adaptive Decomposition-Routing Ensemble,Decomposition,2025-10-17,2025-10-20,9.6,9.75,9.7421114350928
lithium_hydroxide,Proposed Adaptive Decomposition-Routing Ensemble,Decomposition,2025-10-20,2025-10-21,9.75,9.6,9.62122055329133
lithium_hydroxide,Proposed Adaptive Decomposition-Routing Ensemble,Decomposition,2025-10-21,2025-10-22,9.6,9.6,9.610876129676678
lithium_hydroxide,Proposed Adaptive Decomposition-Routing Ensemble,Decomposition,2025-10-22,2025-10-23,9.6,9.6,9.62934277087672
lithium_hydroxide,Proposed Adaptive Decomposition-Routing Ensemble,Decomposition,2025-10-23,2025-10-24,9.6,9.6,9.61797967049128
lithium_hydroxide,Proposed Adaptive Decomposition-Routing Ensemble,Decomposition,2025-10-24,2025-10-27,9.6,9.6,9.62121259633109
lithium_hydroxide,Proposed Adaptive Decomposition-Routing Ensemble,Decomposition,2025-10-27,2025-10-28,9.6,9.61,9.58826710404386
lithium_hydroxide,Proposed Adaptive Decomposition-Routing Ensemble,Decomposition,2025-10-28,2025-10-29,9.61,9.63,9.646881276109406
lithium_hydroxide,Proposed Adaptive Decomposition-Routing Ensemble,Decomposition,2025-10-29,2025-10-30,9.63,9.63,9.66744425785266
lithium_hydroxide,Proposed Adaptive Decomposition-Routing Ensemble,Decomposition,2025-10-30,2025-10-31,9.63,9.63,9.662913633876398
lithium_hydroxide,Proposed Adaptive Decomposition-Routing Ensemble,Decomposition,2025-10-31,2025-11-03,9.63,9.8,9.78080298992312
lithium_hydroxide,Proposed Adaptive Decomposition-Routing Ensemble,Decomposition,2025-11-03,2025-11-04,9.8,9.93,9.939999971194572
lithium_hydroxide,Proposed Adaptive Decomposition-Routing Ensemble,Decomposition,2025-11-04,2025-11-05,9.93,9.8,9.837692754164625
lithium_hydroxide,Proposed Adaptive Decomposition-Routing Ensemble,Decomposition,2025-11-05,2025-11-06,9.8,9.9,9.899301161692783
lithium_hydroxide,Proposed Adaptive Decomposition-Routing Ensemble,Decomposition,2025-11-06,2025-11-07,9.9,9.97,10.015291714156012
lithium_hydroxide,Proposed Adaptive Decomposition-Routing Ensemble,Decomposition,2025-11-07,2025-11-10,9.97,9.97,10.004781791697503
lithium_hydroxide,Proposed Adaptive Decomposition-Routing Ensemble,Decomposition,2025-11-10,2025-11-11,9.97,9.97,10.07956702670844
lithium_hydroxide,Proposed Adaptive Decomposition-Routing Ensemble,Decomposition,2025-11-11,2025-11-12,9.97,9.97,10.100586901947189
lithium_hydroxide,Proposed Adaptive Decomposition-Routing Ensemble,Decomposition,2025-11-12,2025-11-13,9.97,10.06,10.104537129718993
lithium_hydroxide,Proposed Adaptive Decomposition-Routing Ensemble,Decomposition,2025-11-13,2025-11-14,10.06,10.06,10.053549740790608
lithium_hydroxide,Proposed Adaptive Decomposition-Routing Ensemble,Decomposition,2025-11-14,2025-11-17,10.06,10.21,10.144496182699637
lithium_hydroxide,Proposed Adaptive Decomposition-Routing Ensemble,Decomposition,2025-11-17,2025-11-18,10.21,10.21,10.129161149624936
lithium_hydroxide,Proposed Adaptive Decomposition-Routing Ensemble,Decomposition,2025-11-18,2025-11-19,10.21,10.13,10.07977993697169
lithium_hydroxide,Proposed Adaptive Decomposition-Routing Ensemble,Decomposition,2025-11-19,2025-11-20,10.13,10.16,9.74911936397353
lithium_hydroxide,Proposed Adaptive Decomposition-Routing Ensemble,Decomposition,2025-11-20,2025-11-21,10.16,10.19,9.73980592573981
lithium_hydroxide,Proposed Adaptive Decomposition-Routing Ensemble,Decomposition,2025-11-21,2025-11-24,10.19,10.19,10.110247138735156
lithium_hydroxide,Proposed Adaptive Decomposition-Routing Ensemble,Decomposition,2025-11-24,2025-11-25,10.19,10.19,10.222750836244298
lithium_hydroxide,Proposed Adaptive Decomposition-Routing Ensemble,Decomposition,2025-11-25,2025-11-26,10.19,10.18,10.153080608216339
lithium_hydroxide,Proposed Adaptive Decomposition-Routing Ensemble,Decomposition,2025-11-26,2025-11-28,10.18,10.19,10.116621813321009
lithium_hydroxide,Proposed Adaptive Decomposition-Routing Ensemble,Decomposition,2025-11-28,2025-12-01,10.19,10.95,10.699618521499259
lithium_hydroxide,Proposed Adaptive Decomposition-Routing Ensemble,Decomposition,2025-12-01,2025-12-02,10.95,10.4,10.404086044645814
lithium_hydroxide,Proposed Adaptive Decomposition-Routing Ensemble,Decomposition,2025-12-02,2025-12-03,10.4,10.26,10.292318481191122
lithium_hydroxide,Proposed Adaptive Decomposition-Routing Ensemble,Decomposition,2025-12-03,2025-12-04,10.26,10.31,10.29314911686109
lithium_hydroxide,Proposed Adaptive Decomposition-Routing Ensemble,Decomposition,2025-12-04,2025-12-05,10.31,10.31,10.455308701984881
lithium_hydroxide,Proposed Adaptive Decomposition-Routing Ensemble,Decomposition,2025-12-05,2025-12-08,10.31,10.31,10.429735124832128
lithium_hydroxide,Proposed Adaptive Decomposition-Routing Ensemble,Decomposition,2025-12-08,2025-12-09,10.31,10.31,10.49290388545732
lithium_hydroxide,Proposed Adaptive Decomposition-Routing Ensemble,Decomposition,2025-12-09,2025-12-10,10.31,10.3,10.786949050564761
lithium_hydroxide,Proposed Adaptive Decomposition-Routing Ensemble,Decomposition,2025-12-10,2025-12-11,10.3,10.31,10.561959476513284
lithium_hydroxide,Proposed Adaptive Decomposition-Routing Ensemble,Decomposition,2025-12-11,2025-12-12,10.31,10.4,10.9473130440873
lithium_hydroxide,Proposed Adaptive Decomposition-Routing Ensemble,Decomposition,2025-12-12,2025-12-15,10.4,10.37,10.667322715667158
lithium_hydroxide,Proposed Adaptive Decomposition-Routing Ensemble,Decomposition,2025-12-15,2025-12-16,10.37,10.37,10.69324741085189
lithium_hydroxide,Proposed Adaptive Decomposition-Routing Ensemble,Decomposition,2025-12-16,2025-12-17,10.37,10.42,10.540713146477305
lithium_hydroxide,Proposed Adaptive Decomposition-Routing Ensemble,Decomposition,2025-12-17,2025-12-18,10.42,10.61,10.61933734753162
lithium_hydroxide,Proposed Adaptive Decomposition-Routing Ensemble,Decomposition,2025-12-18,2025-12-19,10.61,10.83,10.875353267975582
lithium_hydroxide,Proposed Adaptive Decomposition-Routing Ensemble,Decomposition,2025-12-19,2025-12-22,10.83,10.83,10.742443827408687
lithium_hydroxide,Proposed Adaptive Decomposition-Routing Ensemble,Decomposition,2025-12-22,2025-12-23,10.83,11.21,10.706365785552197
lithium_hydroxide,Proposed Adaptive Decomposition-Routing Ensemble,Decomposition,2025-12-23,2025-12-24,11.21,11.21,10.798268837289841
lithium_hydroxide,Proposed Adaptive Decomposition-Routing Ensemble,Decomposition,2025-12-24,2025-12-26,11.21,11.21,10.743533992498032
lithium_hydroxide,Proposed Adaptive Decomposition-Routing Ensemble,Decomposition,2025-12-26,2025-12-29,11.21,11.24,10.987669261305982
lithium_hydroxide,Proposed Adaptive Decomposition-Routing Ensemble,Decomposition,2025-12-29,2025-12-30,11.24,11.22,11.573082915383736
lithium_hydroxide,Proposed Adaptive Decomposition-Routing Ensemble,Decomposition,2025-12-30,2025-12-31,11.22,11.22,11.62051573907209
lithium_hydroxide,Proposed Adaptive Decomposition-Routing Ensemble,Decomposition,2025-12-31,2026-01-02,11.22,15.47,14.763267884498882
lithium_hydroxide,Proposed Adaptive Decomposition-Routing Ensemble,Decomposition,2026-01-02,2026-01-05,15.47,15.23,15.078042218990396
lithium_hydroxide,Proposed Adaptive Decomposition-Routing Ensemble,Decomposition,2026-01-05,2026-01-06,15.23,16.51,15.916194047760753
lithium_hydroxide,Proposed Adaptive Decomposition-Routing Ensemble,Decomposition,2026-01-06,2026-01-07,16.51,16.8,16.384633898643255
lithium_hydroxide,Proposed Adaptive Decomposition-Routing Ensemble,Decomposition,2026-01-07,2026-01-08,16.8,17.21,16.777139435043438
lithium_hydroxide,Proposed Adaptive Decomposition-Routing Ensemble,Decomposition,2026-01-08,2026-01-09,17.21,17.97,17.288984390827988
lithium_hydroxide,Proposed Adaptive Decomposition-Routing Ensemble,Decomposition,2026-01-09,2026-01-12,17.97,16.63,16.465342895320795
lithium_hydroxide,Proposed Adaptive Decomposition-Routing Ensemble,Decomposition,2026-01-12,2026-01-13,16.63,17.96,17.20985967370337
lithium_hydroxide,Proposed Adaptive Decomposition-Routing Ensemble,Decomposition,2026-01-13,2026-01-14,17.96,18.58,18.091895661240734
lithium_hydroxide,Proposed Adaptive Decomposition-Routing Ensemble,Decomposition,2026-01-14,2026-01-15,18.58,18.44,18.127783664943117
lithium_hydroxide,Proposed Adaptive Decomposition-Routing Ensemble,Decomposition,2026-01-15,2026-01-16,18.44,17.92,17.62994342754896
lithium_hydroxide,Proposed Adaptive Decomposition-Routing Ensemble,Decomposition,2026-01-16,2026-01-20,17.92,17.77,17.458236883437944
lithium_hydroxide,Proposed Adaptive Decomposition-Routing Ensemble,Decomposition,2026-01-20,2026-01-21,17.77,18.06,17.709626364697233
lithium_hydroxide,Proposed Adaptive Decomposition-Routing Ensemble,Decomposition,2026-01-21,2026-01-22,18.06,18.39,17.798783488102472
lithium_hydroxide,Proposed Adaptive Decomposition-Routing Ensemble,Decomposition,2026-01-22,2026-01-23,18.39,18.39,17.777111827456267
lithium_hydroxide,Proposed Adaptive Decomposition-Routing Ensemble,Decomposition,2026-01-23,2026-01-26,18.39,18.27,17.97360339468549
lithium_hydroxide,Proposed Adaptive Decomposition-Routing Ensemble,Decomposition,2026-01-26,2026-01-27,18.27,18.27,18.0283227159482
lithium_hydroxide,Proposed Adaptive Decomposition-Routing Ensemble,Decomposition,2026-01-27,2026-01-28,18.27,18.2,18.00732914539983
lithium_hydroxide,Proposed Adaptive Decomposition-Routing Ensemble,Decomposition,2026-01-28,2026-01-29,18.2,18.2,17.95749888371885
lithium_hydroxide,Proposed Adaptive Decomposition-Routing Ensemble,Decomposition,2026-01-29,2026-01-30,18.2,18.18,17.760798348693488
lithium_hydroxide,Proposed Adaptive Decomposition-Routing Ensemble,Decomposition,2026-01-30,2026-02-02,18.18,17.5,17.70395804515275
lithium_hydroxide,Proposed Adaptive Decomposition-Routing Ensemble,Decomposition,2026-02-02,2026-02-03,17.5,17.5,17.341297049084663
lithium_hydroxide,Proposed Adaptive Decomposition-Routing Ensemble,Decomposition,2026-02-03,2026-02-04,17.5,17.5,17.617496619821186
lithium_hydroxide,Proposed Adaptive Decomposition-Routing Ensemble,Decomposition,2026-02-04,2026-02-05,17.5,17.0,17.33044327804626
lithium_hydroxide,Proposed Adaptive Decomposition-Routing Ensemble,Decomposition,2026-02-05,2026-02-06,17.0,16.85,16.977370779994214
lithium_hydroxide,Proposed Adaptive Decomposition-Routing Ensemble,Decomposition,2026-02-06,2026-02-09,16.85,16.65,17.144845093494766
lithium_hydroxide,Proposed Adaptive Decomposition-Routing Ensemble,Decomposition,2026-02-09,2026-02-10,16.65,16.62,16.916798639237808
lithium_hydroxide,Proposed Adaptive Decomposition-Routing Ensemble,Decomposition,2026-02-10,2026-02-11,16.62,16.81,17.136777793711573
lithium_hydroxide,Proposed Adaptive Decomposition-Routing Ensemble,Decomposition,2026-02-11,2026-02-12,16.81,16.81,16.878119367012633
lithium_hydroxide,Proposed Adaptive Decomposition-Routing Ensemble,Decomposition,2026-02-12,2026-02-13,16.81,16.81,17.128329185448486
lithium_hydroxide,Proposed Adaptive Decomposition-Routing Ensemble,Decomposition,2026-02-13,2026-02-17,16.81,16.81,17.00302769265342
lithium_hydroxide,Proposed Adaptive Decomposition-Routing Ensemble,Decomposition,2026-02-17,2026-02-18,16.81,16.91,17.15207270800099
lithium_hydroxide,Proposed Adaptive Decomposition-Routing Ensemble,Decomposition,2026-02-18,2026-02-19,16.91,16.91,16.9115604925366
lithium_hydroxide,Proposed Adaptive Decomposition-Routing Ensemble,Decomposition,2026-02-19,2026-02-20,16.91,16.91,17.16547207027752
lithium_hydroxide,Proposed Adaptive Decomposition-Routing Ensemble,Decomposition,2026-02-20,2026-02-23,16.91,16.91,17.10946830304723
lithium_hydroxide,Proposed Adaptive Decomposition-Routing Ensemble,Decomposition,2026-02-23,2026-02-24,16.91,17.11,17.47304542997514
lithium_hydroxide,Proposed Adaptive Decomposition-Routing Ensemble,Decomposition,2026-02-24,2026-02-25,17.11,17.34,17.658886685222768
lithium_hydroxide,Proposed Adaptive Decomposition-Routing Ensemble,Decomposition,2026-02-25,2026-02-26,17.34,17.4,17.780757259033845
lithium_hydroxide,Proposed Adaptive Decomposition-Routing Ensemble,Decomposition,2026-02-26,2026-03-02,17.4,20.98,20.215995193676914
lithium_hydroxide,Proposed Adaptive Decomposition-Routing Ensemble,Decomposition,2026-03-02,2026-03-03,20.98,19.77,19.817642729945902
lithium_hydroxide,Proposed Adaptive Decomposition-Routing Ensemble,Decomposition,2026-03-03,2026-03-04,19.77,19.77,19.562192653118622
lithium_hydroxide,Proposed Adaptive Decomposition-Routing Ensemble,Decomposition,2026-03-04,2026-03-05,19.77,19.98,19.556829721382396
lithium_hydroxide,Proposed Adaptive Decomposition-Routing Ensemble,Decomposition,2026-03-05,2026-03-06,19.98,20.19,19.98639591083586
lithium_hydroxide,Proposed Adaptive Decomposition-Routing Ensemble,Decomposition,2026-03-06,2026-03-09,20.19,20.19,19.57005022721748
lithium_hydroxide,Proposed Adaptive Decomposition-Routing Ensemble,Decomposition,2026-03-09,2026-03-10,20.19,20.19,19.74628346240213
lithium_hydroxide,Proposed Adaptive Decomposition-Routing Ensemble,Decomposition,2026-03-10,2026-03-11,20.19,19.85,19.59345147761218
lithium_hydroxide,Proposed Adaptive Decomposition-Routing Ensemble,Decomposition,2026-03-11,2026-03-12,19.85,19.85,19.946096135630697
lithium_carbonate,Random Walk,Robustness,2025-08-14,2025-08-15,82000.0,82700.0,82000.0
lithium_carbonate,Random Walk,Robustness,2025-08-15,2025-08-18,82700.0,84600.0,82700.0
lithium_carbonate,Random Walk,Robustness,2025-08-18,2025-08-19,84600.0,85700.0,84600.0
lithium_carbonate,Random Walk,Robustness,2025-08-19,2025-08-20,85700.0,85700.0,85700.0
lithium_carbonate,Random Walk,Robustness,2025-08-20,2025-08-21,85700.0,85200.0,85700.0
lithium_carbonate,Random Walk,Robustness,2025-08-21,2025-08-22,85200.0,83900.0,85200.0
lithium_carbonate,Random Walk,Robustness,2025-08-22,2025-08-25,83900.0,82500.0,83900.0
lithium_carbonate,Random Walk,Robustness,2025-08-25,2025-08-26,82500.0,81700.0,82500.0
lithium_carbonate,Random Walk,Robustness,2025-08-26,2025-08-27,81700.0,81600.0,81700.0
lithium_carbonate,Random Walk,Robustness,2025-08-27,2025-08-28,81600.0,80000.0,81600.0
lithium_carbonate,Random Walk,Robustness,2025-08-28,2025-08-29,80000.0,79650.0,80000.0
lithium_carbonate,Random Walk,Robustness,2025-08-29,2025-09-01,79650.0,78350.0,79650.0
lithium_carbonate,Random Walk,Robustness,2025-09-01,2025-09-02,78350.0,77500.0,78350.0
lithium_carbonate,Random Walk,Robustness,2025-09-02,2025-09-03,77500.0,75900.0,77500.0
lithium_carbonate,Random Walk,Robustness,2025-09-03,2025-09-04,75900.0,75000.0,75900.0
lithium_carbonate,Random Walk,Robustness,2025-09-04,2025-09-05,75000.0,74750.0,75000.0
lithium_carbonate,Random Walk,Robustness,2025-09-05,2025-09-08,74750.0,74600.0,74750.0
lithium_carbonate,Random Walk,Robustness,2025-09-08,2025-09-09,74600.0,74600.0,74600.0
lithium_carbonate,Random Walk,Robustness,2025-09-09,2025-09-10,74600.0,73450.0,74600.0
lithium_carbonate,Random Walk,Robustness,2025-09-10,2025-09-11,73450.0,72850.0,73450.0
lithium_carbonate,Random Walk,Robustness,2025-09-11,2025-09-12,72850.0,72450.0,72850.0
lithium_carbonate,Random Walk,Robustness,2025-09-12,2025-09-15,72450.0,72450.0,72450.0
lithium_carbonate,Random Walk,Robustness,2025-09-15,2025-09-16,72450.0,72850.0,72450.0
lithium_carbonate,Random Walk,Robustness,2025-09-16,2025-09-17,72850.0,73150.0,72850.0
lithium_carbonate,Random Walk,Robustness,2025-09-17,2025-09-18,73150.0,73450.0,73150.0
lithium_carbonate,Random Walk,Robustness,2025-09-18,2025-09-19,73450.0,73500.0,73450.0
lithium_carbonate,Random Walk,Robustness,2025-09-19,2025-09-22,73500.0,73850.0,73500.0
lithium_carbonate,Random Walk,Robustness,2025-09-22,2025-09-23,73850.0,73850.0,73850.0
lithium_carbonate,Random Walk,Robustness,2025-09-23,2025-09-24,73850.0,73850.0,73850.0
lithium_carbonate,Random Walk,Robustness,2025-09-24,2025-09-25,73850.0,73750.0,73850.0
lithium_carbonate,Random Walk,Robustness,2025-09-25,2025-09-26,73750.0,73600.0,73750.0
lithium_carbonate,Random Walk,Robustness,2025-09-26,2025-09-29,73600.0,73550.0,73600.0
lithium_carbonate,Random Walk,Robustness,2025-09-29,2025-09-30,73550.0,73550.0,73550.0
lithium_carbonate,Random Walk,Robustness,2025-09-30,2025-10-09,73550.0,73550.0,73550.0
lithium_carbonate,Random Walk,Robustness,2025-10-09,2025-10-10,73550.0,73550.0,73550.0
lithium_carbonate,Random Walk,Robustness,2025-10-10,2025-10-13,73550.0,73100.0,73550.0
lithium_carbonate,Random Walk,Robustness,2025-10-13,2025-10-14,73100.0,73000.0,73100.0
lithium_carbonate,Random Walk,Robustness,2025-10-14,2025-10-15,73000.0,73000.0,73000.0
lithium_carbonate,Random Walk,Robustness,2025-10-15,2025-10-16,73000.0,73000.0,73000.0
lithium_carbonate,Random Walk,Robustness,2025-10-16,2025-10-17,73000.0,73350.0,73000.0
lithium_carbonate,Random Walk,Robustness,2025-10-17,2025-10-20,73350.0,74000.0,73350.0
lithium_carbonate,Random Walk,Robustness,2025-10-20,2025-10-21,74000.0,74100.0,74000.0
lithium_carbonate,Random Walk,Robustness,2025-10-21,2025-10-22,74100.0,74350.0,74100.0
lithium_carbonate,Random Walk,Robustness,2025-10-22,2025-10-23,74350.0,74800.0,74350.0
lithium_carbonate,Random Walk,Robustness,2025-10-23,2025-10-24,74800.0,75400.0,74800.0
lithium_carbonate,Random Walk,Robustness,2025-10-24,2025-10-27,75400.0,76550.0,75400.0
lithium_carbonate,Random Walk,Robustness,2025-10-27,2025-10-28,76550.0,78500.0,76550.0
lithium_carbonate,Random Walk,Robustness,2025-10-28,2025-10-29,78500.0,79150.0,78500.0
lithium_carbonate,Random Walk,Robustness,2025-10-29,2025-10-30,79150.0,80000.0,79150.0
lithium_carbonate,Random Walk,Robustness,2025-10-30,2025-10-31,80000.0,80550.0,80000.0
lithium_carbonate,Random Walk,Robustness,2025-10-31,2025-11-03,80550.0,81000.0,80550.0
lithium_carbonate,Random Walk,Robustness,2025-11-03,2025-11-04,81000.0,80900.0,81000.0
lithium_carbonate,Random Walk,Robustness,2025-11-04,2025-11-05,80900.0,80500.0,80900.0
lithium_carbonate,Random Walk,Robustness,2025-11-05,2025-11-06,80500.0,80400.0,80500.0
lithium_carbonate,Random Walk,Robustness,2025-11-06,2025-11-07,80400.0,80400.0,80400.0
lithium_carbonate,Random Walk,Robustness,2025-11-07,2025-11-10,80400.0,80750.0,80400.0
lithium_carbonate,Random Walk,Robustness,2025-11-10,2025-11-11,80750.0,82300.0,80750.0
lithium_carbonate,Random Walk,Robustness,2025-11-11,2025-11-12,82300.0,83300.0,82300.0
lithium_carbonate,Random Walk,Robustness,2025-11-12,2025-11-13,83300.0,84350.0,83300.0
lithium_carbonate,Random Walk,Robustness,2025-11-13,2025-11-14,84350.0,85150.0,84350.0
lithium_carbonate,Random Walk,Robustness,2025-11-14,2025-11-17,85150.0,86150.0,85150.0
lithium_carbonate,Random Walk,Robustness,2025-11-17,2025-11-18,86150.0,87400.0,86150.0
lithium_carbonate,Random Walk,Robustness,2025-11-18,2025-11-19,87400.0,88900.0,87400.0
lithium_carbonate,Random Walk,Robustness,2025-11-19,2025-11-20,88900.0,91300.0,88900.0
lithium_carbonate,Random Walk,Robustness,2025-11-20,2025-11-21,91300.0,92300.0,91300.0
lithium_carbonate,Random Walk,Robustness,2025-11-21,2025-11-24,92300.0,92150.0,92300.0
lithium_carbonate,Random Walk,Robustness,2025-11-24,2025-11-25,92150.0,92050.0,92150.0
lithium_carbonate,Random Walk,Robustness,2025-11-25,2025-11-26,92050.0,92800.0,92050.0
lithium_carbonate,Random Walk,Robustness,2025-11-26,2025-11-27,92800.0,93300.0,92800.0
lithium_carbonate,Random Walk,Robustness,2025-11-27,2025-11-28,93300.0,93750.0,93300.0
lithium_carbonate,Random Walk,Robustness,2025-11-28,2025-12-01,93750.0,94350.0,93750.0
lithium_carbonate,Random Walk,Robustness,2025-12-01,2025-12-02,94350.0,94400.0,94350.0
lithium_carbonate,Random Walk,Robustness,2025-12-02,2025-12-03,94400.0,94350.0,94400.0
lithium_carbonate,Random Walk,Robustness,2025-12-03,2025-12-04,94350.0,94000.0,94350.0
lithium_carbonate,Random Walk,Robustness,2025-12-04,2025-12-05,94000.0,93250.0,94000.0
lithium_carbonate,Random Walk,Robustness,2025-12-05,2025-12-08,93250.0,92750.0,93250.0
lithium_carbonate,Random Walk,Robustness,2025-12-08,2025-12-09,92750.0,92750.0,92750.0
lithium_carbonate,Random Walk,Robustness,2025-12-09,2025-12-10,92750.0,92700.0,92750.0
lithium_carbonate,Random Walk,Robustness,2025-12-10,2025-12-11,92700.0,93500.0,92700.0
lithium_carbonate,Random Walk,Robustness,2025-12-11,2025-12-12,93500.0,94500.0,93500.0
lithium_carbonate,Random Walk,Robustness,2025-12-12,2025-12-15,94500.0,95150.0,94500.0
lithium_carbonate,Random Walk,Robustness,2025-12-15,2025-12-16,95150.0,95850.0,95150.0
lithium_carbonate,Random Walk,Robustness,2025-12-16,2025-12-17,95850.0,97050.0,95850.0
lithium_carbonate,Random Walk,Robustness,2025-12-17,2025-12-18,97050.0,97550.0,97050.0
lithium_carbonate,Random Walk,Robustness,2025-12-18,2025-12-19,97550.0,97650.0,97550.0
lithium_carbonate,Random Walk,Robustness,2025-12-19,2025-12-22,97650.0,99000.0,97650.0
lithium_carbonate,Random Walk,Robustness,2025-12-22,2025-12-23,99000.0,99500.0,99000.0
lithium_carbonate,Random Walk,Robustness,2025-12-23,2025-12-24,99500.0,101500.0,99500.0
lithium_carbonate,Random Walk,Robustness,2025-12-24,2025-12-25,101500.0,104900.0,101500.0
lithium_carbonate,Random Walk,Robustness,2025-12-25,2025-12-26,104900.0,111900.0,104900.0
lithium_carbonate,Random Walk,Robustness,2025-12-26,2025-12-29,111900.0,118000.0,111900.0
lithium_carbonate,Random Walk,Robustness,2025-12-29,2025-12-30,118000.0,118000.0,118000.0
lithium_carbonate,Random Walk,Robustness,2025-12-30,2025-12-31,118000.0,118500.0,118000.0
lithium_carbonate,Random Walk,Robustness,2025-12-31,2026-01-05,118500.0,119500.0,118500.0
lithium_carbonate,Random Walk,Robustness,2026-01-05,2026-01-06,119500.0,127500.0,119500.0
lithium_carbonate,Random Walk,Robustness,2026-01-06,2026-01-07,127500.0,133500.0,127500.0
lithium_carbonate,Random Walk,Robustness,2026-01-07,2026-01-08,133500.0,138500.0,133500.0
lithium_carbonate,Random Walk,Robustness,2026-01-08,2026-01-09,138500.0,140000.0,138500.0
lithium_carbonate,Random Walk,Robustness,2026-01-09,2026-01-12,140000.0,152000.0,140000.0
lithium_carbonate,Random Walk,Robustness,2026-01-12,2026-01-13,152000.0,159500.0,152000.0
lithium_carbonate,Random Walk,Robustness,2026-01-13,2026-01-14,159500.0,163000.0,159500.0
lithium_carbonate,Random Walk,Robustness,2026-01-14,2026-01-15,163000.0,159000.0,163000.0
lithium_carbonate,Random Walk,Robustness,2026-01-15,2026-01-16,159000.0,158000.0,159000.0
lithium_carbonate,Random Walk,Robustness,2026-01-16,2026-01-19,158000.0,151000.0,158000.0
lithium_carbonate,Random Walk,Robustness,2026-01-19,2026-01-20,151000.0,152500.0,151000.0
lithium_carbonate,Random Walk,Robustness,2026-01-20,2026-01-21,152500.0,158500.0,152500.0
lithium_carbonate,Random Walk,Robustness,2026-01-21,2026-01-22,158500.0,164500.0,158500.0
lithium_carbonate,Random Walk,Robustness,2026-01-22,2026-01-23,164500.0,171000.0,164500.0
lithium_carbonate,Random Walk,Robustness,2026-01-23,2026-01-26,171000.0,181500.0,171000.0
lithium_carbonate,Random Walk,Robustness,2026-01-26,2026-01-27,181500.0,172500.0,181500.0
lithium_carbonate,Random Walk,Robustness,2026-01-27,2026-01-28,172500.0,172000.0,172500.0
lithium_carbonate,Random Walk,Robustness,2026-01-28,2026-01-29,172000.0,168000.0,172000.0
lithium_carbonate,Random Walk,Robustness,2026-01-29,2026-01-30,168000.0,160500.0,168000.0
lithium_carbonate,Random Walk,Robustness,2026-01-30,2026-02-02,160500.0,155500.0,160500.0
lithium_carbonate,Random Walk,Robustness,2026-02-02,2026-02-03,155500.0,153500.0,155500.0
lithium_carbonate,Random Walk,Robustness,2026-02-03,2026-02-04,153500.0,153000.0,153500.0
lithium_carbonate,Random Walk,Robustness,2026-02-04,2026-02-05,153000.0,144000.0,153000.0
lithium_carbonate,Random Walk,Robustness,2026-02-05,2026-02-06,144000.0,134500.0,144000.0
lithium_carbonate,Random Walk,Robustness,2026-02-06,2026-02-09,134500.0,135500.0,134500.0
lithium_carbonate,Random Walk,Robustness,2026-02-09,2026-02-10,135500.0,136000.0,135500.0
lithium_carbonate,Random Walk,Robustness,2026-02-10,2026-02-11,136000.0,138000.0,136000.0
lithium_carbonate,Random Walk,Robustness,2026-02-11,2026-02-12,138000.0,142500.0,138000.0
lithium_carbonate,Random Walk,Robustness,2026-02-12,2026-02-13,142500.0,143750.0,142500.0
lithium_carbonate,Random Walk,Robustness,2026-02-13,2026-02-24,143750.0,152000.0,143750.0
lithium_carbonate,Random Walk,Robustness,2026-02-24,2026-02-25,152000.0,161750.0,152000.0
lithium_carbonate,Random Walk,Robustness,2026-02-25,2026-02-26,161750.0,173000.0,161750.0
lithium_carbonate,Random Walk,Robustness,2026-02-26,2026-02-27,173000.0,172000.0,173000.0
lithium_carbonate,Random Walk,Robustness,2026-02-27,2026-03-02,172000.0,172500.0,172000.0
lithium_carbonate,Random Walk,Robustness,2026-03-02,2026-03-03,172500.0,161000.0,172500.0
lithium_carbonate,Random Walk,Robustness,2026-03-03,2026-03-04,161000.0,154000.0,161000.0
lithium_carbonate,Random Walk,Robustness,2026-03-04,2026-03-05,154000.0,156000.0,154000.0
lithium_carbonate,Random Walk,Robustness,2026-03-05,2026-03-06,156000.0,155250.0,156000.0
lithium_carbonate,Random Walk,Robustness,2026-03-06,2026-03-09,155250.0,154750.0,155250.0
lithium_carbonate,Random Walk,Robustness,2026-03-09,2026-03-10,154750.0,158500.0,154750.0
lithium_carbonate,Random Walk,Robustness,2026-03-10,2026-03-11,158500.0,159000.0,158500.0
lithium_carbonate,Random Walk,Robustness,2026-03-11,2026-03-12,159000.0,158000.0,159000.0
lithium_carbonate,ES,Single,2025-08-14,2025-08-15,82000.0,82700.0,86917.78196939023
lithium_carbonate,ES,Single,2025-08-15,2025-08-18,82700.0,84600.0,89876.67295491965
lithium_carbonate,ES,Single,2025-08-18,2025-08-19,84600.0,85700.0,92835.56394044906
lithium_carbonate,ES,Single,2025-08-19,2025-08-20,85700.0,85700.0,95794.45492597848
lithium_carbonate,ES,Single,2025-08-20,2025-08-21,85700.0,85200.0,98753.34591150787
lithium_carbonate,ES,Single,2025-08-21,2025-08-22,85200.0,83900.0,101712.2368970373
lithium_carbonate,ES,Single,2025-08-22,2025-08-25,83900.0,82500.0,104671.12788256673
lithium_carbonate,ES,Single,2025-08-25,2025-08-26,82500.0,81700.0,107630.01886809611
lithium_carbonate,ES,Single,2025-08-26,2025-08-27,81700.0,81600.0,110588.90985362556
lithium_carbonate,ES,Single,2025-08-27,2025-08-28,81600.0,80000.0,113547.80083915497
lithium_carbonate,ES,Single,2025-08-28,2025-08-29,80000.0,79650.0,116506.69182468436
lithium_carbonate,ES,Single,2025-08-29,2025-09-01,79650.0,78350.0,119465.5828102138
lithium_carbonate,ES,Single,2025-09-01,2025-09-02,78350.0,77500.0,122424.4737957432
lithium_carbonate,ES,Single,2025-09-02,2025-09-03,77500.0,75900.0,125383.36478127264
lithium_carbonate,ES,Single,2025-09-03,2025-09-04,75900.0,75000.0,128342.25576680205
lithium_carbonate,ES,Single,2025-09-04,2025-09-05,75000.0,74750.0,131301.14675233143
lithium_carbonate,ES,Single,2025-09-05,2025-09-08,74750.0,74600.0,134260.03773786087
lithium_carbonate,ES,Single,2025-09-08,2025-09-09,74600.0,74600.0,137218.92872339027
lithium_carbonate,ES,Single,2025-09-09,2025-09-10,74600.0,73450.0,140177.81970891968
lithium_carbonate,ES,Single,2025-09-10,2025-09-11,73450.0,72850.0,143136.7106944491
lithium_carbonate,ES,Single,2025-09-11,2025-09-12,72850.0,72450.0,146095.6016799785
lithium_carbonate,ES,Single,2025-09-12,2025-09-15,72450.0,72450.0,149054.49266550795
lithium_carbonate,ES,Single,2025-09-15,2025-09-16,72450.0,72850.0,152013.38365103735
lithium_carbonate,ES,Single,2025-09-16,2025-09-17,72850.0,73150.0,154972.27463656676
lithium_carbonate,ES,Single,2025-09-17,2025-09-18,73150.0,73450.0,157931.16562209616
lithium_carbonate,ES,Single,2025-09-18,2025-09-19,73450.0,73500.0,160890.0566076256
lithium_carbonate,ES,Single,2025-09-19,2025-09-22,73500.0,73850.0,163848.947593155
lithium_carbonate,ES,Single,2025-09-22,2025-09-23,73850.0,73850.0,166807.83857868443
lithium_carbonate,ES,Single,2025-09-23,2025-09-24,73850.0,73850.0,169766.72956421383
lithium_carbonate,ES,Single,2025-09-24,2025-09-25,73850.0,73750.0,172725.62054974324
lithium_carbonate,ES,Single,2025-09-25,2025-09-26,73750.0,73600.0,175684.51153527264
lithium_carbonate,ES,Single,2025-09-26,2025-09-29,73600.0,73550.0,178643.40252080208
lithium_carbonate,ES,Single,2025-09-29,2025-09-30,73550.0,73550.0,181602.29350633148
lithium_carbonate,ES,Single,2025-09-30,2025-10-09,73550.0,73550.0,184561.1844918609
lithium_carbonate,ES,Single,2025-10-09,2025-10-10,73550.0,73550.0,187520.07547739032
lithium_carbonate,ES,Single,2025-10-10,2025-10-13,73550.0,73100.0,190478.9664629197
lithium_carbonate,ES,Single,2025-10-13,2025-10-14,73100.0,73000.0,193437.85744844915
lithium_carbonate,ES,Single,2025-10-14,2025-10-15,73000.0,73000.0,196396.74843397856
lithium_carbonate,ES,Single,2025-10-15,2025-10-16,73000.0,73000.0,199355.639419508
lithium_carbonate,ES,Single,2025-10-16,2025-10-17,73000.0,73350.0,202314.5304050374
lithium_carbonate,ES,Single,2025-10-17,2025-10-20,73350.0,74000.0,205273.4213905668
lithium_carbonate,ES,Single,2025-10-20,2025-10-21,74000.0,74100.0,208232.3123760962
lithium_carbonate,ES,Single,2025-10-21,2025-10-22,74100.0,74350.0,211191.2033616256
lithium_carbonate,ES,Single,2025-10-22,2025-10-23,74350.0,74800.0,214150.094347155
lithium_carbonate,ES,Single,2025-10-23,2025-10-24,74800.0,75400.0,217108.98533268447
lithium_carbonate,ES,Single,2025-10-24,2025-10-27,75400.0,76550.0,220067.87631821388
lithium_carbonate,ES,Single,2025-10-27,2025-10-28,76550.0,78500.0,223026.76730374328
lithium_carbonate,ES,Single,2025-10-28,2025-10-29,78500.0,79150.0,225985.6582892727
lithium_carbonate,ES,Single,2025-10-29,2025-10-30,79150.0,80000.0,228944.5492748021
lithium_carbonate,ES,Single,2025-10-30,2025-10-31,80000.0,80550.0,231903.44026033155
lithium_carbonate,ES,Single,2025-10-31,2025-11-03,80550.0,81000.0,234862.33124586096
lithium_carbonate,ES,Single,2025-11-03,2025-11-04,81000.0,80900.0,237821.2222313904
lithium_carbonate,ES,Single,2025-11-04,2025-11-05,80900.0,80500.0,240780.11321691977
lithium_carbonate,ES,Single,2025-11-05,2025-11-06,80500.0,80400.0,243739.0042024492
lithium_carbonate,ES,Single,2025-11-06,2025-11-07,80400.0,80400.0,246697.89518797857
lithium_carbonate,ES,Single,2025-11-07,2025-11-10,80400.0,80750.0,249656.78617350804
lithium_carbonate,ES,Single,2025-11-10,2025-11-11,80750.0,82300.0,252615.67715903744
lithium_carbonate,ES,Single,2025-11-11,2025-11-12,82300.0,83300.0,255574.56814456685
lithium_carbonate,ES,Single,2025-11-12,2025-11-13,83300.0,84350.0,258533.45913009625
lithium_carbonate,ES,Single,2025-11-13,2025-11-14,84350.0,85150.0,261492.35011562565
lithium_carbonate,ES,Single,2025-11-14,2025-11-17,85150.0,86150.0,264451.24110115506
lithium_carbonate,ES,Single,2025-11-17,2025-11-18,86150.0,87400.0,267410.1320866845
lithium_carbonate,ES,Single,2025-11-18,2025-11-19,87400.0,88900.0,270369.0230722139
lithium_carbonate,ES,Single,2025-11-19,2025-11-20,88900.0,91300.0,273327.9140577433
lithium_carbonate,ES,Single,2025-11-20,2025-11-21,91300.0,92300.0,276286.80504327273
lithium_carbonate,ES,Single,2025-11-21,2025-11-24,92300.0,92150.0,279245.69602880214
lithium_carbonate,ES,Single,2025-11-24,2025-11-25,92150.0,92050.0,282204.58701433154
lithium_carbonate,ES,Single,2025-11-25,2025-11-26,92050.0,92800.0,285163.477999861
lithium_carbonate,ES,Single,2025-11-26,2025-11-27,92800.0,93300.0,288122.3689853904
lithium_carbonate,ES,Single,2025-11-27,2025-11-28,93300.0,93750.0,291081.2599709198
lithium_carbonate,ES,Single,2025-11-28,2025-12-01,93750.0,94350.0,294040.1509564492
lithium_carbonate,ES,Single,2025-12-01,2025-12-02,94350.0,94400.0,296999.0419419786
lithium_carbonate,ES,Single,2025-12-02,2025-12-03,94400.0,94350.0,299957.932927508
lithium_carbonate,ES,Single,2025-12-03,2025-12-04,94350.0,94000.0,302916.8239130375
lithium_carbonate,ES,Single,2025-12-04,2025-12-05,94000.0,93250.0,305875.7148985669
lithium_carbonate,ES,Single,2025-12-05,2025-12-08,93250.0,92750.0,308834.6058840963
lithium_carbonate,ES,Single,2025-12-08,2025-12-09,92750.0,92750.0,311793.4968696257
lithium_carbonate,ES,Single,2025-12-09,2025-12-10,92750.0,92700.0,314752.3878551551
lithium_carbonate,ES,Single,2025-12-10,2025-12-11,92700.0,93500.0,317711.27884068456
lithium_carbonate,ES,Single,2025-12-11,2025-12-12,93500.0,94500.0,320670.169826214
lithium_carbonate,ES,Single,2025-12-12,2025-12-15,94500.0,95150.0,323629.0608117434
lithium_carbonate,ES,Single,2025-12-15,2025-12-16,95150.0,95850.0,326587.9517972728
lithium_carbonate,ES,Single,2025-12-16,2025-12-17,95850.0,97050.0,329546.8427828022
lithium_carbonate,ES,Single,2025-12-17,2025-12-18,97050.0,97550.0,332505.7337683316
lithium_carbonate,ES,Single,2025-12-18,2025-12-19,97550.0,97650.0,335464.62475386105
lithium_carbonate,ES,Single,2025-12-19,2025-12-22,97650.0,99000.0,338423.51573939045
lithium_carbonate,ES,Single,2025-12-22,2025-12-23,99000.0,99500.0,341382.40672491986
lithium_carbonate,ES,Single,2025-12-23,2025-12-24,99500.0,101500.0,344341.29771044926
lithium_carbonate,ES,Single,2025-12-24,2025-12-25,101500.0,104900.0,347300.18869597866
lithium_carbonate,ES,Single,2025-12-25,2025-12-26,104900.0,111900.0,350259.0796815081
lithium_carbonate,ES,Single,2025-12-26,2025-12-29,111900.0,118000.0,353217.9706670376
lithium_carbonate,ES,Single,2025-12-29,2025-12-30,118000.0,118000.0,356176.86165256693
lithium_carbonate,ES,Single,2025-12-30,2025-12-31,118000.0,118500.0,359135.75263809634
lithium_carbonate,ES,Single,2025-12-31,2026-01-05,118500.0,119500.0,362094.64362362574
lithium_carbonate,ES,Single,2026-01-05,2026-01-06,119500.0,127500.0,365053.5346091552
lithium_carbonate,ES,Single,2026-01-06,2026-01-07,127500.0,133500.0,368012.4255946846
lithium_carbonate,ES,Single,2026-01-07,2026-01-08,133500.0,138500.0,370971.316580214
lithium_carbonate,ES,Single,2026-01-08,2026-01-09,138500.0,140000.0,373930.2075657434
lithium_carbonate,ES,Single,2026-01-09,2026-01-12,140000.0,152000.0,376889.0985512728
lithium_carbonate,ES,Single,2026-01-12,2026-01-13,152000.0,159500.0,379847.9895368022
lithium_carbonate,ES,Single,2026-01-13,2026-01-14,159500.0,163000.0,382806.8805223317
lithium_carbonate,ES,Single,2026-01-14,2026-01-15,163000.0,159000.0,385765.7715078611
lithium_carbonate,ES,Single,2026-01-15,2026-01-16,159000.0,158000.0,388724.6624933905
lithium_carbonate,ES,Single,2026-01-16,2026-01-19,158000.0,151000.0,391683.5534789199
lithium_carbonate,ES,Single,2026-01-19,2026-01-20,151000.0,152500.0,394642.4444644493
lithium_carbonate,ES,Single,2026-01-20,2026-01-21,152500.0,158500.0,397601.3354499787
lithium_carbonate,ES,Single,2026-01-21,2026-01-22,158500.0,164500.0,400560.2264355082
lithium_carbonate,ES,Single,2026-01-22,2026-01-23,164500.0,171000.0,403519.1174210376
lithium_carbonate,ES,Single,2026-01-23,2026-01-26,171000.0,181500.0,406478.008406567
lithium_carbonate,ES,Single,2026-01-26,2026-01-27,181500.0,172500.0,409436.8993920964
lithium_carbonate,ES,Single,2026-01-27,2026-01-28,172500.0,172000.0,412395.7903776258
lithium_carbonate,ES,Single,2026-01-28,2026-01-29,172000.0,168000.0,415354.6813631552
lithium_carbonate,ES,Single,2026-01-29,2026-01-30,168000.0,160500.0,418313.5723486847
lithium_carbonate,ES,Single,2026-01-30,2026-02-02,160500.0,155500.0,421272.46333421406
lithium_carbonate,ES,Single,2026-02-02,2026-02-03,155500.0,153500.0,424231.35431974346
lithium_carbonate,ES,Single,2026-02-03,2026-02-04,153500.0,153000.0,427190.24530527287
lithium_carbonate,ES,Single,2026-02-04,2026-02-05,153000.0,144000.0,430149.1362908023
lithium_carbonate,ES,Single,2026-02-05,2026-02-06,144000.0,134500.0,433108.0272763317
lithium_carbonate,ES,Single,2026-02-06,2026-02-09,134500.0,135500.0,436066.91826186114
lithium_carbonate,ES,Single,2026-02-09,2026-02-10,135500.0,136000.0,439025.80924739054
lithium_carbonate,ES,Single,2026-02-10,2026-02-11,136000.0,138000.0,441984.70023292
lithium_carbonate,ES,Single,2026-02-11,2026-02-12,138000.0,142500.0,444943.59121844935
lithium_carbonate,ES,Single,2026-02-12,2026-02-13,142500.0,143750.0,447902.4822039788
lithium_carbonate,ES,Single,2026-02-13,2026-02-24,143750.0,152000.0,450861.37318950816
lithium_carbonate,ES,Single,2026-02-24,2026-02-25,152000.0,161750.0,453820.2641750376
lithium_carbonate,ES,Single,2026-02-25,2026-02-26,161750.0,173000.0,456779.155160567
lithium_carbonate,ES,Single,2026-02-26,2026-02-27,173000.0,172000.0,459738.0461460964
lithium_carbonate,ES,Single,2026-02-27,2026-03-02,172000.0,172500.0,462696.9371316258
lithium_carbonate,ES,Single,2026-03-02,2026-03-03,172500.0,161000.0,465655.8281171552
lithium_carbonate,ES,Single,2026-03-03,2026-03-04,161000.0,154000.0,468614.7191026847
lithium_carbonate,ES,Single,2026-03-04,2026-03-05,154000.0,156000.0,471573.6100882141
lithium_carbonate,ES,Single,2026-03-05,2026-03-06,156000.0,155250.0,474532.5010737435
lithium_carbonate,ES,Single,2026-03-06,2026-03-09,155250.0,154750.0,477491.3920592729
lithium_carbonate,ES,Single,2026-03-09,2026-03-10,154750.0,158500.0,480450.2830448023
lithium_carbonate,ES,Single,2026-03-10,2026-03-11,158500.0,159000.0,483409.1740303317
lithium_carbonate,ES,Single,2026-03-11,2026-03-12,159000.0,158000.0,486368.0650158612
lithium_carbonate,ARIMA,Single,2025-08-14,2025-08-15,82000.0,82700.0,62682.13959745939
lithium_carbonate,ARIMA,Single,2025-08-15,2025-08-18,82700.0,84600.0,83399.99999799149
lithium_carbonate,ARIMA,Single,2025-08-18,2025-08-19,84600.0,85700.0,86217.01756590599
lithium_carbonate,ARIMA,Single,2025-08-19,2025-08-20,85700.0,85700.0,86862.78993571563
lithium_carbonate,ARIMA,Single,2025-08-20,2025-08-21,85700.0,85200.0,85869.62975226878
lithium_carbonate,ARIMA,Single,2025-08-21,2025-08-22,85200.0,83900.0,85212.68231856395
lithium_carbonate,ARIMA,Single,2025-08-22,2025-08-25,83900.0,82500.0,83295.08525455148
lithium_carbonate,ARIMA,Single,2025-08-25,2025-08-26,82500.0,81700.0,81689.43894805168
lithium_carbonate,ARIMA,Single,2025-08-26,2025-08-27,81700.0,81600.0,81286.61728553269
lithium_carbonate,ARIMA,Single,2025-08-27,2025-08-28,81600.0,80000.0,81514.66837137449
lithium_carbonate,ARIMA,Single,2025-08-28,2025-08-29,80000.0,79650.0,78899.64096182838
lithium_carbonate,ARIMA,Single,2025-08-29,2025-09-01,79650.0,78350.0,79209.20381820828
lithium_carbonate,ARIMA,Single,2025-09-01,2025-09-02,78350.0,77500.0,77589.50580053785
lithium_carbonate,ARIMA,Single,2025-09-02,2025-09-03,77500.0,75900.0,76569.32767951651
lithium_carbonate,ARIMA,Single,2025-09-03,2025-09-04,75900.0,75000.0,74849.01309710776
lithium_carbonate,ARIMA,Single,2025-09-04,2025-09-05,75000.0,74750.0,74070.52923184485
lithium_carbonate,ARIMA,Single,2025-09-05,2025-09-08,74750.0,74600.0,74435.75288962264
lithium_carbonate,ARIMA,Single,2025-09-08,2025-09-09,74600.0,74600.0,74189.3191652463
lithium_carbonate,ARIMA,Single,2025-09-09,2025-09-10,74600.0,73450.0,74321.79119298793
lithium_carbonate,ARIMA,Single,2025-09-10,2025-09-11,73450.0,72850.0,72524.4684603263
lithium_carbonate,ARIMA,Single,2025-09-11,2025-09-12,72850.0,72450.0,72172.15697574342
lithium_carbonate,ARIMA,Single,2025-09-12,2025-09-15,72450.0,72450.0,72108.45457229059
lithium_carbonate,ARIMA,Single,2025-09-15,2025-09-16,72450.0,72850.0,72149.71611926118
lithium_carbonate,ARIMA,Single,2025-09-16,2025-09-17,72850.0,73150.0,72935.15720677232
lithium_carbonate,ARIMA,Single,2025-09-17,2025-09-18,73150.0,73450.0,73164.80345399675
lithium_carbonate,ARIMA,Single,2025-09-18,2025-09-19,73450.0,73500.0,73477.29004325057
lithium_carbonate,ARIMA,Single,2025-09-19,2025-09-22,73500.0,73850.0,73464.68142270065
lithium_carbonate,ARIMA,Single,2025-09-22,2025-09-23,73850.0,73850.0,73981.79188709718
lithium_carbonate,ARIMA,Single,2025-09-23,2025-09-24,73850.0,73850.0,73844.92853825632
lithium_carbonate,ARIMA,Single,2025-09-24,2025-09-25,73850.0,73750.0,73772.11414158421
lithium_carbonate,ARIMA,Single,2025-09-25,2025-09-26,73750.0,73600.0,73709.44418837789
lithium_carbonate,ARIMA,Single,2025-09-26,2025-09-29,73600.0,73550.0,73468.0726760326
lithium_carbonate,ARIMA,Single,2025-09-29,2025-09-30,73550.0,73550.0,73505.92264299934
lithium_carbonate,ARIMA,Single,2025-09-30,2025-10-09,73550.0,73550.0,73537.06231532246
lithium_carbonate,ARIMA,Single,2025-10-09,2025-10-10,73550.0,73550.0,73519.32306578931
lithium_carbonate,ARIMA,Single,2025-10-10,2025-10-13,73550.0,73100.0,73532.93243299988
lithium_carbonate,ARIMA,Single,2025-10-13,2025-10-14,73100.0,73000.0,72798.94136918432
lithium_carbonate,ARIMA,Single,2025-10-14,2025-10-15,73000.0,73000.0,72889.21397616154
lithium_carbonate,ARIMA,Single,2025-10-15,2025-10-16,73000.0,73000.0,73024.385841521
lithium_carbonate,ARIMA,Single,2025-10-16,2025-10-17,73000.0,73350.0,72924.84773902576
lithium_carbonate,ARIMA,Single,2025-10-17,2025-10-20,73350.0,74000.0,73550.91854871315
lithium_carbonate,ARIMA,Single,2025-10-20,2025-10-21,74000.0,74100.0,74412.66326617073
lithium_carbonate,ARIMA,Single,2025-10-21,2025-10-22,74100.0,74350.0,74150.77911370096
lithium_carbonate,ARIMA,Single,2025-10-22,2025-10-23,74350.0,74800.0,74496.09792343025
lithium_carbonate,ARIMA,Single,2025-10-23,2025-10-24,74800.0,75400.0,75181.67183095873
lithium_carbonate,ARIMA,Single,2025-10-24,2025-10-27,75400.0,76550.0,75801.39985689067
lithium_carbonate,ARIMA,Single,2025-10-27,2025-10-28,76550.0,78500.0,77349.43694277821
lithium_carbonate,ARIMA,Single,2025-10-28,2025-10-29,78500.0,79150.0,79859.50495194612
lithium_carbonate,ARIMA,Single,2025-10-29,2025-10-30,79150.0,80000.0,79716.27075980355
lithium_carbonate,ARIMA,Single,2025-10-30,2025-10-31,80000.0,80550.0,80631.57945307478
lithium_carbonate,ARIMA,Single,2025-10-31,2025-11-03,80550.0,81000.0,81270.73424551467
lithium_carbonate,ARIMA,Single,2025-11-03,2025-11-04,81000.0,80900.0,81430.14348384595
lithium_carbonate,ARIMA,Single,2025-11-04,2025-11-05,80900.0,80500.0,81111.24890043502
lithium_carbonate,ARIMA,Single,2025-11-05,2025-11-06,80500.0,80400.0,80432.60717368344
lithium_carbonate,ARIMA,Single,2025-11-06,2025-11-07,80400.0,80400.0,80533.46281173763
lithium_carbonate,ARIMA,Single,2025-11-07,2025-11-10,80400.0,80750.0,80565.45397359735
lithium_carbonate,ARIMA,Single,2025-11-10,2025-11-11,80750.0,82300.0,81053.24679304866
lithium_carbonate,ARIMA,Single,2025-11-11,2025-11-12,82300.0,83300.0,83407.24420630302
lithium_carbonate,ARIMA,Single,2025-11-12,2025-11-13,83300.0,84350.0,84089.18078546159
lithium_carbonate,ARIMA,Single,2025-11-13,2025-11-14,84350.0,85150.0,85061.31992707611
lithium_carbonate,ARIMA,Single,2025-11-14,2025-11-17,85150.0,86150.0,85948.71253617926
lithium_carbonate,ARIMA,Single,2025-11-17,2025-11-18,86150.0,87400.0,86954.2233167139
lithium_carbonate,ARIMA,Single,2025-11-18,2025-11-19,87400.0,88900.0,88470.84393242639
lithium_carbonate,ARIMA,Single,2025-11-19,2025-11-20,88900.0,91300.0,90108.08001886928
lithium_carbonate,ARIMA,Single,2025-11-20,2025-11-21,91300.0,92300.0,93113.16916131394
lithium_carbonate,ARIMA,Single,2025-11-21,2025-11-24,92300.0,92150.0,93321.52520708498
lithium_carbonate,ARIMA,Single,2025-11-24,2025-11-25,92150.0,92050.0,92302.01802661717
lithium_carbonate,ARIMA,Single,2025-11-25,2025-11-26,92050.0,92800.0,92454.44291911012
lithium_carbonate,ARIMA,Single,2025-11-26,2025-11-27,92800.0,93300.0,93641.87706105424
lithium_carbonate,ARIMA,Single,2025-11-27,2025-11-28,93300.0,93750.0,93920.64447884512
lithium_carbonate,ARIMA,Single,2025-11-28,2025-12-01,93750.0,94350.0,94250.3106403756
lithium_carbonate,ARIMA,Single,2025-12-01,2025-12-02,94350.0,94400.0,95036.08882653149
lithium_carbonate,ARIMA,Single,2025-12-02,2025-12-03,94400.0,94350.0,94675.10805180004
lithium_carbonate,ARIMA,Single,2025-12-03,2025-12-04,94350.0,94000.0,94510.01231053405
lithium_carbonate,ARIMA,Single,2025-12-04,2025-12-05,94000.0,93250.0,94032.22440945044
lithium_carbonate,ARIMA,Single,2025-12-05,2025-12-08,93250.0,92750.0,92907.59303612588
lithium_carbonate,ARIMA,Single,2025-12-08,2025-12-09,92750.0,92750.0,92556.4114938893
lithium_carbonate,ARIMA,Single,2025-12-09,2025-12-10,92750.0,92700.0,92855.03085016365
lithium_carbonate,ARIMA,Single,2025-12-10,2025-12-11,92700.0,93500.0,92694.68907223694
lithium_carbonate,ARIMA,Single,2025-12-11,2025-12-12,93500.0,94500.0,94001.4329806997
lithium_carbonate,ARIMA,Single,2025-12-12,2025-12-15,94500.0,95150.0,95230.68321860276
lithium_carbonate,ARIMA,Single,2025-12-15,2025-12-16,95150.0,95850.0,95558.2336504888
lithium_carbonate,ARIMA,Single,2025-12-16,2025-12-17,95850.0,97050.0,96392.47554384536
lithium_carbonate,ARIMA,Single,2025-12-17,2025-12-18,97050.0,97550.0,97968.2055392562
lithium_carbonate,ARIMA,Single,2025-12-18,2025-12-19,97550.0,97650.0,98026.086454878
lithium_carbonate,ARIMA,Single,2025-12-19,2025-12-22,97650.0,99000.0,97825.03838494346
lithium_carbonate,ARIMA,Single,2025-12-22,2025-12-23,99000.0,99500.0,100090.67807060212
lithium_carbonate,ARIMA,Single,2025-12-23,2025-12-24,99500.0,101500.0,100072.38528797204
lithium_carbonate,ARIMA,Single,2025-12-24,2025-12-25,101500.0,104900.0,102816.7482739696
lithium_carbonate,ARIMA,Single,2025-12-25,2025-12-26,104900.0,111900.0,107500.38471147188
lithium_carbonate,ARIMA,Single,2025-12-26,2025-12-29,111900.0,118000.0,116563.60546216748
lithium_carbonate,ARIMA,Single,2025-12-29,2025-12-30,118000.0,118000.0,122523.39512103658
lithium_carbonate,ARIMA,Single,2025-12-30,2025-12-31,118000.0,118500.0,118470.45561052892
lithium_carbonate,ARIMA,Single,2025-12-31,2026-01-05,118500.0,119500.0,119554.82195795364
lithium_carbonate,ARIMA,Single,2026-01-05,2026-01-06,119500.0,127500.0,121430.14722784104
lithium_carbonate,ARIMA,Single,2026-01-06,2026-01-07,127500.0,133500.0,133070.6792983856
lithium_carbonate,ARIMA,Single,2026-01-07,2026-01-08,133500.0,138500.0,138558.08938570545
lithium_carbonate,ARIMA,Single,2026-01-08,2026-01-09,138500.0,140000.0,142024.78570207013
lithium_carbonate,ARIMA,Single,2026-01-09,2026-01-12,140000.0,152000.0,142491.78265185055
lithium_carbonate,ARIMA,Single,2026-01-12,2026-01-13,152000.0,159500.0,160607.12242021633
lithium_carbonate,ARIMA,Single,2026-01-13,2026-01-14,159500.0,163000.0,166440.35706675876
lithium_carbonate,ARIMA,Single,2026-01-14,2026-01-15,163000.0,159000.0,165668.1707610169
lithium_carbonate,ARIMA,Single,2026-01-15,2026-01-16,159000.0,158000.0,158803.29697840498
lithium_carbonate,ARIMA,Single,2026-01-16,2026-01-19,158000.0,151000.0,158635.55525366182
lithium_carbonate,ARIMA,Single,2026-01-19,2026-01-20,151000.0,152500.0,148481.6911922015
lithium_carbonate,ARIMA,Single,2026-01-20,2026-01-21,152500.0,158500.0,153612.18138576872
lithium_carbonate,ARIMA,Single,2026-01-21,2026-01-22,158500.0,164500.0,164002.447779939
lithium_carbonate,ARIMA,Single,2026-01-22,2026-01-23,164500.0,171000.0,168193.24077244423
lithium_carbonate,ARIMA,Single,2026-01-23,2026-01-26,171000.0,181500.0,175858.18224004254
lithium_carbonate,ARIMA,Single,2026-01-26,2026-01-27,181500.0,172500.0,189289.66996961852
lithium_carbonate,ARIMA,Single,2026-01-27,2026-01-28,172500.0,172000.0,168115.18762737318
lithium_carbonate,ARIMA,Single,2026-01-28,2026-01-29,172000.0,168000.0,171611.5687883958
lithium_carbonate,ARIMA,Single,2026-01-29,2026-01-30,168000.0,160500.0,168601.06953428208
lithium_carbonate,ARIMA,Single,2026-01-30,2026-02-02,160500.0,155500.0,154690.496551921
lithium_carbonate,ARIMA,Single,2026-02-02,2026-02-03,155500.0,153500.0,153230.36456005607
lithium_carbonate,ARIMA,Single,2026-02-03,2026-02-04,153500.0,153000.0,152406.38602624065
lithium_carbonate,ARIMA,Single,2026-02-04,2026-02-05,153000.0,144000.0,152070.97992784978
lithium_carbonate,ARIMA,Single,2026-02-05,2026-02-06,144000.0,134500.0,137968.7452110363
lithium_carbonate,ARIMA,Single,2026-02-06,2026-02-09,134500.0,135500.0,127367.2035149186
lithium_carbonate,ARIMA,Single,2026-02-09,2026-02-10,135500.0,136000.0,135926.0759467928
lithium_carbonate,ARIMA,Single,2026-02-10,2026-02-11,136000.0,138000.0,135522.12022352475
lithium_carbonate,ARIMA,Single,2026-02-11,2026-02-12,138000.0,142500.0,137447.59531061392
lithium_carbonate,ARIMA,Single,2026-02-12,2026-02-13,142500.0,143750.0,145116.73943668653
lithium_carbonate,ARIMA,Single,2026-02-13,2026-02-24,143750.0,152000.0,143846.26553138718
lithium_carbonate,ARIMA,Single,2026-02-24,2026-02-25,152000.0,161750.0,156607.84551120497
lithium_carbonate,ARIMA,Single,2026-02-25,2026-02-26,161750.0,173000.0,168691.66097041068
lithium_carbonate,ARIMA,Single,2026-02-26,2026-02-27,173000.0,172000.0,179852.12870121418
lithium_carbonate,ARIMA,Single,2026-02-27,2026-03-02,172000.0,172500.0,172538.08309395175
lithium_carbonate,ARIMA,Single,2026-03-02,2026-03-03,172500.0,161000.0,173174.54588006943
lithium_carbonate,ARIMA,Single,2026-03-03,2026-03-04,161000.0,154000.0,155882.72312660917
lithium_carbonate,ARIMA,Single,2026-03-04,2026-03-05,154000.0,156000.0,149081.69464021365
lithium_carbonate,ARIMA,Single,2026-03-05,2026-03-06,156000.0,155250.0,158859.42994431808
lithium_carbonate,ARIMA,Single,2026-03-06,2026-03-09,155250.0,154750.0,154374.92838871188
lithium_carbonate,ARIMA,Single,2026-03-09,2026-03-10,154750.0,158500.0,153645.28486185957
lithium_carbonate,ARIMA,Single,2026-03-10,2026-03-11,158500.0,159000.0,161358.8296325337
lithium_carbonate,ARIMA,Single,2026-03-11,2026-03-12,159000.0,158000.0,159170.21348859087
lithium_carbonate,SVR,Single,2025-08-14,2025-08-15,82000.0,82700.0,80305.7195233973
lithium_carbonate,SVR,Single,2025-08-15,2025-08-18,82700.0,84600.0,81031.82434666972
lithium_carbonate,SVR,Single,2025-08-18,2025-08-19,84600.0,85700.0,82300.9032903411
lithium_carbonate,SVR,Single,2025-08-19,2025-08-20,85700.0,85700.0,82379.21300099354
lithium_carbonate,SVR,Single,2025-08-20,2025-08-21,85700.0,85200.0,82285.8746012914
lithium_carbonate,SVR,Single,2025-08-21,2025-08-22,85200.0,83900.0,81597.21317751853
lithium_carbonate,SVR,Single,2025-08-22,2025-08-25,83900.0,82500.0,82097.89725989387
lithium_carbonate,SVR,Single,2025-08-25,2025-08-26,82500.0,81700.0,80988.7896694449
lithium_carbonate,SVR,Single,2025-08-26,2025-08-27,81700.0,81600.0,81111.0913722436
lithium_carbonate,SVR,Single,2025-08-27,2025-08-28,81600.0,80000.0,80529.34144025245
lithium_carbonate,SVR,Single,2025-08-28,2025-08-29,80000.0,79650.0,80149.32419003456
lithium_carbonate,SVR,Single,2025-08-29,2025-09-01,79650.0,78350.0,80384.51633694372
lithium_carbonate,SVR,Single,2025-09-01,2025-09-02,78350.0,77500.0,80243.77803964406
lithium_carbonate,SVR,Single,2025-09-02,2025-09-03,77500.0,75900.0,80400.36573183813
lithium_carbonate,SVR,Single,2025-09-03,2025-09-04,75900.0,75000.0,79584.40053330621
lithium_carbonate,SVR,Single,2025-09-04,2025-09-05,75000.0,74750.0,79763.10493740343
lithium_carbonate,SVR,Single,2025-09-05,2025-09-08,74750.0,74600.0,83116.92940328518
lithium_carbonate,SVR,Single,2025-09-08,2025-09-09,74600.0,74600.0,87586.10837236907
lithium_carbonate,SVR,Single,2025-09-09,2025-09-10,74600.0,73450.0,87943.71338478781
lithium_carbonate,SVR,Single,2025-09-10,2025-09-11,73450.0,72850.0,85329.7197657802
lithium_carbonate,SVR,Single,2025-09-11,2025-09-12,72850.0,72450.0,85200.22473458017
lithium_carbonate,SVR,Single,2025-09-12,2025-09-15,72450.0,72450.0,84228.62854290215
lithium_carbonate,SVR,Single,2025-09-15,2025-09-16,72450.0,72850.0,87113.04457270235
lithium_carbonate,SVR,Single,2025-09-16,2025-09-17,72850.0,73150.0,87253.94147861903
lithium_carbonate,SVR,Single,2025-09-17,2025-09-18,73150.0,73450.0,89284.28178727049
lithium_carbonate,SVR,Single,2025-09-18,2025-09-19,73450.0,73500.0,86742.00720277743
lithium_carbonate,SVR,Single,2025-09-19,2025-09-22,73500.0,73850.0,93297.00919359512
lithium_carbonate,SVR,Single,2025-09-22,2025-09-23,73850.0,73850.0,93543.33132960016
lithium_carbonate,SVR,Single,2025-09-23,2025-09-24,73850.0,73850.0,95041.39135464068
lithium_carbonate,SVR,Single,2025-09-24,2025-09-25,73850.0,73750.0,97130.23340817432
lithium_carbonate,SVR,Single,2025-09-25,2025-09-26,73750.0,73600.0,99018.08109230774
lithium_carbonate,SVR,Single,2025-09-26,2025-09-29,73600.0,73550.0,95169.72227824877
lithium_carbonate,SVR,Single,2025-09-29,2025-09-30,73550.0,73550.0,103036.55318145768
lithium_carbonate,SVR,Single,2025-09-30,2025-10-09,73550.0,73550.0,107317.33563916334
lithium_carbonate,SVR,Single,2025-10-09,2025-10-10,73550.0,73550.0,117889.82795380386
lithium_carbonate,SVR,Single,2025-10-10,2025-10-13,73550.0,73100.0,120815.26972206288
lithium_carbonate,SVR,Single,2025-10-13,2025-10-14,73100.0,73000.0,125895.92944936056
lithium_carbonate,SVR,Single,2025-10-14,2025-10-15,73000.0,73000.0,126605.36469277817
lithium_carbonate,SVR,Single,2025-10-15,2025-10-16,73000.0,73000.0,122854.71436497866
lithium_carbonate,SVR,Single,2025-10-16,2025-10-17,73000.0,73350.0,127722.00686128896
lithium_carbonate,SVR,Single,2025-10-17,2025-10-20,73350.0,74000.0,114398.37691384854
lithium_carbonate,SVR,Single,2025-10-20,2025-10-21,74000.0,74100.0,110013.33246114648
lithium_carbonate,SVR,Single,2025-10-21,2025-10-22,74100.0,74350.0,110911.81471219136
lithium_carbonate,SVR,Single,2025-10-22,2025-10-23,74350.0,74800.0,110678.90191410833
lithium_carbonate,SVR,Single,2025-10-23,2025-10-24,74800.0,75400.0,114653.7241679094
lithium_carbonate,SVR,Single,2025-10-24,2025-10-27,75400.0,76550.0,113780.10054357836
lithium_carbonate,SVR,Single,2025-10-27,2025-10-28,76550.0,78500.0,115582.53737900672
lithium_carbonate,SVR,Single,2025-10-28,2025-10-29,78500.0,79150.0,115542.9159546314
lithium_carbonate,SVR,Single,2025-10-29,2025-10-30,79150.0,80000.0,122955.49001205654
lithium_carbonate,SVR,Single,2025-10-30,2025-10-31,80000.0,80550.0,128530.53687982717
lithium_carbonate,SVR,Single,2025-10-31,2025-11-03,80550.0,81000.0,124145.31246478988
lithium_carbonate,SVR,Single,2025-11-03,2025-11-04,81000.0,80900.0,122801.50023717822
lithium_carbonate,SVR,Single,2025-11-04,2025-11-05,80900.0,80500.0,122008.14456238622
lithium_carbonate,SVR,Single,2025-11-05,2025-11-06,80500.0,80400.0,121402.90771574836
lithium_carbonate,SVR,Single,2025-11-06,2025-11-07,80400.0,80400.0,128684.62437143538
lithium_carbonate,SVR,Single,2025-11-07,2025-11-10,80400.0,80750.0,128012.43604345885
lithium_carbonate,SVR,Single,2025-11-10,2025-11-11,80750.0,82300.0,125062.49449559014
lithium_carbonate,SVR,Single,2025-11-11,2025-11-12,82300.0,83300.0,122454.77442993964
lithium_carbonate,SVR,Single,2025-11-12,2025-11-13,83300.0,84350.0,123286.77255405633
lithium_carbonate,SVR,Single,2025-11-13,2025-11-14,84350.0,85150.0,133755.1399351288
lithium_carbonate,SVR,Single,2025-11-14,2025-11-17,85150.0,86150.0,128865.49897186476
lithium_carbonate,SVR,Single,2025-11-17,2025-11-18,86150.0,87400.0,138893.9507742357
lithium_carbonate,SVR,Single,2025-11-18,2025-11-19,87400.0,88900.0,136857.2872073966
lithium_carbonate,SVR,Single,2025-11-19,2025-11-20,88900.0,91300.0,139076.69461957534
lithium_carbonate,SVR,Single,2025-11-20,2025-11-21,91300.0,92300.0,140197.27981770292
lithium_carbonate,SVR,Single,2025-11-21,2025-11-24,92300.0,92150.0,128838.49267404084
lithium_carbonate,SVR,Single,2025-11-24,2025-11-25,92150.0,92050.0,116379.46095401426
lithium_carbonate,SVR,Single,2025-11-25,2025-11-26,92050.0,92800.0,116902.96482722096
lithium_carbonate,SVR,Single,2025-11-26,2025-11-27,92800.0,93300.0,115502.84224018516
lithium_carbonate,SVR,Single,2025-11-27,2025-11-28,93300.0,93750.0,115830.22542096258
lithium_carbonate,SVR,Single,2025-11-28,2025-12-01,93750.0,94350.0,116787.87369504482
lithium_carbonate,SVR,Single,2025-12-01,2025-12-02,94350.0,94400.0,118822.64109777492
lithium_carbonate,SVR,Single,2025-12-02,2025-12-03,94400.0,94350.0,115903.46640825296
lithium_carbonate,SVR,Single,2025-12-03,2025-12-04,94350.0,94000.0,112806.22906460371
lithium_carbonate,SVR,Single,2025-12-04,2025-12-05,94000.0,93250.0,112203.60030207931
lithium_carbonate,SVR,Single,2025-12-05,2025-12-08,93250.0,92750.0,111352.32087277924
lithium_carbonate,SVR,Single,2025-12-08,2025-12-09,92750.0,92750.0,117713.2249762606
lithium_carbonate,SVR,Single,2025-12-09,2025-12-10,92750.0,92700.0,117459.27983995776
lithium_carbonate,SVR,Single,2025-12-10,2025-12-11,92700.0,93500.0,117140.40615876234
lithium_carbonate,SVR,Single,2025-12-11,2025-12-12,93500.0,94500.0,115909.18769682648
lithium_carbonate,SVR,Single,2025-12-12,2025-12-15,94500.0,95150.0,114778.1047909784
lithium_carbonate,SVR,Single,2025-12-15,2025-12-16,95150.0,95850.0,114409.14272568795
lithium_carbonate,SVR,Single,2025-12-16,2025-12-17,95850.0,97050.0,114395.99475647292
lithium_carbonate,SVR,Single,2025-12-17,2025-12-18,97050.0,97550.0,120823.9490108735
lithium_carbonate,SVR,Single,2025-12-18,2025-12-19,97550.0,97650.0,119317.4500400202
lithium_carbonate,SVR,Single,2025-12-19,2025-12-22,97650.0,99000.0,119485.45337894936
lithium_carbonate,SVR,Single,2025-12-22,2025-12-23,99000.0,99500.0,120689.61394504714
lithium_carbonate,SVR,Single,2025-12-23,2025-12-24,99500.0,101500.0,122675.05577277804
lithium_carbonate,SVR,Single,2025-12-24,2025-12-25,101500.0,104900.0,123555.35040758528
lithium_carbonate,SVR,Single,2025-12-25,2025-12-26,104900.0,111900.0,124452.27558182266
lithium_carbonate,SVR,Single,2025-12-26,2025-12-29,111900.0,118000.0,126496.25280789302
lithium_carbonate,SVR,Single,2025-12-29,2025-12-30,118000.0,118000.0,127164.72277300787
lithium_carbonate,SVR,Single,2025-12-30,2025-12-31,118000.0,118500.0,125946.758430762
lithium_carbonate,SVR,Single,2025-12-31,2026-01-05,118500.0,119500.0,125318.87451617056
lithium_carbonate,SVR,Single,2026-01-05,2026-01-06,119500.0,127500.0,131435.93766357633
lithium_carbonate,SVR,Single,2026-01-06,2026-01-07,127500.0,133500.0,138483.3705581384
lithium_carbonate,SVR,Single,2026-01-07,2026-01-08,133500.0,138500.0,141503.6646268998
lithium_carbonate,SVR,Single,2026-01-08,2026-01-09,138500.0,140000.0,143019.46969398903
lithium_carbonate,SVR,Single,2026-01-09,2026-01-12,140000.0,152000.0,143708.9014783632
lithium_carbonate,SVR,Single,2026-01-12,2026-01-13,152000.0,159500.0,149747.0695135184
lithium_carbonate,SVR,Single,2026-01-13,2026-01-14,159500.0,163000.0,157956.7124925182
lithium_carbonate,SVR,Single,2026-01-14,2026-01-15,163000.0,159000.0,160568.41227001825
lithium_carbonate,SVR,Single,2026-01-15,2026-01-16,159000.0,158000.0,159097.43480455028
lithium_carbonate,SVR,Single,2026-01-16,2026-01-19,158000.0,151000.0,156188.66208942223
lithium_carbonate,SVR,Single,2026-01-19,2026-01-20,151000.0,152500.0,152392.69047998328
lithium_carbonate,SVR,Single,2026-01-20,2026-01-21,152500.0,158500.0,158117.20277901535
lithium_carbonate,SVR,Single,2026-01-21,2026-01-22,158500.0,164500.0,158784.86375350604
lithium_carbonate,SVR,Single,2026-01-22,2026-01-23,164500.0,171000.0,159756.99490200938
lithium_carbonate,SVR,Single,2026-01-23,2026-01-26,171000.0,181500.0,164894.92391063247
lithium_carbonate,SVR,Single,2026-01-26,2026-01-27,181500.0,172500.0,168815.48347908643
lithium_carbonate,SVR,Single,2026-01-27,2026-01-28,172500.0,172000.0,165284.8216118533
lithium_carbonate,SVR,Single,2026-01-28,2026-01-29,172000.0,168000.0,165495.1781243491
lithium_carbonate,SVR,Single,2026-01-29,2026-01-30,168000.0,160500.0,164401.45297057775
lithium_carbonate,SVR,Single,2026-01-30,2026-02-02,160500.0,155500.0,159579.2078209259
lithium_carbonate,SVR,Single,2026-02-02,2026-02-03,155500.0,153500.0,153122.1301604771
lithium_carbonate,SVR,Single,2026-02-03,2026-02-04,153500.0,153000.0,155910.68325857224
lithium_carbonate,SVR,Single,2026-02-04,2026-02-05,153000.0,144000.0,155976.59319433843
lithium_carbonate,SVR,Single,2026-02-05,2026-02-06,144000.0,134500.0,151546.46605131234
lithium_carbonate,SVR,Single,2026-02-06,2026-02-09,134500.0,135500.0,147866.33998358517
lithium_carbonate,SVR,Single,2026-02-09,2026-02-10,135500.0,136000.0,144472.071425304
lithium_carbonate,SVR,Single,2026-02-10,2026-02-11,136000.0,138000.0,145225.62606801649
lithium_carbonate,SVR,Single,2026-02-11,2026-02-12,138000.0,142500.0,147477.02439860458
lithium_carbonate,SVR,Single,2026-02-12,2026-02-13,142500.0,143750.0,153180.5614550956
lithium_carbonate,SVR,Single,2026-02-13,2026-02-24,143750.0,152000.0,153016.80255346058
lithium_carbonate,SVR,Single,2026-02-24,2026-02-25,152000.0,161750.0,158079.9457510406
lithium_carbonate,SVR,Single,2026-02-25,2026-02-26,161750.0,173000.0,161144.55829880867
lithium_carbonate,SVR,Single,2026-02-26,2026-02-27,173000.0,172000.0,166692.8002804828
lithium_carbonate,SVR,Single,2026-02-27,2026-03-02,172000.0,172500.0,167174.21448968243
lithium_carbonate,SVR,Single,2026-03-02,2026-03-03,172500.0,161000.0,173625.85996768912
lithium_carbonate,SVR,Single,2026-03-03,2026-03-04,161000.0,154000.0,165559.98985912843
lithium_carbonate,SVR,Single,2026-03-04,2026-03-05,154000.0,156000.0,162431.3757850128
lithium_carbonate,SVR,Single,2026-03-05,2026-03-06,156000.0,155250.0,164025.851714118
lithium_carbonate,SVR,Single,2026-03-06,2026-03-09,155250.0,154750.0,157727.48276410197
lithium_carbonate,SVR,Single,2026-03-09,2026-03-10,154750.0,158500.0,163272.24176891998
lithium_carbonate,SVR,Single,2026-03-10,2026-03-11,158500.0,159000.0,165515.7443703942
lithium_carbonate,SVR,Single,2026-03-11,2026-03-12,159000.0,158000.0,166036.4033708131
lithium_carbonate,RF,Single,2025-08-14,2025-08-15,82000.0,82700.0,80874.5
lithium_carbonate,RF,Single,2025-08-15,2025-08-18,82700.0,84600.0,80891.5
lithium_carbonate,RF,Single,2025-08-18,2025-08-19,84600.0,85700.0,84713.00000000003
lithium_carbonate,RF,Single,2025-08-19,2025-08-20,85700.0,85700.0,85723.00000000003
lithium_carbonate,RF,Single,2025-08-20,2025-08-21,85700.0,85200.0,85616.50000000003
lithium_carbonate,RF,Single,2025-08-21,2025-08-22,85200.0,83900.0,84706.00000000003
lithium_carbonate,RF,Single,2025-08-22,2025-08-25,83900.0,82500.0,82399.00000000003
lithium_carbonate,RF,Single,2025-08-25,2025-08-26,82500.0,81700.0,80781.00000000001
lithium_carbonate,RF,Single,2025-08-26,2025-08-27,81700.0,81600.0,80469.50000000003
lithium_carbonate,RF,Single,2025-08-27,2025-08-28,81600.0,80000.0,80469.00000000003
lithium_carbonate,RF,Single,2025-08-28,2025-08-29,80000.0,79650.0,79261.5
lithium_carbonate,RF,Single,2025-08-29,2025-09-01,79650.0,78350.0,78895.5
lithium_carbonate,RF,Single,2025-09-01,2025-09-02,78350.0,77500.0,78678.5
lithium_carbonate,RF,Single,2025-09-02,2025-09-03,77500.0,75900.0,77261.5
lithium_carbonate,RF,Single,2025-09-03,2025-09-04,75900.0,75000.0,76336.49999999997
lithium_carbonate,RF,Single,2025-09-04,2025-09-05,75000.0,74750.0,76050.50000000003
lithium_carbonate,RF,Single,2025-09-05,2025-09-08,74750.0,74600.0,75840.10000000003
lithium_carbonate,RF,Single,2025-09-08,2025-09-09,74600.0,74600.0,77137.80000000002
lithium_carbonate,RF,Single,2025-09-09,2025-09-10,74600.0,73450.0,77131.30000000002
lithium_carbonate,RF,Single,2025-09-10,2025-09-11,73450.0,72850.0,75237.5
lithium_carbonate,RF,Single,2025-09-11,2025-09-12,72850.0,72450.0,75165.5
lithium_carbonate,RF,Single,2025-09-12,2025-09-15,72450.0,72450.0,75012.00000000001
lithium_carbonate,RF,Single,2025-09-15,2025-09-16,72450.0,72850.0,74525.00000000003
lithium_carbonate,RF,Single,2025-09-16,2025-09-17,72850.0,73150.0,74782.99999999999
lithium_carbonate,RF,Single,2025-09-17,2025-09-18,73150.0,73450.0,74957.50000000001
lithium_carbonate,RF,Single,2025-09-18,2025-09-19,73450.0,73500.0,75213.5
lithium_carbonate,RF,Single,2025-09-19,2025-09-22,73500.0,73850.0,75216.49999999999
lithium_carbonate,RF,Single,2025-09-22,2025-09-23,73850.0,73850.0,75373.49999999999
lithium_carbonate,RF,Single,2025-09-23,2025-09-24,73850.0,73850.0,75383.49999999999
lithium_carbonate,RF,Single,2025-09-24,2025-09-25,73850.0,73750.0,75373.49999999999
lithium_carbonate,RF,Single,2025-09-25,2025-09-26,73750.0,73600.0,75385.99999999999
lithium_carbonate,RF,Single,2025-09-26,2025-09-29,73600.0,73550.0,75392.99999999997
lithium_carbonate,RF,Single,2025-09-29,2025-09-30,73550.0,73550.0,75252.0
lithium_carbonate,RF,Single,2025-09-30,2025-10-09,73550.0,73550.0,75252.0
lithium_carbonate,RF,Single,2025-10-09,2025-10-10,73550.0,73550.0,75234.0
lithium_carbonate,RF,Single,2025-10-10,2025-10-13,73550.0,73100.0,75191.5
lithium_carbonate,RF,Single,2025-10-13,2025-10-14,73100.0,73000.0,74843.5
lithium_carbonate,RF,Single,2025-10-14,2025-10-15,73000.0,73000.0,74684.5
lithium_carbonate,RF,Single,2025-10-15,2025-10-16,73000.0,73000.0,74708.49999999999
lithium_carbonate,RF,Single,2025-10-16,2025-10-17,73000.0,73350.0,74579.5
lithium_carbonate,RF,Single,2025-10-17,2025-10-20,73350.0,74000.0,75186.5
lithium_carbonate,RF,Single,2025-10-20,2025-10-21,74000.0,74100.0,75849.5
lithium_carbonate,RF,Single,2025-10-21,2025-10-22,74100.0,74350.0,75849.49999999999
lithium_carbonate,RF,Single,2025-10-22,2025-10-23,74350.0,74800.0,75975.00000000003
lithium_carbonate,RF,Single,2025-10-23,2025-10-24,74800.0,75400.0,77246.80000000002
lithium_carbonate,RF,Single,2025-10-24,2025-10-27,75400.0,76550.0,77338.50000000001
lithium_carbonate,RF,Single,2025-10-27,2025-10-28,76550.0,78500.0,78310.50000000003
lithium_carbonate,RF,Single,2025-10-28,2025-10-29,78500.0,79150.0,79750.99999999997
lithium_carbonate,RF,Single,2025-10-29,2025-10-30,79150.0,80000.0,79953.49999999997
lithium_carbonate,RF,Single,2025-10-30,2025-10-31,80000.0,80550.0,80501.5
lithium_carbonate,RF,Single,2025-10-31,2025-11-03,80550.0,81000.0,81622.00000000003
lithium_carbonate,RF,Single,2025-11-03,2025-11-04,81000.0,80900.0,81600.00000000003
lithium_carbonate,RF,Single,2025-11-04,2025-11-05,80900.0,80500.0,81496.50000000003
lithium_carbonate,RF,Single,2025-11-05,2025-11-06,80500.0,80400.0,81532.00000000003
lithium_carbonate,RF,Single,2025-11-06,2025-11-07,80400.0,80400.0,81428.50000000003
lithium_carbonate,RF,Single,2025-11-07,2025-11-10,80400.0,80750.0,81422.50000000003
lithium_carbonate,RF,Single,2025-11-10,2025-11-11,80750.0,82300.0,81569.00000000003
lithium_carbonate,RF,Single,2025-11-11,2025-11-12,82300.0,83300.0,82068.00000000003
lithium_carbonate,RF,Single,2025-11-12,2025-11-13,83300.0,84350.0,82558.00000000003
lithium_carbonate,RF,Single,2025-11-13,2025-11-14,84350.0,85150.0,84019.00000000001
lithium_carbonate,RF,Single,2025-11-14,2025-11-17,85150.0,86150.0,86043.50000000001
lithium_carbonate,RF,Single,2025-11-17,2025-11-18,86150.0,87400.0,87195.50000000001
lithium_carbonate,RF,Single,2025-11-18,2025-11-19,87400.0,88900.0,87417.0
lithium_carbonate,RF,Single,2025-11-19,2025-11-20,88900.0,91300.0,90300.0
lithium_carbonate,RF,Single,2025-11-20,2025-11-21,91300.0,92300.0,93200.0
lithium_carbonate,RF,Single,2025-11-21,2025-11-24,92300.0,92150.0,93530.5
lithium_carbonate,RF,Single,2025-11-24,2025-11-25,92150.0,92050.0,93501.0
lithium_carbonate,RF,Single,2025-11-25,2025-11-26,92050.0,92800.0,93501.0
lithium_carbonate,RF,Single,2025-11-26,2025-11-27,92800.0,93300.0,93486.0
lithium_carbonate,RF,Single,2025-11-27,2025-11-28,93300.0,93750.0,93867.5
lithium_carbonate,RF,Single,2025-11-28,2025-12-01,93750.0,94350.0,94423.0
lithium_carbonate,RF,Single,2025-12-01,2025-12-02,94350.0,94400.0,95949.0
lithium_carbonate,RF,Single,2025-12-02,2025-12-03,94400.0,94350.0,95946.0
lithium_carbonate,RF,Single,2025-12-03,2025-12-04,94350.0,94000.0,95946.0
lithium_carbonate,RF,Single,2025-12-04,2025-12-05,94000.0,93250.0,94560.0
lithium_carbonate,RF,Single,2025-12-05,2025-12-08,93250.0,92750.0,93508.0
lithium_carbonate,RF,Single,2025-12-08,2025-12-09,92750.0,92750.0,93483.0
lithium_carbonate,RF,Single,2025-12-09,2025-12-10,92750.0,92700.0,93483.0
lithium_carbonate,RF,Single,2025-12-10,2025-12-11,92700.0,93500.0,93508.0
lithium_carbonate,RF,Single,2025-12-11,2025-12-12,93500.0,94500.0,94402.5
lithium_carbonate,RF,Single,2025-12-12,2025-12-15,94500.0,95150.0,95946.0
lithium_carbonate,RF,Single,2025-12-15,2025-12-16,95150.0,95850.0,96408.5
lithium_carbonate,RF,Single,2025-12-16,2025-12-17,95850.0,97050.0,96969.5
lithium_carbonate,RF,Single,2025-12-17,2025-12-18,97050.0,97550.0,97448.0
lithium_carbonate,RF,Single,2025-12-18,2025-12-19,97550.0,97650.0,98314.50000000004
lithium_carbonate,RF,Single,2025-12-19,2025-12-22,97650.0,99000.0,98632.00000000004
lithium_carbonate,RF,Single,2025-12-22,2025-12-23,99000.0,99500.0,99695.5
lithium_carbonate,RF,Single,2025-12-23,2025-12-24,99500.0,101500.0,101025.0
lithium_carbonate,RF,Single,2025-12-24,2025-12-25,101500.0,104900.0,102190.5
lithium_carbonate,RF,Single,2025-12-25,2025-12-26,104900.0,111900.0,105857.83333333334
lithium_carbonate,RF,Single,2025-12-26,2025-12-29,111900.0,118000.0,115124.0
lithium_carbonate,RF,Single,2025-12-29,2025-12-30,118000.0,118000.0,116152.5
lithium_carbonate,RF,Single,2025-12-30,2025-12-31,118000.0,118500.0,116152.5
lithium_carbonate,RF,Single,2025-12-31,2026-01-05,118500.0,119500.0,116740.0
lithium_carbonate,RF,Single,2026-01-05,2026-01-06,119500.0,127500.0,118339.5
lithium_carbonate,RF,Single,2026-01-06,2026-01-07,127500.0,133500.0,129966.0
lithium_carbonate,RF,Single,2026-01-07,2026-01-08,133500.0,138500.0,132072.5
lithium_carbonate,RF,Single,2026-01-08,2026-01-09,138500.0,140000.0,134787.5
lithium_carbonate,RF,Single,2026-01-09,2026-01-12,140000.0,152000.0,140644.99999999997
lithium_carbonate,RF,Single,2026-01-12,2026-01-13,152000.0,159500.0,141065.0
lithium_carbonate,RF,Single,2026-01-13,2026-01-14,159500.0,163000.0,152805.0
lithium_carbonate,RF,Single,2026-01-14,2026-01-15,163000.0,159000.0,156990.0
lithium_carbonate,RF,Single,2026-01-15,2026-01-16,159000.0,158000.0,151765.0
lithium_carbonate,RF,Single,2026-01-16,2026-01-19,158000.0,151000.0,151410.0
lithium_carbonate,RF,Single,2026-01-19,2026-01-20,151000.0,152500.0,145885.0
lithium_carbonate,RF,Single,2026-01-20,2026-01-21,152500.0,158500.0,145195.0
lithium_carbonate,RF,Single,2026-01-21,2026-01-22,158500.0,164500.0,152120.0
lithium_carbonate,RF,Single,2026-01-22,2026-01-23,164500.0,171000.0,156815.0
lithium_carbonate,RF,Single,2026-01-23,2026-01-26,171000.0,181500.0,161940.0
lithium_carbonate,RF,Single,2026-01-26,2026-01-27,181500.0,172500.0,173715.00000000003
lithium_carbonate,RF,Single,2026-01-27,2026-01-28,172500.0,172000.0,162285.0
lithium_carbonate,RF,Single,2026-01-28,2026-01-29,172000.0,168000.0,162115.0
lithium_carbonate,RF,Single,2026-01-29,2026-01-30,168000.0,160500.0,160650.0
lithium_carbonate,RF,Single,2026-01-30,2026-02-02,160500.0,155500.0,154360.0
lithium_carbonate,RF,Single,2026-02-02,2026-02-03,155500.0,153500.0,147037.5
lithium_carbonate,RF,Single,2026-02-03,2026-02-04,153500.0,153000.0,145912.5
lithium_carbonate,RF,Single,2026-02-04,2026-02-05,153000.0,144000.0,145672.5
lithium_carbonate,RF,Single,2026-02-05,2026-02-06,144000.0,134500.0,139109.99999999997
lithium_carbonate,RF,Single,2026-02-06,2026-02-09,134500.0,135500.0,132560.0
lithium_carbonate,RF,Single,2026-02-09,2026-02-10,135500.0,136000.0,132807.5
lithium_carbonate,RF,Single,2026-02-10,2026-02-11,136000.0,138000.0,133502.5
lithium_carbonate,RF,Single,2026-02-11,2026-02-12,138000.0,142500.0,134917.5
lithium_carbonate,RF,Single,2026-02-12,2026-02-13,142500.0,143750.0,138365.0
lithium_carbonate,RF,Single,2026-02-13,2026-02-24,143750.0,152000.0,138765.0
lithium_carbonate,RF,Single,2026-02-24,2026-02-25,152000.0,161750.0,141215.0
lithium_carbonate,RF,Single,2026-02-25,2026-02-26,161750.0,173000.0,150982.5
lithium_carbonate,RF,Single,2026-02-26,2026-02-27,173000.0,172000.0,160900.0
lithium_carbonate,RF,Single,2026-02-27,2026-03-02,172000.0,172500.0,160250.0
lithium_carbonate,RF,Single,2026-03-02,2026-03-03,172500.0,161000.0,165665.0
lithium_carbonate,RF,Single,2026-03-03,2026-03-04,161000.0,154000.0,157120.0
lithium_carbonate,RF,Single,2026-03-04,2026-03-05,154000.0,156000.0,149305.0
lithium_carbonate,RF,Single,2026-03-05,2026-03-06,156000.0,155250.0,151740.0
lithium_carbonate,RF,Single,2026-03-06,2026-03-09,155250.0,154750.0,150390.0
lithium_carbonate,RF,Single,2026-03-09,2026-03-10,154750.0,158500.0,149445.0
lithium_carbonate,RF,Single,2026-03-10,2026-03-11,158500.0,159000.0,153744.99999999997
lithium_carbonate,RF,Single,2026-03-11,2026-03-12,159000.0,158000.0,153744.99999999997
lithium_carbonate,MLP,Single,2025-08-14,2025-08-15,82000.0,82700.0,76526.96015102544
lithium_carbonate,MLP,Single,2025-08-15,2025-08-18,82700.0,84600.0,78778.85734917052
lithium_carbonate,MLP,Single,2025-08-18,2025-08-19,84600.0,85700.0,79901.97625302768
lithium_carbonate,MLP,Single,2025-08-19,2025-08-20,85700.0,85700.0,79238.1345688728
lithium_carbonate,MLP,Single,2025-08-20,2025-08-21,85700.0,85200.0,78812.18747920431
lithium_carbonate,MLP,Single,2025-08-21,2025-08-22,85200.0,83900.0,78710.6384615422
lithium_carbonate,MLP,Single,2025-08-22,2025-08-25,83900.0,82500.0,79420.40303346986
lithium_carbonate,MLP,Single,2025-08-25,2025-08-26,82500.0,81700.0,78092.15762252765
lithium_carbonate,MLP,Single,2025-08-26,2025-08-27,81700.0,81600.0,78997.56900679143
lithium_carbonate,MLP,Single,2025-08-27,2025-08-28,81600.0,80000.0,78138.91750603492
lithium_carbonate,MLP,Single,2025-08-28,2025-08-29,80000.0,79650.0,77977.6234211324
lithium_carbonate,MLP,Single,2025-08-29,2025-09-01,79650.0,78350.0,82735.91128053713
lithium_carbonate,MLP,Single,2025-09-01,2025-09-02,78350.0,77500.0,83088.5592549699
lithium_carbonate,MLP,Single,2025-09-02,2025-09-03,77500.0,75900.0,86838.14220836291
lithium_carbonate,MLP,Single,2025-09-03,2025-09-04,75900.0,75000.0,86313.26028956934
lithium_carbonate,MLP,Single,2025-09-04,2025-09-05,75000.0,74750.0,83910.95837209115
lithium_carbonate,MLP,Single,2025-09-05,2025-09-08,74750.0,74600.0,84781.89334741727
lithium_carbonate,MLP,Single,2025-09-08,2025-09-09,74600.0,74600.0,93119.50943820569
lithium_carbonate,MLP,Single,2025-09-09,2025-09-10,74600.0,73450.0,93298.2284460749
lithium_carbonate,MLP,Single,2025-09-10,2025-09-11,73450.0,72850.0,91699.98572701156
lithium_carbonate,MLP,Single,2025-09-11,2025-09-12,72850.0,72450.0,86509.529104655
lithium_carbonate,MLP,Single,2025-09-12,2025-09-15,72450.0,72450.0,85224.91740691541
lithium_carbonate,MLP,Single,2025-09-15,2025-09-16,72450.0,72850.0,96882.68256573612
lithium_carbonate,MLP,Single,2025-09-16,2025-09-17,72850.0,73150.0,100507.23287776044
lithium_carbonate,MLP,Single,2025-09-17,2025-09-18,73150.0,73450.0,99284.37723728814
lithium_carbonate,MLP,Single,2025-09-18,2025-09-19,73450.0,73500.0,96026.99491070231
lithium_carbonate,MLP,Single,2025-09-19,2025-09-22,73500.0,73850.0,103281.18023913064
lithium_carbonate,MLP,Single,2025-09-22,2025-09-23,73850.0,73850.0,105940.3905285806
lithium_carbonate,MLP,Single,2025-09-23,2025-09-24,73850.0,73850.0,109991.5734908468
lithium_carbonate,MLP,Single,2025-09-24,2025-09-25,73850.0,73750.0,110686.39434346872
lithium_carbonate,MLP,Single,2025-09-25,2025-09-26,73750.0,73600.0,114953.39402194046
lithium_carbonate,MLP,Single,2025-09-26,2025-09-29,73600.0,73550.0,105407.74757781682
lithium_carbonate,MLP,Single,2025-09-29,2025-09-30,73550.0,73550.0,118478.197517156
lithium_carbonate,MLP,Single,2025-09-30,2025-10-09,73550.0,73550.0,124385.33027804414
lithium_carbonate,MLP,Single,2025-10-09,2025-10-10,73550.0,73550.0,137088.1262497111
lithium_carbonate,MLP,Single,2025-10-10,2025-10-13,73550.0,73100.0,156536.72216847504
lithium_carbonate,MLP,Single,2025-10-13,2025-10-14,73100.0,73000.0,151946.63614043835
lithium_carbonate,MLP,Single,2025-10-14,2025-10-15,73000.0,73000.0,158252.70335153746
lithium_carbonate,MLP,Single,2025-10-15,2025-10-16,73000.0,73000.0,153893.4443242542
lithium_carbonate,MLP,Single,2025-10-16,2025-10-17,73000.0,73350.0,176200.47615260322
lithium_carbonate,MLP,Single,2025-10-17,2025-10-20,73350.0,74000.0,146943.7756446813
lithium_carbonate,MLP,Single,2025-10-20,2025-10-21,74000.0,74100.0,132318.17716311288
lithium_carbonate,MLP,Single,2025-10-21,2025-10-22,74100.0,74350.0,132322.31242596777
lithium_carbonate,MLP,Single,2025-10-22,2025-10-23,74350.0,74800.0,133790.30146124313
lithium_carbonate,MLP,Single,2025-10-23,2025-10-24,74800.0,75400.0,134882.79070556432
lithium_carbonate,MLP,Single,2025-10-24,2025-10-27,75400.0,76550.0,132252.57365783918
lithium_carbonate,MLP,Single,2025-10-27,2025-10-28,76550.0,78500.0,132585.9541285009
lithium_carbonate,MLP,Single,2025-10-28,2025-10-29,78500.0,79150.0,133151.0749788005
lithium_carbonate,MLP,Single,2025-10-29,2025-10-30,79150.0,80000.0,142281.77089514746
lithium_carbonate,MLP,Single,2025-10-30,2025-10-31,80000.0,80550.0,148528.03704738864
lithium_carbonate,MLP,Single,2025-10-31,2025-11-03,80550.0,81000.0,144781.35101443634
lithium_carbonate,MLP,Single,2025-11-03,2025-11-04,81000.0,80900.0,142580.19167838746
lithium_carbonate,MLP,Single,2025-11-04,2025-11-05,80900.0,80500.0,147432.53852152525
lithium_carbonate,MLP,Single,2025-11-05,2025-11-06,80500.0,80400.0,143564.63732977016
lithium_carbonate,MLP,Single,2025-11-06,2025-11-07,80400.0,80400.0,157127.27509603888
lithium_carbonate,MLP,Single,2025-11-07,2025-11-10,80400.0,80750.0,155120.57703992768
lithium_carbonate,MLP,Single,2025-11-10,2025-11-11,80750.0,82300.0,146909.34268786554
lithium_carbonate,MLP,Single,2025-11-11,2025-11-12,82300.0,83300.0,142684.56255533043
lithium_carbonate,MLP,Single,2025-11-12,2025-11-13,83300.0,84350.0,144354.41401327276
lithium_carbonate,MLP,Single,2025-11-13,2025-11-14,84350.0,85150.0,165578.76605514382
lithium_carbonate,MLP,Single,2025-11-14,2025-11-17,85150.0,86150.0,158295.18056205948
lithium_carbonate,MLP,Single,2025-11-17,2025-11-18,86150.0,87400.0,180671.89071286883
lithium_carbonate,MLP,Single,2025-11-18,2025-11-19,87400.0,88900.0,186501.553449026
lithium_carbonate,MLP,Single,2025-11-19,2025-11-20,88900.0,91300.0,185358.3147720176
lithium_carbonate,MLP,Single,2025-11-20,2025-11-21,91300.0,92300.0,196114.69759739115
lithium_carbonate,MLP,Single,2025-11-21,2025-11-24,92300.0,92150.0,170405.328134695
lithium_carbonate,MLP,Single,2025-11-24,2025-11-25,92150.0,92050.0,146577.22091281405
lithium_carbonate,MLP,Single,2025-11-25,2025-11-26,92050.0,92800.0,139089.1843121449
lithium_carbonate,MLP,Single,2025-11-26,2025-11-27,92800.0,93300.0,131749.4855146391
lithium_carbonate,MLP,Single,2025-11-27,2025-11-28,93300.0,93750.0,132030.85518083978
lithium_carbonate,MLP,Single,2025-11-28,2025-12-01,93750.0,94350.0,129971.04017350858
lithium_carbonate,MLP,Single,2025-12-01,2025-12-02,94350.0,94400.0,137258.4602021365
lithium_carbonate,MLP,Single,2025-12-02,2025-12-03,94400.0,94350.0,129781.658108232
lithium_carbonate,MLP,Single,2025-12-03,2025-12-04,94350.0,94000.0,123892.99500200344
lithium_carbonate,MLP,Single,2025-12-04,2025-12-05,94000.0,93250.0,122223.69648340537
lithium_carbonate,MLP,Single,2025-12-05,2025-12-08,93250.0,92750.0,119999.31288807568
lithium_carbonate,MLP,Single,2025-12-08,2025-12-09,92750.0,92750.0,132913.63254557367
lithium_carbonate,MLP,Single,2025-12-09,2025-12-10,92750.0,92700.0,133633.8501705165
lithium_carbonate,MLP,Single,2025-12-10,2025-12-11,92700.0,93500.0,129383.40465628495
lithium_carbonate,MLP,Single,2025-12-11,2025-12-12,93500.0,94500.0,124701.0235215089
lithium_carbonate,MLP,Single,2025-12-12,2025-12-15,94500.0,95150.0,125659.13962493694
lithium_carbonate,MLP,Single,2025-12-15,2025-12-16,95150.0,95850.0,127029.14327667338
lithium_carbonate,MLP,Single,2025-12-16,2025-12-17,95850.0,97050.0,126672.89586976342
lithium_carbonate,MLP,Single,2025-12-17,2025-12-18,97050.0,97550.0,139752.21445993904
lithium_carbonate,MLP,Single,2025-12-18,2025-12-19,97550.0,97650.0,134926.06039586102
lithium_carbonate,MLP,Single,2025-12-19,2025-12-22,97650.0,99000.0,128737.8323169894
lithium_carbonate,MLP,Single,2025-12-22,2025-12-23,99000.0,99500.0,127163.51809500586
lithium_carbonate,MLP,Single,2025-12-23,2025-12-24,99500.0,101500.0,130024.45352815684
lithium_carbonate,MLP,Single,2025-12-24,2025-12-25,101500.0,104900.0,128664.22722381486
lithium_carbonate,MLP,Single,2025-12-25,2025-12-26,104900.0,111900.0,128536.1064960821
lithium_carbonate,MLP,Single,2025-12-26,2025-12-29,111900.0,118000.0,128855.97199702443
lithium_carbonate,MLP,Single,2025-12-29,2025-12-30,118000.0,118000.0,129492.89650297703
lithium_carbonate,MLP,Single,2025-12-30,2025-12-31,118000.0,118500.0,127939.52202222988
lithium_carbonate,MLP,Single,2025-12-31,2026-01-05,118500.0,119500.0,129050.29813910616
lithium_carbonate,MLP,Single,2026-01-05,2026-01-06,119500.0,127500.0,142745.96168093852
lithium_carbonate,MLP,Single,2026-01-06,2026-01-07,127500.0,133500.0,151475.8886736149
lithium_carbonate,MLP,Single,2026-01-07,2026-01-08,133500.0,138500.0,155731.55801317835
lithium_carbonate,MLP,Single,2026-01-08,2026-01-09,138500.0,140000.0,156123.43735921907
lithium_carbonate,MLP,Single,2026-01-09,2026-01-12,140000.0,152000.0,153509.255837279
lithium_carbonate,MLP,Single,2026-01-12,2026-01-13,152000.0,159500.0,158765.3546580198
lithium_carbonate,MLP,Single,2026-01-13,2026-01-14,159500.0,163000.0,174319.82208170055
lithium_carbonate,MLP,Single,2026-01-14,2026-01-15,163000.0,159000.0,179355.0644792872
lithium_carbonate,MLP,Single,2026-01-15,2026-01-16,159000.0,158000.0,177292.86796159728
lithium_carbonate,MLP,Single,2026-01-16,2026-01-19,158000.0,151000.0,170750.76834628914
lithium_carbonate,MLP,Single,2026-01-19,2026-01-20,151000.0,152500.0,167866.16823273123
lithium_carbonate,MLP,Single,2026-01-20,2026-01-21,152500.0,158500.0,195001.7669561251
lithium_carbonate,MLP,Single,2026-01-21,2026-01-22,158500.0,164500.0,180159.95177937736
lithium_carbonate,MLP,Single,2026-01-22,2026-01-23,164500.0,171000.0,172788.57460505108
lithium_carbonate,MLP,Single,2026-01-23,2026-01-26,171000.0,181500.0,183541.6952187888
lithium_carbonate,MLP,Single,2026-01-26,2026-01-27,181500.0,172500.0,184287.4308810837
lithium_carbonate,MLP,Single,2026-01-27,2026-01-28,172500.0,172000.0,183227.0242646698
lithium_carbonate,MLP,Single,2026-01-28,2026-01-29,172000.0,168000.0,186051.30896578825
lithium_carbonate,MLP,Single,2026-01-29,2026-01-30,168000.0,160500.0,187486.92678532656
lithium_carbonate,MLP,Single,2026-01-30,2026-02-02,160500.0,155500.0,181723.072330745
lithium_carbonate,MLP,Single,2026-02-02,2026-02-03,155500.0,153500.0,167049.8564003872
lithium_carbonate,MLP,Single,2026-02-03,2026-02-04,153500.0,153000.0,181139.5228010993
lithium_carbonate,MLP,Single,2026-02-04,2026-02-05,153000.0,144000.0,184017.6255581756
lithium_carbonate,MLP,Single,2026-02-05,2026-02-06,144000.0,134500.0,192929.85057038508
lithium_carbonate,MLP,Single,2026-02-06,2026-02-09,134500.0,135500.0,185162.85140275708
lithium_carbonate,MLP,Single,2026-02-09,2026-02-10,135500.0,136000.0,167461.5916161054
lithium_carbonate,MLP,Single,2026-02-10,2026-02-11,136000.0,138000.0,170184.22523990806
lithium_carbonate,MLP,Single,2026-02-11,2026-02-12,138000.0,142500.0,172840.3289506573
lithium_carbonate,MLP,Single,2026-02-12,2026-02-13,142500.0,143750.0,192916.71478977735
lithium_carbonate,MLP,Single,2026-02-13,2026-02-24,143750.0,152000.0,191131.58268827625
lithium_carbonate,MLP,Single,2026-02-24,2026-02-25,152000.0,161750.0,193856.82850548928
lithium_carbonate,MLP,Single,2026-02-25,2026-02-26,161750.0,173000.0,187803.0709766098
lithium_carbonate,MLP,Single,2026-02-26,2026-02-27,173000.0,172000.0,196953.7103965702
lithium_carbonate,MLP,Single,2026-02-27,2026-03-02,172000.0,172500.0,205043.16680731892
lithium_carbonate,MLP,Single,2026-03-02,2026-03-03,172500.0,161000.0,224186.4756122633
lithium_carbonate,MLP,Single,2026-03-03,2026-03-04,161000.0,154000.0,222511.4234661577
lithium_carbonate,MLP,Single,2026-03-04,2026-03-05,154000.0,156000.0,206903.19924191863
lithium_carbonate,MLP,Single,2026-03-05,2026-03-06,156000.0,155250.0,222946.2592018728
lithium_carbonate,MLP,Single,2026-03-06,2026-03-09,155250.0,154750.0,242610.7822668266
lithium_carbonate,MLP,Single,2026-03-09,2026-03-10,154750.0,158500.0,233813.07201851357
lithium_carbonate,MLP,Single,2026-03-10,2026-03-11,158500.0,159000.0,233771.81795442337
lithium_carbonate,MLP,Single,2026-03-11,2026-03-12,159000.0,158000.0,230765.8957023733
lithium_carbonate,ELM,Single,2025-08-14,2025-08-15,82000.0,82700.0,81396.79300666541
lithium_carbonate,ELM,Single,2025-08-15,2025-08-18,82700.0,84600.0,82114.99409982454
lithium_carbonate,ELM,Single,2025-08-18,2025-08-19,84600.0,85700.0,83911.72059820243
lithium_carbonate,ELM,Single,2025-08-19,2025-08-20,85700.0,85700.0,84856.30745638652
lithium_carbonate,ELM,Single,2025-08-20,2025-08-21,85700.0,85200.0,84879.80108766012
lithium_carbonate,ELM,Single,2025-08-21,2025-08-22,85200.0,83900.0,84470.13346679458
lithium_carbonate,ELM,Single,2025-08-22,2025-08-25,83900.0,82500.0,83280.202268708
lithium_carbonate,ELM,Single,2025-08-25,2025-08-26,82500.0,81700.0,81945.49885071555
lithium_carbonate,ELM,Single,2025-08-26,2025-08-27,81700.0,81600.0,81404.75463365429
lithium_carbonate,ELM,Single,2025-08-27,2025-08-28,81600.0,80000.0,81126.32199440958
lithium_carbonate,ELM,Single,2025-08-28,2025-08-29,80000.0,79650.0,79839.27751229148
lithium_carbonate,ELM,Single,2025-08-29,2025-09-01,79650.0,78350.0,79656.18111713856
lithium_carbonate,ELM,Single,2025-09-01,2025-09-02,78350.0,77500.0,78804.48528697071
lithium_carbonate,ELM,Single,2025-09-02,2025-09-03,77500.0,75900.0,77104.86534720028
lithium_carbonate,ELM,Single,2025-09-03,2025-09-04,75900.0,75000.0,76098.24333013894
lithium_carbonate,ELM,Single,2025-09-04,2025-09-05,75000.0,74750.0,76291.05632168264
lithium_carbonate,ELM,Single,2025-09-05,2025-09-08,74750.0,74600.0,80072.28144510335
lithium_carbonate,ELM,Single,2025-09-08,2025-09-09,74600.0,74600.0,87346.99099604355
lithium_carbonate,ELM,Single,2025-09-09,2025-09-10,74600.0,73450.0,88194.02914838775
lithium_carbonate,ELM,Single,2025-09-10,2025-09-11,73450.0,72850.0,83023.5030963363
lithium_carbonate,ELM,Single,2025-09-11,2025-09-12,72850.0,72450.0,84355.5161952686
lithium_carbonate,ELM,Single,2025-09-12,2025-09-15,72450.0,72450.0,82609.34603140611
lithium_carbonate,ELM,Single,2025-09-15,2025-09-16,72450.0,72850.0,85116.92393321727
lithium_carbonate,ELM,Single,2025-09-16,2025-09-17,72850.0,73150.0,83070.68329523885
lithium_carbonate,ELM,Single,2025-09-17,2025-09-18,73150.0,73450.0,88745.72169925322
lithium_carbonate,ELM,Single,2025-09-18,2025-09-19,73450.0,73500.0,84360.68005948668
lithium_carbonate,ELM,Single,2025-09-19,2025-09-22,73500.0,73850.0,97680.19903458978
lithium_carbonate,ELM,Single,2025-09-22,2025-09-23,73850.0,73850.0,95048.9936234822
lithium_carbonate,ELM,Single,2025-09-23,2025-09-24,73850.0,73850.0,95226.85978292151
lithium_carbonate,ELM,Single,2025-09-24,2025-09-25,73850.0,73750.0,102059.7228585768
lithium_carbonate,ELM,Single,2025-09-25,2025-09-26,73750.0,73600.0,102771.63837290776
lithium_carbonate,ELM,Single,2025-09-26,2025-09-29,73600.0,73550.0,102479.1856021254
lithium_carbonate,ELM,Single,2025-09-29,2025-09-30,73550.0,73550.0,116047.64181383028
lithium_carbonate,ELM,Single,2025-09-30,2025-10-09,73550.0,73550.0,125451.175929016
lithium_carbonate,ELM,Single,2025-10-09,2025-10-10,73550.0,73550.0,152397.75830389129
lithium_carbonate,ELM,Single,2025-10-10,2025-10-13,73550.0,73100.0,106968.51182828008
lithium_carbonate,ELM,Single,2025-10-13,2025-10-14,73100.0,73000.0,150661.66800197063
lithium_carbonate,ELM,Single,2025-10-14,2025-10-15,73000.0,73000.0,132193.97721723412
lithium_carbonate,ELM,Single,2025-10-15,2025-10-16,73000.0,73000.0,123584.3428940288
lithium_carbonate,ELM,Single,2025-10-16,2025-10-17,73000.0,73350.0,84086.68851378413
lithium_carbonate,ELM,Single,2025-10-17,2025-10-20,73350.0,74000.0,101841.80606411
lithium_carbonate,ELM,Single,2025-10-20,2025-10-21,74000.0,74100.0,115823.6343772958
lithium_carbonate,ELM,Single,2025-10-21,2025-10-22,74100.0,74350.0,121154.20183673696
lithium_carbonate,ELM,Single,2025-10-22,2025-10-23,74350.0,74800.0,113960.6677509566
lithium_carbonate,ELM,Single,2025-10-23,2025-10-24,74800.0,75400.0,135458.88063396726
lithium_carbonate,ELM,Single,2025-10-24,2025-10-27,75400.0,76550.0,140669.31434448698
lithium_carbonate,ELM,Single,2025-10-27,2025-10-28,76550.0,78500.0,149388.07735921766
lithium_carbonate,ELM,Single,2025-10-28,2025-10-29,78500.0,79150.0,143427.92241541782
lithium_carbonate,ELM,Single,2025-10-29,2025-10-30,79150.0,80000.0,159725.79356422622
lithium_carbonate,ELM,Single,2025-10-30,2025-10-31,80000.0,80550.0,176274.0220393535
lithium_carbonate,ELM,Single,2025-10-31,2025-11-03,80550.0,81000.0,157731.88189826443
lithium_carbonate,ELM,Single,2025-11-03,2025-11-04,81000.0,80900.0,156129.00062915526
lithium_carbonate,ELM,Single,2025-11-04,2025-11-05,80900.0,80500.0,136046.11916598518
lithium_carbonate,ELM,Single,2025-11-05,2025-11-06,80500.0,80400.0,144481.63628580864
lithium_carbonate,ELM,Single,2025-11-06,2025-11-07,80400.0,80400.0,150418.90698781222
lithium_carbonate,ELM,Single,2025-11-07,2025-11-10,80400.0,80750.0,153017.5812738532
lithium_carbonate,ELM,Single,2025-11-10,2025-11-11,80750.0,82300.0,159045.70406853253
lithium_carbonate,ELM,Single,2025-11-11,2025-11-12,82300.0,83300.0,153486.37170051673
lithium_carbonate,ELM,Single,2025-11-12,2025-11-13,83300.0,84350.0,153217.74876615216
lithium_carbonate,ELM,Single,2025-11-13,2025-11-14,84350.0,85150.0,159303.14223593037
lithium_carbonate,ELM,Single,2025-11-14,2025-11-17,85150.0,86150.0,144848.89313741607
lithium_carbonate,ELM,Single,2025-11-17,2025-11-18,86150.0,87400.0,148207.3324285482
lithium_carbonate,ELM,Single,2025-11-18,2025-11-19,87400.0,88900.0,112437.2496015004
lithium_carbonate,ELM,Single,2025-11-19,2025-11-20,88900.0,91300.0,131391.1560661247
lithium_carbonate,ELM,Single,2025-11-20,2025-11-21,91300.0,92300.0,103397.54091650464
lithium_carbonate,ELM,Single,2025-11-21,2025-11-24,92300.0,92150.0,105702.375101395
lithium_carbonate,ELM,Single,2025-11-24,2025-11-25,92150.0,92050.0,106692.35330764065
lithium_carbonate,ELM,Single,2025-11-25,2025-11-26,92050.0,92800.0,122806.66997238388
lithium_carbonate,ELM,Single,2025-11-26,2025-11-27,92800.0,93300.0,130017.595438569
lithium_carbonate,ELM,Single,2025-11-27,2025-11-28,93300.0,93750.0,130604.2741124214
lithium_carbonate,ELM,Single,2025-11-28,2025-12-01,93750.0,94350.0,139127.8890838189
lithium_carbonate,ELM,Single,2025-12-01,2025-12-02,94350.0,94400.0,137001.63583287926
lithium_carbonate,ELM,Single,2025-12-02,2025-12-03,94400.0,94350.0,134617.50338354116
lithium_carbonate,ELM,Single,2025-12-03,2025-12-04,94350.0,94000.0,130264.9706155865
lithium_carbonate,ELM,Single,2025-12-04,2025-12-05,94000.0,93250.0,130776.7630459953
lithium_carbonate,ELM,Single,2025-12-05,2025-12-08,93250.0,92750.0,131215.17185792516
lithium_carbonate,ELM,Single,2025-12-08,2025-12-09,92750.0,92750.0,139787.25372159216
lithium_carbonate,ELM,Single,2025-12-09,2025-12-10,92750.0,92700.0,137009.89140318974
lithium_carbonate,ELM,Single,2025-12-10,2025-12-11,92700.0,93500.0,144802.24610158062
lithium_carbonate,ELM,Single,2025-12-11,2025-12-12,93500.0,94500.0,146769.8492831625
lithium_carbonate,ELM,Single,2025-12-12,2025-12-15,94500.0,95150.0,137482.18758106863
lithium_carbonate,ELM,Single,2025-12-15,2025-12-16,95150.0,95850.0,131052.94747504244
lithium_carbonate,ELM,Single,2025-12-16,2025-12-17,95850.0,97050.0,130805.85160246928
lithium_carbonate,ELM,Single,2025-12-17,2025-12-18,97050.0,97550.0,138033.28070766327
lithium_carbonate,ELM,Single,2025-12-18,2025-12-19,97550.0,97650.0,139712.28051452467
lithium_carbonate,ELM,Single,2025-12-19,2025-12-22,97650.0,99000.0,153795.41325309584
lithium_carbonate,ELM,Single,2025-12-22,2025-12-23,99000.0,99500.0,161051.1139290628
lithium_carbonate,ELM,Single,2025-12-23,2025-12-24,99500.0,101500.0,166996.82972937508
lithium_carbonate,ELM,Single,2025-12-24,2025-12-25,101500.0,104900.0,170721.5796356772
lithium_carbonate,ELM,Single,2025-12-25,2025-12-26,104900.0,111900.0,170971.86285367346
lithium_carbonate,ELM,Single,2025-12-26,2025-12-29,111900.0,118000.0,171411.70809549635
lithium_carbonate,ELM,Single,2025-12-29,2025-12-30,118000.0,118000.0,165739.3032367584
lithium_carbonate,ELM,Single,2025-12-30,2025-12-31,118000.0,118500.0,161315.53476004413
lithium_carbonate,ELM,Single,2025-12-31,2026-01-05,118500.0,119500.0,155615.59385383566
lithium_carbonate,ELM,Single,2026-01-05,2026-01-06,119500.0,127500.0,167683.09931964264
lithium_carbonate,ELM,Single,2026-01-06,2026-01-07,127500.0,133500.0,181963.96154321168
lithium_carbonate,ELM,Single,2026-01-07,2026-01-08,133500.0,138500.0,180281.27443080727
lithium_carbonate,ELM,Single,2026-01-08,2026-01-09,138500.0,140000.0,177300.1814696964
lithium_carbonate,ELM,Single,2026-01-09,2026-01-12,140000.0,152000.0,181958.51380572503
lithium_carbonate,ELM,Single,2026-01-12,2026-01-13,152000.0,159500.0,191516.3139562303
lithium_carbonate,ELM,Single,2026-01-13,2026-01-14,159500.0,163000.0,203117.6136476922
lithium_carbonate,ELM,Single,2026-01-14,2026-01-15,163000.0,159000.0,198189.03491194145
lithium_carbonate,ELM,Single,2026-01-15,2026-01-16,159000.0,158000.0,208439.9400451432
lithium_carbonate,ELM,Single,2026-01-16,2026-01-19,158000.0,151000.0,198089.4352626188
lithium_carbonate,ELM,Single,2026-01-19,2026-01-20,151000.0,152500.0,191835.5651028521
lithium_carbonate,ELM,Single,2026-01-20,2026-01-21,152500.0,158500.0,178290.05505672237
lithium_carbonate,ELM,Single,2026-01-21,2026-01-22,158500.0,164500.0,199736.2694165877
lithium_carbonate,ELM,Single,2026-01-22,2026-01-23,164500.0,171000.0,203095.50042758623
lithium_carbonate,ELM,Single,2026-01-23,2026-01-26,171000.0,181500.0,216372.58371443325
lithium_carbonate,ELM,Single,2026-01-26,2026-01-27,181500.0,172500.0,218264.97014054848
lithium_carbonate,ELM,Single,2026-01-27,2026-01-28,172500.0,172000.0,213357.4518817104
lithium_carbonate,ELM,Single,2026-01-28,2026-01-29,172000.0,168000.0,217628.01197688136
lithium_carbonate,ELM,Single,2026-01-29,2026-01-30,168000.0,160500.0,213505.77088008937
lithium_carbonate,ELM,Single,2026-01-30,2026-02-02,160500.0,155500.0,194094.68175740124
lithium_carbonate,ELM,Single,2026-02-02,2026-02-03,155500.0,153500.0,186174.34257933544
lithium_carbonate,ELM,Single,2026-02-03,2026-02-04,153500.0,153000.0,186944.50662013952
lithium_carbonate,ELM,Single,2026-02-04,2026-02-05,153000.0,144000.0,182231.1763109832
lithium_carbonate,ELM,Single,2026-02-05,2026-02-06,144000.0,134500.0,154353.90213228954
lithium_carbonate,ELM,Single,2026-02-06,2026-02-09,134500.0,135500.0,158707.3700075807
lithium_carbonate,ELM,Single,2026-02-09,2026-02-10,135500.0,136000.0,172914.92895819116
lithium_carbonate,ELM,Single,2026-02-10,2026-02-11,136000.0,138000.0,171454.3139708439
lithium_carbonate,ELM,Single,2026-02-11,2026-02-12,138000.0,142500.0,178418.20940493536
lithium_carbonate,ELM,Single,2026-02-12,2026-02-13,142500.0,143750.0,167192.2897355804
lithium_carbonate,ELM,Single,2026-02-13,2026-02-24,143750.0,152000.0,167323.68251950655
lithium_carbonate,ELM,Single,2026-02-24,2026-02-25,152000.0,161750.0,187384.03160840532
lithium_carbonate,ELM,Single,2026-02-25,2026-02-26,161750.0,173000.0,202025.94068021295
lithium_carbonate,ELM,Single,2026-02-26,2026-02-27,173000.0,172000.0,208015.8445219716
lithium_carbonate,ELM,Single,2026-02-27,2026-03-02,172000.0,172500.0,202580.32774600733
lithium_carbonate,ELM,Single,2026-03-02,2026-03-03,172500.0,161000.0,197441.7126853633
lithium_carbonate,ELM,Single,2026-03-03,2026-03-04,161000.0,154000.0,168402.85650432104
lithium_carbonate,ELM,Single,2026-03-04,2026-03-05,154000.0,156000.0,175576.00080064588
lithium_carbonate,ELM,Single,2026-03-05,2026-03-06,156000.0,155250.0,164129.4614066953
lithium_carbonate,ELM,Single,2026-03-06,2026-03-09,155250.0,154750.0,133430.73194573587
lithium_carbonate,ELM,Single,2026-03-09,2026-03-10,154750.0,158500.0,154388.39411882017
lithium_carbonate,ELM,Single,2026-03-10,2026-03-11,158500.0,159000.0,162745.4119422265
lithium_carbonate,ELM,Single,2026-03-11,2026-03-12,159000.0,158000.0,169322.41971810994
lithium_carbonate,LSTM,Single,2025-08-14,2025-08-15,82000.0,82700.0,106304.5625
lithium_carbonate,LSTM,Single,2025-08-15,2025-08-18,82700.0,84600.0,97783.0234375
lithium_carbonate,LSTM,Single,2025-08-18,2025-08-19,84600.0,85700.0,91671.6953125
lithium_carbonate,LSTM,Single,2025-08-19,2025-08-20,85700.0,85700.0,87181.8046875
lithium_carbonate,LSTM,Single,2025-08-20,2025-08-21,85700.0,85200.0,84187.46875
lithium_carbonate,LSTM,Single,2025-08-21,2025-08-22,85200.0,83900.0,82116.078125
lithium_carbonate,LSTM,Single,2025-08-22,2025-08-25,83900.0,82500.0,81284.3984375
lithium_carbonate,LSTM,Single,2025-08-25,2025-08-26,82500.0,81700.0,80360.4609375
lithium_carbonate,LSTM,Single,2025-08-26,2025-08-27,81700.0,81600.0,80056.984375
lithium_carbonate,LSTM,Single,2025-08-27,2025-08-28,81600.0,80000.0,79498.6171875
lithium_carbonate,LSTM,Single,2025-08-28,2025-08-29,80000.0,79650.0,79174.1953125
lithium_carbonate,LSTM,Single,2025-08-29,2025-09-01,79650.0,78350.0,79210.6484375
lithium_carbonate,LSTM,Single,2025-09-01,2025-09-02,78350.0,77500.0,79255.90625
lithium_carbonate,LSTM,Single,2025-09-02,2025-09-03,77500.0,75900.0,78862.5390625
lithium_carbonate,LSTM,Single,2025-09-03,2025-09-04,75900.0,75000.0,78789.359375
lithium_carbonate,LSTM,Single,2025-09-04,2025-09-05,75000.0,74750.0,78817.9609375
lithium_carbonate,LSTM,Single,2025-09-05,2025-09-08,74750.0,74600.0,80016.2109375
lithium_carbonate,LSTM,Single,2025-09-08,2025-09-09,74600.0,74600.0,81951.6171875
lithium_carbonate,LSTM,Single,2025-09-09,2025-09-10,74600.0,73450.0,82705.1328125
lithium_carbonate,LSTM,Single,2025-09-10,2025-09-11,73450.0,72850.0,81684.9296875
lithium_carbonate,LSTM,Single,2025-09-11,2025-09-12,72850.0,72450.0,80749.8515625
lithium_carbonate,LSTM,Single,2025-09-12,2025-09-15,72450.0,72450.0,79375.5859375
lithium_carbonate,LSTM,Single,2025-09-15,2025-09-16,72450.0,72850.0,79146.1796875
lithium_carbonate,LSTM,Single,2025-09-16,2025-09-17,72850.0,73150.0,78606.1796875
lithium_carbonate,LSTM,Single,2025-09-17,2025-09-18,73150.0,73450.0,79000.0078125
lithium_carbonate,LSTM,Single,2025-09-18,2025-09-19,73450.0,73500.0,78143.015625
lithium_carbonate,LSTM,Single,2025-09-19,2025-09-22,73500.0,73850.0,79865.7734375
lithium_carbonate,LSTM,Single,2025-09-22,2025-09-23,73850.0,73850.0,80444.328125
lithium_carbonate,LSTM,Single,2025-09-23,2025-09-24,73850.0,73850.0,80975.9609375
lithium_carbonate,LSTM,Single,2025-09-24,2025-09-25,73850.0,73750.0,81926.7109375
lithium_carbonate,LSTM,Single,2025-09-25,2025-09-26,73750.0,73600.0,82620.140625
lithium_carbonate,LSTM,Single,2025-09-26,2025-09-29,73600.0,73550.0,81828.234375
lithium_carbonate,LSTM,Single,2025-09-29,2025-09-30,73550.0,73550.0,83504.15625
lithium_carbonate,LSTM,Single,2025-09-30,2025-10-09,73550.0,73550.0,85290.8515625
lithium_carbonate,LSTM,Single,2025-10-09,2025-10-10,73550.0,73550.0,89386.640625
lithium_carbonate,LSTM,Single,2025-10-10,2025-10-13,73550.0,73100.0,89905.8515625
lithium_carbonate,LSTM,Single,2025-10-13,2025-10-14,73100.0,73000.0,93319.203125
lithium_carbonate,LSTM,Single,2025-10-14,2025-10-15,73000.0,73000.0,94438.7265625
lithium_carbonate,LSTM,Single,2025-10-15,2025-10-16,73000.0,73000.0,93745.84375
lithium_carbonate,LSTM,Single,2025-10-16,2025-10-17,73000.0,73350.0,93524.7578125
lithium_carbonate,LSTM,Single,2025-10-17,2025-10-20,73350.0,74000.0,90801.421875
lithium_carbonate,LSTM,Single,2025-10-20,2025-10-21,74000.0,74100.0,89236.7109375
lithium_carbonate,LSTM,Single,2025-10-21,2025-10-22,74100.0,74350.0,88598.515625
lithium_carbonate,LSTM,Single,2025-10-22,2025-10-23,74350.0,74800.0,87463.296875
lithium_carbonate,LSTM,Single,2025-10-23,2025-10-24,74800.0,75400.0,88561.3671875
lithium_carbonate,LSTM,Single,2025-10-24,2025-10-27,75400.0,76550.0,88839.46875
lithium_carbonate,LSTM,Single,2025-10-27,2025-10-28,76550.0,78500.0,89545.2109375
lithium_carbonate,LSTM,Single,2025-10-28,2025-10-29,78500.0,79150.0,89437.5546875
lithium_carbonate,LSTM,Single,2025-10-29,2025-10-30,79150.0,80000.0,91737.1875
lithium_carbonate,LSTM,Single,2025-10-30,2025-10-31,80000.0,80550.0,94994.8671875
lithium_carbonate,LSTM,Single,2025-10-31,2025-11-03,80550.0,81000.0,94693.140625
lithium_carbonate,LSTM,Single,2025-11-03,2025-11-04,81000.0,80900.0,94190.3125
lithium_carbonate,LSTM,Single,2025-11-04,2025-11-05,80900.0,80500.0,92754.8671875
lithium_carbonate,LSTM,Single,2025-11-05,2025-11-06,80500.0,80400.0,92214.0078125
lithium_carbonate,LSTM,Single,2025-11-06,2025-11-07,80400.0,80400.0,94108.46875
lithium_carbonate,LSTM,Single,2025-11-07,2025-11-10,80400.0,80750.0,95219.421875
lithium_carbonate,LSTM,Single,2025-11-10,2025-11-11,80750.0,82300.0,95633.828125
lithium_carbonate,LSTM,Single,2025-11-11,2025-11-12,82300.0,83300.0,95239.8046875
lithium_carbonate,LSTM,Single,2025-11-12,2025-11-13,83300.0,84350.0,95349.3359375
lithium_carbonate,LSTM,Single,2025-11-13,2025-11-14,84350.0,85150.0,98776.203125
lithium_carbonate,LSTM,Single,2025-11-14,2025-11-17,85150.0,86150.0,98832.671875
lithium_carbonate,LSTM,Single,2025-11-17,2025-11-18,86150.0,87400.0,103179.8125
lithium_carbonate,LSTM,Single,2025-11-18,2025-11-19,87400.0,88900.0,104379.2109375
lithium_carbonate,LSTM,Single,2025-11-19,2025-11-20,88900.0,91300.0,108142.375
lithium_carbonate,LSTM,Single,2025-11-20,2025-11-21,91300.0,92300.0,111349.3046875
lithium_carbonate,LSTM,Single,2025-11-21,2025-11-24,92300.0,92150.0,110281.21875
lithium_carbonate,LSTM,Single,2025-11-24,2025-11-25,92150.0,92050.0,107275.1875
lithium_carbonate,LSTM,Single,2025-11-25,2025-11-26,92050.0,92800.0,106917.3125
lithium_carbonate,LSTM,Single,2025-11-26,2025-11-27,92800.0,93300.0,106188.671875
lithium_carbonate,LSTM,Single,2025-11-27,2025-11-28,93300.0,93750.0,105125.1484375
lithium_carbonate,LSTM,Single,2025-11-28,2025-12-01,93750.0,94350.0,104485.2109375
lithium_carbonate,LSTM,Single,2025-12-01,2025-12-02,94350.0,94400.0,103783.7265625
lithium_carbonate,LSTM,Single,2025-12-02,2025-12-03,94400.0,94350.0,102076.2578125
lithium_carbonate,LSTM,Single,2025-12-03,2025-12-04,94350.0,94000.0,99565.515625
lithium_carbonate,LSTM,Single,2025-12-04,2025-12-05,94000.0,93250.0,97558.5
lithium_carbonate,LSTM,Single,2025-12-05,2025-12-08,93250.0,92750.0,95776.6484375
lithium_carbonate,LSTM,Single,2025-12-08,2025-12-09,92750.0,92750.0,96439.84375
lithium_carbonate,LSTM,Single,2025-12-09,2025-12-10,92750.0,92700.0,96304.859375
lithium_carbonate,LSTM,Single,2025-12-10,2025-12-11,92700.0,93500.0,96537.859375
lithium_carbonate,LSTM,Single,2025-12-11,2025-12-12,93500.0,94500.0,96364.09375
lithium_carbonate,LSTM,Single,2025-12-12,2025-12-15,94500.0,95150.0,95412.734375
lithium_carbonate,LSTM,Single,2025-12-15,2025-12-16,95150.0,95850.0,94436.078125
lithium_carbonate,LSTM,Single,2025-12-16,2025-12-17,95850.0,97050.0,94011.984375
lithium_carbonate,LSTM,Single,2025-12-17,2025-12-18,97050.0,97550.0,96124.1875
lithium_carbonate,LSTM,Single,2025-12-18,2025-12-19,97550.0,97650.0,97332.0078125
lithium_carbonate,LSTM,Single,2025-12-19,2025-12-22,97650.0,99000.0,99234.9765625
lithium_carbonate,LSTM,Single,2025-12-22,2025-12-23,99000.0,99500.0,101067.5703125
lithium_carbonate,LSTM,Single,2025-12-23,2025-12-24,99500.0,101500.0,102676.96875
lithium_carbonate,LSTM,Single,2025-12-24,2025-12-25,101500.0,104900.0,103711.3203125
lithium_carbonate,LSTM,Single,2025-12-25,2025-12-26,104900.0,111900.0,104351.1796875
lithium_carbonate,LSTM,Single,2025-12-26,2025-12-29,111900.0,118000.0,105485.4296875
lithium_carbonate,LSTM,Single,2025-12-29,2025-12-30,118000.0,118000.0,106345.7109375
lithium_carbonate,LSTM,Single,2025-12-30,2025-12-31,118000.0,118500.0,106458.9765625
lithium_carbonate,LSTM,Single,2025-12-31,2026-01-05,118500.0,119500.0,106219.3125
lithium_carbonate,LSTM,Single,2026-01-05,2026-01-06,119500.0,127500.0,108623.8671875
lithium_carbonate,LSTM,Single,2026-01-06,2026-01-07,127500.0,133500.0,114268.796875
lithium_carbonate,LSTM,Single,2026-01-07,2026-01-08,133500.0,138500.0,119614.6953125
lithium_carbonate,LSTM,Single,2026-01-08,2026-01-09,138500.0,140000.0,124220.0546875
lithium_carbonate,LSTM,Single,2026-01-09,2026-01-12,140000.0,152000.0,128594.15625
lithium_carbonate,LSTM,Single,2026-01-12,2026-01-13,152000.0,159500.0,134830.5625
lithium_carbonate,LSTM,Single,2026-01-13,2026-01-14,159500.0,163000.0,142234.3125
lithium_carbonate,LSTM,Single,2026-01-14,2026-01-15,163000.0,159000.0,147559.0
lithium_carbonate,LSTM,Single,2026-01-15,2026-01-16,159000.0,158000.0,151847.453125
lithium_carbonate,LSTM,Single,2026-01-16,2026-01-19,158000.0,151000.0,152662.671875
lithium_carbonate,LSTM,Single,2026-01-19,2026-01-20,151000.0,152500.0,151154.640625
lithium_carbonate,LSTM,Single,2026-01-20,2026-01-21,152500.0,158500.0,151332.765625
lithium_carbonate,LSTM,Single,2026-01-21,2026-01-22,158500.0,164500.0,153268.5625
lithium_carbonate,LSTM,Single,2026-01-22,2026-01-23,164500.0,171000.0,155430.84375
lithium_carbonate,LSTM,Single,2026-01-23,2026-01-26,171000.0,181500.0,159851.90625
lithium_carbonate,LSTM,Single,2026-01-26,2026-01-27,181500.0,172500.0,164070.71875
lithium_carbonate,LSTM,Single,2026-01-27,2026-01-28,172500.0,172000.0,164961.5625
lithium_carbonate,LSTM,Single,2026-01-28,2026-01-29,172000.0,168000.0,165719.09375
lithium_carbonate,LSTM,Single,2026-01-29,2026-01-30,168000.0,160500.0,165103.203125
lithium_carbonate,LSTM,Single,2026-01-30,2026-02-02,160500.0,155500.0,161359.0
lithium_carbonate,LSTM,Single,2026-02-02,2026-02-03,155500.0,153500.0,156307.28125
lithium_carbonate,LSTM,Single,2026-02-03,2026-02-04,153500.0,153000.0,153956.359375
lithium_carbonate,LSTM,Single,2026-02-04,2026-02-05,153000.0,144000.0,152197.859375
lithium_carbonate,LSTM,Single,2026-02-05,2026-02-06,144000.0,134500.0,148399.546875
lithium_carbonate,LSTM,Single,2026-02-06,2026-02-09,134500.0,135500.0,145855.421875
lithium_carbonate,LSTM,Single,2026-02-09,2026-02-10,135500.0,136000.0,144746.90625
lithium_carbonate,LSTM,Single,2026-02-10,2026-02-11,136000.0,138000.0,144276.640625
lithium_carbonate,LSTM,Single,2026-02-11,2026-02-12,138000.0,142500.0,145138.8125
lithium_carbonate,LSTM,Single,2026-02-12,2026-02-13,142500.0,143750.0,147198.890625
lithium_carbonate,LSTM,Single,2026-02-13,2026-02-24,143750.0,152000.0,148994.015625
lithium_carbonate,LSTM,Single,2026-02-24,2026-02-25,152000.0,161750.0,154308.96875
lithium_carbonate,LSTM,Single,2026-02-25,2026-02-26,161750.0,173000.0,160316.0625
lithium_carbonate,LSTM,Single,2026-02-26,2026-02-27,173000.0,172000.0,167163.65625
lithium_carbonate,LSTM,Single,2026-02-27,2026-03-02,172000.0,172500.0,171604.765625
lithium_carbonate,LSTM,Single,2026-03-02,2026-03-03,172500.0,161000.0,176313.921875
lithium_carbonate,LSTM,Single,2026-03-03,2026-03-04,161000.0,154000.0,175831.28125
lithium_carbonate,LSTM,Single,2026-03-04,2026-03-05,154000.0,156000.0,174507.609375
lithium_carbonate,LSTM,Single,2026-03-05,2026-03-06,156000.0,155250.0,174848.6875
lithium_carbonate,LSTM,Single,2026-03-06,2026-03-09,155250.0,154750.0,174438.78125
lithium_carbonate,LSTM,Single,2026-03-09,2026-03-10,154750.0,158500.0,176676.984375
lithium_carbonate,LSTM,Single,2026-03-10,2026-03-11,158500.0,159000.0,180999.09375
lithium_carbonate,LSTM,Single,2026-03-11,2026-03-12,159000.0,158000.0,185172.703125
lithium_carbonate,VMD-ARIMA,Decomposition,2025-08-14,2025-08-15,82000.0,82700.0,55926.21296021597
lithium_carbonate,VMD-ARIMA,Decomposition,2025-08-15,2025-08-18,82700.0,84600.0,83310.78978496065
lithium_carbonate,VMD-ARIMA,Decomposition,2025-08-18,2025-08-19,84600.0,85700.0,84166.88876070548
lithium_carbonate,VMD-ARIMA,Decomposition,2025-08-19,2025-08-20,85700.0,85700.0,84312.45117874992
lithium_carbonate,VMD-ARIMA,Decomposition,2025-08-20,2025-08-21,85700.0,85200.0,84463.4345280138
lithium_carbonate,VMD-ARIMA,Decomposition,2025-08-21,2025-08-22,85200.0,83900.0,83957.95254967689
lithium_carbonate,VMD-ARIMA,Decomposition,2025-08-22,2025-08-25,83900.0,82500.0,83205.14455296562
lithium_carbonate,VMD-ARIMA,Decomposition,2025-08-25,2025-08-26,82500.0,81700.0,82415.66161344605
lithium_carbonate,VMD-ARIMA,Decomposition,2025-08-26,2025-08-27,81700.0,81600.0,81894.71130436617
lithium_carbonate,VMD-ARIMA,Decomposition,2025-08-27,2025-08-28,81600.0,80000.0,80420.25135061254
lithium_carbonate,VMD-ARIMA,Decomposition,2025-08-28,2025-08-29,80000.0,79650.0,79567.55137151509
lithium_carbonate,VMD-ARIMA,Decomposition,2025-08-29,2025-09-01,79650.0,78350.0,78353.6348744841
lithium_carbonate,VMD-ARIMA,Decomposition,2025-09-01,2025-09-02,78350.0,77500.0,77140.62598313775
lithium_carbonate,VMD-ARIMA,Decomposition,2025-09-02,2025-09-03,77500.0,75900.0,76034.17190263457
lithium_carbonate,VMD-ARIMA,Decomposition,2025-09-03,2025-09-04,75900.0,75000.0,75303.3743407983
lithium_carbonate,VMD-ARIMA,Decomposition,2025-09-04,2025-09-05,75000.0,74750.0,74845.21341301435
lithium_carbonate,VMD-ARIMA,Decomposition,2025-09-05,2025-09-08,74750.0,74600.0,74354.2627381976
lithium_carbonate,VMD-ARIMA,Decomposition,2025-09-08,2025-09-09,74600.0,74600.0,74256.87511334122
lithium_carbonate,VMD-ARIMA,Decomposition,2025-09-09,2025-09-10,74600.0,73450.0,73730.31765229635
lithium_carbonate,VMD-ARIMA,Decomposition,2025-09-10,2025-09-11,73450.0,72850.0,73364.80880409699
lithium_carbonate,VMD-ARIMA,Decomposition,2025-09-11,2025-09-12,72850.0,72450.0,73192.66774331813
lithium_carbonate,VMD-ARIMA,Decomposition,2025-09-12,2025-09-15,72450.0,72450.0,73041.85119728328
lithium_carbonate,VMD-ARIMA,Decomposition,2025-09-15,2025-09-16,72450.0,72850.0,73074.50323945323
lithium_carbonate,VMD-ARIMA,Decomposition,2025-09-16,2025-09-17,72850.0,73150.0,73299.15006058752
lithium_carbonate,VMD-ARIMA,Decomposition,2025-09-17,2025-09-18,73150.0,73450.0,73532.27175439002
lithium_carbonate,VMD-ARIMA,Decomposition,2025-09-18,2025-09-19,73450.0,73500.0,73742.90300575073
lithium_carbonate,VMD-ARIMA,Decomposition,2025-09-19,2025-09-22,73500.0,73850.0,73942.22195838376
lithium_carbonate,VMD-ARIMA,Decomposition,2025-09-22,2025-09-23,73850.0,73850.0,74193.10763525126
lithium_carbonate,VMD-ARIMA,Decomposition,2025-09-23,2025-09-24,73850.0,73850.0,74163.300845152
lithium_carbonate,VMD-ARIMA,Decomposition,2025-09-24,2025-09-25,73850.0,73750.0,74296.53716098041
lithium_carbonate,VMD-ARIMA,Decomposition,2025-09-25,2025-09-26,73750.0,73600.0,74342.0035324059
lithium_carbonate,VMD-ARIMA,Decomposition,2025-09-26,2025-09-29,73600.0,73550.0,74427.32641234304
lithium_carbonate,VMD-ARIMA,Decomposition,2025-09-29,2025-09-30,73550.0,73550.0,74366.17568772766
lithium_carbonate,VMD-ARIMA,Decomposition,2025-09-30,2025-10-09,73550.0,73550.0,74447.11233039401
lithium_carbonate,VMD-ARIMA,Decomposition,2025-10-09,2025-10-10,73550.0,73550.0,74368.90925515392
lithium_carbonate,VMD-ARIMA,Decomposition,2025-10-10,2025-10-13,73550.0,73100.0,74146.54347231735
lithium_carbonate,VMD-ARIMA,Decomposition,2025-10-13,2025-10-14,73100.0,73000.0,74101.48826217507
lithium_carbonate,VMD-ARIMA,Decomposition,2025-10-14,2025-10-15,73000.0,73000.0,74144.2572999614
lithium_carbonate,VMD-ARIMA,Decomposition,2025-10-15,2025-10-16,73000.0,73000.0,74075.30753321334
lithium_carbonate,VMD-ARIMA,Decomposition,2025-10-16,2025-10-17,73000.0,73350.0,74212.06806293862
lithium_carbonate,VMD-ARIMA,Decomposition,2025-10-17,2025-10-20,73350.0,74000.0,74525.66614412084
lithium_carbonate,VMD-ARIMA,Decomposition,2025-10-20,2025-10-21,74000.0,74100.0,74555.53853126385
lithium_carbonate,VMD-ARIMA,Decomposition,2025-10-21,2025-10-22,74100.0,74350.0,74750.63413147187
lithium_carbonate,VMD-ARIMA,Decomposition,2025-10-22,2025-10-23,74350.0,74800.0,75282.25558194656
lithium_carbonate,VMD-ARIMA,Decomposition,2025-10-23,2025-10-24,74800.0,75400.0,75804.64266771935
lithium_carbonate,VMD-ARIMA,Decomposition,2025-10-24,2025-10-27,75400.0,76550.0,76506.27375458858
lithium_carbonate,VMD-ARIMA,Decomposition,2025-10-27,2025-10-28,76550.0,78500.0,77788.47071702174
lithium_carbonate,VMD-ARIMA,Decomposition,2025-10-28,2025-10-29,78500.0,79150.0,78512.11128881852
lithium_carbonate,VMD-ARIMA,Decomposition,2025-10-29,2025-10-30,79150.0,80000.0,79356.36004745508
lithium_carbonate,VMD-ARIMA,Decomposition,2025-10-30,2025-10-31,80000.0,80550.0,79971.85043885182
lithium_carbonate,VMD-ARIMA,Decomposition,2025-10-31,2025-11-03,80550.0,81000.0,80436.81865541646
lithium_carbonate,VMD-ARIMA,Decomposition,2025-11-03,2025-11-04,81000.0,80900.0,80546.04843517637
lithium_carbonate,VMD-ARIMA,Decomposition,2025-11-04,2025-11-05,80900.0,80500.0,80530.72552678012
lithium_carbonate,VMD-ARIMA,Decomposition,2025-11-05,2025-11-06,80500.0,80400.0,80808.29518950253
lithium_carbonate,VMD-ARIMA,Decomposition,2025-11-06,2025-11-07,80400.0,80400.0,81039.70401596707
lithium_carbonate,VMD-ARIMA,Decomposition,2025-11-07,2025-11-10,80400.0,80750.0,81311.10866248995
lithium_carbonate,VMD-ARIMA,Decomposition,2025-11-10,2025-11-11,80750.0,82300.0,82265.15115640244
lithium_carbonate,VMD-ARIMA,Decomposition,2025-11-11,2025-11-12,82300.0,83300.0,82974.08318899346
lithium_carbonate,VMD-ARIMA,Decomposition,2025-11-12,2025-11-13,83300.0,84350.0,83814.25126714374
lithium_carbonate,VMD-ARIMA,Decomposition,2025-11-13,2025-11-14,84350.0,85150.0,84942.61737275578
lithium_carbonate,VMD-ARIMA,Decomposition,2025-11-14,2025-11-17,85150.0,86150.0,86244.9201803614
lithium_carbonate,VMD-ARIMA,Decomposition,2025-11-17,2025-11-18,86150.0,87400.0,87734.90168390748
lithium_carbonate,VMD-ARIMA,Decomposition,2025-11-18,2025-11-19,87400.0,88900.0,89056.70775315918
lithium_carbonate,VMD-ARIMA,Decomposition,2025-11-19,2025-11-20,88900.0,91300.0,90811.05570773168
lithium_carbonate,VMD-ARIMA,Decomposition,2025-11-20,2025-11-21,91300.0,92300.0,91712.66859963056
lithium_carbonate,VMD-ARIMA,Decomposition,2025-11-21,2025-11-24,92300.0,92150.0,92239.145691595
lithium_carbonate,VMD-ARIMA,Decomposition,2025-11-24,2025-11-25,92150.0,92050.0,92801.61087777912
lithium_carbonate,VMD-ARIMA,Decomposition,2025-11-25,2025-11-26,92050.0,92800.0,93493.19017086744
lithium_carbonate,VMD-ARIMA,Decomposition,2025-11-26,2025-11-27,92800.0,93300.0,93821.44588676712
lithium_carbonate,VMD-ARIMA,Decomposition,2025-11-27,2025-11-28,93300.0,93750.0,94720.55360696685
lithium_carbonate,VMD-ARIMA,Decomposition,2025-11-28,2025-12-01,93750.0,94350.0,95360.94229722647
lithium_carbonate,VMD-ARIMA,Decomposition,2025-12-01,2025-12-02,94350.0,94400.0,95659.54259686894
lithium_carbonate,VMD-ARIMA,Decomposition,2025-12-02,2025-12-03,94400.0,94350.0,95507.64852461616
lithium_carbonate,VMD-ARIMA,Decomposition,2025-12-03,2025-12-04,94350.0,94000.0,95335.55398424243
lithium_carbonate,VMD-ARIMA,Decomposition,2025-12-04,2025-12-05,94000.0,93250.0,94056.01438702122
lithium_carbonate,VMD-ARIMA,Decomposition,2025-12-05,2025-12-08,93250.0,92750.0,93586.48951548952
lithium_carbonate,VMD-ARIMA,Decomposition,2025-12-08,2025-12-09,92750.0,92750.0,93064.01583868818
lithium_carbonate,VMD-ARIMA,Decomposition,2025-12-09,2025-12-10,92750.0,92700.0,93464.74160423776
lithium_carbonate,VMD-ARIMA,Decomposition,2025-12-10,2025-12-11,92700.0,93500.0,93730.44137532554
lithium_carbonate,VMD-ARIMA,Decomposition,2025-12-11,2025-12-12,93500.0,94500.0,95725.3370308135
lithium_carbonate,VMD-ARIMA,Decomposition,2025-12-12,2025-12-15,94500.0,95150.0,96302.85923203205
lithium_carbonate,VMD-ARIMA,Decomposition,2025-12-15,2025-12-16,95150.0,95850.0,97254.9151652149
lithium_carbonate,VMD-ARIMA,Decomposition,2025-12-16,2025-12-17,95850.0,97050.0,97602.13049874542
lithium_carbonate,VMD-ARIMA,Decomposition,2025-12-17,2025-12-18,97050.0,97550.0,97848.86602108882
lithium_carbonate,VMD-ARIMA,Decomposition,2025-12-18,2025-12-19,97550.0,97650.0,96786.35537391865
lithium_carbonate,VMD-ARIMA,Decomposition,2025-12-19,2025-12-22,97650.0,99000.0,98378.84088838947
lithium_carbonate,VMD-ARIMA,Decomposition,2025-12-22,2025-12-23,99000.0,99500.0,99602.40422750592
lithium_carbonate,VMD-ARIMA,Decomposition,2025-12-23,2025-12-24,99500.0,101500.0,102995.1306805034
lithium_carbonate,VMD-ARIMA,Decomposition,2025-12-24,2025-12-25,101500.0,104900.0,107211.650722846
lithium_carbonate,VMD-ARIMA,Decomposition,2025-12-25,2025-12-26,104900.0,111900.0,112765.94925224374
lithium_carbonate,VMD-ARIMA,Decomposition,2025-12-26,2025-12-29,111900.0,118000.0,116983.78704182513
lithium_carbonate,VMD-ARIMA,Decomposition,2025-12-29,2025-12-30,118000.0,118000.0,118798.19108046504
lithium_carbonate,VMD-ARIMA,Decomposition,2025-12-30,2025-12-31,118000.0,118500.0,122215.34269714748
lithium_carbonate,VMD-ARIMA,Decomposition,2025-12-31,2026-01-05,118500.0,119500.0,123198.64191282004
lithium_carbonate,VMD-ARIMA,Decomposition,2026-01-05,2026-01-06,119500.0,127500.0,126848.59847454238
lithium_carbonate,VMD-ARIMA,Decomposition,2026-01-06,2026-01-07,127500.0,133500.0,132147.5026405375
lithium_carbonate,VMD-ARIMA,Decomposition,2026-01-07,2026-01-08,133500.0,138500.0,138153.26367281904
lithium_carbonate,VMD-ARIMA,Decomposition,2026-01-08,2026-01-09,138500.0,140000.0,142953.4924608359
lithium_carbonate,VMD-ARIMA,Decomposition,2026-01-09,2026-01-12,140000.0,152000.0,152464.14864094794
lithium_carbonate,VMD-ARIMA,Decomposition,2026-01-12,2026-01-13,152000.0,159500.0,156186.0868213202
lithium_carbonate,VMD-ARIMA,Decomposition,2026-01-13,2026-01-14,159500.0,163000.0,158423.81324692207
lithium_carbonate,VMD-ARIMA,Decomposition,2026-01-14,2026-01-15,163000.0,159000.0,156241.52591019063
lithium_carbonate,VMD-ARIMA,Decomposition,2026-01-15,2026-01-16,159000.0,158000.0,156865.46447114903
lithium_carbonate,VMD-ARIMA,Decomposition,2026-01-16,2026-01-19,158000.0,151000.0,152211.1154253277
lithium_carbonate,VMD-ARIMA,Decomposition,2026-01-19,2026-01-20,151000.0,152500.0,154100.55366496355
lithium_carbonate,VMD-ARIMA,Decomposition,2026-01-20,2026-01-21,152500.0,158500.0,159215.4947042159
lithium_carbonate,VMD-ARIMA,Decomposition,2026-01-21,2026-01-22,158500.0,164500.0,163378.5843244662
lithium_carbonate,VMD-ARIMA,Decomposition,2026-01-22,2026-01-23,164500.0,171000.0,167056.44675491768
lithium_carbonate,VMD-ARIMA,Decomposition,2026-01-23,2026-01-26,171000.0,181500.0,175037.94161920247
lithium_carbonate,VMD-ARIMA,Decomposition,2026-01-26,2026-01-27,181500.0,172500.0,170056.3474760891
lithium_carbonate,VMD-ARIMA,Decomposition,2026-01-27,2026-01-28,172500.0,172000.0,168944.35444872334
lithium_carbonate,VMD-ARIMA,Decomposition,2026-01-28,2026-01-29,172000.0,168000.0,165776.2240534399
lithium_carbonate,VMD-ARIMA,Decomposition,2026-01-29,2026-01-30,168000.0,160500.0,160217.3199585782
lithium_carbonate,VMD-ARIMA,Decomposition,2026-01-30,2026-02-02,160500.0,155500.0,156136.58624404564
lithium_carbonate,VMD-ARIMA,Decomposition,2026-02-02,2026-02-03,155500.0,153500.0,153558.3392002187
lithium_carbonate,VMD-ARIMA,Decomposition,2026-02-03,2026-02-04,153500.0,153000.0,152790.50040640257
lithium_carbonate,VMD-ARIMA,Decomposition,2026-02-04,2026-02-05,153000.0,144000.0,146838.26959673324
lithium_carbonate,VMD-ARIMA,Decomposition,2026-02-05,2026-02-06,144000.0,134500.0,142873.69633058526
lithium_carbonate,VMD-ARIMA,Decomposition,2026-02-06,2026-02-09,134500.0,135500.0,141264.94156426218
lithium_carbonate,VMD-ARIMA,Decomposition,2026-02-09,2026-02-10,135500.0,136000.0,136520.7034144918
lithium_carbonate,VMD-ARIMA,Decomposition,2026-02-10,2026-02-11,136000.0,138000.0,134553.06810418892
lithium_carbonate,VMD-ARIMA,Decomposition,2026-02-11,2026-02-12,138000.0,142500.0,138602.6714984521
lithium_carbonate,VMD-ARIMA,Decomposition,2026-02-12,2026-02-13,142500.0,143750.0,139648.57750674605
lithium_carbonate,VMD-ARIMA,Decomposition,2026-02-13,2026-02-24,143750.0,152000.0,148508.83362109752
lithium_carbonate,VMD-ARIMA,Decomposition,2026-02-24,2026-02-25,152000.0,161750.0,156120.51504099264
lithium_carbonate,VMD-ARIMA,Decomposition,2026-02-25,2026-02-26,161750.0,173000.0,165470.54609185475
lithium_carbonate,VMD-ARIMA,Decomposition,2026-02-26,2026-02-27,173000.0,172000.0,165922.0121094858
lithium_carbonate,VMD-ARIMA,Decomposition,2026-02-27,2026-03-02,172000.0,172500.0,169911.48728854736
lithium_carbonate,VMD-ARIMA,Decomposition,2026-03-02,2026-03-03,172500.0,161000.0,165903.3352904038
lithium_carbonate,VMD-ARIMA,Decomposition,2026-03-03,2026-03-04,161000.0,154000.0,160889.96254527735
lithium_carbonate,VMD-ARIMA,Decomposition,2026-03-04,2026-03-05,154000.0,156000.0,160246.35332362744
lithium_carbonate,VMD-ARIMA,Decomposition,2026-03-05,2026-03-06,156000.0,155250.0,159296.16449621192
lithium_carbonate,VMD-ARIMA,Decomposition,2026-03-06,2026-03-09,155250.0,154750.0,156570.9344615107
lithium_carbonate,VMD-ARIMA,Decomposition,2026-03-09,2026-03-10,154750.0,158500.0,160269.07560417344
lithium_carbonate,VMD-ARIMA,Decomposition,2026-03-10,2026-03-11,158500.0,159000.0,160647.51877575988
lithium_carbonate,VMD-ARIMA,Decomposition,2026-03-11,2026-03-12,159000.0,158000.0,160275.46440312194
lithium_carbonate,VMD-LSTM,Decomposition,2025-08-14,2025-08-15,82000.0,82700.0,104995.2421875
lithium_carbonate,VMD-LSTM,Decomposition,2025-08-15,2025-08-18,82700.0,84600.0,100750.8203125
lithium_carbonate,VMD-LSTM,Decomposition,2025-08-18,2025-08-19,84600.0,85700.0,96806.109375
lithium_carbonate,VMD-LSTM,Decomposition,2025-08-19,2025-08-20,85700.0,85700.0,93051.0546875
lithium_carbonate,VMD-LSTM,Decomposition,2025-08-20,2025-08-21,85700.0,85200.0,90160.984375
lithium_carbonate,VMD-LSTM,Decomposition,2025-08-21,2025-08-22,85200.0,83900.0,86977.6484375
lithium_carbonate,VMD-LSTM,Decomposition,2025-08-22,2025-08-25,83900.0,82500.0,84095.5625
lithium_carbonate,VMD-LSTM,Decomposition,2025-08-25,2025-08-26,82500.0,81700.0,81868.0234375
lithium_carbonate,VMD-LSTM,Decomposition,2025-08-26,2025-08-27,81700.0,81600.0,80590.640625
lithium_carbonate,VMD-LSTM,Decomposition,2025-08-27,2025-08-28,81600.0,80000.0,79084.609375
lithium_carbonate,VMD-LSTM,Decomposition,2025-08-28,2025-08-29,80000.0,79650.0,78693.9609375
lithium_carbonate,VMD-LSTM,Decomposition,2025-08-29,2025-09-01,79650.0,78350.0,78158.5234375
lithium_carbonate,VMD-LSTM,Decomposition,2025-09-01,2025-09-02,78350.0,77500.0,77779.4765625
lithium_carbonate,VMD-LSTM,Decomposition,2025-09-02,2025-09-03,77500.0,75900.0,77223.09375
lithium_carbonate,VMD-LSTM,Decomposition,2025-09-03,2025-09-04,75900.0,75000.0,76913.0859375
lithium_carbonate,VMD-LSTM,Decomposition,2025-09-04,2025-09-05,75000.0,74750.0,76381.4453125
lithium_carbonate,VMD-LSTM,Decomposition,2025-09-05,2025-09-08,74750.0,74600.0,75732.0546875
lithium_carbonate,VMD-LSTM,Decomposition,2025-09-08,2025-09-09,74600.0,74600.0,75325.1484375
lithium_carbonate,VMD-LSTM,Decomposition,2025-09-09,2025-09-10,74600.0,73450.0,74545.8046875
lithium_carbonate,VMD-LSTM,Decomposition,2025-09-10,2025-09-11,73450.0,72850.0,73866.6171875
lithium_carbonate,VMD-LSTM,Decomposition,2025-09-11,2025-09-12,72850.0,72450.0,73369.0625
lithium_carbonate,VMD-LSTM,Decomposition,2025-09-12,2025-09-15,72450.0,72450.0,72984.75
lithium_carbonate,VMD-LSTM,Decomposition,2025-09-15,2025-09-16,72450.0,72850.0,72795.2265625
lithium_carbonate,VMD-LSTM,Decomposition,2025-09-16,2025-09-17,72850.0,73150.0,72922.578125
lithium_carbonate,VMD-LSTM,Decomposition,2025-09-17,2025-09-18,73150.0,73450.0,73095.9609375
lithium_carbonate,VMD-LSTM,Decomposition,2025-09-18,2025-09-19,73450.0,73500.0,73240.9765625
lithium_carbonate,VMD-LSTM,Decomposition,2025-09-19,2025-09-22,73500.0,73850.0,73390.6953125
lithium_carbonate,VMD-LSTM,Decomposition,2025-09-22,2025-09-23,73850.0,73850.0,73568.7421875
lithium_carbonate,VMD-LSTM,Decomposition,2025-09-23,2025-09-24,73850.0,73850.0,73521.3359375
lithium_carbonate,VMD-LSTM,Decomposition,2025-09-24,2025-09-25,73850.0,73750.0,73565.1171875
lithium_carbonate,VMD-LSTM,Decomposition,2025-09-25,2025-09-26,73750.0,73600.0,73605.265625
lithium_carbonate,VMD-LSTM,Decomposition,2025-09-26,2025-09-29,73600.0,73550.0,73604.359375
lithium_carbonate,VMD-LSTM,Decomposition,2025-09-29,2025-09-30,73550.0,73550.0,73495.9765625
lithium_carbonate,VMD-LSTM,Decomposition,2025-09-30,2025-10-09,73550.0,73550.0,73513.1875
lithium_carbonate,VMD-LSTM,Decomposition,2025-10-09,2025-10-10,73550.0,73550.0,73400.375
lithium_carbonate,VMD-LSTM,Decomposition,2025-10-10,2025-10-13,73550.0,73100.0,73105.3359375
lithium_carbonate,VMD-LSTM,Decomposition,2025-10-13,2025-10-14,73100.0,73000.0,73027.3984375
lithium_carbonate,VMD-LSTM,Decomposition,2025-10-14,2025-10-15,73000.0,73000.0,72951.65625
lithium_carbonate,VMD-LSTM,Decomposition,2025-10-15,2025-10-16,73000.0,73000.0,72827.40625
lithium_carbonate,VMD-LSTM,Decomposition,2025-10-16,2025-10-17,73000.0,73350.0,72875.3125
lithium_carbonate,VMD-LSTM,Decomposition,2025-10-17,2025-10-20,73350.0,74000.0,73157.265625
lithium_carbonate,VMD-LSTM,Decomposition,2025-10-20,2025-10-21,74000.0,74100.0,73160.34375
lithium_carbonate,VMD-LSTM,Decomposition,2025-10-21,2025-10-22,74100.0,74350.0,73366.15625
lithium_carbonate,VMD-LSTM,Decomposition,2025-10-22,2025-10-23,74350.0,74800.0,73840.578125
lithium_carbonate,VMD-LSTM,Decomposition,2025-10-23,2025-10-24,74800.0,75400.0,74277.46875
lithium_carbonate,VMD-LSTM,Decomposition,2025-10-24,2025-10-27,75400.0,76550.0,74829.953125
lithium_carbonate,VMD-LSTM,Decomposition,2025-10-27,2025-10-28,76550.0,78500.0,75979.71875
lithium_carbonate,VMD-LSTM,Decomposition,2025-10-28,2025-10-29,78500.0,79150.0,76597.5234375
lithium_carbonate,VMD-LSTM,Decomposition,2025-10-29,2025-10-30,79150.0,80000.0,77366.2734375
lithium_carbonate,VMD-LSTM,Decomposition,2025-10-30,2025-10-31,80000.0,80550.0,77809.9921875
lithium_carbonate,VMD-LSTM,Decomposition,2025-10-31,2025-11-03,80550.0,81000.0,78169.984375
lithium_carbonate,VMD-LSTM,Decomposition,2025-11-03,2025-11-04,81000.0,80900.0,78117.203125
lithium_carbonate,VMD-LSTM,Decomposition,2025-11-04,2025-11-05,80900.0,80500.0,77997.1640625
lithium_carbonate,VMD-LSTM,Decomposition,2025-11-05,2025-11-06,80500.0,80400.0,78144.359375
lithium_carbonate,VMD-LSTM,Decomposition,2025-11-06,2025-11-07,80400.0,80400.0,78244.984375
lithium_carbonate,VMD-LSTM,Decomposition,2025-11-07,2025-11-10,80400.0,80750.0,78403.3984375
lithium_carbonate,VMD-LSTM,Decomposition,2025-11-10,2025-11-11,80750.0,82300.0,79310.484375
lithium_carbonate,VMD-LSTM,Decomposition,2025-11-11,2025-11-12,82300.0,83300.0,80036.28125
lithium_carbonate,VMD-LSTM,Decomposition,2025-11-12,2025-11-13,83300.0,84350.0,81008.8515625
lithium_carbonate,VMD-LSTM,Decomposition,2025-11-13,2025-11-14,84350.0,85150.0,82238.734375
lithium_carbonate,VMD-LSTM,Decomposition,2025-11-14,2025-11-17,85150.0,86150.0,83621.609375
lithium_carbonate,VMD-LSTM,Decomposition,2025-11-17,2025-11-18,86150.0,87400.0,85029.5
lithium_carbonate,VMD-LSTM,Decomposition,2025-11-18,2025-11-19,87400.0,88900.0,86284.0546875
lithium_carbonate,VMD-LSTM,Decomposition,2025-11-19,2025-11-20,88900.0,91300.0,87915.8203125
lithium_carbonate,VMD-LSTM,Decomposition,2025-11-20,2025-11-21,91300.0,92300.0,88800.0
lithium_carbonate,VMD-LSTM,Decomposition,2025-11-21,2025-11-24,92300.0,92150.0,89362.71875
lithium_carbonate,VMD-LSTM,Decomposition,2025-11-24,2025-11-25,92150.0,92050.0,89872.109375
lithium_carbonate,VMD-LSTM,Decomposition,2025-11-25,2025-11-26,92050.0,92800.0,90331.1015625
lithium_carbonate,VMD-LSTM,Decomposition,2025-11-26,2025-11-27,92800.0,93300.0,90348.578125
lithium_carbonate,VMD-LSTM,Decomposition,2025-11-27,2025-11-28,93300.0,93750.0,91044.8515625
lithium_carbonate,VMD-LSTM,Decomposition,2025-11-28,2025-12-01,93750.0,94350.0,91488.4765625
lithium_carbonate,VMD-LSTM,Decomposition,2025-12-01,2025-12-02,94350.0,94400.0,91575.359375
lithium_carbonate,VMD-LSTM,Decomposition,2025-12-02,2025-12-03,94400.0,94350.0,91397.890625
lithium_carbonate,VMD-LSTM,Decomposition,2025-12-03,2025-12-04,94350.0,94000.0,91226.4921875
lithium_carbonate,VMD-LSTM,Decomposition,2025-12-04,2025-12-05,94000.0,93250.0,90025.828125
lithium_carbonate,VMD-LSTM,Decomposition,2025-12-05,2025-12-08,93250.0,92750.0,89534.65625
lithium_carbonate,VMD-LSTM,Decomposition,2025-12-08,2025-12-09,92750.0,92750.0,89006.7734375
lithium_carbonate,VMD-LSTM,Decomposition,2025-12-09,2025-12-10,92750.0,92700.0,89103.671875
lithium_carbonate,VMD-LSTM,Decomposition,2025-12-10,2025-12-11,92700.0,93500.0,89185.7265625
lithium_carbonate,VMD-LSTM,Decomposition,2025-12-11,2025-12-12,93500.0,94500.0,90929.625
lithium_carbonate,VMD-LSTM,Decomposition,2025-12-12,2025-12-15,94500.0,95150.0,91625.1953125
lithium_carbonate,VMD-LSTM,Decomposition,2025-12-15,2025-12-16,95150.0,95850.0,92392.171875
lithium_carbonate,VMD-LSTM,Decomposition,2025-12-16,2025-12-17,95850.0,97050.0,93340.25
lithium_carbonate,VMD-LSTM,Decomposition,2025-12-17,2025-12-18,97050.0,97550.0,93947.1015625
lithium_carbonate,VMD-LSTM,Decomposition,2025-12-18,2025-12-19,97550.0,97650.0,93470.6328125
lithium_carbonate,VMD-LSTM,Decomposition,2025-12-19,2025-12-22,97650.0,99000.0,95396.0234375
lithium_carbonate,VMD-LSTM,Decomposition,2025-12-22,2025-12-23,99000.0,99500.0,96618.984375
lithium_carbonate,VMD-LSTM,Decomposition,2025-12-23,2025-12-24,99500.0,101500.0,98933.921875
lithium_carbonate,VMD-LSTM,Decomposition,2025-12-24,2025-12-25,101500.0,104900.0,102148.3203125
lithium_carbonate,VMD-LSTM,Decomposition,2025-12-25,2025-12-26,104900.0,111900.0,106144.390625
lithium_carbonate,VMD-LSTM,Decomposition,2025-12-26,2025-12-29,111900.0,118000.0,109072.9609375
lithium_carbonate,VMD-LSTM,Decomposition,2025-12-29,2025-12-30,118000.0,118000.0,111173.9921875
lithium_carbonate,VMD-LSTM,Decomposition,2025-12-30,2025-12-31,118000.0,118500.0,115324.8515625
lithium_carbonate,VMD-LSTM,Decomposition,2025-12-31,2026-01-05,118500.0,119500.0,116900.3046875
lithium_carbonate,VMD-LSTM,Decomposition,2026-01-05,2026-01-06,119500.0,127500.0,120077.4609375
lithium_carbonate,VMD-LSTM,Decomposition,2026-01-06,2026-01-07,127500.0,133500.0,125149.90625
lithium_carbonate,VMD-LSTM,Decomposition,2026-01-07,2026-01-08,133500.0,138500.0,130265.234375
lithium_carbonate,VMD-LSTM,Decomposition,2026-01-08,2026-01-09,138500.0,140000.0,134726.28125
lithium_carbonate,VMD-LSTM,Decomposition,2026-01-09,2026-01-12,140000.0,152000.0,142064.328125
lithium_carbonate,VMD-LSTM,Decomposition,2026-01-12,2026-01-13,152000.0,159500.0,145473.3125
lithium_carbonate,VMD-LSTM,Decomposition,2026-01-13,2026-01-14,159500.0,163000.0,148998.515625
lithium_carbonate,VMD-LSTM,Decomposition,2026-01-14,2026-01-15,163000.0,159000.0,150850.46875
lithium_carbonate,VMD-LSTM,Decomposition,2026-01-15,2026-01-16,159000.0,158000.0,152811.9375
lithium_carbonate,VMD-LSTM,Decomposition,2026-01-16,2026-01-19,158000.0,151000.0,151371.96875
lithium_carbonate,VMD-LSTM,Decomposition,2026-01-19,2026-01-20,151000.0,152500.0,152386.84375
lithium_carbonate,VMD-LSTM,Decomposition,2026-01-20,2026-01-21,152500.0,158500.0,153718.96875
lithium_carbonate,VMD-LSTM,Decomposition,2026-01-21,2026-01-22,158500.0,164500.0,155350.875
lithium_carbonate,VMD-LSTM,Decomposition,2026-01-22,2026-01-23,164500.0,171000.0,158532.953125
lithium_carbonate,VMD-LSTM,Decomposition,2026-01-23,2026-01-26,171000.0,181500.0,162792.21875
lithium_carbonate,VMD-LSTM,Decomposition,2026-01-26,2026-01-27,181500.0,172500.0,162766.328125
lithium_carbonate,VMD-LSTM,Decomposition,2026-01-27,2026-01-28,172500.0,172000.0,163286.09375
lithium_carbonate,VMD-LSTM,Decomposition,2026-01-28,2026-01-29,172000.0,168000.0,160799.859375
lithium_carbonate,VMD-LSTM,Decomposition,2026-01-29,2026-01-30,168000.0,160500.0,156976.890625
lithium_carbonate,VMD-LSTM,Decomposition,2026-01-30,2026-02-02,160500.0,155500.0,152110.4375
lithium_carbonate,VMD-LSTM,Decomposition,2026-02-02,2026-02-03,155500.0,153500.0,148330.15625
lithium_carbonate,VMD-LSTM,Decomposition,2026-02-03,2026-02-04,153500.0,153000.0,145146.6875
lithium_carbonate,VMD-LSTM,Decomposition,2026-02-04,2026-02-05,153000.0,144000.0,142344.8125
lithium_carbonate,VMD-LSTM,Decomposition,2026-02-05,2026-02-06,144000.0,134500.0,140063.296875
lithium_carbonate,VMD-LSTM,Decomposition,2026-02-06,2026-02-09,134500.0,135500.0,138418.140625
lithium_carbonate,VMD-LSTM,Decomposition,2026-02-09,2026-02-10,135500.0,136000.0,136741.8125
lithium_carbonate,VMD-LSTM,Decomposition,2026-02-10,2026-02-11,136000.0,138000.0,135521.09375
lithium_carbonate,VMD-LSTM,Decomposition,2026-02-11,2026-02-12,138000.0,142500.0,137755.25
lithium_carbonate,VMD-LSTM,Decomposition,2026-02-12,2026-02-13,142500.0,143750.0,140069.515625
lithium_carbonate,VMD-LSTM,Decomposition,2026-02-13,2026-02-24,143750.0,152000.0,144847.046875
lithium_carbonate,VMD-LSTM,Decomposition,2026-02-24,2026-02-25,152000.0,161750.0,150250.625
lithium_carbonate,VMD-LSTM,Decomposition,2026-02-25,2026-02-26,161750.0,173000.0,157150.09375
lithium_carbonate,VMD-LSTM,Decomposition,2026-02-26,2026-02-27,173000.0,172000.0,159131.5625
lithium_carbonate,VMD-LSTM,Decomposition,2026-02-27,2026-03-02,172000.0,172500.0,162402.625
lithium_carbonate,VMD-LSTM,Decomposition,2026-03-02,2026-03-03,172500.0,161000.0,162731.3125
lithium_carbonate,VMD-LSTM,Decomposition,2026-03-03,2026-03-04,161000.0,154000.0,160194.703125
lithium_carbonate,VMD-LSTM,Decomposition,2026-03-04,2026-03-05,154000.0,156000.0,157477.640625
lithium_carbonate,VMD-LSTM,Decomposition,2026-03-05,2026-03-06,156000.0,155250.0,155903.15625
lithium_carbonate,VMD-LSTM,Decomposition,2026-03-06,2026-03-09,155250.0,154750.0,152878.953125
lithium_carbonate,VMD-LSTM,Decomposition,2026-03-09,2026-03-10,154750.0,158500.0,152692.546875
lithium_carbonate,VMD-LSTM,Decomposition,2026-03-10,2026-03-11,158500.0,159000.0,153113.453125
lithium_carbonate,VMD-LSTM,Decomposition,2026-03-11,2026-03-12,159000.0,158000.0,153465.71875
lithium_carbonate,CEEMDAN-ARIMA,Decomposition,2025-08-14,2025-08-15,82000.0,82700.0,56035.78602031087
lithium_carbonate,CEEMDAN-ARIMA,Decomposition,2025-08-15,2025-08-18,82700.0,84600.0,85177.36682586645
lithium_carbonate,CEEMDAN-ARIMA,Decomposition,2025-08-18,2025-08-19,84600.0,85700.0,85984.12992485004
lithium_carbonate,CEEMDAN-ARIMA,Decomposition,2025-08-19,2025-08-20,85700.0,85700.0,85584.65022450595
lithium_carbonate,CEEMDAN-ARIMA,Decomposition,2025-08-20,2025-08-21,85700.0,85200.0,85069.186483033
lithium_carbonate,CEEMDAN-ARIMA,Decomposition,2025-08-21,2025-08-22,85200.0,83900.0,83791.35423482495
lithium_carbonate,CEEMDAN-ARIMA,Decomposition,2025-08-22,2025-08-25,83900.0,82500.0,82776.67974193348
lithium_carbonate,CEEMDAN-ARIMA,Decomposition,2025-08-25,2025-08-26,82500.0,81700.0,81627.60489699035
lithium_carbonate,CEEMDAN-ARIMA,Decomposition,2025-08-26,2025-08-27,81700.0,81600.0,80906.12284118863
lithium_carbonate,CEEMDAN-ARIMA,Decomposition,2025-08-27,2025-08-28,81600.0,80000.0,80784.6314524865
lithium_carbonate,CEEMDAN-ARIMA,Decomposition,2025-08-28,2025-08-29,80000.0,79650.0,79579.81257061334
lithium_carbonate,CEEMDAN-ARIMA,Decomposition,2025-08-29,2025-09-01,79650.0,78350.0,77856.42479996596
lithium_carbonate,CEEMDAN-ARIMA,Decomposition,2025-09-01,2025-09-02,78350.0,77500.0,77305.78618408885
lithium_carbonate,CEEMDAN-ARIMA,Decomposition,2025-09-02,2025-09-03,77500.0,75900.0,76090.56405591077
lithium_carbonate,CEEMDAN-ARIMA,Decomposition,2025-09-03,2025-09-04,75900.0,75000.0,74694.2977819149
lithium_carbonate,CEEMDAN-ARIMA,Decomposition,2025-09-04,2025-09-05,75000.0,74750.0,75035.41485648954
lithium_carbonate,CEEMDAN-ARIMA,Decomposition,2025-09-05,2025-09-08,74750.0,74600.0,74847.1471956696
lithium_carbonate,CEEMDAN-ARIMA,Decomposition,2025-09-08,2025-09-09,74600.0,74600.0,74281.53598028641
lithium_carbonate,CEEMDAN-ARIMA,Decomposition,2025-09-09,2025-09-10,74600.0,73450.0,73975.68552578057
lithium_carbonate,CEEMDAN-ARIMA,Decomposition,2025-09-10,2025-09-11,73450.0,72850.0,72713.35687033468
lithium_carbonate,CEEMDAN-ARIMA,Decomposition,2025-09-11,2025-09-12,72850.0,72450.0,72768.59872407577
lithium_carbonate,CEEMDAN-ARIMA,Decomposition,2025-09-12,2025-09-15,72450.0,72450.0,72556.12566923318
lithium_carbonate,CEEMDAN-ARIMA,Decomposition,2025-09-15,2025-09-16,72450.0,72850.0,72607.19207675417
lithium_carbonate,CEEMDAN-ARIMA,Decomposition,2025-09-16,2025-09-17,72850.0,73150.0,73111.61083107126
lithium_carbonate,CEEMDAN-ARIMA,Decomposition,2025-09-17,2025-09-18,73150.0,73450.0,73009.57721264502
lithium_carbonate,CEEMDAN-ARIMA,Decomposition,2025-09-18,2025-09-19,73450.0,73500.0,73906.52771130485
lithium_carbonate,CEEMDAN-ARIMA,Decomposition,2025-09-19,2025-09-22,73500.0,73850.0,73740.73761938704
lithium_carbonate,CEEMDAN-ARIMA,Decomposition,2025-09-22,2025-09-23,73850.0,73850.0,73669.08762670092
lithium_carbonate,CEEMDAN-ARIMA,Decomposition,2025-09-23,2025-09-24,73850.0,73850.0,73750.68334032327
lithium_carbonate,CEEMDAN-ARIMA,Decomposition,2025-09-24,2025-09-25,73850.0,73750.0,74240.00541165654
lithium_carbonate,CEEMDAN-ARIMA,Decomposition,2025-09-25,2025-09-26,73750.0,73600.0,73980.03742691185
lithium_carbonate,CEEMDAN-ARIMA,Decomposition,2025-09-26,2025-09-29,73600.0,73550.0,73609.35565557255
lithium_carbonate,CEEMDAN-ARIMA,Decomposition,2025-09-29,2025-09-30,73550.0,73550.0,73378.7762958706
lithium_carbonate,CEEMDAN-ARIMA,Decomposition,2025-09-30,2025-10-09,73550.0,73550.0,73262.55239093707
lithium_carbonate,CEEMDAN-ARIMA,Decomposition,2025-10-09,2025-10-10,73550.0,73550.0,73546.00709967017
lithium_carbonate,CEEMDAN-ARIMA,Decomposition,2025-10-10,2025-10-13,73550.0,73100.0,73089.88539066167
lithium_carbonate,CEEMDAN-ARIMA,Decomposition,2025-10-13,2025-10-14,73100.0,73000.0,72910.01263002623
lithium_carbonate,CEEMDAN-ARIMA,Decomposition,2025-10-14,2025-10-15,73000.0,73000.0,72824.10930026212
lithium_carbonate,CEEMDAN-ARIMA,Decomposition,2025-10-15,2025-10-16,73000.0,73000.0,73158.84003401699
lithium_carbonate,CEEMDAN-ARIMA,Decomposition,2025-10-16,2025-10-17,73000.0,73350.0,73268.24541145671
lithium_carbonate,CEEMDAN-ARIMA,Decomposition,2025-10-17,2025-10-20,73350.0,74000.0,73698.25619528009
lithium_carbonate,CEEMDAN-ARIMA,Decomposition,2025-10-20,2025-10-21,74000.0,74100.0,74017.34000941255
lithium_carbonate,CEEMDAN-ARIMA,Decomposition,2025-10-21,2025-10-22,74100.0,74350.0,74539.5333224806
lithium_carbonate,CEEMDAN-ARIMA,Decomposition,2025-10-22,2025-10-23,74350.0,74800.0,74953.23819220939
lithium_carbonate,CEEMDAN-ARIMA,Decomposition,2025-10-23,2025-10-24,74800.0,75400.0,75062.65580710093
lithium_carbonate,CEEMDAN-ARIMA,Decomposition,2025-10-24,2025-10-27,75400.0,76550.0,76786.9819890604
lithium_carbonate,CEEMDAN-ARIMA,Decomposition,2025-10-27,2025-10-28,76550.0,78500.0,78092.04773407102
lithium_carbonate,CEEMDAN-ARIMA,Decomposition,2025-10-28,2025-10-29,78500.0,79150.0,79345.19628813361
lithium_carbonate,CEEMDAN-ARIMA,Decomposition,2025-10-29,2025-10-30,79150.0,80000.0,80069.21413362572
lithium_carbonate,CEEMDAN-ARIMA,Decomposition,2025-10-30,2025-10-31,80000.0,80550.0,80196.79257741387
lithium_carbonate,CEEMDAN-ARIMA,Decomposition,2025-10-31,2025-11-03,80550.0,81000.0,81000.04964176731
lithium_carbonate,CEEMDAN-ARIMA,Decomposition,2025-11-03,2025-11-04,81000.0,80900.0,80718.37063513613
lithium_carbonate,CEEMDAN-ARIMA,Decomposition,2025-11-04,2025-11-05,80900.0,80500.0,80546.20243902513
lithium_carbonate,CEEMDAN-ARIMA,Decomposition,2025-11-05,2025-11-06,80500.0,80400.0,80220.31854978902
lithium_carbonate,CEEMDAN-ARIMA,Decomposition,2025-11-06,2025-11-07,80400.0,80400.0,80039.8383716432
lithium_carbonate,CEEMDAN-ARIMA,Decomposition,2025-11-07,2025-11-10,80400.0,80750.0,80789.15180724843
lithium_carbonate,CEEMDAN-ARIMA,Decomposition,2025-11-10,2025-11-11,80750.0,82300.0,82162.21152443934
lithium_carbonate,CEEMDAN-ARIMA,Decomposition,2025-11-11,2025-11-12,82300.0,83300.0,83288.95239696534
lithium_carbonate,CEEMDAN-ARIMA,Decomposition,2025-11-12,2025-11-13,83300.0,84350.0,84597.99589614823
lithium_carbonate,CEEMDAN-ARIMA,Decomposition,2025-11-13,2025-11-14,84350.0,85150.0,85621.42286530683
lithium_carbonate,CEEMDAN-ARIMA,Decomposition,2025-11-14,2025-11-17,85150.0,86150.0,85796.7997589241
lithium_carbonate,CEEMDAN-ARIMA,Decomposition,2025-11-17,2025-11-18,86150.0,87400.0,87529.91139770049
lithium_carbonate,CEEMDAN-ARIMA,Decomposition,2025-11-18,2025-11-19,87400.0,88900.0,89299.16186391143
lithium_carbonate,CEEMDAN-ARIMA,Decomposition,2025-11-19,2025-11-20,88900.0,91300.0,90617.79078631393
lithium_carbonate,CEEMDAN-ARIMA,Decomposition,2025-11-20,2025-11-21,91300.0,92300.0,92127.92134090317
lithium_carbonate,CEEMDAN-ARIMA,Decomposition,2025-11-21,2025-11-24,92300.0,92150.0,92462.05784536664
lithium_carbonate,CEEMDAN-ARIMA,Decomposition,2025-11-24,2025-11-25,92150.0,92050.0,91800.74060971371
lithium_carbonate,CEEMDAN-ARIMA,Decomposition,2025-11-25,2025-11-26,92050.0,92800.0,92784.50038097407
lithium_carbonate,CEEMDAN-ARIMA,Decomposition,2025-11-26,2025-11-27,92800.0,93300.0,93587.18867319071
lithium_carbonate,CEEMDAN-ARIMA,Decomposition,2025-11-27,2025-11-28,93300.0,93750.0,93364.9886070981
lithium_carbonate,CEEMDAN-ARIMA,Decomposition,2025-11-28,2025-12-01,93750.0,94350.0,94414.88002262297
lithium_carbonate,CEEMDAN-ARIMA,Decomposition,2025-12-01,2025-12-02,94350.0,94400.0,94734.15692883424
lithium_carbonate,CEEMDAN-ARIMA,Decomposition,2025-12-02,2025-12-03,94400.0,94350.0,94470.99183565556
lithium_carbonate,CEEMDAN-ARIMA,Decomposition,2025-12-03,2025-12-04,94350.0,94000.0,93746.84659389449
lithium_carbonate,CEEMDAN-ARIMA,Decomposition,2025-12-04,2025-12-05,94000.0,93250.0,93527.24808446484
lithium_carbonate,CEEMDAN-ARIMA,Decomposition,2025-12-05,2025-12-08,93250.0,92750.0,92486.26616526202
lithium_carbonate,CEEMDAN-ARIMA,Decomposition,2025-12-08,2025-12-09,92750.0,92750.0,92347.76491561384
lithium_carbonate,CEEMDAN-ARIMA,Decomposition,2025-12-09,2025-12-10,92750.0,92700.0,93332.75044188651
lithium_carbonate,CEEMDAN-ARIMA,Decomposition,2025-12-10,2025-12-11,92700.0,93500.0,93540.16433058248
lithium_carbonate,CEEMDAN-ARIMA,Decomposition,2025-12-11,2025-12-12,93500.0,94500.0,94305.51066431675
lithium_carbonate,CEEMDAN-ARIMA,Decomposition,2025-12-12,2025-12-15,94500.0,95150.0,95401.7377882421
lithium_carbonate,CEEMDAN-ARIMA,Decomposition,2025-12-15,2025-12-16,95150.0,95850.0,95648.8656870518
lithium_carbonate,CEEMDAN-ARIMA,Decomposition,2025-12-16,2025-12-17,95850.0,97050.0,96843.0756519072
lithium_carbonate,CEEMDAN-ARIMA,Decomposition,2025-12-17,2025-12-18,97050.0,97550.0,97501.81921659788
lithium_carbonate,CEEMDAN-ARIMA,Decomposition,2025-12-18,2025-12-19,97550.0,97650.0,97313.962524927
lithium_carbonate,CEEMDAN-ARIMA,Decomposition,2025-12-19,2025-12-22,97650.0,99000.0,98226.03848249424
lithium_carbonate,CEEMDAN-ARIMA,Decomposition,2025-12-22,2025-12-23,99000.0,99500.0,99802.57121396672
lithium_carbonate,CEEMDAN-ARIMA,Decomposition,2025-12-23,2025-12-24,99500.0,101500.0,101628.83044635184
lithium_carbonate,CEEMDAN-ARIMA,Decomposition,2025-12-24,2025-12-25,101500.0,104900.0,105795.20553010314
lithium_carbonate,CEEMDAN-ARIMA,Decomposition,2025-12-25,2025-12-26,104900.0,111900.0,113060.60670397704
lithium_carbonate,CEEMDAN-ARIMA,Decomposition,2025-12-26,2025-12-29,111900.0,118000.0,119141.87703650126
lithium_carbonate,CEEMDAN-ARIMA,Decomposition,2025-12-29,2025-12-30,118000.0,118000.0,119239.6900715655
lithium_carbonate,CEEMDAN-ARIMA,Decomposition,2025-12-30,2025-12-31,118000.0,118500.0,119201.91644583344
lithium_carbonate,CEEMDAN-ARIMA,Decomposition,2025-12-31,2026-01-05,118500.0,119500.0,120318.946978409
lithium_carbonate,CEEMDAN-ARIMA,Decomposition,2026-01-05,2026-01-06,119500.0,127500.0,126243.70982319312
lithium_carbonate,CEEMDAN-ARIMA,Decomposition,2026-01-06,2026-01-07,127500.0,133500.0,131272.37144143356
lithium_carbonate,CEEMDAN-ARIMA,Decomposition,2026-01-07,2026-01-08,133500.0,138500.0,134261.10036106518
lithium_carbonate,CEEMDAN-ARIMA,Decomposition,2026-01-08,2026-01-09,138500.0,140000.0,140508.35758782498
lithium_carbonate,CEEMDAN-ARIMA,Decomposition,2026-01-09,2026-01-12,140000.0,152000.0,150723.6874577701
lithium_carbonate,CEEMDAN-ARIMA,Decomposition,2026-01-12,2026-01-13,152000.0,159500.0,156816.74236788342
lithium_carbonate,CEEMDAN-ARIMA,Decomposition,2026-01-13,2026-01-14,159500.0,163000.0,154687.02537387406
lithium_carbonate,CEEMDAN-ARIMA,Decomposition,2026-01-14,2026-01-15,163000.0,159000.0,150082.96659880778
lithium_carbonate,CEEMDAN-ARIMA,Decomposition,2026-01-15,2026-01-16,159000.0,158000.0,149263.35193458013
lithium_carbonate,CEEMDAN-ARIMA,Decomposition,2026-01-16,2026-01-19,158000.0,151000.0,150934.1708373536
lithium_carbonate,CEEMDAN-ARIMA,Decomposition,2026-01-19,2026-01-20,151000.0,152500.0,157975.07927382115
lithium_carbonate,CEEMDAN-ARIMA,Decomposition,2026-01-20,2026-01-21,152500.0,158500.0,169555.79244238912
lithium_carbonate,CEEMDAN-ARIMA,Decomposition,2026-01-21,2026-01-22,158500.0,164500.0,178727.7052306722
lithium_carbonate,CEEMDAN-ARIMA,Decomposition,2026-01-22,2026-01-23,164500.0,171000.0,184870.89648770832
lithium_carbonate,CEEMDAN-ARIMA,Decomposition,2026-01-23,2026-01-26,171000.0,181500.0,188254.8072920697
lithium_carbonate,CEEMDAN-ARIMA,Decomposition,2026-01-26,2026-01-27,181500.0,172500.0,181621.2569295182
lithium_carbonate,CEEMDAN-ARIMA,Decomposition,2026-01-27,2026-01-28,172500.0,172000.0,173026.142390642
lithium_carbonate,CEEMDAN-ARIMA,Decomposition,2026-01-28,2026-01-29,172000.0,168000.0,166662.05708072084
lithium_carbonate,CEEMDAN-ARIMA,Decomposition,2026-01-29,2026-01-30,168000.0,160500.0,159756.09398519638
lithium_carbonate,CEEMDAN-ARIMA,Decomposition,2026-01-30,2026-02-02,160500.0,155500.0,156615.35156870712
lithium_carbonate,CEEMDAN-ARIMA,Decomposition,2026-02-02,2026-02-03,155500.0,153500.0,157091.2599168397
lithium_carbonate,CEEMDAN-ARIMA,Decomposition,2026-02-03,2026-02-04,153500.0,153000.0,155887.64779789242
lithium_carbonate,CEEMDAN-ARIMA,Decomposition,2026-02-04,2026-02-05,153000.0,144000.0,146234.01396788502
lithium_carbonate,CEEMDAN-ARIMA,Decomposition,2026-02-05,2026-02-06,144000.0,134500.0,136407.0438047888
lithium_carbonate,CEEMDAN-ARIMA,Decomposition,2026-02-06,2026-02-09,134500.0,135500.0,135348.04180343077
lithium_carbonate,CEEMDAN-ARIMA,Decomposition,2026-02-09,2026-02-10,135500.0,136000.0,136049.64447987388
lithium_carbonate,CEEMDAN-ARIMA,Decomposition,2026-02-10,2026-02-11,136000.0,138000.0,137718.20085588802
lithium_carbonate,CEEMDAN-ARIMA,Decomposition,2026-02-11,2026-02-12,138000.0,142500.0,141793.52428758866
lithium_carbonate,CEEMDAN-ARIMA,Decomposition,2026-02-12,2026-02-13,142500.0,143750.0,144092.76260867823
lithium_carbonate,CEEMDAN-ARIMA,Decomposition,2026-02-13,2026-02-24,143750.0,152000.0,150591.18222950757
lithium_carbonate,CEEMDAN-ARIMA,Decomposition,2026-02-24,2026-02-25,152000.0,161750.0,161811.9066934787
lithium_carbonate,CEEMDAN-ARIMA,Decomposition,2026-02-25,2026-02-26,161750.0,173000.0,172637.7336787268
lithium_carbonate,CEEMDAN-ARIMA,Decomposition,2026-02-26,2026-02-27,173000.0,172000.0,177337.3515295559
lithium_carbonate,CEEMDAN-ARIMA,Decomposition,2026-02-27,2026-03-02,172000.0,172500.0,175460.56647453006
lithium_carbonate,CEEMDAN-ARIMA,Decomposition,2026-03-02,2026-03-03,172500.0,161000.0,166145.57943892208
lithium_carbonate,CEEMDAN-ARIMA,Decomposition,2026-03-03,2026-03-04,161000.0,154000.0,156579.55920665123
lithium_carbonate,CEEMDAN-ARIMA,Decomposition,2026-03-04,2026-03-05,154000.0,156000.0,153326.62467730383
lithium_carbonate,CEEMDAN-ARIMA,Decomposition,2026-03-05,2026-03-06,156000.0,155250.0,152216.19578309875
lithium_carbonate,CEEMDAN-ARIMA,Decomposition,2026-03-06,2026-03-09,155250.0,154750.0,153614.76211476358
lithium_carbonate,CEEMDAN-ARIMA,Decomposition,2026-03-09,2026-03-10,154750.0,158500.0,158077.7722207189
lithium_carbonate,CEEMDAN-ARIMA,Decomposition,2026-03-10,2026-03-11,158500.0,159000.0,159525.18064954822
lithium_carbonate,CEEMDAN-ARIMA,Decomposition,2026-03-11,2026-03-12,159000.0,158000.0,158564.38217034627
lithium_carbonate,CEEMDAN-LSTM,Decomposition,2025-08-14,2025-08-15,82000.0,82700.0,97215.4296875
lithium_carbonate,CEEMDAN-LSTM,Decomposition,2025-08-15,2025-08-18,82700.0,84600.0,92178.7109375
lithium_carbonate,CEEMDAN-LSTM,Decomposition,2025-08-18,2025-08-19,84600.0,85700.0,88032.328125
lithium_carbonate,CEEMDAN-LSTM,Decomposition,2025-08-19,2025-08-20,85700.0,85700.0,83640.78125
lithium_carbonate,CEEMDAN-LSTM,Decomposition,2025-08-20,2025-08-21,85700.0,85200.0,80280.59375
lithium_carbonate,CEEMDAN-LSTM,Decomposition,2025-08-21,2025-08-22,85200.0,83900.0,78051.1875
lithium_carbonate,CEEMDAN-LSTM,Decomposition,2025-08-22,2025-08-25,83900.0,82500.0,77496.9921875
lithium_carbonate,CEEMDAN-LSTM,Decomposition,2025-08-25,2025-08-26,82500.0,81700.0,77288.265625
lithium_carbonate,CEEMDAN-LSTM,Decomposition,2025-08-26,2025-08-27,81700.0,81600.0,76847.234375
lithium_carbonate,CEEMDAN-LSTM,Decomposition,2025-08-27,2025-08-28,81600.0,80000.0,76506.96875
lithium_carbonate,CEEMDAN-LSTM,Decomposition,2025-08-28,2025-08-29,80000.0,79650.0,76462.65625
lithium_carbonate,CEEMDAN-LSTM,Decomposition,2025-08-29,2025-09-01,79650.0,78350.0,76102.296875
lithium_carbonate,CEEMDAN-LSTM,Decomposition,2025-09-01,2025-09-02,78350.0,77500.0,75883.4921875
lithium_carbonate,CEEMDAN-LSTM,Decomposition,2025-09-02,2025-09-03,77500.0,75900.0,74861.59375
lithium_carbonate,CEEMDAN-LSTM,Decomposition,2025-09-03,2025-09-04,75900.0,75000.0,74316.515625
lithium_carbonate,CEEMDAN-LSTM,Decomposition,2025-09-04,2025-09-05,75000.0,74750.0,74695.0
lithium_carbonate,CEEMDAN-LSTM,Decomposition,2025-09-05,2025-09-08,74750.0,74600.0,74560.4140625
lithium_carbonate,CEEMDAN-LSTM,Decomposition,2025-09-08,2025-09-09,74600.0,74600.0,74185.21875
lithium_carbonate,CEEMDAN-LSTM,Decomposition,2025-09-09,2025-09-10,74600.0,73450.0,73745.4921875
lithium_carbonate,CEEMDAN-LSTM,Decomposition,2025-09-10,2025-09-11,73450.0,72850.0,72978.484375
lithium_carbonate,CEEMDAN-LSTM,Decomposition,2025-09-11,2025-09-12,72850.0,72450.0,72698.7578125
lithium_carbonate,CEEMDAN-LSTM,Decomposition,2025-09-12,2025-09-15,72450.0,72450.0,72462.5390625
lithium_carbonate,CEEMDAN-LSTM,Decomposition,2025-09-15,2025-09-16,72450.0,72850.0,72534.1171875
lithium_carbonate,CEEMDAN-LSTM,Decomposition,2025-09-16,2025-09-17,72850.0,73150.0,72913.734375
lithium_carbonate,CEEMDAN-LSTM,Decomposition,2025-09-17,2025-09-18,73150.0,73450.0,73049.0703125
lithium_carbonate,CEEMDAN-LSTM,Decomposition,2025-09-18,2025-09-19,73450.0,73500.0,73588.0625
lithium_carbonate,CEEMDAN-LSTM,Decomposition,2025-09-19,2025-09-22,73500.0,73850.0,73710.046875
lithium_carbonate,CEEMDAN-LSTM,Decomposition,2025-09-22,2025-09-23,73850.0,73850.0,73748.6171875
lithium_carbonate,CEEMDAN-LSTM,Decomposition,2025-09-23,2025-09-24,73850.0,73850.0,73871.1484375
lithium_carbonate,CEEMDAN-LSTM,Decomposition,2025-09-24,2025-09-25,73850.0,73750.0,74044.0546875
lithium_carbonate,CEEMDAN-LSTM,Decomposition,2025-09-25,2025-09-26,73750.0,73600.0,73979.625
lithium_carbonate,CEEMDAN-LSTM,Decomposition,2025-09-26,2025-09-29,73600.0,73550.0,73772.34375
lithium_carbonate,CEEMDAN-LSTM,Decomposition,2025-09-29,2025-09-30,73550.0,73550.0,73600.296875
lithium_carbonate,CEEMDAN-LSTM,Decomposition,2025-09-30,2025-10-09,73550.0,73550.0,73400.7109375
lithium_carbonate,CEEMDAN-LSTM,Decomposition,2025-10-09,2025-10-10,73550.0,73550.0,73432.703125
lithium_carbonate,CEEMDAN-LSTM,Decomposition,2025-10-10,2025-10-13,73550.0,73100.0,73063.6484375
lithium_carbonate,CEEMDAN-LSTM,Decomposition,2025-10-13,2025-10-14,73100.0,73000.0,72907.5234375
lithium_carbonate,CEEMDAN-LSTM,Decomposition,2025-10-14,2025-10-15,73000.0,73000.0,72726.546875
lithium_carbonate,CEEMDAN-LSTM,Decomposition,2025-10-15,2025-10-16,73000.0,73000.0,72797.453125
lithium_carbonate,CEEMDAN-LSTM,Decomposition,2025-10-16,2025-10-17,73000.0,73350.0,73016.921875
lithium_carbonate,CEEMDAN-LSTM,Decomposition,2025-10-17,2025-10-20,73350.0,74000.0,73308.6484375
lithium_carbonate,CEEMDAN-LSTM,Decomposition,2025-10-20,2025-10-21,74000.0,74100.0,73465.375
lithium_carbonate,CEEMDAN-LSTM,Decomposition,2025-10-21,2025-10-22,74100.0,74350.0,73795.875
lithium_carbonate,CEEMDAN-LSTM,Decomposition,2025-10-22,2025-10-23,74350.0,74800.0,74180.6640625
lithium_carbonate,CEEMDAN-LSTM,Decomposition,2025-10-23,2025-10-24,74800.0,75400.0,74564.75
lithium_carbonate,CEEMDAN-LSTM,Decomposition,2025-10-24,2025-10-27,75400.0,76550.0,75897.28125
lithium_carbonate,CEEMDAN-LSTM,Decomposition,2025-10-27,2025-10-28,76550.0,78500.0,77248.828125
lithium_carbonate,CEEMDAN-LSTM,Decomposition,2025-10-28,2025-10-29,78500.0,79150.0,78347.578125
lithium_carbonate,CEEMDAN-LSTM,Decomposition,2025-10-29,2025-10-30,79150.0,80000.0,79244.84375
lithium_carbonate,CEEMDAN-LSTM,Decomposition,2025-10-30,2025-10-31,80000.0,80550.0,79576.0390625
lithium_carbonate,CEEMDAN-LSTM,Decomposition,2025-10-31,2025-11-03,80550.0,81000.0,80151.9453125
lithium_carbonate,CEEMDAN-LSTM,Decomposition,2025-11-03,2025-11-04,81000.0,80900.0,79953.203125
lithium_carbonate,CEEMDAN-LSTM,Decomposition,2025-11-04,2025-11-05,80900.0,80500.0,79726.5
lithium_carbonate,CEEMDAN-LSTM,Decomposition,2025-11-05,2025-11-06,80500.0,80400.0,79688.015625
lithium_carbonate,CEEMDAN-LSTM,Decomposition,2025-11-06,2025-11-07,80400.0,80400.0,79793.703125
lithium_carbonate,CEEMDAN-LSTM,Decomposition,2025-11-07,2025-11-10,80400.0,80750.0,80537.703125
lithium_carbonate,CEEMDAN-LSTM,Decomposition,2025-11-10,2025-11-11,80750.0,82300.0,81626.359375
lithium_carbonate,CEEMDAN-LSTM,Decomposition,2025-11-11,2025-11-12,82300.0,83300.0,82503.546875
lithium_carbonate,CEEMDAN-LSTM,Decomposition,2025-11-12,2025-11-13,83300.0,84350.0,83665.765625
lithium_carbonate,CEEMDAN-LSTM,Decomposition,2025-11-13,2025-11-14,84350.0,85150.0,84657.734375
lithium_carbonate,CEEMDAN-LSTM,Decomposition,2025-11-14,2025-11-17,85150.0,86150.0,85286.875
lithium_carbonate,CEEMDAN-LSTM,Decomposition,2025-11-17,2025-11-18,86150.0,87400.0,86510.828125
lithium_carbonate,CEEMDAN-LSTM,Decomposition,2025-11-18,2025-11-19,87400.0,88900.0,87728.515625
lithium_carbonate,CEEMDAN-LSTM,Decomposition,2025-11-19,2025-11-20,88900.0,91300.0,89022.0390625
lithium_carbonate,CEEMDAN-LSTM,Decomposition,2025-11-20,2025-11-21,91300.0,92300.0,90036.3203125
lithium_carbonate,CEEMDAN-LSTM,Decomposition,2025-11-21,2025-11-24,92300.0,92150.0,90494.7421875
lithium_carbonate,CEEMDAN-LSTM,Decomposition,2025-11-24,2025-11-25,92150.0,92050.0,90598.078125
lithium_carbonate,CEEMDAN-LSTM,Decomposition,2025-11-25,2025-11-26,92050.0,92800.0,91370.59375
lithium_carbonate,CEEMDAN-LSTM,Decomposition,2025-11-26,2025-11-27,92800.0,93300.0,91781.0546875
lithium_carbonate,CEEMDAN-LSTM,Decomposition,2025-11-27,2025-11-28,93300.0,93750.0,91709.25
lithium_carbonate,CEEMDAN-LSTM,Decomposition,2025-11-28,2025-12-01,93750.0,94350.0,92333.9375
lithium_carbonate,CEEMDAN-LSTM,Decomposition,2025-12-01,2025-12-02,94350.0,94400.0,92674.1875
lithium_carbonate,CEEMDAN-LSTM,Decomposition,2025-12-02,2025-12-03,94400.0,94350.0,92751.3125
lithium_carbonate,CEEMDAN-LSTM,Decomposition,2025-12-03,2025-12-04,94350.0,94000.0,92237.8984375
lithium_carbonate,CEEMDAN-LSTM,Decomposition,2025-12-04,2025-12-05,94000.0,93250.0,91576.7265625
lithium_carbonate,CEEMDAN-LSTM,Decomposition,2025-12-05,2025-12-08,93250.0,92750.0,90476.265625
lithium_carbonate,CEEMDAN-LSTM,Decomposition,2025-12-08,2025-12-09,92750.0,92750.0,90046.0625
lithium_carbonate,CEEMDAN-LSTM,Decomposition,2025-12-09,2025-12-10,92750.0,92700.0,90544.78125
lithium_carbonate,CEEMDAN-LSTM,Decomposition,2025-12-10,2025-12-11,92700.0,93500.0,91168.6953125
lithium_carbonate,CEEMDAN-LSTM,Decomposition,2025-12-11,2025-12-12,93500.0,94500.0,92454.328125
lithium_carbonate,CEEMDAN-LSTM,Decomposition,2025-12-12,2025-12-15,94500.0,95150.0,93734.7265625
lithium_carbonate,CEEMDAN-LSTM,Decomposition,2025-12-15,2025-12-16,95150.0,95850.0,94634.375
lithium_carbonate,CEEMDAN-LSTM,Decomposition,2025-12-16,2025-12-17,95850.0,97050.0,96142.828125
lithium_carbonate,CEEMDAN-LSTM,Decomposition,2025-12-17,2025-12-18,97050.0,97550.0,97283.9921875
lithium_carbonate,CEEMDAN-LSTM,Decomposition,2025-12-18,2025-12-19,97550.0,97650.0,98213.046875
lithium_carbonate,CEEMDAN-LSTM,Decomposition,2025-12-19,2025-12-22,97650.0,99000.0,99993.9921875
lithium_carbonate,CEEMDAN-LSTM,Decomposition,2025-12-22,2025-12-23,99000.0,99500.0,102076.90625
lithium_carbonate,CEEMDAN-LSTM,Decomposition,2025-12-23,2025-12-24,99500.0,101500.0,104850.71875
lithium_carbonate,CEEMDAN-LSTM,Decomposition,2025-12-24,2025-12-25,101500.0,104900.0,108439.7109375
lithium_carbonate,CEEMDAN-LSTM,Decomposition,2025-12-25,2025-12-26,104900.0,111900.0,112454.109375
lithium_carbonate,CEEMDAN-LSTM,Decomposition,2025-12-26,2025-12-29,111900.0,118000.0,115888.421875
lithium_carbonate,CEEMDAN-LSTM,Decomposition,2025-12-29,2025-12-30,118000.0,118000.0,118054.03125
lithium_carbonate,CEEMDAN-LSTM,Decomposition,2025-12-30,2025-12-31,118000.0,118500.0,120048.671875
lithium_carbonate,CEEMDAN-LSTM,Decomposition,2025-12-31,2026-01-05,118500.0,119500.0,122418.890625
lithium_carbonate,CEEMDAN-LSTM,Decomposition,2026-01-05,2026-01-06,119500.0,127500.0,128249.9296875
lithium_carbonate,CEEMDAN-LSTM,Decomposition,2026-01-06,2026-01-07,127500.0,133500.0,131850.671875
lithium_carbonate,CEEMDAN-LSTM,Decomposition,2026-01-07,2026-01-08,133500.0,138500.0,134927.21875
lithium_carbonate,CEEMDAN-LSTM,Decomposition,2026-01-08,2026-01-09,138500.0,140000.0,139150.265625
lithium_carbonate,CEEMDAN-LSTM,Decomposition,2026-01-09,2026-01-12,140000.0,152000.0,146649.09375
lithium_carbonate,CEEMDAN-LSTM,Decomposition,2026-01-12,2026-01-13,152000.0,159500.0,151430.53125
lithium_carbonate,CEEMDAN-LSTM,Decomposition,2026-01-13,2026-01-14,159500.0,163000.0,152442.875
lithium_carbonate,CEEMDAN-LSTM,Decomposition,2026-01-14,2026-01-15,163000.0,159000.0,152402.84375
lithium_carbonate,CEEMDAN-LSTM,Decomposition,2026-01-15,2026-01-16,159000.0,158000.0,152245.703125
lithium_carbonate,CEEMDAN-LSTM,Decomposition,2026-01-16,2026-01-19,158000.0,151000.0,154773.390625
lithium_carbonate,CEEMDAN-LSTM,Decomposition,2026-01-19,2026-01-20,151000.0,152500.0,159561.828125
lithium_carbonate,CEEMDAN-LSTM,Decomposition,2026-01-20,2026-01-21,152500.0,158500.0,161688.625
lithium_carbonate,CEEMDAN-LSTM,Decomposition,2026-01-21,2026-01-22,158500.0,164500.0,163258.046875
lithium_carbonate,CEEMDAN-LSTM,Decomposition,2026-01-22,2026-01-23,164500.0,171000.0,166167.75
lithium_carbonate,CEEMDAN-LSTM,Decomposition,2026-01-23,2026-01-26,171000.0,181500.0,169522.53125
lithium_carbonate,CEEMDAN-LSTM,Decomposition,2026-01-26,2026-01-27,181500.0,172500.0,171249.46875
lithium_carbonate,CEEMDAN-LSTM,Decomposition,2026-01-27,2026-01-28,172500.0,172000.0,170888.0625
lithium_carbonate,CEEMDAN-LSTM,Decomposition,2026-01-28,2026-01-29,172000.0,168000.0,167832.15625
lithium_carbonate,CEEMDAN-LSTM,Decomposition,2026-01-29,2026-01-30,168000.0,160500.0,163028.828125
lithium_carbonate,CEEMDAN-LSTM,Decomposition,2026-01-30,2026-02-02,160500.0,155500.0,157211.421875
lithium_carbonate,CEEMDAN-LSTM,Decomposition,2026-02-02,2026-02-03,155500.0,153500.0,152455.203125
lithium_carbonate,CEEMDAN-LSTM,Decomposition,2026-02-03,2026-02-04,153500.0,153000.0,146983.9375
lithium_carbonate,CEEMDAN-LSTM,Decomposition,2026-02-04,2026-02-05,153000.0,144000.0,143158.9375
lithium_carbonate,CEEMDAN-LSTM,Decomposition,2026-02-05,2026-02-06,144000.0,134500.0,141867.8125
lithium_carbonate,CEEMDAN-LSTM,Decomposition,2026-02-06,2026-02-09,134500.0,135500.0,142729.140625
lithium_carbonate,CEEMDAN-LSTM,Decomposition,2026-02-09,2026-02-10,135500.0,136000.0,144041.90625
lithium_carbonate,CEEMDAN-LSTM,Decomposition,2026-02-10,2026-02-11,136000.0,138000.0,142950.578125
lithium_carbonate,CEEMDAN-LSTM,Decomposition,2026-02-11,2026-02-12,138000.0,142500.0,142710.09375
lithium_carbonate,CEEMDAN-LSTM,Decomposition,2026-02-12,2026-02-13,142500.0,143750.0,144124.96875
lithium_carbonate,CEEMDAN-LSTM,Decomposition,2026-02-13,2026-02-24,143750.0,152000.0,148610.75
lithium_carbonate,CEEMDAN-LSTM,Decomposition,2026-02-24,2026-02-25,152000.0,161750.0,155628.046875
lithium_carbonate,CEEMDAN-LSTM,Decomposition,2026-02-25,2026-02-26,161750.0,173000.0,163423.5
lithium_carbonate,CEEMDAN-LSTM,Decomposition,2026-02-26,2026-02-27,173000.0,172000.0,167581.1875
lithium_carbonate,CEEMDAN-LSTM,Decomposition,2026-02-27,2026-03-02,172000.0,172500.0,169555.796875
lithium_carbonate,CEEMDAN-LSTM,Decomposition,2026-03-02,2026-03-03,172500.0,161000.0,168143.71875
lithium_carbonate,CEEMDAN-LSTM,Decomposition,2026-03-03,2026-03-04,161000.0,154000.0,165317.625
lithium_carbonate,CEEMDAN-LSTM,Decomposition,2026-03-04,2026-03-05,154000.0,156000.0,160974.0625
lithium_carbonate,CEEMDAN-LSTM,Decomposition,2026-03-05,2026-03-06,156000.0,155250.0,157399.25
lithium_carbonate,CEEMDAN-LSTM,Decomposition,2026-03-06,2026-03-09,155250.0,154750.0,154191.890625
lithium_carbonate,CEEMDAN-LSTM,Decomposition,2026-03-09,2026-03-10,154750.0,158500.0,153145.6875
lithium_carbonate,CEEMDAN-LSTM,Decomposition,2026-03-10,2026-03-11,158500.0,159000.0,154354.234375
lithium_carbonate,CEEMDAN-LSTM,Decomposition,2026-03-11,2026-03-12,159000.0,158000.0,152575.828125
lithium_carbonate,Fixed VMD-LASSO-ARIMA/LSTM,Decomposition,2025-08-14,2025-08-15,82000.0,82700.0,52073.45634446909
lithium_carbonate,Fixed VMD-LASSO-ARIMA/LSTM,Decomposition,2025-08-15,2025-08-18,82700.0,84600.0,81234.41830114301
lithium_carbonate,Fixed VMD-LASSO-ARIMA/LSTM,Decomposition,2025-08-18,2025-08-19,84600.0,85700.0,84431.67461125572
lithium_carbonate,Fixed VMD-LASSO-ARIMA/LSTM,Decomposition,2025-08-19,2025-08-20,85700.0,85700.0,85675.33189010437
lithium_carbonate,Fixed VMD-LASSO-ARIMA/LSTM,Decomposition,2025-08-20,2025-08-21,85700.0,85200.0,85916.85267833636
lithium_carbonate,Fixed VMD-LASSO-ARIMA/LSTM,Decomposition,2025-08-21,2025-08-22,85200.0,83900.0,84772.6876184793
lithium_carbonate,Fixed VMD-LASSO-ARIMA/LSTM,Decomposition,2025-08-22,2025-08-25,83900.0,82500.0,83382.83220171058
lithium_carbonate,Fixed VMD-LASSO-ARIMA/LSTM,Decomposition,2025-08-25,2025-08-26,82500.0,81700.0,82008.53847933453
lithium_carbonate,Fixed VMD-LASSO-ARIMA/LSTM,Decomposition,2025-08-26,2025-08-27,81700.0,81600.0,81394.1186764332
lithium_carbonate,Fixed VMD-LASSO-ARIMA/LSTM,Decomposition,2025-08-27,2025-08-28,81600.0,80000.0,80245.06634184901
lithium_carbonate,Fixed VMD-LASSO-ARIMA/LSTM,Decomposition,2025-08-28,2025-08-29,80000.0,79650.0,79391.2835821533
lithium_carbonate,Fixed VMD-LASSO-ARIMA/LSTM,Decomposition,2025-08-29,2025-09-01,79650.0,78350.0,78763.67875350632
lithium_carbonate,Fixed VMD-LASSO-ARIMA/LSTM,Decomposition,2025-09-01,2025-09-02,78350.0,77500.0,77934.10155754104
lithium_carbonate,Fixed VMD-LASSO-ARIMA/LSTM,Decomposition,2025-09-02,2025-09-03,77500.0,75900.0,77099.51506440126
lithium_carbonate,Fixed VMD-LASSO-ARIMA/LSTM,Decomposition,2025-09-03,2025-09-04,75900.0,75000.0,76344.39054660621
lithium_carbonate,Fixed VMD-LASSO-ARIMA/LSTM,Decomposition,2025-09-04,2025-09-05,75000.0,74750.0,75642.31941099021
lithium_carbonate,Fixed VMD-LASSO-ARIMA/LSTM,Decomposition,2025-09-05,2025-09-08,74750.0,74600.0,75552.30403676863
lithium_carbonate,Fixed VMD-LASSO-ARIMA/LSTM,Decomposition,2025-09-08,2025-09-09,74600.0,74600.0,75667.87000543857
lithium_carbonate,Fixed VMD-LASSO-ARIMA/LSTM,Decomposition,2025-09-09,2025-09-10,74600.0,73450.0,75064.20989541868
lithium_carbonate,Fixed VMD-LASSO-ARIMA/LSTM,Decomposition,2025-09-10,2025-09-11,73450.0,72850.0,74032.3173932624
lithium_carbonate,Fixed VMD-LASSO-ARIMA/LSTM,Decomposition,2025-09-11,2025-09-12,72850.0,72450.0,73682.11233642933
lithium_carbonate,Fixed VMD-LASSO-ARIMA/LSTM,Decomposition,2025-09-12,2025-09-15,72450.0,72450.0,73338.34325137561
lithium_carbonate,Fixed VMD-LASSO-ARIMA/LSTM,Decomposition,2025-09-15,2025-09-16,72450.0,72850.0,73219.23955349643
lithium_carbonate,Fixed VMD-LASSO-ARIMA/LSTM,Decomposition,2025-09-16,2025-09-17,72850.0,73150.0,73610.90309391513
lithium_carbonate,Fixed VMD-LASSO-ARIMA/LSTM,Decomposition,2025-09-17,2025-09-18,73150.0,73450.0,73880.30797227097
lithium_carbonate,Fixed VMD-LASSO-ARIMA/LSTM,Decomposition,2025-09-18,2025-09-19,73450.0,73500.0,74115.41892784
lithium_carbonate,Fixed VMD-LASSO-ARIMA/LSTM,Decomposition,2025-09-19,2025-09-22,73500.0,73850.0,74450.2301253366
lithium_carbonate,Fixed VMD-LASSO-ARIMA/LSTM,Decomposition,2025-09-22,2025-09-23,73850.0,73850.0,74861.87876048827
lithium_carbonate,Fixed VMD-LASSO-ARIMA/LSTM,Decomposition,2025-09-23,2025-09-24,73850.0,73850.0,74697.18713105586
lithium_carbonate,Fixed VMD-LASSO-ARIMA/LSTM,Decomposition,2025-09-24,2025-09-25,73850.0,73750.0,74995.40858292145
lithium_carbonate,Fixed VMD-LASSO-ARIMA/LSTM,Decomposition,2025-09-25,2025-09-26,73750.0,73600.0,74992.12883896564
lithium_carbonate,Fixed VMD-LASSO-ARIMA/LSTM,Decomposition,2025-09-26,2025-09-29,73600.0,73550.0,74679.63220670045
lithium_carbonate,Fixed VMD-LASSO-ARIMA/LSTM,Decomposition,2025-09-29,2025-09-30,73550.0,73550.0,74466.44664012593
lithium_carbonate,Fixed VMD-LASSO-ARIMA/LSTM,Decomposition,2025-09-30,2025-10-09,73550.0,73550.0,74501.23078074008
lithium_carbonate,Fixed VMD-LASSO-ARIMA/LSTM,Decomposition,2025-10-09,2025-10-10,73550.0,73550.0,74482.76252128273
lithium_carbonate,Fixed VMD-LASSO-ARIMA/LSTM,Decomposition,2025-10-10,2025-10-13,73550.0,73100.0,74245.48377686476
lithium_carbonate,Fixed VMD-LASSO-ARIMA/LSTM,Decomposition,2025-10-13,2025-10-14,73100.0,73000.0,74290.07035755845
lithium_carbonate,Fixed VMD-LASSO-ARIMA/LSTM,Decomposition,2025-10-14,2025-10-15,73000.0,73000.0,74479.73791779911
lithium_carbonate,Fixed VMD-LASSO-ARIMA/LSTM,Decomposition,2025-10-15,2025-10-16,73000.0,73000.0,74520.1937330505
lithium_carbonate,Fixed VMD-LASSO-ARIMA/LSTM,Decomposition,2025-10-16,2025-10-17,73000.0,73350.0,74530.74575502226
lithium_carbonate,Fixed VMD-LASSO-ARIMA/LSTM,Decomposition,2025-10-17,2025-10-20,73350.0,74000.0,74761.2809676008
lithium_carbonate,Fixed VMD-LASSO-ARIMA/LSTM,Decomposition,2025-10-20,2025-10-21,74000.0,74100.0,74805.23418018055
lithium_carbonate,Fixed VMD-LASSO-ARIMA/LSTM,Decomposition,2025-10-21,2025-10-22,74100.0,74350.0,74988.24018983645
lithium_carbonate,Fixed VMD-LASSO-ARIMA/LSTM,Decomposition,2025-10-22,2025-10-23,74350.0,74800.0,75455.1260879668
lithium_carbonate,Fixed VMD-LASSO-ARIMA/LSTM,Decomposition,2025-10-23,2025-10-24,74800.0,75400.0,76071.9781949449
lithium_carbonate,Fixed VMD-LASSO-ARIMA/LSTM,Decomposition,2025-10-24,2025-10-27,75400.0,76550.0,76847.494917958
lithium_carbonate,Fixed VMD-LASSO-ARIMA/LSTM,Decomposition,2025-10-27,2025-10-28,76550.0,78500.0,78368.80083769998
lithium_carbonate,Fixed VMD-LASSO-ARIMA/LSTM,Decomposition,2025-10-28,2025-10-29,78500.0,79150.0,79402.33761141883
lithium_carbonate,Fixed VMD-LASSO-ARIMA/LSTM,Decomposition,2025-10-29,2025-10-30,79150.0,80000.0,80248.4872413589
lithium_carbonate,Fixed VMD-LASSO-ARIMA/LSTM,Decomposition,2025-10-30,2025-10-31,80000.0,80550.0,81347.52381664225
lithium_carbonate,Fixed VMD-LASSO-ARIMA/LSTM,Decomposition,2025-10-31,2025-11-03,80550.0,81000.0,81944.45048006317
lithium_carbonate,Fixed VMD-LASSO-ARIMA/LSTM,Decomposition,2025-11-03,2025-11-04,81000.0,80900.0,81647.84669789587
lithium_carbonate,Fixed VMD-LASSO-ARIMA/LSTM,Decomposition,2025-11-04,2025-11-05,80900.0,80500.0,81268.97958095779
lithium_carbonate,Fixed VMD-LASSO-ARIMA/LSTM,Decomposition,2025-11-05,2025-11-06,80500.0,80400.0,81059.22438877964
lithium_carbonate,Fixed VMD-LASSO-ARIMA/LSTM,Decomposition,2025-11-06,2025-11-07,80400.0,80400.0,81066.20017087673
lithium_carbonate,Fixed VMD-LASSO-ARIMA/LSTM,Decomposition,2025-11-07,2025-11-10,80400.0,80750.0,81444.14937391838
lithium_carbonate,Fixed VMD-LASSO-ARIMA/LSTM,Decomposition,2025-11-10,2025-11-11,80750.0,82300.0,82510.93289283136
lithium_carbonate,Fixed VMD-LASSO-ARIMA/LSTM,Decomposition,2025-11-11,2025-11-12,82300.0,83300.0,83694.00084351366
lithium_carbonate,Fixed VMD-LASSO-ARIMA/LSTM,Decomposition,2025-11-12,2025-11-13,83300.0,84350.0,84772.06805276452
lithium_carbonate,Fixed VMD-LASSO-ARIMA/LSTM,Decomposition,2025-11-13,2025-11-14,84350.0,85150.0,86313.01745602768
lithium_carbonate,Fixed VMD-LASSO-ARIMA/LSTM,Decomposition,2025-11-14,2025-11-17,85150.0,86150.0,87519.71972167688
lithium_carbonate,Fixed VMD-LASSO-ARIMA/LSTM,Decomposition,2025-11-17,2025-11-18,86150.0,87400.0,89033.81753988954
lithium_carbonate,Fixed VMD-LASSO-ARIMA/LSTM,Decomposition,2025-11-18,2025-11-19,87400.0,88900.0,90284.46538736131
lithium_carbonate,Fixed VMD-LASSO-ARIMA/LSTM,Decomposition,2025-11-19,2025-11-20,88900.0,91300.0,92070.6362153865
lithium_carbonate,Fixed VMD-LASSO-ARIMA/LSTM,Decomposition,2025-11-20,2025-11-21,91300.0,92300.0,93310.69480460408
lithium_carbonate,Fixed VMD-LASSO-ARIMA/LSTM,Decomposition,2025-11-21,2025-11-24,92300.0,92150.0,93401.64163528357
lithium_carbonate,Fixed VMD-LASSO-ARIMA/LSTM,Decomposition,2025-11-24,2025-11-25,92150.0,92050.0,93092.77133196832
lithium_carbonate,Fixed VMD-LASSO-ARIMA/LSTM,Decomposition,2025-11-25,2025-11-26,92050.0,92800.0,93448.8615228492
lithium_carbonate,Fixed VMD-LASSO-ARIMA/LSTM,Decomposition,2025-11-26,2025-11-27,92800.0,93300.0,93933.50055820204
lithium_carbonate,Fixed VMD-LASSO-ARIMA/LSTM,Decomposition,2025-11-27,2025-11-28,93300.0,93750.0,94440.49826173612
lithium_carbonate,Fixed VMD-LASSO-ARIMA/LSTM,Decomposition,2025-11-28,2025-12-01,93750.0,94350.0,94344.59841930403
lithium_carbonate,Fixed VMD-LASSO-ARIMA/LSTM,Decomposition,2025-12-01,2025-12-02,94350.0,94400.0,94800.64608427792
lithium_carbonate,Fixed VMD-LASSO-ARIMA/LSTM,Decomposition,2025-12-02,2025-12-03,94400.0,94350.0,94496.18242388051
lithium_carbonate,Fixed VMD-LASSO-ARIMA/LSTM,Decomposition,2025-12-03,2025-12-04,94350.0,94000.0,94378.29938591068
lithium_carbonate,Fixed VMD-LASSO-ARIMA/LSTM,Decomposition,2025-12-04,2025-12-05,94000.0,93250.0,93243.80942237248
lithium_carbonate,Fixed VMD-LASSO-ARIMA/LSTM,Decomposition,2025-12-05,2025-12-08,93250.0,92750.0,93289.85655303745
lithium_carbonate,Fixed VMD-LASSO-ARIMA/LSTM,Decomposition,2025-12-08,2025-12-09,92750.0,92750.0,93021.2986945146
lithium_carbonate,Fixed VMD-LASSO-ARIMA/LSTM,Decomposition,2025-12-09,2025-12-10,92750.0,92700.0,93954.33030284432
lithium_carbonate,Fixed VMD-LASSO-ARIMA/LSTM,Decomposition,2025-12-10,2025-12-11,92700.0,93500.0,94071.54650769224
lithium_carbonate,Fixed VMD-LASSO-ARIMA/LSTM,Decomposition,2025-12-11,2025-12-12,93500.0,94500.0,96452.36445978994
lithium_carbonate,Fixed VMD-LASSO-ARIMA/LSTM,Decomposition,2025-12-12,2025-12-15,94500.0,95150.0,96271.11598674522
lithium_carbonate,Fixed VMD-LASSO-ARIMA/LSTM,Decomposition,2025-12-15,2025-12-16,95150.0,95850.0,97178.56144927198
lithium_carbonate,Fixed VMD-LASSO-ARIMA/LSTM,Decomposition,2025-12-16,2025-12-17,95850.0,97050.0,97896.02839010253
lithium_carbonate,Fixed VMD-LASSO-ARIMA/LSTM,Decomposition,2025-12-17,2025-12-18,97050.0,97550.0,98930.97033604547
lithium_carbonate,Fixed VMD-LASSO-ARIMA/LSTM,Decomposition,2025-12-18,2025-12-19,97550.0,97650.0,98914.0806710154
lithium_carbonate,Fixed VMD-LASSO-ARIMA/LSTM,Decomposition,2025-12-19,2025-12-22,97650.0,99000.0,101470.39712723054
lithium_carbonate,Fixed VMD-LASSO-ARIMA/LSTM,Decomposition,2025-12-22,2025-12-23,99000.0,99500.0,103023.647667197
lithium_carbonate,Fixed VMD-LASSO-ARIMA/LSTM,Decomposition,2025-12-23,2025-12-24,99500.0,101500.0,105205.90049441106
lithium_carbonate,Fixed VMD-LASSO-ARIMA/LSTM,Decomposition,2025-12-24,2025-12-25,101500.0,104900.0,107966.83761834729
lithium_carbonate,Fixed VMD-LASSO-ARIMA/LSTM,Decomposition,2025-12-25,2025-12-26,104900.0,111900.0,111706.92398902512
lithium_carbonate,Fixed VMD-LASSO-ARIMA/LSTM,Decomposition,2025-12-26,2025-12-29,111900.0,118000.0,116204.1554891002
lithium_carbonate,Fixed VMD-LASSO-ARIMA/LSTM,Decomposition,2025-12-29,2025-12-30,118000.0,118000.0,119155.423409
lithium_carbonate,Fixed VMD-LASSO-ARIMA/LSTM,Decomposition,2025-12-30,2025-12-31,118000.0,118500.0,121416.29946563306
lithium_carbonate,Fixed VMD-LASSO-ARIMA/LSTM,Decomposition,2025-12-31,2026-01-05,118500.0,119500.0,121736.63372969176
lithium_carbonate,Fixed VMD-LASSO-ARIMA/LSTM,Decomposition,2026-01-05,2026-01-06,119500.0,127500.0,125522.98050312525
lithium_carbonate,Fixed VMD-LASSO-ARIMA/LSTM,Decomposition,2026-01-06,2026-01-07,127500.0,133500.0,132577.6412435996
lithium_carbonate,Fixed VMD-LASSO-ARIMA/LSTM,Decomposition,2026-01-07,2026-01-08,133500.0,138500.0,137451.539056162
lithium_carbonate,Fixed VMD-LASSO-ARIMA/LSTM,Decomposition,2026-01-08,2026-01-09,138500.0,140000.0,140908.16972134213
lithium_carbonate,Fixed VMD-LASSO-ARIMA/LSTM,Decomposition,2026-01-09,2026-01-12,140000.0,152000.0,147606.26551827625
lithium_carbonate,Fixed VMD-LASSO-ARIMA/LSTM,Decomposition,2026-01-12,2026-01-13,152000.0,159500.0,153836.90353866454
lithium_carbonate,Fixed VMD-LASSO-ARIMA/LSTM,Decomposition,2026-01-13,2026-01-14,159500.0,163000.0,158740.66935577022
lithium_carbonate,Fixed VMD-LASSO-ARIMA/LSTM,Decomposition,2026-01-14,2026-01-15,163000.0,159000.0,159311.20072716536
lithium_carbonate,Fixed VMD-LASSO-ARIMA/LSTM,Decomposition,2026-01-15,2026-01-16,159000.0,158000.0,160912.34483095043
lithium_carbonate,Fixed VMD-LASSO-ARIMA/LSTM,Decomposition,2026-01-16,2026-01-19,158000.0,151000.0,159989.5672328638
lithium_carbonate,Fixed VMD-LASSO-ARIMA/LSTM,Decomposition,2026-01-19,2026-01-20,151000.0,152500.0,161258.2987129748
lithium_carbonate,Fixed VMD-LASSO-ARIMA/LSTM,Decomposition,2026-01-20,2026-01-21,152500.0,158500.0,163147.29918595325
lithium_carbonate,Fixed VMD-LASSO-ARIMA/LSTM,Decomposition,2026-01-21,2026-01-22,158500.0,164500.0,164765.01039250215
lithium_carbonate,Fixed VMD-LASSO-ARIMA/LSTM,Decomposition,2026-01-22,2026-01-23,164500.0,171000.0,167750.91551104945
lithium_carbonate,Fixed VMD-LASSO-ARIMA/LSTM,Decomposition,2026-01-23,2026-01-26,171000.0,181500.0,172585.44158076146
lithium_carbonate,Fixed VMD-LASSO-ARIMA/LSTM,Decomposition,2026-01-26,2026-01-27,181500.0,172500.0,172027.85349092947
lithium_carbonate,Fixed VMD-LASSO-ARIMA/LSTM,Decomposition,2026-01-27,2026-01-28,172500.0,172000.0,170143.94797367154
lithium_carbonate,Fixed VMD-LASSO-ARIMA/LSTM,Decomposition,2026-01-28,2026-01-29,172000.0,168000.0,169028.48247842657
lithium_carbonate,Fixed VMD-LASSO-ARIMA/LSTM,Decomposition,2026-01-29,2026-01-30,168000.0,160500.0,165684.99602549346
lithium_carbonate,Fixed VMD-LASSO-ARIMA/LSTM,Decomposition,2026-01-30,2026-02-02,160500.0,155500.0,159463.46180153312
lithium_carbonate,Fixed VMD-LASSO-ARIMA/LSTM,Decomposition,2026-02-02,2026-02-03,155500.0,153500.0,155556.62805735922
lithium_carbonate,Fixed VMD-LASSO-ARIMA/LSTM,Decomposition,2026-02-03,2026-02-04,153500.0,153000.0,152211.60938640608
lithium_carbonate,Fixed VMD-LASSO-ARIMA/LSTM,Decomposition,2026-02-04,2026-02-05,153000.0,144000.0,148469.36985319172
lithium_carbonate,Fixed VMD-LASSO-ARIMA/LSTM,Decomposition,2026-02-05,2026-02-06,144000.0,134500.0,144727.8697427351
lithium_carbonate,Fixed VMD-LASSO-ARIMA/LSTM,Decomposition,2026-02-06,2026-02-09,134500.0,135500.0,142069.94368891662
lithium_carbonate,Fixed VMD-LASSO-ARIMA/LSTM,Decomposition,2026-02-09,2026-02-10,135500.0,136000.0,140351.84286805434
lithium_carbonate,Fixed VMD-LASSO-ARIMA/LSTM,Decomposition,2026-02-10,2026-02-11,136000.0,138000.0,140043.06359044474
lithium_carbonate,Fixed VMD-LASSO-ARIMA/LSTM,Decomposition,2026-02-11,2026-02-12,138000.0,142500.0,142489.95192493073
lithium_carbonate,Fixed VMD-LASSO-ARIMA/LSTM,Decomposition,2026-02-12,2026-02-13,142500.0,143750.0,144518.442630023
lithium_carbonate,Fixed VMD-LASSO-ARIMA/LSTM,Decomposition,2026-02-13,2026-02-24,143750.0,152000.0,149840.73533489116
lithium_carbonate,Fixed VMD-LASSO-ARIMA/LSTM,Decomposition,2026-02-24,2026-02-25,152000.0,161750.0,155496.3574655383
lithium_carbonate,Fixed VMD-LASSO-ARIMA/LSTM,Decomposition,2026-02-25,2026-02-26,161750.0,173000.0,163236.6973728399
lithium_carbonate,Fixed VMD-LASSO-ARIMA/LSTM,Decomposition,2026-02-26,2026-02-27,173000.0,172000.0,164907.7480814361
lithium_carbonate,Fixed VMD-LASSO-ARIMA/LSTM,Decomposition,2026-02-27,2026-03-02,172000.0,172500.0,165694.7407339325
lithium_carbonate,Fixed VMD-LASSO-ARIMA/LSTM,Decomposition,2026-03-02,2026-03-03,172500.0,161000.0,165059.39219840334
lithium_carbonate,Fixed VMD-LASSO-ARIMA/LSTM,Decomposition,2026-03-03,2026-03-04,161000.0,154000.0,162096.93696820666
lithium_carbonate,Fixed VMD-LASSO-ARIMA/LSTM,Decomposition,2026-03-04,2026-03-05,154000.0,156000.0,159173.90532316707
lithium_carbonate,Fixed VMD-LASSO-ARIMA/LSTM,Decomposition,2026-03-05,2026-03-06,156000.0,155250.0,158066.11976320128
lithium_carbonate,Fixed VMD-LASSO-ARIMA/LSTM,Decomposition,2026-03-06,2026-03-09,155250.0,154750.0,154976.2154070371
lithium_carbonate,Fixed VMD-LASSO-ARIMA/LSTM,Decomposition,2026-03-09,2026-03-10,154750.0,158500.0,155872.82320672332
lithium_carbonate,Fixed VMD-LASSO-ARIMA/LSTM,Decomposition,2026-03-10,2026-03-11,158500.0,159000.0,156937.83709273516
lithium_carbonate,Fixed VMD-LASSO-ARIMA/LSTM,Decomposition,2026-03-11,2026-03-12,159000.0,158000.0,158874.07358227615
lithium_carbonate,Proposed Adaptive Decomposition-Routing Ensemble,Decomposition,2025-08-14,2025-08-15,82000.0,82700.0,97133.72988884694
lithium_carbonate,Proposed Adaptive Decomposition-Routing Ensemble,Decomposition,2025-08-15,2025-08-18,82700.0,84600.0,75519.33610851021
lithium_carbonate,Proposed Adaptive Decomposition-Routing Ensemble,Decomposition,2025-08-18,2025-08-19,84600.0,85700.0,84386.30779374993
lithium_carbonate,Proposed Adaptive Decomposition-Routing Ensemble,Decomposition,2025-08-19,2025-08-20,85700.0,85700.0,84416.98987618713
lithium_carbonate,Proposed Adaptive Decomposition-Routing Ensemble,Decomposition,2025-08-20,2025-08-21,85700.0,85200.0,83992.13629561184
lithium_carbonate,Proposed Adaptive Decomposition-Routing Ensemble,Decomposition,2025-08-21,2025-08-22,85200.0,83900.0,82653.96174546331
lithium_carbonate,Proposed Adaptive Decomposition-Routing Ensemble,Decomposition,2025-08-22,2025-08-25,83900.0,82500.0,81427.34689006936
lithium_carbonate,Proposed Adaptive Decomposition-Routing Ensemble,Decomposition,2025-08-25,2025-08-26,82500.0,81700.0,80389.05975638102
lithium_carbonate,Proposed Adaptive Decomposition-Routing Ensemble,Decomposition,2025-08-26,2025-08-27,81700.0,81600.0,80304.65293309782
lithium_carbonate,Proposed Adaptive Decomposition-Routing Ensemble,Decomposition,2025-08-27,2025-08-28,81600.0,80000.0,79298.82058817601
lithium_carbonate,Proposed Adaptive Decomposition-Routing Ensemble,Decomposition,2025-08-28,2025-08-29,80000.0,79650.0,78643.661885118
lithium_carbonate,Proposed Adaptive Decomposition-Routing Ensemble,Decomposition,2025-08-29,2025-09-01,79650.0,78350.0,78009.43672467105
lithium_carbonate,Proposed Adaptive Decomposition-Routing Ensemble,Decomposition,2025-09-01,2025-09-02,78350.0,77500.0,76626.55644110206
lithium_carbonate,Proposed Adaptive Decomposition-Routing Ensemble,Decomposition,2025-09-02,2025-09-03,77500.0,75900.0,75584.06763869149
lithium_carbonate,Proposed Adaptive Decomposition-Routing Ensemble,Decomposition,2025-09-03,2025-09-04,75900.0,75000.0,74925.60364952759
lithium_carbonate,Proposed Adaptive Decomposition-Routing Ensemble,Decomposition,2025-09-04,2025-09-05,75000.0,74750.0,74385.7491263561
lithium_carbonate,Proposed Adaptive Decomposition-Routing Ensemble,Decomposition,2025-09-05,2025-09-08,74750.0,74600.0,74397.89067614457
lithium_carbonate,Proposed Adaptive Decomposition-Routing Ensemble,Decomposition,2025-09-08,2025-09-09,74600.0,74600.0,74303.70400349406
lithium_carbonate,Proposed Adaptive Decomposition-Routing Ensemble,Decomposition,2025-09-09,2025-09-10,74600.0,73450.0,73307.01921441972
lithium_carbonate,Proposed Adaptive Decomposition-Routing Ensemble,Decomposition,2025-09-10,2025-09-11,73450.0,72850.0,72612.4959536365
lithium_carbonate,Proposed Adaptive Decomposition-Routing Ensemble,Decomposition,2025-09-11,2025-09-12,72850.0,72450.0,72270.49667047086
lithium_carbonate,Proposed Adaptive Decomposition-Routing Ensemble,Decomposition,2025-09-12,2025-09-15,72450.0,72450.0,71998.70893171475
lithium_carbonate,Proposed Adaptive Decomposition-Routing Ensemble,Decomposition,2025-09-15,2025-09-16,72450.0,72850.0,72353.632338861
lithium_carbonate,Proposed Adaptive Decomposition-Routing Ensemble,Decomposition,2025-09-16,2025-09-17,72850.0,73150.0,73022.557014572
lithium_carbonate,Proposed Adaptive Decomposition-Routing Ensemble,Decomposition,2025-09-17,2025-09-18,73150.0,73450.0,73175.37618495451
lithium_carbonate,Proposed Adaptive Decomposition-Routing Ensemble,Decomposition,2025-09-18,2025-09-19,73450.0,73500.0,73085.45887378819
lithium_carbonate,Proposed Adaptive Decomposition-Routing Ensemble,Decomposition,2025-09-19,2025-09-22,73500.0,73850.0,73113.96716040726
lithium_carbonate,Proposed Adaptive Decomposition-Routing Ensemble,Decomposition,2025-09-22,2025-09-23,73850.0,73850.0,73454.51214707851
lithium_carbonate,Proposed Adaptive Decomposition-Routing Ensemble,Decomposition,2025-09-23,2025-09-24,73850.0,73850.0,73664.19237603158
lithium_carbonate,Proposed Adaptive Decomposition-Routing Ensemble,Decomposition,2025-09-24,2025-09-25,73850.0,73750.0,74049.77500896982
lithium_carbonate,Proposed Adaptive Decomposition-Routing Ensemble,Decomposition,2025-09-25,2025-09-26,73750.0,73600.0,73578.76599045748
lithium_carbonate,Proposed Adaptive Decomposition-Routing Ensemble,Decomposition,2025-09-26,2025-09-29,73600.0,73550.0,73404.5430124142
lithium_carbonate,Proposed Adaptive Decomposition-Routing Ensemble,Decomposition,2025-09-29,2025-09-30,73550.0,73550.0,73938.49960467195
lithium_carbonate,Proposed Adaptive Decomposition-Routing Ensemble,Decomposition,2025-09-30,2025-10-09,73550.0,73550.0,74493.5622789387
lithium_carbonate,Proposed Adaptive Decomposition-Routing Ensemble,Decomposition,2025-10-09,2025-10-10,73550.0,73550.0,75115.13638784473
lithium_carbonate,Proposed Adaptive Decomposition-Routing Ensemble,Decomposition,2025-10-10,2025-10-13,73550.0,73100.0,74600.87276931659
lithium_carbonate,Proposed Adaptive Decomposition-Routing Ensemble,Decomposition,2025-10-13,2025-10-14,73100.0,73000.0,74991.41823773725
lithium_carbonate,Proposed Adaptive Decomposition-Routing Ensemble,Decomposition,2025-10-14,2025-10-15,73000.0,73000.0,74422.59924893011
lithium_carbonate,Proposed Adaptive Decomposition-Routing Ensemble,Decomposition,2025-10-15,2025-10-16,73000.0,73000.0,73754.55418190392
lithium_carbonate,Proposed Adaptive Decomposition-Routing Ensemble,Decomposition,2025-10-16,2025-10-17,73000.0,73350.0,74201.69768622259
lithium_carbonate,Proposed Adaptive Decomposition-Routing Ensemble,Decomposition,2025-10-17,2025-10-20,73350.0,74000.0,74102.6817841602
lithium_carbonate,Proposed Adaptive Decomposition-Routing Ensemble,Decomposition,2025-10-20,2025-10-21,74000.0,74100.0,74304.19080339928
lithium_carbonate,Proposed Adaptive Decomposition-Routing Ensemble,Decomposition,2025-10-21,2025-10-22,74100.0,74350.0,74219.97427249863
lithium_carbonate,Proposed Adaptive Decomposition-Routing Ensemble,Decomposition,2025-10-22,2025-10-23,74350.0,74800.0,74547.81524440595
lithium_carbonate,Proposed Adaptive Decomposition-Routing Ensemble,Decomposition,2025-10-23,2025-10-24,74800.0,75400.0,75504.69319106001
lithium_carbonate,Proposed Adaptive Decomposition-Routing Ensemble,Decomposition,2025-10-24,2025-10-27,75400.0,76550.0,75847.21915107168
lithium_carbonate,Proposed Adaptive Decomposition-Routing Ensemble,Decomposition,2025-10-27,2025-10-28,76550.0,78500.0,77584.8459873796
lithium_carbonate,Proposed Adaptive Decomposition-Routing Ensemble,Decomposition,2025-10-28,2025-10-29,78500.0,79150.0,77599.093126266
lithium_carbonate,Proposed Adaptive Decomposition-Routing Ensemble,Decomposition,2025-10-29,2025-10-30,79150.0,80000.0,78708.38386631949
lithium_carbonate,Proposed Adaptive Decomposition-Routing Ensemble,Decomposition,2025-10-30,2025-10-31,80000.0,80550.0,79191.95874937288
lithium_carbonate,Proposed Adaptive Decomposition-Routing Ensemble,Decomposition,2025-10-31,2025-11-03,80550.0,81000.0,79605.09000576095
lithium_carbonate,Proposed Adaptive Decomposition-Routing Ensemble,Decomposition,2025-11-03,2025-11-04,81000.0,80900.0,79767.04811525614
lithium_carbonate,Proposed Adaptive Decomposition-Routing Ensemble,Decomposition,2025-11-04,2025-11-05,80900.0,80500.0,79435.49294520925
lithium_carbonate,Proposed Adaptive Decomposition-Routing Ensemble,Decomposition,2025-11-05,2025-11-06,80500.0,80400.0,78806.34352721118
lithium_carbonate,Proposed Adaptive Decomposition-Routing Ensemble,Decomposition,2025-11-06,2025-11-07,80400.0,80400.0,79040.30725036819
lithium_carbonate,Proposed Adaptive Decomposition-Routing Ensemble,Decomposition,2025-11-07,2025-11-10,80400.0,80750.0,79657.74111564274
lithium_carbonate,Proposed Adaptive Decomposition-Routing Ensemble,Decomposition,2025-11-10,2025-11-11,80750.0,82300.0,80530.85556523342
lithium_carbonate,Proposed Adaptive Decomposition-Routing Ensemble,Decomposition,2025-11-11,2025-11-12,82300.0,83300.0,82127.14784349622
lithium_carbonate,Proposed Adaptive Decomposition-Routing Ensemble,Decomposition,2025-11-12,2025-11-13,83300.0,84350.0,83251.06105390526
lithium_carbonate,Proposed Adaptive Decomposition-Routing Ensemble,Decomposition,2025-11-13,2025-11-14,84350.0,85150.0,84611.11583602843
lithium_carbonate,Proposed Adaptive Decomposition-Routing Ensemble,Decomposition,2025-11-14,2025-11-17,85150.0,86150.0,85488.26020582268
lithium_carbonate,Proposed Adaptive Decomposition-Routing Ensemble,Decomposition,2025-11-17,2025-11-18,86150.0,87400.0,86542.6603303856
lithium_carbonate,Proposed Adaptive Decomposition-Routing Ensemble,Decomposition,2025-11-18,2025-11-19,87400.0,88900.0,86990.39831045963
lithium_carbonate,Proposed Adaptive Decomposition-Routing Ensemble,Decomposition,2025-11-19,2025-11-20,88900.0,91300.0,87999.90763201137
lithium_carbonate,Proposed Adaptive Decomposition-Routing Ensemble,Decomposition,2025-11-20,2025-11-21,91300.0,92300.0,88836.94697829007
lithium_carbonate,Proposed Adaptive Decomposition-Routing Ensemble,Decomposition,2025-11-21,2025-11-24,92300.0,92150.0,88232.2254956421
lithium_carbonate,Proposed Adaptive Decomposition-Routing Ensemble,Decomposition,2025-11-24,2025-11-25,92150.0,92050.0,91217.30075366652
lithium_carbonate,Proposed Adaptive Decomposition-Routing Ensemble,Decomposition,2025-11-25,2025-11-26,92050.0,92800.0,91704.26991669879
lithium_carbonate,Proposed Adaptive Decomposition-Routing Ensemble,Decomposition,2025-11-26,2025-11-27,92800.0,93300.0,92248.84592982172
lithium_carbonate,Proposed Adaptive Decomposition-Routing Ensemble,Decomposition,2025-11-27,2025-11-28,93300.0,93750.0,92770.98471127616
lithium_carbonate,Proposed Adaptive Decomposition-Routing Ensemble,Decomposition,2025-11-28,2025-12-01,93750.0,94350.0,93114.87256305579
lithium_carbonate,Proposed Adaptive Decomposition-Routing Ensemble,Decomposition,2025-12-01,2025-12-02,94350.0,94400.0,93845.7262858954
lithium_carbonate,Proposed Adaptive Decomposition-Routing Ensemble,Decomposition,2025-12-02,2025-12-03,94400.0,94350.0,91787.51411824791
lithium_carbonate,Proposed Adaptive Decomposition-Routing Ensemble,Decomposition,2025-12-03,2025-12-04,94350.0,94000.0,92661.18023234705
lithium_carbonate,Proposed Adaptive Decomposition-Routing Ensemble,Decomposition,2025-12-04,2025-12-05,94000.0,93250.0,91433.252241742
lithium_carbonate,Proposed Adaptive Decomposition-Routing Ensemble,Decomposition,2025-12-05,2025-12-08,93250.0,92750.0,91777.41546233429
lithium_carbonate,Proposed Adaptive Decomposition-Routing Ensemble,Decomposition,2025-12-08,2025-12-09,92750.0,92750.0,91448.92448775013
lithium_carbonate,Proposed Adaptive Decomposition-Routing Ensemble,Decomposition,2025-12-09,2025-12-10,92750.0,92700.0,91449.58814490963
lithium_carbonate,Proposed Adaptive Decomposition-Routing Ensemble,Decomposition,2025-12-10,2025-12-11,92700.0,93500.0,91171.80920850027
lithium_carbonate,Proposed Adaptive Decomposition-Routing Ensemble,Decomposition,2025-12-11,2025-12-12,93500.0,94500.0,93725.84830836164
lithium_carbonate,Proposed Adaptive Decomposition-Routing Ensemble,Decomposition,2025-12-12,2025-12-15,94500.0,95150.0,93103.0793035012
lithium_carbonate,Proposed Adaptive Decomposition-Routing Ensemble,Decomposition,2025-12-15,2025-12-16,95150.0,95850.0,95315.84759278038
lithium_carbonate,Proposed Adaptive Decomposition-Routing Ensemble,Decomposition,2025-12-16,2025-12-17,95850.0,97050.0,95770.55393873517
lithium_carbonate,Proposed Adaptive Decomposition-Routing Ensemble,Decomposition,2025-12-17,2025-12-18,97050.0,97550.0,96998.93103607828
lithium_carbonate,Proposed Adaptive Decomposition-Routing Ensemble,Decomposition,2025-12-18,2025-12-19,97550.0,97650.0,95445.24114925829
lithium_carbonate,Proposed Adaptive Decomposition-Routing Ensemble,Decomposition,2025-12-19,2025-12-22,97650.0,99000.0,97054.92443361186
lithium_carbonate,Proposed Adaptive Decomposition-Routing Ensemble,Decomposition,2025-12-22,2025-12-23,99000.0,99500.0,97018.77493375278
lithium_carbonate,Proposed Adaptive Decomposition-Routing Ensemble,Decomposition,2025-12-23,2025-12-24,99500.0,101500.0,100561.54994508784
lithium_carbonate,Proposed Adaptive Decomposition-Routing Ensemble,Decomposition,2025-12-24,2025-12-25,101500.0,104900.0,105450.26620282342
lithium_carbonate,Proposed Adaptive Decomposition-Routing Ensemble,Decomposition,2025-12-25,2025-12-26,104900.0,111900.0,110418.40652502551
lithium_carbonate,Proposed Adaptive Decomposition-Routing Ensemble,Decomposition,2025-12-26,2025-12-29,111900.0,118000.0,113293.149167282
lithium_carbonate,Proposed Adaptive Decomposition-Routing Ensemble,Decomposition,2025-12-29,2025-12-30,118000.0,118000.0,115611.6878050122
lithium_carbonate,Proposed Adaptive Decomposition-Routing Ensemble,Decomposition,2025-12-30,2025-12-31,118000.0,118500.0,115322.87621115292
lithium_carbonate,Proposed Adaptive Decomposition-Routing Ensemble,Decomposition,2025-12-31,2026-01-05,118500.0,119500.0,116913.45998236255
lithium_carbonate,Proposed Adaptive Decomposition-Routing Ensemble,Decomposition,2026-01-05,2026-01-06,119500.0,127500.0,123566.99522686472
lithium_carbonate,Proposed Adaptive Decomposition-Routing Ensemble,Decomposition,2026-01-06,2026-01-07,127500.0,133500.0,128614.98729850246
lithium_carbonate,Proposed Adaptive Decomposition-Routing Ensemble,Decomposition,2026-01-07,2026-01-08,133500.0,138500.0,134487.4298271103
lithium_carbonate,Proposed Adaptive Decomposition-Routing Ensemble,Decomposition,2026-01-08,2026-01-09,138500.0,140000.0,136464.7071293633
lithium_carbonate,Proposed Adaptive Decomposition-Routing Ensemble,Decomposition,2026-01-09,2026-01-12,140000.0,152000.0,146144.44981696745
lithium_carbonate,Proposed Adaptive Decomposition-Routing Ensemble,Decomposition,2026-01-12,2026-01-13,152000.0,159500.0,153140.4709548153
lithium_carbonate,Proposed Adaptive Decomposition-Routing Ensemble,Decomposition,2026-01-13,2026-01-14,159500.0,163000.0,157123.59488417406
lithium_carbonate,Proposed Adaptive Decomposition-Routing Ensemble,Decomposition,2026-01-14,2026-01-15,163000.0,159000.0,156812.40290141315
lithium_carbonate,Proposed Adaptive Decomposition-Routing Ensemble,Decomposition,2026-01-15,2026-01-16,159000.0,158000.0,156479.8381188334
lithium_carbonate,Proposed Adaptive Decomposition-Routing Ensemble,Decomposition,2026-01-16,2026-01-19,158000.0,151000.0,151597.772184855
lithium_carbonate,Proposed Adaptive Decomposition-Routing Ensemble,Decomposition,2026-01-19,2026-01-20,151000.0,152500.0,152835.0313656865
lithium_carbonate,Proposed Adaptive Decomposition-Routing Ensemble,Decomposition,2026-01-20,2026-01-21,152500.0,158500.0,156355.6059866299
lithium_carbonate,Proposed Adaptive Decomposition-Routing Ensemble,Decomposition,2026-01-21,2026-01-22,158500.0,164500.0,162248.77164150312
lithium_carbonate,Proposed Adaptive Decomposition-Routing Ensemble,Decomposition,2026-01-22,2026-01-23,164500.0,171000.0,168071.15402553702
lithium_carbonate,Proposed Adaptive Decomposition-Routing Ensemble,Decomposition,2026-01-23,2026-01-26,171000.0,181500.0,175566.2346044182
lithium_carbonate,Proposed Adaptive Decomposition-Routing Ensemble,Decomposition,2026-01-26,2026-01-27,181500.0,172500.0,170352.32486555426
lithium_carbonate,Proposed Adaptive Decomposition-Routing Ensemble,Decomposition,2026-01-27,2026-01-28,172500.0,172000.0,165932.64133155416
lithium_carbonate,Proposed Adaptive Decomposition-Routing Ensemble,Decomposition,2026-01-28,2026-01-29,172000.0,168000.0,162859.93395291356
lithium_carbonate,Proposed Adaptive Decomposition-Routing Ensemble,Decomposition,2026-01-29,2026-01-30,168000.0,160500.0,158453.51940799024
lithium_carbonate,Proposed Adaptive Decomposition-Routing Ensemble,Decomposition,2026-01-30,2026-02-02,160500.0,155500.0,156966.9758290834
lithium_carbonate,Proposed Adaptive Decomposition-Routing Ensemble,Decomposition,2026-02-02,2026-02-03,155500.0,153500.0,155694.51138955975
lithium_carbonate,Proposed Adaptive Decomposition-Routing Ensemble,Decomposition,2026-02-03,2026-02-04,153500.0,153000.0,153474.33892992802
lithium_carbonate,Proposed Adaptive Decomposition-Routing Ensemble,Decomposition,2026-02-04,2026-02-05,153000.0,144000.0,145171.22563001618
lithium_carbonate,Proposed Adaptive Decomposition-Routing Ensemble,Decomposition,2026-02-05,2026-02-06,144000.0,134500.0,138011.54830204175
lithium_carbonate,Proposed Adaptive Decomposition-Routing Ensemble,Decomposition,2026-02-06,2026-02-09,134500.0,135500.0,138514.28689420936
lithium_carbonate,Proposed Adaptive Decomposition-Routing Ensemble,Decomposition,2026-02-09,2026-02-10,135500.0,136000.0,138953.36984976244
lithium_carbonate,Proposed Adaptive Decomposition-Routing Ensemble,Decomposition,2026-02-10,2026-02-11,136000.0,138000.0,136816.65057387738
lithium_carbonate,Proposed Adaptive Decomposition-Routing Ensemble,Decomposition,2026-02-11,2026-02-12,138000.0,142500.0,142007.18595036466
lithium_carbonate,Proposed Adaptive Decomposition-Routing Ensemble,Decomposition,2026-02-12,2026-02-13,142500.0,143750.0,141660.68213085047
lithium_carbonate,Proposed Adaptive Decomposition-Routing Ensemble,Decomposition,2026-02-13,2026-02-24,143750.0,152000.0,146756.7078729068
lithium_carbonate,Proposed Adaptive Decomposition-Routing Ensemble,Decomposition,2026-02-24,2026-02-25,152000.0,161750.0,156085.4391644971
lithium_carbonate,Proposed Adaptive Decomposition-Routing Ensemble,Decomposition,2026-02-25,2026-02-26,161750.0,173000.0,165414.53368922477
lithium_carbonate,Proposed Adaptive Decomposition-Routing Ensemble,Decomposition,2026-02-26,2026-02-27,173000.0,172000.0,163992.57274157784
lithium_carbonate,Proposed Adaptive Decomposition-Routing Ensemble,Decomposition,2026-02-27,2026-03-02,172000.0,172500.0,165883.30630194428
lithium_carbonate,Proposed Adaptive Decomposition-Routing Ensemble,Decomposition,2026-03-02,2026-03-03,172500.0,161000.0,156661.02901872664
lithium_carbonate,Proposed Adaptive Decomposition-Routing Ensemble,Decomposition,2026-03-03,2026-03-04,161000.0,154000.0,152560.78293072848
lithium_carbonate,Proposed Adaptive Decomposition-Routing Ensemble,Decomposition,2026-03-04,2026-03-05,154000.0,156000.0,152903.75673550589
lithium_carbonate,Proposed Adaptive Decomposition-Routing Ensemble,Decomposition,2026-03-05,2026-03-06,156000.0,155250.0,154016.6726567659
lithium_carbonate,Proposed Adaptive Decomposition-Routing Ensemble,Decomposition,2026-03-06,2026-03-09,155250.0,154750.0,153549.13444097826
lithium_carbonate,Proposed Adaptive Decomposition-Routing Ensemble,Decomposition,2026-03-09,2026-03-10,154750.0,158500.0,163912.07555241967
lithium_carbonate,Proposed Adaptive Decomposition-Routing Ensemble,Decomposition,2026-03-10,2026-03-11,158500.0,159000.0,159507.92691820333
lithium_carbonate,Proposed Adaptive Decomposition-Routing Ensemble,Decomposition,2026-03-11,2026-03-12,159000.0,158000.0,159935.41310926987
