Company,Model,Strategy,Cost,Annualized Return,Sharpe,Sortino,Calmar,Max Drawdown (%),Turnover,Hit Rate (%),Final Equity,Factor Status,Factor Frequency,CAPM alpha,CAPM alpha p-value,FF3 alpha,FF3 alpha p-value,FF5 alpha,FF5 alpha p-value
Albemarle,ARIMA,Uncertainty-adjusted,0.0,0.0,0.0,0.0,,0.0,0.0,0.0,1.0,Evaluated from north_america_ff5.csv (daily),daily,-0.0456127770364065,0.0,-0.0456313857345315,0.0,-0.0456315443327095,0.0
Albemarle,ARIMA,Directional (no uncertainty),0.0,-0.3149569034935722,-0.3778570051883095,-0.5188619898475442,-0.3463153983068239,-90.94510525186952,1.3293333333333333,48.93333333333334,0.3243882845189798,Evaluated from north_america_ff5.csv (daily),daily,-0.2351659241446008,0.4887109418973875,-0.1918684467849988,0.5706716928029905,-0.2078583444030216,0.544145893413235
Albemarle,ARIMA,Uncertainty-adjusted,0.001,0.0,0.0,0.0,,0.0,0.0,0.0,1.0,Evaluated from north_america_ff5.csv (daily),daily,-0.0456127770364065,0.0,-0.0456313857345315,0.0,-0.0456315443327095,0.0
Albemarle,ARIMA,Directional (no uncertainty),0.001,-0.5105375532014689,-0.9656969268562664,-1.2919512881671031,-0.5327571600939276,-95.82931801638456,1.3293333333333333,48.93333333333334,0.1192739946304902,Evaluated from north_america_ff5.csv (daily),daily,-0.5700479591327567,0.0982884369928426,-0.526439651392327,0.1254794117027042,-0.542466152267075,0.1189766372777542
Albemarle,ARIMA,Uncertainty-adjusted,0.0025,0.0,0.0,0.0,,0.0,0.0,0.0,1.0,Evaluated from north_america_ff5.csv (daily),daily,-0.0456127770364065,0.0,-0.0456313857345315,0.0,-0.0456315443327095,0.0
Albemarle,ARIMA,Directional (no uncertainty),0.0025,-0.704763387658796,-1.8435564803672515,-2.3726769869238296,-0.7139001054486077,-98.72016858940364,1.3293333333333333,48.93333333333334,0.0264926642265125,Evaluated from north_america_ff5.csv (daily),daily,-1.0723710116149916,0.0023794517421948,-1.028296458303319,0.003472171928294,-1.044377864063155,0.0033698812284833
Albemarle,ARIMA,Uncertainty-adjusted,0.005,0.0,0.0,0.0,,0.0,0.0,0.0,1.0,Evaluated from north_america_ff5.csv (daily),daily,-0.0456127770364065,0.0,-0.0456313857345315,0.0,-0.0456315443327095,0.0
Albemarle,ARIMA,Directional (no uncertainty),0.005,-0.8733005758499655,-3.2864535539139,-3.970663934023647,-0.8746482513447807,-99.8459180027236,1.3293333333333333,48.93333333333334,0.0021364189996637,Evaluated from north_america_ff5.csv (daily),daily,-1.9095760990853825,2.0403869958175457e-07,-1.8647244698216383,3.656790532678226e-07,-1.880897383723288,3.989121808662709e-07
Albemarle,CEEMDAN-LSTM,Uncertainty-adjusted,0.0,-0.0325757866185237,0.2242367386940943,0.3320729127358532,-0.0469902082219969,-69.32462708959535,0.2546666666666666,47.73333333333333,0.9061358490799848,Evaluated from north_america_ff5.csv (daily),daily,-0.0615193911772238,0.848254116011965,-0.0684731704096631,0.8310218425506781,-0.0409482946018893,0.8988397023762652
Albemarle,CEEMDAN-LSTM,Directional (no uncertainty),0.0,-0.0325757866185237,0.2242367386940943,0.3320729127358532,-0.0469902082219969,-69.32462708959535,0.2546666666666666,47.73333333333333,0.9061358490799848,Evaluated from north_america_ff5.csv (daily),daily,-0.0615193911772238,0.848254116011965,-0.0684731704096631,0.8310218425506781,-0.0409482946018893,0.8988397023762652
Albemarle,CEEMDAN-LSTM,Uncertainty-adjusted,0.001,-0.0926525402918158,0.1115548442166147,0.1643241528314478,-0.1302669033720929,-71.12515757526232,0.2546666666666666,47.73333333333333,0.7487317897350271,Evaluated from north_america_ff5.csv (daily),daily,-0.1253219464632575,0.6936607476978398,-0.1316025488573155,0.6786134648155082,-0.1038696774681274,0.7445773326386658
Albemarle,CEEMDAN-LSTM,Directional (no uncertainty),0.001,-0.0926525402918158,0.1115548442166147,0.1643241528314478,-0.1302669033720929,-71.12515757526232,0.2546666666666666,47.73333333333333,0.7487317897350271,Evaluated from north_america_ff5.csv (daily),daily,-0.1253219464632575,0.6936607476978398,-0.1316025488573155,0.6786134648155082,-0.1038696774681274,0.7445773326386658
Albemarle,CEEMDAN-LSTM,Uncertainty-adjusted,0.0025,-0.1760436647891622,-0.0575825910153324,-0.0841409049519057,-0.2390734754561148,-73.63579939317752,0.2546666666666666,47.73333333333333,0.5619722526843045,Evaluated from north_america_ff5.csv (daily),daily,-0.2210257793923082,0.4807272277923625,-0.2262966165287941,0.4696773140896585,-0.1982517517674848,0.5280313965508647
Albemarle,CEEMDAN-LSTM,Directional (no uncertainty),0.0025,-0.1760436647891622,-0.0575825910153324,-0.0841409049519057,-0.2390734754561148,-73.63579939317752,0.2546666666666666,47.73333333333333,0.5619722526843045,Evaluated from north_america_ff5.csv (daily),daily,-0.2210257793923082,0.4807272277923625,-0.2262966165287941,0.4696773140896585,-0.1982517517674848,0.5280313965508647
Albemarle,CEEMDAN-LSTM,Uncertainty-adjusted,0.005,-0.2988007708238408,-0.3388129016947308,-0.4883952255508526,-0.3862546396869345,-77.35849362638687,0.2546666666666666,47.73333333333333,0.3476920272075558,Evaluated from north_america_ff5.csv (daily),daily,-0.3805321676073923,0.214344063125195,-0.3841200626479252,0.209579997271998,-0.3555552089330802,0.2472295373858338
Albemarle,CEEMDAN-LSTM,Directional (no uncertainty),0.005,-0.2988007708238408,-0.3388129016947308,-0.4883952255508526,-0.3862546396869345,-77.35849362638687,0.2546666666666666,47.73333333333333,0.3476920272075558,Evaluated from north_america_ff5.csv (daily),daily,-0.3805321676073923,0.214344063125195,-0.3841200626479252,0.209579997271998,-0.3555552089330802,0.2472295373858338
Albemarle,Dynamic Selected,Uncertainty-adjusted,0.0,0.1136582866174407,0.5682691427572776,0.8177068332472371,0.464335524235345,-24.47762031660404,0.1226666666666666,12.666666666666668,1.3776621195349927,Evaluated from north_america_ff5.csv (daily),daily,0.0578864891429448,0.680360435714057,0.080331099799267,0.5622419331207421,0.0762903695181948,0.5853197959385396
Albemarle,Dynamic Selected,Directional (no uncertainty),0.0,0.2245061605405347,0.6482721969781564,0.9708139109481664,0.3714777702485347,-60.4359610510019,0.3533333333333333,43.333333333333336,1.8272106351097557,Evaluated from north_america_ff5.csv (daily),daily,0.3001775905946112,0.3244420176985713,0.3187107061560268,0.2985431531117752,0.3315860668636846,0.2759810329216383
Albemarle,Dynamic Selected,Uncertainty-adjusted,0.001,0.0797432239977624,0.4396667903465178,0.6284865072032199,0.2902592223727279,-27.47310605530477,0.1226666666666666,12.666666666666668,1.2565162714126057,Evaluated from north_america_ff5.csv (daily),daily,0.0269768449731687,0.8466583588994284,0.0494184122194204,0.7196842695611294,0.0452344149093058,0.7445361680053343
Albemarle,Dynamic Selected,Directional (no uncertainty),0.001,0.1202714827215913,0.4771871113941133,0.7076126397633784,0.1789079776260901,-67.2253324404312,0.3533333333333333,43.333333333333336,1.402153236322525,Evaluated from north_america_ff5.csv (daily),daily,0.2110485626091238,0.4874954962489749,0.2293139437147314,0.4537964945529518,0.2420169076836139,0.4257896349683872
Albemarle,Dynamic Selected,Uncertainty-adjusted,0.0025,0.0307218858310824,0.2466151173998707,0.3489142085767998,0.0903032276077198,-34.02080595008116,0.1226666666666666,12.666666666666668,1.0942375157279145,Evaluated from north_america_ff5.csv (daily),daily,-0.0193876212814953,0.8885824846778745,0.0030493808496506,0.9822072804926746,-0.0013495170040277,0.992181435017054
Albemarle,Dynamic Selected,Directional (no uncertainty),0.0025,-0.0199936303252964,0.220081924683885,0.3215175031237157,-0.0265501166866414,-75.30524464834508,0.3533333333333333,43.333333333333336,0.9416630536354864,Evaluated from north_america_ff5.csv (daily),daily,0.077355020630893,0.7988617289518146,0.0952188000527884,0.7556737182344909,0.1076631689135079,0.7229803064397731
Albemarle,Dynamic Selected,Uncertainty-adjusted,0.005,-0.0462716963416157,-0.0735900886422846,-0.1022495708480098,-0.1029676610017904,-44.93808628012941,0.1226666666666666,12.666666666666668,0.868488161208548,Evaluated from north_america_ff5.csv (daily),daily,-0.0966617317059356,0.4824967947917471,-0.0742323380999657,0.5858040421246139,-0.0789894035262502,0.5641468177486311
Albemarle,Dynamic Selected,Directional (no uncertainty),0.005,-0.2165073177902248,-0.2075195571086174,-0.2955915309313635,-0.2554478694210207,-84.75596930244292,0.3533333333333333,43.333333333333336,0.483757611255801,Evaluated from north_america_ff5.csv (daily),daily,-0.1454675493328251,0.6327840635802997,-0.1282731060504498,0.6764341112622179,-0.1162597290366687,0.7030811547848561
Albemarle,Elastic Net,Uncertainty-adjusted,0.0,0.0,0.0,0.0,,0.0,0.0,0.0,1.0,Evaluated from north_america_ff5.csv (daily),daily,-0.0456127770364065,0.0,-0.0456313857345315,0.0,-0.0456315443327095,0.0
Albemarle,Elastic Net,Directional (no uncertainty),0.0,0.4129076381540764,0.8903798370194685,1.3593869004321049,0.7819961181801979,-52.80175036098181,0.108,50.66666666666667,2.7974812303556997,Evaluated from north_america_ff5.csv (daily),daily,0.3942300125893508,0.2459419911692995,0.3682130276231072,0.2886284106767707,0.4047842342767027,0.2360765223919045
Albemarle,Elastic Net,Uncertainty-adjusted,0.001,0.0,0.0,0.0,,0.0,0.0,0.0,1.0,Evaluated from north_america_ff5.csv (daily),daily,-0.0456127770364065,0.0,-0.0456313857345315,0.0,-0.0456315443327095,0.0
Albemarle,Elastic Net,Directional (no uncertainty),0.001,0.3752710556956089,0.8430646716592449,1.2833186574782856,0.7067940126549396,-53.09482663640194,0.108,50.66666666666667,2.5814870386917934,Evaluated from north_america_ff5.csv (daily),daily,0.3673277735059185,0.2773057568461152,0.341065817391919,0.3234432203884076,0.3777154831456645,0.2666839854836677
Albemarle,Elastic Net,Uncertainty-adjusted,0.0025,0.0,0.0,0.0,,0.0,0.0,0.0,1.0,Evaluated from north_america_ff5.csv (daily),daily,-0.0456127770364065,0.0,-0.0456313857345315,0.0,-0.0456315443327095,0.0
Albemarle,Elastic Net,Directional (no uncertainty),0.0025,0.320555179450706,0.7717446702265113,1.1695644264448173,0.5988085691417213,-53.532163026685,0.108,50.66666666666667,2.287675930244567,Evaluated from north_america_ff5.csv (daily),daily,0.3269744148807704,0.3302308135034257,0.300345002045137,0.3815528711285447,0.3371123564491072,0.3184382662346073
Albemarle,Elastic Net,Uncertainty-adjusted,0.005,0.0,0.0,0.0,,0.0,0.0,0.0,1.0,Evaluated from north_america_ff5.csv (daily),daily,-0.0456127770364065,0.0,-0.0456313857345315,0.0,-0.0456315443327095,0.0
Albemarle,Elastic Net,Directional (no uncertainty),0.005,0.2338245576807527,0.6521378287156662,0.981012643510518,0.4309732621382323,-54.25500331984744,0.108,50.66666666666667,1.8689063083215924,Evaluated from north_america_ff5.csv (daily),daily,0.2597188171721896,0.4347849840047544,0.2324769764671667,0.4943029971238606,0.2694404786215118,0.4209968363997203
Albemarle,GRU,Uncertainty-adjusted,0.0,0.0460249323329429,0.6951857613060071,2.437556182087754,1.3777603866614172,-3.3405614487487427,0.0133333333333333,0.4,1.1433016283152575,Evaluated from north_america_ff5.csv (daily),daily,0.0007148988086434,0.9850736479767914,-0.0021228051471459,0.9541850902234978,-0.0039919860510019,0.9128344671740058
Albemarle,GRU,Directional (no uncertainty),0.0,-0.1767517735895414,-0.0566954232933275,-0.0807747346196442,-0.2948991374438612,-59.93634810925445,0.4013333333333333,47.6,0.5605360936095967,Evaluated from north_america_ff5.csv (daily),daily,-0.1915956372272792,0.5307311121562386,-0.2061108748886886,0.5074883743446454,-0.1860506418880498,0.5502058414535558
Albemarle,GRU,Uncertainty-adjusted,0.001,0.042559192029175,0.6520912483269725,2.1926817225053594,1.112303773527746,-3.8262202324636254,0.0133333333333333,0.4,1.1320645622180396,Evaluated from north_america_ff5.csv (daily),daily,-0.0027011351109435,0.9426037654448882,-0.0054841213569175,0.8799493157207373,-0.0073343371871227,0.8379271024394862
Albemarle,GRU,Directional (no uncertainty),0.001,-0.2562457292473836,-0.234148952495135,-0.3307251108658128,-0.3866678266409765,-66.27024841280871,0.4013333333333333,47.6,0.4143330916790262,Evaluated from north_america_ff5.csv (daily),daily,-0.2920372106453017,0.3326954004195297,-0.3070172591446489,0.3167367188840174,-0.2868571550041931,0.3501965079236431
Albemarle,GRU,Uncertainty-adjusted,0.0025,0.0373757088136752,0.5851063387201376,1.8377045291499756,0.8212552606549889,-4.551046502139468,0.0133333333333333,0.4,1.1153952551165296,Evaluated from north_america_ff5.csv (daily),daily,-0.0078251859903238,0.8304889737429713,-0.0105260956715749,0.7664299871575458,-0.0123478638913039,0.7244210286595445
Albemarle,GRU,Directional (no uncertainty),0.0025,-0.3615733376892855,-0.4993821377537021,-0.696329828585225,-0.4698571506071793,-76.95388635078501,0.4013333333333333,47.6,0.26301060590707,Evaluated from north_america_ff5.csv (daily),daily,-0.4426995707723353,0.1342055544809534,-0.4583768355285892,0.1271302564810228,-0.4380669246784081,0.1453811160445196
Albemarle,GRU,Uncertainty-adjusted,0.005,0.0287768191699329,0.467612262335329,1.3010115008210392,0.5005208836682694,-5.74937432361071,0.0133333333333333,0.4,1.088103353454232,Evaluated from north_america_ff5.csv (daily),daily,-0.0163652707892911,0.6417964825165209,-0.0189293861960039,0.5801115250401516,-0.0207037417316059,0.5411332247481508
Albemarle,GRU,Directional (no uncertainty),0.005,-0.5055374965903087,-0.9367740175383606,-1.27867636691717,-0.5718987013597024,-88.39633581758125,0.4013333333333333,47.6,0.1229370050885504,Evaluated from north_america_ff5.csv (daily),daily,-0.6938035043173915,0.0155338090219244,-0.7106427961684895,0.0146391317820381,-0.6900832074687662,0.0178990179554351
Albemarle,Histogram Gradient Boosting,Uncertainty-adjusted,0.0,0.0419751588820298,0.2914411074300151,0.4478543848986539,0.1221814188816294,-34.354781002089865,0.4653333333333333,19.6,1.1301781861487663,Evaluated from north_america_ff5.csv (daily),daily,0.0094913934440609,0.9603700459839392,0.0309044846741746,0.870228734973818,0.0354795745992818,0.8530496309722919
Albemarle,Histogram Gradient Boosting,Directional (no uncertainty),0.0,0.1251345288935057,0.4919349957095318,0.7118274102449913,0.1914364688247671,-65.36608706883776,0.7853333333333333,49.86666666666667,1.4203461709232772,Evaluated from north_america_ff5.csv (daily),daily,0.1456621855563696,0.6320192409223033,0.1703223844908543,0.5797860397302321,0.1819349075720523,0.5560289720666307
Albemarle,Histogram Gradient Boosting,Uncertainty-adjusted,0.001,-0.0732819109859895,-0.0356634050151297,-0.0538603884252729,-0.1710799672508424,-42.83488719549583,0.4653333333333333,19.6,0.7973149030519159,Evaluated from north_america_ff5.csv (daily),daily,-0.107105587238257,0.5722785032878761,-0.0859249804384503,0.6472393767099964,-0.0814903917284324,0.6682224669299826
Albemarle,Histogram Gradient Boosting,Directional (no uncertainty),0.001,-0.0767965774054287,0.1442728770070566,0.205496909615596,-0.1039264882338417,-73.8950951875052,0.7853333333333333,49.86666666666667,0.788348907060585,Evaluated from north_america_ff5.csv (daily),daily,-0.0519001319618031,0.8627024662868445,-0.027501092812204,0.9278339221567286,-0.0155906091947865,0.9592389709546516
Albemarle,Histogram Gradient Boosting,Uncertainty-adjusted,0.0025,-0.2229234081914874,-0.526678699443867,-0.7743680258266195,-0.3869248572641565,-57.61413463268296,0.4653333333333333,19.6,0.4720624807308761,Evaluated from north_america_ff5.csv (daily),daily,-0.2820010582617337,0.1339765617135619,-0.2611691781073879,0.1607385795147262,-0.2569453412200037,0.1729497599790814
Albemarle,Histogram Gradient Boosting,Directional (no uncertainty),0.0025,-0.3143319769165182,-0.3774071141745527,-0.5249399378789539,-0.3790070445800598,-82.93565552714155,0.7853333333333333,49.86666666666667,0.3252697968469724,Evaluated from north_america_ff5.csv (daily),daily,-0.3482436082390619,0.2370855454964537,-0.3242363087667912,0.276922480235546,-0.3118788843450447,0.2978906431404903
Albemarle,Histogram Gradient Boosting,Uncertainty-adjusted,0.005,-0.4210095781685924,-1.3401725236092756,-1.881911755879076,-0.5235578976135679,-80.41318449928814,0.4653333333333333,19.6,0.1966368096541042,Evaluated from north_america_ff5.csv (daily),daily,-0.5734935099675285,0.0021788474944811,-0.5532428408889505,0.0027907769672486,-0.5493702570392893,0.0033578548821323
Albemarle,Histogram Gradient Boosting,Directional (no uncertainty),0.005,-0.5831871637812124,-1.2409604333317472,-1.6588455363557566,-0.6232071518433058,-93.57838112997848,0.7853333333333333,49.86666666666667,0.0739387794305548,Evaluated from north_america_ff5.csv (daily),daily,-0.8421494020344927,0.0033133513414212,-0.8187950020244371,0.0048440123751331,-0.8056926762621418,0.0057904635904592
Albemarle,LASSO,Uncertainty-adjusted,0.0,0.0,0.0,0.0,,0.0,0.0,0.0,1.0,Evaluated from north_america_ff5.csv (daily),daily,-0.0456127770364065,0.0,-0.0456313857345315,0.0,-0.0456315443327095,0.0
Albemarle,LASSO,Directional (no uncertainty),0.0,0.4129076381540764,0.8903798370194685,1.3593869004321049,0.7819961181801979,-52.80175036098181,0.108,50.66666666666667,2.7974812303556997,Evaluated from north_america_ff5.csv (daily),daily,0.3942300125893508,0.2459419911692995,0.3682130276231072,0.2886284106767707,0.4047842342767027,0.2360765223919045
Albemarle,LASSO,Uncertainty-adjusted,0.001,0.0,0.0,0.0,,0.0,0.0,0.0,1.0,Evaluated from north_america_ff5.csv (daily),daily,-0.0456127770364065,0.0,-0.0456313857345315,0.0,-0.0456315443327095,0.0
Albemarle,LASSO,Directional (no uncertainty),0.001,0.3752710556956089,0.8430646716592449,1.2833186574782856,0.7067940126549396,-53.09482663640194,0.108,50.66666666666667,2.5814870386917934,Evaluated from north_america_ff5.csv (daily),daily,0.3673277735059185,0.2773057568461152,0.341065817391919,0.3234432203884076,0.3777154831456645,0.2666839854836677
Albemarle,LASSO,Uncertainty-adjusted,0.0025,0.0,0.0,0.0,,0.0,0.0,0.0,1.0,Evaluated from north_america_ff5.csv (daily),daily,-0.0456127770364065,0.0,-0.0456313857345315,0.0,-0.0456315443327095,0.0
Albemarle,LASSO,Directional (no uncertainty),0.0025,0.320555179450706,0.7717446702265113,1.1695644264448173,0.5988085691417213,-53.532163026685,0.108,50.66666666666667,2.287675930244567,Evaluated from north_america_ff5.csv (daily),daily,0.3269744148807704,0.3302308135034257,0.300345002045137,0.3815528711285447,0.3371123564491072,0.3184382662346073
Albemarle,LASSO,Uncertainty-adjusted,0.005,0.0,0.0,0.0,,0.0,0.0,0.0,1.0,Evaluated from north_america_ff5.csv (daily),daily,-0.0456127770364065,0.0,-0.0456313857345315,0.0,-0.0456315443327095,0.0
Albemarle,LASSO,Directional (no uncertainty),0.005,0.2338245576807527,0.6521378287156662,0.981012643510518,0.4309732621382323,-54.25500331984744,0.108,50.66666666666667,1.8689063083215924,Evaluated from north_america_ff5.csv (daily),daily,0.2597188171721896,0.4347849840047544,0.2324769764671667,0.4943029971238606,0.2694404786215118,0.4209968363997203
Albemarle,LSTM,Uncertainty-adjusted,0.0,0.1467924210167426,0.662059131481844,1.105216626173288,0.5751919339627288,-25.52059796899976,0.1466666666666666,7.199999999999999,1.50327396897667,Evaluated from north_america_ff5.csv (daily),daily,0.0677847649239925,0.5789132178302188,0.0784772842145425,0.5204641182269489,0.0886131942794744,0.4817235973313979
Albemarle,LSTM,Directional (no uncertainty),0.0,-0.110358120337581,0.0790743489318032,0.1138658176950933,-0.1787006670106335,-61.755852501106936,0.3746666666666666,47.6,0.7060814769015415,Evaluated from north_america_ff5.csv (daily),daily,-0.1311892100697774,0.6669039243768492,-0.1235749518886173,0.6919967542556722,-0.0996442451249185,0.7502672059997084
Albemarle,LSTM,Uncertainty-adjusted,0.001,0.1052643864755895,0.5177632586701448,0.8550314026720149,0.3764468708643119,-27.96261428177245,0.1466666666666666,7.199999999999999,1.34698767097197,Evaluated from north_america_ff5.csv (daily),daily,0.0309418928210416,0.7983877349246807,0.0418458589631012,0.7295883661691489,0.0519027728326762,0.677688765484721
Albemarle,LSTM,Directional (no uncertainty),0.001,-0.1908628368990491,-0.0866663997796134,-0.1238416212825333,-0.2995611317837188,-63.71415268815678,0.3746666666666666,47.6,0.5324224925532899,Evaluated from north_america_ff5.csv (daily),daily,-0.2258696229792953,0.451575147645043,-0.2183859597141247,0.4771491745892755,-0.1943285866050585,0.5285566202408295
Albemarle,LSTM,Uncertainty-adjusted,0.0025,0.0457025903152936,0.3003560954402043,0.487623173327918,0.1451766770687574,-31.480669786682306,0.1466666666666666,7.199999999999999,1.1422533799760115,Evaluated from north_america_ff5.csv (daily),daily,-0.0243224153333844,0.8392403951950523,-0.0131012789140606,0.9128655648987736,-0.0031628593375209,0.979572728607826
Albemarle,LSTM,Directional (no uncertainty),0.0025,-0.2984203166039573,-0.3343981104727556,-0.472319916014189,-0.4489419967717908,-66.47190923322157,0.3746666666666666,47.6,0.3482537851762807,Evaluated from north_america_ff5.csv (daily),daily,-0.3678902423435715,0.2095087980102833,-0.3606024714523858,0.2298880802777052,-0.3363550988252682,0.2646649155583036
Albemarle,LSTM,Uncertainty-adjusted,0.005,-0.0466965505242751,-0.062799893815127,-0.098926305797382,-0.1262849600585668,-36.97712736545888,0.1466666666666666,7.199999999999999,0.8673372318265091,Evaluated from north_america_ff5.csv (daily),daily,-0.1164295955907615,0.3261225132576744,-0.1046798420426639,0.3760341215267768,-0.0949389129545163,0.4363877392966521
Albemarle,LSTM,Directional (no uncertainty),0.005,-0.4473915468295169,-0.7430502855634217,-1.029077078202549,-0.5409220509462644,-82.70906058402878,0.3746666666666666,47.6,0.1711533830900574,Evaluated from north_america_ff5.csv (daily),daily,-0.6045912746173658,0.0323077804912326,-0.597629991016154,0.0390850013165034,-0.5730659525256179,0.0488675365124722
Albemarle,LightGBM,Uncertainty-adjusted,0.0,0.1558852296280444,0.5592835111795197,0.8376074213855872,0.4209043201270588,-37.03578751127743,0.5746666666666667,25.6,1.539026766744389,Evaluated from north_america_ff5.csv (daily),daily,0.1178421489382256,0.575271507473965,0.1388031275022078,0.508054971354581,0.1471481467634681,0.4841573310755903
Albemarle,LightGBM,Directional (no uncertainty),0.0,0.162701686447888,0.5487616920841745,0.8108943432030105,0.2684360018998914,-60.61097814612991,0.748,49.86666666666667,1.5661960995573143,Evaluated from north_america_ff5.csv (daily),daily,0.1807218358019469,0.5802481982955614,0.1894466663921366,0.5605473494457058,0.2184410303411592,0.5023611375410959
Albemarle,LightGBM,Uncertainty-adjusted,0.001,-0.0001072377376111,0.2025852503389837,0.2984205681649736,-0.0002389979959451,-44.86972252091459,0.5746666666666667,25.6,0.9996808738839904,Evaluated from north_america_ff5.csv (daily),daily,-0.0267635724763462,0.8976534792980845,-0.0061170125980558,0.9764812453403008,0.0022572598435231,0.9913430613199714
Albemarle,LightGBM,Directional (no uncertainty),0.001,-0.0372861601929057,0.2173886020632204,0.3162402442704461,-0.0553630911427985,-67.3484074376071,0.748,49.86666666666667,0.8930680839985711,Evaluated from north_america_ff5.csv (daily),daily,-0.0071222918732897,0.9823686287039658,0.0007744443195359,0.9980752978033334,0.0296902135814394,0.9263405568129464
Albemarle,LightGBM,Uncertainty-adjusted,0.0025,-0.1958176819958921,-0.3311410556663106,-0.4755551246278515,-0.3301244542369618,-59.316321309337205,0.5746666666666667,25.6,0.5227776632971657,Evaluated from north_america_ff5.csv (daily),daily,-0.2436721545982038,0.2348307938396983,-0.2234972227484515,0.2745924265111148,-0.2150790705363943,0.2941504044950281
Albemarle,LightGBM,Directional (no uncertainty),0.0025,-0.2751771858978696,-0.2785824073204715,-0.3958374301068676,-0.3427725638270138,-80.27981668822906,0.748,49.86666666666667,0.3837278995700572,Evaluated from north_america_ff5.csv (daily),daily,-0.2888884833861443,0.360512022001212,-0.2822338887893648,0.369937976296578,-0.2534360115581403,0.4207827220434813
Albemarle,LightGBM,Uncertainty-adjusted,0.005,-0.4411837944074688,-1.21144064301081,-1.665841340886689,-0.5215879251675898,-84.58474077322886,0.5746666666666667,25.6,0.1769393311522916,Evaluated from north_america_ff5.csv (daily),daily,-0.6051864581346333,0.002644328407222,-0.5857975729991106,0.0035332416127408,-0.5773062878362573,0.0040969742775352
Albemarle,LightGBM,Directional (no uncertainty),0.005,-0.5492240260189527,-1.09641283339298,-1.4979522432207506,-0.586531980488844,-93.63922928144564,0.748,49.86666666666667,0.093351502163956,Evaluated from north_america_ff5.csv (daily),daily,-0.7584988025742361,0.0133419788081339,-0.7539144439708663,0.0136036752715265,-0.7253130534574399,0.0175463421425826
Albemarle,Random Forest,Uncertainty-adjusted,0.0,0.2382468697279824,0.6600829675094243,0.9640021372379378,0.3852170512628953,-61.84743612644199,0.8093333333333333,51.46666666666667,1.8889132809233256,Evaluated from north_america_ff5.csv (daily),daily,0.2938191190417087,0.3386964893390923,0.3572755874608596,0.2517531139156708,0.3687177148722447,0.2359893205557698
Albemarle,Random Forest,Directional (no uncertainty),0.0,0.2382468697279824,0.6600829675094243,0.9640021372379378,0.3852170512628953,-61.84743612644199,0.8093333333333333,51.46666666666667,1.8889132809233256,Evaluated from north_america_ff5.csv (daily),daily,0.2938191190417087,0.3386964893390923,0.3572755874608596,0.2517531139156708,0.3687177148722447,0.2359893205557698
Albemarle,Random Forest,Uncertainty-adjusted,0.001,0.0094916858171547,0.3013220799008844,0.4327813681860448,0.0140044817606256,-67.77605897450013,0.8093333333333333,51.46666666666667,1.0285148223779732,Evaluated from north_america_ff5.csv (daily),daily,0.089253288397956,0.7714168491460983,0.1529349625646101,0.6238393055186302,0.1643883762614181,0.5972628801147202
Albemarle,Random Forest,Directional (no uncertainty),0.001,0.0094916858171547,0.3013220799008844,0.4327813681860448,0.0140044817606256,-67.77605897450013,0.8093333333333333,51.46666666666667,1.0285148223779732,Evaluated from north_america_ff5.csv (daily),daily,0.089253288397956,0.7714168491460983,0.1529349625646101,0.6238393055186302,0.1643883762614181,0.5972628801147202
Albemarle,Random Forest,Uncertainty-adjusted,0.0025,-0.2574736799146048,-0.2353531906342957,-0.3296993264788649,-0.3381863591868633,-76.13366799704032,0.8093333333333333,51.46666666666667,0.4123004861552321,Evaluated from north_america_ff5.csv (daily),daily,-0.2175954575676733,0.4798669876856981,-0.153575974779764,0.6232426132446622,-0.1421056316548213,0.6485043261037707
Albemarle,Random Forest,Directional (no uncertainty),0.0025,-0.2574736799146048,-0.2353531906342957,-0.3296993264788649,-0.3381863591868633,-76.13366799704032,0.8093333333333333,51.46666666666667,0.4123004861552321,Evaluated from north_america_ff5.csv (daily),daily,-0.2175954575676733,0.4798669876856981,-0.153575974779764,0.6232426132446622,-0.1421056316548213,0.6485043261037707
Albemarle,Random Forest,Uncertainty-adjusted,0.005,-0.5558838043373133,-1.1193814018938475,-1.5045307138278683,-0.5960986314246042,-93.25366223519384,0.8093333333333333,51.46666666666667,0.0893064385932269,Evaluated from north_america_ff5.csv (daily),daily,-0.7290100341770566,0.0190103134981121,-0.6644275370203874,0.0351913988945149,-0.6529289781818876,0.0377777059051113
Albemarle,Random Forest,Directional (no uncertainty),0.005,-0.5558838043373133,-1.1193814018938475,-1.5045307138278683,-0.5960986314246042,-93.25366223519384,0.8093333333333333,51.46666666666667,0.0893064385932269,Evaluated from north_america_ff5.csv (daily),daily,-0.7290100341770566,0.0190103134981121,-0.6644275370203874,0.0351913988945149,-0.6529289781818876,0.0377777059051113
Albemarle,Random Walk,Uncertainty-adjusted,0.0,0.0,0.0,0.0,,0.0,0.0,0.0,1.0,Evaluated from north_america_ff5.csv (daily),daily,-0.0456127770364065,0.0,-0.0456313857345315,0.0,-0.0456315443327095,0.0
Albemarle,Random Walk,Directional (no uncertainty),0.0,0.0,0.0,0.0,,0.0,0.0,0.0,1.0,Evaluated from north_america_ff5.csv (daily),daily,-0.0456127770364065,0.0,-0.0456313857345315,0.0,-0.0456315443327095,0.0
Albemarle,Random Walk,Uncertainty-adjusted,0.001,0.0,0.0,0.0,,0.0,0.0,0.0,1.0,Evaluated from north_america_ff5.csv (daily),daily,-0.0456127770364065,0.0,-0.0456313857345315,0.0,-0.0456315443327095,0.0
Albemarle,Random Walk,Directional (no uncertainty),0.001,0.0,0.0,0.0,,0.0,0.0,0.0,1.0,Evaluated from north_america_ff5.csv (daily),daily,-0.0456127770364065,0.0,-0.0456313857345315,0.0,-0.0456315443327095,0.0
Albemarle,Random Walk,Uncertainty-adjusted,0.0025,0.0,0.0,0.0,,0.0,0.0,0.0,1.0,Evaluated from north_america_ff5.csv (daily),daily,-0.0456127770364065,0.0,-0.0456313857345315,0.0,-0.0456315443327095,0.0
Albemarle,Random Walk,Directional (no uncertainty),0.0025,0.0,0.0,0.0,,0.0,0.0,0.0,1.0,Evaluated from north_america_ff5.csv (daily),daily,-0.0456127770364065,0.0,-0.0456313857345315,0.0,-0.0456315443327095,0.0
Albemarle,Random Walk,Uncertainty-adjusted,0.005,0.0,0.0,0.0,,0.0,0.0,0.0,1.0,Evaluated from north_america_ff5.csv (daily),daily,-0.0456127770364065,0.0,-0.0456313857345315,0.0,-0.0456315443327095,0.0
Albemarle,Random Walk,Directional (no uncertainty),0.005,0.0,0.0,0.0,,0.0,0.0,0.0,1.0,Evaluated from north_america_ff5.csv (daily),daily,-0.0456127770364065,0.0,-0.0456313857345315,0.0,-0.0456315443327095,0.0
Albemarle,Random Walk + Drift,Uncertainty-adjusted,0.0,-0.2770509064216429,-0.2838477298364155,-0.3927570709520793,-0.3253649645128139,-85.1508111318887,0.0066666666666666,47.46666666666667,0.3807831575285248,Evaluated from north_america_ff5.csv (daily),daily,-0.429042416233496,0.1237987606297147,-0.3684946172799514,0.1685466326232982,-0.3779839329784963,0.1560951450001077
Albemarle,Random Walk + Drift,Directional (no uncertainty),0.0,-0.2770509064216429,-0.2838477298364155,-0.3927570709520793,-0.3253649645128139,-85.1508111318887,0.0066666666666666,47.46666666666667,0.3807831575285248,Evaluated from north_america_ff5.csv (daily),daily,-0.429042416233496,0.1237987606297147,-0.3684946172799514,0.1685466326232982,-0.3779839329784963,0.1560951450001077
Albemarle,Random Walk + Drift,Uncertainty-adjusted,0.001,-0.2782292327519242,-0.2868463676608155,-0.3968306631434721,-0.3265304015712086,-85.20775750531423,0.0066666666666666,47.46666666666667,0.3789390055826053,Evaluated from north_america_ff5.csv (daily),daily,-0.4306911226788488,0.1224523865515378,-0.3700374747641098,0.1668685269572913,-0.3795695201698068,0.154448412688374
Albemarle,Random Walk + Drift,Directional (no uncertainty),0.001,-0.2782292327519242,-0.2868463676608155,-0.3968306631434721,-0.3265304015712086,-85.20775750531423,0.0066666666666666,47.46666666666667,0.3789390055826053,Evaluated from north_america_ff5.csv (daily),daily,-0.4306911226788488,0.1224523865515378,-0.3700374747641098,0.1668685269572913,-0.3795695201698068,0.154448412688374
Albemarle,Random Walk + Drift,Uncertainty-adjusted,0.0025,-0.2799969488046314,-0.2913411181665277,-0.4029391792844716,-0.3282766934601845,-85.29297217336301,0.0066666666666666,47.46666666666667,0.3761835600397093,Evaluated from north_america_ff5.csv (daily),daily,-0.433164182346878,0.1204640262291297,-0.3723517609903473,0.1643859365269571,-0.3819479009567725,0.1520142205102344
Albemarle,Random Walk + Drift,Directional (no uncertainty),0.0025,-0.2799969488046314,-0.2913411181665277,-0.4029391792844716,-0.3282766934601845,-85.29297217336301,0.0066666666666666,47.46666666666667,0.3761835600397093,Evaluated from north_america_ff5.csv (daily),daily,-0.433164182346878,0.1204640262291297,-0.3723517609903473,0.1643859365269571,-0.3819479009567725,0.1520142205102344
Albemarle,Random Walk + Drift,Uncertainty-adjusted,0.005,-0.2829437510234042,-0.29882310622289,-0.4131124142468814,-0.3311822692421778,-85.43445024120567,0.0066666666666666,47.46666666666667,0.3716198329121205,Evaluated from north_america_ff5.csv (daily),daily,-0.4372859484602601,0.1172320482660241,-0.3762089047007433,0.1603394091628347,-0.3859118689350488,0.1480517874662104
Albemarle,Random Walk + Drift,Directional (no uncertainty),0.005,-0.2829437510234042,-0.29882310622289,-0.4131124142468814,-0.3311822692421778,-85.43445024120567,0.0066666666666666,47.46666666666667,0.3716198329121205,Evaluated from north_america_ff5.csv (daily),daily,-0.4372859484602601,0.1172320482660241,-0.3762089047007433,0.1603394091628347,-0.3859118689350488,0.1480517874662104
Albemarle,Selected ARX,Uncertainty-adjusted,0.0,-0.178705735259542,-0.0600878849307145,-0.0839370859238195,-0.2184676553381256,-81.79963069725653,0.06,48.93333333333334,0.5565857887168428,Evaluated from north_america_ff5.csv (daily),daily,-0.2806254631008471,0.3267087905313918,-0.2236567096830867,0.4221858125278801,-0.2327326641758611,0.4014111449092378
Albemarle,Selected ARX,Directional (no uncertainty),0.0,-0.178705735259542,-0.0600878849307145,-0.0839370859238195,-0.2184676553381256,-81.79963069725653,0.06,48.93333333333334,0.5565857887168428,Evaluated from north_america_ff5.csv (daily),daily,-0.2806254631008471,0.3267087905313918,-0.2236567096830867,0.4221858125278801,-0.2327326641758611,0.4014111449092378
Albemarle,Selected ARX,Uncertainty-adjusted,0.001,-0.1911068272973313,-0.086621570618228,-0.1208919111046911,-0.2326940785822615,-82.12792885048495,0.06,48.93333333333334,0.5319448111896748,Evaluated from north_america_ff5.csv (daily),daily,-0.2958055823950301,0.3006718518505087,-0.2386755200579134,0.39106360408047,-0.2478942653803442,0.3707805513812513
Albemarle,Selected ARX,Directional (no uncertainty),0.001,-0.1911068272973313,-0.086621570618228,-0.1208919111046911,-0.2326940785822615,-82.12792885048495,0.06,48.93333333333334,0.5319448111896748,Evaluated from north_america_ff5.csv (daily),daily,-0.2958055823950301,0.3006718518505087,-0.2386755200579134,0.39106360408047,-0.2478942653803442,0.3707805513812513
Albemarle,Selected ARX,Uncertainty-adjusted,0.0025,-0.2094032926806696,-0.1263763746699024,-0.1761286545744952,-0.2534826241097329,-82.61051163413026,0.06,48.93333333333334,0.4969293482691421,Evaluated from north_america_ff5.csv (daily),daily,-0.3185757613363047,0.2643613820996227,-0.2612037356201539,0.3471284118455429,-0.2706366671870687,0.3276947720356502
Albemarle,Selected ARX,Directional (no uncertainty),0.0025,-0.2094032926806696,-0.1263763746699024,-0.1761286545744952,-0.2534826241097329,-82.61051163413026,0.06,48.93333333333334,0.4969293482691421,Evaluated from north_america_ff5.csv (daily),daily,-0.3185757613363047,0.2643613820996227,-0.2612037356201539,0.3471284118455429,-0.2706366671870687,0.3276947720356502
Albemarle,Selected ARX,Uncertainty-adjusted,0.005,-0.2390987322249302,-0.1924537426949305,-0.267564142289702,-0.286726514600075,-83.38912519423751,0.06,48.93333333333334,0.4434150603311442,Evaluated from north_america_ff5.csv (daily),daily,-0.3565260595717624,0.211085892743197,-0.2987507615572212,0.2814447606327098,-0.3085406701982762,0.2636688708573773
Albemarle,Selected ARX,Directional (no uncertainty),0.005,-0.2390987322249302,-0.1924537426949305,-0.267564142289702,-0.286726514600075,-83.38912519423751,0.06,48.93333333333334,0.4434150603311442,Evaluated from north_america_ff5.csv (daily),daily,-0.3565260595717624,0.211085892743197,-0.2987507615572212,0.2814447606327098,-0.3085406701982762,0.2636688708573773
Albemarle,VMD-GRU,Uncertainty-adjusted,0.0,0.0185080583903884,0.1994696159995059,0.2874959646870939,0.0896699688960232,-20.640197178889963,0.0293333333333333,2.4,1.0560969251839738,Evaluated from north_america_ff5.csv (daily),daily,-0.0250363430614928,0.7485956274849304,-0.0296765091192701,0.7108352805367375,-0.0274409391209402,0.7352204724009272
Albemarle,VMD-GRU,Directional (no uncertainty),0.0,-0.2849462399002581,-0.303855610936324,-0.4238931288893042,-0.4021590169358204,-70.8541218524343,0.332,48.53333333333333,0.3685396427152892,Evaluated from north_america_ff5.csv (daily),daily,-0.3136676352741441,0.2887019068430589,-0.2926978781852968,0.3222952905069969,-0.2816755501814271,0.34546233894262
Albemarle,VMD-GRU,Uncertainty-adjusted,0.001,0.0109255583434813,0.1475366144931604,0.2113061823275662,0.0511373159332803,-21.36513843967885,0.0293333333333333,2.4,1.032868822658935,Evaluated from north_america_ff5.csv (daily),daily,-0.0324315035238707,0.6767044566251438,-0.0369911691341071,0.6428108473612164,-0.0348131981743671,0.6667007212954938
Albemarle,VMD-GRU,Directional (no uncertainty),0.001,-0.3424859746959946,-0.450770396123807,-0.6246592607975975,-0.4474647977792609,-76.53919959642201,0.332,48.53333333333333,0.2871115462376005,Evaluated from north_america_ff5.csv (daily),daily,-0.398199223672758,0.1728745824752577,-0.3768837687682251,0.1973248958569449,-0.3658238679699329,0.215145789049712
Albemarle,VMD-GRU,Uncertainty-adjusted,0.0025,-0.0003566713808462,0.0702841960731015,0.0997065838394284,-0.0015893371933402,-22.44151727781952,0.0293333333333333,2.4,0.998938852096967,Evaluated from north_america_ff5.csv (daily),daily,-0.0435242442174375,0.5738529040717968,-0.0479631591563628,0.5460246567464573,-0.0458715867545074,0.5687129872362358
Albemarle,VMD-GRU,Directional (no uncertainty),0.0025,-0.4204148960604198,-0.6705422482748946,-0.9200452491935268,-0.5027725269826708,-83.61930564971192,0.332,48.53333333333333,0.1972385092405866,Evaluated from north_america_ff5.csv (daily),daily,-0.5249966062706786,0.0676357575190536,-0.5031626046426176,0.0802423198239937,-0.4920463446526917,0.0901484377171838
Albemarle,VMD-GRU,Uncertainty-adjusted,0.005,-0.0189185419095425,-0.0563638618551296,-0.0786925487147532,-0.0781550961701357,-24.20640858576747,0.0293333333333333,2.4,0.9447408664904502,Evaluated from north_america_ff5.csv (daily),daily,-0.0620121453733823,0.4210377393372945,-0.0662498091934555,0.4030162358258307,-0.0643022343880746,0.4227159051985195
Albemarle,VMD-GRU,Directional (no uncertainty),0.005,-0.5307161454402676,-1.0336775461144514,-1.3954172236845162,-0.5830745033882353,-91.02029712434444,0.332,48.53333333333333,0.1052276326623324,Evaluated from north_america_ff5.csv (daily),daily,-0.7363255772672124,0.0086145088635392,-0.7136273310999385,0.0110714322898758,-0.7024171391239566,0.0132226899254013
Albemarle,VMD-LASSO-ARX/LSTM,Uncertainty-adjusted,0.0,-0.0434318617028093,-0.1453038993691088,-0.2158566226687164,-0.1231752989725253,-35.260204006078325,0.1386666666666666,3.4666666666666663,0.8762073227752396,Evaluated from north_america_ff5.csv (daily),daily,-0.0723395634164953,0.4952756117617811,-0.0850995673493068,0.4088123224066454,-0.0812373115956096,0.4315945218783328
Albemarle,VMD-LASSO-ARX/LSTM,Directional (no uncertainty),0.0,-0.3843596225384026,-0.5658175950062887,-0.7756986029286899,-0.4166754991860742,-92.24435400910376,1.1373333333333333,46.400000000000006,0.2360463606419396,Evaluated from north_america_ff5.csv (daily),daily,-0.3306533464887335,0.3099307260879765,-0.2907561566965251,0.365486644318474,-0.2845509652013494,0.3751284334052271
Albemarle,VMD-LASSO-ARX/LSTM,Uncertainty-adjusted,0.001,-0.0763223594720787,-0.3318213172168414,-0.4838845193237263,-0.2041337352698928,-37.38841077452001,0.1386666666666666,3.4666666666666663,0.7895547206318378,Evaluated from north_america_ff5.csv (daily),daily,-0.1074784337109345,0.3130519459263849,-0.1197453923363961,0.2475179765501738,-0.1158976589281947,0.2641470813106382
Albemarle,VMD-LASSO-ARX/LSTM,Directional (no uncertainty),0.001,-0.5383892217538907,-1.0682609093431237,-1.4299850882723109,-0.5630741075015633,-95.61605028204852,1.1373333333333333,46.400000000000006,0.1001892791866236,Evaluated from north_america_ff5.csv (daily),daily,-0.6161430031892767,0.0622491278536433,-0.576156157073706,0.0773114312810411,-0.5692028943866486,0.0804089818777691
Albemarle,VMD-LASSO-ARX/LSTM,Uncertainty-adjusted,0.0025,-0.123616580361805,-0.6102916180290694,-0.8656040340200346,-0.2951701052719509,-41.8797764929184,0.1386666666666666,3.4666666666666663,0.6752224641180656,Evaluated from north_america_ff5.csv (daily),daily,-0.1601867391525932,0.1369275213560484,-0.1717141298170301,0.1013092300538456,-0.1678881799270723,0.1098320818784829
Albemarle,VMD-LASSO-ARX/LSTM,Directional (no uncertainty),0.0025,-0.7006175168321801,-1.817166310779689,-2.3481138421286283,-0.712201184612919,-98.37353994475106,1.1373333333333333,46.400000000000006,0.0276153123019093,Evaluated from north_america_ff5.csv (daily),daily,-1.0443774882400931,0.0020179409278724,-1.0042561576394775,0.0026445580623301,-0.9961807881645972,0.0027983291090582
Albemarle,VMD-LASSO-ARX/LSTM,Uncertainty-adjusted,0.005,-0.1972841756320228,-1.0663725807485545,-1.445740884886601,-0.3971716402326803,-49.67227154397158,0.1386666666666666,3.4666666666666663,0.5199454847813119,Evaluated from north_america_ff5.csv (daily),daily,-0.2480339148886908,0.0252666887034957,-0.2583286922847532,0.0168186132092249,-0.2545390482585349,0.0186421252197958
Albemarle,VMD-LASSO-ARX/LSTM,Directional (no uncertainty),0.005,-0.8549422038810444,-3.043597747076647,-3.71486980007514,-0.8571044013137982,-99.74773231482192,1.1373333333333333,46.400000000000006,0.003195851068986,Evaluated from north_america_ff5.csv (daily),daily,-1.7581016299914511,6.195160075809558e-07,-1.7177561585824297,8.375472991156336e-07,-1.7078106111278446,8.954879096906609e-07
Albemarle,VMD-LSTM,Uncertainty-adjusted,0.0,-0.1797277021598268,-0.1342935568193585,-0.1899529877297441,-0.2663888551103314,-67.46817620631622,0.3,35.86666666666667,0.5545270710638994,Evaluated from north_america_ff5.csv (daily),daily,-0.2330002785416395,0.3779370888416064,-0.2085940102187863,0.4323636009722721,-0.1867536226771984,0.4866586271203489
Albemarle,VMD-LSTM,Directional (no uncertainty),0.0,-0.161026193105588,-0.0239439421063648,-0.0342757805046616,-0.2200035204233099,-73.19255291722457,0.3373333333333333,47.6,0.5930082301169352,Evaluated from north_america_ff5.csv (daily),daily,-0.1737356474801342,0.5755977593724775,-0.1620611605720977,0.6008928478631455,-0.1448280481008629,0.6413013252367731
Albemarle,VMD-LSTM,Uncertainty-adjusted,0.001,-0.2396325817697085,-0.282633414992086,-0.3978641498499269,-0.3418397583884378,-70.10085160937027,0.3,35.86666666666667,0.4424898070767832,Evaluated from north_america_ff5.csv (daily),daily,-0.3085908427779784,0.2384907603817252,-0.2842742863210519,0.280220889255693,-0.2624480852591397,0.3238833112946311
Albemarle,VMD-LSTM,Directional (no uncertainty),0.001,-0.2296591103439095,-0.1731364668193726,-0.2460835757971159,-0.3038967977735737,-75.5714150417021,0.3373333333333333,47.6,0.4599883974779904,Evaluated from north_america_ff5.csv (daily),daily,-0.2593195940512371,0.3978583605429692,-0.2476618287565105,0.4189042692774211,-0.2301933109022781,0.45415775528861
Albemarle,VMD-LSTM,Uncertainty-adjusted,0.0025,-0.3215047878251396,-0.5046205504520961,-0.7051133509647538,-0.4336160453064838,-74.1450394433391,0.3,35.86666666666667,0.3152471383431783,Evaluated from north_america_ff5.csv (daily),daily,-0.4219766891324873,0.1022987160707092,-0.3977947004744501,0.1257753210593212,-0.3759897791320513,0.1521747718961276
Albemarle,VMD-LSTM,Directional (no uncertainty),0.0025,-0.3224444284128571,-0.3962640826796345,-0.557227498006111,-0.409415133542173,-78.75733015121749,0.3373333333333333,47.6,0.3139495634683026,Evaluated from north_america_ff5.csv (daily),daily,-0.3876955139078912,0.1986613010058592,-0.3760628310331296,0.2124396414064344,-0.3582412051044009,0.2368685132192906
Albemarle,VMD-LSTM,Uncertainty-adjusted,0.005,-0.4391005913940723,-0.8722478419307788,-1.203137393398091,-0.5175406808958727,-84.84368622655535,0.3,35.86666666666667,0.178909694986978,Evaluated from north_america_ff5.csv (daily),daily,-0.6109530997233343,0.0157248607858124,-0.586995390730114,0.0211579736359313,-0.5652259355869037,0.0280674763486467
Albemarle,VMD-LSTM,Directional (no uncertainty),0.005,-0.4533960773515035,-0.7648007086234604,-1.0565216235731714,-0.527725216555956,-85.91518144811428,0.3373333333333333,47.6,0.1656777237570665,Evaluated from north_america_ff5.csv (daily),daily,-0.6016553803356478,0.0407265765199014,-0.590064501494162,0.0451409332352786,-0.5716543621079392,0.0534234863110807
Albemarle,XGBoost,Uncertainty-adjusted,0.0,0.108279610172645,0.6854267443008595,1.1899492238067693,0.8186101073804345,-13.227250579539213,0.1573333333333333,4.933333333333334,1.3579536608608185,Evaluated from north_america_ff5.csv (daily),daily,0.0766260658075991,0.3913137791029334,0.0838646475488137,0.3517881202137226,0.0850065999436684,0.3509243885890885
Albemarle,XGBoost,Directional (no uncertainty),0.0,0.1589643891168437,0.5425348612754082,0.8099240267601192,0.2770331229253335,-57.38100463881646,0.7746666666666666,49.46666666666666,1.5512607250311283,Evaluated from north_america_ff5.csv (daily),daily,0.1722315561687088,0.5614575091291223,0.2097884053067935,0.4762909270713644,0.2138299508365342,0.4714505628388729
Albemarle,XGBoost,Uncertainty-adjusted,0.001,0.0651756593267138,0.4533288923998749,0.7656904706284492,0.4355064032061961,-14.96548818728978,0.1573333333333333,4.933333333333334,1.2067319584604443,Evaluated from north_america_ff5.csv (daily),daily,0.0367044162186647,0.680190309560657,0.0439465910524416,0.6242220993078098,0.0450735751536111,0.6194747047326571
Albemarle,XGBoost,Directional (no uncertainty),0.001,-0.0464745365936114,0.1996057245165698,0.2927269300322808,-0.0693905600342165,-66.97530120911954,0.7746666666666666,49.46666666666666,0.8679385408318739,Evaluated from north_america_ff5.csv (daily),daily,-0.0227681512426505,0.9382794540297617,0.0138093071625638,0.9622693270064228,0.0182831643140941,0.9504746171522512
Albemarle,XGBoost,Uncertainty-adjusted,0.0025,0.0035622979951377,0.1053740309358157,0.1706950964614261,0.0155497871249642,-22.90898239641292,0.1573333333333333,4.933333333333334,1.0106394387660496,Evaluated from north_america_ff5.csv (daily),daily,-0.023178058164737,0.7948249935237017,-0.0159304936921163,0.8591512379892892,-0.0148259620314748,0.8703077979187124
Albemarle,XGBoost,Directional (no uncertainty),0.0025,-0.2889387752516955,-0.3151524795341707,-0.4500453523984807,-0.3677883198060638,-78.56116132346291,0.7746666666666666,49.46666666666666,0.3624490898524499,Evaluated from north_america_ff5.csv (daily),daily,-0.3152677123596891,0.2781856024450463,-0.28015934005378,0.3315616168081856,-0.2750370154695655,0.3446555714877335
Albemarle,XGBoost,Uncertainty-adjusted,0.005,-0.0915036154295122,-0.4670352155746238,-0.7062361402949082,-0.2357948071611782,-38.80645911212315,0.1573333333333333,4.933333333333334,0.7515569836103377,Evaluated from north_america_ff5.csv (daily),daily,-0.1229821821370733,0.1758470018312402,-0.1157256349330464,0.2057654726904224,-0.1146585240066181,0.2148516747851855
Albemarle,XGBoost,Directional (no uncertainty),0.005,-0.5648127381614161,-1.1677508926902396,-1.5958519337232988,-0.6087337955461138,-92.7848498463446,0.7746666666666666,49.46666666666666,0.0840681465740272,Evaluated from north_america_ff5.csv (daily),daily,-0.8027669808880867,0.0051103234567103,-0.7701070854143545,0.0067740412684114,-0.7639039817756651,0.0077733226052524
Anglo American,ARIMA,Uncertainty-adjusted,0.0,0.0465921132374158,0.4131399587863453,0.6125088256175814,0.1925690936566809,-24.19501091929214,0.168,4.666666666666667,1.1451476371277731,Evaluated from europe_ff5.csv (daily),daily,0.0173705549544102,0.8346507652412674,0.0356686338958547,0.706815376344507,0.0360459441069126,0.7067139067636796
Anglo American,ARIMA,Directional (no uncertainty),0.0,-0.048630578383309,0.0815508644803092,0.1168195340593843,-0.0925645786078817,-52.53691975341448,1.2626666666666666,50.66666666666667,0.8621107507360081,Evaluated from europe_ff5.csv (daily),daily,-0.0059747703265298,0.9794810099779164,0.0093438502765488,0.9690222256394868,0.0018794134497963,0.993771079960358
Anglo American,ARIMA,Uncertainty-adjusted,0.001,0.003257898404841,0.0900542197926861,0.1293043009011124,0.0119486949126255,-27.265725911192035,0.168,4.666666666666667,1.009727372228023,Evaluated from europe_ff5.csv (daily),daily,-0.0251276045021713,0.7628608763157877,-0.0076850464377388,0.9353554600105808,-0.0075074865430025,0.9375044664267006
Anglo American,ARIMA,Directional (no uncertainty),0.001,-0.3080480129953162,-0.6985295825497039,-0.9650813253938042,-0.4011793634947765,-76.78560789164996,1.2626666666666666,50.66666666666667,0.3342224339229765,Evaluated from europe_ff5.csv (daily),daily,-0.3239740934798937,0.1663046941524798,-0.3110544219267437,0.1992715378779781,-0.3189209018688667,0.1882435370149754
Anglo American,ARIMA,Uncertainty-adjusted,0.0025,-0.0584924853602145,-0.3971812541845756,-0.5441800387096003,-0.1770492490494155,-33.03740946333466,0.168,4.666666666666667,0.8357850820426241,Evaluated from europe_ff5.csv (daily),daily,-0.0888748436870437,0.2937530782447637,-0.0727155669381294,0.4478771325584499,-0.0728376325178751,0.451939109109293
Anglo American,ARIMA,Directional (no uncertainty),0.0025,-0.5713075574400519,-1.86674139219389,-2.4433832162105342,-0.6120267303936092,-93.34683095828676,1.2626666666666666,50.66666666666667,0.0803888683062665,Evaluated from europe_ff5.csv (daily),daily,-0.8009730782099399,0.0007192510318258,-0.7916518302316823,0.0012355543906605,-0.8001213748468612,0.0010912264385156
Anglo American,ARIMA,Uncertainty-adjusted,0.005,-0.1532965613144657,-1.1954340416064986,-1.5234103560776318,-0.3674611696146166,-41.71775795391907,0.168,4.666666666666667,0.6094171242250127,Evaluated from europe_ff5.csv (daily),daily,-0.1951202423284979,0.0303578328768069,-0.1810997677721134,0.0717474533323064,-0.181721209142663,0.0736104850284661
Anglo American,ARIMA,Directional (no uncertainty),0.005,-0.8076027638161214,-3.7817064354239167,-4.532135262637561,-0.8127956392069176,-99.36110934405812,1.2626666666666666,50.66666666666667,0.0074069493032522,Evaluated from europe_ff5.csv (daily),daily,-1.5959713860933495,4.104680547121501e-11,-1.5926475107399132,1.879054107461969e-10,-1.6021221631435192,1.407966298148424e-10
Anglo American,CEEMDAN-LSTM,Uncertainty-adjusted,0.0,-0.0455506621423629,-0.1230119491354181,-0.1718047826114716,-0.1430543235578802,-31.84151377566228,0.1293333333333333,13.066666666666665,0.8704437619885845,Evaluated from europe_ff5.csv (daily),daily,-0.0923495988200689,0.365198646651509,-0.1115168761873497,0.3005456538356087,-0.109038231153886,0.3103801142345117
Anglo American,CEEMDAN-LSTM,Directional (no uncertainty),0.0,0.1250409844454343,0.4927219044828351,0.7082369903931175,0.2768591100662691,-45.16412135237466,0.3026666666666666,52.26666666666666,1.4199947457939464,Evaluated from europe_ff5.csv (daily),daily,0.1172197583633638,0.5859223296343673,0.1084071687687761,0.6280494668751371,0.1085388990181586,0.6307422566440659
Anglo American,CEEMDAN-LSTM,Uncertainty-adjusted,0.001,-0.0761807393572294,-0.2810777822715738,-0.3897794680865253,-0.2149960361706252,-35.43355529437336,0.1293333333333333,13.066666666666665,0.7899150612846866,Evaluated from europe_ff5.csv (daily),daily,-0.1249082275417024,0.2178696085045118,-0.1447224393827805,0.1774614266125468,-0.1421054407555063,0.1845144520707288
Anglo American,CEEMDAN-LSTM,Directional (no uncertainty),0.001,0.0419921711437223,0.3050776313509867,0.4350409993612634,0.0834467221613648,-50.32213375921477,0.3026666666666666,52.26666666666666,1.1302331047337535,Evaluated from europe_ff5.csv (daily),daily,0.0408647296261188,0.8478126327755081,0.0322799292814096,0.8841086311103998,0.0323917335147388,0.8848116233711184
Anglo American,CEEMDAN-LSTM,Uncertainty-adjusted,0.0025,-0.1203466057666537,-0.5173938603650112,-0.7094177020763728,-0.29732920537946,-40.47587777765189,0.1293333333333333,13.066666666666665,0.6827483560631497,Evaluated from europe_ff5.csv (daily),daily,-0.1737461706241528,0.0843656595871422,-0.1945307841759265,0.0688704204400426,-0.1917062551579367,0.0724275183419849
Anglo American,CEEMDAN-LSTM,Directional (no uncertainty),0.0025,-0.0714978796455069,0.0252742489200287,0.0356065755430198,-0.1171948927763043,-61.007675293477526,0.3026666666666666,52.26666666666666,0.8018918015957841,Evaluated from europe_ff5.csv (daily),daily,-0.0736678134797485,0.7257718106911677,-0.0819109299496402,0.7076776710599981,-0.0818290147403908,0.710829553776752
Anglo American,CEEMDAN-LSTM,Uncertainty-adjusted,0.005,-0.1894472387867725,-0.9065919520529468,-1.2182179132455058,-0.3806388138659345,-49.7708672593484,0.1293333333333333,13.066666666666665,0.5351995539495832,Evaluated from europe_ff5.csv (daily),daily,-0.2551427424282366,0.0108269743089938,-0.2775446921645034,0.0094195787662409,-0.2743742791619874,0.0101251954498608
Anglo American,CEEMDAN-LSTM,Directional (no uncertainty),0.005,-0.2344455064669746,-0.4332457431674743,-0.5978095971485592,-0.3168151781884396,-74.00071796040275,0.3026666666666666,52.26666666666666,0.4515343595020836,Evaluated from europe_ff5.csv (daily),daily,-0.2645553853228604,0.2000047447941604,-0.2722290286680566,0.204755125707127,-0.2721969284989404,0.210086781518717
Anglo American,Dynamic Selected,Uncertainty-adjusted,0.0,-0.1465336831298637,-0.5341099363309928,-0.6813519229301941,-0.2972163426747737,-49.30202754368957,0.132,13.733333333333334,0.6240186603482994,Evaluated from europe_ff5.csv (daily),daily,-0.1565527099374191,0.2723603784858176,-0.1084469375077098,0.4569288530940522,-0.1075385664283931,0.4567679946802004
Anglo American,Dynamic Selected,Directional (no uncertainty),0.0,0.0403740925672488,0.2997153084276629,0.4221377056430446,0.0764558882275173,-52.80704142381255,0.7666666666666667,50.26666666666667,1.12501758792612,Evaluated from europe_ff5.csv (daily),daily,0.0859194459782825,0.719937598283402,0.1506818237265648,0.5508259996063443,0.1527666984800331,0.5453920483561002
Anglo American,Dynamic Selected,Uncertainty-adjusted,0.001,-0.174492503952198,-0.6721709046467322,-0.8517528776300598,-0.3290858407529318,-53.02340068869813,0.132,13.733333333333334,0.5651267911856955,Evaluated from europe_ff5.csv (daily),daily,-0.1898110710443447,0.184959081503122,-0.1419325378452035,0.3321563448156561,-0.141083365824009,0.330693086187409
Anglo American,Dynamic Selected,Directional (no uncertainty),0.001,-0.1423966973958444,-0.1809803953677644,-0.2498551454668773,-0.2364781258837433,-60.21558943927402,0.7666666666666667,50.26666666666667,0.6330641966307047,Evaluated from europe_ff5.csv (daily),daily,-0.1071499307066364,0.6535226157427931,-0.045843397513143,0.8555598339371355,-0.0441702967029767,0.8608099714895783
Anglo American,Dynamic Selected,Uncertainty-adjusted,0.0025,-0.2147799382273229,-0.8783051008344489,-1.101777232500371,-0.368170734240071,-58.337048073808205,0.132,13.733333333333334,0.4869387829689076,Evaluated from europe_ff5.csv (daily),daily,-0.2396986127047329,0.0967794452757117,-0.1921609383514439,0.1927868618419009,-0.1914005649174326,0.1903853076701893
Anglo American,Dynamic Selected,Directional (no uncertainty),0.0025,-0.358608748119656,-0.9008229890563788,-1.2066350966486576,-0.4678890639916286,-76.64396877762294,0.7666666666666667,50.26666666666667,0.2666621677494868,Evaluated from europe_ff5.csv (daily),daily,-0.3967539957340148,0.0960040835730818,-0.3406312293727048,0.1759613027377086,-0.3395757894774915,0.1774409239587299
Anglo American,Dynamic Selected,Uncertainty-adjusted,0.005,-0.2777447025275456,-1.2173240637446028,-1.501543851538523,-0.4139019073382793,-67.10399193704286,0.132,13.733333333333334,0.3796966050487446,Evaluated from europe_ff5.csv (daily),daily,-0.3228445154720469,0.0281632451322467,-0.275874939195178,0.0665676762627758,-0.2752625634064721,0.0645176164185925
Anglo American,Dynamic Selected,Directional (no uncertainty),0.005,-0.6055229214648199,-2.080608301503451,-2.6498950193664084,-0.6451436513337528,-93.85861896230054,0.7666666666666667,50.26666666666667,0.0627601320611441,Evaluated from europe_ff5.csv (daily),daily,-0.879427437446312,0.0002561389758764,-0.8319442824719745,0.0010601617087839,-0.8319182774350166,0.0010641915714485
Anglo American,Elastic Net,Uncertainty-adjusted,0.0,-0.0200102264019094,0.1543536201975364,0.2210417062627241,-0.0336600399432588,-59.44801739879371,0.0386666666666666,49.86666666666667,0.9416155938775098,Evaluated from europe_ff5.csv (daily),daily,0.101195955026986,0.6178190928195763,0.2582094165408883,0.2293309074376204,0.2692550592632465,0.2113970384019337
Anglo American,Elastic Net,Directional (no uncertainty),0.0,-0.0200102264019094,0.1543536201975364,0.2210417062627241,-0.0336600399432588,-59.44801739879371,0.0386666666666666,49.86666666666667,0.9416155938775098,Evaluated from europe_ff5.csv (daily),daily,0.101195955026986,0.6178190928195763,0.2582094165408883,0.2293309074376204,0.2692550592632465,0.2113970384019337
Anglo American,Elastic Net,Uncertainty-adjusted,0.001,-0.029518025763714,0.1304844370881784,0.1866854234804323,-0.0495151311638668,-59.61415242146134,0.0386666666666666,49.86666666666667,0.9146864417702576,Evaluated from europe_ff5.csv (daily),daily,0.0913596260217666,0.6507742840361674,0.2486214098442216,0.2449269613722352,0.2596785956156958,0.2258583321750776
Anglo American,Elastic Net,Directional (no uncertainty),0.001,-0.029518025763714,0.1304844370881784,0.1866854234804323,-0.0495151311638668,-59.61415242146134,0.0386666666666666,49.86666666666667,0.9146864417702576,Evaluated from europe_ff5.csv (daily),daily,0.0913596260217666,0.6507742840361674,0.2486214098442216,0.2449269613722352,0.2596785956156958,0.2258583321750776
Anglo American,Elastic Net,Uncertainty-adjusted,0.0025,-0.0436415290443734,0.0946620633876337,0.1352309329099192,-0.0729026884914144,-59.86271555611149,0.0386666666666666,49.86666666666667,0.8756358593807261,Evaluated from europe_ff5.csv (daily),daily,0.0766051325139376,0.7022755342684983,0.234239399799222,0.2701791152606297,0.2453139001443698,0.2493270018828802
Anglo American,Elastic Net,Directional (no uncertainty),0.0025,-0.0436415290443734,0.0946620633876337,0.1352309329099192,-0.0729026884914144,-59.86271555611149,0.0386666666666666,49.86666666666667,0.8756358593807261,Evaluated from europe_ff5.csv (daily),daily,0.0766051325139376,0.7022755342684983,0.234239399799222,0.2701791152606297,0.2453139001443698,0.2493270018828802
Anglo American,Elastic Net,Uncertainty-adjusted,0.005,-0.0668157476107939,0.0349758411811546,0.0498239844080485,-0.1105132196054049,-60.45950688013989,0.0386666666666666,49.86666666666667,0.8139866198228269,Evaluated from europe_ff5.csv (daily),daily,0.052014310000889,0.7931033301928454,0.2102693830575556,0.3175032315904534,0.2213727410254933,0.2934896680069203
Anglo American,Elastic Net,Directional (no uncertainty),0.005,-0.0668157476107939,0.0349758411811546,0.0498239844080485,-0.1105132196054049,-60.45950688013989,0.0386666666666666,49.86666666666667,0.8139866198228269,Evaluated from europe_ff5.csv (daily),daily,0.052014310000889,0.7931033301928454,0.2102693830575556,0.3175032315904534,0.2213727410254933,0.2934896680069203
Anglo American,GRU,Uncertainty-adjusted,0.0,-0.0120128346221929,-0.1205019885248585,-0.166495146182313,-0.0669568926481695,-17.941147127772737,0.032,1.0666666666666669,0.9646702327451084,Evaluated from europe_ff5.csv (daily),daily,-0.0525789064105013,0.2520218287821532,-0.0516264931323811,0.2505343187519914,-0.0501307508895979,0.2658298608725898
Anglo American,GRU,Directional (no uncertainty),0.0,-0.088068748997354,-0.02196388048455,-0.0311824740899272,-0.1474030435396785,-59.746899984224136,0.572,49.333333333333336,0.760045478616221,Evaluated from europe_ff5.csv (daily),daily,-0.0937851556225595,0.664205944564594,-0.0862715768357946,0.7002992668865722,-0.0902529809048361,0.6859168034240113
Anglo American,GRU,Uncertainty-adjusted,0.001,-0.0199424847133262,-0.2267013113014605,-0.3085527763116693,-0.1040224626103699,-19.17132532040077,0.032,1.0666666666666669,0.9418093246016626,Evaluated from europe_ff5.csv (daily),daily,-0.0605711689724461,0.1862896032202171,-0.0601029771261686,0.1790398848824012,-0.058619851647487,0.1907888486249414
Anglo American,GRU,Directional (no uncertainty),0.001,-0.2109686075801129,-0.3740404626586993,-0.521592129931344,-0.3199134768058854,-65.94552054714558,0.572,49.333333333333336,0.4940068640593434,Evaluated from europe_ff5.csv (daily),daily,-0.2384353132644177,0.259670882309999,-0.2301918940996683,0.2943024716841247,-0.2342660158057088,0.2837869676830212
Anglo American,GRU,Uncertainty-adjusted,0.0025,-0.0317324319698764,-0.3856229353468478,-0.5129985521743243,-0.1512194610104609,-20.98435727639661,0.032,1.0666666666666669,0.9084888460100696,Evaluated from europe_ff5.csv (daily),daily,-0.0725595628153632,0.1141805833564744,-0.0728177031168499,0.1030611064488327,-0.0713535027843207,0.1102687148174316
Anglo American,GRU,Directional (no uncertainty),0.0025,-0.3653194119156224,-0.8966982631441848,-1.217476761884172,-0.4642288784000298,-78.69381439058681,0.572,49.333333333333336,0.258444153906861,Evaluated from europe_ff5.csv (daily),daily,-0.4554105497272044,0.0266184006553848,-0.4460723699954787,0.0363854648745623,-0.450285568157018,0.0339007043489802
Anglo American,GRU,Uncertainty-adjusted,0.005,-0.0511064062287258,-0.6459573147461242,-0.8275519944447282,-0.2136379367320283,-23.921971448746003,0.032,1.0666666666666669,0.8554506959444692,Evaluated from europe_ff5.csv (daily),daily,-0.0925402192202252,0.0473290984391733,-0.0940089131013186,0.0375718780458245,-0.0925762546790434,0.0401370361492306
Anglo American,GRU,Directional (no uncertainty),0.005,-0.5590869859413863,-1.7434806682632236,-2.266639601724565,-0.6060526130846359,-92.250569318692,0.572,49.333333333333336,0.0874030405168212,Evaluated from europe_ff5.csv (daily),daily,-0.8170359438318487,3.381460731214513e-05,-0.8058731631551629,8.090883438132607e-05,-0.8103181554092003,6.920216527141516e-05
Anglo American,Histogram Gradient Boosting,Uncertainty-adjusted,0.0,0.0566467858131491,0.9034812687826456,2.2595472025623184,1.5880194449866,-3.56713426853707,0.0213333333333333,1.0666666666666669,1.1782019872350722,Evaluated from europe_ff5.csv (daily),daily,0.0111802958982959,0.7801480814928412,0.0083600700369891,0.8295263930749477,0.0095306185995687,0.8084359739729126
Anglo American,Histogram Gradient Boosting,Directional (no uncertainty),0.0,-0.01316842367763,0.1712090784673399,0.2467599821817319,-0.0280716427699085,-46.91005719033284,0.8786666666666667,50.26666666666667,0.96131602700811,Evaluated from europe_ff5.csv (daily),daily,0.0239603764249002,0.92206816279786,0.0657193048750206,0.7989875298295833,0.0681777064939085,0.7926288552926328
Anglo American,Histogram Gradient Boosting,Uncertainty-adjusted,0.001,0.0510325592583278,0.8288461508330969,2.012384044584602,1.3929745897372998,-3.6635671342685465,0.0213333333333333,1.0666666666666669,1.159668442779472,Evaluated from europe_ff5.csv (daily),daily,0.0057772223561423,0.8812352540814892,0.0028294299228243,0.9398664270384032,0.0039567564115511,0.9170305410683122
Anglo American,Histogram Gradient Boosting,Directional (no uncertainty),0.001,-0.209567144882335,-0.3704395452671689,-0.5212101276696868,-0.3417398854235072,-61.323583760972255,0.8786666666666667,50.26666666666667,0.4966228953874086,Evaluated from europe_ff5.csv (daily),daily,-0.1975694392542688,0.4197305317356702,-0.1561353755144394,0.545113918161366,-0.1534189925667033,0.554081824269747
Anglo American,Histogram Gradient Boosting,Uncertainty-adjusted,0.0025,0.0426542263967582,0.7111070842707328,1.642611227390424,1.046303035710246,-4.076660866018025,0.0213333333333333,1.0666666666666669,1.1323717125589337,Evaluated from europe_ff5.csv (daily),daily,-0.002327387957088,0.9496070392111612,-0.0054665302484228,0.8786906920798608,-0.0044040368704753,0.9033754080270862
Anglo American,Histogram Gradient Boosting,Directional (no uncertainty),0.0025,-0.4338457646667765,-1.1757604608644283,-1.5951644456853058,-0.5234046047408022,-82.88917612439107,0.8786666666666667,50.26666666666667,0.1839444917791989,Evaluated from europe_ff5.csv (daily),daily,-0.5298641627730223,0.0309041923229279,-0.4889173960986296,0.0587516220020552,-0.4858140411576209,0.0616393805002698
Anglo American,Histogram Gradient Boosting,Uncertainty-adjusted,0.005,0.0288044612249773,0.5016363651393213,1.0529864114039582,0.5105828002986996,-5.641486788847231,0.0213333333333333,1.0666666666666669,1.088190367940182,Evaluated from europe_ff5.csv (daily),daily,-0.0158350718124719,0.64616270299604,-0.0192931305338348,0.569231241135173,-0.0183386923405195,0.5931905029090441
Anglo American,Histogram Gradient Boosting,Directional (no uncertainty),0.005,-0.6761010906872257,-2.480375667627396,-3.167698744827441,-0.6994463394327161,-96.66232455166976,0.8786666666666667,50.26666666666667,0.034904817670433,Evaluated from europe_ff5.csv (daily),daily,-1.0836887019709451,1.300539242327913e-05,-1.04355409707228,6.634474193086305e-05,-1.0398057888091512,7.613140858337755e-05
Anglo American,LASSO,Uncertainty-adjusted,0.0,-0.0200102264019094,0.1543536201975364,0.2210417062627241,-0.0336600399432588,-59.44801739879371,0.0386666666666666,49.86666666666667,0.9416155938775098,Evaluated from europe_ff5.csv (daily),daily,0.101195955026986,0.6178190928195763,0.2582094165408883,0.2293309074376204,0.2692550592632465,0.2113970384019337
Anglo American,LASSO,Directional (no uncertainty),0.0,-0.0200102264019094,0.1543536201975364,0.2210417062627241,-0.0336600399432588,-59.44801739879371,0.0386666666666666,49.86666666666667,0.9416155938775098,Evaluated from europe_ff5.csv (daily),daily,0.101195955026986,0.6178190928195763,0.2582094165408883,0.2293309074376204,0.2692550592632465,0.2113970384019337
Anglo American,LASSO,Uncertainty-adjusted,0.001,-0.029518025763714,0.1304844370881784,0.1866854234804323,-0.0495151311638668,-59.61415242146134,0.0386666666666666,49.86666666666667,0.9146864417702576,Evaluated from europe_ff5.csv (daily),daily,0.0913596260217666,0.6507742840361674,0.2486214098442216,0.2449269613722352,0.2596785956156958,0.2258583321750776
Anglo American,LASSO,Directional (no uncertainty),0.001,-0.029518025763714,0.1304844370881784,0.1866854234804323,-0.0495151311638668,-59.61415242146134,0.0386666666666666,49.86666666666667,0.9146864417702576,Evaluated from europe_ff5.csv (daily),daily,0.0913596260217666,0.6507742840361674,0.2486214098442216,0.2449269613722352,0.2596785956156958,0.2258583321750776
Anglo American,LASSO,Uncertainty-adjusted,0.0025,-0.0436415290443734,0.0946620633876337,0.1352309329099192,-0.0729026884914144,-59.86271555611149,0.0386666666666666,49.86666666666667,0.8756358593807261,Evaluated from europe_ff5.csv (daily),daily,0.0766051325139376,0.7022755342684983,0.234239399799222,0.2701791152606297,0.2453139001443698,0.2493270018828802
Anglo American,LASSO,Directional (no uncertainty),0.0025,-0.0436415290443734,0.0946620633876337,0.1352309329099192,-0.0729026884914144,-59.86271555611149,0.0386666666666666,49.86666666666667,0.8756358593807261,Evaluated from europe_ff5.csv (daily),daily,0.0766051325139376,0.7022755342684983,0.234239399799222,0.2701791152606297,0.2453139001443698,0.2493270018828802
Anglo American,LASSO,Uncertainty-adjusted,0.005,-0.0668157476107939,0.0349758411811546,0.0498239844080485,-0.1105132196054049,-60.45950688013989,0.0386666666666666,49.86666666666667,0.8139866198228269,Evaluated from europe_ff5.csv (daily),daily,0.052014310000889,0.7931033301928454,0.2102693830575556,0.3175032315904534,0.2213727410254933,0.2934896680069203
Anglo American,LASSO,Directional (no uncertainty),0.005,-0.0668157476107939,0.0349758411811546,0.0498239844080485,-0.1105132196054049,-60.45950688013989,0.0386666666666666,49.86666666666667,0.8139866198228269,Evaluated from europe_ff5.csv (daily),daily,0.052014310000889,0.7931033301928454,0.2102693830575556,0.3175032315904534,0.2213727410254933,0.2934896680069203
Anglo American,LSTM,Uncertainty-adjusted,0.0,0.0534671295205126,0.5360238950929281,0.9508342646531254,0.7085185092599053,-7.546327840660459,0.048,2.1333333333333333,1.167681427654642,Evaluated from europe_ff5.csv (daily),daily,0.010402174522345,0.8046757976280772,0.0261329260006849,0.5613673749442212,0.0266498575946926,0.552009319299505
Anglo American,LSTM,Directional (no uncertainty),0.0,-0.0455930861934257,0.0897384542275501,0.1269357181243809,-0.1166772261983697,-39.076251363663935,0.4573333333333333,50.26666666666667,0.8703286179066161,Evaluated from europe_ff5.csv (daily),daily,-0.027018057517533,0.9105103679014938,-0.0071580797844821,0.9772023207074632,-0.0074185811268448,0.976439329515726
Anglo American,LSTM,Uncertainty-adjusted,0.001,0.0407697685603474,0.4228004091540432,0.737268018589864,0.5271461819778808,-7.73405365611813,0.048,2.1333333333333333,1.126291482246491,Evaluated from europe_ff5.csv (daily),daily,-0.0017814374428555,0.965531361903739,0.0141388321973175,0.7483408918623515,0.0146513707275911,0.7385617334061687
Anglo American,LSTM,Directional (no uncertainty),0.001,-0.1495675508822375,-0.1925670485891362,-0.2685483597184565,-0.2922867140091683,-51.17151882502121,0.4573333333333333,50.26666666666667,0.6174399281024531,Evaluated from europe_ff5.csv (daily),daily,-0.1420482708042906,0.5462966325140332,-0.1227445301858553,0.6169628546388124,-0.1230478520462844,0.6171053699666685
Anglo American,LSTM,Uncertainty-adjusted,0.0025,0.0219867680696899,0.2535614774691881,0.4304510589696279,0.2524411122191669,-8.709662176817385,0.048,2.1333333333333333,1.0668685953053565,Evaluated from europe_ff5.csv (daily),daily,-0.0200568553906563,0.6182819967538331,-0.0038523085077336,0.9285141930875966,-0.0033463595730611,0.9376629040542672
Anglo American,LSTM,Directional (no uncertainty),0.0025,-0.2849922035157698,-0.614928477848676,-0.8395724061562627,-0.410183272275562,-69.47923593634785,0.4573333333333333,50.26666666666667,0.3684691421113973,Evaluated from europe_ff5.csv (daily),daily,-0.3145935907344267,0.1685257049803703,-0.2961242057879152,0.2138518203784497,-0.2964917584254437,0.2146408469338998
Anglo American,LSTM,Uncertainty-adjusted,0.005,-0.0086285269312044,-0.0242516095371723,-0.0393007024804569,-0.0688202720443404,-12.537769286417683,0.048,2.1333333333333333,0.9745381894629171,Evaluated from europe_ff5.csv (daily),daily,-0.0505158853036577,0.2003669221600166,-0.0338375430161522,0.4181721264890689,-0.0333425767408149,0.4236827189495148
Anglo American,LSTM,Directional (no uncertainty),0.005,-0.4651197656410312,-1.3085989606231505,-1.7255313666952985,-0.5396612629991515,-86.18735446308335,0.4573333333333333,50.26666666666667,0.1553244164879978,Evaluated from europe_ff5.csv (daily),daily,-0.6021691239513208,0.0057697495172205,-0.5850903317913484,0.0101210906968878,-0.5855649357240428,0.0102960536741871
Anglo American,LightGBM,Uncertainty-adjusted,0.0,0.0808274695022781,0.8928708730148598,1.448508325205749,0.7779108293458179,-10.390325787114932,0.132,4.8,1.2602752237853423,Evaluated from europe_ff5.csv (daily),daily,0.0395378503127905,0.4568976773330864,0.0249016670277195,0.6407639573001127,0.025960231136695,0.6255768146796592
Anglo American,LightGBM,Directional (no uncertainty),0.0,0.1166743918074897,0.4746869609049418,0.6763846916338025,0.2313635115526937,-50.42903741583158,0.804,52.53333333333333,1.388796335255296,Evaluated from europe_ff5.csv (daily),daily,0.1414525465130267,0.5528418816023115,0.1356535320551328,0.5716975976182934,0.1338294452516472,0.5780451139983689
Anglo American,LightGBM,Uncertainty-adjusted,0.001,0.0455260498592442,0.533858002460722,0.8331241871278439,0.3766855565817242,-12.085955796228436,0.132,4.8,1.1416795453034192,Evaluated from europe_ff5.csv (daily),daily,0.0062001412891154,0.9042569149372088,-0.0081730355600585,0.8756365870500181,-0.0071651803396919,0.8905382452240852
Anglo American,LightGBM,Directional (no uncertainty),0.001,-0.0884198937923772,-0.0217520286213316,-0.030278029921692,-0.1532707964291498,-57.68867641609064,0.804,52.53333333333333,0.7591747973680107,Evaluated from europe_ff5.csv (daily),daily,-0.06097419812614,0.7968820049778685,-0.0683106888436715,0.7743965031795375,-0.0703923805703114,0.7683879282762137
Anglo American,LightGBM,Uncertainty-adjusted,0.0025,-0.0053428891908569,-0.0135668247328211,-0.019942876987714,-0.0365510286361551,-14.61761649457899,0.132,4.8,0.9841823464128898,Evaluated from europe_ff5.csv (daily),daily,-0.0438064222463972,0.3813182185792676,-0.0577850894417256,0.260928982347665,-0.0568532975542722,0.2673383171673077
Anglo American,LightGBM,Directional (no uncertainty),0.0025,-0.32816075757534,-0.7617043325593136,-1.0239060258127408,-0.4155734928479749,-78.96575773551268,0.804,52.53333333333333,0.3061320727963192,Evaluated from europe_ff5.csv (daily),daily,-0.3646143150848904,0.1213219467895377,-0.3742570201918781,0.1137081217625503,-0.3767251193032495,0.1123699104263885
Anglo American,LightGBM,Uncertainty-adjusted,0.005,-0.0848489056762261,-0.915403038780917,-1.2233066830479415,-0.2850175255069475,-29.76971522200585,0.132,4.8,0.7680601771454533,Evaluated from europe_ff5.csv (daily),daily,-0.127150694805585,0.0111505294673448,-0.1404718459111708,0.0074490353382855,-0.1396668262452395,0.0076730757114502
Anglo American,LightGBM,Directional (no uncertainty),0.005,-0.5968265684847915,-1.96547788042928,-2.4960648187435197,-0.6325254588294532,-94.35613383677462,0.804,52.53333333333333,0.0669682214560087,Evaluated from europe_ff5.csv (daily),daily,-0.8706811766828075,0.0002035877090722,-0.8841675724388892,0.0001721796783381,-0.8872796838581466,0.0001699605875849
Anglo American,Random Forest,Uncertainty-adjusted,0.0,0.0289556664911228,0.2490356176334473,0.3499744567469995,0.1242639514517306,-23.30174290519838,0.332,11.733333333333333,1.0886664290950303,Evaluated from europe_ff5.csv (daily),daily,0.0074599295309651,0.9455861635473906,-0.0139711965052069,0.902343401308651,-0.0097888147886827,0.931047338034842
Anglo American,Random Forest,Directional (no uncertainty),0.0,-0.117553824018091,-0.1017710091950867,-0.1412185540909849,-0.1873937017542332,-62.73093648166618,0.82,51.33333333333333,0.6892199086313171,Evaluated from europe_ff5.csv (daily),daily,-0.087849463032571,0.725793444446502,-0.169861191236984,0.5083943718885295,-0.1728029682681166,0.5021643789735843
Anglo American,Random Forest,Uncertainty-adjusted,0.001,-0.0536723299535064,-0.2168442038210173,-0.2967422920803437,-0.1531948041872442,-35.035346164811706,0.332,11.733333333333333,0.8485844239895258,Evaluated from europe_ff5.csv (daily),daily,-0.0762480672821389,0.484539585233419,-0.0974692194263938,0.3913431685922358,-0.0934165617290716,0.4081466187352967
Anglo American,Random Forest,Directional (no uncertainty),0.001,-0.2826688464396187,-0.6070018261805012,-0.8229025723667295,-0.3888718624671975,-72.68945730509434,0.82,51.33333333333333,0.3720440155314554,Evaluated from europe_ff5.csv (daily),daily,-0.2949264648863501,0.2380044641160466,-0.3757194190459911,0.1427871811576408,-0.3788886602815552,0.1404380644484863
Anglo American,Random Forest,Uncertainty-adjusted,0.0025,-0.1654907417488591,-0.9110548465914862,-1.1976661111652949,-0.3067307563683863,-53.95309675111396,0.332,11.733333333333333,0.5836656895641452,Evaluated from europe_ff5.csv (daily),daily,-0.2018100625017951,0.0654391270960633,-0.2227162538081741,0.0512029307958126,-0.218858182139655,0.0536056062917218
Anglo American,Random Forest,Directional (no uncertainty),0.0025,-0.4746753517388986,-1.358352214888711,-1.778819761288654,-0.5360509544528615,-88.55041629827747,0.82,51.33333333333333,0.1472108487576124,Evaluated from europe_ff5.csv (daily),daily,-0.6055419676670197,0.0153554653451242,-0.6845067607595017,0.007579441372954,-0.6880171983017125,0.0074201369582213
Anglo American,Random Forest,Uncertainty-adjusted,0.005,-0.3235965471598986,-2.032925936074516,-2.504957402728976,-0.4352438899934214,-74.3483262142496,0.332,11.733333333333333,0.312363417928189,Evaluated from europe_ff5.csv (daily),daily,-0.4110800545345552,0.0002555062692925,-0.4314613111111412,0.0002276179787797,-0.4279275494906272,0.000228750070324
Anglo American,Random Forest,Directional (no uncertainty),0.005,-0.6880888823614333,-2.5761917382299284,-3.189362239428835,-0.7069871263321569,-97.32693237728849,0.82,51.33333333333333,0.0311989119893525,Evaluated from europe_ff5.csv (daily),daily,-1.123234472301469,7.9428449758551e-06,-1.1991523302820193,3.372705131788354e-06,-1.2032314283353085,3.2971293141290183e-06
Anglo American,Random Walk,Uncertainty-adjusted,0.0,0.0,0.0,0.0,,0.0,0.0,0.0,1.0,Evaluated from europe_ff5.csv (daily),daily,-0.0456216429332644,0.0,-0.0457067713382905,0.0,-0.0456902989650175,0.0
Anglo American,Random Walk,Directional (no uncertainty),0.0,0.0,0.0,0.0,,0.0,0.0,0.0,1.0,Evaluated from europe_ff5.csv (daily),daily,-0.0456216429332644,0.0,-0.0457067713382905,0.0,-0.0456902989650175,0.0
Anglo American,Random Walk,Uncertainty-adjusted,0.001,0.0,0.0,0.0,,0.0,0.0,0.0,1.0,Evaluated from europe_ff5.csv (daily),daily,-0.0456216429332644,0.0,-0.0457067713382905,0.0,-0.0456902989650175,0.0
Anglo American,Random Walk,Directional (no uncertainty),0.001,0.0,0.0,0.0,,0.0,0.0,0.0,1.0,Evaluated from europe_ff5.csv (daily),daily,-0.0456216429332644,0.0,-0.0457067713382905,0.0,-0.0456902989650175,0.0
Anglo American,Random Walk,Uncertainty-adjusted,0.0025,0.0,0.0,0.0,,0.0,0.0,0.0,1.0,Evaluated from europe_ff5.csv (daily),daily,-0.0456216429332644,0.0,-0.0457067713382905,0.0,-0.0456902989650175,0.0
Anglo American,Random Walk,Directional (no uncertainty),0.0025,0.0,0.0,0.0,,0.0,0.0,0.0,1.0,Evaluated from europe_ff5.csv (daily),daily,-0.0456216429332644,0.0,-0.0457067713382905,0.0,-0.0456902989650175,0.0
Anglo American,Random Walk,Uncertainty-adjusted,0.005,0.0,0.0,0.0,,0.0,0.0,0.0,1.0,Evaluated from europe_ff5.csv (daily),daily,-0.0456216429332644,0.0,-0.0457067713382905,0.0,-0.0456902989650175,0.0
Anglo American,Random Walk,Directional (no uncertainty),0.005,0.0,0.0,0.0,,0.0,0.0,0.0,1.0,Evaluated from europe_ff5.csv (daily),daily,-0.0456216429332644,0.0,-0.0457067713382905,0.0,-0.0456902989650175,0.0
Anglo American,Random Walk + Drift,Uncertainty-adjusted,0.0,-0.2352116782436906,-0.4521573470687095,-0.6156719368720657,-0.329163708907417,-71.45735446487144,0.0066666666666666,49.6,0.4501907532275621,Evaluated from europe_ff5.csv (daily),daily,-0.1267601295345185,0.5392800274584402,-0.0253664063675366,0.904292479038294,-0.0197717706359139,0.924506082070575
Anglo American,Random Walk + Drift,Directional (no uncertainty),0.0,-0.2352116782436906,-0.4521573470687095,-0.6156719368720657,-0.329163708907417,-71.45735446487144,0.0066666666666666,49.6,0.4501907532275621,Evaluated from europe_ff5.csv (daily),daily,-0.1267601295345185,0.5392800274584402,-0.0253664063675366,0.904292479038294,-0.0197717706359139,0.924506082070575
Anglo American,Random Walk + Drift,Uncertainty-adjusted,0.001,-0.2364640382809688,-0.4563941802739802,-0.6212615852235197,-0.3304064321581932,-71.56762558658475,0.0066666666666666,49.6,0.448000257802887,Evaluated from europe_ff5.csv (daily),daily,-0.1284070621347783,0.5340834170828845,-0.026781652447929,0.8989987421497061,-0.021183320028356,0.9191476647590257
Anglo American,Random Walk + Drift,Directional (no uncertainty),0.001,-0.2364640382809688,-0.4563941802739802,-0.6212615852235197,-0.3304064321581932,-71.56762558658475,0.0066666666666666,49.6,0.448000257802887,Evaluated from europe_ff5.csv (daily),daily,-0.1284070621347783,0.5340834170828845,-0.026781652447929,0.8989987421497061,-0.021183320028356,0.9191476647590257
Anglo American,Random Walk + Drift,Uncertainty-adjusted,0.0025,-0.2383428254150883,-0.4627379466547735,-0.6296411203427685,-0.332265551130331,-71.7326321083459,0.0066666666666666,49.6,0.4447273730817458,Evaluated from europe_ff5.csv (daily),daily,-0.1308774610351677,0.5263566223035197,-0.0289045215685176,0.8910737501425997,-0.0233006441170193,0.9111232595479294
Anglo American,Random Walk + Drift,Directional (no uncertainty),0.0025,-0.2383428254150883,-0.4627379466547735,-0.6296411203427685,-0.332265551130331,-71.7326321083459,0.0066666666666666,49.6,0.4447273730817458,Evaluated from europe_ff5.csv (daily),daily,-0.1308774610351677,0.5263566223035197,-0.0289045215685176,0.8910737501425997,-0.0233006441170193,0.9111232595479294
Anglo American,Random Walk + Drift,Uncertainty-adjusted,0.005,-0.2414748012024551,-0.4732782719850433,-0.6435933276412968,-0.3353510401558813,-72.00657588245748,0.0066666666666666,49.6,0.4393067696453051,Evaluated from europe_ff5.csv (daily),daily,-0.1349947925358169,0.5136632904007895,-0.0324426367694986,0.8779111759270404,-0.0268295175981248,0.8977887776135804
Anglo American,Random Walk + Drift,Directional (no uncertainty),0.005,-0.2414748012024551,-0.4732782719850433,-0.6435933276412968,-0.3353510401558813,-72.00657588245748,0.0066666666666666,49.6,0.4393067696453051,Evaluated from europe_ff5.csv (daily),daily,-0.1349947925358169,0.5136632904007895,-0.0324426367694986,0.8779111759270404,-0.0268295175981248,0.8977887776135804
Anglo American,Selected ARX,Uncertainty-adjusted,0.0,-0.0248413206502913,0.1422921747022797,0.2027160361576551,-0.0482944505753966,-51.43721556891796,0.0466666666666666,50.4,0.9278675439346256,Evaluated from europe_ff5.csv (daily),daily,0.0800697296342849,0.7039258492414455,0.2187695279738978,0.3222760676100518,0.2279321707282329,0.3030163725740621
Anglo American,Selected ARX,Directional (no uncertainty),0.0,-0.0248413206502913,0.1422921747022797,0.2027160361576551,-0.0482944505753966,-51.43721556891796,0.0466666666666666,50.4,0.9278675439346256,Evaluated from europe_ff5.csv (daily),daily,0.0800697296342849,0.7039258492414455,0.2187695279738978,0.3222760676100518,0.2279321707282329,0.3030163725740621
Anglo American,Selected ARX,Uncertainty-adjusted,0.001,-0.0363049943433678,0.1134462354882615,0.1613754280748953,-0.0700392364016035,-51.83522295302561,0.0466666666666666,50.4,0.8957796974161953,Evaluated from europe_ff5.csv (daily),daily,0.0682423489983543,0.7453213373224721,0.2074477709309754,0.3466532103878034,0.2166919346799996,0.3260207208124364
Anglo American,Selected ARX,Directional (no uncertainty),0.001,-0.0363049943433678,0.1134462354882615,0.1613754280748953,-0.0700392364016035,-51.83522295302561,0.0466666666666666,50.4,0.8957796974161953,Evaluated from europe_ff5.csv (daily),daily,0.0682423489983543,0.7453213373224721,0.2074477709309754,0.3466532103878034,0.2166919346799996,0.3260207208124364
Anglo American,Selected ARX,Uncertainty-adjusted,0.0025,-0.053290068061726,0.0701985415746301,0.0996215510304631,-0.1016449856000514,-52.42764091817544,0.0466666666666666,50.4,0.8496050075634871,Evaluated from europe_ff5.csv (daily),daily,0.0505012780444583,0.8093138778204885,0.190465135366592,0.3857821009093591,0.1998315806076498,0.3630325865568899
Anglo American,Selected ARX,Directional (no uncertainty),0.0025,-0.053290068061726,0.0701985415746301,0.0996215510304631,-0.1016449856000514,-52.42764091817544,0.0466666666666666,50.4,0.8496050075634871,Evaluated from europe_ff5.csv (daily),daily,0.0505012780444583,0.8093138778204885,0.190465135366592,0.3857821009093591,0.1998315806076498,0.3630325865568899
Anglo American,Selected ARX,Uncertainty-adjusted,0.005,-0.0810446829158739,-0.0017270450973022,-0.0024408742513133,-0.1517609984197579,-53.402839833533065,0.0466666666666666,50.4,0.7776015682457643,Evaluated from europe_ff5.csv (daily),daily,0.0209328264546319,0.9198887011687594,0.1621607427592861,0.4578480042759403,0.1717309904870669,0.4314927068355668
Anglo American,Selected ARX,Directional (no uncertainty),0.005,-0.0810446829158739,-0.0017270450973022,-0.0024408742513133,-0.1517609984197579,-53.402839833533065,0.0466666666666666,50.4,0.7776015682457643,Evaluated from europe_ff5.csv (daily),daily,0.0209328264546319,0.9198887011687594,0.1621607427592861,0.4578480042759403,0.1717309904870669,0.4314927068355668
Anglo American,VMD-GRU,Uncertainty-adjusted,0.0,-0.1527040370682724,-0.2021651146999819,-0.2889981165131835,-0.2813636890914071,-54.27283014428461,0.3586666666666667,47.46666666666667,0.6106872608675694,Evaluated from europe_ff5.csv (daily),daily,-0.1896091891181847,0.3616711859728462,-0.1548644764723337,0.4744888803262844,-0.1513975311845453,0.4833237991049691
Anglo American,VMD-GRU,Directional (no uncertainty),0.0,-0.1527040370682724,-0.2021651146999819,-0.2889981165131835,-0.2813636890914071,-54.27283014428461,0.3586666666666667,47.46666666666667,0.6106872608675694,Evaluated from europe_ff5.csv (daily),daily,-0.1896091891181847,0.3616711859728462,-0.1548644764723337,0.4744888803262844,-0.1513975311845453,0.4833237991049691
Anglo American,VMD-GRU,Uncertainty-adjusted,0.001,-0.2264063795970541,-0.422297339605747,-0.5969092213338683,-0.3687064004173096,-61.40560059190799,0.3586666666666667,47.46666666666667,0.465793146305792,Evaluated from europe_ff5.csv (daily),daily,-0.2801223197366304,0.1738296056448249,-0.2447488782696315,0.2536835825587098,-0.2412517049908924,0.2593200207141
Anglo American,VMD-GRU,Directional (no uncertainty),0.001,-0.2264063795970541,-0.422297339605747,-0.5969092213338683,-0.3687064004173096,-61.40560059190799,0.3586666666666667,47.46666666666667,0.465793146305792,Evaluated from europe_ff5.csv (daily),daily,-0.2801223197366304,0.1738296056448249,-0.2447488782696315,0.2536835825587098,-0.2412517049908924,0.2593200207141
Anglo American,VMD-GRU,Uncertainty-adjusted,0.0025,-0.325347685864698,-0.7488276802509825,-1.040551815098072,-0.4641641576654019,-70.09323759531398,0.3586666666666667,47.46666666666667,0.3099627937457069,Evaluated from europe_ff5.csv (daily),daily,-0.4158920156642987,0.0411978853302604,-0.3795754809655781,0.0731282713841291,-0.3760329657004128,0.0751129756028264
Anglo American,VMD-GRU,Directional (no uncertainty),0.0025,-0.325347685864698,-0.7488276802509825,-1.040551815098072,-0.4641641576654019,-70.09323759531398,0.3586666666666667,47.46666666666667,0.3099627937457069,Evaluated from europe_ff5.csv (daily),daily,-0.4158920156642987,0.0411978853302604,-0.3795754809655781,0.0731282713841291,-0.3760329657004128,0.0751129756028264
Anglo American,VMD-GRU,Uncertainty-adjusted,0.005,-0.4634330340728045,-1.278965909611467,-1.727180267162223,-0.5479412394636926,-84.57714088583624,0.3586666666666667,47.46666666666667,0.1567867363880105,Evaluated from europe_ff5.csv (daily),daily,-0.6421748422104125,0.0014417984314823,-0.6042864854588227,0.003842603652545,-0.6006684002162803,0.0039707233192307
Anglo American,VMD-GRU,Directional (no uncertainty),0.005,-0.4634330340728045,-1.278965909611467,-1.727180267162223,-0.5479412394636926,-84.57714088583624,0.3586666666666667,47.46666666666667,0.1567867363880105,Evaluated from europe_ff5.csv (daily),daily,-0.6421748422104125,0.0014417984314823,-0.6042864854588227,0.003842603652545,-0.6006684002162803,0.0039707233192307
Anglo American,VMD-LASSO-ARX/LSTM,Uncertainty-adjusted,0.0,0.0395042454360006,0.4121153470656639,0.6193386012827921,0.2705786280516848,-14.599913422746264,0.1333333333333333,4.0,1.1222204453497775,Evaluated from europe_ff5.csv (daily),daily,-0.0039772087155994,0.9365345801892044,0.0027591986701392,0.9572688428644822,0.002518576061801,0.9607725669076106
Anglo American,VMD-LASSO-ARX/LSTM,Directional (no uncertainty),0.0,0.170516204321345,0.587300621485052,0.8914396939702287,0.396120860891353,-43.04650957731656,0.9213333333333332,52.53333333333333,1.5977331899318714,Evaluated from europe_ff5.csv (daily),daily,0.1900941769139151,0.3974763338803427,0.1618929314954898,0.4884642122692596,0.1652031244814921,0.4789934869236395
Anglo American,VMD-LASSO-ARX/LSTM,Uncertainty-adjusted,0.001,0.0051680966948819,0.1016043966633113,0.1466673318603384,0.0290359066959257,-17.798985060132853,0.1333333333333333,4.0,1.0154599176539518,Evaluated from europe_ff5.csv (daily),daily,-0.0376498907481692,0.459041384782902,-0.031248443999699,0.5489628929853954,-0.0315474296592807,0.5434458822196481
Anglo American,VMD-LASSO-ARX/LSTM,Directional (no uncertainty),0.001,-0.0721399605639904,0.0182297957573819,0.0269165404204793,-0.1286649188623711,-56.06808849050476,0.9213333333333332,52.53333333333333,0.8002425512809673,Evaluated from europe_ff5.csv (daily),daily,-0.0423021001538813,0.8530730769821419,-0.069777772720944,0.768913729524678,-0.0668285360476008,0.7781797736753666
Anglo American,VMD-LASSO-ARX/LSTM,Uncertainty-adjusted,0.0025,-0.0442949287361699,-0.3642169573055713,-0.4964308364135327,-0.1978417117826779,-22.38907474922493,0.1333333333333333,4.0,0.8738565590517057,Evaluated from europe_ff5.csv (daily),daily,-0.088158913797024,0.0988428711423717,-0.0822599080044564,0.1304339044895239,-0.0826464382409032,0.1278047133913246
Anglo American,VMD-LASSO-ARX/LSTM,Directional (no uncertainty),0.0025,-0.3457247773911492,-0.8315941957244674,-1.1783755456236575,-0.4254170195164686,-81.26726518466563,0.9213333333333332,52.53333333333333,0.2829228843822932,Evaluated from europe_ff5.csv (daily),daily,-0.3908965157555761,0.0964273579912629,-0.4172838290455948,0.0876102410406864,-0.4148760268412404,0.0892390402982332
Anglo American,VMD-LASSO-ARX/LSTM,Uncertainty-adjusted,0.005,-0.1215650395710966,-1.117230215407396,-1.3997381147327816,-0.3308682516844787,-36.74122220920217,0.1333333333333333,4.0,0.6799376384769458,Evaluated from europe_ff5.csv (daily),daily,-0.1723406188784486,0.0043299342338009,-0.1672790146790523,0.0061626878912757,-0.1678114525436075,0.0060241450915496
Anglo American,VMD-LASSO-ARX/LSTM,Directional (no uncertainty),0.005,-0.6353539475909613,-2.2174607334641587,-2.937934269965768,-0.6652873100869862,-95.50068638884588,0.9213333333333332,52.53333333333333,0.049664512809548,Evaluated from europe_ff5.csv (daily),daily,-0.971887208425068,9.479522442470236e-05,-0.9964605895866792,0.0001137501834397,-0.9949551781639728,0.0001164794026706
Anglo American,VMD-LSTM,Uncertainty-adjusted,0.0,0.0390255337771499,0.3734844432810395,0.5929065152459156,0.3065894796455253,-12.728921364904854,0.0573333333333333,3.333333333333333,1.1206830378287804,Evaluated from europe_ff5.csv (daily),daily,-0.007568553204288,0.9016369026969384,0.00412831371535,0.9498781411010242,0.0060828755276364,0.9278650853763272
Anglo American,VMD-LSTM,Directional (no uncertainty),0.0,-0.0854613707766438,-0.0152640112191542,-0.022040094534044,-0.1755354431091761,-48.68610536020935,0.3666666666666666,48.4,0.7665313538554802,Evaluated from europe_ff5.csv (daily),daily,-0.0809363281955922,0.7139661337408246,-0.0463576328833064,0.8400483093053,-0.0463755526737518,0.8406880874029995
Anglo American,VMD-LSTM,Uncertainty-adjusted,0.001,0.0241194024426323,0.2554005919517643,0.399591583731642,0.1843153488395559,-13.08594351717716,0.0573333333333333,3.333333333333333,1.0735081346251767,Evaluated from europe_ff5.csv (daily),daily,-0.0220642235869874,0.7154656839693193,-0.0105376259149578,0.8711344156972078,-0.0085934094579347,0.8971890008418301
Anglo American,VMD-LSTM,Directional (no uncertainty),0.001,-0.1663648686483549,-0.2413866930295726,-0.3447594063959842,-0.3088995045222074,-53.85727921632023,0.3666666666666666,48.4,0.5818480045083286,Evaluated from europe_ff5.csv (daily),daily,-0.1733604209586842,0.4241137105063031,-0.1387819505407637,0.5386356180047774,-0.1390040924094861,0.5398895168405086
Anglo American,VMD-LSTM,Uncertainty-adjusted,0.0025,0.0021330048742727,0.0780968329974845,0.1194837951667546,0.0156614935698522,-13.619421830741937,0.0573333333333333,3.333333333333333,1.0063616176817038,Evaluated from europe_ff5.csv (daily),daily,-0.0438077291610367,0.4631489755681227,-0.0325365353604197,0.6119299935559608,-0.0306078369362915,0.6414156299522445
Anglo American,VMD-LSTM,Directional (no uncertainty),0.0025,-0.2747537763795801,-0.578918256208853,-0.8131387591486783,-0.4003042608792391,-68.63623579127123,0.3666666666666666,48.4,0.3843954183861429,Evaluated from europe_ff5.csv (daily),daily,-0.311996560103322,0.140083874432151,-0.2774184270269494,0.2077545852990333,-0.2779469020130869,0.2091824459085453
Anglo American,VMD-LSTM,Uncertainty-adjusted,0.005,-0.033537274774419,-0.2152180731652671,-0.3170235101961946,-0.2312422511213868,-14.50309128707374,0.0573333333333333,3.333333333333333,0.9034581950777416,Evaluated from europe_ff5.csv (daily),daily,-0.0800469051177854,0.1750604809168369,-0.0692013844361896,0.2753747467119135,-0.0672985494002196,0.3011520584130356
Anglo American,VMD-LSTM,Directional (no uncertainty),0.005,-0.4255380100443906,-1.1321715829504766,-1.5457245460216469,-0.5092461688259503,-83.5623390207243,0.3666666666666666,48.4,0.1920948708009309,Evaluated from europe_ff5.csv (daily),daily,-0.5430567920110517,0.0076808156780761,-0.5084792211705925,0.0166845280577164,-0.5095182513524221,0.0170725949632064
Anglo American,XGBoost,Uncertainty-adjusted,0.0,0.0331968155348236,0.5045318716297861,0.7739235179708733,0.3805720153453389,-8.722873515726109,0.0306666666666666,1.4666666666666666,1.1020758480588464,Evaluated from europe_ff5.csv (daily),daily,-0.0099112300857401,0.7987677632878384,-0.0063992697097345,0.8691807984886111,-0.0058212432798021,0.8822841920984077
Anglo American,XGBoost,Directional (no uncertainty),0.0,-0.0286349296707445,0.1333660648069145,0.1859339528035957,-0.0608936120847298,-47.02452144060813,0.7773333333333333,52.0,0.917165826252915,Evaluated from europe_ff5.csv (daily),daily,0.0081003286469438,0.9739451962922192,-0.014826267760625,0.9532618776429715,-0.0153285995272946,0.9517849291019131
Anglo American,XGBoost,Uncertainty-adjusted,0.001,0.025246665290981,0.393836246246979,0.5923790305434572,0.2722193007825082,-9.274384739953504,0.0306666666666666,1.4666666666666666,1.077028704089202,Evaluated from europe_ff5.csv (daily),daily,-0.0176571371719824,0.6453792570720184,-0.0143323828025983,0.7087442836722168,-0.0138033431625656,0.7220951051062745
Anglo American,XGBoost,Directional (no uncertainty),0.001,-0.2016131678079277,-0.3463197600398714,-0.4732639882881711,-0.3203889515884373,-62.92762806219183,0.7773333333333333,52.0,0.5116445468461515,Evaluated from europe_ff5.csv (daily),daily,-0.1877226182560171,0.4471707454265827,-0.2114296620283546,0.4014451247469437,-0.2118064173074614,0.4016796966289039
Anglo American,XGBoost,Uncertainty-adjusted,0.0025,0.0134212974283753,0.2266447823227826,0.3308978659262946,0.1297085308010052,-10.347274265997145,0.0306666666666666,1.4666666666666666,1.0404763734649127,Evaluated from europe_ff5.csv (daily),daily,-0.0292759978013459,0.440378664550372,-0.026232052441894,0.4901623749902873,-0.0257764929867108,0.5023322837786972
Anglo American,XGBoost,Directional (no uncertainty),0.0025,-0.4055173961820112,-1.0623738955445088,-1.4085868255557534,-0.4967694861989196,-81.63089872626182,0.7773333333333333,52.0,0.212713518227853,Evaluated from europe_ff5.csv (daily),daily,-0.481457038610458,0.0503944804786788,-0.5063347534299492,0.0438538642255763,-0.5065231439777117,0.044289349276009
Anglo American,XGBoost,Uncertainty-adjusted,0.005,-0.006023893219728,-0.0507570344747062,-0.0705446917230492,-0.0492629679769257,-12.22803551452603,0.0306666666666666,1.4666666666666666,0.9821782493861956,Evaluated from europe_ff5.csv (daily),daily,-0.0486407655169516,0.2023960059134107,-0.0460648351740535,0.2308203270804865,-0.0457317426936196,0.2383949076983282
Anglo American,XGBoost,Directional (no uncertainty),0.005,-0.6370710582216643,-2.230047877198793,-2.8115035601358582,-0.6677170262251304,-95.41033599566572,0.7773333333333333,52.0,0.0489717073195378,Evaluated from europe_ff5.csv (daily),daily,-0.9710144058678604,8.152210600392718e-05,-0.9978432390992736,7.405201313366023e-05,-0.9977176884281294,7.753409024369512e-05
BHP Group,ARIMA,Uncertainty-adjusted,0.0,0.147656839458697,1.5032602775349229,2.9574046361204944,2.656782450455636,-5.5577316627251125,0.1266666666666666,5.066666666666666,1.506648873489034,Evaluated from developed_ex_us_ff5.csv (daily),daily,0.1076687597841827,0.0279782826434861,0.1092446196963208,0.0417668475164039,0.1077559907582886,0.042367977893999
BHP Group,ARIMA,Directional (no uncertainty),0.0,0.1335594125313708,0.6188356479285728,0.9093962099440732,0.4430332502072929,-30.14658887766981,1.012,49.86666666666667,1.4522338979834506,Evaluated from developed_ex_us_ff5.csv (daily),daily,0.1429241980767986,0.2891358142034772,0.1336353722687434,0.3566748879660164,0.1296995509983323,0.3666496817584991
BHP Group,ARIMA,Uncertainty-adjusted,0.001,0.1118055807218993,1.1892048461373523,2.244438517022468,1.6486158649954752,-6.781784835135397,0.1266666666666666,5.066666666666666,1.3708521703772338,Evaluated from developed_ex_us_ff5.csv (daily),daily,0.0756335146894581,0.1066026912770882,0.078077793061747,0.1301376945103472,0.0766025662708096,0.1332658155728941
BHP Group,ARIMA,Directional (no uncertainty),0.001,-0.1217022507540098,-0.3803690227618949,-0.53226519572117,-0.2314315598475587,-52.58671325301256,1.012,49.86666666666667,0.6796215980272634,Evaluated from developed_ex_us_ff5.csv (daily),daily,-0.1114615628077967,0.4276658680926281,-0.1197703164680946,0.4263379974445049,-0.1237424117100725,0.40695426147845
BHP Group,ARIMA,Uncertainty-adjusted,0.0025,0.0600495991765899,0.689364210587805,1.2139901722099675,0.5642255000408253,-10.642836804122634,0.1266666666666666,5.066666666666666,1.1895304234434123,Evaluated from developed_ex_us_ff5.csv (daily),daily,0.0275806470473713,0.5349701783690375,0.0313275531098863,0.5236363373620667,0.029872429539591,0.5387075993694628
BHP Group,ARIMA,Directional (no uncertainty),0.0025,-0.4015589789861128,-1.8616440786543973,-2.424809559026626,-0.4833948617016061,-83.07059317357624,1.012,49.86666666666667,0.2169567072886022,Evaluated from developed_ex_us_ff5.csv (daily),daily,-0.49304020413469,0.0009851198112121,-0.499878849573352,0.0017306020496325,-0.50390535577268,0.0014437461635259
BHP Group,ARIMA,Uncertainty-adjusted,0.005,-0.0210800984528956,-0.1972301733108702,-0.3069746520122863,-0.0987169043977121,-21.35409186654373,0.1266666666666666,5.066666666666666,0.9385594338265604,Evaluated from developed_ex_us_ff5.csv (daily),daily,-0.05250746568944,0.2201092603758855,-0.046589513476548,0.3218317620915132,-0.0480111316791066,0.3027488519666724
BHP Group,ARIMA,Directional (no uncertainty),0.005,-0.6850786063672554,-4.197443967801547,-4.895874328918892,-0.7032771344771954,-97.41232478381818,1.012,49.86666666666667,0.0321036240931263,Evaluated from developed_ex_us_ff5.csv (daily),daily,-1.1290046063461785,1.0723552867314824e-11,-1.133393071415447,1.1704724785957752e-10,-1.1375102625436926,7.066148887081099e-11
BHP Group,CEEMDAN-LSTM,Uncertainty-adjusted,0.0,0.0280057195437262,0.25176964336414,0.3650964185064464,0.1440205712894213,-19.44563842025483,0.1533333333333333,16.0,1.0856778689098838,Evaluated from developed_ex_us_ff5.csv (daily),daily,-0.0267939806534203,0.7694840445610327,0.0056416967472065,0.954753982259816,0.0062098706366948,0.9496398700285272
BHP Group,CEEMDAN-LSTM,Directional (no uncertainty),0.0,-0.1092862842524464,-0.3256571362090979,-0.4513731634517091,-0.2172723014709764,-50.299225217644725,0.2706666666666666,48.66666666666667,0.7086162879888556,Evaluated from developed_ex_us_ff5.csv (daily),daily,-0.1633169719737299,0.2557575043544033,-0.1489714138874102,0.3259984911324635,-0.1477655514766132,0.3271852258132859
BHP Group,CEEMDAN-LSTM,Uncertainty-adjusted,0.001,-0.01102965341382,0.012326474836083,0.0176593051954939,-0.0490308199332979,-22.495347678918822,0.1533333333333333,16.0,0.967530119469448,Evaluated from developed_ex_us_ff5.csv (daily),daily,-0.0652789228791205,0.4711447503241556,-0.0336807697709104,0.7325645989615691,-0.0331246433862053,0.7339805323457187
BHP Group,CEEMDAN-LSTM,Directional (no uncertainty),0.001,-0.1683472483996794,-0.5897200180699296,-0.8066409192288769,-0.2966717170849983,-56.74529748026061,0.2706666666666666,48.66666666666667,0.5777397224601889,Evaluated from developed_ex_us_ff5.csv (daily),daily,-0.2313766526662092,0.1019337014640246,-0.2168393221892702,0.147148977126032,-0.2155122478080582,0.1472480501148593
BHP Group,CEEMDAN-LSTM,Uncertainty-adjusted,0.0025,-0.066890243354953,-0.3436963291524814,-0.4829192172208723,-0.2415595328458186,-27.69099714961257,0.1533333333333333,16.0,0.813793241498427,Evaluated from developed_ex_us_ff5.csv (daily),daily,-0.1230063362176705,0.1697798920547236,-0.092664469548086,0.3420504741385832,-0.0921264144205557,0.3396252899668168
BHP Group,CEEMDAN-LSTM,Directional (no uncertainty),0.0025,-0.2498719260623,-0.9774286607769164,-1.3105183564872778,-0.3850121437567083,-64.89975189463004,0.2706666666666666,48.66666666666667,0.4249905023669599,Evaluated from developed_ex_us_ff5.csv (daily),daily,-0.333466173704928,0.0163239521664255,-0.3186411846420602,0.0303639217559632,-0.3171322923052258,0.0301166757583726
BHP Group,CEEMDAN-LSTM,Uncertainty-adjusted,0.005,-0.1532358269271969,-0.9217005367066324,-1.2512067904897473,-0.3536013145792393,-43.33576279532127,0.1533333333333333,16.0,0.6095472338687725,Evaluated from developed_ex_us_ff5.csv (daily),daily,-0.2192186917819208,0.0134527865870547,-0.1909706358433785,0.0479412807597579,-0.1904626994778063,0.0462941486057075
BHP Group,CEEMDAN-LSTM,Directional (no uncertainty),0.005,-0.3688161665585899,-1.5918718771596736,-2.063284430601922,-0.4848814806794639,-76.06315795805774,0.2706666666666666,48.66666666666667,0.2542294124895344,Evaluated from developed_ex_us_ff5.csv (daily),daily,-0.5036153754361263,0.0002267818876235,-0.4883109553967098,0.0007667518122716,-0.4864990331338384,0.0007379579814489
BHP Group,Dynamic Selected,Uncertainty-adjusted,0.0,0.1260129339451787,0.7067814024696096,1.0787572628821778,0.5857591713605387,-21.5127547473972,0.372,29.6,1.423648955724118,Evaluated from developed_ex_us_ff5.csv (daily),daily,0.1020576531065028,0.3434596413520188,0.1025192559900019,0.3615538169280554,0.105960651635807,0.342372603251341
BHP Group,Dynamic Selected,Directional (no uncertainty),0.0,0.0820372755627119,0.4374135851753858,0.6466508386900743,0.2507105365369148,-32.72190977527292,0.7026666666666667,48.13333333333333,1.264478285290743,Evaluated from developed_ex_us_ff5.csv (daily),daily,0.0809612101642537,0.5472143102833226,0.0438230062843021,0.7595744471908193,0.0459136136776027,0.7468697328892759
BHP Group,Dynamic Selected,Uncertainty-adjusted,0.001,0.0252285260986697,0.2250143388079918,0.3342789377557567,0.0854344439155706,-29.52968959873079,0.372,29.6,1.076971992738894,Evaluated from developed_ex_us_ff5.csv (daily),daily,0.0081704086137864,0.9391370190858216,0.0065270457379558,0.9532426145257972,0.0100656044127622,0.927420847758021
BHP Group,Dynamic Selected,Directional (no uncertainty),0.001,-0.093566401875944,-0.2607182289889345,-0.3713273914841311,-0.190052346585146,-49.231910869369344,0.7026666666666667,48.13333333333333,0.7464896560130534,Evaluated from developed_ex_us_ff5.csv (daily),daily,-0.095948148243054,0.4796728715293532,-0.1348892422305464,0.350924716863299,-0.1327577457593223,0.3555668875042156
BHP Group,Dynamic Selected,Uncertainty-adjusted,0.0025,-0.1095366573185814,-0.4931994960639878,-0.7029382348736563,-0.2329210284858318,-47.02738006553339,0.372,29.6,0.7080236347095513,Evaluated from developed_ex_us_ff5.csv (daily),daily,-0.1326604581252882,0.2157604516762963,-0.1374612696401132,0.2155733645321083,-0.1337769664218049,0.2243538326434538
BHP Group,Dynamic Selected,Directional (no uncertainty),0.0025,-0.3054745069907383,-1.3003148087957466,-1.7530053637627592,-0.4200654256481553,-72.7206973816984,0.7026666666666667,48.13333333333333,0.3379355672379379,Evaluated from developed_ex_us_ff5.csv (daily),daily,-0.3613121858540158,0.009398355293863,-0.4029576150028192,0.0065244387151787,-0.4007647849147102,0.0065123817104595
BHP Group,Dynamic Selected,Uncertainty-adjusted,0.005,-0.2964663453067289,-1.645183921108675,-2.1884416727442355,-0.4227736427208807,-70.12413153259386,0.372,29.6,0.3511484103698304,Evaluated from developed_ex_us_ff5.csv (daily),daily,-0.3673785693570793,0.0009049874347387,-0.3774417952702282,0.0009115522420161,-0.3735145844794168,0.0009244442865578
BHP Group,Dynamic Selected,Directional (no uncertainty),0.005,-0.5551972553690092,-2.955154449584109,-3.655278995792842,-0.6007913856811194,-92.41098800702343,0.7026666666666667,48.13333333333333,0.089717949738105,Evaluated from developed_ex_us_ff5.csv (daily),daily,-0.8035855818722849,6.13150775044863e-08,-0.8497382362899404,6.792600218067897e-08,-0.8474431835070231,6.425209092281172e-08
BHP Group,Elastic Net,Uncertainty-adjusted,0.0,-0.0193708773303346,0.0509130719589518,0.0723824219236348,-0.041380661166495,-46.81142539602233,0.012,49.86666666666667,0.9434450870428792,Evaluated from developed_ex_us_ff5.csv (daily),daily,0.0248810928514643,0.8492395498492857,0.1096141052211508,0.4286096793271265,0.115790861222232,0.3916325487994025
BHP Group,Elastic Net,Directional (no uncertainty),0.0,-0.0193708773303346,0.0509130719589518,0.0723824219236348,-0.041380661166495,-46.81142539602233,0.012,49.86666666666667,0.9434450870428792,Evaluated from developed_ex_us_ff5.csv (daily),daily,0.0248810928514643,0.8492395498492857,0.1096141052211508,0.4286096793271265,0.115790861222232,0.3916325487994025
BHP Group,Elastic Net,Uncertainty-adjusted,0.001,-0.0224041515116253,0.0390267655160696,0.0554175348696278,-0.0478604343321898,-46.81142539602243,0.012,49.86666666666667,0.9347863176121396,Evaluated from developed_ex_us_ff5.csv (daily),daily,0.0217301196865988,0.8680896593744747,0.1065771141327747,0.4410406839559811,0.1127946113926763,0.4033430556833357
BHP Group,Elastic Net,Directional (no uncertainty),0.001,-0.0224041515116253,0.0390267655160696,0.0554175348696278,-0.0478604343321898,-46.81142539602243,0.012,49.86666666666667,0.9347863176121396,Evaluated from developed_ex_us_ff5.csv (daily),daily,0.0217301196865988,0.8680896593744747,0.1065771141327747,0.4410406839559811,0.1127946113926763,0.4033430556833357
BHP Group,Elastic Net,Uncertainty-adjusted,0.0025,-0.026947473958488,0.0212417075332716,0.0301067152440764,-0.0575660188309024,-46.81142539602234,0.012,49.86666666666667,0.9219159371030382,Evaluated from developed_ex_us_ff5.csv (daily),daily,0.0170036599393006,0.896562416306948,0.1020216275002106,0.4602334370527857,0.1083002366483427,0.4214810772981621
BHP Group,Elastic Net,Directional (no uncertainty),0.0025,-0.026947473958488,0.0212417075332716,0.0301067152440764,-0.0575660188309024,-46.81142539602234,0.012,49.86666666666667,0.9219159371030382,Evaluated from developed_ex_us_ff5.csv (daily),daily,0.0170036599393006,0.896562416306948,0.1020216275002106,0.4602334370527857,0.1083002366483427,0.4214810772981621
BHP Group,Elastic Net,Uncertainty-adjusted,0.005,-0.0345020904191571,-0.0082571330097129,-0.011663772774544,-0.073385108156473,-47.0151114931809,0.012,49.86666666666667,0.90077656080514,Evaluated from developed_ex_us_ff5.csv (daily),daily,0.0091262270271369,0.9443828514045964,0.0944291497792704,0.4936480540792685,0.1008096120744534,0.4532241153040183
BHP Group,Elastic Net,Directional (no uncertainty),0.005,-0.0345020904191571,-0.0082571330097129,-0.011663772774544,-0.073385108156473,-47.0151114931809,0.012,49.86666666666667,0.90077656080514,Evaluated from developed_ex_us_ff5.csv (daily),daily,0.0091262270271369,0.9443828514045964,0.0944291497792704,0.4936480540792685,0.1008096120744534,0.4532241153040183
BHP Group,GRU,Uncertainty-adjusted,0.0,0.0166047377773981,0.24512498112479,0.3573877737140523,0.1313170399146068,-12.644770083300608,0.0186666666666666,1.4666666666666666,1.0502340613134296,Evaluated from developed_ex_us_ff5.csv (daily),daily,-0.0282010834252621,0.6253180446615119,-0.0044924948268182,0.9441934255707528,-0.0030438411698623,0.9617921633011794
BHP Group,GRU,Directional (no uncertainty),0.0,-0.1036988845767559,-0.3010683574329573,-0.4153737102191813,-0.2020300285561479,-51.32845118018486,0.548,48.4,0.721927956000582,Evaluated from developed_ex_us_ff5.csv (daily),daily,-0.1541502628170128,0.2882328399020201,-0.1544912381830578,0.3250993705528694,-0.1534631904537459,0.3269159186376427
BHP Group,GRU,Uncertainty-adjusted,0.001,0.0118348596527679,0.1867541353726202,0.2688412497589116,0.0891750675187857,-13.271489421945027,0.0186666666666666,1.4666666666666666,1.0356362769621723,Evaluated from developed_ex_us_ff5.csv (daily),daily,-0.0331224348217982,0.5635489671469656,-0.0091509893669982,0.8856475934599423,-0.0076943300815061,0.902774727843227
BHP Group,GRU,Directional (no uncertainty),0.001,-0.2197541585706365,-0.83630141365828,-1.123500597750184,-0.3420318057839105,-64.24962674654682,0.548,48.4,0.4778155787756232,Evaluated from developed_ex_us_ff5.csv (daily),daily,-0.2922144830066068,0.0397257234973361,-0.2923150713736312,0.0582985523041901,-0.2912294798171157,0.0585135472867208
BHP Group,GRU,Uncertainty-adjusted,0.0025,0.0047130959209324,0.0989245844636026,0.1397035024006873,0.0323446738474093,-14.571474559203192,0.0186666666666666,1.4666666666666666,1.0140924952700183,Evaluated from developed_ex_us_ff5.csv (daily),daily,-0.0405044619166023,0.4761315998658572,-0.0161387311772683,0.7974789533601607,-0.0146700634489716,0.8136711493010682
BHP Group,GRU,Directional (no uncertainty),0.0025,-0.3666108969903159,-1.6167282189117846,-2.089582870969833,-0.4578243727573468,-80.07675405796378,0.548,48.4,0.256882128460434,Evaluated from developed_ex_us_ff5.csv (daily),daily,-0.4993108132909978,0.0003051342177144,-0.4990508211594915,0.0009671787191152,-0.4978789138621703,0.0009631028844266
BHP Group,GRU,Uncertainty-adjusted,0.005,-0.007068764353067,-0.0471419263019843,-0.0645025343029114,-0.0423299718280091,-16.6991945607432,0.0186666666666666,1.4666666666666666,0.9791086150498997,Evaluated from developed_ex_us_ff5.csv (daily),daily,-0.0528078404079425,0.3481874411834311,-0.0277849675277183,0.6534579052327691,-0.0262962857280809,0.667592917203989
BHP Group,GRU,Directional (no uncertainty),0.005,-0.5531868554074819,-2.8271188248171497,-3.4395656453451067,-0.5968028989232412,-92.69171721611072,0.548,48.4,0.0909302023564282,Evaluated from developed_ex_us_ff5.csv (daily),daily,-0.8444713637649836,3.1355435559448243e-10,-0.8436104041359254,1.246202194025006e-08,-0.8422946372705946,1.2182373984579704e-08
BHP Group,Histogram Gradient Boosting,Uncertainty-adjusted,0.0,0.0813025453181908,0.7030722327768922,1.0639324242666153,0.642973694124842,-12.644770083300614,0.2013333333333333,8.4,1.2619246058847386,Evaluated from developed_ex_us_ff5.csv (daily),daily,0.03205355848874,0.6735855762535781,0.0426443641115451,0.59040728500739,0.0435069707560607,0.5804633799734493
BHP Group,Histogram Gradient Boosting,Directional (no uncertainty),0.0,0.1670101523931852,0.7330999349258214,1.0752360265380143,0.6130477193795323,-27.242602347859123,0.82,51.6,1.583532158579191,Evaluated from developed_ex_us_ff5.csv (daily),daily,0.1247147396047177,0.3875347642341058,0.1593411867380705,0.2921932297547865,0.1601414356536457,0.2841086148747843
BHP Group,Histogram Gradient Boosting,Uncertainty-adjusted,0.001,0.0278144242373266,0.2863177236855023,0.4205297889425529,0.1751448162981335,-15.880814987970057,0.2013333333333333,8.4,1.0850767081352666,Evaluated from developed_ex_us_ff5.csv (daily),daily,-0.0188132870627952,0.8031763088277987,-0.0069185672308737,0.9300560804292868,-0.0060203592929621,0.938727882603374
BHP Group,Histogram Gradient Boosting,Directional (no uncertainty),0.001,-0.0512411971270487,-0.0766316710651328,-0.1079706546895852,-0.1127846682175324,-45.432768422227184,0.82,51.6,0.8550890881352595,Evaluated from developed_ex_us_ff5.csv (daily),daily,-0.0819098547074832,0.5752210790296934,-0.0460964956613409,0.7639690081794246,-0.0451714740093227,0.7659952714551713
BHP Group,Histogram Gradient Boosting,Uncertainty-adjusted,0.0025,-0.0475959550244234,-0.3371681993142114,-0.473183323606191,-0.1703329394874492,-27.94289534816049,0.2013333333333333,8.4,0.8649040885823797,Evaluated from developed_ex_us_ff5.csv (daily),daily,-0.095113555390098,0.2069606252553161,-0.081262964244502,0.3033434325397651,-0.0803113543664964,0.3060603467636973
BHP Group,Histogram Gradient Boosting,Directional (no uncertainty),0.0025,-0.305073283404619,-1.2636074827040582,-1.680071217955912,-0.4231513484926894,-72.09554796205255,0.82,51.6,0.3385169213760758,Evaluated from developed_ex_us_ff5.csv (daily),daily,-0.3918467461757848,0.0090584666238569,-0.3542530192604581,0.0249912216682288,-0.3531408385037757,0.0239301704035231
BHP Group,Histogram Gradient Boosting,Uncertainty-adjusted,0.005,-0.1614175420011625,-1.342171217355106,-1.7506691882040235,-0.3344572114479019,-48.26253896645502,0.2013333333333333,8.4,0.5921853492432517,Evaluated from developed_ex_us_ff5.csv (daily),daily,-0.2222806692689361,0.0040384465110822,-0.2051702926005492,0.0114139406897887,-0.2041296794890536,0.0113733398497162
BHP Group,Histogram Gradient Boosting,Directional (no uncertainty),0.005,-0.5872674822788817,-3.1086668088053635,-3.780004812415864,-0.6263188538132012,-93.76493757188308,0.82,51.6,0.071805350387623,Evaluated from developed_ex_us_ff5.csv (daily),daily,-0.9084082319562878,1.2865428998073097e-08,-0.867847225258987,2.551159011593911e-07,-0.8664231126611973,2.094963723224227e-07
BHP Group,LASSO,Uncertainty-adjusted,0.0,-0.0193708773303346,0.0509130719589518,0.0723824219236348,-0.041380661166495,-46.81142539602233,0.012,49.86666666666667,0.9434450870428792,Evaluated from developed_ex_us_ff5.csv (daily),daily,0.0248810928514643,0.8492395498492857,0.1096141052211508,0.4286096793271265,0.115790861222232,0.3916325487994025
BHP Group,LASSO,Directional (no uncertainty),0.0,-0.0193708773303346,0.0509130719589518,0.0723824219236348,-0.041380661166495,-46.81142539602233,0.012,49.86666666666667,0.9434450870428792,Evaluated from developed_ex_us_ff5.csv (daily),daily,0.0248810928514643,0.8492395498492857,0.1096141052211508,0.4286096793271265,0.115790861222232,0.3916325487994025
BHP Group,LASSO,Uncertainty-adjusted,0.001,-0.0224041515116253,0.0390267655160696,0.0554175348696278,-0.0478604343321898,-46.81142539602243,0.012,49.86666666666667,0.9347863176121396,Evaluated from developed_ex_us_ff5.csv (daily),daily,0.0217301196865988,0.8680896593744747,0.1065771141327747,0.4410406839559811,0.1127946113926763,0.4033430556833357
BHP Group,LASSO,Directional (no uncertainty),0.001,-0.0224041515116253,0.0390267655160696,0.0554175348696278,-0.0478604343321898,-46.81142539602243,0.012,49.86666666666667,0.9347863176121396,Evaluated from developed_ex_us_ff5.csv (daily),daily,0.0217301196865988,0.8680896593744747,0.1065771141327747,0.4410406839559811,0.1127946113926763,0.4033430556833357
BHP Group,LASSO,Uncertainty-adjusted,0.0025,-0.026947473958488,0.0212417075332716,0.0301067152440764,-0.0575660188309024,-46.81142539602234,0.012,49.86666666666667,0.9219159371030382,Evaluated from developed_ex_us_ff5.csv (daily),daily,0.0170036599393006,0.896562416306948,0.1020216275002106,0.4602334370527857,0.1083002366483427,0.4214810772981621
BHP Group,LASSO,Directional (no uncertainty),0.0025,-0.026947473958488,0.0212417075332716,0.0301067152440764,-0.0575660188309024,-46.81142539602234,0.012,49.86666666666667,0.9219159371030382,Evaluated from developed_ex_us_ff5.csv (daily),daily,0.0170036599393006,0.896562416306948,0.1020216275002106,0.4602334370527857,0.1083002366483427,0.4214810772981621
BHP Group,LASSO,Uncertainty-adjusted,0.005,-0.0345020904191571,-0.0082571330097129,-0.011663772774544,-0.073385108156473,-47.0151114931809,0.012,49.86666666666667,0.90077656080514,Evaluated from developed_ex_us_ff5.csv (daily),daily,0.0091262270271369,0.9443828514045964,0.0944291497792704,0.4936480540792685,0.1008096120744534,0.4532241153040183
BHP Group,LASSO,Directional (no uncertainty),0.005,-0.0345020904191571,-0.0082571330097129,-0.011663772774544,-0.073385108156473,-47.0151114931809,0.012,49.86666666666667,0.90077656080514,Evaluated from developed_ex_us_ff5.csv (daily),daily,0.0091262270271369,0.9443828514045964,0.0944291497792704,0.4936480540792685,0.1008096120744534,0.4532241153040183
BHP Group,LSTM,Uncertainty-adjusted,0.0,-0.0153211082450663,-0.1339822276365583,-0.1827346124213955,-0.099066164853961,-15.465530807266116,0.0266666666666666,1.866666666666667,0.955088324982868,Evaluated from developed_ex_us_ff5.csv (daily),daily,-0.0593333004097464,0.329576019474997,-0.0398021448565359,0.5615490722519071,-0.0383977952198134,0.5708293067444987
BHP Group,LSTM,Directional (no uncertainty),0.0,-0.1201764586255595,-0.3739019765892449,-0.5196980013353356,-0.2220093522461592,-54.13125952113516,0.4146666666666667,47.2,0.6831414691120303,Evaluated from developed_ex_us_ff5.csv (daily),daily,-0.1562267579497493,0.3096767281763041,-0.1423841108330084,0.3860059425521199,-0.1391006920896956,0.3908392645979267
BHP Group,LSTM,Uncertainty-adjusted,0.001,-0.0219486454158498,-0.2104800518860272,-0.2844056136914315,-0.1300603288643999,-16.87574190184723,0.0266666666666666,1.866666666666667,0.9360832216637034,Evaluated from developed_ex_us_ff5.csv (daily),daily,-0.0661759169705381,0.2762189650270664,-0.0461415488808988,0.5001297143439245,-0.0447133237721393,0.5082035378431375
BHP Group,LSTM,Directional (no uncertainty),0.001,-0.2077713362974568,-0.7798265238266296,-1.064242908255957,-0.3267042181041033,-63.59615970163296,0.4146666666666667,47.2,0.4999884534456719,Evaluated from developed_ex_us_ff5.csv (daily),daily,-0.2604862001645613,0.0829086056985607,-0.2451262290625857,0.127698474236878,-0.2418042506839673,0.1277888415593482
BHP Group,LSTM,Uncertainty-adjusted,0.0025,-0.0318187487122938,-0.3236001369880743,-0.4310604512256663,-0.1654964315781817,-19.22624458356519,0.0266666666666666,1.866666666666667,0.9082478323137076,Evaluated from developed_ex_us_ff5.csv (daily),daily,-0.0764398418117256,0.2085178194196166,-0.0556506549174432,0.4153973608739466,-0.0541866166006281,0.4216551423828156
BHP Group,LSTM,Directional (no uncertainty),0.0025,-0.3233542039808504,-1.3756598122320909,-1.826037098978692,-0.4215254189323663,-76.71048754303773,0.4146666666666667,47.2,0.3126966137999276,Evaluated from developed_ex_us_ff5.csv (daily),daily,-0.4168753634867794,0.0041436157347514,-0.399239406406951,0.0107210037788584,-0.3958595885753748,0.0103179889301081
BHP Group,LSTM,Uncertainty-adjusted,0.005,-0.0480805441323837,-0.5064229396639335,-0.65858237854557,-0.2090057793743854,-23.00440890979314,0.0266666666666666,1.866666666666667,0.8635950190051823,Evaluated from developed_ex_us_ff5.csv (daily),daily,-0.0935463832137048,0.1258816990406427,-0.0714991649783506,0.2960196545183816,-0.0699754379814428,0.2995178864047677
BHP Group,LSTM,Directional (no uncertainty),0.005,-0.4803008153774812,-2.312996864951482,-2.93061735626936,-0.5397206004603248,-88.99063978062635,0.4146666666666667,47.2,0.1425686098739695,Evaluated from developed_ex_us_ff5.csv (daily),daily,-0.6775239690238098,1.08328020874338e-06,-0.6560947019808938,1.31406637388113e-05,-0.6526184850610542,1.1064306681234073e-05
BHP Group,LightGBM,Uncertainty-adjusted,0.0,0.3003785484022598,1.15920211690294,1.7294012444558384,1.3559695931586715,-22.15230709580598,0.852,52.93333333333333,2.185211322909858,Evaluated from developed_ex_us_ff5.csv (daily),daily,0.2353714006128847,0.1185639370926631,0.2590585667353584,0.0888581445990803,0.2596131184876803,0.0863163947836775
BHP Group,LightGBM,Directional (no uncertainty),0.0,0.3003785484022598,1.15920211690294,1.7294012444558384,1.3559695931586715,-22.15230709580598,0.852,52.93333333333333,2.185211322909858,Evaluated from developed_ex_us_ff5.csv (daily),daily,0.2353714006128847,0.1185639370926631,0.2590585667353584,0.0888581445990803,0.2596131184876803,0.0863163947836775
BHP Group,LightGBM,Uncertainty-adjusted,0.001,0.048893935540961,0.3144438737542069,0.4511731191616699,0.1584000898605683,-30.867366037481347,0.852,52.93333333333333,1.1526597133259195,Evaluated from developed_ex_us_ff5.csv (daily),daily,0.020739835749354,0.8906084403728634,0.0448010853393051,0.7690894049251874,0.0452078611949546,0.7658147181951794
BHP Group,LightGBM,Directional (no uncertainty),0.001,0.048893935540961,0.3144438737542069,0.4511731191616699,0.1584000898605683,-30.867366037481347,0.852,52.93333333333333,1.1526597133259195,Evaluated from developed_ex_us_ff5.csv (daily),daily,0.020739835749354,0.8906084403728634,0.0448010853393051,0.7690894049251874,0.0452078611949546,0.7658147181951794
BHP Group,LightGBM,Uncertainty-adjusted,0.0025,-0.2407704183816209,-0.9306388161126898,-1.2604472281598635,-0.4019033324181306,-59.9075446657728,0.852,52.93333333333333,0.4405220201006186,Evaluated from developed_ex_us_ff5.csv (daily),daily,-0.301207511545942,0.04741036350842,-0.2765851367547747,0.0730165944506447,-0.2764000247441338,0.0718299259052459
BHP Group,LightGBM,Directional (no uncertainty),0.0025,-0.2407704183816209,-0.9306388161126898,-1.2604472281598635,-0.4019033324181306,-59.9075446657728,0.852,52.93333333333333,0.4405220201006186,Evaluated from developed_ex_us_ff5.csv (daily),daily,-0.301207511545942,0.04741036350842,-0.2765851367547747,0.0730165944506447,-0.2764000247441338,0.0718299259052459
BHP Group,LightGBM,Uncertainty-adjusted,0.005,-0.5579211363998273,-2.8804122480288257,-3.5608875960700184,-0.610413045241055,-91.40059190240628,0.852,52.93333333333333,0.0880926623842237,Evaluated from developed_ex_us_ff5.csv (daily),daily,-0.8377864237047685,9.002389149473393e-08,-0.8122288402449082,3.8389933425463654e-07,-0.8124131679759482,3.441779567315721e-07
BHP Group,LightGBM,Directional (no uncertainty),0.005,-0.5579211363998273,-2.8804122480288257,-3.5608875960700184,-0.610413045241055,-91.40059190240628,0.852,52.93333333333333,0.0880926623842237,Evaluated from developed_ex_us_ff5.csv (daily),daily,-0.8377864237047685,9.002389149473393e-08,-0.8122288402449082,3.8389933425463654e-07,-0.8124131679759482,3.441779567315721e-07
BHP Group,Random Forest,Uncertainty-adjusted,0.0,0.2703368835374351,1.2787820973442918,2.0027449302922924,1.1908816964623816,-22.700565836261863,0.6893333333333334,33.06666666666666,2.038367393708225,Evaluated from developed_ex_us_ff5.csv (daily),daily,0.2075262430230032,0.0878911027447526,0.1976667319294374,0.1209609763448045,0.1983678133258367,0.1187202956371503
BHP Group,Random Forest,Directional (no uncertainty),0.0,0.114199243600513,0.5513177547008786,0.8065332093521388,0.3007217583255587,-37.97505183408841,0.8546666666666667,49.73333333333333,1.3796547311028138,Evaluated from developed_ex_us_ff5.csv (daily),daily,0.0842840760749629,0.5966520568035101,0.0536136444011159,0.7540714982365987,0.0543886518604223,0.7507647436652303
BHP Group,Random Forest,Uncertainty-adjusted,0.001,0.0675446826053192,0.4212970424772153,0.6350479139754838,0.2356294719963543,-28.66563424050972,0.6893333333333334,33.06666666666666,1.2147371859014615,Evaluated from developed_ex_us_ff5.csv (daily),daily,0.0343270495423222,0.7807919829033056,0.0236501062807284,0.8550800616856196,0.0243698344217128,0.8503414599684986
BHP Group,Random Forest,Directional (no uncertainty),0.001,-0.102113944395522,-0.2907542694625823,-0.4093118040851237,-0.1795570140541771,-56.86992787968256,0.8546666666666667,49.73333333333333,0.7257339852427097,Evaluated from developed_ex_us_ff5.csv (daily),daily,-0.131084449664214,0.4179908897334399,-0.1631160084439029,0.348771860270329,-0.1625296586796075,0.3506970702474625
BHP Group,Random Forest,Uncertainty-adjusted,0.0025,-0.177971684830638,-0.8375765338692074,-1.1893823379822384,-0.3303907339398224,-53.86703274282927,0.6893333333333334,33.06666666666666,0.5580676359186704,Evaluated from developed_ex_us_ff5.csv (daily),daily,-0.2254717406786994,0.0752740323372371,-0.2373748321923351,0.0750026580089069,-0.2366271339344727,0.0751632305689579
BHP Group,Random Forest,Directional (no uncertainty),0.0025,-0.3509835222005097,-1.522094041159492,-2.02411018739129,-0.4480925467872689,-78.32835531788895,0.8546666666666667,49.73333333333333,0.2762086475722815,Evaluated from developed_ex_us_ff5.csv (daily),daily,-0.4541372382729792,0.0064639403269241,-0.4882104877114313,0.006539846646833,-0.4879071244896525,0.006578148207037
BHP Group,Random Forest,Uncertainty-adjusted,0.005,-0.46888924343681,-2.812182496563324,-3.619665700055229,-0.5417425447907428,-86.55204357596216,0.6893333333333334,33.06666666666666,0.1520892449152901,Evaluated from developed_ex_us_ff5.csv (daily),daily,-0.658469724380402,9.468615043109704e-07,-0.6724163963141075,2.0577492000160165e-06,-0.6716220811947826,1.9925709219787072e-06
BHP Group,Random Forest,Directional (no uncertainty),0.005,-0.6229791217201437,-3.428566193239747,-4.16918197406767,-0.6551369071830159,-95.0914404134022,0.8546666666666667,49.73333333333333,0.0548507714943111,Evaluated from developed_ex_us_ff5.csv (daily),daily,-0.992558552620922,2.2130206699439345e-08,-1.030034619823979,6.97198346597081e-08,-1.030202900839727,6.821334920841469e-08
BHP Group,Random Walk,Uncertainty-adjusted,0.0,0.0,0.0,0.0,,0.0,0.0,0.0,1.0,Evaluated from developed_ex_us_ff5.csv (daily),daily,-0.045623036325073,0.0,-0.0457923534437118,0.0,-0.0457952773271743,0.0
BHP Group,Random Walk,Directional (no uncertainty),0.0,0.0,0.0,0.0,,0.0,0.0,0.0,1.0,Evaluated from developed_ex_us_ff5.csv (daily),daily,-0.045623036325073,0.0,-0.0457923534437118,0.0,-0.0457952773271743,0.0
BHP Group,Random Walk,Uncertainty-adjusted,0.001,0.0,0.0,0.0,,0.0,0.0,0.0,1.0,Evaluated from developed_ex_us_ff5.csv (daily),daily,-0.045623036325073,0.0,-0.0457923534437118,0.0,-0.0457952773271743,0.0
BHP Group,Random Walk,Directional (no uncertainty),0.001,0.0,0.0,0.0,,0.0,0.0,0.0,1.0,Evaluated from developed_ex_us_ff5.csv (daily),daily,-0.045623036325073,0.0,-0.0457923534437118,0.0,-0.0457952773271743,0.0
BHP Group,Random Walk,Uncertainty-adjusted,0.0025,0.0,0.0,0.0,,0.0,0.0,0.0,1.0,Evaluated from developed_ex_us_ff5.csv (daily),daily,-0.045623036325073,0.0,-0.0457923534437118,0.0,-0.0457952773271743,0.0
BHP Group,Random Walk,Directional (no uncertainty),0.0025,0.0,0.0,0.0,,0.0,0.0,0.0,1.0,Evaluated from developed_ex_us_ff5.csv (daily),daily,-0.045623036325073,0.0,-0.0457923534437118,0.0,-0.0457952773271743,0.0
BHP Group,Random Walk,Uncertainty-adjusted,0.005,0.0,0.0,0.0,,0.0,0.0,0.0,1.0,Evaluated from developed_ex_us_ff5.csv (daily),daily,-0.045623036325073,0.0,-0.0457923534437118,0.0,-0.0457952773271743,0.0
BHP Group,Random Walk,Directional (no uncertainty),0.005,0.0,0.0,0.0,,0.0,0.0,0.0,1.0,Evaluated from developed_ex_us_ff5.csv (daily),daily,-0.045623036325073,0.0,-0.0457923534437118,0.0,-0.0457952773271743,0.0
BHP Group,Random Walk + Drift,Uncertainty-adjusted,0.0,-0.1421451241076935,-0.473014679697005,-0.6493697173375963,-0.2638773791332988,-53.86787021099231,0.004,49.46666666666666,0.6336170531452717,Evaluated from developed_ex_us_ff5.csv (daily),daily,-0.0889853811986412,0.468349773054787,-0.0402625549515133,0.7466625784857752,-0.0371567085741459,0.7622259939159435
BHP Group,Random Walk + Drift,Directional (no uncertainty),0.0,-0.1421451241076935,-0.473014679697005,-0.6493697173375963,-0.2638773791332988,-53.86787021099231,0.004,49.46666666666666,0.6336170531452717,Evaluated from developed_ex_us_ff5.csv (daily),daily,-0.0889853811986412,0.468349773054787,-0.0402625549515133,0.7466625784857752,-0.0371567085741459,0.7622259939159435
BHP Group,Random Walk + Drift,Uncertainty-adjusted,0.001,-0.1430403597267302,-0.4767148160172719,-0.6541382587730121,-0.265539289313765,-53.86787021099229,0.004,49.46666666666666,0.6316511450678847,Evaluated from developed_ex_us_ff5.csv (daily),daily,-0.0900225181017638,0.4631445144765083,-0.041226159576392,0.740832845350545,-0.0381214079348315,0.7562624544290952
BHP Group,Random Walk + Drift,Directional (no uncertainty),0.001,-0.1430403597267302,-0.4767148160172719,-0.6541382587730121,-0.265539289313765,-53.86787021099229,0.004,49.46666666666666,0.6316511450678847,Evaluated from developed_ex_us_ff5.csv (daily),daily,-0.0900225181017638,0.4631445144765083,-0.041226159576392,0.740832845350545,-0.0381214079348315,0.7562624544290952
BHP Group,Random Walk + Drift,Uncertainty-adjusted,0.0025,-0.1443843905506091,-0.4822347713594125,-0.6612145010806735,-0.2680343402942743,-53.86787021099229,0.004,49.46666666666666,0.6287073086991203,Evaluated from developed_ex_us_ff5.csv (daily),daily,-0.0915782234564476,0.4554296893445501,-0.0426715665137099,0.7321369854886107,-0.0395684569758598,0.7473647813479354
BHP Group,Random Walk + Drift,Directional (no uncertainty),0.0025,-0.1443843905506091,-0.4822347713594125,-0.6612145010806735,-0.2680343402942743,-53.86787021099229,0.004,49.46666666666666,0.6287073086991203,Evaluated from developed_ex_us_ff5.csv (daily),daily,-0.0915782234564476,0.4554296893445501,-0.0426715665137099,0.7321369854886107,-0.0395684569758598,0.7473647813479354
BHP Group,Random Walk + Drift,Uncertainty-adjusted,0.005,-0.1466275984314266,-0.4913521038667525,-0.6728004433787498,-0.2721986183175768,-53.86787021099229,0.004,49.46666666666666,0.6238143167440264,Evaluated from developed_ex_us_ff5.csv (daily),daily,-0.0941710657142539,0.4428235229578642,-0.0450805780759065,0.7177812967732523,-0.0419802053775737,0.7326703502839558
BHP Group,Random Walk + Drift,Directional (no uncertainty),0.005,-0.1466275984314266,-0.4913521038667525,-0.6728004433787498,-0.2721986183175768,-53.86787021099229,0.004,49.46666666666666,0.6238143167440264,Evaluated from developed_ex_us_ff5.csv (daily),daily,-0.0941710657142539,0.4428235229578642,-0.0450805780759065,0.7177812967732523,-0.0419802053775737,0.7326703502839558
BHP Group,Selected ARX,Uncertainty-adjusted,0.0,0.1213195516813425,0.5763664462804927,0.8346291892648149,0.4089153505011808,-29.6686224991674,0.0973333333333333,50.13333333333333,1.4060609630276577,Evaluated from developed_ex_us_ff5.csv (daily),daily,0.0741646002441135,0.6282535894341605,0.0939462446200247,0.5556051046958008,0.0949699668987399,0.5501848349608189
BHP Group,Selected ARX,Directional (no uncertainty),0.0,0.1213195516813425,0.5763664462804927,0.8346291892648149,0.4089153505011808,-29.6686224991674,0.0973333333333333,50.13333333333333,1.4060609630276577,Evaluated from developed_ex_us_ff5.csv (daily),daily,0.0741646002441135,0.6282535894341605,0.0939462446200247,0.5556051046958008,0.0949699668987399,0.5501848349608189
BHP Group,Selected ARX,Uncertainty-adjusted,0.001,0.0941954340660928,0.4804980775904381,0.6920516128209098,0.3174917678390237,-29.668622499167384,0.0973333333333333,50.13333333333333,1.307235591440108,Evaluated from developed_ex_us_ff5.csv (daily),daily,0.0498435125626483,0.7425217720398626,0.0677474428396757,0.6679103088263193,0.0687523639060665,0.6623821951746203
BHP Group,Selected ARX,Directional (no uncertainty),0.001,0.0941954340660928,0.4804980775904381,0.6920516128209098,0.3174917678390237,-29.668622499167384,0.0973333333333333,50.13333333333333,1.307235591440108,Evaluated from developed_ex_us_ff5.csv (daily),daily,0.0498435125626483,0.7425217720398626,0.0677474428396757,0.6679103088263193,0.0687523639060665,0.6623821951746203
BHP Group,Selected ARX,Uncertainty-adjusted,0.0025,0.0546381853336404,0.3360470086037184,0.4800016760141546,0.1811316658748713,-30.164899698645364,0.0973333333333333,50.13333333333333,1.1715488235712572,Evaluated from developed_ex_us_ff5.csv (daily),daily,0.0133618810404508,0.928966519222742,0.0284492401691523,0.8553534422691346,0.0294259594170565,0.8500161880721987
BHP Group,Selected ARX,Directional (no uncertainty),0.0025,0.0546381853336404,0.3360470086037184,0.4800016760141546,0.1811316658748713,-30.164899698645364,0.0973333333333333,50.13333333333333,1.1715488235712572,Evaluated from developed_ex_us_ff5.csv (daily),daily,0.0133618810404508,0.928966519222742,0.0284492401691523,0.8553534422691346,0.0294259594170565,0.8500161880721987
BHP Group,Selected ARX,Uncertainty-adjusted,0.005,-0.008381372190975,0.0952831977354155,0.134172278709536,-0.0237862909771436,-35.23614589188664,0.0973333333333333,50.13333333333333,0.9752614571958288,Evaluated from developed_ex_us_ff5.csv (daily),daily,-0.0474408381632116,0.7481868506334856,-0.0370477642817199,0.8099245314316579,-0.0361180480646269,0.8140767576950564
BHP Group,Selected ARX,Directional (no uncertainty),0.005,-0.008381372190975,0.0952831977354155,0.134172278709536,-0.0237862909771436,-35.23614589188664,0.0973333333333333,50.13333333333333,0.9752614571958288,Evaluated from developed_ex_us_ff5.csv (daily),daily,-0.0474408381632116,0.7481868506334856,-0.0370477642817199,0.8099245314316579,-0.0361180480646269,0.8140767576950564
BHP Group,VMD-GRU,Uncertainty-adjusted,0.0,0.0144067555292615,0.1835953509377474,0.2621000822947263,0.0418209211091384,-34.44868058181875,0.3293333333333333,49.06666666666666,1.0434904779116263,Evaluated from developed_ex_us_ff5.csv (daily),daily,-0.0229759849155309,0.8800915054010319,0.013432351792871,0.9331982169512594,0.0132163859901135,0.9340916708404567
BHP Group,VMD-GRU,Directional (no uncertainty),0.0,0.0144067555292615,0.1835953509377474,0.2621000822947263,0.0418209211091384,-34.44868058181875,0.3293333333333333,49.06666666666666,1.0434904779116263,Evaluated from developed_ex_us_ff5.csv (daily),daily,-0.0229759849155309,0.8800915054010319,0.013432351792871,0.9331982169512594,0.0132163859901135,0.9340916708404567
BHP Group,VMD-GRU,Uncertainty-adjusted,0.001,-0.0665255406142023,-0.1411925164107236,-0.1984353646812025,-0.1588822338061569,-41.87097513707311,0.3293333333333333,49.06666666666666,0.8147402389464455,Evaluated from developed_ex_us_ff5.csv (daily),daily,-0.1060206780485664,0.4800635755316087,-0.0697840904935602,0.6590839030357023,-0.0699395219414405,0.6574773118518846
BHP Group,VMD-GRU,Directional (no uncertainty),0.001,-0.0665255406142023,-0.1411925164107236,-0.1984353646812025,-0.1588822338061569,-41.87097513707311,0.3293333333333333,49.06666666666666,0.8147402389464455,Evaluated from developed_ex_us_ff5.csv (daily),daily,-0.1060206780485664,0.4800635755316087,-0.0697840904935602,0.6590839030357023,-0.0699395219414405,0.6574773118518846
BHP Group,VMD-GRU,Uncertainty-adjusted,0.0025,-0.1762373012210192,-0.6234080429580638,-0.8555820278851755,-0.3423361716623759,-51.480771186175055,0.3293333333333333,49.06666666666666,0.5615792842940954,Evaluated from developed_ex_us_ff5.csv (daily),daily,-0.2305877177481195,0.1183453627892379,-0.194608753923207,0.2117336109354497,-0.1946733838387716,0.2102663503883861
BHP Group,VMD-GRU,Directional (no uncertainty),0.0025,-0.1762373012210192,-0.6234080429580638,-0.8555820278851755,-0.3423361716623759,-51.480771186175055,0.3293333333333333,49.06666666666666,0.5615792842940954,Evaluated from developed_ex_us_ff5.csv (daily),daily,-0.2305877177481195,0.1183453627892379,-0.194608753923207,0.2117336109354497,-0.1946733838387716,0.2102663503883861
BHP Group,VMD-GRU,Uncertainty-adjusted,0.005,-0.3317528956977167,-1.398234782489284,-1.84394170050798,-0.4525673478062819,-73.30464676822443,0.3293333333333333,49.06666666666666,0.3012863257816702,Evaluated from developed_ex_us_ff5.csv (daily),daily,-0.4381994505807078,0.0026360377315578,-0.4026498596392851,0.008964894325628,-0.4025631536676568,0.0087815680461759
BHP Group,VMD-GRU,Directional (no uncertainty),0.005,-0.3317528956977167,-1.398234782489284,-1.84394170050798,-0.4525673478062819,-73.30464676822443,0.3293333333333333,49.06666666666666,0.3012863257816702,Evaluated from developed_ex_us_ff5.csv (daily),daily,-0.4381994505807078,0.0026360377315578,-0.4026498596392851,0.008964894325628,-0.4025631536676568,0.0087815680461759
BHP Group,VMD-LASSO-ARX/LSTM,Uncertainty-adjusted,0.0,0.2316510855068263,1.4215112505565386,2.2226918786305645,0.978034105614417,-23.685379086171984,0.5466666666666666,19.2,1.859125094147404,Evaluated from developed_ex_us_ff5.csv (daily),daily,0.1870335148242149,0.0288154126159193,0.1960887735117489,0.0303614554628351,0.1948180521789622,0.0314513372818089
BHP Group,VMD-LASSO-ARX/LSTM,Directional (no uncertainty),0.0,0.4913447438490601,1.7021567241389024,2.654981921142785,2.4082902128222323,-20.402223171984826,0.9426666666666668,53.73333333333333,3.285498952517574,Evaluated from developed_ex_us_ff5.csv (daily),daily,0.4004128984511211,0.0054708235832239,0.3912352000818491,0.0092253262488611,0.3877248192321389,0.0093188297435205
BHP Group,VMD-LASSO-ARX/LSTM,Uncertainty-adjusted,0.001,0.0732352619997025,0.5336556315923696,0.7941545352934088,0.2341025076142286,-31.28341628889555,0.5466666666666666,19.2,1.2341102751066235,Evaluated from developed_ex_us_ff5.csv (daily),daily,0.0498490437281082,0.5662781988246722,0.0591380094871608,0.5202816965235241,0.0578387716528649,0.5295992175984492
BHP Group,VMD-LASSO-ARX/LSTM,Directional (no uncertainty),0.001,0.1759421443432527,0.7629091981633754,1.1367654180825977,0.5127801697387758,-34.31141739215119,0.9426666666666668,53.73333333333333,1.6198768901412417,Evaluated from developed_ex_us_ff5.csv (daily),daily,0.1633300374875082,0.2774600343379341,0.1542260002487443,0.3239662762867731,0.1504678509030443,0.3317811151747842
BHP Group,VMD-LASSO-ARX/LSTM,Uncertainty-adjusted,0.0025,-0.1272845278889257,-0.7960339403948519,-1.0983189615260176,-0.2666899174066579,-47.72753658130912,0.5466666666666666,19.2,0.6668464138483695,Evaluated from developed_ex_us_ff5.csv (daily),daily,-0.1559276629160515,0.0836625580620222,-0.1462881365497212,0.1246037632712517,-0.1476301491362807,0.1214120860241655
BHP Group,VMD-LASSO-ARX/LSTM,Directional (no uncertainty),0.0025,-0.1773598489143149,-0.6256756027361177,-0.8713752862368045,-0.2484842736428261,-71.37668968510006,0.9426666666666668,53.73333333333333,0.5593047652600727,Evaluated from developed_ex_us_ff5.csv (daily),daily,-0.1922942539579107,0.2331035394091445,-0.2012877995009129,0.2281671087512048,-0.2054176015905974,0.2143863761746238
BHP Group,VMD-LASSO-ARX/LSTM,Uncertainty-adjusted,0.005,-0.3822505447326521,-2.92938633840847,-3.585935250068842,-0.491305005070446,-77.80310413850616,0.5466666666666666,19.2,0.2384612252901515,Evaluated from developed_ex_us_ff5.csv (daily),daily,-0.498888840656318,3.889391778706944e-07,-0.4886650466111916,2.2771328085967417e-06,-0.4900783504515236,2.1787470369400244e-06
BHP Group,VMD-LASSO-ARX/LSTM,Directional (no uncertainty),0.005,-0.5475800330737233,-2.808239382689187,-3.5182751049423477,-0.584521513549312,-93.68004776226732,0.9426666666666668,53.73333333333333,0.0943684186513265,Evaluated from developed_ex_us_ff5.csv (daily),daily,-0.785001406366942,1.7108896184437278e-05,-0.7938107990836751,2.437530556108899e-05,-0.7985600224133337,1.7763652893853784e-05
BHP Group,VMD-LSTM,Uncertainty-adjusted,0.0,-0.0967294510442829,-0.31906107887326,-0.4448046758883786,-0.1848649839394514,-52.32437694959291,0.2946666666666667,40.8,0.7387636306238567,Evaluated from developed_ex_us_ff5.csv (daily),daily,-0.1454136071914999,0.2944890681241967,-0.1206117567707634,0.4092032011525974,-0.1200853085871519,0.4095506557198226
BHP Group,VMD-LSTM,Directional (no uncertainty),0.0,-0.0400368525811681,-0.0324058024831412,-0.0455338990095321,-0.0865695278053994,-46.2482048777804,0.3293333333333333,50.0,0.8854951633611526,Evaluated from developed_ex_us_ff5.csv (daily),daily,-0.0778919591824642,0.6112453617726937,-0.0450583574146096,0.7799571168495623,-0.0444298977983796,0.7821355847485094
BHP Group,VMD-LSTM,Uncertainty-adjusted,0.001,-0.1614665537749215,-0.6363982176065347,-0.8767848075657318,-0.2822077449983829,-57.215493421644666,0.2946666666666667,40.8,0.5920823467001947,Evaluated from developed_ex_us_ff5.csv (daily),daily,-0.219577929147189,0.1080485896604711,-0.1945093656608245,0.1769813754480637,-0.1939372381283839,0.1766201473503742
BHP Group,VMD-LSTM,Directional (no uncertainty),0.001,-0.1167081816686824,-0.3563386394875428,-0.4922744107725887,-0.2249139763790051,-51.89014197677789,0.3293333333333333,50.0,0.6911874695863706,Evaluated from developed_ex_us_ff5.csv (daily),daily,-0.160802072338678,0.2857859988261728,-0.1286882125919565,0.4172574411820037,-0.1280529848463311,0.4177715249452571
BHP Group,VMD-LSTM,Uncertainty-adjusted,0.0025,-0.2501130215250819,-1.1081858142654917,-1.4986293227124854,-0.3930311278192529,-63.6369498041651,0.2946666666666667,40.8,0.4245841005558931,Evaluated from developed_ex_us_ff5.csv (daily),daily,-0.3308244120807223,0.0135386285247655,-0.305355778995916,0.0308166379147043,-0.304715132440232,0.030504722055748
BHP Group,VMD-LSTM,Directional (no uncertainty),0.0025,-0.2206319715091066,-0.8351715519342146,-1.1253332868278887,-0.3716349548467362,-59.36792775590664,0.3293333333333333,50.0,0.4762174614244087,Evaluated from developed_ex_us_ff5.csv (daily),daily,-0.2851672420729985,0.0531917062475157,-0.254132995357977,0.1020554062714208,-0.2534876154182583,0.1016215196160333
BHP Group,VMD-LSTM,Uncertainty-adjusted,0.005,-0.3778265605111915,-1.873256322949042,-2.450955030402719,-0.4911903504215887,-76.92059914998391,0.2946666666666667,40.8,0.243579801037563,Evaluated from developed_ex_us_ff5.csv (daily),daily,-0.5162352169699448,7.946217263262302e-05,-0.4900998012210686,0.0003918409385931,-0.4893449562933121,0.0003781422048299
BHP Group,VMD-LSTM,Directional (no uncertainty),0.005,-0.3679163902629714,-1.5994433075768328,-2.0697183076236536,-0.4796787751380273,-76.70057741393782,0.3293333333333333,50.0,0.2553095443661966,Evaluated from developed_ex_us_ff5.csv (daily),daily,-0.4924425249635328,0.0006470858185933,-0.4632076333013444,0.0023454870110784,-0.4625453330381371,0.002294155677928
BHP Group,XGBoost,Uncertainty-adjusted,0.0,0.2765044950341249,1.0859861327698157,1.6278952870626464,1.231630304439687,-22.45028350125866,0.828,51.866666666666674,2.0679627125374496,Evaluated from developed_ex_us_ff5.csv (daily),daily,0.2129057095240746,0.1535218795465799,0.2577609613926863,0.0965809335787372,0.2578437308703882,0.0943406817798043
BHP Group,XGBoost,Directional (no uncertainty),0.0,0.2765044950341249,1.0859861327698157,1.6278952870626464,1.231630304439687,-22.45028350125866,0.828,51.866666666666674,2.0679627125374496,Evaluated from developed_ex_us_ff5.csv (daily),daily,0.2129057095240746,0.1535218795465799,0.2577609613926863,0.0965809335787372,0.2578437308703882,0.0943406817798043
BHP Group,XGBoost,Uncertainty-adjusted,0.001,0.0358420508821137,0.2653935665451101,0.3829611251599296,0.1151609286539279,-31.123447249911766,0.828,51.866666666666674,1.1104946763984236,Evaluated from developed_ex_us_ff5.csv (daily),daily,0.0045111679863809,0.9761025079415818,0.0478222601676276,0.7600928237529987,0.0478828273231071,0.758301242666157
BHP Group,XGBoost,Directional (no uncertainty),0.001,0.0358420508821137,0.2653935665451101,0.3829611251599296,0.1151609286539279,-31.123447249911766,0.828,51.866666666666674,1.1104946763984236,Evaluated from developed_ex_us_ff5.csv (daily),daily,0.0045111679863809,0.9761025079415818,0.0478222601676276,0.7600928237529987,0.0478828273231071,0.758301242666157
BHP Group,XGBoost,Uncertainty-adjusted,0.0025,-0.243412867763107,-0.9427753091113013,-1.285522542393913,-0.3691221545973339,-65.9437166616672,0.828,51.866666666666674,0.4359745747942252,Evaluated from developed_ex_us_ff5.csv (daily),daily,-0.3080806443201593,0.0449864097215402,-0.2670857916699605,0.0947070809071983,-0.2670585279978144,0.0926791603550717
BHP Group,XGBoost,Directional (no uncertainty),0.0025,-0.243412867763107,-0.9427753091113013,-1.285522542393913,-0.3691221545973339,-65.9437166616672,0.828,51.866666666666674,0.4359745747942252,Evaluated from developed_ex_us_ff5.csv (daily),daily,-0.3080806443201593,0.0449864097215402,-0.2670857916699605,0.0947070809071983,-0.2670585279978144,0.0926791603550717
BHP Group,XGBoost,Uncertainty-adjusted,0.005,-0.5527487832491784,-2.8324091544289605,-3.5295270638244443,-0.6040636179997401,-91.5050611853628,0.828,51.866666666666674,0.0911957908474779,Evaluated from developed_ex_us_ff5.csv (daily),daily,-0.8290669981643932,2.683825933222848e-07,-0.7919325447326072,2.3134629077196275e-06,-0.7919607868660172,2.0150457083640954e-06
BHP Group,XGBoost,Directional (no uncertainty),0.005,-0.5527487832491784,-2.8324091544289605,-3.5295270638244443,-0.6040636179997401,-91.5050611853628,0.828,51.866666666666674,0.0911957908474779,Evaluated from developed_ex_us_ff5.csv (daily),daily,-0.8290669981643932,2.683825933222848e-07,-0.7919325447326072,2.3134629077196275e-06,-0.7919607868660172,2.0150457083640954e-06
Freeport-McMoRan,ARIMA,Uncertainty-adjusted,0.0,0.0,0.0,0.0,,0.0,0.0,0.0,1.0,Evaluated from north_america_ff5.csv (daily),daily,-0.0456127770364065,0.0,-0.0456313857345315,0.0,-0.0456315443327095,0.0
Freeport-McMoRan,ARIMA,Directional (no uncertainty),0.0,-0.2221354394985658,-0.4056752673912023,-0.5558509194568367,-0.3213284405391224,-69.1303387667362,1.2546666666666666,47.73333333333333,0.4734885492990258,Evaluated from north_america_ff5.csv (daily),daily,-0.1450296922801102,0.5110276989525984,-0.0664254965781586,0.755904850404251,-0.0673697766877171,0.7513066496853739
Freeport-McMoRan,ARIMA,Uncertainty-adjusted,0.001,0.0,0.0,0.0,,0.0,0.0,0.0,1.0,Evaluated from north_america_ff5.csv (daily),daily,-0.0456127770364065,0.0,-0.0456313857345315,0.0,-0.0456315443327095,0.0
Freeport-McMoRan,ARIMA,Directional (no uncertainty),0.001,-0.4334127584212549,-1.175928008774397,-1.558521509744522,-0.509209566986588,-85.11481058498465,1.2546666666666666,47.73333333333333,0.1843635120860874,Evaluated from north_america_ff5.csv (daily),daily,-0.4612360152990667,0.0396182181654809,-0.3831823784969806,0.0776373347084187,-0.3842314698376912,0.0753366212379245
Freeport-McMoRan,ARIMA,Uncertainty-adjusted,0.0025,0.0,0.0,0.0,,0.0,0.0,0.0,1.0,Evaluated from north_america_ff5.csv (daily),daily,-0.0456127770364065,0.0,-0.0456313857345315,0.0,-0.0456315443327095,0.0
Freeport-McMoRan,ARIMA,Directional (no uncertainty),0.0025,-0.6482029875090367,-2.323272432354384,-2.929942632060082,-0.6733152099825436,-96.27036162243267,1.2546666666666666,47.73333333333333,0.0446353566298296,Evaluated from north_america_ff5.csv (daily),daily,-0.9355454998275012,4.696392134508906e-05,-0.858317701375213,0.0001174769681194,-0.8595240095626528,0.0001062335506774
Freeport-McMoRan,ARIMA,Uncertainty-adjusted,0.005,0.0,0.0,0.0,,0.0,0.0,0.0,1.0,Evaluated from north_america_ff5.csv (daily),daily,-0.0456127770364065,0.0,-0.0456313857345315,0.0,-0.0456315443327095,0.0
Freeport-McMoRan,ARIMA,Directional (no uncertainty),0.005,-0.8415320357002576,-4.188617664695549,-4.871184389476314,-0.844637600915576,-99.63231980059234,1.2546666666666666,47.73333333333333,0.0041578943437343,Evaluated from north_america_ff5.csv (daily),daily,-1.7260613073748918,7.136232108481496e-13,-1.6502099061722677,1.6126116143720913e-12,-1.6516782424375889,1.2083173121322894e-12
Freeport-McMoRan,CEEMDAN-LSTM,Uncertainty-adjusted,0.0,-0.2186746215107055,-0.576526734656819,-0.781739056450328,-0.3990538840746094,-54.79826916552973,0.2573333333333333,30.933333333333334,0.4797858259494306,Evaluated from north_america_ff5.csv (daily),daily,-0.2907659235951783,0.1118705260094697,-0.3363935877152358,0.0707550188180409,-0.3271901568004346,0.0785986852098707
Freeport-McMoRan,CEEMDAN-LSTM,Directional (no uncertainty),0.0,-0.3651268835471415,-0.9013876376190706,-1.174791980253122,-0.4841121424961649,-75.42196352780678,0.2946666666666667,48.4,0.2586775518998967,Evaluated from north_america_ff5.csv (daily),daily,-0.5037280655271115,0.0301242797829067,-0.5330610069948125,0.0228519127838761,-0.5145723018916811,0.0270839064136221
Freeport-McMoRan,CEEMDAN-LSTM,Uncertainty-adjusted,0.001,-0.2677950923783472,-0.7718375939950224,-1.03966490883715,-0.4311926328390156,-62.1056743514279,0.2573333333333333,30.933333333333334,0.3954767338520711,Evaluated from north_america_ff5.csv (daily),daily,-0.3560765995264646,0.0489491980250474,-0.40234450644109,0.0289171242160167,-0.3930706325152895,0.0326968271841388
Freeport-McMoRan,CEEMDAN-LSTM,Directional (no uncertainty),0.001,-0.4105991666327299,-1.0833414406363058,-1.4015108299810763,-0.5137280709968742,-79.92539045724605,0.2946666666666667,48.4,0.207347425577266,Evaluated from north_america_ff5.csv (daily),daily,-0.5781374889704454,0.0115938523947351,-0.6074135217039424,0.0085458502725724,-0.5887075509954367,0.0103058630728334
Freeport-McMoRan,CEEMDAN-LSTM,Uncertainty-adjusted,0.0025,-0.3358310391594179,-1.0639050178807177,-1.4183103726330903,-0.4699380092658038,-71.4628381909553,0.2573333333333333,30.933333333333334,0.2958470131056446,Evaluated from north_america_ff5.csv (daily),daily,-0.4540426134233941,0.0107400239874674,-0.5012708845298715,0.0057266352179518,-0.4918913460875719,0.0066630916487269
Freeport-McMoRan,CEEMDAN-LSTM,Directional (no uncertainty),0.0025,-0.4729216233275957,-1.3547534749840375,-1.7334722883714635,-0.5550717951123652,-85.20008177173918,0.2946666666666667,48.4,0.1486783107718286,Evaluated from north_america_ff5.csv (daily),daily,-0.6897516241354459,0.0021352446505789,-0.7189422937676375,0.001511041954733,-0.6999104246510698,0.0018642849701138
Freeport-McMoRan,CEEMDAN-LSTM,Uncertainty-adjusted,0.005,-0.4356598236620628,-1.5460735340291611,-2.0239277765075827,-0.5293970161450294,-82.29359259227725,0.2573333333333333,30.933333333333334,0.1821959000397701,Evaluated from north_america_ff5.csv (daily),daily,-0.6173193032516096,0.0003839049364678,-0.666148181344507,0.0001742664641202,-0.6565925353747091,0.000213717689656
Freeport-McMoRan,CEEMDAN-LSTM,Directional (no uncertainty),0.005,-0.562823211791377,-1.7997009427869126,-2.2611324966966504,-0.6151339155749478,-91.4960462333348,0.2946666666666667,48.4,0.0852171624159459,Evaluated from north_america_ff5.csv (daily),daily,-0.8757751827437804,6.195401050283063e-05,-0.9048235805404627,4.141789741812406e-05,-0.8852485474104586,5.230704329048802e-05
Freeport-McMoRan,Dynamic Selected,Uncertainty-adjusted,0.0,-0.3740337634698714,-1.413724801627111,-1.733790062127455,-0.4706329117898454,-79.47462961045336,0.1386666666666666,23.466666666666665,0.2480257390373041,Evaluated from north_america_ff5.csv (daily),daily,-0.3897744244134665,0.0238663096440502,-0.4034496407602914,0.0201878663291072,-0.3903921781091592,0.0208763590886021
Freeport-McMoRan,Dynamic Selected,Directional (no uncertainty),0.0,-0.534930144601937,-1.896105521644872,-2.305505249910355,-0.5844790425318507,-91.5225535349775,0.376,33.06666666666666,0.102440291440842,Evaluated from north_america_ff5.csv (daily),daily,-0.6405300238854816,0.0019636118285023,-0.6230141591611038,0.0021470445677806,-0.6061077236706733,0.0023460191960299
Freeport-McMoRan,Dynamic Selected,Uncertainty-adjusted,0.001,-0.3956122684422141,-1.529651909779557,-1.868218085440373,-0.4854680966227022,-81.49088914274782,0.1386666666666666,23.466666666666665,0.223436279176928,Evaluated from north_america_ff5.csv (daily),daily,-0.4248237067979813,0.0142661165252486,-0.4378984070041066,0.0121274488072758,-0.4250348432403767,0.012375196864699
Freeport-McMoRan,Dynamic Selected,Directional (no uncertainty),0.001,-0.5772900796463354,-2.1484248657468634,-2.5830989643836464,-0.6166739643216426,-93.61349968477582,0.376,33.06666666666666,0.07709586259444,Evaluated from north_america_ff5.csv (daily),daily,-0.7358356108073988,0.0004567137136762,-0.7171179608798274,0.0004967591117244,-0.7003577596164374,0.0005353302433579
Freeport-McMoRan,Dynamic Selected,Uncertainty-adjusted,0.0025,-0.4266429694492502,-1.7017985830769369,-2.065489507841987,-0.5069781047949213,-84.15412133465455,0.1386666666666666,23.466666666666665,0.1909972916695476,Evaluated from north_america_ff5.csv (daily),daily,-0.4773976303747533,0.006331333408304,-0.4895715563698296,0.0054424346267071,-0.4769988409372028,0.005435717107084
Freeport-McMoRan,Dynamic Selected,Directional (no uncertainty),0.0025,-0.633828854412631,-2.5195461067781943,-2.979748493329423,-0.6614224886832376,-95.82813787817524,0.376,33.06666666666666,0.0502852750115974,Evaluated from north_america_ff5.csv (daily),daily,-0.8787939911902745,4.5201663937585896e-05,-0.8582736634579128,4.851145845485182e-05,-0.8417328135350831,5.116251565402146e-05
Freeport-McMoRan,Dynamic Selected,Uncertainty-adjusted,0.005,-0.4749827616987074,-1.9828267138122415,-2.381291960863059,-0.5411230369396102,-87.77722057168968,0.1386666666666666,23.466666666666665,0.1469546131064357,Evaluated from north_america_ff5.csv (daily),daily,-0.5650208363360403,0.0015010042765659,-0.5756934719793677,0.0013259731379052,-0.5636055037652464,0.0012754513802467
Freeport-McMoRan,Dynamic Selected,Directional (no uncertainty),0.005,-0.7120180804401113,-3.113126687776914,-3.5858814945213027,-0.7268919697480515,-97.95376893307878,0.376,33.06666666666666,0.0246018588922001,Evaluated from north_america_ff5.csv (daily),daily,-1.117057958495068,8.516448520249954e-07,-1.093533167754722,8.861985214758476e-07,-1.0773579033994929,9.078918582613844e-07
Freeport-McMoRan,Elastic Net,Uncertainty-adjusted,0.0,-0.2209594524572296,-0.4044395376600062,-0.5751909048227766,-0.3170175969122508,-69.69942823659416,0.0013333333333333,48.0,0.475622170631357,Evaluated from north_america_ff5.csv (daily),daily,0.0117598245919118,0.9499175566965904,-0.0040930582105937,0.9819392142017864,-0.0020204540946081,0.9909949612596884
Freeport-McMoRan,Elastic Net,Directional (no uncertainty),0.0,-0.2209594524572296,-0.4044395376600062,-0.5751909048227766,-0.3170175969122508,-69.69942823659416,0.0013333333333333,48.0,0.475622170631357,Evaluated from north_america_ff5.csv (daily),daily,0.0117598245919118,0.9499175566965904,-0.0040930582105937,0.9819392142017864,-0.0020204540946081,0.9909949612596884
Freeport-McMoRan,Elastic Net,Uncertainty-adjusted,0.001,-0.2212231670560419,-0.4052533135400498,-0.5763385656980254,-0.3173959566857588,-69.69942823659416,0.0013333333333333,48.0,0.4751431528322304,Evaluated from north_america_ff5.csv (daily),daily,0.0114301662546097,0.9513201211572252,-0.0043657325106832,0.9807359790290092,-0.0023097720605628,0.9897053254601228
Freeport-McMoRan,Elastic Net,Directional (no uncertainty),0.001,-0.2212231670560419,-0.4052533135400498,-0.5763385656980254,-0.3173959566857588,-69.69942823659416,0.0013333333333333,48.0,0.4751431528322304,Evaluated from north_america_ff5.csv (daily),daily,0.0114301662546097,0.9513201211572252,-0.0043657325106832,0.9807359790290092,-0.0023097720605628,0.9897053254601228
Freeport-McMoRan,Elastic Net,Uncertainty-adjusted,0.0025,-0.2216190701598818,-0.4064724123722077,-0.5780555461135969,-0.3179639715373242,-69.6994282365941,0.0013333333333333,48.0,0.4744246261335409,Evaluated from north_america_ff5.csv (daily),daily,0.0109356787486566,0.95342447698234,-0.0047747439608174,0.9789312335651004,-0.002743749009495,0.9877708739074847
Freeport-McMoRan,Elastic Net,Directional (no uncertainty),0.0025,-0.2216190701598818,-0.4064724123722077,-0.5780555461135969,-0.3179639715373242,-69.6994282365941,0.0013333333333333,48.0,0.4744246261335409,Evaluated from north_america_ff5.csv (daily),daily,0.0109356787486566,0.95342447698234,-0.0047747439608174,0.9789312335651004,-0.002743749009495,0.9877708739074847
Freeport-McMoRan,Elastic Net,Uncertainty-adjusted,0.005,-0.2222797943574884,-0.4085000305880094,-0.5809050399943724,-0.318911933686115,-69.69942823659416,0.0013333333333333,48.0,0.4732270816357238,Evaluated from north_america_ff5.csv (daily),daily,0.0101115329054013,0.9569329498052926,-0.005456429711041,0.9759237009634906,-0.0034670439243819,0.9845469047802204
Freeport-McMoRan,Elastic Net,Directional (no uncertainty),0.005,-0.2222797943574884,-0.4085000305880094,-0.5809050399943724,-0.318911933686115,-69.69942823659416,0.0013333333333333,48.0,0.4732270816357238,Evaluated from north_america_ff5.csv (daily),daily,0.0101115329054013,0.9569329498052926,-0.005456429711041,0.9759237009634906,-0.0034670439243819,0.9845469047802204
Freeport-McMoRan,GRU,Uncertainty-adjusted,0.0,0.1604709098241596,0.7158498180982689,1.1210263551466326,0.5250496190097845,-30.56299900317978,0.224,16.0,1.557269808318086,Evaluated from north_america_ff5.csv (daily),daily,0.1029182186888668,0.4301428206665877,0.068154220685038,0.6146396519185502,0.0762790374941243,0.5756990565326492
Freeport-McMoRan,GRU,Directional (no uncertainty),0.0,-0.1186558376870309,-0.1034486807740398,-0.1472382913860901,-0.2051173402349135,-57.84778485872458,0.404,47.73333333333333,0.686661433017456,Evaluated from north_america_ff5.csv (daily),daily,-0.152127439884578,0.4844317714567545,-0.2075500446888992,0.3502995972189449,-0.2050568858132558,0.3543983412154093
Freeport-McMoRan,GRU,Uncertainty-adjusted,0.001,0.0967253634643099,0.4912505124465314,0.7613542249599892,0.3135753988862554,-30.84596680985026,0.224,16.0,1.3162517158742657,Evaluated from north_america_ff5.csv (daily),daily,0.0460682012382584,0.7212277600265397,0.0102914448542327,0.9388154858532158,0.0184740683070993,0.8911615602260821
Freeport-McMoRan,GRU,Directional (no uncertainty),0.001,-0.2042294835332578,-0.3511562022595325,-0.4944715248776474,-0.3120782045693538,-65.44176444974116,0.404,47.73333333333333,0.5066706263440812,Evaluated from north_america_ff5.csv (daily),daily,-0.2541163286584449,0.2359734543653454,-0.3099777677679078,0.1569813197534582,-0.3080975722796441,0.1578677000666113
Freeport-McMoRan,GRU,Uncertainty-adjusted,0.0025,0.0075038739940862,0.1549531790422976,0.2361615071202747,0.0239979626410647,-31.268796048735396,0.224,16.0,1.022498951282632,Evaluated from north_america_ff5.csv (daily),daily,-0.0392068249376542,0.7583155790096556,-0.0765027188919749,0.5635452438184794,-0.0682333854734382,0.6090305777330873
Freeport-McMoRan,GRU,Directional (no uncertainty),0.0025,-0.3175290437319713,-0.720125616631787,-0.9976792063008364,-0.4263362539799619,-74.47854616344577,0.404,47.73333333333333,0.3207767616098753,Evaluated from north_america_ff5.csv (daily),daily,-0.4070996618192457,0.0528329528243304,-0.463619352386421,0.0308784033627258,-0.4626586019792265,0.030470878608219
Freeport-McMoRan,GRU,Uncertainty-adjusted,0.005,-0.1256135619185922,-0.4000984386575641,-0.5915338547473842,-0.271120088885222,-46.33133694927726,0.224,16.0,0.6706535888533688,Evaluated from north_america_ff5.csv (daily),daily,-0.1813318685641751,0.1485484223976347,-0.2211596584689882,0.0904775535319272,-0.2127458084410006,0.1060392520479651
Freeport-McMoRan,GRU,Directional (no uncertainty),0.005,-0.4722081447895547,-1.3225670775407956,-1.7825073959854751,-0.5367777261092037,-87.97089033710897,0.404,47.73333333333333,0.1492780946740588,Evaluated from north_america_ff5.csv (daily),daily,-0.6620718837539135,0.0012296899859532,-0.7196886600839428,0.0005831298515039,-0.7202603181451972,0.0005384775944998
Freeport-McMoRan,Histogram Gradient Boosting,Uncertainty-adjusted,0.0,-0.1645595915315696,-0.7013950752560872,-0.9473507965798376,-0.3168681749401013,-51.933139565902096,0.3266666666666666,13.733333333333334,0.5856060937639028,Evaluated from north_america_ff5.csv (daily),daily,-0.1850341437130996,0.161748678804833,-0.1940210870813071,0.139904634607752,-0.1851157793007425,0.161723132052166
Freeport-McMoRan,Histogram Gradient Boosting,Directional (no uncertainty),0.0,-0.2653988790173062,-0.5470467431489865,-0.7637576516574454,-0.436153031094127,-60.84994488093559,0.796,46.66666666666666,0.3993410983917773,Evaluated from north_america_ff5.csv (daily),daily,-0.2051447090485845,0.3950412282592173,-0.2009733281744365,0.402174264906495,-0.1884560068556193,0.4342403949703698
Freeport-McMoRan,Histogram Gradient Boosting,Uncertainty-adjusted,0.001,-0.2307678251696628,-1.0699963738882885,-1.423320803231821,-0.4009196893634981,-57.55961388078269,0.3266666666666666,13.733333333333334,0.4580208431354117,Evaluated from north_america_ff5.csv (daily),daily,-0.2673167946793557,0.0439102039482623,-0.2759832956386567,0.0362392633138909,-0.2671892092983189,0.0439249197310955
Freeport-McMoRan,Histogram Gradient Boosting,Directional (no uncertainty),0.001,-0.3994159068062591,-1.033677096191052,-1.412045531288706,-0.5095509711545031,-78.38585920095335,0.796,46.66666666666666,0.2192772258810065,Evaluated from north_america_ff5.csv (daily),daily,-0.4064052463836293,0.0922446840467426,-0.4025703610373282,0.0932499590051285,-0.3898399596891512,0.105739074099169
Freeport-McMoRan,Histogram Gradient Boosting,Uncertainty-adjusted,0.0025,-0.320497340216368,-1.6142877427308189,-2.096971839548582,-0.4667348784982997,-68.66796440145099,0.3266666666666666,13.733333333333334,0.3166423001350923,Evaluated from north_america_ff5.csv (daily),daily,-0.39074077112874,0.0035226774077767,-0.3989266084746809,0.0026882276674449,-0.3902993542946835,0.0035110639044991
Freeport-McMoRan,Histogram Gradient Boosting,Directional (no uncertainty),0.0025,-0.556363842399584,-1.7542831751874943,-2.3195823782162206,-0.6101400051934641,-91.18625850851582,0.796,46.66666666666666,0.089019453963013,Evaluated from north_america_ff5.csv (daily),daily,-0.708296052386197,0.0034926475477905,-0.7049659103316654,0.0033924169761199,-0.6919158889394483,0.0042210600169258
Freeport-McMoRan,Histogram Gradient Boosting,Uncertainty-adjusted,0.005,-0.4476659249189456,-2.4872793089301077,-3.1020580064415357,-0.5398938245944367,-82.91740051948699,0.3266666666666666,13.733333333333334,0.170900590098116,Evaluated from north_america_ff5.csv (daily),daily,-0.5964473985443802,1.4433719782802668e-05,-0.6038321298680545,9.563325558411878e-06,-0.5954829292886245,1.4064739476586526e-05
Freeport-McMoRan,Histogram Gradient Boosting,Directional (no uncertainty),0.005,-0.7327636622393509,-2.914932886675854,-3.6531404654733466,-0.7474467141520758,-98.0355720836392,0.796,46.66666666666666,0.0196939068515698,Evaluated from north_america_ff5.csv (daily),daily,-1.211447395723809,9.03590532214256e-07,-1.2089584924888936,7.412149973676184e-07,-1.195375771023278,1.119416710800817e-06
Freeport-McMoRan,LASSO,Uncertainty-adjusted,0.0,-0.2209594524572296,-0.4044395376600062,-0.5751909048227766,-0.3170175969122508,-69.69942823659416,0.0013333333333333,48.0,0.475622170631357,Evaluated from north_america_ff5.csv (daily),daily,0.0117598245919118,0.9499175566965904,-0.0040930582105937,0.9819392142017864,-0.0020204540946081,0.9909949612596884
Freeport-McMoRan,LASSO,Directional (no uncertainty),0.0,-0.2209594524572296,-0.4044395376600062,-0.5751909048227766,-0.3170175969122508,-69.69942823659416,0.0013333333333333,48.0,0.475622170631357,Evaluated from north_america_ff5.csv (daily),daily,0.0117598245919118,0.9499175566965904,-0.0040930582105937,0.9819392142017864,-0.0020204540946081,0.9909949612596884
Freeport-McMoRan,LASSO,Uncertainty-adjusted,0.001,-0.2212231670560419,-0.4052533135400498,-0.5763385656980254,-0.3173959566857588,-69.69942823659416,0.0013333333333333,48.0,0.4751431528322304,Evaluated from north_america_ff5.csv (daily),daily,0.0114301662546097,0.9513201211572252,-0.0043657325106832,0.9807359790290092,-0.0023097720605628,0.9897053254601228
Freeport-McMoRan,LASSO,Directional (no uncertainty),0.001,-0.2212231670560419,-0.4052533135400498,-0.5763385656980254,-0.3173959566857588,-69.69942823659416,0.0013333333333333,48.0,0.4751431528322304,Evaluated from north_america_ff5.csv (daily),daily,0.0114301662546097,0.9513201211572252,-0.0043657325106832,0.9807359790290092,-0.0023097720605628,0.9897053254601228
Freeport-McMoRan,LASSO,Uncertainty-adjusted,0.0025,-0.2216190701598818,-0.4064724123722077,-0.5780555461135969,-0.3179639715373242,-69.6994282365941,0.0013333333333333,48.0,0.4744246261335409,Evaluated from north_america_ff5.csv (daily),daily,0.0109356787486566,0.95342447698234,-0.0047747439608174,0.9789312335651004,-0.002743749009495,0.9877708739074847
Freeport-McMoRan,LASSO,Directional (no uncertainty),0.0025,-0.2216190701598818,-0.4064724123722077,-0.5780555461135969,-0.3179639715373242,-69.6994282365941,0.0013333333333333,48.0,0.4744246261335409,Evaluated from north_america_ff5.csv (daily),daily,0.0109356787486566,0.95342447698234,-0.0047747439608174,0.9789312335651004,-0.002743749009495,0.9877708739074847
Freeport-McMoRan,LASSO,Uncertainty-adjusted,0.005,-0.2222797943574884,-0.4085000305880094,-0.5809050399943724,-0.318911933686115,-69.69942823659416,0.0013333333333333,48.0,0.4732270816357238,Evaluated from north_america_ff5.csv (daily),daily,0.0101115329054013,0.9569329498052926,-0.005456429711041,0.9759237009634906,-0.0034670439243819,0.9845469047802204
Freeport-McMoRan,LASSO,Directional (no uncertainty),0.005,-0.2222797943574884,-0.4085000305880094,-0.5809050399943724,-0.318911933686115,-69.69942823659416,0.0013333333333333,48.0,0.4732270816357238,Evaluated from north_america_ff5.csv (daily),daily,0.0101115329054013,0.9569329498052926,-0.005456429711041,0.9759237009634906,-0.0034670439243819,0.9845469047802204
Freeport-McMoRan,LSTM,Uncertainty-adjusted,0.0,-0.23708943447681,-0.5169932216344313,-0.7191315513181183,-0.4153734159985703,-57.07862500223801,0.3346666666666666,41.06666666666667,0.4469090356102802,Evaluated from north_america_ff5.csv (daily),daily,-0.2840260315636995,0.1858943441970332,-0.35038917773808,0.1072666315630774,-0.3475284438790125,0.1078264076892965
Freeport-McMoRan,LSTM,Directional (no uncertainty),0.0,-0.3329005854550664,-0.7827945858929374,-1.066699095867018,-0.4702854712372429,-70.7869168442011,0.34,48.0,0.2997489135026336,Evaluated from north_america_ff5.csv (daily),daily,-0.410694425538267,0.0633532829288605,-0.4799611750703104,0.0312424128874205,-0.4773744266577838,0.0306731646438087
Freeport-McMoRan,LSTM,Uncertainty-adjusted,0.001,-0.2989493975860582,-0.7370399153235373,-1.0177994373980863,-0.4527134013626734,-66.03502275086545,0.3346666666666666,41.06666666666667,0.347472736574693,Evaluated from north_america_ff5.csv (daily),daily,-0.3685004407369438,0.0818723350699769,-0.4350835210103327,0.0426781987870724,-0.4323101904082466,0.0425763554788581
Freeport-McMoRan,LSTM,Directional (no uncertainty),0.001,-0.3878630024172638,-0.9911436835259612,-1.3384758391176372,-0.501663451219349,-77.31537975798706,0.34,48.0,0.2320710246861937,Evaluated from north_america_ff5.csv (daily),daily,-0.4967149632856897,0.0225487708778903,-0.5656398676362143,0.0099610758716132,-0.5632399403173207,0.0095985756563125
Freeport-McMoRan,LSTM,Uncertainty-adjusted,0.0025,-0.3825966251285195,-1.0653004567300457,-1.454637874501829,-0.4993078546356377,-76.62539685215118,0.3346666666666666,41.06666666666667,0.2380638483224212,Evaluated from north_america_ff5.csv (daily),daily,-0.4952120544968108,0.0171233095942373,-0.5621250359187118,0.0076158631038271,-0.5594828102020978,0.0074596089405817
Freeport-McMoRan,LSTM,Directional (no uncertainty),0.0025,-0.4621080665945798,-1.3009977280295988,-1.7335502348254583,-0.5469234103874653,-84.49228133555327,0.34,48.0,0.1579418123425718,Evaluated from north_america_ff5.csv (daily),daily,-0.6257457699068243,0.0033222453767846,-0.6941579064850701,0.0012411446555111,-0.6920382108066262,0.0011498478207972
Freeport-McMoRan,LSTM,Uncertainty-adjusted,0.005,-0.5007134863887429,-1.6044679401036563,-2.147660597327957,-0.5723601899926265,-87.48223498828482,0.3346666666666666,41.06666666666667,0.126541113818953,Evaluated from north_america_ff5.csv (daily),daily,-0.7063980774299226,0.0004647389810784,-0.7738608940993436,0.0001581972175658,-0.7714371765251828,0.0001468091201289
Freeport-McMoRan,LSTM,Directional (no uncertainty),0.005,-0.5667605778101985,-1.8061666725432413,-2.3534635780599347,-0.617426206845324,-91.7940591971312,0.34,48.0,0.0829532179391128,Evaluated from north_america_ff5.csv (daily),daily,-0.8407971142753814,4.782616589374244e-05,-0.9083546378998296,1.3648628998857616e-05,-0.906701994955469,1.14439878032979e-05
Freeport-McMoRan,LightGBM,Uncertainty-adjusted,0.0,0.0437417655189595,0.3469016470239375,0.5333707096671607,0.2647416264193097,-16.52243589743587,0.1373333333333333,6.933333333333333,1.1358905713081282,Evaluated from north_america_ff5.csv (daily),daily,0.0191637410784407,0.8405372791541657,0.0070709413165669,0.9395796001746828,0.0103721627781034,0.9124082287988964
Freeport-McMoRan,LightGBM,Directional (no uncertainty),0.0,-0.0708689759991565,0.0260977185009285,0.0375620344380489,-0.14622784028777,-48.46476283838253,0.796,46.66666666666666,0.8035093911547985,Evaluated from north_america_ff5.csv (daily),daily,0.0004284325764491,0.9986220991642262,-0.025210581289141,0.9221721639563422,-0.0291873210137127,0.9103247299949584
Freeport-McMoRan,LightGBM,Uncertainty-adjusted,0.001,0.008283999339697,0.1310753400376818,0.1988394482705225,0.0501378815516095,-16.522435897435905,0.1373333333333333,6.933333333333333,1.0248571124917245,Evaluated from north_america_ff5.csv (daily),daily,-0.0154418242871552,0.8702404374769914,-0.0279321036473501,0.762720783900897,-0.0245289988567177,0.7931309584325621
Freeport-McMoRan,LightGBM,Directional (no uncertainty),0.001,-0.2400931326383313,-0.4622171012532512,-0.6506091781949516,-0.394065371552428,-60.92723440592607,0.796,46.66666666666666,0.4416926238446299,Evaluated from north_america_ff5.csv (daily),daily,-0.2001411165274204,0.4179357763237427,-0.224747152833344,0.3817695639611193,-0.2285329108933106,0.3759051391876142
Freeport-McMoRan,LightGBM,Uncertainty-adjusted,0.0025,-0.0427201580743735,-0.1937853456283612,-0.2877017835700087,-0.1910053042444697,-22.365953785082105,0.1373333333333333,6.933333333333333,0.8781489690141815,Evaluated from north_america_ff5.csv (daily),daily,-0.0673501723355493,0.4729162155197418,-0.0804366710932257,0.3806842462969798,-0.0768807413089495,0.4073166120732795
Freeport-McMoRan,LightGBM,Directional (no uncertainty),0.0025,-0.438362037192532,-1.188738092114414,-1.6182898748888812,-0.5278095172382317,-83.05307556526557,0.796,46.66666666666666,0.1796117269814859,Evaluated from north_america_ff5.csv (daily),daily,-0.5009954401832246,0.041889014347275,-0.5240520101496489,0.0406146008879042,-0.5275512957127075,0.0402069203345696
Freeport-McMoRan,LightGBM,Uncertainty-adjusted,0.005,-0.1222135021583231,-0.7317628256153527,-1.0454962955202816,-0.3320811498581419,-36.802300344518265,0.1373333333333333,6.933333333333333,0.678444884289269,Evaluated from north_america_ff5.csv (daily),daily,-0.1538640857495394,0.1005865224367169,-0.1679442835030184,0.0665918334674786,-0.1641336453960024,0.0762199455975516
Freeport-McMoRan,LightGBM,Directional (no uncertainty),0.005,-0.6613638742434096,-2.367494471548073,-3.0501761945153056,-0.6879417511089408,-96.1366094116706,0.796,46.66666666666666,0.0398470970033295,Evaluated from north_america_ff5.csv (daily),daily,-1.0024193129428984,4.795024245139949e-05,-1.0228934390101572,6.435548572810427e-05,-1.0259152704117027,6.655258998297904e-05
Freeport-McMoRan,Random Forest,Uncertainty-adjusted,0.0,-0.0896720464041018,-0.2923205428047981,-0.4141513957906388,-0.2772137284066603,-32.3476210646238,0.364,15.333333333333332,0.7560754136653741,Evaluated from north_america_ff5.csv (daily),daily,-0.114643050474689,0.393553412652905,-0.1567224381184162,0.2697724154605045,-0.1575925384059149,0.2722743196526472
Freeport-McMoRan,Random Forest,Directional (no uncertainty),0.0,0.2443872762227141,0.7362316420325902,1.1481963533088682,0.703337472554254,-34.7468016079383,0.716,48.66666666666667,1.9169281665329867,Evaluated from north_america_ff5.csv (daily),daily,0.252230675195017,0.2531680025712283,0.1913962914276591,0.392103389566265,0.19567866191087,0.3791237295492656
Freeport-McMoRan,Random Forest,Uncertainty-adjusted,0.001,-0.1696679268422248,-0.6881839262931801,-0.9565789754336816,-0.3714148173421885,-45.68151805475977,0.364,15.333333333333332,0.5750134681064762,Evaluated from north_america_ff5.csv (daily),daily,-0.2063923400460614,0.1257684180684156,-0.2482071423340054,0.0817299251926393,-0.248890703464184,0.0842926013174162
Freeport-McMoRan,Random Forest,Directional (no uncertainty),0.001,0.0384713971569528,0.2950197271159996,0.4500084625772377,0.0935558368345616,-41.12132225911597,0.716,48.66666666666667,1.1189051462622916,Evaluated from north_america_ff5.csv (daily),daily,0.0714323311524299,0.7480111425429034,0.0093129929268022,0.9669854702326274,0.0135018253753276,0.9519254579607644
Freeport-McMoRan,Random Forest,Uncertainty-adjusted,0.0025,-0.2768200306500522,-1.2739801707488392,-1.719715343499223,-0.441146503554315,-62.75013593436981,0.364,15.333333333333332,0.3811451888373495,Evaluated from north_america_ff5.csv (daily),daily,-0.3440162744031201,0.0114005955560679,-0.385434198657389,0.0074060399590485,-0.3858379510515873,0.0080408401965658
Freeport-McMoRan,Random Forest,Directional (no uncertainty),0.0025,-0.2088534638327976,-0.3610621345045456,-0.5325765144568453,-0.3450686837570514,-60.525186336480985,0.716,48.66666666666667,0.4979586111108626,Evaluated from north_america_ff5.csv (daily),daily,-0.199765184911451,0.3758842260508434,-0.2638119548244829,0.2469800542358895,-0.2597634294279863,0.2524175124323778
Freeport-McMoRan,Random Forest,Uncertainty-adjusted,0.005,-0.4258753851829561,-2.217357770168201,-2.8493444628925837,-0.5262383273831576,-80.92823403812498,0.364,15.333333333333332,0.1917593061353137,Evaluated from north_america_ff5.csv (daily),daily,-0.5733894983315506,3.793649642515335e-05,-0.614145959196362,3.0845035994658914e-05,-0.6140833636972595,3.8179547508629046e-05
Freeport-McMoRan,Random Forest,Directional (no uncertainty),0.005,-0.4981590847332173,-1.4254365143704733,-1.9880832427172097,-0.5713841922640697,-87.18461089364357,0.716,48.66666666666667,0.1284776484925762,Evaluated from north_america_ff5.csv (daily),daily,-0.6517610450179186,0.005172037991691,-0.7190202010766252,0.0021894087324409,-0.7152055207668423,0.002246611535734
Freeport-McMoRan,Random Walk,Uncertainty-adjusted,0.0,0.0,0.0,0.0,,0.0,0.0,0.0,1.0,Evaluated from north_america_ff5.csv (daily),daily,-0.0456127770364065,0.0,-0.0456313857345315,0.0,-0.0456315443327095,0.0
Freeport-McMoRan,Random Walk,Directional (no uncertainty),0.0,0.0,0.0,0.0,,0.0,0.0,0.0,1.0,Evaluated from north_america_ff5.csv (daily),daily,-0.0456127770364065,0.0,-0.0456313857345315,0.0,-0.0456315443327095,0.0
Freeport-McMoRan,Random Walk,Uncertainty-adjusted,0.001,0.0,0.0,0.0,,0.0,0.0,0.0,1.0,Evaluated from north_america_ff5.csv (daily),daily,-0.0456127770364065,0.0,-0.0456313857345315,0.0,-0.0456315443327095,0.0
Freeport-McMoRan,Random Walk,Directional (no uncertainty),0.001,0.0,0.0,0.0,,0.0,0.0,0.0,1.0,Evaluated from north_america_ff5.csv (daily),daily,-0.0456127770364065,0.0,-0.0456313857345315,0.0,-0.0456315443327095,0.0
Freeport-McMoRan,Random Walk,Uncertainty-adjusted,0.0025,0.0,0.0,0.0,,0.0,0.0,0.0,1.0,Evaluated from north_america_ff5.csv (daily),daily,-0.0456127770364065,0.0,-0.0456313857345315,0.0,-0.0456315443327095,0.0
Freeport-McMoRan,Random Walk,Directional (no uncertainty),0.0025,0.0,0.0,0.0,,0.0,0.0,0.0,1.0,Evaluated from north_america_ff5.csv (daily),daily,-0.0456127770364065,0.0,-0.0456313857345315,0.0,-0.0456315443327095,0.0
Freeport-McMoRan,Random Walk,Uncertainty-adjusted,0.005,0.0,0.0,0.0,,0.0,0.0,0.0,1.0,Evaluated from north_america_ff5.csv (daily),daily,-0.0456127770364065,0.0,-0.0456313857345315,0.0,-0.0456315443327095,0.0
Freeport-McMoRan,Random Walk,Directional (no uncertainty),0.005,0.0,0.0,0.0,,0.0,0.0,0.0,1.0,Evaluated from north_america_ff5.csv (daily),daily,-0.0456127770364065,0.0,-0.0456313857345315,0.0,-0.0456315443327095,0.0
Freeport-McMoRan,Random Walk + Drift,Uncertainty-adjusted,0.0,-0.392825689965996,-1.0132858598757568,-1.3744668808343703,-0.4834501209518587,-81.25464715833901,0.0146666666666666,48.0,0.226516252999549,Evaluated from north_america_ff5.csv (daily),daily,-0.2964617825657832,0.1771489870678928,-0.2918470488237648,0.1747050512654895,-0.2959157414844341,0.1614691289671073
Freeport-McMoRan,Random Walk + Drift,Directional (no uncertainty),0.0,-0.392825689965996,-1.0132858598757568,-1.3744668808343703,-0.4834501209518587,-81.25464715833901,0.0146666666666666,48.0,0.226516252999549,Evaluated from north_america_ff5.csv (daily),daily,-0.2964617825657832,0.1771489870678928,-0.2918470488237648,0.1747050512654895,-0.2959157414844341,0.1614691289671073
Freeport-McMoRan,Random Walk + Drift,Uncertainty-adjusted,0.001,-0.3950743904236667,-1.0222785874378275,-1.385997107161013,-0.4851001411091053,-81.44182137741522,0.0146666666666666,48.0,0.2240286101104881,Evaluated from north_america_ff5.csv (daily),daily,-0.3000067315430271,0.1722770692715054,-0.2955444848747621,0.1696201359135163,-0.2996502418804793,0.1565511093515804
Freeport-McMoRan,Random Walk + Drift,Directional (no uncertainty),0.001,-0.3950743904236667,-1.0222785874378275,-1.385997107161013,-0.4851001411091053,-81.44182137741522,0.0146666666666666,48.0,0.2240286101104881,Evaluated from north_america_ff5.csv (daily),daily,-0.3000067315430271,0.1722770692715054,-0.2955444848747621,0.1696201359135163,-0.2996502418804793,0.1565511093515804
Freeport-McMoRan,Random Walk + Drift,Uncertainty-adjusted,0.0025,-0.3984398799007825,-1.0356852616148016,-1.4031449678127892,-0.4875684867262354,-81.71977696427751,0.0146666666666666,48.0,0.2203395068633232,Evaluated from north_america_ff5.csv (daily),daily,-0.3053241550088928,0.1652025816082982,-0.3010906389512582,0.1622547734259108,-0.3052519924745471,0.1494412149395775
Freeport-McMoRan,Random Walk + Drift,Directional (no uncertainty),0.0025,-0.3984398799007825,-1.0356852616148016,-1.4031449678127892,-0.4875684867262354,-81.71977696427751,0.0146666666666666,48.0,0.2203395068633232,Evaluated from north_america_ff5.csv (daily),daily,-0.3053241550088928,0.1652025816082982,-0.3010906389512582,0.1622547734259108,-0.3052519924745471,0.1494412149395775
Freeport-McMoRan,Random Walk + Drift,Uncertainty-adjusted,0.005,-0.4040288648369712,-1.0578008424556766,-1.4313200957535737,-0.4916650702089302,-82.17562916667671,0.0146666666666666,48.0,0.2143026089147682,Evaluated from north_america_ff5.csv (daily),daily,-0.3141865274520024,0.15401746404608,-0.3103342290787515,0.1506570219094949,-0.3145882434646599,0.1382804524288741
Freeport-McMoRan,Random Walk + Drift,Directional (no uncertainty),0.005,-0.4040288648369712,-1.0578008424556766,-1.4313200957535737,-0.4916650702089302,-82.17562916667671,0.0146666666666666,48.0,0.2143026089147682,Evaluated from north_america_ff5.csv (daily),daily,-0.3141865274520024,0.15401746404608,-0.3103342290787515,0.1506570219094949,-0.3145882434646599,0.1382804524288741
Freeport-McMoRan,Selected ARX,Uncertainty-adjusted,0.0,-0.1285826855234988,-0.1279291958445845,-0.1708627801769937,-0.2200011074786084,-58.44638101924164,0.0626666666666666,50.66666666666667,0.6638985812334348,Evaluated from north_america_ff5.csv (daily),daily,-0.1075160095093086,0.6643436203542656,-0.1284480972948223,0.6202439780612556,-0.1210026564097395,0.6334349167123103
Freeport-McMoRan,Selected ARX,Directional (no uncertainty),0.0,-0.1285826855234988,-0.1279291958445845,-0.1708627801769937,-0.2200011074786084,-58.44638101924164,0.0626666666666666,50.66666666666667,0.6638985812334348,Evaluated from north_america_ff5.csv (daily),daily,-0.1075160095093086,0.6643436203542656,-0.1284480972948223,0.6202439780612556,-0.1210026564097395,0.6334349167123103
Freeport-McMoRan,Selected ARX,Uncertainty-adjusted,0.001,-0.1422215182013546,-0.1664583788035232,-0.2219695520745887,-0.2429785814994868,-58.53253291860832,0.0626666666666666,50.66666666666667,0.6334491358912604,Evaluated from north_america_ff5.csv (daily),daily,-0.1236063745776523,0.6173479950784522,-0.1442493298235352,0.5772574162421988,-0.1369392496856627,0.5887736006358646
Freeport-McMoRan,Selected ARX,Directional (no uncertainty),0.001,-0.1422215182013546,-0.1664583788035232,-0.2219695520745887,-0.2429785814994868,-58.53253291860832,0.0626666666666666,50.66666666666667,0.6334491358912604,Evaluated from north_america_ff5.csv (daily),daily,-0.1236063745776523,0.6173479950784522,-0.1442493298235352,0.5772574162421988,-0.1369392496856627,0.5887736006358646
Freeport-McMoRan,Selected ARX,Uncertainty-adjusted,0.0025,-0.1623296881797022,-0.224201476935026,-0.2982739615311023,-0.2767214724812664,-58.66176076765844,0.0626666666666666,50.66666666666667,0.5902703429895148,Evaluated from north_america_ff5.csv (daily),daily,-0.1477419221801678,0.5497128468644981,-0.1679511786166048,0.5154911808705624,-0.1608441395995475,0.5246000782365123
Freeport-McMoRan,Selected ARX,Directional (no uncertainty),0.0025,-0.1623296881797022,-0.224201476935026,-0.2982739615311023,-0.2767214724812664,-58.66176076765844,0.0626666666666666,50.66666666666667,0.5902703429895148,Evaluated from north_america_ff5.csv (daily),daily,-0.1477419221801678,0.5497128468644981,-0.1679511786166048,0.5154911808705624,-0.1608441395995475,0.5246000782365123
Freeport-McMoRan,Selected ARX,Uncertainty-adjusted,0.005,-0.1949280083117521,-0.3201319676590125,-0.4242722480819293,-0.3310758752941319,-58.87714051607526,0.0626666666666666,50.66666666666667,0.5245008352846438,Evaluated from north_america_ff5.csv (daily),daily,-0.1879678348510272,0.4459848408537007,-0.2074542599383875,0.4208290399546444,-0.2006856227893555,0.4263329326266926
Freeport-McMoRan,Selected ARX,Directional (no uncertainty),0.005,-0.1949280083117521,-0.3201319676590125,-0.4242722480819293,-0.3310758752941319,-58.87714051607526,0.0626666666666666,50.66666666666667,0.5245008352846438,Evaluated from north_america_ff5.csv (daily),daily,-0.1879678348510272,0.4459848408537007,-0.2074542599383875,0.4208290399546444,-0.2006856227893555,0.4263329326266926
Freeport-McMoRan,VMD-GRU,Uncertainty-adjusted,0.0,0.1835110270575224,0.6142499541820838,0.9287700579671592,0.45021442999084,-40.76080525923083,0.3293333333333333,50.8,1.651105135868824,Evaluated from north_america_ff5.csv (daily),daily,0.1760893579028947,0.4209291891566956,0.1388380837473574,0.520985298081048,0.1361236830688033,0.5227558612975691
Freeport-McMoRan,VMD-GRU,Directional (no uncertainty),0.0,0.1835110270575224,0.6142499541820838,0.9287700579671592,0.45021442999084,-40.76080525923083,0.3293333333333333,50.8,1.651105135868824,Evaluated from north_america_ff5.csv (daily),daily,0.1760893579028947,0.4209291891566956,0.1388380837473574,0.520985298081048,0.1361236830688033,0.5227558612975691
Freeport-McMoRan,VMD-GRU,Uncertainty-adjusted,0.001,0.0889105241727634,0.4110215794631514,0.614570325358821,0.206244769345897,-43.10922621443549,0.3293333333333333,50.8,1.2885338117117953,Evaluated from north_america_ff5.csv (daily),daily,0.0933560139596821,0.6664319798515491,0.0566032287235853,0.7917306646274566,0.0539056840631186,0.798407772013299
Freeport-McMoRan,VMD-GRU,Directional (no uncertainty),0.001,0.0889105241727634,0.4110215794631514,0.614570325358821,0.206244769345897,-43.10922621443549,0.3293333333333333,50.8,1.2885338117117953,Evaluated from north_america_ff5.csv (daily),daily,0.0933560139596821,0.6664319798515491,0.0566032287235853,0.7917306646274566,0.0539056840631186,0.798407772013299
Freeport-McMoRan,VMD-GRU,Uncertainty-adjusted,0.0025,-0.0393048022087025,0.1074031134042852,0.1579034751492238,-0.0845870366104002,-46.4666972431446,0.3293333333333333,50.8,0.887506387724273,Evaluated from north_america_ff5.csv (daily),daily,-0.0307440019551365,0.8856743129283227,-0.0667490538120725,0.7528761435591456,-0.0694213144454083,0.7394821652328118
Freeport-McMoRan,VMD-GRU,Directional (no uncertainty),0.0025,-0.0393048022087025,0.1074031134042852,0.1579034751492238,-0.0845870366104002,-46.4666972431446,0.3293333333333333,50.8,0.887506387724273,Evaluated from north_america_ff5.csv (daily),daily,-0.0307440019551365,0.8856743129283227,-0.0667490538120725,0.7528761435591456,-0.0694213144454083,0.7394821652328118
Freeport-McMoRan,VMD-GRU,Uncertainty-adjusted,0.005,-0.2209922232099659,-0.3913810380126391,-0.5593146364321369,-0.3624934739931539,-60.9644694497699,0.3293333333333333,50.8,0.4755626275759413,Evaluated from north_america_ff5.csv (daily),daily,-0.2375773618131683,0.2598202400491801,-0.2723361913715029,0.1940924390954456,-0.2749663119596199,0.1832355403271724
Freeport-McMoRan,VMD-GRU,Directional (no uncertainty),0.005,-0.2209922232099659,-0.3913810380126391,-0.5593146364321369,-0.3624934739931539,-60.9644694497699,0.3293333333333333,50.8,0.4755626275759413,Evaluated from north_america_ff5.csv (daily),daily,-0.2375773618131683,0.2598202400491801,-0.2723361913715029,0.1940924390954456,-0.2749663119596199,0.1832355403271724
Freeport-McMoRan,VMD-LASSO-ARX/LSTM,Uncertainty-adjusted,0.0,0.1196929319190638,0.5117802545618373,0.729451309906655,0.2648299970516454,-45.19613837239218,0.3306666666666666,34.266666666666666,1.3999992011751052,Evaluated from north_america_ff5.csv (daily),daily,0.1398378875332919,0.496592287388248,0.17381505328872,0.4038590512677339,0.1754425835758732,0.402149949866722
Freeport-McMoRan,VMD-LASSO-ARX/LSTM,Directional (no uncertainty),0.0,0.1531407466335592,0.5537774943377424,0.7949480994999516,0.3005889208396812,-50.9469032344132,0.428,50.53333333333333,1.5281766746654597,Evaluated from north_america_ff5.csv (daily),daily,0.2135249344582952,0.3945911409537064,0.264916719717284,0.2919469825236709,0.2552297740313172,0.3098326240319369
Freeport-McMoRan,VMD-LASSO-ARX/LSTM,Uncertainty-adjusted,0.001,0.0299680839446279,0.2539366486380275,0.3584991559622327,0.0594811830630849,-50.38246114379425,0.3306666666666666,34.266666666666666,1.0918575309828615,Evaluated from north_america_ff5.csv (daily),daily,0.0564926418606315,0.7856497191088394,0.0896108609584528,0.670063250052785,0.091229813613943,0.6662207476177048
Freeport-McMoRan,VMD-LASSO-ARX/LSTM,Directional (no uncertainty),0.001,0.0350917530946728,0.2904307399381346,0.4116267968635564,0.0603728170387478,-58.12508810405613,0.428,50.53333333333333,1.108102426947887,Evaluated from north_america_ff5.csv (daily),daily,0.1058912825260326,0.6771390022120023,0.1569298066189711,0.5381163614614519,0.1474891737396141,0.5627623842719665
Freeport-McMoRan,VMD-LASSO-ARX/LSTM,Uncertainty-adjusted,0.0025,-0.0915034977365065,-0.1307816710682703,-0.1819132414703874,-0.1597866439490818,-57.26604894816203,0.3306666666666666,34.266666666666666,0.7515572733781513,Evaluated from north_america_ff5.csv (daily),daily,-0.0685252266483591,0.7455531567526308,-0.0366954275369479,0.8637686011040886,-0.0350893413289521,0.87037508723916
Freeport-McMoRan,VMD-LASSO-ARX/LSTM,Directional (no uncertainty),0.0025,-0.1200718592579438,-0.1035594255279207,-0.1439741359749069,-0.179234547307554,-66.99147070788136,0.428,50.53333333333333,0.6833832132038709,Evaluated from north_america_ff5.csv (daily),daily,-0.0555591953723608,0.8309613940475233,-0.0050505630284983,0.984553881066905,-0.0141217266979405,0.9568242220889366
Freeport-McMoRan,VMD-LASSO-ARX/LSTM,Uncertainty-adjusted,0.005,-0.2633623138869758,-0.7619315218312093,-1.0327376349186754,-0.3948287972645353,-66.70291420271533,0.3306666666666666,34.266666666666666,0.402645102437828,Evaluated from north_america_ff5.csv (daily),daily,-0.2768883408300104,0.2038264434182289,-0.2472059083626158,0.2628335499209983,-0.2456212662337771,0.2683401247630779
Freeport-McMoRan,VMD-LASSO-ARX/LSTM,Directional (no uncertainty),0.005,-0.3294659930049941,-0.7510443537810709,-1.0111588757666503,-0.4233016989963201,-77.8324286876671,0.428,50.53333333333333,0.3043653879904725,Evaluated from north_america_ff5.csv (daily),daily,-0.3246433252030172,0.2324703060449634,-0.2750178457742807,0.3129965211187182,-0.2834732274271982,0.2983452993979933
Freeport-McMoRan,VMD-LSTM,Uncertainty-adjusted,0.0,0.1722750646239683,0.7244558690232656,1.09802229864163,0.6917831651642297,-24.903043800302683,0.196,18.53333333333333,1.6048890781961924,Evaluated from north_america_ff5.csv (daily),daily,0.0922571379148318,0.5109991517397243,0.0558747608151372,0.6992018999436671,0.0654738516580779,0.6493303243229898
Freeport-McMoRan,VMD-LSTM,Directional (no uncertainty),0.0,0.423257518735159,1.0654679977435184,1.6555773595005083,1.2462562613842316,-33.96231833291188,0.356,52.13333333333333,2.858912433794273,Evaluated from north_america_ff5.csv (daily),daily,0.341856351568652,0.1256090438892488,0.293660475108878,0.1841544955198778,0.2965135303840592,0.1745734071620652
Freeport-McMoRan,VMD-LSTM,Uncertainty-adjusted,0.001,0.1156962930645273,0.5402823598534163,0.8129884205217839,0.4589781285836935,-25.20736520093907,0.196,18.53333333333333,1.3851790771245247,Evaluated from north_america_ff5.csv (daily),daily,0.0424388197436563,0.7605067279035389,0.0057792549340998,0.9678859898210556,0.0154896889397038,0.9137153992392196
Freeport-McMoRan,VMD-LSTM,Directional (no uncertainty),0.001,0.3008248161748414,0.844690092773661,1.29714064772867,0.8588342439922739,-35.02711009477956,0.356,52.13333333333333,2.187444006359505,Evaluated from north_america_ff5.csv (daily),daily,0.2524858764421194,0.2516858017294633,0.2039240477617696,0.3502505553255735,0.2065844319030899,0.3378602948921384
Freeport-McMoRan,VMD-LSTM,Uncertainty-adjusted,0.0025,0.0358078501380627,0.2645983293039764,0.3935820823894367,0.1395358655439069,-25.662112030111228,0.196,18.53333333333333,1.1103855562239446,Evaluated from north_america_ff5.csv (daily),daily,-0.0322886575131067,0.8146655095253172,-0.0693640038874563,0.6256499008249398,-0.0594865551378571,0.6744281506238368
Freeport-McMoRan,VMD-LSTM,Directional (no uncertainty),0.0025,0.1362521036450368,0.5142261738501939,0.7755573619704983,0.3646768660168609,-37.362420362233,0.356,52.13333333333333,1.4625249195538748,Evaluated from north_america_ff5.csv (daily),daily,0.1184301637523207,0.5841362968852203,0.0693194067411073,0.7466938893332273,0.0716907841816358,0.7349949602866137
Freeport-McMoRan,VMD-LSTM,Uncertainty-adjusted,0.005,-0.0850651056026906,-0.1908017081707569,-0.2779591418405303,-0.2952425817506567,-28.81193664487437,0.196,18.53333333333333,0.7675202721736875,Evaluated from north_america_ff5.csv (daily),daily,-0.1568344529410452,0.2483602719525978,-0.19460276859005,0.1659968546014959,-0.1844469619337922,0.1875211365535222
Freeport-McMoRan,VMD-LSTM,Directional (no uncertainty),0.005,-0.0939066828397166,-0.0299934783727652,-0.0438664484130872,-0.2026415256056066,-46.34128299176129,0.356,52.13333333333333,0.745655926702313,Evaluated from north_america_ff5.csv (daily),daily,-0.1049960240640105,0.619180312642443,-0.1550216616266636,0.4601502847340218,-0.1531319620207878,0.4594623037701059
Freeport-McMoRan,XGBoost,Uncertainty-adjusted,0.0,-0.0617765904614467,-0.4475940258435878,-0.6189784874609124,-0.3224747192345932,-19.157033645327616,0.036,2.8000000000000003,0.8271383725020565,Evaluated from north_america_ff5.csv (daily),daily,-0.0986602717189107,0.1490672916987001,-0.1077626597129257,0.1100460503373327,-0.1066156344465388,0.1171172028093525
Freeport-McMoRan,XGBoost,Directional (no uncertainty),0.0,-0.0821059123692287,-0.0050045452857588,-0.0072826298633161,-0.1893590669160785,-43.35990544652239,0.78,48.266666666666666,0.7749320241940173,Evaluated from north_america_ff5.csv (daily),daily,-0.0670142890273746,0.8051384242427349,-0.1208724553780839,0.664810405636735,-0.104537221288373,0.7052138886867776
Freeport-McMoRan,XGBoost,Uncertainty-adjusted,0.001,-0.0703118754727661,-0.5181519097202718,-0.7116833222873358,-0.3398278536543385,-20.69043920816599,0.036,2.8000000000000003,0.8049441058969068,Evaluated from north_america_ff5.csv (daily),daily,-0.1077846018420364,0.1154890342544661,-0.1170788842781268,0.0832963756238088,-0.1159536180345537,0.0892169932522824
Freeport-McMoRan,XGBoost,Directional (no uncertainty),0.001,-0.2464263726175737,-0.4827649765029326,-0.6870861956552963,-0.4025566900814843,-61.215321640212416,0.78,48.266666666666666,0.4308267415593286,Evaluated from north_america_ff5.csv (daily),daily,-0.2639622337104656,0.3318925450571156,-0.3178470482390489,0.2546682156993607,-0.3012932803079846,0.2757166798757632
Freeport-McMoRan,XGBoost,Uncertainty-adjusted,0.0025,-0.0829852914638532,-0.6223492360076288,-0.8459168310596917,-0.3617654035432668,-22.938979419000272,0.036,2.8000000000000003,0.7727245445318027,Evaluated from north_america_ff5.csv (daily),daily,-0.1214710970267249,0.0775020578475825,-0.1310532211259284,0.0540894808307792,-0.129960593416576,0.058512456544588
Freeport-McMoRan,XGBoost,Directional (no uncertainty),0.0025,-0.4398527701140527,-1.1910249559488832,-1.639813523912075,-0.5269161350021889,-83.47680795772662,0.78,48.266666666666666,0.1781965873904692,Evaluated from north_america_ff5.csv (daily),daily,-0.5593841507351025,0.0406554406976674,-0.613308937530497,0.0283591446120716,-0.5964273688374017,0.0314014087096753
Freeport-McMoRan,XGBoost,Uncertainty-adjusted,0.005,-0.1037663664549024,-0.790878735157063,-1.056076156117533,-0.3729466626121188,-27.823379817404103,0.036,2.8000000000000003,0.721766201825959,Evaluated from north_america_ff5.csv (daily),daily,-0.1442819223345391,0.038812427925079,-0.154343782538931,0.0258495437818329,-0.1533055523866131,0.0284366780460213
Freeport-McMoRan,XGBoost,Directional (no uncertainty),0.005,-0.6590201262808623,-2.33403278083211,-3.0436909946898885,-0.6858734861241712,-96.08479400551614,0.78,48.266666666666666,0.0406735184767545,Evaluated from north_america_ff5.csv (daily),daily,-1.051754012442831,0.0001461557117479,-1.10574541968291,9.1214736685963e-05,-1.0883175163864307,0.0001017301756478
Ganfeng Lithium,ARIMA,Uncertainty-adjusted,0.0,0.09227139562278,0.5116845084532001,0.7087019992768835,0.4196849888407054,-21.985869896767355,0.188,9.866666666666667,1.300406253002932,Evaluated from emerging_monthly_ff5.csv (monthly),monthly,0.0631042018409911,0.4033590563069303,0.0224673174515673,0.793727014527189,0.0208285850167341,0.811692868588246
Ganfeng Lithium,ARIMA,Directional (no uncertainty),0.0,0.0203407385891885,0.2755446842887231,0.3875111962087488,0.040951294280944,-49.67056340061442,0.5213333333333333,47.46666666666667,1.0617626912773075,Evaluated from emerging_monthly_ff5.csv (monthly),monthly,0.1148353995429314,0.7294278753574941,0.1332333894882463,0.6886246597232053,0.1573405265101651,0.6605659755635367
Ganfeng Lithium,ARIMA,Uncertainty-adjusted,0.001,0.0416259911116914,0.296267203307386,0.4059194887773362,0.1744995104100916,-23.854503095089544,0.188,9.866666666666667,1.129051402284723,Evaluated from emerging_monthly_ff5.csv (monthly),monthly,0.0134701667257052,0.8496004241751604,-0.0221025922601416,0.7871908604333246,-0.0237847629534604,0.7768676438977631
Ganfeng Lithium,ARIMA,Directional (no uncertainty),0.001,-0.1053214728378132,-0.0084984066334301,-0.0118064849621457,-0.1944995606114912,-54.149979828587206,0.5213333333333333,47.46666666666667,0.7180452734191943,Evaluated from emerging_monthly_ff5.csv (monthly),monthly,-0.02063089226878,0.9487774908146328,-0.0046213369746538,0.988509442252572,0.0163827982424429,0.9622321297201686
Ganfeng Lithium,ARIMA,Uncertainty-adjusted,0.0025,-0.0300612384581152,-0.0253239475811271,-0.0341228279774955,-0.1131089275907396,-26.577246463590743,0.188,9.866666666666667,0.9131635284580156,Evaluated from emerging_monthly_ff5.csv (monthly),monthly,-0.0604585815808195,0.3661487609191778,-0.0885211297326214,0.2516446406154187,-0.0902651597532983,0.2602634387554959
Ganfeng Lithium,ARIMA,Directional (no uncertainty),0.0025,-0.2657649520469628,-0.4339357511678288,-0.5917883494234664,-0.4079203302197639,-65.15119065131762,0.5213333333333333,47.46666666666667,0.3987491184188896,Evaluated from emerging_monthly_ff5.csv (monthly),monthly,-0.2211352989919566,0.4689083901477715,-0.2085894836377212,0.4926244039310811,-0.1920959246772937,0.5581152749455596
Ganfeng Lithium,ARIMA,Uncertainty-adjusted,0.005,-0.1389537205701081,-0.5531130994632891,-0.7243055129922173,-0.3486671574852513,-39.85282742782733,0.188,9.866666666666667,0.6406583217307884,Evaluated from emerging_monthly_ff5.csv (monthly),monthly,-0.1822949379769166,0.0070581494295886,-0.1980664245060947,0.0072583142367492,-0.1999051142303573,0.0106890369636224
Ganfeng Lithium,ARIMA,Directional (no uncertainty),0.005,-0.472520155755802,-1.1349962360371255,-1.500444111888673,-0.5454100135712459,-86.63576832075849,0.5213333333333333,47.46666666666667,0.1490156061791472,Evaluated from emerging_monthly_ff5.csv (monthly),monthly,-0.548245790709476,0.0504162909658335,-0.5411655111092294,0.0509361058261171,-0.5318169787284603,0.0757395921484026
Ganfeng Lithium,CEEMDAN-LSTM,Uncertainty-adjusted,0.0,0.0273092983286351,0.2481314290004655,0.3335338707759605,0.1018378153964865,-26.816461274538835,0.04,4.133333333333333,1.0834903721104585,Evaluated from emerging_monthly_ff5.csv (monthly),monthly,0.0061073347563938,0.9136746675874028,0.0141647927304404,0.8351988121138021,0.0234872865851039,0.703219144518236
Ganfeng Lithium,CEEMDAN-LSTM,Directional (no uncertainty),0.0,-0.3935659102167945,-0.8489608191585591,-1.1217977058622877,-0.4705626544563273,-83.63730238463309,0.1986666666666666,45.86666666666667,0.225695364062265,Evaluated from emerging_monthly_ff5.csv (monthly),monthly,-0.437469673855313,0.0042934640903677,-0.3388178562361583,0.0622576112546017,-0.2873779952333604,0.0387032150197148
Ganfeng Lithium,CEEMDAN-LSTM,Uncertainty-adjusted,0.001,0.0170001943742814,0.1860400696048002,0.2492727388930964,0.0630502579076695,-26.962925987037902,0.04,4.133333333333333,1.051450416564961,Evaluated from emerging_monthly_ff5.csv (monthly),monthly,-0.0036326527587365,0.9482197855305592,0.0054641236517113,0.9346229195583634,0.0146794564926691,0.8060629221181156
Ganfeng Lithium,CEEMDAN-LSTM,Directional (no uncertainty),0.001,-0.4233069880037512,-0.9568681829756188,-1.25953577975753,-0.4944578519368523,-85.6103278258411,0.1986666666666666,45.86666666666667,0.1943237397830845,Evaluated from emerging_monthly_ff5.csv (monthly),monthly,-0.4864847373512693,0.0009731251653561,-0.395893111305095,0.0277396491758235,-0.3445523781785772,0.0127942003019173
Ganfeng Lithium,CEEMDAN-LSTM,Uncertainty-adjusted,0.0025,0.0017112008051549,0.0928720350256119,0.1238216405408788,0.0062952648779517,-27.182347976305365,0.04,4.133333333333333,1.005101475490432,Evaluated from emerging_monthly_ff5.csv (monthly),monthly,-0.0181989533165376,0.7437711183506586,-0.0075459128873086,0.9069166301585744,0.0015104396859399,0.9789135240961936
Ganfeng Lithium,CEEMDAN-LSTM,Directional (no uncertainty),0.0025,-0.4653075686806994,-1.1176492204567614,-1.4627793945542378,-0.5279268147907322,-88.13865021520932,0.1986666666666666,45.86666666666667,0.155162162327661,Evaluated from emerging_monthly_ff5.csv (monthly),monthly,-0.5594348063915422,6.349204240018216e-05,-0.4808043253439029,0.006797494093622,-0.4296078934968726,0.0018782289905773
Ganfeng Lithium,CEEMDAN-LSTM,Uncertainty-adjusted,0.005,-0.0233109259629252,-0.0619232184366097,-0.0818420542904411,-0.0835776914265627,-27.89132550210233,0.04,4.133333333333333,0.9322081277440116,Evaluated from emerging_monthly_ff5.csv (monthly),monthly,-0.04236005469344,0.450674751863376,-0.0291204464761277,0.6356967304173378,-0.0203244024501078,0.702241462127267
Ganfeng Lithium,CEEMDAN-LSTM,Directional (no uncertainty),0.005,-0.5288613491840072,-1.381653723216376,-1.790708083507829,-0.5785238013925427,-91.41565963422856,0.1986666666666666,45.86666666666667,0.1064702747525702,Evaluated from emerging_monthly_ff5.csv (monthly),monthly,-0.6795097621551421,1.6787092348147861e-07,-0.6204757793877692,0.0004020518315926,-0.5695087410971376,4.48535411818968e-05
Ganfeng Lithium,Dynamic Selected,Uncertainty-adjusted,0.0,-0.0221871188448165,-0.1025837131563465,-0.1459818153717886,-0.1216509802026265,-18.238339557857067,0.0853333333333333,3.6,0.9354040979654892,Evaluated from emerging_monthly_ff5.csv (monthly),monthly,-0.0536458271203005,0.4283094398028785,-0.0202405427037315,0.6971580972802478,-0.0048019888356047,0.935212813446458
Ganfeng Lithium,Dynamic Selected,Directional (no uncertainty),0.0,0.0830518049649358,0.3996317543914068,0.5842145244730732,0.1719752964044772,-48.29286920930909,0.448,39.06666666666666,1.2680100909794776,Evaluated from emerging_monthly_ff5.csv (monthly),monthly,0.0515394378002652,0.8207697896977912,0.2141199004061151,0.3826426813534496,0.2027416198277378,0.3420826795003976
Ganfeng Lithium,Dynamic Selected,Uncertainty-adjusted,0.001,-0.0430141188796714,-0.2642200035414855,-0.3700862571502089,-0.2041632448713066,-21.06849296345441,0.0853333333333333,3.6,0.8773466489536874,Evaluated from emerging_monthly_ff5.csv (monthly),monthly,-0.0741436092497156,0.2977631350813661,-0.0355409347220766,0.5026881996114276,-0.0201352755309883,0.740898097355368
Ganfeng Lithium,Dynamic Selected,Directional (no uncertainty),0.001,-0.0329080007043555,0.1308833001547886,0.1889685666133068,-0.0562239626013796,-58.53020523947914,0.448,39.06666666666666,0.9052100691646564,Evaluated from emerging_monthly_ff5.csv (monthly),monthly,-0.0591116409312139,0.7899721881848708,0.101118586728457,0.676654156654006,0.0859720550535793,0.6786862277186316
Ganfeng Lithium,Dynamic Selected,Uncertainty-adjusted,0.0025,-0.073465719981809,-0.5051848030506959,-0.6910266469552975,-0.2844176688103499,-25.830223659837426,0.0853333333333333,3.6,0.7968443326476571,Evaluated from emerging_monthly_ff5.csv (monthly),monthly,-0.1047335414725346,0.1749737507571108,-0.0583824881645467,0.291182644043291,-0.0430259356590774,0.5038390237342761
Ganfeng Lithium,Dynamic Selected,Directional (no uncertainty),0.0025,-0.1843291071248,-0.2699634102590015,-0.3824656434965216,-0.2624325449100132,-70.23866159130739,0.448,39.06666666666666,0.5453203202065476,Evaluated from emerging_monthly_ff5.csv (monthly),monthly,-0.2228290574705931,0.2993162697614719,-0.0659353970860657,0.7834919290446679,-0.086596770087464,0.6655589638815116
Ganfeng Lithium,Dynamic Selected,Uncertainty-adjusted,0.005,-0.1221815608931832,-0.8982447157234553,-1.1823572508393867,-0.3450041562398109,-35.41451854517814,0.0853333333333333,3.6,0.6785183617479723,Evaluated from emerging_monthly_ff5.csv (monthly),monthly,-0.15530189044964,0.0801641905775365,-0.0961631449105779,0.1138630604643647,-0.0808878799978072,0.2594668148673459
Ganfeng Lithium,Dynamic Selected,Directional (no uncertainty),0.005,-0.3865555018065079,-0.9259214664708858,-1.270290370398035,-0.4571907238922028,-84.5501628982417,0.448,39.06666666666666,0.2335494220392283,Evaluated from emerging_monthly_ff5.csv (monthly),monthly,-0.4897803984416975,0.0171988258636555,-0.3379655322090776,0.15907741528632,-0.3674610481874105,0.0565198396543325
Ganfeng Lithium,Elastic Net,Uncertainty-adjusted,0.0,0.1183308907458631,0.6366311633376752,0.9364242918573924,0.8553614865745,-13.834021358589284,0.1533333333333333,7.733333333333333,1.394936786714346,Evaluated from emerging_monthly_ff5.csv (monthly),monthly,0.1238332669011865,0.0773130808657782,0.137576803924572,0.0289956467988343,0.1563949720098661,0.0085214110727415
Ganfeng Lithium,Elastic Net,Directional (no uncertainty),0.0,0.1768516820710608,0.584484718123862,0.8262768220232003,0.3695575453236829,-47.85497801598461,0.5586666666666666,48.93333333333334,1.6236086128057805,Evaluated from emerging_monthly_ff5.csv (monthly),monthly,0.335704236576713,0.1804237183130754,0.5654695692780076,0.0300917574678952,0.6050032139470445,0.0388467006863772
Ganfeng Lithium,Elastic Net,Uncertainty-adjusted,0.001,0.0758648341351346,0.4524768634693091,0.6564099379063563,0.48915853530882,-15.509252861598132,0.1533333333333333,7.733333333333333,1.2431312988304344,Evaluated from emerging_monthly_ff5.csv (monthly),monthly,0.0828052507934536,0.1997688685630668,0.10059744454997,0.0924072830235746,0.1192384195974269,0.0318395967501548
Ganfeng Lithium,Elastic Net,Directional (no uncertainty),0.001,0.0223198291524213,0.2799570923616688,0.3906780609231764,0.0431496935998056,-51.7265067034494,0.5586666666666666,48.93333333333334,1.0679037139056609,Evaluated from emerging_monthly_ff5.csv (monthly),monthly,0.1842528084240413,0.444301948961857,0.4049850790947057,0.1052760438427527,0.443713824158738,0.1141062499841456
Ganfeng Lithium,Elastic Net,Uncertainty-adjusted,0.0025,0.0150960740477088,0.1769220647891739,0.2513482687555414,0.0774350165377816,-19.49515183527244,0.1533333333333333,7.733333333333333,1.0456022575348396,Evaluated from emerging_monthly_ff5.csv (monthly),monthly,0.0217256071365434,0.7139597337771071,0.0455097278230048,0.4214250312288697,0.0638858934233422,0.2138386576967642
Ganfeng Lithium,Elastic Net,Directional (no uncertainty),0.0025,-0.1727159848575473,-0.1765846524882624,-0.2416590097165891,-0.2992040801683294,-57.72514357437204,0.5586666666666666,48.93333333333334,0.5687540507296885,Evaluated from emerging_monthly_ff5.csv (monthly),monthly,-0.0394266465299574,0.8621754096188982,0.1680879654473829,0.4742904000070481,0.2056134466338539,0.4356454909034066
Ganfeng Lithium,Elastic Net,Uncertainty-adjusted,0.005,-0.0788333874023319,-0.2772426005091774,-0.3804061471965954,-0.2429991636987376,-32.44183486164872,0.1533333333333333,7.733333333333333,0.7831837301590734,Evaluated from emerging_monthly_ff5.csv (monthly),monthly,-0.0788553307582986,0.1874836434288873,-0.045297580914791,0.4205390622522622,-0.0273603044289116,0.582682223472224
Ganfeng Lithium,Elastic Net,Directional (no uncertainty),0.005,-0.4194793791777109,-0.9297084843570684,-1.2313508797429231,-0.5096594773169194,-82.30581355732699,0.5586666666666666,48.93333333333334,0.1981875378736323,Evaluated from emerging_monthly_ff5.csv (monthly),monthly,-0.4030883093001457,0.0510210924017606,-0.2167413266846976,0.3074480852953477,-0.1812093717513699,0.4464155703904191
Ganfeng Lithium,GRU,Uncertainty-adjusted,0.0,-0.0086863368283369,0.0039571624652994,0.0050318047953575,-0.0525260871369851,-16.537186190327628,0.0413333333333333,1.7333333333333332,0.9743690673716776,Evaluated from emerging_monthly_ff5.csv (monthly),monthly,-0.0349747666428957,0.3800459850332256,-0.0726791605140373,0.1997921058522872,-0.0727792876457985,0.2402442148029758
Ganfeng Lithium,GRU,Directional (no uncertainty),0.0,-0.0126717609349465,0.2049721652488793,0.2834230974707761,-0.0234845424668086,-53.9578786891673,0.412,48.0,0.9627566867034816,Evaluated from emerging_monthly_ff5.csv (monthly),monthly,0.0176491947741575,0.9053856151681312,-0.3232469790069737,0.053811331182903,-0.3860659822954415,0.0411950219267228
Ganfeng Lithium,GRU,Uncertainty-adjusted,0.001,-0.0190558839229945,-0.0731188759701059,-0.0921783564961357,-0.1095874199922059,-17.38875130407286,0.0413333333333333,1.7333333333333332,0.9443473058198396,Evaluated from emerging_monthly_ff5.csv (monthly),monthly,-0.0462980525636512,0.2041206550472738,-0.083511920332127,0.126198091978173,-0.0836909686395866,0.1633823981535147
Ganfeng Lithium,GRU,Directional (no uncertainty),0.001,-0.110177481306632,-0.0194776777098385,-0.0266824383110565,-0.1904375364741211,-57.854918387691015,0.412,48.0,0.706508251975489,Evaluated from emerging_monthly_ff5.csv (monthly),monthly,-0.0905460235319717,0.5274653238788582,-0.4157356863136919,0.0106498039514123,-0.4755130356573333,0.0099067608783279
Ganfeng Lithium,GRU,Uncertainty-adjusted,0.0025,-0.0344264518121396,-0.1872193418206938,-0.2330555722267504,-0.1845779297160732,-18.651445416630303,0.0413333333333333,1.7333333333333332,0.9009866015750828,Evaluated from emerging_monthly_ff5.csv (monthly),monthly,-0.063218831568733,0.0530456356164764,-0.0997112194306662,0.0559410335229385,-0.1000051480870085,0.0835354786624133
Ganfeng Lithium,GRU,Directional (no uncertainty),0.0025,-0.2389797485180728,-0.3552832222611094,-0.4798579722223358,-0.3598233612901913,-66.41585128358015,0.412,48.0,0.4436214545130673,Evaluated from emerging_monthly_ff5.csv (monthly),monthly,-0.250824815498357,0.0662796471010955,-0.5529283315846478,0.0004074119716297,-0.608202029662023,0.0006373257778028
Ganfeng Lithium,GRU,Uncertainty-adjusted,0.005,-0.0595609494617006,-0.3725187072543866,-0.4544353323653748,-0.2514822165721435,-23.683960748220223,0.0413333333333333,1.7333333333333332,0.8329653723321129,Evaluated from emerging_monthly_ff5.csv (monthly),monthly,-0.0912502837348258,0.0032573029907481,-0.1265779812680119,0.0115216346449608,-0.1270541571425126,0.0229916987481272
Ganfeng Lithium,GRU,Directional (no uncertainty),0.005,-0.4141837823415683,-0.9084331130796112,-1.1976987268316073,-0.5065473723601366,-81.76605090492875,0.412,48.0,0.2036168254167421,Evaluated from emerging_monthly_ff5.csv (monthly),monthly,-0.5126718480838457,6.515261921606188e-05,-0.7775334690737024,1.575097073402062e-07,-0.8254555169736402,1.1682352565222402e-06
Ganfeng Lithium,Histogram Gradient Boosting,Uncertainty-adjusted,0.0,-0.0654557246782034,-0.1743205829324453,-0.2418029371511567,-0.1630289587707435,-40.14975325349983,0.224,9.866666666666667,0.8175223740633367,Evaluated from emerging_monthly_ff5.csv (monthly),monthly,-0.081747305045007,0.4163047830872934,-0.1951966183940298,0.1440039881082395,-0.1709000539201074,0.1667897104352196
Ganfeng Lithium,Histogram Gradient Boosting,Directional (no uncertainty),0.0,0.0164124651991279,0.2657229655700193,0.3891282781305201,0.0223431488790174,-73.45636592226714,0.7213333333333334,47.06666666666667,1.049643002253449,Evaluated from emerging_monthly_ff5.csv (monthly),monthly,0.0702876834014063,0.8501224679764092,-0.0941201066533675,0.778539970845426,-0.0648663146687043,0.8410258835402944
Ganfeng Lithium,Histogram Gradient Boosting,Uncertainty-adjusted,0.001,-0.1168519730649324,-0.4165175326900301,-0.5690097263605436,-0.2544919512629313,-45.91578338137911,0.224,9.866666666666667,0.6908526464865568,Evaluated from emerging_monthly_ff5.csv (monthly),monthly,-0.1377511544784799,0.1605146088725144,-0.2406882401381181,0.0736945126650198,-0.216985591363802,0.0805533965123706
Ganfeng Lithium,Histogram Gradient Boosting,Directional (no uncertainty),0.001,-0.1525276914602439,-0.1273631297624495,-0.1831763179014258,-0.1914343238493852,-79.67625052456536,0.7213333333333334,47.06666666666667,0.6110656149316553,Evaluated from emerging_monthly_ff5.csv (monthly),monthly,-0.1119067388171878,0.7582714117447559,-0.274239277560051,0.3991386030627236,-0.2459402889439197,0.432300066384174
Ganfeng Lithium,Histogram Gradient Boosting,Uncertainty-adjusted,0.0025,-0.1887920723532619,-0.7774929263773759,-1.0380879433319852,-0.3441595001847237,-54.85598167475543,0.224,9.866666666666667,0.5364880812568812,Evaluated from emerging_monthly_ff5.csv (monthly),monthly,-0.2209214015375224,0.0255141149706527,-0.3083394631424028,0.0251747517934497,-0.2854927240248325,0.0246402257588658
Ganfeng Lithium,Histogram Gradient Boosting,Directional (no uncertainty),0.0025,-0.3552193654843897,-0.7164627998991344,-1.002656971608914,-0.4101126995812919,-86.61506113979254,0.7213333333333334,47.06666666666667,0.2708780196813611,Evaluated from emerging_monthly_ff5.csv (monthly),monthly,-0.3801567769053655,0.2803118868829051,-0.5393811603645445,0.0841082392299462,-0.5124409395070804,0.0869378661523488
Ganfeng Lithium,Histogram Gradient Boosting,Uncertainty-adjusted,0.005,-0.2961316586225347,-1.3675844341159709,-1.7583241966574863,-0.4336182321313526,-68.29317512018957,0.224,9.866666666666667,0.3516458141865793,Evaluated from emerging_monthly_ff5.csv (monthly),monthly,-0.3573438848504727,0.0012198901301372,-0.4195490936318392,0.0042960990023559,-0.3980379934276574,0.0035685424539286
Ganfeng Lithium,Histogram Gradient Boosting,Directional (no uncertainty),0.005,-0.5919069234915159,-1.6863590147834708,-2.2535392690296305,-0.6181515698606571,-95.75433475400584,0.7213333333333334,47.06666666666667,0.069429704671608,Evaluated from emerging_monthly_ff5.csv (monthly),monthly,-0.8141132710417162,0.0152612170575117,-0.9681772621033906,0.000978484053648,-0.9433145259332558,0.0007619288087264
Ganfeng Lithium,LASSO,Uncertainty-adjusted,0.0,0.1183308907458631,0.6366311633376752,0.9364242918573924,0.8553614865745,-13.834021358589284,0.1533333333333333,7.733333333333333,1.394936786714346,Evaluated from emerging_monthly_ff5.csv (monthly),monthly,0.1238332669011865,0.0773130808657782,0.137576803924572,0.0289956467988343,0.1563949720098661,0.0085214110727415
Ganfeng Lithium,LASSO,Directional (no uncertainty),0.0,0.1768516820710608,0.584484718123862,0.8262768220232003,0.3695575453236829,-47.85497801598461,0.5586666666666666,48.93333333333334,1.6236086128057805,Evaluated from emerging_monthly_ff5.csv (monthly),monthly,0.335704236576713,0.1804237183130754,0.5654695692780076,0.0300917574678952,0.6050032139470445,0.0388467006863772
Ganfeng Lithium,LASSO,Uncertainty-adjusted,0.001,0.0758648341351346,0.4524768634693091,0.6564099379063563,0.48915853530882,-15.509252861598132,0.1533333333333333,7.733333333333333,1.2431312988304344,Evaluated from emerging_monthly_ff5.csv (monthly),monthly,0.0828052507934536,0.1997688685630668,0.10059744454997,0.0924072830235746,0.1192384195974269,0.0318395967501548
Ganfeng Lithium,LASSO,Directional (no uncertainty),0.001,0.0223198291524213,0.2799570923616688,0.3906780609231764,0.0431496935998056,-51.7265067034494,0.5586666666666666,48.93333333333334,1.0679037139056609,Evaluated from emerging_monthly_ff5.csv (monthly),monthly,0.1842528084240413,0.444301948961857,0.4049850790947057,0.1052760438427527,0.443713824158738,0.1141062499841456
Ganfeng Lithium,LASSO,Uncertainty-adjusted,0.0025,0.0150960740477088,0.1769220647891739,0.2513482687555414,0.0774350165377816,-19.49515183527244,0.1533333333333333,7.733333333333333,1.0456022575348396,Evaluated from emerging_monthly_ff5.csv (monthly),monthly,0.0217256071365434,0.7139597337771071,0.0455097278230048,0.4214250312288697,0.0638858934233422,0.2138386576967642
Ganfeng Lithium,LASSO,Directional (no uncertainty),0.0025,-0.1727159848575473,-0.1765846524882624,-0.2416590097165891,-0.2992040801683294,-57.72514357437204,0.5586666666666666,48.93333333333334,0.5687540507296885,Evaluated from emerging_monthly_ff5.csv (monthly),monthly,-0.0394266465299574,0.8621754096188982,0.1680879654473829,0.4742904000070481,0.2056134466338539,0.4356454909034066
Ganfeng Lithium,LASSO,Uncertainty-adjusted,0.005,-0.0788333874023319,-0.2772426005091774,-0.3804061471965954,-0.2429991636987376,-32.44183486164872,0.1533333333333333,7.733333333333333,0.7831837301590734,Evaluated from emerging_monthly_ff5.csv (monthly),monthly,-0.0788553307582986,0.1874836434288873,-0.045297580914791,0.4205390622522622,-0.0273603044289116,0.582682223472224
Ganfeng Lithium,LASSO,Directional (no uncertainty),0.005,-0.4194793791777109,-0.9297084843570684,-1.2313508797429231,-0.5096594773169194,-82.30581355732699,0.5586666666666666,48.93333333333334,0.1981875378736323,Evaluated from emerging_monthly_ff5.csv (monthly),monthly,-0.4030883093001457,0.0510210924017606,-0.2167413266846976,0.3074480852953477,-0.1812093717513699,0.4464155703904191
Ganfeng Lithium,LSTM,Uncertainty-adjusted,0.0,0.072650527329499,0.4744471446181099,0.7117258707103123,0.7245560621676888,-10.026902143658424,0.1,4.8,1.2321102070231582,Evaluated from emerging_monthly_ff5.csv (monthly),monthly,0.0773653365362162,0.1746778230484612,0.0692634800260253,0.2822366843075771,0.062675298628621,0.3482730660785107
Ganfeng Lithium,LSTM,Directional (no uncertainty),0.0,0.1418487372865486,0.5177885861446246,0.7594545807123841,0.4260763756724855,-33.29185690304133,0.4093333333333333,47.46666666666667,1.4840690058892096,Evaluated from emerging_monthly_ff5.csv (monthly),monthly,0.2361366039440404,0.1890274044226874,0.1724992117266049,0.3842789732245866,0.2608155059429829,0.1988155689939058
Ganfeng Lithium,LSTM,Uncertainty-adjusted,0.001,0.0458609078776697,0.3360274345226909,0.4968616566007102,0.3690917568815817,-12.425340588785785,0.1,4.8,1.142768145025121,Evaluated from emerging_monthly_ff5.csv (monthly),monthly,0.0509884433885546,0.3295793358021923,0.0428143222759459,0.4922440290961093,0.036548638756888,0.5716543183017115
Ganfeng Lithium,LSTM,Directional (no uncertainty),0.001,0.0299087112050702,0.2946670753658766,0.427627835734192,0.0730328129655639,-40.95242944999613,0.4093333333333333,47.46666666666667,1.091670219121068,Evaluated from emerging_monthly_ff5.csv (monthly),monthly,0.1286959906109554,0.4513964366624344,0.066885758055993,0.7265020792384036,0.1525218605514736,0.4369665268169229
Ganfeng Lithium,LSTM,Uncertainty-adjusted,0.0025,0.0068777169957368,0.1293752251323747,0.187208991074883,0.0417347703591631,-16.479585095468856,0.1,4.8,1.0206088138538698,Evaluated from emerging_monthly_ff5.csv (monthly),monthly,0.0116397984440884,0.803973415360929,0.003324366257959,0.955709865850104,-0.0024661123836244,0.9682530647496684
Ganfeng Lithium,LSTM,Directional (no uncertainty),0.0025,-0.1181076499589073,-0.0399122830420944,-0.056994722449125,-0.2027788581192924,-58.244558162678864,0.4093333333333333,47.46666666666667,0.6879333361537487,Evaluated from emerging_monthly_ff5.csv (monthly),monthly,-0.0305741749033117,0.846944831965047,-0.0896859950334834,0.6217342198606919,-0.0080215906212338,0.9658116229242816
Ganfeng Lithium,LSTM,Uncertainty-adjusted,0.005,-0.0550127348704814,-0.2102316522989826,-0.2936026338078874,-0.2249055946429514,-24.46036745231563,0.1,4.8,0.8450121703846624,Evaluated from emerging_monthly_ff5.csv (monthly),monthly,-0.0533681968269172,0.2221553186313589,-0.0620053974894202,0.2809879713978483,-0.0670263466956925,0.2596182948040523
Ganfeng Lithium,LSTM,Directional (no uncertainty),0.005,-0.3197661212548865,-0.5930469463246232,-0.8240190616840821,-0.4168106193653595,-76.71736428927028,0.4093333333333333,47.46666666666667,0.3176574908539714,Evaluated from emerging_monthly_ff5.csv (monthly),monthly,-0.2910598705448153,0.0377632893363603,-0.3457850654635511,0.04099539215012,-0.2706123213354713,0.1222217841560311
Ganfeng Lithium,LightGBM,Uncertainty-adjusted,0.0,-0.1233064209541177,-0.7923295423440839,-0.9903329320327778,-0.2609980029532496,-47.24420093597596,0.108,4.133333333333333,0.6759339237655255,Evaluated from emerging_monthly_ff5.csv (monthly),monthly,-0.1136620694300354,0.2155502348470154,-0.073233409226758,0.5649814306558834,-0.0442437636935414,0.7128504141981942
Ganfeng Lithium,LightGBM,Directional (no uncertainty),0.0,-0.184890834206105,-0.2108636226508677,-0.2986605632740394,-0.2644699660897084,-69.90995497136714,0.6493333333333333,45.73333333333333,0.5442033868989372,Evaluated from emerging_monthly_ff5.csv (monthly),monthly,-0.1463720312780045,0.5768749392555766,-0.1103171435433757,0.6895123416985973,-0.0378936193134128,0.872184273317756
Ganfeng Lithium,LightGBM,Uncertainty-adjusted,0.001,-0.1469407621593096,-0.9685868862218066,-1.1967274689981156,-0.2927828827342572,-50.18762052858112,0.108,4.133333333333333,0.6231332472395453,Evaluated from emerging_monthly_ff5.csv (monthly),monthly,-0.1408090696202864,0.1300953952976668,-0.0968339920498378,0.4419778316884108,-0.0683403020934505,0.5644301201902691
Ganfeng Lithium,LightGBM,Directional (no uncertainty),0.001,-0.3082282752911122,-0.5641521118290037,-0.7861909007026954,-0.4036545963306238,-76.35941175773205,0.6493333333333333,45.73333333333333,0.3339633661093042,Evaluated from emerging_monthly_ff5.csv (monthly),monthly,-0.306952356784861,0.2302696215792231,-0.2686806147809276,0.3179213448766861,-0.1948280466671214,0.3916534930862235
Ganfeng Lithium,LightGBM,Uncertainty-adjusted,0.0025,-0.1812471709284827,-1.2281047025143603,-1.491457111658801,-0.3314188310928393,-54.688253630859776,0.108,4.133333333333333,0.5514755100912141,Evaluated from emerging_monthly_ff5.csv (monthly),monthly,-0.1812798449734141,0.0615603445112549,-0.1320274417899671,0.2912014811551545,-0.1042793576066176,0.3743479667906174
Ganfeng Lithium,LightGBM,Directional (no uncertainty),0.0025,-0.4594762469572129,-1.0908811192333814,-1.4839812765822655,-0.5240035992267893,-87.68570437974246,0.6493333333333333,45.73333333333333,0.1602529022232143,Evaluated from emerging_monthly_ff5.csv (monthly),monthly,-0.5437824970762134,0.0279480264385225,-0.5022323045296674,0.0534700304671006,-0.4263204783337899,0.0495676418700932
Ganfeng Lithium,LightGBM,Uncertainty-adjusted,0.005,-0.2354964697921113,-1.6436451724386625,-1.9412979973453537,-0.3779106965689817,-62.31537554511245,0.108,4.133333333333333,0.4496920027378445,Evaluated from emerging_monthly_ff5.csv (monthly),monthly,-0.2480701693325214,0.0218450655889384,-0.1901339153595492,0.1330887645969455,-0.1636327509717646,0.167877582651214
Ganfeng Lithium,LightGBM,Directional (no uncertainty),0.005,-0.6423042867655743,-1.9515593425168567,-2.551864068430061,-0.6681990262691506,-96.12469661200224,0.6493333333333333,45.73333333333333,0.0468998908109096,Evaluated from emerging_monthly_ff5.csv (monthly),monthly,-0.9279527901457088,8.77665185999111e-05,-0.8810655313400523,0.0004182234843931,-0.8019396759296005,9.068797956022792e-05
Ganfeng Lithium,Random Forest,Uncertainty-adjusted,0.0,0.0179068774279653,0.3764073319001572,0.6433682867653678,0.2732561295700541,-6.5531475748194055,0.0133333333333333,0.5333333333333333,1.0542427450141372,Evaluated from emerging_monthly_ff5.csv (monthly),monthly,-0.0395916285146881,0.1120238322133407,-0.0621964272147599,0.0454839956281894,-0.0540962022580682,0.0338515025414035
Ganfeng Lithium,Random Forest,Directional (no uncertainty),0.0,-0.1326210892719758,-0.0763075500235966,-0.1080586208539105,-0.2068175890063348,-64.12466652820017,0.6626666666666666,46.0,0.6547836001389946,Evaluated from emerging_monthly_ff5.csv (monthly),monthly,-0.0851556453219835,0.7203103710336737,-0.0551211693041072,0.8038280910357664,-0.0089745758302207,0.9660756793108962
Ganfeng Lithium,Random Forest,Uncertainty-adjusted,0.001,0.0145141836158455,0.31278833609928,0.5197143471398498,0.2122630318665389,-6.837829219819771,0.0133333333333333,0.5333333333333333,1.0438194055487198,Evaluated from emerging_monthly_ff5.csv (monthly),monthly,-0.0429667663833766,0.079381282722959,-0.0648362358691038,0.0413901662991098,-0.0569154095407067,0.0298461387262668
Ganfeng Lithium,Random Forest,Directional (no uncertainty),0.001,-0.2664473545862694,-0.4365874377076009,-0.6077591992139671,-0.3462963755002024,-76.94199923444296,0.6626666666666666,46.0,0.3976471552272971,Evaluated from emerging_monthly_ff5.csv (monthly),monthly,-0.2494343757451139,0.2959081428837978,-0.2226822225825943,0.3122240352341273,-0.1759881790845915,0.4016811445801244
Ganfeng Lithium,Random Forest,Uncertainty-adjusted,0.0025,0.0094400422211773,0.2145787782348276,0.3415718490772602,0.1299606975648408,-7.263766968061589,0.0133333333333333,0.5333333333333333,1.0283582327282732,Evaluated from emerging_monthly_ff5.csv (monthly),monthly,-0.048023170550937,0.047272031217625,-0.068790985684489,0.0368432173587291,-0.0611389344582099,0.0259413528111026
Ganfeng Lithium,Random Forest,Directional (no uncertainty),0.0025,-0.429848423072367,-0.9729198743708732,-1.3203526263291314,-0.4844170522645598,-88.7351964723177,0.6626666666666666,46.0,0.1878368270717099,Evaluated from emerging_monthly_ff5.csv (monthly),monthly,-0.4913209066061709,0.0423339288316873,-0.4693257024201643,0.0332830344612941,-0.4219038434038372,0.0453857442928126
Ganfeng Lithium,Random Forest,Uncertainty-adjusted,0.005,0.0010227819636516,0.0453130045636922,0.0672182032484644,0.012831649307507,-7.970775534313532,0.0133333333333333,0.5333333333333333,1.003047071241752,Evaluated from emerging_monthly_ff5.csv (monthly),monthly,-0.0564337038022786,0.0221775910563116,-0.0753690002671162,0.0322174114275791,-0.0681640466368375,0.0229048071119232
Ganfeng Lithium,Random Forest,Directional (no uncertainty),0.005,-0.6260172919227303,-1.8471714800992052,-2.4047017831752777,-0.6480325152985024,-96.60275945171806,0.6626666666666666,46.0,0.0535457206745665,Evaluated from emerging_monthly_ff5.csv (monthly),monthly,-0.8826714912612232,0.0004721720494794,-0.8681782190995421,0.0001263759889068,-0.819780948480953,0.0001788240973737
Ganfeng Lithium,Random Walk,Uncertainty-adjusted,0.0,0.0,0.0,0.0,,0.0,0.0,0.0,1.0,Evaluated from emerging_monthly_ff5.csv (monthly),monthly,-0.0466058105177595,1.814374876803787e-91,-0.0461994248823143,5.5960279162219876e-127,-0.0459831224207842,4.00404652323835e-141
Ganfeng Lithium,Random Walk,Directional (no uncertainty),0.0,0.0,0.0,0.0,,0.0,0.0,0.0,1.0,Evaluated from emerging_monthly_ff5.csv (monthly),monthly,-0.0466058105177595,1.814374876803787e-91,-0.0461994248823143,5.5960279162219876e-127,-0.0459831224207842,4.00404652323835e-141
Ganfeng Lithium,Random Walk,Uncertainty-adjusted,0.001,0.0,0.0,0.0,,0.0,0.0,0.0,1.0,Evaluated from emerging_monthly_ff5.csv (monthly),monthly,-0.0466058105177595,1.814374876803787e-91,-0.0461994248823143,5.5960279162219876e-127,-0.0459831224207842,4.00404652323835e-141
Ganfeng Lithium,Random Walk,Directional (no uncertainty),0.001,0.0,0.0,0.0,,0.0,0.0,0.0,1.0,Evaluated from emerging_monthly_ff5.csv (monthly),monthly,-0.0466058105177595,1.814374876803787e-91,-0.0461994248823143,5.5960279162219876e-127,-0.0459831224207842,4.00404652323835e-141
Ganfeng Lithium,Random Walk,Uncertainty-adjusted,0.0025,0.0,0.0,0.0,,0.0,0.0,0.0,1.0,Evaluated from emerging_monthly_ff5.csv (monthly),monthly,-0.0466058105177595,1.814374876803787e-91,-0.0461994248823143,5.5960279162219876e-127,-0.0459831224207842,4.00404652323835e-141
Ganfeng Lithium,Random Walk,Directional (no uncertainty),0.0025,0.0,0.0,0.0,,0.0,0.0,0.0,1.0,Evaluated from emerging_monthly_ff5.csv (monthly),monthly,-0.0466058105177595,1.814374876803787e-91,-0.0461994248823143,5.5960279162219876e-127,-0.0459831224207842,4.00404652323835e-141
Ganfeng Lithium,Random Walk,Uncertainty-adjusted,0.005,0.0,0.0,0.0,,0.0,0.0,0.0,1.0,Evaluated from emerging_monthly_ff5.csv (monthly),monthly,-0.0466058105177595,1.814374876803787e-91,-0.0461994248823143,5.5960279162219876e-127,-0.0459831224207842,4.00404652323835e-141
Ganfeng Lithium,Random Walk,Directional (no uncertainty),0.005,0.0,0.0,0.0,,0.0,0.0,0.0,1.0,Evaluated from emerging_monthly_ff5.csv (monthly),monthly,-0.0466058105177595,1.814374876803787e-91,-0.0461994248823143,5.5960279162219876e-127,-0.0459831224207842,4.00404652323835e-141
Ganfeng Lithium,Random Walk + Drift,Uncertainty-adjusted,0.0,0.0,0.0,0.0,,0.0,0.0,0.0,1.0,Evaluated from emerging_monthly_ff5.csv (monthly),monthly,-0.0466058105177595,1.814374876803787e-91,-0.0461994248823143,5.5960279162219876e-127,-0.0459831224207842,4.00404652323835e-141
Ganfeng Lithium,Random Walk + Drift,Directional (no uncertainty),0.0,0.0039420590915726,0.2368411804151828,0.3752637338059285,0.0060519687679563,-65.13680494263022,0.0013333333333333,42.53333333333333,1.0117780762475443,Evaluated from emerging_monthly_ff5.csv (monthly),monthly,-0.0851677433596881,0.7439161003821236,0.1266049720205007,0.5806427086065968,0.1659831612717928,0.4749676478660828
Ganfeng Lithium,Random Walk + Drift,Uncertainty-adjusted,0.001,0.0,0.0,0.0,,0.0,0.0,0.0,1.0,Evaluated from emerging_monthly_ff5.csv (monthly),monthly,-0.0466058105177595,1.814374876803787e-91,-0.0461994248823143,5.5960279162219876e-127,-0.0459831224207842,4.00404652323835e-141
Ganfeng Lithium,Random Walk + Drift,Directional (no uncertainty),0.001,0.0036133863997105,0.236124309743779,0.3741127521802135,0.0055473804754363,-65.13680494263018,0.0013333333333333,42.53333333333333,1.0107925675427034,Evaluated from emerging_monthly_ff5.csv (monthly),monthly,-0.0855077962309223,0.7430074035891392,0.1265147337397204,0.58084540524367,0.165821245790586,0.4753179980040928
Ganfeng Lithium,Random Walk + Drift,Uncertainty-adjusted,0.0025,0.0,0.0,0.0,,0.0,0.0,0.0,1.0,Evaluated from emerging_monthly_ff5.csv (monthly),monthly,-0.0466058105177595,1.814374876803787e-91,-0.0461994248823143,5.5960279162219876e-127,-0.0459831224207842,4.00404652323835e-141
Ganfeng Lithium,Random Walk + Drift,Directional (no uncertainty),0.0025,0.0031199781627693,0.235048203421247,0.3723862797416409,0.0047898851740076,-65.13680494263015,0.0013333333333333,42.53333333333333,1.0093143044854445,Evaluated from emerging_monthly_ff5.csv (monthly),monthly,-0.0860178755377737,0.7416468074105309,0.1263793763185501,0.5811497688025942,0.1655783725687757,0.4758442490701094
Ganfeng Lithium,Random Walk + Drift,Uncertainty-adjusted,0.005,0.0,0.0,0.0,,0.0,0.0,0.0,1.0,Evaluated from emerging_monthly_ff5.csv (monthly),monthly,-0.0466058105177595,1.814374876803787e-91,-0.0461994248823143,5.5960279162219876e-127,-0.0459831224207842,4.00404652323835e-141
Ganfeng Lithium,Random Walk + Drift,Directional (no uncertainty),0.005,0.0022965636840297,0.2332525861099339,0.3695088256773535,0.0035257542737204,-65.13680494263019,0.0013333333333333,42.53333333333333,1.0068505327233417,Evaluated from emerging_monthly_ff5.csv (monthly),monthly,-0.0868680077158597,0.7393857020905646,0.1261537806165994,0.5816578914867453,0.1651735838657584,0.4767232711391335
Ganfeng Lithium,Selected ARX,Uncertainty-adjusted,0.0,0.1298060940138055,0.941176218907047,1.7482089276394566,1.159077857152111,-11.199083237837272,0.0453333333333333,2.933333333333333,1.437969719536684,Evaluated from emerging_monthly_ff5.csv (monthly),monthly,0.0833261260219329,0.2657645257445565,0.0478245118287113,0.5057191842147004,0.0455026491243262,0.4816246873774832
Ganfeng Lithium,Selected ARX,Directional (no uncertainty),0.0,0.170233133327613,0.5697553440978932,0.8729268562953579,0.3835357119732688,-44.38521055882215,0.2626666666666666,45.2,1.5965835042108052,Evaluated from emerging_monthly_ff5.csv (monthly),monthly,0.1662746891904414,0.5263759873142377,0.3627892118512492,0.2031196282133085,0.3919899131962014,0.1668760209956968
Ganfeng Lithium,Selected ARX,Uncertainty-adjusted,0.001,0.1169980495047087,0.8607306755053419,1.5766219533985233,1.028140622210676,-11.379576584878356,0.0453333333333333,2.933333333333333,1.3899946834863537,Evaluated from emerging_monthly_ff5.csv (monthly),monthly,0.0712292175658764,0.3209116696769615,0.0366072600162516,0.6049738720416028,0.0342201669059548,0.5927786946825719
Ganfeng Lithium,Selected ARX,Directional (no uncertainty),0.001,0.0949453631184691,0.425997126779605,0.6470399011080548,0.2070945085187434,-45.84639341601659,0.2626666666666666,45.2,1.3099038870502306,Evaluated from emerging_monthly_ff5.csv (monthly),monthly,0.093418288024976,0.7168900546431376,0.2895356332752944,0.3020699677095682,0.3161665966611897,0.2555257223359919
Ganfeng Lithium,Selected ARX,Uncertainty-adjusted,0.0025,0.0980342361132975,0.7388657205711875,1.3240514374578491,0.8414975814890309,-11.649972414635569,0.0453333333333333,2.933333333333333,1.320932420197417,Evaluated from emerging_monthly_ff5.csv (monthly),monthly,0.0531441641248261,0.4306081797768145,0.0198339934712259,0.7749328367475995,0.0173507575183983,0.7840519563936938
Ganfeng Lithium,Selected ARX,Directional (no uncertainty),0.0025,-0.0092511549989916,0.2108770652518806,0.3161099351689552,-0.0176807728465641,-52.323250116237965,0.2626666666666666,45.2,0.9727177245072536,Evaluated from emerging_monthly_ff5.csv (monthly),monthly,-0.0149596203671574,0.9524140618779458,0.1806043917641407,0.5099688635561472,0.203434035745801,0.4514541738887659
Ganfeng Lithium,Selected ARX,Uncertainty-adjusted,0.005,0.0670795903179273,0.5336922419382594,0.9202614670530048,0.5543898700176864,-12.099714288752663,0.0453333333333333,2.933333333333333,1.2131628073783487,Evaluated from emerging_monthly_ff5.csv (monthly),monthly,0.0231625611556446,0.7054878367298492,-0.0079816899480788,0.906104007113321,-0.0106206640437514,0.8663949375664877
Ganfeng Lithium,Selected ARX,Directional (no uncertainty),0.005,-0.1619120610885586,-0.1444083862953312,-0.2116977458616022,-0.25815236212005,-62.71957372726411,0.2626666666666666,45.2,0.5911466194612051,Evaluated from emerging_monthly_ff5.csv (monthly),monthly,-0.1931962702456915,0.4207258909758979,0.0015557988845779,0.9953002705312138,0.0181896220662577,0.9437954239709944
Ganfeng Lithium,VMD-GRU,Uncertainty-adjusted,0.0,-0.0373423274481407,-0.2717500197199717,-0.377782037231136,-0.1910373994349773,-19.54712928389227,0.0373333333333333,1.4666666666666666,0.8929130216914544,Evaluated from emerging_monthly_ff5.csv (monthly),monthly,-0.1032901500789028,0.0239935705399634,-0.1240693863178458,0.0291605375818199,-0.1332151776247036,0.0200249963888937
Ganfeng Lithium,VMD-GRU,Directional (no uncertainty),0.0,-0.1682869141167828,-0.1655564078097745,-0.2264872139187713,-0.2614716434244847,-64.36143970058671,0.316,46.93333333333333,0.5778644740845246,Evaluated from emerging_monthly_ff5.csv (monthly),monthly,-0.1578603113385568,0.4445034836996505,-0.255323316351839,0.1720954775891094,-0.2876290403313886,0.1581944075089794
Ganfeng Lithium,VMD-GRU,Uncertainty-adjusted,0.001,-0.0463814920195894,-0.3527658023766175,-0.4849611023898666,-0.2209048374686521,-20.99614139331433,0.0373333333333333,1.4666666666666666,0.8681906277600171,Evaluated from emerging_monthly_ff5.csv (monthly),monthly,-0.1128596520995163,0.0193727449328456,-0.1305234532089873,0.0243464168580814,-0.1394968797273156,0.017298802949302
Ganfeng Lithium,VMD-GRU,Directional (no uncertainty),0.001,-0.2320366986755612,-0.3377176825265762,-0.4581120166210842,-0.3286159487933664,-70.61029737831312,0.316,46.93333333333333,0.4557759338246824,Evaluated from emerging_monthly_ff5.csv (monthly),monthly,-0.2372169174340049,0.240104363225224,-0.3306447798292493,0.0709778018405923,-0.3627537817101755,0.0680443546901856
Ganfeng Lithium,VMD-GRU,Uncertainty-adjusted,0.0025,-0.0597980614869727,-0.4733307449178376,-0.6397941931100284,-0.2586027116327529,-23.12352454056755,0.0373333333333333,1.4666666666666666,0.8323404840275698,Evaluated from emerging_monthly_ff5.csv (monthly),monthly,-0.1271582407337036,0.0151111170739035,-0.1401769192977005,0.0190035718720536,-0.1488955235602658,0.0141929439640717
Ganfeng Lithium,VMD-GRU,Directional (no uncertainty),0.0025,-0.3188220478831141,-0.5952785335917292,-0.7973389219776202,-0.408711365639155,-78.00665082668564,0.316,46.93333333333333,0.3189713921516585,Evaluated from emerging_monthly_ff5.csv (monthly),monthly,-0.3549639247119076,0.0704174370085961,-0.4424737355834969,0.0130673660902204,-0.4742691636203222,0.0136117118699659
Ganfeng Lithium,VMD-GRU,Uncertainty-adjusted,0.005,-0.0817845382920349,-0.6704324672728439,-0.8810777484340447,-0.307371516359961,-26.607715399450843,0.0373333333333333,1.4666666666666666,0.7757398037136135,Evaluated from emerging_monthly_ff5.csv (monthly),monthly,-0.1508415431725291,0.0115525463190297,-0.1561925589773601,0.0133704137368373,-0.1644963036577113,0.0107670909170085
Ganfeng Lithium,VMD-GRU,Directional (no uncertainty),0.005,-0.4426718030952637,-1.020087663851129,-1.3380231590043803,-0.5119853407178795,-86.46181206566816,0.316,46.93333333333333,0.1755407798605515,Evaluated from emerging_monthly_ff5.csv (monthly),monthly,-0.5478238838164886,0.0038482071356972,-0.6258222105291752,0.0002929956933779,-0.6570464497813746,0.0003532889506827
Ganfeng Lithium,VMD-LASSO-ARX/LSTM,Uncertainty-adjusted,0.0,-0.1414648226335677,-0.5366466453297534,-0.7083700907469784,-0.260092282712186,-54.390242247252864,0.328,8.0,0.6351136865321912,Evaluated from emerging_monthly_ff5.csv (monthly),monthly,-0.1943388245610577,0.0407135534546483,-0.1549053341195921,0.150699963331333,-0.1444782126457937,0.1528106024555274
Ganfeng Lithium,VMD-LASSO-ARX/LSTM,Directional (no uncertainty),0.0,-0.3442883727365775,-0.6796024706410538,-0.9024047806876606,-0.4095284614065946,-84.0694616325471,1.2413333333333334,46.0,0.2847755066765971,Evaluated from emerging_monthly_ff5.csv (monthly),monthly,-0.4855432118487967,0.0619064564722651,-0.644124091741482,0.009279372836017,-0.608229263942271,0.0132551694532036
Ganfeng Lithium,VMD-LASSO-ARX/LSTM,Uncertainty-adjusted,0.001,-0.2097999976332379,-0.8885996853853341,-1.1451435430976409,-0.3360079208169847,-62.43900355774973,0.328,8.0,0.4961876066525948,Evaluated from emerging_monthly_ff5.csv (monthly),monthly,-0.2744496270540245,0.0070827544666386,-0.2271466790736572,0.0377310194168249,-0.218057570470406,0.0350211978642725
Ganfeng Lithium,VMD-LASSO-ARX/LSTM,Directional (no uncertainty),0.001,-0.5209004795551495,-1.3557176652895648,-1.7473196414688934,-0.5652012490811378,-92.16194769597394,1.2413333333333334,46.0,0.1119144383452079,Evaluated from emerging_monthly_ff5.csv (monthly),monthly,-0.7765476063462076,0.0031594833547951,-0.931665308451128,0.0002181332628465,-0.8930954037124037,0.0003202454719195
Ganfeng Lithium,VMD-LASSO-ARX/LSTM,Uncertainty-adjusted,0.0025,-0.3023927557180565,-1.4085240474049003,-1.7537199719439296,-0.4203192746012931,-71.94358526739003,0.328,8.0,0.342417926944868,Evaluated from emerging_monthly_ff5.csv (monthly),monthly,-0.3929481456957341,0.0006816659976962,-0.3342142848552414,0.0032364114360477,-0.3270765862059775,0.0026626255368096
Ganfeng Lithium,VMD-LASSO-ARX/LSTM,Directional (no uncertainty),0.0025,-0.7011311191525977,-2.36362565368868,-2.9152147205691863,-0.7175656721053905,-97.70967960262472,1.2413333333333334,46.0,0.0274745537208846,Evaluated from emerging_monthly_ff5.csv (monthly),monthly,-1.1992830772344552,7.847518648113648e-06,-1.3492810626336031,1.895554431676079e-07,-1.306991355220251,2.272508293379763e-07
Ganfeng Lithium,VMD-LASSO-ARX/LSTM,Uncertainty-adjusted,0.005,-0.4335680599998541,-2.2414014664083304,-2.6482892302156333,-0.5204424947507369,-83.30758236940456,0.328,8.0,0.1842131538762626,Evaluated from emerging_monthly_ff5.csv (monthly),monthly,-0.5860976975553134,4.525332761475815e-05,-0.5092745445749324,4.313896363458009e-05,-0.5052458923706158,3.290250755111843e-05
Ganfeng Lithium,VMD-LASSO-ARX/LSTM,Directional (no uncertainty),0.005,-0.8643171774973324,-4.008885028114194,-4.606007131260393,-0.8664365421543384,-99.7553929741079,1.2413333333333334,46.0,0.0026195625780417,Evaluated from emerging_monthly_ff5.csv (monthly),monthly,-1.8686270685145183,1.927262443236197e-11,-2.010303878046705,1.235005613033536e-13,-1.9625485389068515,4.8090240595335283e-14
Ganfeng Lithium,VMD-LSTM,Uncertainty-adjusted,0.0,0.0506377830862221,0.3310390222533555,0.4639137087545989,0.1943834157675046,-26.050464689224444,0.124,8.4,1.1583725528027111,Evaluated from emerging_monthly_ff5.csv (monthly),monthly,0.0009924828952539,0.9895233255647848,-0.0509346644570367,0.6049592132765229,-0.0379214712097585,0.7153328898419877
Ganfeng Lithium,VMD-LSTM,Directional (no uncertainty),0.0,-0.2058042266236057,-0.2659911093170072,-0.3694203668014498,-0.3031510489798903,-67.88834388538035,0.404,45.6,0.5036923921656052,Evaluated from emerging_monthly_ff5.csv (monthly),monthly,-0.1840851544388907,0.2508409550737743,-0.1438335521573703,0.4382170634086896,-0.1464671928551947,0.4260173305378832
Ganfeng Lithium,VMD-LSTM,Uncertainty-adjusted,0.001,0.0183455786757349,0.1945044713538446,0.2704356928630683,0.0652996863088891,-28.09443614928604,0.124,8.4,1.05559558707312,Evaluated from emerging_monthly_ff5.csv (monthly),monthly,-0.0306427457258803,0.6897517486018492,-0.0797256797595071,0.422250568701594,-0.0679372223718508,0.5143047428267723
Ganfeng Lithium,VMD-LSTM,Directional (no uncertainty),0.001,-0.2828159901262423,-0.4860053521006413,-0.6689023778542629,-0.3884101863524624,-72.81374177699895,0.404,45.6,0.37181693026468,Evaluated from emerging_monthly_ff5.csv (monthly),monthly,-0.2855088866698647,0.0656333745992338,-0.2448991449959861,0.165447551061093,-0.244968755935821,0.1636233535528046
Ganfeng Lithium,VMD-LSTM,Uncertainty-adjusted,0.0025,-0.0282982476424904,-0.0107093272453291,-0.0147091194674025,-0.0911124724292007,-31.05858823497486,0.124,8.4,0.9181122699171126,Evaluated from emerging_monthly_ff5.csv (monthly),monthly,-0.077874811862542,0.3276992043587352,-0.122724646382985,0.2243996141890101,-0.1127627233452862,0.2819590627282226
Ganfeng Lithium,VMD-LSTM,Directional (no uncertainty),0.0025,-0.3847970155607254,-0.8147030459960357,-1.1060610283662862,-0.4742330409537293,-81.14091223733816,0.404,45.6,0.2355475934593739,Evaluated from emerging_monthly_ff5.csv (monthly),monthly,-0.4360364459878226,0.0032174556576684,-0.3948717295505509,0.0159602795265987,-0.3911634910036465,0.0172015761398007
Ganfeng Lithium,VMD-LSTM,Uncertainty-adjusted,0.005,-0.1014796741204133,-0.3520373530815766,-0.4733404060105236,-0.2551621715082199,-39.77065782148834,0.124,8.4,0.7272608283558659,Evaluated from emerging_monthly_ff5.csv (monthly),monthly,-0.1560102252382886,0.071571419073083,-0.1938926932467726,0.0639487332471931,-0.1869470862581035,0.0797799050186666
Ganfeng Lithium,VMD-LSTM,Directional (no uncertainty),0.005,-0.5240617358906354,-1.354951801296132,-1.7972524067116922,-0.5771792636109794,-90.79704849615918,0.404,45.6,0.1097309737005689,Evaluated from emerging_monthly_ff5.csv (monthly),monthly,-0.682683715191003,7.964008999074557e-07,-0.6405476482232895,9.890887428378207e-06,-0.6307217760099555,1.6348990413595263e-05
Ganfeng Lithium,XGBoost,Uncertainty-adjusted,0.0,-0.0962776041308268,0.0113781429239438,0.0166150877911397,-0.2057707594065401,-46.78876843750757,0.7693333333333333,46.266666666666666,0.7398640401561267,Evaluated from emerging_monthly_ff5.csv (monthly),monthly,-0.0978110063554953,0.563901152579424,-0.3027512710470106,0.0902941023383492,-0.2617073308240021,0.130694219059562
Ganfeng Lithium,XGBoost,Directional (no uncertainty),0.0,-0.0962776041308268,0.0113781429239438,0.0166150877911397,-0.2057707594065401,-46.78876843750757,0.7693333333333333,46.266666666666666,0.7398640401561267,Evaluated from emerging_monthly_ff5.csv (monthly),monthly,-0.0978110063554953,0.563901152579424,-0.3027512710470106,0.0902941023383492,-0.2617073308240021,0.130694219059562
Ganfeng Lithium,XGBoost,Uncertainty-adjusted,0.001,-0.2559275282965613,-0.4072126550564712,-0.5827437114207291,-0.3748974145452597,-68.26601581315101,0.7693333333333333,46.266666666666666,0.4148608874706722,Evaluated from emerging_monthly_ff5.csv (monthly),monthly,-0.2909952483588324,0.0782773881963337,-0.4923286414550595,0.0054026634309863,-0.4495355976184322,0.0079590283305255
Ganfeng Lithium,XGBoost,Directional (no uncertainty),0.001,-0.2559275282965613,-0.4072126550564712,-0.5827437114207291,-0.3748974145452597,-68.26601581315101,0.7693333333333333,46.266666666666666,0.4148608874706722,Evaluated from emerging_monthly_ff5.csv (monthly),monthly,-0.2909952483588324,0.0782773881963337,-0.4923286414550595,0.0054026634309863,-0.4495355976184322,0.0079590283305255
Ganfeng Lithium,XGBoost,Uncertainty-adjusted,0.0025,-0.4445215196602742,-1.0310096203031582,-1.4315475906776798,-0.5162240995432218,-86.11018355276454,0.7693333333333333,46.266666666666666,0.1738125245575847,Evaluated from emerging_monthly_ff5.csv (monthly),monthly,-0.5750525438074776,0.0003462844850152,-0.7711827567970312,1.0674113251967925e-05,-0.7258649344422264,1.0567381386490273e-05
Ganfeng Lithium,XGBoost,Directional (no uncertainty),0.0025,-0.4445215196602742,-1.0310096203031582,-1.4315475906776798,-0.5162240995432218,-86.11018355276454,0.7693333333333333,46.266666666666666,0.1738125245575847,Evaluated from emerging_monthly_ff5.csv (monthly),monthly,-0.5750525438074776,0.0003462844850152,-0.7711827567970312,1.0674113251967925e-05,-0.7258649344422264,1.0567381386490273e-05
Ganfeng Lithium,XGBoost,Uncertainty-adjusted,0.005,-0.6594093250991251,-2.048789178755201,-2.7063675233565005,-0.682988981973263,-96.54757873164915,0.7693333333333333,46.266666666666666,0.0405355037816045,Evaluated from emerging_monthly_ff5.csv (monthly),monthly,-1.0336098586258435,5.639487979854356e-11,-1.221595541443254,2.2745092650931035e-12,-1.1723241666252382,2.1306932388990106e-13
Ganfeng Lithium,XGBoost,Directional (no uncertainty),0.005,-0.6594093250991251,-2.048789178755201,-2.7063675233565005,-0.682988981973263,-96.54757873164915,0.7693333333333333,46.266666666666666,0.0405355037816045,Evaluated from emerging_monthly_ff5.csv (monthly),monthly,-1.0336098586258435,5.639487979854356e-11,-1.221595541443254,2.2745092650931035e-12,-1.1723241666252382,2.1306932388990106e-13
Glencore,ARIMA,Uncertainty-adjusted,0.0,0.0071109559234354,0.1336285927399807,0.2146916440935915,0.0959934813612208,-7.407748758144455,0.064,1.4666666666666666,1.021312604911682,Evaluated from europe_ff5.csv (daily),daily,-0.0391922210003306,0.2366380721185198,-0.0453962609740458,0.2200533454029682,-0.0470005733299275,0.2046053027838623
Glencore,ARIMA,Directional (no uncertainty),0.0,-0.0380676784089681,0.0446137968660319,0.0637465890301097,-0.0684871116926955,-55.58371125326386,0.9186666666666666,46.8,0.8909121335417972,Evaluated from europe_ff5.csv (daily),daily,-0.0323631513575738,0.8674066478157955,-0.0294991922453556,0.8864554440810418,-0.0264626238525183,0.898115875336578
Glencore,ARIMA,Uncertainty-adjusted,0.001,-0.0089776032990935,-0.0892116563980871,-0.1373862344396393,-0.1126963747994242,-7.966186414666683,0.064,1.4666666666666666,0.973517267595994,Evaluated from europe_ff5.csv (daily),daily,-0.0552648692778688,0.0930270394699342,-0.0613464869364688,0.0966096999410568,-0.0629891953069269,0.0885341927015108
Glencore,ARIMA,Directional (no uncertainty),0.001,-0.2371296728376254,-0.6621018516353665,-0.9148261754913136,-0.3257778423341975,-72.78876646078561,0.9186666666666666,46.8,0.4468388862240599,Evaluated from europe_ff5.csv (daily),daily,-0.2639040900787266,0.1805848781273903,-0.2631500873704791,0.2097949546478955,-0.2601298336267771,0.2151907092866585
Glencore,ARIMA,Uncertainty-adjusted,0.0025,-0.0326626268441785,-0.4256319963974144,-0.6153904914475266,-0.3455140326412885,-9.453343065255112,0.064,1.4666666666666666,0.9058937910442156,Evaluated from europe_ff5.csv (daily),daily,-0.0793738416941762,0.0168423032932514,-0.0852718258801032,0.0222731331145723,-0.0869721282724259,0.020083575865026
Glencore,ARIMA,Directional (no uncertainty),0.0025,-0.4616918604408142,-1.710771797092803,-2.248291881737703,-0.5282363123124412,-87.40252225744995,0.9186666666666666,46.8,0.1583058139545357,Evaluated from europe_ff5.csv (daily),daily,-0.6112154981604566,0.002559418383995,-0.6136264300581642,0.0043759882983783,-0.6106306482881654,0.004573784845485
Glencore,ARIMA,Uncertainty-adjusted,0.005,-0.0709707925321266,-0.9738359039821202,-1.2770112388808634,-0.3607107586516983,-19.675263581659884,0.064,1.4666666666666666,0.8032473641834011,Evaluated from europe_ff5.csv (daily),daily,-0.1195554623880218,0.0007110800732588,-0.1251473907861606,0.0014456759044853,-0.1269436832149243,0.0012969924277714
Glencore,ARIMA,Directional (no uncertainty),0.005,-0.6996366347416867,-3.390637561694347,-4.112507262512747,-0.7184193630241746,-97.38554815624369,0.9186666666666666,46.8,0.0278854631189914,Evaluated from europe_ff5.csv (daily),daily,-1.1900678449633393,2.491011635669776e-08,-1.197753667870973,1.172010355178446e-07,-1.1947986727238118,1.250977104594779e-07
Glencore,CEEMDAN-LSTM,Uncertainty-adjusted,0.0,0.0105083366770832,0.158197747880593,0.2494136950124691,0.0707435821842041,-14.854120123181463,0.048,3.733333333333334,1.0316006556514927,Evaluated from europe_ff5.csv (daily),daily,-0.0319834398701596,0.4952081435308278,-0.0141361900651873,0.7842632987869075,-0.0131872516683205,0.7972678938251181
Glencore,CEEMDAN-LSTM,Directional (no uncertainty),0.0,-0.1380253987870842,-0.289391538300888,-0.3874274155614962,-0.2918733823666837,-47.28947794687265,0.2813333333333333,48.13333333333333,0.6427162100863567,Evaluated from europe_ff5.csv (daily),daily,-0.166316841972596,0.3883542941195848,-0.1808360273369222,0.3814533176173559,-0.1856112204888843,0.3712102503100883
Glencore,CEEMDAN-LSTM,Uncertainty-adjusted,0.001,-0.0016453326550553,0.0284523224628215,0.0443951386273536,-0.0100452667589766,-16.379183296303243,0.048,3.733333333333334,0.9951111333475088,Evaluated from europe_ff5.csv (daily),daily,-0.044217972928352,0.3400522384707558,-0.0265179598523176,0.6038512753116027,-0.0254564969972149,0.6161947084905681
Glencore,CEEMDAN-LSTM,Directional (no uncertainty),0.001,-0.1969312924450891,-0.506958772378327,-0.6728942413586702,-0.3525095001268242,-55.86552770187416,0.2813333333333333,48.13333333333333,0.5206260602802164,Evaluated from europe_ff5.csv (daily),daily,-0.2371847526452735,0.2097388916895211,-0.2499685210550743,0.218638996155272,-0.2547944338198207,0.2119464387169657
Glencore,CEEMDAN-LSTM,Uncertainty-adjusted,0.0025,-0.0196245909046698,-0.1655866397954725,-0.2540303527835421,-0.105403786162058,-18.618487645687683,0.048,3.733333333333334,0.942718805116762,Evaluated from europe_ff5.csv (daily),daily,-0.0625697725156408,0.1716483228111824,-0.045090614533013,0.3723746464204355,-0.0438603649905566,0.3822108867705065
Glencore,CEEMDAN-LSTM,Directional (no uncertainty),0.0025,-0.2780204850488079,-0.8328197228766089,-1.091485432429638,-0.4185308424494458,-66.42771735093571,0.2813333333333333,48.13333333333333,0.3792652751404097,Evaluated from europe_ff5.csv (daily),daily,-0.3434866186542897,0.062022755305305,-0.3536672616323023,0.0748866187726076,-0.3585692538162252,0.0721896789015712
Glencore,CEEMDAN-LSTM,Uncertainty-adjusted,0.005,-0.0489312195712084,-0.4832847995477897,-0.7182915994159609,-0.218465449865097,-22.397692450418887,0.048,3.733333333333334,0.8613001864594391,Evaluated from europe_ff5.csv (daily),daily,-0.0931561051611218,0.0406181068403964,-0.0760450390008387,0.1302738936451011,-0.0745334783127927,0.1348262449006838
Glencore,CEEMDAN-LSTM,Directional (no uncertainty),0.005,-0.3958159009104444,-1.3684695113877496,-1.7563311465162852,-0.5017686514012072,-78.88414308169993,0.2813333333333333,48.13333333333333,0.2232123033193045,Evaluated from europe_ff5.csv (daily),daily,-0.5206563953359837,0.0033004787451065,-0.526498495927682,0.0061614637818832,-0.5315272871435661,0.0058871331955013
Glencore,Dynamic Selected,Uncertainty-adjusted,0.0,-0.0797262563453489,-0.3411445521980323,-0.4943734571785375,-0.2106790749124278,-37.84251301582202,0.1386666666666666,13.466666666666663,0.7809265932737678,Evaluated from europe_ff5.csv (daily),daily,-0.0895528570175611,0.4307446288981196,-0.0266125786460766,0.8234029687657812,-0.0304540408499459,0.7975452744498153
Glencore,Dynamic Selected,Directional (no uncertainty),0.0,0.1486194991901839,0.6220431406707752,0.935333499192348,0.4540454576949804,-32.73229511967144,0.5853333333333334,39.46666666666667,1.5104132532565957,Evaluated from europe_ff5.csv (daily),daily,0.1535797556193022,0.3784826323875809,0.260258092122883,0.1484880897602504,0.2554739174408816,0.1561344116619757
Glencore,Dynamic Selected,Uncertainty-adjusted,0.001,-0.1113473824446729,-0.5245457847624562,-0.7498049606564823,-0.2831703898926523,-39.32168984436679,0.1386666666666666,13.466666666666663,0.7037472964372412,Evaluated from europe_ff5.csv (daily),daily,-0.1243278817150049,0.2701347288018231,-0.0611683261866773,0.6044014483277524,-0.0649017501399866,0.580756110304359
Glencore,Dynamic Selected,Directional (no uncertainty),0.001,-0.008901396178766,0.113432460522971,0.166049268302565,-0.023320095833971,-38.17049570524978,0.5853333333333334,39.46666666666667,0.973740085180304,Evaluated from europe_ff5.csv (daily),daily,0.0055998902600132,0.9743149744233096,0.1114363658815327,0.535361782396611,0.106709220023998,0.5527728636176104
Glencore,Dynamic Selected,Uncertainty-adjusted,0.0025,-0.1568346296254255,-0.7978682821895434,-1.1167164164849448,-0.346685340430358,-45.23832171003792,0.1386666666666666,13.466666666666663,0.6018694030755297,Evaluated from europe_ff5.csv (daily),daily,-0.1764904187611707,0.1146276068146095,-0.1130019474975784,0.3331888855832979,-0.1165733140750477,0.3157103462737799
Glencore,Dynamic Selected,Directional (no uncertainty),0.0025,-0.2060478418164034,-0.6465218323399354,-0.9092367977169294,-0.3485936176014673,-59.10832310532129,0.5853333333333334,39.46666666666667,0.5032326955851385,Evaluated from europe_ff5.csv (daily),daily,-0.2163699077789202,0.2151991322170179,-0.1117962234804926,0.5359349043982504,-0.1164378261013272,0.5189770988725391
Glencore,Dynamic Selected,Uncertainty-adjusted,0.005,-0.2277308173932549,-1.2430589375812284,-1.678367189289625,-0.394468681548645,-57.73102607264189,0.1386666666666666,13.466666666666663,0.4634237505576074,Evaluated from europe_ff5.csv (daily),daily,-0.2634279805047802,0.0183951122746887,-0.1993913163490802,0.0854405053054929,-0.2026925873001495,0.0787191148710188
Glencore,Dynamic Selected,Directional (no uncertainty),0.005,-0.4521901171287096,-1.8764877760905976,-2.4729789585644744,-0.5286772341301026,-85.53236037726371,0.5853333333333334,39.46666666666667,0.1667679873157536,Evaluated from europe_ff5.csv (daily),daily,-0.5863195711771431,0.0010657853385245,-0.4838505390838681,0.0091031866945558,-0.488349569643536,0.0084262537868698
Glencore,Elastic Net,Uncertainty-adjusted,0.0,-0.1578868966712453,-0.3607944343953577,-0.4829888686254134,-0.3034884200316578,-52.02402670084601,0.172,47.06666666666667,0.5996366508102094,Evaluated from europe_ff5.csv (daily),daily,-0.1251303786628393,0.5114321092461669,-0.0573734894912515,0.7829266171030365,-0.0632009551628693,0.7620891661225215
Glencore,Elastic Net,Directional (no uncertainty),0.0,-0.1578868966712453,-0.3607944343953577,-0.4829888686254134,-0.3034884200316578,-52.02402670084601,0.172,47.06666666666667,0.5996366508102094,Evaluated from europe_ff5.csv (daily),daily,-0.1251303786628393,0.5114321092461669,-0.0573734894912515,0.7829266171030365,-0.0632009551628693,0.7620891661225215
Glencore,Elastic Net,Uncertainty-adjusted,0.001,-0.1937456079679028,-0.4927157296352332,-0.656283766292967,-0.3370941646827401,-57.475218578834976,0.172,47.06666666666667,0.5267968085684868,Evaluated from europe_ff5.csv (daily),daily,-0.1682526613026388,0.3727991939582165,-0.0988243304943454,0.6327011040743217,-0.1047580229804021,0.6132907607458322
Glencore,Elastic Net,Directional (no uncertainty),0.001,-0.1937456079679028,-0.4927157296352332,-0.656283766292967,-0.3370941646827401,-57.475218578834976,0.172,47.06666666666667,0.5267968085684868,Evaluated from europe_ff5.csv (daily),daily,-0.1682526613026388,0.3727991939582165,-0.0988243304943454,0.6327011040743217,-0.1047580229804021,0.6132907607458322
Glencore,Elastic Net,Uncertainty-adjusted,0.0025,-0.2448147479585316,-0.6890352503340104,-0.9107328140503356,-0.3793862487268718,-64.52915696867521,0.172,47.06666666666667,0.4335747559331764,Evaluated from europe_ff5.csv (daily),daily,-0.2329360852623382,0.2114280016477481,-0.1610005919989861,0.4318638829147512,-0.1670936247067012,0.415768061601976
Glencore,Elastic Net,Directional (no uncertainty),0.0025,-0.2448147479585316,-0.6890352503340104,-0.9107328140503356,-0.3793862487268718,-64.52915696867521,0.172,47.06666666666667,0.4335747559331764,Evaluated from europe_ff5.csv (daily),daily,-0.2329360852623382,0.2114280016477481,-0.1610005919989861,0.4318638829147512,-0.1670936247067012,0.415768061601976
Glencore,Elastic Net,Uncertainty-adjusted,0.005,-0.3231408379524003,-1.009797517481852,-1.3170002546022048,-0.4377723105256569,-73.81481884141728,0.172,47.06666666666667,0.3129901644824995,Evaluated from europe_ff5.csv (daily),daily,-0.3407417918618371,0.0629676534019635,-0.2646276945067207,0.1908822642212549,-0.2709862942505331,0.1814574855397899
Glencore,Elastic Net,Directional (no uncertainty),0.005,-0.3231408379524003,-1.009797517481852,-1.3170002546022048,-0.4377723105256569,-73.81481884141728,0.172,47.06666666666667,0.3129901644824995,Evaluated from europe_ff5.csv (daily),daily,-0.3407417918618371,0.0629676534019635,-0.2646276945067207,0.1908822642212549,-0.2709862942505331,0.1814574855397899
Glencore,GRU,Uncertainty-adjusted,0.0,0.0378562955216024,0.4614637384497306,0.7504342042027903,0.4058704934139001,-9.327185921593264,0.0853333333333333,3.733333333333334,1.1169338489285157,Evaluated from europe_ff5.csv (daily),daily,-0.0036962211857648,0.945888625079116,0.0198949312030325,0.7432526396779113,0.0207106100830079,0.7335197558660054
Glencore,GRU,Directional (no uncertainty),0.0,0.0114936130143579,0.1977639661452257,0.2921616949812445,0.0237367569265283,-48.42115984897919,0.4946666666666666,46.400000000000006,1.034597117996449,Evaluated from europe_ff5.csv (daily),daily,-0.0002413855856461,0.9989440410941676,0.0381903411785393,0.8441673825582767,0.0354864320350113,0.85557141517229
Glencore,GRU,Uncertainty-adjusted,0.001,0.0157565634233569,0.2193438587316401,0.3485815195457086,0.1269993953553517,-12.406801921591182,0.0853333333333333,3.733333333333334,1.0476283772813797,Evaluated from europe_ff5.csv (daily),daily,-0.0251859092275637,0.6368924901655764,-0.0016504773853935,0.9778325721254963,-0.0007780373827446,0.9895623473339312
Glencore,GRU,Directional (no uncertainty),0.001,-0.1072991114154189,-0.1829581762292729,-0.2652992765912365,-0.1893949024827952,-56.65364273738363,0.4946666666666666,46.400000000000006,0.7133317729815221,Evaluated from europe_ff5.csv (daily),daily,-0.1249588415771261,0.482415530561444,-0.0883187215028807,0.6422876196514847,-0.0909797896299884,0.633618060819783
Glencore,GRU,Uncertainty-adjusted,0.0025,-0.016554831229825,-0.1410073746723868,-0.216144155000467,-0.0934853106664034,-17.708483944498965,0.0853333333333333,3.733333333333334,0.9515312787094572,Evaluated from europe_ff5.csv (daily),daily,-0.0574204412902619,0.2708442449411227,-0.0339685902680327,0.556590089415417,-0.0330110085813735,0.568058668948795
Glencore,GRU,Directional (no uncertainty),0.0025,-0.2601972565665514,-0.7486472654660671,-1.055403270517946,-0.3804303973785608,-68.39549582775135,0.4946666666666666,46.400000000000006,0.4078158488686758,Evaluated from europe_ff5.csv (daily),daily,-0.3120350255643459,0.069238085542996,-0.2780823155250109,0.1317383955461902,-0.2806791221274882,0.1299106461511638
Glencore,GRU,Uncertainty-adjusted,0.005,-0.0682432358858519,-0.7198721086077912,-1.0381009807301664,-0.2537675596815527,-26.89202511601121,0.0853333333333333,3.733333333333334,0.810286408413319,Evaluated from europe_ff5.csv (daily),daily,-0.1111446613947588,0.0306577508226595,-0.0878321117390981,0.1181346268712111,-0.0867326272457549,0.1227271871952526
Glencore,GRU,Directional (no uncertainty),0.005,-0.4597631708141103,-1.6618710896157245,-2.2353064855303586,-0.5345548576174993,-86.00860403051351,0.4946666666666666,46.400000000000006,0.1599998613416027,Evaluated from europe_ff5.csv (daily),daily,-0.6238286655430458,0.0001327451235531,-0.5943549722285612,0.0007748208254694,-0.5968446762899875,0.0007895041698692
Glencore,Histogram Gradient Boosting,Uncertainty-adjusted,0.0,0.0205059229375368,0.3639382893820767,0.7241958465398476,0.3243457310126605,-6.322242279407836,0.0213333333333333,0.6666666666666667,1.0622743511054311,Evaluated from europe_ff5.csv (daily),daily,-0.0215271927976979,0.6158864615811495,-0.0081138782893026,0.8632199316113702,-0.0071310789654741,0.8803361851857191
Glencore,Histogram Gradient Boosting,Directional (no uncertainty),0.0,-0.1550140106920764,-0.3505954766762375,-0.4750440707121446,-0.2516888237378522,-61.58954870937458,0.8413333333333334,47.333333333333336,0.6057455081222793,Evaluated from europe_ff5.csv (daily),daily,-0.16590920238319,0.3949143946386469,-0.1601202646103627,0.4400056632925462,-0.1593099299555339,0.4432303437040958
Glencore,Histogram Gradient Boosting,Uncertainty-adjusted,0.001,0.0150206871116989,0.2744441028416438,0.5301270800109917,0.2123337127888845,-7.074094318048029,0.0213333333333333,0.6666666666666667,1.0453711658550255,Evaluated from europe_ff5.csv (daily),daily,-0.0269294011756501,0.5278298064118307,-0.0133663145889939,0.7744145200185532,-0.0123928018222241,0.7915350268897376
Glencore,Histogram Gradient Boosting,Directional (no uncertainty),0.001,-0.3166722206029183,-0.998187112741024,-1.3177212532828615,-0.4239188011853547,-74.70115024798257,0.8413333333333334,47.333333333333336,0.3219768390401443,Evaluated from europe_ff5.csv (daily),daily,-0.3778605388572313,0.0510805736234408,-0.3729200001477288,0.0697905995705639,-0.3720659788828842,0.0710235898323098
Glencore,Histogram Gradient Boosting,Uncertainty-adjusted,0.0025,0.0068378486268452,0.1409707051401642,0.260152412834758,0.0834701117594247,-8.191972530901936,0.0213333333333333,0.6666666666666667,1.0204885445537382,Evaluated from europe_ff5.csv (daily),daily,-0.0350327137425785,0.4097757367295631,-0.021244969038531,0.6451875469525008,-0.0202853861073492,0.6616462101671623
Glencore,Histogram Gradient Boosting,Directional (no uncertainty),0.0025,-0.503463348150726,-1.959480130672368,-2.487983936954118,-0.5603526299872675,-89.84759260649243,0.8413333333333334,47.333333333333336,0.1244781682508682,Evaluated from europe_ff5.csv (daily),daily,-0.695787543568293,0.0003017048382846,-0.6921196034537775,0.0006880371374757,-0.6912000522739097,0.0007193793671897
Glencore,Histogram Gradient Boosting,Uncertainty-adjusted,0.005,-0.006680850794537,-0.0764841985793387,-0.1309210222897202,-0.0666155353581095,-10.028968105746468,0.0213333333333333,0.6666666666666667,0.9802474873189176,Evaluated from europe_ff5.csv (daily),daily,-0.0485382346874592,0.2573049310600914,-0.0343760597877594,0.4533354062088174,-0.0334396932492243,0.4671183715759469
Glencore,Histogram Gradient Boosting,Directional (no uncertainty),0.005,-0.7090021170486952,-3.5005441735704097,-4.171887278431295,-0.7249732977800667,-97.79699738179644,0.8413333333333334,47.333333333333336,0.0253766340112271,Evaluated from europe_ff5.csv (daily),daily,-1.2256658847533952,2.0690493033882594e-10,-1.2241189422971932,1.682378932795067e-09,-1.2230901745922853,1.9127921724763123e-09
Glencore,LASSO,Uncertainty-adjusted,0.0,-0.1578868966712453,-0.3607944343953577,-0.4829888686254134,-0.3034884200316578,-52.02402670084601,0.172,47.06666666666667,0.5996366508102094,Evaluated from europe_ff5.csv (daily),daily,-0.1251303786628393,0.5114321092461669,-0.0573734894912515,0.7829266171030365,-0.0632009551628693,0.7620891661225215
Glencore,LASSO,Directional (no uncertainty),0.0,-0.1578868966712453,-0.3607944343953577,-0.4829888686254134,-0.3034884200316578,-52.02402670084601,0.172,47.06666666666667,0.5996366508102094,Evaluated from europe_ff5.csv (daily),daily,-0.1251303786628393,0.5114321092461669,-0.0573734894912515,0.7829266171030365,-0.0632009551628693,0.7620891661225215
Glencore,LASSO,Uncertainty-adjusted,0.001,-0.1937456079679028,-0.4927157296352332,-0.656283766292967,-0.3370941646827401,-57.475218578834976,0.172,47.06666666666667,0.5267968085684868,Evaluated from europe_ff5.csv (daily),daily,-0.1682526613026388,0.3727991939582165,-0.0988243304943454,0.6327011040743217,-0.1047580229804021,0.6132907607458322
Glencore,LASSO,Directional (no uncertainty),0.001,-0.1937456079679028,-0.4927157296352332,-0.656283766292967,-0.3370941646827401,-57.475218578834976,0.172,47.06666666666667,0.5267968085684868,Evaluated from europe_ff5.csv (daily),daily,-0.1682526613026388,0.3727991939582165,-0.0988243304943454,0.6327011040743217,-0.1047580229804021,0.6132907607458322
Glencore,LASSO,Uncertainty-adjusted,0.0025,-0.2448147479585316,-0.6890352503340104,-0.9107328140503356,-0.3793862487268718,-64.52915696867521,0.172,47.06666666666667,0.4335747559331764,Evaluated from europe_ff5.csv (daily),daily,-0.2329360852623382,0.2114280016477481,-0.1610005919989861,0.4318638829147512,-0.1670936247067012,0.415768061601976
Glencore,LASSO,Directional (no uncertainty),0.0025,-0.2448147479585316,-0.6890352503340104,-0.9107328140503356,-0.3793862487268718,-64.52915696867521,0.172,47.06666666666667,0.4335747559331764,Evaluated from europe_ff5.csv (daily),daily,-0.2329360852623382,0.2114280016477481,-0.1610005919989861,0.4318638829147512,-0.1670936247067012,0.415768061601976
Glencore,LASSO,Uncertainty-adjusted,0.005,-0.3231408379524003,-1.009797517481852,-1.3170002546022048,-0.4377723105256569,-73.81481884141728,0.172,47.06666666666667,0.3129901644824995,Evaluated from europe_ff5.csv (daily),daily,-0.3407417918618371,0.0629676534019635,-0.2646276945067207,0.1908822642212549,-0.2709862942505331,0.1814574855397899
Glencore,LASSO,Directional (no uncertainty),0.005,-0.3231408379524003,-1.009797517481852,-1.3170002546022048,-0.4377723105256569,-73.81481884141728,0.172,47.06666666666667,0.3129901644824995,Evaluated from europe_ff5.csv (daily),daily,-0.3407417918618371,0.0629676534019635,-0.2646276945067207,0.1908822642212549,-0.2709862942505331,0.1814574855397899
Glencore,LSTM,Uncertainty-adjusted,0.0,-0.0058541512260893,-0.0232474306500432,-0.0315334936181556,-0.0540225078904499,-10.836503995632231,0.0853333333333333,4.133333333333333,0.9826775219123368,Evaluated from europe_ff5.csv (daily),daily,-0.0501026238435724,0.2113891003911794,-0.0372956586229176,0.3384666700897459,-0.0372261759012652,0.3387124605659765
Glencore,LSTM,Directional (no uncertainty),0.0,-0.1871085938885422,-0.4693033501542591,-0.6337038756293566,-0.2780097462093808,-67.3028900748044,0.4066666666666667,47.73333333333333,0.5398084507754728,Evaluated from europe_ff5.csv (daily),daily,-0.2026875436619949,0.3185863417793035,-0.2176779948663586,0.3179435186957967,-0.223173562689264,0.3078856406529694
Glencore,LSTM,Uncertainty-adjusted,0.001,-0.0270401193334074,-0.2678889525831975,-0.355792149473143,-0.204209034854049,-13.24139225903172,0.0853333333333333,4.133333333333333,0.9216547217820004,Evaluated from europe_ff5.csv (daily),daily,-0.0716452104965377,0.0735396990563438,-0.0583041475781321,0.1320329369573854,-0.0581753414756962,0.132042963019394
Glencore,LSTM,Directional (no uncertainty),0.001,-0.2663434784527425,-0.783095087520596,-1.0430592295666972,-0.3626558579546057,-73.44248620577396,0.4066666666666667,47.73333333333333,0.3978147667441268,Evaluated from europe_ff5.csv (daily),daily,-0.3047104469276994,0.1246392271975974,-0.3208523190148734,0.1324161697533021,-0.3261992043649524,0.1276493443136496
Glencore,LSTM,Uncertainty-adjusted,0.0025,-0.0580137173276396,-0.6281749614017681,-0.808682995492486,-0.2970119564048302,-19.53245183455387,0.0853333333333333,4.133333333333333,0.837050619162371,Evaluated from europe_ff5.csv (daily),daily,-0.1039590904759855,0.0102543280795931,-0.0898168810109537,0.0208702379035735,-0.0895990898373428,0.0207476530843784
Glencore,LSTM,Directional (no uncertainty),0.0025,-0.3711953365267161,-1.2507603772527125,-1.632449663071002,-0.4570428055814826,-81.21675519089612,0.4066666666666667,47.73333333333333,0.2513879785788848,Evaluated from europe_ff5.csv (daily),daily,-0.4577448018262566,0.0169585471616337,-0.4756138052376454,0.0213591566066107,-0.4807376668784851,0.0205005012085736
Glencore,LSTM,Uncertainty-adjusted,0.005,-0.1075575181168424,-1.1977072338356978,-1.4682999468575924,-0.3525391320920414,-30.50938415788724,0.0853333333333333,4.133333333333333,0.7127174088200755,Evaluated from europe_ff5.csv (daily),daily,-0.1578155571083985,0.0002136784103925,-0.1423381033989896,0.0004494971010184,-0.1419720037734204,0.0004352198009467
Glencore,LSTM,Directional (no uncertainty),0.005,-0.5142218646776611,-2.010655493991463,-2.5372812582245574,-0.5666679383839603,-90.74483129293208,0.4066666666666667,47.73333333333333,0.1166217766338349,Evaluated from europe_ff5.csv (daily),daily,-0.7128020599905184,8.928876539377148e-05,-0.7335496156089321,0.0001978404575313,-0.7383017710677063,0.000189875148891
Glencore,LightGBM,Uncertainty-adjusted,0.0,0.0018364335616523,0.0619506802175384,0.0977040516084387,0.0386665089169809,-4.749416518556736,0.016,0.5333333333333333,1.0054754996800372,Evaluated from europe_ff5.csv (daily),daily,-0.043307092937431,0.0322428168788837,-0.0352863911122914,0.0706171978356067,-0.0351572713853133,0.069667185620858
Glencore,LightGBM,Directional (no uncertainty),0.0,-0.0540849689373312,-0.0060933516359615,-0.0085460261725924,-0.1125271657948759,-48.0639217697191,0.8893333333333333,46.93333333333333,0.847483652012711,Evaluated from europe_ff5.csv (daily),daily,-0.0504524671356684,0.7984405386953335,-0.0595540242091557,0.7800106089139254,-0.0615906972770833,0.7726635762253328
Glencore,LightGBM,Uncertainty-adjusted,0.001,-0.0021872791857744,-0.0218593284817861,-0.0336925327810995,-0.0429202348491351,-5.0961491554338805,0.016,0.5333333333333333,0.9935042996584516,Evaluated from europe_ff5.csv (daily),daily,-0.0472636120574715,0.0174571326334338,-0.0392169801921876,0.0385701619706388,-0.0391185407003015,0.0377343460573113
Glencore,LightGBM,Directional (no uncertainty),0.001,-0.2439665820127116,-0.6927301886146224,-0.9419179988938112,-0.370271059111587,-65.88864455085279,0.8893333333333333,46.93333333333333,0.435025644005243,Evaluated from europe_ff5.csv (daily),daily,-0.2746054604282519,0.1594917172360399,-0.2828016027859985,0.1799235483284469,-0.2847348012994905,0.1768483967773644
Glencore,LightGBM,Uncertainty-adjusted,0.0025,-0.0082000502949413,-0.1483554847152645,-0.2206996400814372,-0.1418187004283938,-5.782065602188776,0.016,0.5333333333333333,0.9757922998643914,Evaluated from europe_ff5.csv (daily),daily,-0.0531983907375324,0.0067205895718335,-0.045112863812032,0.0139911399756019,-0.0450604446727837,0.0135287341343114
Glencore,LightGBM,Directional (no uncertainty),0.0025,-0.4602301616831425,-1.7208236581563203,-2.234003266278227,-0.5336100657200377,-86.24840332839703,0.8893333333333333,46.93333333333333,0.1595885851844292,Evaluated from europe_ff5.csv (daily),daily,-0.6108349503671273,0.0014934050229145,-0.6176729706512625,0.0029880915139322,-0.6194509573331017,0.0028923677437273
Glencore,LightGBM,Uncertainty-adjusted,0.005,-0.0181607461628066,-0.3576347461771961,-0.5011608451101843,-0.2525988831312087,-7.189559168942675,0.016,0.5333333333333333,0.9469143279133172,Evaluated from europe_ff5.csv (daily),daily,-0.0630896885376339,0.0015179468117834,-0.0549393365117726,0.0023553243418076,-0.0549636179602541,0.0022641764600521
Glencore,LightGBM,Directional (no uncertainty),0.005,-0.6928577059639089,-3.3902907487280407,-4.083103014363467,-0.7137343069243639,-97.07501786618371,0.8893333333333333,46.93333333333333,0.0298006042747301,Evaluated from europe_ff5.csv (daily),daily,-1.1712174335985863,6.323401654251486e-10,-1.17579191709337,9.898059766376702e-09,-1.17731121738912,9.218164373766828e-09
Glencore,Random Forest,Uncertainty-adjusted,0.0,-0.0333054118329981,-0.5471402452486367,-0.7151039795249117,-0.198261037062213,-16.798768092061955,0.0466666666666666,1.4666666666666666,0.9041034301460552,Evaluated from europe_ff5.csv (daily),daily,-0.075208486973109,0.0110630648760784,-0.0660659913798848,0.0184264790054465,-0.0650648045627972,0.02185817788484
Glencore,Random Forest,Directional (no uncertainty),0.0,-0.315964670791074,-0.998552874306721,-1.339409011194517,-0.4509411305218813,-70.06783134317402,0.868,43.06666666666666,0.3229700867132964,Evaluated from europe_ff5.csv (daily),daily,-0.3657462061158677,0.0547453029121763,-0.3601043858115756,0.0878820887726774,-0.3550431600208844,0.0915355159801765
Glencore,Random Forest,Uncertainty-adjusted,0.001,-0.0446535835419543,-0.7376002754430027,-0.950773783869162,-0.2323896364967398,-19.21496337577894,0.0466666666666666,1.4666666666666666,0.8728809123381341,Evaluated from europe_ff5.csv (daily),daily,-0.0869392164082636,0.0043523692381318,-0.0777348545396343,0.0068549710651012,-0.0767156273272911,0.0083572296174287
Glencore,Random Forest,Directional (no uncertainty),0.001,-0.450622948578433,-1.668223011427667,-2.1697411258477657,-0.5347208041438408,-84.27256712031999,0.868,43.06666666666666,0.1681919096323935,Evaluated from europe_ff5.csv (daily),daily,-0.5839871621261508,0.0021643364135084,-0.5810652176918832,0.0058284831701347,-0.576062930483434,0.0061201903936319
Glencore,Random Forest,Uncertainty-adjusted,0.0025,-0.0614474432350622,-1.0087251380755848,-1.272120319658802,-0.2695867585182145,-22.793197845772735,0.0466666666666666,1.4666666666666666,0.8280022921734497,Evaluated from europe_ff5.csv (daily),daily,-0.1045353105609955,0.0011883907779498,-0.0952381492792586,0.001670146086186,-0.094191861474032,0.0020927571417979
Glencore,Random Forest,Directional (no uncertainty),0.0025,-0.6049065409231269,-2.6606761699832826,-3.3065031145061057,-0.6433507898218567,-94.0243721610453,0.868,43.06666666666666,0.0630524409751218,Evaluated from europe_ff5.csv (daily),daily,-0.9113485961415744,1.9183127303521672e-06,-0.912506465512344,1.559892432331312e-05,-0.9075925861772584,1.6377554653422383e-05
Glencore,Random Forest,Uncertainty-adjusted,0.005,-0.0888380197342542,-1.4144707192924035,-1.718832861849565,-0.3125996302475304,-28.419105826807368,0.0466666666666666,1.4666666666666666,0.7581388971312628,Evaluated from europe_ff5.csv (daily),daily,-0.1338621341488821,0.0002100804516149,-0.1244103071786324,0.0002447592915154,-0.1233189183852668,0.0003087882860696
Glencore,Random Forest,Directional (no uncertainty),0.005,-0.7724277931368664,-4.246894933532288,-4.909993602907417,-0.7816774353715193,-98.81669320155612,0.868,43.06666666666666,0.0122085573714072,Evaluated from europe_ff5.csv (daily),daily,-1.4569509861672798,8.866644890305382e-14,-1.4649085452131123,8.233482086000825e-12,-1.4601420123336328,8.325748496963053e-12
Glencore,Random Walk,Uncertainty-adjusted,0.0,0.0,0.0,0.0,,0.0,0.0,0.0,1.0,Evaluated from europe_ff5.csv (daily),daily,-0.0456216429332644,0.0,-0.0457067713382905,0.0,-0.0456902989650175,0.0
Glencore,Random Walk,Directional (no uncertainty),0.0,0.0,0.0,0.0,,0.0,0.0,0.0,1.0,Evaluated from europe_ff5.csv (daily),daily,-0.0456216429332644,0.0,-0.0457067713382905,0.0,-0.0456902989650175,0.0
Glencore,Random Walk,Uncertainty-adjusted,0.001,0.0,0.0,0.0,,0.0,0.0,0.0,1.0,Evaluated from europe_ff5.csv (daily),daily,-0.0456216429332644,0.0,-0.0457067713382905,0.0,-0.0456902989650175,0.0
Glencore,Random Walk,Directional (no uncertainty),0.001,0.0,0.0,0.0,,0.0,0.0,0.0,1.0,Evaluated from europe_ff5.csv (daily),daily,-0.0456216429332644,0.0,-0.0457067713382905,0.0,-0.0456902989650175,0.0
Glencore,Random Walk,Uncertainty-adjusted,0.0025,0.0,0.0,0.0,,0.0,0.0,0.0,1.0,Evaluated from europe_ff5.csv (daily),daily,-0.0456216429332644,0.0,-0.0457067713382905,0.0,-0.0456902989650175,0.0
Glencore,Random Walk,Directional (no uncertainty),0.0025,0.0,0.0,0.0,,0.0,0.0,0.0,1.0,Evaluated from europe_ff5.csv (daily),daily,-0.0456216429332644,0.0,-0.0457067713382905,0.0,-0.0456902989650175,0.0
Glencore,Random Walk,Uncertainty-adjusted,0.005,0.0,0.0,0.0,,0.0,0.0,0.0,1.0,Evaluated from europe_ff5.csv (daily),daily,-0.0456216429332644,0.0,-0.0457067713382905,0.0,-0.0456902989650175,0.0
Glencore,Random Walk,Directional (no uncertainty),0.005,0.0,0.0,0.0,,0.0,0.0,0.0,1.0,Evaluated from europe_ff5.csv (daily),daily,-0.0456216429332644,0.0,-0.0457067713382905,0.0,-0.0456902989650175,0.0
Glencore,Random Walk + Drift,Uncertainty-adjusted,0.0,-0.1614498181939804,-0.3749435893679358,-0.523162339101333,-0.2531633923422364,-63.77297155811773,0.0013333333333333,46.13333333333333,0.592117516654367,Evaluated from europe_ff5.csv (daily),daily,-0.0726806092380284,0.6290383471173877,0.0564975818577192,0.7086515984446986,0.0525125170174885,0.7206099662439256
Glencore,Random Walk + Drift,Directional (no uncertainty),0.0,-0.1614498181939804,-0.3749435893679358,-0.523162339101333,-0.2531633923422364,-63.77297155811773,0.0013333333333333,46.13333333333333,0.592117516654367,Evaluated from europe_ff5.csv (daily),daily,-0.0726806092380284,0.6290383471173877,0.0564975818577192,0.7086515984446986,0.0525125170174885,0.7206099662439256
Glencore,Random Walk + Drift,Uncertainty-adjusted,0.001,-0.1617262804103489,-0.375994047375677,-0.5245959401677479,-0.2535969023537882,-63.77297155811774,0.0013333333333333,46.13333333333333,0.5915367069375118,Evaluated from europe_ff5.csv (daily),daily,-0.073010638451487,0.6274692296391291,0.0562980256011502,0.7096326983192132,0.052307758753152,0.721652545983498
Glencore,Random Walk + Drift,Directional (no uncertainty),0.001,-0.1617262804103489,-0.375994047375677,-0.5245959401677479,-0.2535969023537882,-63.77297155811774,0.0013333333333333,46.13333333333333,0.5915367069375118,Evaluated from europe_ff5.csv (daily),daily,-0.073010638451487,0.6274692296391291,0.0562980256011502,0.7096326983192132,0.052307758753152,0.721652545983498
Glencore,Random Walk + Drift,Uncertainty-adjusted,0.0025,-0.1621413118910946,-0.3775677533331922,-0.5267463417673705,-0.2542476976211335,-63.77297155811771,0.0013333333333333,46.13333333333333,0.5906654923622254,Evaluated from europe_ff5.csv (daily),daily,-0.0735056822716749,0.6251216107515014,0.0559986912162968,0.711106172125591,0.0520006213566472,0.7232183842839903
Glencore,Random Walk + Drift,Directional (no uncertainty),0.0025,-0.1621413118910946,-0.3775677533331922,-0.5267463417673705,-0.2542476976211335,-63.77297155811771,0.0013333333333333,46.13333333333333,0.5906654923622254,Evaluated from europe_ff5.csv (daily),daily,-0.0735056822716749,0.6251216107515014,0.0559986912162968,0.711106172125591,0.0520006213566472,0.7232183842839903
Glencore,Random Walk + Drift,Uncertainty-adjusted,0.005,-0.1628339352375919,-0.3801852283178846,-0.5303303444334077,-0.255333774260774,-63.77297155811772,0.0013333333333333,46.13333333333333,0.5892134680700817,Evaluated from europe_ff5.csv (daily),daily,-0.0743307553053215,0.6212252615579666,0.0554998005748744,0.7135667764961899,0.0514887256958058,0.7258333050951677
Glencore,Random Walk + Drift,Directional (no uncertainty),0.005,-0.1628339352375919,-0.3801852283178846,-0.5303303444334077,-0.255333774260774,-63.77297155811772,0.0013333333333333,46.13333333333333,0.5892134680700817,Evaluated from europe_ff5.csv (daily),daily,-0.0743307553053215,0.6212252615579666,0.0554998005748744,0.7135667764961899,0.0514887256958058,0.7258333050951677
Glencore,Selected ARX,Uncertainty-adjusted,0.0,-0.1410978084447967,-0.3005644481009022,-0.4066044349774305,-0.2549860224127818,-55.33550706414088,0.2466666666666666,47.333333333333336,0.6359220755165284,Evaluated from europe_ff5.csv (daily),daily,-0.107329469942707,0.5796972762161701,-0.0440703450967288,0.8341012374235175,-0.0515549093441473,0.8062880792813163
Glencore,Selected ARX,Directional (no uncertainty),0.0,-0.1410978084447967,-0.3005644481009022,-0.4066044349774305,-0.2549860224127818,-55.33550706414088,0.2466666666666666,47.333333333333336,0.6359220755165284,Evaluated from europe_ff5.csv (daily),daily,-0.107329469942707,0.5796972762161701,-0.0440703450967288,0.8341012374235175,-0.0515549093441473,0.8062880792813163
Glencore,Selected ARX,Uncertainty-adjusted,0.001,-0.1929751388238998,-0.4902196323644155,-0.6580528591651137,-0.3297409691151099,-58.523252158130745,0.2466666666666666,47.333333333333336,0.5282964831370675,Evaluated from europe_ff5.csv (daily),daily,-0.1693711616220573,0.3762684822561771,-0.1055741181745933,0.6124067493305059,-0.1130295437698611,0.5870999656928435
Glencore,Selected ARX,Directional (no uncertainty),0.001,-0.1929751388238998,-0.4902196323644155,-0.6580528591651137,-0.3297409691151099,-58.523252158130745,0.2466666666666666,47.333333333333336,0.5282964831370675,Evaluated from europe_ff5.csv (daily),daily,-0.1693711616220573,0.3762684822561771,-0.1055741181745933,0.6124067493305059,-0.1130295437698611,0.5870999656928435
Glencore,Selected ARX,Uncertainty-adjusted,0.0025,-0.2651478251021252,-0.7726540915106075,-1.0250510590120565,-0.3899356019975911,-67.99784983566677,0.2466666666666666,47.333333333333336,0.3997474170724832,Evaluated from europe_ff5.csv (daily),daily,-0.2624336991410825,0.1635167458257117,-0.19782977779139,0.3363797156562065,-0.2052414954084319,0.3177832058915337
Glencore,Selected ARX,Directional (no uncertainty),0.0025,-0.2651478251021252,-0.7726540915106075,-1.0250510590120565,-0.3899356019975911,-67.99784983566677,0.2466666666666666,47.333333333333336,0.3997474170724832,Evaluated from europe_ff5.csv (daily),daily,-0.2624336991410825,0.1635167458257117,-0.19782977779139,0.3363797156562065,-0.2052414954084319,0.3177832058915337
Glencore,Selected ARX,Uncertainty-adjusted,0.005,-0.3717748511112514,-1.2333644490929117,-1.603471176807472,-0.4690299145199297,-79.26463528275747,0.2466666666666666,47.333333333333336,0.2506990752288421,Evaluated from europe_ff5.csv (daily),daily,-0.4175379283394584,0.0236851409393118,-0.3515892104860511,0.0828621845320612,-0.3589280814727166,0.0758800707399366
Glencore,Selected ARX,Directional (no uncertainty),0.005,-0.3717748511112514,-1.2333644490929117,-1.603471176807472,-0.4690299145199297,-79.26463528275747,0.2466666666666666,47.333333333333336,0.2506990752288421,Evaluated from europe_ff5.csv (daily),daily,-0.4175379283394584,0.0236851409393118,-0.3515892104860511,0.0828621845320612,-0.3589280814727166,0.0758800707399366
Glencore,VMD-GRU,Uncertainty-adjusted,0.0,-0.1238665389344827,-0.5712967696358602,-0.7487008155815558,-0.2801000402446366,-44.2222496027844,0.1853333333333333,14.933333333333335,0.6746494582234484,Evaluated from europe_ff5.csv (daily),daily,-0.1788030622780466,0.1369481735562794,-0.1625371022040778,0.218082716087231,-0.1639150200747305,0.216646907810481
Glencore,VMD-GRU,Directional (no uncertainty),0.0,-0.2326001823780554,-0.6453182493943618,-0.8667688927210072,-0.3217033879531463,-72.30268349301063,0.268,45.6,0.4547813575360432,Evaluated from europe_ff5.csv (daily),daily,-0.2747360140013351,0.156394589274004,-0.2570418474631542,0.215904299876554,-0.2593994781401423,0.2141684315010485
Glencore,VMD-GRU,Uncertainty-adjusted,0.001,-0.1639216818594584,-0.8070057822132222,-1.048970296817348,-0.3300084435996694,-49.67196598712199,0.1853333333333333,14.933333333333335,0.5869378895610107,Evaluated from europe_ff5.csv (daily),daily,-0.2255666353426381,0.059063526774409,-0.2094817043206865,0.1102857267124281,-0.2108509385784273,0.1098937484242691
Glencore,VMD-GRU,Directional (no uncertainty),0.001,-0.2827186673245672,-0.8526793757953366,-1.1341187421779635,-0.3818865802530938,-74.03210323263953,0.268,45.6,0.3719671171876557,Evaluated from europe_ff5.csv (daily),daily,-0.3423295874654659,0.0726307798865643,-0.3246742450955892,0.1127221041699388,-0.3270291717303072,0.1121723355156253
Glencore,VMD-GRU,Uncertainty-adjusted,0.0025,-0.2206657499424604,-1.1571330697601836,-1.4846843709543125,-0.378878555100543,-58.24181574064079,0.1853333333333333,14.933333333333335,0.4761560365387766,Evaluated from europe_ff5.csv (daily),daily,-0.2957119949395252,0.0127057797781519,-0.2798986074955993,0.0316465370676991,-0.2812548163339724,0.0317655410953221
Glencore,VMD-GRU,Directional (no uncertainty),0.0025,-0.3519907537620335,-1.1620018825548328,-1.523339985085273,-0.4556351832573313,-77.25275981667068,0.268,45.6,0.2749348352396877,Evaluated from europe_ff5.csv (daily),daily,-0.4437199476616622,0.0173383859352502,-0.4261228415442418,0.0337081026424328,-0.4284737121155546,0.0338362702166847
Glencore,VMD-GRU,Uncertainty-adjusted,0.005,-0.3069741197099808,-1.726211737813213,-2.164643021721023,-0.440413581231605,-69.70132911240742,0.1853333333333333,14.933333333333335,0.3357685685364284,Evaluated from europe_ff5.csv (daily),daily,-0.412620927601004,0.0004733789533248,-0.3972601127871208,0.0021437480547317,-0.3985946125932144,0.002195134512623
Glencore,VMD-GRU,Directional (no uncertainty),0.005,-0.4532713822971863,-1.6674250230405918,-2.1347200649559563,-0.5276354628205181,-85.90616329580796,0.268,45.6,0.1657902358536415,Evaluated from europe_ff5.csv (daily),daily,-0.6127038813219892,0.0007062241342947,-0.5952038356253294,0.0023054735671014,-0.597547946090967,0.0023796813987445
Glencore,VMD-LASSO-ARX/LSTM,Uncertainty-adjusted,0.0,-0.0418824852517782,-0.301568417975422,-0.3900415288129942,-0.2212655804056973,-18.928603886327664,0.112,4.8,0.8804379378623034,Evaluated from europe_ff5.csv (daily),daily,-0.0897567449515647,0.2308746508301202,-0.099787377870723,0.2129948798803589,-0.0979286667309834,0.2208694047507695
Glencore,VMD-LASSO-ARX/LSTM,Directional (no uncertainty),0.0,-0.1540252115036834,-0.3465234405569347,-0.4627631029719198,-0.2501406467410431,-61.57544305989473,0.3826666666666666,46.8,0.6078575940290124,Evaluated from europe_ff5.csv (daily),daily,-0.1797758223487454,0.3388534026446256,-0.2095128774605658,0.2973227412461368,-0.2125245254014184,0.2930067665816361
Glencore,VMD-LASSO-ARX/LSTM,Uncertainty-adjusted,0.001,-0.0685960280250698,-0.53852129557669,-0.6871604675377383,-0.3058198488159881,-22.430207944528824,0.112,4.8,0.8093736557009903,Evaluated from europe_ff5.csv (daily),daily,-0.1179070843770849,0.1194920852582428,-0.1285155429526576,0.1129350328398102,-0.1267696012706587,0.1172676749585552
Glencore,VMD-LASSO-ARX/LSTM,Directional (no uncertainty),0.001,-0.231919053324463,-0.6410188876014834,-0.8461998375609875,-0.3527905634278776,-65.73845146849433,0.3826666666666666,46.8,0.455983765697851,Evaluated from europe_ff5.csv (daily),daily,-0.2759961316648622,0.1463914920901994,-0.3053563916471647,0.1330679570956407,-0.3081899134089482,0.1314925527160346
Glencore,VMD-LASSO-ARX/LSTM,Uncertainty-adjusted,0.0025,-0.1073238376250236,-0.8885216270744357,-1.110832040676226,-0.3674131217200037,-29.21067084447039,0.112,4.8,0.7132729709968396,Evaluated from europe_ff5.csv (daily),daily,-0.1601325935153651,0.038402097836074,-0.1716077905755595,0.0383621466916332,-0.1700310030801718,0.0398064821395337
Glencore,VMD-LASSO-ARX/LSTM,Directional (no uncertainty),0.0025,-0.3357622602374795,-1.079192607325692,-1.400223313175922,-0.4639679226919039,-72.36755900912598,0.3826666666666666,46.8,0.2959382035093028,Evaluated from europe_ff5.csv (daily),daily,-0.4203265956390373,0.0302459113190333,-0.4491216629270633,0.0304087482205092,-0.4516879954202427,0.0302718206530475
Glencore,VMD-LASSO-ARX/LSTM,Uncertainty-adjusted,0.005,-0.1684433046328474,-1.448172669345876,-1.7502978384267582,-0.3987212084536599,-42.24588536087971,0.112,4.8,0.5775411463912029,Evaluated from europe_ff5.csv (daily),daily,-0.2305084420791655,0.0044136566533603,-0.2434282032803958,0.0050133555499432,-0.2421333394293603,0.0051611387555713
Glencore,VMD-LASSO-ARX/LSTM,Directional (no uncertainty),0.005,-0.4790922286420586,-1.7898838878512249,-2.255774577035303,-0.5534629522852073,-86.5626554883073,0.3826666666666666,46.8,0.1435576365020664,Evaluated from europe_ff5.csv (daily),daily,-0.6608773689293291,0.0011122582635031,-0.6887304483935608,0.0014637296235516,-0.6908514654390671,0.0014837579467532
Glencore,VMD-LSTM,Uncertainty-adjusted,0.0,-0.0643546603404355,-0.2330969595782013,-0.3145800691248666,-0.1812972495510972,-35.49676594641206,0.2026666666666666,15.866666666666667,0.8203923527501887,Evaluated from europe_ff5.csv (daily),daily,-0.1139384339215229,0.3608891740982819,-0.1062993818238416,0.4297326503540291,-0.1075339480047417,0.4268537243849841
Glencore,VMD-LSTM,Directional (no uncertainty),0.0,-0.1407065815986758,-0.299020809928143,-0.4023875850475573,-0.2289596869077283,-61.45474056984591,0.3053333333333333,48.0,0.6367845475296497,Evaluated from europe_ff5.csv (daily),daily,-0.160944430834769,0.4180811712720212,-0.1690454820208189,0.4305510654894957,-0.1697448696649665,0.4306392222784687
Glencore,VMD-LSTM,Uncertainty-adjusted,0.001,-0.110984490079103,-0.4888519745466486,-0.6534041572975855,-0.2573985916787237,-43.1177534248634,0.2026666666666666,15.866666666666667,0.7046029510491816,Evaluated from europe_ff5.csv (daily),daily,-0.1650918806442284,0.1826906471191689,-0.1576385634948011,0.2386632457867193,-0.1588765262358031,0.2375654243334898
Glencore,VMD-LSTM,Directional (no uncertainty),0.001,-0.2045188055796266,-0.5335877424941954,-0.7102528363193749,-0.3194991495105393,-64.01231611819365,0.3053333333333333,48.0,0.5061225713931004,Evaluated from europe_ff5.csv (daily),daily,-0.237821338916492,0.2239151781137348,-0.2449629060916651,0.246615507742123,-0.2457711507762147,0.247190003762647
Glencore,VMD-LSTM,Uncertainty-adjusted,0.0025,-0.1766874728032432,-0.8702061141562404,-1.1454908156641437,-0.3293761907082309,-53.64306157750095,0.2026666666666666,15.866666666666667,0.5606664052770409,Evaluated from europe_ff5.csv (daily),daily,-0.2418220507282865,0.0492344763919671,-0.2346473360012402,0.0772429580583098,-0.2358903935823952,0.0773690021644841
Glencore,VMD-LSTM,Directional (no uncertainty),0.0025,-0.2916687518276314,-0.8823023345328544,-1.1556995514082362,-0.4116420543305228,-70.85494515422849,0.3053333333333333,48.0,0.3583232624408164,Evaluated from europe_ff5.csv (daily),daily,-0.3531367010390762,0.0648360044693048,-0.3588390421979341,0.0835703362982619,-0.359810572443087,0.0842045171402347
Glencore,VMD-LSTM,Uncertainty-adjusted,0.005,-0.2757663394024767,-1.4934767724395512,-1.913449940178081,-0.4110927562091561,-67.08129375604275,0.2026666666666666,15.866666666666667,0.3828003612529707,Evaluated from europe_ff5.csv (daily),daily,-0.3697056675350499,0.0024832428213962,-0.3629952901786388,0.0059265535630946,-0.3642468391600488,0.0060547625100669
Glencore,VMD-LSTM,Directional (no uncertainty),0.005,-0.416677798437486,-1.4485151396758695,-1.848082013678276,-0.5023808085863347,-82.94062816809998,0.3053333333333333,48.0,0.2010477076745929,Evaluated from europe_ff5.csv (daily),daily,-0.5453289712433834,0.0033038032537899,-0.5486326023750494,0.0066189169809352,-0.5498762752212076,0.0067696628245084
Glencore,XGBoost,Uncertainty-adjusted,0.0,0.0986317504415694,0.9988082716103752,1.85765589011996,0.8526205329279232,-11.568071214853957,0.1213333333333333,4.8,1.3230728808986976,Evaluated from europe_ff5.csv (daily),daily,0.0581889517569597,0.378004656764193,0.0618453101116008,0.3854601774475737,0.0631786180418899,0.3774397806411679
Glencore,XGBoost,Directional (no uncertainty),0.0,-0.3865276590604147,-1.333268396103971,-1.6991093691799792,-0.4819047519040362,-80.20831036282988,0.804,46.53333333333333,0.2335809717794347,Evaluated from europe_ff5.csv (daily),daily,-0.4868953024603499,0.0161019144991101,-0.4924399495112359,0.0226188836967026,-0.4945716386822227,0.022634789873083
Glencore,XGBoost,Uncertainty-adjusted,0.001,0.0656120784474223,0.6940387131438163,1.24238528302173,0.4954743804850222,-13.242274682940089,0.1213333333333333,4.8,1.2082040332671669,Evaluated from europe_ff5.csv (daily),daily,0.0274558811138135,0.6700799214913038,0.0302398278171772,0.6647469843453697,0.0315119512283215,0.6529399325498162
Glencore,XGBoost,Directional (no uncertainty),0.001,-0.4994030846322695,-1.9508011757193704,-2.42700817465658,-0.5620525263671501,-88.85345429548768,0.804,46.53333333333333,0.1275321117910116,Evaluated from europe_ff5.csv (daily),daily,-0.6896367196790254,0.0006047650335488,-0.6940960160190545,0.0012160678177512,-0.6961673357498627,0.0012370072562603
Glencore,XGBoost,Uncertainty-adjusted,0.0025,0.017870782681723,0.2288839213009231,0.385783196951532,0.1118253312418275,-15.980978981476602,0.1213333333333333,4.8,1.0541314893652252,Evaluated from europe_ff5.csv (daily),daily,-0.0186437248509054,0.7664275923024771,-0.0171683956244581,0.8012995377797306,-0.0159880489920311,0.815387500508437
Glencore,XGBoost,Directional (no uncertainty),0.0025,-0.6312815439039325,-2.860288907445264,-3.434728078048686,-0.6623467746712854,-95.30982380298144,0.804,46.53333333333333,0.0513335641111139,Evaluated from europe_ff5.csv (daily),daily,-0.993748845507038,6.69416510909185e-07,-0.9965801157807824,2.8987802972067765e-06,-0.9985608813513226,3.071990573013745e-06
Glencore,XGBoost,Uncertainty-adjusted,0.005,-0.0571491929212469,-0.5442660838341975,-0.8293587833046132,-0.2279073596848566,-25.075624148457138,0.1213333333333333,4.8,0.8393390558400035,Evaluated from europe_ff5.csv (daily),daily,-0.0954764014587705,0.1227164670424846,-0.096182101360517,0.1542237060618573,-0.0951547160259522,0.159767245409142
Glencore,XGBoost,Directional (no uncertainty),0.005,-0.7789560872650461,-4.300844749022968,-4.879775527349771,-0.7874046151093238,-98.92704110667364,0.804,46.53333333333333,0.0111954958120895,Evaluated from europe_ff5.csv (daily),daily,-1.5006023885537252,6.103603335748931e-14,-1.5007202820503296,1.569892953041205e-12,-1.502550124020422,1.857438530708729e-12
Rio Tinto,ARIMA,Uncertainty-adjusted,0.0,0.4142387585300784,1.4615563166580052,2.222131161108936,2.770281833822791,-14.952946428503216,0.7933333333333333,52.53333333333333,2.8053324238775743,Evaluated from developed_ex_us_ff5.csv (daily),daily,0.3515429460675658,0.0087941532551816,0.3588581344443259,0.0120234130702141,0.3569673388366023,0.0118865284149607
Rio Tinto,ARIMA,Directional (no uncertainty),0.0,0.4142387585300784,1.4615563166580052,2.222131161108936,2.770281833822791,-14.952946428503216,0.7933333333333333,52.53333333333333,2.8053324238775743,Evaluated from developed_ex_us_ff5.csv (daily),daily,0.3515429460675658,0.0087941532551816,0.3588581344443259,0.0120234130702141,0.3569673388366023,0.0118865284149607
Rio Tinto,ARIMA,Uncertainty-adjusted,0.001,0.1583117262118993,0.6953068225080644,1.0171749657088642,0.710097245329076,-22.29437267265189,0.7933333333333333,52.53333333333333,1.548662225300452,Evaluated from developed_ex_us_ff5.csv (daily),daily,0.1521324158149974,0.2747098440470141,0.1600762674021979,0.2787394461111884,0.1582379521381071,0.2812394747459497
Rio Tinto,ARIMA,Directional (no uncertainty),0.001,0.1583117262118993,0.6953068225080644,1.0171749657088642,0.710097245329076,-22.29437267265189,0.7933333333333333,52.53333333333333,1.548662225300452,Evaluated from developed_ex_us_ff5.csv (daily),daily,0.1521324158149974,0.2747098440470141,0.1600762674021979,0.2787394461111884,0.1582379521381071,0.2812394747459497
Rio Tinto,ARIMA,Uncertainty-adjusted,0.0025,-0.1420653525274482,-0.4563054676590669,-0.6303887748213003,-0.2740133738998159,-51.84613820323596,0.7933333333333333,52.53333333333333,0.6337924257913061,Evaluated from developed_ex_us_ff5.csv (daily),daily,-0.1469833795638555,0.3193973896227177,-0.1380965331609942,0.3754728108183068,-0.1398561279096357,0.3667481383975901
Rio Tinto,ARIMA,Directional (no uncertainty),0.0025,-0.1420653525274482,-0.4563054676590669,-0.6303887748213003,-0.2740133738998159,-51.84613820323596,0.7933333333333333,52.53333333333333,0.6337924257913061,Evaluated from developed_ex_us_ff5.csv (daily),daily,-0.1469833795638555,0.3193973896227177,-0.1380965331609942,0.3754728108183068,-0.1398561279096357,0.3667481383975901
Rio Tinto,ARIMA,Uncertainty-adjusted,0.005,-0.4808468973202218,-2.3157386521535117,-2.920812799403881,-0.5510121157361085,-87.26612057846467,0.7933333333333333,52.53333333333333,0.142123220933025,Evaluated from developed_ex_us_ff5.csv (daily),daily,-0.6455097051952772,7.513230089314991e-05,-0.6350512007663143,0.0001995535697325,-0.6366795946558736,0.0001799385296766
Rio Tinto,ARIMA,Directional (no uncertainty),0.005,-0.4808468973202218,-2.3157386521535117,-2.920812799403881,-0.5510121157361085,-87.26612057846467,0.7933333333333333,52.53333333333333,0.142123220933025,Evaluated from developed_ex_us_ff5.csv (daily),daily,-0.6455097051952772,7.513230089314991e-05,-0.6350512007663143,0.0001995535697325,-0.6366795946558736,0.0001799385296766
Rio Tinto,CEEMDAN-LSTM,Uncertainty-adjusted,0.0,-0.1625254870741249,-0.6131766247625015,-0.8463414421364083,-0.3764520253083447,-43.17296126671212,0.2546666666666666,38.93333333333333,0.5898598095960003,Evaluated from developed_ex_us_ff5.csv (daily),daily,-0.2030423525792844,0.1384768091648537,-0.1747335257071529,0.2258234546752811,-0.1750881225389171,0.2233671987802732
Rio Tinto,CEEMDAN-LSTM,Directional (no uncertainty),0.0,-0.2271033938958565,-0.8553269877180479,-1.1648240656362128,-0.4115527687919579,-55.18208383398302,0.2493333333333333,47.06666666666667,0.4645451999384994,Evaluated from developed_ex_us_ff5.csv (daily),daily,-0.2791639253692404,0.0591544231500855,-0.2343561528047705,0.1320855268756871,-0.2349561001581773,0.1306450488839629
Rio Tinto,CEEMDAN-LSTM,Uncertainty-adjusted,0.001,-0.2146801458319335,-0.8777478737567124,-1.201008387324816,-0.4122779407406652,-52.071703241327086,0.2546666666666666,38.93333333333333,0.4871229855386623,Evaluated from developed_ex_us_ff5.csv (daily),daily,-0.2671763203445135,0.0477233605336301,-0.2396565591957504,0.0920355058415539,-0.2399690236717283,0.090554049029192
Rio Tinto,CEEMDAN-LSTM,Directional (no uncertainty),0.001,-0.2745001449434148,-1.0899549455302966,-1.4677014245123818,-0.443665161719732,-61.871016394300405,0.2493333333333333,47.06666666666667,0.3847956455796839,Evaluated from developed_ex_us_ff5.csv (daily),daily,-0.3419230465922443,0.0190987517138109,-0.2967465305862097,0.053437186007132,-0.2972574203847619,0.052746717827657
Rio Tinto,CEEMDAN-LSTM,Uncertainty-adjusted,0.0025,-0.2869920253232088,-1.2709101844311383,-1.7147049900482774,-0.4518564353730915,-63.51398427826828,0.2546666666666666,38.93333333333333,0.3654104090701046,Evaluated from developed_ex_us_ff5.csv (daily),daily,-0.3633772719923572,0.0059781919790779,-0.3370411094286466,0.0157803120809851,-0.337290375370945,0.0153660029898242
Rio Tinto,CEEMDAN-LSTM,Directional (no uncertainty),0.0025,-0.3403593806382555,-1.433051241383062,-1.8967594645495776,-0.4778157583479174,-71.2323473413838,0.2493333333333333,47.06666666666667,0.289884088104681,Evaluated from developed_ex_us_ff5.csv (daily),daily,-0.43606172842675,0.0023538751077484,-0.3903320972583685,0.0098444302103189,-0.3907094007246388,0.0096863855290698
Rio Tinto,CEEMDAN-LSTM,Uncertainty-adjusted,0.005,-0.3932624763033087,-1.9097452968081656,-2.511596815850449,-0.5081118167772791,-77.39683733348159,0.2546666666666666,38.93333333333333,0.2260316266651841,Evaluated from developed_ex_us_ff5.csv (daily),daily,-0.5237121914054301,4.715654978668804e-05,-0.4993486931501404,0.0002503541742655,-0.4994926282029729,0.0002380822273576
Rio Tinto,CEEMDAN-LSTM,Directional (no uncertainty),0.005,-0.4374703769600073,-1.9742841753558509,-2.536920131640146,-0.5332007436731804,-82.04609279917847,0.2493333333333333,47.06666666666667,0.1804617280114321,Evaluated from developed_ex_us_ff5.csv (daily),daily,-0.5929595314842601,2.4922319479017083e-05,-0.5463080417119668,0.0002384515959899,-0.5464627012911005,0.000233376963197
Rio Tinto,Dynamic Selected,Uncertainty-adjusted,0.0,0.0313990192178785,0.2487894885080194,0.3517790002864985,0.0676239395581533,-46.4318101297203,0.5026666666666667,48.66666666666667,1.0963783691586768,Evaluated from developed_ex_us_ff5.csv (daily),daily,0.0362709384908334,0.8080433495510213,0.0248839112817853,0.8709762189682216,0.0236237865958303,0.8768645926462334
Rio Tinto,Dynamic Selected,Directional (no uncertainty),0.0,0.0468479706932301,0.3062034128368865,0.4339280374442839,0.1064526691029596,-44.008263097583146,0.516,49.73333333333333,1.145981026054651,Evaluated from developed_ex_us_ff5.csv (daily),daily,0.0517160745869813,0.7312088920676219,0.0417466531115674,0.7868615430506111,0.0405615097764698,0.7918572198193574
Rio Tinto,Dynamic Selected,Uncertainty-adjusted,0.001,-0.0912762668557732,-0.2472049650856192,-0.3417931644860534,-0.1704211553193296,-53.559234875941776,0.5026666666666667,48.66666666666667,0.7521168688916351,Evaluated from developed_ex_us_ff5.csv (daily),daily,-0.0903518999170305,0.5521119284278481,-0.1020967539918745,0.512089142591175,-0.1032526302761546,0.5055383111199727
Rio Tinto,Dynamic Selected,Directional (no uncertainty),0.001,-0.08078084695366,-0.1947962689180317,-0.2697523229614029,-0.155513467381974,-51.94459895569376,0.516,49.73333333333333,0.7782661993234838,Evaluated from developed_ex_us_ff5.csv (daily),daily,-0.0782147104499481,0.6096319851451841,-0.0883078101459916,0.5734643688497523,-0.0893636497940838,0.5673937160386722
Rio Tinto,Dynamic Selected,Uncertainty-adjusted,0.0025,-0.2488273551941051,-0.9880946073508264,-1.3215045130964225,-0.3840934699550883,-64.78302149297157,0.5026666666666667,48.66666666666667,0.4267542638845215,Evaluated from developed_ex_us_ff5.csv (daily),daily,-0.2802861575288268,0.0742078177090725,-0.2925677519023642,0.068417989159566,-0.2935672555841322,0.06658558078976
Rio Tinto,Dynamic Selected,Directional (no uncertainty),0.0025,-0.244013473370435,-0.94257593363912,-1.261407597365004,-0.3806342630101935,-64.10706998384438,0.516,49.73333333333333,0.4349453467351308,Evaluated from developed_ex_us_ff5.csv (daily),daily,-0.2731108880053426,0.0843237610350113,-0.28338950503233,0.0795700982156685,-0.2842513891499143,0.0777765249978669
Rio Tinto,Dynamic Selected,Uncertainty-adjusted,0.005,-0.4537604275472656,-2.1817447741768308,-2.763844955191774,-0.5314423304941593,-85.38281606686063,0.5026666666666667,48.66666666666667,0.1653492618341391,Evaluated from developed_ex_us_ff5.csv (daily),daily,-0.5968432535484864,0.0003780379147944,-0.6100194150865138,0.00036256789929,-0.6107582977640946,0.0003472321634398
Rio Tinto,Dynamic Selected,Directional (no uncertainty),0.005,-0.4549368023749521,-2.1458268593008194,-2.716381777584385,-0.5322373255817199,-85.4763054954328,0.516,49.73333333333333,0.164291711482826,Evaluated from developed_ex_us_ff5.csv (daily),daily,-0.5979378505976659,0.0004099532697984,-0.6085256631762279,0.0004092433925732,-0.6090642880762982,0.0003953512397398
Rio Tinto,Elastic Net,Uncertainty-adjusted,0.0,-0.1414854828586955,-0.4525398348559155,-0.623926762935812,-0.2661635724247991,-53.1573428962261,0.0013333333333333,48.93333333333334,0.6350682004195257,Evaluated from developed_ex_us_ff5.csv (daily),daily,-0.0831705174394348,0.5159151744472352,-0.0416170205006174,0.7502944346542699,-0.0386726193638981,0.7650379443656704
Rio Tinto,Elastic Net,Directional (no uncertainty),0.0,-0.1414854828586955,-0.4525398348559155,-0.623926762935812,-0.2661635724247991,-53.1573428962261,0.0013333333333333,48.93333333333334,0.6350682004195257,Evaluated from developed_ex_us_ff5.csv (daily),daily,-0.0831705174394348,0.5159151744472352,-0.0416170205006174,0.7502944346542699,-0.0386726193638981,0.7650379443656704
Rio Tinto,Elastic Net,Uncertainty-adjusted,0.001,-0.1417750928521433,-0.45381668886275,-0.6256743030870204,-0.26670838895939,-53.15734289622607,0.0013333333333333,48.93333333333334,0.6344308148574495,Evaluated from developed_ex_us_ff5.csv (daily),daily,-0.083493348890145,0.514223628619852,-0.0417995641049765,0.7492199511912396,-0.0388537342498761,0.7639546896363393
Rio Tinto,Elastic Net,Directional (no uncertainty),0.001,-0.1417750928521433,-0.45381668886275,-0.6256743030870204,-0.26670838895939,-53.15734289622607,0.0013333333333333,48.93333333333334,0.6344308148574495,Evaluated from developed_ex_us_ff5.csv (daily),daily,-0.083493348890145,0.514223628619852,-0.0417995641049765,0.7492199511912396,-0.0388537342498761,0.7639546896363393
Rio Tinto,Elastic Net,Uncertainty-adjusted,0.0025,-0.1422098703080193,-0.455727684648295,-0.6282843587395635,-0.2675262956345315,-53.157342896226055,0.0013333333333333,48.93333333333334,0.6334747365143346,Evaluated from developed_ex_us_ff5.csv (daily),daily,-0.0839775960662103,0.5116957779721086,-0.0420733795115152,0.7476097818624546,-0.0391254065788431,0.7623312704209875
Rio Tinto,Elastic Net,Directional (no uncertainty),0.0025,-0.1422098703080193,-0.455727684648295,-0.6282843587395635,-0.2675262956345315,-53.157342896226055,0.0013333333333333,48.93333333333334,0.6334747365143346,Evaluated from developed_ex_us_ff5.csv (daily),daily,-0.0839775960662103,0.5116957779721086,-0.0420733795115152,0.7476097818624546,-0.0391254065788431,0.7623312704209875
Rio Tinto,Elastic Net,Uncertainty-adjusted,0.005,-0.1429354686768578,-0.4589010969251783,-0.6326040496691885,-0.2688912968353158,-53.157342896226034,0.0013333333333333,48.93333333333334,0.6318812726091435,Evaluated from developed_ex_us_ff5.csv (daily),daily,-0.0847846746929857,0.5075081859878685,-0.0425297385224129,0.7449303819693235,-0.039578193793788,0.7596295415153468
Rio Tinto,Elastic Net,Directional (no uncertainty),0.005,-0.1429354686768578,-0.4589010969251783,-0.6326040496691885,-0.2688912968353158,-53.157342896226034,0.0013333333333333,48.93333333333334,0.6318812726091435,Evaluated from developed_ex_us_ff5.csv (daily),daily,-0.0847846746929857,0.5075081859878685,-0.0425297385224129,0.7449303819693235,-0.039578193793788,0.7596295415153468
Rio Tinto,GRU,Uncertainty-adjusted,0.0,-0.0170982711083992,-0.1109705634870991,-0.1619867601856867,-0.0927877036545847,-18.42730279439821,0.032,3.733333333333334,0.9499672382120956,Evaluated from developed_ex_us_ff5.csv (daily),daily,-0.0533894687307097,0.3462278113482266,-0.0217184100306586,0.7043453902118691,-0.0217180264617681,0.7019679128932657
Rio Tinto,GRU,Directional (no uncertainty),0.0,-0.1932006377305625,-0.6907391922074319,-0.9573278564412996,-0.3396726705668813,-56.87847580087296,0.476,47.73333333333333,0.5278572692558682,Evaluated from developed_ex_us_ff5.csv (daily),daily,-0.2447924886893128,0.0855608381426266,-0.2451984709955698,0.0971612643696789,-0.2452590012727368,0.0984898687052447
Rio Tinto,GRU,Uncertainty-adjusted,0.001,-0.0250208793874019,-0.1869605023472907,-0.2708788227264258,-0.1257988705786718,-19.889589844731105,0.032,3.733333333333334,0.9273591516633252,Evaluated from developed_ex_us_ff5.csv (daily),daily,-0.0615511386272551,0.2759563669970618,-0.0295552486252398,0.6038678486529274,-0.0295520913394265,0.6008351998457144
Rio Tinto,GRU,Directional (no uncertainty),0.001,-0.2847610603109448,-1.1437028086435006,-1.5508717957440836,-0.4091651703843789,-69.5956256597877,0.476,47.73333333333333,0.3688237683910799,Evaluated from developed_ex_us_ff5.csv (daily),daily,-0.3645101545170084,0.0087586673712158,-0.3644995227039673,0.0119190513389808,-0.3644742175724237,0.0122101181303427
Rio Tinto,GRU,Uncertainty-adjusted,0.0025,-0.0367999082964014,-0.2998832602608445,-0.4294088798012045,-0.1669938899880624,-22.036679485118945,0.032,3.733333333333334,0.8944112389278747,Evaluated from developed_ex_us_ff5.csv (daily),daily,-0.0737936434720732,0.1906728404851654,-0.0413105065171115,0.4663610264627571,-0.041303188655914,0.4626633655135327
Rio Tinto,GRU,Directional (no uncertainty),0.0025,-0.4032639832215606,-1.8055793464329355,-2.370660248928588,-0.4916496002763304,-82.02264031027528,0.476,47.73333333333333,0.2151222199648953,Evaluated from developed_ex_us_ff5.csv (daily),daily,-0.5440866532585512,5.616134072259722e-05,-0.5434511002665636,0.0001245830000035,-0.5432970420219537,0.0001285664683679
Rio Tinto,GRU,Uncertainty-adjusted,0.005,-0.0561547586144981,-0.4840578466323037,-0.6789986917476765,-0.2202592002809425,-25.494852674881347,0.032,3.733333333333334,0.8419765031805686,Evaluated from developed_ex_us_ff5.csv (daily),daily,-0.0941978182134369,0.0964549484800754,-0.0609026030035642,0.2829317010070593,-0.0608883508500599,0.2790600815331525
Rio Tinto,GRU,Directional (no uncertainty),0.005,-0.5593054078133693,-2.838461844545372,-3.537243366869614,-0.6040191925423668,-92.59729073495274,0.476,47.73333333333333,0.0872742399213243,Evaluated from developed_ex_us_ff5.csv (daily),daily,-0.84338081782779,1.3380518877777858e-10,-0.8417037295375572,1.3577774078044822e-09,-0.8413350827711706,1.3046693060814902e-09
Rio Tinto,Histogram Gradient Boosting,Uncertainty-adjusted,0.0,-0.0508930858688143,-0.4875236918837053,-0.6796706114573318,-0.2931509449497199,-17.360710154812338,0.0093333333333333,2.533333333333333,0.8560231847083659,Evaluated from developed_ex_us_ff5.csv (daily),daily,-0.0894627118282412,0.0762621888131485,-0.0638606847261153,0.1862513581299325,-0.0645564381397917,0.1803362079700652
Rio Tinto,Histogram Gradient Boosting,Directional (no uncertainty),0.0,-0.0729428542861192,-0.1591278602049987,-0.2276228540527837,-0.2390915470910892,-30.508336732761794,0.7266666666666667,48.266666666666666,0.7981834079818347,Evaluated from developed_ex_us_ff5.csv (daily),daily,-0.1025829275316337,0.4940652811725915,-0.0433308736140532,0.7732510386109149,-0.0442720159804658,0.7679757474861529
Rio Tinto,Histogram Gradient Boosting,Uncertainty-adjusted,0.001,-0.0531546030415018,-0.5099297465445946,-0.7085915957793336,-0.3003458925293027,-17.69779589588226,0.0093333333333333,2.533333333333333,0.849966874930937,Evaluated from developed_ex_us_ff5.csv (daily),daily,-0.0918102794806628,0.0670047612609635,-0.0660827739725925,0.1678985105857137,-0.0667849795622243,0.1623210783110583
Rio Tinto,Histogram Gradient Boosting,Directional (no uncertainty),0.001,-0.228316857527368,-0.8570311803498024,-1.183719064733293,-0.4237210902976156,-53.88376051024545,0.7266666666666667,48.266666666666666,0.4623778943462878,Evaluated from developed_ex_us_ff5.csv (daily),daily,-0.2862485242256069,0.0569026482041237,-0.2304267013756566,0.1274729791610218,-0.2314800223708054,0.124630260390634
Rio Tinto,Histogram Gradient Boosting,Uncertainty-adjusted,0.0025,-0.0565435394370466,-0.5428795819446406,-0.7502922917389756,-0.3106477394245422,-18.201819057750228,0.0093333333333333,2.533333333333333,0.8409447211388212,Evaluated from developed_ex_us_ff5.csv (daily),daily,-0.0953316309592953,0.0549350036968116,-0.0694159078423082,0.1428993673022655,-0.0701277916958733,0.1378414200565294
Rio Tinto,Histogram Gradient Boosting,Directional (no uncertainty),0.0025,-0.414350350432359,-1.8853944383949703,-2.4737422393940056,-0.5200269970905524,-79.67862298506938,0.7266666666666667,48.266666666666666,0.2034445660758465,Evaluated from developed_ex_us_ff5.csv (daily),daily,-0.5617469192665671,0.0002194267939653,-0.5110704430180619,0.0008747487902877,-0.5122920319563149,0.0008080273610264
Rio Tinto,Histogram Gradient Boosting,Uncertainty-adjusted,0.005,-0.0621828595194554,-0.5958944973168072,-0.8151207759267798,-0.3266320755267637,-19.037585154235803,0.0093333333333333,2.533333333333333,0.8260728551142447,Evaluated from developed_ex_us_ff5.csv (daily),daily,-0.1012005500903495,0.0390932598914545,-0.0749711309585011,0.107787817958528,-0.0756991452519548,0.1035960709102238
Rio Tinto,Histogram Gradient Boosting,Directional (no uncertainty),0.005,-0.630882811665344,-3.499197278172572,-4.238409173882505,-0.6651859943191397,-94.84306901426764,0.7266666666666667,48.266666666666666,0.0514989553826235,Evaluated from developed_ex_us_ff5.csv (daily),daily,-1.0209109110014998,9.810109885452051e-11,-0.9788100124220706,1.0786629988306474e-09,-0.980312047932164,7.942155592199006e-10
Rio Tinto,LASSO,Uncertainty-adjusted,0.0,-0.1414854828586955,-0.4525398348559155,-0.623926762935812,-0.2661635724247991,-53.1573428962261,0.0013333333333333,48.93333333333334,0.6350682004195257,Evaluated from developed_ex_us_ff5.csv (daily),daily,-0.0831705174394348,0.5159151744472352,-0.0416170205006174,0.7502944346542699,-0.0386726193638981,0.7650379443656704
Rio Tinto,LASSO,Directional (no uncertainty),0.0,-0.1414854828586955,-0.4525398348559155,-0.623926762935812,-0.2661635724247991,-53.1573428962261,0.0013333333333333,48.93333333333334,0.6350682004195257,Evaluated from developed_ex_us_ff5.csv (daily),daily,-0.0831705174394348,0.5159151744472352,-0.0416170205006174,0.7502944346542699,-0.0386726193638981,0.7650379443656704
Rio Tinto,LASSO,Uncertainty-adjusted,0.001,-0.1417750928521433,-0.45381668886275,-0.6256743030870204,-0.26670838895939,-53.15734289622607,0.0013333333333333,48.93333333333334,0.6344308148574495,Evaluated from developed_ex_us_ff5.csv (daily),daily,-0.083493348890145,0.514223628619852,-0.0417995641049765,0.7492199511912396,-0.0388537342498761,0.7639546896363393
Rio Tinto,LASSO,Directional (no uncertainty),0.001,-0.1417750928521433,-0.45381668886275,-0.6256743030870204,-0.26670838895939,-53.15734289622607,0.0013333333333333,48.93333333333334,0.6344308148574495,Evaluated from developed_ex_us_ff5.csv (daily),daily,-0.083493348890145,0.514223628619852,-0.0417995641049765,0.7492199511912396,-0.0388537342498761,0.7639546896363393
Rio Tinto,LASSO,Uncertainty-adjusted,0.0025,-0.1422098703080193,-0.455727684648295,-0.6282843587395635,-0.2675262956345315,-53.157342896226055,0.0013333333333333,48.93333333333334,0.6334747365143346,Evaluated from developed_ex_us_ff5.csv (daily),daily,-0.0839775960662103,0.5116957779721086,-0.0420733795115152,0.7476097818624546,-0.0391254065788431,0.7623312704209875
Rio Tinto,LASSO,Directional (no uncertainty),0.0025,-0.1422098703080193,-0.455727684648295,-0.6282843587395635,-0.2675262956345315,-53.157342896226055,0.0013333333333333,48.93333333333334,0.6334747365143346,Evaluated from developed_ex_us_ff5.csv (daily),daily,-0.0839775960662103,0.5116957779721086,-0.0420733795115152,0.7476097818624546,-0.0391254065788431,0.7623312704209875
Rio Tinto,LASSO,Uncertainty-adjusted,0.005,-0.1429354686768578,-0.4589010969251783,-0.6326040496691885,-0.2688912968353158,-53.157342896226034,0.0013333333333333,48.93333333333334,0.6318812726091435,Evaluated from developed_ex_us_ff5.csv (daily),daily,-0.0847846746929857,0.5075081859878685,-0.0425297385224129,0.7449303819693235,-0.039578193793788,0.7596295415153468
Rio Tinto,LASSO,Directional (no uncertainty),0.005,-0.1429354686768578,-0.4589010969251783,-0.6326040496691885,-0.2688912968353158,-53.157342896226034,0.0013333333333333,48.93333333333334,0.6318812726091435,Evaluated from developed_ex_us_ff5.csv (daily),daily,-0.0847846746929857,0.5075081859878685,-0.0425297385224129,0.7449303819693235,-0.039578193793788,0.7596295415153468
Rio Tinto,LSTM,Uncertainty-adjusted,0.0,-0.0409893049164045,-0.294596778508553,-0.418676898686896,-0.1544162538520878,-26.54468289048596,0.104,6.533333333333332,0.8828829432548229,Evaluated from developed_ex_us_ff5.csv (daily),daily,-0.076769164093083,0.2347635181411939,-0.0533241384069001,0.4391966550683905,-0.0531241428593458,0.4386095300508853
Rio Tinto,LSTM,Directional (no uncertainty),0.0,-0.2480629731921803,-0.9609675337734565,-1.3065893270987865,-0.3816489642502734,-64.99768017960828,0.38,46.66666666666666,0.4280480005179564,Evaluated from developed_ex_us_ff5.csv (daily),daily,-0.2989991277878651,0.0407230354348086,-0.271230946695097,0.0779667615570563,-0.2720246977022309,0.0767887568744251
Rio Tinto,LSTM,Uncertainty-adjusted,0.001,-0.0658203339765455,-0.5153678468817086,-0.7243891670180416,-0.2251199383956203,-29.237896227954035,0.104,6.533333333333332,0.8165734733001246,Evaluated from developed_ex_us_ff5.csv (daily),daily,-0.1031825399005258,0.1095614017035117,-0.080299811314335,0.2431964443189486,-0.0800703298858543,0.2422406435255508
Rio Tinto,LSTM,Directional (no uncertainty),0.001,-0.3170587477553187,-1.3210186845687089,-1.7663197719396195,-0.4311963107692542,-73.53002329488532,0.38,46.66666666666666,0.3214350957678099,Evaluated from developed_ex_us_ff5.csv (daily),daily,-0.3941978007910733,0.0055243294192609,-0.3636170701706122,0.0154447105503935,-0.3644161141936954,0.0150813475882024
Rio Tinto,LSTM,Uncertainty-adjusted,0.0025,-0.1019108796261201,-0.8428623286810049,-1.1634807929413784,-0.307185288239162,-33.17570324096265,0.104,6.533333333333332,0.7262225797557884,Evaluated from developed_ex_us_ff5.csv (daily),daily,-0.14280260361169,0.0272016348176287,-0.1207633206754874,0.0799822710909283,-0.1204896104256171,0.079274652351353
Rio Tinto,LSTM,Directional (no uncertainty),0.0025,-0.4090803342366265,-1.846751500292248,-2.408874386983821,-0.4951899879649667,-82.61078458346532,0.38,46.66666666666666,0.208941702685607,Evaluated from developed_ex_us_ff5.csv (daily),daily,-0.536995810295886,8.49956266102659e-05,-0.5021962553838848,0.0005408547352261,-0.5030032389308922,0.000517019714659
Rio Tinto,LSTM,Uncertainty-adjusted,0.005,-0.1591009731739486,-1.3704514885162766,-1.830436290490731,-0.3575311121117737,-44.49989603260303,0.104,6.533333333333332,0.5970674047383171,Evaluated from developed_ex_us_ff5.csv (daily),daily,-0.208836043130297,0.0015334703697018,-0.1882025029440749,0.0073496226268186,-0.1878550779918883,0.0072193854735923
Rio Tinto,LSTM,Directional (no uncertainty),0.005,-0.5361827921372657,-2.669098365552611,-3.341581318673446,-0.5864626950668848,-91.42658120413188,0.38,46.66666666666666,0.101621287727321,Evaluated from developed_ex_us_ff5.csv (daily),daily,-0.7749924928039069,2.221962547930205e-09,-0.7331615640726725,1.2457025999511077e-07,-0.7339817801595532,1.1087659140637405e-07
Rio Tinto,LightGBM,Uncertainty-adjusted,0.0,-0.0532452166003095,-0.5171452306929812,-0.7181298999841271,-0.3066995308688457,-17.360710154812356,0.0066666666666666,2.4,0.8497248078291935,Evaluated from developed_ex_us_ff5.csv (daily),daily,-0.0920251908157043,0.0555180985026575,-0.0653526820029205,0.159656312628854,-0.0660413925666208,0.1548259990810258
Rio Tinto,LightGBM,Directional (no uncertainty),0.0,-0.3258657871538498,-1.3819914104327229,-1.8611398430579769,-0.4708020325032682,-69.21503406032721,0.6546666666666666,45.6,0.3092548881296464,Evaluated from developed_ex_us_ff5.csv (daily),daily,-0.4180594884830249,0.0045676793697557,-0.3566229163217268,0.0170731301821366,-0.355683097742194,0.0173189776292971
Rio Tinto,LightGBM,Uncertainty-adjusted,0.001,-0.0548674594641627,-0.5325924064747182,-0.7370962715725258,-0.3100242526637385,-17.697795895882244,0.0066666666666666,2.4,0.8453988540247193,Evaluated from developed_ex_us_ff5.csv (daily),daily,-0.0937024112996001,0.0507106414844077,-0.0671029870627554,0.1473044242694008,-0.0677975046334847,0.1427697625080577
Rio Tinto,LightGBM,Directional (no uncertainty),0.001,-0.4286871500515476,-2.009714486002028,-2.6234385231920885,-0.5291505569456717,-81.0142112532183,0.6546666666666666,45.6,0.1889777576085808,Evaluated from developed_ex_us_ff5.csv (daily),daily,-0.5834721957738425,7.675830927773074e-05,-0.5214992389852092,0.0004979863051034,-0.5204313517516517,0.0005095103118377
Rio Tinto,LightGBM,Uncertainty-adjusted,0.0025,-0.0572999875445824,-0.5553142744454002,-0.7644553754407467,-0.314803632333574,-18.201819057750225,0.0066666666666666,2.4,0.838939596665182,Evaluated from developed_ex_us_ff5.csv (daily),daily,-0.0962182420254438,0.0442657209367484,-0.0697284446525077,0.130325208779419,-0.0704316727337806,0.1262252876702222
Rio Tinto,LightGBM,Directional (no uncertainty),0.0025,-0.5545545342194691,-2.9274497499562995,-3.6528352939052446,-0.6098432924686915,-90.93394009050924,0.6546666666666666,45.6,0.0901043301589187,Evaluated from developed_ex_us_ff5.csv (daily),daily,-0.8315912567100685,2.306380546192476e-08,-0.7688137229804333,3.670599951615945e-07,-0.767553732765838,3.827071274403031e-07
Rio Tinto,LightGBM,Uncertainty-adjusted,0.005,-0.0613519741000572,-0.5919368080450225,-0.8071290793837057,-0.3222676279738479,-19.037585154235824,0.0066666666666666,2.4,0.8282529840733985,Evaluated from developed_ex_us_ff5.csv (daily),daily,-0.1004112932351833,0.0353363050251768,-0.0741042073020949,0.1059284907856804,-0.0748219529009406,0.1025152146491517
Rio Tinto,LightGBM,Directional (no uncertainty),0.005,-0.7062790666065697,-4.351491461321062,-5.066450487876296,-0.7253687395794601,-97.36828016824136,0.6546666666666666,45.6,0.0260899301048573,Evaluated from developed_ex_us_ff5.csv (daily),daily,-1.245123024937112,5.493870926537902e-16,-1.1810045296391396,3.929838381403323e-14,-1.1794243677894816,4.3045490220038513e-14
Rio Tinto,Random Forest,Uncertainty-adjusted,0.0,0.0096418620434455,0.1670242794005112,0.2439869717828173,0.0259894791393447,-37.099096875893096,0.7373333333333333,48.53333333333333,1.0289702648779786,Evaluated from developed_ex_us_ff5.csv (daily),daily,0.0077236891319963,0.9536338186894608,0.0701933933849432,0.603311521509005,0.0705437420209623,0.6008074825876406
Rio Tinto,Random Forest,Directional (no uncertainty),0.0,0.0096418620434455,0.1670242794005112,0.2439869717828173,0.0259894791393447,-37.099096875893096,0.7373333333333333,48.53333333333333,1.0289702648779786,Evaluated from developed_ex_us_ff5.csv (daily),daily,0.0077236891319963,0.9536338186894608,0.0701933933849432,0.603311521509005,0.0705437420209623,0.6008074825876406
Rio Tinto,Random Forest,Uncertainty-adjusted,0.001,-0.1614421942470042,-0.5451497819480585,-0.7689837807563598,-0.3748850877709253,-43.06444815048338,0.7373333333333333,48.53333333333333,0.5921335388984276,Evaluated from developed_ex_us_ff5.csv (daily),daily,-0.1781231862217102,0.1752673633103124,-0.1156137571276292,0.3873177031197192,-0.1149788595642819,0.3888378047453844
Rio Tinto,Random Forest,Directional (no uncertainty),0.001,-0.1614421942470042,-0.5451497819480585,-0.7689837807563598,-0.3748850877709253,-43.06444815048338,0.7373333333333333,48.53333333333333,0.5921335388984276,Evaluated from developed_ex_us_ff5.csv (daily),daily,-0.1781231862217102,0.1752673633103124,-0.1156137571276292,0.3873177031197192,-0.1149788595642819,0.3888378047453844
Rio Tinto,Random Forest,Uncertainty-adjusted,0.0025,-0.3657233433000104,-1.611816052813522,-2.1578917476861608,-0.4926643783765841,-74.2337703621141,0.7373333333333333,48.53333333333333,0.257954931117064,Evaluated from developed_ex_us_ff5.csv (daily),daily,-0.4568934992522703,0.0004767039929875,-0.3943244828964878,0.0030801524870076,-0.3932627619421484,0.0030678019770904
Rio Tinto,Random Forest,Directional (no uncertainty),0.0025,-0.3657233433000104,-1.611816052813522,-2.1578917476861608,-0.4926643783765841,-74.2337703621141,0.7373333333333333,48.53333333333333,0.257954931117064,Evaluated from developed_ex_us_ff5.csv (daily),daily,-0.4568934992522703,0.0004767039929875,-0.3943244828964878,0.0030801524870076,-0.3932627619421484,0.0030678019770904
Rio Tinto,Random Forest,Uncertainty-adjusted,0.005,-0.6024648994618634,-3.326045967512249,-4.0950286912596825,-0.6438702412965563,-93.56930338148332,0.7373333333333333,48.53333333333333,0.0642192341050202,Evaluated from developed_ex_us_ff5.csv (daily),daily,-0.9215106876365372,5.665637688017885e-12,-0.858842359177919,3.0819311274069504e-10,-0.857069265905259,2.7447075829510617e-10
Rio Tinto,Random Forest,Directional (no uncertainty),0.005,-0.6024648994618634,-3.326045967512249,-4.0950286912596825,-0.6438702412965563,-93.56930338148332,0.7373333333333333,48.53333333333333,0.0642192341050202,Evaluated from developed_ex_us_ff5.csv (daily),daily,-0.9215106876365372,5.665637688017885e-12,-0.858842359177919,3.0819311274069504e-10,-0.857069265905259,2.7447075829510617e-10
Rio Tinto,Random Walk,Uncertainty-adjusted,0.0,0.0,0.0,0.0,,0.0,0.0,0.0,1.0,Evaluated from developed_ex_us_ff5.csv (daily),daily,-0.045623036325073,0.0,-0.0457923534437118,0.0,-0.0457952773271743,0.0
Rio Tinto,Random Walk,Directional (no uncertainty),0.0,0.0,0.0,0.0,,0.0,0.0,0.0,1.0,Evaluated from developed_ex_us_ff5.csv (daily),daily,-0.045623036325073,0.0,-0.0457923534437118,0.0,-0.0457952773271743,0.0
Rio Tinto,Random Walk,Uncertainty-adjusted,0.001,0.0,0.0,0.0,,0.0,0.0,0.0,1.0,Evaluated from developed_ex_us_ff5.csv (daily),daily,-0.045623036325073,0.0,-0.0457923534437118,0.0,-0.0457952773271743,0.0
Rio Tinto,Random Walk,Directional (no uncertainty),0.001,0.0,0.0,0.0,,0.0,0.0,0.0,1.0,Evaluated from developed_ex_us_ff5.csv (daily),daily,-0.045623036325073,0.0,-0.0457923534437118,0.0,-0.0457952773271743,0.0
Rio Tinto,Random Walk,Uncertainty-adjusted,0.0025,0.0,0.0,0.0,,0.0,0.0,0.0,1.0,Evaluated from developed_ex_us_ff5.csv (daily),daily,-0.045623036325073,0.0,-0.0457923534437118,0.0,-0.0457952773271743,0.0
Rio Tinto,Random Walk,Directional (no uncertainty),0.0025,0.0,0.0,0.0,,0.0,0.0,0.0,1.0,Evaluated from developed_ex_us_ff5.csv (daily),daily,-0.045623036325073,0.0,-0.0457923534437118,0.0,-0.0457952773271743,0.0
Rio Tinto,Random Walk,Uncertainty-adjusted,0.005,0.0,0.0,0.0,,0.0,0.0,0.0,1.0,Evaluated from developed_ex_us_ff5.csv (daily),daily,-0.045623036325073,0.0,-0.0457923534437118,0.0,-0.0457952773271743,0.0
Rio Tinto,Random Walk,Directional (no uncertainty),0.005,0.0,0.0,0.0,,0.0,0.0,0.0,1.0,Evaluated from developed_ex_us_ff5.csv (daily),daily,-0.045623036325073,0.0,-0.0457923534437118,0.0,-0.0457952773271743,0.0
Rio Tinto,Random Walk + Drift,Uncertainty-adjusted,0.0,0.0,0.0,0.0,,0.0,0.0,0.0,1.0,Evaluated from developed_ex_us_ff5.csv (daily),daily,-0.045623036325073,0.0,-0.0457923534437118,0.0,-0.0457952773271743,0.0
Rio Tinto,Random Walk + Drift,Directional (no uncertainty),0.0,-0.194323323026003,-0.6954665580541096,-0.9254609249283372,-0.3268819517482488,-59.44755346286693,0.0226666666666666,49.06666666666666,0.5256741752453105,Evaluated from developed_ex_us_ff5.csv (daily),daily,-0.194263047818664,0.2123036621552883,-0.2331370121480158,0.143982753218107,-0.2321325888933479,0.1506870858176424
Rio Tinto,Random Walk + Drift,Uncertainty-adjusted,0.001,0.0,0.0,0.0,,0.0,0.0,0.0,1.0,Evaluated from developed_ex_us_ff5.csv (daily),daily,-0.045623036325073,0.0,-0.0457923534437118,0.0,-0.0457952773271743,0.0
Rio Tinto,Random Walk + Drift,Directional (no uncertainty),0.001,-0.1989273487579944,-0.7171967777951717,-0.952987196884911,-0.3314609374901414,-60.01532194541359,0.0226666666666666,49.06666666666666,0.516784216859002,Evaluated from developed_ex_us_ff5.csv (daily),daily,-0.2000308247943842,0.1996459300031824,-0.2390348685216686,0.134590554696797,-0.2380420014807114,0.1410112961967549
Rio Tinto,Random Walk + Drift,Uncertainty-adjusted,0.0025,0.0,0.0,0.0,,0.0,0.0,0.0,1.0,Evaluated from developed_ex_us_ff5.csv (daily),daily,-0.045623036325073,0.0,-0.0457923534437118,0.0,-0.0457952773271743,0.0
Rio Tinto,Random Walk + Drift,Directional (no uncertainty),0.0025,-0.2058007826860564,-0.7495520758360202,-0.9938556543654458,-0.3381866769993482,-60.85419582819729,0.0226666666666666,49.06666666666666,0.5036988927989443,Evaluated from developed_ex_us_ff5.csv (daily),daily,-0.2086824902579648,0.1818824202039877,-0.247881653082148,0.1215505398352634,-0.2469061203617566,0.1275518599610898
Rio Tinto,Random Walk + Drift,Uncertainty-adjusted,0.005,0.0,0.0,0.0,,0.0,0.0,0.0,1.0,Evaluated from developed_ex_us_ff5.csv (daily),daily,-0.045623036325073,0.0,-0.0457923534437118,0.0,-0.0457952773271743,0.0
Rio Tinto,Random Walk + Drift,Directional (no uncertainty),0.005,-0.2171698304269396,-0.8027541234965515,-1.060764117269944,-0.3483869409634199,-62.33581253831845,0.0226666666666666,49.06666666666666,0.4825411876452936,Evaluated from developed_ex_us_ff5.csv (daily),daily,-0.2231019326972656,0.1553715849366885,-0.2626262940162801,0.1024132465440805,-0.2616796518301653,0.107739704454159
Rio Tinto,Selected ARX,Uncertainty-adjusted,0.0,0.0891261805027936,0.4568404797265881,0.6754924592991874,0.2619516853946004,-34.02390038778913,0.0653333333333333,49.86666666666667,1.289293458211508,Evaluated from developed_ex_us_ff5.csv (daily),daily,0.0231583095074781,0.8727244405639214,0.0405042198553707,0.7852132687526852,0.0382136372091391,0.7980335726558503
Rio Tinto,Selected ARX,Directional (no uncertainty),0.0,0.0891261805027936,0.4568404797265881,0.6754924592991874,0.2619516853946004,-34.02390038778913,0.0653333333333333,49.86666666666667,1.289293458211508,Evaluated from developed_ex_us_ff5.csv (daily),daily,0.0231583095074781,0.8727244405639214,0.0405042198553707,0.7852132687526852,0.0382136372091391,0.7980335726558503
Rio Tinto,Selected ARX,Uncertainty-adjusted,0.001,0.0711680582447085,0.3929295347963857,0.5788571826017684,0.1970487477530689,-36.11698072493846,0.0653333333333333,49.86666666666667,1.2270491123850058,Evaluated from developed_ex_us_ff5.csv (daily),daily,0.0068871362392933,0.9619667482964064,0.0231096069606182,0.8763477373806667,0.0208303852394418,0.8889756522416798
Rio Tinto,Selected ARX,Directional (no uncertainty),0.001,0.0711680582447085,0.3929295347963857,0.5788571826017684,0.1970487477530689,-36.11698072493846,0.0653333333333333,49.86666666666667,1.2270491123850058,Evaluated from developed_ex_us_ff5.csv (daily),daily,0.0068871362392933,0.9619667482964064,0.0231096069606182,0.8763477373806667,0.0208303852394418,0.8889756522416798
Rio Tinto,Selected ARX,Uncertainty-adjusted,0.0025,0.0447192357033099,0.2973841104030634,0.4354982186655489,0.1142540025454921,-39.14019177184118,0.0653333333333333,49.86666666666667,1.1390594782653556,Evaluated from developed_ex_us_ff5.csv (daily),daily,-0.0175196236629839,0.903482255689704,-0.0029823123815105,0.9839922208868128,-0.0052444927151039,0.9719799230682477
Rio Tinto,Selected ARX,Directional (no uncertainty),0.0025,0.0447192357033099,0.2973841104030634,0.4354982186655489,0.1142540025454921,-39.14019177184118,0.0653333333333333,49.86666666666667,1.1390594782653556,Evaluated from developed_ex_us_ff5.csv (daily),daily,-0.0175196236629839,0.903482255689704,-0.0029823123815105,0.9839922208868128,-0.0052444927151039,0.9719799230682477
Rio Tinto,Selected ARX,Uncertainty-adjusted,0.005,0.0019129903822519,0.139698129283365,0.2022586386516507,0.0043593265560136,-43.88270430470392,0.0653333333333333,49.86666666666667,1.005704192260237,Evaluated from developed_ex_us_ff5.csv (daily),daily,-0.0581975568334461,0.6885781094950949,-0.046468844618392,0.7560441907195921,-0.0487026226393467,0.7457403743383771
Rio Tinto,Selected ARX,Directional (no uncertainty),0.005,0.0019129903822519,0.139698129283365,0.2022586386516507,0.0043593265560136,-43.88270430470392,0.0653333333333333,49.86666666666667,1.005704192260237,Evaluated from developed_ex_us_ff5.csv (daily),daily,-0.0581975568334461,0.6885781094950949,-0.046468844618392,0.7560441907195921,-0.0487026226393467,0.7457403743383771
Rio Tinto,VMD-GRU,Uncertainty-adjusted,0.0,-0.0611330938490397,-0.1106673763599106,-0.1577474119851482,-0.1324688126753874,-46.14904641656701,0.348,49.06666666666666,0.828827930793781,Evaluated from developed_ex_us_ff5.csv (daily),daily,-0.0944409537994587,0.5334725809116434,-0.0500980215359322,0.7512590269224955,-0.0497812733371839,0.7528901752053799
Rio Tinto,VMD-GRU,Directional (no uncertainty),0.0,-0.0611330938490397,-0.1106673763599106,-0.1577474119851482,-0.1324688126753874,-46.14904641656701,0.348,49.06666666666666,0.828827930793781,Evaluated from developed_ex_us_ff5.csv (daily),daily,-0.0944409537994587,0.5334725809116434,-0.0500980215359322,0.7512590269224955,-0.0497812733371839,0.7528901752053799
Rio Tinto,VMD-GRU,Uncertainty-adjusted,0.001,-0.1402929548809274,-0.4437598107044598,-0.6218008831480858,-0.2704145190105335,-51.88070351927462,0.348,49.06666666666666,0.6376972450742763,Evaluated from developed_ex_us_ff5.csv (daily),daily,-0.1821905883160507,0.226503022955134,-0.1358274250448438,0.3872660093154245,-0.1355301886966385,0.3885104424739131
Rio Tinto,VMD-GRU,Directional (no uncertainty),0.001,-0.1402929548809274,-0.4437598107044598,-0.6218008831480858,-0.2704145190105335,-51.88070351927462,0.348,49.06666666666666,0.6376972450742763,Evaluated from developed_ex_us_ff5.csv (daily),daily,-0.1821905883160507,0.226503022955134,-0.1358274250448438,0.3872660093154245,-0.1355301886966385,0.3885104424739131
Rio Tinto,VMD-GRU,Uncertainty-adjusted,0.0025,-0.2469463174258124,-0.9337840918173412,-1.275059116063075,-0.3814614365211268,-64.73690228766691,0.348,49.06666666666666,0.4299426468096011,Evaluated from developed_ex_us_ff5.csv (daily),daily,-0.3138150400909384,0.0362430830340677,-0.264421530308211,0.0908305953743541,-0.2641535617358207,0.0912776302425693
Rio Tinto,VMD-GRU,Directional (no uncertainty),0.0025,-0.2469463174258124,-0.9337840918173412,-1.275059116063075,-0.3814614365211268,-64.73690228766691,0.348,49.06666666666666,0.4299426468096011,Evaluated from developed_ex_us_ff5.csv (daily),daily,-0.3138150400909384,0.0362430830340677,-0.264421530308211,0.0908305953743541,-0.2641535617358207,0.0912776302425693
Rio Tinto,VMD-GRU,Uncertainty-adjusted,0.005,-0.3966567210960873,-1.710512159482031,-2.2379190545893475,-0.4870258326996285,-81.44469850754794,0.348,49.06666666666666,0.2222890617441633,Evaluated from developed_ex_us_ff5.csv (daily),daily,-0.533189126382418,0.0003961309297842,-0.4787450390804897,0.0022925935107411,-0.4785258501344576,0.0023082382347091
Rio Tinto,VMD-GRU,Directional (no uncertainty),0.005,-0.3966567210960873,-1.710512159482031,-2.2379190545893475,-0.4870258326996285,-81.44469850754794,0.348,49.06666666666666,0.2222890617441633,Evaluated from developed_ex_us_ff5.csv (daily),daily,-0.533189126382418,0.0003961309297842,-0.4787450390804897,0.0022925935107411,-0.4785258501344576,0.0023082382347091
Rio Tinto,VMD-LASSO-ARX/LSTM,Uncertainty-adjusted,0.0,0.1377878006521251,0.9170307514145736,1.4077592804291454,0.637401695023955,-21.617106093033964,0.2906666666666667,18.133333333333333,1.4684157250575487,Evaluated from developed_ex_us_ff5.csv (daily),daily,0.0977757081460744,0.3031932384210096,0.1342014305823104,0.1551293860812346,0.1332009225409513,0.1556330073008996
Rio Tinto,VMD-LASSO-ARX/LSTM,Directional (no uncertainty),0.0,0.1913884605336928,0.8011844141043257,1.1555064299946065,0.5506465193633417,-34.75704536459732,0.4733333333333333,52.66666666666666,1.6840282514135774,Evaluated from developed_ex_us_ff5.csv (daily),daily,0.1708008696063636,0.2666710522732817,0.1837418717381277,0.2422379071841299,0.1816267886881973,0.2451682529652145
Rio Tinto,VMD-LASSO-ARX/LSTM,Uncertainty-adjusted,0.001,0.0574321134968756,0.4399751432021456,0.6585628154721918,0.2317397796565741,-24.783018945641054,0.2906666666666667,18.133333333333333,1.180810064424907,Evaluated from developed_ex_us_ff5.csv (daily),daily,0.024367866357925,0.7983232838247146,0.0600698876363983,0.5263523786458569,0.0590758955853416,0.5307093249299528
Rio Tinto,VMD-LASSO-ARX/LSTM,Directional (no uncertainty),0.001,0.0573355954597769,0.3439795599946209,0.485302291602056,0.1517968030217038,-37.77127997325421,0.4733333333333333,52.66666666666666,1.1804893211309757,Evaluated from developed_ex_us_ff5.csv (daily),daily,0.051623366798761,0.7414485706639151,0.0647019847956084,0.6853950166370277,0.0626234130384656,0.6935308536646535
Rio Tinto,VMD-LASSO-ARX/LSTM,Uncertainty-adjusted,0.0025,-0.052722174469294,-0.2734446270284045,-0.3931523208208968,-0.1574906996308899,-33.4763732670302,0.2906666666666667,18.133333333333333,0.8511227050323964,Evaluated from developed_ex_us_ff5.csv (daily),daily,-0.085743896324299,0.3742493144360728,-0.0511274267824699,0.5941455045586368,-0.0521116448480729,0.5848766927072193
Rio Tinto,VMD-LASSO-ARX/LSTM,Directional (no uncertainty),0.0025,-0.1163969560840807,-0.3370875201371755,-0.4600860897910716,-0.2214752086326331,-52.55529808627543,0.4733333333333333,52.66666666666666,0.6919125377799389,Evaluated from developed_ex_us_ff5.csv (daily),daily,-0.1271428874126428,0.4310664185423596,-0.1138578456181706,0.4890302959787709,-0.1158816504361317,0.4793762579081411
Rio Tinto,VMD-LASSO-ARX/LSTM,Uncertainty-adjusted,0.005,-0.2117093979917268,-1.430414241813182,-1.919962463461465,-0.407984798583807,-51.89149172386092,0.2906666666666667,18.133333333333333,0.4926277765521322,Evaluated from developed_ex_us_ff5.csv (daily),daily,-0.2692635007946724,0.0069393223837067,-0.2364562841472502,0.0171450185651339,-0.2374242122370972,0.0161309131616909
Rio Tinto,VMD-LASSO-ARX/LSTM,Directional (no uncertainty),0.005,-0.3456531112927122,-1.4315336370552596,-1.85066186856662,-0.4464741304537525,-77.41839621064368,0.4733333333333333,52.66666666666666,0.2830151264630074,Evaluated from developed_ex_us_ff5.csv (daily),daily,-0.4250866444316493,0.0135409701254737,-0.4114575629744691,0.0187117240896748,-0.4133900895604608,0.0177502813027109
Rio Tinto,VMD-LSTM,Uncertainty-adjusted,0.0,-0.0015166870067705,0.029817907819636,0.0453113769470827,-0.0089861944446913,-16.877967821701677,0.0426666666666666,3.4666666666666663,0.99549281198197,Evaluated from developed_ex_us_ff5.csv (daily),daily,-0.0370094221744341,0.4313280006255906,-0.0066680974391015,0.8856437986245154,-0.0075926945380454,0.8696249702536848
Rio Tinto,VMD-LSTM,Directional (no uncertainty),0.0,-0.0372768486253564,-0.0148512235039605,-0.0213573623814948,-0.1113710469760118,-33.47086126736822,0.3453333333333333,49.333333333333336,0.8930937923971887,Evaluated from developed_ex_us_ff5.csv (daily),daily,-0.0715926987558407,0.622961676250476,-0.0335572604778319,0.8234696825377087,-0.0355870982355088,0.812740077627582
Rio Tinto,VMD-LSTM,Uncertainty-adjusted,0.001,-0.01219271187633,-0.0858027932855258,-0.1294150819455623,-0.0715297397797726,-17.045653897063357,0.0426666666666666,3.4666666666666663,0.9641476122753276,Evaluated from developed_ex_us_ff5.csv (daily),daily,-0.0476279553566166,0.3054950540938046,-0.0169824591797976,0.7101893108558184,-0.0179251442822125,0.6942359864520322
Rio Tinto,VMD-LSTM,Directional (no uncertainty),0.001,-0.117702691243308,-0.3466573855410479,-0.4904205514827676,-0.311177510142772,-37.82493509550371,0.3453333333333333,49.333333333333336,0.6888739238390059,Evaluated from developed_ex_us_ff5.csv (daily),daily,-0.1586219412884052,0.2680487183258464,-0.1218571773045772,0.4108216482251055,-0.1239638299309455,0.4022486459629122
Rio Tinto,VMD-LSTM,Uncertainty-adjusted,0.0025,-0.0280139473054832,-0.2587779278712063,-0.3853085678200088,-0.161959675178986,-17.29686557751135,0.0426666666666666,3.4666666666666663,0.9189119687267564,Evaluated from developed_ex_us_ff5.csv (daily),daily,-0.0635557551298905,0.1660793904822624,-0.0324540017908416,0.4701014369306417,-0.0334238188984631,0.4559684180390883
Rio Tinto,VMD-LSTM,Directional (no uncertainty),0.0025,-0.2261750989785905,-0.8379682952698454,-1.156397467095262,-0.3957218186475238,-57.15507417599548,0.3453333333333333,49.333333333333336,0.466207726418719,Evaluated from developed_ex_us_ff5.csv (daily),daily,-0.2891658050872517,0.0392053690052308,-0.254307052544695,0.0803202244041314,-0.2565289274741005,0.0774769853212765
Rio Tinto,VMD-LSTM,Uncertainty-adjusted,0.005,-0.0538758870279825,-0.5422777957203765,-0.787082299997128,-0.2602794883828516,-20.699244248065806,0.0426666666666666,3.4666666666666663,0.8480412885624828,Evaluated from developed_ex_us_ff5.csv (daily),daily,-0.090102088085347,0.0480504969182447,-0.0582399061425816,0.1884347546810588,-0.0592549432588809,0.1800386164100994
Rio Tinto,VMD-LSTM,Directional (no uncertainty),0.005,-0.378693034804493,-1.6243114034466088,-2.1505682200690326,-0.4883855158058702,-77.53977596563712,0.3453333333333333,49.333333333333336,0.2425715969684264,Evaluated from developed_ex_us_ff5.csv (daily),daily,-0.5067389114186632,0.0002169493178902,-0.4750568446115578,0.0008676051067742,-0.4774707567126924,0.0008147053586781
Rio Tinto,XGBoost,Uncertainty-adjusted,0.0,-0.0086980457365062,0.0160688881102745,0.0244320513300334,-0.0501019005498178,-17.360710154812384,0.268,12.0,0.9743348154888144,Evaluated from developed_ex_us_ff5.csv (daily),daily,-0.0517447870695657,0.4945564771448359,-0.0029239586034222,0.97001436135033,-0.0031305560389525,0.967655669814575
Rio Tinto,XGBoost,Directional (no uncertainty),0.0,-0.1218760103641964,-0.3664832165531406,-0.519110921898187,-0.2938044648839525,-41.48201437726119,0.6893333333333334,47.73333333333333,0.6792215150632068,Evaluated from developed_ex_us_ff5.csv (daily),daily,-0.1536336734978298,0.3226158663035555,-0.0823371106357674,0.596080427240308,-0.0827785668271662,0.5947724782658101
Rio Tinto,XGBoost,Uncertainty-adjusted,0.001,-0.073434761806882,-0.43493007879251,-0.6438169489771007,-0.361611458050452,-20.307642407900804,0.268,12.0,0.796923575920992,Evaluated from developed_ex_us_ff5.csv (daily),daily,-0.1191300629057757,0.1122608323991734,-0.069971362941012,0.3638889373174856,-0.0700711259195482,0.3593495720028909
Rio Tinto,XGBoost,Directional (no uncertainty),0.001,-0.2622047233170093,-1.0271674707482763,-1.4094061116796766,-0.4395482728658748,-59.65322570998232,0.6893333333333334,47.73333333333333,0.4045311748376169,Evaluated from developed_ex_us_ff5.csv (daily),daily,-0.3271640757405633,0.0364739657696695,-0.2570365524805058,0.1015650830959089,-0.2574571502229398,0.1015640027079492
Rio Tinto,XGBoost,Uncertainty-adjusted,0.0025,-0.1628221146486943,-1.1075407544971425,-1.5717223780028906,-0.3963906238211209,-41.07617710003429,0.268,12.0,0.589238228999657,Evaluated from developed_ex_us_ff5.csv (daily),daily,-0.2202079766600907,0.0032673263646013,-0.1705424694473968,0.0266504998665925,-0.1704819807404415,0.0253632848865036
Rio Tinto,XGBoost,Directional (no uncertainty),0.0025,-0.4321663708936708,-1.997442725746705,-2.614984238934257,-0.5305015470168575,-81.46373433288746,0.6893333333333334,47.73333333333333,0.1855731785568272,Evaluated from developed_ex_us_ff5.csv (daily),daily,-0.5874596791046636,0.0002248726564066,-0.5190857152476135,0.0012313537049335,-0.5194750253166,0.0012399177184862
Rio Tinto,XGBoost,Uncertainty-adjusted,0.005,-0.2933281901415178,-2.189783561121563,-2.894947922610914,-0.4553588124933352,-64.4169349738479,0.268,12.0,0.355830650261521,Evaluated from developed_ex_us_ff5.csv (daily),daily,-0.3886711662506159,4.723974191894768e-07,-0.3381609802913717,1.9922630961393508e-05,-0.3378334054419304,1.649275434321558e-05
Rio Tinto,XGBoost,Directional (no uncertainty),0.005,-0.6336198653331886,-3.51371040103942,-4.270799655812739,-0.6672770197531345,-94.956044727511,0.6893333333333334,47.73333333333333,0.0503707395442233,Evaluated from developed_ex_us_ff5.csv (daily),daily,-1.0212856847114966,9.349817806586247e-10,-0.9558343198594592,1.7405704914554363e-08,-0.9561714838060336,1.7711378393542708e-08
Zijin Mining,ARIMA,Uncertainty-adjusted,0.0,0.0050695180661035,0.1263992683024242,0.1922145421914193,0.0171151128462879,-29.620126443998707,0.36,8.533333333333333,1.0151635536187338,Evaluated from emerging_monthly_ff5.csv (monthly),monthly,-0.0245376706949388,0.698469748117535,-0.0367449662583574,0.5262454868048425,-0.0285879170330435,0.5843102234565096
Zijin Mining,ARIMA,Directional (no uncertainty),0.0,-0.4095531041471639,-1.1133331599114695,-1.4801831516894748,-0.5010935095547163,-81.73187166425336,1.4653333333333334,44.8,0.2084445796749689,Evaluated from emerging_monthly_ff5.csv (monthly),monthly,-0.4968497165410534,0.0013007303118773,-0.4378847887153245,0.0060927219887711,-0.4412190906323478,0.0057604558106058
Zijin Mining,ARIMA,Uncertainty-adjusted,0.001,-0.0821837985935012,-0.3160068602781249,-0.4586050154644918,-0.2177455492419971,-37.74304406202311,0.36,8.533333333333333,0.7747363398879779,Evaluated from emerging_monthly_ff5.csv (monthly),monthly,-0.1111072131304106,0.1181587127549605,-0.1101770782282674,0.042753359441125,-0.1021470703969518,0.0382271604561621
Zijin Mining,ARIMA,Directional (no uncertainty),0.001,-0.592305624139724,-2.0365690194389856,-2.59754637760821,-0.631423711593378,-93.8047800968797,1.4653333333333334,44.8,0.0692280192819402,Evaluated from emerging_monthly_ff5.csv (monthly),monthly,-0.8430027800039864,2.8404147687055733e-09,-0.7952683259971531,4.226131482003256e-07,-0.7980631712948528,1.889513430841077e-07
Zijin Mining,ARIMA,Uncertainty-adjusted,0.0025,-0.1992953753481996,-0.9737210413989594,-1.3238639325294892,-0.3669256006554706,-54.31492787425605,0.36,8.533333333333333,0.5160779316775664,Evaluated from emerging_monthly_ff5.csv (monthly),monthly,-0.2381721882710752,0.0160770982040124,-0.2182096371704902,0.0005231223052045,-0.2103371641512579,0.0005155713643891
Zijin Mining,ARIMA,Directional (no uncertainty),0.0025,-0.7664075329461935,-3.415048173630866,-4.095787222408362,-0.7758614624017447,-98.78149258421912,1.4653333333333334,44.8,0.0131951154600473,Evaluated from emerging_monthly_ff5.csv (monthly),monthly,-1.3428645404448272,4.992418433904405e-25,-1.3108145182516635,9.013077894652695e-17,-1.3128358568735623,7.3216157596245e-19
Zijin Mining,ARIMA,Uncertainty-adjusted,0.005,-0.3627098125107559,-2.025722062009627,-2.5064665997659894,-0.4768116403331022,-76.06983173845455,0.36,8.533333333333333,0.2616196330174895,Evaluated from emerging_monthly_ff5.csv (monthly),monthly,-0.4427452088884488,0.0053160564169795,-0.3927900279719179,5.5483172455009166e-05,-0.3850936696824135,0.0001000755861058
Zijin Mining,ARIMA,Directional (no uncertainty),0.005,-0.908017845896576,-5.667952234757532,-6.156490313085588,-0.9087312637058405,-99.92149298282584,1.4653333333333334,44.8,0.0008237291828153,Evaluated from emerging_monthly_ff5.csv (monthly),monthly,-2.126827953759295,4.134401629339565e-62,-2.118029216282918,3.659977527344746e-37,-2.118853038518712,3.02521985450674e-45
Zijin Mining,CEEMDAN-LSTM,Uncertainty-adjusted,0.0,-0.1403100783979993,-0.1767667056650892,-0.2519440979187133,-0.2218276695067871,-63.25183810926993,0.2226666666666666,47.06666666666667,0.6376594435596428,Evaluated from emerging_monthly_ff5.csv (monthly),monthly,-0.0257966185537167,0.8970000704958445,-0.0593933978565417,0.8419175733437008,-0.0454437225119211,0.8453938556608604
Zijin Mining,CEEMDAN-LSTM,Directional (no uncertainty),0.0,-0.1403100783979993,-0.1767667056650892,-0.2519440979187133,-0.2218276695067871,-63.25183810926993,0.2226666666666666,47.06666666666667,0.6376594435596428,Evaluated from emerging_monthly_ff5.csv (monthly),monthly,-0.0257966185537167,0.8970000704958445,-0.0593933978565417,0.8419175733437008,-0.0454437225119211,0.8453938556608604
Zijin Mining,CEEMDAN-LSTM,Uncertainty-adjusted,0.001,-0.1873034429366664,-0.3164848128109444,-0.4483530312858408,-0.2940636914314674,-63.69485536446046,0.2226666666666666,47.06666666666667,0.5394234485025775,Evaluated from emerging_monthly_ff5.csv (monthly),monthly,-0.0848988810559133,0.653800875799403,-0.1185286353154439,0.6805049303888138,-0.1041313095748131,0.6456017328221738
Zijin Mining,CEEMDAN-LSTM,Directional (no uncertainty),0.001,-0.1873034429366664,-0.3164848128109444,-0.4483530312858408,-0.2940636914314674,-63.69485536446046,0.2226666666666666,47.06666666666667,0.5394234485025775,Evaluated from emerging_monthly_ff5.csv (monthly),monthly,-0.0848988810559133,0.653800875799403,-0.1185286353154439,0.6805049303888138,-0.1041313095748131,0.6456017328221738
Zijin Mining,CEEMDAN-LSTM,Uncertainty-adjusted,0.0025,-0.2531789537187501,-0.5252847361771277,-0.73734583900945,-0.3927274710974009,-64.4668306526382,0.2226666666666666,47.06666666666667,0.4194385068971892,Evaluated from emerging_monthly_ff5.csv (monthly),monthly,-0.1728650447092188,0.3227808407680905,-0.2065409111670663,0.4500547949818703,-0.1914726292343019,0.3775675298588684
Zijin Mining,CEEMDAN-LSTM,Directional (no uncertainty),0.0025,-0.2531789537187501,-0.5252847361771277,-0.73734583900945,-0.3927274710974009,-64.4668306526382,0.2226666666666666,47.06666666666667,0.4194385068971892,Evaluated from emerging_monthly_ff5.csv (monthly),monthly,-0.1728650447092188,0.3227808407680905,-0.2065409111670663,0.4500547949818703,-0.1914726292343019,0.3775675298588684
Zijin Mining,CEEMDAN-LSTM,Uncertainty-adjusted,0.005,-0.3516884056711891,-0.8691149320772636,-1.2008684381873234,-0.4717351376249096,-74.55209027715608,0.2226666666666666,47.06666666666667,0.275316794220251,Evaluated from emerging_monthly_ff5.csv (monthly),monthly,-0.3176659850570758,0.0368691183214285,-0.351410268685789,0.1613972911573828,-0.335226061821702,0.0980612947699758
Zijin Mining,CEEMDAN-LSTM,Directional (no uncertainty),0.005,-0.3516884056711891,-0.8691149320772636,-1.2008684381873234,-0.4717351376249096,-74.55209027715608,0.2226666666666666,47.06666666666667,0.275316794220251,Evaluated from emerging_monthly_ff5.csv (monthly),monthly,-0.3176659850570758,0.0368691183214285,-0.351410268685789,0.1613972911573828,-0.335226061821702,0.0980612947699758
Zijin Mining,Dynamic Selected,Uncertainty-adjusted,0.0,0.1989118815731583,0.6896178864774174,0.9952844057252352,0.6412205711371436,-31.020820373932644,0.444,37.73333333333333,1.7158760220475773,Evaluated from emerging_monthly_ff5.csv (monthly),monthly,0.0997684674102377,0.5514020988244361,0.0883016802245332,0.7332850494197205,0.0155678161605662,0.9422785863161064
Zijin Mining,Dynamic Selected,Directional (no uncertainty),0.0,0.1887027610835261,0.6475920345025713,0.9122864545155768,0.6083100279388375,-31.020820373932622,0.5533333333333333,42.0,1.6727550727253293,Evaluated from emerging_monthly_ff5.csv (monthly),monthly,0.0889170590885793,0.5875290592369403,0.0618184298309689,0.8112447258022781,-0.021719354808842,0.9124953707345826
Zijin Mining,Dynamic Selected,Uncertainty-adjusted,0.001,0.0719380972182457,0.3736099507245231,0.5303350497733724,0.2052886724403629,-35.042409482746294,0.444,37.73333333333333,1.2296762704998776,Evaluated from emerging_monthly_ff5.csv (monthly),monthly,-0.012126885746549,0.9430238880816494,-0.0048326245714691,0.98518958705091,-0.0753260465857987,0.7238282697113265
Zijin Mining,Dynamic Selected,Directional (no uncertainty),0.001,0.0338522107542373,0.2787723896227242,0.3856423963672715,0.0885457566747593,-38.23131906657164,0.5533333333333333,42.0,1.1041577707481096,Evaluated from emerging_monthly_ff5.csv (monthly),monthly,-0.0474091852225518,0.7712551093036235,-0.0605291395815281,0.8156681908573855,-0.1400867171611297,0.4662753526818485
Zijin Mining,Dynamic Selected,Uncertainty-adjusted,0.0025,-0.0941203385944779,-0.0995391083398868,-0.1378335934510961,-0.2155094345545971,-43.673419119214266,0.444,37.73333333333333,0.7451327605078819,Evaluated from emerging_monthly_ff5.csv (monthly),monthly,-0.1771422116824861,0.3127977388806544,-0.142375606443439,0.5884268767422411,-0.209581549616779,0.3223854884169973
Zijin Mining,Dynamic Selected,Directional (no uncertainty),0.0025,-0.1618676659974744,-0.2726430966960723,-0.3671342955523562,-0.2998895784324952,-53.97575562430246,0.5533333333333333,42.0,0.5912398212021952,Evaluated from emerging_monthly_ff5.csv (monthly),monthly,-0.247407167971269,0.1374566333436883,-0.2398016599964536,0.3640620836528896,-0.3135241241817682,0.098269621821891
Zijin Mining,Dynamic Selected,Uncertainty-adjusted,0.005,-0.3164433020492341,-0.8759387827468962,-1.1648524583284667,-0.4518694065460034,-70.02981336312664,0.444,37.73333333333333,0.3222979691462413,Evaluated from emerging_monthly_ff5.csv (monthly),monthly,-0.4448178010347633,0.0194668844987237,-0.3659986529815499,0.1751980611233933,-0.4279130040940654,0.0442701037902945
Zijin Mining,Dynamic Selected,Directional (no uncertainty),0.005,-0.4100673287660488,-1.1746951151740588,-1.5144109493973683,-0.5083450023115449,-80.66713096448117,0.5533333333333333,42.0,0.2079047589330599,Evaluated from emerging_monthly_ff5.csv (monthly),monthly,-0.5691742972853634,0.0017921301351859,-0.5276952820450441,0.058331882551134,-0.5920422305371442,0.0027350199763999
Zijin Mining,Elastic Net,Uncertainty-adjusted,0.0,-0.1591361976796845,-0.2319425216207667,-0.3284924181844486,-0.2270832000322379,-70.07836672069654,0.6706666666666666,47.6,0.5969929714565344,Evaluated from emerging_monthly_ff5.csv (monthly),monthly,-0.1686185433755592,0.3456675110178575,-0.2863701223312225,0.1035663608903552,-0.4016134499149004,0.0128982026263709
Zijin Mining,Elastic Net,Directional (no uncertainty),0.0,-0.1591361976796845,-0.2319425216207667,-0.3284924181844486,-0.2270832000322379,-70.07836672069654,0.6706666666666666,47.6,0.5969929714565344,Evaluated from emerging_monthly_ff5.csv (monthly),monthly,-0.1686185433755592,0.3456675110178575,-0.2863701223312225,0.1035663608903552,-0.4016134499149004,0.0128982026263709
Zijin Mining,Elastic Net,Uncertainty-adjusted,0.001,-0.2899708102236392,-0.6535606139729867,-0.9074103076166986,-0.3689785761789103,-78.58743811809774,0.6706666666666666,47.6,0.3608856824285196,Evaluated from emerging_monthly_ff5.csv (monthly),monthly,-0.3365578660964494,0.0338760254489648,-0.4505441667398175,0.0053549982105846,-0.5607433888617759,0.0001699019149994
Zijin Mining,Elastic Net,Directional (no uncertainty),0.001,-0.2899708102236392,-0.6535606139729867,-0.9074103076166986,-0.3689785761789103,-78.58743811809774,0.6706666666666666,47.6,0.3608856824285196,Evaluated from emerging_monthly_ff5.csv (monthly),monthly,-0.3365578660964494,0.0338760254489648,-0.4505441667398175,0.0053549982105846,-0.5607433888617759,0.0001699019149994
Zijin Mining,Elastic Net,Uncertainty-adjusted,0.0025,-0.4494132681181291,-1.2837436420639023,-1.7299562313449728,-0.5162483785933774,-87.05369096609,0.6706666666666666,47.6,0.1692965235712406,Evaluated from emerging_monthly_ff5.csv (monthly),monthly,-0.5834178750325261,9.82724765927003e-06,-0.691904721250919,1.5447222347435285e-06,-0.7947905034610209,3.0892824055518326e-09
Zijin Mining,Elastic Net,Directional (no uncertainty),0.0025,-0.4494132681181291,-1.2837436420639023,-1.7299562313449728,-0.5162483785933774,-87.05369096609,0.6706666666666666,47.6,0.1692965235712406,Evaluated from emerging_monthly_ff5.csv (monthly),monthly,-0.5834178750325261,9.82724765927003e-06,-0.691904721250919,1.5447222347435285e-06,-0.7947905034610209,3.0892824055518326e-09
Zijin Mining,Elastic Net,Uncertainty-adjusted,0.005,-0.6402507180093551,-2.313748264233328,-2.968370144512292,-0.6705874736166862,-95.47609270961838,0.6706666666666666,47.6,0.0477058059788682,Evaluated from emerging_monthly_ff5.csv (monthly),monthly,-0.9817842035625176,2.380427105481937e-22,-1.0814863830739692,5.9582240611432585e-18,-1.1728295895619265,1.6460541796088705e-22
Zijin Mining,Elastic Net,Directional (no uncertainty),0.005,-0.6402507180093551,-2.313748264233328,-2.968370144512292,-0.6705874736166862,-95.47609270961838,0.6706666666666666,47.6,0.0477058059788682,Evaluated from emerging_monthly_ff5.csv (monthly),monthly,-0.9817842035625176,2.380427105481937e-22,-1.0814863830739692,5.9582240611432585e-18,-1.1728295895619265,1.6460541796088705e-22
Zijin Mining,GRU,Uncertainty-adjusted,0.0,-0.2113411933646835,-0.7747084100161965,-1.0569585504616257,-0.3649311129779675,-57.91262675305053,0.064,15.466666666666669,0.493312922251535,Evaluated from emerging_monthly_ff5.csv (monthly),monthly,-0.1740160177554709,0.107172562709871,-0.1928556037702092,0.2933102176394039,-0.1881059386773578,0.1792381938102611
Zijin Mining,GRU,Directional (no uncertainty),0.0,-0.1574320694898739,-0.2271635341932267,-0.3256164197539056,-0.211020619229093,-74.6050646922607,0.1853333333333333,46.8,0.6006010495369897,Evaluated from emerging_monthly_ff5.csv (monthly),monthly,0.0328923773540261,0.8362951756223838,-0.0171662608033023,0.9384056497930802,0.0267553809553739,0.8802866025213635
Zijin Mining,GRU,Uncertainty-adjusted,0.001,-0.2240341971698252,-0.8352906843835034,-1.137027604822447,-0.3747948897059195,-59.775147240031,0.064,15.466666666666669,0.4700570189760549,Evaluated from emerging_monthly_ff5.csv (monthly),monthly,-0.1896337273065067,0.0784004901600632,-0.2087832295468312,0.2553698260862866,-0.2035134322746037,0.1485038555000985
Zijin Mining,GRU,Directional (no uncertainty),0.001,-0.1960256585467134,-0.343251498582881,-0.4896267254647813,-0.2572848338631414,-76.19013355874142,0.1853333333333333,46.8,0.5223753849908079,Evaluated from emerging_monthly_ff5.csv (monthly),monthly,-0.0177812144006904,0.9058508977543536,-0.0704688257967224,0.7391989212120873,-0.0293674261389721,0.8622787668578397
Zijin Mining,GRU,Uncertainty-adjusted,0.0025,-0.2427149102797461,-0.925525285957966,-1.2552945482534952,-0.3888493993865762,-62.41874377654628,0.064,15.466666666666669,0.437172660017109,Evaluated from emerging_monthly_ff5.csv (monthly),monthly,-0.2129763634677267,0.0477070773077749,-0.2325930498994265,0.2055975238493487,-0.22655685286154,0.1110828738935538
Zijin Mining,GRU,Directional (no uncertainty),0.0025,-0.2507591634586589,-0.5165053987543032,-0.7313082518280006,-0.3193500238203718,-78.52172999984056,0.1853333333333333,46.8,0.4234962061222947,Evaluated from emerging_monthly_ff5.csv (monthly),monthly,-0.0931210305248482,0.5009421452704812,-0.1496542614165559,0.4474990651515463,-0.1127470234727371,0.4759536742350854
Zijin Mining,GRU,Uncertainty-adjusted,0.005,-0.2729150464387023,-1.0739094760667516,-1.4469505257462212,-0.4106950182789481,-66.45199826926942,0.064,15.466666666666669,0.3873031806668318,Evaluated from emerging_monthly_ff5.csv (monthly),monthly,-0.2516583789036207,0.0196468404962092,-0.2720597255519188,0.1401523514131769,-0.2647826155647619,0.0673491434238608
Zijin Mining,GRU,Directional (no uncertainty),0.005,-0.3341428018762619,-0.8014647446415355,-1.1200646873002642,-0.4065026659751318,-82.19941216737392,0.1853333333333333,46.8,0.2980907562434288,Evaluated from emerging_monthly_ff5.csv (monthly),monthly,-0.2169209448306496,0.0768134452372856,-0.2796075866926908,0.1118699564825265,-0.2495950343386514,0.0830549437341373
Zijin Mining,Histogram Gradient Boosting,Uncertainty-adjusted,0.0,-0.2053863404975074,-0.5661034642606809,-0.7638954719338369,-0.3701054924463162,-55.49399959993805,0.2973333333333333,24.4,0.5044815834305328,Evaluated from emerging_monthly_ff5.csv (monthly),monthly,-0.195137579704068,0.1997332820300728,-0.3496047498941946,0.0958216064301956,-0.3761115527823456,0.0607316949320168
Zijin Mining,Histogram Gradient Boosting,Directional (no uncertainty),0.0,-0.1038671003680551,-0.0720744034825512,-0.1017295379021582,-0.1777828593428284,-58.42357398907762,0.444,46.8,0.7215247872444592,Evaluated from emerging_monthly_ff5.csv (monthly),monthly,0.0090433280589305,0.9517605616966864,-0.1532920191836371,0.4131882828433194,-0.2438584379817363,0.1766594701872582
Zijin Mining,Histogram Gradient Boosting,Uncertainty-adjusted,0.001,-0.2627720228696713,-0.8031714016725383,-1.0752521819576442,-0.4223963410929123,-62.2098245902823,0.2973333333333333,24.4,0.4036061374474869,Evaluated from emerging_monthly_ff5.csv (monthly),monthly,-0.2729770070551153,0.0602776852178937,-0.424098339581483,0.0343444810723505,-0.4495288656203509,0.0196809755825919
Zijin Mining,Histogram Gradient Boosting,Directional (no uncertainty),0.001,-0.1987669556124816,-0.3509751428565427,-0.4893595490935636,-0.3016012849373684,-65.90388222442694,0.444,46.8,0.5170922303798132,Evaluated from emerging_monthly_ff5.csv (monthly),monthly,-0.1064706089060213,0.4418005476253303,-0.2621722724885758,0.1264046103561907,-0.350125835044574,0.0385241228299082
Zijin Mining,Histogram Gradient Boosting,Uncertainty-adjusted,0.0025,-0.3412761648149409,-1.1579930162414658,-1.5309388224343397,-0.475807800904966,-71.72563462932897,0.2973333333333333,24.4,0.288686663242504,Evaluated from emerging_monthly_ff5.csv (monthly),monthly,-0.3886594913951088,0.0041255324518666,-0.5348010820836928,0.0041495049444576,-0.5586429035035566,0.0020675217726276
Zijin Mining,Histogram Gradient Boosting,Directional (no uncertainty),0.0025,-0.3228953151653739,-0.7680996863344608,-1.051316490700127,-0.4315956256010648,-74.81431599676003,0.444,46.8,0.3133281830497745,Evaluated from emerging_monthly_ff5.csv (monthly),monthly,-0.2773894768430918,0.0261048334240355,-0.4232958185990307,0.0046637392006981,-0.5074070753581736,0.0010070447892788
Zijin Mining,Histogram Gradient Boosting,Uncertainty-adjusted,0.005,-0.4542090227321809,-1.7437626194146665,-2.254168578245731,-0.5435777074138696,-83.55917038855954,0.2973333333333333,24.4,0.1649454472802824,Evaluated from emerging_monthly_ff5.csv (monthly),monthly,-0.5786272479722532,1.6532494270300571e-06,-0.7165718508461336,1.339870631391732e-05,-0.7378333447099851,6.310171754687107e-06
Zijin Mining,Histogram Gradient Boosting,Directional (no uncertainty),0.005,-0.4891104580401481,-1.4526828001899397,-1.9270579154271443,-0.5578104040983343,-87.68399700804517,0.444,46.8,0.1354957374216802,Evaluated from emerging_monthly_ff5.csv (monthly),monthly,-0.5560945893876112,5.877958385430728e-07,-0.6860820131671437,9.634677006881988e-09,-0.7639900619529008,1.9324862591211545e-08
Zijin Mining,LASSO,Uncertainty-adjusted,0.0,-0.1591361976796845,-0.2319425216207667,-0.3284924181844486,-0.2270832000322379,-70.07836672069654,0.6706666666666666,47.6,0.5969929714565344,Evaluated from emerging_monthly_ff5.csv (monthly),monthly,-0.1686185433755592,0.3456675110178575,-0.2863701223312225,0.1035663608903552,-0.4016134499149004,0.0128982026263709
Zijin Mining,LASSO,Directional (no uncertainty),0.0,-0.1591361976796845,-0.2319425216207667,-0.3284924181844486,-0.2270832000322379,-70.07836672069654,0.6706666666666666,47.6,0.5969929714565344,Evaluated from emerging_monthly_ff5.csv (monthly),monthly,-0.1686185433755592,0.3456675110178575,-0.2863701223312225,0.1035663608903552,-0.4016134499149004,0.0128982026263709
Zijin Mining,LASSO,Uncertainty-adjusted,0.001,-0.2899708102236392,-0.6535606139729867,-0.9074103076166986,-0.3689785761789103,-78.58743811809774,0.6706666666666666,47.6,0.3608856824285196,Evaluated from emerging_monthly_ff5.csv (monthly),monthly,-0.3365578660964494,0.0338760254489648,-0.4505441667398175,0.0053549982105846,-0.5607433888617759,0.0001699019149994
Zijin Mining,LASSO,Directional (no uncertainty),0.001,-0.2899708102236392,-0.6535606139729867,-0.9074103076166986,-0.3689785761789103,-78.58743811809774,0.6706666666666666,47.6,0.3608856824285196,Evaluated from emerging_monthly_ff5.csv (monthly),monthly,-0.3365578660964494,0.0338760254489648,-0.4505441667398175,0.0053549982105846,-0.5607433888617759,0.0001699019149994
Zijin Mining,LASSO,Uncertainty-adjusted,0.0025,-0.4494132681181291,-1.2837436420639023,-1.7299562313449728,-0.5162483785933774,-87.05369096609,0.6706666666666666,47.6,0.1692965235712406,Evaluated from emerging_monthly_ff5.csv (monthly),monthly,-0.5834178750325261,9.82724765927003e-06,-0.691904721250919,1.5447222347435285e-06,-0.7947905034610209,3.0892824055518326e-09
Zijin Mining,LASSO,Directional (no uncertainty),0.0025,-0.4494132681181291,-1.2837436420639023,-1.7299562313449728,-0.5162483785933774,-87.05369096609,0.6706666666666666,47.6,0.1692965235712406,Evaluated from emerging_monthly_ff5.csv (monthly),monthly,-0.5834178750325261,9.82724765927003e-06,-0.691904721250919,1.5447222347435285e-06,-0.7947905034610209,3.0892824055518326e-09
Zijin Mining,LASSO,Uncertainty-adjusted,0.005,-0.6402507180093551,-2.313748264233328,-2.968370144512292,-0.6705874736166862,-95.47609270961838,0.6706666666666666,47.6,0.0477058059788682,Evaluated from emerging_monthly_ff5.csv (monthly),monthly,-0.9817842035625176,2.380427105481937e-22,-1.0814863830739692,5.9582240611432585e-18,-1.1728295895619265,1.6460541796088705e-22
Zijin Mining,LASSO,Directional (no uncertainty),0.005,-0.6402507180093551,-2.313748264233328,-2.968370144512292,-0.6705874736166862,-95.47609270961838,0.6706666666666666,47.6,0.0477058059788682,Evaluated from emerging_monthly_ff5.csv (monthly),monthly,-0.9817842035625176,2.380427105481937e-22,-1.0814863830739692,5.9582240611432585e-18,-1.1728295895619265,1.6460541796088705e-22
Zijin Mining,LSTM,Uncertainty-adjusted,0.0,-0.2812414610952523,-0.814125345472804,-1.103018765756664,-0.3913291747941395,-71.8682580319243,0.172,29.06666666666667,0.3742516653977618,Evaluated from emerging_monthly_ff5.csv (monthly),monthly,-0.2154634060528363,0.2157171484836617,-0.3226486746760034,0.1657909488000789,-0.3428833110774121,0.1122375464070289
Zijin Mining,LSTM,Directional (no uncertainty),0.0,-0.375964515607936,-0.974555735528062,-1.2942296818259185,-0.4525156898780486,-83.08319999009474,0.2013333333333333,44.53333333333334,0.2457558282119199,Evaluated from emerging_monthly_ff5.csv (monthly),monthly,-0.3445813975913905,0.0645216860604575,-0.4602733596860608,0.0495882301935907,-0.4944297863511509,0.0107366915955254
Zijin Mining,LSTM,Uncertainty-adjusted,0.001,-0.3117384782731629,-0.9435426194103026,-1.273442224087964,-0.421563551601665,-73.94815730362863,0.172,29.06666666666667,0.3289451467550955,Evaluated from emerging_monthly_ff5.csv (monthly),monthly,-0.2617466565947329,0.1203045352828656,-0.3678559823038329,0.1054111534985646,-0.3876274365363304,0.0665797670396266
Zijin Mining,LSTM,Directional (no uncertainty),0.001,-0.4069067167870399,-1.101146578012246,-1.4548414755484878,-0.4821768620177328,-84.38951530861206,0.2013333333333333,44.53333333333334,0.2112374179220068,Evaluated from emerging_monthly_ff5.csv (monthly),monthly,-0.398595896743579,0.0221562517058638,-0.5180473288268835,0.0178237859822587,-0.5511329302111031,0.0024087241003977
Zijin Mining,LSTM,Uncertainty-adjusted,0.0025,-0.3551292481431918,-1.1371774813607576,-1.5254156404626993,-0.4621999810010502,-76.8345440806898,0.172,29.06666666666667,0.2709907111004471,Evaluated from emerging_monthly_ff5.csv (monthly),monthly,-0.3307607220249404,0.0390830367340337,-0.435264962687406,0.0468018662599323,-0.4543513883130415,0.0263828546151231
Zijin Mining,LSTM,Directional (no uncertainty),0.0025,-0.4505722885119875,-1.2896342591242371,-1.6908726883424374,-0.5229088284325838,-86.16651010895634,0.2013333333333333,44.53333333333334,0.1682380733351099,Evaluated from emerging_monthly_ff5.csv (monthly),monthly,-0.4788819879730977,0.0022438566134307,-0.6038399185400005,0.0020394414033313,-0.6353517636847203,0.0001098042861878
Zijin Mining,LSTM,Uncertainty-adjusted,0.005,-0.4215840484986924,-1.457530550569155,-1.9335590650813812,-0.5207306373683707,-80.96010072102963,0.172,29.06666666666667,0.1960567189304404,Evaluated from emerging_monthly_ff5.csv (monthly),monthly,-0.4446975296855421,0.0024997316227761,-0.5465502192238586,0.007887361065224,-0.5645207095679552,0.0036233641055442
Zijin Mining,LSTM,Directional (no uncertainty),0.005,-0.5165700053346411,-1.59832431963051,-2.069336986819116,-0.5810314499766143,-88.90568752439002,0.2013333333333333,44.53333333333334,0.1149520301388499,Evaluated from emerging_monthly_ff5.csv (monthly),monthly,-0.6107589460028631,2.579884402610947e-06,-0.7445481067106074,3.3050308835095666e-06,-0.7735223939574465,2.286473326575341e-08
Zijin Mining,LightGBM,Uncertainty-adjusted,0.0,-0.1218420939285719,-0.1607321047237032,-0.2252294364030811,-0.2147495922534001,-56.73682201212319,0.4413333333333333,37.333333333333336,0.6792995956545725,Evaluated from emerging_monthly_ff5.csv (monthly),monthly,-0.0356558982155531,0.882372223334712,-0.1740086546418024,0.6064879599332511,-0.2618428381416442,0.372030843348521
Zijin Mining,LightGBM,Directional (no uncertainty),0.0,-0.1033267608339782,-0.0704496711832955,-0.0987230319039673,-0.190440040314321,-54.25684675525043,0.4493333333333333,46.66666666666666,0.7228203695921873,Evaluated from emerging_monthly_ff5.csv (monthly),monthly,0.0056604919078909,0.9795402330668236,-0.1565495836680479,0.6138232301061193,-0.2668863229413275,0.2811976336024089
Zijin Mining,LightGBM,Uncertainty-adjusted,0.001,-0.2141717161711374,-0.4594029792441903,-0.637012612275315,-0.3614242376705482,-59.25770710661716,0.4413333333333333,37.333333333333336,0.4880621927940357,Evaluated from emerging_monthly_ff5.csv (monthly),monthly,-0.1517375969073172,0.5002458923390658,-0.2839241414772012,0.3735657258035073,-0.3714157865039285,0.1808815671336144
Zijin Mining,LightGBM,Directional (no uncertainty),0.001,-0.1992205851754463,-0.3530888987732103,-0.4886234258365822,-0.3401579682153683,-58.56707876656632,0.4493333333333333,46.66666666666666,0.5162214106614534,Evaluated from emerging_monthly_ff5.csv (monthly),monthly,-0.1126834139476792,0.5861316151905931,-0.2682337423399654,0.3617755546595657,-0.3777039934361472,0.1043582239752336
Zijin Mining,LightGBM,Uncertainty-adjusted,0.0025,-0.3349840795647131,-0.9078915765588684,-1.2381942855072328,-0.473462076387289,-70.7520404001055,0.4413333333333333,37.333333333333336,0.296971253374955,Evaluated from emerging_monthly_ff5.csv (monthly),monthly,-0.323317969451892,0.1100827619586146,-0.4463995640154648,0.1261579286154618,-0.5333818224726458,0.0363565448014712
Zijin Mining,LightGBM,Directional (no uncertainty),0.0025,-0.3244668981868449,-0.7769613254148433,-1.0550641628115132,-0.4712020224165458,-68.85940270859321,0.4493333333333333,46.66666666666666,0.311168722420539,Evaluated from emerging_monthly_ff5.csv (monthly),monthly,-0.287695672369763,0.1250670187497107,-0.4334056231026141,0.1098828200619081,-0.5415827995583582,0.0102466492493078
Zijin Mining,LightGBM,Uncertainty-adjusted,0.005,-0.4968906306777879,-1.6508186769572797,-2.186314110014498,-0.5721081825783404,-86.85256491847979,0.4413333333333333,37.333333333333336,0.1294465534311771,Evaluated from emerging_monthly_ff5.csv (monthly),monthly,-0.6026415655266778,0.0003285679988234,-0.7109258537572472,0.0043234405453848,-0.7970697264465743,0.0002833043463549
Zijin Mining,LightGBM,Directional (no uncertainty),0.005,-0.4917920916211733,-1.4755272688064434,-1.941505979256788,-0.569829495801146,-86.30513078824453,0.4493333333333333,46.66666666666666,0.1333899994321853,Evaluated from emerging_monthly_ff5.csv (monthly),monthly,-0.5728298423283407,0.0003175248033188,-0.7025292558740365,0.0029309508929062,-0.8085687501506467,5.619399304999171e-06
Zijin Mining,Random Forest,Uncertainty-adjusted,0.0,0.0013364247735854,0.1154736503885045,0.1695320313841272,0.00362672498446,-36.849355253342594,0.1026666666666666,10.4,1.0039827092557172,Evaluated from emerging_monthly_ff5.csv (monthly),monthly,-0.0237312111799417,0.7570852038024193,-0.1442052086898787,0.1846425574970688,-0.157308053968768,0.0706836210933865
Zijin Mining,Random Forest,Directional (no uncertainty),0.0,0.0407188795662956,0.3001787266861752,0.4350357388187184,0.0682077776723288,-59.69829388359445,0.5053333333333333,47.46666666666667,1.1261275894984588,Evaluated from emerging_monthly_ff5.csv (monthly),monthly,0.1246379790422033,0.5341046571073079,-0.1103568096103848,0.6554260601044541,-0.1367441170213996,0.604826636637396
Zijin Mining,Random Forest,Uncertainty-adjusted,0.001,-0.0241299691717735,-0.0022222278027644,-0.0032377351345226,-0.0643856588223953,-37.47724200250072,0.1026666666666666,10.4,0.9298834423812256,Evaluated from emerging_monthly_ff5.csv (monthly),monthly,-0.0491796564499807,0.5232541489390793,-0.1681987480860865,0.1359420993644003,-0.1808823750851045,0.0450155796349687
Zijin Mining,Random Forest,Directional (no uncertainty),0.001,-0.0837998644882941,-0.0171716388075626,-0.0245388845829641,-0.1372457812223207,-61.05824437149654,0.5053333333333333,47.46666666666667,0.770683474486774,Evaluated from emerging_monthly_ff5.csv (monthly),monthly,-0.0064373541421821,0.9726829572532752,-0.2377941538514497,0.3043290662456678,-0.2645822107636894,0.2916251885386453
Zijin Mining,Random Forest,Uncertainty-adjusted,0.0025,-0.0611677291066429,-0.1797177572114484,-0.258739814633903,-0.1550738164809746,-39.44426628214657,0.1026666666666666,10.4,0.8287369345090435,Evaluated from emerging_monthly_ff5.csv (monthly),monthly,-0.0871733352665835,0.2716877571270981,-0.2040347264544475,0.0877643078565638,-0.2160930952152396,0.0241116022002937
Zijin Mining,Random Forest,Directional (no uncertainty),0.0025,-0.2435719292254283,-0.4917768115153929,-0.6877850671465195,-0.3564988458428804,-68.32334299695817,0.5053333333333333,47.46666666666667,0.4357018417970608,Evaluated from emerging_monthly_ff5.csv (monthly),monthly,-0.200072353256818,0.2448966624244399,-0.4260475241571704,0.0424853699161453,-0.453420414306969,0.0513727790974962
Zijin Mining,Random Forest,Uncertainty-adjusted,0.005,-0.1199188447665349,-0.4765838089947285,-0.67193683506764,-0.2547508403253101,-47.07299281658962,0.1026666666666666,10.4,0.6837369538830337,Evaluated from emerging_monthly_ff5.csv (monthly),monthly,-0.1500217103891323,0.085454647873647,-0.2633520349907597,0.0457921084354461,-0.2743778104757834,0.0101471641441
Zijin Mining,Random Forest,Directional (no uncertainty),0.005,-0.4510857963954395,-1.2699196965351274,-1.7119034562810702,-0.5207062618188387,-86.62960856660081,0.5053333333333333,47.46666666666667,0.1677705315494289,Evaluated from emerging_monthly_ff5.csv (monthly),monthly,-0.5150168760350657,0.0008369423334826,-0.7322186663587514,5.368734058907432e-05,-0.760523082669631,0.0002570160289084
Zijin Mining,Random Walk,Uncertainty-adjusted,0.0,0.0,0.0,0.0,,0.0,0.0,0.0,1.0,Evaluated from emerging_monthly_ff5.csv (monthly),monthly,-0.0466058105177595,1.814374876803787e-91,-0.0461994248823143,5.5960279162219876e-127,-0.0459831224207842,4.00404652323835e-141
Zijin Mining,Random Walk,Directional (no uncertainty),0.0,0.0,0.0,0.0,,0.0,0.0,0.0,1.0,Evaluated from emerging_monthly_ff5.csv (monthly),monthly,-0.0466058105177595,1.814374876803787e-91,-0.0461994248823143,5.5960279162219876e-127,-0.0459831224207842,4.00404652323835e-141
Zijin Mining,Random Walk,Uncertainty-adjusted,0.001,0.0,0.0,0.0,,0.0,0.0,0.0,1.0,Evaluated from emerging_monthly_ff5.csv (monthly),monthly,-0.0466058105177595,1.814374876803787e-91,-0.0461994248823143,5.5960279162219876e-127,-0.0459831224207842,4.00404652323835e-141
Zijin Mining,Random Walk,Directional (no uncertainty),0.001,0.0,0.0,0.0,,0.0,0.0,0.0,1.0,Evaluated from emerging_monthly_ff5.csv (monthly),monthly,-0.0466058105177595,1.814374876803787e-91,-0.0461994248823143,5.5960279162219876e-127,-0.0459831224207842,4.00404652323835e-141
Zijin Mining,Random Walk,Uncertainty-adjusted,0.0025,0.0,0.0,0.0,,0.0,0.0,0.0,1.0,Evaluated from emerging_monthly_ff5.csv (monthly),monthly,-0.0466058105177595,1.814374876803787e-91,-0.0461994248823143,5.5960279162219876e-127,-0.0459831224207842,4.00404652323835e-141
Zijin Mining,Random Walk,Directional (no uncertainty),0.0025,0.0,0.0,0.0,,0.0,0.0,0.0,1.0,Evaluated from emerging_monthly_ff5.csv (monthly),monthly,-0.0466058105177595,1.814374876803787e-91,-0.0461994248823143,5.5960279162219876e-127,-0.0459831224207842,4.00404652323835e-141
Zijin Mining,Random Walk,Uncertainty-adjusted,0.005,0.0,0.0,0.0,,0.0,0.0,0.0,1.0,Evaluated from emerging_monthly_ff5.csv (monthly),monthly,-0.0466058105177595,1.814374876803787e-91,-0.0461994248823143,5.5960279162219876e-127,-0.0459831224207842,4.00404652323835e-141
Zijin Mining,Random Walk,Directional (no uncertainty),0.005,0.0,0.0,0.0,,0.0,0.0,0.0,1.0,Evaluated from emerging_monthly_ff5.csv (monthly),monthly,-0.0466058105177595,1.814374876803787e-91,-0.0461994248823143,5.5960279162219876e-127,-0.0459831224207842,4.00404652323835e-141
Zijin Mining,Random Walk + Drift,Uncertainty-adjusted,0.0,0.3812798476240913,1.0081503081787846,1.4657332646971146,1.2748096762073406,-29.90876636255452,0.0013333333333333,48.8,2.615200478755236,Evaluated from emerging_monthly_ff5.csv (monthly),monthly,0.1661055013197283,0.1801041082903804,0.1711319063573439,0.3954263755570599,0.1760259617169493,0.293832810454982
Zijin Mining,Random Walk + Drift,Directional (no uncertainty),0.0,0.3812798476240913,1.0081503081787846,1.4657332646971146,1.2748096762073406,-29.90876636255452,0.0013333333333333,48.8,2.615200478755236,Evaluated from emerging_monthly_ff5.csv (monthly),monthly,0.1661055013197283,0.1801041082903804,0.1711319063573439,0.3954263755570599,0.1760259617169493,0.293832810454982
Zijin Mining,Random Walk + Drift,Uncertainty-adjusted,0.001,0.3808018481788293,1.007246302452518,1.4643241688631874,1.2732114844281577,-29.90876636255448,0.0013333333333333,48.8,2.6125079340848743,Evaluated from emerging_monthly_ff5.csv (monthly),monthly,0.1657326697470035,0.1815944058233173,0.1710329697419254,0.3957421988438433,0.1758484387238697,0.2944313032530544
Zijin Mining,Random Walk + Drift,Directional (no uncertainty),0.001,0.3808018481788293,1.007246302452518,1.4643241688631874,1.2732114844281577,-29.90876636255448,0.0013333333333333,48.8,2.6125079340848743,Evaluated from emerging_monthly_ff5.csv (monthly),monthly,0.1657326697470035,0.1815944058233173,0.1710329697419254,0.3957421988438433,0.1758484387238697,0.2944313032530544
Zijin Mining,Random Walk + Drift,Uncertainty-adjusted,0.0025,0.380084235284259,1.0058865719588688,1.4621991246193566,1.2708121447634209,-29.908766362554477,0.0013333333333333,48.8,2.60846911707933,Evaluated from emerging_monthly_ff5.csv (monthly),monthly,0.1651734223879166,0.183846314131007,0.1708845648187976,0.396216385068877,0.1755821542342503,0.2953306308671525
Zijin Mining,Random Walk + Drift,Directional (no uncertainty),0.0025,0.380084235284259,1.0058865719588688,1.4621991246193566,1.2708121447634209,-29.908766362554477,0.0013333333333333,48.8,2.60846911707933,Evaluated from emerging_monthly_ff5.csv (monthly),monthly,0.1651734223879166,0.183846314131007,0.1708845648187976,0.396216385068877,0.1755821542342503,0.2953306308671525
Zijin Mining,Random Walk + Drift,Uncertainty-adjusted,0.005,0.3788865724977792,1.0036104837174569,1.458627181860776,1.2668077576484127,-29.90876636255449,0.0013333333333333,48.8,2.601737755403416,Evaluated from emerging_monthly_ff5.csv (monthly),monthly,0.1642413434561051,0.187643182941394,0.1706372232802514,0.3970078967594496,0.1751383467515514,0.2968337363283381
Zijin Mining,Random Walk + Drift,Directional (no uncertainty),0.005,0.3788865724977792,1.0036104837174569,1.458627181860776,1.2668077576484127,-29.90876636255449,0.0013333333333333,48.8,2.601737755403416,Evaluated from emerging_monthly_ff5.csv (monthly),monthly,0.1642413434561051,0.187643182941394,0.1706372232802514,0.3970078967594496,0.1751383467515514,0.2968337363283381
Zijin Mining,Selected ARX,Uncertainty-adjusted,0.0,0.4570616753421299,1.1417054419226509,1.6821223859964425,1.4325067716670212,-31.90642336791491,0.324,49.6,3.065783439016775,Evaluated from emerging_monthly_ff5.csv (monthly),monthly,0.3115092699404932,0.0890231446889628,0.3254062194136852,0.1879161583915654,0.2667913457887809,0.2726920216466129
Zijin Mining,Selected ARX,Directional (no uncertainty),0.0,0.4570616753421299,1.1417054419226509,1.6821223859964425,1.4325067716670212,-31.90642336791491,0.324,49.6,3.065783439016775,Evaluated from emerging_monthly_ff5.csv (monthly),monthly,0.3115092699404932,0.0890231446889628,0.3254062194136852,0.1879161583915654,0.2667913457887809,0.2726920216466129
Zijin Mining,Selected ARX,Uncertainty-adjusted,0.001,0.342876546842441,0.9374647900688008,1.3677721703693873,1.051754994493624,-32.600420120421845,0.324,49.6,2.4046938278971024,Evaluated from emerging_monthly_ff5.csv (monthly),monthly,0.2283632288809152,0.2264746132325221,0.251071372261868,0.319932852526067,0.1943274326025904,0.43628491752358
Zijin Mining,Selected ARX,Directional (no uncertainty),0.001,0.342876546842441,0.9374647900688008,1.3677721703693873,1.051754994493624,-32.600420120421845,0.324,49.6,2.4046938278971024,Evaluated from emerging_monthly_ff5.csv (monthly),monthly,0.2283632288809152,0.2264746132325221,0.251071372261868,0.319932852526067,0.1943274326025904,0.43628491752358
Zijin Mining,Selected ARX,Uncertainty-adjusted,0.0025,0.1877917496444203,0.6303226858116736,0.9061977203906442,0.4610675292659631,-40.729771177638966,0.324,49.6,1.6689425300177103,Evaluated from emerging_monthly_ff5.csv (monthly),monthly,0.104974839925149,0.5967808803026469,0.140728535404436,0.590835158766502,0.0867257239773499,0.7390892432434846
Zijin Mining,Selected ARX,Directional (no uncertainty),0.0025,0.1877917496444203,0.6303226858116736,0.9061977203906442,0.4610675292659631,-40.729771177638966,0.324,49.6,1.6689425300177103,Evaluated from emerging_monthly_ff5.csv (monthly),monthly,0.104974839925149,0.5967808803026469,0.140728535404436,0.590835158766502,0.0867257239773499,0.7390892432434846
Zijin Mining,Selected ARX,Uncertainty-adjusted,0.005,-0.0327095321286573,0.1206773606395674,0.1692702860595348,-0.0552957935975038,-59.15374389370172,0.324,49.6,0.90576306533555,Evaluated from emerging_monthly_ff5.csv (monthly),monthly,-0.0971767972189173,0.6540750419032424,-0.0401299059490422,0.8861396739077307,-0.0897337714936788,0.749323461413252
Zijin Mining,Selected ARX,Directional (no uncertainty),0.005,-0.0327095321286573,0.1206773606395674,0.1692702860595348,-0.0552957935975038,-59.15374389370172,0.324,49.6,0.90576306533555,Evaluated from emerging_monthly_ff5.csv (monthly),monthly,-0.0971767972189173,0.6540750419032424,-0.0401299059490422,0.8861396739077307,-0.0897337714936788,0.749323461413252
Zijin Mining,VMD-GRU,Uncertainty-adjusted,0.0,-0.2004892233645587,-0.7500376130560182,-1.0418741864217331,-0.3569614862571815,-56.165505547035806,0.0666666666666666,14.266666666666666,0.5137912130350831,Evaluated from emerging_monthly_ff5.csv (monthly),monthly,-0.1749755475525189,0.111752619183139,-0.1500565940728215,0.2855557621444506,-0.1404671898911087,0.1961623746035244
Zijin Mining,VMD-GRU,Directional (no uncertainty),0.0,-0.3586576865431004,-0.908149559376744,-1.2549790877197302,-0.4343617698902873,-82.5711909760593,0.1586666666666666,45.46666666666667,0.2666016174455696,Evaluated from emerging_monthly_ff5.csv (monthly),monthly,-0.2425355703313687,0.0779265749345644,-0.2840561953653551,0.1176597139026983,-0.29415249701916,0.0769699856814376
Zijin Mining,VMD-GRU,Uncertainty-adjusted,0.001,-0.2138453150809405,-0.8155526254931422,-1.1303635187387184,-0.3675409782043938,-58.182713700571,0.0666666666666666,14.266666666666666,0.4886657772713987,Evaluated from emerging_monthly_ff5.csv (monthly),monthly,-0.1916513589501459,0.079688076126292,-0.1655697920035167,0.240961979092762,-0.1566127369101344,0.1526016806193317
Zijin Mining,VMD-GRU,Directional (no uncertainty),0.001,-0.3839721716119736,-1.0067113405043795,-1.3838368610376226,-0.4552715448810044,-84.33915449566113,0.1586666666666666,45.46666666666667,0.236488763249887,Evaluated from emerging_monthly_ff5.csv (monthly),monthly,-0.2857480410866143,0.0352593431210596,-0.3293353676224929,0.0625590688268421,-0.3407203234709041,0.036196057643311
Zijin Mining,VMD-GRU,Uncertainty-adjusted,0.0025,-0.2334865909319663,-0.9133024733817512,-1.2612670126700227,-0.3825186561829219,-61.03926884557289,0.0666666666666666,14.266666666666666,0.4532197213876706,Evaluated from emerging_monthly_ff5.csv (monthly),monthly,-0.2165943428870768,0.0461443599630572,-0.1887782321376808,0.1849419398746559,-0.1807637088161852,0.1032358759235911
Zijin Mining,VMD-GRU,Directional (no uncertainty),0.0025,-0.4201709576685064,-1.1531258440681802,-1.5724168699001957,-0.4846046721970604,-86.70386023386243,0.1586666666666666,45.46666666666667,0.1974856793640323,Evaluated from emerging_monthly_ff5.csv (monthly),monthly,-0.3501825406857641,0.0087008508032301,-0.3968135706814377,0.0197082777889879,-0.4101230270244371,0.0091966310903235
Zijin Mining,VMD-GRU,Uncertainty-adjusted,0.005,-0.2652000079741662,-1.074446268042094,-1.4736789999879372,-0.4056199444107664,-65.38140237640815,0.0666666666666666,14.266666666666666,0.3996629390167366,Evaluated from emerging_monthly_ff5.csv (monthly),monthly,-0.2579779851591914,0.0169812775092595,-0.2272958577337034,0.1165438201829444,-0.2208363204451597,0.0525976335002549
Zijin Mining,VMD-GRU,Directional (no uncertainty),0.005,-0.4760512992553855,-1.3923156625922133,-1.87263963804014,-0.5295777851213147,-89.89261117634165,0.1586666666666666,45.46666666666667,0.1460662582058794,Evaluated from emerging_monthly_ff5.csv (monthly),monthly,-0.4565560481042241,0.0005009776245704,-0.5081115133287522,0.0015099228837518,-0.524605970556406,0.0004554146397286
Zijin Mining,VMD-LASSO-ARX/LSTM,Uncertainty-adjusted,0.0,0.2043493559006211,0.7220920641655129,1.084402955423566,0.6854142685703528,-29.81399210244864,1.036,32.93333333333333,1.7391409289946067,Evaluated from emerging_monthly_ff5.csv (monthly),monthly,0.1206976545116965,0.1798207359952442,0.2520391652645392,0.0800711828651102,0.2494760196882247,0.085280313112265
Zijin Mining,VMD-LASSO-ARX/LSTM,Directional (no uncertainty),0.0,0.3738915861850103,0.9942367640396158,1.4683943305063234,0.6973205113458,-53.61832616445125,1.164,48.4,2.573788222207793,Evaluated from emerging_monthly_ff5.csv (monthly),monthly,0.2395891900827431,0.2146755652301339,0.3487211655767525,0.0121280072904645,0.3355911121042791,0.0111254818284128
Zijin Mining,VMD-LASSO-ARX/LSTM,Uncertainty-adjusted,0.001,-0.0725296604663356,-0.0569715778159927,-0.0823135419940239,-0.1970538118358456,-36.80703244997668,1.036,32.93333333333333,0.7992426665315516,Evaluated from emerging_monthly_ff5.csv (monthly),monthly,-0.1375648777066942,0.1405190563395907,0.0007756617570753,0.9959053202071918,0.0008000155999301,0.9958039390519726
Zijin Mining,VMD-LASSO-ARX/LSTM,Directional (no uncertainty),0.001,0.0243317803548912,0.2613157551784297,0.3727117756079888,0.0398819846479093,-61.00945218674498,1.164,48.4,1.0741708297908237,Evaluated from emerging_monthly_ff5.csv (monthly),monthly,-0.0546962537946166,0.7676903978507323,0.0649949049119384,0.6215672741987797,0.0547183309486589,0.6669025627763883
Zijin Mining,VMD-LASSO-ARX/LSTM,Uncertainty-adjusted,0.0025,-0.3737163159064773,-1.2186397912222184,-1.6614768137182578,-0.4860275252411797,-76.89200641898408,1.036,32.93333333333333,0.2484002772797747,Evaluated from emerging_monthly_ff5.csv (monthly),monthly,-0.514987728769869,2.336589523081358e-07,-0.3666656107667905,0.0241501923928207,-0.3629023108419603,0.0265156863800141
Zijin Mining,VMD-LASSO-ARX/LSTM,Directional (no uncertainty),0.0025,-0.341291980914329,-0.8293252025069936,-1.1232304399011686,-0.4583176308767317,-74.46625613364681,1.164,48.4,0.2886660344813634,Evaluated from emerging_monthly_ff5.csv (monthly),monthly,-0.483387757392812,0.0055887082072898,-0.3486407325404829,0.0047154658226982,-0.3547981238406037,0.0037233911164081
Zijin Mining,VMD-LASSO-ARX/LSTM,Uncertainty-adjusted,0.005,-0.6751995524826182,-3.110450254232846,-3.8606931913025178,-0.699739755718,-96.49295283927364,1.036,32.93333333333333,0.0351947619919665,Evaluated from emerging_monthly_ff5.csv (monthly),monthly,-1.1183111701911197,1.7686342020581226e-23,-0.9546697357912022,1.723661093110607e-07,-0.9450421776411844,2.610835233794353e-07
Zijin Mining,VMD-LASSO-ARX/LSTM,Directional (no uncertainty),0.005,-0.6853520395886881,-2.5980447309346366,-3.238280080689176,-0.7074004233166638,-96.88318199972213,1.164,48.4,0.0320207361709159,Evaluated from emerging_monthly_ff5.csv (monthly),monthly,-1.1651519784389432,2.9096799236396753e-13,-1.0073055012928889,6.412187235774764e-18,-1.007012520985445,8.877787202000581e-17
Zijin Mining,VMD-LSTM,Uncertainty-adjusted,0.0,-0.0632140952093095,-0.2003868232921675,-0.288277457948057,-0.1646408162520197,-38.39515415943162,0.0693333333333333,9.6,0.8233723383048294,Evaluated from emerging_monthly_ff5.csv (monthly),monthly,-0.0487813875172856,0.471431519759345,-0.0692853020722193,0.5069975123089256,-0.0692394651418332,0.3822996161492664
Zijin Mining,VMD-LSTM,Directional (no uncertainty),0.0,-0.0519328746910521,0.066577826435514,0.0973357829137456,-0.0806191054837914,-64.41757742089223,0.2546666666666666,47.06666666666667,0.8532350994792691,Evaluated from emerging_monthly_ff5.csv (monthly),monthly,0.0231569842698945,0.9235043848825492,-0.0762079910419717,0.8077975411178542,-0.0326869256188414,0.8958709039413358
Zijin Mining,VMD-LSTM,Uncertainty-adjusted,0.001,-0.0794535827068254,-0.2823391444854995,-0.4045271444519523,-0.2013352949269903,-39.46331552827709,0.0693333333333333,9.6,0.7816154425374257,Evaluated from emerging_monthly_ff5.csv (monthly),monthly,-0.0661899557138809,0.3273332499611973,-0.0880444529923209,0.4072185469731449,-0.087567246653108,0.2781821161229146
Zijin Mining,VMD-LSTM,Directional (no uncertainty),0.001,-0.1110239597257835,-0.0932410936649064,-0.1354277571974039,-0.1708951602093047,-64.96612284970877,0.2546666666666666,47.06666666666667,0.7045098531181879,Evaluated from emerging_monthly_ff5.csv (monthly),monthly,-0.0459017316954835,0.8422567301540903,-0.144404083208178,0.6338392453327204,-0.101199007971845,0.674543827113518
Zijin Mining,VMD-LSTM,Uncertainty-adjusted,0.0025,-0.1033159743827022,-0.4049532274224027,-0.5764168697118641,-0.2500977337999577,-41.31024012610213,0.0693333333333333,9.6,0.7228462481842672,Evaluated from emerging_monthly_ff5.csv (monthly),monthly,-0.0921816557120166,0.1764230187849699,-0.1160535443534621,0.2884825533216482,-0.1149345251426097,0.1690851177836214
Zijin Mining,VMD-LSTM,Directional (no uncertainty),0.0025,-0.1930226559705332,-0.3319792102416489,-0.4773105658178134,-0.2923693429914283,-66.0201421926075,0.2546666666666666,47.06666666666667,0.5282039117832158,Evaluated from emerging_monthly_ff5.csv (monthly),monthly,-0.1485319496679721,0.4912577728845816,-0.2457405691152737,0.3949670147064626,-0.2029957211243406,0.3751393163628002
Zijin Mining,VMD-LSTM,Uncertainty-adjusted,0.005,-0.1417954672328755,-0.6077499952946801,-0.8547376679595906,-0.2988803164755728,-47.442223330375896,0.0693333333333333,9.6,0.634385990083602,Evaluated from emerging_monthly_ff5.csv (monthly),monthly,-0.1351797967656146,0.058196793824401,-0.1623915353112485,0.1594384041101301,-0.1602167134577719,0.0738774428970958
Zijin Mining,VMD-LSTM,Directional (no uncertainty),0.005,-0.3136728915060688,-0.7245718000960273,-1.0231839552848585,-0.425454677037227,-73.72651152654332,0.2546666666666666,47.06666666666667,0.3262012149698303,Evaluated from emerging_monthly_ff5.csv (monthly),monthly,-0.3170599241906252,0.1018150476362267,-0.4121135844568877,0.1236456120985278,-0.3701004152148099,0.0803964637133313
Zijin Mining,XGBoost,Uncertainty-adjusted,0.0,-0.24254240554436,-0.7593855129021001,-1.0139801099148953,-0.3793926533852577,-63.92912550630445,0.2706666666666666,20.666666666666668,0.4374691111265859,Evaluated from emerging_monthly_ff5.csv (monthly),monthly,-0.2530304860533047,0.0317242706813074,-0.3044766758000286,0.0193841329838306,-0.349333021116903,0.0141296254533247
Zijin Mining,XGBoost,Directional (no uncertainty),0.0,-0.433732955560542,-1.2186818115301723,-1.6234895561186884,-0.5036027571158946,-86.12600892904298,0.4866666666666667,43.06666666666666,0.1840535962155902,Evaluated from emerging_monthly_ff5.csv (monthly),monthly,-0.48656985186378,0.0008998848801108,-0.5394188379208694,5.585484809749808e-05,-0.6024541269463932,0.000390192654901
Zijin Mining,XGBoost,Uncertainty-adjusted,0.001,-0.2926255566168896,-0.982568309360117,-1.3019627950840782,-0.4264345959508931,-68.62143911292495,0.2706666666666666,20.666666666666668,0.3568846530934194,Evaluated from emerging_monthly_ff5.csv (monthly),monthly,-0.3192043618495372,0.0076695300375588,-0.3703877538464727,0.0039847453855515,-0.4137101142525094,0.0035757693629208
Zijin Mining,XGBoost,Directional (no uncertainty),0.001,-0.4994327396770408,-1.521839092859425,-2.0012455881852804,-0.5586676878618538,-89.39710502830074,0.4866666666666667,43.06666666666666,0.1275096282211906,Evaluated from emerging_monthly_ff5.csv (monthly),monthly,-0.6031328533975888,1.9134511521626007e-05,-0.650885289284908,2.820641629740324e-07,-0.7108005877540914,1.0219593362479158e-05
Zijin Mining,XGBoost,Uncertainty-adjusted,0.0025,-0.3616982080705283,-1.315034926943668,-1.7215185305777558,-0.4781047469797611,-75.65250300387407,0.2706666666666666,20.666666666666668,0.2628575329505074,Evaluated from emerging_monthly_ff5.csv (monthly),monthly,-0.4176824838056501,0.0006931204903567,-0.4684361814799886,0.00023447676481,-0.5094826067599874,0.0003398780774776
Zijin Mining,XGBoost,Directional (no uncertainty),0.0025,-0.5841642266844376,-1.96989711654273,-2.540717759560469,-0.6235797101927395,-93.67915875644525,0.4866666666666667,43.06666666666666,0.0734241340027929,Evaluated from emerging_monthly_ff5.csv (monthly),monthly,-0.7753277132246816,9.8659535824475e-09,-0.815644582824739,7.376923974996504e-12,-0.8709738198237187,5.923621479106655e-09
Zijin Mining,XGBoost,Uncertainty-adjusted,0.005,-0.4623574240209458,-1.8599001215092497,-2.3829471485613776,-0.5479955216734855,-84.37248220733346,0.2706666666666666,20.666666666666668,0.1577239981547454,Evaluated from emerging_monthly_ff5.csv (monthly),monthly,-0.5797487163307306,8.23613472514156e-06,-0.629694742725051,8.678717344635207e-07,-0.6670140768538488,3.806849320844799e-06
Zijin Mining,XGBoost,Directional (no uncertainty),0.005,-0.6951091777782119,-2.691168437405992,-3.3614687111033685,-0.7136158900103174,-97.40662834289776,0.4866666666666667,43.06666666666666,0.029155153468615,Evaluated from emerging_monthly_ff5.csv (monthly),monthly,-1.0554114488131652,1.1815249150367485e-15,-1.0838801858167624,3.612810537764488e-21,-1.1318108136098504,7.95380348103924e-17
