Date,Target_Close,Cross_Lithium_Close,Albemarle_Close,Ganfeng_Lithium_Close,Trends_lithium,Trends_lithium_price,Trends_lithium_carbonate,Trends_lithium_hydroxide,Trends_lithium_battery,News_Article_Count,News_TextBlob_Polarity,News_FinBERT_Score,SP500,VIX,US_Dollar_Index,MVIS_Critical_Minerals
2023-05-04,40.75,179500.0,175.65,9.373,,,,,,3.0,-0.3,-0.3234177231788635,4061.219970703125,20.09000015258789,101.4000015258789,509.58
2023-05-05,40.75,180500.0,179.7,9.252,,,,,,1.0,-0.4333333333333333,-0.7104761004447937,4136.25,17.190000534057617,101.20999908447266,522.11
2023-05-08,40.75,190000.0,179.7,9.252,46.0,2.0,1.0,0.0,14.0,4.0,0.125,-0.2300088852643967,4138.1201171875,16.979999542236328,101.37000274658205,537.23
2023-05-09,40.75,195500.0,195.17,9.085,46.0,2.0,1.0,0.0,14.0,5.0,0.02363636363636362,0.28268723487854003,4119.169921875,17.709999084472656,101.63999938964844,537.78
2023-05-10,40.95,208500.0,194.51,9.345,46.0,2.0,1.0,0.0,14.0,6.0,0.05833333333333333,0.6744045515855154,4137.64013671875,16.940000534057617,101.4800033569336,544.74
2023-05-11,41.31,225000.0,198.52,9.465,46.0,2.0,1.0,0.0,14.0,10.0,0.051818181818181805,0.03797748684883116,4130.6201171875,16.93000030517578,102.05999755859376,551.22
2023-05-12,42.04,242000.0,195.79,9.285,46.0,2.0,1.0,0.0,14.0,1.0,0.0,0.7026454210281372,4124.080078125,17.030000686645508,102.68000030517578,548.71
2023-05-15,42.04,258000.0,203.75,10.098,56.0,3.0,1.0,0.0,14.0,4.0,0.03125,-0.22275318205356598,4136.27978515625,17.1200008392334,102.43000030517578,557.11
2023-05-16,42.04,265000.0,205.67,9.899,56.0,3.0,1.0,0.0,14.0,3.0,0.0,0.0,4109.89990234375,17.989999771118164,102.55999755859376,551.44
2023-05-17,42.04,274000.0,207.99,9.717,56.0,3.0,1.0,0.0,14.0,7.0,0.03571428571428571,0.4586715613092695,4158.77001953125,16.8700008392334,102.87999725341795,550.39
2023-05-18,43.19,290000.0,210.14,9.657,56.0,3.0,1.0,0.0,14.0,5.0,0.0325,0.638867461681366,4198.0498046875,16.049999237060547,103.58000183105467,554.81
2023-05-19,43.61,292000.0,204.15,9.565,56.0,3.0,1.0,0.0,14.0,1.0,0.0,0.0,4191.97998046875,16.809999465942383,103.1999969482422,551.53
2023-05-22,43.61,292000.0,206.5,9.508,49.0,3.0,1.0,0.0,14.0,11.0,0.045454545454545456,0.5160586346279491,4192.6298828125,17.209999084472656,103.1999969482422,546.62
2023-05-23,43.32,292000.0,216.07,9.298,49.0,3.0,1.0,0.0,14.0,3.0,0.012121212121212097,0.47363277276357013,4145.580078125,18.530000686645508,103.48999786376952,542.46
2023-05-24,43.32,295000.0,212.23,9.082,49.0,3.0,1.0,0.0,14.0,8.0,0.15000000000000002,0.465978778898716,4115.240234375,20.030000686645508,103.88999938964844,533.76
2023-05-25,43.29,295000.0,204.97,8.929,49.0,3.0,1.0,0.0,14.0,5.0,0.10833333333333332,0.19014681577682496,4151.27978515625,19.13999938964844,104.20999908447266,526.25
2023-05-26,43.29,295000.0,203.99,8.714,49.0,3.0,1.0,0.0,14.0,1.0,0.0249999999999999,0.0,4205.4501953125,17.950000762939453,104.20999908447266,524.72
2023-05-30,43.21,297500.0,201.86,8.771,46.0,2.0,1.0,0.0,14.0,4.0,0.1125,0.0,4205.52001953125,17.459999084472656,104.16999816894533,522.57
2023-05-31,43.21,300000.0,193.53,8.719,46.0,2.0,1.0,0.0,14.0,4.0,0.0,0.16673260927200317,4179.830078125,17.940000534057617,104.31999969482422,513.18
2023-06-01,46.5,300500.0,195.54,8.755,46.0,2.0,1.0,0.0,14.0,6.0,0.08277777777777777,0.4764429529507955,4221.02001953125,15.649999618530272,103.55999755859376,518.09
2023-06-02,46.02,300500.0,208.36,9.064,46.0,2.0,1.0,0.0,14.0,2.0,0.05,0.0,4282.3701171875,14.600000381469728,104.0199966430664,538.56
2023-06-05,46.02,303000.0,206.17,9.106,49.0,2.0,1.0,0.0,14.0,2.0,0.15568181818181814,0.3168729543685913,4273.7900390625,14.729999542236328,104.0,541.83
2023-06-06,46.02,306500.0,213.11,8.879,49.0,2.0,1.0,0.0,14.0,4.0,0.0953125,0.4594276398420334,4283.85009765625,13.960000038146973,104.12999725341795,543.31
2023-06-07,46.92,310000.0,218.82,8.739,49.0,2.0,1.0,0.0,14.0,2.0,-0.05769230769230765,-0.4378586411476135,4267.52001953125,13.9399995803833,104.0999984741211,544.06
2023-06-08,47.31,311500.0,219.62,8.888,49.0,2.0,1.0,0.0,14.0,3.0,0.045454545454545435,0.1822443207105001,4293.93017578125,13.649999618530272,103.33999633789062,545.03
2023-06-09,47.31,313000.0,220.5,8.967,49.0,2.0,1.0,0.0,14.0,1.0,0.0,0.5467329621315002,4298.85986328125,13.829999923706056,103.55999755859376,548.12
2023-06-12,47.31,313000.0,218.55,8.832,47.0,2.0,1.0,0.0,15.0,4.0,0.0625,0.16059182584285736,4338.93017578125,15.010000228881836,103.62999725341795,545.84
2023-06-13,47.31,313000.0,228.85,8.82,47.0,2.0,1.0,0.0,15.0,0.0,0.0,0.0,4369.009765625,14.609999656677246,103.33999633789062,552.49
2023-06-14,46.72,313000.0,226.8,8.777,47.0,2.0,1.0,0.0,15.0,3.0,0.0,0.2516072789827983,4372.58984375,13.880000114440918,103.01000213623048,555.09
2023-06-15,46.72,313000.0,230.91,9.13,47.0,2.0,1.0,0.0,15.0,4.0,0.0,0.0,4425.83984375,14.5,102.12000274658205,557.08
2023-06-16,45.92,314000.0,228.17,9.166,47.0,2.0,1.0,0.0,15.0,1.0,0.0,0.5947059988975525,4409.58984375,13.539999961853027,102.3000030517578,565.09
2023-06-20,47.05,313500.0,232.22,8.819,48.0,2.0,1.0,0.0,14.0,12.0,-0.008397435897435883,0.20472616950670877,4388.7099609375,13.880000114440918,102.54000091552734,551.25
2023-06-21,47.05,313000.0,230.38,8.66,48.0,2.0,1.0,0.0,14.0,5.0,0.04,0.03601609468460083,4365.68994140625,13.199999809265137,102.06999969482422,548.29
2023-06-22,47.05,313000.0,226.0,8.66,48.0,2.0,1.0,0.0,14.0,3.0,0.0111111111111111,-0.032336254914601646,4381.89013671875,12.90999984741211,102.38999938964844,543.12
2023-06-23,47.05,313000.0,220.18,8.66,48.0,2.0,1.0,0.0,14.0,0.0,0.0,0.0,4348.330078125,13.4399995803833,102.9000015258789,533.12
2023-06-26,47.05,311500.0,225.22,8.454,48.0,2.0,1.0,0.0,15.0,3.0,0.020833333333333332,-0.2733514706293742,4328.81982421875,14.25,102.69000244140624,530.37
2023-06-27,47.05,310000.0,227.07,8.508,48.0,2.0,1.0,0.0,15.0,5.0,0.05,0.3171988964080811,4378.41015625,13.739999771118164,102.48999786376952,534.85
2023-06-28,46.99,307500.0,217.0,8.38,48.0,2.0,1.0,0.0,15.0,3.0,0.0,-0.19959898789723715,4376.85986328125,13.43000030517578,102.91000366210938,528.82
2023-06-29,46.9,307000.0,218.98,8.238,48.0,2.0,1.0,0.0,15.0,11.0,0.15227272727272725,0.4090600880709561,4396.43994140625,13.539999961853027,103.33999633789062,530.04
2023-06-30,46.9,307000.0,223.09,8.407,48.0,2.0,1.0,0.0,15.0,13.0,0.0564102564102564,0.29916371748997617,4450.3798828125,13.59000015258789,102.91000366210938,536.94
2023-07-03,45.5,307000.0,229.26,8.479,45.0,2.0,1.0,0.0,14.0,3.0,0.0,0.31373963753382367,4455.58984375,13.56999969482422,102.98999786376952,546.22
2023-07-05,46.04,307500.0,229.02,8.554,45.0,2.0,1.0,0.0,14.0,2.0,-0.0208333333333333,0.6954687833786011,4446.81982421875,14.18000030517578,103.37000274658205,556.0
2023-07-06,46.04,307500.0,227.57,8.4,45.0,2.0,1.0,0.0,14.0,1.0,0.0,0.0,4411.58984375,15.4399995803833,103.16999816894533,541.28
2023-07-07,45.15,307500.0,237.52,8.434,45.0,2.0,1.0,0.0,14.0,0.0,0.0,0.0,4398.9501953125,14.829999923706056,102.2699966430664,540.62
2023-07-10,44.77,307500.0,239.86,8.596,48.0,2.0,1.0,0.0,14.0,3.0,0.11287878787878787,0.6045031348864237,4409.52978515625,15.06999969482422,101.97000122070312,545.39
2023-07-11,44.06,307500.0,239.09,8.631,48.0,2.0,1.0,0.0,14.0,0.0,0.0,0.0,4439.259765625,14.84000015258789,101.7300033569336,553.7
2023-07-12,43.56,306000.0,243.44,8.496,48.0,2.0,1.0,0.0,14.0,0.0,0.0,0.0,4472.16015625,13.539999961853027,100.5199966430664,557.45
2023-07-13,44.42,304500.0,241.67,8.554,48.0,2.0,1.0,0.0,14.0,3.0,0.016666666666666666,0.5919171373049418,4510.0400390625,13.609999656677246,99.7699966430664,567.22
2023-07-14,43.91,303500.0,235.27,8.568,48.0,2.0,1.0,0.0,14.0,2.0,0.1,0.0,4505.419921875,13.34000015258789,99.91000366210938,562.37
2023-07-17,44.04,300500.0,237.66,8.445,45.0,2.0,1.0,0.0,15.0,4.0,0.09375,0.2254596799612045,4522.7900390625,13.479999542236328,99.83999633789062,555.0
2023-07-18,44.04,299000.0,237.03,8.372,45.0,2.0,1.0,0.0,15.0,3.0,0.27424242424242423,-0.10634301106135051,4554.97998046875,13.300000190734863,99.94000244140624,556.83
2023-07-19,44.04,296000.0,232.52,8.272,45.0,2.0,1.0,0.0,15.0,1.0,0.0,0.0,4565.72021484375,13.760000228881836,100.27999877929688,548.86
2023-07-20,44.1,293500.0,223.11,8.351,45.0,2.0,1.0,0.0,15.0,4.0,-0.21590909090909094,0.4285562336444855,4534.8701171875,13.989999771118164,100.87999725341795,549.88
2023-07-21,43.38,288000.0,215.99,8.132,45.0,2.0,1.0,0.0,15.0,6.0,0.1527777777777778,-0.21524176001548767,4536.33984375,13.600000381469728,101.06999969482422,537.08
2023-07-24,43.38,285500.0,210.8,7.718,43.0,2.0,1.0,0.0,14.0,2.0,0.175,0.450858622789383,4554.64013671875,13.90999984741211,101.3499984741211,520.83
2023-07-25,43.08,284000.0,212.51,8.147,43.0,2.0,1.0,0.0,14.0,2.0,0.255,0.7784295678138733,4567.4599609375,13.859999656677246,101.3499984741211,535.96
2023-07-26,43.08,282000.0,210.02,8.193,43.0,2.0,1.0,0.0,14.0,5.0,0.020000000000000007,0.5611264824867248,4566.75,13.1899995803833,100.88999938964844,536.82
2023-07-27,43.08,280500.0,205.95,8.082,43.0,2.0,1.0,0.0,14.0,2.0,0.0,0.4645334482192993,4537.41015625,14.40999984741211,101.7699966430664,522.43
2023-07-28,43.08,278500.0,208.05,8.263,43.0,2.0,1.0,0.0,14.0,6.0,0.0,0.3843917449315389,4582.22998046875,13.329999923706056,101.62000274658205,524.76
2023-07-31,43.08,277500.0,212.28,8.377,48.0,2.0,1.0,0.0,14.0,3.0,0.0,-0.32169797023137414,4588.9599609375,13.630000114440918,101.86000061035156,525.64
2023-08-01,39.25,274000.0,207.99,8.261,48.0,2.0,1.0,0.0,14.0,4.0,-0.05,0.4079607278108597,4576.72998046875,13.93000030517578,102.3000030517578,521.35
2023-08-02,38.53,269000.0,202.89,8.148,48.0,2.0,1.0,0.0,14.0,5.0,0.15,0.5458312273025513,4513.39013671875,16.09000015258789,102.58999633789062,511.55
2023-08-03,38.53,266000.0,199.35,8.151,48.0,2.0,1.0,0.0,14.0,3.0,-0.016666666666666666,0.18026228745778403,4501.89013671875,15.920000076293944,102.54000091552734,510.54
2023-08-04,37.66,262500.0,200.09,8.126,48.0,2.0,1.0,0.0,14.0,0.0,0.0,0.0,4478.02978515625,17.100000381469727,102.0199966430664,516.38
2023-08-07,37.66,256500.0,196.75,8.077,45.0,2.0,1.0,0.0,14.0,2.0,0.0,0.0,4518.43994140625,15.770000457763672,102.0500030517578,515.4
2023-08-08,37.47,253000.0,195.65,7.996,45.0,2.0,1.0,0.0,14.0,6.0,0.05227272727272727,0.1557911932468414,4499.3798828125,15.989999771118164,102.52999877929688,510.12
2023-08-09,37.47,249000.0,194.22,7.928,45.0,2.0,1.0,0.0,14.0,2.0,0.06818181818181815,0.4715269207954406,4467.7099609375,15.960000038146973,102.48999786376952,509.53
2023-08-10,37.47,247000.0,191.67,7.962,45.0,2.0,1.0,0.0,14.0,4.0,0.065,0.4037133455276489,4468.830078125,15.850000381469728,102.5199966430664,513.43
2023-08-11,36.65,244000.0,187.49,7.752,45.0,2.0,1.0,0.0,14.0,1.0,0.1363636363636363,0.0,4464.0498046875,14.84000015258789,102.83999633789062,504.18
2023-08-14,36.04,239500.0,185.54,7.386,46.0,2.0,1.0,0.0,13.0,3.0,0.2111111111111111,0.8855904340744019,4489.72021484375,14.81999969482422,103.19000244140624,492.17
2023-08-15,36.04,234000.0,184.04,7.244,46.0,2.0,1.0,0.0,13.0,0.0,0.0,0.0,4437.85986328125,16.459999084472656,103.20999908447266,482.62
2023-08-16,35.52,230000.0,181.53,7.079,46.0,2.0,1.0,0.0,13.0,1.0,0.2,0.8893586993217468,4404.330078125,16.780000686645508,103.41999816894533,476.18
2023-08-17,35.52,226500.0,182.68,7.07,46.0,2.0,1.0,0.0,13.0,7.0,-0.052197802197802186,0.08821490832737514,4370.35986328125,17.889999389648438,103.44000244140624,470.77
2023-08-18,35.2,225000.0,183.39,6.868,46.0,2.0,1.0,0.0,13.0,1.0,0.0,0.0,4369.7099609375,17.299999237060547,103.37999725341795,465.96
2023-08-21,35.2,225000.0,188.07,6.736,46.0,2.0,1.0,0.0,13.0,2.0,0.1875,0.4773776531219482,4399.77001953125,17.1299991607666,103.33000183105467,468.69
2023-08-22,35.2,225000.0,188.16,6.752,46.0,2.0,1.0,0.0,13.0,3.0,0.038095238095238064,0.5541671514511108,4387.5498046875,16.969999313354492,103.55999755859376,469.21
2023-08-23,35.12,225000.0,191.78,6.529,46.0,2.0,1.0,0.0,13.0,1.0,0.0,0.8303290009498596,4436.009765625,15.979999542236328,103.36000061035156,466.06
2023-08-24,35.12,225000.0,190.74,6.582,46.0,2.0,1.0,0.0,13.0,2.0,0.09166666666666665,0.0,4376.31005859375,17.200000762939453,103.9800033569336,464.68
2023-08-25,35.12,223000.0,189.74,6.438,46.0,2.0,1.0,0.0,13.0,0.0,0.0,0.0,4405.7099609375,15.68000030517578,104.08000183105467,455.32
2023-08-28,35.12,220000.0,189.74,6.438,44.0,2.0,1.0,0.0,14.0,5.0,0.05,0.18504770994186398,4433.31005859375,15.079999923706056,104.05999755859376,449.86
2023-08-29,34.86,214500.0,197.75,6.599,44.0,2.0,1.0,0.0,14.0,4.0,0.0375,-0.02704562246799469,4497.6298828125,14.449999809265137,103.5500030517578,463.33
2023-08-30,34.79,210500.0,198.59,6.628,44.0,2.0,1.0,0.0,14.0,1.0,0.0,0.0,4514.8701171875,13.880000114440918,103.16000366210938,460.89
2023-08-31,34.71,208000.0,198.71,6.532,44.0,2.0,1.0,0.0,14.0,2.0,0.03125,0.30170968174934387,4507.66015625,13.56999969482422,103.62000274658205,457.34
2023-09-01,30.0,205500.0,200.26,6.541,44.0,2.0,1.0,0.0,14.0,0.0,0.0,0.0,4515.77001953125,13.09000015258789,104.23999786376952,461.04
2023-09-05,30.0,203000.0,200.8,6.748,45.0,2.0,1.0,0.0,13.0,2.0,0.0,0.0,4496.830078125,14.010000228881836,104.80999755859376,467.23
2023-09-06,30.0,200500.0,189.83,6.684,45.0,2.0,1.0,0.0,13.0,7.0,0.05259740259740257,0.49151318413870676,4465.47998046875,14.449999809265137,104.86000061035156,463.07
2023-09-07,29.19,199000.0,187.57,6.502,45.0,2.0,1.0,0.0,13.0,5.0,0.18761904761904763,0.1043546199798584,4451.14013671875,14.399999618530272,105.05999755859376,457.81
2023-09-08,29.19,197500.0,184.43,6.353,45.0,2.0,1.0,0.0,13.0,0.0,0.0,0.0,4457.490234375,13.84000015258789,105.08999633789062,452.4
2023-09-11,28.83,194000.0,186.32,6.435,48.0,2.0,1.0,0.0,14.0,2.0,0.2,0.32311341166496277,4487.4599609375,13.800000190734863,104.56999969482422,457.66
2023-09-12,28.5,191000.0,184.35,6.557,48.0,2.0,1.0,0.0,14.0,5.0,0.075,0.8381904006004334,4461.89990234375,14.229999542236328,104.70999908447266,457.44
2023-09-13,28.81,189000.0,184.58,6.473,48.0,2.0,1.0,0.0,14.0,8.0,0.07589285714285714,0.09364163875579834,4467.43994140625,13.479999542236328,104.7699966430664,457.48
2023-09-14,28.52,188500.0,184.97,6.356,48.0,2.0,1.0,0.0,14.0,3.0,0.1083333333333333,0.7396179437637329,4505.10009765625,12.81999969482422,105.41000366210938,460.17
2023-09-15,28.52,185500.0,183.84,6.255,48.0,2.0,1.0,0.0,14.0,3.0,-0.03333333333333333,-0.32123567660649616,4450.31982421875,13.789999961853027,105.31999969482422,464.08
2023-09-18,28.52,183000.0,181.62,6.462,54.0,3.0,1.0,0.0,14.0,1.0,0.0,0.0,4453.52978515625,14.0,105.1999969482422,456.65
2023-09-19,28.52,180000.0,179.99,6.311,54.0,3.0,1.0,0.0,14.0,4.0,0.1375,0.16808810830116272,4443.9501953125,14.109999656677246,105.1999969482422,449.47
2023-09-20,28.33,176500.0,174.44,6.223,54.0,3.0,1.0,0.0,14.0,2.0,0.125,0.005544602870941162,4402.2001953125,15.140000343322754,105.16000366210938,442.79
2023-09-21,28.17,173500.0,168.94,6.145,54.0,3.0,1.0,0.0,14.0,3.0,0.03333333333333333,0.298779825369517,4330.0,17.540000915527344,105.36000061035156,429.57
2023-09-22,28.17,172000.0,168.21,6.248,54.0,3.0,1.0,0.0,14.0,2.0,0.0583333333333333,0.2715441584587097,4320.06005859375,17.200000762939453,105.58000183105467,435.09
2023-09-25,28.05,171000.0,166.89,6.139,51.0,3.0,1.0,0.0,14.0,2.0,0.0,0.0,4337.43994140625,16.899999618530273,106.0,428.29
2023-09-26,28.05,170000.0,163.65,6.001,51.0,3.0,1.0,0.0,14.0,5.0,0.03333333333333332,0.5516332507133483,4273.52978515625,18.940000534057617,106.2300033569336,420.19
2023-09-27,27.9,169000.0,162.63,6.104,51.0,3.0,1.0,0.0,14.0,3.0,0.11666666666666665,0.0,4274.509765625,18.21999931335449,106.66999816894533,415.84
2023-09-28,27.81,169000.0,172.4,6.109,51.0,3.0,1.0,0.0,14.0,3.0,0.13333333333333333,0.29209192593892414,4299.7001953125,17.34000015258789,106.22000122070312,425.83
2023-09-29,27.81,169000.0,170.04,6.109,51.0,3.0,1.0,0.0,14.0,2.0,0.175,0.0,4288.0498046875,17.520000457763672,106.16999816894533,431.34
2023-10-02,24.5,169000.0,162.41,6.109,49.0,2.0,1.0,0.0,14.0,3.0,0.041666666666666664,-0.3218283454577128,4288.39013671875,17.610000610351562,106.9000015258789,421.36
2023-10-03,24.5,169000.0,156.77,6.109,49.0,2.0,1.0,0.0,14.0,2.0,0.11818181818181815,0.28565576672554016,4229.4501953125,19.780000686645508,107.0,409.07
2023-10-04,24.5,169000.0,158.4,6.109,49.0,2.0,1.0,0.0,14.0,2.0,0.25,0.4760546684265136,4263.75,18.57999992370605,106.8000030517578,407.87
2023-10-05,24.5,169000.0,155.03,6.109,49.0,2.0,1.0,0.0,14.0,2.0,0.09999999999999995,-0.4702432453632355,4258.18994140625,18.489999771118164,106.33000183105467,402.42
2023-10-06,24.5,169000.0,159.84,6.109,49.0,2.0,1.0,0.0,14.0,1.0,0.0,-0.7964069843292236,4308.5,17.450000762939453,106.04000091552734,403.65
2023-10-09,24.5,169000.0,155.75,6.042,49.0,2.0,1.0,0.0,13.0,2.0,0.175,0.0,4335.66015625,17.700000762939453,106.08000183105467,402.35
2023-10-10,28.25,169000.0,162.08,6.118,49.0,2.0,1.0,0.0,13.0,3.0,0.0595959595959596,0.29262415568033856,4358.240234375,17.030000686645508,105.83000183105467,413.39
2023-10-11,24.17,169000.0,164.8,6.088,49.0,2.0,1.0,0.0,13.0,4.0,-0.125,0.0,4376.9501953125,16.09000015258789,105.81999969482422,412.39
2023-10-12,24.17,169500.0,170.8,6.601,49.0,2.0,1.0,0.0,13.0,9.0,0.08484848484848484,0.47083624203999835,4349.60986328125,16.690000534057617,106.56999969482422,415.89
2023-10-13,24.17,170500.0,163.38,6.468,49.0,2.0,1.0,0.0,13.0,3.0,0.08333333333333333,0.5919406016667684,4327.77978515625,19.31999969482422,106.6500015258789,408.78
2023-10-16,23.9,173000.0,167.73,6.187,48.0,2.0,1.0,0.0,13.0,7.0,0.01948051948051947,0.2170985085623605,4373.6298828125,17.209999084472656,106.23999786376952,408.77
2023-10-17,23.9,173000.0,169.48,6.205,48.0,2.0,1.0,0.0,13.0,5.0,0.06821969696969697,0.36679967641830447,4373.2001953125,17.8799991607666,106.25,413.46
2023-10-18,23.9,173500.0,152.89,6.035,48.0,2.0,1.0,0.0,13.0,7.0,0.0119047619047619,0.3392443231173924,4314.60009765625,19.21999931335449,106.56999969482422,401.65
2023-10-19,23.9,173500.0,144.56,5.852,48.0,2.0,1.0,0.0,13.0,1.0,0.0,0.0,4278.0,21.399999618530277,106.25,387.63
2023-10-20,23.9,172500.0,138.68,6.207,48.0,2.0,1.0,0.0,13.0,0.0,0.0,0.0,4224.16015625,21.709999084472656,106.16000366210938,374.95
2023-10-23,23.89,171000.0,136.28,5.968,47.0,2.0,1.0,0.0,13.0,3.0,-0.041666666666666664,0.2242311437924703,4217.0400390625,20.3700008392334,105.54000091552734,363.37
2023-10-24,23.89,170000.0,139.24,6.116,47.0,2.0,1.0,0.0,13.0,3.0,0.10833333333333334,0.9204318523406982,4247.68017578125,18.96999931335449,106.2699966430664,375.28
2023-10-25,23.72,169000.0,135.32,5.999,47.0,2.0,1.0,0.0,13.0,3.0,0.03333333333333333,0.31622570753097534,4186.77001953125,20.190000534057617,106.52999877929688,375.19
2023-10-26,23.72,168000.0,135.21,5.958,47.0,2.0,1.0,0.0,13.0,3.0,0.23571428571428568,0.5595056215922037,4137.22998046875,20.68000030517578,106.5999984741211,372.69
2023-10-27,23.61,167000.0,134.44,6.227,47.0,2.0,1.0,0.0,13.0,4.0,0.0,-0.4409249722957611,4117.3701171875,21.270000457763672,106.55999755859376,377.56
2023-10-30,23.61,166000.0,127.41,6.253,48.0,2.0,1.0,0.0,13.0,1.0,0.0,0.0,4166.81982421875,19.75,106.12000274658205,372.42
2023-10-31,23.61,165000.0,126.78,6.053,48.0,2.0,1.0,0.0,13.0,5.0,0.06515151515151514,0.5082786202430725,4193.7998046875,18.13999938964844,106.66000366210938,365.57
2023-11-01,22.0,164000.0,122.96,5.917,48.0,2.0,1.0,0.0,13.0,1.0,0.0,0.0,4237.85986328125,16.8700008392334,106.87999725341795,363.09
2023-11-02,22.0,163000.0,124.62,5.827,48.0,2.0,1.0,0.0,13.0,2.0,0.0,-0.06322348117828375,4317.77978515625,15.65999984741211,106.12000274658205,368.31
2023-11-03,22.0,161500.0,127.98,5.898,48.0,2.0,1.0,0.0,13.0,3.0,0.0,0.3006241917610168,4358.33984375,14.90999984741211,105.0199966430664,380.22
2023-11-06,22.0,160000.0,119.46,6.182,47.0,2.0,1.0,0.0,13.0,4.0,0.0,-0.06937214732170105,4365.97998046875,14.890000343322754,105.22000122070312,377.77
2023-11-07,22.0,158500.0,122.11,6.107,47.0,2.0,1.0,0.0,13.0,3.0,-0.016666666666666666,-0.009151458740234375,4378.3798828125,14.8100004196167,105.54000091552734,373.04
2023-11-08,22.0,156500.0,119.01,6.077,47.0,2.0,1.0,0.0,13.0,4.0,0.0,0.0,4382.77978515625,14.449999809265137,105.58999633789062,370.89
2023-11-09,21.64,155000.0,114.6,6.123,47.0,2.0,1.0,0.0,13.0,4.0,0.03125,0.21898475289344788,4347.35009765625,15.289999961853027,105.91000366210938,366.76
2023-11-10,21.64,153000.0,116.98,6.148,47.0,2.0,1.0,0.0,13.0,3.0,0.041666666666666664,0.28480688730875653,4415.240234375,14.170000076293944,105.86000061035156,358.98
2023-11-13,21.64,152000.0,114.19,6.064,47.0,2.0,1.0,0.0,14.0,5.0,0.0125,0.3224531769752502,4411.5498046875,14.760000228881836,105.66000366210938,358.58
2023-11-14,21.49,150000.0,125.32,6.022,47.0,2.0,1.0,0.0,14.0,4.0,0.21041666666666667,0.44238659739494324,4495.7001953125,14.15999984741211,104.11000061035156,370.43
2023-11-15,21.49,148500.0,127.72,6.229,47.0,2.0,1.0,0.0,14.0,4.0,-0.012500000000000004,0.1744438260793686,4502.8798828125,14.18000030517578,104.38999938964844,380.5
2023-11-16,21.24,147500.0,122.6,6.113,47.0,2.0,1.0,0.0,14.0,7.0,-0.047222222222222214,-0.2820753455162048,4508.240234375,14.31999969482422,104.37000274658205,368.04
2023-11-17,21.24,147000.0,127.39,6.109,47.0,2.0,1.0,0.0,14.0,3.0,0.125,0.7992270588874817,4514.02001953125,13.800000190734863,103.81999969482422,374.02
2023-11-20,21.24,146500.0,130.36,6.138,49.0,2.0,1.0,0.0,13.0,4.0,0.066875,0.2321637570858002,4547.3798828125,13.40999984741211,103.47000122070312,377.97
2023-11-21,20.88,144000.0,126.13,6.092,49.0,2.0,1.0,0.0,13.0,4.0,0.166875,0.46430791914463043,4538.18994140625,13.350000381469728,103.58999633789062,377.81
2023-11-22,20.88,142000.0,126.59,5.923,49.0,2.0,1.0,0.0,13.0,2.0,0.0,0.5787782371044159,4556.6201171875,12.850000381469728,103.91999816894533,370.36
2023-11-24,20.88,138000.0,128.87,5.853,49.0,2.0,1.0,0.0,13.0,2.0,0.0,-0.9440933167934418,4559.33984375,12.460000038146973,103.4000015258789,369.54
2023-11-27,20.83,135500.0,120.78,5.648,48.0,2.0,1.0,0.0,14.0,4.0,0.04166666666666667,0.39168984442949295,4550.43017578125,12.6899995803833,103.1999969482422,361.68
2023-11-28,20.69,133500.0,123.91,5.636,48.0,2.0,1.0,0.0,14.0,4.0,0.09375,0.3884521424770355,4554.89013671875,12.6899995803833,102.75,365.48
2023-11-29,20.69,132000.0,123.38,5.539,48.0,2.0,1.0,0.0,14.0,1.0,0.0,0.763062059879303,4550.580078125,12.979999542236328,102.7699966430664,364.17
2023-11-30,20.69,131000.0,121.27,5.465,48.0,2.0,1.0,0.0,14.0,7.0,0.05714285714285715,0.671972896371569,4567.7998046875,12.920000076293944,103.5,364.34
2023-12-01,18.05,130000.0,126.16,5.432,48.0,2.0,1.0,0.0,14.0,3.0,0.08333333333333333,-0.08592794338862102,4594.6298828125,12.630000114440918,103.2699966430664,366.63
2023-12-04,18.05,128000.0,119.98,5.451,52.0,2.0,1.0,0.0,15.0,7.0,0.03571428571428571,0.14233181306294032,4569.77978515625,13.079999923706056,103.63999938964844,361.1
2023-12-05,17.55,126000.0,113.26,5.548,52.0,2.0,1.0,0.0,15.0,8.0,0.20085227272727274,0.3090399354696274,4567.18017578125,12.850000381469728,104.0500030517578,346.27
2023-12-06,17.55,122500.0,118.3,5.913,52.0,2.0,1.0,0.0,15.0,3.0,0.03333333333333333,0.18667083978652954,4549.33984375,12.970000267028809,104.1500015258789,356.76
2023-12-07,17.55,120500.0,125.35,5.911,52.0,2.0,1.0,0.0,15.0,2.0,0.5625,0.0,4585.58984375,13.0600004196167,103.54000091552734,361.83
2023-12-08,17.16,118500.0,127.99,5.883,52.0,2.0,1.0,0.0,15.0,0.0,0.0,0.0,4604.3701171875,12.350000381469728,104.01000213623048,366.99
2023-12-11,16.98,115000.0,126.54,5.779,56.0,2.0,1.0,0.0,14.0,3.0,0.08333333333333333,0.3916827440261841,4622.43994140625,12.630000114440918,104.0999984741211,359.85
2023-12-12,16.98,112000.0,127.94,5.682,56.0,2.0,1.0,0.0,14.0,3.0,0.0,0.0,4643.7001953125,12.06999969482422,103.87000274658205,352.05
2023-12-13,16.98,109000.0,140.06,5.545,56.0,2.0,1.0,0.0,14.0,2.0,0.0,0.8775355517864227,4707.08984375,12.1899995803833,102.87000274658205,357.53
2023-12-14,16.83,106500.0,145.89,5.552,56.0,2.0,1.0,0.0,14.0,5.0,0.02,0.3446138024330139,4719.5498046875,12.479999542236328,101.95999908447266,375.31
2023-12-15,16.83,104500.0,147.06,5.629,56.0,2.0,1.0,0.0,14.0,2.0,0.15416666666666665,0.43634042143821716,4719.18994140625,12.279999732971191,102.5500030517578,380.38
2023-12-18,16.83,103000.0,145.91,5.481,48.0,3.0,1.0,0.0,13.0,2.0,0.0,0.0,4740.56005859375,12.5600004196167,102.51000213623048,380.86
2023-12-19,16.49,102000.0,148.93,5.489,48.0,3.0,1.0,0.0,13.0,1.0,0.0,0.0,4768.3701171875,12.529999732971191,102.16999816894533,386.29
2023-12-20,16.49,101000.0,142.53,5.41,48.0,3.0,1.0,0.0,13.0,1.0,0.0,0.0,4698.35009765625,13.670000076293944,102.41000366210938,381.55
2023-12-21,16.49,100000.0,145.45,5.472,48.0,3.0,1.0,0.0,13.0,3.0,0.022727272727272697,0.22461311022440592,4746.75,13.649999618530272,101.83999633789062,383.65
2023-12-22,16.49,99500.0,150.09,5.591,48.0,3.0,1.0,0.0,13.0,1.0,0.1,-0.9693664312362672,4754.6298828125,13.029999732971191,101.6999969482422,388.26
2023-12-26,16.53,98500.0,150.09,5.591,48.0,2.0,1.0,0.0,13.0,0.0,0.0,0.0,4774.75,12.989999771118164,101.47000122070312,391.91
2023-12-27,16.53,97000.0,149.32,5.487,48.0,2.0,1.0,0.0,13.0,1.0,-0.2,-0.8222598433494568,4781.580078125,12.43000030517578,100.98999786376952,396.76
2023-12-28,16.58,97000.0,149.43,5.961,48.0,2.0,1.0,0.0,13.0,5.0,0.0,0.3529245138168335,4783.35009765625,12.470000267028809,101.2300033569336,402.28
2023-12-29,16.58,96900.0,144.48,6.03,48.0,2.0,1.0,0.0,13.0,3.0,-0.1404040404040404,-0.10831087827682499,4769.830078125,12.449999809265137,101.33000183105467,397.29
2024-01-02,15.5,96900.0,146.89,5.834,44.0,2.0,0.0,0.0,13.0,1.0,0.0,0.0,4742.830078125,13.199999809265137,102.1999969482422,395.19
2024-01-03,15.5,96900.0,140.18,5.841,44.0,2.0,0.0,0.0,13.0,0.0,0.0,0.0,4704.81005859375,14.039999961853027,102.45999908447266,383.0
2024-01-04,15.73,96900.0,135.93,5.688,44.0,2.0,0.0,0.0,13.0,0.0,0.0,0.0,4688.68017578125,14.130000114440918,102.41999816894533,375.12
2024-01-05,15.08,96500.0,135.83,5.88,44.0,2.0,0.0,0.0,13.0,3.0,0.09583333333333333,-0.0024176239967345823,4697.240234375,13.350000381469728,102.41000366210938,375.43
2024-01-08,15.08,96300.0,136.58,5.964,47.0,2.0,0.0,0.0,14.0,3.0,0.08666666666666667,-0.33083061377207434,4763.5400390625,13.079999923706056,102.20999908447266,368.39
2024-01-09,15.08,96000.0,133.67,6.038,47.0,2.0,0.0,0.0,14.0,3.0,0.020833333333333332,0.31047968069712323,4756.5,12.760000228881836,102.56999969482422,362.62
2024-01-10,14.9,96000.0,132.94,5.978,47.0,2.0,0.0,0.0,14.0,6.0,0.125,0.8360352665185928,4783.4501953125,12.6899995803833,102.36000061035156,353.11
2024-01-11,14.9,96000.0,128.65,6.212,47.0,2.0,0.0,0.0,14.0,7.0,0.010952380952380944,0.913913003035954,4780.240234375,12.4399995803833,102.29000091552734,351.71
2024-01-12,14.9,96200.0,126.05,6.067,47.0,2.0,0.0,0.0,14.0,4.0,0.275,-0.23074306547641754,4783.830078125,12.699999809265137,102.4000015258789,349.32
2024-01-16,14.83,96500.0,125.95,5.916,51.0,3.0,1.0,0.0,14.0,6.0,0.0,0.30763445297876996,4765.97998046875,13.84000015258789,103.36000061035156,336.74
2024-01-17,14.83,96500.0,120.7,5.71,51.0,3.0,1.0,0.0,14.0,5.0,0.13666666666666666,0.25493075847625735,4739.2099609375,14.789999961853027,103.4499969482422,326.31
2024-01-18,15.5,96500.0,117.99,5.864,51.0,3.0,1.0,0.0,14.0,11.0,0.04187327823691458,0.16726522554050793,4780.93994140625,14.130000114440918,103.54000091552734,321.59
2024-01-19,14.66,96500.0,115.13,5.772,51.0,3.0,1.0,0.0,14.0,3.0,-0.025925925925925897,-0.3149524927139283,4839.81005859375,13.300000190734863,103.29000091552734,316.21
2024-01-22,14.66,96500.0,120.75,5.551,50.0,3.0,1.0,0.0,14.0,1.0,0.0,0.0,4850.43017578125,13.1899995803833,103.33000183105467,310.93
2024-01-23,14.63,96500.0,122.59,5.598,50.0,3.0,1.0,0.0,14.0,4.0,0.0,-0.005624443292617798,4864.60009765625,12.550000190734863,103.62000274658205,311.73
2024-01-24,14.63,96500.0,121.69,5.59,50.0,3.0,1.0,0.0,14.0,5.0,0.05,0.051109135150909424,4868.5498046875,13.140000343322754,103.23999786376952,320.44
2024-01-25,14.5,96500.0,118.45,5.665,50.0,3.0,1.0,0.0,14.0,2.0,0.10982142857142856,0.2985968589782715,4894.16015625,13.449999809265137,103.56999969482422,319.29
2024-01-26,14.44,96500.0,119.84,5.547,50.0,3.0,1.0,0.0,14.0,5.0,0.08506493506493504,0.14480546712875367,4890.97021484375,13.260000228881836,103.47000122070312,318.99
2024-01-29,14.44,96750.0,123.2,5.267,52.0,3.0,1.0,0.0,14.0,5.0,0.08499999999999999,0.07468248605728149,4927.93017578125,13.600000381469728,103.61000061035156,321.37
2024-01-30,14.44,96750.0,120.31,5.151,52.0,3.0,1.0,0.0,14.0,2.0,0.375,0.3550885021686554,4924.97021484375,13.3100004196167,103.4000015258789,314.78
2024-01-31,14.44,96750.0,114.74,4.748,52.0,3.0,1.0,0.0,14.0,7.0,0.10714285714285714,-0.23795408861977713,4845.64990234375,14.350000381469728,103.2699966430664,306.23
2024-02-01,13.25,97050.0,116.78,4.825,52.0,3.0,1.0,0.0,14.0,0.0,0.0,0.0,4906.18994140625,13.880000114440918,103.0500030517578,301.34
2024-02-02,13.25,97050.0,114.25,4.611,52.0,3.0,1.0,0.0,14.0,1.0,0.375,0.951247215270996,4958.60986328125,13.850000381469728,103.91999816894533,296.89
2024-02-05,13.25,97050.0,108.73,4.393,55.0,2.0,1.0,1.0,15.0,3.0,0.14166666666666666,0.3047734300295512,4942.81005859375,13.670000076293944,104.4499969482422,281.71
2024-02-06,13.25,97050.0,113.02,4.742,55.0,2.0,1.0,1.0,15.0,5.0,0.02727272727272726,0.16752556562423707,4954.22998046875,13.0600004196167,104.18000030517578,290.92
2024-02-07,13.25,97050.0,115.05,4.712,55.0,2.0,1.0,1.0,15.0,4.0,0.0,0.0,4995.06005859375,12.829999923706056,104.04000091552734,299.94
2024-02-08,13.25,97050.0,114.33,4.845,55.0,2.0,1.0,1.0,15.0,5.0,0.0,-0.023624444007873512,4997.91015625,12.789999961853027,104.1500015258789,302.66
2024-02-09,13.25,97050.0,115.78,4.845,55.0,2.0,1.0,1.0,15.0,1.0,0.0,0.0,5026.60986328125,12.93000030517578,104.08000183105467,305.63
2024-02-12,13.25,97050.0,120.09,4.845,54.0,3.0,1.0,0.0,14.0,1.0,0.0,0.8790438175201416,5021.83984375,13.93000030517578,104.16999816894533,307.06
2024-02-13,13.25,97050.0,112.2,4.845,54.0,3.0,1.0,0.0,14.0,6.0,0.0625,0.31134973963101703,4953.169921875,15.850000381469728,104.95999908447266,296.19
2024-02-14,13.25,97050.0,114.39,4.845,54.0,3.0,1.0,0.0,14.0,5.0,0.0,0.3683460712432861,5000.6201171875,14.380000114440918,104.72000122070312,299.91
2024-02-15,13.25,97050.0,117.5,4.845,54.0,3.0,1.0,0.0,14.0,4.0,0.04583333333333332,0.0,5029.72998046875,14.010000228881836,104.3000030517578,304.35
2024-02-16,13.25,97050.0,122.59,4.845,54.0,3.0,1.0,0.0,14.0,3.0,0.0,0.7567296822865804,5005.56982421875,14.239999771118164,104.27999877929688,316.35
2024-02-20,13.25,96750.0,114.82,4.929,50.0,2.0,1.0,1.0,14.0,2.0,0.025,0.3079923689365387,4975.509765625,15.420000076293944,104.08000183105467,306.34
2024-02-21,13.25,96150.0,118.55,5.028,50.0,2.0,1.0,1.0,14.0,3.0,0.0714285714285714,0.5972418586413065,4981.7998046875,15.34000015258789,104.01000213623048,310.48
2024-02-22,13.25,96150.0,118.18,5.016,50.0,2.0,1.0,1.0,14.0,6.0,0.09722222222222221,0.3062909146149953,5087.02978515625,14.539999961853027,103.95999908447266,308.22
2024-02-23,13.25,96250.0,120.65,5.078,50.0,2.0,1.0,1.0,14.0,2.0,0.0,0.0,5088.7998046875,13.75,103.94000244140624,307.51
2024-02-26,13.25,96650.0,121.52,5.106,53.0,2.0,1.0,0.0,14.0,3.0,0.3301767676767677,0.6147272785504659,5069.52978515625,13.739999771118164,103.83000183105467,310.0
2024-02-27,13.25,97100.0,128.59,5.199,53.0,2.0,1.0,0.0,14.0,2.0,0.0,0.4561598002910614,5078.18017578125,13.43000030517578,103.83000183105467,315.82
2024-02-28,13.25,98000.0,132.06,5.2,53.0,2.0,1.0,0.0,14.0,4.0,0.003541666666666679,0.44136710464954376,5069.759765625,13.84000015258789,103.9800033569336,323.18
2024-02-29,13.25,99500.0,137.85,5.572,53.0,2.0,1.0,0.0,14.0,3.0,0.0037037037037037,-0.13454316059748336,5096.27001953125,13.399999618530272,104.16000366210938,333.38
2024-03-01,14.54,102500.0,142.8,5.581,53.0,2.0,1.0,0.0,14.0,2.0,0.0,0.44461995363235474,5137.080078125,13.109999656677246,103.86000061035156,343.79
2024-03-04,14.3,106000.0,133.2,5.559,53.0,2.0,1.0,0.0,15.0,4.0,0.0031249999999999993,0.4595392793416977,5130.9501953125,13.489999771118164,103.83000183105467,339.18
2024-03-05,14.9,107500.0,109.4,5.376,53.0,2.0,1.0,0.0,15.0,3.0,0.125,0.21995486815770468,5078.64990234375,14.460000038146973,103.8000030517578,318.03
2024-03-06,13.5,107500.0,119.59,5.348,53.0,2.0,1.0,0.0,15.0,0.0,0.0,0.0,5104.759765625,14.5,103.37000274658205,324.38
2024-03-07,13.5,108500.0,122.66,5.26,53.0,2.0,1.0,0.0,15.0,0.0,0.0,0.0,5157.35986328125,14.4399995803833,102.81999969482422,330.26
2024-03-08,13.5,108900.0,118.33,5.255,53.0,2.0,1.0,0.0,15.0,1.0,0.0,0.535716712474823,5123.68994140625,14.739999771118164,102.73999786376952,326.91
2024-03-11,13.5,109250.0,124.75,5.636,47.0,2.0,1.0,0.0,14.0,2.0,0.0,0.0,5117.93994140625,15.220000267028809,102.87000274658205,331.34
2024-03-12,13.5,110000.0,123.93,5.648,47.0,2.0,1.0,0.0,14.0,2.0,0.0,0.0,5175.27001953125,13.84000015258789,102.95999908447266,332.57
2024-03-13,13.5,111000.0,125.79,5.589,47.0,2.0,1.0,0.0,14.0,4.0,0.020833333333333325,-0.2345487326383591,5165.31005859375,13.75,102.79000091552734,333.86
2024-03-14,13.5,112250.0,119.89,5.479,47.0,2.0,1.0,0.0,14.0,13.0,0.006410256410256407,0.2534213134875664,5150.47998046875,14.399999618530272,103.36000061035156,329.02
2024-03-15,13.5,112250.0,122.14,5.502,47.0,2.0,1.0,0.0,14.0,6.0,0.10416666666666664,0.1661545137564341,5117.08984375,14.40999984741211,103.43000030517578,327.18
2024-03-18,13.5,112550.0,124.58,5.558,48.0,2.0,1.0,0.0,14.0,1.0,0.0,0.0,5149.419921875,14.329999923706056,103.58000183105467,327.82
2024-03-19,13.41,112550.0,120.54,5.487,48.0,2.0,1.0,0.0,14.0,5.0,0.05454545454545452,0.32701573371887205,5178.509765625,13.81999969482422,103.80999755859376,324.45
2024-03-20,13.27,112550.0,124.45,5.499,48.0,2.0,1.0,0.0,14.0,4.0,0.20625,0.23531098663806915,5224.6201171875,13.039999961853027,103.41000366210938,330.0
2024-03-21,13.27,112550.0,124.86,5.446,48.0,2.0,1.0,0.0,14.0,1.0,0.175,0.0,5241.52978515625,12.920000076293944,104.0,332.05
2024-03-22,13.27,112550.0,120.86,5.198,48.0,2.0,1.0,0.0,14.0,1.0,0.25,0.0,5234.18017578125,13.0600004196167,104.43000030517578,323.6
2024-03-25,13.27,112450.0,118.35,5.075,51.0,2.0,1.0,0.0,16.0,5.0,-0.27999999999999997,-0.12741246223449706,5218.18994140625,13.1899995803833,104.2300033569336,321.08
2024-03-26,13.27,110500.0,119.01,5.144,51.0,2.0,1.0,0.0,16.0,2.0,0.125,0.8817353248596191,5203.580078125,13.239999771118164,104.29000091552734,315.47
2024-03-27,13.27,109750.0,128.8,4.948,51.0,2.0,1.0,0.0,16.0,4.0,0.125,0.5840790718793869,5248.490234375,12.779999732971191,104.3499984741211,321.3
2024-03-28,13.27,109750.0,131.74,4.972,51.0,2.0,1.0,0.0,16.0,0.0,0.0,0.0,5254.35009765625,13.010000228881836,104.5500030517578,325.96
2024-04-01,13.25,109750.0,131.74,4.972,49.0,2.0,1.0,0.0,15.0,2.0,0.0,0.4518211781978607,5243.77001953125,13.649999618530272,105.0199966430664,328.9
2024-04-02,13.15,110750.0,126.48,5.478,49.0,2.0,1.0,0.0,15.0,3.0,0.0222222222222222,0.5291275183359782,5205.81005859375,14.609999656677246,104.81999969482422,330.69
2024-04-03,13.8,111050.0,128.87,5.515,49.0,2.0,1.0,0.0,15.0,2.0,0.0,0.0,5211.490234375,14.329999923706056,104.25,336.37
2024-04-04,13.6,111050.0,121.12,5.515,49.0,2.0,1.0,0.0,15.0,3.0,0.03333333333333333,0.6229018767674764,5147.2099609375,16.350000381469727,104.12000274658205,334.24
2024-04-05,13.15,111050.0,123.45,5.515,49.0,2.0,1.0,0.0,15.0,0.0,0.0,0.0,5204.33984375,16.030000686645508,104.3000030517578,330.79
2024-04-08,13.23,111850.0,131.69,5.409,48.0,2.0,1.0,0.0,14.0,1.0,0.0,0.0,5202.39013671875,15.1899995803833,104.13999938964844,338.63
2024-04-09,13.4,112000.0,129.16,5.732,48.0,2.0,1.0,0.0,14.0,0.0,0.0,0.0,5209.91015625,14.979999542236328,104.1500015258789,347.63
2024-04-10,13.7,113250.0,127.65,5.583,48.0,2.0,1.0,0.0,14.0,2.0,0.0,-0.2429884076118469,5160.64013671875,15.800000190734863,105.25,343.59
2024-04-11,13.7,113250.0,130.31,5.49,48.0,2.0,1.0,0.0,14.0,2.0,0.0,0.41682904958724976,5199.06005859375,14.90999984741211,105.27999877929688,345.31
2024-04-12,14.23,112750.0,122.58,5.334,48.0,2.0,1.0,0.0,14.0,1.0,0.0,0.9375424981117249,5123.41015625,17.309999465942383,106.04000091552734,335.26
2024-04-15,14.0,112750.0,120.5,5.357,47.0,2.0,1.0,0.0,14.0,4.0,0.05,0.461442694067955,5061.81982421875,19.229999542236328,106.20999908447266,330.67
2024-04-16,14.08,111500.0,114.11,5.064,47.0,2.0,1.0,0.0,14.0,1.0,0.05,0.6691061854362488,5051.41015625,18.399999618530277,106.26000213623048,320.08
2024-04-17,14.0,111500.0,114.39,5.192,47.0,2.0,1.0,0.0,14.0,0.0,0.0,0.0,5022.2099609375,18.209999084472656,105.9499969482422,324.41
2024-04-18,13.75,111500.0,111.8,5.221,47.0,2.0,1.0,0.0,14.0,6.0,0.011363636363636348,-0.15653953949610394,5011.1201171875,18.0,106.1500015258789,320.57
2024-04-19,13.75,111400.0,112.15,5.096,47.0,2.0,1.0,0.0,14.0,1.0,0.3,0.8494417071342468,4967.22998046875,18.709999084472656,106.1500015258789,316.0
2024-04-22,13.75,111400.0,112.29,5.026,48.0,2.0,1.0,0.0,15.0,4.0,0.1125,0.06898809969425199,5010.60009765625,16.940000534057617,106.08000183105467,314.9
2024-04-23,13.75,111250.0,114.21,4.936,48.0,2.0,1.0,0.0,15.0,0.0,0.0,0.0,5070.5498046875,15.6899995803833,105.69000244140624,315.13
2024-04-24,13.75,111250.0,115.27,4.604,48.0,2.0,1.0,0.0,15.0,3.0,0.1333333333333333,0.2546002268791199,5071.6298828125,15.970000267028809,105.86000061035156,314.73
2024-04-25,13.85,111750.0,114.98,4.701,48.0,2.0,1.0,0.0,15.0,3.0,0.0,0.5031871596972147,5048.419921875,15.369999885559082,105.5999984741211,316.91
2024-04-26,13.85,111250.0,116.88,4.733,48.0,2.0,1.0,0.0,15.0,0.0,0.0,0.0,5099.9599609375,15.029999732971191,105.94000244140624,319.48
2024-04-29,13.83,111250.0,125.73,5.06,52.0,2.0,1.0,1.0,15.0,6.0,0.037878787878787866,0.3707973062992096,5116.169921875,14.670000076293944,105.58000183105467,332.94
2024-04-30,13.83,111750.0,120.31,4.87,52.0,2.0,1.0,1.0,15.0,9.0,0.06296296296296296,0.3138621383243137,5035.68994140625,15.649999618530272,106.22000122070312,326.24
2024-05-01,13.83,111750.0,119.0,4.87,52.0,2.0,1.0,1.0,15.0,0.0,0.0,0.0,5018.39013671875,15.390000343322754,105.76000213623048,326.87
2024-05-02,14.35,111750.0,125.3,4.87,52.0,2.0,1.0,1.0,15.0,2.0,0.0,0.4516984224319458,5064.2001953125,14.68000030517578,105.3000030517578,334.34
2024-05-03,14.35,111750.0,128.1,4.87,52.0,2.0,1.0,1.0,15.0,1.0,0.0,0.923321008682251,5127.7900390625,13.489999771118164,105.02999877929688,338.26
2024-05-06,14.35,111750.0,128.1,4.87,47.0,2.0,1.0,0.0,15.0,3.0,0.03888888888888887,0.4542195697625478,5180.740234375,13.489999771118164,105.0500030517578,341.78
2024-05-07,14.35,111850.0,131.55,5.071,47.0,2.0,1.0,0.0,15.0,5.0,0.1,0.181030797958374,5187.7001953125,13.229999542236328,105.41000366210938,346.86
2024-05-08,14.5,111850.0,130.46,4.96,47.0,2.0,1.0,0.0,15.0,1.0,0.0,0.8601068258285522,5187.669921875,13.0,105.5500030517578,344.53
2024-05-09,14.35,111500.0,133.55,5.158,47.0,2.0,1.0,0.0,15.0,4.0,0.026785714285714274,0.0,5214.080078125,12.6899995803833,105.2300033569336,353.67
2024-05-10,14.35,111100.0,129.62,5.072,47.0,2.0,1.0,0.0,15.0,2.0,0.0,0.0,5222.68017578125,12.550000190734863,105.30999755859376,350.74
2024-05-13,14.35,109750.0,131.51,4.919,47.0,2.0,1.0,0.0,14.0,6.0,0.08333333333333333,0.0,5221.419921875,13.600000381469728,105.22000122070312,350.19
2024-05-14,14.35,109250.0,135.46,4.903,47.0,2.0,1.0,0.0,14.0,1.0,-0.1818181818181818,-0.6023289561271667,5246.68017578125,13.420000076293944,105.01000213623048,356.36
2024-05-15,14.29,107750.0,127.57,4.841,47.0,2.0,1.0,0.0,14.0,2.0,-0.0909090909090909,0.0031573176383971613,5308.14990234375,12.449999809265137,104.3499984741211,350.7
2024-05-16,14.29,107000.0,129.19,4.787,47.0,2.0,1.0,0.0,14.0,2.0,0.0,0.08910775184631342,5297.10009765625,12.420000076293944,104.45999908447266,352.32
2024-05-17,14.29,107000.0,131.12,4.868,47.0,2.0,1.0,0.0,14.0,2.0,0.075,0.4132743179798126,5303.27001953125,11.989999771118164,104.4499969482422,359.72
2024-05-20,14.29,107100.0,130.15,4.899,48.0,2.0,1.0,0.0,15.0,3.0,0.007407407407407436,-0.2960469722747803,5308.1298828125,12.149999618530272,104.56999969482422,362.03
2024-05-21,14.19,106900.0,126.64,4.815,48.0,2.0,1.0,0.0,15.0,1.0,0.0,0.0,5321.41015625,11.859999656677246,104.66000366210938,352.99
2024-05-22,14.17,106900.0,126.48,4.9,48.0,2.0,1.0,0.0,15.0,4.0,0.11875,-0.04647928476333618,5307.009765625,12.289999961853027,104.94000244140624,347.86
2024-05-23,14.17,106500.0,122.95,4.73,48.0,2.0,1.0,0.0,15.0,3.0,0.35000000000000003,0.07943413654963176,5267.83984375,12.770000457763672,105.11000061035156,338.44
2024-05-24,14.17,106500.0,127.59,4.667,48.0,2.0,1.0,0.0,15.0,2.0,0.0,0.0,5304.72021484375,11.93000030517578,104.72000122070312,339.9
2024-05-28,14.18,106300.0,127.76,4.63,47.0,2.0,1.0,0.0,15.0,3.0,0.12222222222222223,0.7886638641357422,5306.0400390625,12.920000076293944,104.61000061035156,340.49
2024-05-29,14.18,106200.0,123.44,4.693,47.0,2.0,1.0,0.0,15.0,4.0,0.0,0.0,5266.9501953125,14.279999732971191,105.0999984741211,335.89
2024-05-30,14.18,106000.0,123.78,4.719,47.0,2.0,1.0,0.0,15.0,2.0,0.2,0.4571670293807984,5235.47998046875,14.470000267028809,104.72000122070312,332.28
2024-05-31,14.17,105900.0,122.59,4.644,47.0,2.0,1.0,0.0,15.0,3.0,0.0,0.268189271291097,5277.509765625,12.920000076293944,104.66999816894533,331.65
2024-06-03,13.8,104900.0,120.89,4.606,47.0,2.0,1.0,0.0,15.0,5.0,0.2,0.37600969076156615,5283.39990234375,13.109999656677246,104.13999938964844,329.55
2024-06-04,13.8,103800.0,118.31,4.629,47.0,2.0,1.0,0.0,15.0,4.0,0.049999999999999975,0.5966899991035461,5291.33984375,13.15999984741211,104.11000061035156,323.69
2024-06-05,13.8,102000.0,118.65,4.559,47.0,2.0,1.0,0.0,15.0,3.0,0.0,0.0,5354.02978515625,12.630000114440918,104.2699966430664,321.76
2024-06-06,13.9,101400.0,118.18,4.562,47.0,2.0,1.0,0.0,15.0,4.0,0.25,-0.4196326732635498,5352.9599609375,12.579999923706056,104.0999984741211,320.07
2024-06-07,13.63,101175.0,114.94,4.448,47.0,2.0,1.0,0.0,15.0,6.0,0.016666666666666666,0.3403722941875458,5346.990234375,12.220000267028809,104.88999938964844,314.47
2024-06-10,13.8,101175.0,114.06,4.448,48.0,2.0,1.0,0.0,15.0,0.0,0.0,0.0,5360.7900390625,12.739999771118164,105.1500015258789,314.44
2024-06-11,13.55,100350.0,113.97,4.403,48.0,2.0,1.0,0.0,15.0,1.0,-0.4,0.0,5375.31982421875,12.850000381469728,105.2300033569336,307.12
2024-06-12,13.55,99450.0,112.65,4.431,48.0,2.0,1.0,0.0,15.0,2.0,0.14166666666666672,-0.1142447292804718,5421.02978515625,12.039999961853027,104.6500015258789,309.31
2024-06-13,13.55,99300.0,108.23,4.368,48.0,2.0,1.0,0.0,15.0,5.0,0.06,0.3271466255187988,5433.740234375,11.9399995803833,105.1999969482422,299.52
2024-06-14,13.55,98450.0,103.51,4.348,48.0,2.0,1.0,0.0,15.0,4.0,0.021875,0.2178470343351364,5431.60009765625,12.65999984741211,105.5500030517578,290.36
2024-06-17,13.55,97600.0,100.63,4.363,48.0,2.0,1.0,0.0,15.0,4.0,0.0,0.6201391965150833,5473.22998046875,12.75,105.31999969482422,286.19
2024-06-18,13.55,97150.0,99.54,4.39,48.0,2.0,1.0,0.0,15.0,2.0,0.1875,0.8875573575496674,5487.02978515625,12.300000190734863,105.26000213623048,285.74
2024-06-20,13.55,94850.0,93.79,4.115,48.0,2.0,1.0,0.0,15.0,4.0,0.05089285714285712,0.0,5473.169921875,13.279999732971191,105.58999633789062,281.12
2024-06-21,13.55,94850.0,94.66,4.028,48.0,2.0,1.0,0.0,15.0,3.0,0.041666666666666664,0.6252966920534769,5464.6201171875,13.199999809265137,105.8000030517578,277.81
2024-06-24,13.55,93150.0,96.4,3.935,43.0,2.0,1.0,0.0,15.0,6.0,0.11960227272727271,0.10741588473320007,5447.8701171875,13.329999923706056,105.47000122070312,276.2
2024-06-25,13.49,91800.0,92.77,3.865,43.0,2.0,1.0,0.0,15.0,11.0,0.0618457300275482,0.1436757282777266,5469.2998046875,12.84000015258789,105.61000061035156,271.7
2024-06-26,13.49,91700.0,100.28,4.156,43.0,2.0,1.0,0.0,15.0,8.0,0.14583333333333334,0.3923386484384537,5477.89990234375,12.550000190734863,106.0500030517578,279.4
2024-06-27,13.42,91700.0,96.27,4.023,43.0,2.0,1.0,0.0,15.0,7.0,0.060714285714285714,0.36771527358463835,5482.8701171875,12.239999771118164,105.91000366210938,274.77
2024-06-28,13.48,91500.0,95.52,3.942,43.0,2.0,1.0,0.0,15.0,3.0,-0.020833333333333332,-0.8792001803716024,5460.47998046875,12.4399995803833,105.87000274658205,271.25
2024-07-01,12.5,90700.0,97.41,3.967,49.0,2.0,1.0,0.0,16.0,6.0,0.4976190476190476,0.0,5475.08984375,12.220000267028809,105.9000015258789,274.19
2024-07-02,12.37,90700.0,97.06,3.921,49.0,2.0,1.0,0.0,16.0,1.0,0.0,0.9228622317314148,5509.009765625,12.029999732971191,105.72000122070312,271.65
2024-07-03,12.25,90450.0,100.09,4.054,49.0,2.0,1.0,0.0,16.0,3.0,0.14545454545454542,0.7522145708401998,5537.02001953125,12.09000015258789,105.4000015258789,279.05
2024-07-05,12.47,90550.0,98.35,3.978,49.0,2.0,1.0,0.0,16.0,1.0,0.1181818181818181,0.0,5567.18994140625,12.479999542236328,104.87999725341795,278.58
2024-07-08,12.63,90550.0,99.15,3.799,44.0,2.0,1.0,0.0,15.0,3.0,0.12083333333333333,0.6058149933815002,5572.85009765625,12.369999885559082,105.01000213623048,275.56
2024-07-09,12.55,90450.0,90.47,3.744,44.0,2.0,1.0,0.0,15.0,2.0,0.0,0.9301162660121918,5576.97998046875,12.510000228881836,105.12000274658205,271.85
2024-07-10,11.93,90350.0,96.9,3.824,44.0,2.0,1.0,0.0,15.0,4.0,0.0,0.2261723130941391,5633.91015625,12.850000381469728,105.0500030517578,273.63
2024-07-11,12.35,89850.0,97.95,4.022,44.0,2.0,1.0,0.0,15.0,4.0,-0.002525252525252525,0.5390284210443497,5584.5400390625,12.920000076293944,104.44000244140624,282.78
2024-07-12,12.3,89750.0,97.87,3.982,44.0,2.0,1.0,0.0,15.0,4.0,0.033928571428571426,0.43216341733932495,5615.35009765625,12.460000038146973,104.08999633789062,285.7
2024-07-15,11.93,89450.0,95.49,3.937,45.0,2.0,1.0,0.0,16.0,4.0,0.125,0.4421808272600174,5631.22021484375,13.119999885559082,104.19000244140624,282.43
2024-07-16,11.93,87950.0,97.71,3.962,45.0,2.0,1.0,0.0,16.0,4.0,0.020833333333333325,-0.030133530497550964,5667.2001953125,13.1899995803833,104.2699966430664,285.4
2024-07-17,11.93,87350.0,95.08,3.954,45.0,2.0,1.0,0.0,16.0,4.0,0.09375,0.3644843250513077,5588.27001953125,14.479999542236328,103.75,281.12
2024-07-18,12.04,86450.0,93.81,3.956,45.0,2.0,1.0,0.0,16.0,0.0,0.0,0.0,5544.58984375,15.93000030517578,104.16999816894533,277.65
2024-07-19,12.0,86400.0,92.09,3.978,45.0,2.0,1.0,0.0,16.0,5.0,0.10833333333333335,0.23046422004699707,5505.0,16.520000457763672,104.4000015258789,274.37
2024-07-22,12.0,86350.0,93.57,3.99,47.0,2.0,1.0,0.0,16.0,2.0,0.0,0.0,5564.41015625,14.90999984741211,104.30999755859376,272.9
2024-07-23,11.98,86350.0,91.48,3.838,47.0,2.0,1.0,0.0,16.0,2.0,0.0,0.4267854392528534,5555.740234375,14.720000267028809,104.4499969482422,267.45
2024-07-24,11.98,85900.0,90.88,3.671,47.0,2.0,1.0,0.0,16.0,1.0,0.0,0.0,5427.1298828125,18.040000915527344,104.38999938964844,262.0
2024-07-25,11.98,84850.0,91.0,3.774,47.0,2.0,1.0,0.0,16.0,1.0,0.0,0.0,5399.22021484375,18.459999084472656,104.36000061035156,261.38
2024-07-26,11.98,84850.0,92.8,3.862,47.0,2.0,1.0,0.0,16.0,2.0,-0.2,0.15547257661819458,5459.10009765625,16.389999389648438,104.31999969482422,266.01
2024-07-29,11.98,84250.0,91.67,3.698,47.0,2.0,1.0,0.0,16.0,2.0,0.0,-0.013543367385864202,5463.5400390625,16.600000381469727,104.55999755859376,260.64
2024-07-30,11.98,82400.0,92.51,3.678,47.0,2.0,1.0,0.0,16.0,2.0,0.2629464285714286,0.4341582953929901,5436.43994140625,17.690000534057617,104.5500030517578,257.56
2024-07-31,11.96,82000.0,93.67,3.896,47.0,2.0,1.0,0.0,16.0,1.0,0.0499999999999999,0.4859635233879089,5522.2998046875,16.360000610351562,104.0999984741211,264.84
2024-08-01,11.53,81700.0,93.17,3.796,47.0,2.0,1.0,0.0,16.0,4.0,0.017045454545454523,-0.47428530454635626,5446.68017578125,18.59000015258789,104.41999816894533,260.12
2024-08-02,11.53,80800.0,86.99,3.802,47.0,2.0,1.0,0.0,16.0,2.0,0.0,-0.025058209896087646,5346.56005859375,23.38999938964844,103.20999908447266,249.13
2024-08-05,11.53,80500.0,83.52,3.787,45.0,2.0,1.0,0.0,15.0,40.0,0.07895833333333332,0.24265569299459458,5186.330078125,38.56999969482422,102.69000244140624,239.57
2024-08-06,11.53,80500.0,79.53,3.896,45.0,2.0,1.0,0.0,15.0,2.0,0.0,0.46515953540802,5240.02978515625,27.709999084472656,102.97000122070312,240.24
2024-08-07,11.3,80400.0,79.06,3.804,45.0,2.0,1.0,0.0,15.0,2.0,0.0,-0.3474438190460205,5199.5,27.850000381469727,103.1999969482422,242.07
2024-08-08,11.3,80250.0,81.83,3.806,45.0,2.0,1.0,0.0,15.0,2.0,0.0625,-0.33776649832725525,5319.31005859375,23.790000915527344,103.20999908447266,244.78
2024-08-09,11.3,80250.0,81.65,3.754,45.0,2.0,1.0,0.0,15.0,1.0,0.0,0.0,5344.16015625,20.3700008392334,103.13999938964844,246.25
2024-08-12,11.3,78150.0,76.0,3.71,45.0,2.0,1.0,0.0,15.0,3.0,-0.09999999999999999,0.24541789293289185,5344.39013671875,20.709999084472656,103.13999938964844,241.65
2024-08-13,11.25,78050.0,77.22,3.796,45.0,2.0,1.0,0.0,15.0,4.0,0.033333333333333326,0.4724283814430237,5434.43017578125,18.1200008392334,102.55999755859376,242.82
2024-08-14,11.09,77450.0,72.85,3.725,45.0,2.0,1.0,0.0,15.0,2.0,0.1136363636363636,0.4724820554256439,5455.2099609375,16.190000534057617,102.56999969482422,239.8
2024-08-15,11.09,75350.0,79.14,3.704,45.0,2.0,1.0,0.0,15.0,0.0,0.0,0.0,5543.22021484375,15.229999542236328,102.9800033569336,245.25
2024-08-16,10.99,75200.0,79.37,3.678,45.0,2.0,1.0,0.0,15.0,2.0,0.0,0.0,5554.25,14.800000190734863,102.45999908447266,247.54
2024-08-19,10.99,74700.0,82.78,3.717,46.0,2.0,0.0,0.0,15.0,0.0,0.0,0.0,5608.25,14.649999618530272,101.88999938964844,251.07
2024-08-20,10.95,74700.0,84.22,3.782,46.0,2.0,0.0,0.0,15.0,2.0,0.21666666666666662,-0.4549649953842163,5597.1201171875,15.880000114440918,101.44000244140624,250.45
2024-08-21,10.93,74850.0,88.6,3.841,46.0,2.0,0.0,0.0,15.0,4.0,-0.15817307692307692,0.13786551356315613,5620.85009765625,16.270000457763672,101.04000091552734,260.58
2024-08-22,10.93,74880.0,86.88,3.709,46.0,2.0,0.0,0.0,15.0,3.0,0.16666666666666666,0.26389338572820026,5570.64013671875,17.549999237060547,101.51000213623048,255.13
2024-08-23,10.93,74250.0,90.5,3.582,46.0,2.0,0.0,0.0,15.0,3.0,0.12878787878787876,0.47996630271275836,5634.60986328125,15.859999656677246,100.72000122070312,258.13
2024-08-26,10.95,74200.0,90.5,3.582,50.0,2.0,1.0,0.0,16.0,1.0,0.75,0.9431671500205994,5616.83984375,16.149999618530273,100.8499984741211,259.74
2024-08-27,10.95,74300.0,88.98,3.655,50.0,2.0,1.0,0.0,16.0,3.0,0.06666666666666667,0.2798513174057007,5625.7998046875,15.43000030517578,100.5500030517578,257.58
2024-08-28,10.95,74250.0,88.0,3.645,50.0,2.0,1.0,0.0,16.0,3.0,0.061111111111111095,0.29969706137975055,5592.18017578125,17.110000610351562,101.08999633789062,254.58
2024-08-29,10.95,74250.0,91.65,3.718,50.0,2.0,1.0,0.0,16.0,2.0,-0.0625,0.255777969956398,5591.9599609375,15.649999618530272,101.33999633789062,258.22
2024-08-30,10.95,74600.0,90.25,3.855,50.0,2.0,1.0,0.0,16.0,1.0,0.08,0.8569570183753967,5648.39990234375,15.0,101.6999969482422,258.51
2024-09-03,10.55,74050.0,84.12,3.735,48.0,2.0,1.0,0.0,15.0,6.0,0.11726190476190475,-0.16199195384979245,5528.93017578125,20.71999931335449,101.83000183105467,245.58
2024-09-04,10.85,73850.0,84.75,3.705,48.0,2.0,1.0,0.0,15.0,1.0,0.0,0.9105749726295472,5520.06982421875,21.31999969482422,101.36000061035156,243.82
2024-09-05,10.29,73500.0,82.6,3.765,48.0,2.0,1.0,0.0,15.0,3.0,0.35000000000000003,0.1463156541188558,5503.41015625,19.899999618530277,101.11000061035156,242.24
2024-09-06,10.17,72600.0,76.9,3.699,48.0,2.0,1.0,0.0,15.0,1.0,0.0681818181818181,-0.9367493391036988,5408.419921875,22.3799991607666,101.18000030517578,234.87
2024-09-09,10.17,72250.0,78.41,3.613,47.0,2.0,1.0,0.0,15.0,1.0,0.0,0.0,5471.0498046875,19.450000762939453,101.5500030517578,233.68
2024-09-10,10.17,72450.0,78.62,3.555,47.0,2.0,1.0,0.0,15.0,3.0,0.13333333333333333,0.7899535695711771,5495.52001953125,19.07999992370605,101.62999725341795,232.38
2024-09-11,10.17,73400.0,89.3,3.911,47.0,2.0,1.0,0.0,15.0,7.0,0.07096474953617808,0.14951543297086442,5554.1298828125,17.690000534057617,101.68000030517578,246.39
2024-09-12,10.04,73800.0,88.5,3.802,47.0,2.0,1.0,0.0,15.0,4.0,-0.0375,-0.4769647866487503,5595.759765625,17.06999969482422,101.37000274658205,248.46
2024-09-13,10.04,74300.0,87.44,3.606,47.0,2.0,1.0,0.0,15.0,8.0,0.22053571428571428,0.021596014499664293,5626.02001953125,16.559999465942383,101.11000061035156,247.16
2024-09-16,10.04,74300.0,89.35,3.606,50.0,2.0,1.0,0.0,15.0,2.0,0.29999999999999993,0.9142851233482361,5633.08984375,17.139999389648438,100.76000213623048,247.56
2024-09-17,10.04,74300.0,89.82,3.606,50.0,2.0,1.0,0.0,15.0,0.0,0.0,0.0,5634.580078125,17.610000610351562,100.88999938964844,249.92
2024-09-18,10.04,74300.0,86.59,3.587,50.0,2.0,1.0,0.0,15.0,2.0,0.5,0.8150838017463684,5618.259765625,18.229999542236328,100.5999984741211,247.88
2024-09-19,9.9,74050.0,89.33,3.645,50.0,2.0,1.0,0.0,15.0,4.0,0.265625,0.6731688380241394,5713.64013671875,16.329999923706055,100.61000061035156,255.51
2024-09-20,10.04,74200.0,86.03,3.615,50.0,2.0,1.0,0.0,15.0,3.0,0.048484848484848464,0.8517793416976929,5702.5498046875,16.149999618530273,100.72000122070312,251.45
2024-09-23,10.1,74000.0,88.71,3.628,55.0,2.0,1.0,0.0,18.0,2.0,0.0,0.44535258412361145,5718.56982421875,15.890000343322754,100.91999816894533,254.25
2024-09-24,10.01,74200.0,90.46,3.912,55.0,2.0,1.0,0.0,18.0,3.0,0.018055555555555533,0.2811184922854106,5732.93017578125,15.390000343322754,100.37000274658205,266.56
2024-09-25,10.01,75100.0,86.58,3.912,55.0,2.0,1.0,0.0,18.0,4.0,0.175,-0.046156704425811795,5722.259765625,15.40999984741211,100.91999816894533,265.53
2024-09-26,10.01,75050.0,95.17,4.07,55.0,2.0,1.0,0.0,18.0,6.0,0.2839285714285714,0.15074888865152994,5745.3701171875,15.369999885559082,100.55999755859376,281.79
2024-09-27,10.01,75550.0,96.05,4.47,55.0,2.0,1.0,0.0,18.0,2.0,0.05,0.44583576917648315,5738.169921875,16.959999084472656,100.41999816894533,291.29
2024-09-30,10.01,75650.0,94.71,4.912,53.0,2.0,1.0,0.0,15.0,0.0,0.0,0.0,5762.47998046875,16.729999542236328,100.77999877929688,298.69
2024-10-01,9.78,75650.0,94.32,4.912,53.0,2.0,1.0,0.0,15.0,2.0,0.0,0.4726161658763886,5708.75,19.26000022888184,101.19000244140624,296.05
2024-10-02,9.78,75650.0,94.07,4.912,53.0,2.0,1.0,0.0,15.0,0.0,0.0,0.0,5709.5400390625,18.899999618530277,101.68000030517578,298.12
2024-10-03,10.35,75650.0,94.31,4.912,53.0,2.0,1.0,0.0,15.0,3.0,0.3333333333333333,0.26013479630152386,5699.93994140625,20.489999771118164,101.98999786376952,291.57
2024-10-04,9.78,75650.0,102.09,4.912,53.0,2.0,1.0,0.0,15.0,4.0,0.0,0.21814702451229095,5751.06982421875,19.209999084472656,102.5199966430664,296.66
2024-10-07,9.78,75650.0,104.47,4.912,64.0,2.0,1.0,0.0,15.0,6.0,0.022727272727272717,0.15520620346069336,5695.93994140625,22.63999938964844,102.54000091552734,310.84
2024-10-08,9.9,77250.0,100.26,5.371,64.0,2.0,1.0,0.0,15.0,6.0,0.09047619047619047,0.11199935277303062,5751.1298828125,21.420000076293945,102.5500030517578,305.12
2024-10-09,10.22,77000.0,101.92,4.821,64.0,2.0,1.0,0.0,15.0,9.0,0.11805555555555555,0.4412938290172153,5792.0400390625,20.86000061035156,102.93000030517578,305.15
2024-10-10,10.1,76950.0,102.96,4.738,64.0,2.0,1.0,0.0,15.0,5.0,0.04166666666666668,0.0,5780.0498046875,20.93000030517578,102.98999786376952,308.58
2024-10-11,9.95,76450.0,102.02,4.472,64.0,2.0,1.0,0.0,15.0,9.0,0.033038720538720534,0.4194295373227861,5815.02978515625,20.459999084472656,102.88999938964844,308.89
2024-10-14,9.56,75850.0,99.6,4.51,66.0,2.0,1.0,0.0,16.0,1.0,0.0,-0.951963186264038,5859.85009765625,19.700000762939453,103.3000030517578,305.23
2024-10-15,10.1,75600.0,95.74,4.333,66.0,2.0,1.0,0.0,16.0,1.0,0.5,0.837432324886322,5815.259765625,20.63999938964844,103.26000213623048,297.38
2024-10-16,9.8,75400.0,98.25,4.255,66.0,2.0,1.0,0.0,16.0,5.0,0.06333333333333332,0.0683132290840149,5842.47021484375,19.57999992370605,103.58999633789062,299.11
2024-10-17,9.56,74700.0,94.67,4.206,66.0,2.0,1.0,0.0,16.0,4.0,0.08833333333333332,0.5559712201356888,5841.47021484375,19.11000061035156,103.83000183105467,294.6
2024-10-18,9.95,73650.0,95.14,4.36,66.0,2.0,1.0,0.0,16.0,5.0,-0.02666666666666666,0.7402494668960571,5864.669921875,18.030000686645508,103.48999786376952,297.32
2024-10-21,9.56,73500.0,93.84,4.442,53.0,2.0,1.0,0.0,15.0,1.0,0.2833333333333333,0.913808047771454,5853.97998046875,18.3700008392334,104.01000213623048,296.25
2024-10-22,9.56,73350.0,96.46,4.558,53.0,2.0,1.0,0.0,15.0,3.0,0.0,0.2472697695096334,5851.2001953125,18.200000762939453,104.08000183105467,301.12
2024-10-23,9.56,73650.0,93.96,4.653,53.0,2.0,1.0,0.0,15.0,5.0,0.16999999999999998,0.43288477659225466,5797.419921875,19.239999771118164,104.43000030517578,296.76
2024-10-24,9.56,73300.0,95.15,4.491,53.0,2.0,1.0,0.0,15.0,3.0,0.11666666666666665,0.0,5809.85986328125,19.07999992370605,104.05999755859376,297.69
2024-10-25,9.51,73300.0,93.51,4.761,53.0,2.0,1.0,0.0,15.0,1.0,0.35,0.0,5808.1201171875,20.32999992370605,104.26000213623048,301.96
2024-10-28,9.51,73600.0,98.14,4.808,56.0,2.0,1.0,0.0,15.0,4.0,0.013920454545454548,0.41345004737377167,5823.52001953125,19.799999237060547,104.31999969482422,307.74
2024-10-29,9.51,74050.0,96.65,4.672,56.0,2.0,1.0,0.0,15.0,2.0,0.0,0.0,5832.919921875,19.34000015258789,104.27999877929688,305.82
2024-10-30,9.5,73850.0,95.52,4.572,56.0,2.0,1.0,0.0,15.0,2.0,0.02666666666666665,-0.07013925909996033,5813.669921875,20.350000381469727,103.98999786376952,300.69
2024-10-31,9.49,73700.0,94.73,4.774,56.0,2.0,1.0,0.0,15.0,3.0,0.09999999999999999,0.8354888955752054,5705.4501953125,23.15999984741211,103.9800033569336,299.33
2024-11-01,8.9,73850.0,98.24,4.791,56.0,2.0,1.0,0.0,15.0,0.0,0.0,0.0,5728.7998046875,21.8799991607666,104.27999877929688,308.3
2024-11-04,8.85,74600.0,100.57,4.875,53.0,2.0,1.0,0.0,15.0,0.0,0.0,0.0,5712.68994140625,21.979999542236328,103.88999938964844,310.23
2024-11-05,8.85,74950.0,99.78,5.077,53.0,2.0,1.0,0.0,15.0,3.0,0.1458333333333333,0.6271496415138244,5782.759765625,20.489999771118164,103.41999816894533,315.09
2024-11-06,8.63,74950.0,96.58,5.022,53.0,2.0,1.0,0.0,15.0,0.0,0.0,0.0,5929.0400390625,16.270000457763672,105.08999633789062,311.33
2024-11-07,9.13,74950.0,99.93,5.059,53.0,2.0,1.0,0.0,15.0,3.0,0.08333333333333333,-0.6350200176239014,5973.10009765625,15.199999809265137,104.51000213623048,315.09
2024-11-08,9.4,75400.0,100.84,5.015,53.0,2.0,1.0,0.0,15.0,1.0,0.0,0.0,5995.5400390625,14.9399995803833,105.0,309.1
2024-11-11,8.66,75500.0,110.49,5.489,50.0,2.0,1.0,0.0,14.0,3.0,0.045454545454545435,0.0,6001.35009765625,14.970000267028809,105.54000091552734,314.62
2024-11-12,9.34,76700.0,102.8,5.801,50.0,2.0,1.0,0.0,14.0,6.0,0.041666666666666664,0.12985612948735553,5983.990234375,14.710000038146973,106.0199966430664,307.83
2024-11-13,8.59,78200.0,108.19,6.157,50.0,2.0,1.0,0.0,14.0,4.0,0.034090909090909075,-0.03945468366146085,5985.3798828125,14.020000457763672,106.4800033569336,310.67
2024-11-14,8.59,78950.0,102.1,5.757,50.0,2.0,1.0,0.0,14.0,6.0,-0.1325757575757576,0.2758556803067525,5949.169921875,14.3100004196167,106.66999816894533,299.76
2024-11-15,8.73,78700.0,103.53,5.384,50.0,2.0,1.0,0.0,14.0,0.0,0.0,0.0,5870.6201171875,16.139999389648438,106.69000244140624,295.32
2024-11-18,8.73,78450.0,104.03,5.228,52.0,2.0,1.0,0.0,15.0,0.0,0.0,0.0,5893.6201171875,15.579999923706056,106.27999877929688,295.58
2024-11-19,8.73,78750.0,106.45,5.748,52.0,2.0,1.0,0.0,15.0,2.0,0.0583333333333333,0.3123069405555725,5916.97998046875,16.350000381469727,106.20999908447266,299.48
2024-11-20,8.73,79050.0,109.55,5.984,52.0,2.0,1.0,0.0,15.0,5.0,0.0,0.349335253238678,5917.10986328125,17.15999984741211,106.68000030517578,299.0
2024-11-21,8.93,79400.0,108.98,5.913,52.0,2.0,1.0,0.0,15.0,2.0,0.04,0.36781394481658936,5948.7099609375,16.8700008392334,106.97000122070312,300.5
2024-11-22,8.93,79100.0,108.38,5.67,52.0,2.0,1.0,0.0,15.0,1.0,0.5,0.0,5969.33984375,15.239999771118164,107.48999786376952,296.24
2024-11-25,8.93,79100.0,109.98,5.894,53.0,2.0,1.0,0.0,15.0,1.0,-0.1,0.5436106324195862,5987.3701171875,14.600000381469728,106.81999969482422,298.72
2024-11-26,8.93,78900.0,106.79,5.523,53.0,2.0,1.0,0.0,15.0,2.0,0.05,0.4688838720321655,6021.6298828125,14.100000381469728,107.01000213623048,291.89
2024-11-27,8.93,78600.0,107.98,5.678,53.0,2.0,1.0,0.0,15.0,7.0,0.0,0.4721073508262634,5998.740234375,14.100000381469728,106.08000183105467,294.32
2024-11-29,8.91,78200.0,107.7,5.806,53.0,2.0,1.0,0.0,15.0,2.0,0.09375,0.28298434615135193,6032.3798828125,13.510000228881836,105.73999786376952,295.3
2024-12-02,9.25,78400.0,111.3,5.786,50.0,2.0,1.0,0.0,17.0,1.0,0.125,0.0,6047.14990234375,13.34000015258789,106.4499969482422,295.46
2024-12-03,9.55,78250.0,109.07,5.684,50.0,2.0,1.0,0.0,17.0,2.0,0.03749999999999995,0.44185158610343933,6049.8798828125,13.300000190734863,106.37000274658205,296.5
2024-12-04,9.48,78100.0,102.61,5.52,50.0,2.0,1.0,0.0,17.0,2.0,0.375,0.6160667240619659,6086.490234375,13.449999809265137,106.33999633789062,289.79
2024-12-05,9.48,77100.0,101.1,5.492,50.0,2.0,1.0,0.0,17.0,1.0,0.0,0.799568235874176,6075.10986328125,13.539999961853027,105.70999908447266,284.36
2024-12-06,9.48,76900.0,104.96,5.542,50.0,2.0,1.0,0.0,17.0,1.0,0.35,0.91798335313797,6090.27001953125,12.770000457763672,105.97000122070312,283.59
2024-12-09,9.4,76500.0,109.66,5.445,52.0,2.0,1.0,0.0,16.0,0.0,0.0,0.0,6052.85009765625,14.1899995803833,106.1500015258789,288.22
2024-12-10,9.4,76650.0,103.98,5.372,52.0,2.0,1.0,0.0,16.0,4.0,0.15909090909090906,0.2337059825658798,6034.91015625,14.18000030517578,106.4000015258789,285.17
2024-12-11,9.4,76550.0,103.84,5.349,52.0,2.0,1.0,0.0,16.0,3.0,-0.06666666666666667,-0.57610551516215,6084.18994140625,13.579999923706056,106.70999908447266,283.34
2024-12-12,9.56,76550.0,103.3,5.451,52.0,2.0,1.0,0.0,16.0,3.0,0.20000000000000004,0.05099417765935266,6051.25,13.920000076293944,106.95999908447266,283.91
2024-12-13,9.56,76400.0,99.38,5.253,52.0,2.0,1.0,0.0,16.0,0.0,0.0,0.0,6051.08984375,13.8100004196167,107.0,276.82
2024-12-16,9.56,76000.0,99.54,5.118,52.0,2.0,1.0,0.0,15.0,2.0,0.14375,0.4371606409549713,6074.080078125,14.6899995803833,106.86000061035156,272.14
2024-12-17,9.53,75900.0,97.55,5.076,52.0,2.0,1.0,0.0,15.0,0.0,0.0,0.0,6050.60986328125,15.869999885559082,106.95999908447266,269.6
2024-12-18,9.49,75850.0,90.54,5.034,52.0,2.0,1.0,0.0,15.0,2.0,0.1875,0.9338358342647552,5872.16015625,27.6200008392334,108.02999877929688,264.35
2024-12-19,9.45,75500.0,88.92,4.993,52.0,2.0,1.0,0.0,15.0,2.0,0.0,0.4191826283931732,5867.080078125,24.09000015258789,108.41000366210938,261.36
2024-12-20,9.45,75550.0,88.65,5.085,52.0,2.0,1.0,0.0,15.0,1.0,0.175,0.9136431217193604,5930.85009765625,18.36000061035156,107.62000274658205,260.38
2024-12-23,9.45,75550.0,89.2,5.001,50.0,2.0,1.0,0.0,15.0,2.0,-0.1,0.6896189451217651,5974.06982421875,16.780000686645508,108.04000091552734,262.68
2024-12-24,9.48,75600.0,89.99,5.104,50.0,2.0,1.0,0.0,15.0,3.0,0.08333333333333333,0.29619109630584717,6040.0400390625,14.270000457763672,108.26000213623048,266.35
2024-12-26,9.47,75600.0,89.99,5.104,50.0,2.0,1.0,0.0,15.0,1.0,-0.1,0.8921340703964233,6037.58984375,14.729999542236328,108.12999725341795,265.0
2024-12-27,9.47,75550.0,88.29,4.927,50.0,2.0,1.0,0.0,15.0,2.0,0.3,0.4285534918308258,5970.83984375,15.949999809265137,108.0,264.5
2024-12-30,9.47,75050.0,86.14,4.984,43.0,2.0,0.0,0.0,15.0,0.0,0.0,0.0,5906.93994140625,17.399999618530273,108.12999725341795,261.52
2024-12-31,9.47,75050.0,86.08,4.796,43.0,2.0,0.0,0.0,15.0,0.0,0.0,0.0,5881.6298828125,17.350000381469727,108.48999786376952,258.35
2025-01-02,9.5,75100.0,85.23,4.668,43.0,2.0,0.0,0.0,15.0,0.0,0.0,0.0,5868.5498046875,17.93000030517578,109.38999938964844,260.57
2025-01-03,10.15,74900.0,87.79,4.515,43.0,2.0,0.0,0.0,15.0,0.0,0.0,0.0,5942.47021484375,16.1299991607666,108.9499969482422,262.91
2025-01-06,10.15,75600.0,90.19,4.623,47.0,2.0,0.0,0.0,16.0,0.0,0.0,0.0,5975.3798828125,16.040000915527344,108.26000213623048,271.43
2025-01-07,10.1,75450.0,89.98,4.743,47.0,2.0,0.0,0.0,16.0,0.0,0.0,0.0,5909.02978515625,17.81999969482422,108.54000091552734,274.0
2025-01-08,9.5,75500.0,87.38,4.636,47.0,2.0,0.0,0.0,16.0,7.0,0.12244897959183673,0.11606753723961967,5918.25,17.700000762939453,109.08999633789062,271.18
2025-01-09,9.42,75500.0,87.38,4.655,47.0,2.0,0.0,0.0,16.0,1.0,0.1428571428571428,0.7527221441268921,5918.25,17.700000762939453,109.18000030517578,270.93
2025-01-10,9.42,75700.0,86.53,4.52,47.0,2.0,0.0,0.0,16.0,2.0,0.0,0.0,5827.0400390625,19.540000915527344,109.6500015258789,267.73
2025-01-13,9.42,75950.0,91.51,4.684,54.0,2.0,1.0,0.0,16.0,4.0,0.125,0.2337474077939987,5836.22021484375,19.190000534057617,109.95999908447266,271.01
2025-01-14,9.42,76350.0,92.63,4.774,54.0,2.0,1.0,0.0,16.0,2.0,0.0,0.8865225613117218,5842.91015625,18.709999084472656,109.2699966430664,275.95
2025-01-15,9.42,77050.0,95.15,4.757,54.0,2.0,1.0,0.0,16.0,0.0,0.0,0.0,5949.91015625,16.1200008392334,109.08999633789062,280.0
2025-01-16,9.42,77350.0,94.32,4.782,54.0,2.0,1.0,0.0,16.0,3.0,0.13333333333333333,0.8663981159528097,5937.33984375,16.600000381469727,108.95999908447266,280.73
2025-01-17,9.42,77850.0,97.49,4.852,54.0,2.0,1.0,0.0,16.0,3.0,0.06818181818181814,0.0,5996.66015625,15.970000267028809,109.3499984741211,283.54
2025-01-21,9.43,77900.0,94.05,4.763,54.0,2.0,1.0,0.0,16.0,2.0,0.0227272727272727,0.7793733775615692,6049.240234375,15.0600004196167,108.05999755859376,281.17
2025-01-22,9.47,77850.0,90.25,4.646,54.0,2.0,1.0,0.0,16.0,3.0,0.0,0.5787352323532104,6086.3701171875,15.100000381469728,108.16999816894533,276.18
2025-01-23,9.47,77900.0,89.8,4.61,54.0,2.0,1.0,0.0,16.0,2.0,0.0,0.30720803141593933,6118.7099609375,15.020000457763672,108.0500030517578,273.58
2025-01-24,9.47,77900.0,88.76,4.638,54.0,2.0,1.0,0.0,16.0,0.0,0.0,0.0,6101.240234375,14.850000381469728,107.44000244140624,275.07
2025-01-27,9.47,77800.0,88.78,4.562,51.0,2.0,1.0,0.0,16.0,1.0,0.3875,0.8682289123535156,6012.27978515625,17.899999618530273,107.33999633789062,272.72
2025-01-28,9.47,77800.0,85.9,4.562,51.0,2.0,1.0,0.0,16.0,1.0,0.0,0.8292669057846069,6067.7001953125,16.40999984741211,107.87000274658205,268.52
2025-01-29,9.47,77800.0,86.28,4.562,51.0,2.0,1.0,0.0,16.0,0.0,0.0,0.0,6039.31005859375,16.559999465942383,108.0,269.26
2025-01-30,9.47,77800.0,85.65,4.562,51.0,2.0,1.0,0.0,16.0,2.0,-0.3,0.8067461848258972,6071.169921875,15.84000015258789,107.8000030517578,270.22
2025-01-31,9.47,77800.0,84.19,4.562,51.0,2.0,1.0,0.0,16.0,0.0,0.0,0.0,6040.52978515625,16.43000030517578,108.37000274658205,268.34
2025-02-03,9.75,77800.0,80.45,4.562,50.0,2.0,1.0,0.0,16.0,0.0,0.0,0.0,5994.56982421875,18.6200008392334,108.98999786376952,263.35
2025-02-04,9.5,77800.0,82.48,4.562,50.0,2.0,1.0,0.0,16.0,2.0,0.125,0.43534329533576965,6037.8798828125,17.209999084472656,107.95999908447266,270.56
2025-02-05,9.7,77650.0,79.88,4.538,50.0,2.0,1.0,0.0,16.0,1.0,0.25,0.0,6061.47998046875,15.770000457763672,107.58000183105467,269.91
2025-02-06,9.42,77300.0,79.0,4.756,50.0,2.0,1.0,0.0,16.0,1.0,0.25,0.0,6083.56982421875,15.5,107.69000244140624,274.16
2025-02-07,9.42,77300.0,77.37,4.816,50.0,2.0,1.0,0.0,16.0,0.0,0.0,0.0,6025.990234375,16.540000915527344,108.04000091552734,273.37
2025-02-10,9.4,77150.0,75.14,4.912,52.0,2.0,1.0,0.0,16.0,3.0,0.0,0.8912812272707621,6066.43994140625,15.8100004196167,108.31999969482422,274.15
2025-02-11,9.31,76650.0,75.7,4.721,52.0,2.0,1.0,0.0,16.0,2.0,0.0,-0.4808083772659302,6068.5,16.020000457763672,107.95999908447266,269.93
2025-02-12,9.31,76550.0,76.6,4.956,52.0,2.0,1.0,0.0,16.0,3.0,0.0,0.016527414321899452,6051.97021484375,15.890000343322754,107.94000244140624,271.04
2025-02-13,9.31,76450.0,79.25,4.902,52.0,2.0,1.0,0.0,16.0,2.0,0.0,0.38772836327552795,6115.06982421875,15.100000381469728,107.30999755859376,274.43
2025-02-14,9.31,76250.0,81.21,4.965,52.0,2.0,1.0,0.0,16.0,2.0,0.1875,-0.4582566916942596,6114.6298828125,14.770000457763672,106.56999969482422,273.32
2025-02-18,9.3,76150.0,83.58,4.861,47.0,2.0,1.0,0.0,15.0,0.0,0.0,0.0,6129.580078125,15.350000381469728,107.0500030517578,271.54
2025-02-19,9.27,76250.0,83.67,4.9,47.0,2.0,1.0,0.0,15.0,3.0,0.0,0.31653710206349694,6144.14990234375,15.270000457763672,107.16999816894533,270.22
2025-02-20,9.27,76220.0,82.51,4.875,47.0,2.0,1.0,0.0,15.0,4.0,0.034090909090909075,0.6927126795053482,6117.52001953125,15.65999984741211,106.33999633789062,275.16
2025-02-21,9.23,76150.0,81.2,4.939,47.0,2.0,1.0,0.0,15.0,1.0,0.0,0.6509588360786438,6013.1298828125,18.209999084472656,106.61000061035156,272.33
2025-02-24,9.23,75850.0,81.03,4.898,50.0,2.0,1.0,0.0,16.0,2.0,0.0,0.4576510488986969,5983.25,18.979999542236328,106.5999984741211,270.15
2025-02-25,9.23,75900.0,78.42,4.894,50.0,2.0,1.0,0.0,16.0,0.0,0.0,0.0,5955.25,19.43000030517578,106.30999755859376,266.74
2025-02-26,9.23,75750.0,77.53,4.947,50.0,2.0,1.0,0.0,16.0,1.0,0.0,0.0,5956.06005859375,19.100000381469727,106.41999816894533,268.28
2025-02-27,9.23,75350.0,78.97,5.064,50.0,2.0,1.0,0.0,16.0,4.0,0.1375,0.239385649561882,5861.56982421875,21.1299991607666,107.23999786376952,267.74
2025-02-28,9.23,75200.0,77.03,4.995,50.0,2.0,1.0,0.0,16.0,1.0,0.0,0.0,5954.5,19.6299991607666,107.61000061035156,261.43
2025-03-03,9.0,75100.0,69.95,5.299,54.0,2.0,1.0,0.0,16.0,0.0,0.0,0.0,5849.72021484375,22.780000686645508,106.75,260.51
2025-03-04,9.0,74950.0,72.16,5.177,54.0,2.0,1.0,0.0,16.0,2.0,0.125,0.9064429998397827,5778.14990234375,23.51000022888184,105.73999786376952,260.18
2025-03-05,9.0,74850.0,74.21,5.095,54.0,2.0,1.0,0.0,16.0,1.0,0.0,-0.947036623954773,5842.6298828125,21.93000030517578,105.73999786376952,270.66
2025-03-06,9.21,74850.0,76.48,5.175,54.0,2.0,1.0,0.0,16.0,2.0,0.0,0.7818745374679565,5738.52001953125,24.8700008392334,104.05999755859376,274.8
2025-03-07,9.09,75050.0,75.51,5.102,54.0,2.0,1.0,0.0,16.0,1.0,0.1363636363636363,0.0,5770.2001953125,23.3700008392334,103.83999633789062,274.55
2025-03-10,9.09,75050.0,76.39,5.043,53.0,2.0,1.0,0.0,16.0,1.0,0.25,0.0,5614.56005859375,27.86000061035156,103.91000366210938,270.59
2025-03-11,9.09,74900.0,72.67,5.049,53.0,2.0,1.0,0.0,16.0,2.0,0.037500000000000006,0.7550460398197174,5572.06982421875,26.920000076293945,103.44000244140624,271.12
2025-03-12,9.09,74900.0,72.81,5.002,53.0,2.0,1.0,0.0,16.0,0.0,0.0,0.0,5599.2998046875,24.229999542236328,103.61000061035156,268.74
2025-03-13,9.19,74750.0,72.4,4.984,53.0,2.0,1.0,0.0,16.0,1.0,0.2121212121212121,0.0,5521.52001953125,24.65999984741211,103.83000183105467,270.55
2025-03-14,9.19,74850.0,75.23,5.075,53.0,2.0,1.0,0.0,16.0,1.0,0.0916666666666666,0.0,5638.93994140625,21.770000457763672,103.72000122070312,279.78
2025-03-17,9.19,74900.0,79.34,5.136,51.0,2.0,1.0,0.0,16.0,5.0,0.07499999999999998,0.30563108921051024,5675.1201171875,20.51000022888184,103.37000274658205,287.45
2025-03-18,9.19,75050.0,78.5,5.108,51.0,2.0,1.0,0.0,16.0,2.0,0.15,0.8746618926525116,5614.66015625,21.700000762939453,103.23999786376952,289.97
2025-03-19,9.19,74900.0,79.49,5.036,51.0,2.0,1.0,0.0,16.0,1.0,-0.05,0.8989995718002319,5675.2900390625,19.899999618530277,103.43000030517578,289.47
2025-03-20,9.22,74450.0,77.03,4.938,51.0,2.0,1.0,0.0,16.0,2.0,0.0,0.87896528840065,5662.89013671875,19.799999237060547,103.8499984741211,283.16
2025-03-21,9.22,74300.0,77.56,4.794,51.0,2.0,1.0,0.0,16.0,0.0,0.0,0.0,5667.56005859375,19.280000686645508,104.08999633789062,278.81
2025-03-24,9.22,74100.0,77.55,4.798,51.0,2.0,1.0,0.0,17.0,2.0,0.0,0.5824644565582275,5767.56982421875,17.479999542236328,104.26000213623048,279.18
2025-03-25,9.22,74100.0,77.67,4.809,51.0,2.0,1.0,0.0,17.0,0.0,0.0,0.0,5776.64990234375,17.149999618530273,104.18000030517578,276.97
2025-03-26,9.25,74100.0,75.72,4.797,51.0,2.0,1.0,0.0,17.0,1.0,0.0,0.0,5712.2001953125,18.32999992370605,104.5500030517578,275.81
2025-03-27,9.25,74300.0,74.75,4.757,51.0,2.0,1.0,0.0,17.0,2.0,0.175,0.0,5693.31005859375,18.690000534057617,104.06999969482422,274.06
2025-03-28,9.25,74150.0,72.19,4.67,51.0,2.0,1.0,0.0,17.0,1.0,0.0,0.0,5580.93994140625,21.649999618530277,104.04000091552734,269.95
2025-03-31,9.25,74000.0,72.02,4.662,53.0,2.0,1.0,0.0,17.0,3.0,0.18333333333333335,0.25352120399475103,5611.85009765625,22.280000686645508,104.20999908447266,259.82
2025-04-01,9.75,74100.0,71.82,4.677,53.0,2.0,1.0,0.0,17.0,3.0,0.03333333333333333,0.5396315455436707,5633.06982421875,21.770000457763672,104.26000213623048,259.43
2025-04-02,9.35,74100.0,72.25,4.67,53.0,2.0,1.0,0.0,17.0,2.0,0.2125,0.4682127833366394,5670.97021484375,21.51000022888184,103.80999755859376,255.69
2025-04-03,9.35,73900.0,66.5,4.628,53.0,2.0,1.0,0.0,17.0,1.0,0.0,0.4266569018363952,5396.52001953125,30.020000457763672,102.06999969482422,247.68
2025-04-04,9.35,73900.0,58.51,4.628,53.0,2.0,1.0,0.0,17.0,2.0,-0.1,0.4744668006896972,5074.080078125,45.310001373291016,103.0199966430664,233.83
2025-04-07,9.35,72600.0,58.1,4.15,50.0,2.0,1.0,0.0,17.0,2.0,0.425,0.0,5062.25,46.97999954223633,103.26000213623048,223.68
2025-04-08,9.27,72400.0,50.76,4.02,50.0,2.0,1.0,0.0,17.0,1.0,0.0,0.9212229251861572,4982.77001953125,52.33000183105469,102.95999908447266,220.42
2025-04-09,9.27,71400.0,60.47,4.069,50.0,2.0,1.0,0.0,17.0,2.0,0.04999999999999995,0.8735772371292114,5456.89990234375,33.619998931884766,102.9000015258789,231.52
2025-04-10,9.24,71750.0,54.71,4.214,50.0,2.0,1.0,0.0,17.0,3.0,0.06666666666666667,-0.2984139919281006,5268.0498046875,40.720001220703125,100.87000274658205,234.6
2025-04-11,9.24,71600.0,56.67,4.224,50.0,2.0,1.0,0.0,17.0,1.0,0.0,0.7502442002296448,5363.35986328125,37.560001373291016,99.77999877929688,237.62
2025-04-14,9.24,71600.0,57.39,4.267,49.0,2.0,1.0,0.0,17.0,0.0,0.0,0.0,5405.97021484375,30.88999938964844,99.63999938964844,244.97
2025-04-15,9.24,71550.0,54.01,4.251,49.0,2.0,1.0,0.0,17.0,0.0,0.0,0.0,5396.6298828125,30.1200008392334,100.22000122070312,241.94
2025-04-16,9.24,71550.0,52.57,4.198,49.0,2.0,1.0,0.0,17.0,0.0,0.0,0.0,5275.7001953125,32.63999938964844,99.37999725341795,241.72
2025-04-17,9.28,71550.0,52.91,4.17,49.0,2.0,1.0,0.0,17.0,1.0,0.0,0.0,5282.7001953125,29.649999618530277,99.37999725341795,243.2
2025-04-21,9.28,70850.0,52.91,4.17,49.0,2.0,0.0,0.0,18.0,0.0,0.0,0.0,5158.2001953125,33.81999969482422,98.27999877929688,241.41
2025-04-22,9.18,70400.0,54.77,4.154,49.0,2.0,0.0,0.0,18.0,1.0,0.0,0.8750509023666382,5287.759765625,30.56999969482422,98.91999816894533,242.05
2025-04-23,9.18,69950.0,55.64,4.164,49.0,2.0,0.0,0.0,18.0,0.0,0.0,0.0,5375.85986328125,28.450000762939453,99.83999633789062,245.21
2025-04-24,9.18,69900.0,58.17,4.217,49.0,2.0,0.0,0.0,18.0,4.0,0.0,0.5184107422828674,5484.77001953125,26.46999931335449,99.29000091552734,251.31
2025-04-25,9.16,69800.0,57.73,4.16,49.0,2.0,0.0,0.0,18.0,0.0,0.0,0.0,5525.2099609375,24.84000015258789,99.47000122070312,249.67
2025-04-28,9.16,68850.0,58.55,4.109,52.0,2.0,1.0,0.0,18.0,0.0,0.0,0.0,5528.75,25.149999618530277,99.01000213623048,249.15
2025-04-29,9.15,68250.0,59.46,4.152,52.0,2.0,1.0,0.0,18.0,1.0,0.0,0.7052132487297058,5560.830078125,24.170000076293945,99.23999786376952,250.77
2025-04-30,9.15,67950.0,58.55,4.119,52.0,2.0,1.0,0.0,18.0,2.0,-0.0625,0.44252026081085205,5569.06005859375,24.700000762939453,99.47000122070312,248.03
2025-05-01,8.83,67950.0,59.32,4.119,52.0,2.0,1.0,0.0,18.0,4.0,0.26249999999999996,0.0,5604.14013671875,24.600000381469727,100.25,245.67
2025-05-02,8.86,67950.0,60.3,4.119,52.0,2.0,1.0,0.0,18.0,1.0,0.0,0.0,5686.669921875,22.68000030517578,100.0,249.57
2025-05-05,8.83,67950.0,60.3,4.119,54.0,2.0,1.0,0.0,18.0,3.0,0.06666666666666667,0.28834305206934613,5650.3798828125,23.63999938964844,99.83000183105467,248.24
2025-05-06,8.67,67100.0,57.49,4.257,54.0,2.0,1.0,0.0,18.0,3.0,0.0625,0.3125668366750081,5606.91015625,24.76000022888184,99.23999786376952,250.64
2025-05-07,8.65,66650.0,56.06,4.238,54.0,2.0,1.0,0.0,18.0,5.0,0.02,0.09477020502090454,5631.27978515625,23.549999237060547,99.61000061035156,250.03
2025-05-08,8.5,65250.0,57.44,4.283,54.0,2.0,1.0,0.0,18.0,1.0,0.0,-0.7906800508499146,5663.93994140625,22.479999542236328,100.63999938964844,252.66
2025-05-09,8.45,65250.0,57.93,4.238,54.0,2.0,1.0,0.0,18.0,0.0,0.0,0.0,5659.91015625,21.899999618530277,100.33999633789062,253.08
2025-05-12,8.62,64600.0,61.57,4.385,53.0,2.0,1.0,0.0,17.0,1.0,0.0,0.0,5844.18994140625,18.38999938964844,101.79000091552734,258.76
2025-05-13,8.56,64600.0,61.86,4.403,53.0,2.0,1.0,0.0,17.0,5.0,0.03,-0.013127219676971436,5886.5498046875,18.21999931335449,101.0,259.38
2025-05-14,8.56,64700.0,61.08,4.46,53.0,2.0,1.0,0.0,17.0,2.0,0.5,0.4698540568351746,5892.580078125,18.6200008392334,101.04000091552734,260.79
2025-05-15,8.56,64800.0,60.32,4.328,53.0,2.0,1.0,0.0,17.0,1.0,0.125,0.950571358203888,5916.93017578125,17.829999923706055,100.87999725341795,258.42
2025-05-16,8.56,64500.0,60.21,4.297,53.0,2.0,1.0,0.0,17.0,0.0,0.0,0.0,5958.3798828125,17.239999771118164,101.08999633789062,255.89
2025-05-19,8.56,63700.0,59.24,4.282,53.0,2.0,1.0,0.0,18.0,1.0,0.15,0.0,5963.60009765625,18.13999938964844,100.43000030517578,248.41
2025-05-20,8.51,63250.0,59.32,4.301,53.0,2.0,1.0,0.0,18.0,2.0,0.05,0.8239390552043915,5940.4599609375,18.09000015258789,100.12000274658205,247.13
2025-05-21,8.51,63050.0,56.44,4.378,53.0,2.0,1.0,0.0,18.0,1.0,0.0,0.0,5844.60986328125,20.8700008392334,99.55999755859376,242.78
2025-05-22,8.51,63050.0,57.94,4.359,53.0,2.0,1.0,0.0,18.0,2.0,0.12575757575757576,0.038643479347229004,5842.009765625,20.280000686645508,99.95999908447266,243.59
2025-05-23,8.51,63050.0,57.61,4.378,53.0,2.0,1.0,0.0,18.0,0.0,0.0,0.0,5802.81982421875,22.290000915527344,99.11000061035156,243.78
2025-05-27,8.52,62000.0,58.79,4.29,54.0,2.0,1.0,0.0,19.0,1.0,0.125,0.0,5921.5400390625,18.959999084472656,99.5199966430664,241.53
2025-05-28,8.52,61500.0,58.05,4.192,54.0,2.0,1.0,0.0,19.0,2.0,0.0,-0.1062958836555481,5888.5498046875,19.309999465942383,99.87999725341795,239.27
2025-05-29,8.52,60900.0,57.49,4.259,54.0,2.0,1.0,0.0,19.0,3.0,0.09999999999999999,0.44465001424153644,5912.169921875,19.18000030517578,99.27999877929688,240.63
2025-05-30,8.52,60700.0,55.76,4.192,54.0,2.0,1.0,0.0,19.0,0.0,0.0,0.0,5911.68994140625,18.56999969482422,99.33000183105467,238.37
2025-06-02,8.3,60700.0,55.09,4.192,51.0,3.0,1.0,0.0,19.0,3.0,0.08888888888888886,0.883016308148702,5935.93994140625,18.36000061035156,98.6999969482422,234.76
2025-06-03,8.3,60300.0,57.01,4.192,51.0,3.0,1.0,0.0,19.0,3.0,0.041666666666666664,0.0,5970.3701171875,17.690000534057617,99.25,239.124
2025-06-04,8.3,60250.0,59.7,4.346,51.0,3.0,1.0,0.0,19.0,1.0,0.0,0.0,5970.81005859375,17.610000610351562,98.79000091552734,247.349
2025-06-05,8.26,60200.0,58.64,4.354,51.0,3.0,1.0,0.0,19.0,2.0,0.0,-0.2671903371810913,5939.2998046875,18.479999542236328,98.73999786376952,255.088
2025-06-06,8.26,60200.0,59.83,4.339,51.0,3.0,1.0,0.0,19.0,1.0,0.0,0.6519017815589905,6000.35986328125,16.770000457763672,99.19000244140624,253.989
2025-06-09,8.26,60250.0,62.3,4.376,51.0,2.0,1.0,0.0,19.0,3.0,0.0,0.0,6005.8798828125,17.15999984741211,98.94000244140624,259.211
2025-06-10,8.26,60350.0,64.2,4.334,51.0,2.0,1.0,0.0,19.0,2.0,0.0,0.0,6038.81005859375,16.950000762939453,99.0500030517578,261.512
2025-06-11,8.26,60500.0,65.08,4.432,51.0,2.0,1.0,0.0,19.0,1.0,0.125,0.8841660618782043,6022.240234375,17.260000228881836,98.62999725341795,263.068
2025-06-12,8.26,60650.0,62.48,4.447,51.0,2.0,1.0,0.0,19.0,1.0,0.0,-0.6612351536750793,6045.259765625,18.020000457763672,97.91999816894533,260.881
2025-06-13,8.26,60650.0,60.72,4.375,51.0,2.0,1.0,0.0,19.0,0.0,0.0,0.0,5976.97021484375,20.81999969482422,98.18000030517578,259.74
2025-06-16,8.26,60500.0,60.96,4.339,54.0,3.0,1.0,0.0,19.0,1.0,0.0,0.888821005821228,6033.10986328125,19.11000061035156,98.0,263.378
2025-06-17,8.26,60450.0,59.69,4.352,54.0,3.0,1.0,0.0,19.0,4.0,0.0875,0.4335864931344986,5982.72021484375,21.600000381469727,98.81999969482422,263.757
2025-06-18,8.26,60450.0,59.4,4.332,54.0,3.0,1.0,0.0,19.0,1.0,0.0,0.0,5980.8701171875,20.13999938964844,98.91000366210938,262.545
2025-06-20,8.26,60400.0,56.66,4.263,54.0,3.0,1.0,0.0,19.0,4.0,-0.01785714285714285,-0.331285685300827,5967.83984375,20.6200008392334,98.70999908447266,254.512
2025-06-23,8.26,59950.0,57.82,4.391,55.0,3.0,1.0,0.0,20.0,2.0,0.0,0.0,6025.169921875,19.82999992370605,98.41999816894533,253.573
2025-06-24,8.26,59900.0,60.18,4.56,55.0,3.0,1.0,0.0,20.0,1.0,0.0,0.0,6092.18017578125,17.479999542236328,97.86000061035156,259.27
2025-06-25,8.25,60200.0,60.38,4.594,55.0,3.0,1.0,0.0,20.0,2.0,0.125,0.3353058993816376,6092.16015625,16.760000228881836,97.68000030517578,260.588
2025-06-26,8.25,60600.0,63.75,4.674,55.0,3.0,1.0,0.0,20.0,2.0,0.0,0.9084936678409576,6141.02001953125,16.59000015258789,97.1500015258789,268.787
2025-06-27,8.25,61150.0,64.95,4.762,55.0,3.0,1.0,0.0,20.0,0.0,0.0,0.0,6173.06982421875,16.31999969482422,97.4000015258789,269.128
2025-06-30,8.25,61300.0,62.67,4.714,53.0,3.0,1.0,0.0,19.0,2.0,0.0,0.7580873370170593,6204.9501953125,16.729999542236328,96.87999725341795,266.114
2025-07-01,8.2,61300.0,62.9,4.684,53.0,3.0,1.0,0.0,19.0,2.0,0.0,0.4692526459693908,6198.009765625,16.829999923706055,96.81999969482422,264.555
2025-07-02,8.3,61650.0,67.99,4.819,53.0,3.0,1.0,0.0,19.0,0.0,0.0,0.0,6227.419921875,16.639999389648438,96.77999877929688,270.314
2025-07-03,8.2,62100.0,67.21,4.899,53.0,3.0,1.0,0.0,19.0,0.0,0.0,0.0,6279.35009765625,16.3799991607666,97.18000030517578,273.14
2025-07-07,8.08,62550.0,65.5,4.773,53.0,3.0,1.0,0.0,19.0,1.0,0.0,0.0,6229.97998046875,17.790000915527344,97.4800033569336,265.951
2025-07-08,8.05,62900.0,70.22,4.88,53.0,3.0,1.0,0.0,19.0,2.0,0.125,0.26405948400497437,6225.52001953125,16.809999465942383,97.51000213623048,273.143
2025-07-09,8.21,63300.0,70.79,4.809,53.0,3.0,1.0,0.0,19.0,1.0,0.0,0.9088781476020812,6263.259765625,15.9399995803833,97.47000122070312,273.205
2025-07-10,8.2,63650.0,74.27,4.827,53.0,3.0,1.0,0.0,19.0,3.0,0.0,-0.05717343091964718,6280.4599609375,15.779999732971191,97.6500015258789,292.066
2025-07-11,8.05,63750.0,70.98,4.809,53.0,3.0,1.0,0.0,19.0,1.0,0.0,0.0,6259.75,16.399999618530273,97.8499984741211,302.318
2025-07-14,8.03,64650.0,71.87,4.938,54.0,3.0,1.0,0.0,20.0,0.0,0.0,0.0,6268.56005859375,17.200000762939453,98.08000183105467,306.514
2025-07-15,8.03,64900.0,70.02,4.807,54.0,3.0,1.0,0.0,20.0,2.0,0.015625,0.8941183388233185,6243.759765625,17.3799991607666,98.62000274658205,307.319
2025-07-16,8.03,64950.0,70.41,4.73,54.0,3.0,1.0,0.0,20.0,3.0,0.2079545454545454,0.8975950280825297,6263.7001953125,17.15999984741211,98.38999938964844,309.626
2025-07-17,8.03,64950.0,75.74,4.867,54.0,3.0,1.0,0.0,20.0,4.0,0.06659090909090908,-0.08723935484886167,6297.35986328125,16.520000457763672,98.7300033569336,318.622
2025-07-18,8.03,66650.0,77.07,5.009,54.0,3.0,1.0,0.0,20.0,1.0,0.0,0.5725818276405334,6296.7900390625,16.40999984741211,98.4800033569336,330.128
2025-07-21,8.07,68000.0,77.15,5.042,55.0,3.0,1.0,0.0,20.0,2.0,-0.1875,0.467798113822937,6305.60009765625,16.649999618530273,97.8499984741211,336.074
2025-07-22,8.07,69100.0,83.24,5.126,55.0,3.0,1.0,0.0,20.0,2.0,0.0,0.9475110173225402,6309.6201171875,16.5,97.38999938964844,344.656
2025-07-23,8.06,70450.0,78.79,5.095,55.0,3.0,1.0,0.0,20.0,1.0,0.0,-0.9675082564353944,6358.91015625,15.369999885559082,97.20999908447266,343.488
2025-07-24,8.06,70550.0,84.18,5.507,55.0,3.0,1.0,0.0,20.0,0.0,0.0,0.0,6363.35009765625,15.390000343322754,97.37999725341795,359.179
2025-07-25,8.09,72900.0,83.74,5.501,55.0,3.0,1.0,0.0,20.0,0.0,0.0,0.0,6388.64013671875,14.93000030517578,97.6500015258789,360.879
2025-07-28,8.09,73900.0,74.77,5.333,57.0,5.0,1.0,0.0,21.0,2.0,-0.0357142857142857,-0.464619517326355,6389.77001953125,15.029999732971191,98.66000366210938,351.28
2025-07-29,8.08,73150.0,71.6,5.311,57.0,5.0,1.0,0.0,21.0,3.0,0.0,0.3138540983200073,6370.85986328125,15.979999542236328,98.91000366210938,342.803
2025-07-30,8.08,72950.0,68.89,5.194,57.0,5.0,1.0,0.0,21.0,1.0,0.0,0.892128050327301,6362.89990234375,15.479999542236328,99.94000244140624,336.007
2025-07-31,8.08,72000.0,67.85,5.0,57.0,5.0,1.0,0.0,21.0,2.0,0.0,0.2785744369029999,6339.39013671875,16.719999313354492,100.02999877929688,323.489
2025-08-01,8.0,71350.0,67.9,5.017,57.0,5.0,1.0,0.0,21.0,1.0,0.25,0.0,6238.009765625,20.3799991607666,98.69000244140624,323.176
2025-08-04,8.0,71350.0,68.56,5.003,62.0,6.0,1.0,0.0,22.0,0.0,0.0,0.0,6329.93994140625,17.520000457763672,98.77999877929688,328.61
2025-08-05,7.95,71200.0,68.25,4.998,62.0,6.0,1.0,0.0,22.0,0.0,0.0,0.0,6299.18994140625,17.850000381469727,98.77999877929688,334.542
2025-08-06,7.96,70950.0,67.3,5.008,62.0,6.0,1.0,0.0,22.0,2.0,0.5,0.7630635797977448,6345.06005859375,16.770000457763672,98.18000030517578,334.153
2025-08-07,7.95,71100.0,70.06,5.077,62.0,6.0,1.0,0.0,22.0,1.0,0.0,0.0,6340.0,16.56999969482422,98.4000015258789,343.677
2025-08-08,8.05,71900.0,75.48,5.127,62.0,6.0,1.0,0.0,22.0,3.0,0.0,0.20722071329752603,6389.4501953125,15.149999618530272,98.18000030517578,354.543
2025-08-11,8.2,74500.0,80.76,5.636,82.0,10.0,1.0,0.0,27.0,12.0,0.04891098484848485,-0.6813267221053442,6373.4501953125,16.25,98.5199966430664,373.514
2025-08-12,8.16,78000.0,77.98,5.496,82.0,10.0,1.0,0.0,27.0,6.0,0.025852272727272713,-0.17455200354258218,6445.759765625,14.729999542236328,98.0999984741211,369.94
2025-08-13,8.31,81000.0,81.67,5.426,82.0,10.0,1.0,0.0,27.0,2.0,0.0,0.9326907098293304,6466.580078125,14.489999771118164,97.83999633789062,372.38
2025-08-14,8.31,82000.0,81.43,5.282,82.0,10.0,1.0,0.0,27.0,3.0,0.020833333333333332,0.40879273414611816,6468.5400390625,14.829999923706056,98.25,369.638
2025-08-15,8.42,82700.0,82.19,5.397,82.0,10.0,1.0,0.0,27.0,1.0,0.1166666666666666,0.0,6449.7998046875,15.09000015258789,97.8499984741211,377.741
2025-08-18,8.4,84600.0,83.09,5.476,100.0,18.0,2.0,1.0,30.0,2.0,0.0625,0.43237385153770447,6449.14990234375,14.989999771118164,98.16999816894533,385.307
2025-08-19,8.35,85700.0,80.55,5.423,100.0,18.0,2.0,1.0,30.0,0.0,0.0,0.0,6411.3701171875,15.56999969482422,98.2699966430664,383.106
2025-08-20,8.44,85700.0,78.12,5.378,100.0,18.0,2.0,1.0,30.0,3.0,0.0,-0.325113832950592,6395.77978515625,15.6899995803833,98.22000122070312,371.353
2025-08-21,8.44,85200.0,78.94,5.316,100.0,18.0,2.0,1.0,30.0,1.0,0.175,0.7283239364624023,6370.169921875,16.600000381469727,98.62000274658205,373.84
2025-08-22,8.5,83900.0,81.34,5.345,100.0,18.0,2.0,1.0,30.0,5.0,0.0,-0.3682605385780334,6466.91015625,14.220000267028809,97.72000122070312,380.316
2025-08-25,8.48,82500.0,81.34,5.345,87.0,16.0,2.0,1.0,28.0,3.0,0.12301587301587301,0.7467864155769348,6439.31982421875,14.789999961853027,98.43000030517578,395.449
2025-08-26,8.48,81700.0,81.53,5.468,87.0,16.0,2.0,1.0,28.0,1.0,0.0,-0.9150378704071044,6465.93994140625,14.619999885559082,98.2300033569336,387.456
2025-08-27,8.51,81600.0,87.68,5.341,87.0,16.0,2.0,1.0,28.0,1.0,0.0,0.9334596395492554,6481.39990234375,14.850000381469728,98.2300033569336,399.393
2025-08-28,8.51,80000.0,84.92,5.384,87.0,16.0,2.0,1.0,28.0,3.0,0.13257575757575754,0.291561484336853,6501.85986328125,14.43000030517578,97.80999755859376,402.681
2025-08-29,8.52,79650.0,84.92,5.599,87.0,16.0,2.0,1.0,28.0,2.0,0.0,0.0,6460.259765625,15.359999656677246,97.7699966430664,407.232
2025-09-02,9.4,77500.0,79.54,5.589,87.0,13.0,1.0,0.0,27.0,0.0,0.0,0.0,6415.5400390625,17.170000076293945,98.4000015258789,395.928
2025-09-03,9.38,75900.0,80.11,5.605,87.0,13.0,1.0,0.0,27.0,4.0,0.1193181818181818,0.2348446846008301,6448.259765625,16.350000381469727,98.13999938964844,393.571
2025-09-04,9.48,75000.0,79.27,5.678,87.0,13.0,1.0,0.0,27.0,4.0,-0.025,0.1033293157815933,6502.080078125,15.300000190734863,98.3499984741211,385.41
2025-09-05,9.48,74750.0,81.54,6.254,87.0,13.0,1.0,0.0,27.0,2.0,0.0875,0.0,6481.5,15.18000030517578,97.7699966430664,396.924
2025-09-08,9.48,74600.0,82.0,6.824,83.0,14.0,1.0,1.0,29.0,2.0,-0.05,0.6663903295993805,6495.14990234375,15.109999656677246,97.4499969482422,400.548
2025-09-09,9.48,74600.0,72.58,6.867,83.0,14.0,1.0,1.0,29.0,4.0,0.14375,0.0,6512.60986328125,15.039999961853027,97.79000091552734,390.66
2025-09-10,9.48,73450.0,73.32,6.607,83.0,14.0,1.0,1.0,29.0,1.0,0.2142857142857142,0.4741487801074981,6532.0400390625,15.350000381469728,97.77999877929688,375.991
2025-09-11,9.48,72850.0,75.05,6.638,83.0,14.0,1.0,1.0,29.0,1.0,0.0,0.0,6587.47021484375,14.710000038146973,97.54000091552734,379.487
2025-09-12,9.48,72450.0,75.98,6.537,83.0,14.0,1.0,1.0,29.0,2.0,0.0,0.0,6584.2900390625,14.760000228881836,97.5500030517578,385.112
2025-09-15,9.48,72450.0,81.04,6.836,80.0,12.0,2.0,1.0,27.0,0.0,0.0,0.0,6615.27978515625,15.6899995803833,97.3000030517578,394.326
2025-09-16,9.48,72850.0,80.94,6.789,80.0,12.0,2.0,1.0,27.0,1.0,0.1,0.0,6606.759765625,16.360000610351562,96.62999725341795,392.572
2025-09-17,9.48,73150.0,80.16,7.032,80.0,12.0,2.0,1.0,27.0,2.0,0.0,0.5108806639909744,6600.35009765625,15.720000267028809,96.87000274658205,396.679
2025-09-18,9.48,73450.0,80.93,6.752,80.0,12.0,2.0,1.0,27.0,0.0,0.0,0.0,6631.9599609375,15.699999809265137,97.3499984741211,395.319
2025-09-19,9.54,73500.0,81.84,7.424,80.0,12.0,2.0,1.0,27.0,0.0,0.0,0.0,6664.35986328125,15.449999809265137,97.63999938964844,398.3
2025-09-22,9.54,73850.0,80.38,7.385,78.0,11.0,2.0,0.0,26.0,2.0,0.0,0.4556269943714142,6693.75,16.100000381469727,97.33000183105467,399.126
2025-09-23,9.54,73850.0,80.12,7.472,78.0,11.0,2.0,0.0,26.0,3.0,0.13333333333333333,0.25301553805669147,6656.919921875,16.639999389648438,97.26000213623048,398.344
2025-09-24,9.54,73850.0,81.58,7.701,78.0,11.0,2.0,0.0,26.0,13.0,0.028846153846153848,0.2627944671190702,6637.97021484375,16.18000030517578,97.87000274658205,419.286
2025-09-25,9.54,73750.0,84.83,7.812,78.0,11.0,2.0,0.0,26.0,7.0,-0.0642857142857143,0.25787125314985004,6604.72021484375,16.739999771118164,98.5500030517578,432.507
2025-09-26,9.53,73600.0,88.1,7.606,78.0,11.0,2.0,0.0,26.0,3.0,0.0,0.20009811719258627,6643.7001953125,15.289999961853027,98.1500015258789,427.242
2025-09-29,9.53,73550.0,86.88,8.217,89.0,13.0,2.0,1.0,28.0,4.0,0.0875,0.3190779462456703,6661.2099609375,16.1200008392334,97.91000366210938,425.979
2025-09-30,9.53,73550.0,81.08,8.552,89.0,13.0,2.0,1.0,28.0,3.0,0.020833333333333332,0.18725677331288657,6688.4599609375,16.280000686645508,97.7699966430664,428.903
2025-10-01,9.6,73550.0,84.47,8.552,89.0,13.0,2.0,1.0,28.0,10.0,0.0007142857142857101,0.1125866413116455,6711.2001953125,16.290000915527344,97.70999908447266,434.179
2025-10-02,9.59,73550.0,87.61,8.552,89.0,13.0,2.0,1.0,28.0,2.0,0.125,0.3135393261909485,6715.35009765625,16.6299991607666,97.8499984741211,446.343
2025-10-03,9.6,73550.0,88.22,8.552,89.0,13.0,2.0,1.0,28.0,0.0,0.0,0.0,6715.7900390625,16.649999618530273,97.72000122070312,464.281
2025-10-06,9.55,73550.0,92.03,8.552,89.0,14.0,2.0,1.0,27.0,4.0,0.017045454545454523,0.07075779139995575,6740.27978515625,16.3700008392334,98.11000061035156,470.096
2025-10-07,9.6,73550.0,90.53,8.552,89.0,14.0,2.0,1.0,27.0,3.0,-0.016666666666666666,0.2491205334663391,6714.58984375,17.239999771118164,98.58000183105467,470.813
2025-10-08,9.6,73550.0,91.69,8.552,89.0,14.0,2.0,1.0,27.0,2.0,-0.0833333333333333,-0.2914879322052002,6753.72021484375,16.299999237060547,98.8499984741211,471.385
2025-10-09,9.6,73550.0,96.5,9.396,89.0,14.0,2.0,1.0,27.0,4.0,0.14375,-0.2337065041065216,6735.10986328125,16.43000030517578,99.54000091552734,484.581
2025-10-10,9.55,73550.0,89.86,8.961,89.0,14.0,2.0,1.0,27.0,1.0,0.8,0.7204078435897827,6552.509765625,21.65999984741211,98.9800033569336,466.66
2025-10-13,9.6,73100.0,96.34,9.78,85.0,12.0,2.0,1.0,26.0,1.0,0.0,0.0,6654.72021484375,19.030000686645508,99.2699966430664,497.977
2025-10-14,9.6,73000.0,96.24,9.599,85.0,12.0,2.0,1.0,26.0,5.0,0.0225,0.15484412908554077,6644.31005859375,20.809999465942383,99.0500030517578,512.642
2025-10-15,9.6,73000.0,98.16,9.287,85.0,12.0,2.0,1.0,26.0,4.0,0.0,0.27498115599155426,6671.06005859375,20.63999938964844,98.79000091552734,514.485
2025-10-16,9.6,73000.0,95.29,9.12,85.0,12.0,2.0,1.0,26.0,2.0,0.04,0.7447972595691681,6629.06982421875,25.309999465942383,98.38999938964844,481.266
2025-10-17,9.6,73350.0,92.74,8.554,85.0,12.0,2.0,1.0,26.0,4.0,0.11666666666666665,-0.4743618816137314,6664.009765625,20.780000686645508,98.43000030517578,463.878
2025-10-20,9.75,74000.0,96.14,8.524,87.0,13.0,2.0,1.0,26.0,3.0,0.020202020202020204,0.44841598471005756,6735.1298828125,18.229999542236328,98.58999633789062,470.884
2025-10-21,9.6,74100.0,91.34,8.648,87.0,13.0,2.0,1.0,26.0,1.0,0.0,0.8534226417541504,6735.35009765625,17.8700008392334,98.93000030517578,459.704
2025-10-22,9.6,74350.0,91.27,8.53,87.0,13.0,2.0,1.0,26.0,2.0,0.0,0.0,6699.39990234375,18.600000381469727,98.9000015258789,450.311
2025-10-23,9.6,74800.0,97.36,9.009,87.0,13.0,2.0,1.0,26.0,3.0,0.08333333333333333,-0.05332734187444051,6738.43994140625,17.299999237060547,98.94000244140624,458.356
2025-10-24,9.6,75400.0,105.64,9.03,87.0,13.0,2.0,1.0,26.0,0.0,0.0,0.0,6791.68994140625,16.3700008392334,98.9499969482422,472.125
2025-10-27,9.6,76550.0,96.23,9.216,86.0,11.0,1.0,1.0,28.0,1.0,0.0,0.0,6875.16015625,15.789999961853027,98.77999877929688,465.014
2025-10-28,9.61,78500.0,96.68,9.111,86.0,11.0,1.0,1.0,28.0,0.0,0.0,0.0,6890.89013671875,16.420000076293945,98.69000244140624,447.63
2025-10-29,9.63,79150.0,97.8,9.679,86.0,11.0,1.0,1.0,28.0,1.0,0.25,0.0,6890.58984375,16.920000076293945,99.22000122070312,451.728
2025-10-30,9.63,80000.0,97.89,10.179,86.0,11.0,1.0,1.0,28.0,2.0,0.0,0.8377403914928436,6822.33984375,16.90999984741211,99.52999877929688,458.392
2025-10-31,9.63,80550.0,98.23,9.698,86.0,11.0,1.0,1.0,28.0,1.0,-0.05,0.0,6840.2001953125,17.440000534057617,99.8000030517578,456.05
2025-11-03,9.8,81000.0,96.53,9.595,76.0,11.0,1.0,1.0,25.0,1.0,0.0,0.946017861366272,6851.97021484375,17.170000076293945,99.87000274658205,437.285
2025-11-04,9.93,80900.0,88.45,9.278,76.0,11.0,1.0,1.0,25.0,0.0,0.0,0.0,6771.5498046875,19.0,100.22000122070312,420.041
2025-11-05,9.8,80500.0,91.96,9.374,76.0,11.0,1.0,1.0,25.0,2.0,-0.0347222222222222,0.7942076027393341,6796.2900390625,18.010000228881836,100.1999969482422,417.509
2025-11-06,9.9,80400.0,91.26,9.836,76.0,11.0,1.0,1.0,25.0,1.0,0.25,0.0,6720.31982421875,19.5,99.7300033569336,413.967
2025-11-07,9.97,80400.0,97.18,9.827,76.0,11.0,1.0,1.0,25.0,0.0,0.0,0.0,6728.7998046875,19.07999992370605,99.5999984741211,422.23
2025-11-10,9.97,80750.0,103.58,9.743,77.0,10.0,1.0,1.0,26.0,5.0,0.0,0.17897558212280273,6832.43017578125,17.600000381469727,99.62000274658205,443.258
2025-11-11,9.97,82300.0,103.88,9.518,77.0,10.0,1.0,1.0,26.0,4.0,0.0,0.6304116398096085,6846.60986328125,17.280000686645508,99.45999908447266,444.072
2025-11-12,9.97,83300.0,110.32,9.544,77.0,10.0,1.0,1.0,26.0,4.0,0.0,0.4557509869337082,6850.919921875,17.510000228881836,99.4800033569336,443.678
2025-11-13,10.06,84350.0,114.57,10.201,77.0,10.0,1.0,1.0,26.0,2.0,0.0,-0.15946537256240845,6737.490234375,20.0,99.18000030517578,458.495
2025-11-14,10.06,85150.0,115.14,9.704,77.0,10.0,1.0,1.0,26.0,1.0,0.0,0.9180355072021484,6734.10986328125,19.82999992370605,99.2699966430664,456.632
2025-11-17,10.21,86150.0,117.7,10.417,82.0,12.0,1.0,1.0,26.0,6.0,0.13939393939393938,0.03829401731491089,6672.41015625,22.3799991607666,99.58999633789062,470.8
2025-11-18,10.21,87400.0,121.39,9.838,82.0,12.0,1.0,1.0,26.0,0.0,0.0,0.0,6617.31982421875,24.690000534057617,99.5500030517578,467.856
2025-11-19,10.13,88900.0,125.68,10.213,82.0,12.0,1.0,1.0,26.0,6.0,0.04965277777777777,0.34088461597760517,6642.16015625,23.65999984741211,100.2300033569336,479.672
2025-11-20,10.16,91300.0,116.42,10.015,82.0,12.0,1.0,1.0,26.0,2.0,0.0,0.37578555941581726,6538.759765625,26.420000076293945,100.16000366210938,473.213
2025-11-21,10.19,92300.0,116.82,9.025,82.0,12.0,1.0,1.0,26.0,1.0,0.0,-0.9427862167358398,6602.990234375,23.43000030517578,100.18000030517578,448.907
2025-11-24,10.19,92150.0,115.88,8.258,80.0,12.0,2.0,1.0,27.0,3.0,0.16666666666666666,0.0,6705.1201171875,20.520000457763672,100.13999938964844,450.482
2025-11-25,10.19,92050.0,125.26,8.596,80.0,12.0,2.0,1.0,27.0,2.0,0.0,0.6743861436843872,6765.8798828125,18.559999465942383,99.66000366210938,462.399
2025-11-26,10.18,92800.0,126.91,8.639,80.0,12.0,2.0,1.0,27.0,0.0,0.0,0.0,6812.60986328125,17.190000534057617,99.5999984741211,473.808
2025-11-28,10.19,93750.0,129.99,8.841,80.0,12.0,2.0,1.0,27.0,0.0,0.0,0.0,6849.08984375,16.350000381469727,99.45999908447266,481.645
2025-12-01,10.95,94350.0,128.33,8.845,88.0,12.0,2.0,1.0,29.0,0.0,0.0,0.0,6812.6298828125,17.239999771118164,99.41000366210938,477.466
2025-12-02,10.4,94400.0,128.14,8.694,88.0,12.0,2.0,1.0,29.0,2.0,0.1075,0.059456914663314764,6829.3701171875,16.59000015258789,99.36000061035156,476.062
2025-12-03,10.26,94350.0,126.49,8.474,88.0,12.0,2.0,1.0,29.0,7.0,0.0,0.5155931966645377,6849.72021484375,16.079999923706055,98.8499984741211,471.754
2025-12-04,10.31,94000.0,119.14,8.459,88.0,12.0,2.0,1.0,29.0,0.0,0.0,0.0,6857.1201171875,15.779999732971191,98.98999786376952,458.723
2025-12-05,10.31,93250.0,125.19,8.442,88.0,12.0,2.0,1.0,29.0,0.0,0.0,0.0,6870.39990234375,15.40999984741211,98.98999786376952,467.335
2025-12-08,10.31,92750.0,127.2,8.908,85.0,13.0,2.0,1.0,31.0,1.0,0.0,0.0,6846.509765625,16.65999984741211,99.08999633789062,475.672
2025-12-09,10.31,92750.0,129.29,8.849,85.0,13.0,2.0,1.0,31.0,2.0,0.1,0.4341903626918793,6840.509765625,16.93000030517578,99.22000122070312,476.904
2025-12-10,10.3,92700.0,133.21,8.965,85.0,13.0,2.0,1.0,31.0,1.0,0.0,0.0,6886.68017578125,15.770000457763672,98.79000091552734,478.315
2025-12-11,10.31,93500.0,134.59,8.925,85.0,13.0,2.0,1.0,31.0,4.0,0.0375,0.6374997943639755,6901.0,14.850000381469728,98.3499984741211,480.319
2025-12-12,10.4,94500.0,132.74,8.689,85.0,13.0,2.0,1.0,31.0,2.0,0.06818181818181815,0.4019840657711029,6827.41015625,15.739999771118164,98.4000015258789,477.279
2025-12-15,10.37,95150.0,132.22,8.542,73.0,10.0,1.0,1.0,26.0,2.0,0.0,0.4682323336601258,6816.509765625,16.5,98.1500015258789,461.911
2025-12-16,10.37,95850.0,131.07,8.521,73.0,10.0,1.0,1.0,26.0,2.0,0.0,0.41882750391960144,6800.259765625,16.479999542236328,98.1500015258789,455.099
2025-12-17,10.42,97050.0,134.71,8.943,73.0,10.0,1.0,1.0,26.0,2.0,0.125,-0.3594203293323517,6721.43017578125,17.6200008392334,98.37000274658205,465.204
2025-12-18,10.61,97550.0,140.48,8.875,73.0,10.0,1.0,1.0,26.0,1.0,0.75,0.8826625943183899,6774.759765625,16.8700008392334,98.43000030517578,466.001
2025-12-19,10.83,97650.0,145.88,9.115,73.0,10.0,1.0,1.0,26.0,0.0,0.0,0.0,6834.5,14.90999984741211,98.5999984741211,476.949
2025-12-22,10.83,99000.0,145.38,9.276,76.0,10.0,1.0,1.0,28.0,3.0,0.03333333333333333,0.0,6878.490234375,14.079999923706056,98.29000091552734,488.665
2025-12-23,11.21,99500.0,146.7,9.442,76.0,10.0,1.0,1.0,28.0,0.0,0.0,0.0,6909.7900390625,14.0,97.94000244140624,494.163
2025-12-24,11.21,101500.0,148.51,9.522,76.0,10.0,1.0,1.0,28.0,1.0,0.0,0.9240720868110656,6932.0498046875,13.470000267028809,97.9800033569336,501.347
2025-12-26,11.21,111900.0,148.51,9.522,76.0,10.0,1.0,1.0,28.0,0.0,0.0,0.0,6929.93994140625,13.600000381469728,98.0199966430664,502.433
2025-12-29,11.24,118000.0,144.58,9.324,68.0,7.0,1.0,1.0,24.0,1.0,0.4,0.0,6905.740234375,14.199999809265137,98.04000091552734,495.334
2025-12-30,11.22,118000.0,142.01,9.169,68.0,7.0,1.0,1.0,24.0,0.0,0.0,0.0,6896.240234375,14.329999923706056,98.23999786376952,490.153
2025-12-31,11.22,118500.0,141.44,8.993,68.0,7.0,1.0,1.0,24.0,1.0,0.0,0.5190104842185974,6845.5,14.949999809265137,98.27999877929688,488.324
2026-01-02,15.47,118500.0,143.93,8.993,68.0,7.0,1.0,1.0,24.0,1.0,0.0,0.5774908065795898,6858.47021484375,14.510000228881836,98.41999816894533,501.689
2026-01-05,15.23,119500.0,146.13,9.209,68.0,6.0,1.0,1.0,23.0,2.0,0.0625,0.9369950294494629,6902.0498046875,14.899999618530272,98.2699966430664,520.371
2026-01-06,16.51,127500.0,158.15,9.58,68.0,6.0,1.0,1.0,23.0,1.0,0.0,0.0,6944.81982421875,14.75,98.58000183105467,548.391
2026-01-07,16.8,133500.0,161.57,9.502,68.0,6.0,1.0,1.0,23.0,2.0,0.1239583333333333,0.8668572008609772,6920.93017578125,15.380000114440918,98.68000030517578,561.882
2026-01-08,17.21,138500.0,158.31,9.311,68.0,6.0,1.0,1.0,23.0,2.0,0.0,0.8126822710037231,6921.4599609375,15.449999809265137,98.93000030517578,548.538
2026-01-09,17.97,140000.0,161.29,9.372,68.0,6.0,1.0,1.0,23.0,0.0,0.0,0.0,6966.27978515625,14.489999771118164,99.12999725341795,554.648
2026-01-12,16.63,152000.0,169.33,9.748,76.0,7.0,1.0,1.0,24.0,2.0,0.0,0.35117214918136597,6977.27001953125,15.119999885559082,98.86000061035156,580.496
2026-01-13,17.96,159500.0,176.88,10.147,76.0,7.0,1.0,1.0,24.0,0.0,0.0,0.0,6963.740234375,15.979999542236328,99.12999725341795,588.355
2026-01-14,18.58,163000.0,177.55,9.904,76.0,7.0,1.0,1.0,24.0,9.0,0.12368125701459036,0.5988524821069505,6926.60009765625,16.75,99.12999725341795,598.164
2026-01-15,18.44,159000.0,173.78,10.336,76.0,7.0,1.0,1.0,24.0,3.0,0.08333333333333333,0.2369456092516581,6944.47021484375,15.84000015258789,99.31999969482422,595.897
2026-01-16,17.92,158000.0,163.04,9.931,76.0,7.0,1.0,1.0,24.0,0.0,0.0,0.0,6940.009765625,15.859999656677246,99.38999938964844,587.345
2026-01-20,17.77,152500.0,172.54,9.767,78.0,8.0,2.0,1.0,25.0,3.0,0.09999999999999999,0.28434044122695923,6796.85986328125,20.09000015258789,98.63999938964844,588.282
2026-01-21,18.06,158500.0,180.06,10.104,78.0,8.0,2.0,1.0,25.0,0.0,0.0,0.0,6875.6201171875,16.899999618530273,98.76000213623048,605.772
2026-01-22,18.39,164500.0,188.32,10.018,78.0,8.0,2.0,1.0,25.0,0.0,0.0,0.0,6913.35009765625,15.640000343322754,98.36000061035156,621.046
2026-01-23,18.39,171000.0,189.51,10.609,78.0,8.0,2.0,1.0,25.0,0.0,0.0,0.0,6915.60986328125,16.09000015258789,97.5999984741211,640.884
2026-01-26,18.27,181500.0,189.75,10.589,76.0,9.0,1.0,0.0,25.0,0.0,0.0,0.0,6950.22998046875,16.149999618530273,97.04000091552734,641.093
2026-01-27,18.27,172500.0,194.18,10.484,76.0,9.0,1.0,0.0,25.0,1.0,0.0,0.0,6978.60009765625,16.350000381469727,96.22000122070312,637.572
2026-01-28,18.2,172000.0,184.33,10.705,76.0,9.0,1.0,0.0,25.0,1.0,0.0,0.0,6978.02978515625,16.350000381469727,96.4499969482422,641.064
2026-01-29,18.2,168000.0,180.7,10.617,76.0,9.0,1.0,0.0,25.0,2.0,0.0,-0.4122704863548279,6969.009765625,16.8799991607666,96.27999877929688,616.854
2026-01-30,18.18,160500.0,170.63,9.869,76.0,9.0,1.0,0.0,25.0,2.0,0.075,0.0,6939.02978515625,17.440000534057617,96.98999786376952,576.214
2026-02-02,17.5,155500.0,164.93,9.491,82.0,10.0,2.0,1.0,26.0,1.0,0.0,0.4997341930866241,6976.43994140625,16.34000015258789,97.61000061035156,557.422
2026-02-03,17.5,153500.0,170.64,9.787,82.0,10.0,2.0,1.0,26.0,4.0,0.18204545454545454,0.3088371157646179,6917.81005859375,18.0,97.44000244140624,589.454
2026-02-04,17.5,153000.0,168.66,9.674,82.0,10.0,2.0,1.0,26.0,2.0,0.05,0.47543865442276,6882.72021484375,18.63999938964844,97.62000274658205,580.32
2026-02-05,17.0,144000.0,156.48,9.068,82.0,10.0,2.0,1.0,26.0,0.0,0.0,0.0,6798.39990234375,21.770000457763672,97.81999969482422,549.473
2026-02-06,16.85,134500.0,163.37,9.332,82.0,10.0,2.0,1.0,26.0,2.0,0.07196969696969695,-0.3973408639431,6932.2998046875,20.3700008392334,97.62999725341795,564.636
2026-02-09,16.65,135500.0,165.76,9.415,80.0,9.0,1.0,1.0,26.0,2.0,0.0,0.9024244546890259,6964.81982421875,17.360000610351562,96.81999969482422,579.537
2026-02-10,16.62,136000.0,168.56,9.41,80.0,9.0,1.0,1.0,26.0,2.0,0.0,0.7630653977394104,6941.81005859375,17.790000915527344,96.8000030517578,583.479
2026-02-11,16.81,138000.0,175.43,9.642,80.0,9.0,1.0,1.0,26.0,5.0,0.013636363636363618,-0.718975818157196,6941.47021484375,17.649999618530273,96.83000183105467,600.328
2026-02-12,16.81,142500.0,158.93,9.683,80.0,9.0,1.0,1.0,26.0,3.0,0.0736111111111111,-0.2897106011708578,6832.759765625,20.81999969482422,96.93000030517578,590.615
2026-02-13,16.81,143750.0,166.35,9.6,80.0,9.0,1.0,1.0,26.0,2.0,0.0,0.0,6836.169921875,20.600000381469727,96.87999725341795,583.537
2026-02-17,16.81,143750.0,168.92,9.6,90.0,7.0,1.0,0.0,33.0,0.0,0.0,0.0,6843.22021484375,20.290000915527344,97.16000366210938,581.323
2026-02-18,16.91,143750.0,171.22,9.6,90.0,7.0,1.0,0.0,33.0,2.0,0.0,0.0,6881.31005859375,19.6200008392334,97.6999969482422,594.248
2026-02-19,16.91,143750.0,168.41,9.6,90.0,7.0,1.0,0.0,33.0,2.0,0.0,0.0,6861.89013671875,20.229999542236328,97.93000030517578,588.151
2026-02-20,16.91,143750.0,168.42,9.6,90.0,7.0,1.0,0.0,33.0,1.0,0.0,0.0,6909.509765625,19.09000015258789,97.8000030517578,581.434
2026-02-23,16.91,143750.0,177.52,9.6,96.0,8.0,1.0,1.0,36.0,4.0,0.0,0.17461465299129486,6837.75,21.01000022888184,97.6999969482422,593.224
2026-02-24,17.11,152000.0,186.83,10.169,96.0,8.0,1.0,1.0,36.0,1.0,0.0,0.0,6890.06982421875,19.549999237060547,97.87999725341795,616.472
2026-02-25,17.34,161750.0,195.87,10.384,96.0,8.0,1.0,1.0,36.0,5.0,-0.0956410256410256,-0.19491190910339357,6946.1298828125,17.93000030517578,97.6999969482422,651.994
2026-02-26,17.4,173000.0,184.93,10.651,96.0,8.0,1.0,1.0,36.0,5.0,-0.038461538461538436,-0.6677360892295837,6908.85986328125,18.6299991607666,97.79000091552734,648.67
2026-03-02,20.98,172500.0,178.18,10.453,91.0,9.0,2.0,1.0,31.0,8.0,0.041666666666666664,0.7518519312143326,6881.6201171875,21.440000534057617,98.37999725341795,674.234
2026-03-03,19.77,161000.0,164.73,9.75,91.0,9.0,2.0,1.0,31.0,3.0,-0.0625,-0.951925257841746,6816.6298828125,23.56999969482422,99.0500030517578,629.172
2026-03-04,19.77,154000.0,168.35,9.699,91.0,9.0,2.0,1.0,31.0,1.0,0.1875,0.0,6869.5,21.149999618530277,98.7699966430664,639.131
2026-03-05,19.98,156000.0,163.93,9.74,91.0,9.0,2.0,1.0,31.0,3.0,0.0,0.5779964327812195,6830.7099609375,23.75,99.31999969482422,628.919
2026-03-06,20.19,155250.0,162.29,9.554,91.0,9.0,2.0,1.0,31.0,0.0,0.0,0.0,6740.02001953125,29.489999771118164,98.98999786376952,620.298
2026-03-09,20.19,154750.0,169.57,9.811,85.0,11.0,2.0,1.0,31.0,8.0,0.08125,0.46760251373052597,6795.990234375,25.5,99.18000030517578,618.123
2026-03-10,20.19,158500.0,166.54,10.037,85.0,11.0,2.0,1.0,31.0,2.0,0.0,0.44190487265586853,6781.47998046875,24.93000030517578,98.83000183105467,635.072
2026-03-11,19.85,159000.0,168.0,10.221,85.0,11.0,2.0,1.0,31.0,6.0,0.05555555555555555,0.7631374696890513,6775.7998046875,24.229999542236328,99.2300033569336,642.898
2026-03-12,19.85,158000.0,163.89,10.118,85.0,11.0,2.0,1.0,31.0,2.0,0.05320512820512815,0.38285180926322937,6672.6201171875,27.290000915527344,99.73999786376952,624.589
