Date,Target_Close,.NQROBO,.SOLUSAIT,.IAIQ,NASDAQ_100,VIX,10Y_Treasury,Tech_ETF_XLK
2020-01-01,52.98,1202.59,1308.08,2598.16,8872.2197265625,1.8819999694824219,44.24142837524414,12.470000267028809
2020-01-02,53.95,1216.04,1337.21,2656.47,8872.2197265625,1.8819999694824219,44.24142837524414,12.470000267028809
2020-01-03,53.76,1210.77,1327.42,2637.4,8793.900390625,1.7879999876022339,43.744014739990234,14.020000457763672
2020-01-04,53.76,1210.77,1327.42,2637.4,8793.900390625,1.7879999876022339,43.744014739990234,14.020000457763672
2020-01-05,53.76,1210.77,1327.42,2637.4,8793.900390625,1.7879999876022339,43.744014739990234,14.020000457763672
2020-01-06,54.04,1207.13,1337.78,2651.56,8848.51953125,1.8109999895095825,43.84823226928711,13.850000381469727
2020-01-07,54.16,1213.71,1341.46,2661.66,8846.4501953125,1.8270000219345093,43.829288482666016,13.789999961853027
2020-01-08,54.13,1218.21,1350.92,2675.29,8912.3701171875,1.8739999532699585,44.29827117919922,13.449999809265137
2020-01-09,54.38,1230.54,1368.28,2705.65,8989.6298828125,1.8580000400543213,44.80042266845703,12.539999961853027
2020-01-10,54.45,1237.7,1367.93,2702.22,8966.6396484375,1.8250000476837158,44.696205139160156,12.5600004196167
2020-01-11,54.45,1237.7,1367.93,2702.22,8966.6396484375,1.8250000476837158,44.696205139160156,12.5600004196167
2020-01-12,54.45,1237.7,1367.93,2702.22,8966.6396484375,1.8250000476837158,44.696205139160156,12.5600004196167
2020-01-13,54.58,1251.12,1385.92,2735.52,9070.650390625,1.8480000495910645,45.25520324707031,12.319999694824219
2020-01-14,54.88,1252.44,1374.29,2723.88,9033.419921875,1.8179999589920044,45.042022705078125,12.390000343322754
2020-01-15,54.76,1254.91,1375.19,2727.64,9035.669921875,1.7879999876022339,45.094146728515625,12.420000076293945
2020-01-16,55.43,1267.98,1391.38,2756.2,9125.0,1.809000015258789,45.70050811767578,12.319999694824219
2020-01-17,55.13,1269.36,1399.68,2765.68,9173.73046875,1.8359999656677246,46.00844955444336,12.100000381469727
2020-01-18,55.13,1269.36,1399.68,2765.68,9173.73046875,1.8359999656677246,46.00844955444336,12.100000381469727
2020-01-19,55.13,1269.36,1399.68,2765.68,9173.73046875,1.8359999656677246,46.00844955444336,12.100000381469727
2020-01-20,55.13,1269.36,1399.68,2764.34,9173.73046875,1.8359999656677246,46.00844955444336,12.100000381469727
2020-01-21,55.22,1265.08,1402.67,2759.66,9166.6298828125,1.7690000534057617,45.9894905090332,12.850000381469727
2020-01-22,54.72,1266.88,1410.31,2764.34,9188.580078125,1.7690000534057617,46.155296325683594,12.90999984741211
2020-01-23,54.98,1270.38,1417.02,2775.78,9216.98046875,1.7400000095367432,46.37321090698242,12.979999542236328
2020-01-24,54.07,1267.14,1414.23,2765.03,9141.4697265625,1.680999994277954,46.155296325683594,14.5600004196167
2020-01-25,54.07,1267.14,1414.23,2765.03,9141.4697265625,1.680999994277954,46.155296325683594,14.5600004196167
2020-01-26,54.07,1267.14,1414.23,2765.03,9141.4697265625,1.680999994277954,46.155296325683594,14.5600004196167
2020-01-27,52.69,1237.36,1385.23,2709.48,8952.1796875,1.6050000190734863,45.05624008178711,18.229999542236328
2020-01-28,53.46,1248.79,1409.66,2747.18,9090.9296875,1.6410000324249268,45.91843032836914,16.280000686645508
2020-01-29,53.2,1244.07,1405.12,2729.54,9101.6103515625,1.593999981880188,46.036861419677734,16.389999389648438
2020-01-30,53.31,1239.52,1405.8,2731.87,9136.08984375,1.5579999685287476,46.434783935546875,15.489999771118164
2020-01-31,52.45,1222.68,1380.47,2687.7767,8991.509765625,1.5199999809265137,45.16045379638672,18.84000015258789
2020-02-01,52.45,1222.68,1380.47,2687.7767,8991.509765625,1.5199999809265137,45.16045379638672,18.84000015258789
2020-02-02,52.45,1222.68,1380.47,2687.7767,8991.509765625,1.5199999809265137,45.16045379638672,18.84000015258789
2020-02-03,53.09,1228.71,1398.67,2723.03,9126.23046875,1.5199999809265137,45.75734329223633,17.969999313354492
2020-02-04,54.04,1257.34,1428.13,2787.94,9334.0595703125,1.6030000448226929,46.95590591430664,16.049999237060547
2020-02-05,54.74,1261.81,1434.65,2791.9,9367.48046875,1.6490000486373901,47.230655670166016,15.149999618530273
2020-02-06,54.71,1271.67,1444.17,2812.71,9445.919921875,1.6440000534057617,47.661746978759766,14.960000038146973
2020-02-07,54.72,1255.02,1439.69,2799.42,9401.099609375,1.5779999494552612,47.225914001464844,15.470000267028809
2020-02-08,54.72,1255.02,1439.69,2799.42,9401.099609375,1.5779999494552612,47.225914001464844,15.470000267028809
2020-02-09,54.72,1255.02,1439.69,2799.42,9401.099609375,1.5779999494552612,47.225914001464844,15.470000267028809
2020-02-10,54.99,1256.26,1463.31,2820.31,9516.83984375,1.5470000505447388,47.865447998046875,15.039999961853027
2020-02-11,55.15,1269.64,1462.72,2839.51,9517.8603515625,1.590000033378601,47.704376220703125,15.180000305175781
2020-02-12,55.73,1281.44,1475.04,2874.8,9613.2001953125,1.6299999952316284,48.22074508666992,13.739999771118164
2020-02-13,55.31,1283.59,1477.06,2864.56,9595.7001953125,1.6169999837875366,48.09283447265625,14.149999618530273
2020-02-14,55.47,1281.73,1485.01,2868.51,9623.580078125,1.5880000591278076,48.30127716064453,13.680000305175781
2020-02-15,55.47,1281.73,1485.01,2868.51,9623.580078125,1.5880000591278076,48.30127716064453,13.680000305175781
2020-02-16,55.47,1281.73,1485.01,2868.51,9623.580078125,1.5880000591278076,48.30127716064453,13.680000305175781
2020-02-17,55.47,1281.73,1485.01,2868.46,9623.580078125,1.5880000591278076,48.30127716064453,13.680000305175781
2020-02-18,55.45,1269.22,1489.62,2865.84,9629.7998046875,1.555999994277954,48.121273040771484,14.829999923706055
2020-02-19,55.44,1275.07,1503.69,2888.8594,9718.73046875,1.5700000524520874,48.6944694519043,14.380000114440918
2020-02-20,55.51,1270.48,1481.38,2865.8,9627.830078125,1.524999976158142,48.187583923339844,15.5600004196167
2020-02-21,54.68,1250.6,1443.2,2809.69,9446.6904296875,1.4709999561309814,47.107479095458984,17.079999923706055
2020-02-22,54.68,1250.6,1443.2,2809.69,9446.6904296875,1.4709999561309814,47.107479095458984,17.079999923706055
2020-02-23,54.68,1250.6,1443.2,2809.69,9446.6904296875,1.4709999561309814,47.107479095458984,17.079999923706055
2020-02-24,52.65,1211.97,1388.0,2702.4,9079.6298828125,1.3769999742507935,45.16045379638672,25.030000686645508
2020-02-25,50.96,1181.26,1351.04,2645.35,8834.8701171875,1.3300000429153442,43.71559143066406,27.850000381469727
2020-02-26,52.05,1177.77,1353.46,2641.01,8873.759765625,1.309999942779541,43.914554595947266,27.559999465942383
2020-02-27,50.78,1133.62,1285.37,2540.83,8436.669921875,1.2990000247955322,41.54591751098633,39.15999984741211
2020-02-28,49.46,1122.45,1296.46,2544.42,8461.830078125,1.1269999742507935,41.86331558227539,40.11000061035156
2020-02-29,49.46,1122.45,1296.46,2544.42,8461.830078125,1.1269999742507935,41.86331558227539,40.11000061035156
2020-03-01,49.46,1122.45,1296.46,2544.42,8461.830078125,1.1269999742507935,41.86331558227539,40.11000061035156
2020-03-02,50.9,1146.29,1350.14,2614.16,8877.98046875,1.0880000591278076,44.2840690612793,33.41999816894531
2020-03-03,48.85,1133.21,1306.4,2556.1,8594.490234375,1.0099999904632568,42.60231399536133,36.81999969482422
2020-03-04,50.54,1152.72,1361.65,2638.17,8949.2802734375,0.9919999837875366,44.430912017822266,31.989999771118164
2020-03-05,48.0,1131.89,1319.86,2569.57,8671.66015625,0.9259999990463257,43.028682708740234,39.619998931884766
2020-03-06,47.37,1098.78,1291.3,2507.42,8530.33984375,0.7059999704360962,42.11912536621094,41.939998626708984
2020-03-07,47.37,1098.78,1291.3,2507.42,8530.33984375,0.7059999704360962,42.11912536621094,41.939998626708984
2020-03-08,47.37,1098.78,1291.3,2507.42,8530.33984375,0.7059999704360962,42.11912536621094,41.939998626708984
2020-03-09,46.01,1013.09,1190.37,2330.7,7948.02978515625,0.49900001287460327,38.921478271484375,54.459999084472656
2020-03-10,48.58,1040.74,1258.92,2439.38,8372.26953125,0.7480000257492065,41.517494201660156,47.29999923706055
2020-03-11,44.72,997.08,1202.26,2324.23,8006.1201171875,0.8199999928474426,39.556270599365234,53.900001525878906
2020-03-12,39.8,897.88,1079.07,2097.71,7263.64990234375,0.8489999771118164,35.69538116455078,75.47000122070312
2020-03-13,47.93,933.74,1185.7,2251.0,7995.259765625,0.9509999752044678,39.88313293457031,57.83000183105469
2020-03-14,47.93,933.74,1185.7,2251.0,7995.259765625,0.9509999752044678,39.88313293457031,57.83000183105469
2020-03-15,47.93,933.74,1185.7,2251.0,7995.259765625,0.9509999752044678,39.88313293457031,57.83000183105469
2020-03-16,42.72,852.61,1028.94,1995.47,7020.3798828125,0.7279999852180481,34.373680114746094,82.69000244140625
2020-03-17,46.86,873.8871,1102.87,2095.9,7473.9501953125,0.996999979019165,36.713897705078125,75.91000366210938
2020-03-18,47.27,820.62,1067.18,1997.41,7175.18017578125,1.2660000324249268,35.33061218261719,76.44999694824219
2020-03-19,45.07,830.1,1086.19,2032.99,7288.52001953125,1.11899995803833,35.45851516723633,72.0
2020-03-20,45.65,825.0,1046.57,2022.12,6994.2900390625,0.9380000233650208,33.833641052246094,66.04000091552734
2020-03-21,45.65,825.0,1046.57,2022.12,6994.2900390625,0.9380000233650208,33.833641052246094,66.04000091552734
2020-03-22,45.65,825.0,1046.57,2022.12,6994.2900390625,0.9380000233650208,33.833641052246094,66.04000091552734
2020-03-23,44.19,816.74,1053.78,2025.62,7006.919921875,0.7639999985694885,33.52458190917969,61.59000015258789
2020-03-24,47.84,894.56,1154.8,2194.89,7553.830078125,0.8159999847412109,36.9579963684082,61.66999816894531
2020-03-25,45.94,915.87,1135.53,2201.27,7469.6201171875,0.8579999804496765,36.910369873046875,63.95000076293945
2020-03-26,50.48,960.51,1204.37,2314.15,7897.1298828125,0.8109999895095825,39.19613265991211,61.0
2020-03-27,49.83,940.69,1156.7,2239.23,7588.3701171875,0.7490000128746033,37.424659729003906,65.54000091552734
2020-03-28,49.83,940.69,1156.7,2239.23,7588.3701171875,0.7490000128746033,37.424659729003906,65.54000091552734
2020-03-29,49.83,940.69,1156.7,2239.23,7588.3701171875,0.7490000128746033,37.424659729003906,65.54000091552734
2020-03-30,50.36,954.66,1209.26,2296.97,7889.009765625,0.6700000166893005,39.00090026855469,57.08000183105469
2020-03-31,48.33,952.74,1190.14,2276.43,7813.5,0.6980000138282776,38.272300720214844,53.540000915527344
2020-04-01,48.71,904.17,1140.02,2186.06,7486.2900390625,0.6349999904632568,36.44845199584961,57.060001373291016
2020-04-02,49.8,903.24,1158.5,2206.03,7635.66015625,0.6269999742507935,37.30085372924805,50.90999984741211
2020-04-03,49.4,882.25,1136.03,2168.39,7528.10986328125,0.5870000123977661,36.72465515136719,46.79999923706055
2020-04-04,49.4,882.25,1136.03,2168.39,7528.10986328125,0.5870000123977661,36.72465515136719,46.79999923706055
2020-04-05,49.4,882.25,1136.03,2168.39,7528.10986328125,0.5870000123977661,36.72465515136719,46.79999923706055
2020-04-06,51.49,948.04,1229.62,2319.59,8081.66015625,0.6759999990463257,39.85805892944336,45.2400016784668
2020-04-07,50.76,958.84,1223.22,2322.61,8049.31005859375,0.7360000014305115,39.50090026855469,46.70000076293945
2020-04-08,52.13,983.74,1255.54,2375.16,8229.5400390625,0.7639999985694885,40.56283187866211,43.349998474121094
2020-04-09,53.18,993.39,1256.52,2384.44,8238.5302734375,0.7289999723434448,40.57236099243164,41.66999816894531
2020-04-10,53.18,993.39,1256.52,2384.32,8238.5302734375,0.7289999723434448,40.57236099243164,41.66999816894531
2020-04-11,53.18,993.39,1256.52,2384.32,8238.5302734375,0.7289999723434448,40.57236099243164,41.66999816894531
2020-04-12,53.18,993.39,1256.52,2384.32,8238.5302734375,0.7289999723434448,40.57236099243164,41.66999816894531
2020-04-13,52.97,991.34,1268.24,2406.79,8332.740234375,0.7490000128746033,40.6628303527832,41.16999816894531
2020-04-14,54.0,1026.01,1323.92,2492.53,8692.16015625,0.7519999742507935,42.367637634277344,37.7599983215332
2020-04-15,53.16,999.75,1305.94,2456.14,8591.9599609375,0.6380000114440918,41.44380187988281,40.84000015258789
2020-04-16,53.7,1010.34,1326.78,2488.03,8757.830078125,0.609000027179718,41.94857406616211,40.11000061035156
2020-04-17,54.62,1037.04,1344.01,2530.98,8832.41015625,0.6539999842643738,42.50574493408203,38.150001525878906
2020-04-18,54.62,1037.04,1344.01,2530.98,8832.41015625,0.6539999842643738,42.50574493408203,38.150001525878906
2020-04-19,54.62,1037.04,1344.01,2530.98,8832.41015625,0.6539999842643738,42.50574493408203,38.150001525878906
2020-04-20,53.91,1036.25,1330.17,2524.16,8726.509765625,0.6259999871253967,41.82476806640625,43.83000183105469
2020-04-21,51.31,1005.94,1271.6,2422.57,8403.0,0.5709999799728394,40.072349548339844,45.40999984741211
2020-04-22,52.27,1020.86,1322.5,2503.05,8664.6396484375,0.6190000176429749,41.61524200439453,41.97999954223633
2020-04-23,51.97,1028.26,1321.29,2497.19,8641.5,0.6129999756813049,41.32951354980469,41.380001068115234
2020-04-24,53.01,1037.16,1340.05,2523.85,8786.599609375,0.5960000157356262,42.20573043823242,35.93000030517578
2020-04-25,53.01,1037.16,1340.05,2523.85,8786.599609375,0.5960000157356262,42.20573043823242,35.93000030517578
2020-04-26,53.01,1037.16,1340.05,2523.85,8786.599609375,0.5960000157356262,42.20573043823242,35.93000030517578
2020-04-27,53.37,1067.59,1349.09,2553.06,8837.66015625,0.656000018119812,42.56763458251953,33.290000915527344
2020-04-28,53.2,1071.16,1331.38,2529.2,8677.599609375,0.6100000143051147,42.00096130371094,33.56999969482422
2020-04-29,53.88,1107.15,1381.44,2613.34,8982.759765625,0.6269999742507935,43.724822998046875,31.229999542236328
2020-04-30,52.97,1097.89,1380.46,2603.29,9000.509765625,0.621999979019165,43.52957534790039,34.150001525878906
2020-05-01,51.79,1065.21,1330.41,2528.65,8718.1796875,0.6420000195503235,42.33430099487305,37.189998626708984
2020-05-02,51.79,1065.21,1330.41,2528.65,8718.1796875,0.6420000195503235,42.33430099487305,37.189998626708984
2020-05-03,51.79,1065.21,1330.41,2528.65,8718.1796875,0.6420000195503235,42.33430099487305,37.189998626708984
2020-05-04,51.75,1064.92,1352.19,2538.82,8834.1103515625,0.6370000243186951,42.89622497558594,35.970001220703125
2020-05-05,52.05,1083.02,1369.76,2577.15,8930.6201171875,0.6570000052452087,43.4867057800293,33.61000061035156
2020-05-06,51.86,1091.2,1377.86,2600.72,8984.8603515625,0.7110000252723694,43.82481002807617,34.119998931884766
2020-05-07,52.6,1111.71,1394.09,2649.68,9101.8798828125,0.6309999823570251,44.48197555541992,31.440000534057617
2020-05-08,53.57,1130.1,1417.14,2696.5,9220.349609375,0.6819999814033508,45.13436508178711,27.979999542236328
2020-05-09,53.57,1130.1,1417.14,2696.5,9220.349609375,0.6819999814033508,45.13436508178711,27.979999542236328
2020-05-10,53.57,1130.1,1417.14,2696.5,9220.349609375,0.6819999814033508,45.13436508178711,27.979999542236328
2020-05-11,53.53,1134.63,1433.46,2716.32,9298.919921875,0.7260000109672546,45.43437194824219,27.56999969482422
2020-05-12,52.27,1114.32,1401.7,2670.03,9112.4501953125,0.6779999732971191,44.49626159667969,33.040000915527344
2020-05-13,51.65,1094.76,1375.96,2634.93,9000.080078125,0.6489999890327454,43.72957229614258,35.279998779296875
2020-05-14,52.91,1086.57,1387.1,2654.47,9094.419921875,0.6190000176429749,44.28673553466797,32.61000061035156
2020-05-15,52.92,1101.33,1400.57,2673.81,9152.6396484375,0.6399999856948853,44.51054000854492,31.889999389648438
2020-05-16,52.92,1101.33,1400.57,2673.81,9152.6396484375,0.6399999856948853,44.51054000854492,31.889999389648438
2020-05-17,52.92,1101.33,1400.57,2673.81,9152.6396484375,0.6399999856948853,44.51054000854492,31.889999389648438
2020-05-18,53.15,1145.77,1429.74,2727.61,9331.9296875,0.7440000176429749,45.601043701171875,29.299999237060547
2020-05-19,52.34,1153.01,1436.52,2746.23,9298.5400390625,0.7110000252723694,45.43437194824219,30.530000686645508
2020-05-20,52.9,1175.57,1474.39,2801.6,9485.01953125,0.6800000071525574,46.42964172363281,27.989999771118164
2020-05-21,52.22,1168.48,1460.76,2774.01,9377.990234375,0.6769999861717224,45.78199768066406,29.530000686645508
2020-05-22,52.62,1174.13,1471.77,2771.94,9413.990234375,0.6570000052452087,45.94866943359375,28.15999984741211
2020-05-23,52.62,1174.13,1471.77,2771.94,9413.990234375,0.6570000052452087,45.94866943359375,28.15999984741211
2020-05-24,52.62,1174.13,1471.77,2771.94,9413.990234375,0.6570000052452087,45.94866943359375,28.15999984741211
2020-05-25,52.62,1174.13,1471.77,2782.33,9413.990234375,0.6570000052452087,45.94866943359375,28.15999984741211
2020-05-26,52.78,1199.78,1469.87,2787.73,9389.98046875,0.6980000138282776,45.90105056762695,28.010000228881836
2020-05-27,53.2,1205.32,1476.94,2792.77,9442.0498046875,0.6800000071525574,46.1629638671875,27.6200008392334
2020-05-28,53.62,1211.16,1474.27,2789.53,9416.7099609375,0.7049999833106995,46.07247543334961,28.59000015258789
2020-05-29,53.77,1217.12,1495.07,2841.1,9555.5302734375,0.6480000019073486,46.653438568115234,27.510000228881836
2020-05-30,53.77,1217.12,1495.07,2841.1,9555.5302734375,0.6480000019073486,46.653438568115234,27.510000228881836
2020-05-31,53.77,1217.12,1495.07,2841.1,9555.5302734375,0.6480000019073486,46.653438568115234,27.510000228881836
2020-06-01,53.06,1229.5,1502.88,2852.68,9598.8896484375,0.6620000004768372,46.63916778564453,28.229999542236328
2020-06-02,53.28,1241.85,1509.76,2879.48,9657.3095703125,0.6800000071525574,47.07726287841797,26.84000015258789
2020-06-03,53.49,1259.95,1518.44,2918.27,9704.6904296875,0.7609999775886536,47.443946838378906,25.65999984741211
2020-06-04,52.85,1252.76,1499.55,2903.03,9629.66015625,0.8199999928474426,47.05344772338867,25.809999465942383
2020-06-05,53.98,1266.42,1527.72,2948.87,9824.3896484375,0.9039999842643738,48.29159164428711,24.520000457763672
2020-06-06,53.98,1266.42,1527.72,2948.87,9824.3896484375,0.9039999842643738,48.29159164428711,24.520000457763672
2020-06-07,53.98,1266.42,1527.72,2948.87,9824.3896484375,0.9039999842643738,48.29159164428711,24.520000457763672
2020-06-08,55.1,1276.08,1535.31,2960.16,9901.51953125,0.8840000033378601,48.534446716308594,25.809999465942383
2020-06-09,54.18,1271.2,1545.58,2964.25,9967.169921875,0.8289999961853027,48.76301956176758,27.56999969482422
2020-06-10,54.11,1270.62,1566.35,2992.19,10094.259765625,0.7480000257492065,49.57732391357422,27.56999969482422
2020-06-11,51.31,1204.96,1479.38,2844.87,9588.48046875,0.652999997138977,46.734405517578125,40.790000915527344
2020-06-12,51.86,1205.83,1495.81,2868.84,9663.7802734375,0.6990000009536743,47.33919143676758,36.09000015258789
2020-06-13,51.86,1205.83,1495.81,2868.84,9663.7802734375,0.6990000009536743,47.33919143676758,36.09000015258789
2020-06-14,51.86,1205.83,1495.81,2868.84,9663.7802734375,0.6990000009536743,47.33919143676758,36.09000015258789
2020-06-15,53.25,1212.05,1515.6,2891.77,9776.8896484375,0.7020000219345093,47.79633331298828,34.400001525878906
2020-06-16,54.59,1243.04,1538.19,2957.56,9949.3701171875,0.7559999823570251,48.81541061401367,33.66999816894531
2020-06-17,51.52,1245.94,1544.61,2964.58,9982.48046875,0.7329999804496765,48.805885314941406,33.470001220703125
2020-06-18,53.69,1243.21,1546.7,2982.86,10012.0498046875,0.6940000057220459,49.024925231933594,32.939998626708984
2020-06-19,54.4,1242.79,1540.17,2983.79,10008.6396484375,0.6970000267028809,48.68682098388672,35.119998931884766
2020-06-20,54.4,1242.79,1540.17,2983.79,10008.6396484375,0.6970000267028809,48.68682098388672,35.119998931884766
2020-06-21,54.4,1242.79,1540.17,2983.79,10008.6396484375,0.6970000267028809,48.68682098388672,35.119998931884766
2020-06-22,55.12,1251.88,1563.92,3015.1,10130.330078125,0.7039999961853027,49.60413360595703,31.770000457763672
2020-06-23,55.19,1261.19,1568.37,3032.9,10209.8203125,0.7089999914169312,49.96226501464844,31.3700008392334
2020-06-24,54.44,1234.59,1531.48,2977.25,10002.7001953125,0.6840000152587891,48.8353385925293,33.84000015258789
2020-06-25,54.53,1241.36,1552.86,3001.72,10101.830078125,0.6740000247955322,49.46087646484375,32.220001220703125
2020-06-26,54.18,1238.2,1507.24,2951.78,9849.3603515625,0.6359999775886536,48.48674774169922,34.72999954223633
2020-06-27,54.18,1238.2,1507.24,2951.78,9849.3603515625,0.6359999775886536,48.48674774169922,34.72999954223633
2020-06-28,54.18,1238.2,1507.24,2951.78,9849.3603515625,0.6359999775886536,48.48674774169922,34.72999954223633
2020-06-29,54.76,1238.41,1521.18,2961.22,9961.16015625,0.6359999775886536,49.01679992675781,31.780000686645508
2020-06-30,55.27,1258.14,1557.68,3019.79,10156.849609375,0.652999997138977,49.895416259765625,30.43000030517578
2020-07-01,55.49,1257.01,1575.22,3050.44,10279.25,0.6819999814033508,49.97659683227539,28.6200008392334
2020-07-02,55.94,1265.26,1579.94,3078.55,10341.8896484375,0.6690000295639038,50.26788330078125,27.68000030517578
2020-07-03,55.94,1265.26,1579.94,3091.68,10341.8896484375,0.6690000295639038,50.26788330078125,27.68000030517578
2020-07-04,55.94,1265.26,1579.94,3091.68,10341.8896484375,0.6690000295639038,50.26788330078125,27.68000030517578
2020-07-05,55.94,1265.26,1579.94,3091.68,10341.8896484375,0.6690000295639038,50.26788330078125,27.68000030517578
2020-07-06,56.6,1293.3,1609.02,3149.89,10604.0595703125,0.6840000152587891,51.14650344848633,27.940000534057617
2020-07-07,56.31,1282.06,1593.09,3121.24,10524.009765625,0.6499999761581421,50.6116828918457,29.43000030517578
2020-07-08,56.66,1286.59,1616.89,3189.73,10666.7001953125,0.652999997138977,51.43778610229492,28.079999923706055
2020-07-09,57.53,1288.4,1636.31,3224.83,10754.58984375,0.6050000190734863,51.6240234375,29.260000228881836
2020-07-10,57.39,1285.91,1632.98,3230.23,10836.330078125,0.6330000162124634,51.60969161987305,27.290000915527344
2020-07-11,57.39,1285.91,1632.98,3230.23,10836.330078125,0.6330000162124634,51.60969161987305,27.290000915527344
2020-07-12,57.39,1285.91,1632.98,3230.23,10836.330078125,0.6330000162124634,51.60969161987305,27.290000915527344
2020-07-13,57.01,1273.6,1589.33,3149.03,10602.2099609375,0.6399999856948853,50.54005813598633,32.189998626708984
2020-07-14,57.2,1280.19,1608.25,3149.3,10689.51953125,0.6150000095367432,51.122623443603516,29.520000457763672
2020-07-15,56.62,1301.64,1606.11,3167.33,10701.6796875,0.6299999952316284,51.39958190917969,27.760000228881836
2020-07-16,55.82,1285.68,1594.04,3121.74,10626.4599609375,0.6119999885559082,50.764488220214844,28.0
2020-07-17,54.9,1291.9,1605.84,3140.03,10645.2197265625,0.628000020980835,51.01280212402344,25.68000030517578
2020-07-18,54.9,1291.9,1605.84,3140.03,10645.2197265625,0.628000020980835,51.01280212402344,25.68000030517578
2020-07-19,54.9,1291.9,1605.84,3140.03,10645.2197265625,0.628000020980835,51.01280212402344,25.68000030517578
2020-07-20,55.4,1318.63,1652.55,3224.3,10952.080078125,0.6200000047683716,52.31640625,24.459999084472656
2020-07-21,55.91,1319.07,1636.53,3219.56,10833.0703125,0.6069999933242798,51.791141510009766,24.84000015258789
2020-07-22,56.01,1318.72,1647.31,3214.99,10870.75,0.5950000286102295,52.20658493041992,24.31999969482422
2020-07-23,55.76,1311.15,1609.76,3175.16,10580.58984375,0.5820000171661377,50.85043716430664,26.079999923706055
2020-07-24,55.65,1292.47,1595.64,3137.1,10483.1298828125,0.5889999866485596,50.23444747924805,25.84000015258789
2020-07-25,55.65,1292.47,1595.64,3137.1,10483.1298828125,0.5889999866485596,50.23444747924805,25.84000015258789
2020-07-26,55.65,1292.47,1595.64,3137.1,10483.1298828125,0.5889999866485596,50.23444747924805,25.84000015258789
2020-07-27,55.34,1315.45,1620.35,3175.96,10674.3798828125,0.609000027179718,51.02712631225586,24.739999771118164
2020-07-28,55.35,1305.53,1598.42,3160.02,10532.5,0.5809999704360962,50.43023681640625,25.440000534057617
2020-07-29,55.7,1323.6,1632.02,3212.82,10662.98046875,0.5789999961853027,51.16082763671875,24.100000381469727
2020-07-30,55.25,1316.79,1639.97,3222.4,10715.509765625,0.5410000085830688,51.44733428955078,24.760000228881836
2020-07-31,55.45,1303.58,1673.32,3229.35,10905.8798828125,0.5360000133514404,52.731842041015625,24.459999084472656
2020-08-01,55.45,1303.58,1673.32,3229.35,10905.8798828125,0.5360000133514404,52.731842041015625,24.459999084472656
2020-08-02,55.45,1303.58,1673.32,3229.35,10905.8798828125,0.5360000133514404,52.731842041015625,24.459999084472656
2020-08-03,55.98,1322.23,1697.01,3276.59,11055.080078125,0.5630000233650208,54.03068542480469,24.280000686645508
2020-08-04,56.0,1325.98,1710.12,3310.88,11096.5400390625,0.5149999856948853,54.16917419433594,23.760000228881836
2020-08-05,55.5,1340.61,1699.71,3326.74,11125.4404296875,0.5429999828338623,54.36972427368164,22.989999771118164
2020-08-06,55.28,1343.01,1723.75,3350.06,11267.080078125,0.5360000133514404,55.13374328613281,22.649999618530273
2020-08-07,55.23,1331.71,1695.53,3304.33,11139.3896484375,0.5619999766349792,54.31241989135742,22.209999084472656
2020-08-08,55.23,1331.71,1695.53,3304.33,11139.3896484375,0.5619999766349792,54.31241989135742,22.209999084472656
2020-08-09,55.23,1331.71,1695.53,3304.33,11139.3896484375,0.5619999766349792,54.31241989135742,22.209999084472656
2020-08-10,54.94,1326.91,1679.53,3276.33,11085.169921875,0.5740000009536743,54.15962219238281,22.1299991607666
2020-08-11,54.27,1325.07,1647.26,3239.09,10876.080078125,0.6579999923706055,53.18549346923828,24.030000686645508
2020-08-12,54.17,1340.83,1680.37,3287.16,11157.7197265625,0.6700000166893005,54.39360046386719,22.280000686645508
2020-08-13,54.02,1350.82,1685.8,3275.42,11178.3701171875,0.7160000205039978,54.417476654052734,22.1299991607666
2020-08-14,54.2,1341.57,1681.15,3265.1,11164.4501953125,0.7089999914169312,54.379276275634766,22.049999237060547
2020-08-15,54.2,1341.57,1681.15,3265.1,11164.4501953125,0.7089999914169312,54.379276275634766,22.049999237060547
2020-08-16,54.2,1341.57,1681.15,3265.1,11164.4501953125,0.7089999914169312,54.379276275634766,22.049999237060547
2020-08-17,53.99,1354.72,1700.22,3288.84,11288.5703125,0.6830000281333923,54.7421760559082,21.350000381469727
2020-08-18,55.18,1353.9,1716.79,3321.22,11399.0302734375,0.6690000295639038,54.94750213623047,21.510000228881836
2020-08-19,56.2,1348.75,1708.77,3307.65,11318.6396484375,0.675000011920929,54.880653381347656,22.540000915527344
2020-08-20,55.26,1344.34,1734.15,3330.32,11477.0498046875,0.6439999938011169,55.61125946044922,22.719999313354492
2020-08-21,55.19,1343.91,1743.12,3336.98,11555.16015625,0.6399999856948853,56.31797790527344,22.540000915527344
2020-08-22,55.19,1343.91,1743.12,3336.98,11555.16015625,0.6399999856948853,56.31797790527344,22.540000915527344
2020-08-23,55.19,1343.91,1743.12,3336.98,11555.16015625,0.6399999856948853,56.31797790527344,22.540000915527344
2020-08-24,56.01,1355.48,1748.6,3375.67,11626.169921875,0.6460000276565552,56.8050422668457,22.3700008392334
2020-08-25,56.09,1368.42,1767.48,3406.79,11721.8095703125,0.6819999814033508,57.0915412902832,22.030000686645508
2020-08-26,57.49,1396.94,1819.03,3519.88,11971.9404296875,0.6869999766349792,58.25190353393555,23.270000457763672
2020-08-27,57.18,1389.01,1809.18,3497.02,11926.16015625,0.7459999918937683,58.29965591430664,24.469999313354492
2020-08-28,57.88,1400.28,1822.07,3522.29,11995.849609375,0.7289999723434448,58.810604095458984,22.959999084472656
2020-08-29,57.88,1400.28,1822.07,3522.29,11995.849609375,0.7289999723434448,58.810604095458984,22.959999084472656
2020-08-30,57.88,1400.28,1822.07,3522.29,11995.849609375,0.7289999723434448,58.810604095458984,22.959999084472656
2020-08-31,57.22,1405.11,1833.44,3516.79,12110.7001953125,0.6930000185966492,58.99681854248047,26.40999984741211
2020-09-01,57.66,1425.37,1864.66,3583.56,12292.8603515625,0.671999990940094,60.12376022338867,26.1200008392334
2020-09-02,59.03,1437.43,1889.34,3620.0,12420.5400390625,0.6510000228881836,60.65857696533203,26.56999969482422
2020-09-03,57.1,1376.63,1786.04,3460.06,11771.3701171875,0.621999979019165,57.201377868652344,33.599998474121094
2020-09-04,55.73,1351.95,1752.56,3392.91,11622.1298828125,0.7210000157356262,56.4039421081543,30.75
2020-09-05,55.73,1351.95,1752.56,3392.91,11622.1298828125,0.7210000157356262,56.4039421081543,30.75
2020-09-06,55.73,1351.95,1752.56,3392.91,11622.1298828125,0.7210000157356262,56.4039421081543,30.75
2020-09-07,55.73,1351.95,1752.56,3394.0,11622.1298828125,0.7210000157356262,56.4039421081543,30.75
2020-09-08,55.32,1327.37,1684.15,3299.12,11068.259765625,0.6840000152587891,53.85400390625,31.459999084472656
2020-09-09,56.95,1349.64,1731.69,3368.79,11395.849609375,0.703000009059906,55.61125946044922,28.809999465942383
2020-09-10,57.33,1338.76,1697.2,3327.37,11154.1201171875,0.6850000023841858,54.35539245605469,29.709999084472656
2020-09-11,57.0,1337.42,1682.67,3320.59,11087.400390625,0.6690000295639038,53.93994903564453,26.8700008392334
2020-09-12,57.0,1337.42,1682.67,3320.59,11087.400390625,0.6690000295639038,53.93994903564453,26.8700008392334
2020-09-13,57.0,1337.42,1682.67,3320.59,11087.400390625,0.6690000295639038,53.93994903564453,26.8700008392334
2020-09-14,59.46,1365.03,1705.52,3369.2,11277.759765625,0.6710000038146973,55.0716667175293,25.850000381469727
2020-09-15,60.94,1378.88,1730.59,3409.24,11438.8701171875,0.6790000200271606,55.61603546142578,25.59000015258789
2020-09-16,60.43,1371.33,1707.05,3380.75,11247.599609375,0.6869999766349792,54.75650405883789,26.040000915527344
2020-09-17,60.18,1357.38,1687.42,3341.84,11080.9501953125,0.6840000152587891,54.302860260009766,26.459999084472656
2020-09-18,59.75,1357.8,1662.88,3320.41,10936.98046875,0.6940000057220459,53.366939544677734,25.829999923706055
2020-09-19,59.75,1357.8,1662.88,3320.41,10936.98046875,0.6940000057220459,53.366939544677734,25.829999923706055
2020-09-20,59.75,1357.8,1662.88,3320.41,10936.98046875,0.6940000057220459,53.366939544677734,25.829999923706055
2020-09-21,60.82,1334.77,1665.22,3317.44,10980.2197265625,0.6710000038146973,53.81057357788086,27.780000686645508
2020-09-22,60.62,1339.43,1691.37,3352.79,11186.3701171875,0.6639999747276306,54.66244125366211,26.860000610351562
2020-09-23,58.96,1320.66,1638.12,3286.73,10833.330078125,0.6759999990463257,52.95871353149414,28.579999923706055
2020-09-24,59.3,1313.63,1641.61,3277.26,10896.4697265625,0.6660000085830688,53.255435943603516,28.510000228881836
2020-09-25,59.8,1333.55,1679.31,3328.55,11151.1298828125,0.6589999794960022,54.5284309387207,26.3799991607666
2020-09-26,59.8,1333.55,1679.31,3328.55,11151.1298828125,0.6589999794960022,54.5284309387207,26.3799991607666
2020-09-27,59.8,1333.55,1679.31,3328.55,11151.1298828125,0.6589999794960022,54.5284309387207,26.3799991607666
2020-09-28,59.58,1357.16,1712.26,3391.43,11364.4501953125,0.6629999876022339,55.571712493896484,26.190000534057617
2020-09-29,59.47,1364.46,1717.35,3404.11,11322.9501953125,0.6449999809265137,55.38507080078125,26.270000457763672
2020-09-30,59.7,1362.88,1726.61,3422.71,11418.0595703125,0.6769999861717224,55.84929656982422,26.3700008392334
2020-10-01,59.68,1376.52,1750.56,3469.54,11583.2001953125,0.6769999861717224,56.437931060791016,26.700000762939453
2020-10-02,58.83,1360.81,1708.69,3415.69,11255.6904296875,0.6959999799728394,55.00701141357422,27.6299991607666
2020-10-03,58.83,1360.81,1708.69,3415.69,11255.6904296875,0.6959999799728394,55.00701141357422,27.6299991607666
2020-10-04,58.83,1360.81,1708.69,3415.69,11255.6904296875,0.6959999799728394,55.00701141357422,27.6299991607666
2020-10-05,59.56,1388.99,1744.72,3479.83,11509.0595703125,0.7620000243186951,56.2130126953125,27.959999084472656
2020-10-06,59.51,1387.06,1731.14,3459.69,11291.26953125,0.7419999837875366,55.342010498046875,29.479999542236328
2020-10-07,60.59,1408.83,1762.79,3529.91,11503.1904296875,0.7850000262260437,56.35658264160156,28.059999465942383
2020-10-08,60.89,1421.68,1778.4,3553.18,11550.9404296875,0.7649999856948853,56.64851379394531,26.360000610351562
2020-10-09,61.15,1444.4,1795.6,3590.13,11725.849609375,0.7749999761581421,57.51471710205078,25.0
2020-10-10,61.15,1444.4,1795.6,3590.13,11725.849609375,0.7749999761581421,57.51471710205078,25.0
2020-10-11,61.15,1444.4,1795.6,3590.13,11725.849609375,0.7749999761581421,57.51471710205078,25.0
2020-10-12,61.46,1455.13,1838.45,3644.12,12088.1103515625,0.7770000100135803,59.08443832397461,25.06999969482422
2020-10-13,60.97,1454.96,1831.85,3655.07,12083.169921875,0.7269999980926514,58.70634841918945,26.06999969482422
2020-10-14,60.96,1453.51,1818.68,3633.79,11985.3603515625,0.722000002861023,58.395286560058594,26.399999618530273
2020-10-15,60.52,1442.1,1808.96,3596.82,11898.5703125,0.7310000061988831,58.13207244873047,26.969999313354492
2020-10-16,60.29,1441.07,1805.57,3599.91,11852.169921875,0.7440000176429749,57.96457290649414,27.40999984741211
2020-10-17,60.29,1441.07,1805.57,3599.91,11852.169921875,0.7440000176429749,57.96457290649414,27.40999984741211
2020-10-18,60.29,1441.07,1805.57,3599.91,11852.169921875,0.7440000176429749,57.96457290649414,27.40999984741211
2020-10-19,59.62,1442.21,1779.55,3576.28,11634.349609375,0.7609999775886536,56.90214920043945,29.18000030517578
2020-10-20,59.75,1440.83,1783.57,3577.21,11677.83984375,0.796999990940094,57.098365783691406,29.350000381469727
2020-10-21,59.67,1435.58,1778.77,3571.23,11665.3701171875,0.8159999847412109,57.01222229003906,28.649999618530273
2020-10-22,59.69,1436.03,1776.65,3564.06,11662.91015625,0.8479999899864197,56.74421691894531,28.110000610351562
2020-10-23,59.9,1441.43,1781.54,3587.29,11692.5703125,0.8410000205039978,56.682010650634766,27.549999237060547
2020-10-24,59.9,1441.43,1781.54,3587.29,11692.5703125,0.8410000205039978,56.682010650634766,27.549999237060547
2020-10-25,59.9,1441.43,1781.54,3587.29,11692.5703125,0.8410000205039978,56.682010650634766,27.549999237060547
2020-10-26,57.49,1404.18,1742.77,3516.46,11504.51953125,0.8009999990463257,55.452083587646484,32.459999084472656
2020-10-27,57.08,1408.82,1753.02,3528.29,11598.9501953125,0.777999997138977,55.72964859008789,33.349998474121094
2020-10-28,55.59,1373.65,1680.21,3426.18,11142.759765625,0.781000018119812,53.36550521850586,40.279998779296875
2020-10-29,56.02,1383.66,1710.21,3469.82,11350.740234375,0.8349999785423279,54.25565719604492,37.59000015258789
2020-10-30,56.11,1360.87,1682.05,3384.2,11052.9501953125,0.8600000143051147,53.05443572998047,38.02000045776367
2020-10-31,56.11,1360.87,1682.05,3384.2,11052.9501953125,0.8600000143051147,53.05443572998047,38.02000045776367
2020-11-01,56.11,1360.87,1682.05,3384.2,11052.9501953125,0.8600000143051147,53.05443572998047,38.02000045776367
2020-11-02,56.45,1375.2,1686.19,3399.34,11084.759765625,0.8489999771118164,53.18842697143555,37.130001068115234
2020-11-03,56.8,1404.93,1733.59,3457.99,11279.91015625,0.8820000290870667,54.12643051147461,35.54999923706055
2020-11-04,56.49,1435.93,1818.92,3590.01,11777.01953125,0.7680000066757202,56.232154846191406,29.56999969482422
2020-11-05,56.66,1473.35,1858.49,3694.53,12078.0703125,0.7760000228881836,57.978939056396484,27.579999923706055
2020-11-06,56.8,1481.38,1866.37,3724.65,12091.349609375,0.8199999928474426,58.184715270996094,24.860000610351562
2020-11-07,56.8,1481.38,1866.37,3724.65,12091.349609375,0.8199999928474426,58.184715270996094,24.860000610351562
2020-11-08,56.8,1481.38,1866.37,3724.65,12091.349609375,0.8199999928474426,58.184715270996094,24.860000610351562
2020-11-09,56.84,1489.7,1827.43,3664.01,11830.3896484375,0.9580000042915344,57.763572692871094,25.75
2020-11-10,56.67,1476.99,1782.67,3564.35,11624.2900390625,0.972000002861023,56.68678665161133,24.799999237060547
2020-11-11,57.2,1498.93,1830.72,3618.84,11892.9296875,0.9580000042915344,58.03157424926758,23.450000762939453
2020-11-12,56.45,1495.96,1816.6,3603.61,11827.1396484375,0.8849999904632568,57.51471710205078,25.350000381469727
2020-11-13,56.91,1502.88,1831.73,3643.72,11937.83984375,0.8930000066757202,58.00286102294922,23.100000381469727
2020-11-14,56.91,1502.88,1831.73,3643.72,11937.83984375,0.8930000066757202,58.00286102294922,23.100000381469727
2020-11-15,56.91,1502.88,1831.73,3643.72,11937.83984375,0.8930000066757202,58.00286102294922,23.100000381469727
2020-11-16,57.15,1530.91,1847.18,3684.74,12013.3798828125,0.906000018119812,58.56278610229492,22.450000762939453
2020-11-17,57.12,1540.18,1841.38,3677.49,11977.490234375,0.871999979019165,58.237369537353516,22.709999084472656
2020-11-18,56.25,1537.46,1821.93,3659.32,11894.7099609375,0.8820000290870667,57.61521530151367,23.84000015258789
2020-11-19,56.45,1557.11,1844.14,3692.92,11985.4296875,0.8539999723434448,58.079429626464844,23.110000610351562
2020-11-20,55.7,1569.86,1831.76,3694.89,11906.4404296875,0.8289999961853027,57.48122024536133,23.700000762939453
2020-11-21,55.7,1569.86,1831.76,3694.89,11906.4404296875,0.8289999961853027,57.48122024536133,23.700000762939453
2020-11-22,55.7,1569.86,1831.76,3694.89,11906.4404296875,0.8289999961853027,57.48122024536133,23.700000762939453
2020-11-23,56.08,1580.17,1828.61,3714.41,11905.9404296875,0.8569999933242798,57.46686553955078,22.65999984741211
2020-11-24,57.57,1601.58,1846.12,3745.01,12079.8095703125,0.8820000290870667,58.26607131958008,21.639999389648438
2020-11-25,57.41,1622.72,1849.42,3747.93,12152.2197265625,0.878000020980835,58.3905143737793,21.25
2020-11-26,57.41,1627.01,1849.42,3761.71,12152.2197265625,0.878000020980835,58.3905143737793,21.25
2020-11-27,57.76,1655.57,1866.04,3796.9,12258.2099609375,0.8420000076293945,58.70158767700195,20.84000015258789
2020-11-28,57.76,1655.57,1866.04,3796.9,12258.2099609375,0.8420000076293945,58.70158767700195,20.84000015258789
2020-11-29,57.76,1655.57,1866.04,3796.9,12258.2099609375,0.8420000076293945,58.70158767700195,20.84000015258789
2020-11-30,57.72,1631.52,1872.18,3783.88,12268.3203125,0.843999981880188,59.0940055847168,20.56999969482422
2020-12-01,58.74,1642.94,1895.54,3815.75,12455.330078125,0.9340000152587891,59.85015106201172,20.770000457763672
2020-12-02,59.08,1648.77,1889.92,3827.46,12456.41015625,0.9480000138282776,59.75921630859375,21.170000076293945
2020-12-03,59.27,1662.7,1887.55,3829.9,12467.1298828125,0.9200000166893005,59.7209358215332,21.280000686645508
2020-12-04,59.96,1693.76,1904.37,3893.84,12528.48046875,0.968999981880188,60.31915283203125,20.790000915527344
2020-12-05,59.96,1693.76,1904.37,3893.84,12528.48046875,0.968999981880188,60.31915283203125,20.790000915527344
2020-12-06,59.96,1693.76,1904.37,3893.84,12528.48046875,0.968999981880188,60.31915283203125,20.790000915527344
2020-12-07,59.8,1688.32,1907.14,3898.28,12596.4697265625,0.9279999732971191,60.49142837524414,21.299999237060547
2020-12-08,59.03,1692.81,1910.73,3906.43,12635.7197265625,0.9129999876022339,60.687644958496094,20.68000030517578
2020-12-09,59.73,1675.35,1872.44,3852.11,12364.6396484375,0.9409999847412109,59.524723052978516,22.270000457763672
2020-12-10,59.48,1679.81,1878.56,3873.89,12401.740234375,0.9079999923706055,59.610862731933594,22.520000457763672
2020-12-11,60.61,1676.5,1881.83,3863.17,12375.41015625,0.8930000066757202,59.486427307128906,23.309999465942383
2020-12-12,60.61,1676.5,1881.83,3863.17,12375.41015625,0.8930000066757202,59.486427307128906,23.309999465942383
2020-12-13,60.61,1676.5,1881.83,3863.17,12375.41015625,0.8930000066757202,59.486427307128906,23.309999465942383
2020-12-14,60.76,1681.07,1890.9,3872.66,12462.2099609375,0.8920000195503235,59.70179748535156,24.719999313354492
2020-12-15,61.86,1697.38,1911.29,3895.23,12595.919921875,0.9229999780654907,60.69721984863281,22.889999389648438
2020-12-16,62.78,1706.38,1922.91,3936.77,12668.16015625,0.9200000166893005,61.108795166015625,22.5
2020-12-17,63.61,1728.91,1936.43,3971.38,12752.0595703125,0.9300000071525574,61.5921516418457,21.93000030517578
2020-12-18,65.06,1728.23,1929.8,3972.77,12738.1796875,0.9480000138282776,61.37679672241211,21.56999969482422
2020-12-19,65.06,1728.23,1929.8,3972.77,12738.1796875,0.9480000138282776,61.37679672241211,21.56999969482422
2020-12-20,65.06,1728.23,1929.8,3972.77,12738.1796875,0.9480000138282776,61.37679672241211,21.56999969482422
2020-12-21,64.48,1720.45,1923.91,3948.22,12690.259765625,0.9409999847412109,61.43819046020508,25.15999984741211
2020-12-22,65.15,1731.41,1930.89,3974.92,12717.5595703125,0.9179999828338623,61.970645904541016,24.229999542236328
2020-12-23,65.3,1739.25,1916.05,3963.18,12653.1396484375,0.9549999833106995,61.500553131103516,23.309999465942383
2020-12-24,64.96,1742.68,1921.19,3956.17,12711.009765625,0.9279999732971191,61.90829086303711,21.530000686645508
2020-12-25,64.96,1742.68,1921.19,3956.7,12711.009765625,0.9279999732971191,61.90829086303711,21.530000686645508
2020-12-26,64.96,1742.68,1921.19,3956.7,12711.009765625,0.9279999732971191,61.90829086303711,21.530000686645508
2020-12-27,64.96,1742.68,1921.19,3956.7,12711.009765625,0.9279999732971191,61.90829086303711,21.530000686645508
2020-12-28,64.87,1741.73,1940.91,3938.03,12838.8603515625,0.9330000281333923,62.608619689941406,21.700000762939453
2020-12-29,64.46,1740.13,1930.81,3950.88,12843.490234375,0.9350000023841858,62.311214447021484,23.079999923706055
2020-12-30,64.4,1757.43,1929.65,3982.67,12845.3603515625,0.9259999990463257,62.277645111083984,22.770000457763672
2020-12-31,64.69,1754.01,1935.78,3989.41,12888.2802734375,0.9169999957084656,62.36878967285156,22.75
2021-01-01,64.69,1754.01,1935.78,3989.41,12888.2802734375,0.9169999957084656,62.36878967285156,22.75
2021-01-02,64.69,1754.01,1935.78,3989.41,12888.2802734375,0.9169999957084656,62.36878967285156,22.75
2021-01-03,64.69,1754.01,1935.78,3989.41,12888.2802734375,0.9169999957084656,62.36878967285156,22.75
2021-01-04,63.75,1748.35,1907.13,3949.72,12694.66015625,0.9169999957084656,61.35184097290039,26.969999313354492
2021-01-05,62.96,1767.92,1926.7,3994.74,12802.3798828125,0.9549999833106995,61.7499885559082,25.34000015258789
2021-01-06,62.57,1759.92,1897.77,3945.92,12623.349609375,1.0420000553131104,60.685081481933594,25.06999969482422
2021-01-07,63.07,1809.93,1948.87,4025.07,12939.5703125,1.0709999799728394,62.32081985473633,22.3700008392334
2021-01-08,63.38,1837.65,1954.56,4077.29,13105.2001953125,1.1050000190734863,62.723751068115234,21.559999465942383
2021-01-09,63.38,1837.65,1954.56,4077.29,13105.2001953125,1.1050000190734863,62.723751068115234,21.559999465942383
2021-01-10,63.38,1837.65,1954.56,4077.29,13105.2001953125,1.1050000190734863,62.723751068115234,21.559999465942383
2021-01-11,63.03,1837.12,1935.72,4052.86,12902.490234375,1.1319999694824219,62.2056999206543,24.079999923706055
2021-01-12,62.42,1833.63,1933.28,4053.94,12892.08984375,1.1380000114440918,61.90829086303711,23.329999923706055
2021-01-13,62.06,1836.09,1937.71,4060.04,12973.6298828125,1.0880000591278076,62.30162048339844,22.209999084472656
2021-01-14,61.6,1871.49,1933.39,4064.18,12898.6904296875,1.128999948501587,61.75478744506836,23.25
2021-01-15,61.78,1848.6,1918.65,4025.25,12803.9296875,1.097000002861023,61.12160110473633,24.34000015258789
2021-01-16,61.78,1848.6,1918.65,4025.25,12803.9296875,1.097000002861023,61.12160110473633,24.34000015258789
2021-01-17,61.78,1848.6,1918.65,4025.25,12803.9296875,1.097000002861023,61.12160110473633,24.34000015258789
2021-01-18,61.78,1845.32,1918.65,4030.38,12803.9296875,1.097000002861023,61.12160110473633,24.34000015258789
2021-01-19,61.29,1894.53,1948.22,4095.63,12996.5400390625,1.0920000076293945,61.917869567871094,23.239999771118164
2021-01-20,61.56,1923.99,1991.75,4194.82,13296.4501953125,1.090000033378601,63.145877838134766,21.579999923706055
2021-01-21,61.21,1930.78,2013.32,4217.72,13404.990234375,1.1089999675750732,63.961341857910156,21.31999969482422
2021-01-22,60.36,1944.04,1999.12,4198.84,13366.400390625,1.090999960899353,63.716697692871094,21.90999984741211
2021-01-23,60.36,1944.04,1999.12,4198.84,13366.400390625,1.090999960899353,63.716697692871094,21.90999984741211
2021-01-24,60.36,1944.04,1999.12,4198.84,13366.400390625,1.090999960899353,63.716697692871094,21.90999984741211
2021-01-25,60.9,1965.86,1998.48,4234.8,13483.2900390625,1.0399999618530273,64.24915313720703,23.190000534057617
2021-01-26,61.8,1970.02,1997.12,4199.24,13490.1904296875,1.0399999618530273,64.29232025146484,23.020000457763672
2021-01-27,62.55,1987.26,1936.29,4086.93,13112.650390625,1.0140000581741333,63.07870864868164,37.209999084472656
2021-01-28,61.22,1915.04,1953.53,4106.98,13201.5302734375,1.0570000410079956,63.33775329589844,30.209999084472656
2021-01-29,60.43,1875.7,1909.48,4050.9,12925.3798828125,1.093000054359436,61.84592819213867,33.09000015258789
2021-01-30,60.43,1875.7,1909.48,4050.9,12925.3798828125,1.093000054359436,61.84592819213867,33.09000015258789
2021-01-31,60.43,1875.7,1909.48,4050.9,12925.3798828125,1.093000054359436,61.84592819213867,33.09000015258789
2021-02-01,61.51,1921.09,1956.28,4164.42,13248.900390625,1.0770000219345093,63.39531707763672,30.239999771118164
2021-02-02,62.37,1925.01,1982.2,4242.25,13456.1201171875,1.1050000190734863,64.25395202636719,25.559999465942383
2021-02-03,62.17,1943.51,1981.65,4259.15,13402.3701171875,1.13100004196167,64.0333023071289,22.90999984741211
2021-02-04,63.35,1963.43,2004.91,4284.6,13560.8896484375,1.1390000581741333,65.0550537109375,21.770000457763672
2021-02-05,63.6,1986.0,2013.94,4316.23,13603.9599609375,1.1699999570846558,64.91111755371094,20.8700008392334
2021-02-06,63.6,1986.0,2013.94,4316.23,13603.9599609375,1.1699999570846558,64.91111755371094,20.8700008392334
2021-02-07,63.6,1986.0,2013.94,4316.23,13603.9599609375,1.1699999570846558,64.91111755371094,20.8700008392334
2021-02-08,63.11,2022.48,2036.55,4362.78,13695.01953125,1.159999966621399,65.59228515625,21.239999771118164
2021-02-09,63.67,2035.45,2036.16,4389.17,13687.080078125,1.156999945640564,65.5155258178711,21.6299991607666
2021-02-10,63.27,2029.92,2036.48,4418.44,13655.26953125,1.1330000162124634,65.41958618164062,21.989999771118164
2021-02-11,62.7,2035.35,2055.43,4449.8,13734.349609375,1.1579999923706055,66.13911437988281,21.25
2021-02-12,63.08,2065.65,2065.4,4466.34,13807.7001953125,1.2000000476837158,66.47967529296875,19.969999313354492
2021-02-13,63.08,2065.65,2065.4,4466.34,13807.7001953125,1.2000000476837158,66.47967529296875,19.969999313354492
2021-02-14,63.08,2065.65,2065.4,4466.34,13807.7001953125,1.2000000476837158,66.47967529296875,19.969999313354492
2021-02-15,63.08,2069.04,2065.4,4473.38,13807.7001953125,1.2000000476837158,66.47967529296875,19.969999313354492
2021-02-16,62.14,2057.8,2064.38,4488.19,13773.76953125,1.2990000247955322,66.2638168334961,21.459999084472656
2021-02-17,62.09,2023.69,2047.71,4458.34,13699.7099609375,1.3009999990463257,65.67861938476562,21.5
2021-02-18,62.07,1995.23,2029.93,4418.49,13637.509765625,1.2869999408721924,65.35721588134766,22.489999771118164
2021-02-19,61.13,2009.01,2028.78,4445.96,13580.7802734375,1.3450000286102295,65.26129150390625,22.049999237060547
2021-02-20,61.13,2009.01,2028.78,4445.96,13580.7802734375,1.3450000286102295,65.26129150390625,22.049999237060547
2021-02-21,61.13,2009.01,2028.78,4445.96,13580.7802734375,1.3450000286102295,65.26129150390625,22.049999237060547
2021-02-22,64.45,1967.38,1965.0,4345.99,13223.740234375,1.3700000047683716,63.82222366333008,23.450000762939453
2021-02-23,64.5,1938.02,1960.25,4321.68,13194.7099609375,1.3619999885559082,63.64473342895508,23.110000610351562
2021-02-24,64.7,1952.71,1974.06,4319.27,13302.1904296875,1.3890000581741333,64.61851501464844,21.34000015258789
2021-02-25,65.3,1905.04,1897.44,4220.94,12828.3095703125,1.5180000066757202,62.359195709228516,28.889999389648438
2021-02-26,64.51,1888.87,1906.64,4185.38,12909.4404296875,1.4600000381469727,62.69017791748047,27.950000762939453
2021-02-27,64.51,1888.87,1906.64,4185.38,12909.4404296875,1.4600000381469727,62.69017791748047,27.950000762939453
2021-02-28,64.51,1888.87,1906.64,4185.38,12909.4404296875,1.4600000381469727,62.69017791748047,27.950000762939453
2021-03-01,66.17,1939.08,1959.55,4308.43,13282.9501953125,1.4459999799728394,64.70964050292969,23.350000381469727
2021-03-02,66.66,1898.74,1916.09,4257.71,13059.9501953125,1.4149999618530273,63.68312072753906,24.100000381469727
2021-03-03,66.91,1856.5,1865.21,4174.01,12683.330078125,1.4700000286102295,62.080970764160156,26.670000076293945
2021-03-04,65.61,1803.35,1827.66,4052.41,12464.0,1.5499999523162842,60.70906066894531,28.56999969482422
2021-03-05,69.97,1800.56,1858.73,4090.42,12668.509765625,1.5540000200271606,61.85551452636719,24.65999984741211
2021-03-06,69.97,1800.56,1858.73,4090.42,12668.509765625,1.5540000200271606,61.85551452636719,24.65999984741211
2021-03-07,69.97,1800.56,1858.73,4090.42,12668.509765625,1.5540000200271606,61.85551452636719,24.65999984741211
2021-03-08,72.16,1760.42,1801.69,3988.44,12299.080078125,1.5959999561309814,60.35889434814453,25.469999313354492
2021-03-09,72.64,1812.71,1870.09,4135.03,12794.490234375,1.5460000038146973,62.411956787109375,24.030000686645508
2021-03-10,72.12,1819.51,1865.33,4123.46,12752.0703125,1.5199999809265137,62.16252517700195,22.559999465942383
2021-03-11,67.41,1881.48,1914.92,4258.46,13052.900390625,1.5269999504089355,63.49123764038086,21.90999984741211
2021-03-12,67.16,1879.37,1897.59,4214.36,12937.2900390625,1.6349999904632568,63.0355339050293,20.690000534057617
2021-03-13,67.16,1879.37,1897.59,4214.36,12937.2900390625,1.6349999904632568,63.0355339050293,20.690000534057617
2021-03-14,67.16,1879.37,1897.59,4214.36,12937.2900390625,1.6349999904632568,63.0355339050293,20.690000534057617
2021-03-15,67.73,1897.72,1921.34,4234.06,13082.5400390625,1.6069999933242798,63.70709991455078,20.030000686645508
2021-03-16,66.85,1893.27,1928.39,4236.66,13152.2802734375,1.621000051498413,64.18678283691406,19.790000915527344
2021-03-17,66.22,1898.56,1937.34,4255.72,13202.3798828125,1.6410000324249268,64.134033203125,19.229999542236328
2021-03-18,66.74,1857.72,1895.81,4173.66,12789.1396484375,1.7300000190734863,62.354393005371094,21.579999923706055
2021-03-19,66.26,1861.84,1912.28,4174.69,12866.990234375,1.7319999933242798,62.16730499267578,20.950000762939453
2021-03-20,66.26,1861.84,1912.28,4174.69,12866.990234375,1.7319999933242798,62.16730499267578,20.950000762939453
2021-03-21,66.26,1861.84,1912.28,4174.69,12866.990234375,1.7319999933242798,62.16730499267578,20.950000762939453
2021-03-22,66.32,1872.5,1954.79,4203.16,13086.509765625,1.684000015258789,63.389713287353516,18.8799991607666
2021-03-23,67.27,1832.1,1932.13,4167.7,13017.7900390625,1.6380000114440918,62.995567321777344,20.299999237060547
2021-03-24,66.83,1789.62,1898.77,4067.66,12798.8798828125,1.6139999628067017,62.23125457763672,21.200000762939453
2021-03-25,68.63,1796.25,1898.06,4051.28,12780.509765625,1.6139999628067017,62.19279479980469,19.809999465942383
2021-03-26,70.25,1825.87,1941.57,4135.32,12979.1201171875,1.659999966621399,63.77428436279297,18.860000610351562
2021-03-27,70.25,1825.87,1941.57,4135.32,12979.1201171875,1.659999966621399,63.77428436279297,18.860000610351562
2021-03-28,70.25,1825.87,1941.57,4135.32,12979.1201171875,1.659999966621399,63.77428436279297,18.860000610351562
2021-03-29,71.13,1798.24,1937.86,4111.65,12965.740234375,1.7209999561309814,63.44261169433594,20.739999771118164
2021-03-30,70.55,1800.87,1921.37,4119.48,12896.5302734375,1.7259999513626099,62.841732025146484,19.610000610351562
2021-03-31,70.17,1818.03,1951.71,4160.44,13091.4404296875,1.746000051498413,63.841575622558594,19.399999618530273
2021-04-01,71.81,1850.66,1999.84,4263.88,13329.51953125,1.6790000200271606,65.12504577636719,17.329999923706055
2021-04-02,71.81,1854.5,1999.84,4268.29,13329.51953125,1.6790000200271606,65.12504577636719,17.329999923706055
2021-04-03,71.81,1854.5,1999.84,4268.29,13329.51953125,1.6790000200271606,65.12504577636719,17.329999923706055
2021-04-04,71.81,1854.5,1999.84,4268.29,13329.51953125,1.6790000200271606,65.12504577636719,17.329999923706055
2021-04-05,74.16,1873.12,2038.75,4316.43,13598.16015625,1.7200000286102295,66.47100830078125,17.90999984741211
2021-04-06,74.28,1869.78,2030.68,4322.57,13578.4599609375,1.656000018119812,66.1874008178711,18.1200008392334
2021-04-07,74.07,1856.24,2038.66,4325.35,13616.7001953125,1.652999997138977,66.53829193115234,17.15999984741211
2021-04-08,75.28,1877.0,2059.18,4375.77,13758.509765625,1.6319999694824219,67.49971008300781,16.950000762939453
2021-04-09,75.58,1879.42,2077.74,4383.54,13845.0595703125,1.6660000085830688,68.14864349365234,16.690000534057617
2021-04-10,75.58,1879.42,2077.74,4383.54,13845.0595703125,1.6660000085830688,68.14864349365234,16.690000534057617
2021-04-11,75.58,1879.42,2077.74,4383.54,13845.0595703125,1.6660000085830688,68.14864349365234,16.690000534057617
2021-04-12,76.12,1867.35,2066.87,4357.19,13819.349609375,1.6749999523162842,67.82177734375,16.90999984741211
2021-04-13,76.67,1885.68,2079.39,4384.76,13986.490234375,1.6230000257492065,68.46110534667969,16.649999618530273
2021-04-14,76.82,1887.49,2054.51,4341.74,13803.91015625,1.6380000114440918,67.73524475097656,16.989999771118164
2021-04-15,78.29,1899.37,2095.61,4402.62,14026.1904296875,1.5299999713897705,68.8985366821289,16.56999969482422
2021-04-16,78.95,1898.68,2094.57,4409.93,14041.91015625,1.5729999542236328,68.88412475585938,16.25
2021-04-17,78.95,1898.68,2094.57,4409.93,14041.91015625,1.5729999542236328,68.88412475585938,16.25
2021-04-18,78.95,1898.68,2094.57,4409.93,14041.91015625,1.5729999542236328,68.88412475585938,16.25
2021-04-19,78.75,1880.8,2067.26,4355.58,13907.669921875,1.6009999513626099,68.31208038330078,17.290000915527344
2021-04-20,79.24,1849.61,2050.68,4316.48,13809.2998046875,1.562000036239624,67.70641326904297,18.68000030517578
2021-04-21,76.66,1866.84,2077.33,4324.51,13935.150390625,1.5640000104904175,68.38900756835938,17.5
2021-04-22,74.87,1873.15,2051.9,4299.81,13762.3603515625,1.5540000200271606,67.58621978759766,18.709999084472656
2021-04-23,74.97,1892.76,2081.7,4352.29,13941.4404296875,1.5670000314712524,68.59568786621094,17.329999923706055
2021-04-24,74.97,1892.76,2081.7,4352.29,13941.4404296875,1.5670000314712524,68.59568786621094,17.329999923706055
2021-04-25,74.97,1892.76,2081.7,4352.29,13941.4404296875,1.5670000314712524,68.59568786621094,17.329999923706055
2021-04-26,74.5,1919.68,2098.71,4382.77,14026.16015625,1.5700000524520874,68.94660949707031,17.639999389648438
2021-04-27,75.22,1903.55,2092.03,4379.19,13960.2802734375,1.621999979019165,68.77836608886719,17.559999465942383
2021-04-28,74.77,1890.95,2091.55,4388.46,13901.6201171875,1.6200000047683716,68.1390380859375,17.280000686645508
2021-04-29,75.87,1873.85,2105.27,4374.82,13970.2001953125,1.6399999856948853,68.08133697509766,17.610000610351562
2021-04-30,75.79,1845.2,2078.21,4304.85,13860.759765625,1.63100004196167,67.15361785888672,18.610000610351562
2021-05-01,75.79,1845.2,2078.21,4304.85,13860.759765625,1.63100004196167,67.15361785888672,18.610000610351562
2021-05-02,75.79,1845.2,2078.21,4304.85,13860.759765625,1.63100004196167,67.15361785888672,18.610000610351562
2021-05-03,77.33,1830.02,2063.01,4278.14,13799.7197265625,1.6069999933242798,66.96614074707031,18.309999465942383
2021-05-04,78.53,1790.19,2024.67,4209.96,13544.669921875,1.5920000076293945,65.7643814086914,19.479999542236328
2021-05-05,79.19,1794.82,2012.32,4193.06,13503.3701171875,1.5839999914169312,65.60575103759766,19.149999618530273
2021-05-06,79.74,1786.69,2028.81,4191.96,13613.73046875,1.5609999895095825,66.26429748535156,18.389999389648438
2021-05-07,80.4,1804.98,2042.98,4225.41,13719.6298828125,1.5770000219345093,66.8315200805664,16.690000534057617
2021-05-08,80.4,1804.98,2042.98,4225.41,13719.6298828125,1.5770000219345093,66.8315200805664,16.690000534057617
2021-05-09,80.4,1804.98,2042.98,4225.41,13719.6298828125,1.5770000219345093,66.8315200805664,16.690000534057617
2021-05-10,80.15,1772.46,1992.29,4133.29,13359.080078125,1.6019999980926514,65.144287109375,19.65999984741211
2021-05-11,77.69,1763.18,1988.77,4114.59,13351.26953125,1.6239999532699585,64.94718170166016,21.84000015258789
2021-05-12,76.75,1719.45,1934.23,4014.06,13001.6298828125,1.6950000524520874,63.12052917480469,27.59000015258789
2021-05-13,78.14,1716.23,1949.1,4010.33,13109.150390625,1.6679999828338623,63.95694351196289,23.1299991607666
2021-05-14,78.89,1755.56,2000.56,4102.81,13393.1201171875,1.6349999904632568,65.36540222167969,18.809999465942383
2021-05-15,78.89,1755.56,2000.56,4102.81,13393.1201171875,1.6349999904632568,65.36540222167969,18.809999465942383
2021-05-16,78.89,1755.56,2000.56,4102.81,13393.1201171875,1.6349999904632568,65.36540222167969,18.809999465942383
2021-05-17,79.08,1743.76,1997.65,4093.35,13312.91015625,1.6399999856948853,64.88470458984375,19.719999313354492
2021-05-18,78.69,1758.12,1984.41,4095.27,13217.6796875,1.6419999599456787,64.36554718017578,21.34000015258789
2021-05-19,78.74,1750.47,1998.66,4095.07,13237.91015625,1.6829999685287476,64.59146881103516,22.18000030517578
2021-05-20,78.72,1779.69,2037.64,4163.95,13494.08984375,1.6339999437332153,65.82687377929688,20.670000076293945
2021-05-21,79.03,1785.55,2034.87,4151.38,13411.740234375,1.6319999694824219,65.46633911132812,20.149999618530273
2021-05-22,79.03,1785.55,2034.87,4151.38,13411.740234375,1.6319999694824219,65.46633911132812,20.149999618530273
2021-05-23,79.03,1785.55,2034.87,4151.38,13411.740234375,1.6319999694824219,65.46633911132812,20.149999618530273
2021-05-24,79.38,1797.17,2068.29,4206.6,13641.75,1.6080000400543213,66.629638671875,18.399999618530273
2021-05-25,78.83,1803.91,2073.02,4223.85,13657.73046875,1.5640000104904175,66.64885711669922,18.84000015258789
2021-05-26,79.26,1818.41,2082.02,4242.81,13702.740234375,1.5740000009536743,66.64404296875,17.360000610351562
2021-05-27,78.98,1825.72,2083.25,4228.87,13657.849609375,1.6100000143051147,66.29313659667969,16.739999771118164
2021-05-28,78.74,1833.06,2090.08,4248.51,13686.509765625,1.5809999704360962,66.5286865234375,16.760000228881836
2021-05-29,78.74,1833.06,2090.08,4248.51,13686.509765625,1.5809999704360962,66.5286865234375,16.760000228881836
2021-05-30,78.74,1833.06,2090.08,4248.51,13686.509765625,1.5809999704360962,66.5286865234375,16.760000228881836
2021-05-31,78.74,1828.98,2090.08,4263.6,13686.509765625,1.5809999704360962,66.5286865234375,16.760000228881836
2021-06-01,79.57,1839.47,2087.31,4280.48,13654.58984375,1.6150000095367432,66.20182037353516,17.899999618530273
2021-06-02,80.27,1858.37,2100.59,4287.39,13675.7900390625,1.590999960899353,66.65849304199219,17.479999542236328
2021-06-03,81.09,1850.44,2081.87,4247.5,13529.6796875,1.625,66.03839111328125,18.040000915527344
2021-06-04,82.89,1868.0,2115.72,4298.68,13770.76953125,1.559999942779541,67.30741119384766,16.420000076293945
2021-06-05,82.89,1868.0,2115.72,4298.68,13770.76953125,1.559999942779541,67.30741119384766,16.420000076293945
2021-06-06,82.89,1868.0,2115.72,4298.68,13770.76953125,1.559999942779541,67.30741119384766,16.420000076293945
2021-06-07,83.94,1880.97,2118.07,4304.46,13802.8896484375,1.569000005722046,67.29302215576172,16.420000076293945
2021-06-08,84.61,1889.19,2118.83,4302.53,13810.8603515625,1.527999997138977,67.29780578613281,17.06999969482422
2021-06-09,84.52,1873.4,2117.27,4292.09,13814.9404296875,1.4889999628067017,67.34587860107422,17.889999389648438
2021-06-10,82.3,1881.52,2136.14,4329.43,13960.349609375,1.4589999914169312,67.84098815917969,16.100000381469727
2021-06-11,82.9,1893.75,2139.16,4355.18,13998.2998046875,1.4620000123977661,68.24478912353516,15.649999618530273
2021-06-12,82.9,1893.75,2139.16,4355.18,13998.2998046875,1.4620000123977661,68.24478912353516,15.649999618530273
2021-06-13,82.9,1893.75,2139.16,4355.18,13998.2998046875,1.4620000123977661,68.24478912353516,15.649999618530273
2021-06-14,82.62,1906.09,2159.81,4394.3,14128.2001953125,1.5010000467300415,68.9369888305664,16.389999389648438
2021-06-15,81.64,1896.58,2143.25,4368.16,14030.41015625,1.4989999532699585,68.51398468017578,17.020000457763672
2021-06-16,77.08,1889.99,2134.22,4344.27,13983.009765625,1.569000005722046,68.14383697509766,18.149999618530273
2021-06-17,77.56,1891.84,2167.88,4382.82,14163.8095703125,1.5110000371932983,68.93217468261719,17.75
2021-06-18,76.23,1871.24,2146.7,4353.52,14049.580078125,1.4500000476837158,68.30248260498047,20.700000762939453
2021-06-19,76.23,1871.24,2146.7,4353.52,14049.580078125,1.4500000476837158,68.30248260498047,20.700000762939453
2021-06-20,76.23,1871.24,2146.7,4353.52,14049.580078125,1.4500000476837158,68.30248260498047,20.700000762939453
2021-06-21,77.99,1872.57,2159.54,4370.36,14137.23046875,1.4839999675750732,69.03447723388672,17.889999389648438
2021-06-22,78.68,1895.18,2175.8,4404.05,14270.419921875,1.472000002861023,69.66053771972656,16.65999984741211
2021-06-23,78.1,1902.53,2175.27,4420.09,14274.240234375,1.4869999885559082,69.58346557617188,16.31999969482422
2021-06-24,77.74,1911.35,2189.81,4455.27,14365.9599609375,1.4869999885559082,70.0217056274414,15.970000267028809
2021-06-25,78.46,1918.2,2183.28,4477.71,14345.1796875,1.5360000133514404,69.93984985351562,15.619999885559082
2021-06-26,78.46,1918.2,2183.28,4477.71,14345.1796875,1.5360000133514404,69.93984985351562,15.619999885559082
2021-06-27,78.46,1918.2,2183.28,4477.71,14345.1796875,1.5360000133514404,69.93984985351562,15.619999885559082
2021-06-28,78.5,1930.94,2215.94,4509.34,14524.98046875,1.4780000448226929,70.67182922363281,15.760000228881836
2021-06-29,78.1,1926.79,2222.19,4517.94,14572.75,1.4800000190734863,71.18714904785156,16.020000457763672
2021-06-30,77.84,1903.58,2217.5,4492.8,14554.7998046875,1.4429999589920044,71.11007690429688,15.829999923706055
2021-07-01,79.54,1896.69,2226.39,4494.07,14560.0498046875,1.4800000190734863,71.23047637939453,15.479999542236328
2021-07-02,81.82,1899.08,2248.2,4518.24,14727.6298828125,1.430999994277954,72.1695785522461,15.069999694824219
2021-07-03,81.82,1899.08,2248.2,4518.24,14727.6298828125,1.430999994277954,72.1695785522461,15.069999694824219
2021-07-04,81.82,1899.08,2248.2,4518.24,14727.6298828125,1.430999994277954,72.1695785522461,15.069999694824219
2021-07-05,81.82,1900.25,2248.2,4511.63,14727.6298828125,1.430999994277954,72.1695785522461,15.069999694824219
2021-07-06,83.08,1902.82,2262.88,4531.41,14786.3603515625,1.3700000047683716,72.44405364990234,16.440000534057617
2021-07-07,86.09,1889.82,2258.85,4522.01,14810.5400390625,1.3209999799728394,72.83894348144531,16.200000762939453
2021-07-08,85.59,1875.32,2240.5,4458.08,14722.1396484375,1.2879999876022339,72.1502914428711,19.0
2021-07-09,87.76,1893.0,2258.44,4509.88,14826.08984375,1.3559999465942383,72.81486511230469,16.18000030517578
2021-07-10,87.76,1893.0,2258.44,4509.88,14826.08984375,1.3559999465942383,72.81486511230469,16.18000030517578
2021-07-11,87.76,1893.0,2258.44,4509.88,14826.08984375,1.3559999465942383,72.81486511230469,16.18000030517578
2021-07-12,87.08,1885.19,2262.73,4516.92,14877.8896484375,1.3630000352859497,72.87265014648438,16.170000076293945
2021-07-13,87.07,1874.67,2254.19,4526.34,14874.5400390625,1.4149999618530273,73.17125701904297,17.1200008392334
2021-07-14,88.28,1858.84,2246.66,4516.5,14900.4404296875,1.3559999465942383,73.71061706542969,16.329999923706055
2021-07-15,86.24,1838.89,2220.9,4473.73,14794.6904296875,1.2970000505447388,73.10380554199219,17.010000228881836
2021-07-16,87.49,1824.39,2197.76,4435.92,14681.3798828125,1.2999999523162842,72.3814468383789,18.450000762939453
2021-07-17,87.49,1824.39,2197.76,4435.92,14681.3798828125,1.2999999523162842,72.3814468383789,18.450000762939453
2021-07-18,87.49,1824.39,2197.76,4435.92,14681.3798828125,1.2999999523162842,72.3814468383789,18.450000762939453
2021-07-19,86.98,1813.6,2187.24,4400.11,14549.08984375,1.180999994277954,71.38457489013672,22.5
2021-07-20,88.66,1837.8,2214.48,4446.32,14728.2099609375,1.2089999914169312,72.44405364990234,19.729999542236328
2021-07-21,89.69,1859.75,2240.39,4490.2,14842.6298828125,1.2799999713897705,73.14234924316406,17.90999984741211
2021-07-22,90.69,1862.56,2258.01,4532.1,14940.169921875,1.2649999856948853,73.68169403076172,17.690000534057617
2021-07-23,87.69,1877.0,2282.48,4570.88,15111.7900390625,1.2860000133514404,74.4137191772461,17.200000762939453
2021-07-24,87.69,1877.0,2282.48,4570.88,15111.7900390625,1.2860000133514404,74.4137191772461,17.200000762939453
2021-07-25,87.69,1877.0,2282.48,4570.88,15111.7900390625,1.2860000133514404,74.4137191772461,17.200000762939453
2021-07-26,87.86,1870.52,2286.65,4531.42,15125.9501953125,1.2760000228881836,74.37519073486328,17.579999923706055
2021-07-27,87.8,1856.94,2259.08,4463.05,14956.9697265625,1.2339999675750732,73.67208099365234,19.360000610351562
2021-07-28,87.18,1877.7,2281.86,4497.47,15018.099609375,1.2610000371932983,73.58057403564453,18.309999465942383
2021-07-29,87.63,1886.22,2290.24,4528.39,15048.3603515625,1.2690000534057617,73.9225082397461,17.700000762939453
2021-07-30,87.14,1883.54,2274.49,4482.89,14959.900390625,1.2389999628067017,73.87434387207031,18.239999771118164
2021-07-31,87.14,1883.54,2274.49,4482.89,14959.900390625,1.2389999628067017,73.87434387207031,18.239999771118164
2021-08-01,87.14,1883.54,2274.49,4482.89,14959.900390625,1.2389999628067017,73.87434387207031,18.239999771118164
2021-08-02,87.6,1894.12,2281.14,4505.03,14963.6201171875,1.1740000247955322,73.6094741821289,19.459999084472656
2021-08-03,89.74,1893.82,2292.97,4506.97,15061.419921875,1.1759999990463257,74.08143615722656,18.040000915527344
2021-08-04,90.05,1894.93,2305.12,4538.26,15083.3896484375,1.184000015258789,74.230712890625,17.969999313354492
2021-08-05,89.43,1915.12,2318.76,4564.21,15181.6396484375,1.2170000076293945,74.64006805419922,17.280000686645508
2021-08-06,89.52,1901.05,2307.5,4547.83,15109.3603515625,1.2899999618530273,74.57746124267578,16.149999618530273
2021-08-07,89.52,1901.05,2307.5,4547.83,15109.3603515625,1.2899999618530273,74.57746124267578,16.149999618530273
2021-08-08,89.52,1901.05,2307.5,4547.83,15109.3603515625,1.2899999618530273,74.57746124267578,16.149999618530273
2021-08-09,89.9,1903.44,2301.44,4553.27,15133.1103515625,1.3170000314712524,74.33668518066406,16.719999313354492
2021-08-10,89.64,1896.29,2286.5,4538.99,15053.580078125,1.3420000076293945,73.80209350585938,16.790000915527344
2021-08-11,89.63,1894.68,2294.2,4528.63,15027.759765625,1.3289999961853027,73.8117446899414,16.170000076293945
2021-08-12,89.81,1901.86,2308.79,4538.72,15088.98046875,1.3669999837875366,74.23551940917969,15.59000015258789
2021-08-13,90.38,1896.69,2324.43,4535.32,15136.6796875,1.2970000505447388,74.64006805419922,15.449999809265137
2021-08-14,90.38,1896.69,2324.43,4535.32,15136.6796875,1.2970000505447388,74.64006805419922,15.449999809265137
2021-08-15,90.38,1896.69,2324.43,4535.32,15136.6796875,1.2970000505447388,74.64006805419922,15.449999809265137
2021-08-16,90.82,1877.41,2319.93,4504.09,15140.76953125,1.2569999694824219,74.97715759277344,16.1200008392334
2021-08-17,90.95,1855.21,2296.39,4448.77,15002.830078125,1.2580000162124634,74.35591888427734,17.90999984741211
2021-08-18,88.94,1855.5,2273.17,4424.41,14857.919921875,1.2730000019073486,73.33015441894531,21.56999969482422
2021-08-19,88.71,1842.53,2292.29,4411.84,14933.9404296875,1.2419999837875366,74.04772186279297,21.670000076293945
2021-08-20,88.94,1852.89,2321.79,4446.6,15092.5703125,1.2599999904632568,75.0012435913086,18.559999465942383
2021-08-21,88.94,1852.89,2321.79,4446.6,15092.5703125,1.2599999904632568,75.0012435913086,18.559999465942383
2021-08-22,88.94,1852.89,2321.79,4446.6,15092.5703125,1.2599999904632568,75.0012435913086,18.559999465942383
2021-08-23,89.12,1887.72,2360.22,4521.3,15312.8203125,1.2549999952316284,75.96920013427734,17.149999618530273
2021-08-24,88.55,1917.07,2371.9,4585.64,15357.6796875,1.2899999618530273,75.8825454711914,17.219999313354492
2021-08-25,88.62,1920.46,2382.46,4603.01,15368.919921875,1.3420000076293945,75.83918762207031,16.790000915527344
2021-08-26,88.72,1914.74,2376.67,4576.31,15278.51953125,1.3420000076293945,75.36241912841797,18.84000015258789
2021-08-27,89.35,1936.3,2413.7,4621.9,15432.9501953125,1.312000036239624,76.08960723876953,16.389999389648438
2021-08-28,89.35,1936.3,2413.7,4621.9,15432.9501953125,1.312000036239624,76.08960723876953,16.389999389648438
2021-08-29,89.35,1936.3,2413.7,4621.9,15432.9501953125,1.312000036239624,76.08960723876953,16.389999389648438
2021-08-30,89.45,1943.22,2428.67,4653.31,15605.08984375,1.284999966621399,76.90830993652344,16.190000534057617
2021-08-31,89.13,1958.37,2419.57,4677.04,15582.509765625,1.3040000200271606,76.50377655029297,16.479999542236328
2021-09-01,89.95,1987.4,2424.07,4705.37,15611.5703125,1.3020000457763672,76.52304077148438,16.110000610351562
2021-09-02,89.8,1997.56,2424.48,4709.31,15604.25,1.2940000295639038,76.44116973876953,16.40999984741211
2021-09-03,90.0,2008.29,2439.17,4726.3,15652.8603515625,1.3220000267028809,76.74456787109375,16.40999984741211
2021-09-04,90.0,2008.29,2439.17,4726.3,15652.8603515625,1.3220000267028809,76.74456787109375,16.40999984741211
2021-09-05,90.0,2008.29,2439.17,4726.3,15652.8603515625,1.3220000267028809,76.74456787109375,16.40999984741211
2021-09-06,90.0,2014.92,2439.17,4739.35,15652.8603515625,1.3220000267028809,76.74456787109375,16.40999984741211
2021-09-07,88.72,2002.23,2440.3,4734.8,15675.759765625,1.3700000047683716,76.76383209228516,18.139999389648438
2021-09-08,89.47,1986.25,2422.67,4692.17,15620.849609375,1.3339999914169312,76.4700698852539,17.959999084472656
2021-09-09,89.54,1985.8,2416.0,4666.17,15561.0498046875,1.2990000247955322,76.18110656738281,18.799999237060547
2021-09-10,89.68,1985.96,2400.51,4659.77,15440.75,1.340999960899353,75.42984008789062,20.950000762939453
2021-09-11,89.68,1985.96,2400.51,4659.77,15440.75,1.340999960899353,75.42984008789062,20.950000762939453
2021-09-12,89.68,1985.96,2400.51,4659.77,15440.75,1.340999960899353,75.42984008789062,20.950000762939453
2021-09-13,88.89,1978.75,2405.09,4634.06,15434.5,1.3240000009536743,75.45393371582031,19.3700008392334
2021-09-14,86.39,1975.72,2401.95,4620.57,15382.900390625,1.2769999504089355,75.35762023925781,19.459999084472656
2021-09-15,87.73,1983.39,2415.84,4631.85,15503.5302734375,1.3040000200271606,76.01737976074219,18.18000030517578
2021-09-16,87.25,1983.54,2420.7,4631.38,15515.91015625,1.3309999704360962,76.06071472167969,18.690000534057617
2021-09-17,86.39,1974.02,2391.29,4612.4,15333.4697265625,1.3700000047683716,74.87602233886719,20.809999465942383
2021-09-18,86.39,1974.02,2391.29,4612.4,15333.4697265625,1.3700000047683716,74.87602233886719,20.809999465942383
2021-09-19,86.39,1974.02,2391.29,4612.4,15333.4697265625,1.3700000047683716,74.87602233886719,20.809999465942383
2021-09-20,86.17,1935.73,2341.01,4517.72,15012.1904296875,1.309000015258789,73.51220703125,25.709999084472656
2021-09-21,86.92,1932.31,2350.82,4539.57,15027.76953125,1.3240000009536743,73.54116821289062,24.360000610351562
2021-09-22,88.44,1946.42,2373.51,4582.73,15176.509765625,1.3359999656677246,74.54943084716797,20.8700008392334
2021-09-23,89.42,1971.47,2413.74,4642.27,15316.580078125,1.409999966621399,75.54806518554688,18.6299991607666
2021-09-24,89.94,1964.13,2414.01,4635.11,15329.6796875,1.4600000381469727,75.60111236572266,17.75
2021-09-25,89.94,1964.13,2414.01,4635.11,15329.6796875,1.4600000381469727,75.60111236572266,17.75
2021-09-26,89.94,1964.13,2414.01,4635.11,15329.6796875,1.4600000381469727,75.60111236572266,17.75
2021-09-27,91.04,1950.22,2400.19,4607.15,15204.8203125,1.4839999675750732,74.86785125732422,18.760000228881836
2021-09-28,90.49,1890.3,2319.85,4479.58,14770.2998046875,1.534000039100647,72.648681640625,23.25
2021-09-29,91.25,1872.14,2311.27,4446.16,14752.8896484375,1.5410000085830688,72.55699920654297,22.559999465942383
2021-09-30,87.13,1871.74,2307.29,4442.82,14689.6201171875,1.5290000438690186,72.03599548339844,23.139999389648438
2021-10-01,89.74,1870.19,2326.01,4465.45,14791.8701171875,1.4789999723434448,73.12144470214844,21.100000381469727
2021-10-02,89.74,1870.19,2326.01,4465.45,14791.8701171875,1.4789999723434448,73.12144470214844,21.100000381469727
2021-10-03,89.74,1870.19,2326.01,4465.45,14791.8701171875,1.4789999723434448,73.12144470214844,21.100000381469727
2021-10-04,89.26,1834.15,2265.37,4365.78,14472.1201171875,1.4809999465942383,71.42813873291016,22.959999084472656
2021-10-05,91.49,1837.56,2297.22,4423.08,14674.150390625,1.5290000438690186,72.44603729248047,21.299999237060547
2021-10-06,91.34,1831.17,2313.55,4430.46,14766.75,1.5240000486373901,72.91883087158203,21.0
2021-10-07,92.31,1863.65,2335.78,4505.14,14897.1298828125,1.5709999799728394,73.58456420898438,19.540000915527344
2021-10-08,94.39,1852.93,2324.9,4496.43,14820.75,1.6050000190734863,73.30960083007812,18.770000457763672
2021-10-09,94.39,1852.93,2324.9,4496.43,14820.75,1.6050000190734863,73.30960083007812,18.770000457763672
2021-10-10,94.39,1852.93,2324.9,4496.43,14820.75,1.6050000190734863,73.30960083007812,18.770000457763672
2021-10-11,95.29,1843.79,2307.51,4489.53,14713.73046875,1.6139999628067017,72.90435028076172,20.0
2021-10-12,95.57,1846.18,2307.44,4473.97,14662.1103515625,1.5800000429153442,72.52806091308594,19.850000381469727
2021-10-13,96.4,1864.66,2335.53,4525.84,14774.599609375,1.5490000247955322,72.97190856933594,18.639999389648438
2021-10-14,95.28,1896.01,2396.1,4604.03,15052.419921875,1.5190000534057617,74.61697387695312,16.860000610351562
2021-10-15,95.33,1908.92,2405.14,4641.71,15146.919921875,1.5759999752044678,75.2151870727539,16.299999237060547
2021-10-16,95.33,1908.92,2405.14,4641.71,15146.919921875,1.5759999752044678,75.2151870727539,16.299999237060547
2021-10-17,95.33,1908.92,2405.14,4641.71,15146.919921875,1.5759999752044678,75.2151870727539,16.299999237060547
2021-10-18,96.51,1909.07,2426.21,4667.22,15300.8896484375,1.5839999914169312,75.85197448730469,16.309999465942383
2021-10-19,97.06,1934.22,2440.64,4715.25,15410.7197265625,1.6349999904632568,76.60456085205078,15.699999809265137
2021-10-20,96.64,1935.4,2434.25,4716.71,15388.7099609375,1.6360000371932983,76.39228057861328,15.489999771118164
2021-10-21,96.3,1938.38,2443.52,4725.65,15489.58984375,1.6759999990463257,76.68659973144531,15.010000228881836
2021-10-22,98.25,1925.59,2409.03,4667.09,15355.0703125,1.6549999713897705,76.4212417602539,15.430000305175781
2021-10-23,98.25,1925.59,2409.03,4667.09,15355.0703125,1.6549999713897705,76.4212417602539,15.430000305175781
2021-10-24,98.25,1925.59,2409.03,4667.09,15355.0703125,1.6549999713897705,76.4212417602539,15.430000305175781
2021-10-25,97.89,1938.43,2428.42,4679.3,15514.1904296875,1.6349999904632568,76.67208862304688,15.239999771118164
2021-10-26,96.98,1937.55,2434.57,4666.09,15559.490234375,1.61899995803833,76.88919830322266,15.979999542236328
2021-10-27,96.03,1915.29,2425.59,4621.86,15598.3896484375,1.5290000438690186,76.8216552734375,16.979999542236328
2021-10-28,96.23,1942.39,2454.92,4667.94,15778.16015625,1.5679999589920044,77.59353637695312,16.530000686645508
2021-10-29,95.94,1944.61,2469.67,4673.75,15850.4697265625,1.5570000410079956,77.92642974853516,16.260000228881836
2021-10-30,95.94,1944.61,2469.67,4673.75,15850.4697265625,1.5570000410079956,77.92642974853516,16.260000228881836
2021-10-31,95.94,1944.61,2469.67,4673.75,15850.4697265625,1.5570000410079956,77.92642974853516,16.260000228881836
2021-11-01,94.38,1975.54,2486.46,4696.63,15905.2802734375,1.5750000476837158,77.81060028076172,16.40999984741211
2021-11-02,95.87,1981.41,2525.7,4713.38,15972.490234375,1.5490000247955322,78.49567413330078,16.030000686645508
2021-11-03,96.15,1999.08,2553.36,4755.62,16144.5,1.5789999961853027,78.9540023803711,15.100000381469727
2021-11-04,95.63,2028.14,2619.27,4829.87,16346.240234375,1.5240000486373901,80.18900299072266,15.4399995803833
2021-11-05,94.95,2010.0,2629.43,4824.41,16359.3798828125,1.4529999494552612,80.60388946533203,16.479999542236328
2021-11-06,94.95,2010.0,2629.43,4824.41,16359.3798828125,1.4529999494552612,80.60388946533203,16.479999542236328
2021-11-07,94.95,2010.0,2629.43,4824.41,16359.3798828125,1.4529999494552612,80.60388946533203,16.479999542236328
2021-11-08,95.14,2020.32,2656.85,4855.63,16336.0302734375,1.496999979019165,81.03807067871094,17.219999313354492
2021-11-09,94.59,2013.05,2656.49,4859.07,16219.9404296875,1.4320000410079956,80.70516967773438,17.780000686645508
2021-11-10,93.83,1968.12,2576.98,4769.46,15985.5703125,1.559999942779541,79.37369537353516,18.729999542236328
2021-11-11,94.04,1974.61,2599.03,4805.98,16032.4697265625,1.559999942779541,79.74517059326172,17.65999984741211
2021-11-12,93.54,1992.8,2625.76,4874.47,16199.8896484375,1.5820000171661377,80.71484375,16.290000915527344
2021-11-13,93.54,1992.8,2625.76,4874.47,16199.8896484375,1.5820000171661377,80.71484375,16.290000915527344
2021-11-14,93.54,1992.8,2625.76,4874.47,16199.8896484375,1.5820000171661377,80.71484375,16.290000915527344
2021-11-15,94.02,1996.38,2618.24,4873.55,16189.1201171875,1.6230000257492065,80.6328353881836,16.489999771118164
2021-11-16,95.61,2015.62,2638.8,4928.6,16309.76953125,1.6339999437332153,81.48189544677734,16.3700008392334
2021-11-17,95.33,2004.47,2624.54,4891.29,16308.0703125,1.6039999723434448,81.2358627319336,17.110000610351562
2021-11-18,94.66,1996.09,2653.43,4879.01,16482.970703125,1.5889999866485596,82.04634094238281,17.59000015258789
2021-11-19,93.97,1997.3,2660.45,4873.2,16573.33984375,1.5360000133514404,82.6445541381836,17.90999984741211
2021-11-20,93.97,1997.3,2660.45,4873.2,16573.33984375,1.5360000133514404,82.6445541381836,17.90999984741211
2021-11-21,93.97,1997.3,2660.45,4873.2,16573.33984375,1.5360000133514404,82.6445541381836,17.90999984741211
2021-11-22,94.61,1972.31,2615.15,4804.06,16380.98046875,1.625,81.7231216430664,19.170000076293945
2021-11-23,92.94,1945.69,2595.44,4756.59,16306.7197265625,1.6670000553131104,81.53495025634766,19.3799991607666
2021-11-24,93.58,1943.79,2624.02,4786.04,16367.8095703125,1.6449999809265137,82.12836456298828,18.579999923706055
2021-11-25,93.58,1943.43,2624.02,4785.6,16367.8095703125,1.6449999809265137,82.12836456298828,18.579999923706055
2021-11-26,92.33,1909.24,2563.07,4690.6,16025.580078125,1.4819999933242798,80.07804107666016,28.6200008392334
2021-11-27,92.33,1909.24,2563.07,4690.6,16025.580078125,1.4819999933242798,80.07804107666016,28.6200008392334
2021-11-28,92.33,1909.24,2563.07,4690.6,16025.580078125,1.4819999933242798,80.07804107666016,28.6200008392334
2021-11-29,92.94,1925.98,2636.17,4760.71,16399.240234375,1.5299999713897705,82.08011627197266,22.959999084472656
2021-11-30,90.74,1896.28,2587.19,4661.77,16135.919921875,1.4429999589920044,81.39505767822266,27.190000534057617
2021-12-01,89.75,1885.29,2523.94,4583.55,15877.7197265625,1.434000015258789,80.28064727783203,31.1200008392334
2021-12-02,89.99,1894.06,2549.41,4635.72,15990.759765625,1.4479999542236328,81.0187759399414,27.950000762939453
2021-12-03,88.24,1869.58,2509.63,4545.44,15712.0400390625,1.343000054359436,79.66316223144531,30.670000076293945
2021-12-04,88.24,1869.58,2509.63,4545.44,15712.0400390625,1.343000054359436,79.66316223144531,30.670000076293945
2021-12-05,88.24,1869.58,2509.63,4545.44,15712.0400390625,1.343000054359436,79.66316223144531,30.670000076293945
2021-12-06,88.94,1871.07,2524.48,4575.26,15846.16015625,1.434000015258789,80.42056274414062,27.18000030517578
2021-12-07,90.05,1927.44,2618.72,4734.93,16325.66015625,1.4800000190734863,83.22827911376953,21.889999389648438
2021-12-08,88.94,1947.38,2628.8,4746.76,16394.33984375,1.5089999437332153,83.60940551757812,19.899999618530273
2021-12-09,88.77,1924.48,2587.73,4690.29,16149.5703125,1.4869999885559082,82.70728302001953,21.579999923706055
2021-12-10,102.63,1922.36,2597.39,4716.88,16331.98046875,1.4889999628067017,84.36680603027344,18.690000534057617
2021-12-11,102.63,1922.36,2597.39,4716.88,16331.98046875,1.4889999628067017,84.36680603027344,18.690000534057617
2021-12-12,102.63,1922.36,2597.39,4716.88,16331.98046875,1.4889999628067017,84.36680603027344,18.690000534057617
2021-12-13,100.89,1910.92,2558.0,4667.44,16082.5498046875,1.4240000247955322,83.11249542236328,20.309999465942383
2021-12-14,99.89,1881.02,2529.44,4591.86,15914.900390625,1.437999963760376,81.74723815917969,21.889999389648438
2021-12-15,103.65,1915.61,2609.49,4685.76,16289.58984375,1.4630000591278076,83.913330078125,19.290000915527344
2021-12-16,103.22,1881.69,2536.02,4597.14,15863.9404296875,1.4220000505447388,81.53495025634766,20.56999969482422
2021-12-17,96.62,1887.21,2527.83,4570.02,15801.4599609375,1.4019999504089355,80.98983764648438,21.56999969482422
2021-12-18,96.62,1887.21,2527.83,4570.02,15801.4599609375,1.4019999504089355,80.98983764648438,21.56999969482422
2021-12-19,96.62,1887.21,2527.83,4570.02,15801.4599609375,1.4019999504089355,80.98983764648438,21.56999969482422
2021-12-20,91.64,1853.65,2499.6,4501.43,15627.6396484375,1.4190000295639038,80.02653503417969,22.8700008392334
2021-12-21,91.51,1897.18,2571.1,4620.56,15986.2802734375,1.4869999885559082,82.05171966552734,21.010000228881836
2021-12-22,89.86,1918.44,2595.4,4659.84,16180.1396484375,1.4570000171661377,83.1247329711914,18.6299991607666
2021-12-23,89.72,1932.53,2613.42,4697.04,16308.2099609375,1.4930000305175781,83.58872985839844,17.959999084472656
2021-12-24,89.72,1933.89,2613.42,4697.04,16308.2099609375,1.4930000305175781,83.58872985839844,17.959999084472656
2021-12-25,89.72,1933.89,2613.42,4697.04,16308.2099609375,1.4930000305175781,83.58872985839844,17.959999084472656
2021-12-26,89.72,1933.89,2613.42,4697.04,16308.2099609375,1.4930000305175781,83.58872985839844,17.959999084472656
2021-12-27,89.54,1947.75,2674.23,4750.23,16567.5,1.4809999465942383,85.38192749023438,17.68000030517578
2021-12-28,88.65,1944.77,2654.4,4718.41,16488.66015625,1.4809999465942383,84.93724822998047,17.540000915527344
2021-12-29,88.21,1937.93,2646.37,4706.38,16491.009765625,1.5429999828338623,85.00975799560547,16.950000762939453
2021-12-30,88.01,1937.15,2634.16,4715.08,16429.099609375,1.5149999856948853,84.44908905029297,17.329999923706055
2021-12-31,87.21,1928.32,2615.83,4691.94,16320.080078125,1.5119999647140503,84.03826141357422,17.219999313354492
2022-01-01,87.21,1928.32,2615.83,4691.94,16320.080078125,1.5119999647140503,84.03826141357422,17.219999313354492
2022-01-02,87.21,1928.32,2615.83,4691.94,16320.080078125,1.5119999647140503,84.03826141357422,17.219999313354492
2022-01-03,87.9,1935.76,2639.87,4697.49,16501.76953125,1.628000020980835,84.83577728271484,16.600000381469727
2022-01-04,88.84,1923.85,2599.39,4633.56,16279.73046875,1.6679999828338623,83.93675231933594,16.90999984741211
2022-01-05,86.46,1872.6,2496.97,4491.78,15771.7802734375,1.7050000429153442,81.35574340820312,19.729999542236328
2022-01-06,86.34,1855.72,2497.68,4475.46,15765.3603515625,1.7330000400543213,80.94487762451172,19.610000610351562
2022-01-07,87.51,1834.6,2459.87,4445.68,15592.1904296875,1.7710000276565552,80.2005386352539,18.760000228881836
2022-01-08,87.51,1834.6,2459.87,4445.68,15592.1904296875,1.7710000276565552,80.2005386352539,18.760000228881836
2022-01-09,87.51,1834.6,2459.87,4445.68,15592.1904296875,1.7710000276565552,80.2005386352539,18.760000228881836
2022-01-10,89.28,1821.25,2466.44,4455.34,15614.4296875,1.7799999713897705,80.21505737304688,19.399999618530273
2022-01-11,88.48,1848.41,2507.17,4519.72,15844.1201171875,1.746000051498413,81.17688751220703,18.40999984741211
2022-01-12,88.31,1857.33,2510.0,4545.94,15905.099609375,1.725000023841858,81.55870819091797,17.6200008392334
2022-01-13,87.79,1824.52,2439.53,4432.27,15495.6201171875,1.7109999656677246,79.446533203125,20.309999465942383
2022-01-14,87.69,1812.69,2451.97,4438.23,15611.58984375,1.7719999551773071,80.11835479736328,19.190000534057617
2022-01-15,87.69,1812.69,2451.97,4438.23,15611.58984375,1.7719999551773071,80.11835479736328,19.190000534057617
2022-01-16,87.69,1812.69,2451.97,4438.23,15611.58984375,1.7719999551773071,80.11835479736328,19.190000534057617
2022-01-17,87.69,1817.59,2451.97,4434.62,15611.58984375,1.7719999551773071,80.11835479736328,19.190000534057617
2022-01-18,85.55,1791.27,2386.3,4323.52,15210.759765625,1.8650000095367432,78.1946792602539,22.790000915527344
2022-01-19,83.38,1774.74,2354.8,4281.1,15047.83984375,1.8270000219345093,77.10232543945312,23.850000381469727
2022-01-20,82.72,1767.61,2311.35,4263.47,14846.4599609375,1.8329999446868896,76.10665130615234,25.59000015258789
2022-01-21,82.22,1723.85,2254.6,4129.7,14438.400390625,1.746999979019165,74.59380340576172,28.850000381469727
2022-01-22,82.22,1723.85,2254.6,4129.7,14438.400390625,1.746999979019165,74.59380340576172,28.850000381469727
2022-01-23,82.22,1723.85,2254.6,4129.7,14438.400390625,1.746999979019165,74.59380340576172,28.850000381469727
2022-01-24,82.42,1718.83,2273.64,4137.71,14509.580078125,1.7350000143051147,74.98047637939453,29.899999618530273
2022-01-25,81.07,1670.61,2210.8,4039.64,14149.1201171875,1.7829999923706055,73.24528503417969,31.15999984741211
2022-01-26,79.59,1665.69,2212.79,4026.71,14172.759765625,1.8480000495910645,73.6754379272461,31.959999084472656
2022-01-27,79.78,1624.16,2181.09,3979.12,14003.1103515625,1.8070000410079956,73.16793823242188,30.489999771118164
2022-01-28,80.48,1653.62,2249.95,4079.18,14454.6103515625,1.781999945640564,76.36767578125,27.65999984741211
2022-01-29,80.48,1653.62,2249.95,4079.18,14454.6103515625,1.781999945640564,76.36767578125,27.65999984741211
2022-01-30,80.48,1653.62,2249.95,4079.18,14454.6103515625,1.781999945640564,76.36767578125,27.65999984741211
2022-01-31,81.16,1712.15,2336.9,4234.42,14930.0498046875,1.781999945640564,78.2864990234375,24.829999923706055
2022-02-01,81.04,1729.15,2354.17,4274.71,15019.6796875,1.7999999523162842,78.48951721191406,21.959999084472656
2022-02-02,82.5,1731.63,2384.96,4263.01,15139.740234375,1.7660000324249268,79.12753295898438,22.09000015258789
2022-02-03,81.94,1681.98,2257.12,4096.54,14501.1103515625,1.8270000219345093,76.83168029785156,24.350000381469727
2022-02-04,82.11,1701.47,2296.09,4178.25,14694.349609375,1.9299999475479126,77.14100646972656,23.219999313354492
2022-02-05,82.11,1701.47,2296.09,4178.25,14694.349609375,1.9299999475479126,77.14100646972656,23.219999313354492
2022-02-06,82.11,1701.47,2296.09,4178.25,14694.349609375,1.9299999475479126,77.14100646972656,23.219999313354492
2022-02-07,80.74,1699.3,2278.12,4144.85,14571.25,1.9160000085830688,76.628662109375,22.860000610351562
2022-02-08,80.79,1716.02,2307.02,4189.29,14747.0302734375,1.9539999961853027,77.57601165771484,21.440000534057617
2022-02-09,83.45,1763.47,2372.75,4301.46,15056.9599609375,1.9290000200271606,79.29669189453125,19.959999084472656
2022-02-10,81.85,1734.43,2310.28,4237.63,14705.6396484375,2.0309998989105225,77.22317504882812,23.90999984741211
2022-02-11,79.75,1698.0,2224.28,4108.54,14253.83984375,1.9550000429153442,74.86444854736328,27.360000610351562
2022-02-12,79.75,1698.0,2224.28,4108.54,14253.83984375,1.9550000429153442,74.86444854736328,27.360000610351562
2022-02-13,79.75,1698.0,2224.28,4108.54,14253.83984375,1.9550000429153442,74.86444854736328,27.360000610351562
2022-02-14,78.95,1667.5,2228.88,4085.14,14268.58984375,1.996000051498413,74.84029388427734,28.329999923706055
2022-02-15,79.77,1707.58,2294.44,4178.33,14620.8203125,2.0450000762939453,76.8074951171875,25.700000762939453
2022-02-16,79.19,1707.28,2305.53,4160.02,14603.6396484375,2.046999931335449,76.73015594482422,24.290000915527344
2022-02-17,75.53,1658.49,2222.47,4037.05,14171.740234375,1.972000002861023,74.43429565429688,28.110000610351562
2022-02-18,74.57,1637.25,2188.41,3954.0,14009.5400390625,1.9320000410079956,73.68029022216797,27.75
2022-02-19,74.57,1637.25,2188.41,3954.0,14009.5400390625,1.9320000410079956,73.68029022216797,27.75
2022-02-20,74.57,1637.25,2188.41,3954.0,14009.5400390625,1.9320000410079956,73.68029022216797,27.75
2022-02-21,74.57,1628.37,2188.41,3938.18,14009.5400390625,1.9320000410079956,73.68029022216797,27.75
2022-02-22,74.12,1609.46,2160.16,3876.91,13870.5302734375,1.9479999542236328,72.998779296875,28.809999465942383
2022-02-23,72.47,1587.16,2096.43,3798.23,13509.4296875,1.9769999980926514,71.1717529296875,31.020000457763672
2022-02-24,74.81,1613.13,2184.58,3895.9,13974.669921875,1.968999981880188,73.60295867919922,30.31999969482422
2022-02-25,76.35,1649.31,2221.28,3945.81,14189.16015625,1.9859999418258667,74.60346221923828,27.59000015258789
2022-02-26,76.35,1649.31,2221.28,3945.81,14189.16015625,1.9859999418258667,74.60346221923828,27.59000015258789
2022-02-27,76.35,1649.31,2221.28,3945.81,14189.16015625,1.9859999418258667,74.60346221923828,27.59000015258789
2022-02-28,75.97,1676.35,2234.85,3964.81,14237.8095703125,1.8389999866485596,74.46813201904297,30.149999618530273
2022-03-01,76.01,1642.18,2184.59,3907.37,14005.990234375,1.7070000171661377,72.97945404052734,33.31999969482422
2022-03-02,78.28,1660.68,2232.16,3957.26,14243.6904296875,1.8650000095367432,74.55994415283203,30.739999771118164
2022-03-03,78.25,1631.82,2192.92,3889.57,14035.2099609375,1.843999981880188,73.67060852050781,30.479999542236328
2022-03-04,76.49,1586.58,2155.59,3791.97,13837.830078125,1.7239999771118164,72.3801040649414,31.979999542236328
2022-03-05,76.49,1586.58,2155.59,3791.97,13837.830078125,1.7239999771118164,72.3801040649414,31.979999542236328
2022-03-06,76.49,1586.58,2155.59,3791.97,13837.830078125,1.7239999771118164,72.3801040649414,31.979999542236328
2022-03-07,74.32,1546.4,2073.72,3647.52,13319.3798828125,1.7510000467300415,69.73140716552734,36.45000076293945
2022-03-08,73.33,1532.67,2072.19,3621.77,13267.6103515625,1.871999979019165,69.39305877685547,35.130001068115234
2022-03-09,76.1,1578.21,2150.39,3771.44,13742.2001953125,1.9479999542236328,72.1384506225586,32.45000076293945
2022-03-10,76.65,1569.17,2127.49,3713.79,13591.0,2.010999917984009,70.87691497802734,30.229999542236328
2022-03-11,77.82,1531.47,2083.15,3623.05,13301.830078125,2.003999948501587,69.62992095947266,30.75
2022-03-12,77.82,1531.47,2083.15,3623.05,13301.830078125,2.003999948501587,69.62992095947266,30.75
2022-03-13,77.82,1531.47,2083.15,3623.05,13301.830078125,2.003999948501587,69.62992095947266,30.75
2022-03-14,77.07,1505.77,2034.11,3513.48,13046.6396484375,2.140000104904175,68.3393783569336,31.770000457763672
2022-03-15,80.6,1526.89,2107.89,3577.34,13458.5595703125,2.1600000858306885,70.63525390625,29.829999923706055
2022-03-16,79.96,1589.18,2193.27,3797.15,13956.7900390625,2.187999963760376,72.93109893798828,26.670000076293945
2022-03-17,80.6,1632.66,2219.56,3873.74,14118.599609375,2.191999912261963,73.44828033447266,25.670000076293945
2022-03-18,81.68,1663.65,2284.37,3968.51,14420.080078125,2.1480000019073486,74.95145416259766,23.8700008392334
2022-03-19,81.68,1663.65,2284.37,3968.51,14420.080078125,2.1480000019073486,74.95145416259766,23.8700008392334
2022-03-20,81.68,1663.65,2284.37,3968.51,14420.080078125,2.1480000019073486,74.95145416259766,23.8700008392334
2022-03-21,80.96,1651.68,2279.8,3923.51,14376.08984375,2.315000057220459,74.80911254882812,23.530000686645508
2022-03-22,81.8,1673.44,2316.33,4014.03,14654.330078125,2.372999906539917,75.88411712646484,22.940000534057617
2022-03-23,80.39,1653.61,2277.63,3958.87,14447.5498046875,2.321000099182129,74.71708679199219,23.56999969482422
2022-03-24,82.24,1672.48,2341.02,4008.73,14765.6904296875,2.3410000801086426,76.65888214111328,21.670000076293945
2022-03-25,81.73,1650.6,2327.43,3970.39,14754.3095703125,2.492000102996826,76.61528778076172,20.809999465942383
2022-03-26,81.73,1650.6,2327.43,3970.39,14754.3095703125,2.492000102996826,76.61528778076172,20.809999465942383
2022-03-27,81.73,1650.6,2327.43,3970.39,14754.3095703125,2.492000102996826,76.61528778076172,20.809999465942383
2022-03-28,83.6,1659.01,2358.19,4037.07,14987.400390625,2.4769999980926514,77.525634765625,19.6299991607666
2022-03-29,84.29,1712.87,2407.18,4136.43,15239.3203125,2.4000000953674316,79.17205810546875,18.899999618530273
2022-03-30,83.36,1691.21,2368.64,4076.54,15071.5498046875,2.3580000400543213,78.11641693115234,19.329999923706055
2022-03-31,82.73,1661.35,2314.07,3999.2,14838.490234375,2.3269999027252197,76.95909118652344,20.559999465942383
2022-04-01,82.01,1656.18,2312.98,4001.52,14861.2099609375,2.377000093460083,76.73152160644531,19.6299991607666
2022-04-02,82.01,1656.18,2312.98,4001.52,14861.2099609375,2.377000093460083,76.73152160644531,19.6299991607666
2022-04-03,82.01,1656.18,2312.98,4001.52,14861.2099609375,2.377000093460083,76.73152160644531,19.6299991607666
2022-04-04,84.07,1689.3,2357.8,4107.16,15159.580078125,2.4119999408721924,78.18904876708984,18.56999969482422
2022-04-05,82.94,1650.91,2301.96,4005.44,14820.6396484375,2.555999994277954,76.54266357421875,21.030000686645508
2022-04-06,82.12,1606.11,2236.95,3891.98,14498.8896484375,2.6089999675750732,74.73164367675781,22.100000381469727
2022-04-07,81.54,1595.53,2235.06,3870.27,14531.8095703125,2.6519999504089355,74.84784698486328,21.549999237060547
2022-04-08,80.94,1578.71,2195.27,3810.89,14327.259765625,2.7130000591278076,73.8018798828125,21.15999984741211
2022-04-09,80.94,1578.71,2195.27,3810.89,14327.259765625,2.7130000591278076,73.8018798828125,21.15999984741211
2022-04-10,80.94,1578.71,2195.27,3810.89,14327.259765625,2.7130000591278076,73.8018798828125,21.15999984741211
2022-04-11,79.76,1553.43,2143.84,3737.07,13990.2099609375,2.7799999713897705,71.94245147705078,24.3700008392334
2022-04-12,79.33,1547.73,2130.08,3714.7,13940.240234375,2.7249999046325684,71.62284851074219,24.260000228881836
2022-04-13,79.75,1567.03,2163.98,3779.68,14217.2900390625,2.687000036239624,72.77532958984375,21.81999969482422
2022-04-14,79.45,1542.99,2107.66,3694.28,13893.2099609375,2.828000068664551,71.00788116455078,22.700000762939453
2022-04-15,79.45,1539.75,2107.66,3689.92,13893.2099609375,2.828000068664551,71.00788116455078,22.700000762939453
2022-04-16,79.45,1539.75,2107.66,3689.92,13893.2099609375,2.828000068664551,71.00788116455078,22.700000762939453
2022-04-17,79.45,1539.75,2107.66,3689.92,13893.2099609375,2.828000068664551,71.00788116455078,22.700000762939453
2022-04-18,78.22,1524.7,2111.62,3684.76,13910.759765625,2.861999988555908,71.24031066894531,22.170000076293945
2022-04-19,79.56,1549.57,2162.21,3754.59,14210.259765625,2.9130001068115234,72.57678985595703,21.3700008392334
2022-04-20,80.29,1548.23,2141.38,3677.8,13998.5302734375,2.8399999141693115,72.50900268554688,20.31999969482422
2022-04-21,79.48,1528.22,2079.49,3598.93,13720.4501953125,2.9170000553131104,71.27904510498047,22.68000030517578
2022-04-22,76.21,1488.63,2025.55,3518.11,13356.8701171875,2.9059998989105225,69.28401184082031,28.209999084472656
2022-04-23,76.21,1488.63,2025.55,3518.11,13356.8701171875,2.9059998989105225,69.28401184082031,28.209999084472656
2022-04-24,76.21,1488.63,2025.55,3518.11,13356.8701171875,2.9059998989105225,69.28401184082031,28.209999084472656
2022-04-25,76.98,1492.74,2062.59,3541.28,13533.2197265625,2.8259999752044678,70.32511901855469,27.020000457763672
2022-04-26,74.51,1450.97,1984.97,3430.93,13009.7099609375,2.7720000743865967,67.70539855957031,33.52000045776367
2022-04-27,74.76,1435.14,1979.37,3416.45,13003.3603515625,2.818000078201294,68.70777130126953,31.600000381469727
2022-04-28,76.14,1465.42,2070.6,3537.27,13456.0595703125,2.86299991607666,71.45822143554688,29.989999771118164
2022-04-29,73.4,1448.51,1972.13,3461.82,12854.7998046875,2.88700008392334,68.48018646240234,33.400001525878906
2022-04-30,73.4,1448.51,1972.13,3461.82,12854.7998046875,2.88700008392334,68.48018646240234,33.400001525878906
2022-05-01,73.4,1448.51,1972.13,3461.82,12854.7998046875,2.88700008392334,68.48018646240234,33.400001525878906
2022-05-02,74.0,1456.06,2016.07,3512.43,13075.849609375,2.996000051498413,69.52129364013672,32.34000015258789
2022-05-03,73.29,1455.62,2014.54,3505.94,13089.900390625,2.9600000381469727,69.64234161376953,29.25
2022-05-04,75.21,1485.19,2083.11,3590.22,13535.7099609375,2.9170000553131104,72.08772277832031,25.420000076293945
2022-05-05,72.8,1425.1,1975.63,3428.91,12850.5498046875,3.065999984741211,68.62062072753906,31.200000762939453
2022-05-06,72.49,1396.25,1956.23,3362.34,12693.5302734375,3.122999906539917,68.06861114501953,30.190000534057617
2022-05-07,72.49,1396.25,1956.23,3362.34,12693.5302734375,3.122999906539917,68.06861114501953,30.190000534057617
2022-05-08,72.49,1396.25,1956.23,3362.34,12693.5302734375,3.122999906539917,68.06861114501953,30.190000534057617
2022-05-09,71.54,1330.64,1863.15,3222.99,12187.7197265625,3.0789999961853027,65.43437194824219,34.75
2022-05-10,72.53,1337.17,1878.08,3241.83,12345.8603515625,2.993000030517578,66.431884765625,32.9900016784668
2022-05-11,71.03,1309.09,1819.47,3165.24,11967.5595703125,2.9210000038146973,64.33515930175781,32.560001373291016
2022-05-12,70.73,1319.29,1818.28,3168.8,11945.5,2.816999912261963,63.671756744384766,31.770000457763672
2022-05-13,71.17,1385.24,1896.18,3297.11,12387.400390625,2.934999942779541,65.78785705566406,28.8700008392334
2022-05-14,71.17,1385.24,1896.18,3297.11,12387.400390625,2.934999942779541,65.78785705566406,28.8700008392334
2022-05-15,71.17,1385.24,1896.18,3297.11,12387.400390625,2.934999942779541,65.78785705566406,28.8700008392334
2022-05-16,69.71,1371.75,1874.4,3240.96,12243.580078125,2.877000093460083,65.20677185058594,27.469999313354492
2022-05-17,71.88,1401.61,1931.27,3336.3,12564.099609375,2.9679999351501465,67.09526824951172,26.100000381469727
2022-05-18,68.3,1374.05,1839.7,3200.65,11928.3095703125,2.885999917984009,64.02523803710938,30.959999084472656
2022-05-19,67.04,1391.57,1845.73,3187.76,11875.6298828125,2.8550000190734863,63.323097229003906,29.350000381469727
2022-05-20,68.63,1397.62,1844.04,3200.59,11835.6201171875,2.7869999408721924,63.463523864746094,29.43000030517578
2022-05-21,68.63,1397.62,1844.04,3200.59,11835.6201171875,2.7869999408721924,63.463523864746094,29.43000030517578
2022-05-22,68.63,1397.62,1844.04,3200.59,11835.6201171875,2.7869999408721924,63.463523864746094,29.43000030517578
2022-05-23,70.04,1412.58,1868.44,3230.16,12034.2802734375,2.8589999675750732,64.92108154296875,28.479999542236328
2022-05-24,69.03,1373.06,1818.49,3121.2,11769.83984375,2.759999990463257,63.95746994018555,29.450000762939453
2022-05-25,69.83,1386.28,1846.42,3168.45,11943.9296875,2.749000072479248,64.70315551757812,28.3700008392334
2022-05-26,71.66,1410.77,1903.74,3256.87,12276.7900390625,2.75600004196167,66.257568359375,27.5
2022-05-27,72.78,1457.87,1968.99,3360.59,12681.419921875,2.743000030517578,68.49954223632812,25.719999313354492
2022-05-28,72.78,1457.87,1968.99,3360.59,12681.419921875,2.743000030517578,68.49954223632812,25.719999313354492
2022-05-29,72.78,1457.87,1968.99,3360.59,12681.419921875,2.743000030517578,68.49954223632812,25.719999313354492
2022-05-30,72.78,1472.04,1968.99,3381.76,12681.419921875,2.743000030517578,68.49954223632812,25.719999313354492
2022-05-31,71.92,1453.24,1955.87,3367.86,12642.099609375,2.8440001010894775,68.0104751586914,26.190000534057617
2022-06-01,71.6,1441.35,1950.97,3352.64,12548.3603515625,2.930999994277954,67.80709075927734,25.690000534057617
2022-06-02,73.14,1482.65,2026.38,3454.59,12892.8896484375,2.9130001068115234,69.44862365722656,24.719999313354492
2022-06-03,71.79,1460.61,1979.51,3380.46,12548.0302734375,2.9570000171661377,67.78773498535156,24.790000915527344
2022-06-04,71.79,1460.61,1979.51,3380.46,12548.0302734375,2.9570000171661377,67.78773498535156,24.790000915527344
2022-06-05,71.79,1460.61,1979.51,3380.46,12548.0302734375,2.9570000171661377,67.78773498535156,24.790000915527344
2022-06-06,72.97,1467.5,1986.26,3411.58,12599.6298828125,3.0380001068115234,67.79255676269531,25.06999969482422
2022-06-07,72.69,1474.23,2000.92,3437.15,12711.6796875,2.9719998836517334,68.60123443603516,24.020000457763672
2022-06-08,71.38,1477.28,1974.82,3448.15,12615.1298828125,3.0290000438690186,67.82648468017578,23.959999084472656
2022-06-09,69.22,1439.88,1913.87,3355.75,12269.7802734375,3.0439999103546143,66.01544952392578,26.09000015258789
2022-06-10,67.14,1391.13,1841.04,3239.38,11832.8203125,3.1559998989105225,63.47805404663086,27.75
2022-06-11,67.14,1391.13,1841.04,3239.38,11832.8203125,3.1559998989105225,63.47805404663086,27.75
2022-06-12,67.14,1391.13,1841.04,3239.38,11832.8203125,3.1559998989105225,63.47805404663086,27.75
2022-06-13,64.05,1316.31,1748.73,3068.56,11288.3203125,3.365999937057495,60.664676666259766,34.02000045776367
2022-06-14,70.72,1301.96,1752.99,3085.6,11311.6904296875,3.4830000400543213,61.047210693359375,32.689998626708984
2022-06-15,69.7,1326.35,1799.76,3153.96,11593.76953125,3.3949999809265137,62.335269927978516,29.6200008392334
2022-06-16,68.71,1280.32,1721.75,3023.62,11127.5703125,3.306999921798706,59.797889709472656,32.95000076293945
2022-06-17,67.72,1290.24,1746.1,3059.78,11265.990234375,3.239000082015991,60.3450813293457,31.1299991607666
2022-06-18,67.72,1290.24,1746.1,3059.78,11265.990234375,3.239000082015991,60.3450813293457,31.1299991607666
2022-06-19,67.72,1290.24,1746.1,3059.78,11265.990234375,3.239000082015991,60.3450813293457,31.1299991607666
2022-06-20,67.72,1291.83,1746.1,3057.35,11265.990234375,3.239000082015991,60.3450813293457,31.1299991607666
2022-06-21,67.68,1311.91,1787.53,3120.99,11546.759765625,3.306999921798706,61.88069152832031,30.190000534057617
2022-06-22,66.53,1311.34,1784.54,3101.65,11527.7099609375,3.1559998989105225,61.61851501464844,28.950000762939453
2022-06-23,67.63,1334.24,1813.26,3148.14,11697.6796875,3.068000078201294,62.54095458984375,29.049999237060547
2022-06-24,70.7,1372.08,1891.25,3269.27,12105.849609375,3.125,64.78877258300781,27.229999542236328
2022-06-25,70.7,1372.08,1891.25,3269.27,12105.849609375,3.125,64.78877258300781,27.229999542236328
2022-06-26,70.7,1372.08,1891.25,3269.27,12105.849609375,3.125,64.78877258300781,27.229999542236328
2022-06-27,70.41,1371.37,1871.72,3258.32,12008.240234375,3.194000005722046,64.35184478759766,26.950000762939453
2022-06-28,68.58,1340.81,1802.58,3171.45,11637.76953125,3.2060000896453857,62.4244384765625,28.360000610351562
2022-06-29,69.21,1319.95,1799.06,3149.66,11658.259765625,3.0929999351501465,62.5506591796875,28.15999984741211
2022-06-30,69.87,1295.26,1775.12,3093.58,11503.7197265625,2.9719998836517334,61.71562576293945,28.709999084472656
2022-07-01,70.87,1301.88,1773.22,3100.14,11585.6796875,2.8889999389648438,61.85641098022461,26.700000762939453
2022-07-02,70.87,1301.88,1773.22,3100.14,11585.6796875,2.8889999389648438,61.85641098022461,26.700000762939453
2022-07-03,70.87,1301.88,1773.22,3100.14,11585.6796875,2.8889999389648438,61.85641098022461,26.700000762939453
2022-07-04,70.87,1303.05,1773.22,3106.22,11585.6796875,2.8889999389648438,61.85641098022461,26.700000762939453
2022-07-05,71.99,1315.96,1805.04,3149.39,11779.900390625,2.809000015258789,62.6331901550293,27.540000915527344
2022-07-06,71.66,1317.05,1818.34,3152.44,11852.58984375,2.9130001068115234,63.172080993652344,26.729999542236328
2022-07-07,71.83,1354.19,1866.42,3229.19,12109.0498046875,3.007999897003174,64.47805786132812,26.079999923706055
2022-07-08,71.87,1356.69,1863.44,3227.78,12125.6904296875,3.1010000705718994,64.50718688964844,24.639999389648438
2022-07-09,71.87,1356.69,1863.44,3227.78,12125.6904296875,3.1010000705718994,64.50718688964844,24.639999389648438
2022-07-10,71.87,1356.69,1863.44,3227.78,12125.6904296875,3.1010000705718994,64.50718688964844,24.639999389648438
2022-07-11,71.57,1321.61,1825.53,3139.96,11860.2802734375,2.990999937057495,63.61874008178711,26.170000076293945
2022-07-12,70.41,1297.64,1796.36,3092.17,11744.990234375,2.9579999446868896,62.74971389770508,27.290000915527344
2022-07-13,70.03,1292.48,1791.64,3090.81,11728.5302734375,2.9040000438690186,62.58464431762695,26.81999969482422
2022-07-14,69.45,1274.1,1796.28,3074.34,11768.400390625,2.9600000381469727,63.15751647949219,26.399999618530273
2022-07-15,70.74,1303.81,1836.11,3134.39,11983.6201171875,2.930000066757202,64.26930236816406,24.229999542236328
2022-07-16,70.74,1303.81,1836.11,3134.39,11983.6201171875,2.930000066757202,64.26930236816406,24.229999542236328
2022-07-17,70.74,1303.81,1836.11,3134.39,11983.6201171875,2.930000066757202,64.26930236816406,24.229999542236328
2022-07-18,70.21,1310.08,1825.24,3144.07,11877.5,2.9600000381469727,63.64786911010742,25.299999237060547
2022-07-19,72.24,1347.11,1886.82,3224.25,12249.419921875,3.0190000534057617,65.58982849121094,24.5
2022-07-20,72.59,1388.06,1928.75,3294.59,12439.6796875,3.0360000133514404,66.61421203613281,23.8799991607666
2022-07-21,74.54,1409.2,1951.3,3345.27,12619.41015625,2.9100000858306885,67.55121612548828,23.110000610351562
2022-07-22,74.9,1385.51,1901.23,3276.23,12396.4697265625,2.7829999923706055,66.61907196044922,23.030000686645508
2022-07-23,74.9,1385.51,1901.23,3276.23,12396.4697265625,2.7829999923706055,66.61907196044922,23.030000686645508
2022-07-24,74.9,1385.51,1901.23,3276.23,12396.4697265625,2.7829999923706055,66.61907196044922,23.030000686645508
2022-07-25,74.86,1369.91,1887.41,3249.86,12328.41015625,2.819999933242798,66.19670867919922,23.360000610351562
2022-07-26,74.03,1346.49,1846.12,3189.16,12086.900390625,2.7869999408721924,65.12376403808594,24.690000534057617
2022-07-27,75.87,1382.78,1933.78,3299.18,12601.4697265625,2.7339999675750732,67.925048828125,23.239999771118164
2022-07-28,77.04,1403.25,1957.5,3321.61,12717.8701171875,2.680999994277954,68.95915985107422,22.329999923706055
2022-07-29,77.84,1420.23,1990.38,3331.65,12947.9697265625,2.6419999599456787,70.01750946044922,21.329999923706055
2022-07-30,77.84,1420.23,1990.38,3331.65,12947.9697265625,2.6419999599456787,70.01750946044922,21.329999923706055
2022-07-31,77.84,1420.23,1990.38,3331.65,12947.9697265625,2.6419999599456787,70.01750946044922,21.329999923706055
2022-08-01,77.44,1432.4,1994.64,3338.39,12940.7802734375,2.6059999465942383,69.86701965332031,22.84000015258789
2022-08-02,76.35,1429.97,1995.77,3334.59,12901.599609375,2.740999937057495,69.37179565429688,23.93000030517578
2022-08-03,77.37,1457.71,2053.65,3412.11,13253.259765625,2.747999906539917,71.21668243408203,21.950000762939453
2022-08-04,77.4,1470.54,2067.71,3443.75,13311.0400390625,2.6760001182556152,71.54196166992188,21.440000534057617
2022-08-05,77.35,1463.09,2061.69,3417.19,13207.6904296875,2.8399999141693115,71.37688446044922,21.149999618530273
2022-08-06,77.35,1463.09,2061.69,3417.19,13207.6904296875,2.8399999141693115,71.37688446044922,21.149999618530273
2022-08-07,77.35,1463.09,2061.69,3417.19,13207.6904296875,2.8399999141693115,71.37688446044922,21.149999618530273
2022-08-08,76.47,1473.98,2049.32,3408.22,13159.16015625,2.765000104904175,70.77001953125,21.290000915527344
2022-08-09,76.77,1443.29,2015.3,3355.99,13008.169921875,2.796999931335449,70.06121063232422,21.770000457763672
2022-08-10,77.54,1494.49,2082.62,3460.45,13378.3203125,2.7860000133514404,71.97403717041016,19.739999771118164
2022-08-11,77.16,1488.48,2065.32,3453.92,13291.990234375,2.888000011444092,71.69245147705078,20.200000762939453
2022-08-12,79.15,1506.4,2108.64,3516.82,13565.8701171875,2.8489999771118164,73.11978912353516,19.530000686645508
2022-08-13,79.15,1506.4,2108.64,3516.82,13565.8701171875,2.8489999771118164,73.11978912353516,19.530000686645508
2022-08-14,79.15,1506.4,2108.64,3516.82,13565.8701171875,2.8489999771118164,73.11978912353516,19.530000686645508
2022-08-15,79.11,1511.6,2121.34,3531.32,13667.1796875,2.7909998893737793,73.58100891113281,19.950000762939453
2022-08-16,79.52,1500.23,2118.64,3510.41,13635.2099609375,2.8239998817443848,73.38196563720703,19.690000534057617
2022-08-17,79.25,1472.84,2090.71,3459.37,13470.8603515625,2.8929998874664307,72.85763549804688,19.899999618530273
2022-08-18,79.32,1472.01,2100.89,3478.76,13505.990234375,2.880000114440918,73.236328125,19.559999465942383
2022-08-19,78.66,1428.88,2046.88,3403.84,13242.900390625,2.989000082015991,71.90606689453125,20.600000381469727
2022-08-20,78.66,1428.88,2046.88,3403.84,13242.900390625,2.989000082015991,71.90606689453125,20.600000381469727
2022-08-21,78.66,1428.88,2046.88,3403.84,13242.900390625,2.989000082015991,71.90606689453125,20.600000381469727
2022-08-22,76.46,1386.88,1988.66,3310.93,12890.5400390625,3.0369999408721924,69.90099334716797,23.799999237060547
2022-08-23,76.41,1376.33,1982.98,3298.56,12881.7900390625,3.053999900817871,69.71651458740234,24.110000610351562
2022-08-24,76.17,1397.66,1987.15,3313.1,12917.8603515625,3.1059999465942383,69.76020812988281,22.81999969482422
2022-08-25,76.89,1419.81,2026.21,3380.24,13143.580078125,3.0260000228881836,70.93993377685547,21.780000686645508
2022-08-26,74.65,1380.01,1934.38,3268.39,12605.169921875,3.0350000858306885,67.91049194335938,25.559999465942383
2022-08-27,74.65,1380.01,1934.38,3268.39,12605.169921875,3.0350000858306885,67.91049194335938,25.559999465942383
2022-08-28,74.65,1380.01,1934.38,3268.39,12605.169921875,3.0350000858306885,67.91049194335938,25.559999465942383
2022-08-29,74.19,1357.32,1905.97,3230.72,12484.3203125,3.109999895095825,67.0123062133789,26.209999084472656
2022-08-30,74.14,1352.46,1887.78,3207.86,12342.7001953125,3.109999895095825,66.313232421875,26.209999084472656
2022-08-31,74.15,1344.5,1872.48,3203.05,12272.0302734375,3.132999897003174,65.66751861572266,25.8700008392334
2022-09-01,75.3,1304.05,1853.54,3165.13,12274.6201171875,3.265000104904175,65.34710693359375,25.559999465942383
2022-09-02,74.68,1299.38,1827.5,3141.55,12098.4404296875,3.193000078201294,64.49748992919922,25.469999313354492
2022-09-03,74.68,1299.38,1827.5,3141.55,12098.4404296875,3.193000078201294,64.49748992919922,25.469999313354492
2022-09-04,74.68,1299.38,1827.5,3141.55,12098.4404296875,3.193000078201294,64.49748992919922,25.469999313354492
2022-09-05,74.68,1292.74,1827.5,3127.68,12098.4404296875,3.193000078201294,64.49748992919922,25.469999313354492
2022-09-06,73.83,1285.68,1811.85,3099.05,12011.3095703125,3.3399999141693115,64.07025146484375,26.90999984741211
2022-09-07,74.49,1297.86,1840.26,3145.29,12259.3896484375,3.265000104904175,65.09463500976562,24.639999389648438
2022-09-08,74.65,1316.19,1854.24,3164.16,12321.1904296875,3.2920000553131104,65.31796264648438,23.610000610351562
2022-09-09,75.91,1348.96,1896.03,3244.98,12588.2900390625,3.321000099182129,66.60935974121094,22.790000915527344
2022-09-10,75.91,1348.96,1896.03,3244.98,12588.2900390625,3.321000099182129,66.60935974121094,22.790000915527344
2022-09-11,75.91,1348.96,1896.03,3244.98,12588.2900390625,3.321000099182129,66.60935974121094,22.790000915527344
2022-09-12,77.08,1368.72,1915.41,3287.54,12739.7197265625,3.361999988555908,67.67744445800781,23.8700008392334
2022-09-13,76.04,1316.19,1803.61,3144.84,12033.6201171875,3.421999931335449,64.0848159790039,27.270000457763672
2022-09-14,72.12,1310.46,1813.84,3146.69,12134.400390625,3.4119999408721924,64.31786346435547,26.15999984741211
2022-09-15,70.24,1296.71,1779.89,3098.84,11927.490234375,3.4590001106262207,62.83709716796875,26.270000457763672
2022-09-16,68.83,1276.76,1771.67,3063.22,11861.3798828125,3.447999954223633,62.487552642822266,26.299999237060547
2022-09-17,68.83,1276.76,1771.67,3063.22,11861.3798828125,3.447999954223633,62.487552642822266,26.299999237060547
2022-09-18,68.83,1276.76,1771.67,3063.22,11861.3798828125,3.447999954223633,62.487552642822266,26.299999237060547
2022-09-19,69.07,1278.67,1782.19,3081.01,11953.26953125,3.490000009536743,62.99711227416992,25.760000228881836
2022-09-20,68.11,1263.91,1761.2,3046.63,11851.5400390625,3.571000099182129,62.627220153808594,27.15999984741211
2022-09-21,66.75,1254.36,1737.31,2999.82,11637.7900390625,3.509999990463257,61.64897537231445,27.989999771118164
2022-09-22,66.03,1222.3,1712.14,2948.66,11501.650390625,3.7079999446868896,61.021148681640625,27.350000381469727
2022-09-23,64.55,1196.32,1683.97,2891.22,11311.240234375,3.697000026702881,60.22298049926758,29.920000076293945
2022-09-24,64.55,1196.32,1683.97,2891.22,11311.240234375,3.697000026702881,60.22298049926758,29.920000076293945
2022-09-25,64.55,1196.32,1683.97,2891.22,11311.240234375,3.697000026702881,60.22298049926758,29.920000076293945
2022-09-26,63.45,1181.06,1667.89,2869.64,11254.1103515625,3.878000020980835,59.80442810058594,32.2599983215332
2022-09-27,62.42,1188.26,1672.01,2883.03,11271.75,3.9639999866485596,59.88230514526367,32.599998474121094
2022-09-28,63.07,1205.67,1707.7,2928.37,11493.830078125,3.7049999237060547,60.51499938964844,30.18000030517578
2022-09-29,61.4,1185.56,1663.25,2866.9,11164.7802734375,3.746999979019165,58.93812561035156,31.84000015258789
2022-09-30,61.07,1178.99,1638.28,2844.83,10971.2197265625,3.803999900817871,57.80900573730469,31.6200008392334
2022-10-01,61.07,1178.99,1638.28,2844.83,10971.2197265625,3.803999900817871,57.80900573730469,31.6200008392334
2022-10-02,61.07,1178.99,1638.28,2844.83,10971.2197265625,3.803999900817871,57.80900573730469,31.6200008392334
2022-10-03,63.08,1207.23,1688.43,2894.69,11229.73046875,3.6510000228881836,59.60002136230469,30.100000381469727
2022-10-04,65.69,1263.2,1748.0,3007.72,11582.5400390625,3.617000102996826,61.600318908691406,29.06999969482422
2022-10-05,66.64,1254.71,1750.17,3020.28,11573.1796875,3.759000062942505,61.80472183227539,28.549999237060547
2022-10-06,65.3,1252.76,1736.01,3008.46,11485.5,3.8259999752044678,61.29856491088867,30.520000457763672
2022-10-07,63.29,1206.4,1654.2,2895.33,11039.4697265625,3.882999897003174,58.77751541137695,31.360000610351562
2022-10-08,63.29,1206.4,1654.2,2895.33,11039.4697265625,3.882999897003174,58.77751541137695,31.360000610351562
2022-10-09,63.29,1206.4,1654.2,2895.33,11039.4697265625,3.882999897003174,58.77751541137695,31.360000610351562
2022-10-10,62.57,1180.87,1618.83,2843.69,10926.9697265625,3.888000011444092,57.78953552246094,32.45000076293945
2022-10-11,62.41,1161.23,1594.21,2771.59,10791.349609375,3.938999891281128,56.90375900268555,33.630001068115234
2022-10-12,63.78,1159.32,1586.45,2774.14,10785.6201171875,3.9019999504089355,56.728546142578125,33.56999969482422
2022-10-13,65.2,1173.89,1621.52,2815.47,11033.580078125,3.9519999027252197,58.4903678894043,31.940000534057617
2022-10-14,64.31,1156.23,1569.8,2754.29,10692.0595703125,4.010000228881836,56.84535598754883,32.02000045776367
2022-10-15,64.31,1156.23,1569.8,2754.29,10692.0595703125,4.010000228881836,56.84535598754883,32.02000045776367
2022-10-16,64.31,1156.23,1569.8,2754.29,10692.0595703125,4.010000228881836,56.84535598754883,32.02000045776367
2022-10-17,67.02,1188.15,1632.4,2846.27,11062.5302734375,4.014999866485596,58.577980041503906,31.3700008392334
2022-10-18,67.03,1207.53,1651.1,2877.25,11147.740234375,3.997999906539917,59.074398040771484,30.5
2022-10-19,66.3,1190.35,1637.98,2858.92,11103.3798828125,4.126999855041504,58.904056549072266,30.760000228881836
2022-10-20,69.25,1189.71,1641.76,2858.62,11046.7099609375,4.22599983215332,58.93812561035156,29.979999542236328
2022-10-21,72.7,1203.14,1676.46,2902.72,11310.330078125,4.2129998207092285,60.51499938964844,29.690000534057617
2022-10-22,72.7,1203.14,1676.46,2902.72,11310.330078125,4.2129998207092285,60.51499938964844,29.690000534057617
2022-10-23,72.7,1203.14,1676.46,2902.72,11310.330078125,4.2129998207092285,60.51499938964844,29.690000534057617
2022-10-24,72.92,1215.05,1692.52,2891.82,11430.259765625,4.234000205993652,61.35210418701172,29.850000381469727
2022-10-25,73.14,1247.07,1732.74,2956.92,11669.990234375,4.107999801635742,62.5250129699707,28.459999084472656
2022-10-26,74.82,1255.38,1683.5,2940.7,11405.900390625,4.014999866485596,61.13309097290039,27.280000686645508
2022-10-27,75.15,1258.58,1649.72,2915.15,11191.6298828125,3.937000036239624,60.43712615966797,27.389999389648438
2022-10-28,77.36,1261.73,1698.7,2943.54,11546.2099609375,4.010000228881836,63.06524658203125,25.75
2022-10-29,77.36,1261.73,1698.7,2943.54,11546.2099609375,4.010000228881836,63.06524658203125,25.75
2022-10-30,77.36,1261.73,1698.7,2943.54,11546.2099609375,4.010000228881836,63.06524658203125,25.75
2022-10-31,78.07,1257.59,1673.74,2919.33,11405.5703125,4.077000141143799,62.23301696777344,25.8799991607666
2022-11-01,77.11,1261.38,1661.89,2932.03,11288.9501953125,4.052000045776367,61.71225357055664,25.809999465942383
2022-11-02,75.12,1225.05,1600.98,2848.29,10906.33984375,4.059000015258789,59.58054733276367,25.860000610351562
2022-11-03,75.03,1206.47,1567.31,2794.05,10690.599609375,4.124000072479248,57.82846450805664,25.299999237060547
2022-11-04,76.0,1219.57,1600.14,2818.36,10857.0302734375,4.156000137329102,58.884586334228516,24.549999237060547
2022-11-05,76.0,1219.57,1600.14,2818.36,10857.0302734375,4.156000137329102,58.884586334228516,24.549999237060547
2022-11-06,76.0,1219.57,1600.14,2818.36,10857.0302734375,4.156000137329102,58.884586334228516,24.549999237060547
2022-11-07,76.74,1232.02,1623.91,2857.5,10977.0,4.214000225067139,59.86769485473633,24.350000381469727
2022-11-08,75.64,1249.65,1641.31,2882.81,11059.5,4.125999927520752,60.44199752807617,25.540000915527344
2022-11-09,75.66,1224.3,1602.75,2817.26,10797.5498046875,4.151000022888184,58.86998748779297,26.09000015258789
2022-11-10,77.17,1313.7,1755.5,3009.9,11605.9599609375,3.8289999961853027,63.70769119262695,23.530000686645508
2022-11-11,77.74,1364.62,1790.0,3105.65,11817.009765625,3.812999963760376,64.79788970947266,22.520000457763672
2022-11-12,77.74,1364.62,1790.0,3105.65,11817.009765625,3.812999963760376,64.79788970947266,22.520000457763672
2022-11-13,77.74,1364.62,1790.0,3105.65,11817.009765625,3.812999963760376,64.79788970947266,22.520000457763672
2022-11-14,78.53,1342.56,1780.0,3092.96,11700.9404296875,3.865000009536743,64.2430419921875,23.729999542236328
2022-11-15,79.18,1362.8,1814.79,3177.29,11871.150390625,3.7990000247955322,65.02175903320312,24.540000915527344
2022-11-16,79.89,1333.45,1777.1,3123.45,11699.08984375,3.691999912261963,64.131103515625,24.110000610351562
2022-11-17,79.2,1314.98,1763.6,3102.9,11676.8603515625,3.7750000953674316,64.21382904052734,23.93000030517578
2022-11-18,79.73,1318.36,1765.36,3103.34,11677.01953125,3.818000078201294,64.28682708740234,23.1200008392334
2022-11-19,79.73,1318.36,1765.36,3103.34,11677.01953125,3.818000078201294,64.28682708740234,23.1200008392334
2022-11-20,79.73,1318.36,1765.36,3103.34,11677.01953125,3.818000078201294,64.28682708740234,23.1200008392334
2022-11-21,79.82,1297.84,1746.93,3046.15,11553.4501953125,3.825000047683716,63.59574508666992,22.360000610351562
2022-11-22,82.12,1307.94,1780.14,3074.71,11724.83984375,3.757999897003174,64.82705688476562,21.290000915527344
2022-11-23,82.56,1324.23,1800.4,3115.89,11838.7197265625,3.7060000896453857,65.4013671875,20.350000381469727
2022-11-24,82.56,1336.82,1800.4,3123.89,11838.7197265625,3.7060000896453857,65.4013671875,20.350000381469727
2022-11-25,82.72,1333.66,1790.72,3103.14,11756.0302734375,3.690999984741211,65.02175903320312,20.5
2022-11-26,82.72,1333.66,1790.72,3103.14,11756.0302734375,3.690999984741211,65.02175903320312,20.5
2022-11-27,82.72,1333.66,1790.72,3103.14,11756.0302734375,3.690999984741211,65.02175903320312,20.5
2022-11-28,81.39,1307.32,1761.06,3060.02,11587.75,3.703000068664551,63.62982177734375,22.209999084472656
2022-11-29,80.85,1294.82,1749.75,3064.63,11503.4501953125,3.747999906539917,63.00685119628906,21.889999389648438
2022-11-30,83.03,1325.36,1841.98,3201.81,12030.0595703125,3.703000068664551,66.17031860351562,20.579999923706055
2022-12-01,84.11,1356.09,1844.77,3234.16,12041.8896484375,3.5290000438690186,66.2627944946289,19.84000015258789
2022-12-02,83.35,1355.07,1831.58,3225.98,11994.259765625,3.50600004196167,65.8783187866211,19.059999465942383
2022-12-03,83.35,1355.07,1831.58,3225.98,11994.259765625,3.50600004196167,65.8783187866211,19.059999465942383
2022-12-04,83.35,1355.07,1831.58,3225.98,11994.259765625,3.50600004196167,65.8783187866211,19.059999465942383
2022-12-05,79.43,1330.8,1792.73,3169.55,11786.7998046875,3.5989999771118164,64.78325653076172,20.75
2022-12-06,78.91,1301.79,1748.75,3112.17,11549.6904296875,3.513000011444092,63.39618682861328,22.170000076293945
2022-12-07,78.78,1291.98,1742.38,3081.36,11497.3896484375,3.4079999923706055,63.07498550415039,22.68000030517578
2022-12-08,80.07,1310.37,1770.18,3137.36,11637.5,3.490999937057495,64.10676574707031,22.290000915527344
2022-12-09,79.86,1309.98,1755.61,3146.25,11563.330078125,3.566999912261963,63.71255111694336,22.829999923706055
2022-12-10,79.86,1309.98,1755.61,3146.25,11563.330078125,3.566999912261963,63.71255111694336,22.829999923706055
2022-12-11,79.86,1309.98,1755.61,3146.25,11563.330078125,3.566999912261963,63.71255111694336,22.829999923706055
2022-12-12,81.28,1325.12,1785.2,3159.9,11706.4404296875,3.6110000610351562,65.10447692871094,25.0
2022-12-13,80.56,1353.03,1814.66,3203.37,11834.2099609375,3.500999927520752,65.87346649169922,22.549999237060547
2022-12-14,81.82,1349.38,1795.57,3196.4,11740.919921875,3.503000020980835,65.31863403320312,21.139999389648438
2022-12-15,80.07,1305.92,1728.38,3076.57,11345.2197265625,3.450000047683716,62.87544631958008,22.829999923706055
2022-12-16,79.58,1287.47,1710.98,3046.28,11243.7197265625,3.4820001125335693,62.04319763183594,22.6200008392334
2022-12-17,79.58,1287.47,1710.98,3046.28,11243.7197265625,3.4820001125335693,62.04319763183594,22.6200008392334
2022-12-18,79.58,1287.47,1710.98,3046.28,11243.7197265625,3.4820001125335693,62.04319763183594,22.6200008392334
2022-12-19,80.5,1268.49,1679.89,3010.76,11084.58984375,3.5810000896453857,61.21588897705078,22.420000076293945
2022-12-20,80.94,1267.25,1685.14,3010.91,11072.419921875,3.684000015258789,61.308624267578125,21.479999542236328
2022-12-21,81.5,1278.51,1717.77,3048.21,11235.8798828125,3.684000015258789,62.3238525390625,20.06999969482422
2022-12-22,80.49,1252.4,1668.99,3008.54,10956.1396484375,3.6689999103546143,60.75221252441406,21.969999313354492
2022-12-23,80.85,1248.93,1673.15,3001.32,10985.4501953125,3.750999927520752,60.815650939941406,20.8700008392334
2022-12-24,80.85,1248.93,1673.15,3001.32,10985.4501953125,3.750999927520752,60.815650939941406,20.8700008392334
2022-12-25,80.85,1248.93,1673.15,3001.32,10985.4501953125,3.750999927520752,60.815650939941406,20.8700008392334
2022-12-26,80.85,1249.07,1673.15,2999.91,10985.4501953125,3.750999927520752,60.815650939941406,20.8700008392334
2022-12-27,80.98,1239.67,1647.17,2977.18,10822.509765625,3.859999895095825,60.239715576171875,21.649999618530273
2022-12-28,80.33,1228.49,1627.11,2942.15,10679.33984375,3.88700008392334,59.26842498779297,22.139999389648438
2022-12-29,81.4,1257.31,1671.88,3015.52,10951.0498046875,3.8350000381469727,60.8205451965332,21.440000534057617
2022-12-30,81.74,1254.6,1669.39,3006.16,10939.759765625,3.878999948501587,60.73756790161133,21.670000076293945
2022-12-31,81.74,1254.6,1669.39,3006.16,10939.759765625,3.878999948501587,60.73756790161133,21.670000076293945
2023-01-01,81.74,1254.6,1669.39,3006.16,10939.759765625,3.878999948501587,60.73756790161133,21.670000076293945
2023-01-02,81.74,1263.93,1669.39,3007.69,10939.759765625,3.878999948501587,60.73756790161133,21.670000076293945
2023-01-03,83.72,1264.37,1668.82,3019.41,10862.6396484375,3.7929999828338623,60.1616325378418,22.899999618530273
2023-01-04,84.48,1281.65,1677.19,3087.59,10914.7998046875,3.7090001106262207,60.317813873291016,22.010000228881836
2023-01-05,84.31,1260.69,1639.62,3045.28,10741.2197265625,3.7200000286102295,59.14639663696289,22.459999084472656
2023-01-06,85.66,1283.15,1683.45,3103.6,11040.349609375,3.569000005722046,60.87911605834961,21.1299991607666
2023-01-07,85.66,1283.15,1683.45,3103.6,11040.349609375,3.569000005722046,60.87911605834961,21.1299991607666
2023-01-08,85.66,1283.15,1683.45,3103.6,11040.349609375,3.569000005722046,60.87911605834961,21.1299991607666
2023-01-09,86.42,1311.45,1709.58,3158.77,11108.4501953125,3.5169999599456787,61.58684158325195,21.969999313354492
2023-01-10,86.5,1311.52,1727.62,3179.87,11205.7802734375,3.621000051498413,61.96754455566406,20.579999923706055
2023-01-11,88.6,1337.96,1756.17,3221.92,11402.51953125,3.553999900817871,63.04133987426758,21.09000015258789
2023-01-12,88.78,1357.14,1773.05,3243.87,11459.6103515625,3.4489998817443848,63.50989532470703,18.829999923706055
2023-01-13,89.2,1366.9,1783.98,3268.36,11541.48046875,3.510999917984009,63.69050216674805,18.350000381469727
2023-01-14,89.2,1366.9,1783.98,3268.36,11541.48046875,3.510999917984009,63.69050216674805,18.350000381469727
2023-01-15,89.2,1366.9,1783.98,3268.36,11541.48046875,3.510999917984009,63.69050216674805,18.350000381469727
2023-01-16,89.2,1361.93,1783.98,3268.06,11541.48046875,3.510999917984009,63.69050216674805,18.350000381469727
2023-01-17,88.6,1375.37,1791.9,3273.14,11557.1904296875,3.5350000858306885,63.978458404541016,19.360000610351562
2023-01-18,86.71,1373.68,1768.26,3241.32,11410.2900390625,3.375,63.15359878540039,20.34000015258789
2023-01-19,85.94,1348.39,1745.61,3213.16,11295.669921875,3.3970000743865967,62.416587829589844,20.520000457763672
2023-01-20,87.25,1369.75,1803.25,3303.84,11619.0302734375,3.4839999675750732,64.10537719726562,19.850000381469727
2023-01-21,87.25,1369.75,1803.25,3303.84,11619.0302734375,3.4839999675750732,64.10537719726562,19.850000381469727
2023-01-22,87.25,1369.75,1803.25,3303.84,11619.0302734375,3.4839999675750732,64.10537719726562,19.850000381469727
2023-01-23,88.97,1402.48,1856.02,3372.32,11872.5400390625,3.5250000953674316,65.56475830078125,19.809999465942383
2023-01-24,89.7,1398.39,1847.49,3365.0,11846.6396484375,3.4690001010894775,65.53546142578125,19.200000762939453
2023-01-25,89.64,1390.98,1842.76,3376.76,11814.6904296875,3.4619998931884766,65.39881134033203,19.079999923706055
2023-01-26,89.83,1410.2,1875.69,3435.09,12051.48046875,3.493000030517578,66.44330596923828,18.729999542236328
2023-01-27,88.99,1427.78,1890.51,3459.08,12166.599609375,3.5179998874664307,66.72151184082031,18.510000228881836
2023-01-28,88.99,1427.78,1890.51,3459.08,12166.599609375,3.5179998874664307,66.72151184082031,18.510000228881836
2023-01-29,88.99,1427.78,1890.51,3459.08,12166.599609375,3.5179998874664307,66.72151184082031,18.510000228881836
2023-01-30,87.35,1404.76,1847.82,3387.06,11912.3896484375,3.5510001182556152,65.44761657714844,19.940000534057617
2023-01-31,88.46,1430.7,1883.37,3419.17,12101.9296875,3.5290000438690186,66.36033630371094,19.399999618530273
2023-02-01,90.05,1473.78,1950.45,3506.21,12363.099609375,3.3970000743865967,67.9222183227539,17.8700008392334
2023-02-02,89.38,1514.87,2047.38,3621.22,12803.1396484375,3.3959999084472656,69.7769546508789,18.729999542236328
2023-02-03,89.62,1498.98,2011.3,3561.78,12573.3603515625,3.5320000648498535,69.19611358642578,18.329999923706055
2023-02-04,89.62,1498.98,2011.3,3561.78,12573.3603515625,3.5320000648498535,69.19611358642578,18.329999923706055
2023-02-05,89.62,1498.98,2011.3,3561.78,12573.3603515625,3.5320000648498535,69.19611358642578,18.329999923706055
2023-02-06,88.53,1475.73,1986.35,3505.43,12464.509765625,3.634000062942505,68.35172271728516,19.43000030517578
2023-02-07,87.74,1483.69,2035.31,3555.94,12728.26953125,3.6740000247955322,70.0600357055664,18.65999984741211
2023-02-08,86.69,1471.1,2002.53,3519.66,12495.3798828125,3.6530001163482666,69.21562957763672,19.6299991607666
2023-02-09,86.65,1455.34,1984.34,3517.14,12381.169921875,3.683000087738037,68.83493041992188,20.709999084472656
2023-02-10,87.14,1433.93,1955.68,3458.9,12304.919921875,3.74399995803833,68.5176773071289,20.530000686645508
2023-02-11,87.14,1433.93,1955.68,3458.9,12304.919921875,3.74399995803833,68.5176773071289,20.530000686645508
2023-02-12,87.14,1433.93,1955.68,3458.9,12304.919921875,3.74399995803833,68.5176773071289,20.530000686645508
2023-02-13,89.42,1441.8,1993.31,3500.98,12502.3095703125,3.7170000076293945,69.70372772216797,20.34000015258789
2023-02-14,89.09,1461.39,2019.86,3534.85,12590.8896484375,3.760999917984009,70.00146484375,18.90999984741211
2023-02-15,88.34,1477.61,2033.99,3565.62,12687.8896484375,3.809000015258789,70.3284683227539,18.229999542236328
2023-02-16,87.72,1471.14,1986.33,3512.61,12442.48046875,3.8429999351501465,69.1082534790039,20.170000076293945
2023-02-17,87.28,1454.48,1961.39,3461.41,12358.1796875,3.828000068664551,68.24434661865234,20.020000457763672
2023-02-18,87.28,1454.48,1961.39,3461.41,12358.1796875,3.828000068664551,68.24434661865234,20.020000457763672
2023-02-19,87.28,1454.48,1961.39,3461.41,12358.1796875,3.828000068664551,68.24434661865234,20.020000457763672
2023-02-20,87.28,1455.92,1961.39,3463.81,12358.1796875,3.828000068664551,68.24434661865234,20.020000457763672
2023-02-21,86.2,1417.62,1913.4,3379.43,12060.2998046875,3.9549999237060547,66.62389373779297,22.8700008392334
2023-02-22,86.32,1427.09,1915.22,3377.36,12066.26953125,3.9230000972747803,66.52628326416016,22.290000915527344
2023-02-23,88.58,1437.22,1952.47,3409.46,12180.1396484375,3.878999948501587,67.62935638427734,21.139999389648438
2023-02-24,88.66,1413.35,1925.01,3339.9,11969.650390625,3.9489998817443848,66.42377471923828,21.670000076293945
2023-02-25,88.66,1413.35,1925.01,3339.9,11969.650390625,3.9489998817443848,66.42377471923828,21.670000076293945
2023-02-26,88.66,1413.35,1925.01,3339.9,11969.650390625,3.9489998817443848,66.42377471923828,21.670000076293945
2023-02-27,87.96,1425.93,1932.79,3358.84,12057.7900390625,3.921999931335449,66.78008270263672,20.950000762939453
2023-02-28,87.4,1431.94,1936.63,3356.3,12042.1201171875,3.9159998893737793,66.63365936279297,20.700000762939453
2023-03-01,86.34,1427.52,1925.96,3356.11,11938.5703125,3.99399995803833,66.14557647705078,20.579999923706055
2023-03-02,86.97,1433.19,1958.03,3383.61,12044.8701171875,4.072999954223633,66.9606704711914,19.59000015258789
2023-03-03,89.25,1476.32,2005.84,3439.92,12290.8095703125,3.9639999866485596,68.40054321289062,18.489999771118164
2023-03-04,89.25,1476.32,2005.84,3439.92,12290.8095703125,3.9639999866485596,68.40054321289062,18.489999771118164
2023-03-05,89.25,1476.32,2005.84,3439.92,12290.8095703125,3.9639999866485596,68.40054321289062,18.489999771118164
2023-03-06,89.74,1480.18,2003.48,3439.71,12302.48046875,3.9830000400543213,68.7275390625,18.610000610351562
2023-03-07,88.36,1454.84,1986.89,3396.47,12152.169921875,3.9749999046325684,67.8733901977539,19.59000015258789
2023-03-08,88.49,1459.37,2010.02,3400.38,12215.330078125,3.9760000705718994,68.43470764160156,19.110000610351562
2023-03-09,86.87,1435.83,1976.89,3336.18,11995.8798828125,3.924999952316284,67.45365142822266,22.610000610351562
2023-03-10,84.07,1405.45,1944.13,3278.27,11830.2802734375,3.694999933242798,66.26759338378906,24.799999237060547
2023-03-11,84.07,1405.45,1944.13,3278.27,11830.2802734375,3.694999933242798,66.26759338378906,24.799999237060547
2023-03-12,84.07,1405.45,1944.13,3278.27,11830.2802734375,3.694999933242798,66.26759338378906,24.799999237060547
2023-03-13,84.93,1401.53,1953.55,3284.2,11923.169921875,3.515000104904175,66.62877655029297,26.520000457763672
2023-03-14,84.56,1411.35,2017.0,3344.65,12199.7900390625,3.638000011444092,68.166259765625,23.729999542236328
2023-03-15,82.98,1390.91,2022.88,3328.91,12251.3203125,3.492000102996826,68.2052993774414,26.139999389648438
2023-03-16,84.82,1420.82,2098.48,3415.39,12581.3896484375,3.5850000381469727,70.11860656738281,22.989999771118164
2023-03-17,85.26,1408.84,2081.54,3407.94,12519.8798828125,3.3949999809265137,70.02098846435547,25.510000228881836
2023-03-18,85.26,1408.84,2081.54,3407.94,12519.8798828125,3.3949999809265137,70.02098846435547,25.510000228881836
2023-03-19,85.26,1408.84,2081.54,3407.94,12519.8798828125,3.3949999809265137,70.02098846435547,25.510000228881836
2023-03-20,86.96,1408.91,2089.9,3417.02,12562.6103515625,3.4809999465942383,70.20980834960938,24.149999618530273
2023-03-21,87.58,1429.06,2119.4,3477.52,12741.4404296875,3.6059999465942383,70.7772445678711,21.3799991607666
2023-03-22,87.9,1410.51,2095.82,3439.05,12567.150390625,3.5,70.07284545898438,22.260000228881836
2023-03-23,87.78,1431.12,2132.56,3511.91,12729.23046875,3.4059998989105225,71.21259307861328,22.610000610351562
2023-03-24,88.01,1415.89,2131.01,3503.22,12767.0498046875,3.380000114440918,71.39847564697266,21.739999771118164
2023-03-25,88.01,1415.89,2131.01,3503.22,12767.0498046875,3.380000114440918,71.39847564697266,21.739999771118164
2023-03-26,88.01,1415.89,2131.01,3503.22,12767.0498046875,3.380000114440918,71.39847564697266,21.739999771118164
2023-03-27,90.14,1419.78,2115.26,3489.56,12673.0703125,3.5280001163482666,70.8457260131836,20.600000381469727
2023-03-28,89.85,1415.07,2100.97,3491.2,12610.5703125,3.563999891281128,70.51307678222656,19.969999313354492
2023-03-29,90.62,1437.68,2145.2,3561.75,12846.0302734375,3.565999984741211,71.99034881591797,19.1200008392334
2023-03-30,90.51,1454.57,2165.19,3599.61,12963.1396484375,3.5510001182556152,72.82682800292969,19.020000457763672
2023-03-31,92.92,1488.65,2204.52,3662.71,13181.349609375,3.49399995803833,73.86875915527344,18.700000762939453
2023-04-01,92.92,1488.65,2204.52,3662.71,13181.349609375,3.49399995803833,73.86875915527344,18.700000762939453
2023-04-02,92.92,1488.65,2204.52,3662.71,13181.349609375,3.49399995803833,73.86875915527344,18.700000762939453
2023-04-03,93.92,1484.37,2203.46,3641.21,13148.349609375,3.430000066757202,73.7513656616211,18.549999237060547
2023-04-04,94.0,1471.69,2195.37,3633.06,13100.080078125,3.3369998931884766,73.34534454345703,19.0
2023-04-05,94.89,1438.13,2160.52,3583.26,12967.2001953125,3.2869999408721924,72.50885772705078,19.079999923706055
2023-04-06,95.92,1438.18,2172.2,3586.99,13062.599609375,3.2880001068115234,72.91976928710938,18.399999618530273
2023-04-07,95.92,1440.28,2172.2,3594.62,13062.599609375,3.2880001068115234,72.91976928710938,18.399999618530273
2023-04-08,95.92,1440.28,2172.2,3594.62,13062.599609375,3.2880001068115234,72.91976928710938,18.399999618530273
2023-04-09,95.92,1440.28,2172.2,3594.62,13062.599609375,3.2880001068115234,72.91976928710938,18.399999618530273
2023-04-10,93.76,1443.58,2179.19,3590.04,13051.23046875,3.4149999618530273,72.88065338134766,18.969999313354492
2023-04-11,93.97,1449.06,2160.17,3576.84,12964.150390625,3.434000015258789,72.1958236694336,19.100000381469727
2023-04-12,93.9,1442.65,2144.66,3542.85,12848.349609375,3.4210000038146973,71.78490447998047,19.09000015258789
2023-04-13,95.55,1463.82,2183.3,3599.89,13109.3896484375,3.4519999027252197,73.12031555175781,17.799999237060547
2023-04-14,95.71,1456.16,2180.94,3585.77,13079.51953125,3.5220000743865967,72.71432495117188,17.06999969482422
2023-04-15,95.71,1456.16,2180.94,3585.77,13079.51953125,3.5220000743865967,72.71432495117188,17.06999969482422
2023-04-16,95.71,1456.16,2180.94,3585.77,13079.51953125,3.5220000743865967,72.71432495117188,17.06999969482422
2023-04-17,95.59,1460.62,2179.24,3595.6,13087.7099609375,3.5910000801086426,72.97848510742188,16.950000762939453
2023-04-18,96.47,1464.07,2181.54,3594.73,13091.7900390625,3.572000026702881,73.20348358154297,16.829999923706055
2023-04-19,95.81,1451.58,2175.59,3569.87,13088.7099609375,3.6019999980926514,72.99313354492188,16.459999084472656
2023-04-20,94.83,1438.23,2156.92,3532.57,12985.98046875,3.5450000762939453,72.5137710571289,17.170000076293945
2023-04-21,95.15,1438.34,2159.53,3530.24,13000.76953125,3.569999933242798,72.2789535522461,16.770000457763672
2023-04-22,95.15,1438.34,2159.53,3530.24,13000.76953125,3.569999933242798,72.2789535522461,16.770000457763672
2023-04-23,95.15,1438.34,2159.53,3530.24,13000.76953125,3.569999933242798,72.2789535522461,16.770000457763672
2023-04-24,95.44,1432.91,2148.53,3508.9,12969.759765625,3.515000104904175,71.96100616455078,16.889999389648438
2023-04-25,94.06,1402.06,2096.5,3427.91,12725.1103515625,3.3959999084472656,70.42503356933594,18.760000228881836
2023-04-26,93.71,1396.287,2120.32,3446.61,12806.48046875,3.431999921798706,71.47183990478516,18.84000015258789
2023-04-27,95.04,1411.63,2182.51,3513.66,13160.0302734375,3.5280001163482666,72.9882583618164,17.030000686645508
2023-04-28,94.72,1419.74,2196.36,3540.47,13245.990234375,3.4519999027252197,73.78070831298828,15.779999732971191
2023-04-29,94.72,1419.74,2196.36,3540.47,13245.990234375,3.4519999027252197,73.78070831298828,15.779999732971191
2023-04-30,94.72,1419.74,2196.36,3540.47,13245.990234375,3.4519999027252197,73.78070831298828,15.779999732971191
2023-05-01,94.87,1420.65,2203.99,3538.52,13231.4697265625,3.5739998817443848,73.82472229003906,16.079999923706055
2023-05-02,94.8,1405.5,2163.65,3511.07,13113.66015625,3.438999891281128,73.135009765625,17.780000686645508
2023-05-03,94.78,1406.76,2151.05,3497.62,13030.2099609375,3.4030001163482666,72.51866149902344,18.34000015258789
2023-05-04,94.97,1396.0,2149.98,3487.86,12982.48046875,3.3510000705718994,72.17135620117188,20.09000015258789
2023-05-05,96.97,1416.66,2184.35,3544.47,13259.1298828125,3.446000099182129,73.98126983642578,17.190000534057617
2023-05-06,96.97,1416.66,2184.35,3544.47,13259.1298828125,3.446000099182129,73.98126983642578,17.190000534057617
2023-05-07,96.97,1416.66,2184.35,3544.47,13259.1298828125,3.446000099182129,73.98126983642578,17.190000534057617
2023-05-08,96.79,1426.96,2195.4,3562.27,13291.6396484375,3.5209999084472656,73.942138671875,16.979999542236328
2023-05-09,96.14,1420.86,2185.57,3539.27,13201.1103515625,3.5209999084472656,73.37468719482422,17.709999084472656
2023-05-10,97.52,1436.86,2222.56,3570.63,13347.830078125,3.438999891281128,74.26986694335938,16.940000534057617
2023-05-11,97.44,1428.04,2222.09,3568.83,13389.7802734375,3.3970000743865967,73.93722534179688,16.93000030517578
2023-05-12,97.85,1420.18,2214.59,3558.08,13340.1796875,3.4630000591278076,73.83939361572266,17.030000686645508
2023-05-13,97.85,1420.18,2214.59,3558.08,13340.1796875,3.4630000591278076,73.83939361572266,17.030000686645508
2023-05-14,97.85,1420.18,2214.59,3558.08,13340.1796875,3.4630000591278076,73.83939361572266,17.030000686645508
2023-05-15,97.26,1435.57,2238.78,3597.91,13413.509765625,3.507999897003174,74.45086669921875,17.1200008392334
2023-05-16,98.25,1433.1,2250.54,3608.03,13426.009765625,3.5490000247955322,74.52910614013672,17.989999771118164
2023-05-17,99.77,1453.81,2281.34,3662.11,13589.259765625,3.5810000896453857,75.5221176147461,16.8700008392334
2023-05-18,102.34,1477.04,2336.91,3736.01,13834.6201171875,3.6480000019073486,77.06788635253906,16.049999237060547
2023-05-19,102.84,1483.58,2328.43,3741.87,13803.490234375,3.691999912261963,77.03364562988281,16.809999465942383
2023-05-20,102.84,1483.58,2328.43,3741.87,13803.490234375,3.691999912261963,77.03364562988281,16.809999465942383
2023-05-21,102.84,1483.58,2328.43,3741.87,13803.490234375,3.691999912261963,77.03364562988281,16.809999465942383
2023-05-22,101.77,1501.09,2343.65,3772.73,13849.740234375,3.7190001010894775,77.1803970336914,17.209999084472656
2023-05-23,98.54,1480.47,2310.46,3721.85,13672.5400390625,3.697999954223633,76.0406494140625,18.530000686645508
2023-05-24,98.32,1471.0,2301.22,3696.9,13604.48046875,3.7190001010894775,75.48299407958984,20.030000686645508
2023-05-25,104.29,1483.38,2386.77,3771.53,13938.5302734375,3.813999891281128,78.37884521484375,19.139999389648438
2023-05-26,104.08,1518.56,2464.3,3875.53,14298.41015625,3.809999942779541,80.60453796386719,17.950000762939453
2023-05-27,104.08,1518.56,2464.3,3875.53,14298.41015625,3.809999942779541,80.60453796386719,17.950000762939453
2023-05-28,104.08,1518.56,2464.3,3875.53,14298.41015625,3.809999942779541,80.60453796386719,17.950000762939453
2023-05-29,104.08,1520.28,2464.3,3869.99,14298.41015625,3.809999942779541,80.60453796386719,17.950000762939453
2023-05-30,105.15,1550.02,2494.71,3918.2,14354.990234375,3.700000047683716,81.03501892089844,17.459999084472656
2023-05-31,105.94,1533.28,2465.83,3895.85,14254.08984375,3.63700008392334,80.3599624633789,17.940000534057617
2023-06-01,105.99,1538.2,2494.33,3944.07,14441.509765625,3.6080000400543213,81.17686462402344,15.649999618530273
2023-06-02,105.89,1557.86,2499.4,3983.16,14546.6396484375,3.690999984741211,81.64159393310547,14.600000381469727
2023-06-03,105.89,1557.86,2499.4,3983.16,14546.6396484375,3.690999984741211,81.64159393310547,14.600000381469727
2023-06-04,105.89,1557.86,2499.4,3983.16,14546.6396484375,3.690999984741211,81.64159393310547,14.600000381469727
2023-06-05,106.93,1568.81,2491.32,3980.58,14556.5,3.693000078201294,81.17198944091797,14.729999542236328
2023-06-06,107.1,1580.22,2506.99,4000.29,14558.08984375,3.6989998817443848,81.15241241455078,13.960000038146973
2023-06-07,105.25,1567.65,2454.03,3947.93,14303.2900390625,3.7839999198913574,79.93928527832031,13.9399995803833
2023-06-08,107.48,1568.11,2484.23,3992.25,14484.5400390625,3.7139999866485596,80.80511474609375,13.649999618530273
2023-06-09,109.85,1571.3,2490.24,4029.55,14528.3603515625,3.744999885559082,81.20621490478516,13.829999923706055
2023-06-10,109.85,1571.3,2490.24,4029.55,14528.3603515625,3.744999885559082,81.20621490478516,13.829999923706055
2023-06-11,109.85,1571.3,2490.24,4029.55,14528.3603515625,3.744999885559082,81.20621490478516,13.829999923706055
2023-06-12,116.43,1595.08,2542.45,4102.42,14784.2998046875,3.765000104904175,82.97210693359375,15.010000228881836
2023-06-13,116.68,1627.47,2560.79,4159.48,14900.849609375,3.8389999866485596,83.47594451904297,14.609999656677246
2023-06-14,122.27,1631.22,2585.5,4189.97,15005.6904296875,3.7960000038146973,84.33687591552734,13.880000114440918
2023-06-15,126.55,1640.3,2606.36,4247.31,15185.48046875,3.7279999256134033,85.4228286743164,14.5
2023-06-16,125.46,1631.31,2583.7,4230.69,15083.919921875,3.7690000534057617,84.71843719482422,13.539999961853027
2023-06-17,125.46,1631.31,2583.7,4230.69,15083.919921875,3.7690000534057617,84.71843719482422,13.539999961853027
2023-06-18,125.46,1631.31,2583.7,4230.69,15083.919921875,3.7690000534057617,84.71843719482422,13.539999961853027
2023-06-19,125.46,1624.95,2583.7,4221.74,15083.919921875,3.7690000534057617,84.71843719482422,13.539999961853027
2023-06-20,122.04,1607.2,2578.53,4202.11,15070.150390625,3.7290000915527344,84.14588928222656,13.880000114440918
2023-06-21,122.1,1581.31,2529.41,4127.37,14867.4501953125,3.7230000495910645,82.90081024169922,13.199999809265137
2023-06-22,120.58,1578.04,2548.08,4145.0,15042.3203125,3.7990000247955322,83.57726287841797,12.90999984741211
2023-06-23,118.64,1548.54,2519.9,4100.29,14891.48046875,3.739000082015991,82.67041015625,13.4399995803833
2023-06-24,118.64,1548.54,2519.9,4100.29,14891.48046875,3.739000082015991,82.67041015625,13.4399995803833
2023-06-25,118.64,1548.54,2519.9,4100.29,14891.48046875,3.739000082015991,82.67041015625,13.4399995803833
2023-06-26,116.78,1536.84,2484.83,4062.29,14689.01953125,3.7190001010894775,82.07728576660156,14.25
2023-06-27,117.84,1554.74,2535.81,4124.07,14945.91015625,3.7679998874664307,83.69490051269531,13.739999771118164
2023-06-28,116.53,1570.51,2535.1,4131.44,14964.5703125,3.7100000381469727,83.74393463134766,13.430000305175781
2023-06-29,117.78,1577.42,2535.67,4124.56,14939.9501953125,3.8540000915527344,83.89097595214844,13.539999961853027
2023-06-30,119.09,1594.35,2579.04,4175.83,15179.2099609375,3.819000005722046,85.22430419921875,13.59000015258789
2023-07-01,119.09,1594.35,2579.04,4175.83,15179.2099609375,3.819000005722046,85.22430419921875,13.59000015258789
2023-07-02,119.09,1594.35,2579.04,4175.83,15179.2099609375,3.819000005722046,85.22430419921875,13.59000015258789
2023-07-03,117.15,1599.28,2577.43,4196.34,15208.6904296875,3.8580000400543213,85.04293823242188,13.569999694824219
2023-07-04,117.15,1600.19,2577.43,4196.39,15208.6904296875,3.8580000400543213,85.04293823242188,13.569999694824219
2023-07-05,115.96,1594.74,2578.63,4190.66,15203.7802734375,3.944999933242798,84.51842498779297,14.180000305175781
2023-07-06,115.45,1563.45,2557.42,4131.48,15089.4501953125,4.040999889373779,84.29293823242188,15.4399995803833
2023-07-07,114.61,1572.91,2554.81,4131.9,15036.849609375,4.050000190734863,83.92528533935547,14.829999923706055
2023-07-08,114.61,1572.91,2554.81,4131.9,15036.849609375,4.050000190734863,83.92528533935547,14.829999923706055
2023-07-09,114.61,1572.91,2554.81,4131.9,15036.849609375,4.050000190734863,83.92528533935547,14.829999923706055
2023-07-10,114.38,1595.82,2564.42,4156.75,15045.6396484375,4.00600004196167,84.14588928222656,15.069999694824219
2023-07-11,114.88,1609.39,2577.73,4200.08,15119.0595703125,3.9800000190734863,84.3272476196289,14.84000015258789
2023-07-12,116.02,1627.87,2621.72,4265.99,15307.23046875,3.8610000610351562,85.28311920166016,13.539999961853027
2023-07-13,117.45,1650.77,2669.96,4355.09,15571.98046875,3.760999917984009,86.39585876464844,13.609999656677246
2023-07-14,119.27,1630.71,2657.95,4345.08,15565.599609375,3.819000005722046,86.26839447021484,13.34000015258789
2023-07-15,119.27,1630.71,2657.95,4345.08,15565.599609375,3.819000005722046,86.26839447021484,13.34000015258789
2023-07-16,119.27,1630.71,2657.95,4345.08,15565.599609375,3.819000005722046,86.26839447021484,13.34000015258789
2023-07-17,118.89,1641.15,2691.46,4384.14,15713.2802734375,3.796999931335449,87.37133026123047,13.479999542236328
2023-07-18,120.77,1651.73,2712.24,4412.92,15841.349609375,3.7890000343322754,88.36151123046875,13.300000190734863
2023-07-19,118.69,1659.23,2711.13,4411.44,15826.349609375,3.742000102996826,88.14092254638672,13.760000228881836
2023-07-20,115.88,1619.62,2641.85,4296.97,15466.08984375,3.8540000915527344,86.38115692138672,13.989999771118164
2023-07-21,117.65,1619.23,2635.09,4285.25,15425.669921875,3.8369998931884766,86.3370361328125,13.600000381469727
2023-07-22,117.65,1619.23,2635.09,4285.25,15425.669921875,3.8369998931884766,86.3370361328125,13.600000381469727
2023-07-23,117.65,1619.23,2635.09,4285.25,15425.669921875,3.8369998931884766,86.3370361328125,13.600000381469727
2023-07-24,118.07,1621.89,2628.37,4291.78,15448.01953125,3.8570001125335693,86.48898315429688,13.90999984741211
2023-07-25,117.95,1625.31,2663.67,4328.83,15561.419921875,3.9119999408721924,87.47918701171875,13.859999656677246
2023-07-26,115.5,1633.2,2651.62,4318.27,15499.259765625,3.8510000705718994,86.30269622802734,13.1899995803833
2023-07-27,116.4,1614.37,2653.37,4325.88,15464.9296875,4.01200008392334,86.05271911621094,14.40999984741211
2023-07-28,115.99,1618.05,2703.39,4410.37,15750.9296875,3.9690001010894775,87.22428131103516,13.329999923706055
2023-07-29,115.99,1618.05,2703.39,4410.37,15750.9296875,3.9690001010894775,87.22428131103516,13.329999923706055
2023-07-30,115.99,1618.05,2703.39,4410.37,15750.9296875,3.9690001010894775,87.22428131103516,13.329999923706055
2023-07-31,117.23,1631.6,2706.91,4430.66,15757.0,3.9590001106262207,87.42525482177734,13.630000114440918
2023-08-01,117.91,1624.06,2727.27,4407.65,15718.009765625,4.051000118255615,87.57231140136719,13.930000305175781
2023-08-02,115.71,1568.62,2652.05,4291.11,15370.740234375,4.078000068664551,85.40567016601562,16.09000015258789
2023-08-03,114.55,1560.21,2653.82,4263.78,15353.5400390625,4.189000129699707,85.05764770507812,15.920000076293945
2023-08-04,114.44,1558.62,2650.78,4256.65,15274.919921875,4.059999942779541,83.90079498291016,17.100000381469727
2023-08-05,114.44,1558.62,2650.78,4256.65,15274.919921875,4.059999942779541,83.90079498291016,17.100000381469727
2023-08-06,114.44,1558.62,2650.78,4256.65,15274.919921875,4.059999942779541,83.90079498291016,17.100000381469727
2023-08-07,116.1,1561.29,2674.53,4280.67,15407.849609375,4.078000068664551,84.13609313964844,15.770000457763672
2023-08-08,115.23,1536.58,2643.73,4221.08,15273.0498046875,4.026000022888184,83.48905181884766,15.989999771118164
2023-08-09,113.1,1522.84,2592.29,4173.82,15101.7099609375,4.01200008392334,82.41060638427734,15.960000038146973
2023-08-10,112.99,1523.96,2591.86,4185.03,15128.83984375,4.079999923706055,82.42042541503906,15.850000381469727
2023-08-11,113.06,1509.13,2572.42,4143.2,15028.0703125,4.168000221252441,81.81259155273438,14.84000015258789
2023-08-12,113.06,1509.13,2572.42,4143.2,15028.0703125,4.168000221252441,81.81259155273438,14.84000015258789
2023-08-13,113.06,1509.13,2572.42,4143.2,15028.0703125,4.168000221252441,81.81259155273438,14.84000015258789
2023-08-14,115.57,1508.26,2624.03,4173.18,15205.58984375,4.184000015258789,83.11648559570312,14.819999694824219
2023-08-15,117.29,1494.04,2599.62,4133.99,15037.650390625,4.2210001945495605,82.2978744506836,16.459999084472656
2023-08-16,115.34,1468.92,2567.35,4081.04,14876.4697265625,4.257999897003174,81.5135726928711,16.780000686645508
2023-08-17,114.88,1441.88,2537.29,4043.8,14715.8095703125,4.308000087738037,80.73907470703125,17.889999389648438
2023-08-18,116.46,1441.41,2533.32,4031.73,14694.83984375,4.250999927520752,80.86161041259766,17.299999237060547
2023-08-19,116.46,1441.41,2533.32,4031.73,14694.83984375,4.250999927520752,80.86161041259766,17.299999237060547
2023-08-20,116.46,1441.41,2533.32,4031.73,14694.83984375,4.250999927520752,80.86161041259766,17.299999237060547
2023-08-21,116.59,1450.38,2582.02,4081.33,14936.6904296875,4.3420000076293945,82.40573120117188,17.1299991607666
2023-08-22,116.54,1452.11,2573.74,4087.34,14908.9599609375,4.328000068664551,82.31256103515625,16.969999313354492
2023-08-23,117.84,1472.9,2625.04,4155.16,15148.0595703125,4.197999954223633,83.79785919189453,15.979999542236328
2023-08-24,112.91,1447.8,2562.73,4098.09,14816.4404296875,4.235000133514404,81.86650085449219,17.200000762939453
2023-08-25,116.06,1454.68,2580.3,4118.22,14941.830078125,4.238999843597412,82.6998291015625,15.680000305175781
2023-08-26,116.06,1454.68,2580.3,4118.22,14941.830078125,4.238999843597412,82.6998291015625,15.680000305175781
2023-08-27,116.06,1454.68,2580.3,4118.22,14941.830078125,4.238999843597412,82.6998291015625,15.680000305175781
2023-08-28,116.84,1469.26,2599.96,4154.61,15052.4599609375,4.211999893188477,83.37629699707031,15.079999923706055
2023-08-29,120.65,1490.99,2651.84,4238.37,15376.5498046875,4.122000217437744,85.0478286743164,14.449999809265137
2023-08-30,121.12,1500.65,2665.37,4261.09,15462.4296875,4.118000030517578,85.68999481201172,13.880000114440918
2023-08-31,120.39,1507.53,2684.12,4285.66,15501.0703125,4.0929999351501465,86.10662841796875,13.569999694824219
2023-09-01,120.93,1512.62,2696.2,4308.97,15490.8603515625,4.172999858856201,86.371337890625,13.09000015258789
2023-09-02,120.93,1512.62,2696.2,4308.97,15490.8603515625,4.172999858856201,86.371337890625,13.09000015258789
2023-09-03,120.93,1512.62,2696.2,4308.97,15490.8603515625,4.172999858856201,86.371337890625,13.09000015258789
2023-09-04,120.93,1514.21,2696.2,4316.14,15490.8603515625,4.172999858856201,86.371337890625,13.09000015258789
2023-09-05,123.98,1504.62,2698.87,4313.21,15508.240234375,4.26800012588501,86.68016052246094,14.010000228881836
2023-09-06,124.33,1505.18,2683.87,4292.17,15371.4404296875,4.289999961853027,85.76353454589844,14.449999809265137
2023-09-07,125.09,1483.79,2671.7,4254.8,15258.51953125,4.260000228881836,84.5233383178711,14.399999618530273
2023-09-08,126.32,1474.77,2672.09,4249.87,15280.23046875,4.257999897003174,84.69979095458984,13.84000015258789
2023-09-09,126.32,1474.77,2672.09,4249.87,15280.23046875,4.257999897003174,84.69979095458984,13.84000015258789
2023-09-10,126.32,1474.77,2672.09,4249.87,15280.23046875,4.257999897003174,84.69979095458984,13.84000015258789
2023-09-11,126.71,1482.42,2691.67,4298.84,15461.8701171875,4.288000106811523,85.14096069335938,13.800000190734863
2023-09-12,109.61,1468.34,2656.16,4228.27,15289.740234375,4.263999938964844,83.59688568115234,14.229999542236328
2023-09-13,111.84,1460.31,2671.2,4233.6,15348.5302734375,4.249000072479248,83.80764770507812,13.479999542236328
2023-09-14,113.66,1468.52,2687.44,4257.05,15473.8896484375,4.288000106811523,84.41548919677734,12.819999694824219
2023-09-15,113.91,1459.97,2629.31,4202.34,15202.400390625,4.322000026702881,82.79296112060547,13.789999961853027
2023-09-16,113.91,1459.97,2629.31,4202.34,15202.400390625,4.322000026702881,82.79296112060547,13.789999961853027
2023-09-17,113.91,1459.97,2629.31,4202.34,15202.400390625,4.322000026702881,82.79296112060547,13.789999961853027
2023-09-18,112.21,1459.23,2640.31,4181.61,15225.3701171875,4.318999767303467,83.19086456298828,14.0
2023-09-19,112.77,1449.74,2630.81,4166.68,15191.23046875,4.364999771118164,83.14665985107422,14.109999656677246
2023-09-20,112.87,1440.36,2589.4,4119.92,14969.919921875,4.348999977111816,81.83995819091797,15.140000343322754
2023-09-21,109.43,1411.56,2535.89,4030.3,14694.240234375,4.480000019073486,80.59221649169922,17.540000915527344
2023-09-22,109.03,1409.94,2542.14,4041.24,14701.099609375,4.438000202178955,80.76416778564453,17.200000762939453
2023-09-23,109.03,1409.94,2542.14,4041.24,14701.099609375,4.438000202178955,80.76416778564453,17.200000762939453
2023-09-24,109.03,1409.94,2542.14,4041.24,14701.099609375,4.438000202178955,80.76416778564453,17.200000762939453
2023-09-25,108.3,1406.58,2556.88,4046.78,14768.900390625,4.541999816894531,81.02452087402344,16.899999618530273
2023-09-26,104.88,1386.84,2514.09,3980.24,14545.830078125,4.558000087738037,79.56553649902344,18.940000534057617
2023-09-27,104.62,1397.05,2531.92,3996.04,14580.16015625,4.625999927520752,79.68834686279297,18.219999313354492
2023-09-28,106.15,1405.24,2555.07,4019.94,14702.76953125,4.5970001220703125,80.25326538085938,17.34000015258789
2023-09-29,105.92,1415.7,2554.71,4041.73,14715.240234375,4.572999954223633,80.52835845947266,17.520000457763672
2023-09-30,105.92,1415.7,2554.71,4041.73,14715.240234375,4.572999954223633,80.52835845947266,17.520000457763672
2023-10-01,105.92,1415.7,2554.71,4041.73,14715.240234375,4.572999954223633,80.52835845947266,17.520000457763672
2023-10-02,106.71,1405.39,2585.89,4060.36,14837.5703125,4.683000087738037,81.39293670654297,17.610000610351562
2023-10-03,104.52,1375.71,2540.28,3987.95,14565.6201171875,4.802000045776367,80.0125732421875,19.780000686645508
2023-10-04,107.08,1377.01,2575.87,4024.59,14776.25,4.735000133514404,81.00978088378906,18.579999923706055
2023-10-05,108.35,1371.73,2574.59,4023.62,14723.2197265625,4.7170000076293945,81.11785125732422,18.489999771118164
2023-10-06,109.96,1389.73,2629.2,4094.13,14973.240234375,4.783999919891357,82.63577270507812,17.450000762939453
2023-10-07,109.96,1389.73,2629.2,4094.13,14973.240234375,4.783999919891357,82.63577270507812,17.450000762939453
2023-10-08,109.96,1389.73,2629.2,4094.13,14973.240234375,4.783999919891357,82.63577270507812,17.450000762939453
2023-10-09,110.32,1387.13,2643.14,4100.21,15047.150390625,4.796999931335449,83.06314086914062,17.700000762939453
2023-10-10,109.71,1407.57,2659.2,4134.53,15131.51953125,4.65500020980835,83.19086456298828,17.030000686645508
2023-10-11,109.64,1407.03,2682.07,4163.09,15241.1201171875,4.59499979019165,83.96211242675781,16.09000015258789
2023-10-12,109.11,1394.65,2668.63,4144.0,15184.099609375,4.711999893188477,84.04071044921875,16.690000534057617
2023-10-13,108.25,1371.0,2622.61,4066.13,14995.1201171875,4.629000186920166,82.83717346191406,19.31999969482422
2023-10-14,108.25,1371.0,2622.61,4066.13,14995.1201171875,4.629000186920166,82.83717346191406,19.31999969482422
2023-10-15,108.25,1371.0,2622.61,4066.13,14995.1201171875,4.629000186920166,82.83717346191406,19.31999969482422
2023-10-16,108.71,1380.87,2656.57,4103.6,15172.73046875,4.711999893188477,83.63298797607422,17.209999084472656
2023-10-17,109.04,1388.16,2649.45,4110.74,15122.009765625,4.8470001220703125,83.24491119384766,17.8799991607666
2023-10-18,108.25,1361.04,2605.93,4043.85,14909.259765625,4.9039998054504395,82.39015197753906,19.219999313354492
2023-10-19,108.34,1344.46,2592.74,4019.14,14783.1298828125,4.98799991607666,81.9185562133789,21.399999618530273
2023-10-20,101.85,1323.92,2549.52,3945.3,14560.8798828125,4.923999786376953,80.53328704833984,21.709999084472656
2023-10-21,101.85,1323.92,2549.52,3945.3,14560.8798828125,4.923999786376953,80.53328704833984,21.709999084472656
2023-10-22,101.85,1323.92,2549.52,3945.3,14560.8798828125,4.923999786376953,80.53328704833984,21.709999084472656
2023-10-23,103.66,1317.46,2551.18,3943.68,14604.849609375,4.8379998207092285,80.6266098022461,20.3700008392334
2023-10-24,103.2,1327.71,2569.61,3977.13,14745.8603515625,4.840000152587891,81.18170928955078,18.969999313354492
2023-10-25,101.43,1299.5,2480.96,3878.54,14381.6396484375,4.953000068664551,80.22380065917969,20.190000534057617
2023-10-26,100.4,1288.54,2440.67,3830.31,14109.5703125,4.84499979019165,78.69114685058594,20.68000030517578
2023-10-27,100.99,1287.03,2475.7,3862.56,14180.419921875,4.84499979019165,79.14799499511719,21.270000457763672
2023-10-28,100.99,1287.03,2475.7,3862.56,14180.419921875,4.84499979019165,79.14799499511719,21.270000457763672
2023-10-29,100.99,1287.03,2475.7,3862.56,14180.419921875,4.84499979019165,79.14799499511719,21.270000457763672
2023-10-30,101.65,1282.51,2499.74,3898.2,14335.509765625,4.875,79.9978256225586,19.75
2023-10-31,103.4,1290.89,2527.3,3919.17,14409.7802734375,4.875,80.56765747070312,18.139999389648438
2023-11-01,105.75,1300.46,2584.05,3971.2,14664.91015625,4.789000034332275,82.12488555908203,16.8700008392334
2023-11-02,106.87,1334.83,2620.94,4061.03,14919.5498046875,4.669000148773193,83.51508331298828,15.65999984741211
2023-11-03,108.05,1372.39,2662.55,4129.51,15099.490234375,4.558000087738037,84.37474822998047,14.90999984741211
2023-11-04,108.05,1372.39,2662.55,4129.51,15099.490234375,4.558000087738037,84.37474822998047,14.90999984741211
2023-11-05,108.05,1372.39,2662.55,4129.51,15099.490234375,4.558000087738037,84.37474822998047,14.90999984741211
2023-11-06,109.11,1372.85,2670.84,4157.1,15154.9296875,4.6620001792907715,84.92984008789062,14.890000343322754
2023-11-07,108.99,1378.51,2700.08,4191.88,15296.01953125,4.571000099182129,85.85828399658203,14.8100004196167
2023-11-08,112.33,1373.42,2702.39,4198.75,15313.240234375,4.5229997634887695,86.34461212158203,14.449999809265137
2023-11-09,112.18,1359.67,2692.13,4172.28,15187.900390625,4.630000114440918,85.94178771972656,15.289999961853027
2023-11-10,113.07,1369.76,2752.07,4226.5,15529.1201171875,4.627999782562256,88.1867446899414,14.170000076293945
2023-11-11,113.07,1369.76,2752.07,4226.5,15529.1201171875,4.627999782562256,88.1867446899414,14.170000076293945
2023-11-12,113.07,1369.76,2752.07,4226.5,15529.1201171875,4.627999782562256,88.1867446899414,14.170000076293945
2023-11-13,114.15,1367.89,2747.07,4230.28,15482.7900390625,4.631999969482422,87.67093658447266,14.760000228881836
2023-11-14,116.1,1421.61,2810.14,4330.99,15812.4697265625,4.440999984741211,89.4246597290039,14.15999984741211
2023-11-15,114.06,1438.01,2806.89,4376.1,15817.1796875,4.534999847412109,89.53763580322266,14.180000305175781
2023-11-16,114.67,1422.89,2831.5,4377.97,15833.169921875,4.445000171661377,89.98466491699219,14.319999694824219
2023-11-17,115.36,1435.48,2835.95,4382.56,15837.990234375,4.440999984741211,89.79800415039062,13.800000190734863
2023-11-18,115.36,1435.48,2835.95,4382.56,15837.990234375,4.440999984741211,89.79800415039062,13.800000190734863
2023-11-19,115.36,1435.48,2835.95,4382.56,15837.990234375,4.440999984741211,89.79800415039062,13.800000190734863
2023-11-20,116.92,1452.73,2870.78,4439.15,16027.0595703125,4.421999931335449,91.09976196289062,13.40999984741211
2023-11-21,116.08,1446.29,2846.23,4422.2,15933.6201171875,4.418000221252441,90.3629150390625,13.350000381469727
2023-11-22,116.24,1445.67,2863.66,4434.74,16001.3896484375,4.415999889373779,90.76573944091797,12.850000381469727
2023-11-23,116.24,1447.15,2863.66,4437.12,16001.3896484375,4.415999889373779,90.76573944091797,12.850000381469727
2023-11-24,116.25,1458.2,2857.91,4432.17,15982.009765625,4.4720001220703125,90.58887481689453,12.460000038146973
2023-11-25,116.25,1458.2,2857.91,4432.17,15982.009765625,4.4720001220703125,90.58887481689453,12.460000038146973
2023-11-26,116.25,1458.2,2857.91,4432.17,15982.009765625,4.4720001220703125,90.58887481689453,12.460000038146973
2023-11-27,116.47,1451.22,2860.7,4436.11,15961.98046875,4.388999938964844,90.58396911621094,12.6899995803833
2023-11-28,116.24,1455.57,2862.1,4444.41,16010.4296875,4.335999965667725,90.75590515136719,12.6899995803833
2023-11-29,116.21,1475.99,2868.47,4455.46,15987.599609375,4.270999908447266,90.8246841430664,12.979999542236328
2023-11-30,116.21,1475.36,2868.35,4464.91,15947.8701171875,4.3520002365112305,90.95732879638672,12.920000076293945
2023-12-01,117.16,1499.59,2896.19,4477.12,15997.580078125,4.22599983215332,91.16362762451172,12.630000114440918
2023-12-02,117.16,1499.59,2896.19,4477.12,15997.580078125,4.22599983215332,91.16362762451172,12.630000114440918
2023-12-03,117.16,1499.59,2896.19,4477.12,15997.580078125,4.22599983215332,91.16362762451172,12.630000114440918
2023-12-04,115.78,1496.3,2861.19,4434.85,15839.669921875,4.288000106811523,90.0534439086914,13.079999923706055
2023-12-05,114.53,1484.48,2868.43,4431.4,15877.7099609375,4.171000003814697,90.59379577636719,12.850000381469727
2023-12-06,112.03,1489.23,2838.02,4412.75,15788.0498046875,4.120999813079834,89.82745361328125,12.970000267028809
2023-12-07,112.87,1491.02,2883.87,4453.6,16022.490234375,4.129000186920166,90.91800689697266,13.0600004196167
2023-12-08,113.61,1504.41,2914.44,4486.22,16084.6904296875,4.244999885559082,91.69416809082031,12.350000381469727
2023-12-09,113.61,1504.41,2914.44,4486.22,16084.6904296875,4.244999885559082,91.69416809082031,12.350000381469727
2023-12-10,113.61,1504.41,2914.44,4486.22,16084.6904296875,4.244999885559082,91.69416809082031,12.350000381469727
2023-12-11,115.13,1512.77,2929.76,4511.47,16221.73046875,4.238999843597412,92.494873046875,12.630000114440918
2023-12-12,100.81,1514.33,2961.91,4526.65,16354.25,4.205999851226807,93.10893249511719,12.069999694824219
2023-12-13,102.99,1540.24,2983.36,4553.48,16562.369140625,4.0329999923706055,93.9292984008789,12.1899995803833
2023-12-14,100.31,1573.52,2974.79,4573.68,16537.830078125,3.930000066757202,93.69841766357422,12.479999542236328
2023-12-15,103.32,1578.86,2993.3,4607.81,16623.44921875,3.927999973297119,94.17000579833984,12.279999732971191
2023-12-16,103.32,1578.86,2993.3,4607.81,16623.44921875,3.927999973297119,94.17000579833984,12.279999732971191
2023-12-17,103.32,1578.86,2993.3,4607.81,16623.44921875,3.927999973297119,94.17000579833984,12.279999732971191
2023-12-18,105.0,1573.55,3011.09,4623.04,16729.80078125,3.9539999961853027,94.45160675048828,12.5600004196167
2023-12-19,106.25,1599.87,3022.29,4653.78,16811.849609375,3.921999931335449,94.81100463867188,12.529999732971191
2023-12-20,104.15,1571.73,2979.95,4603.1,16554.16015625,3.877000093460083,93.37835693359375,13.670000076293945
2023-12-21,105.86,1587.23,3024.2,4659.82,16757.41015625,3.8940000534057617,94.427001953125,13.649999618530273
2023-12-22,106.2,1591.15,3026.78,4644.92,16777.400390625,3.9010000228881836,94.55006408691406,13.029999732971191
2023-12-23,106.2,1591.15,3026.78,4644.92,16777.400390625,3.9010000228881836,94.55006408691406,13.029999732971191
2023-12-24,106.2,1591.15,3026.78,4644.92,16777.400390625,3.9010000228881836,94.55006408691406,13.029999732971191
2023-12-25,106.2,1590.48,3026.78,4646.83,16777.400390625,3.9010000228881836,94.55006408691406,13.029999732971191
2023-12-26,106.19,1604.73,3046.02,4677.4,16878.4609375,3.885999917984009,94.94393157958984,12.989999771118164
2023-12-27,105.94,1612.87,3051.45,4701.34,16906.80078125,3.7890000343322754,94.93901062011719,12.430000305175781
2023-12-28,106.25,1613.06,3051.47,4706.11,16898.470703125,3.8499999046325684,95.05224609375,12.470000267028809
2023-12-29,105.43,1595.32,3033.78,4684.44,16825.9296875,3.865999937057495,94.76176452636719,12.449999809265137
2023-12-30,105.43,1595.32,3033.78,4684.44,16825.9296875,3.865999937057495,94.76176452636719,12.449999809265137
2023-12-31,105.43,1595.32,3033.78,4684.44,16825.9296875,3.865999937057495,94.76176452636719,12.449999809265137
2024-01-01,105.43,1595.65,3033.78,4684.44,16825.9296875,3.865999937057495,94.76176452636719,12.449999809265137
2024-01-02,104.06,1556.8,2959.75,4580.91,16543.939453125,3.946000099182129,92.28047943115234,13.199999809265137
2024-01-03,102.46,1514.55,2922.31,4515.53,16368.490234375,3.9070000648498535,91.34014892578125,14.039999961853027
2024-01-04,102.59,1503.84,2910.36,4496.54,16282.009765625,3.990999937057495,90.67058563232422,14.130000114440918
2024-01-05,102.73,1503.22,2914.41,4492.99,16305.98046875,4.041999816894531,90.64596557617188,13.350000381469727
2024-01-06,102.73,1503.22,2914.41,4492.99,16305.98046875,4.041999816894531,90.64596557617188,13.350000381469727
2024-01-07,102.73,1503.22,2914.41,4492.99,16305.98046875,4.041999816894531,90.64596557617188,13.350000381469727
2024-01-08,104.66,1531.88,3001.59,4579.65,16649.869140625,4.001999855041504,92.92050170898438,13.079999923706055
2024-01-09,103.63,1532.02,3013.47,4574.65,16678.69921875,4.019000053405762,93.06818389892578,12.760000228881836
2024-01-10,103.92,1539.55,3046.61,4601.05,16793.05078125,4.03000020980835,93.86080932617188,12.6899995803833
2024-01-11,104.77,1539.64,3055.44,4629.17,16820.900390625,3.9769999980926514,94.33837127685547,12.4399995803833
2024-01-12,106.6,1536.6,3064.9,4636.99,16832.919921875,3.950000047683716,94.64361572265625,12.699999809265137
2024-01-13,106.6,1536.6,3064.9,4636.99,16832.919921875,3.950000047683716,94.64361572265625,12.699999809265137
2024-01-14,106.6,1536.6,3064.9,4636.99,16832.919921875,3.950000047683716,94.64361572265625,12.699999809265137
2024-01-15,106.6,1532.53,3064.9,4634.2,16832.919921875,3.950000047683716,94.64361572265625,12.699999809265137
2024-01-16,106.57,1516.14,3076.89,4610.54,16830.7109375,4.065999984741211,94.87992858886719,13.84000015258789
2024-01-17,106.43,1497.02,3062.03,4563.54,16736.279296875,4.105999946594238,94.4122314453125,14.789999961853027
2024-01-18,108.7,1509.07,3107.89,4619.81,16982.2890625,4.144000053405762,96.32735443115234,14.130000114440918
2024-01-19,109.67,1529.03,3183.99,4701.08,17314.0,4.145999908447266,98.5477066040039,13.300000190734863
2024-01-20,109.67,1529.03,3183.99,4701.08,17314.0,4.145999908447266,98.5477066040039,13.300000190734863
2024-01-21,109.67,1529.03,3183.99,4701.08,17314.0,4.145999908447266,98.5477066040039,13.300000190734863
2024-01-22,110.1,1557.85,3202.49,4720.62,17330.380859375,4.093999862670898,98.98096466064453,13.1899995803833
2024-01-23,111.83,1565.24,3213.74,4749.79,17404.2109375,4.142000198364258,99.3797378540039,12.550000190734863
2024-01-24,114.31,1560.52,3230.61,4788.96,17499.30078125,4.177999973297119,100.06405639648438,13.140000343322754
2024-01-25,115.0,1556.82,3258.23,4815.28,17516.990234375,4.131999969482422,100.4825210571289,13.449999809265137
2024-01-26,114.64,1552.0,3222.08,4776.86,17421.009765625,4.159999847412109,99.32557678222656,13.260000228881836
2024-01-27,114.64,1552.0,3222.08,4776.86,17421.009765625,4.159999847412109,99.32557678222656,13.260000228881836
2024-01-28,114.64,1552.0,3222.08,4776.86,17421.009765625,4.159999847412109,99.32557678222656,13.260000228881836
2024-01-29,113.75,1574.65,3262.96,4826.87,17596.26953125,4.091000080108643,100.23638153076172,13.600000381469727
2024-01-30,114.16,1559.14,3237.41,4799.18,17476.7109375,4.059000015258789,99.40927124023438,13.3100004196167
2024-01-31,111.7,1532.23,3156.51,4706.53,17137.240234375,3.9670000076293945,97.32182312011719,14.350000381469727
2024-02-01,115.53,1538.89,3206.54,4747.56,17344.7109375,3.86299991607666,98.5477066040039,13.880000114440918
2024-02-02,115.79,1545.11,3309.59,4831.69,17642.73046875,4.0329999923706055,99.56682586669922,13.850000381469727
2024-02-03,115.79,1545.11,3309.59,4831.69,17642.73046875,4.0329999923706055,99.56682586669922,13.850000381469727
2024-02-04,115.79,1545.11,3309.59,4831.69,17642.73046875,4.0329999923706055,99.56682586669922,13.850000381469727
2024-02-05,116.39,1533.25,3307.67,4825.78,17613.0390625,4.164000034332275,99.79328918457031,13.670000076293945
2024-02-06,115.3,1543.39,3282.91,4838.35,17572.73046875,4.090000152587891,99.33544158935547,13.0600004196167
2024-02-07,117.27,1546.03,3324.84,4867.64,17755.0703125,4.110000133514404,100.6499252319336,12.829999923706055
2024-02-08,116.68,1558.31,3344.89,4887.61,17783.169921875,4.170000076293945,100.96501159667969,12.789999961853027
2024-02-09,116.64,1576.79,3397.32,4949.78,17962.41015625,4.186999797821045,102.32379913330078,12.930000305175781
2024-02-10,116.64,1576.79,3397.32,4949.78,17962.41015625,4.186999797821045,102.32379913330078,12.930000305175781
2024-02-11,116.64,1576.79,3397.32,4949.78,17962.41015625,4.186999797821045,102.32379913330078,12.930000305175781
2024-02-12,115.84,1579.84,3379.5,4924.89,17882.66015625,4.171999931335449,101.54592895507812,13.930000305175781
2024-02-13,113.68,1541.77,3311.33,4838.65,17600.419921875,4.315999984741211,99.82282257080078,15.850000381469727
2024-02-14,114.26,1561.31,3365.54,4933.92,17807.630859375,4.267000198364258,100.86654663085938,14.380000114440918
2024-02-15,112.78,1592.59,3364.64,4960.45,17845.720703125,4.239999771118164,100.65483093261719,14.010000228881836
2024-02-16,111.31,1582.05,3330.93,4909.78,17685.98046875,4.295000076293945,99.72927856445312,14.239999771118164
2024-02-17,111.31,1582.05,3330.93,4909.78,17685.98046875,4.295000076293945,99.72927856445312,14.239999771118164
2024-02-18,111.31,1582.05,3330.93,4909.78,17685.98046875,4.295000076293945,99.72927856445312,14.239999771118164
2024-02-19,111.31,1583.83,3330.93,4909.76,17685.98046875,4.295000076293945,99.72927856445312,14.239999771118164
2024-02-20,108.45,1571.63,3294.01,4854.28,17546.099609375,4.275000095367432,98.71510314941406,15.420000076293945
2024-02-21,108.16,1539.68,3266.41,4831.36,17478.91015625,4.324999809265137,98.09477996826172,15.34000015258789
2024-02-22,111.01,1567.46,3399.21,4970.99,18004.69921875,4.327000141143799,101.30470275878906,14.539999961853027
2024-02-23,111.95,1560.98,3394.12,4970.49,17937.609375,4.260000228881836,101.06838989257812,13.75
2024-02-24,111.95,1560.98,3394.12,4970.49,17937.609375,4.260000228881836,101.06838989257812,13.75
2024-02-25,111.95,1560.98,3394.12,4970.49,17937.609375,4.260000228881836,101.06838989257812,13.75
2024-02-26,110.97,1583.78,3387.96,4989.59,17933.330078125,4.298999786376953,101.16685485839844,13.739999771118164
2024-02-27,111.38,1597.92,3388.94,4997.6,17971.05078125,4.315000057220459,101.25547790527344,13.430000305175781
2024-02-28,111.68,1587.24,3368.7,4965.64,17874.5,4.27400016784668,100.77790069580078,13.84000015258789
2024-02-29,111.68,1598.95,3423.41,5018.21,18043.849609375,4.251999855041504,101.90042114257812,13.399999618530273
2024-03-01,113.78,1612.46,3483.0,5096.65,18302.91015625,4.179999828338623,103.76138305664062,13.109999656677246
2024-03-02,113.78,1612.46,3483.0,5096.65,18302.91015625,4.179999828338623,103.76138305664062,13.109999656677246
2024-03-03,113.78,1612.46,3483.0,5096.65,18302.91015625,4.179999828338623,103.76138305664062,13.109999656677246
2024-03-04,114.06,1606.97,3491.0,5105.65,18226.48046875,4.218999862670898,103.76138305664062,13.489999771118164
2024-03-05,110.94,1582.25,3421.37,4994.66,17897.869140625,4.13700008392334,101.21116638183594,14.460000038146973
2024-03-06,112.27,1605.48,3462.5,5040.31,18017.5703125,4.104000091552734,102.0136489868164,14.5
2024-03-07,114.54,1618.21,3532.14,5114.71,18297.990234375,4.0920000076293945,103.62353515625,14.4399995803833
2024-03-08,112.42,1612.67,3470.43,5065.43,18018.44921875,4.089000225067139,102.08257293701172,14.739999771118164
2024-03-09,112.42,1612.67,3470.43,5065.43,18018.44921875,4.089000225067139,102.08257293701172,14.739999771118164
2024-03-10,112.42,1612.67,3470.43,5065.43,18018.44921875,4.089000225067139,102.08257293701172,14.739999771118164
2024-03-11,114.13,1591.35,3436.18,5045.22,17951.689453125,4.104000091552734,101.80194091796875,15.220000267028809
2024-03-12,127.54,1601.54,3516.82,5146.64,18219.109375,4.15500020980835,103.88939666748047,13.84000015258789
2024-03-13,125.52,1589.71,3474.55,5109.0,18068.470703125,4.191999912261963,102.76690673828125,13.75
2024-03-14,125.53,1563.42,3451.48,5070.47,18014.810546875,4.297999858856201,102.7865982055664,14.399999618530273
2024-03-15,125.54,1546.32,3418.76,4985.17,17808.25,4.303999900817871,101.23577880859375,14.40999984741211
2024-03-16,125.54,1546.32,3418.76,4985.17,17808.25,4.303999900817871,101.23577880859375,14.40999984741211
2024-03-17,125.54,1546.32,3418.76,4985.17,17808.25,4.303999900817871,101.23577880859375,14.40999984741211
2024-03-18,127.8,1553.74,3456.6,5035.84,17985.009765625,4.340000152587891,101.73335266113281,14.329999923706055
2024-03-19,129.19,1551.46,3470.39,5030.09,18032.19921875,4.296999931335449,102.26100158691406,13.819999694824219
2024-03-20,129.24,1572.09,3507.73,5093.66,18240.109375,4.2729997634887695,103.40507507324219,13.039999961853027
2024-03-21,129.01,1591.18,3505.09,5131.28,18320.380859375,4.270999908447266,103.4790267944336,12.920000076293945
2024-03-22,127.79,1580.27,3515.8,5119.14,18339.439453125,4.2179999351501465,103.5135498046875,13.0600004196167
2024-03-23,127.79,1580.27,3515.8,5119.14,18339.439453125,4.2179999351501465,103.5135498046875,13.0600004196167
2024-03-24,127.79,1580.27,3515.8,5119.14,18339.439453125,4.2179999351501465,103.5135498046875,13.0600004196167
2024-03-25,126.08,1571.27,3494.87,5108.48,18277.060546875,4.252999782562256,102.82810974121094,13.1899995803833
2024-03-26,126.47,1570.32,3471.23,5112.95,18210.5390625,4.234000205993652,102.40402221679688,13.239999771118164
2024-03-27,125.27,1581.43,3475.56,5112.5,18280.83984375,4.196000099182129,102.9267349243164,12.779999732971191
2024-03-28,125.61,1580.5,3474.14,5112.94,18254.689453125,4.205999851226807,102.70482635498047,13.010000228881836
2024-03-29,125.61,1580.94,3474.14,5120.71,18254.689453125,4.205999851226807,102.70482635498047,13.010000228881836
2024-03-30,125.61,1580.94,3474.14,5120.71,18254.689453125,4.205999851226807,102.70482635498047,13.010000228881836
2024-03-31,125.61,1580.94,3474.14,5120.71,18254.689453125,4.205999851226807,102.70482635498047,13.010000228881836
2024-04-01,125.48,1568.31,3489.14,5135.49,18293.19921875,4.328999996185303,102.99085235595703,13.649999618530273
2024-04-02,124.34,1548.99,3458.42,5111.0,18121.779296875,4.364999771118164,101.99964904785156,14.609999656677246
2024-04-03,126.24,1547.53,3464.9,5120.59,18160.189453125,4.355000019073486,102.27086639404297,14.329999923706055
2024-04-04,124.19,1539.29,3398.28,5068.35,17878.779296875,4.309000015258789,100.65338134765625,16.350000381469727
2024-04-05,124.9,1535.35,3451.97,5103.62,18108.4609375,4.377999782562256,101.80731964111328,16.030000686645508
2024-04-06,124.9,1535.35,3451.97,5103.62,18108.4609375,4.377999782562256,101.80731964111328,16.030000686645508
2024-04-07,124.9,1535.35,3451.97,5103.62,18108.4609375,4.377999782562256,101.80731964111328,16.030000686645508
2024-04-08,124.35,1543.85,3447.45,5101.36,18100.189453125,4.423999786376953,101.68897247314453,15.1899995803833
2024-04-09,123.23,1558.41,3449.12,5117.67,18169.900390625,4.366000175476074,102.20182800292969,14.979999542236328
2024-04-10,121.75,1529.63,3414.69,5076.01,18011.66015625,4.559999942779541,100.94927215576172,15.800000190734863
2024-04-11,123.24,1533.58,3467.78,5138.56,18307.98046875,4.576000213623047,102.96617889404297,14.90999984741211
2024-04-12,121.11,1503.97,3390.77,5038.96,18003.490234375,4.499000072479248,101.29939270019531,17.309999465942383
2024-04-13,121.11,1503.97,3390.77,5038.96,18003.490234375,4.499000072479248,101.29939270019531,17.309999465942383
2024-04-14,121.11,1503.97,3390.77,5038.96,18003.490234375,4.499000072479248,101.29939270019531,17.309999465942383
2024-04-15,119.88,1472.73,3324.44,4947.93,17706.830078125,4.627999782562256,99.37618255615234,19.229999542236328
2024-04-16,120.62,1453.77,3331.89,4936.5,17713.66015625,4.658999919891357,99.4945297241211,18.399999618530273
2024-04-17,118.67,1440.93,3286.8,4881.51,17493.619140625,4.585000038146973,98.05951690673828,18.209999084472656
2024-04-18,116.0,1444.04,3277.25,4859.86,17394.310546875,4.646999835968018,96.94010162353516,18.0
2024-04-19,114.88,1427.12,3186.71,4734.85,17037.650390625,4.614999771118164,94.94290924072266,18.709999084472656
2024-04-20,114.88,1427.12,3186.71,4734.85,17037.650390625,4.614999771118164,94.94290924072266,18.709999084472656
2024-04-21,114.88,1427.12,3186.71,4734.85,17037.650390625,4.614999771118164,94.94290924072266,18.709999084472656
2024-04-22,114.53,1437.99,3223.23,4776.92,17210.890625,4.623000144958496,95.79110717773438,16.940000534057617
2024-04-23,115.09,1462.67,3281.92,4860.13,17471.470703125,4.5980000495910645,97.2113265991211,15.6899995803833
2024-04-24,115.34,1472.77,3281.94,4892.09,17526.80078125,4.6519999504089355,97.65514373779297,15.970000267028809
2024-04-25,114.89,1455.78,3244.29,4840.02,17430.5,4.705999851226807,97.4430923461914,15.369999885559082
2024-04-26,117.21,1476.4,3294.61,4915.87,17718.30078125,4.669000148773193,98.54278564453125,15.029999732971191
2024-04-27,117.21,1476.4,3294.61,4915.87,17718.30078125,4.669000148773193,98.54278564453125,15.029999732971191
2024-04-28,117.21,1476.4,3294.61,4915.87,17718.30078125,4.669000148773193,98.54278564453125,15.029999732971191
2024-04-29,116.49,1488.4,3290.96,4927.03,17782.720703125,4.613999843597412,98.96688079833984,14.670000076293945
2024-04-30,113.75,1471.44,3225.47,4838.55,17440.689453125,4.685999870300293,96.7872314453125,15.649999618530273
2024-05-01,114.63,1469.5,3215.4,4821.92,17318.55078125,4.59499979019165,95.79602813720703,15.390000343322754
2024-05-02,114.96,1485.82,3266.08,4912.41,17541.5390625,4.571000099182129,97.17681121826172,14.680000305175781
2024-05-03,115.8,1503.21,3337.77,4982.07,17890.80078125,4.5,99.88410949707031,13.489999771118164
2024-05-04,115.8,1503.21,3337.77,4982.07,17890.80078125,4.5,99.88410949707031,13.489999771118164
2024-05-05,115.8,1503.21,3337.77,4982.07,17890.80078125,4.5,99.88410949707031,13.489999771118164
2024-05-06,118.34,1522.23,3406.39,5055.84,18093.5703125,4.488999843597412,101.05775451660156,13.489999771118164
2024-05-07,117.93,1515.72,3381.63,5050.84,18091.44921875,4.4629998207092285,100.72735595703125,13.229999542236328
2024-05-08,117.39,1509.4,3387.78,5020.56,18085.009765625,4.492000102996826,101.01338958740234,13.0
2024-05-09,116.64,1509.93,3389.16,5015.12,18113.4609375,4.448999881744385,100.9837875366211,12.6899995803833
2024-05-10,116.67,1504.54,3401.71,5028.46,18161.1796875,4.504000186920166,101.35855865478516,12.550000190734863
2024-05-11,116.67,1504.54,3401.71,5028.46,18161.1796875,4.504000186920166,101.35855865478516,12.550000190734863
2024-05-12,116.67,1504.54,3401.71,5028.46,18161.1796875,4.504000186920166,101.35855865478516,12.550000190734863
2024-05-13,116.37,1517.26,3408.2,5056.93,18198.609375,4.480999946594238,101.83690643310547,13.600000381469727
2024-05-14,120.87,1536.84,3435.1,5077.9,18322.76953125,4.445000171661377,102.73934173583984,13.420000076293945
2024-05-15,121.63,1548.08,3496.57,5165.51,18596.650390625,4.355999946594238,105.05213165283203,12.449999809265137
2024-05-16,122.16,1539.61,3490.74,5168.24,18557.9609375,4.376999855041504,104.68721008300781,12.420000076293945
2024-05-17,123.5,1531.62,3490.05,5161.22,18546.23046875,4.420000076293945,104.4554672241211,11.989999771118164
2024-05-18,123.5,1531.62,3490.05,5161.22,18546.23046875,4.420000076293945,104.4554672241211,11.989999771118164
2024-05-19,123.5,1531.62,3490.05,5161.22,18546.23046875,4.420000076293945,104.4554672241211,11.989999771118164
2024-05-20,124.52,1539.6,3515.94,5201.95,18674.189453125,4.436999797821045,105.683349609375,12.149999618530273
2024-05-21,124.63,1526.01,3503.47,5188.71,18713.80078125,4.414000034332275,105.85595703125,11.859999656677246
2024-05-22,124.6,1522.87,3508.39,5179.46,18705.19921875,4.434000015258789,106.0926513671875,12.289999961853027
2024-05-23,124.09,1511.98,3481.66,5157.42,18623.390625,4.474999904632568,105.22966766357422,12.770000457763672
2024-05-24,122.91,1510.38,3521.05,5177.44,18808.349609375,4.4670000076293945,106.11730194091797,11.930000305175781
2024-05-25,122.91,1510.38,3521.05,5177.44,18808.349609375,4.4670000076293945,106.11730194091797,11.930000305175781
2024-05-26,122.91,1510.38,3521.05,5177.44,18808.349609375,4.4670000076293945,106.11730194091797,11.930000305175781
2024-05-27,122.91,1515.79,3521.05,5190.79,18808.349609375,4.4670000076293945,106.11730194091797,11.930000305175781
2024-05-28,124.49,1516.01,3545.93,5209.84,18869.439453125,4.541999816894531,106.5660629272461,12.920000076293945
2024-05-29,123.74,1489.12,3516.95,5157.42,18736.75,4.624000072479248,105.89046478271484,14.279999732971191
2024-05-30,117.09,1477.04,3435.47,5029.79,18538.66015625,4.553999900817871,103.47412109375,14.470000267028809
2024-05-31,117.19,1482.92,3442.53,5022.36,18536.650390625,4.513999938964844,103.63684844970703,12.920000076293945
2024-06-01,117.19,1482.92,3442.53,5022.36,18536.650390625,4.513999938964844,103.63684844970703,12.920000076293945
2024-06-02,117.19,1482.92,3442.53,5022.36,18536.650390625,4.513999938964844,103.63684844970703,12.920000076293945
2024-06-03,119.28,1488.14,3449.17,5056.01,18600.970703125,4.4019999504089355,103.89820098876953,13.109999656677246
2024-06-04,120.07,1480.49,3459.09,5068.78,18654.83984375,4.335999965667725,104.11518859863281,13.15999984741211
2024-06-05,122.63,1503.08,3537.7,5179.23,19035.05078125,4.289000034332275,106.42798614501953,12.630000114440918
2024-06-06,123.5,1503.41,3535.59,5182.29,19021.189453125,4.281000137329102,106.07292175292969,12.579999923706055
2024-06-07,125.92,1491.05,3528.0,5175.06,19000.94921875,4.429999828338623,106.31948852539062,12.220000267028809
2024-06-08,125.92,1491.05,3528.0,5175.06,19000.94921875,4.429999828338623,106.31948852539062,12.220000267028809
2024-06-09,125.92,1491.05,3528.0,5175.06,19000.94921875,4.429999828338623,106.31948852539062,12.220000267028809
2024-06-10,124.5,1496.1,3537.33,5195.49,19074.669921875,4.468999862670898,106.5906982421875,12.739999771118164
2024-06-11,123.88,1494.57,3572.62,5208.62,19210.1796875,4.4039998054504395,108.57310485839844,12.850000381469727
2024-06-12,140.38,1512.72,3611.12,5297.91,19465.1796875,4.295000076293945,110.97465515136719,12.039999961853027
2024-06-13,139.85,1492.63,3607.78,5317.03,19576.919921875,4.23799991607666,111.8524398803711,11.9399995803833
2024-06-14,138.13,1480.07,3617.2,5332.74,19659.80078125,4.2129998207092285,112.2716064453125,12.65999984741211
2024-06-15,138.13,1480.07,3617.2,5332.74,19659.80078125,4.2129998207092285,112.2716064453125,12.65999984741211
2024-06-16,138.13,1480.07,3617.2,5332.74,19659.80078125,4.2129998207092285,112.2716064453125,12.65999984741211
2024-06-17,141.31,1482.94,3655.04,5382.45,19902.75,4.2789998054504395,113.97290802001953,12.75
2024-06-18,144.64,1486.03,3663.54,5407.48,19908.859375,4.2170000076293945,114.11592864990234,12.300000190734863
2024-06-19,144.64,1488.01,3663.54,5416.44,19908.859375,4.2170000076293945,114.11592864990234,12.300000190734863
2024-06-20,142.91,1478.45,3660.08,5384.42,19752.30078125,4.254000186920166,112.83377838134766,13.279999732971191
2024-06-21,141.5,1473.6,3649.92,5357.4,19700.4296875,4.256999969482422,112.63652801513672,13.199999809265137
2024-06-22,141.5,1473.6,3649.92,5357.4,19700.4296875,4.256999969482422,112.63652801513672,13.199999809265137
2024-06-23,141.5,1473.6,3649.92,5357.4,19700.4296875,4.256999969482422,112.63652801513672,13.199999809265137
2024-06-24,139.89,1471.27,3611.2,5294.82,19474.619140625,4.248000144958496,109.87507629394531,13.329999923706055
2024-06-25,139.17,1464.38,3661.3,5342.73,19701.130859375,4.23799991607666,111.89059448242188,12.84000015258789
2024-06-26,138.23,1471.46,3673.2,5357.44,19751.05078125,4.315999984741211,111.76214599609375,12.550000190734863
2024-06-27,140.18,1481.79,3703.0,5378.19,19789.029296875,4.288000106811523,111.81649017333984,12.239999771118164
2024-06-28,141.2,1484.21,3688.17,5374.8,19682.869140625,4.3429999351501465,111.7572021484375,12.4399995803833
2024-06-29,141.2,1484.21,3688.17,5374.8,19682.869140625,4.3429999351501465,111.7572021484375,12.4399995803833
2024-06-30,141.2,1484.21,3688.17,5374.8,19682.869140625,4.3429999351501465,111.7572021484375,12.4399995803833
2024-07-01,143.09,1477.17,3716.16,5401.86,19812.220703125,4.479000091552734,112.6019515991211,12.220000267028809
2024-07-02,143.28,1485.64,3748.11,5440.77,20011.890625,4.435999870300293,113.16510772705078,12.029999732971191
2024-07-03,144.38,1494.25,3777.09,5506.01,20186.630859375,4.355000019073486,114.6915512084961,12.09000015258789
2024-07-04,144.38,1497.75,3777.09,5515.49,20186.630859375,4.355000019073486,114.6915512084961,12.09000015258789
2024-07-05,144.83,1513.37,3830.62,5553.0,20391.970703125,4.271999835968018,115.04229736328125,12.479999542236328
2024-07-06,144.83,1513.37,3830.62,5553.0,20391.970703125,4.271999835968018,115.04229736328125,12.479999542236328
2024-07-07,144.83,1513.37,3830.62,5553.0,20391.970703125,4.271999835968018,115.04229736328125,12.479999542236328
2024-07-08,145.03,1517.63,3846.23,5548.98,20439.5390625,4.269000053405762,115.82776641845703,12.369999885559082
2024-07-09,140.68,1501.7,3841.97,5543.8,20453.01953125,4.300000190734863,115.73389434814453,12.510000228881836
2024-07-10,142.07,1518.28,3901.1,5580.65,20675.380859375,4.28000020980835,117.41349029541016,12.850000381469727
2024-07-11,142.76,1537.4,3823.2,5517.41,20211.359375,4.192999839782715,114.47419738769531,12.920000076293945
2024-07-12,144.77,1551.81,3852.71,5559.53,20331.490234375,4.189000129699707,115.49677276611328,12.460000038146973
2024-07-13,144.77,1551.81,3852.71,5559.53,20331.490234375,4.189000129699707,115.49677276611328,12.460000038146973
2024-07-14,144.77,1551.81,3852.71,5559.53,20331.490234375,4.189000129699707,115.49677276611328,12.460000038146973
2024-07-15,143.07,1557.39,3859.86,5565.56,20386.880859375,4.229000091552734,115.70425415039062,13.119999885559082
2024-07-16,142.61,1575.37,3861.77,5571.86,20398.619140625,4.166999816894531,115.31893920898438,13.1899995803833
2024-07-17,139.26,1542.55,3742.99,5404.57,19799.140625,4.145999908447266,110.83342742919922,14.479999542236328
2024-07-18,138.03,1517.01,3724.87,5365.47,19705.08984375,4.189000129699707,110.84331512451172,15.930000305175781
2024-07-19,138.56,1502.37,3691.94,5307.98,19522.619140625,4.238999843597412,109.10936737060547,16.520000457763672
2024-07-20,138.56,1502.37,3691.94,5307.98,19522.619140625,4.238999843597412,109.10936737060547,16.520000457763672
2024-07-21,138.56,1502.37,3691.94,5307.98,19522.619140625,4.238999843597412,109.10936737060547,16.520000457763672
2024-07-22,140.17,1522.89,3761.53,5391.19,19822.869140625,4.260000228881836,111.69298553466797,14.90999984741211
2024-07-23,143.11,1527.85,3764.77,5382.42,19754.33984375,4.238999843597412,111.2483901977539,14.720000267028809
2024-07-24,138.77,1485.17,3607.67,5199.83,19032.390625,4.285999774932861,106.64433288574219,18.040000915527344
2024-07-25,137.82,1483.55,3571.69,5164.67,18830.580078125,4.25600004196167,105.5031967163086,18.459999084472656
2024-07-26,139.01,1495.79,3606.26,5209.31,19023.66015625,4.199999809265137,106.84191131591797,16.389999389648438
2024-07-27,139.01,1495.79,3606.26,5209.31,19023.66015625,4.199999809265137,106.84191131591797,16.389999389648438
2024-07-28,139.01,1495.79,3606.26,5209.31,19023.66015625,4.199999809265137,106.84191131591797,16.389999389648438
2024-07-29,138.31,1489.14,3606.22,5208.32,19059.490234375,4.177999973297119,106.36769104003906,16.600000381469727
2024-07-30,135.67,1478.99,3553.7,5129.37,18796.26953125,4.14300012588501,103.69515991210938,17.690000534057617
2024-07-31,139.45,1503.35,3647.12,5286.83,19362.4296875,4.109000205993652,108.08680725097656,16.360000610351562
2024-08-01,137.51,1445.54,3564.66,5157.0,18890.390625,3.9760000705718994,104.0557861328125,18.59000015258789
2024-08-02,133.28,1392.0,3427.43,4963.42,18440.849609375,3.7920000553131104,101.13131713867188,23.389999389648438
2024-08-03,133.28,1392.0,3427.43,4963.42,18440.849609375,3.7920000553131104,101.13131713867188,23.389999389648438
2024-08-04,133.28,1392.0,3427.43,4963.42,18440.849609375,3.7920000553131104,101.13131713867188,23.389999389648438
2024-08-05,127.86,1335.09,3316.55,4799.54,17895.16015625,3.7850000858306885,97.76223754882812,38.56999969482422
2024-08-06,128.21,1363.93,3362.25,4861.55,18077.919921875,3.888000011444092,99.09109497070312,27.709999084472656
2024-08-07,125.9,1360.4,3323.34,4855.09,17867.369140625,3.9679999351501465,97.48560333251953,27.850000381469727
2024-08-08,128.96,1399.37,3448.67,4991.05,18413.8203125,3.996999979019165,101.12637329101562,23.790000915527344
2024-08-09,132.06,1402.25,3476.97,5036.08,18513.099609375,3.941999912261963,101.58084869384766,20.3700008392334
2024-08-10,132.06,1402.25,3476.97,5036.08,18513.099609375,3.941999912261963,101.58084869384766,20.3700008392334
2024-08-11,132.06,1402.25,3476.97,5036.08,18513.099609375,3.941999912261963,101.58084869384766,20.3700008392334
2024-08-12,132.58,1390.38,3478.67,5031.15,18542.029296875,3.9089999198913574,102.41075897216797,20.709999084472656
2024-08-13,134.26,1424.08,3566.75,5137.45,19006.4296875,3.8519999980926514,105.5575180053711,18.1200008392334
2024-08-14,135.6,1430.53,3572.91,5155.23,19022.6796875,3.819999933242798,106.1355209350586,16.190000534057617
2024-08-15,136.93,1455.08,3653.81,5266.87,19490.150390625,3.9260001182556152,109.18841552734375,15.229999542236328
2024-08-16,137.47,1467.93,3658.29,5311.11,19508.51953125,3.8919999599456787,109.37120056152344,14.800000190734863
2024-08-17,137.47,1467.93,3658.29,5311.11,19508.51953125,3.8919999599456787,109.37120056152344,14.800000190734863
2024-08-18,137.47,1467.93,3658.29,5311.11,19508.51953125,3.8919999599456787,109.37120056152344,14.800000190734863
2024-08-19,137.92,1490.62,3705.52,5368.33,19766.490234375,3.867000102996826,111.1742935180664,14.649999618530273
2024-08-20,139.17,1492.96,3698.05,5358.72,19719.8203125,3.818000078201294,110.78402709960938,15.880000114440918
2024-08-21,140.2,1505.56,3720.99,5385.6,19824.83984375,3.7780001163482666,111.43610382080078,16.270000457763672
2024-08-22,138.08,1487.63,3640.14,5310.53,19491.83984375,3.861999988555908,108.87224578857422,17.549999237060547
2024-08-23,139.19,1515.28,3679.75,5368.76,19720.869140625,3.806999921798706,110.63583374023438,15.859999656677246
2024-08-24,139.19,1515.28,3679.75,5368.76,19720.869140625,3.806999921798706,110.63583374023438,15.859999656677246
2024-08-25,139.19,1515.28,3679.75,5368.76,19720.869140625,3.806999921798706,110.63583374023438,15.859999656677246
2024-08-26,138.9,1508.33,3641.71,5324.89,19516.439453125,3.818000078201294,109.2477035522461,16.149999618530273
2024-08-27,138.48,1506.62,3643.65,5325.16,19581.51953125,3.8329999446868896,109.90966033935547,15.430000305175781
2024-08-28,137.88,1493.91,3595.44,5259.45,19350.779296875,3.8410000801086426,108.39308166503906,17.110000610351562
2024-08-29,139.42,1506.7,3600.09,5279.42,19325.44921875,3.867000102996826,107.41497039794922,15.649999618530273
2024-08-30,141.29,1513.46,3654.96,5349.68,19574.640625,3.9110000133514404,108.84261322021484,15.0
2024-08-31,141.29,1513.46,3654.96,5349.68,19574.640625,3.9110000133514404,108.84261322021484,15.0
2024-09-01,141.29,1513.46,3654.96,5349.68,19574.640625,3.9110000133514404,108.84261322021484,15.0
2024-09-02,141.29,1511.84,3654.96,5347.94,19574.640625,3.9110000133514404,108.84261322021484,15.0
2024-09-03,139.5,1468.03,3517.01,5209.78,18958.740234375,3.8440001010894775,103.8433609008789,20.719999313354492
2024-09-04,140.75,1452.53,3513.81,5178.54,18921.400390625,3.7679998874664307,103.57659912109375,21.31999969482422
2024-09-05,142.61,1441.11,3523.37,5179.9,18930.330078125,3.7309999465942383,103.41851806640625,19.899999618530273
2024-09-06,141.81,1412.89,3429.76,5070.64,18421.310546875,3.7100000381469727,100.7361068725586,22.3799991607666
2024-09-07,141.81,1412.89,3429.76,5070.64,18421.310546875,3.7100000381469727,100.7361068725586,22.3799991607666
2024-09-08,141.81,1412.89,3429.76,5070.64,18421.310546875,3.7100000381469727,100.7361068725586,22.3799991607666
2024-09-09,139.89,1423.25,3489.41,5103.83,18660.779296875,3.697000026702881,102.38605499267578,19.450000762939453
2024-09-10,155.89,1419.24,3543.31,5146.18,18829.140625,3.6459999084472656,103.91744995117188,19.079999923706055
2024-09-11,157.18,1434.67,3639.81,5234.41,19237.30078125,3.6530001163482666,107.46436309814453,17.690000534057617
2024-09-12,161.38,1449.08,3691.52,5292.23,19423.0703125,3.680000066757202,108.35356140136719,17.06999969482422
2024-09-13,162.03,1469.69,3713.75,5311.83,19514.58984375,3.6500000953674316,108.89695739746094,16.559999465942383
2024-09-14,162.03,1469.69,3713.75,5311.83,19514.58984375,3.6500000953674316,108.89695739746094,16.559999465942383
2024-09-15,162.03,1469.69,3713.75,5311.83,19514.58984375,3.6500000953674316,108.89695739746094,16.559999465942383
2024-09-16,170.33,1464.6,3732.02,5324.18,19423.060546875,3.621000051498413,108.48198699951172,17.139999389648438
2024-09-17,167.47,1470.7,3722.53,5326.97,19432.400390625,3.6419999599456787,108.26957702636719,17.610000610351562
2024-09-18,164.53,1466.58,3708.15,5303.05,19344.490234375,3.684999942779541,107.28158569335938,18.229999542236328
2024-09-19,167.59,1502.64,3811.62,5429.69,19839.830078125,3.740000009536743,110.46786499023438,16.329999923706055
2024-09-20,168.0,1489.86,3823.92,5427.11,19791.490234375,3.7279999256134033,109.92940521240234,16.149999618530273
2024-09-21,168.0,1489.86,3823.92,5427.11,19791.490234375,3.7279999256134033,109.92940521240234,16.149999618530273
2024-09-22,168.0,1489.86,3823.92,5427.11,19791.490234375,3.7279999256134033,109.92940521240234,16.149999618530273
2024-09-23,165.95,1491.7,3832.9,5452.54,19852.19921875,3.739000082015991,109.90911865234375,15.890000343322754
2024-09-24,165.8,1504.67,3846.62,5519.15,19944.83984375,3.7360000610351562,110.6613540649414,15.390000343322754
2024-09-25,166.28,1500.0,3856.9,5519.5,19972.609375,3.7809998989105225,110.97808074951172,15.40999984741211
2024-09-26,168.1,1539.55,3888.12,5624.25,20115.5390625,3.7909998893737793,112.44788360595703,15.369999885559082
2024-09-27,168.74,1554.32,3859.38,5635.46,20008.619140625,3.749000072479248,111.39873504638672,16.959999084472656
2024-09-28,168.74,1554.32,3859.38,5635.46,20008.619140625,3.749000072479248,111.39873504638672,16.959999084472656
2024-09-29,168.74,1554.32,3859.38,5635.46,20008.619140625,3.749000072479248,111.39873504638672,16.959999084472656
2024-09-30,170.4,1537.2,3875.93,5626.1,20060.689453125,3.802000045776367,111.72534942626953,16.729999542236328
2024-10-01,167.16,1515.74,3811.42,5563.88,19773.30078125,3.743000030517578,109.00348663330078,19.260000228881836
2024-10-02,167.71,1515.89,3833.43,5602.61,19802.58984375,3.7850000858306885,109.81014251708984,18.899999618530273
2024-10-03,166.86,1507.15,3859.51,5602.02,19793.33984375,3.8499999046325684,110.26544189453125,20.489999771118164
2024-10-04,170.86,1530.68,3925.56,5678.94,20035.01953125,3.9809999465942383,111.49275207519531,19.209999084472656
2024-10-05,170.86,1530.68,3925.56,5678.94,20035.01953125,3.9809999465942383,111.49275207519531,19.209999084472656
2024-10-06,170.86,1530.68,3925.56,5678.94,20035.01953125,3.9809999465942383,111.49275207519531,19.209999084472656
2024-10-07,169.97,1521.95,3882.55,5647.81,19800.740234375,4.026000022888184,110.72569274902344,22.639999389648438
2024-10-08,174.37,1522.27,3963.35,5651.38,20107.779296875,4.0329999923706055,112.7943115234375,21.420000076293945
2024-10-09,178.29,1538.67,4004.0,5698.43,20268.859375,4.066999912261963,114.0562515258789,20.860000610351562
2024-10-10,175.41,1545.6,3997.79,5714.24,20241.759765625,4.0960001945495605,114.02658081054688,20.93000030517578
2024-10-11,175.77,1560.03,4012.72,5733.25,20271.970703125,4.072999954223633,114.22453308105469,20.459999084472656
2024-10-12,175.77,1560.03,4012.72,5733.25,20271.970703125,4.072999954223633,114.22453308105469,20.459999084472656
2024-10-13,175.77,1560.03,4012.72,5733.25,20271.970703125,4.072999954223633,114.22453308105469,20.459999084472656
2024-10-14,176.12,1566.05,4034.94,5752.13,20439.05078125,4.0980000495910645,115.71412658691406,19.700000762939453
2024-10-15,174.09,1542.82,3967.42,5674.31,20159.830078125,4.038000106811523,113.17041778564453,20.639999389648438
2024-10-16,174.77,1537.62,3966.39,5669.81,20174.05078125,4.015999794006348,113.52179718017578,19.579999923706055
2024-10-17,175.68,1537.25,3976.75,5663.64,20190.419921875,4.0960001945495605,113.86821746826172,19.110000610351562
2024-10-18,174.69,1548.52,3986.92,5710.34,20324.0390625,4.072999954223633,114.27401733398438,18.030000686645508
2024-10-19,174.69,1548.52,3986.92,5710.34,20324.0390625,4.072999954223633,114.27401733398438,18.030000686645508
2024-10-20,174.69,1548.52,3986.92,5710.34,20324.0390625,4.072999954223633,114.27401733398438,18.030000686645508
2024-10-21,173.76,1541.26,4000.09,5694.16,20361.470703125,4.182000160217285,114.8084945678711,18.3700008392334
2024-10-22,175.31,1528.89,3997.36,5679.27,20390.4609375,4.203999996185303,114.68971252441406,18.200000762939453
2024-10-23,173.1,1507.16,3932.94,5612.2,20066.9609375,4.242000102996826,113.04669952392578,19.239999771118164
2024-10-24,174.38,1520.82,3944.03,5640.5,20232.869140625,4.199999809265137,113.37828063964844,19.079999923706055
2024-10-25,173.52,1524.4,3967.24,5655.28,20352.01953125,4.23199987411499,113.96717834472656,20.329999923706055
2024-10-26,173.52,1524.4,3967.24,5655.28,20352.01953125,4.23199987411499,113.96717834472656,20.329999923706055
2024-10-27,173.52,1524.4,3967.24,5655.28,20352.01953125,4.23199987411499,113.96717834472656,20.329999923706055
2024-10-28,172.42,1543.03,3974.99,5661.57,20351.0703125,4.2779998779296875,113.93254852294922,19.799999237060547
2024-10-29,173.43,1556.63,4034.79,5718.62,20550.650390625,4.27400016784668,115.4666976928711,19.34000015258789
2024-10-30,174.56,1552.66,3988.01,5669.58,20387.69921875,4.265999794006348,113.63065338134766,20.350000381469727
2024-10-31,167.84,1514.52,3866.47,5541.33,19890.419921875,4.283999919891357,109.9833755493164,23.15999984741211
2024-11-01,170.02,1535.74,3916.98,5583.72,20033.140625,4.361000061035156,110.80982971191406,21.8799991607666
2024-11-02,170.02,1535.74,3916.98,5583.72,20033.140625,4.361000061035156,110.80982971191406,21.8799991607666
2024-11-03,170.02,1535.74,3916.98,5583.72,20033.140625,4.361000061035156,110.80982971191406,21.8799991607666
2024-11-04,169.59,1535.1,3898.12,5590.61,19963.599609375,4.309000015258789,110.72569274902344,21.979999542236328
2024-11-05,171.78,1568.46,3993.29,5656.26,20227.4609375,4.289000034332275,112.28457641601562,20.489999771118164
2024-11-06,181.24,1616.12,4133.11,5790.44,20781.330078125,4.426000118255615,115.48153686523438,16.270000457763672
2024-11-07,186.37,1638.66,4225.09,5897.7,21101.5703125,4.341000080108643,117.49571990966797,15.199999809265137
2024-11-08,189.25,1656.57,4215.91,5877.9,21117.1796875,4.306000232696533,117.3670425415039,14.9399995803833
2024-11-09,189.25,1656.57,4215.91,5877.9,21117.1796875,4.306000232696533,117.3670425415039,14.9399995803833
2024-11-10,189.25,1656.57,4215.91,5877.9,21117.1796875,4.306000232696533,117.3670425415039,14.9399995803833
2024-11-11,189.13,1666.93,4211.15,5897.68,21106.58984375,4.308000087738037,116.71875762939453,14.970000267028809
2024-11-12,189.58,1640.88,4205.1,5871.83,21070.7890625,4.432000160217285,116.8672103881836,14.710000038146973
2024-11-13,189.63,1632.98,4203.7,5871.68,21036.16015625,4.451000213623047,116.46141052246094,14.020000457763672
2024-11-14,187.05,1597.07,4164.83,5806.94,20896.669921875,4.418000221252441,116.06549835205078,14.3100004196167
2024-11-15,183.74,1572.43,4081.39,5710.78,20394.130859375,4.427999973297119,113.18527221679688,16.139999389648438
2024-11-16,183.74,1572.43,4081.39,5710.78,20394.130859375,4.427999973297119,113.18527221679688,16.139999389648438
2024-11-17,183.74,1572.43,4081.39,5710.78,20394.130859375,4.427999973297119,113.18527221679688,16.139999389648438
2024-11-18,185.73,1572.28,4083.01,5730.39,20539.189453125,4.414000034332275,113.55147552490234,15.579999923706055
2024-11-19,188.9,1603.04,4136.85,5776.29,20684.58984375,4.379000186920166,114.48185729980469,16.350000381469727
2024-11-20,190.75,1596.98,4132.62,5778.41,20667.099609375,4.406000137329102,114.38289642333984,17.15999984741211
2024-11-21,192.43,1617.01,4181.47,5824.72,20740.779296875,4.432000160217285,115.54586791992188,16.8700008392334
2024-11-22,192.29,1641.54,4193.99,5853.57,20776.23046875,4.409999847412109,115.60527038574219,15.239999771118164
2024-11-23,192.29,1641.54,4193.99,5853.57,20776.23046875,4.409999847412109,115.60527038574219,15.239999771118164
2024-11-24,192.29,1641.54,4193.99,5853.57,20776.23046875,4.409999847412109,115.60527038574219,15.239999771118164
2024-11-25,187.99,1669.91,4207.92,5876.86,20804.890625,4.264999866485596,115.60031127929688,14.600000381469727
2024-11-26,190.37,1658.6,4239.65,5893.27,20922.900390625,4.302000045776367,116.1793212890625,14.100000381469727
2024-11-27,182.7,1635.74,4190.85,5839.46,20744.490234375,4.242000102996826,114.60559844970703,14.100000381469727
2024-11-28,182.7,1634.54,4190.85,5830.96,20744.490234375,4.242000102996826,114.60559844970703,14.100000381469727
2024-11-29,184.84,1649.6,4230.62,5871.04,20930.369140625,4.177999973297119,115.66958618164062,13.510000228881836
2024-11-30,184.84,1649.6,4230.62,5871.04,20930.369140625,4.177999973297119,115.66958618164062,13.510000228881836
2024-12-01,184.84,1649.6,4230.62,5871.04,20930.369140625,4.177999973297119,115.66958618164062,13.510000228881836
2024-12-02,181.41,1644.81,4265.02,5915.72,21164.599609375,4.196000099182129,116.76822662353516,13.34000015258789
2024-12-03,182.89,1654.76,4301.97,5933.14,21229.3203125,4.2230000495910645,117.18888854980469,13.300000190734863
2024-12-04,188.19,1679.8,4389.04,6043.38,21492.359375,4.179999828338623,119.33174896240234,13.449999809265137
2024-12-05,186.24,1657.62,4351.29,6012.04,21425.220703125,4.179999828338623,118.72798919677734,13.539999961853027
2024-12-06,191.69,1675.47,4409.94,6094.71,21622.25,4.151000022888184,119.18822479248047,12.770000457763672
2024-12-07,191.69,1675.47,4409.94,6094.71,21622.25,4.151000022888184,119.18822479248047,12.770000457763672
2024-12-08,191.69,1675.47,4409.94,6094.71,21622.25,4.151000022888184,119.18822479248047,12.770000457763672
2024-12-09,190.45,1675.3,4348.28,6079.59,21440.8203125,4.198999881744385,118.41127014160156,14.1899995803833
2024-12-10,177.74,1654.82,4308.64,6025.76,21368.1796875,4.2210001945495605,116.76822662353516,14.180000305175781
2024-12-11,178.58,1663.25,4388.88,6099.39,21763.98046875,4.270999908447266,118.46074676513672,13.579999923706055
2024-12-12,175.32,1665.58,4381.63,6070.53,21615.26953125,4.323999881744385,117.79759216308594,13.920000076293945
2024-12-13,173.39,1658.6,4405.42,6075.19,21780.25,4.39900016784668,118.3023910522461,13.8100004196167
2024-12-14,173.39,1658.6,4405.42,6075.19,21780.25,4.39900016784668,118.3023910522461,13.8100004196167
2024-12-15,173.39,1658.6,4405.42,6075.19,21780.25,4.39900016784668,118.3023910522461,13.8100004196167
2024-12-16,171.23,1673.96,4476.34,6139.45,22096.66015625,4.396999835968018,119.48516845703125,14.6899995803833
2024-12-17,169.71,1662.77,4425.53,6128.59,22001.080078125,4.385000228881836,118.76262664794922,15.869999885559082
2024-12-18,165.41,1598.72,4257.54,5934.25,21209.3203125,4.49399995803833,114.93220520019531,27.6200008392334
2024-12-19,168.79,1577.32,4276.44,5900.69,21110.509765625,4.570000171661377,115.05593872070312,24.09000015258789
2024-12-20,169.66,1595.1,4348.33,5934.66,21289.150390625,4.52400016784668,116.77318572998047,18.360000610351562
2024-12-21,169.66,1595.1,4348.33,5934.66,21289.150390625,4.52400016784668,116.77318572998047,18.360000610351562
2024-12-22,169.66,1595.1,4348.33,5934.66,21289.150390625,4.52400016784668,116.77318572998047,18.360000610351562
2024-12-23,169.14,1601.12,4392.28,5976.09,21503.169921875,4.598999977111816,118.01043701171875,16.780000686645508
2024-12-24,171.41,1610.79,4449.49,6043.33,21797.650390625,4.591000080108643,119.2298583984375,14.270000457763672
2024-12-25,171.41,1611.43,4449.49,6043.53,21797.650390625,4.591000080108643,119.2298583984375,14.270000457763672
2024-12-26,171.68,1618.11,4443.98,6038.31,21768.310546875,4.578999996185303,119.30916595458984,14.729999542236328
2024-12-27,168.96,1605.33,4375.7,5968.25,21473.01953125,4.61899995803833,117.72293090820312,15.949999809265137
2024-12-28,168.96,1605.33,4375.7,5968.25,21473.01953125,4.61899995803833,117.72293090820312,15.949999809265137
2024-12-29,168.96,1605.33,4375.7,5968.25,21473.01953125,4.61899995803833,117.72293090820312,15.949999809265137
2024-12-30,166.91,1586.92,4316.1,5894.17,21197.08984375,4.545000076293945,116.22594451904297,17.399999618530273
2024-12-31,166.64,1582.62,4275.77,5856.73,21012.169921875,4.572999954223633,115.25932312011719,17.350000381469727
2025-01-01,166.64,1582.62,4275.77,5856.73,21012.169921875,4.572999954223633,115.25932312011719,17.350000381469727
2025-01-02,166.03,1583.31,4282.26,5843.63,20975.619140625,4.574999809265137,114.98670196533203,17.93000030517578
2025-01-03,166.32,1610.61,4362.7,5926.21,21326.16015625,4.5960001945495605,116.86042785644531,16.1299991607666
2025-01-04,166.32,1610.61,4362.7,5926.21,21326.16015625,4.5960001945495605,116.86042785644531,16.1299991607666
2025-01-05,166.32,1610.61,4362.7,5926.21,21326.16015625,4.5960001945495605,116.86042785644531,16.1299991607666
2025-01-06,165.69,1625.62,4402.41,6003.82,21559.5,4.618000030517578,118.34751892089844,16.040000915527344
2025-01-07,162.03,1603.11,4291.39,5910.82,21173.0390625,4.683000087738037,115.97313690185547,17.81999969482422
2025-01-08,163.14,1586.8,4279.12,5903.97,21180.970703125,4.692999839782715,115.93347930908203,17.700000762939453
2025-01-09,163.14,1582.62,4279.12,5903.89,21180.970703125,4.692999839782715,115.93347930908203,17.700000762939453
2025-01-10,154.5,1558.42,4199.1,5797.55,20847.580078125,4.776000022888184,113.4054183959961,19.540000915527344
2025-01-11,154.5,1558.42,4199.1,5797.55,20847.580078125,4.776000022888184,113.4054183959961,19.540000915527344
2025-01-12,154.5,1558.42,4199.1,5797.55,20847.580078125,4.776000022888184,113.4054183959961,19.540000915527344
2025-01-13,153.92,1543.94,4166.67,5759.44,20784.720703125,4.802999973297119,112.6023941040039,19.190000534057617
2025-01-14,156.31,1554.91,4169.78,5774.32,20757.41015625,4.788000106811523,112.89981079101562,18.709999084472656
2025-01-15,158.31,1591.02,4268.82,5898.22,21237.849609375,4.6529998779296875,115.14531707763672,16.1200008392334
2025-01-16,159.54,1605.7,4248.97,5895.27,21091.25,4.605999946594238,114.25801849365234,16.600000381469727
2025-01-17,161.03,1616.6,4331.14,5973.41,21441.16015625,4.609000205993652,116.04749298095703,15.970000267028809
2025-01-18,161.03,1616.6,4331.14,5973.41,21441.16015625,4.609000205993652,116.04749298095703,15.970000267028809
2025-01-19,161.03,1616.6,4331.14,5973.41,21441.16015625,4.609000205993652,116.04749298095703,15.970000267028809
2025-01-20,161.03,1624.11,4331.14,5992.82,21441.16015625,4.609000205993652,116.04749298095703,15.970000267028809
2025-01-21,172.57,1654.87,4381.2,6068.3,21566.509765625,4.573999881744385,117.01409912109375,15.0600004196167
2025-01-22,184.22,1672.45,4481.68,6156.09,21853.0,4.598999977111816,119.6561508178711,15.100000381469727
2025-01-23,186.47,1679.69,4501.0,6176.35,21900.9296875,4.638000011444092,119.86930847167969,15.020000457763672
2025-01-24,183.6,1677.88,4479.08,6175.16,21774.009765625,4.625999927520752,118.62014770507812,14.850000381469727
2025-01-25,183.6,1677.88,4479.08,6175.16,21774.009765625,4.625999927520752,118.62014770507812,14.850000381469727
2025-01-26,183.6,1677.88,4479.08,6175.16,21774.009765625,4.625999927520752,118.62014770507812,14.850000381469727
2025-01-27,158.28,1646.74,4273.91,6021.59,21127.279296875,4.5279998779296875,112.80563354492188,17.899999618530273
2025-01-28,164.0,1669.46,4403.8,6129.9,21463.0390625,4.551000118255615,115.81450653076172,16.40999984741211
2025-01-29,162.02,1655.4,4373.88,6097.47,21411.4609375,4.554999828338623,114.87268829345703,16.559999465942383
2025-01-30,170.38,1664.8,4397.4,6151.55,21508.119140625,4.51200008392334,115.0858383178711,15.84000015258789
2025-01-31,170.06,1659.27,4400.18,6132.56,21478.05078125,4.568999767303467,114.41168212890625,16.43000030517578
2025-02-01,170.06,1659.27,4400.18,6132.56,21478.05078125,4.568999767303467,114.41168212890625,16.43000030517578
2025-02-02,170.06,1659.27,4400.18,6132.56,21478.05078125,4.568999767303467,114.41168212890625,16.43000030517578
2025-02-03,168.6,1632.3,4363.28,6062.93,21297.580078125,4.543000221252441,112.87006378173828,18.6200008392334
2025-02-04,167.89,1665.92,4491.68,6199.23,21566.919921875,4.513000011444092,114.49595642089844,17.209999084472656
2025-02-05,171.66,1685.42,4497.25,6214.93,21658.16015625,4.421999931335449,116.08714294433594,15.770000457763672
2025-02-06,172.35,1679.1,4522.67,6238.58,21774.0703125,4.440000057220459,116.4043960571289,15.5
2025-02-07,174.46,1673.24,4481.83,6195.56,21491.310546875,4.486999988555908,115.40803527832031,16.540000915527344
2025-02-08,174.46,1673.24,4481.83,6195.56,21491.310546875,4.486999988555908,115.40803527832031,16.540000915527344
2025-02-09,174.46,1673.24,4481.83,6195.56,21491.310546875,4.486999988555908,115.40803527832031,16.540000915527344
2025-02-10,178.92,1697.1,4575.8,6302.63,21756.73046875,4.493000030517578,117.09339904785156,15.8100004196167
2025-02-11,177.19,1682.62,4549.36,6271.85,21693.51953125,4.5370001792907715,117.14793395996094,16.020000457763672
2025-02-12,172.22,1688.13,4566.98,6291.07,21719.259765625,4.63700008392334,116.89513397216797,15.890000343322754
2025-02-13,173.86,1702.65,4646.08,6385.01,22030.7109375,4.525000095367432,118.55075073242188,15.100000381469727
2025-02-14,174.16,1705.59,4654.05,6426.81,22114.689453125,4.4720001220703125,118.9522705078125,14.770000457763672
2025-02-15,174.16,1705.59,4654.05,6426.81,22114.689453125,4.4720001220703125,118.9522705078125,14.770000457763672
2025-02-16,174.16,1705.59,4654.05,6426.81,22114.689453125,4.4720001220703125,118.9522705078125,14.770000457763672
2025-02-17,174.16,1708.12,4654.05,6439.18,22114.689453125,4.4720001220703125,118.9522705078125,14.770000457763672
2025-02-18,179.8,1718.82,4746.25,6487.82,22164.609375,4.544000148773193,120.037841796875,15.350000381469727
2025-02-19,181.52,1702.13,4689.26,6448.05,22175.599609375,4.534999847412109,120.0477523803711,15.270000457763672
2025-02-20,176.0,1678.32,4641.13,6387.97,22068.060546875,4.5,119.66606903076172,15.65999984741211
2025-02-21,167.81,1638.22,4496.42,6260.12,21614.080078125,4.420000076293945,116.42420959472656,18.209999084472656
2025-02-22,167.81,1638.22,4496.42,6260.12,21614.080078125,4.420000076293945,116.42420959472656,18.209999084472656
2025-02-23,167.81,1638.22,4496.42,6260.12,21614.080078125,4.420000076293945,116.42420959472656,18.209999084472656
2025-02-24,169.96,1620.1,4384.16,6133.49,21352.080078125,4.39300012588501,114.75867462158203,18.979999542236328
2025-02-25,168.54,1595.21,4286.92,6036.98,21087.25,4.297999858856201,113.2715835571289,19.43000030517578
2025-02-26,172.47,1611.76,4348.41,6091.95,21132.919921875,4.249000072479248,114.50587463378906,19.100000381469727
2025-02-27,164.76,1562.95,4186.44,5925.19,20550.94921875,4.284999847412109,110.3370590209961,21.1299991607666
2025-02-28,166.06,1547.1,4239.84,5931.85,20884.41015625,4.230999946594238,111.7944107055664,19.6299991607666
2025-03-01,166.06,1547.1,4239.84,5931.85,20884.41015625,4.230999946594238,111.7944107055664,19.6299991607666
2025-03-02,166.06,1547.1,4239.84,5931.85,20884.41015625,4.230999946594238,111.7944107055664,19.6299991607666
2025-03-03,162.02,1519.28,4095.87,5824.01,20425.580078125,4.179999828338623,108.39392852783203,22.780000686645508
2025-03-04,157.47,1503.33,4089.6,5804.92,20352.529296875,4.210000038146973,108.30966186523438,23.510000228881836
2025-03-05,161.56,1543.21,4156.43,5938.81,20628.4609375,4.264999866485596,109.83145904541016,21.93000030517578
2025-03-06,150.94,1528.02,3995.34,5797.56,20052.630859375,4.285999774932861,106.78291320800781,24.8700008392334
2025-03-07,155.16,1533.32,4049.82,5832.27,20201.369140625,4.316999912261963,108.3294906616211,23.3700008392334
2025-03-08,155.16,1533.32,4049.82,5832.27,20201.369140625,4.316999912261963,108.3294906616211,23.3700008392334
2025-03-09,155.16,1533.32,4049.82,5832.27,20201.369140625,4.316999912261963,108.3294906616211,23.3700008392334
2025-03-10,148.79,1486.57,3859.46,5581.89,19430.94921875,4.2129998207092285,103.72447204589844,27.860000610351562
2025-03-11,144.18,1474.62,3878.76,5592.81,19376.9609375,4.288000106811523,103.3031234741211,26.920000076293945
2025-03-12,150.89,1488.31,3973.28,5686.07,19596.01953125,4.317999839782715,104.92902374267578,24.229999542236328
2025-03-13,147.66,1454.59,3894.24,5563.61,19225.48046875,4.27400016784668,102.93631744384766,24.65999984741211
2025-03-14,149.27,1496.18,4021.04,5717.58,19704.640625,4.308000087738037,106.04928588867188,21.770000457763672
2025-03-15,149.27,1496.18,4021.04,5717.58,19704.640625,4.308000087738037,106.04928588867188,21.770000457763672
2025-03-16,149.27,1496.18,4021.04,5717.58,19704.640625,4.308000087738037,106.04928588867188,21.770000457763672
2025-03-17,154.01,1509.58,4048.22,5797.32,19812.240234375,4.306000232696533,106.78787231445312,20.510000228881836
2025-03-18,149.45,1495.11,3959.93,5716.09,19483.359375,4.281000137329102,105.1619873046875,21.700000762939453
2025-03-19,152.45,1504.58,4007.53,5783.62,19736.66015625,4.25600004196167,106.53012084960938,19.899999618530273
2025-03-20,152.72,1498.21,3985.66,5737.89,19677.609375,4.232999801635742,105.77169799804688,19.799999237060547
2025-03-21,152.23,1499.42,4029.07,5755.46,19753.970703125,4.251999855041504,106.05921173095703,19.280000686645508
2025-03-22,152.23,1499.42,4029.07,5755.46,19753.970703125,4.251999855041504,106.05921173095703,19.280000686645508
2025-03-23,152.23,1499.42,4029.07,5755.46,19753.970703125,4.251999855041504,106.05921173095703,19.280000686645508
2025-03-24,154.87,1527.68,4133.09,5859.98,20180.44921875,4.330999851226807,108.06781768798828,17.479999542236328
2025-03-25,153.93,1533.06,4146.51,5873.91,20287.830078125,4.307000160217285,108.42535400390625,17.149999618530273
2025-03-26,147.8,1513.08,4019.48,5766.16,19916.990234375,4.3379998207092285,106.00706481933594,18.329999923706055
2025-03-27,145.78,1490.44,3962.12,5706.01,19798.619140625,4.36899995803833,105.0288314819336,18.690000534057617
2025-03-28,140.87,1451.09,3836.01,5561.86,19281.400390625,4.255000114440918,102.4814453125,21.649999618530273
2025-03-29,140.87,1451.09,3836.01,5561.86,19281.400390625,4.255000114440918,102.4814453125,21.649999618530273
2025-03-30,140.87,1451.09,3836.01,5561.86,19281.400390625,4.255000114440918,102.4814453125,21.649999618530273
2025-03-31,139.81,1423.84,3817.35,5510.92,19278.44921875,4.245999813079834,102.53109741210938,22.280000686645508
2025-04-01,141.94,1435.06,3855.76,5569.71,19436.419921875,4.156000137329102,103.28092193603516,21.770000457763672
2025-04-02,145.86,1453.8,3889.73,5612.09,19581.779296875,4.196000099182129,104.04562377929688,21.510000228881836
2025-04-03,137.23,1366.45,3637.6,5304.26,18521.470703125,4.054999828338623,96.94471740722656,30.020000457763672
2025-04-04,128.27,1293.14,3396.82,4979.75,17397.69921875,3.984999895095825,90.55886840820312,45.310001373291016
2025-04-05,128.27,1293.14,3396.82,4979.75,17397.69921875,3.984999895095825,90.55886840820312,45.310001373291016
2025-04-06,128.27,1293.14,3396.82,4979.75,17397.69921875,3.984999895095825,90.55886840820312,45.310001373291016
2025-04-07,127.16,1264.05,3437.8,4888.13,17430.6796875,4.15500020980835,91.10013580322266,46.97999954223633
2025-04-08,124.5,1253.35,3370.07,4821.35,17090.400390625,4.26200008392334,89.24793243408203,52.33000183105469
2025-04-09,139.69,1356.9,3837.88,5301.69,19145.060546875,4.400000095367432,101.2301025390625,33.619998931884766
2025-04-10,133.35,1333.72,3646.37,5157.34,18343.5703125,4.394000053405762,96.51766967773438,40.720001220703125
2025-04-11,132.35,1349.79,3703.12,5215.29,18690.05078125,4.493000030517578,98.49401092529297,37.560001373291016
2025-04-12,132.35,1349.79,3703.12,5215.29,18690.05078125,4.493000030517578,98.49401092529297,37.560001373291016
2025-04-13,132.35,1349.79,3703.12,5215.29,18690.05078125,4.493000030517578,98.49401092529297,37.560001373291016
2025-04-14,134.64,1362.48,3725.29,5269.08,18796.01953125,4.363999843597412,99.39279174804688,30.889999389648438
2025-04-15,133.94,1370.88,3734.5,5300.34,18830.23046875,4.322999954223633,99.75528717041016,30.1200008392334
2025-04-16,129.76,1343.47,3605.69,5153.57,18257.640625,4.2789998054504395,96.28925323486328,32.63999938964844
2025-04-17,128.62,1344.05,3574.91,5159.34,18258.08984375,4.333000183105469,95.76786041259766,29.649999618530273
2025-04-18,128.62,1344.74,3574.91,5161.46,18258.08984375,4.333000183105469,95.76786041259766,29.649999618530273
2025-04-19,128.62,1344.74,3574.91,5161.46,18258.08984375,4.333000183105469,95.76786041259766,29.649999618530273
2025-04-20,128.62,1344.74,3574.91,5161.46,18258.08984375,4.333000183105469,95.76786041259766,29.649999618530273
2025-04-21,122.82,1322.53,3468.07,5066.73,17808.30078125,4.40500020980835,93.29496002197266,33.81999969482422
2025-04-22,127.24,1343.37,3560.18,5178.65,18276.41015625,4.388999938964844,95.56922912597656,30.56999969482422
2025-04-23,131.4,1389.31,3701.69,5329.96,18693.259765625,4.38700008392334,98.34007263183594,28.450000762939453
2025-04-24,137.51,1433.44,3857.91,5491.06,19214.400390625,4.304999828338623,102.00970458984375,26.469999313354492
2025-04-25,138.49,1452.37,3913.14,5575.9,19432.560546875,4.265999794006348,103.5192642211914,24.84000015258789
2025-04-26,138.49,1452.37,3913.14,5575.9,19432.560546875,4.265999794006348,103.5192642211914,24.84000015258789
2025-04-27,138.49,1452.37,3913.14,5575.9,19432.560546875,4.265999794006348,103.5192642211914,24.84000015258789
2025-04-28,140.14,1454.43,3921.84,5582.7,19427.2890625,4.216000080108643,103.35043334960938,25.149999618530273
2025-04-29,140.79,1463.83,3935.37,5612.25,19544.94921875,4.172999858856201,103.83211517333984,24.170000076293945
2025-04-30,140.72,1461.58,3930.19,5616.14,19571.01953125,4.177000045776367,104.26411437988281,24.700000762939453
2025-05-01,145.49,1463.5,4012.27,5653.36,19786.7109375,4.230999946594238,105.79354095458984,24.600000381469727
2025-05-02,150.73,1496.84,4099.9,5791.78,20102.609375,4.322000026702881,107.56131744384766,22.68000030517578
2025-05-03,150.73,1496.84,4099.9,5791.78,20102.609375,4.322000026702881,107.56131744384766,22.68000030517578
2025-05-04,150.73,1496.84,4099.9,5791.78,20102.609375,4.322000026702881,107.56131744384766,22.68000030517578
2025-05-05,149.29,1490.3,4070.15,5775.15,19967.939453125,4.3429999351501465,106.99027252197266,23.639999389648438
2025-05-06,147.7,1476.67,4020.1,5727.9,19791.349609375,4.308000087738037,106.10140991210938,24.760000228881836
2025-05-07,149.37,1487.72,4042.33,5757.7,19867.970703125,4.275000095367432,107.16407012939453,23.549999237060547
2025-05-08,150.3,1514.86,4105.7,5821.28,20063.560546875,4.373000144958496,108.1869888305664,22.479999542236328
2025-05-09,150.34,1513.97,4092.62,5821.88,20061.44921875,4.375,108.05292510986328,21.899999618530273
2025-05-10,150.34,1513.97,4092.62,5821.88,20061.44921875,4.375,108.05292510986328,21.899999618530273
2025-05-11,150.34,1513.97,4092.62,5821.88,20061.44921875,4.375,108.05292510986328,21.899999618530273
2025-05-12,157.22,1563.34,4292.91,6066.27,20868.150390625,4.456999778747559,113.0682373046875,18.389999389648438
2025-05-13,162.27,1589.89,4420.06,6171.52,21197.69921875,4.499000072479248,115.51134490966797,18.219999313354492
2025-05-14,162.95,1591.81,4470.45,6221.77,21319.2109375,4.5279998779296875,116.26116943359375,18.6200008392334
2025-05-15,159.4,1583.05,4430.05,6191.97,21335.8203125,4.454999923706055,116.4200668334961,17.829999923706055
2025-05-16,160.49,1589.94,4453.95,6212.41,21427.939453125,4.440999984741211,116.63856506347656,17.239999771118164
2025-05-17,160.49,1589.94,4453.95,6212.41,21427.939453125,4.440999984741211,116.63856506347656,17.239999771118164
2025-05-18,160.49,1589.94,4453.95,6212.41,21427.939453125,4.440999984741211,116.63856506347656,17.239999771118164
2025-05-19,159.64,1583.6,4431.89,6197.52,21447.05078125,4.474999904632568,116.46971893310547,18.139999389648438
2025-05-20,160.31,1589.82,4402.23,6188.22,21367.369140625,4.480999946594238,116.0327377319336,18.09000015258789
2025-05-21,157.18,1558.3,4328.89,6110.33,21080.359375,4.5960001945495605,113.85282135009766,20.8700008392334
2025-05-22,157.31,1563.62,4370.4,6115.27,21112.470703125,4.552999973297119,113.88261413574219,20.280000686645508
2025-05-23,155.97,1550.75,4317.13,6065.13,20915.66015625,4.508999824523926,112.62629699707031,22.290000915527344
2025-05-24,155.97,1550.75,4317.13,6065.13,20915.66015625,4.508999824523926,112.62629699707031,22.290000915527344
2025-05-25,155.97,1550.75,4317.13,6065.13,20915.66015625,4.508999824523926,112.62629699707031,22.290000915527344
2025-05-26,155.97,1558.2,4317.13,6070.83,20915.66015625,4.508999824523926,112.62629699707031,22.290000915527344
2025-05-27,161.91,1589.29,4430.85,6186.68,21414.990234375,4.434000015258789,115.30279541015625,18.959999084472656
2025-05-28,163.85,1570.45,4409.53,6152.36,21318.169921875,4.4770002365112305,114.82608795166016,19.309999465942383
2025-05-29,162.9,1575.88,4395.78,6149.1,21363.94921875,4.423999786376953,115.0197525024414,19.18000030517578
2025-05-30,165.53,1565.12,4387.64,6127.84,21340.990234375,4.415999889373779,114.66222381591797,18.56999969482422
2025-05-31,165.53,1565.12,4387.64,6127.84,21340.990234375,4.415999889373779,114.66222381591797,18.56999969482422
2025-06-01,165.53,1565.12,4387.64,6127.84,21340.990234375,4.415999889373779,114.66222381591797,18.56999969482422
2025-06-02,166.57,1569.52,4444.59,6171.17,21491.75,4.461999893188477,115.67521667480469,18.360000610351562
2025-06-03,169.14,1588.56,4494.5,6211.87,21662.580078125,4.460000038146973,117.41319274902344,17.690000534057617
2025-06-04,168.1,1601.8,4521.91,6272.46,21721.919921875,4.364999771118164,117.58700561523438,17.610000610351562
2025-06-05,171.14,1595.61,4482.78,6252.92,21547.4296875,4.394000053405762,117.25430297851562,18.479999542236328
2025-06-06,174.02,1613.46,4550.28,6314.42,21761.7890625,4.510000228881836,118.36164855957031,16.770000457763672
2025-06-07,174.02,1613.46,4550.28,6314.42,21761.7890625,4.510000228881836,118.36164855957031,16.770000457763672
2025-06-08,174.02,1613.46,4550.28,6314.42,21761.7890625,4.510000228881836,118.36164855957031,16.770000457763672
2025-06-09,177.15,1627.09,4588.44,6359.04,21797.869140625,4.48199987411499,118.94261932373047,17.15999984741211
2025-06-10,177.48,1633.96,4607.33,6386.98,21941.919921875,4.473999977111816,119.6080322265625,16.950000762939453
2025-06-11,176.38,1632.6,4585.97,6397.58,21860.80078125,4.4120001792907715,119.34484100341797,17.260000228881836
2025-06-12,199.86,1624.24,4623.88,6402.55,21913.3203125,4.35699987411499,120.45219421386719,18.020000457763672
2025-06-13,215.22,1596.43,4568.22,6314.23,21631.0390625,4.423999786376953,118.76385498046875,20.81999969482422
2025-06-14,215.22,1596.43,4568.22,6314.23,21631.0390625,4.423999786376953,118.76385498046875,20.81999969482422
2025-06-15,215.22,1596.43,4568.22,6314.23,21631.0390625,4.423999786376953,118.76385498046875,20.81999969482422
2025-06-16,211.1,1625.84,4662.62,6428.46,21937.5703125,4.452000141143799,120.6855697631836,19.110000610351562
2025-06-17,208.18,1611.08,4624.2,6380.65,21719.080078125,4.39300012588501,119.83148193359375,21.600000381469727
2025-06-18,210.87,1618.15,4636.69,6370.76,21719.689453125,4.396999835968018,119.97547912597656,20.139999389648438
2025-06-19,210.87,1612.09,4636.69,6351.58,21719.689453125,4.396999835968018,119.97547912597656,20.139999389648438
2025-06-20,205.17,1600.15,4589.22,6314.74,21626.390625,4.375,119.44415283203125,20.6200008392334
2025-06-21,205.17,1600.15,4589.22,6314.74,21626.390625,4.375,119.44415283203125,20.6200008392334
2025-06-22,205.17,1600.15,4589.22,6314.74,21626.390625,4.375,119.44415283203125,20.6200008392334
2025-06-23,207.04,1603.33,4625.04,6365.66,21856.330078125,4.320000171661377,120.80601501464844,19.829999923706055
2025-06-24,215.27,1646.41,4751.86,6536.13,22190.51953125,4.293000221252441,122.97463989257812,17.479999542236328
2025-06-25,210.72,1650.16,4780.45,6537.17,22237.740234375,4.293000221252441,124.02413177490234,16.760000228881836
2025-06-26,212.82,1681.54,4856.95,6599.58,22447.2890625,4.252999782562256,124.87964630126953,16.59000015258789
2025-06-27,210.24,1683.36,4849.27,6600.98,22534.19921875,4.2829999923706055,124.73042297363281,16.31999969482422
2025-06-28,210.24,1683.36,4849.27,6600.98,22534.19921875,4.2829999923706055,124.73042297363281,16.31999969482422
2025-06-29,210.24,1683.36,4849.27,6600.98,22534.19921875,4.2829999923706055,124.73042297363281,16.31999969482422
2025-06-30,218.63,1691.74,4890.02,6643.34,22679.009765625,4.230000019073486,125.9540023803711,16.729999542236328
2025-07-01,218.96,1685.65,4806.56,6570.24,22478.130859375,4.250999927520752,124.82990264892578,16.829999923706055
2025-07-02,229.98,1698.72,4853.32,6610.8,22641.890625,4.293000221252441,126.14797973632812,16.639999389648438
2025-07-03,237.32,1722.28,4923.95,6692.88,22866.970703125,4.3480000495910645,127.80925750732422,16.3799991607666
2025-07-04,237.32,1720.19,4923.95,6679.76,22866.970703125,4.3480000495910645,127.80925750732422,16.3799991607666
2025-07-05,237.32,1720.19,4923.95,6679.76,22866.970703125,4.3480000495910645,127.80925750732422,16.3799991607666
2025-07-06,237.32,1720.19,4923.95,6679.76,22866.970703125,4.3480000495910645,127.80925750732422,16.3799991607666
2025-07-07,232.26,1697.9,4891.59,6623.5,22685.5703125,4.394999980926514,126.79458618164062,17.790000915527344
2025-07-08,234.5,1708.9,4918.82,6643.77,22702.25,4.414999961853027,127.47601318359375,16.809999465942383
2025-07-09,235.81,1721.2,4967.64,6656.65,22864.91015625,4.3420000076293945,128.24197387695312,15.9399995803833
2025-07-10,235.0,1716.96,4949.35,6641.09,22829.259765625,4.3460001945495605,127.8192138671875,15.779999732971191
2025-07-11,230.56,1696.37,4920.78,6589.45,22780.599609375,4.422999858856201,127.25716400146484,16.399999618530273
2025-07-12,230.56,1696.37,4920.78,6589.45,22780.599609375,4.422999858856201,127.25716400146484,16.399999618530273
2025-07-13,230.56,1696.37,4920.78,6589.45,22780.599609375,4.422999858856201,127.25716400146484,16.399999618530273
2025-07-14,229.28,1694.37,4943.23,6617.1,22855.630859375,4.427000045776367,127.15270233154297,17.200000762939453
2025-07-15,234.96,1689.22,4986.15,6666.79,22884.58984375,4.488999843597412,128.2817840576172,17.3799991607666
2025-07-16,241.3,1700.28,5011.35,6683.55,22907.970703125,4.454999923706055,128.6796875,17.15999984741211
2025-07-17,248.75,1729.3,5059.42,6751.63,23081.05078125,4.4629998207092285,129.8485565185547,16.520000457763672
2025-07-18,245.45,1737.61,5062.49,6751.9,23065.470703125,4.432000160217285,129.76400756835938,16.40999984741211
2025-07-19,245.45,1737.61,5062.49,6751.9,23065.470703125,4.432000160217285,129.76400756835938,16.40999984741211
2025-07-20,245.45,1737.61,5062.49,6751.9,23065.470703125,4.432000160217285,129.76400756835938,16.40999984741211
2025-07-21,243.54,1742.62,5070.67,6772.04,23180.060546875,4.372000217437744,129.93312072753906,16.649999618530273
2025-07-22,238.11,1748.26,5018.56,6714.61,23063.580078125,4.335999965667725,128.72943115234375,16.5
2025-07-23,241.9,1794.05,5085.92,6795.6,23162.41015625,4.388000011444092,129.465576171875,15.369999885559082
2025-07-24,242.83,1786.24,5107.18,6791.41,23219.869140625,4.4079999923706055,130.0126953125,15.390000343322754
2025-07-25,245.12,1792.14,5118.83,6800.08,23272.25,4.386000156402588,130.31114196777344,14.930000305175781
2025-07-26,245.12,1792.14,5118.83,6800.08,23272.25,4.386000156402588,130.31114196777344,14.930000305175781
2025-07-27,245.12,1792.14,5118.83,6800.08,23272.25,4.386000156402588,130.31114196777344,14.930000305175781
2025-07-28,247.71,1794.08,5179.16,6842.28,23356.26953125,4.420000076293945,131.3506622314453,15.029999732971191
2025-07-29,249.98,1772.62,5158.1,6824.29,23308.30078125,4.329999923706055,131.3556671142578,15.979999542236328
2025-07-30,250.6,1768.41,5182.6,6830.96,23345.41015625,4.375999927520752,131.64910888671875,15.479999542236328
2025-07-31,253.77,1757.84,5193.86,6793.15,23218.119140625,4.360000133514404,130.6841583251953,16.719999313354492
2025-08-01,244.42,1722.93,5020.11,6616.73,22763.310546875,4.21999979019165,127.86398315429688,20.3799991607666
2025-08-02,244.42,1722.93,5020.11,6616.73,22763.310546875,4.21999979019165,127.86398315429688,20.3799991607666
2025-08-03,244.42,1722.93,5020.11,6616.73,22763.310546875,4.21999979019165,127.86398315429688,20.3799991607666
2025-08-04,252.53,1755.56,5127.84,6740.59,23188.609375,4.199999809265137,130.46035766601562,17.520000457763672
2025-08-05,255.67,1755.14,5111.42,6721.35,23018.560546875,4.196000099182129,129.38101196289062,17.850000381469727
2025-08-06,256.43,1751.12,5179.75,6786.21,23315.0390625,4.21999979019165,130.83834838867188,16.770000457763672
2025-08-07,249.39,1745.21,5169.7,6807.0,23389.529296875,4.24399995803833,130.95773315429688,16.56999969482422
2025-08-08,250.05,1750.37,5189.09,6830.07,23611.26953125,4.284999847412109,132.265869140625,15.149999618530273
2025-08-09,250.05,1750.37,5189.09,6830.07,23611.26953125,4.284999847412109,132.265869140625,15.149999618530273
2025-08-10,250.05,1750.37,5189.09,6830.07,23611.26953125,4.284999847412109,132.265869140625,15.149999618530273
2025-08-11,252.68,1720.92,5159.5,6799.27,23526.630859375,4.2729997634887695,131.37057495117188,16.25
2025-08-12,253.86,1753.65,5239.57,6889.05,23839.19921875,4.293000221252441,133.40489196777344,14.729999542236328
2025-08-13,244.18,1789.64,5253.65,6928.7,23849.0390625,4.23799991607666,133.4546356201172,14.489999771118164
2025-08-14,244.96,1770.72,5255.05,6890.94,23832.439453125,4.293000221252441,133.16615295410156,14.829999923706055
2025-08-15,248.28,1774.67,5267.78,6888.38,23712.0703125,4.328000068664551,132.1564483642578,15.09000015258789
2025-08-16,248.28,1774.67,5267.78,6888.38,23712.0703125,4.328000068664551,132.1564483642578,15.09000015258789
2025-08-17,248.28,1774.67,5267.78,6888.38,23712.0703125,4.328000068664551,132.1564483642578,15.09000015258789
2025-08-18,249.07,1779.6,5258.01,6894.14,23713.759765625,4.341000080108643,132.43995666503906,14.989999771118164
2025-08-19,234.62,1751.93,5136.91,6781.21,23384.76953125,4.302000045776367,130.12709045410156,15.569999694824219
2025-08-20,235.06,1734.12,5082.74,6718.37,23249.5703125,4.296000003814697,129.24671936035156,15.6899995803833
2025-08-21,233.16,1730.89,5061.97,6681.6,23142.580078125,4.329999923706055,128.7791748046875,16.600000381469727
2025-08-22,236.37,1775.32,5165.19,6828.37,23498.119140625,4.260000228881836,130.52500915527344,14.220000267028809
2025-08-23,236.37,1775.32,5165.19,6828.37,23498.119140625,4.260000228881836,130.52500915527344,14.220000267028809
2025-08-24,236.37,1775.32,5165.19,6828.37,23498.119140625,4.260000228881836,130.52500915527344,14.220000267028809
2025-08-25,235.41,1764.32,5140.91,6826.18,23425.609375,4.275000095367432,130.23155212402344,14.789999961853027
2025-08-26,234.21,1761.48,5156.71,6846.0,23525.2890625,4.257999897003174,130.8284149169922,14.619999885559082
2025-08-27,235.81,1768.66,5186.93,6855.15,23565.849609375,4.23799991607666,131.53472900390625,14.850000381469727
2025-08-28,240.32,1786.18,5288.54,6921.76,23703.44921875,4.206999778747559,132.57424926757812,14.430000305175781
2025-08-29,226.13,1781.66,5208.24,6865.62,23415.419921875,4.2270002365112305,130.53994750976562,15.359999656677246
2025-08-30,226.13,1781.66,5208.24,6865.62,23415.419921875,4.2270002365112305,130.53994750976562,15.359999656677246
2025-08-31,226.13,1781.66,5208.24,6865.62,23415.419921875,4.2270002365112305,130.53994750976562,15.359999656677246
2025-09-01,226.13,1777.97,5208.24,6852.97,23415.419921875,4.2270002365112305,130.53994750976562,15.359999656677246
2025-09-02,225.3,1752.64,5166.9,6797.84,23231.109375,4.2769999504089355,129.22183227539062,17.170000076293945
2025-09-03,223.45,1746.86,5207.32,6833.34,23414.83984375,4.210999965667725,129.99281311035156,16.350000381469727
2025-09-04,223.0,1753.32,5241.76,6864.59,23633.009765625,4.176000118255615,130.63442993164062,15.300000190734863
2025-09-05,232.8,1778.15,5272.66,6921.99,23652.439453125,4.085999965667725,130.7438507080078,15.180000305175781
2025-09-06,232.8,1778.15,5272.66,6921.99,23652.439453125,4.085999965667725,130.7438507080078,15.180000305175781
2025-09-07,232.8,1778.15,5272.66,6921.99,23652.439453125,4.085999965667725,130.7438507080078,15.180000305175781
2025-09-08,238.48,1799.81,5319.45,7014.72,23762.30078125,4.046000003814697,131.72372436523438,15.109999656677246
2025-09-09,241.51,1801.7,5356.44,7077.58,23839.80078125,4.073999881744385,131.97738647460938,15.039999961853027
2025-09-10,328.33,1779.5,5478.85,7140.29,23849.26953125,4.0320000648498535,134.3698272705078,15.350000381469727
2025-09-11,307.86,1809.58,5467.04,7177.17,23992.560546875,4.011000156402588,134.82244873046875,14.710000038146973
2025-09-12,292.18,1794.27,5436.44,7208.24,24092.189453125,4.060999870300293,134.73292541503906,14.760000228881836
2025-09-13,292.18,1794.27,5436.44,7208.24,24092.189453125,4.060999870300293,134.73292541503906,14.760000228881836
2025-09-14,292.18,1794.27,5436.44,7208.24,24092.189453125,4.060999870300293,134.73292541503906,14.760000228881836
2025-09-15,302.14,1810.37,5521.62,7302.66,24293.779296875,4.033999919891357,135.9465789794922,15.6899995803833
2025-09-16,306.65,1819.16,5505.26,7339.57,24274.25,4.026000022888184,135.47402954101562,16.360000610351562
2025-09-17,301.41,1826.18,5472.99,7346.68,24223.689453125,4.076000213623047,135.00648498535156,15.720000267028809
2025-09-18,296.62,1862.74,5579.68,7429.91,24454.890625,4.104000091552734,137.3392333984375,15.699999809265137
2025-09-19,308.66,1865.67,5636.06,7487.92,24626.25,4.138999938964844,138.73196411132812,15.449999809265137
2025-09-20,308.66,1865.67,5636.06,7487.92,24626.25,4.138999938964844,138.73196411132812,15.449999809265137
2025-09-21,308.66,1865.67,5636.06,7487.92,24626.25,4.138999938964844,138.73196411132812,15.449999809265137
2025-09-22,328.15,1896.4,5654.0,7553.83,24761.0703125,4.14300012588501,140.77285766601562,16.100000381469727
2025-09-23,313.83,1888.98,5595.38,7505.8,24580.169921875,4.119999885559082,139.5576629638672,16.639999389648438
2025-09-24,308.46,1868.05,5578.55,7513.31,24503.5703125,4.146999835968018,138.69607543945312,16.18000030517578
2025-09-25,291.33,1846.4,5576.17,7459.09,24397.310546875,4.171999931335449,138.45204162597656,16.739999771118164
2025-09-26,283.46,1842.74,5589.35,7443.93,24503.849609375,4.186999797821045,138.87039184570312,15.289999961853027
2025-09-27,283.46,1842.74,5589.35,7443.93,24503.849609375,4.186999797821045,138.87039184570312,15.289999961853027
2025-09-28,283.46,1842.74,5589.35,7443.93,24503.849609375,4.186999797821045,138.87039184570312,15.289999961853027
2025-09-29,282.76,1846.01,5588.08,7513.28,24611.349609375,4.140999794006348,139.61245727539062,16.1200008392334
2025-09-30,281.24,1855.56,5589.05,7522.88,24679.990234375,4.1479997634887695,140.3744354248047,16.280000686645508
2025-10-01,289.01,1876.12,5664.85,7588.67,24800.859375,4.105999946594238,141.74900817871094,16.290000915527344
2025-10-02,288.78,1903.75,5718.17,7660.68,24892.759765625,4.0879998207092285,142.51596069335938,16.6299991607666
2025-10-03,286.14,1909.83,5667.41,7641.23,24785.51953125,4.11899995803833,141.79881286621094,16.649999618530273
2025-10-04,286.14,1909.83,5667.41,7641.23,24785.51953125,4.11899995803833,141.79881286621094,16.649999618530273
2025-10-05,286.14,1909.83,5667.41,7641.23,24785.51953125,4.11899995803833,141.79881286621094,16.649999618530273
2025-10-06,291.59,1947.17,5782.2,7757.17,24978.560546875,4.1620001792907715,143.23312377929688,16.3700008392334
2025-10-07,284.24,1923.61,5763.51,7699.6,24840.23046875,4.126999855041504,142.2769012451172,17.239999771118164
2025-10-08,288.63,1954.0,5906.7,7832.18,25136.619140625,4.129000186920166,144.77203369140625,16.299999237060547
2025-10-09,296.96,1961.42,5930.62,7807.24,25098.1796875,4.1479997634887695,144.5279998779297,16.43000030517578
2025-10-10,292.96,1885.11,5690.75,7515.18,24221.740234375,4.051000118255615,138.64630126953125,21.65999984741211
2025-10-11,292.96,1885.11,5690.75,7515.18,24221.740234375,4.051000118255615,138.64630126953125,21.65999984741211
2025-10-12,292.96,1885.11,5690.75,7515.18,24221.740234375,4.051000118255615,138.64630126953125,21.65999984741211
2025-10-13,308.01,1929.93,5818.05,7686.89,24750.25,4.051000118255615,142.02291870117188,19.030000686645508
2025-10-14,299.0,1909.9,5710.61,7589.9,24579.3203125,4.021999835968018,140.20013427734375,20.809999465942383
2025-10-15,303.62,1935.58,5794.17,7705.18,24745.359375,4.046000003814697,141.58963012695312,20.639999389648438
2025-10-16,313.0,1917.43,5790.09,7701.31,24657.240234375,3.9760000705718994,141.6942138671875,25.309999465942383
2025-10-17,291.31,1893.57,5763.76,7685.76,24817.94921875,4.006999969482422,141.9432373046875,20.780000686645508
2025-10-18,291.31,1893.57,5763.76,7685.76,24817.94921875,4.006999969482422,141.9432373046875,20.780000686645508
2025-10-19,291.31,1893.57,5763.76,7685.76,24817.94921875,4.006999969482422,141.9432373046875,20.780000686645508
2025-10-20,277.18,1938.07,5861.41,7807.84,25141.01953125,3.9860000610351562,143.52696228027344,18.229999542236328
2025-10-21,275.15,1940.18,5860.34,7781.41,25127.130859375,3.9630000591278076,143.60166931152344,17.8700008392334
2025-10-22,272.66,1915.28,5781.93,7692.16,24879.009765625,3.953000068664551,142.18228149414062,18.600000381469727
2025-10-23,280.07,1931.88,5848.6,7774.63,25097.41015625,3.990999937057495,143.9751739501953,17.299999237060547
2025-10-24,283.33,1953.88,5961.64,7912.66,25358.16015625,3.996999979019165,146.21133422851562,16.3700008392334
2025-10-25,283.33,1953.88,5961.64,7912.66,25358.16015625,3.996999979019165,146.21133422851562,16.3700008392334
2025-10-26,283.33,1953.88,5961.64,7912.66,25358.16015625,3.996999979019165,146.21133422851562,16.3700008392334
2025-10-27,281.4,1984.6,6092.71,8085.3,25821.55078125,3.996999979019165,148.91064453125,15.789999961853027
2025-10-28,280.83,1959.24,6145.13,8083.58,26012.150390625,3.9830000400543213,150.3848114013672,16.420000076293945
2025-10-29,275.3,1967.17,6206.13,8132.9,26119.849609375,4.058000087738037,151.46554565429688,16.920000076293945
2025-10-30,256.89,1934.04,6068.63,8038.13,25734.810546875,4.0929999351501465,149.60292053222656,16.90999984741211
2025-10-31,262.61,1965.06,6103.68,8096.25,25858.130859375,4.10099983215332,149.74734497070312,17.440000534057617
2025-11-01,262.61,1965.06,6103.68,8096.25,25858.130859375,4.10099983215332,149.74734497070312,17.440000534057617
2025-11-02,262.61,1965.06,6103.68,8096.25,25858.130859375,4.10099983215332,149.74734497070312,17.440000534057617
2025-11-03,257.85,1961.24,6106.92,8157.18,25972.939453125,4.105999946594238,150.35992431640625,17.170000076293945
2025-11-04,248.17,1896.54,5911.02,7879.38,25435.69921875,4.089000225067139,146.39064025878906,19.0
2025-11-05,250.31,1893.31,5924.8,7919.23,25620.029296875,4.1570000648498535,146.96336364746094,18.010000228881836
2025-11-06,243.8,1862.43,5754.19,7802.2,25130.0390625,4.0929999351501465,144.01004028320312,19.5
2025-11-07,239.26,1860.35,5738.17,7736.03,25059.810546875,4.0929999351501465,143.51202392578125,19.079999923706055
2025-11-08,239.26,1860.35,5738.17,7736.03,25059.810546875,4.0929999351501465,143.51202392578125,19.079999923706055
2025-11-09,239.26,1860.35,5738.17,7736.03,25059.810546875,4.0929999351501465,143.51202392578125,19.079999923706055
2025-11-10,240.83,1892.2,5879.19,7931.07,25611.740234375,4.110000133514404,147.1824951171875,17.600000381469727
2025-11-11,236.15,1883.83,5838.35,7873.74,25533.490234375,4.119999885559082,145.92745971679688,17.280000686645508
2025-11-12,226.99,1886.14,5826.45,7871.44,25517.330078125,4.065000057220459,146.38067626953125,17.510000228881836
2025-11-13,217.57,1838.8,5629.15,7681.56,24993.4609375,4.111999988555908,142.73011779785156,20.0
2025-11-14,222.85,1821.61,5644.36,7636.03,25008.240234375,4.1479997634887695,143.5070343017578,19.829999923706055
2025-11-15,222.85,1821.61,5644.36,7636.03,25008.240234375,4.1479997634887695,143.5070343017578,19.829999923706055
2025-11-16,222.85,1821.61,5644.36,7636.03,25008.240234375,4.1479997634887695,143.5070343017578,19.829999923706055
2025-11-17,219.86,1785.27,5554.85,7573.76,24799.919921875,4.132999897003174,141.2609405517578,22.3799991607666
2025-11-18,220.49,1756.83,5472.29,7444.06,24503.099609375,4.123000144958496,138.96502685546875,24.690000534057617
2025-11-19,225.53,1751.54,5505.02,7440.85,24640.51953125,4.132999897003174,139.9311981201172,23.65999984741211
2025-11-20,210.69,1718.43,5352.87,7266.47,24054.380859375,4.105999946594238,135.53857421875,26.420000076293945
2025-11-21,198.76,1731.09,5372.54,7249.57,24239.5703125,4.063000202178955,136.06150817871094,23.43000030517578
2025-11-22,198.76,1731.09,5372.54,7249.57,24239.5703125,4.063000202178955,136.06150817871094,23.43000030517578
2025-11-23,198.76,1731.09,5372.54,7249.57,24239.5703125,4.063000202178955,136.06150817871094,23.43000030517578
2025-11-24,200.28,1767.65,5578.88,7469.09,24873.849609375,4.038000106811523,139.3036651611328,20.520000457763672
2025-11-25,197.03,1794.59,5621.65,7502.14,25018.359375,4.001999855041504,139.6772003173828,18.559999465942383
2025-11-26,204.96,1807.32,5657.28,7576.64,25236.939453125,3.997999906539917,141.33065795898438,17.190000534057617
2025-11-27,204.96,1810.56,5657.28,7585.02,25236.939453125,3.997999906539917,141.33065795898438,17.190000534057617
2025-11-28,201.95,1825.28,5738.54,7645.04,25434.890625,4.017000198364258,142.5458526611328,16.350000381469727
2025-11-29,201.95,1825.28,5738.54,7645.04,25434.890625,4.017000198364258,142.5458526611328,16.350000381469727
2025-11-30,201.95,1825.28,5738.54,7645.04,25434.890625,4.017000198364258,142.5458526611328,16.350000381469727
2025-12-01,200.94,1809.98,5689.42,7640.12,25342.849609375,4.0960001945495605,142.610595703125,17.239999771118164
2025-12-02,201.1,1811.58,5727.18,7695.28,25555.859375,4.085999965667725,144.07977294921875,16.59000015258789
2025-12-03,207.73,1843.78,5745.68,7752.07,25606.5390625,4.057000160217285,144.4234161376953,16.079999923706055
2025-12-04,214.33,1880.72,5734.25,7777.68,25581.69921875,4.107999801635742,144.96128845214844,15.779999732971191
2025-12-05,217.58,1885.63,5766.73,7851.69,25692.05078125,4.138999938964844,146.02210998535156,15.40999984741211
2025-12-06,217.58,1885.63,5766.73,7851.69,25692.05078125,4.138999938964844,146.02210998535156,15.40999984741211
2025-12-07,217.58,1885.63,5766.73,7851.69,25692.05078125,4.138999938964844,146.02210998535156,15.40999984741211
2025-12-08,220.54,1894.33,5775.29,7866.25,25627.94921875,4.171999931335449,147.04803466796875,16.65999984741211
2025-12-09,221.53,1895.07,5781.8,7876.79,25668.689453125,4.185999870300293,147.43649291992188,16.93000030517578
2025-12-10,223.01,1901.26,5797.78,7930.55,25776.439453125,4.164000034332275,148.14370727539062,15.770000457763672
2025-12-11,198.85,1895.18,5753.04,7874.65,25686.689453125,4.140999794006348,147.38668823242188,14.850000381469727
2025-12-12,189.97,1865.43,5569.0,7736.64,25196.73046875,4.193999767303467,143.12356567382812,15.739999771118164
2025-12-13,189.97,1865.43,5569.0,7736.64,25196.73046875,4.193999767303467,143.12356567382812,15.739999771118164
2025-12-14,189.97,1865.43,5569.0,7736.64,25196.73046875,4.193999767303467,143.12356567382812,15.739999771118164
2025-12-15,184.92,1831.33,5459.81,7620.33,25067.26953125,4.182000160217285,141.73904418945312,16.5
2025-12-16,188.65,1819.95,5498.02,7610.1,25132.939453125,4.14900016784668,141.9980010986328,16.479999542236328
2025-12-17,178.46,1792.1,5358.54,7496.78,24647.609375,4.151000022888184,138.84051513671875,17.6200008392334
2025-12-18,180.03,1805.18,5421.72,7595.29,25019.369140625,4.116000175476074,140.98202514648438,16.8700008392334
2025-12-19,191.97,1831.15,5540.98,7718.34,25346.1796875,4.151000022888184,144.0299835205078,14.90999984741211
2025-12-20,191.97,1831.15,5540.98,7718.34,25346.1796875,4.151000022888184,144.0299835205078,14.90999984741211
2025-12-21,191.97,1831.15,5540.98,7718.34,25346.1796875,4.151000022888184,144.0299835205078,14.90999984741211
2025-12-22,198.38,1861.74,5576.18,7807.77,25461.69921875,4.169000148773193,144.8070831298828,14.079999923706055
2025-12-23,195.34,1851.74,5599.82,7819.6,25587.830078125,4.169000148773193,145.5951385498047,14.0
2025-12-24,197.49,1854.57,5599.81,7845.98,25656.150390625,4.136000156402588,145.94430541992188,13.470000267028809
2025-12-25,197.49,1856.08,5599.81,7846.72,25656.150390625,4.136000156402588,145.94430541992188,13.470000267028809
2025-12-26,197.99,1848.98,5595.13,7863.56,25644.390625,4.136000156402588,146.17373657226562,13.600000381469727
2025-12-27,197.99,1848.98,5595.13,7863.56,25644.390625,4.136000156402588,146.17373657226562,13.600000381469727
2025-12-28,197.99,1848.98,5595.13,7863.56,25644.390625,4.136000156402588,146.17373657226562,13.600000381469727
2025-12-29,195.38,1845.63,5572.66,7856.21,25525.560546875,4.116000175476074,145.51535034179688,14.199999809265137
2025-12-30,197.21,1839.11,5560.82,7838.96,25462.560546875,4.130000114440918,145.0564727783203,14.329999923706055
2025-12-31,194.91,1821.56,5509.12,7779.84,25249.849609375,4.163000106811523,143.61996459960938,14.949999809265137
2026-01-01,194.91,1821.56,5509.12,7779.84,25249.849609375,4.163000106811523,143.61996459960938,14.949999809265137
2026-01-02,195.71,1841.3,5523.96,7844.24,25206.169921875,4.186999797821045,143.94915771484375,14.510000228881836
2026-01-03,195.71,1841.3,5523.96,7844.24,25206.169921875,4.186999797821045,143.94915771484375,14.510000228881836
2026-01-04,195.71,1841.3,5523.96,7844.24,25206.169921875,4.186999797821045,143.94915771484375,14.510000228881836
2026-01-05,192.59,1884.42,5580.06,7943.66,25401.3203125,4.164999961853027,144.26837158203125,14.899999618530273
2026-01-06,193.75,1930.94,5638.15,8039.31,25639.7109375,4.178999900817871,146.29344177246094,14.75
2026-01-07,192.84,1938.65,5640.42,8040.09,25653.900390625,4.138000011444092,146.17373657226562,15.380000114440918
2026-01-08,189.65,1925.74,5572.53,7976.9,25507.099609375,4.183000087738037,143.88931274414062,15.449999809265137
2026-01-09,198.52,1934.45,5629.75,8020.2,25766.259765625,4.171000003814697,145.79466247558594,14.489999771118164
2026-01-10,198.52,1934.45,5629.75,8020.2,25766.259765625,4.171000003814697,145.79466247558594,14.489999771118164
2026-01-11,198.52,1934.45,5629.75,8020.2,25766.259765625,4.171000003814697,145.79466247558594,14.489999771118164
2026-01-12,204.68,1948.85,5653.26,8090.2,25787.66015625,4.186999797821045,146.43310546875,15.119999885559082
2026-01-13,202.29,1931.48,5639.56,8053.98,25741.94921875,4.171000003814697,146.1238555908203,15.979999542236328
2026-01-14,193.61,1927.81,5578.48,7991.63,25465.939453125,4.139999866485596,144.3481903076172,16.75
2026-01-15,189.85,1920.97,5573.67,7996.0,25547.0703125,4.159999847412109,145.10635375976562,15.84000015258789
2026-01-16,191.09,1920.12,5574.01,7998.8,25529.259765625,4.230999946594238,145.2659454345703,15.859999656677246
2026-01-17,191.09,1920.12,5574.01,7998.8,25529.259765625,4.230999946594238,145.2659454345703,15.859999656677246
2026-01-18,191.09,1920.12,5574.01,7998.8,25529.259765625,4.230999946594238,145.2659454345703,15.859999656677246
2026-01-19,191.09,1915.55,5574.01,7997.18,25529.259765625,4.230999946594238,145.2659454345703,15.859999656677246
2026-01-20,179.92,1871.31,5415.72,7803.91,24987.5703125,4.295000076293945,141.49513244628906,20.09000015258789
2026-01-21,173.88,1884.7,5486.35,7912.33,25326.580078125,4.252999782562256,143.46035766601562,16.899999618530273
2026-01-22,178.18,1907.35,5583.59,8009.12,25518.349609375,4.249000072479248,144.5277557373047,15.640000343322754
2026-01-23,177.16,1894.93,5537.5,8012.32,25605.470703125,4.238999843597412,144.73724365234375,16.09000015258789
2026-01-24,177.16,1894.93,5537.5,8012.32,25605.470703125,4.238999843597412,144.73724365234375,16.09000015258789
2026-01-25,177.16,1894.93,5537.5,8012.32,25605.470703125,4.238999843597412,144.73724365234375,16.09000015258789
2026-01-26,182.44,1901.08,5561.91,8011.89,25713.2109375,4.2129998207092285,145.72483825683594,16.149999618530273
2026-01-27,174.9,1917.78,5601.91,8101.82,25939.740234375,4.2230000495910645,147.6900634765625,16.350000381469727
2026-01-28,172.8,1905.34,5623.25,8189.24,26022.7890625,4.250999927520752,148.86717224121094,16.350000381469727
2026-01-29,169.01,1868.55,5564.97,8115.46,25884.30078125,4.2270002365112305,146.51292419433594,16.8799991607666
2026-01-30,164.58,1825.72,5444.69,7972.14,25552.390625,4.241000175476074,143.5301971435547,17.440000534057617
2026-01-31,164.58,1825.72,5444.69,7972.14,25552.390625,4.241000175476074,143.5301971435547,17.440000534057617
2026-02-01,164.58,1825.72,5444.69,7972.14,25552.390625,4.241000175476074,143.5301971435547,17.440000534057617
2026-02-02,160.06,1814.48,5462.12,7969.25,25738.609375,4.275000095367432,144.9068145751953,16.34000015258789
2026-02-03,154.67,1803.02,5339.11,7830.09,25338.619140625,4.27400016784668,141.7345733642578,18.0
2026-02-04,146.67,1776.14,5182.47,7609.98,24891.240234375,4.275000095367432,137.78419494628906,18.639999389648438
2026-02-05,136.48,1723.57,5042.88,7436.61,24548.689453125,4.210000038146973,135.3002471923828,21.770000457763672
2026-02-06,142.82,1786.56,5199.56,7618.34,25075.76953125,4.205999851226807,140.78688049316406,20.3700008392334
2026-02-07,142.82,1786.56,5199.56,7618.34,25075.76953125,4.205999851226807,140.78688049316406,20.3700008392334
2026-02-08,142.82,1786.56,5199.56,7618.34,25075.76953125,4.205999851226807,140.78688049316406,20.3700008392334
2026-02-09,156.59,1822.75,5307.46,7772.98,25268.140625,4.197999954223633,143.00148010253906,17.360000610351562
2026-02-10,159.89,1827.06,5270.34,7771.13,25127.640625,4.146999835968018,142.20343017578125,17.790000915527344
2026-02-11,157.16,1794.81,5219.54,7710.52,25201.259765625,4.171999931335449,142.62240600585938,17.649999618530273
2026-02-12,156.48,1766.91,5076.89,7539.87,24687.609375,4.104000091552734,138.87155151367188,20.81999969482422
2026-02-13,160.14,1780.73,5087.3,7549.7,24732.73046875,4.056000232696533,139.22068786621094,20.600000381469727
2026-02-14,160.14,1780.73,5087.3,7549.7,24732.73046875,4.056000232696533,139.22068786621094,20.600000381469727
2026-02-15,160.14,1780.73,5087.3,7549.7,24732.73046875,4.056000232696533,139.22068786621094,20.600000381469727
2026-02-16,160.14,1777.68,5087.3,7535.64,24732.73046875,4.056000232696533,139.22068786621094,20.600000381469727
2026-02-17,153.97,1762.62,5054.27,7490.29,24701.599609375,4.052000045776367,139.140869140625,20.290000915527344
2026-02-18,156.17,1781.84,5100.72,7575.22,24898.869140625,4.078999996185303,140.56741333007812,19.6200008392334
2026-02-19,156.54,1798.7,5097.51,7564.78,24797.33984375,4.074999809265137,139.86911010742188,20.229999542236328
2026-02-20,148.08,1785.4,5084.66,7603.84,25012.619140625,4.085999965667725,140.5374755859375,19.09000015258789
2026-02-21,148.08,1785.4,5084.66,7603.84,25012.619140625,4.085999965667725,140.5374755859375,19.09000015258789
2026-02-22,148.08,1785.4,5084.66,7603.84,25012.619140625,4.085999965667725,140.5374755859375,19.09000015258789
2026-02-23,141.31,1751.58,4953.35,7436.33,24708.939453125,4.0289998054504395,138.18321228027344,21.010000228881836
2026-02-24,146.14,1780.0,5059.95,7561.16,24977.0390625,4.0329999923706055,139.97885131835938,19.549999237060547
2026-02-25,147.89,1805.69,5134.67,7714.11,25329.0390625,4.047999858856201,142.66229248046875,17.93000030517578
2026-02-26,150.31,1817.95,5090.34,7756.36,25034.369140625,4.017000198364258,140.6671600341797,18.6299991607666
2026-02-27,145.4,1792.67,4982.1,7699.54,24960.0390625,3.9619998931884766,138.42263793945312,19.860000610351562
2026-02-28,145.4,1792.67,4982.1,7699.54,24960.0390625,3.9619998931884766,138.42263793945312,19.860000610351562
2026-03-01,145.4,1792.67,4982.1,7699.54,24960.0390625,3.9619998931884766,138.42263793945312,19.860000610351562
2026-03-02,149.25,1781.12,5017.7,7684.9204,24992.599609375,4.047999858856201,139.2007293701172,21.440000534057617
2026-03-03,149.01,1743.55,4968.69,7503.07,24720.080078125,4.056000232696533,137.1656951904297,23.56999969482422
2026-03-04,152.37,1744.02,5066.92,7552.9,25093.6796875,4.079999923706055,139.5,21.149999618530273
2026-03-05,154.79,1750.76,5097.76,7649.44,25020.41015625,4.145999908447266,139.83917236328125,23.75
2026-03-06,152.96,1734.99,5024.97,7567.84,24643.01953125,4.132999897003174,136.95619201660156,29.489999771118164
2026-03-07,152.96,1734.99,5024.97,7567.84,24643.01953125,4.132999897003174,136.95619201660156,29.489999771118164
2026-03-08,152.96,1734.99,5024.97,7567.84,24643.01953125,4.132999897003174,136.95619201660156,29.489999771118164
2026-03-09,151.56,1720.64,5091.84,7549.61,24967.25,4.136000156402588,139.42019653320312,25.5
2026-03-10,149.4,1729.37,5068.65,7605.94,24956.470703125,4.136000156402588,139.42019653320312,24.93000030517578
2026-03-11,163.12,1737.58,5120.94,7648.74,24965.009765625,4.208000183105469,140.08856201171875,24.229999542236328
2026-03-12,159.16,1701.91,5018.19,7496.42,24533.580078125,4.2729997634887695,137.50486755371094,27.290000915527344
2026-03-13,155.11,1685.9,4951.8,7429.26,24380.73046875,4.284999847412109,136.4674072265625,27.190000534057617
2026-03-14,155.11,1685.9,4951.8,7429.26,24380.73046875,4.284999847412109,136.4674072265625,27.190000534057617
2026-03-15,155.11,1685.9,4951.8,7429.26,24380.73046875,4.284999847412109,136.4674072265625,27.190000534057617
2026-03-16,155.97,1703.32,5022.87,7534.59,24655.33984375,4.21999979019165,138.4425811767578,23.510000228881836
2026-03-17,154.69,1720.88,5020.81,7574.48,24780.419921875,4.202000141143799,139.2007293701172,22.3700008392334
2026-03-18,152.9,1716.29,4970.82,7551.38,24425.08984375,4.258999824523926,137.6245880126953,25.09000015258789
2026-03-19,155.52,1700.16,4973.9,7469.12,24355.279296875,4.281000137329102,138.0934295654297,24.059999465942383
2026-03-20,149.68,1668.42,4858.13,7310.6,23898.150390625,4.390999794006348,134.96107482910156,26.780000686645508
2026-03-21,149.68,1668.42,4858.13,7310.6,23898.150390625,4.390999794006348,134.96107482910156,26.780000686645508
2026-03-22,149.68,1668.42,4858.13,7310.6,23898.150390625,4.390999794006348,134.96107482910156,26.780000686645508
2026-03-23,154.34,1681.71,4958.95,7352.32,24188.58984375,4.334000110626221,136.78689575195312,26.149999618530273
2026-03-24,147.09,1653.23,4876.55,7288.63,24002.44921875,4.392000198364258,135.9878387451172,26.950000762939453
2026-03-25,146.02,1662.06,4948.98,7355.81,24162.98046875,4.328000068664551,136.5971221923828,25.329999923706055
2026-03-26,142.81,1632.5,4779.16,7145.84,23586.990234375,4.415999889373779,132.34219360351562,27.440000534057617
2026-03-27,139.66,1582.6,4623.64,6994.18,23132.76953125,4.440000057220459,129.76527404785156,31.049999237060547
2026-03-28,139.66,1582.6,4623.64,6994.18,23132.76953125,4.440000057220459,129.76527404785156,31.049999237060547
2026-03-29,139.66,1582.6,4623.64,6994.18,23132.76953125,4.440000057220459,129.76527404785156,31.049999237060547
2026-03-30,138.8,1562.26,4571.77,6890.38,22953.380859375,4.3420000076293945,127.34815216064453,30.610000610351562
2026-03-31,147.11,1608.28,4790.27,7077.22,23740.189453125,4.310999870300293,132.74171447753906,25.25
2026-04-01,145.23,1643.64,4857.89,7249.67,24019.990234375,4.318999767303467,134.74932861328125,24.540000915527344
2026-04-02,146.38,1639.12,4902.02,7222.84,24045.529296875,4.313000202178955,135.8280487060547,23.8700008392334
2026-04-03,146.38,1641.54,4902.02,7252.62,24045.529296875,4.313000202178955,135.8280487060547,23.8700008392334
2026-04-04,146.38,1641.54,4902.02,7252.62,24045.529296875,4.313000202178955,135.8280487060547,23.8700008392334
2026-04-05,146.38,1641.54,4902.02,7252.62,24045.529296875,4.313000202178955,135.8280487060547,23.8700008392334
2026-04-06,145.54,1647.01,4914.75,7300.52,24192.169921875,4.335000038146973,136.61709594726562,24.170000076293945
2026-04-07,143.17,1644.93,4954.09,7322.12,24202.369140625,4.3429999351501465,137.2663116455078,25.780000686645508
2026-04-08,143.66,1694.52,5096.7,7587.91,24903.169921875,4.290999889373779,141.52125549316406,21.040000915527344
2026-04-09,137.86,1658.45,5099.4,7539.73,25082.08984375,4.293000221252441,141.9008026123047,19.489999771118164
2026-04-10,138.09,1643.41,5126.76,7563.21,25116.33984375,4.316999912261963,142.45013427734375,19.229999542236328
2026-04-11,138.09,1643.41,5126.76,7563.21,25116.33984375,4.316999912261963,142.45013427734375,19.229999542236328
2026-04-12,138.09,1643.41,5126.76,7563.21,25116.33984375,4.316999912261963,142.45013427734375,19.229999542236328
2026-04-13,155.62,1682.15,5277.49,7711.41,25383.720703125,4.296999931335449,145.43658447265625,19.1200008392334
2026-04-14,163.0,1706.62,5394.81,7903.35,25842.0,4.25600004196167,147.76380920410156,18.360000610351562
2026-04-15,169.81,1750.58,5533.72,8081.64,26204.580078125,4.2820000648498535,150.12100219726562,18.170000076293945
2026-04-16,178.34,1767.13,5619.69,8201.2,26333.0,4.309000015258789,151.83895874023438,17.940000534057617
2026-04-17,175.06,1795.2,5680.4,8243.61,26672.4296875,4.245999813079834,154.1661834716797,17.479999542236328
2026-04-18,175.06,1795.2,5680.4,8243.61,26672.4296875,4.245999813079834,154.1661834716797,17.479999542236328
2026-04-19,175.06,1795.2,5680.4,8243.61,26672.4296875,4.245999813079834,154.1661834716797,17.479999542236328
2026-04-20,177.58,1806.6,5676.15,8248.52,26590.33984375,4.25,154.37591552734375,18.8700008392334
2026-04-21,181.17,1802.66,5687.05,8275.03,26479.470703125,4.291999816894531,154.50576782226562,19.5
2026-04-22,187.5,1818.13,5817.71,8396.66,26937.279296875,4.294000148773193,157.90171813964844,18.920000076293945
2026-04-23,176.28,1774.92,5680.62,8222.75,26782.630859375,4.322999954223633,155.65440368652344,19.309999465942383
2026-04-24,173.28,1802.68,5878.8,8427.93,27303.669921875,4.309999942779541,160.02919006347656,18.709999084472656
2026-04-25,173.28,1802.68,5878.8,8427.93,27303.669921875,4.309999942779541,160.02919006347656,18.709999084472656
2026-04-26,173.28,1802.68,5878.8,8427.93,27303.669921875,4.309999942779541,160.02919006347656,18.709999084472656
2026-04-27,172.96,1812.47,5895.68,8487.88,27305.6796875,4.335999965667725,160.37876892089844,18.020000457763672
2026-04-28,165.96,1792.37,5811.64,8381.38,27029.009765625,4.354000091552734,157.66201782226562,17.829999923706055
2026-04-29,163.83,1780.12,5889.42,8467.21,27186.98046875,4.418000221252441,158.92050170898438,18.809999465942383
2026-04-30,161.39,1808.58,5900.4,8521.13,27452.119140625,4.389999866485596,159.31004333496094,16.889999389648438
2026-05-01,171.83,1836.13,6012.96,8659.06,27710.359375,4.377999782562256,161.67721557617188,16.989999771118164
2026-05-02,171.83,1836.13,6012.96,8659.06,27710.359375,4.377999782562256,161.67721557617188,16.989999771118164
2026-05-03,171.83,1836.13,6012.96,8659.06,27710.359375,4.377999782562256,161.67721557617188,16.989999771118164
2026-05-04,180.29,1845.77,6020.08,8762.64,27651.8203125,4.446000099182129,161.8570098876953,18.290000915527344
2026-05-05,185.35,1859.12,6107.03,8887.45,28015.060546875,4.415999889373779,165.4327392578125,17.3799991607666
2026-05-06,194.03,1881.52,6290.52,9199.1,28599.169921875,4.355999946594238,169.82749938964844,17.389999389648438
2026-05-07,194.59,1897.32,6262.82,9246.37,28563.94921875,4.392000198364258,169.4879150390625,17.079999923706055
2026-05-08,195.95,1919.4,6381.58,9455.19,29234.990234375,4.363999843597412,175.31097412109375,17.190000534057617
2026-05-09,195.95,1919.4,6381.58,9455.19,29234.990234375,4.363999843597412,175.31097412109375,17.190000534057617
2026-05-10,195.95,1919.4,6381.58,9455.19,29234.990234375,4.363999843597412,175.31097412109375,17.190000534057617
2026-05-11,193.84,1923.2,6361.4,9585.51,29320.66015625,4.409999847412109,177.66815185546875,18.3799991607666
2026-05-12,186.83,1889.76,6254.43,9393.89,29064.80078125,4.4629998207092285,174.99134826660156,17.989999771118164
2026-05-13,189.76,1891.62,6301.79,9501.58,29366.939453125,4.480999946594238,176.63938903808594,17.8700008392334
2026-05-14,195.61,1911.51,6382.24,9586.63,29580.30078125,4.460999965667725,179.28622436523438,17.260000228881836
2026-05-15,192.95,1886.89,6259.81,9351.16,29125.19921875,4.59499979019165,176.05007934570312,18.43000030517578
2026-05-16,192.95,1886.89,6259.81,9351.16,29125.19921875,4.59499979019165,176.05007934570312,18.43000030517578
2026-05-17,192.95,1886.89,6259.81,9351.16,29125.19921875,4.59499979019165,176.05007934570312,18.43000030517578
2026-05-18,186.61,1886.54,6228.48,9340.22,28994.369140625,4.623000144958496,174.15234375,17.81999969482422
2026-05-19,181.46,1870.47,6172.79,9234.11,28818.83984375,4.666999816894531,173.03367614746094,18.059999465942383
2026-05-20,188.16,1897.86,6311.08,9399.83,29297.69921875,4.572000026702881,176.9290313720703,17.440000534057617
2026-05-21,189.77,1920.46,6351.58,9572.38,29357.26953125,4.585999965667725,178.38729858398438,16.760000228881836
2026-05-22,192.08,1959.61,6415.85,9647.62,29481.640625,4.558000087738037,180.17515563964844,16.700000762939453
2026-05-23,192.08,1959.61,6415.85,9647.62,29481.640625,4.558000087738037,180.17515563964844,16.700000762939453
2026-05-24,192.08,1959.61,6415.85,9647.62,29481.640625,4.558000087738037,180.17515563964844,16.700000762939453
2026-05-25,192.08,1976.05,6415.85,9674.03,29481.640625,4.558000087738037,180.17515563964844,16.59000015258789
2026-05-26,193.06,1998.2,6511.87,9904.29,30001.3203125,4.493000030517578,184.9195098876953,17.010000228881836
2026-05-27,190.96,1984.51,6492.09,9978.74,29973.5703125,4.480999946594238,184.21034240722656,16.290000915527344
2026-05-28,203.7,2012.74,6695.12,10096.84,30223.890625,4.454999923706055,186.62747192382812,15.739999771118164
2026-05-29,225.78,2049.13,6833.34,10309.72,30333.1796875,4.453000068664551,190.79251098632812,15.319999694824219
2026-05-30,225.78,2049.13,6833.34,10309.72,30333.1796875,4.453000068664551,190.79251098632812,15.319999694824219
2026-05-31,225.78,2049.13,6833.34,10309.72,30333.1796875,4.453000068664551,190.79251098632812,15.319999694824219
2026-06-01,248.15,2111.03,7006.71,10598.47,30513.859375,4.474999904632568,195.52685546875,16.049999237060547
2026-06-02,244.58,2113.18,7037.86,10703.84,30660.599609375,4.454999923706055,197.9739532470703,15.770000457763672
2026-06-03,230.33,2079.82,6883.54,10576.16,30571.240234375,4.491000175476074,195.9962921142578,16.059999465942383
2026-06-04,236.34,2082.28,6834.37,10440.4,30407.810546875,4.4770002365112305,192.93994140625,15.399999618530273
2026-06-05,213.68,1967.8,6425.23,9758.9,28957.599609375,4.535999774932861,180.08526611328125,21.510000228881836
2026-06-06,213.68,1967.8,6425.23,9758.9,28957.599609375,4.535999774932861,180.08526611328125,21.510000228881836
2026-06-07,213.68,1967.8,6425.23,9758.9,28957.599609375,4.535999774932861,180.08526611328125,21.510000228881836
2026-06-08,211.82,1973.28,6518.15,9805.84,29414.259765625,4.552000045776367,183.9606475830078,18.920000076293945
2026-06-09,205.81,1946.45,6414.96,9789.09,29084.5,4.5279998779296875,180.55471801757812,19.8700008392334
2026-06-10,201.26,1897.72,6254.57,9455.91,28508.029296875,4.541999816894531,176.41964721679688,22.219999313354492
2026-06-11,184.1,1928.8,6370.38,9655.51,29446.1796875,4.4629998207092285,182.99180603027344,19.440000534057617
2026-06-12,184.13,1933.21,6409.52,9780.58,29635.94921875,4.486999988555908,184.5799102783203,17.68000030517578
2026-06-13,184.13,1933.21,6409.52,9780.58,29635.94921875,4.486999988555908,184.5799102783203,17.68000030517578
2026-06-14,184.13,1933.21,6409.52,9780.58,29635.94921875,4.486999988555908,184.5799102783203,17.68000030517578
2026-06-15,192.64,1982.08,6621.0,10141.17,30543.919921875,4.468999862670898,191.56158447265625,16.200000762939453
2026-06-16,188.33,1952.94,6497.43,9961.31,29968.130859375,4.427999973297119,186.21795654296875,16.40999984741211
2026-06-17,183.53,1928.73,6442.05,9928.88,29670.94921875,4.4629998207092285,185.57872009277344,18.440000534057617
2026-06-18,184.29,1951.14,6587.62,10181.97,30406.189453125,4.451000213623047,191.21200561523438,16.399999618530273
2026-06-19,184.29,1950.54,6587.62,10193.18,30406.189453125,4.451000213623047,191.21200561523438,16.399999618530273
2026-06-20,184.29,1950.54,6587.62,10193.18,30406.189453125,4.451000213623047,191.21200561523438,16.399999618530273
2026-06-21,184.29,1950.54,6587.62,10193.18,30406.189453125,4.451000213623047,191.21200561523438,16.399999618530273
2026-06-22,175.07,1933.45,6509.74,10237.9,30347.080078125,4.508999824523926,192.14999389648438,17.280000686645508
2026-06-23,165.16,1889.46,6355.15,9747.64,29347.26953125,4.493000030517578,184.19000244140625,19.489999771118164
2026-06-24,157.53,1886.77,6303.8,9751.53,29220.060546875,4.4019999504089355,183.0500030517578,18.6299991607666
2026-06-25,152.46,1891.13,6204.51,9900.18,29440.3203125,4.392000198364258,184.57000732421875,18.889999389648438
2026-06-26,148.53,1903.08,6206.05,9728.48,29118.240234375,4.372000217437744,181.11000061035156,18.40999984741211
2026-06-27,148.53,1903.08,6206.05,9728.48,29118.240234375,4.372000217437744,181.11000061035156,18.40999984741211
2026-06-28,148.53,1903.08,6206.05,9728.48,29118.240234375,4.372000217437744,181.11000061035156,18.40999984741211
2026-06-29,147.76,1938.61,6316.93,9841.15,29774.75,4.374000072479248,185.41000366210938,17.649999618530273
2026-06-30,146.55,1976.9,6470.42,10024.78,30276.349609375,4.418000221252441,190.52000427246094,16.450000762939453
2026-07-01,142.5,1996.14,6389.09,9833.4,29809.130859375,4.474999904632568,185.6199951171875,16.59000015258789
2026-07-02,140.27,1978.14,6286.04,9514.96,29329.2109375,4.485000133514404,180.58999633789062,16.149999618530273
2026-07-03,140.27,1994.27,6286.04,9651.96,29329.2109375,4.485000133514404,180.58999633789062,16.149999618530273
2026-07-04,140.27,1994.27,6286.04,9651.96,29329.2109375,4.485000133514404,180.58999633789062,16.149999618530273
2026-07-05,140.27,1994.27,6286.04,9651.96,29329.2109375,4.485000133514404,180.58999633789062,16.149999618530273
2026-07-06,143.76,2010.57,6436.13,9797.71,29697.869140625,4.479000091552734,183.57000732421875,15.569999694824219
2026-07-07,141.6,1972.57,6338.69,9556.0,29173.01953125,4.5289998054504395,179.17999267578125,16.1299991607666
2026-07-08,140.49,1942.15,6374.65,9539.81,29252.560546875,4.568999767303467,181.39999389648438,16.899999618530273
2026-07-09,144.22,1973.43,6491.26,9729.5,29727.099609375,4.539000034332275,185.35000610351562,15.84000015258789
2026-07-10,140.64,1972.68,6478.72,9718.98,29825.109375,4.568999767303467,185.77999877929688,15.029999732971191
2026-07-11,140.64,1972.68,6478.72,9718.98,29825.109375,4.568999767303467,185.77999877929688,15.029999732971191
2026-07-12,140.64,1972.68,6478.72,9718.98,29825.109375,4.568999767303467,185.77999877929688,15.029999732971191
2026-07-13,131.54,1953.16,6356.82,9403.27,29264.099609375,4.609000205993652,181.27999877929688,17.15999984741211
2026-07-14,127.94,1950.31,6366.98,9441.77,29586.2890625,4.585000038146973,183.6199951171875,16.5
2026-07-15,132.49,1946.47,6369.2,9460.91,29502.599609375,4.545000076293945,181.5800018310547,15.670000076293945
2026-07-16,124.21,1928.03,6204.36,9176.17,29025.76953125,4.568999767303467,177.52000427246094,16.729999542236328
2026-07-17,126.41,1892.49,6114.79,9051.95,28592.66015625,4.540999889373779,175.58999633789062,18.770000457763672
2026-07-18,126.41,1892.49,6114.79,9051.95,28592.66015625,4.540999889373779,175.58999633789062,18.770000457763672
2026-07-19,126.41,1892.49,6114.79,9051.95,28592.66015625,4.540999889373779,175.58999633789062,18.770000457763672
2026-07-20,121.38,1889.38,6137.77,9063.0,28604.23046875,4.5980000495910645,175.7100067138672,18.649999618530273
2026-07-21,127.05,1909.78,6270.1,9318.15,29155.1796875,4.627999782562256,180.77999877929688,17.049999237060547
2026-07-22,125.84,1882.03,6240.76,9229.46,28998.099609375,4.6570000648498535,180.27000427246094,16.639999389648438
2026-07-23,120.04,1862.39,6096.96,9143.22,28454.810546875,4.703000068664551,178.4499969482422,18.700000762939453
2026-07-24,114.99,1863.23,6014.07,8944.73,28128.33984375,4.678999900817871,175.8800048828125,18.579999923706055
2026-07-25,114.99,1863.23,6014.07,8944.73,28128.33984375,4.678999900817871,175.8800048828125,18.579999923706055
2026-07-26,114.99,1863.23,6014.07,8944.73,28128.33984375,4.678999900817871,175.8800048828125,18.579999923706055
2026-07-27,119.9,1896.89,6027.65,9025.4,28039.2109375,4.640999794006348,174.3000030517578,18.670000076293945
2026-07-28,119.96,1899.03,5938.86,8793.93,27763.130859375,4.604000091552734,171.08999633789062,18.209999084472656
2026-07-29,117.74,1885.46,5821.64,8593.37,27192.310546875,4.622000217437744,166.57000732421875,20.65999984741211
2026-07-30,127.56,1912.72,6103.23,8857.0,28106.349609375,4.663000106811523,175.72999572753906,17.09000015258789
2026-07-31,129.87,1947.21,6185.98,9141.31,28274.19921875,4.744999885559082,175.35000610351562,15.989999771118164
2026-08-01,129.87,1947.21,6185.98,9141.31,28274.19921875,4.744999885559082,175.35000610351562,15.989999771118164
2026-08-02,129.87,1947.21,6185.98,9141.31,28274.19921875,4.744999885559082,175.35000610351562,15.989999771118164
2026-08-03,141.85,1985.81,6399.69,9306.09,28776.80078125,4.685999870300293,178.0399932861328,15.859999656677246
2026-08-04,145.74,2050.29,6663.82,9661.76,29733.16015625,4.626999855041504,186.89999389648438,16.5
2026-08-05,144.39,2050.46,6599.94,9593.87,29487.7890625,4.617000102996826,185.91000366210938,15.8100004196167
2026-08-06,143.47,2029.18,6583.47,9512.41,29373.330078125,4.670000076293945,185.3300018310547,15.149999618530273
2026-08-07,147.02,2076.05,6733.79,9723.39,29722.30078125,4.659999847412109,187.97000122070312,14.899999618530273
2026-08-08,147.02,2076.05,6733.79,9723.39,29722.30078125,4.659999847412109,187.97000122070312,14.899999618530273
2026-08-09,147.02,2076.05,6733.79,9723.39,29722.30078125,4.659999847412109,187.97000122070312,14.899999618530273
2026-08-10,151.05,2093.47,6716.28,9767.12,29621.80078125,4.698999881744385,186.32000732421875,15.460000038146973
2026-08-11,145.48,2096.6,6677.96,9714.56,29525.48046875,4.684000015258789,186.08999633789062,15.279999732971191
2026-08-12,153.28,2094.18,6749.43,9789.06,29742.599609375,4.682000160217285,188.86000061035156,14.550000190734863
2026-08-13,156.22,2137.03,6809.91,9930.6,30084.5,4.640999794006348,190.77000427246094,14.630000114440918
2026-08-14,150.52,2121.91,6755.48,9876.99,30046.140625,4.696000099182129,190.00999450683594,14.25
2026-08-15,150.52,2121.91,6755.48,9876.99,30046.140625,4.696000099182129,190.00999450683594,14.25
2026-08-16,150.52,2121.91,6755.48,9876.99,30046.140625,4.696000099182129,190.00999450683594,14.25
2026-08-17,146.65,2098.18,6698.15,9824.02,29995.380859375,4.723999977111816,190.32000732421875,15.1899995803833
2026-08-18,142.79,2070.46,6543.84,9663.62,29490.9609375,4.705999851226807,185.6199951171875,15.84000015258789
2026-08-19,143.81,2084.07,6528.32,9658.89,29426.01953125,4.6529998779296875,183.63999938964844,14.890000343322754
2026-08-20,142.07,2074.72,6483.53,9701.58,29213.16015625,4.696000099182129,183.10000610351562,16.010000228881836
2026-08-21,146.47,2099.53,6531.26,9773.1,29308.859375,4.73799991607666,183.30999755859375,15.130000114440918
2026-08-22,146.47,2099.53,6531.26,9773.1,29308.859375,4.73799991607666,183.30999755859375,15.130000114440918
2026-08-23,146.47,2099.53,6531.26,9773.1,29308.859375,4.73799991607666,183.30999755859375,15.130000114440918
2026-08-24,142.45,2064.65,6440.82,9602.44,29023.1796875,4.703999996185303,180.0500030517578,15.850000381469727
2026-08-25,144.76,2077.07,6496.12,9691.62,29209.23046875,4.638999938964844,181.74000549316406,15.449999809265137
2026-08-26,148.87,2075.5,6519.96,9713.77,29224.51953125,4.664000034332275,182.83999633789062,15.210000038146973
2026-08-27,151.94,2134.11,6685.65,9931.56,29641.560546875,4.671999931335449,188.61000061035156,14.510000228881836
2026-08-28,150.85,2119.31,6621.98,9888.58,29433.4296875,4.71999979019165,185.69000244140625,14.430000305175781
2026-08-29,150.85,2119.31,6621.98,9888.58,29433.4296875,4.71999979019165,185.69000244140625,14.430000305175781
2026-08-30,150.85,2119.31,6621.98,9888.58,29433.4296875,4.71999979019165,185.69000244140625,14.430000305175781
2026-08-31,149.12,2122.74,6591.65,9894.02,29456.970703125,4.757999897003174,186.5,14.920000076293945
2026-09-01,141.32,2071.38,6474.99,9737.24,29077.220703125,4.796000003814697,183.63999938964844,16.34000015258789
2026-09-02,145.75,2048.03,6478.8,9693.51,29143.330078125,4.796000003814697,183.60000610351562,15.199999809265137
2026-09-03,154.04,2079.13,6659.28,9868.38,29482.3203125,4.76200008392334,185.97000122070312,14.319999694824219
2026-09-04,158.78,2068.7,6634.28,9864.36,29544.150390625,4.783999919891357,187.27999877929688,14.529999732971191
2026-09-05,158.78,2068.7,6634.28,9864.36,29544.150390625,4.783999919891357,187.27999877929688,14.529999732971191
2026-09-06,158.78,2068.7,6634.28,9864.36,29544.150390625,4.783999919891357,187.27999877929688,14.529999732971191
2026-09-07,158.78,2068.7,6634.28,9901.57,29544.150390625,4.783999919891357,187.27999877929688,15.300000190734863
2026-09-08,162.52,2038.34,6708.18,9890.52,29507.69921875,4.806000232696533,187.8699951171875,15.720000267028809
2026-09-09,161.63,2022.17,6707.09,9868.49,29421.55078125,4.836999893188477,187.8699951171875,16.459999084472656
2026-09-10,152.94,2007.61,6591.65,9740.62,29103.509765625,4.943999767303467,185.22000122070312,17.84000015258789
2026-09-11,150.28,2018.84,6701.49,9829.54,29368.439453125,4.974999904632568,187.6699981689453,15.84000015258789
2026-09-12,150.28,2018.84,6701.49,9829.54,29368.439453125,4.974999904632568,187.6699981689453,15.84000015258789
2026-09-13,150.28,2018.84,6701.49,9829.54,29368.439453125,4.974999904632568,187.6699981689453,15.84000015258789
2026-09-14,144.79,2039.51,6593.17,9778.06,29127.16015625,4.960999965667725,184.27999877929688,17.100000381469727
2026-09-15,140.35,2035.95,6538.36,9687.9,28937.83984375,4.995999813079834,183.74000549316406,17.200000762939453
2026-09-16,143.16,2032.45,6568.54,9705.72,28945.060546875,5.00600004196167,183.92999267578125,17.709999084472656
