Date,Glencore,BHP Group,Rio Tinto,Freeport-McMoRan,Albemarle,Zijin Mining,Ganfeng Lithium,Anglo American,mvis_critical_minerals,SP500,Shanghai_Index,Crude_Oil,VIX,US_Dollar_Index,Search_Index,News_Sentiment
2011-05-19,8.2,37.007,79.786,47.65,69.06,0.481,0.51,45.63,1617.57,1343.5999755859375,2859.573974609375,98.44000244140624,15.520000457763672,75.12000274658203,12.0,-0.14566980302333832
2011-05-20,8.1,36.307,78.76,48.06,68.55,0.477,0.506,45.48,1617.11,1333.27001953125,2858.458984375,99.48999786376952,17.43000030517578,75.43000030517578,12.0,-0.1591162383556366
2011-05-21,8.1,36.307,78.76,48.06,68.55,0.477,0.506,45.48,1617.11,1333.27001953125,2858.458984375,99.48999786376952,17.43000030517578,75.43000030517578,12.0,-0.17799542844295502
2011-05-22,8.1,36.307,78.76,48.06,68.55,0.477,0.506,45.48,1617.11,1333.27001953125,2858.458984375,99.48999786376952,17.43000030517578,75.43000030517578,12.0,-0.16008184850215912
2011-05-23,7.89,35.175,76.473,47.11,67.21,0.468,0.519,43.33,1570.25,1317.3699951171875,2774.569091796875,97.6999969482422,18.270000457763672,76.0999984741211,12.0,-0.17258892953395844
2011-05-24,8.09,35.298,76.849,48.5,67.91,0.471,0.548,44.14,1589.63,1316.280029296875,2767.055908203125,99.58999633789062,17.81999969482422,75.87999725341797,12.0,-0.19757135212421417
2011-05-25,8.09,34.991,76.378,49.65,68.91,0.476,0.534,44.5,1596.95,1320.469970703125,2741.740966796875,101.31999969482422,17.06999969482422,75.93000030517578,12.0,-0.20659874379634857
2011-05-26,8.15,36.123,78.661,50.06,69.23,0.491,0.522,45.84,1635.36,1325.68994140625,2736.527099609375,100.2300033569336,16.09000015258789,75.55000305175781,12.0,-0.19131381809711456
2011-05-27,8.23,36.501,79.549,51.39,70.55,0.494,0.466,46.9,1656.54,1331.0999755859375,2709.947021484375,100.58999633789062,15.979999542236328,74.94999694824219,12.0,-0.2035510390996933
2011-05-28,8.23,36.501,79.549,51.39,70.55,0.494,0.466,46.9,1656.54,1331.0999755859375,2709.947021484375,100.58999633789062,15.979999542236328,74.94999694824219,12.0,-0.2060416340827942
2011-05-29,8.23,36.501,79.549,51.39,70.55,0.494,0.466,46.9,1656.54,1331.0999755859375,2709.947021484375,100.58999633789062,15.979999542236328,74.94999694824219,12.0,-0.18977110087871552
2011-05-30,8.23,36.501,79.549,51.39,70.55,0.494,0.466,46.9,1660.15,1331.0999755859375,2706.361083984375,100.58999633789062,15.979999542236328,74.94999694824219,12.0,-0.19100242853164673
2011-05-31,8.32,36.603,80.127,51.3,70.84,0.505,0.448,47.33,1694.32,1345.199951171875,2743.471923828125,102.6999969482422,15.449999809265137,74.63999938964844,12.0,-0.1785992532968521
2011-06-01,7.99,36.509,79.665,49.05,68.47,0.503,0.493,46.77,1667.03,1314.550048828125,2743.572021484375,100.29000091552734,18.299999237060547,74.68000030517578,11.0,-0.18440447747707367
2011-06-02,7.97,35.945,78.773,49.45,67.75,0.499,0.494,45.87,1641.81,1312.93994140625,2705.180908203125,100.4000015258789,18.09000015258789,74.33000183105469,11.0,-0.18220272660255432
2011-06-03,7.9,35.828,78.762,49.6,67.19,0.49,0.492,45.86,1612.51,1300.1600341796875,2728.02001953125,100.22000122070312,17.950000762939453,73.77999877929688,11.0,-0.18742239475250244
2011-06-04,7.9,35.828,78.762,49.6,67.19,0.49,0.492,45.86,1612.51,1300.1600341796875,2728.02001953125,100.22000122070312,17.950000762939453,73.77999877929688,11.0,-0.1948515921831131
2011-06-05,7.9,35.828,78.762,49.6,67.19,0.49,0.492,45.86,1612.51,1300.1600341796875,2728.02001953125,100.22000122070312,17.950000762939453,73.77999877929688,11.0,-0.2088111937046051
2011-06-06,8.02,35.628,78.335,49.46,65.86,0.49,0.492,46.34,1608.68,1286.1700439453125,2728.02001953125,99.01000213623048,18.489999771118164,73.94999694824219,11.0,-0.2123425155878067
2011-06-07,8.15,35.591,78.268,49.43,66.04,0.487,0.501,46.44,1596.73,1284.93994140625,2744.300048828125,99.08999633789062,18.06999969482422,73.5199966430664,11.0,-0.20666897296905518
2011-06-08,7.99,35.142,77.892,48.5,65.45,0.492,0.521,45.53,1555.95,1279.56005859375,2750.2880859375,100.73999786376952,18.790000915527344,73.93000030517578,11.0,-0.2074410319328308
2011-06-09,8.03,35.307,78.152,49.52,66.61,0.489,0.493,46.45,1566.33,1289.0,2703.344970703125,101.93000030517578,17.770000457763672,74.19000244140625,11.0,-0.19535675644874573
2011-06-10,7.88,35.138,77.814,48.61,65.52,0.493,0.487,44.56,1548.83,1270.97998046875,2705.14306640625,99.29000091552734,18.86000061035156,74.79000091552734,11.0,-0.20934776961803436
2011-06-11,7.88,35.138,77.814,48.61,65.52,0.493,0.487,44.56,1548.83,1270.97998046875,2705.14306640625,99.29000091552734,18.86000061035156,74.79000091552734,11.0,-0.21808309853076935
2011-06-12,7.88,35.138,77.814,48.61,65.52,0.493,0.487,44.56,1548.83,1270.97998046875,2705.14306640625,99.29000091552734,18.86000061035156,74.79000091552734,11.0,-0.21337290108203888
2011-06-13,8.17,35.138,77.814,48.01,65.04,0.498,0.483,45.12,1542.6,1271.8299560546875,2700.37890625,97.3000030517578,19.61000061035156,74.51000213623047,11.0,-0.192073255777359
2011-06-14,7.8,35.552,78.925,49.55,66.17,0.498,0.511,45.14,1558.4,1287.8699951171875,2730.0400390625,99.37000274658205,18.26000022888184,74.33000183105469,11.0,-0.20289649069309235
2011-06-15,7.29,35.045,77.963,48.21,65.56,0.494,0.504,43.99,1550.57,1265.4200439453125,2705.430908203125,94.80999755859376,21.31999969482422,75.5999984741211,11.0,-0.20536693930625916
2011-06-16,7.32,34.292,76.27,47.53,64.85,0.472,0.512,43.14,1497.69,1267.6400146484375,2664.281982421875,94.9499969482422,22.729999542236328,75.75,11.0,-0.2211943119764328
2011-06-17,7.44,34.479,76.208,47.61,64.7,0.469,0.496,43.61,1489.11,1271.5,2642.818115234375,93.01000213623048,21.850000381469727,74.98999786376953,11.0,-0.2247275710105896
2011-06-18,7.44,34.479,76.208,47.61,64.7,0.469,0.496,43.61,1489.11,1271.5,2642.818115234375,93.01000213623048,21.850000381469727,74.98999786376953,11.0,-0.22670485079288483
2011-06-19,7.44,34.479,76.208,47.61,64.7,0.469,0.496,43.61,1489.11,1271.5,2642.818115234375,93.01000213623048,21.850000381469727,74.98999786376953,11.0,-0.23224350810050964
2011-06-20,7.4,33.846,75.371,47.1,65.68,0.47,0.495,43.33,1493.68,1278.3599853515625,2621.2529296875,93.26000213623048,19.989999771118164,75.02999877929688,11.0,-0.23773090541362762
2011-06-21,7.66,34.399,76.743,48.91,67.68,0.478,0.497,44.96,1527.66,1295.52001953125,2646.48291015625,93.4000015258789,18.86000061035156,74.54000091552734,11.0,-0.25490957498550415
2011-06-22,7.5,34.724,77.747,48.54,67.28,0.488,0.491,44.49,1554.18,1287.1400146484375,2649.321044921875,95.41000366210938,18.520000457763672,74.77999877929688,11.0,-0.2582148313522339
2011-06-23,7.12,34.24,77.635,48.62,66.98,0.486,0.504,42.83,1533.13,1283.5,2688.2490234375,91.0199966430664,19.290000915527344,75.44999694824219,11.0,-0.25612470507621765
2011-06-24,7.16,34.364,77.749,48.11,66.14,0.501,0.513,43.26,1553.26,1268.449951171875,2746.2109375,91.16000366210938,21.100000381469727,75.66999816894531,11.0,-0.26260605454444885
2011-06-25,7.16,34.364,77.749,48.11,66.14,0.501,0.513,43.26,1553.26,1268.449951171875,2746.2109375,91.16000366210938,21.100000381469727,75.66999816894531,11.0,-0.2536486089229584
2011-06-26,7.16,34.364,77.749,48.11,66.14,0.501,0.513,43.26,1553.26,1268.449951171875,2746.2109375,91.16000366210938,21.100000381469727,75.66999816894531,11.0,-0.24408899247646332
2011-06-27,7.24,34.093,76.816,48.37,66.15,0.502,0.526,43.76,1535.28,1280.0999755859375,2758.22998046875,90.61000061035156,20.559999465942383,75.38999938964844,11.0,-0.24428783357143402
2011-06-28,7.41,34.529,78.019,50.11,67.32,0.496,0.522,44.92,1539.79,1296.6700439453125,2759.201904296875,92.88999938964844,19.170000076293945,75.05999755859375,11.0,-0.24119932949543
2011-06-29,7.44,35.632,80.217,51.28,68.52,0.496,0.52,45.99,1562.67,1307.4100341796875,2728.48291015625,94.7699966430664,17.270000457763672,74.69000244140625,11.0,-0.24359092116355896
2011-06-30,7.51,36.307,81.967,52.55,69.2,0.501,0.536,47.05,1602.01,1320.6400146484375,2762.075927734375,95.41999816894533,16.520000457763672,74.30000305175781,11.0,-0.24352553486824036
2011-07-01,7.49,36.475,82.244,53.15,70.48,0.501,0.589,47.35,1583.68,1339.6700439453125,2759.362060546875,94.94000244140624,15.869999885559082,74.3499984741211,14.0,-0.25927993655204773
2011-07-02,7.49,36.475,82.244,53.15,70.48,0.501,0.589,47.35,1583.68,1339.6700439453125,2759.362060546875,94.94000244140624,15.869999885559082,74.3499984741211,14.0,-0.2587694227695465
2011-07-03,7.49,36.475,82.244,53.15,70.48,0.501,0.589,47.35,1583.68,1339.6700439453125,2759.362060546875,94.94000244140624,15.869999885559082,74.3499984741211,14.0,-0.2565404772758484
2011-07-04,7.37,36.541,82.24,53.15,70.48,0.527,0.648,47.58,1610.19,1339.6700439453125,2812.818115234375,94.94000244140624,15.869999885559082,74.3499984741211,14.0,-0.2765026092529297
2011-07-05,7.44,36.571,82.085,53.27,70.06,0.524,0.679,47.68,1597.53,1337.8800048828125,2816.35400390625,96.88999938964844,16.059999465942383,74.69000244140625,14.0,-0.2897418141365051
2011-07-06,7.53,36.771,82.4,53.17,70.2,0.524,0.665,47.33,1574.03,1339.219970703125,2810.47900390625,96.6500015258789,16.34000015258789,75.12000274658203,14.0,-0.2885577976703644
2011-07-07,7.65,37.024,82.974,55.12,70.55,0.528,0.675,48.24,1587.94,1353.219970703125,2794.26708984375,98.66999816894533,15.949999809265137,74.95999908447266,14.0,-0.29501527547836304
2011-07-08,7.6,37.386,83.59,54.76,70.56,0.537,0.646,47.69,1597.84,1343.800048828125,2797.77294921875,96.1999969482422,15.949999809265137,75.18000030517578,14.0,-0.28680986166000366
2011-07-09,7.6,37.386,83.59,54.76,70.56,0.537,0.646,47.69,1597.84,1343.800048828125,2797.77294921875,96.1999969482422,15.949999809265137,75.18000030517578,14.0,-0.3016121983528137
2011-07-10,7.6,37.386,83.59,54.76,70.56,0.537,0.646,47.69,1597.84,1343.800048828125,2797.77294921875,96.1999969482422,15.949999809265137,75.18000030517578,14.0,-0.2866135835647583
2011-07-11,7.43,36.503,81.683,52.95,69.1,0.535,0.655,45.92,1552.29,1319.489990234375,2802.69189453125,95.1500015258789,18.38999938964844,75.98999786376953,14.0,-0.27774980664253235
2011-07-12,7.52,35.636,79.555,53.72,68.66,0.508,0.666,45.21,1519.76,1313.6400146484375,2754.58203125,97.43000030517578,19.8700008392334,75.80999755859375,14.0,-0.2908359169960022
2011-07-13,7.69,36.315,80.28,54.53,68.44,0.534,0.671,46.47,1556.59,1317.719970703125,2795.47607421875,98.0500030517578,19.90999984741211,75.20999908447266,14.0,-0.30024927854537964
2011-07-14,7.57,36.148,79.967,53.89,67.92,0.564,0.68,46.08,1535.15,1308.8699951171875,2810.444091796875,95.69000244140624,20.799999237060547,75.25,14.0,-0.31293681263923645
2011-07-15,7.64,35.298,79.779,54.97,68.15,0.561,0.669,45.53,1541.09,1316.1400146484375,2820.1689453125,97.23999786376952,19.530000686645508,75.12999725341797,14.0,-0.33743882179260254
2011-07-16,7.64,35.298,79.779,54.97,68.15,0.561,0.669,45.53,1541.09,1316.1400146484375,2820.1689453125,97.23999786376952,19.530000686645508,75.12999725341797,14.0,-0.3402371406555176
2011-07-17,7.64,35.298,79.779,54.97,68.15,0.561,0.669,45.53,1541.09,1316.1400146484375,2820.1689453125,97.23999786376952,19.530000686645508,75.12999725341797,14.0,-0.32644718885421753
2011-07-18,7.46,35.155,79.767,54.69,67.39,0.57,0.669,44.24,1520.54,1305.43994140625,2816.68798828125,95.93000030517578,20.950000762939453,75.4800033569336,14.0,-0.34260472655296326
2011-07-19,7.5,35.369,80.417,55.93,68.88,0.582,0.636,45.24,1544.7,1326.72998046875,2796.98291015625,97.5,19.209999084472656,75.22000122070312,14.0,-0.38064101338386536
2011-07-20,7.42,36.106,81.753,55.55,68.11,0.549,0.632,45.62,1563.3,1325.8399658203125,2794.205078125,98.13999938964844,19.09000015258789,74.79000091552734,14.0,-0.3629302680492401
2011-07-21,7.46,36.536,82.25,54.97,69.91,0.554,0.62,46.31,1596.04,1343.800048828125,2765.89404296875,99.12999725341795,17.559999465942383,74.0199966430664,14.0,-0.35584235191345215
2011-07-22,7.46,36.414,82.418,55.3,66.89,0.544,0.612,46.82,1603.56,1345.02001953125,2770.7900390625,99.87000274658205,17.520000457763672,74.19999694824219,14.0,-0.36672601103782654
2011-07-23,7.46,36.414,82.418,55.3,66.89,0.544,0.612,46.82,1603.56,1345.02001953125,2770.7900390625,99.87000274658205,17.520000457763672,74.19999694824219,14.0,-0.3911159932613373
2011-07-24,7.46,36.414,82.418,55.3,66.89,0.544,0.612,46.82,1603.56,1345.02001953125,2770.7900390625,99.87000274658205,17.520000457763672,74.19999694824219,14.0,-0.3617396354675293
2011-07-25,7.51,36.107,81.986,55.09,68.7,0.557,0.584,46.77,1595.49,1337.4300537109375,2688.74609375,99.1999969482422,19.350000381469727,74.05999755859375,14.0,-0.3808988034725189
2011-07-26,7.5,36.849,83.726,55.71,68.34,0.56,0.594,47.72,1630.7,1331.93994140625,2703.02587890625,99.58999633789062,20.229999542236328,73.47000122070312,14.0,-0.408389687538147
2011-07-27,7.43,36.662,83.901,54.09,67.96,0.561,0.603,46.86,1590.08,1304.8900146484375,2723.491943359375,97.4000015258789,22.979999542236328,74.08999633789062,14.0,-0.4155682325363159
2011-07-28,7.43,35.77,82.339,53.68,67.42,0.557,0.586,46.61,1579.74,1300.6700439453125,2708.777099609375,97.44000244140624,23.739999771118164,74.22000122070312,14.0,-0.4204727113246918
2011-07-29,7.44,35.203,81.011,52.61,66.58,0.54,0.567,45.21,1558.73,1292.280029296875,2701.72900390625,95.6999969482422,25.25,73.9000015258789,14.0,-0.4289975166320801
2011-07-30,7.44,35.203,81.011,52.61,66.58,0.54,0.567,45.21,1558.73,1292.280029296875,2701.72900390625,95.6999969482422,25.25,73.9000015258789,14.0,-0.4457654654979706
2011-07-31,7.44,35.203,81.011,52.61,66.58,0.54,0.567,45.21,1558.73,1292.280029296875,2701.72900390625,95.6999969482422,25.25,73.9000015258789,14.0,-0.42882025241851807
2011-08-01,7.34,35.892,82.415,52.82,66.53,0.555,0.591,44.42,1573.66,1286.93994140625,2703.782958984375,94.88999938964844,23.65999984741211,74.26000213623047,11.0,-0.42913150787353516
2011-08-02,7.11,34.642,79.483,51.1,63.18,0.546,0.597,43.35,1516.2,1254.050048828125,2679.259033203125,93.79000091552734,24.790000915527344,74.51000213623047,11.0,-0.43224185705184937
2011-08-03,6.67,33.428,76.979,50.32,63.33,0.541,0.587,43.37,1483.42,1260.3399658203125,2678.485107421875,91.93000030517578,23.3799991607666,74.04000091552734,11.0,-0.4421131908893585
2011-08-04,6.06,32.429,73.864,46.49,57.41,0.532,0.587,40.31,1399.2,1200.0699462890625,2684.0390625,86.62999725341797,31.65999984741211,75.12000274658203,11.0,-0.43134191632270813
2011-08-05,6.38,30.782,69.274,45.69,56.28,0.489,0.565,39.24,1321.39,1199.3800048828125,2626.423095703125,86.87999725341797,32.0,74.5999984741211,11.0,-0.43970704078674316
2011-08-06,6.38,30.782,69.274,45.69,56.28,0.489,0.565,39.24,1321.39,1199.3800048828125,2626.423095703125,86.87999725341797,32.0,74.5999984741211,11.0,-0.4529671370983124
2011-08-07,6.38,30.782,69.274,45.69,56.28,0.489,0.565,39.24,1321.39,1199.3800048828125,2626.423095703125,86.87999725341797,32.0,74.5999984741211,11.0,-0.43652209639549255
2011-08-08,5.91,28.887,64.539,41.61,51.46,0.487,0.509,36.64,1196.62,1119.4599609375,2526.81591796875,81.30999755859375,48.0,74.79000091552734,11.0,-0.46586084365844727
2011-08-09,5.89,29.709,66.63,44.75,56.03,0.446,0.498,37.48,1239.04,1172.530029296875,2526.070068359375,79.30000305175781,35.060001373291016,74.61000061035156,11.0,-0.4831273853778839
2011-08-10,5.58,30.236,67.877,43.26,52.76,0.475,0.51,35.45,1262.5,1120.760009765625,2549.176025390625,82.88999938964844,42.9900016784668,74.63999938964844,11.0,-0.4710940420627594
2011-08-11,5.92,30.359,67.147,45.52,57.0,0.492,0.518,36.8,1291.23,1172.6400146484375,2581.508056640625,85.72000122070312,39.0,74.68000030517578,11.0,-0.459610253572464
2011-08-12,6.31,30.601,68.245,45.1,58.12,0.493,0.527,37.57,1322.05,1178.81005859375,2593.173095703125,85.37999725341797,36.36000061035156,74.61000061035156,11.0,-0.46594756841659546
2011-08-13,6.31,30.601,68.245,45.1,58.12,0.493,0.527,37.57,1322.05,1178.81005859375,2593.173095703125,85.37999725341797,36.36000061035156,74.61000061035156,11.0,-0.4692096710205078
2011-08-14,6.31,30.601,68.245,45.1,58.12,0.493,0.527,37.57,1322.05,1178.81005859375,2593.173095703125,85.37999725341797,36.36000061035156,74.61000061035156,11.0,-0.43270400166511536
2011-08-15,6.36,32.386,72.159,46.37,59.45,0.507,0.58,38.1,1370.65,1204.489990234375,2626.77001953125,87.87999725341797,31.8700008392334,73.83999633789062,11.0,-0.4106220006942749
2011-08-16,6.2,31.932,70.814,45.71,55.26,0.506,0.563,38.43,1344.83,1192.760009765625,2608.166015625,86.6500015258789,32.849998474121094,74.01000213623047,11.0,-0.4016014337539673
2011-08-17,6.22,32.46,72.281,46.3,53.99,0.506,0.574,38.81,1349.23,1193.8900146484375,2601.260986328125,87.58000183105469,31.57999992370605,73.66999816894531,11.0,-0.3882319927215576
2011-08-18,5.59,31.407,70.192,42.57,48.38,0.485,0.551,36.06,1280.17,1140.6500244140625,2559.471923828125,82.37999725341797,42.66999816894531,74.23999786376953,11.0,-0.3728468120098114
2011-08-19,5.46,30.16,66.523,41.66,46.31,0.484,0.534,34.99,1230.76,1123.530029296875,2534.35791015625,82.26000213623047,43.04999923706055,73.98999786376953,11.0,-0.3738383948802948
2011-08-20,5.46,30.16,66.523,41.66,46.31,0.484,0.534,34.99,1230.76,1123.530029296875,2534.35791015625,82.26000213623047,43.04999923706055,73.98999786376953,11.0,-0.37548354268074036
2011-08-21,5.46,30.16,66.523,41.66,46.31,0.484,0.534,34.99,1230.76,1123.530029296875,2534.35791015625,82.26000213623047,43.04999923706055,73.98999786376953,11.0,-0.34711337089538574
2011-08-22,5.57,30.178,65.706,41.33,45.61,0.471,0.531,35.16,1220.54,1123.8199462890625,2515.863037109375,84.12000274658203,42.43999862670898,74.06999969482422,11.0,-0.3317747116088867
2011-08-23,5.77,31.103,67.989,42.61,47.09,0.481,0.553,34.99,1249.43,1162.3499755859375,2554.01904296875,85.44000244140625,36.27000045776367,73.87000274658203,11.0,-0.3436981439590454
2011-08-24,6.08,30.955,66.536,43.18,48.48,0.473,0.543,35.56,1252.57,1177.5999755859375,2541.091064453125,85.16000366210938,35.900001525878906,74.01000213623047,11.0,-0.3495163917541504
2011-08-25,6.03,31.16,67.051,43.21,47.61,0.459,0.553,35.59,1255.27,1159.27001953125,2615.260986328125,85.30000305175781,39.7599983215332,74.27999877929688,11.0,-0.34858572483062744
2011-08-26,5.88,31.585,67.348,44.24,49.46,0.445,0.569,36.3,1263.96,1176.800048828125,2612.18798828125,85.37000274658203,35.59000015258789,73.80999755859375,11.0,-0.34390026330947876
2011-08-27,5.88,31.585,67.348,44.24,49.46,0.445,0.569,36.3,1263.96,1176.800048828125,2612.18798828125,85.37000274658203,35.59000015258789,73.80999755859375,11.0,-0.3277548551559448
2011-08-28,5.88,31.585,67.348,44.24,49.46,0.445,0.569,36.3,1263.96,1176.800048828125,2612.18798828125,85.37000274658203,35.59000015258789,73.80999755859375,11.0,-0.2999228835105896
2011-08-29,5.88,31.585,67.348,44.24,49.46,0.445,0.569,36.3,1322.57,1210.0799560546875,2576.4130859375,87.2699966430664,32.279998779296875,73.72000122070312,11.0,-0.2887284755706787
2011-08-30,6.2,32.518,70.686,46.3,50.84,0.456,0.546,38.44,1347.99,1212.9200439453125,2566.594970703125,88.9000015258789,32.88999938964844,73.94000244140625,11.0,-0.26387739181518555
2011-08-31,6.52,32.893,71.519,46.8,50.71,0.465,0.534,39.62,1355.76,1218.8900146484375,2567.340087890625,88.80999755859375,31.6200008392334,74.12999725341797,11.0,-0.2675228416919708
2011-09-01,6.45,33.059,72.199,46.15,49.94,0.463,0.532,39.63,1341.72,1204.4200439453125,2556.0419921875,88.93000030517578,31.81999969482422,74.4800033569336,10.0,-0.27158960700035095
2011-09-02,6.03,32.129,70.65,44.64,47.64,0.457,0.532,37.85,1324.44,1173.969970703125,2528.280029296875,86.44999694824219,33.91999816894531,74.75,10.0,-0.27689075469970703
2011-09-03,6.03,32.129,70.65,44.64,47.64,0.457,0.532,37.85,1324.44,1173.969970703125,2528.280029296875,86.44999694824219,33.91999816894531,74.75,10.0,-0.30235233902931213
2011-09-04,6.03,32.129,70.65,44.64,47.64,0.457,0.532,37.85,1324.44,1173.969970703125,2528.280029296875,86.44999694824219,33.91999816894531,74.75,10.0,-0.300788015127182
2011-09-05,5.78,30.741,67.804,44.64,47.64,0.44,0.507,36.24,1276.93,1173.969970703125,2478.739013671875,86.44999694824219,33.91999816894531,74.75,10.0,-0.2917187213897705
2011-09-06,5.85,29.938,66.167,44.07,46.92,0.45,0.501,36.07,1261.82,1165.239990234375,2470.52392578125,86.0199966430664,37.0,75.91999816894531,10.0,-0.3076780140399933
2011-09-07,6.18,31.519,69.352,44.87,48.84,0.455,0.551,37.59,1306.47,1198.6199951171875,2516.090087890625,89.33999633789062,33.380001068115234,75.45999908447266,10.0,-0.3064335882663727
2011-09-08,6.63,31.212,69.468,43.98,47.73,0.452,0.528,37.67,1313.79,1185.9000244140625,2498.943115234375,89.05000305175781,34.31999969482422,76.23999786376953,10.0,-0.29425233602523804
2011-09-09,6.26,30.698,68.743,41.71,45.85,0.449,0.538,36.25,1281.98,1154.22998046875,2497.7529296875,87.23999786376953,38.52000045776367,77.19000244140625,10.0,-0.2831602096557617
2011-09-10,6.26,30.698,68.743,41.71,45.85,0.449,0.538,36.25,1281.98,1154.22998046875,2497.7529296875,87.23999786376953,38.52000045776367,77.19000244140625,10.0,-0.29273733496665955
2011-09-11,6.26,30.698,68.743,41.71,45.85,0.449,0.538,36.25,1281.98,1154.22998046875,2497.7529296875,87.23999786376953,38.52000045776367,77.19000244140625,10.0,-0.27703866362571716
2011-09-12,6.16,29.186,65.065,41.04,44.69,0.426,0.538,35.52,1234.49,1162.27001953125,2497.7529296875,88.19000244140625,38.59000015258789,77.56999969482422,10.0,-0.27689114212989807
2011-09-13,6.18,29.754,65.504,41.72,45.61,0.426,0.522,36.1,1244.89,1172.8699951171875,2471.304931640625,90.20999908447266,36.90999984741211,76.91000366210938,10.0,-0.2847961187362671
2011-09-14,6.32,29.295,64.654,41.43,46.16,0.413,0.547,36.24,1214.06,1188.6800537109375,2484.826904296875,88.91000366210938,34.599998474121094,76.83000183105469,10.0,-0.28495553135871887
2011-09-15,6.58,30.069,66.056,42.26,46.83,0.416,0.548,37.46,1223.34,1209.1099853515625,2479.054931640625,89.4000015258789,31.96999931335449,76.23999786376953,10.0,-0.30379170179367065
2011-09-16,6.84,30.632,68.04,41.32,46.3,0.43,0.557,37.83,1253.75,1216.010009765625,2482.343017578125,87.95999908447266,30.979999542236328,76.58000183105469,10.0,-0.31949061155319214
2011-09-17,6.84,30.632,68.04,41.32,46.3,0.43,0.557,37.83,1253.75,1216.010009765625,2482.343017578125,87.95999908447266,30.979999542236328,76.58000183105469,10.0,-0.3263014554977417
2011-09-18,6.84,30.632,68.04,41.32,46.3,0.43,0.557,37.83,1253.75,1216.010009765625,2482.343017578125,87.95999908447266,30.979999542236328,76.58000183105469,10.0,-0.30955809354782104
2011-09-19,6.53,29.688,66.041,39.95,45.86,0.414,0.531,35.87,1221.57,1204.0899658203125,2437.794921875,85.69999694824219,32.72999954223633,77.38999938964844,10.0,-0.314265638589859
2011-09-20,6.77,29.227,65.199,38.3,44.99,0.404,0.544,36.7,1178.02,1202.0899658203125,2447.7548828125,86.88999938964844,32.86000061035156,77.02999877929688,10.0,-0.30578920245170593
2011-09-21,6.44,28.823,64.364,35.36,43.43,0.39,0.562,35.4,1122.88,1166.760009765625,2512.962890625,85.91999816894531,37.31999969482422,77.33999633789062,10.0,-0.312730073928833
2011-09-22,6.06,26.801,58.346,31.93,40.22,0.346,0.534,32.48,1026.21,1129.56005859375,2443.055908203125,80.51000213623047,41.34999847412109,78.37999725341797,10.0,-0.30940109491348267
2011-09-23,6.08,26.13,56.456,32.16,40.92,0.319,0.526,33.09,1015.1,1136.4300537109375,2433.158935546875,79.8499984741211,41.25,78.30000305175781,10.0,-0.32122230529785156
2011-09-24,6.08,26.13,56.456,32.16,40.92,0.319,0.526,33.09,1015.1,1136.4300537109375,2433.158935546875,79.8499984741211,41.25,78.30000305175781,10.0,-0.31836313009262085
2011-09-25,6.08,26.13,56.456,32.16,40.92,0.319,0.526,33.09,1015.1,1136.4300537109375,2433.158935546875,79.8499984741211,41.25,78.30000305175781,10.0,-0.3057486414909363
2011-09-26,6.15,25.853,54.62,33.55,42.44,0.285,0.52,33.46,973.23,1162.949951171875,2393.18310546875,80.23999786376953,39.02000045776367,78.36000061035156,10.0,-0.3149442970752716
2011-09-27,6.62,27.077,57.88,34.59,44.01,0.301,0.509,36.02,1055.6,1175.3800048828125,2415.053955078125,84.44999694824219,37.709999084472656,77.51000213623047,10.0,-0.31633102893829346
2011-09-28,6.28,26.858,57.706,32.09,41.01,0.305,0.503,34.62,1023.44,1151.06005859375,2392.06201171875,81.20999908447266,41.08000183105469,77.8499984741211,10.0,-0.3018927574157715
2011-09-29,6.09,26.504,56.281,31.13,42.34,0.305,0.478,34.0,1005.93,1160.4000244140625,2365.343017578125,82.13999938964844,38.84000015258789,77.91999816894531,10.0,-0.29325148463249207
2011-09-30,5.98,26.161,55.006,30.25,40.4,0.294,0.486,32.98,974.97,1131.4200439453125,2359.218994140625,79.19999694824219,42.959999084472656,78.55000305175781,10.0,-0.2948865592479706
2011-10-01,5.98,26.161,55.006,30.25,40.4,0.294,0.486,32.98,974.97,1131.4200439453125,2359.218994140625,79.19999694824219,42.959999084472656,78.55000305175781,10.0,-0.2962983250617981
2011-10-02,5.98,26.161,55.006,30.25,40.4,0.294,0.486,32.98,974.97,1131.4200439453125,2359.218994140625,79.19999694824219,42.959999084472656,78.55000305175781,10.0,-0.29766514897346497
2011-10-03,5.73,25.138,52.011,29.67,39.0,0.279,0.486,32.43,917.73,1099.22998046875,2359.218994140625,77.61000061035156,45.45000076293945,79.44999694824219,10.0,-0.29401251673698425
2011-10-04,5.86,25.072,52.052,31.92,40.27,0.252,0.486,31.44,908.54,1123.949951171875,2359.218994140625,75.66999816894531,40.81999969482422,79.5999984741211,10.0,-0.2830597460269928
2011-10-05,6.09,26.24,53.666,34.19,42.49,0.252,0.486,32.77,947.4,1144.030029296875,2359.218994140625,79.68000030517578,37.810001373291016,78.91000366210938,10.0,-0.28334569931030273
2011-10-06,6.35,27.353,56.814,34.65,43.0,0.271,0.486,34.22,1006.26,1164.969970703125,2359.218994140625,82.58999633789062,36.27000045776367,78.52999877929688,10.0,-0.26039519906044006
2011-10-07,6.25,28.109,59.78,33.79,43.4,0.316,0.486,34.42,1015.78,1155.4599609375,2359.218994140625,82.9800033569336,36.20000076293945,78.72000122070312,10.0,-0.2599581182003021
2011-10-08,6.25,28.109,59.78,33.79,43.4,0.316,0.486,34.42,1015.78,1155.4599609375,2359.218994140625,82.9800033569336,36.20000076293945,78.72000122070312,10.0,-0.2665923535823822
2011-10-09,6.25,28.109,59.78,33.79,43.4,0.316,0.486,34.42,1015.78,1155.4599609375,2359.218994140625,82.9800033569336,36.20000076293945,78.72000122070312,10.0,-0.262405663728714
2011-10-10,6.33,28.653,62.022,35.79,45.96,0.312,0.476,35.94,1041.09,1194.8900146484375,2344.787109375,85.41000366210938,33.02000045776367,77.5999984741211,10.0,-0.2754906713962555
2011-10-11,6.24,28.79,62.386,35.22,46.14,0.357,0.473,35.39,1059.29,1195.5400390625,2348.51611328125,85.80999755859375,32.86000061035156,77.58000183105469,10.0,-0.2669476270675659
2011-10-12,6.38,29.111,63.103,35.65,47.44,0.379,0.492,36.18,1088.98,1207.25,2420.0,85.56999969482422,31.26000022888184,76.98999786376953,10.0,-0.24973687529563904
2011-10-13,6.54,29.655,65.092,35.01,47.5,0.409,0.506,34.5,1098.22,1203.6600341796875,2438.7900390625,84.2300033569336,30.700000762939453,76.98999786376953,10.0,-0.22984790802001953
2011-10-14,6.37,29.485,65.097,36.53,48.63,0.386,0.502,35.47,1110.98,1224.5799560546875,2431.375,86.80000305175781,28.239999771118164,76.62000274658203,10.0,-0.219303697347641
2011-10-15,6.37,29.485,65.097,36.53,48.63,0.386,0.502,35.47,1110.98,1224.5799560546875,2431.375,86.80000305175781,28.239999771118164,76.62000274658203,10.0,-0.20208832621574402
2011-10-16,6.37,29.485,65.097,36.53,48.63,0.386,0.502,35.47,1110.98,1224.5799560546875,2431.375,86.80000305175781,28.239999771118164,76.62000274658203,10.0,-0.17692627012729645
2011-10-17,6.12,29.567,65.452,34.88,47.43,0.404,0.503,34.44,1105.0,1200.8599853515625,2440.402099609375,86.37999725341797,33.38999938964844,77.13999938964844,10.0,-0.17119376361370087
2011-10-18,6.01,28.881,62.631,35.15,48.96,0.392,0.478,33.85,1085.76,1225.3800048828125,2383.485107421875,88.33999633789062,31.559999465942383,77.12999725341797,10.0,-0.17126737534999847
2011-10-19,6.12,28.796,61.345,34.15,44.83,0.392,0.476,34.01,1062.19,1209.8800048828125,2377.511962890625,86.11000061035156,34.439998626708984,77.11000061035156,10.0,-0.17031815648078918
2011-10-20,5.95,28.074,59.254,34.56,45.44,0.366,0.445,32.69,1039.38,1215.3900146484375,2331.365966796875,85.30000305175781,34.779998779296875,76.97000122070312,10.0,-0.1628723442554474
2011-10-21,6.13,28.629,59.786,36.34,46.53,0.355,0.429,33.63,1057.44,1238.25,2317.27490234375,87.4000015258789,31.31999969482422,76.30000305175781,10.0,-0.16084499657154083
2011-10-22,6.13,28.629,59.786,36.34,46.53,0.355,0.429,33.63,1057.44,1238.25,2317.27490234375,87.4000015258789,31.31999969482422,76.30000305175781,10.0,-0.16623564064502716
2011-10-23,6.13,28.629,59.786,36.34,46.53,0.355,0.429,33.63,1057.44,1238.25,2317.27490234375,87.4000015258789,31.31999969482422,76.30000305175781,10.0,-0.16087915003299713
2011-10-24,6.38,29.839,63.321,39.24,48.61,0.399,0.441,35.16,1113.15,1254.18994140625,2370.3330078125,91.2699966430664,29.26000022888184,76.0199966430664,10.0,-0.15437625348567963
2011-10-25,6.22,29.972,64.015,37.96,50.96,0.413,0.455,34.93,1093.52,1229.050048828125,2409.672119140625,93.16999816894533,32.220001220703125,76.25,10.0,-0.13874047994613647
2011-10-26,6.14,29.709,63.955,39.04,52.72,0.44,0.461,35.0,1100.07,1242.0,2427.47998046875,90.1999969482422,29.86000061035156,76.19999694824219,10.0,-0.13165870308876038
2011-10-27,6.81,31.819,68.905,42.47,55.26,0.46,0.462,37.71,1181.9,1284.5899658203125,2435.614990234375,93.95999908447266,25.459999084472656,74.87000274658203,10.0,-0.12680919468402863
2011-10-28,6.91,32.015,69.231,42.52,55.13,0.446,0.474,37.69,1195.24,1285.0899658203125,2473.409912109375,93.31999969482422,24.530000686645508,75.08999633789062,10.0,-0.13164502382278442
2011-10-29,6.91,32.015,69.231,42.52,55.13,0.446,0.474,37.69,1195.24,1285.0899658203125,2473.409912109375,93.31999969482422,24.530000686645508,75.08999633789062,10.0,-0.11573459953069687
2011-10-30,6.91,32.015,69.231,42.52,55.13,0.446,0.474,37.69,1195.24,1285.0899658203125,2473.409912109375,93.31999969482422,24.530000686645508,75.08999633789062,10.0,-0.08652396500110626
2011-10-31,6.71,30.802,67.196,39.99,53.29,0.434,0.521,35.04,1151.38,1253.300048828125,2468.25,93.19000244140624,29.959999084472656,76.16999816894531,10.0,-0.09352166950702667
2011-11-01,6.33,29.382,63.933,38.5,50.97,0.422,0.535,33.98,1105.15,1218.280029296875,2470.01904296875,92.19000244140624,34.77000045776367,77.26000213623047,9.0,-0.10520146787166595
2011-11-02,6.62,29.223,63.256,39.52,52.92,0.439,0.536,34.82,1119.3,1237.9000244140625,2504.10791015625,92.51000213623048,32.7400016784668,77.01000213623047,9.0,-0.1159270778298378
2011-11-03,6.73,29.407,63.72,39.85,54.4,0.43,0.533,35.94,1126.96,1261.1500244140625,2508.090087890625,94.06999969482422,30.5,76.66999816894531,9.0,-0.11231134086847305
2011-11-04,6.64,30.448,66.889,40.05,54.37,0.457,0.529,35.59,1143.16,1253.22998046875,2528.2939453125,94.26000213623048,30.15999984741211,76.91000366210938,9.0,-0.1231497973203659
2011-11-05,6.64,30.448,66.889,40.05,54.37,0.457,0.529,35.59,1143.16,1253.22998046875,2528.2939453125,94.26000213623048,30.15999984741211,76.91000366210938,9.0,-0.14452989399433136
2011-11-06,6.64,30.448,66.889,40.05,54.37,0.457,0.529,35.59,1143.16,1253.22998046875,2528.2939453125,94.26000213623048,30.15999984741211,76.91000366210938,9.0,-0.1421886533498764
2011-11-07,6.66,30.242,65.758,40.99,54.6,0.461,0.52,36.11,1155.61,1261.1199951171875,2509.799072265625,95.5199966430664,29.850000381469727,76.95999908447266,9.0,-0.15793737769126892
2011-11-08,6.87,30.349,66.833,41.61,54.53,0.488,0.536,36.9,1165.05,1275.9200439453125,2503.8359375,96.8000030517578,27.479999542236328,76.66999816894531,9.0,-0.1514812856912613
2011-11-09,6.68,30.086,66.168,38.54,51.88,0.495,0.543,35.58,1135.3,1229.0999755859375,2524.9189453125,95.73999786376952,36.15999984741211,77.93000030517578,9.0,-0.16072812676429749
2011-11-10,6.61,29.419,64.419,38.94,52.5,0.449,0.526,36.06,1116.64,1239.699951171875,2479.535888671875,97.77999877929688,32.810001373291016,77.63999938964844,9.0,-0.18730071187019348
2011-11-11,6.73,30.041,65.708,39.6,53.84,0.45,0.524,37.64,1127.3,1263.8499755859375,2481.083984375,98.98999786376952,30.040000915527344,76.94000244140625,9.0,-0.1924438774585724
2011-11-12,6.73,30.041,65.708,39.6,53.84,0.45,0.524,37.64,1127.3,1263.8499755859375,2481.083984375,98.98999786376952,30.040000915527344,76.94000244140625,9.0,-0.19432049989700317
2011-11-13,6.73,30.041,65.708,39.6,53.84,0.45,0.524,37.64,1127.3,1263.8499755859375,2481.083984375,98.98999786376952,30.040000915527344,76.94000244140625,9.0,-0.1695171594619751
2011-11-14,6.49,29.565,64.46,39.43,53.29,0.465,0.569,36.98,1116.33,1251.780029296875,2528.714111328125,98.13999938964844,31.1299991607666,77.55999755859375,9.0,-0.16358163952827454
2011-11-15,6.22,29.028,63.612,39.33,52.31,0.454,0.56,36.84,1102.12,1257.81005859375,2529.760986328125,99.37000274658205,31.21999931335449,77.87999725341797,9.0,-0.1742064654827118
2011-11-16,6.07,28.566,62.826,37.97,52.16,0.432,0.537,36.82,1078.63,1236.9100341796875,2466.958984375,102.58999633789062,33.5099983215332,78.16000366210938,9.0,-0.15656982362270355
2011-11-17,6.19,28.63,62.689,36.59,50.35,0.43,0.537,35.8,1065.37,1216.1300048828125,2463.0458984375,98.81999969482422,34.5099983215332,78.29000091552734,9.0,-0.1706228405237198
2011-11-18,6.0,27.94,61.78,36.7,50.3,0.416,0.515,35.37,1048.41,1215.6500244140625,2416.56201171875,97.41000366210938,32.0,78.0199966430664,9.0,-0.16524936258792877
2011-11-19,6.0,27.94,61.78,36.7,50.3,0.416,0.515,35.37,1048.41,1215.6500244140625,2416.56201171875,97.41000366210938,32.0,78.0199966430664,9.0,-0.16892105340957642
2011-11-20,6.0,27.94,61.78,36.7,50.3,0.416,0.515,35.37,1048.41,1215.6500244140625,2416.56201171875,97.41000366210938,32.0,78.0199966430664,9.0,-0.17389889061450958
2011-11-21,5.59,27.36,59.84,35.9,49.75,0.403,0.522,33.29,998.58,1192.97998046875,2415.1298828125,96.91999816894533,32.90999984741211,78.30000305175781,9.0,-0.17694918811321259
2011-11-22,5.53,27.081,58.462,35.4,49.05,0.399,0.512,33.14,996.99,1188.0400390625,2412.625,98.01000213623048,31.96999931335449,78.2300033569336,9.0,-0.2011057436466217
2011-11-23,5.62,25.849,55.601,34.15,47.0,0.395,0.504,32.25,965.92,1161.7900390625,2395.06396484375,96.16999816894533,33.97999954223633,79.0,9.0,-0.20246408879756927
2011-11-24,5.64,25.974,55.935,34.15,47.0,0.404,0.494,32.31,971.54,1161.7900390625,2397.553955078125,96.16999816894533,33.97999954223633,79.0,9.0,-0.21308578550815582
2011-11-25,5.5,25.557,55.403,33.6,47.23,0.393,0.484,32.59,959.99,1158.6700439453125,2380.22412109375,96.7699966430664,34.470001220703125,79.61000061035156,9.0,-0.2243860960006714
2011-11-26,5.5,25.557,55.403,33.6,47.23,0.393,0.484,32.59,959.99,1158.6700439453125,2380.22412109375,96.7699966430664,34.470001220703125,79.61000061035156,9.0,-0.22675330936908722
2011-11-27,5.5,25.557,55.403,33.6,47.23,0.393,0.484,32.59,959.99,1158.6700439453125,2380.22412109375,96.7699966430664,34.470001220703125,79.61000061035156,9.0,-0.2124994546175003
2011-11-28,5.68,26.665,57.679,35.7,49.63,0.398,0.486,34.1,1005.16,1192.550048828125,2383.033935546875,98.20999908447266,32.130001068115234,79.29000091552734,9.0,-0.2122076451778412
2011-11-29,5.65,27.132,58.685,36.24,50.02,0.428,0.498,34.23,1015.9,1195.18994140625,2412.39306640625,99.79000091552734,30.63999938964844,79.0,9.0,-0.2327672839164734
2011-11-30,5.96,27.753,59.61,39.34,54.53,0.418,0.468,36.07,1072.65,1246.9599609375,2333.4140625,100.36000061035156,27.799999237060547,78.38999938964844,9.0,-0.23945103585720062
2011-12-01,5.86,28.754,62.13,39.02,53.5,0.452,0.48,36.17,1089.39,1244.5799560546875,2386.860107421875,100.1999969482422,27.40999984741211,78.31999969482422,9.0,-0.2518428862094879
2011-12-02,6.1,28.952,62.422,39.04,53.29,0.456,0.46,36.59,1077.61,1244.280029296875,2360.6640625,100.95999908447266,27.520000457763672,78.62999725341797,9.0,-0.2619876563549042
2011-12-03,6.1,28.952,62.422,39.04,53.29,0.456,0.46,36.59,1077.61,1244.280029296875,2360.6640625,100.95999908447266,27.520000457763672,78.62999725341797,9.0,-0.2775784730911255
2011-12-04,6.1,28.952,62.422,39.04,53.29,0.456,0.46,36.59,1077.61,1244.280029296875,2360.6640625,100.95999908447266,27.520000457763672,78.62999725341797,9.0,-0.26982536911964417
2011-12-05,6.34,29.598,63.414,39.96,53.75,0.45,0.439,37.18,1101.87,1257.0799560546875,2333.22900390625,100.98999786376952,27.84000015258789,78.61000061035156,9.0,-0.2486419528722763
2011-12-06,6.09,29.062,61.83,40.27,53.74,0.43,0.449,36.94,1077.14,1258.469970703125,2325.905029296875,101.27999877929688,28.1299991607666,78.51000213623047,9.0,-0.25930255651474
2011-12-07,6.06,29.453,62.802,40.15,54.58,0.456,0.451,37.03,1086.53,1261.010009765625,2332.72998046875,100.48999786376952,28.670000076293945,78.4800033569336,9.0,-0.2648297846317291
2011-12-08,5.94,29.083,61.913,38.09,53.08,0.449,0.458,35.64,1069.88,1234.3499755859375,2329.820068359375,98.33999633789062,30.59000015258789,78.80999755859375,9.0,-0.2676796019077301
2011-12-09,6.04,28.33,59.999,39.47,53.09,0.432,0.457,36.42,1071.97,1255.18994140625,2315.27001953125,99.41000366210938,26.3799991607666,78.62999725341797,9.0,-0.2782682776451111
2011-12-10,6.04,28.33,59.999,39.47,53.09,0.432,0.457,36.42,1071.97,1255.18994140625,2315.27001953125,99.41000366210938,26.3799991607666,78.62999725341797,9.0,-0.2769550085067749
2011-12-11,6.04,28.33,59.999,39.47,53.09,0.432,0.457,36.42,1071.97,1255.18994140625,2315.27001953125,99.41000366210938,26.3799991607666,78.62999725341797,9.0,-0.272167444229126
2011-12-12,5.75,28.453,59.515,38.29,50.91,0.429,0.455,34.73,1052.68,1236.469970703125,2291.544921875,97.7699966430664,25.670000076293945,79.56999969482422,9.0,-0.2846713960170746
2011-12-13,5.79,27.723,57.874,37.53,50.49,0.415,0.432,34.8,1027.33,1225.72998046875,2248.590087890625,100.13999938964844,25.40999984741211,80.25,9.0,-0.29035845398902893
2011-12-14,5.65,27.362,57.678,37.19,48.07,0.402,0.424,33.48,1001.74,1211.8199462890625,2228.52490234375,94.9499969482422,26.040000915527344,80.52999877929688,9.0,-0.2937706410884857
2011-12-15,5.72,26.885,56.099,36.63,48.82,0.387,0.405,33.99,988.77,1215.75,2180.89501953125,93.87000274658205,25.11000061035156,80.23999786376953,9.0,-0.3114534020423889
2011-12-16,5.72,27.132,56.772,36.75,50.16,0.388,0.427,33.87,994.07,1219.6600341796875,2224.840087890625,93.52999877929688,24.290000915527344,80.25,9.0,-0.30514582991600037
2011-12-17,5.72,27.132,56.772,36.75,50.16,0.388,0.427,33.87,994.07,1219.6600341796875,2224.840087890625,93.52999877929688,24.290000915527344,80.25,9.0,-0.3187928795814514
2011-12-18,5.72,27.132,56.772,36.75,50.16,0.388,0.427,33.87,994.07,1219.6600341796875,2224.840087890625,93.52999877929688,24.290000915527344,80.25,9.0,-0.320600301027298
2011-12-19,5.68,26.246,54.853,35.5,48.01,0.38,0.439,33.47,973.53,1205.3499755859375,2218.235107421875,93.87999725341795,24.920000076293945,80.25,9.0,-0.2884218096733093
2011-12-20,5.79,26.592,55.92,37.33,50.05,0.374,0.432,34.61,1001.99,1241.300048828125,2215.929931640625,97.22000122070312,23.21999931335449,79.87999725341797,9.0,-0.3028990626335144
2011-12-21,5.81,27.414,57.396,37.5,49.82,0.392,0.415,34.23,1008.71,1243.719970703125,2191.14794921875,98.66999816894533,21.43000030517578,80.0199966430664,9.0,-0.3007802963256836
2011-12-22,5.91,27.139,56.599,38.15,50.76,0.383,0.407,34.86,1003.32,1254.0,2186.2958984375,99.52999877929688,21.15999984741211,79.91999816894531,9.0,-0.30997195839881897
2011-12-23,5.89,27.585,57.823,38.07,51.14,0.386,0.41,34.91,1021.3,1265.3299560546875,2204.783935546875,99.68000030517578,20.729999542236328,80.01000213623047,9.0,-0.32393577694892883
2011-12-24,5.89,27.585,57.823,38.07,51.14,0.386,0.41,34.91,1021.3,1265.3299560546875,2204.783935546875,99.68000030517578,20.729999542236328,80.01000213623047,9.0,-0.29128164052963257
2011-12-25,5.89,27.585,57.823,38.07,51.14,0.386,0.41,34.91,1021.3,1265.3299560546875,2204.783935546875,99.68000030517578,20.729999542236328,80.01000213623047,9.0,-0.29366958141326904
2011-12-26,5.89,27.585,57.823,38.07,51.14,0.386,0.41,34.91,1021.62,1265.3299560546875,2190.110107421875,99.68000030517578,20.729999542236328,80.01000213623047,9.0,-0.29744186997413635
2011-12-27,5.89,27.585,57.823,38.07,51.14,0.386,0.41,34.91,1016.67,1265.4300537109375,2166.205078125,101.33999633789062,21.90999984741211,79.79000091552734,9.0,-0.3057350218296051
2011-12-28,5.77,26.969,56.254,36.07,50.17,0.377,0.38,34.3,985.89,1249.6400146484375,2170.012939453125,99.36000061035156,23.520000457763672,80.48999786376953,9.0,-0.2903165817260742
2011-12-29,5.85,27.056,56.344,36.3,51.49,0.368,0.379,34.64,979.77,1263.02001953125,2173.56103515625,99.6500015258789,22.649999618530277,80.4800033569336,9.0,-0.29723745584487915
2011-12-30,5.8,27.222,56.822,36.55,51.51,0.376,0.393,35.09,992.34,1257.5999755859375,2199.4169921875,98.83000183105467,23.399999618530277,80.16999816894531,9.0,-0.3144138753414154
2011-12-31,5.8,27.222,56.822,36.55,51.51,0.376,0.393,35.09,992.34,1257.5999755859375,2199.4169921875,98.83000183105467,23.399999618530277,80.16999816894531,9.0,-0.3229430019855499
2012-01-01,5.8,27.222,56.822,36.55,51.51,0.376,0.393,35.09,992.34,1257.5999755859375,2199.4169921875,98.83000183105467,23.399999618530277,80.16999816894531,9.0,-0.3003263771533966
2012-01-02,5.8,27.222,56.822,36.55,51.51,0.376,0.393,35.09,994.97,1257.5999755859375,2199.4169921875,98.83000183105467,23.399999618530277,80.16999816894531,9.0,-0.28576207160949707
2012-01-03,6.23,27.91,58.674,39.24,52.73,0.388,0.393,37.1,1025.22,1277.06005859375,2199.4169921875,102.95999908447266,22.96999931335449,79.61000061035156,9.0,-0.31035760045051575
2012-01-04,6.02,29.035,60.317,39.57,53.5,0.382,0.374,36.65,1033.01,1277.300048828125,2169.389892578125,103.22000122070312,22.21999931335449,80.08999633789062,9.0,-0.2847927212715149
2012-01-05,5.81,28.388,59.347,39.04,53.58,0.377,0.355,36.09,1015.07,1281.06005859375,2148.451904296875,101.80999755859376,21.479999542236328,80.94000244140625,9.0,-0.2659488916397095
2012-01-06,5.81,27.876,58.926,38.61,53.47,0.373,0.36,36.18,1025.5,1277.81005859375,2163.39501953125,101.55999755859376,20.6299991607666,81.23999786376953,9.0,-0.25129061937332153
2012-01-07,5.81,27.876,58.926,38.61,53.47,0.373,0.36,36.18,1025.5,1277.81005859375,2163.39501953125,101.55999755859376,20.6299991607666,81.23999786376953,9.0,-0.2548753321170807
2012-01-08,5.81,27.876,58.926,38.61,53.47,0.373,0.36,36.18,1025.5,1277.81005859375,2163.39501953125,101.55999755859376,20.6299991607666,81.23999786376953,9.0,-0.2303769886493683
2012-01-09,5.87,27.869,58.629,38.78,53.43,0.377,0.38,35.79,1027.11,1280.699951171875,2225.889892578125,101.30999755859376,21.06999969482422,81.05000305175781,9.0,-0.20602311193943024
2012-01-10,5.92,28.432,60.038,40.33,55.09,0.388,0.399,37.02,1052.39,1292.0799560546875,2285.743896484375,102.23999786376952,20.690000534057617,80.80000305175781,9.0,-0.20660921931266785
2012-01-11,5.79,28.849,60.985,41.38,55.37,0.402,0.407,36.76,1062.36,1292.47998046875,2276.0458984375,100.87000274658205,21.049999237060547,81.3499984741211,9.0,-0.19108299911022186
2012-01-12,5.84,29.082,61.671,42.17,57.49,0.403,0.409,37.22,1076.38,1295.5,2275.010009765625,99.0999984741211,20.46999931335449,80.7699966430664,9.0,-0.18980713188648224
2012-01-13,5.84,29.187,61.96,41.72,56.8,0.403,0.389,37.39,1063.42,1289.0899658203125,2244.580078125,98.6999969482422,20.90999984741211,81.43000030517578,9.0,-0.2056632936000824
2012-01-14,5.84,29.187,61.96,41.72,56.8,0.403,0.389,37.39,1063.42,1289.0899658203125,2244.580078125,98.6999969482422,20.90999984741211,81.43000030517578,9.0,-0.24275082349777222
2012-01-15,5.84,29.187,61.96,41.72,56.8,0.403,0.389,37.39,1063.42,1289.0899658203125,2244.580078125,98.6999969482422,20.90999984741211,81.43000030517578,9.0,-0.21974734961986542
2012-01-16,5.79,28.681,61.632,41.72,56.8,0.393,0.365,37.75,1066.37,1289.0899658203125,2206.193115234375,98.6999969482422,20.90999984741211,81.43000030517578,9.0,-0.21950682997703552
2012-01-17,5.92,29.465,62.849,42.79,57.34,0.442,0.401,38.35,1077.61,1293.6700439453125,2298.375,100.70999908447266,22.200000762939453,81.18000030517578,9.0,-0.21733440458774567
2012-01-18,6.11,29.815,63.944,44.18,58.51,0.434,0.399,38.8,1100.59,1308.0400390625,2266.384033203125,100.58999633789062,20.88999938964844,80.5999984741211,9.0,-0.2033286839723587
2012-01-19,6.34,30.074,64.057,44.08,60.09,0.438,0.422,38.94,1126.77,1314.5,2296.074951171875,100.38999938964844,19.8700008392334,80.20999908447266,9.0,-0.2000635266304016
2012-01-20,6.27,30.396,65.253,42.82,59.64,0.437,0.414,39.33,1138.43,1315.3800048828125,2319.117919921875,98.45999908447266,18.280000686645508,80.22000122070312,9.0,-0.18103203177452087
2012-01-21,6.27,30.396,65.253,42.82,59.64,0.437,0.414,39.33,1138.43,1315.3800048828125,2319.117919921875,98.45999908447266,18.280000686645508,80.22000122070312,9.0,-0.17374122142791748
2012-01-22,6.27,30.396,65.253,42.82,59.64,0.437,0.414,39.33,1138.43,1315.3800048828125,2319.117919921875,98.45999908447266,18.280000686645508,80.22000122070312,9.0,-0.1751042604446411
2012-01-23,6.47,30.337,65.895,43.59,60.09,0.437,0.414,39.71,1141.92,1316.0,2319.117919921875,99.58000183105467,18.670000076293945,79.69000244140625,9.0,-0.18416441977024078
2012-01-24,6.35,30.049,65.995,43.68,62.66,0.437,0.414,39.39,1129.06,1314.6500244140625,2319.117919921875,98.9499969482422,18.90999984741211,79.86000061035156,9.0,-0.16706272959709167
2012-01-25,6.24,30.671,66.751,45.78,62.09,0.437,0.414,39.48,1141.08,1326.06005859375,2319.117919921875,99.4000015258789,18.309999465942383,79.56999969482422,9.0,-0.16211695969104767
2012-01-26,6.49,30.671,66.751,46.19,63.02,0.462,0.414,40.76,1160.34,1318.4300537109375,2319.117919921875,99.6999969482422,18.56999969482422,79.41000366210938,9.0,-0.14174360036849976
2012-01-27,6.37,31.025,68.495,45.83,63.25,0.462,0.414,40.32,1167.96,1316.3299560546875,2319.117919921875,99.55999755859376,18.530000686645508,78.9000015258789,9.0,-0.1287219524383545
2012-01-28,6.37,31.025,68.495,45.83,63.25,0.462,0.414,40.32,1167.96,1316.3299560546875,2319.117919921875,99.55999755859376,18.530000686645508,78.9000015258789,9.0,-0.10416878759860992
2012-01-29,6.37,31.025,68.495,45.83,63.25,0.462,0.414,40.32,1167.96,1316.3299560546875,2319.117919921875,99.55999755859376,18.530000686645508,78.9000015258789,9.0,-0.08582257479429245
2012-01-30,6.21,30.853,67.335,45.8,63.42,0.442,0.407,39.29,1155.2,1313.010009765625,2285.0380859375,98.77999877929688,19.399999618530277,79.16000366210938,9.0,-0.08437668532133102
2012-01-31,6.17,30.77,67.651,45.9,64.31,0.44,0.413,39.26,1161.38,1312.4100341796875,2292.610107421875,98.4800033569336,19.440000534057617,79.27999877929688,9.0,-0.07084117829799652
2012-02-01,6.51,30.533,67.753,45.86,66.4,0.449,0.398,41.08,1177.12,1324.0899658203125,2268.080078125,97.61000061035156,18.549999237060547,78.91999816894531,11.0,-0.07504576444625854
2012-02-02,6.95,31.167,69.809,45.21,65.67,0.48,0.41,42.48,1211.23,1325.5400390625,2312.555908203125,96.36000061035156,17.979999542236328,78.97000122070312,11.0,-0.07814128696918488
2012-02-03,7.27,31.337,70.007,46.17,66.99,0.488,0.419,43.69,1212.89,1344.9000244140625,2330.405029296875,97.83999633789062,17.100000381469727,78.94000244140625,11.0,-0.07953616231679916
2012-02-04,7.27,31.337,70.007,46.17,66.99,0.488,0.419,43.69,1212.89,1344.9000244140625,2330.405029296875,97.83999633789062,17.100000381469727,78.94000244140625,11.0,-0.0653969794511795
2012-02-05,7.27,31.337,70.007,46.17,66.99,0.488,0.419,43.69,1212.89,1344.9000244140625,2330.405029296875,97.83999633789062,17.100000381469727,78.94000244140625,11.0,-0.04571004584431648
2012-02-06,6.94,31.703,71.475,46.42,67.5,0.477,0.421,43.38,1210.01,1344.3299560546875,2331.135986328125,96.91000366210938,17.760000228881836,79.08999633789062,11.0,-0.03267442435026169
2012-02-07,6.71,31.672,70.704,45.45,66.9,0.467,0.412,43.39,1192.48,1347.050048828125,2291.902099609375,98.41000366210938,17.649999618530273,78.56999969482422,11.0,-0.06279543042182922
2012-02-08,6.55,31.505,71.358,46.22,66.73,0.482,0.434,42.98,1217.28,1349.9599609375,2347.530029296875,98.70999908447266,18.15999984741211,78.63999938964844,11.0,-0.08122609555721283
2012-02-09,6.67,31.002,71.172,46.11,66.51,0.484,0.432,42.95,1215.52,1351.949951171875,2349.589111328125,99.83999633789062,18.6299991607666,78.55999755859375,11.0,-0.09414708614349365
2012-02-10,6.52,29.93,68.749,44.64,65.23,0.478,0.433,41.05,1186.75,1342.6400146484375,2351.98095703125,98.66999816894533,20.790000915527344,79.11000061035156,11.0,-0.11109143495559692
2012-02-11,6.52,29.93,68.749,44.64,65.23,0.478,0.433,41.05,1186.75,1342.6400146484375,2351.98095703125,98.66999816894533,20.790000915527344,79.11000061035156,11.0,-0.11787056922912598
2012-02-12,6.52,29.93,68.749,44.64,65.23,0.478,0.433,41.05,1186.75,1342.6400146484375,2351.98095703125,98.66999816894533,20.790000915527344,79.11000061035156,11.0,-0.10209425538778305
2012-02-13,6.45,30.443,69.685,44.37,66.14,0.469,0.438,42.17,1200.44,1351.77001953125,2351.85400390625,100.91000366210938,19.040000915527344,78.94000244140625,11.0,-0.09159938991069794
2012-02-14,6.33,29.876,68.183,42.68,65.25,0.454,0.435,41.28,1168.9,1350.5,2344.77099609375,100.73999786376952,19.540000915527344,79.58000183105469,11.0,-0.09399943053722382
2012-02-15,6.31,29.874,67.906,42.12,64.71,0.468,0.443,40.09,1170.32,1343.22998046875,2366.701904296875,101.8000030517578,21.13999938964844,79.66999816894531,11.0,-0.08969378471374512
2012-02-16,6.42,29.368,66.692,43.55,66.38,0.454,0.441,39.68,1170.1,1358.0400390625,2356.860107421875,102.30999755859376,19.21999931335449,79.33999633789062,11.0,-0.09804476052522659
2012-02-17,6.49,29.157,65.7,42.76,66.28,0.464,0.462,40.21,1176.86,1361.22998046875,2357.180908203125,103.23999786376952,17.780000686645508,79.33000183105469,11.0,-0.10495244711637497
2012-02-18,6.49,29.157,65.7,42.76,66.28,0.464,0.462,40.21,1176.86,1361.22998046875,2357.180908203125,103.23999786376952,17.780000686645508,79.33000183105469,11.0,-0.10041176527738571
2012-02-19,6.49,29.157,65.7,42.76,66.28,0.464,0.462,40.21,1176.86,1361.22998046875,2357.180908203125,103.23999786376952,17.780000686645508,79.33000183105469,11.0,-0.087155781686306
2012-02-20,6.59,29.953,67.414,42.76,66.28,0.455,0.458,40.46,1191.18,1361.22998046875,2363.596923828125,103.23999786376952,17.780000686645508,79.33000183105469,11.0,-0.09244835376739502
2012-02-21,6.59,30.054,67.963,43.68,65.77,0.462,0.459,40.7,1203.51,1362.2099609375,2381.429931640625,105.83999633789062,18.190000534057617,79.04000091552734,11.0,-0.10163796693086624
2012-02-22,6.57,29.953,67.173,43.83,66.19,0.469,0.466,40.29,1195.6,1357.6600341796875,2403.5869140625,106.27999877929688,18.190000534057617,79.20999908447266,11.0,-0.09546711295843124
2012-02-23,6.57,29.996,66.597,43.49,66.58,0.471,0.463,40.24,1192.33,1363.4599609375,2409.553955078125,107.83000183105467,16.799999237060547,78.80999755859375,11.0,-0.08262546360492706
2012-02-24,6.6,30.236,67.131,43.62,66.14,0.473,0.465,40.63,1194.03,1365.739990234375,2439.626953125,109.7699966430664,17.309999465942383,78.3499984741211,11.0,-0.08682557940483093
2012-02-25,6.6,30.236,67.131,43.62,66.14,0.473,0.465,40.63,1194.03,1365.739990234375,2439.626953125,109.7699966430664,17.309999465942383,78.3499984741211,11.0,-0.08901204913854599
2012-02-26,6.6,30.236,67.131,43.62,66.14,0.473,0.465,40.63,1194.03,1365.739990234375,2439.626953125,109.7699966430664,17.309999465942383,78.3499984741211,11.0,-0.07915171980857849
2012-02-27,6.54,29.795,66.799,43.02,66.89,0.468,0.463,40.18,1172.56,1367.5899658203125,2447.056884765625,108.55999755859376,18.190000534057617,78.55999755859375,11.0,-0.08648864924907684
2012-02-28,6.64,29.8,67.24,43.37,66.73,0.472,0.453,40.9,1158.88,1372.1800537109375,2451.85693359375,106.5500030517578,17.959999084472656,78.2699966430664,11.0,-0.0785733237862587
2012-02-29,6.55,29.958,66.693,42.28,66.52,0.48,0.45,40.04,1151.28,1365.6800537109375,2428.487060546875,107.06999969482422,18.43000030517578,78.7300033569336,11.0,-0.07962840050458908
2012-03-01,6.49,29.697,65.94,42.63,67.7,0.467,0.452,40.46,1137.73,1374.0899658203125,2426.114990234375,108.83999633789062,17.260000228881836,78.77999877929688,15.0,-0.0871291235089302
2012-03-02,6.34,29.632,65.22,41.75,65.92,0.477,0.468,39.71,1139.7,1369.6300048828125,2460.693115234375,106.6999969482422,17.290000915527344,79.4000015258789,15.0,-0.06584931164979935
2012-03-03,6.34,29.632,65.22,41.75,65.92,0.477,0.468,39.71,1139.7,1369.6300048828125,2460.693115234375,106.6999969482422,17.290000915527344,79.4000015258789,15.0,-0.0659126415848732
2012-03-04,6.34,29.632,65.22,41.75,65.92,0.477,0.468,39.71,1139.7,1369.6300048828125,2460.693115234375,106.6999969482422,17.290000915527344,79.4000015258789,15.0,-0.05137074366211891
2012-03-05,6.09,29.199,63.987,40.18,62.4,0.461,0.479,38.69,1119.93,1364.3299560546875,2445.001953125,106.72000122070312,18.049999237060547,79.31999969482422,15.0,-0.030280275270342827
2012-03-06,6.01,28.21,61.839,39.18,60.05,0.438,0.477,37.34,1078.0,1343.3599853515625,2410.445068359375,104.6999969482422,20.8700008392334,79.86000061035156,15.0,-0.033949967473745346
2012-03-07,6.03,27.87,60.874,38.73,61.5,0.43,0.468,37.9,1077.77,1352.6300048828125,2394.7939453125,106.16000366210938,19.06999969482422,79.70999908447266,15.0,-0.03501943498849869
2012-03-08,6.11,28.236,61.46,39.24,62.93,0.438,0.478,38.63,1097.62,1365.9100341796875,2420.27587890625,106.58000183105467,17.950000762939453,79.16000366210938,15.0,-0.027846474200487137
2012-03-09,6.1,28.378,62.47,38.52,63.05,0.443,0.481,38.6,1152.06,1370.8699951171875,2439.4619140625,107.4000015258789,17.110000610351562,80.04000091552734,15.0,-0.03564928472042084
2012-03-10,6.1,28.378,62.47,38.52,63.05,0.443,0.481,38.6,1152.06,1370.8699951171875,2439.4619140625,107.4000015258789,17.110000610351562,80.04000091552734,15.0,-0.021839439868927002
2012-03-11,6.1,28.378,62.47,38.52,63.05,0.443,0.481,38.6,1152.06,1370.8699951171875,2439.4619140625,107.4000015258789,17.110000610351562,80.04000091552734,15.0,-0.01874806359410286
2012-03-12,6.13,28.214,61.732,38.01,62.75,0.446,0.478,38.23,1130.07,1371.0899658203125,2434.85791015625,106.33999633789062,15.640000343322754,79.87000274658203,15.0,-0.02174999751150608
2012-03-13,6.26,28.678,62.554,38.83,63.66,0.447,0.479,38.88,1146.23,1395.949951171875,2455.7939453125,106.70999908447266,14.800000190734863,80.19000244140625,15.0,-0.03772188350558281
2012-03-14,6.17,28.788,62.9,37.87,63.91,0.432,0.451,38.16,1151.29,1394.280029296875,2391.22998046875,105.43000030517578,15.3100004196167,80.55999755859375,15.0,-0.025416919961571693
2012-03-15,6.17,28.639,62.98,38.1,64.6,0.421,0.439,38.51,1142.06,1402.5999755859375,2373.77392578125,105.11000061035156,15.420000076293944,80.1500015258789,15.0,-0.008407846093177795
2012-03-16,6.31,28.634,63.531,38.31,64.37,0.415,0.466,39.39,1144.82,1404.1700439453125,2404.736083984375,107.05999755859376,14.470000267028809,79.77999877929688,15.0,-0.007853052578866482
2012-03-17,6.31,28.634,63.531,38.31,64.37,0.415,0.466,39.39,1144.82,1404.1700439453125,2404.736083984375,107.05999755859376,14.470000267028809,79.77999877929688,15.0,-0.002922380343079567
2012-03-18,6.31,28.634,63.531,38.31,64.37,0.415,0.466,39.39,1144.82,1404.1700439453125,2404.736083984375,107.05999755859376,14.470000267028809,79.77999877929688,15.0,0.0024268897250294685
2012-03-19,6.37,29.01,64.389,38.88,64.38,0.407,0.476,39.43,1156.78,1409.75,2410.18408203125,108.08999633789062,15.039999961853027,79.44999694824219,15.0,0.008027435280382633
2012-03-20,6.25,28.617,63.356,38.89,64.02,0.394,0.476,37.72,1145.85,1405.52001953125,2376.839111328125,105.61000061035156,15.579999923706056,79.58999633789062,15.0,0.0006967493100091815
2012-03-21,6.29,28.058,62.951,39.54,64.28,0.398,0.501,37.72,1141.32,1402.8900146484375,2378.195068359375,107.2699966430664,15.130000114440918,79.62999725341797,15.0,-0.00756910489872098
2012-03-22,6.08,27.961,61.912,38.08,63.43,0.395,0.486,36.67,1112.19,1392.780029296875,2375.77197265625,105.3499984741211,15.56999969482422,79.73999786376953,15.0,-0.0024978138972073793
2012-03-23,6.12,27.826,61.394,38.23,62.67,0.398,0.474,37.06,1111.97,1397.1099853515625,2349.5390625,106.87000274658205,14.81999969482422,79.33999633789062,15.0,-0.0018017224501818419
2012-03-24,6.12,27.826,61.394,38.23,62.67,0.398,0.474,37.06,1111.97,1397.1099853515625,2349.5390625,106.87000274658205,14.81999969482422,79.33999633789062,15.0,0.012120352126657963
2012-03-25,6.12,27.826,61.394,38.23,62.67,0.398,0.474,37.06,1111.97,1397.1099853515625,2349.5390625,106.87000274658205,14.81999969482422,79.33999633789062,15.0,0.00879601202905178
2012-03-26,6.11,27.86,61.895,38.62,64.39,0.396,0.478,37.35,1121.47,1416.510009765625,2350.59912109375,107.02999877929688,14.260000228881836,78.93000030517578,15.0,0.012115639634430408
2012-03-27,6.1,27.837,61.75,38.49,64.63,0.41,0.483,36.98,1134.66,1412.52001953125,2347.178955078125,107.33000183105467,15.59000015258789,79.04000091552734,15.0,-0.006328411865979433
2012-03-28,5.89,27.814,61.79,37.11,63.16,0.401,0.441,35.41,1122.62,1405.5400390625,2284.881103515625,105.41000366210938,15.470000267028809,79.16000366210938,15.0,-0.01368906069546938
2012-03-29,5.89,27.464,61.49,37.36,63.69,0.395,0.426,34.79,1130.55,1403.280029296875,2252.159912109375,102.77999877929688,15.479999542236328,79.18000030517578,15.0,-0.003305210033431649
2012-03-30,5.94,27.683,62.327,37.79,63.92,0.397,0.428,35.53,1128.25,1408.469970703125,2262.7880859375,103.0199966430664,15.5,78.93000030517578,15.0,-0.0032451003789901733
2012-03-31,5.94,27.683,62.327,37.79,63.92,0.397,0.428,35.53,1128.25,1408.469970703125,2262.7880859375,103.0199966430664,15.5,78.93000030517578,15.0,0.001525617204606533
2012-04-01,5.94,27.683,62.327,37.79,63.92,0.397,0.428,35.53,1128.25,1408.469970703125,2262.7880859375,103.0199966430664,15.5,78.93000030517578,10.0,0.005538546945899725
2012-04-02,6.09,28.273,63.489,38.85,65.18,0.399,0.428,36.04,1145.99,1419.0400390625,2262.7880859375,105.2300033569336,15.640000343322754,78.81999969482422,10.0,0.01740838773548603
2012-04-03,6.08,28.103,63.572,38.33,64.42,0.401,0.428,35.35,1139.68,1413.3800048828125,2262.7880859375,104.01000213623048,15.65999984741211,79.4800033569336,10.0,0.00037563807563856244
2012-04-04,5.89,27.569,62.775,37.78,63.64,0.401,0.428,34.23,1108.76,1398.9599609375,2262.7880859375,101.47000122070312,16.440000534057617,79.76000213623047,10.0,0.005695514380931854
2012-04-05,6.21,27.44,61.982,37.55,63.02,0.393,0.441,34.54,1101.58,1398.0799560546875,2302.240966796875,103.30999755859376,16.700000762939453,80.06999969482422,10.0,0.0045235296711325645
2012-04-06,6.21,27.44,61.982,37.55,63.02,0.393,0.441,34.54,1101.45,1398.0799560546875,2306.552001953125,103.30999755859376,16.700000762939453,80.06999969482422,10.0,-0.008949264883995056
2012-04-07,6.21,27.44,61.982,37.55,63.02,0.393,0.441,34.54,1101.45,1398.0799560546875,2306.552001953125,103.30999755859376,16.700000762939453,80.06999969482422,10.0,-0.01828453689813614
2012-04-08,6.21,27.44,61.982,37.55,63.02,0.393,0.441,34.54,1101.45,1398.0799560546875,2306.552001953125,103.30999755859376,16.700000762939453,80.06999969482422,10.0,-0.014816917479038239
2012-04-09,6.21,27.44,61.982,37.55,63.02,0.393,0.441,34.54,1100.08,1382.199951171875,2285.777099609375,102.45999908447266,18.809999465942383,79.7300033569336,10.0,-0.0026813417207449675
2012-04-10,5.94,27.154,61.259,36.39,61.31,0.386,0.447,33.15,1077.36,1358.5899658203125,2305.863037109375,101.0199966430664,20.38999938964844,79.88999938964844,10.0,-0.0007345964550040662
2012-04-11,5.98,26.766,60.307,35.54,61.98,0.383,0.447,33.6,1070.88,1368.7099609375,2308.925048828125,102.6999969482422,20.020000457763672,79.77999877929688,10.0,0.006316447164863348
2012-04-12,6.15,27.361,61.99,37.64,63.72,0.385,0.452,34.43,1097.26,1387.5699462890625,2350.864013671875,103.63999938964844,17.200000762939453,79.27999877929688,10.0,-0.01981952413916588
2012-04-13,6.03,27.643,63.016,36.7,62.85,0.393,0.471,34.04,1094.46,1370.260009765625,2359.160888671875,102.83000183105467,19.549999237060547,79.87999725341797,10.0,-0.028675565496087074
2012-04-14,6.03,27.643,63.016,36.7,62.85,0.393,0.471,34.04,1094.46,1370.260009765625,2359.160888671875,102.83000183105467,19.549999237060547,79.87999725341797,10.0,-0.03089442104101181
2012-04-15,6.03,27.643,63.016,36.7,62.85,0.393,0.471,34.04,1094.46,1370.260009765625,2359.160888671875,102.83000183105467,19.549999237060547,79.87999725341797,10.0,-0.016394276171922684
2012-04-16,6.07,27.469,62.187,36.68,63.37,0.394,0.471,33.63,1078.77,1369.5699462890625,2357.02587890625,102.93000030517578,19.549999237060547,79.55000305175781,10.0,-0.003916537389159203
2012-04-17,6.21,27.423,61.905,37.51,64.12,0.388,0.461,35.2,1089.66,1390.780029296875,2334.985107421875,104.1999969482422,18.459999084472656,79.47000122070312,10.0,0.006287111435085535
2012-04-18,6.33,28.116,63.468,38.04,65.25,0.394,0.48,35.16,1088.93,1385.1400146484375,2380.847900390625,102.66999816894533,18.63999938964844,79.52999877929688,10.0,0.01657421514391899
2012-04-19,6.36,28.373,63.422,37.78,63.73,0.398,0.471,35.16,1087.14,1376.9200439453125,2378.634033203125,102.2699966430664,18.36000061035156,79.55999755859375,10.0,0.027414431795477867
2012-04-20,6.5,28.494,63.721,37.32,65.44,0.397,0.469,35.97,1081.37,1378.530029296875,2406.863037109375,103.0500030517578,17.440000534057617,79.18000030517578,10.0,0.01719171181321144
2012-04-21,6.5,28.494,63.721,37.32,65.44,0.397,0.469,35.97,1081.37,1378.530029296875,2406.863037109375,103.0500030517578,17.440000534057617,79.18000030517578,10.0,0.010228610597550869
2012-04-22,6.5,28.494,63.721,37.32,65.44,0.397,0.469,35.97,1081.37,1378.530029296875,2406.863037109375,103.0500030517578,17.440000534057617,79.18000030517578,10.0,0.002751946682110429
2012-04-23,6.28,28.177,63.353,36.91,64.41,0.388,0.453,35.13,1048.88,1366.93994140625,2388.587890625,103.11000061035156,18.96999931335449,79.41999816894531,10.0,0.003970271907746792
2012-04-24,6.39,27.986,62.355,36.75,63.23,0.381,0.479,35.37,1050.21,1371.969970703125,2388.833984375,103.5500030517578,18.100000381469727,79.22000122070312,10.0,-0.01781386509537697
2012-04-25,6.61,27.986,62.355,37.07,64.56,0.375,0.467,36.23,1058.01,1390.68994140625,2406.81298828125,104.12000274658205,16.81999969482422,79.01000213623047,10.0,-0.01079632993787527
2012-04-26,6.7,28.175,63.277,37.5,65.13,0.374,0.46,36.32,1072.33,1399.97998046875,2404.697021484375,104.5500030517578,16.239999771118164,78.91000366210938,10.0,-0.004296286962926388
2012-04-27,6.77,28.25,63.122,37.88,66.23,0.339,0.459,36.77,1072.01,1403.3599853515625,2396.31591796875,104.93000030517578,16.31999969482422,78.69999694824219,10.0,-0.0016070924466475844
2012-04-28,6.77,28.25,63.122,37.88,66.23,0.339,0.459,36.77,1072.01,1403.3599853515625,2396.31591796875,104.93000030517578,16.31999969482422,78.69999694824219,10.0,0.01231522299349308
2012-04-29,6.77,28.25,63.122,37.88,66.23,0.339,0.459,36.77,1072.01,1403.3599853515625,2396.31591796875,104.93000030517578,16.31999969482422,78.69999694824219,10.0,0.012532413937151432
2012-04-30,6.58,28.66,63.734,38.05,65.3,0.326,0.459,36.5,1067.12,1397.9100341796875,2396.31591796875,104.87000274658205,17.149999618530273,78.79000091552734,10.0,0.022949496284127235
2012-05-01,6.71,28.746,62.644,38.21,66.07,0.326,0.459,37.15,1065.32,1405.8199462890625,2396.31591796875,106.16000366210938,16.600000381469727,78.86000061035156,8.0,0.02510768547654152
2012-05-02,6.57,28.972,63.241,37.87,66.06,0.335,0.472,36.53,1061.61,1402.31005859375,2438.43603515625,105.22000122070312,16.8799991607666,79.12999725341797,8.0,0.023333141580224037
2012-05-03,6.57,28.773,62.088,36.63,65.5,0.331,0.473,36.34,1048.88,1391.5699462890625,2440.080078125,102.54000091552734,17.559999465942383,79.22000122070312,8.0,0.01341073215007782
2012-05-04,6.31,28.359,60.873,36.16,63.66,0.326,0.482,34.71,1029.23,1369.0999755859375,2452.013916015625,98.48999786376952,19.15999984741211,79.47000122070312,8.0,0.0036831775214523077
2012-05-05,6.31,28.359,60.873,36.16,63.66,0.326,0.482,34.71,1029.23,1369.0999755859375,2452.013916015625,98.48999786376952,19.15999984741211,79.47000122070312,8.0,-0.020462701097130775
2012-05-06,6.31,28.359,60.873,36.16,63.66,0.326,0.482,34.71,1029.23,1369.0999755859375,2452.013916015625,98.48999786376952,19.15999984741211,79.47000122070312,8.0,-0.01436450146138668
2012-05-07,6.31,28.359,60.873,36.16,63.66,0.326,0.482,34.71,999.87,1369.5799560546875,2451.947021484375,97.94000244140624,18.940000534057617,79.5999984741211,8.0,-0.01749761402606964
2012-05-08,6.03,27.133,58.038,35.38,63.25,0.313,0.481,33.33,965.45,1363.719970703125,2448.884033203125,97.01000213623048,19.049999237060547,79.7300033569336,8.0,-0.02900788187980652
2012-05-09,6.11,26.652,56.638,35.3,62.61,0.299,0.469,33.37,950.63,1354.5799560546875,2408.5859375,96.80999755859376,20.07999992370605,80.08000183105469,8.0,-0.05444647744297981
2012-05-10,6.1,26.965,57.483,35.08,62.9,0.299,0.476,33.51,963.08,1357.989990234375,2410.22900390625,97.08000183105467,18.82999992370605,80.11000061035156,8.0,-0.054674677550792694
2012-05-11,5.91,26.632,56.383,34.51,63.28,0.299,0.465,33.37,958.42,1353.3900146484375,2394.98193359375,96.12999725341795,19.88999938964844,80.27999877929688,8.0,-0.07795475423336029
2012-05-12,5.91,26.632,56.383,34.51,63.28,0.299,0.465,33.37,958.42,1353.3900146484375,2394.98193359375,96.12999725341795,19.88999938964844,80.27999877929688,8.0,-0.08320804685354233
2012-05-13,5.91,26.632,56.383,34.51,63.28,0.299,0.465,33.37,958.42,1353.3900146484375,2394.98193359375,96.12999725341795,19.88999938964844,80.27999877929688,8.0,-0.10433768481016159
2012-05-14,5.7,26.545,55.987,34.07,60.97,0.303,0.455,32.38,949.58,1338.3499755859375,2380.72509765625,94.77999877929688,21.8700008392334,80.5999984741211,8.0,-0.13505154848098755
2012-05-15,5.64,26.022,55.225,32.43,61.85,0.313,0.449,31.67,924.11,1330.6600341796875,2374.843017578125,93.9800033569336,21.96999931335449,81.22000122070312,8.0,-0.17144989967346191
2012-05-16,5.5,24.907,52.967,32.36,62.81,0.297,0.448,31.57,899.95,1324.800048828125,2346.19189453125,92.80999755859376,22.270000457763672,81.37000274658203,8.0,-0.174940824508667
2012-05-17,5.33,25.068,53.01,31.96,59.98,0.302,0.451,30.69,893.2,1304.8599853515625,2378.885986328125,92.55999755859376,24.489999771118164,81.37999725341797,8.0,-0.1867566853761673
2012-05-18,5.2,23.949,50.068,31.6,59.3,0.313,0.459,30.32,864.01,1295.219970703125,2344.52099609375,91.4800033569336,25.100000381469727,81.29000091552734,8.0,-0.1931048035621643
2012-05-19,5.2,23.949,50.068,31.6,59.3,0.313,0.459,30.32,864.01,1295.219970703125,2344.52099609375,91.4800033569336,25.100000381469727,81.29000091552734,8.0,-0.21539026498794556
2012-05-20,5.2,23.949,50.068,31.6,59.3,0.313,0.459,30.32,864.01,1295.219970703125,2344.52099609375,91.4800033569336,25.100000381469727,81.29000091552734,8.0,-0.23286190629005432
2012-05-21,5.3,24.598,51.083,32.35,61.69,0.323,0.455,30.42,880.85,1315.989990234375,2348.300048828125,92.56999969482422,22.01000022888184,81.08000183105469,8.0,-0.21663494408130646
2012-05-22,5.43,24.486,51.354,31.92,59.57,0.326,0.461,31.24,897.61,1316.6300048828125,2373.305908203125,91.66000366210938,22.479999542236328,81.66999816894531,8.0,-0.20029419660568237
2012-05-23,5.13,24.08,50.57,32.51,60.1,0.317,0.451,29.87,878.86,1318.8599853515625,2363.43701171875,89.9000015258789,22.32999992370605,82.08999633789062,8.0,-0.1977071613073349
2012-05-24,5.16,24.162,50.72,32.36,60.49,0.312,0.448,30.15,875.84,1320.6800537109375,2350.972900390625,90.66000366210938,21.540000915527344,82.29000091552734,8.0,-0.2054571658372879
2012-05-25,5.08,23.848,50.277,32.2,61.43,0.31,0.436,29.75,869.8,1317.8199462890625,2333.552978515625,90.86000061035156,21.76000022888184,82.4000015258789,8.0,-0.20200830698013306
2012-05-26,5.08,23.848,50.277,32.2,61.43,0.31,0.436,29.75,869.8,1317.8199462890625,2333.552978515625,90.86000061035156,21.76000022888184,82.4000015258789,8.0,-0.19112348556518555
2012-05-27,5.08,23.848,50.277,32.2,61.43,0.31,0.436,29.75,869.8,1317.8199462890625,2333.552978515625,90.86000061035156,21.76000022888184,82.4000015258789,8.0,-0.1820686310529709
2012-05-28,5.17,24.418,51.652,32.2,61.43,0.31,0.443,30.03,888.88,1317.8199462890625,2361.366943359375,90.86000061035156,21.76000022888184,82.4000015258789,8.0,-0.1634308248758316
2012-05-29,5.28,24.649,52.751,33.01,63.68,0.326,0.454,30.56,914.23,1332.4200439453125,2389.635986328125,90.76000213623048,21.030000686645508,82.44000244140625,8.0,-0.175399050116539
2012-05-30,5.09,24.156,51.31,32.2,60.78,0.317,0.46,29.16,890.99,1313.3199462890625,2384.66796875,87.81999969482422,24.13999938964844,83.01000213623047,8.0,-0.17558109760284424
2012-05-31,5.0,24.053,50.971,31.83,60.7,0.317,0.468,28.83,881.44,1310.3299560546875,2372.23388671875,86.52999877929688,24.059999465942383,83.04000091552734,8.0,-0.17094355821609497
2012-06-01,4.89,23.801,49.63,31.86,56.9,0.326,0.474,28.52,869.77,1278.0400390625,2373.43603515625,83.2300033569336,26.65999984741211,82.88999938964844,8.0,-0.20120841264724731
2012-06-02,4.89,23.801,49.63,31.86,56.9,0.326,0.474,28.52,869.77,1278.0400390625,2373.43603515625,83.2300033569336,26.65999984741211,82.88999938964844,8.0,-0.238872230052948
2012-06-03,4.89,23.801,49.63,31.86,56.9,0.326,0.474,28.52,869.77,1278.0400390625,2373.43603515625,83.2300033569336,26.65999984741211,82.88999938964844,8.0,-0.24198274314403534
2012-06-04,4.89,23.801,49.63,31.86,56.9,0.326,0.474,28.52,858.13,1278.1800537109375,2308.550048828125,83.9800033569336,26.1200008392334,82.55000305175781,8.0,-0.26861655712127686
2012-06-05,4.89,23.801,49.63,31.86,56.9,0.326,0.474,28.52,878.88,1285.5,2311.916015625,84.29000091552734,24.68000030517578,82.80000305175781,8.0,-0.2713937759399414
2012-06-06,5.13,23.87,49.611,33.44,60.51,0.362,0.465,30.76,896.82,1315.1300048828125,2309.554931640625,85.0199966430664,22.15999984741211,82.31999969482422,8.0,-0.2659548223018646
2012-06-07,5.34,24.167,50.533,33.38,60.34,0.356,0.47,31.45,902.0,1314.989990234375,2293.1298828125,84.81999969482422,21.71999931335449,82.05000305175781,8.0,-0.2579970955848694
2012-06-08,5.27,24.462,50.775,33.61,60.83,0.343,0.515,30.47,880.94,1325.6600341796875,2281.447021484375,84.0999984741211,21.229999542236328,82.51000213623047,8.0,-0.25598835945129395
2012-06-09,5.27,24.462,50.775,33.61,60.83,0.343,0.515,30.47,880.94,1325.6600341796875,2281.447021484375,84.0999984741211,21.229999542236328,82.51000213623047,8.0,-0.2493133395910263
2012-06-10,5.27,24.462,50.775,33.61,60.83,0.343,0.515,30.47,880.94,1325.6600341796875,2281.447021484375,84.0999984741211,21.229999542236328,82.51000213623047,8.0,-0.24168923497200012
2012-06-11,5.36,24.462,50.775,32.73,58.67,0.353,0.508,30.42,879.01,1308.9300537109375,2305.85595703125,82.69999694824219,23.559999465942383,82.51000213623047,8.0,-0.2450990080833435
2012-06-12,5.44,24.446,50.184,33.34,59.7,0.352,0.5,31.0,877.83,1324.1800537109375,2289.791015625,83.31999969482422,22.09000015258789,82.41000366210938,8.0,-0.24201656877994537
2012-06-13,5.24,24.521,49.977,33.13,57.74,0.353,0.503,31.39,880.17,1314.8800048828125,2318.924072265625,82.62000274658203,24.270000457763672,82.05000305175781,8.0,-0.23754799365997314
2012-06-14,5.06,24.648,50.12,33.68,57.93,0.351,0.488,30.9,878.9,1329.0999755859375,2295.946044921875,83.91000366210938,21.68000030517578,81.9000015258789,8.0,-0.24076536297798157
2012-06-15,5.1,24.825,50.628,34.11,59.28,0.363,0.496,31.79,896.39,1342.8399658203125,2306.85009765625,84.02999877929688,21.11000061035156,81.58999633789062,8.0,-0.24212954938411713
2012-06-16,5.1,24.825,50.628,34.11,59.28,0.363,0.496,31.79,896.39,1342.8399658203125,2306.85009765625,84.02999877929688,21.11000061035156,81.58999633789062,8.0,-0.2469850778579712
2012-06-17,5.1,24.825,50.628,34.11,59.28,0.363,0.496,31.79,896.39,1342.8399658203125,2306.85009765625,84.02999877929688,21.11000061035156,81.58999633789062,8.0,-0.24363522231578827
2012-06-18,4.9,25.549,53.161,34.03,60.32,0.36,0.505,31.67,899.39,1344.780029296875,2316.052001953125,83.2699966430664,18.31999969482422,81.94000244140625,8.0,-0.2506399154663086
2012-06-19,4.94,25.598,53.292,35.22,61.75,0.362,0.489,32.4,917.27,1357.97998046875,2300.794921875,84.02999877929688,18.3799991607666,81.37000274658203,8.0,-0.24798761308193207
2012-06-20,4.99,25.697,54.21,35.08,61.82,0.363,0.484,33.05,929.67,1355.68994140625,2292.876953125,81.80000305175781,17.239999771118164,81.48999786376953,8.0,-0.23162688314914703
2012-06-21,4.79,24.993,52.622,32.77,59.05,0.348,0.485,31.1,897.42,1325.510009765625,2260.876953125,78.19999694824219,20.07999992370605,82.31999969482422,8.0,-0.22817359864711761
2012-06-22,4.64,24.526,51.937,32.09,58.74,0.334,0.485,30.57,888.76,1335.02001953125,2260.876953125,79.76000213623047,18.11000061035156,82.22000122070312,8.0,-0.23378464579582214
2012-06-23,4.64,24.526,51.937,32.09,58.74,0.334,0.485,30.57,888.76,1335.02001953125,2260.876953125,79.76000213623047,18.11000061035156,82.22000122070312,8.0,-0.24204275012016296
2012-06-24,4.64,24.526,51.937,32.09,58.74,0.334,0.485,30.57,888.76,1335.02001953125,2260.876953125,79.76000213623047,18.11000061035156,82.22000122070312,8.0,-0.21846680343151093
2012-06-25,4.57,24.039,51.532,31.39,57.7,0.331,0.488,29.71,862.25,1313.719970703125,2224.114013671875,79.20999908447266,20.3799991607666,82.45999908447266,8.0,-0.23055271804332733
2012-06-26,4.51,23.834,51.307,31.4,58.47,0.331,0.464,30.21,853.15,1319.989990234375,2222.06689453125,79.36000061035156,19.71999931335449,82.37000274658203,8.0,-0.2382359355688095
2012-06-27,4.42,23.851,51.152,31.93,57.75,0.329,0.465,30.17,855.18,1331.8499755859375,2216.93408203125,80.20999908447266,19.450000762939453,82.55999755859375,8.0,-0.2206302136182785
2012-06-28,4.34,23.859,51.028,32.05,57.89,0.326,0.467,30.03,857.16,1329.0400390625,2195.843017578125,77.69000244140625,19.709999084472656,82.66999816894531,8.0,-0.21441082656383514
2012-06-29,4.42,24.893,53.283,33.85,59.64,0.335,0.481,31.15,880.96,1362.1600341796875,2225.429931640625,84.95999908447266,17.079999923706055,81.6500015258789,8.0,-0.20179709792137146
2012-06-30,4.42,24.893,53.283,33.85,59.64,0.335,0.481,31.15,880.96,1362.1600341796875,2225.429931640625,84.95999908447266,17.079999923706055,81.6500015258789,8.0,-0.20389124751091003
2012-07-01,4.42,24.893,53.283,33.85,59.64,0.335,0.481,31.15,880.96,1362.1600341796875,2225.429931640625,84.95999908447266,17.079999923706055,81.6500015258789,8.0,-0.20139501988887787
2012-07-02,4.47,25.143,53.371,33.66,60.19,0.335,0.486,31.43,882.34,1365.510009765625,2226.110107421875,83.75,16.799999237060547,81.87000274658203,8.0,-0.21126720309257507
2012-07-03,4.54,25.285,54.399,34.98,61.9,0.339,0.481,32.09,895.59,1374.02001953125,2229.19189453125,87.66000366210938,16.65999984741211,81.77999877929688,8.0,-0.21951285004615784
2012-07-04,4.63,25.79,55.808,34.98,61.9,0.347,0.492,31.68,904.43,1374.02001953125,2227.31494140625,87.66000366210938,16.65999984741211,81.77999877929688,8.0,-0.20125943422317505
2012-07-05,4.67,25.796,55.631,35.24,61.57,0.352,0.459,31.89,902.83,1367.5799560546875,2201.35302734375,87.22000122070312,17.5,82.80999755859375,8.0,-0.19852778315544128
2012-07-06,4.58,25.337,54.376,34.78,59.99,0.351,0.471,30.94,892.77,1354.6800537109375,2223.5791015625,84.44999694824219,17.100000381469727,83.29000091552734,8.0,-0.19915881752967834
2012-07-07,4.58,25.337,54.376,34.78,59.99,0.351,0.471,30.94,892.77,1354.6800537109375,2223.5791015625,84.44999694824219,17.100000381469727,83.29000091552734,8.0,-0.22375965118408203
2012-07-08,4.58,25.337,54.376,34.78,59.99,0.351,0.471,30.94,892.77,1354.6800537109375,2223.5791015625,84.44999694824219,17.100000381469727,83.29000091552734,8.0,-0.2018614560365677
2012-07-09,4.57,24.86,53.201,34.3,59.45,0.346,0.447,30.11,851.18,1352.4599609375,2170.81396484375,85.98999786376953,17.979999542236328,83.16000366210938,8.0,-0.18869122862815857
2012-07-10,4.59,24.602,52.673,32.87,58.88,0.34,0.444,30.33,846.7,1341.469970703125,2164.43798828125,83.91000366210938,18.71999931335449,83.36000061035156,8.0,-0.18216098845005035
2012-07-11,4.67,24.624,52.584,32.15,57.3,0.335,0.446,30.26,854.58,1341.449951171875,2175.383056640625,85.80999755859375,17.950000762939453,83.56999969482422,8.0,-0.1885676085948944
2012-07-12,4.55,23.826,50.661,32.15,56.53,0.322,0.458,29.44,832.97,1334.760009765625,2185.490966796875,86.08000183105469,18.32999992370605,83.6500015258789,8.0,-0.20713910460472107
2012-07-13,4.7,24.104,50.956,33.01,57.94,0.324,0.452,30.24,845.15,1356.780029296875,2185.89501953125,87.0999984741211,16.739999771118164,83.30000305175781,8.0,-0.22677239775657654
2012-07-14,4.7,24.104,50.956,33.01,57.94,0.324,0.452,30.24,845.15,1356.780029296875,2185.89501953125,87.0999984741211,16.739999771118164,83.30000305175781,8.0,-0.2225087285041809
2012-07-15,4.7,24.104,50.956,33.01,57.94,0.324,0.452,30.24,845.15,1356.780029296875,2185.89501953125,87.0999984741211,16.739999771118164,83.30000305175781,8.0,-0.2210080325603485
2012-07-16,4.71,24.376,51.433,32.55,57.32,0.325,0.422,30.02,844.07,1353.6400146484375,2147.955078125,88.43000030517578,17.110000610351562,83.08999633789062,8.0,-0.22494567930698395
2012-07-17,4.73,24.556,51.732,32.68,57.23,0.326,0.424,29.72,838.61,1363.6700439453125,2161.18603515625,89.22000122070312,16.479999542236328,83.02999877929688,8.0,-0.23541195690631866
2012-07-18,4.73,24.189,50.402,32.8,55.61,0.318,0.428,30.14,838.29,1372.780029296875,2169.09912109375,89.87000274658203,16.15999984741211,82.94999694824219,8.0,-0.2541298270225525
2012-07-19,4.82,25.07,51.251,34.19,57.53,0.325,0.432,30.38,849.98,1376.510009765625,2184.841064453125,92.66000366210938,15.449999809265137,82.9000015258789,8.0,-0.2513278126716614
2012-07-20,4.72,25.159,51.034,33.55,57.07,0.325,0.424,30.09,839.83,1362.6600341796875,2168.637939453125,91.44000244140624,16.270000457763672,83.47000122070312,8.0,-0.2477639615535736
2012-07-21,4.72,25.159,51.034,33.55,57.07,0.325,0.424,30.09,839.83,1362.6600341796875,2168.637939453125,91.44000244140624,16.270000457763672,83.47000122070312,8.0,-0.2566194236278534
2012-07-22,4.72,25.159,51.034,33.55,57.07,0.325,0.424,30.09,839.83,1362.6600341796875,2168.637939453125,91.44000244140624,16.270000457763672,83.47000122070312,8.0,-0.2392241209745407
2012-07-23,4.56,24.23,48.686,32.4,56.7,0.309,0.424,28.68,808.29,1350.52001953125,2141.402099609375,88.13999938964844,18.6200008392334,83.70999908447266,8.0,-0.23192894458770752
2012-07-24,4.46,24.45,48.751,31.47,54.84,0.298,0.432,28.48,802.26,1338.31005859375,2146.587890625,88.5,20.46999931335449,84.01000213623047,8.0,-0.2563590407371521
2012-07-25,4.48,24.59,48.444,31.22,55.14,0.295,0.426,28.43,795.56,1337.8900146484375,2136.15087890625,88.97000122070312,19.34000015258789,83.5199966430664,8.0,-0.25800931453704834
2012-07-26,4.61,24.901,48.388,32.1,56.37,0.302,0.423,29.25,801.84,1360.02001953125,2126.00390625,89.38999938964844,17.530000686645508,82.80999755859375,8.0,-0.26987960934638977
2012-07-27,4.7,25.476,50.237,33.25,58.12,0.311,0.426,28.32,825.48,1385.969970703125,2128.764892578125,90.12999725341795,16.700000762939453,82.70999908447266,8.0,-0.26899081468582153
2012-07-28,4.7,25.476,50.237,33.25,58.12,0.311,0.426,28.32,825.48,1385.969970703125,2128.764892578125,90.12999725341795,16.700000762939453,82.70999908447266,8.0,-0.31150946021080017
2012-07-29,4.7,25.476,50.237,33.25,58.12,0.311,0.426,28.32,825.48,1385.969970703125,2128.764892578125,90.12999725341795,16.700000762939453,82.70999908447266,8.0,-0.29250454902648926
2012-07-30,4.76,25.683,50.6,33.77,58.22,0.315,0.43,28.6,828.4,1385.300048828125,2109.9140625,89.77999877929688,18.030000686645508,82.79000091552734,8.0,-0.2913694679737091
2012-07-31,4.78,25.932,51.48,33.45,58.22,0.321,0.436,28.28,838.9,1379.3199462890625,2103.635009765625,88.05999755859375,18.93000030517578,82.63999938964844,8.0,-0.2928144037723541
2012-08-01,4.77,25.642,51.592,33.27,57.75,0.324,0.448,28.32,834.8,1375.3199462890625,2123.360107421875,88.91000366210938,18.959999084472656,83.05999755859375,8.0,-0.28372159600257874
2012-08-02,4.68,25.908,52.455,32.47,56.53,0.319,0.437,27.31,824.48,1365.0,2111.181884765625,87.12999725341797,17.56999969482422,83.33000183105469,8.0,-0.28587213158607483
2012-08-03,4.78,25.587,50.659,33.28,58.53,0.317,0.443,28.23,814.16,1390.989990234375,2132.7958984375,91.4000015258789,15.640000343322754,82.37999725341797,8.0,-0.2760313153266907
2012-08-04,4.78,25.587,50.659,33.28,58.53,0.317,0.443,28.23,814.16,1390.989990234375,2132.7958984375,91.4000015258789,15.640000343322754,82.37999725341797,8.0,-0.28069624304771423
2012-08-05,4.78,25.587,50.659,33.28,58.53,0.317,0.443,28.23,814.16,1390.989990234375,2132.7958984375,91.4000015258789,15.640000343322754,82.37999725341797,8.0,-0.28393277525901794
2012-08-06,4.89,26.152,52.709,34.11,59.11,0.335,0.454,28.53,825.54,1394.22998046875,2154.916015625,92.1999969482422,15.949999809265137,82.2699966430664,8.0,-0.25042426586151123
2012-08-07,5.01,26.251,53.345,35.04,60.23,0.343,0.457,29.78,837.03,1401.3499755859375,2157.6201171875,93.66999816894533,15.989999771118164,82.20999908447266,8.0,-0.23802685737609863
2012-08-08,5.04,26.381,53.449,35.38,60.18,0.339,0.453,30.14,842.82,1402.219970703125,2160.989990234375,93.3499984741211,15.31999969482422,82.38999938964844,8.0,-0.229000523686409
2012-08-09,5.14,26.834,55.425,35.76,60.87,0.346,0.456,30.06,847.05,1402.800048828125,2174.10205078125,93.36000061035156,15.279999732971191,82.63999938964844,8.0,-0.21936547756195068
2012-08-10,5.15,26.739,55.015,36.07,60.99,0.336,0.444,30.39,845.72,1405.8699951171875,2168.81396484375,92.87000274658205,14.739999771118164,82.55000305175781,8.0,-0.21655254065990448
2012-08-11,5.15,26.739,55.015,36.07,60.99,0.336,0.444,30.39,845.72,1405.8699951171875,2168.81396484375,92.87000274658205,14.739999771118164,82.55000305175781,8.0,-0.19846965372562408
2012-08-12,5.15,26.739,55.015,36.07,60.99,0.336,0.444,30.39,845.72,1405.8699951171875,2168.81396484375,92.87000274658205,14.739999771118164,82.55000305175781,8.0,-0.18434706330299377
2012-08-13,5.16,26.745,54.838,35.25,61.07,0.329,0.437,30.07,838.05,1404.1099853515625,2136.077880859375,92.7300033569336,13.699999809265137,82.44000244140625,8.0,-0.17489665746688843
2012-08-14,5.19,26.727,54.625,34.78,60.44,0.327,0.435,30.03,828.32,1403.9300537109375,2142.52392578125,93.43000030517578,14.850000381469728,82.4800033569336,8.0,-0.16429422795772552
2012-08-15,5.19,26.497,53.329,34.53,60.87,0.32,0.423,28.88,829.47,1405.530029296875,2118.945068359375,94.33000183105467,14.630000114440918,82.6500015258789,8.0,-0.16846154630184174
2012-08-16,5.24,26.726,53.025,35.08,61.2,0.321,0.423,29.5,834.95,1415.510009765625,2112.197021484375,95.5999984741211,14.289999961853027,82.36000061035156,8.0,-0.15141773223876953
2012-08-17,5.27,26.587,53.132,35.11,61.31,0.326,0.429,28.73,829.76,1418.1600341796875,2114.89111328125,96.01000213623048,13.449999809265137,82.5999984741211,8.0,-0.13908028602600098
2012-08-18,5.27,26.587,53.132,35.11,61.31,0.326,0.429,28.73,829.76,1418.1600341796875,2114.89111328125,96.01000213623048,13.449999809265137,82.5999984741211,8.0,-0.11674799770116806
2012-08-19,5.27,26.587,53.132,35.11,61.31,0.326,0.429,28.73,829.76,1418.1600341796875,2114.89111328125,96.01000213623048,13.449999809265137,82.5999984741211,8.0,-0.09486879408359528
2012-08-20,5.29,26.677,52.447,35.13,61.16,0.324,0.43,28.56,826.81,1418.1300048828125,2106.95703125,95.97000122070312,14.020000457763672,82.45999908447266,8.0,-0.08773401379585266
2012-08-21,5.41,26.974,52.561,36.25,58.86,0.335,0.435,29.72,834.98,1413.1700439453125,2118.26806640625,96.68000030517578,15.020000457763672,81.91000366210938,8.0,-0.10397063195705414
2012-08-22,5.39,26.939,52.366,36.76,57.95,0.326,0.432,28.8,826.53,1413.489990234375,2107.7109375,97.26000213623048,15.109999656677246,81.48999786376953,8.0,-0.09682037681341171
2012-08-23,5.53,26.963,52.099,36.53,56.7,0.348,0.445,29.23,826.61,1402.0799560546875,2113.072021484375,96.2699966430664,15.960000038146973,81.36000061035156,8.0,-0.1013045385479927
2012-08-24,5.52,26.623,49.657,35.89,56.4,0.339,0.444,28.3,813.57,1411.1300048828125,2092.10400390625,96.1500015258789,15.18000030517578,81.58999633789062,8.0,-0.11953297257423401
2012-08-25,5.52,26.623,49.657,35.89,56.4,0.339,0.444,28.3,813.57,1411.1300048828125,2092.10400390625,96.1500015258789,15.18000030517578,81.58999633789062,8.0,-0.14373043179512024
2012-08-26,5.52,26.623,49.657,35.89,56.4,0.339,0.444,28.3,813.57,1411.1300048828125,2092.10400390625,96.1500015258789,15.18000030517578,81.58999633789062,8.0,-0.14703038334846497
2012-08-27,5.52,26.623,49.657,35.89,56.4,0.339,0.444,28.3,810.92,1410.43994140625,2055.7080078125,95.47000122070312,16.350000381469727,81.66000366210938,8.0,-0.13951918482780457
2012-08-28,5.79,26.554,49.466,35.43,54.52,0.326,0.426,28.02,804.32,1409.300048828125,2073.154052734375,96.33000183105467,16.489999771118164,81.37000274658203,8.0,-0.10793882608413696
2012-08-29,5.56,26.216,48.189,35.35,54.73,0.322,0.422,27.3,808.09,1410.489990234375,2053.235107421875,95.48999786376952,17.059999465942383,81.55000305175781,8.0,-0.09413322061300278
2012-08-30,5.37,25.446,46.09,34.46,54.4,0.313,0.426,26.28,788.06,1399.47998046875,2052.5849609375,94.62000274658205,17.829999923706055,81.68000030517578,8.0,-0.08039192110300064
2012-08-31,5.82,25.376,46.831,35.87,54.73,0.313,0.417,26.36,794.32,1406.5799560546875,2047.52197265625,96.47000122070312,17.469999313354492,81.25,8.0,-0.05955061316490173
2012-09-01,5.82,25.376,46.831,35.87,54.73,0.313,0.417,26.36,794.32,1406.5799560546875,2047.52197265625,96.47000122070312,17.469999313354492,81.25,8.0,-0.05670520290732384
2012-09-02,5.82,25.376,46.831,35.87,54.73,0.313,0.417,26.36,794.32,1406.5799560546875,2047.52197265625,96.47000122070312,17.469999313354492,81.25,8.0,-0.06583765149116516
2012-09-03,5.87,24.885,47.058,35.87,54.73,0.325,0.421,26.74,791.96,1406.5799560546875,2059.14697265625,96.47000122070312,17.469999313354492,81.25,8.0,-0.05511592701077461
2012-09-04,5.82,24.946,47.437,35.38,54.08,0.322,0.415,26.35,786.8,1404.93994140625,2043.6490478515625,95.3000030517578,17.979999542236328,81.31999969482422,8.0,-0.05287068337202072
2012-09-05,5.9,24.473,46.335,35.02,54.06,0.315,0.416,26.5,771.5,1403.43994140625,2037.6810302734373,95.36000061035156,17.739999771118164,81.23999786376953,8.0,-0.05759221687912941
2012-09-06,5.95,24.92,47.521,36.1,55.75,0.33,0.426,27.84,801.29,1432.1199951171875,2051.91796875,95.52999877929688,15.600000381469728,81.08000183105469,8.0,-0.06207470968365669
2012-09-07,5.76,25.683,50.122,39.17,56.92,0.333,0.436,29.98,828.87,1437.9200439453125,2127.761962890625,96.41999816894533,14.380000114440918,80.25,8.0,-0.07614614814519882
2012-09-08,5.76,25.683,50.122,39.17,56.92,0.333,0.436,29.98,828.87,1437.9200439453125,2127.761962890625,96.41999816894533,14.380000114440918,80.25,8.0,-0.09956277161836624
2012-09-09,5.76,25.683,50.122,39.17,56.92,0.333,0.436,29.98,828.87,1437.9200439453125,2127.761962890625,96.41999816894533,14.380000114440918,80.25,8.0,-0.07719216495752335
2012-09-10,5.64,25.936,52.075,39.45,56.75,0.348,0.438,30.39,847.72,1429.0799560546875,2134.89306640625,96.54000091552734,16.280000686645508,80.36000061035156,8.0,-0.07108355313539505
2012-09-11,5.58,26.273,52.395,39.67,56.78,0.347,0.436,29.83,852.09,1433.56005859375,2120.553955078125,97.16999816894533,16.40999984741211,79.86000061035156,8.0,-0.07760123908519745
2012-09-12,5.52,26.59,53.131,39.84,54.68,0.352,0.44,29.08,857.13,1436.56005859375,2126.553955078125,97.01000213623048,15.800000190734863,79.73999786376953,8.0,-0.07986906915903091
2012-09-13,5.44,26.726,53.478,41.51,53.48,0.352,0.425,29.28,874.44,1459.989990234375,2110.37890625,98.30999755859376,14.050000190734863,79.26000213623047,8.0,-0.08271079510450363
2012-09-14,5.85,27.169,54.985,42.36,53.89,0.392,0.433,32.08,913.23,1465.77001953125,2123.846923828125,99.0,14.510000228881836,78.8499984741211,8.0,-0.07728853821754456
2012-09-15,5.85,27.169,54.985,42.36,53.89,0.392,0.433,32.08,913.23,1465.77001953125,2123.846923828125,99.0,14.510000228881836,78.8499984741211,8.0,-0.07281488925218582
2012-09-16,5.85,27.169,54.985,42.36,53.89,0.392,0.433,32.08,913.23,1465.77001953125,2123.846923828125,99.0,14.510000228881836,78.8499984741211,8.0,-0.05571534112095833
2012-09-17,5.74,27.664,55.498,41.14,53.46,0.393,0.427,31.42,921.35,1461.18994140625,2078.5,96.62000274658205,14.59000015258789,79.01000213623047,8.0,-0.03970792144536972
2012-09-18,5.77,27.452,55.141,41.21,52.68,0.39,0.418,30.99,917.15,1459.3199462890625,2059.54296875,95.29000091552734,14.18000030517578,79.25,8.0,-0.05677357316017151
2012-09-19,5.77,27.723,55.793,41.27,54.27,0.411,0.42,31.33,920.62,1461.050048828125,2067.8310546875,91.9800033569336,13.880000114440918,79.05999755859375,8.0,-0.05468057096004486
2012-09-20,5.69,27.195,54.401,40.66,53.58,0.396,0.398,29.93,900.2,1460.260009765625,2024.8370361328125,91.87000274658205,14.06999969482422,79.41000366210938,8.0,-0.05203009769320488
2012-09-21,5.6,27.257,54.286,40.38,53.21,0.404,0.392,29.86,888.07,1460.1500244140625,2026.68994140625,92.88999938964844,13.979999542236328,79.33000183105469,8.0,-0.05098602548241615
2012-09-22,5.6,27.257,54.286,40.38,53.21,0.404,0.392,29.86,888.07,1460.1500244140625,2026.68994140625,92.88999938964844,13.979999542236328,79.33000183105469,8.0,-0.033441707491874695
2012-09-23,5.6,27.257,54.286,40.38,53.21,0.404,0.392,29.86,888.07,1460.1500244140625,2026.68994140625,92.88999938964844,13.979999542236328,79.33000183105469,8.0,-0.02702583558857441
2012-09-24,5.47,26.922,52.777,40.01,52.87,0.402,0.398,29.07,874.33,1456.8900146484375,2033.1920166015625,91.93000030517578,14.149999618530272,79.5199966430664,8.0,-0.008826648816466331
2012-09-25,5.35,26.708,51.653,39.05,51.65,0.401,0.397,29.21,853.05,1441.5899658203125,2029.29296875,91.37000274658205,15.43000030517578,79.55000305175781,8.0,0.001147000235505402
2012-09-26,5.21,26.304,50.522,39.02,51.56,0.391,0.383,28.1,838.08,1433.3199462890625,2004.1719970703125,89.9800033569336,16.809999465942383,79.88999938964844,8.0,0.024391528218984604
2012-09-27,5.31,26.656,51.546,39.85,52.41,0.397,0.389,28.48,852.14,1447.1500244140625,2056.322998046875,91.8499984741211,14.84000015258789,79.55000305175781,8.0,0.01858353801071644
2012-09-28,5.28,26.519,51.03,39.32,52.68,0.404,0.397,27.89,845.41,1440.6700439453125,2086.1689453125,92.19000244140624,15.729999542236328,79.94000244140625,8.0,0.013069437816739082
2012-09-29,5.28,26.519,51.03,39.32,52.68,0.404,0.397,27.89,845.41,1440.6700439453125,2086.1689453125,92.19000244140624,15.729999542236328,79.94000244140625,8.0,0.008340374566614628
2012-09-30,5.28,26.519,51.03,39.32,52.68,0.404,0.397,27.89,845.41,1440.6700439453125,2086.1689453125,92.19000244140624,15.729999542236328,79.94000244140625,8.0,0.01139211654663086
2012-10-01,5.25,26.53,50.927,39.59,52.7,0.404,0.397,28.96,842.98,1444.489990234375,2086.1689453125,92.4800033569336,16.31999969482422,79.81999969482422,9.0,0.0033726044930517673
2012-10-02,5.19,26.63,51.066,39.42,53.0,0.404,0.397,28.72,839.47,1445.75,2086.1689453125,91.88999938964844,15.710000038146973,79.73999786376953,9.0,-0.013952675275504589
2012-10-03,5.19,26.408,50.562,39.15,53.01,0.408,0.397,27.75,831.87,1450.989990234375,2086.1689453125,88.13999938964844,15.43000030517578,79.97000122070312,9.0,-0.010248531587421894
2012-10-04,5.19,26.124,50.903,40.18,53.75,0.406,0.397,27.89,834.85,1461.4000244140625,2086.1689453125,91.70999908447266,14.550000190734863,79.3499984741211,9.0,-0.0061535099521279335
2012-10-05,5.16,26.239,51.511,40.24,54.35,0.418,0.397,27.77,843.53,1460.9300537109375,2086.1689453125,89.87999725341797,14.329999923706056,79.33999633789062,9.0,0.0023615295067429543
2012-10-06,5.16,26.239,51.511,40.24,54.35,0.418,0.397,27.77,843.53,1460.9300537109375,2086.1689453125,89.87999725341797,14.329999923706056,79.33999633789062,9.0,-0.00412902282550931
2012-10-07,5.16,26.239,51.511,40.24,54.35,0.418,0.397,27.77,843.53,1460.9300537109375,2086.1689453125,89.87999725341797,14.329999923706056,79.33999633789062,9.0,-0.00021841589477844536
2012-10-08,5.11,26.191,51.526,40.48,53.59,0.399,0.393,27.43,839.71,1455.8800048828125,2074.4189453125,89.33000183105469,15.109999656677246,79.54000091552734,9.0,-0.009121084585785866
2012-10-09,5.13,26.406,52.359,40.4,52.68,0.4,0.404,27.56,835.5,1441.47998046875,2115.22900390625,92.38999938964844,16.3700008392334,79.94999694824219,9.0,-0.022306112572550774
2012-10-10,5.09,26.486,52.626,39.95,51.84,0.406,0.408,27.74,824.34,1432.56005859375,2119.94189453125,91.25,16.290000915527344,79.91999816894531,9.0,-0.03702958673238754
2012-10-11,5.17,26.397,52.423,40.48,52.33,0.409,0.396,28.27,815.41,1432.8399658203125,2102.867919921875,92.06999969482422,15.59000015258789,79.77999877929688,9.0,-0.038136985152959824
2012-10-12,5.15,26.536,53.168,39.88,52.01,0.413,0.395,27.84,812.12,1428.5899658203125,2104.931884765625,91.86000061035156,16.139999389648438,79.69000244140625,9.0,-0.03513417765498161
2012-10-13,5.15,26.536,53.168,39.88,52.01,0.413,0.395,27.84,812.12,1428.5899658203125,2104.931884765625,91.86000061035156,16.139999389648438,79.69000244140625,9.0,-0.02713949792087078
2012-10-14,5.15,26.536,53.168,39.88,52.01,0.413,0.395,27.84,812.12,1428.5899658203125,2104.931884765625,91.86000061035156,16.139999389648438,79.69000244140625,9.0,-0.020714545622467995
2012-10-15,5.16,26.433,52.714,40.02,52.35,0.406,0.396,27.29,810.83,1440.1300048828125,2098.702880859375,91.8499984741211,15.270000457763672,79.73999786376953,9.0,0.004713505040854216
2012-10-16,5.2,26.27,52.17,41.2,53.8,0.409,0.395,27.67,820.82,1454.9200439453125,2098.80810546875,92.08999633789062,15.220000267028809,79.37000274658203,9.0,0.03335185348987579
2012-10-17,5.35,26.856,53.618,42.03,54.28,0.415,0.411,29.22,837.79,1460.9100341796875,2105.617919921875,92.12000274658205,15.06999969482422,79.0199966430664,9.0,0.0389786921441555
2012-10-18,5.39,27.707,56.11,42.15,55.72,0.417,0.419,28.95,854.85,1457.3399658203125,2131.68798828125,92.0999984741211,15.029999732971191,79.37000274658203,9.0,0.037964437156915665
2012-10-19,5.3,27.962,56.306,40.91,55.33,0.412,0.412,28.82,847.29,1433.18994140625,2128.302001953125,90.05000305175781,17.059999465942383,79.63999938964844,9.0,0.02882242575287819
2012-10-20,5.3,27.962,56.306,40.91,55.33,0.412,0.412,28.82,847.29,1433.18994140625,2128.302001953125,90.05000305175781,17.059999465942383,79.63999938964844,9.0,0.029373569414019585
2012-10-21,5.3,27.962,56.306,40.91,55.33,0.412,0.412,28.82,847.29,1433.18994140625,2128.302001953125,90.05000305175781,17.059999465942383,79.63999938964844,9.0,0.025395404547452927
2012-10-22,5.34,27.699,54.925,40.31,56.18,0.41,0.411,29.02,846.15,1433.8199462890625,2132.758056640625,88.7300033569336,16.6200008392334,79.6500015258789,9.0,0.044896285980939865
2012-10-23,5.21,27.62,54.693,38.72,55.43,0.41,0.412,28.15,827.02,1413.1099853515625,2114.447021484375,86.66999816894531,18.82999992370605,79.9800033569336,9.0,0.03460051119327545
2012-10-24,5.25,27.475,54.633,38.53,55.01,0.41,0.404,28.58,824.85,1408.75,2115.989990234375,85.7300033569336,18.32999992370605,79.97000122070312,9.0,0.0064651621505618095
2012-10-25,5.27,27.499,54.814,38.93,55.09,0.41,0.409,28.43,823.87,1412.969970703125,2101.580078125,86.05000305175781,18.1200008392334,80.04000091552734,9.0,0.01561370212584734
2012-10-26,5.28,27.164,53.959,38.81,55.29,0.39,0.411,29.57,815.15,1411.93994140625,2066.208984375,86.27999877929688,17.809999465942383,80.06999969482422,9.0,0.0076175881549716
2012-10-27,5.28,27.164,53.959,38.81,55.29,0.39,0.411,29.57,815.15,1411.93994140625,2066.208984375,86.27999877929688,17.809999465942383,80.06999969482422,9.0,0.0005806902190670371
2012-10-28,5.28,27.164,53.959,38.81,55.29,0.39,0.411,29.57,815.15,1411.93994140625,2066.208984375,86.27999877929688,17.809999465942383,80.06999969482422,9.0,0.0035511257592588663
2012-10-29,5.24,27.03,54.188,38.81,55.29,0.4,0.396,29.18,809.47,1411.93994140625,2058.943115234375,86.27999877929688,17.809999465942383,80.06999969482422,9.0,0.005738908890634775
2012-10-30,5.27,27.216,54.278,38.81,55.29,0.403,0.398,29.56,813.28,1411.93994140625,2062.346923828125,86.27999877929688,17.809999465942383,80.06999969482422,9.0,0.01944964937865734
2012-10-31,5.27,27.48,54.433,38.62,55.11,0.403,0.404,29.14,816.36,1412.1600341796875,2068.8798828125,86.23999786376953,18.600000381469727,79.91999816894531,9.0,0.017778072506189346
2012-11-01,5.29,27.2,53.903,40.23,56.79,0.406,0.409,29.66,827.98,1427.5899658203125,2104.427001953125,87.08999633789062,16.690000534057617,80.05000305175781,9.0,0.018115341663360596
2012-11-02,5.29,27.504,54.631,39.0,56.23,0.405,0.405,29.47,819.23,1414.199951171875,2117.0458984375,84.86000061035156,17.59000015258789,80.58999633789062,9.0,0.02175881899893284
2012-11-03,5.29,27.504,54.631,39.0,56.23,0.405,0.405,29.47,819.23,1414.199951171875,2117.0458984375,84.86000061035156,17.59000015258789,80.58999633789062,9.0,0.015379020944237709
2012-11-04,5.29,27.504,54.631,39.0,56.23,0.405,0.405,29.47,819.23,1414.199951171875,2117.0458984375,84.86000061035156,17.59000015258789,80.58999633789062,9.0,0.02947111241519451
2012-11-05,5.25,27.902,56.217,39.2,56.81,0.396,0.4,29.33,813.85,1417.260009765625,2114.027099609375,85.6500015258789,18.420000076293945,80.75,9.0,0.023433856666088104
2012-11-06,5.29,28.08,57.187,40.08,57.02,0.397,0.396,29.34,819.9,1428.3900146484375,2105.9990234375,88.70999908447266,17.579999923706055,80.61000061035156,9.0,0.007460371125489473
2012-11-07,5.18,28.152,57.535,39.03,55.51,0.422,0.401,28.45,807.08,1394.530029296875,2105.72998046875,84.44000244140625,19.07999992370605,80.76000213623047,9.0,0.01688130758702755
2012-11-08,5.18,27.892,56.89,38.41,54.49,0.412,0.385,28.59,799.5,1377.510009765625,2071.509033203125,85.08999633789062,18.489999771118164,80.79000091552734,9.0,-0.0023512134794145823
2012-11-09,5.14,27.675,56.16,38.1,54.21,0.417,0.38,28.16,791.09,1379.8499755859375,2069.06689453125,86.06999969482422,18.61000061035156,81.02999877929688,9.0,-0.008518330752849579
2012-11-10,5.14,27.675,56.16,38.1,54.21,0.417,0.38,28.16,791.09,1379.8499755859375,2069.06689453125,86.06999969482422,18.61000061035156,81.02999877929688,9.0,-7.320158329093829e-05
2012-11-11,5.14,27.675,56.16,38.1,54.21,0.417,0.38,28.16,791.09,1379.8499755859375,2069.06689453125,86.06999969482422,18.61000061035156,81.02999877929688,9.0,-0.006583100650459528
2012-11-12,5.08,27.66,56.344,38.38,55.11,0.414,0.388,27.55,803.97,1380.030029296875,2079.27294921875,85.56999969482422,16.68000030517578,81.04000091552734,9.0,-0.012712548486888409
2012-11-13,5.09,27.227,55.433,38.12,55.65,0.406,0.382,26.67,790.18,1374.530029296875,2047.8890380859373,85.37999725341797,16.649999618530273,81.08000183105469,9.0,-0.01392790861427784
2012-11-14,5.0,27.065,55.308,37.16,54.34,0.409,0.39,25.95,777.15,1355.489990234375,2055.4189453125,86.31999969482422,17.920000076293945,81.05999755859375,9.0,-0.016675101593136787
2012-11-15,4.92,26.465,54.098,37.03,54.08,0.404,0.371,25.48,767.78,1353.3299560546875,2030.2900390625,85.44999694824219,17.989999771118164,81.08000183105469,9.0,-0.032135672867298126
2012-11-16,4.86,26.339,54.227,36.55,54.31,0.399,0.364,25.1,763.22,1359.8800048828125,2014.7249755859373,86.66999816894531,16.40999984741211,81.26000213623047,9.0,-0.049101561307907104
2012-11-17,4.86,26.339,54.227,36.55,54.31,0.399,0.364,25.1,763.22,1359.8800048828125,2014.7249755859373,86.66999816894531,16.40999984741211,81.26000213623047,9.0,-0.03300173580646515
2012-11-18,4.86,26.339,54.227,36.55,54.31,0.399,0.364,25.1,763.22,1359.8800048828125,2014.7249755859373,86.66999816894531,16.40999984741211,81.26000213623047,9.0,-0.021709829568862915
2012-11-19,4.95,26.738,54.401,38.03,56.38,0.404,0.368,25.84,778.17,1386.8900146484375,2016.9820556640625,89.27999877929688,15.239999771118164,80.87000274658203,9.0,-0.007435186300426722
2012-11-20,5.03,26.976,55.018,38.01,56.41,0.403,0.368,25.62,782.32,1387.81005859375,2008.9229736328125,86.75,15.079999923706056,80.95999908447266,9.0,0.0055419085547327995
2012-11-21,5.08,26.748,54.406,38.02,56.41,0.406,0.373,25.47,778.1,1391.030029296875,2030.3189697265625,87.37999725341797,15.3100004196167,80.93000030517578,9.0,-0.022627096623182297
2012-11-22,5.17,27.067,54.64,38.02,56.41,0.405,0.365,25.79,787.06,1391.030029296875,2015.6109619140625,87.37999725341797,15.3100004196167,80.93000030517578,9.0,-0.034872960299253464
2012-11-23,5.24,27.3,55.11,38.62,57.54,0.404,0.364,26.17,798.9,1409.1500244140625,2027.384033203125,88.27999877929688,15.140000343322754,80.19000244140625,9.0,-0.01276392675936222
2012-11-24,5.24,27.3,55.11,38.62,57.54,0.404,0.364,26.17,798.9,1409.1500244140625,2027.384033203125,88.27999877929688,15.140000343322754,80.19000244140625,9.0,-0.00922083668410778
2012-11-25,5.24,27.3,55.11,38.62,57.54,0.404,0.364,26.17,798.9,1409.1500244140625,2027.384033203125,88.27999877929688,15.140000343322754,80.19000244140625,9.0,0.008073138073086739
2012-11-26,5.19,27.513,55.144,38.58,57.49,0.404,0.362,26.17,805.25,1406.2900390625,2017.4639892578125,87.73999786376953,15.5,80.25,9.0,0.02195127308368683
2012-11-27,5.17,27.633,55.624,38.24,57.91,0.401,0.342,26.08,814.79,1398.93994140625,1991.1650390625,87.18000030517578,15.920000076293944,80.4000015258789,9.0,0.03064114972949028
2012-11-28,5.11,27.547,54.736,38.31,59.19,0.4,0.323,25.95,805.41,1409.9300537109375,1973.52294921875,86.48999786376953,15.510000228881836,80.33999633789062,9.0,0.0387105867266655
2012-11-29,5.23,27.601,54.968,39.0,60.17,0.397,0.318,26.87,813.9,1415.949951171875,1963.488037109375,88.06999969482422,15.0600004196167,80.19999694824219,9.0,0.0362158864736557
2012-11-30,5.27,27.733,56.45,38.75,59.79,0.403,0.323,26.34,813.59,1416.1800537109375,1980.116943359375,88.91000366210938,15.869999885559082,80.1500015258789,9.0,0.02266523987054825
2012-12-01,5.27,27.733,56.45,38.75,59.79,0.403,0.323,26.34,813.59,1416.1800537109375,1980.116943359375,88.91000366210938,15.869999885559082,80.1500015258789,7.0,0.02619040198624134
2012-12-02,5.27,27.733,56.45,38.75,59.79,0.403,0.323,26.34,813.59,1416.1800537109375,1980.116943359375,88.91000366210938,15.869999885559082,80.1500015258789,7.0,0.02346377819776535
2012-12-03,5.26,27.833,56.205,38.15,58.83,0.399,0.309,26.62,810.44,1409.4599609375,1959.7669677734373,89.08999633789062,16.639999389648438,79.87999725341797,7.0,0.02813810110092163
2012-12-04,5.23,27.739,56.349,38.03,58.96,0.395,0.311,26.56,809.67,1407.050048828125,1975.1429443359373,88.5,17.1200008392334,79.63999938964844,7.0,0.02852775529026985
2012-12-05,5.22,27.721,57.169,31.95,59.14,0.392,0.323,27.21,815.14,1409.280029296875,2031.906982421875,87.87999725341797,16.459999084472656,79.7699966430664,7.0,0.02453778125345707
2012-12-06,5.28,27.906,57.9,30.61,59.18,0.395,0.318,27.61,814.28,1413.93994140625,2029.237060546875,86.26000213623047,16.579999923706055,80.26000213623047,7.0,0.020477965474128723
2012-12-07,5.27,28.174,58.142,31.49,59.2,0.396,0.334,27.58,812.12,1418.0699462890625,2061.785888671875,85.93000030517578,15.899999618530272,80.41999816894531,7.0,0.009702752344310284
2012-12-08,5.27,28.174,58.142,31.49,59.2,0.396,0.334,27.58,812.12,1418.0699462890625,2061.785888671875,85.93000030517578,15.899999618530272,80.41999816894531,7.0,-0.0018666046671569347
2012-12-09,5.27,28.174,58.142,31.49,59.2,0.396,0.334,27.58,812.12,1418.0699462890625,2061.785888671875,85.93000030517578,15.899999618530272,80.41999816894531,7.0,0.0008688851376064122
2012-12-10,5.29,28.341,59.228,31.83,59.76,0.397,0.339,27.7,824.89,1418.550048828125,2083.77001953125,85.55999755859375,16.049999237060547,80.33000183105469,7.0,0.006345926783978939
2012-12-11,5.32,28.835,59.932,31.78,59.9,0.396,0.336,28.05,834.96,1427.8399658203125,2074.7041015625,85.79000091552734,15.56999969482422,80.05999755859375,7.0,0.00844767689704895
2012-12-12,5.36,29.186,60.487,32.31,59.39,0.401,0.341,28.86,835.32,1428.47998046875,2082.72607421875,86.7699966430664,15.949999809265137,79.88999938964844,7.0,0.009372706525027752
2012-12-13,5.37,29.31,60.872,32.27,59.27,0.404,0.333,28.41,828.71,1419.449951171875,2061.47607421875,85.88999938964844,16.559999465942383,79.93000030517578,7.0,0.013225391507148743
2012-12-14,5.42,29.462,61.312,33.56,59.37,0.406,0.35,28.04,840.92,1413.5799560546875,2150.625,86.7300033569336,17.0,79.5999984741211,7.0,0.016212744638323784
2012-12-15,5.42,29.462,61.312,33.56,59.37,0.406,0.35,28.04,840.92,1413.5799560546875,2150.625,86.7300033569336,17.0,79.5999984741211,7.0,0.019333600997924805
2012-12-16,5.42,29.462,61.312,33.56,59.37,0.406,0.35,28.04,840.92,1413.5799560546875,2150.625,86.7300033569336,17.0,79.5999984741211,7.0,0.01758917048573494
2012-12-17,5.43,29.665,61.765,33.42,60.19,0.404,0.35,28.56,847.82,1430.3599853515625,2160.342041015625,87.19999694824219,16.34000015258789,79.56999969482422,7.0,0.028098493814468384
2012-12-18,5.45,29.856,62.781,33.77,61.79,0.403,0.353,29.23,856.55,1446.7900390625,2162.464111328125,87.93000030517578,15.56999969482422,79.36000061035156,7.0,0.01908724009990692
2012-12-19,5.46,30.038,63.458,33.73,62.02,0.405,0.363,29.2,864.11,1435.81005859375,2162.239013671875,89.51000213623047,17.360000610351562,79.25,7.0,0.01801871322095394
2012-12-20,5.42,30.025,63.068,33.76,62.05,0.396,0.38,29.16,855.41,1443.68994140625,2168.35302734375,90.12999725341795,17.670000076293945,79.26000213623047,7.0,0.010761495679616928
2012-12-21,5.42,29.519,62.044,33.36,61.66,0.382,0.369,28.83,839.63,1430.1500244140625,2153.31005859375,88.66000366210938,17.84000015258789,79.62000274658203,7.0,0.01052064448595047
2012-12-22,5.42,29.519,62.044,33.36,61.66,0.382,0.369,28.83,839.63,1430.1500244140625,2153.31005859375,88.66000366210938,17.84000015258789,79.62000274658203,7.0,0.002990002976730466
2012-12-23,5.42,29.519,62.044,33.36,61.66,0.382,0.369,28.83,839.63,1430.1500244140625,2153.31005859375,88.66000366210938,17.84000015258789,79.62000274658203,7.0,-0.005672017578035593
2012-12-24,5.45,29.531,61.895,33.28,61.93,0.391,0.369,28.8,833.44,1426.6600341796875,2159.052978515625,88.61000061035156,17.84000015258789,79.63999938964844,7.0,-0.031209321692585945
2012-12-25,5.45,29.531,61.895,33.28,61.93,0.391,0.369,28.8,833.81,1426.6600341796875,2213.611083984375,88.61000061035156,17.84000015258789,79.63999938964844,7.0,-0.0666135773062706
2012-12-26,5.45,29.531,61.895,33.28,61.93,0.391,0.369,28.8,837.44,1419.8299560546875,2219.132080078125,90.9800033569336,19.479999542236328,79.62000274658203,7.0,-0.058195289224386215
2012-12-27,5.49,29.675,62.562,33.46,61.7,0.391,0.369,29.36,843.88,1418.0999755859375,2205.89697265625,90.87000274658205,19.46999931335449,79.62000274658203,7.0,-0.054815929383039474
2012-12-28,5.45,29.998,63.582,32.92,60.89,0.391,0.369,29.23,848.05,1402.4300537109375,2233.251953125,90.8000030517578,22.71999931335449,79.68000030517578,7.0,-0.0668761283159256
2012-12-29,5.45,29.998,63.582,32.92,60.89,0.391,0.369,29.23,848.05,1402.4300537109375,2233.251953125,90.8000030517578,22.71999931335449,79.68000030517578,7.0,-0.07356522977352142
2012-12-30,5.45,29.998,63.582,32.92,60.89,0.391,0.369,29.23,848.05,1402.4300537109375,2233.251953125,90.8000030517578,22.71999931335449,79.68000030517578,7.0,-0.06603100895881653
2012-12-31,5.44,29.824,63.225,33.97,62.12,0.394,0.369,29.23,857.76,1426.18994140625,2269.1279296875,91.81999969482422,18.020000457763672,79.7699966430664,7.0,-0.07597851008176804
2013-01-01,5.44,29.824,63.225,33.97,62.12,0.394,0.369,29.23,857.76,1426.18994140625,2269.1279296875,91.81999969482422,18.020000457763672,79.7699966430664,8.0,-0.0783030167222023
2013-01-02,5.83,30.741,65.453,34.94,64.3,0.404,0.369,30.93,885.38,1462.4200439453125,2269.1279296875,93.12000274658205,14.68000030517578,79.8499984741211,8.0,-0.07836634665727615
2013-01-03,5.79,30.877,66.781,34.62,63.88,0.408,0.369,30.81,893.7,1459.3699951171875,2269.1279296875,92.91999816894533,14.5600004196167,80.43000030517578,8.0,-0.07828526198863983
2013-01-04,5.83,30.724,66.195,35.26,64.63,0.397,0.406,30.55,892.63,1466.469970703125,2276.991943359375,93.08999633789062,13.829999923706056,80.5,8.0,-0.0643441304564476
2013-01-05,5.83,30.724,66.195,35.26,64.63,0.397,0.406,30.55,892.63,1466.469970703125,2276.991943359375,93.08999633789062,13.829999923706056,80.5,8.0,-0.05610363557934761
2013-01-06,5.83,30.724,66.195,35.26,64.63,0.397,0.406,30.55,892.63,1466.469970703125,2276.991943359375,93.08999633789062,13.829999923706056,80.5,8.0,-0.04484020546078682
2013-01-07,5.83,30.713,65.233,35.13,64.95,0.397,0.395,30.61,911.55,1461.8900146484375,2285.364013671875,93.19000244140624,13.789999961853027,80.26000213623047,8.0,-0.050704240798950195
2013-01-08,5.76,30.459,64.453,34.74,63.77,0.395,0.397,30.92,892.33,1457.1500244140625,2276.070068359375,93.1500015258789,13.619999885559082,80.3499984741211,8.0,-0.06700100004673004
2013-01-09,5.88,30.555,64.724,34.99,64.12,0.397,0.402,31.05,899.6,1461.02001953125,2275.340087890625,93.0999984741211,13.8100004196167,80.55999755859375,8.0,-0.0651455745100975
2013-01-10,5.96,30.657,65.518,35.37,64.17,0.397,0.396,31.81,887.74,1472.1199951171875,2283.656982421875,93.81999969482422,13.489999771118164,79.73999786376953,8.0,-0.04980717971920967
2013-01-11,6.02,29.88,63.867,34.77,63.97,0.399,0.378,31.28,877.0,1472.050048828125,2242.9970703125,93.55999755859376,13.359999656677246,79.55999755859375,8.0,-0.05593949183821678
2013-01-12,6.02,29.88,63.867,34.77,63.97,0.399,0.378,31.28,877.0,1472.050048828125,2242.9970703125,93.55999755859376,13.359999656677246,79.55999755859375,8.0,-0.0448012538254261
2013-01-13,6.02,29.88,63.867,34.77,63.97,0.399,0.378,31.28,877.0,1472.050048828125,2242.9970703125,93.55999755859376,13.359999656677246,79.55999755859375,8.0,-0.041800666600465775
2013-01-14,6.0,29.881,64.246,34.49,64.63,0.399,0.393,31.09,878.83,1470.6800537109375,2311.739990234375,94.13999938964844,13.520000457763672,79.48999786376953,8.0,-0.057954106479883194
2013-01-15,6.01,29.852,64.164,34.38,65.1,0.399,0.401,29.91,879.38,1472.3399658203125,2325.681884765625,93.27999877929688,13.550000190734863,79.77999877929688,8.0,-0.093535877764225
2013-01-16,5.8,29.642,63.866,34.02,64.61,0.408,0.402,28.89,877.19,1472.6300048828125,2309.4990234375,94.23999786376952,13.420000076293944,79.80000305175781,8.0,-0.10845005512237549
2013-01-17,5.79,29.64,62.779,33.86,65.26,0.405,0.391,28.73,877.34,1480.93994140625,2284.908935546875,95.48999786376952,13.56999969482422,79.6500015258789,8.0,-0.11538777500391006
2013-01-18,5.74,29.666,64.254,33.42,64.44,0.41,0.396,28.41,878.21,1485.97998046875,2317.070068359375,95.55999755859376,12.460000038146973,80.05000305175781,8.0,-0.12372775375843048
2013-01-19,5.74,29.666,64.254,33.42,64.44,0.41,0.396,28.41,878.21,1485.97998046875,2317.070068359375,95.55999755859376,12.460000038146973,80.05000305175781,8.0,-0.13546043634414673
2013-01-20,5.74,29.666,64.254,33.42,64.44,0.41,0.396,28.41,878.21,1485.97998046875,2317.070068359375,95.55999755859376,12.460000038146973,80.05000305175781,8.0,-0.14211365580558777
2013-01-21,5.8,29.716,64.387,33.42,64.44,0.408,0.411,28.55,878.97,1485.97998046875,2328.220947265625,95.55999755859376,12.460000038146973,80.05000305175781,8.0,-0.1166108250617981
2013-01-22,5.8,29.892,65.128,34.96,64.33,0.41,0.395,28.57,879.56,1492.56005859375,2315.138916015625,96.23999786376952,12.43000030517578,79.87000274658203,8.0,-0.11720086634159088
2013-01-23,5.79,30.25,64.626,34.79,64.67,0.406,0.389,28.12,873.17,1494.81005859375,2320.910888671875,95.2300033569336,12.460000038146973,79.91999816894531,8.0,-0.10843256115913391
2013-01-24,5.85,30.036,63.841,34.42,62.11,0.399,0.377,28.4,858.59,1494.8199462890625,2302.597900390625,95.9499969482422,12.6899995803833,79.94999694824219,8.0,-0.1075703352689743
2013-01-25,5.91,29.907,63.449,34.64,62.43,0.388,0.395,28.3,863.95,1502.9599609375,2291.303955078125,95.87999725341795,12.890000343322754,79.75,8.0,-0.09912212193012238
2013-01-26,5.91,29.907,63.449,34.64,62.43,0.388,0.395,28.3,863.95,1502.9599609375,2291.303955078125,95.87999725341795,12.890000343322754,79.75,8.0,-0.0756436139345169
2013-01-27,5.91,29.907,63.449,34.64,62.43,0.388,0.395,28.3,863.95,1502.9599609375,2291.303955078125,95.87999725341795,12.890000343322754,79.75,8.0,-0.06025698781013489
2013-01-28,5.84,29.907,63.449,34.34,63.16,0.388,0.398,27.91,852.42,1500.1800537109375,2346.5048828125,96.44000244140624,13.56999969482422,79.77999877929688,8.0,-0.04119721055030823
2013-01-29,5.95,30.116,63.859,34.78,63.19,0.387,0.404,28.88,851.95,1507.8399658203125,2358.97705078125,97.56999969482422,13.3100004196167,79.55999755859375,8.0,-0.03884945064783096
2013-01-30,5.92,30.306,64.424,34.93,62.49,0.385,0.409,28.28,849.37,1501.9599609375,2382.47509765625,97.94000244140624,14.31999969482422,79.27999877929688,8.0,-0.027258485555648804
2013-01-31,5.94,30.213,63.738,35.02,61.31,0.386,0.411,28.4,852.2,1498.1099853515625,2385.422119140625,97.48999786376952,14.279999732971191,79.20999908447266,8.0,-0.03275258466601372
2013-02-01,5.95,30.518,64.439,35.49,61.75,0.386,0.405,29.11,856.95,1513.1700439453125,2419.02001953125,97.7699966430664,12.899999618530272,79.12999725341797,8.0,-0.03923015296459198
2013-02-02,5.95,30.518,64.439,35.49,61.75,0.386,0.405,29.11,856.95,1513.1700439453125,2419.02001953125,97.7699966430664,12.899999618530272,79.12999725341797,8.0,-0.033353958278894424
2013-02-03,5.95,30.518,64.439,35.49,61.75,0.386,0.405,29.11,856.95,1513.1700439453125,2419.02001953125,97.7699966430664,12.899999618530272,79.12999725341797,8.0,-0.022153088822960854
2013-02-04,5.81,30.52,65.391,35.11,61.6,0.382,0.419,28.8,851.82,1495.7099609375,2428.154052734375,96.16999816894533,14.670000076293944,79.55000305175781,8.0,-0.008346262387931347
2013-02-05,5.73,29.859,64.427,35.46,62.27,0.378,0.413,28.72,847.18,1511.2900390625,2433.1298828125,96.63999938964844,13.720000267028809,79.48999786376953,8.0,-0.02570378966629505
2013-02-06,5.8,29.944,64.737,35.85,62.03,0.375,0.414,28.92,846.05,1512.1199951171875,2434.47705078125,96.62000274658205,13.40999984741211,79.72000122070312,8.0,-0.042891502380371094
2013-02-07,5.75,29.928,65.048,35.45,61.58,0.369,0.406,28.91,840.27,1509.3900146484375,2418.530029296875,95.83000183105467,13.5,80.19000244140625,8.0,-0.052551161497831345
2013-02-08,5.79,30.284,66.176,35.4,62.66,0.364,0.41,29.59,839.97,1517.9300537109375,2432.402099609375,95.72000122070312,13.020000457763672,80.25,8.0,-0.04625675454735756
2013-02-09,5.79,30.284,66.176,35.4,62.66,0.364,0.41,29.59,839.97,1517.9300537109375,2432.402099609375,95.72000122070312,13.020000457763672,80.25,8.0,-0.044914957135915756
2013-02-10,5.79,30.284,66.176,35.4,62.66,0.364,0.41,29.59,839.97,1517.9300537109375,2432.402099609375,95.72000122070312,13.020000457763672,80.25,8.0,-0.017920702695846558
2013-02-11,5.76,29.909,65.63,35.1,62.76,0.364,0.41,29.31,840.32,1517.010009765625,2432.402099609375,97.02999877929688,12.9399995803833,80.30999755859375,8.0,-0.03854680061340332
2013-02-12,5.74,29.962,65.558,35.43,62.7,0.364,0.41,29.43,844.3,1519.4300537109375,2432.402099609375,97.51000213623048,12.640000343322754,80.11000061035156,8.0,-0.04320878908038139
2013-02-13,5.84,30.413,67.331,35.4,66.15,0.364,0.41,29.71,844.79,1520.3299560546875,2432.402099609375,97.01000213623048,12.979999542236328,80.08999633789062,8.0,-0.041967783123254776
2013-02-14,5.81,31.154,68.79,35.3,65.41,0.366,0.41,29.62,849.65,1521.3800048828125,2432.402099609375,97.30999755859376,12.65999984741211,80.45999908447266,8.0,-0.036308348178863525
2013-02-15,5.79,30.756,66.615,34.81,65.42,0.361,0.41,30.04,843.68,1519.7900390625,2432.402099609375,95.86000061035156,12.460000038146973,80.58000183105469,8.0,-0.03320528194308281
2013-02-16,5.79,30.756,66.615,34.81,65.42,0.361,0.41,30.04,843.68,1519.7900390625,2432.402099609375,95.86000061035156,12.460000038146973,80.58000183105469,8.0,-0.024760928004980087
2013-02-17,5.79,30.756,66.615,34.81,65.42,0.361,0.41,30.04,843.68,1519.7900390625,2432.402099609375,95.86000061035156,12.460000038146973,80.58000183105469,8.0,-0.029021229594945908
2013-02-18,5.75,30.826,67.331,34.81,65.42,0.347,0.418,29.12,845.95,1519.7900390625,2421.55810546875,95.86000061035156,12.460000038146973,80.58000183105469,8.0,-0.0008671475807204843
2013-02-19,5.76,31.227,67.269,34.03,65.84,0.349,0.408,29.22,839.5,1530.93994140625,2382.9140625,96.66000366210938,12.3100004196167,80.47000122070312,8.0,0.003893465269356966
2013-02-20,5.55,30.657,65.58,32.01,64.06,0.352,0.415,28.22,815.97,1511.949951171875,2397.177978515625,94.45999908447266,14.68000030517578,81.08999633789062,8.0,-0.006174156907945871
2013-02-21,5.39,29.455,63.543,32.13,64.13,0.34,0.399,27.85,799.11,1502.4200439453125,2325.950927734375,92.83999633789062,15.220000267028809,81.45999908447266,8.0,-0.021823866292834282
2013-02-22,5.4,29.425,63.444,32.24,65.0,0.344,0.404,27.96,800.8,1515.5999755859375,2314.1640625,93.12999725341795,14.170000076293944,81.4800033569336,8.0,-0.020982004702091217
2013-02-23,5.4,29.425,63.444,32.24,65.0,0.344,0.404,27.96,800.8,1515.5999755859375,2314.1640625,93.12999725341795,14.170000076293944,81.4800033569336,8.0,-0.03365464136004448
2013-02-24,5.4,29.425,63.444,32.24,65.0,0.344,0.404,27.96,800.8,1515.5999755859375,2314.1640625,93.12999725341795,14.170000076293944,81.4800033569336,8.0,-0.05473554879426956
2013-02-25,5.52,29.275,62.53,31.3,63.4,0.342,0.4,28.53,795.23,1487.8499755859375,2325.819091796875,93.11000061035156,18.989999771118164,81.66999816894531,8.0,-0.06804046034812927
2013-02-26,5.52,28.751,61.794,31.72,63.86,0.336,0.385,27.84,784.99,1496.93994140625,2293.341064453125,92.62999725341795,16.8700008392334,81.87000274658203,8.0,-0.08716954290866852
2013-02-27,5.57,29.034,62.239,32.06,65.22,0.342,0.39,28.1,798.99,1515.989990234375,2313.219970703125,92.76000213623048,14.729999542236328,81.5999984741211,8.0,-0.08806029707193375
2013-02-28,5.6,29.281,63.103,31.71,65.08,0.344,0.411,27.67,798.01,1514.6800537109375,2365.593017578125,92.0500030517578,15.510000228881836,81.9800033569336,8.0,-0.08895096927881241
2013-03-01,5.4,29.07,62.129,31.28,64.29,0.342,0.413,27.13,777.65,1518.199951171875,2359.506103515625,90.68000030517578,15.359999656677246,82.30999755859375,7.0,-0.08978774398565292
2013-03-02,5.4,29.07,62.129,31.28,64.29,0.342,0.413,27.13,777.65,1518.199951171875,2359.506103515625,90.68000030517578,15.359999656677246,82.30999755859375,7.0,-0.11269226670265198
2013-03-03,5.4,29.07,62.129,31.28,64.29,0.342,0.413,27.13,777.65,1518.199951171875,2359.506103515625,90.68000030517578,15.359999656677246,82.30999755859375,7.0,-0.11314921081066132
2013-03-04,5.33,28.049,59.803,31.19,63.59,0.335,0.394,26.54,767.38,1525.199951171875,2273.404052734375,90.12000274658205,14.010000228881836,82.22000122070312,7.0,-0.11542671173810959
2013-03-05,5.64,28.085,60.12,31.33,63.56,0.339,0.399,26.98,771.99,1539.7900390625,2326.305908203125,90.81999969482422,13.479999542236328,82.08999633789062,7.0,-0.11611060053110123
2013-03-06,5.54,28.335,59.567,32.62,64.63,0.331,0.415,26.33,782.31,1541.4599609375,2347.178955078125,90.43000030517578,13.529999732971191,82.45999908447266,7.0,-0.11290845274925232
2013-03-07,5.51,28.443,59.822,32.86,64.21,0.335,0.413,26.39,786.51,1544.260009765625,2324.29296875,91.55999755859376,13.0600004196167,82.08000183105469,7.0,-0.10432696342468262
2013-03-08,5.5,28.557,60.678,33.06,65.61,0.336,0.414,26.21,786.05,1551.1800537109375,2318.611083984375,91.9499969482422,12.59000015258789,82.69999694824219,7.0,-0.0939021036028862
2013-03-09,5.5,28.557,60.678,33.06,65.61,0.336,0.414,26.21,786.05,1551.1800537109375,2318.611083984375,91.9499969482422,12.59000015258789,82.69999694824219,7.0,-0.07492712140083313
2013-03-10,5.5,28.557,60.678,33.06,65.61,0.336,0.414,26.21,786.05,1551.1800537109375,2318.611083984375,91.9499969482422,12.59000015258789,82.69999694824219,7.0,-0.061745986342430115
2013-03-11,5.52,28.482,59.781,33.08,65.42,0.338,0.423,26.35,784.78,1556.219970703125,2310.593017578125,92.05999755859376,11.5600004196167,82.56999969482422,7.0,-0.06316876411437988
2013-03-12,5.54,28.47,58.885,33.22,64.9,0.334,0.381,26.44,782.21,1552.47998046875,2286.60498046875,92.54000091552734,12.270000457763672,82.58000183105469,7.0,-0.05372603237628937
2013-03-13,5.51,28.598,58.925,32.86,64.98,0.329,0.367,26.35,772.88,1554.52001953125,2263.968017578125,92.5199966430664,11.829999923706056,82.88999938964844,7.0,-0.04858884960412979
2013-03-14,5.59,28.178,58.077,32.94,65.56,0.324,0.37,26.69,767.43,1563.22998046875,2270.277099609375,93.02999877929688,11.300000190734863,82.61000061035156,7.0,-0.03210768848657608
2013-03-15,5.58,28.608,58.776,33.58,63.21,0.329,0.367,27.16,773.37,1560.699951171875,2278.40087890625,93.4499969482422,11.300000190734863,82.26000213623047,7.0,-0.041400592774152756
2013-03-16,5.58,28.608,58.776,33.58,63.21,0.329,0.367,27.16,773.37,1560.699951171875,2278.40087890625,93.4499969482422,11.300000190734863,82.26000213623047,7.0,-0.025866219773888588
2013-03-17,5.58,28.608,58.776,33.58,63.21,0.329,0.367,27.16,773.37,1560.699951171875,2278.40087890625,93.4499969482422,11.300000190734863,82.26000213623047,7.0,0.0002754555025603622
2013-03-18,5.45,27.908,57.081,33.31,62.44,0.322,0.35,26.87,764.08,1552.0999755859375,2240.01611328125,93.73999786376952,13.359999656677246,82.69000244140625,7.0,0.0048825968988239765
2013-03-19,5.31,27.696,56.028,32.76,62.61,0.32,0.352,26.09,758.49,1548.3399658203125,2257.43408203125,92.16000366210938,14.390000343322754,82.98999786376953,7.0,-0.00508494209498167
2013-03-20,5.25,26.977,54.954,33.02,62.2,0.332,0.362,25.41,754.8,1558.7099609375,2317.375,92.95999908447266,12.670000076293944,82.77999877929688,7.0,-0.02189132571220398
2013-03-21,5.23,27.033,56.071,32.77,62.19,0.33,0.366,25.3,749.36,1545.800048828125,2324.241943359375,92.4499969482422,13.989999771118164,82.80000305175781,7.0,-0.03588053211569786
2013-03-22,5.23,27.0,55.738,32.78,61.17,0.331,0.362,25.01,746.0,1556.8900146484375,2328.278076171875,93.70999908447266,13.56999969482422,82.52999877929688,7.0,-0.030343830585479736
2013-03-23,5.23,27.0,55.738,32.78,61.17,0.331,0.362,25.01,746.0,1556.8900146484375,2328.278076171875,93.70999908447266,13.56999969482422,82.52999877929688,7.0,-0.001420309767127037
2013-03-24,5.23,27.0,55.738,32.78,61.17,0.331,0.362,25.01,746.0,1556.8900146484375,2328.278076171875,93.70999908447266,13.56999969482422,82.52999877929688,7.0,-0.010470193810760975
2013-03-25,5.18,27.033,56.174,32.37,61.82,0.332,0.367,24.75,739.86,1551.68994140625,2326.715087890625,94.80999755859376,13.739999771118164,82.87000274658203,7.0,-0.014229310676455498
2013-03-26,5.15,26.69,54.995,32.58,62.01,0.332,0.361,24.99,736.55,1563.77001953125,2297.6689453125,96.33999633789062,12.770000457763672,82.87999725341797,7.0,-0.020473826676607132
2013-03-27,5.15,26.809,55.647,33.14,61.75,0.334,0.368,24.74,733.87,1562.8499755859375,2301.260009765625,96.58000183105467,13.149999618530272,83.20999908447266,7.0,-0.010750694200396538
2013-03-28,5.15,26.373,54.866,32.88,62.52,0.33,0.35,24.41,722.95,1569.18994140625,2236.302001953125,97.2300033569336,12.699999809265137,82.98999786376953,7.0,-0.003534636925905943
2013-03-29,5.15,26.373,54.866,32.88,62.52,0.33,0.35,24.41,722.43,1569.18994140625,2236.62109375,97.2300033569336,12.699999809265137,82.98999786376953,7.0,-0.00261416076682508
2013-03-30,5.15,26.373,54.866,32.88,62.52,0.33,0.35,24.41,722.43,1569.18994140625,2236.62109375,97.2300033569336,12.699999809265137,82.98999786376953,7.0,-0.01373137254267931
2013-03-31,5.15,26.373,54.866,32.88,62.52,0.33,0.35,24.41,722.43,1569.18994140625,2236.62109375,97.2300033569336,12.699999809265137,82.98999786376953,7.0,-0.006526576355099678
2013-04-01,5.15,26.373,54.866,32.88,62.52,0.33,0.35,24.41,711.69,1562.1700439453125,2234.39501953125,97.06999969482422,13.579999923706056,82.7300033569336,7.0,0.0052869487553834915
2013-04-02,5.18,26.437,54.392,31.71,61.16,0.33,0.352,24.01,699.27,1570.25,2227.739990234375,97.19000244140624,12.779999732971191,82.94000244140625,7.0,-0.009660162031650543
2013-04-03,5.0,26.076,53.385,31.34,60.26,0.323,0.351,23.7,690.72,1553.68994140625,2225.294921875,94.4499969482422,14.210000038146973,82.72000122070312,7.0,0.004455561749637127
2013-04-04,5.06,25.624,52.503,31.49,61.05,0.323,0.351,23.81,683.0,1559.97998046875,2225.294921875,93.26000213623048,13.890000343322754,82.68000030517578,7.0,-0.010899477638304234
2013-04-05,4.95,25.87,53.157,31.89,61.77,0.31,0.351,23.87,680.41,1553.280029296875,2225.294921875,92.6999969482422,13.920000076293944,82.5,7.0,-0.017337175086140633
2013-04-06,4.95,25.87,53.157,31.89,61.77,0.31,0.351,23.87,680.41,1553.280029296875,2225.294921875,92.6999969482422,13.920000076293944,82.5,7.0,-0.027284827083349228
2013-04-07,4.95,25.87,53.157,31.89,61.77,0.31,0.351,23.87,680.41,1553.280029296875,2225.294921875,92.6999969482422,13.920000076293944,82.5,7.0,-0.016819104552268982
2013-04-08,4.98,26.29,52.597,32.21,62.19,0.317,0.357,23.82,688.65,1563.0699462890625,2211.592041015625,93.36000061035156,13.1899995803833,82.75,7.0,-0.020789846777915955
2013-04-09,5.23,26.847,54.807,33.54,61.92,0.322,0.365,24.73,704.94,1568.6099853515625,2225.77392578125,94.1999969482422,12.84000015258789,82.30999755859375,7.0,-0.015552118420600891
2013-04-10,5.22,27.457,56.611,33.47,62.24,0.332,0.364,24.67,715.81,1587.72998046875,2226.1259765625,94.63999938964844,12.359999656677246,82.52999877929688,7.0,-0.024465814232826233
2013-04-11,5.15,27.239,56.389,32.57,61.93,0.327,0.364,24.41,719.39,1593.3699951171875,2219.552978515625,93.51000213623048,12.239999771118164,82.25,7.0,-0.01988259144127369
2013-04-12,5.03,27.098,55.087,31.71,60.87,0.323,0.354,23.92,709.91,1588.8499755859375,2206.780029296875,91.29000091552734,12.0600004196167,82.30999755859375,7.0,-0.014716362580657005
2013-04-13,5.03,27.098,55.087,31.71,60.87,0.323,0.354,23.92,709.91,1588.8499755859375,2206.780029296875,91.29000091552734,12.0600004196167,82.30999755859375,7.0,-0.01729748211801052
2013-04-14,5.03,27.098,55.087,31.71,60.87,0.323,0.354,23.92,709.91,1588.8499755859375,2206.780029296875,91.29000091552734,12.0600004196167,82.30999755859375,7.0,0.0006501148454844952
2013-04-15,4.67,25.768,52.349,29.08,59.24,0.3,0.348,22.86,680.86,1552.3599853515625,2181.94091796875,88.70999908447266,17.270000457763672,82.41999816894531,7.0,0.004652306437492371
2013-04-16,4.76,25.832,52.635,29.06,61.61,0.295,0.359,23.15,673.37,1574.5699462890625,2194.844970703125,88.72000122070312,13.960000038146973,81.75,7.0,0.01585773564875126
2013-04-17,4.62,25.529,51.794,27.82,60.24,0.292,0.362,22.47,665.1,1552.010009765625,2193.7958984375,86.68000030517578,16.510000228881836,82.66000366210938,7.0,0.0198203194886446
2013-04-18,4.57,24.421,49.432,27.86,57.75,0.287,0.356,22.66,657.49,1541.6099853515625,2197.60205078125,87.7300033569336,17.559999465942383,82.55000305175781,7.0,0.00207934039644897
2013-04-19,4.57,24.943,51.412,28.05,58.82,0.295,0.368,23.09,668.41,1555.25,2244.64306640625,88.01000213623047,14.970000267028809,82.70999908447266,7.0,0.010140577331185341
2013-04-20,4.57,24.943,51.412,28.05,58.82,0.295,0.368,23.09,668.41,1555.25,2244.64306640625,88.01000213623047,14.970000267028809,82.70999908447266,7.0,0.0016317757545039058
2013-04-21,4.57,24.943,51.412,28.05,58.82,0.295,0.368,23.09,668.41,1555.25,2244.64306640625,88.01000213623047,14.970000267028809,82.70999908447266,7.0,0.017057999968528748
2013-04-22,4.48,25.197,52.17,28.37,58.99,0.292,0.375,23.12,669.19,1562.5,2242.1689453125,88.76000213623047,14.390000343322754,82.68000030517578,7.0,0.03253866732120514
2013-04-23,4.56,24.889,50.913,28.33,59.12,0.288,0.362,23.09,664.47,1578.780029296875,2184.5380859375,89.18000030517578,13.479999542236328,83.02999877929688,7.0,0.028482545167207718
2013-04-24,4.76,25.193,51.778,29.58,59.0,0.292,0.372,23.57,673.05,1578.7900390625,2218.318115234375,91.43000030517578,13.609999656677246,82.93000030517578,7.0,0.0227971188724041
2013-04-25,4.86,25.193,51.778,29.66,59.28,0.307,0.367,24.16,691.92,1585.1600341796875,2199.306884765625,93.63999938964844,13.619999885559082,82.73999786376953,7.0,0.04816514253616333
2013-04-26,4.71,25.9,52.854,29.23,58.86,0.301,0.362,23.6,683.17,1582.239990234375,2177.912109375,93.0,13.609999656677246,82.4800033569336,7.0,0.05271727964282036
2013-04-27,4.71,25.9,52.854,29.23,58.86,0.301,0.362,23.6,683.17,1582.239990234375,2177.912109375,93.0,13.609999656677246,82.4800033569336,7.0,0.04479847848415375
2013-04-28,4.71,25.9,52.854,29.23,58.86,0.301,0.362,23.6,683.17,1582.239990234375,2177.912109375,93.0,13.609999656677246,82.4800033569336,7.0,0.0419999398291111
2013-04-29,4.8,26.045,52.795,29.7,59.47,0.291,0.362,23.68,684.85,1593.6099853515625,2177.912109375,94.5,13.710000038146973,82.1500015258789,7.0,0.0307772234082222
2013-04-30,4.69,26.226,53.322,30.23,61.25,0.295,0.362,23.08,689.03,1597.5699462890625,2177.912109375,93.45999908447266,13.520000457763672,81.7300033569336,7.0,0.03430777043104172
2013-05-01,4.66,25.57,52.115,30.16,59.13,0.295,0.362,23.09,678.84,1582.699951171875,2177.912109375,91.02999877929688,14.489999771118164,81.63999938964844,6.0,0.04308490827679634
2013-05-02,4.9,25.189,50.895,30.14,59.88,0.293,0.37,23.13,674.76,1597.5899658203125,2174.123046875,93.98999786376952,13.59000015258789,82.20999908447266,6.0,0.044070228934288025
2013-05-03,5.1,25.505,51.794,30.92,61.27,0.296,0.385,24.18,689.53,1614.4200439453125,2205.4970703125,95.61000061035156,12.850000381469728,82.0999984741211,6.0,0.0433557964861393
2013-05-04,5.1,25.505,51.794,30.92,61.27,0.296,0.385,24.18,689.53,1614.4200439453125,2205.4970703125,95.61000061035156,12.850000381469728,82.0999984741211,6.0,0.044819459319114685
2013-05-05,5.1,25.505,51.794,30.92,61.27,0.296,0.385,24.18,689.53,1614.4200439453125,2205.4970703125,95.61000061035156,12.850000381469728,82.0999984741211,6.0,0.0545690692961216
2013-05-06,5.1,25.505,51.794,30.92,61.27,0.296,0.385,24.18,706.72,1617.5,2231.166015625,96.16000366210938,12.65999984741211,82.31999969482422,6.0,0.044922903180122375
2013-05-07,5.12,26.514,53.847,31.34,62.18,0.298,0.398,23.86,711.04,1625.9599609375,2235.574951171875,95.62000274658205,12.829999923706056,82.30000305175781,6.0,0.04668106138706207
2013-05-08,5.18,26.976,55.194,32.18,63.53,0.3,0.405,24.57,723.62,1632.68994140625,2246.300048828125,96.62000274658205,12.65999984741211,81.9000015258789,6.0,0.037687428295612335
2013-05-09,5.22,26.962,54.13,32.4,63.37,0.304,0.427,24.45,739.19,1626.6700439453125,2232.970947265625,96.38999938964844,13.130000114440918,82.79000091552734,6.0,0.03758108243346214
2013-05-10,5.03,26.932,53.975,32.34,64.15,0.3,0.421,23.21,755.75,1633.699951171875,2246.8310546875,96.04000091552734,12.59000015258789,83.13999938964844,6.0,0.029519373551011086
2013-05-11,5.03,26.932,53.975,32.34,64.15,0.3,0.421,23.21,755.75,1633.699951171875,2246.8310546875,96.04000091552734,12.59000015258789,83.13999938964844,6.0,0.017835065722465515
2013-05-12,5.03,26.932,53.975,32.34,64.15,0.3,0.421,23.21,755.75,1633.699951171875,2246.8310546875,96.04000091552734,12.59000015258789,83.13999938964844,6.0,0.012605843134224415
2013-05-13,5.03,26.593,52.814,31.75,63.97,0.292,0.411,22.91,744.5,1633.77001953125,2241.919921875,95.16999816894533,12.550000190734863,83.26000213623047,6.0,0.005851493217051029
2013-05-14,4.93,26.516,52.444,31.36,64.86,0.289,0.41,22.39,738.7,1650.3399658203125,2217.010009765625,94.20999908447266,12.770000457763672,83.56999969482422,6.0,-0.002017567167058587
2013-05-15,4.84,26.048,50.863,31.55,65.83,0.289,0.416,22.33,727.13,1658.780029296875,2224.797119140625,94.3000030517578,12.8100004196167,83.83000183105469,6.0,-0.016558334231376648
2013-05-16,4.9,25.609,49.42,31.83,66.27,0.285,0.457,22.46,722.97,1650.469970703125,2251.804931640625,95.16000366210938,13.06999969482422,83.7699966430664,6.0,-0.023168902844190598
2013-05-17,4.89,25.878,49.543,32.46,67.34,0.285,0.485,22.61,719.59,1667.469970703125,2282.8701171875,96.0199966430664,12.449999809265137,84.27999877929688,6.0,-0.026490064337849617
2013-05-18,4.89,25.878,49.543,32.46,67.34,0.285,0.485,22.61,719.59,1667.469970703125,2282.8701171875,96.0199966430664,12.449999809265137,84.27999877929688,6.0,-0.017821157351136208
2013-05-19,4.89,25.878,49.543,32.46,67.34,0.285,0.485,22.61,719.59,1667.469970703125,2282.8701171875,96.0199966430664,12.449999809265137,84.27999877929688,6.0,-0.020870035514235497
2013-05-20,4.87,26.387,50.084,32.66,66.32,0.28,0.515,22.5,735.42,1666.2900390625,2299.986083984375,96.70999908447266,13.020000457763672,83.80999755859375,6.0,-0.034289002418518066
2013-05-21,4.99,26.404,49.95,31.77,66.94,0.282,0.512,23.33,745.39,1669.1600341796875,2305.114013671875,96.16000366210938,13.369999885559082,83.86000061035156,6.0,-0.02845684625208378
2013-05-22,5.03,26.451,50.308,31.45,66.43,0.282,0.495,23.63,745.68,1655.3499755859375,2302.403076171875,94.27999877929688,13.81999969482422,84.25,6.0,-0.019945353269577026
2013-05-23,4.85,26.307,49.515,30.73,66.61,0.276,0.487,22.52,727.19,1650.510009765625,2275.6669921875,94.25,14.06999969482422,83.80000305175781,6.0,-0.018926938995718956
2013-05-24,4.78,25.633,48.453,30.2,66.44,0.276,0.496,22.36,728.92,1649.5999755859375,2288.531982421875,94.1500015258789,13.989999771118164,83.69999694824219,6.0,-0.02143104188144207
2013-05-25,4.78,25.633,48.453,30.2,66.44,0.276,0.496,22.36,728.92,1649.5999755859375,2288.531982421875,94.1500015258789,13.989999771118164,83.69999694824219,6.0,-0.026543591171503067
2013-05-26,4.78,25.633,48.453,30.2,66.44,0.276,0.496,22.36,728.92,1649.5999755859375,2288.531982421875,94.1500015258789,13.989999771118164,83.69999694824219,6.0,-0.010834971442818642
2013-05-27,4.78,25.633,48.453,30.2,66.44,0.276,0.496,22.36,721.18,1649.5999755859375,2293.076904296875,94.1500015258789,13.989999771118164,83.69999694824219,6.0,0.001341750961728394
2013-05-28,4.76,25.268,46.853,30.69,67.75,0.276,0.485,22.0,722.05,1660.06005859375,2321.318115234375,95.01000213623048,14.479999542236328,84.13999938964844,6.0,0.022121470421552658
2013-05-29,4.72,25.981,48.561,30.85,67.49,0.273,0.505,22.1,722.25,1648.3599853515625,2324.01708984375,93.12999725341795,14.829999923706056,83.63999938964844,6.0,0.03733287379145622
2013-05-30,4.84,25.742,48.028,31.64,69.0,0.274,0.49,22.59,731.63,1654.4100341796875,2317.7490234375,93.61000061035156,14.529999732971191,83.01000213623047,6.0,0.0452551431953907
2013-05-31,4.68,25.819,48.667,30.85,66.92,0.278,0.487,22.03,723.12,1630.739990234375,2300.594970703125,91.97000122070312,16.299999237060547,83.37999725341797,6.0,0.05345426872372627
2013-06-01,4.68,25.819,48.667,30.85,66.92,0.278,0.487,22.03,723.12,1630.739990234375,2300.594970703125,91.97000122070312,16.299999237060547,83.37999725341797,6.0,0.047258514910936356
2013-06-02,4.68,25.819,48.667,30.85,66.92,0.278,0.487,22.03,723.12,1630.739990234375,2300.594970703125,91.97000122070312,16.299999237060547,83.37999725341797,6.0,0.04723009467124939
2013-06-03,4.77,25.764,48.446,31.26,65.74,0.268,0.471,22.4,713.91,1640.4200439453125,2299.251953125,93.4499969482422,16.280000686645508,82.68000030517578,6.0,0.03589511290192604
2013-06-04,4.76,25.567,49.019,30.65,65.85,0.276,0.479,22.08,717.2,1631.3800048828125,2272.4169921875,93.30999755859376,16.270000457763672,82.7699966430664,6.0,0.041720420122146606
2013-06-05,4.66,24.931,47.788,30.12,64.79,0.272,0.483,21.27,708.09,1608.9000244140625,2270.929931640625,93.73999786376952,17.5,82.56999969482422,6.0,0.04946586489677429
2013-06-06,4.62,25.052,47.792,30.83,64.37,0.269,0.491,21.33,703.46,1622.56005859375,2242.110107421875,94.76000213623048,16.6299991607666,81.5199966430664,6.0,0.04116480052471161
2013-06-07,4.67,24.289,46.528,30.72,64.14,0.269,0.493,21.61,698.32,1643.3800048828125,2210.89794921875,96.02999877929688,15.140000343322754,81.69000244140625,6.0,0.0398428812623024
2013-06-08,4.67,24.289,46.528,30.72,64.14,0.269,0.493,21.61,698.32,1643.3800048828125,2210.89794921875,96.02999877929688,15.140000343322754,81.69000244140625,6.0,0.052109021693468094
2013-06-09,4.67,24.289,46.528,30.72,64.14,0.269,0.493,21.61,698.32,1643.3800048828125,2210.89794921875,96.02999877929688,15.140000343322754,81.69000244140625,6.0,0.05947607383131981
2013-06-10,4.66,24.289,46.528,30.68,63.5,0.246,0.493,21.02,698.69,1642.81005859375,2210.89794921875,95.7699966430664,15.4399995803833,81.6500015258789,6.0,0.06871434301137924
2013-06-11,4.51,24.127,46.031,30.12,62.84,0.234,0.493,20.38,687.11,1626.1300048828125,2210.89794921875,95.37999725341795,17.06999969482422,81.05999755859375,6.0,0.06628122925758362
2013-06-12,4.49,24.175,46.156,29.39,61.88,0.234,0.493,20.46,686.31,1612.52001953125,2210.89794921875,95.87999725341795,18.59000015258789,80.95999908447266,6.0,0.051679883152246475
2013-06-13,4.58,23.94,45.796,29.51,63.36,0.241,0.447,20.9,681.43,1636.3599853515625,2148.35498046875,96.69000244140624,16.40999984741211,80.62000274658203,6.0,0.0325489304959774
2013-06-14,4.73,24.35,47.588,29.37,62.98,0.233,0.452,21.26,684.34,1626.72998046875,2162.041015625,97.8499984741211,17.149999618530273,80.66999816894531,6.0,0.050937965512275696
2013-06-15,4.73,24.35,47.588,29.37,62.98,0.233,0.452,21.26,684.34,1626.72998046875,2162.041015625,97.8499984741211,17.149999618530273,80.66999816894531,6.0,0.04827643930912018
2013-06-16,4.73,24.35,47.588,29.37,62.98,0.233,0.452,21.26,684.34,1626.72998046875,2162.041015625,97.8499984741211,17.149999618530273,80.66999816894531,6.0,0.05122944712638855
2013-06-17,4.67,24.216,47.194,29.46,63.3,0.228,0.454,21.0,682.18,1639.0400390625,2156.215087890625,97.7699966430664,16.799999237060547,80.56999969482422,6.0,0.06090991944074631
2013-06-18,4.62,23.985,46.815,29.33,63.99,0.227,0.442,21.14,682.06,1651.81005859375,2159.291015625,98.44000244140624,16.610000610351562,80.62000274658203,6.0,0.06389676034450531
2013-06-19,4.53,23.71,46.568,29.0,63.4,0.22,0.454,20.7,682.16,1628.9300537109375,2143.4541015625,98.23999786376952,16.639999389648438,81.43000030517578,6.0,0.06556426733732224
2013-06-20,4.32,22.868,44.578,27.54,62.25,0.217,0.429,20.01,651.11,1588.18994140625,2084.02099609375,95.4000015258789,20.489999771118164,81.83999633789062,6.0,0.07053577154874802
2013-06-21,4.21,23.127,44.716,27.97,61.97,0.204,0.417,19.79,647.14,1592.4300537109375,2073.094970703125,93.69000244140624,18.899999618530277,82.31999969482422,6.0,0.06378544867038727
2013-06-22,4.21,23.127,44.716,27.97,61.97,0.204,0.417,19.79,647.14,1592.4300537109375,2073.094970703125,93.69000244140624,18.899999618530277,82.31999969482422,6.0,0.056946080178022385
2013-06-23,4.21,23.127,44.716,27.97,61.97,0.204,0.417,19.79,647.14,1592.4300537109375,2073.094970703125,93.69000244140624,18.899999618530277,82.31999969482422,6.0,0.06702712923288345
2013-06-24,4.02,22.425,43.927,26.64,61.23,0.192,0.374,19.01,628.68,1573.0899658203125,1963.2349853515625,95.18000030517578,20.11000061035156,82.43000030517578,6.0,0.07033039629459381
2013-06-25,4.06,22.063,42.865,27.08,62.21,0.182,0.375,19.02,626.2,1588.030029296875,1959.508056640625,95.31999969482422,18.46999931335449,82.58000183105469,6.0,0.06273924559354782
2013-06-26,4.03,22.687,44.368,26.67,62.66,0.184,0.385,18.26,625.52,1603.260009765625,1951.4949951171875,95.5,17.209999084472656,82.94999694824219,6.0,0.07982213795185089
2013-06-27,4.03,22.564,44.245,27.12,62.75,0.179,0.381,18.33,629.08,1613.199951171875,1950.011962890625,97.0500030517578,16.860000610351562,82.91000366210938,6.0,0.08247468620538712
2013-06-28,3.94,22.168,44.094,27.43,62.29,0.177,0.376,18.29,633.21,1606.280029296875,1979.2060546875,96.55999755859376,16.860000610351562,83.16999816894531,6.0,0.08396070450544357
2013-06-29,3.94,22.168,44.094,27.43,62.29,0.177,0.376,18.29,633.21,1606.280029296875,1979.2060546875,96.55999755859376,16.860000610351562,83.16999816894531,6.0,0.08404316008090973
2013-06-30,3.94,22.168,44.094,27.43,62.29,0.177,0.376,18.29,633.21,1606.280029296875,1979.2060546875,96.55999755859376,16.860000610351562,83.16999816894531,6.0,0.09603363275527954
2013-07-01,4.05,22.108,44.041,28.08,63.03,0.177,0.393,18.67,637.46,1614.9599609375,1995.241943359375,97.98999786376952,16.3700008392334,82.9800033569336,7.0,0.09777846932411194
2013-07-02,3.98,22.677,44.712,27.56,63.04,0.188,0.409,18.42,640.69,1614.0799560546875,2006.56005859375,99.5999984741211,16.440000534057617,83.54000091552734,7.0,0.10025587677955627
2013-07-03,3.91,21.817,43.114,27.5,62.85,0.186,0.409,17.51,628.22,1615.4100341796875,1994.2679443359373,101.23999786376952,16.200000762939453,83.2300033569336,7.0,0.1047118604183197
2013-07-04,3.94,22.076,43.954,27.5,62.85,0.206,0.444,18.07,636.7,1615.4100341796875,2006.0980224609373,101.23999786376952,16.200000762939453,83.2300033569336,7.0,0.09454810619354248
2013-07-05,3.64,22.149,44.012,27.16,63.67,0.204,0.425,17.2,629.24,1631.8900146484375,2007.198974609375,103.22000122070312,14.890000343322754,84.41999816894531,7.0,0.11183787882328033
2013-07-06,3.64,22.149,44.012,27.16,63.67,0.204,0.425,17.2,629.24,1631.8900146484375,2007.198974609375,103.22000122070312,14.890000343322754,84.41999816894531,7.0,0.12966574728488922
2013-07-07,3.64,22.149,44.012,27.16,63.67,0.204,0.425,17.2,629.24,1631.8900146484375,2007.198974609375,103.22000122070312,14.890000343322754,84.41999816894531,7.0,0.1645960658788681
2013-07-08,3.67,21.864,43.465,27.28,63.37,0.19,0.406,17.67,629.06,1640.4599609375,1958.27294921875,103.13999938964844,14.779999732971191,84.19999694824219,7.0,0.18985842168331146
2013-07-09,3.74,22.433,44.003,27.46,64.69,0.195,0.407,18.1,635.51,1652.3199462890625,1965.4539794921875,103.52999877929688,14.350000381469728,84.58000183105469,7.0,0.1733688861131668
2013-07-10,3.68,22.574,44.27,27.42,65.21,0.196,0.432,18.07,648.93,1652.6199951171875,2008.1259765625,106.5199966430664,14.210000038146973,84.04000091552734,7.0,0.14971120655536652
2013-07-11,3.85,23.333,45.986,28.34,65.06,0.206,0.444,19.28,662.88,1675.02001953125,2072.990966796875,104.91000366210938,14.010000228881836,82.75,7.0,0.14375747740268707
2013-07-12,3.75,23.307,45.635,27.86,64.8,0.202,0.436,18.57,662.34,1680.18994140625,2039.4859619140625,105.9499969482422,13.84000015258789,82.98999786376953,7.0,0.13855598866939545
2013-07-13,3.75,23.307,45.635,27.86,64.8,0.202,0.436,18.57,662.34,1680.18994140625,2039.4859619140625,105.9499969482422,13.84000015258789,82.98999786376953,7.0,0.1452120840549469
2013-07-14,3.75,23.307,45.635,27.86,64.8,0.202,0.436,18.57,662.34,1680.18994140625,2039.4859619140625,105.9499969482422,13.84000015258789,82.98999786376953,7.0,0.12413836270570755
2013-07-15,3.77,23.385,45.897,27.94,64.64,0.207,0.447,18.65,662.23,1682.5,2059.389892578125,106.31999969482422,13.789999961853027,83.04000091552734,7.0,0.13364775478839874
2013-07-16,3.82,23.918,47.329,28.07,64.7,0.2,0.456,19.06,662.26,1676.260009765625,2065.719970703125,106.0,14.420000076293944,82.43000030517578,7.0,0.14785583317279816
2013-07-17,3.94,24.414,47.773,27.92,64.79,0.201,0.439,19.6,670.81,1680.9100341796875,2044.9219970703125,106.4800033569336,13.779999732971191,82.70999908447266,7.0,0.15737596154212952
2013-07-18,3.96,24.256,47.886,27.98,62.77,0.201,0.44,19.92,669.16,1689.3699951171875,2023.39599609375,108.04000091552734,13.770000457763672,82.81999969482422,7.0,0.1470029652118683
2013-07-19,3.96,24.011,47.51,28.37,62.82,0.211,0.421,19.99,666.39,1692.0899658203125,1992.64794921875,108.0500030517578,12.539999961853027,82.58000183105469,7.0,0.12029147893190384
2013-07-20,3.96,24.011,47.51,28.37,62.82,0.211,0.421,19.99,666.39,1692.0899658203125,1992.64794921875,108.0500030517578,12.539999961853027,82.58000183105469,7.0,0.10614613443613052
2013-07-21,3.96,24.011,47.51,28.37,62.82,0.211,0.421,19.99,666.39,1692.0899658203125,1992.64794921875,108.0500030517578,12.539999961853027,82.58000183105469,7.0,0.0980159193277359
2013-07-22,3.94,24.409,48.202,28.96,62.56,0.211,0.432,20.49,678.74,1695.530029296875,2004.761962890625,106.91000366210938,12.289999961853027,82.22000122070312,7.0,0.08964671939611435
2013-07-23,4.14,24.806,48.627,29.79,62.81,0.228,0.448,20.94,690.95,1692.3900146484375,2043.8759765625,107.2300033569336,12.65999984741211,82.01000213623047,7.0,0.08018326759338379
2013-07-24,4.19,24.614,48.708,28.69,62.64,0.231,0.454,20.91,684.18,1685.93994140625,2033.3289794921875,105.38999938964844,13.18000030517578,82.30000305175781,7.0,0.08428560197353363
2013-07-25,4.12,24.863,48.991,28.65,62.48,0.224,0.467,20.3,678.13,1690.25,2021.1739501953125,105.48999786376952,12.970000267028809,81.97000122070312,7.0,0.10721735656261444
2013-07-26,4.12,24.777,48.838,28.74,61.74,0.224,0.463,20.31,670.62,1691.6500244140625,2010.8499755859373,104.6999969482422,12.720000267028809,81.62000274658203,7.0,0.09610974043607712
2013-07-27,4.12,24.777,48.838,28.74,61.74,0.224,0.463,20.31,670.62,1691.6500244140625,2010.8499755859373,104.6999969482422,12.720000267028809,81.62000274658203,7.0,0.10807120054960251
2013-07-28,4.12,24.777,48.838,28.74,61.74,0.224,0.463,20.31,670.62,1691.6500244140625,2010.8499755859373,104.6999969482422,12.720000267028809,81.62000274658203,7.0,0.09259840101003647
2013-07-29,4.1,24.594,48.437,28.37,61.75,0.218,0.456,20.71,662.45,1685.3299560546875,1976.3060302734373,104.5500030517578,13.390000343322754,81.66000366210938,7.0,0.08705426752567291
2013-07-30,4.04,24.495,48.191,28.02,61.88,0.211,0.459,20.54,658.01,1685.9599609375,1990.06396484375,103.08000183105467,13.390000343322754,81.83000183105469,7.0,0.07648081332445145
2013-07-31,4.02,24.06,47.595,28.09,62.01,0.214,0.456,20.33,659.13,1685.72998046875,1993.7989501953125,105.02999877929688,13.449999809265137,81.44999694824219,7.0,0.08765862137079239
2013-08-01,4.17,24.273,47.646,28.91,62.38,0.217,0.468,21.29,662.78,1706.8699951171875,2029.0670166015625,107.88999938964844,12.9399995803833,82.33999633789062,6.0,0.0932687520980835
2013-08-02,4.19,24.602,48.631,29.01,62.32,0.213,0.479,21.15,669.35,1709.6700439453125,2029.41796875,106.94000244140624,11.979999542236328,81.91000366210938,6.0,0.0844603031873703
2013-08-03,4.19,24.602,48.631,29.01,62.32,0.213,0.479,21.15,669.35,1709.6700439453125,2029.41796875,106.94000244140624,11.979999542236328,81.91000366210938,6.0,0.06915372610092163
2013-08-04,4.19,24.602,48.631,29.01,62.32,0.213,0.479,21.15,669.35,1709.6700439453125,2029.41796875,106.94000244140624,11.979999542236328,81.91000366210938,6.0,0.07664306461811066
2013-08-05,4.24,24.69,49.061,28.83,63.26,0.215,0.482,21.52,668.69,1707.1400146484375,2050.48095703125,106.55999755859376,11.84000015258789,81.87999725341797,6.0,0.06776059418916702
2013-08-06,4.03,24.758,49.573,28.97,63.14,0.21,0.484,20.64,664.25,1697.3699951171875,2060.5,105.3000030517578,12.720000267028809,81.5999984741211,6.0,0.05784035474061966
2013-08-07,3.99,24.29,48.594,29.24,63.12,0.206,0.468,20.52,656.97,1690.9100341796875,2046.7779541015625,104.37000274658205,12.979999542236328,81.29000091552734,6.0,0.04674186930060387
2013-08-08,4.15,24.859,49.894,30.6,63.17,0.209,0.464,21.46,674.16,1697.47998046875,2044.89501953125,103.4000015258789,12.729999542236328,81.01000213623047,6.0,0.055309757590293884
2013-08-09,4.39,25.541,51.017,31.4,62.91,0.217,0.473,22.7,676.07,1691.4200439453125,2052.235107421875,105.97000122070312,13.40999984741211,81.12999725341797,6.0,0.05288776755332947
2013-08-10,4.39,25.541,51.017,31.4,62.91,0.217,0.473,22.7,676.07,1691.4200439453125,2052.235107421875,105.97000122070312,13.40999984741211,81.12999725341797,6.0,0.05310801416635513
2013-08-11,4.39,25.541,51.017,31.4,62.91,0.217,0.473,22.7,676.07,1691.4200439453125,2052.235107421875,105.97000122070312,13.40999984741211,81.12999725341797,6.0,0.05515550076961517
2013-08-12,4.44,26.046,52.127,31.64,63.4,0.24,0.492,23.01,690.68,1689.469970703125,2101.282958984375,106.11000061035156,12.8100004196167,81.33000183105469,6.0,0.06149860844016075
2013-08-13,4.52,26.055,52.597,30.95,63.27,0.237,0.496,23.07,690.55,1694.1600341796875,2106.156005859375,106.83000183105467,12.3100004196167,81.7300033569336,6.0,0.053340643644332886
2013-08-14,4.55,26.027,52.046,31.38,62.92,0.237,0.48,22.74,693.59,1685.3900146484375,2100.136962890625,106.8499984741211,13.039999961853027,81.69999694824219,6.0,0.05953790992498398
2013-08-15,4.5,26.379,51.697,31.71,62.46,0.233,0.474,22.21,683.98,1661.3199462890625,2081.8798828125,107.33000183105467,14.729999542236328,81.12999725341797,6.0,0.049679167568683624
2013-08-16,4.59,26.18,50.829,31.33,62.3,0.239,0.467,22.96,687.22,1655.8299560546875,2068.451904296875,107.45999908447266,14.369999885559082,81.26000213623047,6.0,0.05084175243973732
2013-08-17,4.59,26.18,50.829,31.33,62.3,0.239,0.467,22.96,687.22,1655.8299560546875,2068.451904296875,107.45999908447266,14.369999885559082,81.26000213623047,6.0,0.051638782024383545
2013-08-18,4.59,26.18,50.829,31.33,62.3,0.239,0.467,22.96,687.22,1655.8299560546875,2068.451904296875,107.45999908447266,14.369999885559082,81.26000213623047,6.0,0.06334087252616882
2013-08-19,4.5,26.097,50.486,30.73,62.4,0.235,0.479,22.18,678.54,1646.06005859375,2085.60205078125,107.0999984741211,15.100000381469728,81.2300033569336,6.0,0.07294207811355591
2013-08-20,4.43,25.637,49.749,30.78,62.42,0.222,0.472,22.22,670.69,1652.3499755859375,2072.594970703125,104.97000122070312,14.90999984741211,80.91000366210938,6.0,0.05535360425710678
2013-08-21,4.55,24.797,49.269,30.16,62.03,0.226,0.473,21.92,671.09,1642.800048828125,2072.9609375,103.8499984741211,15.9399995803833,81.31999969482422,6.0,0.05430636182427406
2013-08-22,4.66,24.639,49.002,31.14,62.64,0.233,0.484,22.27,677.31,1656.9599609375,2067.1240234375,105.02999877929688,14.760000228881836,81.48999786376953,6.0,0.050977885723114014
2013-08-23,4.7,24.865,49.818,31.58,62.84,0.237,0.489,22.54,686.74,1663.5,2057.4580078125,106.41999816894533,13.979999542236328,81.33999633789062,6.0,0.06704491376876831
2013-08-24,4.7,24.865,49.818,31.58,62.84,0.237,0.489,22.54,686.74,1663.5,2057.4580078125,106.41999816894533,13.979999542236328,81.33999633789062,6.0,0.06403282284736633
2013-08-25,4.7,24.865,49.818,31.58,62.84,0.237,0.489,22.54,686.74,1663.5,2057.4580078125,106.41999816894533,13.979999542236328,81.33999633789062,6.0,0.05929490551352501
2013-08-26,4.7,24.865,49.818,31.58,62.84,0.237,0.489,22.54,686.59,1656.780029296875,2096.47412109375,105.91999816894533,14.989999771118164,81.37000274658203,6.0,0.054831065237522125
2013-08-27,4.65,24.733,49.451,30.4,62.59,0.244,0.489,22.11,660.08,1630.47998046875,2103.56591796875,109.01000213623048,16.770000457763672,81.16999816894531,6.0,0.058378804475069046
2013-08-28,4.6,24.064,47.918,30.28,62.55,0.251,0.479,22.56,651.52,1634.9599609375,2101.301025390625,110.0999984741211,16.489999771118164,81.41999816894531,6.0,0.0594492144882679
2013-08-29,4.55,24.414,47.933,30.22,62.76,0.249,0.466,22.19,644.93,1638.1700439453125,2097.22705078125,108.8000030517578,16.809999465942383,81.94999694824219,6.0,0.05560022220015526
2013-08-30,4.51,24.599,47.797,30.02,62.37,0.251,0.449,21.77,646.59,1632.969970703125,2098.382080078125,107.6500015258789,17.010000228881836,82.08999633789062,6.0,0.06018824130296707
2013-08-31,4.51,24.599,47.797,30.02,62.37,0.251,0.449,21.77,646.59,1632.969970703125,2098.382080078125,107.6500015258789,17.010000228881836,82.08999633789062,6.0,0.06786055117845535
2013-09-01,4.51,24.599,47.797,30.02,62.37,0.251,0.449,21.77,646.59,1632.969970703125,2098.382080078125,107.6500015258789,17.010000228881836,82.08999633789062,6.0,0.08330512046813965
2013-09-02,4.62,24.722,48.972,30.02,62.37,0.253,0.449,22.67,653.22,1632.969970703125,2098.447998046875,107.6500015258789,17.010000228881836,82.08999633789062,6.0,0.07627900689840317
2013-09-03,4.63,25.099,50.969,30.91,62.13,0.253,0.457,22.82,660.25,1639.77001953125,2123.112060546875,108.54000091552734,16.610000610351562,82.36000061035156,6.0,0.08345633745193481
2013-09-04,4.69,25.197,51.993,30.89,62.26,0.255,0.446,22.86,663.17,1653.0799560546875,2127.617919921875,107.2300033569336,15.880000114440918,82.16999816894531,6.0,0.09057221561670303
2013-09-05,4.69,24.89,51.435,30.56,62.34,0.253,0.446,23.26,662.57,1655.0799560546875,2122.429931640625,108.37000274658205,15.770000457763672,82.62999725341797,6.0,0.11140520125627518
2013-09-06,4.74,24.968,51.689,30.97,61.96,0.245,0.462,23.46,667.09,1655.1700439453125,2139.992919921875,110.52999877929688,15.850000381469728,82.1500015258789,6.0,0.10955198109149933
2013-09-07,4.74,24.968,51.689,30.97,61.96,0.245,0.462,23.46,667.09,1655.1700439453125,2139.992919921875,110.52999877929688,15.850000381469728,82.1500015258789,6.0,0.09862259030342102
2013-09-08,4.74,24.968,51.689,30.97,61.96,0.245,0.462,23.46,667.09,1655.1700439453125,2139.992919921875,110.52999877929688,15.850000381469728,82.1500015258789,6.0,0.09480924159288406
2013-09-09,4.8,25.433,52.674,31.63,62.2,0.25,0.465,23.76,673.65,1671.7099609375,2212.51611328125,109.5199966430664,15.630000114440918,81.79000091552734,6.0,0.08783179521560669
2013-09-10,4.93,25.846,53.939,31.72,64.09,0.249,0.463,24.38,682.14,1683.989990234375,2237.98388671875,107.38999938964844,14.529999732971191,81.81999969482422,6.0,0.06274963915348053
2013-09-11,5.11,26.212,55.147,32.61,63.53,0.242,0.472,24.17,689.11,1689.1300048828125,2241.26806640625,107.55999755859376,13.81999969482422,81.5199966430664,6.0,0.04694540053606033
2013-09-12,5.17,26.217,54.823,32.93,63.18,0.239,0.46,24.32,685.97,1683.4200439453125,2255.60400390625,108.5999984741211,14.289999961853027,81.48999786376953,6.0,0.03294041007757187
2013-09-13,5.16,25.877,53.727,32.82,63.1,0.235,0.451,23.64,677.33,1687.989990234375,2236.217041015625,108.20999908447266,14.15999984741211,81.44999694824219,6.0,0.023349890485405922
2013-09-14,5.16,25.877,53.727,32.82,63.1,0.235,0.451,23.64,677.33,1687.989990234375,2236.217041015625,108.20999908447266,14.15999984741211,81.44999694824219,6.0,0.014823967590928078
2013-09-15,5.16,25.877,53.727,32.82,63.1,0.235,0.451,23.64,677.33,1687.989990234375,2236.217041015625,108.20999908447266,14.15999984741211,81.44999694824219,6.0,0.01595723256468773
2013-09-16,5.18,26.141,54.444,33.03,63.52,0.244,0.448,23.89,694.52,1697.5999755859375,2231.40087890625,106.58999633789062,14.380000114440918,81.25,6.0,0.013662159442901611
2013-09-17,5.06,26.145,54.097,33.31,63.35,0.239,0.434,23.85,693.62,1704.760009765625,2185.56005859375,105.41999816894533,14.529999732971191,81.16999816894531,6.0,-0.004686111118644476
2013-09-18,5.09,26.566,54.116,34.32,63.25,0.236,0.435,24.18,694.16,1725.52001953125,2191.85107421875,108.06999969482422,13.59000015258789,80.23999786376953,6.0,-0.004334613680839539
2013-09-19,5.2,26.774,55.339,34.37,63.58,0.261,0.435,24.89,703.22,1722.3399658203125,2191.85107421875,106.38999938964844,13.15999984741211,80.36000061035156,6.0,-0.011700601316988468
2013-09-20,5.19,26.438,54.458,33.65,63.17,0.261,0.435,24.18,700.36,1709.9100341796875,2191.85107421875,104.68000030517578,13.119999885559082,80.44000244140625,6.0,-0.010623648762702942
2013-09-21,5.19,26.438,54.458,33.65,63.17,0.261,0.435,24.18,700.36,1709.9100341796875,2191.85107421875,104.68000030517578,13.119999885559082,80.44000244140625,6.0,-0.01909933052957058
2013-09-22,5.19,26.438,54.458,33.65,63.17,0.261,0.435,24.18,700.36,1709.9100341796875,2191.85107421875,104.68000030517578,13.119999885559082,80.44000244140625,6.0,-0.03699091821908951
2013-09-23,5.14,26.328,54.371,33.54,63.02,0.249,0.448,23.97,702.98,1701.8399658203125,2221.0439453125,103.58999633789062,14.3100004196167,80.44999694824219,6.0,-0.058228183537721634
2013-09-24,5.15,26.058,53.751,33.52,62.47,0.245,0.454,23.48,707.87,1697.4200439453125,2207.531005859375,103.12999725341795,14.079999923706056,80.55999755859375,6.0,-0.06449460983276367
2013-09-25,5.2,26.08,53.87,33.61,62.27,0.246,0.452,24.08,698.69,1692.77001953125,2198.514892578125,102.66000366210938,14.010000228881836,80.33000183105469,6.0,-0.07111290842294693
2013-09-26,5.27,26.316,54.681,33.65,62.95,0.246,0.45,23.9,695.89,1698.6700439453125,2155.80908203125,103.02999877929688,14.0600004196167,80.5199966430664,6.0,-0.08365505188703537
2013-09-27,5.29,26.197,54.332,33.2,62.77,0.242,0.451,23.6,689.73,1691.75,2160.027099609375,102.87000274658205,15.460000038146973,80.2699966430664,6.0,-0.09314923733472824
2013-09-28,5.29,26.197,54.332,33.2,62.77,0.242,0.451,23.6,689.73,1691.75,2160.027099609375,102.87000274658205,15.460000038146973,80.2699966430664,6.0,-0.08637367933988571
2013-09-29,5.29,26.197,54.332,33.2,62.77,0.242,0.451,23.6,689.73,1691.75,2160.027099609375,102.87000274658205,15.460000038146973,80.2699966430664,6.0,-0.08355668187141418
2013-09-30,5.19,25.742,52.984,32.86,62.94,0.24,0.455,23.33,690.91,1681.550048828125,2174.6650390625,102.33000183105467,16.600000381469727,80.22000122070312,6.0,-0.10421039909124374
2013-10-01,5.1,25.793,52.882,32.7,63.69,0.24,0.455,22.83,688.2,1695.0,2174.6650390625,102.04000091552734,15.539999961853027,80.0999984741211,7.0,-0.12187953293323517
2013-10-02,5.16,25.626,52.134,33.29,63.77,0.231,0.455,23.14,691.05,1693.8699951171875,2174.6650390625,104.0999984741211,16.600000381469727,79.87999725341797,7.0,-0.13485285639762878
2013-10-03,5.08,25.864,52.614,32.79,63.95,0.236,0.455,22.59,686.71,1678.6600341796875,2174.6650390625,103.30999755859376,17.670000076293945,79.7699966430664,7.0,-0.16188862919807434
2013-10-04,5.05,25.626,52.558,33.56,64.65,0.233,0.455,22.66,689.63,1690.5,2174.6650390625,103.83999633789062,16.739999771118164,80.12000274658203,7.0,-0.19217559695243835
2013-10-05,5.05,25.626,52.558,33.56,64.65,0.233,0.455,22.66,689.63,1690.5,2174.6650390625,103.83999633789062,16.739999771118164,80.12000274658203,7.0,-0.21000687777996063
2013-10-06,5.05,25.626,52.558,33.56,64.65,0.233,0.455,22.66,689.63,1690.5,2174.6650390625,103.83999633789062,16.739999771118164,80.12000274658203,7.0,-0.20770779252052307
2013-10-07,5.08,25.287,52.127,33.23,64.14,0.23,0.455,22.7,682.54,1676.1199951171875,2174.6650390625,103.02999877929688,19.40999984741211,79.94000244140625,7.0,-0.22473236918449402
2013-10-08,5.01,25.278,52.294,32.68,63.33,0.232,0.463,22.36,675.44,1655.449951171875,2198.198974609375,103.48999786376952,20.34000015258789,80.05999755859375,7.0,-0.23664933443069458
2013-10-09,4.9,25.429,52.367,32.66,63.04,0.231,0.465,21.94,670.31,1656.4000244140625,2211.76904296875,101.61000061035156,19.600000381469727,80.37000274658203,7.0,-0.2505210041999817
2013-10-10,4.97,25.308,52.443,33.01,63.76,0.231,0.456,22.38,674.52,1692.56005859375,2190.928955078125,103.01000213623048,16.479999542236328,80.41999816894531,7.0,-0.24367304146289825
2013-10-11,5.1,25.713,53.704,33.22,63.53,0.228,0.452,22.91,676.91,1703.199951171875,2228.14599609375,102.0199966430664,15.720000267028809,80.36000061035156,7.0,-0.2456398606300354
2013-10-12,5.1,25.713,53.704,33.22,63.53,0.228,0.452,22.91,676.91,1703.199951171875,2228.14599609375,102.0199966430664,15.720000267028809,80.36000061035156,7.0,-0.24622268974781036
2013-10-13,5.1,25.713,53.704,33.22,63.53,0.228,0.452,22.91,676.91,1703.199951171875,2228.14599609375,102.0199966430664,15.720000267028809,80.36000061035156,7.0,-0.23179960250854492
2013-10-14,5.04,25.727,53.901,33.65,63.99,0.228,0.45,23.12,671.22,1710.1400146484375,2237.77294921875,102.41000366210938,16.06999969482422,80.26000213623047,7.0,-0.24755749106407166
2013-10-15,5.12,26.08,55.478,33.82,64.24,0.23,0.451,23.83,663.03,1698.06005859375,2233.412109375,101.20999908447266,18.65999984741211,80.4800033569336,7.0,-0.2554078996181488
2013-10-16,5.03,26.432,56.43,33.9,64.42,0.23,0.434,23.62,656.31,1721.5400390625,2193.073974609375,102.29000091552734,14.710000038146973,80.5,7.0,-0.27522337436676025
2013-10-17,5.09,26.669,56.548,34.48,67.45,0.23,0.436,23.84,666.97,1733.1500244140625,2188.5419921875,100.66999816894533,13.479999542236328,79.6500015258789,7.0,-0.2686363160610199
2013-10-18,5.16,26.753,56.574,34.66,67.3,0.236,0.431,23.52,661.42,1744.5,2193.780029296875,100.80999755859376,13.039999961853027,79.63999938964844,7.0,-0.27441757917404175
2013-10-19,5.16,26.753,56.574,34.66,67.3,0.236,0.431,23.52,661.42,1744.5,2193.780029296875,100.80999755859376,13.039999961853027,79.63999938964844,7.0,-0.28990638256073
2013-10-20,5.16,26.753,56.574,34.66,67.3,0.236,0.431,23.52,661.42,1744.5,2193.780029296875,100.80999755859376,13.039999961853027,79.63999938964844,7.0,-0.2705664038658142
2013-10-21,5.2,27.014,56.683,34.81,66.79,0.236,0.442,23.56,662.75,1744.6600341796875,2229.237060546875,99.22000122070312,13.15999984741211,79.68000030517578,7.0,-0.2774984836578369
2013-10-22,5.28,27.815,57.221,36.12,67.19,0.233,0.439,23.99,669.19,1754.6700439453125,2210.652099609375,97.8000030517578,13.329999923706056,79.23999786376953,7.0,-0.2796477973461151
2013-10-23,5.24,27.921,56.465,36.39,67.39,0.231,0.431,22.94,664.63,1746.3800048828125,2183.10693359375,96.86000061035156,13.420000076293944,79.26000213623047,7.0,-0.2935018539428711
2013-10-24,5.25,27.792,56.607,37.16,67.6,0.23,0.442,23.17,666.0,1752.0699462890625,2164.322021484375,97.11000061035156,13.199999809265137,79.19000244140625,7.0,-0.30886924266815186
2013-10-25,5.27,27.718,56.296,37.19,67.6,0.232,0.433,23.15,657.27,1759.77001953125,2132.955078125,97.8499984741211,13.09000015258789,79.18000030517578,7.0,-0.295205682516098
2013-10-26,5.27,27.718,56.296,37.19,67.6,0.232,0.433,23.15,657.27,1759.77001953125,2132.955078125,97.8499984741211,13.09000015258789,79.18000030517578,7.0,-0.2812179923057556
2013-10-27,5.27,27.718,56.296,37.19,67.6,0.232,0.433,23.15,657.27,1759.77001953125,2132.955078125,97.8499984741211,13.09000015258789,79.18000030517578,7.0,-0.2690953016281128
2013-10-28,5.24,28.011,56.769,37.02,67.12,0.232,0.44,23.23,654.53,1762.1099853515625,2133.868896484375,98.68000030517578,13.3100004196167,79.25,7.0,-0.26165783405303955
2013-10-29,5.23,27.546,55.364,37.43,66.84,0.23,0.419,23.12,654.47,1771.949951171875,2128.864013671875,98.1999969482422,13.40999984741211,79.62999725341797,7.0,-0.25392597913742065
2013-10-30,5.27,27.616,55.414,37.03,66.26,0.231,0.422,23.36,654.46,1763.31005859375,2160.462890625,96.7699966430664,13.649999618530272,79.75,7.0,-0.24342083930969238
2013-10-31,5.19,27.55,55.776,36.52,66.19,0.231,0.409,22.62,645.57,1756.5400390625,2141.614013671875,96.37999725341795,13.75,80.19999694824219,7.0,-0.24154753983020782
2013-11-01,5.04,27.394,55.261,36.54,66.77,0.231,0.412,22.08,643.18,1761.6400146484375,2149.56201171875,94.61000061035156,13.279999732971191,80.7300033569336,6.0,-0.2518520951271057
2013-11-02,5.04,27.394,55.261,36.54,66.77,0.231,0.412,22.08,643.18,1761.6400146484375,2149.56201171875,94.61000061035156,13.279999732971191,80.7300033569336,6.0,-0.2151658535003662
2013-11-03,5.04,27.394,55.261,36.54,66.77,0.231,0.412,22.08,643.18,1761.6400146484375,2149.56201171875,94.61000061035156,13.279999732971191,80.7300033569336,6.0,-0.20394887030124664
2013-11-04,5.1,27.596,55.84,37.15,67.16,0.232,0.412,22.66,650.69,1767.9300537109375,2149.634033203125,94.62000274658205,12.93000030517578,80.55000305175781,6.0,-0.1836574673652649
2013-11-05,5.22,27.824,56.669,36.94,66.69,0.232,0.418,23.4,648.72,1762.969970703125,2157.239990234375,93.37000274658205,13.270000457763672,80.70999908447266,6.0,-0.17562463879585266
2013-11-06,5.24,28.048,57.554,36.84,67.08,0.231,0.417,23.75,650.15,1770.489990234375,2139.60693359375,94.8000030517578,12.670000076293944,80.4800033569336,6.0,-0.16056527197360992
2013-11-07,5.11,27.96,57.045,35.69,66.58,0.23,0.407,23.11,641.67,1747.1500244140625,2129.39990234375,94.1999969482422,13.90999984741211,80.81999969482422,6.0,-0.1617909073829651
2013-11-08,5.05,27.545,56.43,36.34,67.34,0.223,0.406,22.7,636.7,1770.6099853515625,2106.126953125,94.5999984741211,12.899999618530272,81.20999908447266,6.0,-0.15860216319561005
2013-11-09,5.05,27.545,56.43,36.34,67.34,0.223,0.406,22.7,636.7,1770.6099853515625,2106.126953125,94.5999984741211,12.899999618530272,81.20999908447266,6.0,-0.1393594741821289
2013-11-10,5.05,27.545,56.43,36.34,67.34,0.223,0.406,22.7,636.7,1770.6099853515625,2106.126953125,94.5999984741211,12.899999618530272,81.20999908447266,6.0,-0.13102616369724274
2013-11-11,5.04,27.44,56.118,36.22,67.35,0.226,0.41,22.38,632.53,1771.8900146484375,2109.470947265625,95.13999938964844,12.529999732971191,81.08999633789062,6.0,-0.11395328491926193
2013-11-12,5.02,27.359,55.459,35.66,67.24,0.227,0.406,21.75,623.76,1767.68994140625,2126.77197265625,93.04000091552734,12.81999969482422,81.19000244140625,6.0,-0.093849778175354
2013-11-13,4.97,27.237,55.738,36.09,67.41,0.228,0.395,21.47,618.29,1782.0,2087.94091796875,93.87999725341795,12.520000457763672,80.93000030517578,6.0,-0.08561338484287262
2013-11-14,4.96,27.249,55.912,36.1,67.55,0.228,0.399,21.51,619.61,1790.6199951171875,2100.506103515625,93.76000213623048,12.369999885559082,80.9800033569336,6.0,-0.091956228017807
2013-11-15,4.98,27.455,56.558,36.59,67.58,0.237,0.407,21.89,623.78,1798.1800537109375,2135.826904296875,93.83999633789062,12.1899995803833,80.83999633789062,6.0,-0.0821826308965683
2013-11-16,4.98,27.455,56.558,36.59,67.58,0.237,0.407,21.89,623.78,1798.1800537109375,2135.826904296875,93.83999633789062,12.1899995803833,80.83999633789062,6.0,-0.06620731204748154
2013-11-17,4.98,27.455,56.558,36.59,67.58,0.237,0.407,21.89,623.78,1798.1800537109375,2135.826904296875,93.83999633789062,12.1899995803833,80.83999633789062,6.0,-0.03922409564256668
2013-11-18,5.02,27.522,56.727,36.25,67.53,0.241,0.415,22.0,624.66,1791.530029296875,2197.218994140625,93.02999877929688,13.100000381469728,80.83000183105469,6.0,-0.036692313849925995
2013-11-19,4.93,27.653,56.646,36.16,67.24,0.239,0.415,21.43,622.49,1787.8699951171875,2193.125,93.33999633789062,13.390000343322754,80.69999694824219,6.0,-0.033422570675611496
2013-11-20,4.89,27.11,55.682,35.94,67.28,0.237,0.425,21.48,616.04,1781.3699951171875,2206.613037109375,93.33000183105467,13.399999618530272,81.11000061035156,6.0,-0.027045750990509987
2013-11-21,4.86,26.824,55.156,35.93,68.13,0.232,0.424,21.3,610.78,1795.8499755859375,2205.76611328125,95.44000244140624,12.65999984741211,81.05000305175781,6.0,-0.02288029156625271
2013-11-22,4.82,26.82,55.144,35.86,68.29,0.232,0.424,21.26,609.82,1804.760009765625,2196.3779296875,94.83999633789062,12.260000228881836,80.70999908447266,6.0,-0.011472090147435665
2013-11-23,4.82,26.82,55.144,35.86,68.29,0.232,0.424,21.26,609.82,1804.760009765625,2196.3779296875,94.83999633789062,12.260000228881836,80.70999908447266,6.0,-0.009422575123608112
2013-11-24,4.82,26.82,55.144,35.86,68.29,0.232,0.424,21.26,609.82,1804.760009765625,2196.3779296875,94.83999633789062,12.260000228881836,80.70999908447266,6.0,0.0035675063263624907
2013-11-25,4.8,26.839,55.197,35.55,68.5,0.233,0.417,21.04,603.87,1802.47998046875,2186.114990234375,94.08999633789062,12.789999961853027,80.91999816894531,6.0,0.027252916246652603
2013-11-26,4.71,26.685,54.707,35.09,67.99,0.232,0.419,20.55,600.46,1802.75,2183.072998046875,93.68000030517578,12.8100004196167,80.61000061035156,6.0,0.029432766139507294
2013-11-27,4.77,26.153,53.789,34.45,69.0,0.232,0.429,20.7,600.66,1807.22998046875,2201.070068359375,92.3000030517578,12.979999542236328,80.73999786376953,6.0,0.03527716547250748
2013-11-28,4.86,26.165,54.002,34.45,69.0,0.231,0.441,21.33,603.27,1807.22998046875,2219.3720703125,92.3000030517578,12.979999542236328,80.73999786376953,6.0,0.03214488923549652
2013-11-29,4.83,26.346,55.462,34.46,68.71,0.232,0.44,20.96,606.37,1805.81005859375,2220.50390625,92.72000122070312,13.699999809265137,80.68000030517578,6.0,0.042323049157857895
2013-11-30,4.83,26.346,55.462,34.46,68.71,0.232,0.44,20.96,606.37,1805.81005859375,2220.50390625,92.72000122070312,13.699999809265137,80.68000030517578,6.0,0.06159362941980362
2013-12-01,4.83,26.346,55.462,34.46,68.71,0.232,0.44,20.96,606.37,1805.81005859375,2220.50390625,92.72000122070312,13.699999809265137,80.68000030517578,7.0,0.07415668666362762
2013-12-02,4.77,25.973,55.225,34.03,68.89,0.231,0.422,20.08,601.73,1800.9000244140625,2207.37109375,93.81999969482422,14.229999542236328,80.91000366210938,7.0,0.08532516658306122
2013-12-03,4.75,25.757,55.14,33.99,68.26,0.227,0.441,20.25,594.59,1795.1500244140625,2222.669921875,96.04000091552734,14.550000190734863,80.62000274658203,7.0,0.07609418034553528
2013-12-04,4.76,25.689,55.136,34.31,67.92,0.227,0.455,20.4,587.05,1792.81005859375,2251.761962890625,97.1999969482422,14.699999809265137,80.62999725341797,7.0,0.061509791761636734
2013-12-05,4.75,25.78,55.12,34.05,68.3,0.228,0.455,20.32,586.18,1785.030029296875,2247.06298828125,97.37999725341795,15.079999923706056,80.2699966430664,7.0,0.06824184954166412
2013-12-06,4.77,25.867,55.695,34.02,69.52,0.227,0.45,20.57,585.33,1805.0899658203125,2237.10791015625,97.6500015258789,13.789999961853027,80.2699966430664,7.0,0.06778835505247116
2013-12-07,4.77,25.867,55.695,34.02,69.52,0.227,0.45,20.57,585.33,1805.0899658203125,2237.10791015625,97.6500015258789,13.789999961853027,80.2699966430664,7.0,0.08530852198600769
2013-12-08,4.77,25.867,55.695,34.02,69.52,0.227,0.45,20.57,585.33,1805.0899658203125,2237.10791015625,97.6500015258789,13.789999961853027,80.2699966430664,7.0,0.09415701031684875
2013-12-09,4.82,25.915,55.869,34.4,69.55,0.224,0.449,20.66,583.34,1808.3699951171875,2238.199951171875,97.33999633789062,13.489999771118164,80.12999725341797,7.0,0.09368018060922623
2013-12-10,4.8,26.059,55.798,34.66,69.49,0.23,0.469,20.55,583.71,1802.6199951171875,2237.491943359375,98.51000213623048,13.90999984741211,79.97000122070312,7.0,0.10197889804840088
2013-12-11,4.76,25.32,54.843,34.22,68.16,0.227,0.457,20.11,572.75,1782.219970703125,2204.166015625,97.44000244140624,15.420000076293944,79.88999938964844,7.0,0.1072252094745636
2013-12-12,4.67,24.556,53.627,34.06,67.54,0.223,0.462,19.79,564.14,1775.5,2202.7958984375,97.5,15.539999961853027,80.19999694824219,7.0,0.11201026290655136
2013-12-13,4.67,24.851,53.76,34.11,67.93,0.222,0.459,19.64,563.95,1775.3199462890625,2196.074951171875,96.5999984741211,15.760000228881836,80.20999908447266,7.0,0.09261009842157364
2013-12-14,4.67,24.851,53.76,34.11,67.93,0.222,0.459,19.64,563.95,1775.3199462890625,2196.074951171875,96.5999984741211,15.760000228881836,80.20999908447266,7.0,0.0814126655459404
2013-12-15,4.67,24.851,53.76,34.11,67.93,0.222,0.459,19.64,563.95,1775.3199462890625,2196.074951171875,96.5999984741211,15.760000228881836,80.20999908447266,7.0,0.07205874472856522
2013-12-16,4.74,24.678,53.521,34.37,68.06,0.227,0.441,20.02,565.19,1786.5400390625,2160.861083984375,97.4800033569336,16.030000686645508,80.06999969482422,7.0,0.08489159494638443
2013-12-17,4.77,24.526,53.512,34.67,68.77,0.222,0.44,19.78,563.31,1781.0,2151.0791015625,97.22000122070312,16.209999084472656,80.05999755859375,7.0,0.0904243141412735
2013-12-18,4.79,24.527,53.344,34.95,63.81,0.228,0.447,19.88,559.17,1810.6500244140625,2148.284912109375,97.8000030517578,13.800000190734863,80.11000061035156,7.0,0.09416953474283218
2013-12-19,4.8,25.236,54.36,34.96,63.13,0.222,0.441,19.94,561.24,1809.5999755859373,2127.7919921875,98.7699966430664,14.149999618530272,80.62999725341797,7.0,0.0944153293967247
2013-12-20,4.77,25.689,54.87,35.45,63.59,0.211,0.427,19.56,553.84,1818.3199462890625,2084.7939453125,99.31999969482422,13.789999961853027,80.58000183105469,7.0,0.09423238784074783
2013-12-21,4.77,25.689,54.87,35.45,63.59,0.211,0.427,19.56,553.84,1818.3199462890625,2084.7939453125,99.31999969482422,13.789999961853027,80.58000183105469,7.0,0.09586464613676071
2013-12-22,4.77,25.689,54.87,35.45,63.59,0.211,0.427,19.56,553.84,1818.3199462890625,2084.7939453125,99.31999969482422,13.789999961853027,80.58000183105469,7.0,0.10182613134384155
2013-12-23,4.83,25.678,55.082,35.49,62.46,0.221,0.436,19.64,561.56,1827.989990234375,2089.70703125,98.91000366210938,13.039999961853027,80.44999694824219,7.0,0.1302267611026764
2013-12-24,4.8,25.713,54.916,36.06,62.66,0.221,0.433,19.83,563.77,1833.3199462890625,2092.905029296875,99.22000122070312,12.479999542236328,80.52999877929688,7.0,0.1658627688884735
2013-12-25,4.8,25.713,54.916,36.06,62.66,0.221,0.433,19.83,563.44,1833.3199462890625,2106.35400390625,99.22000122070312,12.479999542236328,80.52999877929688,7.0,0.15744470059871674
2013-12-26,4.8,25.713,54.916,36.06,62.66,0.221,0.433,19.83,569.98,1842.02001953125,2073.09912109375,99.5500030517578,12.329999923706056,80.4800033569336,7.0,0.16246837377548218
2013-12-27,4.96,25.756,55.051,37.25,63.56,0.219,0.46,20.49,578.86,1841.4000244140625,2101.2509765625,100.31999969482422,12.460000038146973,80.38999938964844,7.0,0.16223224997520447
2013-12-28,4.96,25.756,55.051,37.25,63.56,0.219,0.46,20.49,578.86,1841.4000244140625,2101.2509765625,100.31999969482422,12.460000038146973,80.38999938964844,7.0,0.15307728946208954
2013-12-29,4.96,25.756,55.051,37.25,63.56,0.219,0.46,20.49,578.86,1841.4000244140625,2101.2509765625,100.31999969482422,12.460000038146973,80.38999938964844,7.0,0.15886260569095612
2013-12-30,4.97,26.182,55.793,37.42,63.26,0.217,0.459,20.97,580.98,1841.0699462890625,2097.529052734375,99.29000091552734,13.5600004196167,80.0,7.0,0.17534089088439941
2013-12-31,4.93,26.19,56.004,37.49,63.39,0.214,0.461,20.75,579.54,1848.3599853515625,2115.97802734375,98.41999816894533,13.720000267028809,80.04000091552734,7.0,0.1650330126285553
2014-01-01,4.93,26.19,56.004,37.49,63.39,0.214,0.461,20.75,579.54,1848.3599853515625,2115.97802734375,98.41999816894533,13.720000267028809,80.04000091552734,6.0,0.17357951402664185
2014-01-02,4.87,26.311,56.389,37.38,63.14,0.217,0.467,20.18,585.98,1831.97998046875,2109.386962890625,95.44000244140624,14.229999542236328,80.62999725341797,6.0,0.1696879267692566
2014-01-03,4.81,26.126,56.341,37.07,63.25,0.222,0.458,20.21,583.39,1831.3699951171875,2083.135009765625,93.95999908447266,13.760000228881836,80.79000091552734,6.0,0.17361827194690704
2014-01-04,4.81,26.126,56.341,37.07,63.25,0.222,0.458,20.21,583.39,1831.3699951171875,2083.135009765625,93.95999908447266,13.760000228881836,80.79000091552734,6.0,0.18499049544334412
2014-01-05,4.81,26.126,56.341,37.07,63.25,0.222,0.458,20.21,583.39,1831.3699951171875,2083.135009765625,93.95999908447266,13.760000228881836,80.79000091552734,6.0,0.18047618865966797
2014-01-06,4.79,26.036,55.957,36.78,63.11,0.223,0.446,19.86,582.33,1826.77001953125,2045.708984375,93.43000030517578,13.550000190734863,80.6500015258789,6.0,0.18725314736366272
2014-01-07,4.83,25.687,54.286,36.42,63.54,0.223,0.46,19.88,579.71,1837.8800048828125,2047.3170166015625,93.66999816894533,12.920000076293944,80.83000183105469,6.0,0.18431518971920013
2014-01-08,4.93,25.501,53.607,35.96,64.87,0.219,0.468,19.72,573.83,1837.489990234375,2044.3399658203125,92.33000183105467,12.869999885559082,81.04000091552734,6.0,0.17374445497989655
2014-01-09,4.86,25.436,53.53,35.47,65.83,0.217,0.46,19.19,566.78,1838.1300048828125,2027.6219482421875,91.66000366210938,12.890000343322754,81.01000213623047,6.0,0.16821293532848358
2014-01-10,5.0,25.347,52.752,35.93,66.49,0.218,0.465,19.55,571.87,1842.3699951171875,2013.2979736328125,92.72000122070312,12.140000343322754,80.66000366210938,6.0,0.15449082851409912
2014-01-11,5.0,25.347,52.752,35.93,66.49,0.218,0.465,19.55,571.87,1842.3699951171875,2013.2979736328125,92.72000122070312,12.140000343322754,80.66000366210938,6.0,0.1403665840625763
2014-01-12,5.0,25.347,52.752,35.93,66.49,0.218,0.465,19.55,571.87,1842.3699951171875,2013.2979736328125,92.72000122070312,12.140000343322754,80.66000366210938,6.0,0.14003713428974152
2014-01-13,4.98,25.598,52.982,35.39,65.75,0.219,0.456,19.8,570.67,1819.199951171875,2009.56396484375,91.8000030517578,13.279999732971191,80.51000213623047,6.0,0.14609403908252716
2014-01-14,4.97,25.063,52.346,35.88,66.61,0.221,0.448,19.71,573.03,1838.8800048828125,2026.842041015625,92.58999633789062,12.279999732971191,80.61000061035156,6.0,0.13782775402069092
2014-01-15,4.98,24.773,52.774,36.37,66.74,0.218,0.452,20.71,584.11,1848.3800048828125,2023.3480224609373,94.16999816894533,12.279999732971191,81.0,6.0,0.12706544995307922
2014-01-16,5.1,25.116,53.3,36.67,66.37,0.218,0.488,21.7,586.53,1845.8900146484373,2023.7010498046875,93.95999908447266,12.529999732971191,80.9000015258789,6.0,0.11720027774572372
2014-01-17,5.29,25.726,53.651,35.95,66.0,0.217,0.484,21.69,587.8,1838.699951171875,2004.948974609375,94.37000274658205,12.4399995803833,81.26000213623047,6.0,0.1119258776307106
2014-01-18,5.29,25.726,53.651,35.95,66.0,0.217,0.484,21.69,587.8,1838.699951171875,2004.948974609375,94.37000274658205,12.4399995803833,81.26000213623047,6.0,0.11214588582515717
2014-01-19,5.29,25.726,53.651,35.95,66.0,0.217,0.484,21.69,587.8,1838.699951171875,2004.948974609375,94.37000274658205,12.4399995803833,81.26000213623047,6.0,0.12002488225698471
2014-01-20,5.29,25.892,53.979,35.95,66.0,0.219,0.478,21.73,590.9,1838.699951171875,1991.2530517578125,94.37000274658205,12.4399995803833,81.26000213623047,6.0,0.1249304786324501
2014-01-21,5.24,25.846,53.394,35.03,66.15,0.219,0.488,21.21,586.61,1843.800048828125,2008.31298828125,94.98999786376952,12.869999885559082,81.0999984741211,6.0,0.12876635789871216
2014-01-22,5.29,25.762,53.257,34.29,66.3,0.219,0.491,21.51,585.91,1844.8599853515625,2051.7490234375,96.7300033569336,12.84000015258789,81.16999816894531,6.0,0.11891806125640869
2014-01-23,5.26,25.117,52.251,33.46,65.52,0.217,0.487,21.81,584.32,1828.4599609375,2042.1800537109373,97.31999969482422,13.770000457763672,80.44000244140625,6.0,0.1205189973115921
2014-01-24,5.11,24.871,52.13,32.55,63.31,0.22,0.494,20.97,574.04,1790.2900390625,2054.39208984375,96.63999938964844,18.13999938964844,80.45999908447266,6.0,0.11122835427522659
2014-01-25,5.11,24.871,52.13,32.55,63.31,0.22,0.494,20.97,574.04,1790.2900390625,2054.39208984375,96.63999938964844,18.13999938964844,80.45999908447266,6.0,0.10204142332077026
2014-01-26,5.11,24.871,52.13,32.55,63.31,0.22,0.494,20.97,574.04,1790.2900390625,2054.39208984375,96.63999938964844,18.13999938964844,80.45999908447266,6.0,0.10727144777774811
2014-01-27,5.08,24.871,52.13,32.18,63.59,0.227,0.496,20.78,567.81,1781.56005859375,2033.300048828125,95.72000122070312,17.420000076293945,80.5,6.0,0.10647232085466385
2014-01-28,5.11,24.647,52.013,32.35,63.2,0.22,0.49,21.15,570.68,1792.5,2038.512939453125,97.41000366210938,15.800000190734863,80.56999969482422,6.0,0.11429579555988312
2014-01-29,5.11,24.922,52.994,32.13,65.25,0.219,0.502,22.34,567.56,1774.199951171875,2049.9140625,97.36000061035156,17.350000381469727,80.51000213623047,6.0,0.1242186576128006
2014-01-30,5.08,24.945,53.303,32.2,64.62,0.216,0.493,22.47,571.01,1794.18994140625,2033.0830078125,98.2300033569336,17.290000915527344,81.08999633789062,6.0,0.13014370203018188
2014-01-31,5.05,24.759,52.95,32.2,64.18,0.216,0.493,22.41,566.41,1782.5899658203125,2033.0830078125,97.48999786376952,18.40999984741211,81.2699966430664,6.0,0.1377626210451126
2014-02-01,5.05,24.759,52.95,32.2,64.18,0.216,0.493,22.41,566.41,1782.5899658203125,2033.0830078125,97.48999786376952,18.40999984741211,81.2699966430664,6.0,0.147687628865242
2014-02-02,5.05,24.759,52.95,32.2,64.18,0.216,0.493,22.41,566.41,1782.5899658203125,2033.0830078125,97.48999786376952,18.40999984741211,81.2699966430664,6.0,0.15414564311504364
2014-02-03,4.89,24.654,52.672,30.87,62.23,0.216,0.493,21.63,558.36,1741.8900146484375,2033.0830078125,96.43000030517578,21.440000534057617,81.01000213623047,6.0,0.15016494691371918
2014-02-04,4.87,24.504,52.726,30.74,62.21,0.207,0.493,22.27,550.0,1755.199951171875,2033.0830078125,97.19000244140624,19.11000061035156,81.12000274658203,6.0,0.1407238394021988
2014-02-05,4.86,24.297,53.002,30.88,62.49,0.206,0.493,22.49,548.28,1751.6400146484375,2033.0830078125,97.37999725341795,19.950000762939453,81.02999877929688,6.0,0.1382419914007187
2014-02-06,5.01,24.635,54.174,31.33,62.88,0.202,0.493,22.62,554.06,1773.4300537109375,2033.0830078125,97.83999633789062,17.229999542236328,80.88999938964844,6.0,0.14450499415397644
2014-02-07,5.09,24.998,54.436,32.14,63.48,0.211,0.515,23.06,560.78,1797.02001953125,2044.4969482421875,99.87999725341795,15.289999961853027,80.69000244140625,6.0,0.13075123727321625
2014-02-08,5.09,24.998,54.436,32.14,63.48,0.211,0.515,23.06,560.78,1797.02001953125,2044.4969482421875,99.87999725341795,15.289999961853027,80.69000244140625,6.0,0.12231598049402237
2014-02-09,5.09,24.998,54.436,32.14,63.48,0.211,0.515,23.06,560.78,1797.02001953125,2044.4969482421875,99.87999725341795,15.289999961853027,80.69000244140625,6.0,0.13009651005268097
2014-02-10,5.09,25.256,55.255,32.02,63.71,0.208,0.567,23.38,561.01,1799.8399658203125,2086.06689453125,100.05999755859376,15.260000228881836,80.66999816894531,6.0,0.1323326975107193
2014-02-11,5.22,25.545,55.494,32.97,64.1,0.224,0.586,23.83,567.58,1819.75,2103.6708984375,99.94000244140624,14.510000228881836,80.62999725341797,6.0,0.12392053008079529
2014-02-12,5.33,25.965,56.635,32.56,64.47,0.227,0.591,24.28,571.63,1819.260009765625,2109.955078125,100.37000274658205,14.300000190734863,80.68000030517578,6.0,0.12277207523584366
2014-02-13,5.27,25.913,56.117,32.94,64.81,0.233,0.6,24.26,572.41,1829.8299560546875,2098.40087890625,100.3499984741211,14.140000343322754,80.29000091552734,6.0,0.10204996913671494
2014-02-14,5.39,26.333,56.494,33.53,65.26,0.235,0.604,24.16,582.68,1838.6300048828125,2115.847900390625,100.3000030517578,13.56999969482422,80.12999725341797,6.0,0.07322477549314499
2014-02-15,5.39,26.333,56.494,33.53,65.26,0.235,0.604,24.16,582.68,1838.6300048828125,2115.847900390625,100.3000030517578,13.56999969482422,80.12999725341797,6.0,0.0604545995593071
2014-02-16,5.39,26.333,56.494,33.53,65.26,0.235,0.604,24.16,582.68,1838.6300048828125,2115.847900390625,100.3000030517578,13.56999969482422,80.12999725341797,6.0,0.09179020673036575
2014-02-17,5.48,26.558,57.877,33.53,65.26,0.233,0.606,24.63,585.62,1838.6300048828125,2135.4150390625,100.3000030517578,13.56999969482422,80.12999725341797,6.0,0.10334549844264984
2014-02-18,5.49,27.142,58.94,33.52,64.48,0.232,0.583,25.14,584.3,1840.760009765625,2119.06591796875,102.43000030517578,13.869999885559082,80.01000213623047,6.0,0.09446984529495239
2014-02-19,5.53,26.959,58.207,32.95,64.41,0.232,0.579,25.17,577.78,1828.75,2142.553955078125,103.30999755859376,15.5,80.16999816894531,6.0,0.0858289822936058
2014-02-20,5.4,26.955,57.752,33.53,64.44,0.227,0.553,24.57,574.43,1839.780029296875,2138.781982421875,102.91999816894533,14.789999961853027,80.29000091552734,6.0,0.07636590301990509
2014-02-21,5.37,27.189,58.083,33.14,63.91,0.223,0.56,24.62,578.02,1836.25,2113.693115234375,102.1999969482422,14.68000030517578,80.23999786376953,6.0,0.06825964152812958
2014-02-22,5.37,27.189,58.083,33.14,63.91,0.223,0.56,24.62,578.02,1836.25,2113.693115234375,102.1999969482422,14.68000030517578,80.23999786376953,6.0,0.05684041604399681
2014-02-23,5.37,27.189,58.083,33.14,63.91,0.223,0.56,24.62,578.02,1836.25,2113.693115234375,102.1999969482422,14.68000030517578,80.23999786376953,6.0,0.06312734633684158
2014-02-24,5.34,27.52,57.911,32.99,63.84,0.226,0.563,24.25,580.05,1847.6099853515625,2076.68603515625,102.81999969482422,14.229999542236328,80.20999908447266,6.0,0.04250650107860565
2014-02-25,5.31,27.276,57.036,32.55,64.28,0.225,0.52,23.77,577.34,1845.1199951171875,2034.218994140625,101.83000183105467,13.670000076293944,80.1500015258789,6.0,0.045988380908966064
2014-02-26,5.24,26.746,55.319,33.19,65.56,0.225,0.56,23.65,577.57,1845.1600341796875,2041.2540283203125,102.58999633789062,14.350000381469728,80.41000366210938,6.0,0.05991334468126297
2014-02-27,5.24,26.602,55.001,33.25,65.58,0.22,0.575,23.95,583.86,1854.2900390625,2047.35400390625,102.4000015258789,14.039999961853027,80.29000091552734,6.0,0.06383811682462692
2014-02-28,5.25,26.498,54.983,32.4,65.99,0.218,0.631,24.34,579.6,1859.449951171875,2056.302001953125,102.58999633789062,14.0,79.77999877929688,6.0,0.06274020671844482
2014-03-01,5.25,26.498,54.983,32.4,65.99,0.218,0.631,24.34,579.6,1859.449951171875,2056.302001953125,102.58999633789062,14.0,79.77999877929688,6.0,0.06666240841150284
2014-03-02,5.25,26.498,54.983,32.4,65.99,0.218,0.631,24.34,579.6,1859.449951171875,2056.302001953125,102.58999633789062,14.0,79.77999877929688,6.0,0.07385235279798508
2014-03-03,5.18,25.85,54.18,32.61,65.74,0.224,0.659,23.4,573.69,1845.72998046875,2075.235107421875,104.91999816894533,16.0,80.06999969482422,6.0,0.08033375442028046
2014-03-04,5.27,25.86,54.292,33.31,66.04,0.229,0.712,23.77,576.34,1873.9100341796875,2071.472900390625,103.33000183105467,14.100000381469728,80.16000366210938,6.0,0.07524722069501877
2014-03-05,5.29,26.27,53.666,33.69,66.04,0.224,0.695,24.13,579.01,1873.81005859375,2053.083984375,101.4499969482422,13.890000343322754,80.11000061035156,6.0,0.07712066173553467
2014-03-06,5.42,26.464,54.071,33.61,66.58,0.224,0.679,24.87,584.25,1877.030029296875,2059.577880859375,101.55999755859376,14.210000038146973,79.68000030517578,6.0,0.077890545129776
2014-03-07,5.17,26.465,54.288,31.98,66.55,0.223,0.684,23.21,583.0,1878.0400390625,2057.907958984375,102.58000183105467,14.109999656677246,79.72000122070312,6.0,0.08141569048166275
2014-03-08,5.17,26.465,54.288,31.98,66.55,0.223,0.684,23.21,583.0,1878.0400390625,2057.907958984375,102.58000183105467,14.109999656677246,79.72000122070312,6.0,0.086636021733284
2014-03-09,5.17,26.465,54.288,31.98,66.55,0.223,0.684,23.21,583.0,1878.0400390625,2057.907958984375,102.58000183105467,14.109999656677246,79.72000122070312,6.0,0.0902290791273117
2014-03-10,5.03,25.214,50.846,31.17,65.97,0.219,0.64,22.65,568.89,1877.1700439453125,1999.06494140625,101.12000274658205,14.199999809265137,79.75,6.0,0.07617313414812088
2014-03-11,4.96,24.934,50.62,30.51,65.54,0.219,0.64,22.65,560.88,1867.6300048828125,2001.156982421875,100.02999877929688,14.800000190734863,79.7699966430664,6.0,0.07826541364192963
2014-03-12,4.9,25.012,50.834,30.57,65.01,0.216,0.64,22.4,552.79,1868.199951171875,1997.6920166015625,97.98999786376952,14.470000267028809,79.61000061035156,6.0,0.07271092385053635
2014-03-13,4.83,25.424,52.487,30.44,64.2,0.216,0.64,22.28,555.26,1846.3399658203125,2019.1109619140625,98.1999969482422,16.219999313354492,79.62000274658203,6.0,0.07009685039520264
2014-03-14,4.71,24.89,51.146,30.85,63.53,0.216,0.64,22.49,553.85,1841.1300048828125,2004.3389892578125,98.88999938964844,17.81999969482422,79.44000244140625,6.0,0.06277638673782349
2014-03-15,4.71,24.89,51.146,30.85,63.53,0.216,0.64,22.49,553.85,1841.1300048828125,2004.3389892578125,98.88999938964844,17.81999969482422,79.44000244140625,6.0,0.04832938686013222
2014-03-16,4.71,24.89,51.146,30.85,63.53,0.216,0.64,22.49,553.85,1841.1300048828125,2004.3389892578125,98.88999938964844,17.81999969482422,79.44000244140625,6.0,0.06069478392601013
2014-03-17,4.86,24.928,51.313,31.29,64.35,0.215,0.64,23.08,554.96,1858.8299560546875,2023.6729736328125,98.08000183105467,15.640000343322754,79.38999938964844,6.0,0.07218024879693985
2014-03-18,4.92,25.464,52.024,31.42,64.76,0.212,0.64,23.12,558.53,1872.25,2025.196044921875,99.6999969482422,14.520000457763672,79.41000366210938,6.0,0.05811348557472229
2014-03-19,4.75,25.074,51.12,30.86,64.3,0.211,0.64,21.81,557.48,1860.77001953125,2021.7340087890625,100.37000274658205,15.119999885559082,79.98999786376953,6.0,0.042402442544698715
2014-03-20,4.74,24.607,50.642,30.7,64.08,0.206,0.64,22.12,550.5,1872.010009765625,1993.47900390625,99.43000030517578,14.520000457763672,80.20999908447266,6.0,0.038093142211437225
2014-03-21,4.77,24.986,51.349,32.1,64.66,0.214,0.64,22.53,559.7,1866.52001953125,2047.6190185546875,99.45999908447266,15.0,80.11000061035156,6.0,0.02644391544163227
2014-03-22,4.77,24.986,51.349,32.1,64.66,0.214,0.64,22.53,559.7,1866.52001953125,2047.6190185546875,99.45999908447266,15.0,80.11000061035156,6.0,0.025983776897192
2014-03-23,4.77,24.986,51.349,32.1,64.66,0.214,0.64,22.53,559.7,1866.52001953125,2047.6190185546875,99.45999908447266,15.0,80.11000061035156,6.0,0.03860265016555786
2014-03-24,4.8,25.245,51.758,31.41,64.42,0.211,0.64,22.56,560.27,1857.43994140625,2066.279052734375,99.5999984741211,15.09000015258789,79.93000030517578,6.0,0.03688059374690056
2014-03-25,4.91,25.458,52.677,31.87,64.85,0.211,0.64,23.51,562.02,1865.6199951171875,2067.31103515625,99.19000244140624,14.020000457763672,79.94000244140625,6.0,0.03488203510642052
2014-03-26,4.91,26.063,54.095,31.48,64.36,0.214,0.64,23.45,564.61,1852.56005859375,2063.669921875,100.26000213623048,14.93000030517578,79.9800033569336,6.0,0.04657340422272682
2014-03-27,4.86,25.768,53.912,32.2,64.89,0.21,0.64,23.45,572.56,1849.0400390625,2046.5880126953125,101.27999877929688,14.619999885559082,80.11000061035156,6.0,0.06329396367073059
2014-03-28,4.96,25.849,53.893,32.64,65.1,0.214,0.64,23.84,569.93,1857.6199951171875,2041.7120361328125,101.66999816894533,14.40999984741211,80.18000030517578,6.0,0.06399481743574142
2014-03-29,4.96,25.849,53.893,32.64,65.1,0.214,0.64,23.84,569.93,1857.6199951171875,2041.7120361328125,101.66999816894533,14.40999984741211,80.18000030517578,6.0,0.07733427733182907
2014-03-30,4.96,25.849,53.893,32.64,65.1,0.214,0.64,23.84,569.93,1857.6199951171875,2041.7120361328125,101.66999816894533,14.40999984741211,80.18000030517578,6.0,0.05761828273534775
2014-03-31,4.9,26.127,54.245,32.85,66.42,0.213,0.64,24.15,572.15,1872.3399658203125,2033.3060302734373,101.58000183105467,13.880000114440918,80.0999984741211,6.0,0.07869768142700195
2014-04-01,4.9,26.494,54.401,32.7,66.45,0.213,0.64,24.03,575.4,1885.52001953125,2047.4599609375,99.73999786376952,13.100000381469728,80.08000183105469,6.0,0.08243623375892639
2014-04-02,4.96,26.728,54.626,33.1,66.92,0.214,0.64,24.38,576.18,1890.9000244140625,2058.988037109375,99.62000274658205,13.09000015258789,80.22000122070312,6.0,0.09508281946182251
2014-04-03,4.95,26.79,54.162,33.19,66.8,0.219,0.64,23.9,576.97,1888.77001953125,2043.7020263671875,100.29000091552734,13.369999885559082,80.47000122070312,6.0,0.08907794952392578
2014-04-04,5.03,27.129,54.56,33.1,66.11,0.22,0.64,24.64,581.78,1865.0899658203125,2058.8310546875,101.13999938964844,13.960000038146973,80.41999816894531,6.0,0.08866908401250839
2014-04-05,5.03,27.129,54.56,33.1,66.11,0.22,0.64,24.64,581.78,1865.0899658203125,2058.8310546875,101.13999938964844,13.960000038146973,80.41999816894531,6.0,0.09635049849748611
2014-04-06,5.03,27.129,54.56,33.1,66.11,0.22,0.64,24.64,581.78,1865.0899658203125,2058.8310546875,101.13999938964844,13.960000038146973,80.41999816894531,6.0,0.11178766191005707
2014-04-07,5.01,27.06,54.633,32.86,65.03,0.221,0.64,24.51,578.99,1845.0400390625,2058.8310546875,100.44000244140624,15.56999969482422,80.22000122070312,6.0,0.11560121923685074
2014-04-08,5.04,27.424,55.638,33.4,65.37,0.218,0.64,25.08,586.47,1851.9599609375,2098.283935546875,102.55999755859376,14.890000343322754,79.75,6.0,0.1124553382396698
2014-04-09,5.0,27.878,56.346,33.76,66.07,0.222,0.64,24.84,592.72,1872.1800537109373,2105.237060546875,103.5999984741211,13.81999969482422,79.4800033569336,6.0,0.09533436596393585
2014-04-10,5.02,27.601,56.344,32.97,65.13,0.244,0.64,24.68,599.52,1833.0799560546875,2134.300048828125,103.4000015258789,15.890000343322754,79.37999725341797,6.0,0.09501398354768753
2014-04-11,4.97,27.329,55.491,32.35,64.86,0.255,0.64,24.42,598.24,1815.68994140625,2130.5419921875,103.73999786376952,17.030000686645508,79.44999694824219,6.0,0.07103242725133896
2014-04-12,4.97,27.329,55.491,32.35,64.86,0.255,0.64,24.42,598.24,1815.68994140625,2130.5419921875,103.73999786376952,17.030000686645508,79.44999694824219,6.0,0.08277333527803421
2014-04-13,4.97,27.329,55.491,32.35,64.86,0.255,0.64,24.42,598.24,1815.68994140625,2130.5419921875,103.73999786376952,17.030000686645508,79.44999694824219,6.0,0.09445337951183319
2014-04-14,5.07,27.221,54.918,33.08,65.59,0.248,0.64,24.52,599.59,1830.6099853515625,2131.5390625,104.0500030517578,16.110000610351562,79.7300033569336,6.0,0.08783069998025894
2014-04-15,4.98,27.346,54.635,32.79,65.62,0.241,0.64,24.05,597.65,1842.97998046875,2101.60107421875,103.75,15.609999656677246,79.80000305175781,6.0,0.07807165384292603
2014-04-16,5.02,27.497,54.722,32.79,66.28,0.244,0.64,24.54,592.98,1862.31005859375,2105.1220703125,103.76000213623048,14.18000030517578,79.81999969482422,6.0,0.08789786696434021
2014-04-17,5.02,27.48,54.459,32.79,66.68,0.244,0.64,24.67,597.55,1864.8499755859373,2098.885009765625,104.3000030517578,13.359999656677246,79.83000183105469,6.0,0.08916200697422028
2014-04-18,5.02,27.48,54.459,32.79,66.68,0.244,0.64,24.67,596.73,1864.8499755859373,2097.748046875,104.3000030517578,13.359999656677246,79.83000183105469,6.0,0.1008099764585495
2014-04-19,5.02,27.48,54.459,32.79,66.68,0.244,0.64,24.67,596.73,1864.8499755859373,2097.748046875,104.3000030517578,13.359999656677246,79.83000183105469,6.0,0.11246190220117569
2014-04-20,5.02,27.48,54.459,32.79,66.68,0.244,0.64,24.67,596.73,1864.8499755859373,2097.748046875,104.3000030517578,13.359999656677246,79.83000183105469,6.0,0.09486024081707001
2014-04-21,5.02,27.48,54.459,32.79,66.68,0.244,0.64,24.67,599.8,1871.8900146484373,2065.825927734375,104.37000274658205,13.25,79.94999694824219,6.0,0.07109104096889496
2014-04-22,5.05,27.539,54.161,33.08,67.74,0.242,0.64,24.58,599.89,1879.550048828125,2072.8310546875,102.12999725341795,13.1899995803833,79.91000366210938,6.0,0.07356692105531693
2014-04-23,5.04,27.446,53.752,33.28,67.07,0.241,0.64,24.65,597.98,1875.3900146484373,2067.382080078125,101.44000244140624,13.270000457763672,79.86000061035156,6.0,0.06843391060829163
2014-04-24,5.06,27.424,53.758,33.71,66.84,0.244,0.64,25.0,603.13,1878.6099853515625,2057.032958984375,101.94000244140624,13.31999969482422,79.80000305175781,6.0,0.06713578850030899
2014-04-25,5.06,27.424,53.758,33.79,65.85,0.241,0.64,24.46,596.62,1863.4000244140625,2036.51904296875,100.5999984741211,14.0600004196167,79.7699966430664,6.0,0.06332436203956604
2014-04-26,5.06,27.424,53.758,33.79,65.85,0.241,0.64,24.46,596.62,1863.4000244140625,2036.51904296875,100.5999984741211,14.0600004196167,79.7699966430664,6.0,0.05706537514925003
2014-04-27,5.06,27.424,53.758,33.79,65.85,0.241,0.64,24.46,596.62,1863.4000244140625,2036.51904296875,100.5999984741211,14.0600004196167,79.7699966430664,6.0,0.05100206285715103
2014-04-28,5.0,27.115,52.944,33.67,66.02,0.245,0.64,24.24,588.27,1869.4300537109373,2003.487060546875,100.83999633789062,13.970000267028809,79.68000030517578,6.0,0.035156965255737305
2014-04-29,5.06,26.961,52.358,34.21,66.59,0.242,0.64,24.64,582.89,1878.3299560546875,2020.3409423828125,101.27999877929688,13.710000038146973,79.80999755859375,6.0,0.018152641132473946
2014-04-30,5.12,27.105,52.785,34.14,67.04,0.244,0.64,25.34,586.0,1883.949951171875,2026.3580322265625,99.73999786376952,13.40999984741211,79.48999786376953,6.0,0.019973447546362877
2014-05-01,5.09,26.9,51.956,33.94,67.74,0.244,0.64,25.09,590.64,1883.6800537109373,2026.3580322265625,99.41999816894533,13.25,79.52999877929688,6.0,0.02204303815960884
2014-05-02,5.13,26.735,52.119,34.45,68.1,0.24,0.64,25.06,591.55,1881.1400146484373,2026.3580322265625,99.76000213623048,12.90999984741211,79.5199966430664,6.0,0.025233428925275803
2014-05-03,5.13,26.735,52.119,34.45,68.1,0.24,0.64,25.06,591.55,1881.1400146484373,2026.3580322265625,99.76000213623048,12.90999984741211,79.5199966430664,6.0,0.018291523680090904
2014-05-04,5.13,26.735,52.119,34.45,68.1,0.24,0.64,25.06,591.55,1881.1400146484373,2026.3580322265625,99.76000213623048,12.90999984741211,79.5199966430664,6.0,0.03542737662792206
2014-05-05,5.13,26.735,52.119,34.45,68.1,0.24,0.64,25.06,592.5,1884.6600341796875,2027.35302734375,99.4800033569336,13.289999961853027,79.48999786376953,6.0,0.04053734242916107
2014-05-06,5.19,27.227,52.977,33.62,68.24,0.243,0.64,24.87,587.41,1867.719970703125,2028.0379638671875,99.5,13.800000190734863,79.13999938964844,6.0,0.045478541404008865
2014-05-07,5.22,26.812,52.084,33.77,68.5,0.243,0.64,25.23,578.26,1878.2099609375,2010.0830078125,100.7699966430664,13.399999618530272,79.22000122070312,6.0,0.056476153433322906
2014-05-08,5.27,27.281,53.061,33.62,68.14,0.235,0.64,25.55,573.04,1875.6300048828125,2015.2740478515625,100.26000213623048,13.43000030517578,79.43000030517578,6.0,0.06509837508201599
2014-05-09,5.22,27.033,52.576,33.69,68.27,0.237,0.64,25.66,569.12,1878.47998046875,2011.135009765625,99.98999786376952,12.920000076293944,79.9000015258789,6.0,0.052170224487781525
2014-05-10,5.22,27.033,52.576,33.69,68.27,0.237,0.64,25.66,569.12,1878.47998046875,2011.135009765625,99.98999786376952,12.920000076293944,79.9000015258789,6.0,0.0680951327085495
2014-05-11,5.22,27.033,52.576,33.69,68.27,0.237,0.64,25.66,569.12,1878.47998046875,2011.135009765625,99.98999786376952,12.920000076293944,79.9000015258789,6.0,0.09534499049186707
2014-05-12,5.29,26.894,52.602,34.66,69.36,0.235,0.64,26.29,576.07,1896.6500244140625,2052.87109375,100.58999633789062,12.229999542236328,79.9000015258789,6.0,0.0775320902466774
2014-05-13,5.3,27.473,54.198,35.33,69.07,0.239,0.64,26.16,577.04,1897.449951171875,2050.72802734375,101.6999969482422,12.130000114440918,80.13999938964844,6.0,0.07458726316690445
2014-05-14,5.23,27.767,54.23,35.27,68.98,0.237,0.64,26.13,572.11,1888.530029296875,2047.9100341796875,102.37000274658205,12.170000076293944,80.06999969482422,6.0,0.06431002169847488
2014-05-15,5.22,27.687,54.157,34.98,67.67,0.233,0.64,25.63,565.03,1870.8499755859373,2024.9739990234373,101.5,13.170000076293944,80.0,6.0,0.06438135355710983
2014-05-16,5.21,27.572,53.444,34.76,67.72,0.224,0.64,24.93,560.18,1877.8599853515625,2026.5040283203125,102.0199966430664,12.4399995803833,80.04000091552734,6.0,0.040075961500406265
2014-05-17,5.21,27.572,53.444,34.76,67.72,0.224,0.64,24.93,560.18,1877.8599853515625,2026.5040283203125,102.0199966430664,12.4399995803833,80.04000091552734,6.0,0.04611670970916748
2014-05-18,5.21,27.572,53.444,34.76,67.72,0.224,0.64,24.93,560.18,1877.8599853515625,2026.5040283203125,102.0199966430664,12.4399995803833,80.04000091552734,6.0,0.046558085829019547
2014-05-19,5.25,27.012,51.677,34.82,67.89,0.223,0.64,24.99,560.24,1885.0799560546875,2005.1829833984373,102.61000061035156,12.420000076293944,79.98999786376953,6.0,0.029216596856713295
2014-05-20,5.25,26.768,51.141,34.21,67.47,0.221,0.64,24.51,552.09,1872.8299560546875,2008.1190185546875,102.44000244140624,12.960000038146973,80.04000091552734,6.0,0.01889277994632721
2014-05-21,5.26,26.591,50.631,34.03,68.07,0.224,0.64,24.82,552.6,1888.030029296875,2024.9510498046875,104.06999969482422,11.90999984741211,80.0999984741211,6.0,0.013746124692261219
2014-05-22,5.28,26.856,51.809,34.07,68.07,0.228,0.64,24.64,559.15,1892.489990234375,2021.2850341796875,103.73999786376952,12.029999732971191,80.25,6.0,0.020392948761582375
2014-05-23,5.28,26.867,51.475,34.2,68.66,0.227,0.64,25.15,565.1,1900.530029296875,2034.5689697265625,104.3499984741211,11.359999656677246,80.38999938964844,6.0,0.006995286792516708
2014-05-24,5.28,26.867,51.475,34.2,68.66,0.227,0.64,25.15,565.1,1900.530029296875,2034.5689697265625,104.3499984741211,11.359999656677246,80.38999938964844,6.0,0.0016299112467095256
2014-05-25,5.28,26.867,51.475,34.2,68.66,0.227,0.64,25.15,565.1,1900.530029296875,2034.5689697265625,104.3499984741211,11.359999656677246,80.38999938964844,6.0,0.008380684070289135
2014-05-26,5.28,26.867,51.475,34.2,68.66,0.227,0.64,25.15,570.3,1900.530029296875,2041.4759521484373,104.3499984741211,11.359999656677246,80.38999938964844,6.0,0.007928440347313881
2014-05-27,5.26,27.13,52.219,33.74,68.58,0.231,0.64,24.85,570.45,1911.9100341796875,2034.56494140625,104.11000061035156,11.510000228881836,80.3499984741211,6.0,-0.0011997435940429568
2014-05-28,5.22,27.136,52.257,33.61,68.44,0.231,0.64,24.24,567.87,1909.780029296875,2050.22802734375,102.72000122070312,11.68000030517578,80.56999969482422,6.0,-0.008375711739063263
2014-05-29,5.23,26.988,51.523,34.04,69.33,0.23,0.64,24.52,564.19,1920.030029296875,2040.594970703125,103.58000183105467,11.56999969482422,80.48999786376953,6.0,-0.009568887762725353
2014-05-30,5.16,26.648,50.874,33.83,69.19,0.231,0.64,23.18,556.48,1923.5699462890625,2039.2120361328125,102.70999908447266,11.399999618530272,80.37000274658203,6.0,-0.01879601553082466
2014-05-31,5.16,26.648,50.874,33.83,69.19,0.231,0.64,23.18,556.48,1923.5699462890625,2039.2120361328125,102.70999908447266,11.399999618530272,80.37000274658203,6.0,-0.021804632619023323
2014-06-01,5.16,26.648,50.874,33.83,69.19,0.231,0.64,23.18,556.48,1923.5699462890625,2039.2120361328125,102.70999908447266,11.399999618530272,80.37000274658203,6.0,-0.011738091707229614
2014-06-02,5.23,26.168,50.47,33.89,69.66,0.231,0.64,23.72,553.69,1924.969970703125,2039.2120361328125,102.47000122070312,11.579999923706056,80.63999938964844,6.0,0.006002530455589294
2014-06-03,5.19,26.074,50.91,33.85,70.02,0.232,0.64,23.19,546.26,1924.239990234375,2038.3050537109373,102.66000366210938,11.869999885559082,80.55000305175781,6.0,0.01614055410027504
2014-06-04,5.18,25.941,50.808,34.28,70.85,0.219,0.64,23.22,551.99,1927.8800048828125,2024.833984375,102.63999938964844,12.079999923706056,80.66999816894531,6.0,0.01628495566546917
2014-06-05,5.2,26.149,51.339,34.54,71.47,0.221,0.64,23.22,556.93,1940.4599609375,2040.8780517578125,102.4800033569336,11.68000030517578,80.37000274658203,6.0,0.03360449895262718
2014-06-06,5.2,26.158,51.086,34.7,72.18,0.217,0.64,23.37,558.68,1949.43994140625,2029.9560546875,102.66000366210938,10.729999542236328,80.41000366210938,6.0,0.04034876823425293
2014-06-07,5.2,26.158,51.086,34.7,72.18,0.217,0.64,23.37,558.68,1949.43994140625,2029.9560546875,102.66000366210938,10.729999542236328,80.41000366210938,6.0,0.05551845580339432
2014-06-08,5.2,26.158,51.086,34.7,72.18,0.217,0.64,23.37,558.68,1949.43994140625,2029.9560546875,102.66000366210938,10.729999542236328,80.41000366210938,6.0,0.0776389092206955
2014-06-09,5.22,26.158,51.086,34.43,72.23,0.214,0.571,23.48,559.72,1951.27001953125,2030.501953125,104.41000366210938,11.149999618530272,80.6500015258789,6.0,0.07666400074958801
2014-06-10,5.16,26.299,51.512,34.13,72.22,0.215,0.583,23.1,558.67,1950.7900390625,2052.531982421875,104.3499984741211,10.989999771118164,80.81999969482422,6.0,0.07267541438341141
2014-06-11,5.18,26.078,51.354,33.86,71.6,0.218,0.584,23.35,556.4,1943.8900146484373,2054.947998046875,104.4000015258789,11.600000381469728,80.79000091552734,6.0,0.07704435288906097
2014-06-12,5.16,26.03,50.999,33.45,70.83,0.222,0.572,22.79,554.03,1930.1099853515625,2051.712890625,106.52999877929688,12.5600004196167,80.58000183105469,6.0,0.07303605228662491
2014-06-13,5.14,25.656,49.893,33.75,71.0,0.223,0.63,22.71,552.52,1936.1600341796875,2070.715087890625,106.91000366210938,12.18000030517578,80.58000183105469,6.0,0.09175049513578415
2014-06-14,5.14,25.656,49.893,33.75,71.0,0.223,0.63,22.71,552.52,1936.1600341796875,2070.715087890625,106.91000366210938,12.18000030517578,80.58000183105469,6.0,0.0712268278002739
2014-06-15,5.14,25.656,49.893,33.75,71.0,0.223,0.63,22.71,552.52,1936.1600341796875,2070.715087890625,106.91000366210938,12.18000030517578,80.58000183105469,6.0,0.060626763850450516
2014-06-16,5.22,25.898,50.262,33.78,70.44,0.226,0.607,22.93,554.64,1937.780029296875,2085.98291015625,106.9000015258789,12.649999618530272,80.47000122070312,6.0,0.061854176223278046
2014-06-17,5.26,25.526,49.414,33.83,71.34,0.219,0.594,22.91,549.04,1941.989990234375,2066.697998046875,106.36000061035156,12.0600004196167,80.62999725341797,6.0,0.04921335726976395
2014-06-18,5.27,25.665,50.185,34.56,71.08,0.222,0.592,23.19,553.95,1956.97998046875,2055.51904296875,105.97000122070312,10.609999656677246,80.58000183105469,6.0,0.048619676381349564
2014-06-19,5.28,26.476,51.297,34.38,71.32,0.219,0.567,23.49,560.61,1959.47998046875,2023.7349853515625,106.43000030517578,10.619999885559082,80.31999969482422,6.0,0.05126775801181793
2014-06-20,5.31,26.099,50.611,34.63,71.52,0.226,0.581,23.53,557.57,1962.8699951171875,2026.6739501953125,107.26000213623048,10.850000381469728,80.37000274658203,6.0,0.05430813506245613
2014-06-21,5.31,26.099,50.611,34.63,71.52,0.226,0.581,23.53,557.57,1962.8699951171875,2026.6739501953125,107.26000213623048,10.850000381469728,80.37000274658203,6.0,0.05233796685934067
2014-06-22,5.31,26.099,50.611,34.63,71.52,0.226,0.581,23.53,557.57,1962.8699951171875,2026.6739501953125,107.26000213623048,10.850000381469728,80.37000274658203,6.0,0.07686275988817215
2014-06-23,5.34,26.555,52.083,35.8,71.19,0.223,0.616,23.77,565.0,1962.6099853515625,2024.364990234375,106.16999816894533,10.979999542236328,80.26000213623047,6.0,0.07970239967107773
2014-06-24,5.31,26.402,51.362,35.42,70.55,0.224,0.635,23.5,560.85,1949.97998046875,2033.9310302734373,106.02999877929688,12.130000114440918,80.33000183105469,6.0,0.089081309735775
2014-06-25,5.24,26.336,51.188,35.53,71.22,0.224,0.625,23.02,560.2,1959.530029296875,2025.501953125,106.5,11.59000015258789,80.22000122070312,6.0,0.0807667002081871
2014-06-26,5.26,26.563,51.941,35.46,71.07,0.224,0.644,23.09,574.87,1957.219970703125,2038.677001953125,105.83999633789062,11.630000114440918,80.2300033569336,6.0,0.06687118113040924
2014-06-27,5.26,26.533,52.135,35.83,71.85,0.226,0.686,23.15,573.38,1960.9599609375,2036.510009765625,105.73999786376952,11.260000228881836,80.04000091552734,6.0,0.07803826779127121
2014-06-28,5.26,26.533,52.135,35.83,71.85,0.226,0.686,23.15,573.38,1960.9599609375,2036.510009765625,105.73999786376952,11.260000228881836,80.04000091552734,6.0,0.0641089677810669
2014-06-29,5.26,26.533,52.135,35.83,71.85,0.226,0.686,23.15,573.38,1960.9599609375,2036.510009765625,105.73999786376952,11.260000228881836,80.04000091552734,6.0,0.06149807572364807
2014-06-30,5.3,26.185,51.544,36.26,71.5,0.227,0.691,23.22,574.58,1960.22998046875,2048.326904296875,105.37000274658205,11.56999969482422,79.77999877929688,6.0,0.05331696942448616
2014-07-01,5.44,26.442,52.902,36.61,72.12,0.227,0.691,24.21,580.89,1973.3199462890625,2050.381103515625,105.33999633789062,11.149999618530272,79.81999969482422,6.0,0.024785321205854416
2014-07-02,5.49,26.915,53.956,37.58,71.93,0.227,0.706,24.2,581.43,1974.6199951171875,2059.41796875,104.4800033569336,10.81999969482422,79.95999908447266,6.0,0.03234604001045227
2014-07-03,5.58,26.907,53.778,38.26,72.46,0.232,0.7,24.84,586.77,1985.43994140625,2063.22900390625,104.05999755859376,10.31999969482422,80.20999908447266,6.0,0.0299924835562706
2014-07-04,5.59,27.197,53.994,38.26,72.46,0.232,0.708,24.78,588.24,1985.43994140625,2059.375,104.05999755859376,10.31999969482422,80.20999908447266,6.0,0.04675792530179024
2014-07-05,5.59,27.197,53.994,38.26,72.46,0.232,0.708,24.78,588.24,1985.43994140625,2059.375,104.05999755859376,10.31999969482422,80.20999908447266,6.0,0.056490108370780945
2014-07-06,5.59,27.197,53.994,38.26,72.46,0.232,0.708,24.78,588.24,1985.43994140625,2059.375,104.05999755859376,10.31999969482422,80.20999908447266,6.0,0.054874833673238754
2014-07-07,5.59,27.307,53.792,38.41,72.22,0.228,0.709,24.56,585.81,1977.6500244140625,2059.927001953125,103.52999877929688,11.329999923706056,80.22000122070312,6.0,0.05392228811979294
2014-07-08,5.61,27.325,54.037,38.48,72.26,0.227,0.743,24.41,581.57,1963.7099609375,2064.02099609375,103.4000015258789,11.979999542236328,80.18000030517578,6.0,0.03759002313017845
2014-07-09,5.66,27.106,53.877,38.78,72.08,0.228,0.728,24.52,575.69,1972.8299560546875,2038.612060546875,102.29000091552734,11.649999618530272,79.98999786376953,6.0,0.03649471700191498
2014-07-10,5.59,27.171,54.008,38.6,71.6,0.23,0.735,24.23,573.67,1964.6800537109373,2038.342041015625,102.93000030517578,12.59000015258789,80.12999725341797,6.0,0.03624919429421425
2014-07-11,5.6,27.294,53.774,38.45,72.0,0.228,0.741,24.05,576.5,1967.5699462890625,2046.9610595703125,100.83000183105467,12.079999923706056,80.19000244140625,6.0,0.01440834067761898
2014-07-12,5.6,27.294,53.774,38.45,72.0,0.228,0.741,24.05,576.5,1967.5699462890625,2046.9610595703125,100.83000183105467,12.079999923706056,80.19000244140625,6.0,-0.012308867648243904
2014-07-13,5.6,27.294,53.774,38.45,72.0,0.228,0.741,24.05,576.5,1967.5699462890625,2046.9610595703125,100.83000183105467,12.079999923706056,80.19000244140625,6.0,0.015018635429441929
2014-07-14,5.65,27.506,53.965,38.44,72.62,0.234,0.785,24.36,585.12,1977.0999755859373,2066.64599609375,100.91000366210938,11.81999969482422,80.19000244140625,6.0,0.006924195680767298
2014-07-15,5.66,27.55,54.466,38.04,70.03,0.234,0.763,24.64,584.39,1973.280029296875,2070.35693359375,99.95999908447266,11.960000038146973,80.38999938964844,6.0,0.021121829748153687
2014-07-16,5.86,27.713,55.196,38.57,69.07,0.232,0.72,25.45,586.95,1981.5699462890625,2067.27587890625,101.1999969482422,11.0,80.55999755859375,6.0,0.029634907841682434
2014-07-17,5.77,27.882,55.8,38.25,69.43,0.232,0.709,24.99,584.08,1958.1199951171875,2055.591064453125,103.19000244140624,14.539999961853027,80.5199966430664,6.0,0.0330335907638073
2014-07-18,5.81,27.877,55.623,38.1,70.2,0.232,0.721,24.94,581.66,1978.219970703125,2059.06689453125,103.12999725341795,12.0600004196167,80.5199966430664,6.0,0.013746052049100399
2014-07-19,5.81,27.877,55.623,38.1,70.2,0.232,0.721,24.94,581.66,1978.219970703125,2059.06689453125,103.12999725341795,12.0600004196167,80.5199966430664,6.0,0.0229796189814806
2014-07-20,5.81,27.877,55.623,38.1,70.2,0.232,0.721,24.94,581.66,1978.219970703125,2059.06689453125,103.12999725341795,12.0600004196167,80.5199966430664,6.0,0.02527172863483429
2014-07-21,5.83,27.706,55.019,38.41,69.13,0.23,0.719,25.06,582.36,1973.6300048828125,2054.47900390625,104.58999633789062,12.8100004196167,80.55999755859375,6.0,0.0201942790299654
2014-07-22,6.01,27.97,55.496,38.46,68.49,0.235,0.763,25.93,593.39,1983.530029296875,2075.48095703125,104.41999816894533,12.239999771118164,80.77999877929688,6.0,0.0121112409979105
2014-07-23,6.06,28.498,56.211,38.3,68.39,0.246,0.75,25.84,603.56,1987.010009765625,2078.489013671875,103.12000274658205,11.520000457763672,80.80999755859375,6.0,0.018946871161460876
2014-07-24,6.08,28.454,56.634,37.28,67.54,0.248,0.736,25.56,597.85,1987.97998046875,2105.06201171875,102.06999969482422,11.84000015258789,80.87000274658203,6.0,0.032913628965616226
2014-07-25,6.1,28.335,56.345,37.74,69.07,0.25,0.757,26.42,603.0,1978.3399658203125,2126.614013671875,102.08999633789062,12.6899995803833,81.02999877929688,6.0,0.0440998375415802
2014-07-26,6.1,28.335,56.345,37.74,69.07,0.25,0.757,26.42,603.0,1978.3399658203125,2126.614013671875,102.08999633789062,12.6899995803833,81.02999877929688,6.0,0.028326362371444702
2014-07-27,6.1,28.335,56.345,37.74,69.07,0.25,0.757,26.42,603.0,1978.3399658203125,2126.614013671875,102.08999633789062,12.6899995803833,81.02999877929688,6.0,0.011432399041950703
2014-07-28,6.02,28.443,56.651,37.81,68.88,0.255,0.772,26.33,609.09,1978.9100341796875,2177.947998046875,101.66999816894533,12.5600004196167,81.02999877929688,6.0,0.011229618452489376
2014-07-29,6.07,28.345,56.85,37.66,67.25,0.254,0.801,26.51,614.08,1969.949951171875,2183.19189453125,100.97000122070312,13.279999732971191,81.20999908447266,6.0,0.007019360084086657
2014-07-30,5.99,28.141,56.804,37.63,66.71,0.248,0.869,26.16,609.44,1970.0699462890625,2181.242919921875,100.2699966430664,13.329999923706056,81.41999816894531,6.0,0.012180588208138943
2014-07-31,5.79,27.809,56.862,36.97,61.34,0.261,0.868,25.64,595.27,1930.6700439453125,2201.56201171875,98.16999816894533,16.950000762939453,81.45999908447266,6.0,0.017458826303482056
2014-08-01,5.71,27.647,56.089,36.54,61.75,0.253,0.848,25.24,588.64,1925.1500244140625,2185.302978515625,97.87999725341795,17.030000686645508,81.30000305175781,6.0,0.021573860198259354
2014-08-02,5.71,27.647,56.089,36.54,61.75,0.253,0.848,25.24,588.64,1925.1500244140625,2185.302978515625,97.87999725341795,17.030000686645508,81.30000305175781,6.0,0.03911839425563812
2014-08-03,5.71,27.647,56.089,36.54,61.75,0.253,0.848,25.24,588.64,1925.1500244140625,2185.302978515625,97.87999725341795,17.030000686645508,81.30000305175781,6.0,0.05397821217775345
2014-08-04,5.78,27.645,56.272,36.99,61.97,0.259,0.861,25.38,592.52,1938.989990234375,2223.3310546875,98.29000091552734,15.119999885559082,81.33000183105469,6.0,0.06234540790319443
2014-08-05,5.78,27.348,56.005,36.69,61.46,0.255,0.893,25.24,594.43,1920.2099609375,2219.945068359375,97.37999725341795,16.8700008392334,81.5199966430664,6.0,0.06205181032419205
2014-08-06,5.78,27.722,56.734,36.46,61.28,0.265,0.886,25.13,594.47,1920.239990234375,2217.465087890625,96.91999816894533,16.3700008392334,81.44000244140625,6.0,0.05201231688261032
2014-08-07,5.74,27.583,56.658,35.91,60.6,0.264,0.874,24.43,594.0,1909.5699462890625,2187.6689453125,97.33999633789062,16.65999984741211,81.5199966430664,6.0,0.024763988330960274
2014-08-08,5.83,27.081,56.795,36.25,60.92,0.266,0.886,24.7,588.81,1931.5899658203125,2194.425048828125,97.6500015258789,15.770000457763672,81.38999938964844,6.0,0.010750742629170418
2014-08-09,5.83,27.081,56.795,36.25,60.92,0.266,0.886,24.7,588.81,1931.5899658203125,2194.425048828125,97.6500015258789,15.770000457763672,81.38999938964844,6.0,0.0008124596206471324
2014-08-10,5.83,27.081,56.795,36.25,60.92,0.266,0.886,24.7,588.81,1931.5899658203125,2194.425048828125,97.6500015258789,15.770000457763672,81.38999938964844,6.0,-0.0017430882435292006
2014-08-11,5.97,27.234,56.97,36.66,60.89,0.274,0.882,25.54,592.62,1936.9200439453125,2224.654052734375,98.08000183105467,14.229999542236328,81.47000122070312,6.0,0.018297847360372543
2014-08-12,6.01,27.644,57.902,36.64,60.52,0.277,0.86,25.32,594.08,1933.75,2221.594970703125,97.37000274658205,14.130000114440918,81.5,6.0,0.017413292080163956
2014-08-13,5.81,27.513,56.348,36.15,61.39,0.277,0.846,24.98,592.83,1946.719970703125,2222.876953125,97.58999633789062,12.899999618530272,81.5999984741211,6.0,0.011117059737443924
2014-08-14,5.73,27.5,55.855,35.81,60.67,0.274,0.844,25.1,588.83,1955.1800537109373,2206.466064453125,95.58000183105467,12.420000076293944,81.58999633789062,6.0,0.013571619987487793
2014-08-15,5.71,28.138,56.055,35.86,61.16,0.276,0.857,25.01,589.75,1955.06005859375,2226.73388671875,97.3499984741211,13.149999618530272,81.41999816894531,6.0,0.005518930032849312
2014-08-16,5.71,28.138,56.055,35.86,61.16,0.276,0.857,25.01,589.75,1955.06005859375,2226.73388671875,97.3499984741211,13.149999618530272,81.41999816894531,6.0,0.016404103487730026
2014-08-17,5.71,28.138,56.055,35.86,61.16,0.276,0.857,25.01,589.75,1955.06005859375,2226.73388671875,97.3499984741211,13.149999618530272,81.41999816894531,6.0,0.028438257053494453
2014-08-18,5.8,28.213,56.113,36.13,61.66,0.272,0.875,25.4,590.13,1971.739990234375,2239.466064453125,96.41000366210938,12.31999969482422,81.58000183105469,6.0,0.03139535337686539
2014-08-19,5.68,28.54,56.904,36.05,61.97,0.267,0.875,24.9,591.65,1981.5999755859373,2245.330078125,94.4800033569336,12.210000038146973,81.87999725341797,6.0,0.023801710456609726
2014-08-20,5.7,27.387,56.465,36.74,61.93,0.267,0.864,25.12,588.09,1986.510009765625,2240.2109375,96.06999969482422,11.779999732971191,82.25,6.0,0.03221139311790466
2014-08-21,5.72,27.347,56.206,36.44,61.92,0.259,0.837,24.77,586.75,1992.3699951171875,2230.4580078125,93.95999908447266,11.760000228881836,82.1500015258789,6.0,0.027707504108548164
2014-08-22,5.68,27.22,56.113,36.2,61.81,0.265,0.845,24.49,586.64,1988.4000244140625,2240.81201171875,93.6500015258789,11.470000267028809,82.33999633789062,6.0,0.036919817328453064
2014-08-23,5.68,27.22,56.113,36.2,61.81,0.265,0.845,24.49,586.64,1988.4000244140625,2240.81201171875,93.6500015258789,11.470000267028809,82.33999633789062,6.0,0.0319799929857254
2014-08-24,5.68,27.22,56.113,36.2,61.81,0.265,0.845,24.49,586.64,1988.4000244140625,2240.81201171875,93.6500015258789,11.470000267028809,82.33999633789062,6.0,0.050584446638822556
2014-08-25,5.68,27.22,56.113,36.2,61.81,0.265,0.845,24.49,579.94,1997.9200439453125,2229.27392578125,93.3499984741211,11.699999809265137,82.55000305175781,6.0,0.057434406131505966
2014-08-26,5.72,26.782,54.965,36.15,62.34,0.259,0.818,24.77,578.8,2000.02001953125,2207.10595703125,93.86000061035156,11.630000114440918,82.6500015258789,6.0,0.07235201448202133
2014-08-27,5.79,26.957,55.177,36.2,62.4,0.259,0.819,24.68,577.68,2000.1199951171875,2209.465087890625,93.87999725341795,11.779999732971191,82.43000030517578,6.0,0.0799100250005722
2014-08-28,5.7,26.674,54.344,35.92,63.21,0.259,0.801,23.82,569.44,1996.739990234375,2195.818115234375,94.5500030517578,12.050000190734863,82.4800033569336,6.0,0.08747842907905579
2014-08-29,5.73,26.472,53.869,36.13,63.58,0.261,0.809,24.11,568.14,2003.3699951171875,2217.199951171875,95.95999908447266,12.09000015258789,82.75,6.0,0.08527909219264984
2014-08-30,5.73,26.472,53.869,36.13,63.58,0.261,0.809,24.11,568.14,2003.3699951171875,2217.199951171875,95.95999908447266,12.09000015258789,82.75,6.0,0.0897679477930069
2014-08-31,5.73,26.472,53.869,36.13,63.58,0.261,0.809,24.11,568.14,2003.3699951171875,2217.199951171875,95.95999908447266,12.09000015258789,82.75,6.0,0.08966516703367233
2014-09-01,5.72,26.488,54.004,36.13,63.58,0.254,0.819,24.03,571.36,2003.3699951171875,2235.510986328125,95.95999908447266,12.09000015258789,82.75,6.0,0.07179766893386841
2014-09-02,5.77,26.469,53.871,35.26,63.92,0.257,0.828,24.43,571.91,2002.280029296875,2266.0458984375,92.87999725341795,12.25,82.98999786376953,6.0,0.07266265153884888
2014-09-03,5.8,26.157,53.672,35.07,63.56,0.257,0.834,24.7,576.51,2000.719970703125,2288.626953125,95.54000091552734,12.359999656677246,82.87000274658203,6.0,0.07078226655721664
2014-09-04,5.78,26.039,53.522,34.99,63.54,0.262,0.823,24.71,571.83,1997.6500244140625,2306.862060546875,94.4499969482422,12.640000343322754,83.81999969482422,6.0,0.07375019043684006
2014-09-05,5.71,25.854,52.968,34.79,63.72,0.266,0.818,24.25,569.19,2007.7099609375,2326.431884765625,93.29000091552734,12.09000015258789,83.76000213623047,6.0,0.083778515458107
2014-09-06,5.71,25.854,52.968,34.79,63.72,0.266,0.818,24.25,569.19,2007.7099609375,2326.431884765625,93.29000091552734,12.09000015258789,83.76000213623047,6.0,0.07973477244377136
2014-09-07,5.71,25.854,52.968,34.79,63.72,0.266,0.818,24.25,569.19,2007.7099609375,2326.431884765625,93.29000091552734,12.09000015258789,83.76000213623047,6.0,0.08795437961816788
2014-09-08,5.66,25.591,52.175,34.68,63.85,0.263,0.818,23.6,564.18,2001.5400390625,2326.431884765625,92.66000366210938,12.65999984741211,84.2300033569336,6.0,0.08054313063621521
2014-09-09,5.61,25.689,52.373,34.21,63.42,0.263,0.824,23.35,557.81,1988.43994140625,2326.527099609375,92.75,13.5,84.27999877929688,6.0,0.0913805440068245
2014-09-10,5.6,25.348,51.908,34.33,64.7,0.258,0.81,23.31,548.91,1995.68994140625,2318.304931640625,91.66999816894533,12.880000114440918,84.25,6.0,0.08111074566841125
2014-09-11,5.59,24.984,51.621,34.33,64.35,0.257,0.8,23.07,545.2,1997.449951171875,2311.678955078125,92.83000183105467,12.800000190734863,84.30000305175781,6.0,0.08553862571716309
2014-09-12,5.56,25.017,51.545,34.01,63.79,0.252,0.817,22.91,545.01,1985.5400390625,2331.949951171875,92.2699966430664,13.3100004196167,84.23999786376953,6.0,0.08196262270212173
2014-09-13,5.56,25.017,51.545,34.01,63.79,0.252,0.817,22.91,545.01,1985.5400390625,2331.949951171875,92.2699966430664,13.3100004196167,84.23999786376953,6.0,0.09948377311229706
2014-09-14,5.56,25.017,51.545,34.01,63.79,0.252,0.817,22.91,545.01,1985.5400390625,2331.949951171875,92.2699966430664,13.3100004196167,84.23999786376953,6.0,0.10157052427530289
2014-09-15,5.5,24.884,51.296,34.09,64.29,0.252,0.807,22.94,539.44,1984.1300048828125,2339.139892578125,92.91999816894533,14.119999885559082,84.26000213623047,6.0,0.11829753965139389
2014-09-16,5.47,25.14,51.803,34.66,64.98,0.254,0.774,23.14,535.64,1998.97998046875,2296.554931640625,94.87999725341795,12.729999542236328,84.06999969482422,6.0,0.10148954391479492
2014-09-17,5.51,24.833,51.226,34.28,64.94,0.254,0.733,23.13,533.12,2001.5699462890625,2307.89306640625,94.41999816894533,12.649999618530272,84.69999694824219,6.0,0.09445848315954208
2014-09-18,5.59,24.81,51.351,34.08,65.04,0.253,0.733,23.2,525.9,2011.3599853515625,2315.927978515625,93.06999969482422,12.029999732971191,84.31999969482422,6.0,0.1061064824461937
2014-09-19,5.58,24.482,50.636,33.84,64.05,0.252,0.744,22.76,517.91,2010.4000244140625,2329.450927734375,92.41000366210938,12.109999656677246,84.80000305175781,6.0,0.10755584388971329
2014-09-20,5.58,24.482,50.636,33.84,64.05,0.252,0.744,22.76,517.91,2010.4000244140625,2329.450927734375,92.41000366210938,12.109999656677246,84.80000305175781,6.0,0.09427588433027267
2014-09-21,5.58,24.482,50.636,33.84,64.05,0.252,0.744,22.76,517.91,2010.4000244140625,2329.450927734375,92.41000366210938,12.109999656677246,84.80000305175781,6.0,0.10919245332479477
2014-09-22,5.33,23.917,49.088,32.95,63.26,0.253,0.727,22.16,507.08,1994.2900390625,2289.865966796875,91.5199966430664,13.6899995803833,84.66999816894531,6.0,0.11025340110063553
2014-09-23,5.37,23.894,49.039,32.74,63.06,0.25,0.733,22.23,504.43,1982.77001953125,2309.718017578125,91.55999755859376,14.93000030517578,84.66000366210938,6.0,0.112726591527462
2014-09-24,5.44,23.829,49.722,33.03,63.17,0.252,0.749,22.67,506.75,1998.300048828125,2343.574951171875,92.8000030517578,13.270000457763672,85.05000305175781,6.0,0.11270048469305038
2014-09-25,5.32,23.642,49.797,32.45,60.63,0.253,0.765,21.8,499.49,1965.989990234375,2345.10302734375,92.52999877929688,15.640000343322754,85.19999694824219,6.0,0.10563139617443085
2014-09-26,5.27,23.154,48.544,32.65,60.88,0.249,0.758,21.7,502.31,1982.8499755859373,2347.718017578125,93.54000091552734,14.850000381469728,85.63999938964844,6.0,0.09500022977590561
2014-09-27,5.27,23.154,48.544,32.65,60.88,0.249,0.758,21.7,502.31,1982.8499755859373,2347.718017578125,93.54000091552734,14.850000381469728,85.63999938964844,6.0,0.12821665406227112
2014-09-28,5.27,23.154,48.544,32.65,60.88,0.249,0.758,21.7,502.31,1982.8499755859373,2347.718017578125,93.54000091552734,14.850000381469728,85.63999938964844,6.0,0.12515263259410858
2014-09-29,5.25,22.725,47.545,32.19,60.03,0.25,0.758,21.34,487.77,1977.800048828125,2357.7109375,94.56999969482422,15.979999542236328,85.58999633789062,6.0,0.11977417021989822
2014-09-30,5.3,22.91,48.017,32.43,58.9,0.243,0.766,21.31,479.53,1972.2900390625,2363.8701171875,91.16000366210938,16.309999465942383,85.94000244140625,6.0,0.1172560304403305
2014-10-01,5.19,22.97,47.716,31.67,57.79,0.243,0.766,20.95,472.69,1946.1600341796875,2363.8701171875,90.7300033569336,16.709999084472656,85.97000122070312,6.0,0.10666470229625702
2014-10-02,5.08,22.912,47.817,31.86,58.88,0.243,0.766,20.34,473.0,1946.1700439453125,2363.8701171875,91.01000213623048,16.15999984741211,85.5999984741211,6.0,0.10711006820201874
2014-10-03,5.06,22.439,46.999,32.11,58.98,0.241,0.766,19.92,467.23,1967.9000244140625,2363.8701171875,89.73999786376953,14.550000190734863,86.69000244140625,6.0,0.11196029931306839
2014-10-04,5.06,22.439,46.999,32.11,58.98,0.241,0.766,19.92,467.23,1967.9000244140625,2363.8701171875,89.73999786376953,14.550000190734863,86.69000244140625,6.0,0.12196030467748642
2014-10-05,5.06,22.439,46.999,32.11,58.98,0.241,0.766,19.92,467.23,1967.9000244140625,2363.8701171875,89.73999786376953,14.550000190734863,86.69000244140625,6.0,0.1445203423500061
2014-10-06,5.2,22.159,46.498,32.28,59.51,0.246,0.766,20.59,473.98,1964.8199462890625,2363.8701171875,90.33999633789062,15.460000038146973,85.70999908447266,6.0,0.15384146571159363
2014-10-07,5.07,22.666,48.805,31.39,58.46,0.249,0.766,21.01,467.58,1935.0999755859373,2363.8701171875,88.8499984741211,17.200000762939453,85.66999816894531,6.0,0.14030808210372925
2014-10-08,5.03,22.454,48.14,32.09,58.69,0.245,0.78,20.54,466.14,1968.8900146484373,2382.7939453125,87.30999755859375,15.109999656677246,85.30000305175781,6.0,0.1305845081806183
2014-10-09,4.94,22.555,47.754,30.93,56.3,0.251,0.808,20.75,460.89,1928.2099609375,2389.37109375,85.7699966430664,18.76000022888184,85.5199966430664,6.0,0.13947337865829468
2014-10-10,4.78,21.695,45.81,30.46,55.03,0.247,0.79,20.23,453.21,1906.1300048828125,2374.5400390625,85.81999969482422,21.239999771118164,85.91000366210938,6.0,0.12659332156181335
2014-10-11,4.78,21.695,45.81,30.46,55.03,0.247,0.79,20.23,453.21,1906.1300048828125,2374.5400390625,85.81999969482422,21.239999771118164,85.91000366210938,6.0,0.10724950581789017
2014-10-12,4.78,21.695,45.81,30.46,55.03,0.247,0.79,20.23,453.21,1906.1300048828125,2374.5400390625,85.81999969482422,21.239999771118164,85.91000366210938,6.0,0.11061263829469681
2014-10-13,4.91,22.109,47.158,30.52,53.16,0.247,0.775,21.2,453.14,1874.739990234375,2366.009033203125,85.73999786376953,24.63999938964844,85.43000030517578,6.0,0.08957479894161224
2014-10-14,4.94,22.54,48.768,30.59,53.51,0.249,0.779,21.49,458.58,1877.699951171875,2359.47509765625,81.83999633789062,22.790000915527344,85.81999969482422,6.0,0.07147502899169922
2014-10-15,4.83,23.069,49.598,29.83,53.72,0.249,0.783,21.05,453.76,1862.489990234375,2373.669921875,81.77999877929688,25.270000457763672,85.1500015258789,6.0,0.059888213872909546
2014-10-16,4.86,22.573,48.328,30.04,53.89,0.247,0.79,20.87,451.88,1862.760009765625,2356.4990234375,82.69999694824219,25.200000762939453,85.0,6.0,0.025305140763521194
2014-10-17,4.93,22.587,47.837,30.14,54.59,0.246,0.787,20.86,456.09,1886.760009765625,2341.18408203125,82.75,21.989999771118164,85.19000244140625,6.0,0.017616571858525276
2014-10-18,4.93,22.587,47.837,30.14,54.59,0.246,0.787,20.86,456.09,1886.760009765625,2341.18408203125,82.75,21.989999771118164,85.19000244140625,6.0,0.0319671593606472
2014-10-19,4.93,22.587,47.837,30.14,54.59,0.246,0.787,20.86,456.09,1886.760009765625,2341.18408203125,82.75,21.989999771118164,85.19000244140625,6.0,0.038023218512535095
2014-10-20,4.9,22.981,48.331,30.56,55.36,0.249,0.803,20.94,453.96,1904.010009765625,2356.72802734375,82.70999908447266,18.56999969482422,84.94999694824219,6.0,0.02096494287252426
2014-10-21,4.96,22.915,48.514,31.29,56.53,0.246,0.771,21.03,460.1,1941.280029296875,2339.656982421875,82.80999755859375,16.079999923706055,85.30999755859375,6.0,0.016496220603585243
2014-10-22,4.9,23.26,49.5,30.69,55.24,0.249,0.737,20.67,454.93,1927.1099853515625,2326.552978515625,80.5199966430664,17.8700008392334,85.73999786376953,6.0,0.004589834250509739
2014-10-23,4.91,22.793,48.334,30.76,56.8,0.245,0.712,20.39,450.64,1950.8199462890625,2302.41796875,82.08999633789062,16.530000686645508,85.83999633789062,6.0,0.021789802238345146
2014-10-24,4.86,22.95,48.667,30.6,57.2,0.246,0.707,19.98,442.05,1964.5799560546875,2302.280029296875,81.01000213623047,16.110000610351562,85.7300033569336,6.0,0.020172517746686935
2014-10-25,4.86,22.95,48.667,30.6,57.2,0.246,0.707,19.98,442.05,1964.5799560546875,2302.280029296875,81.01000213623047,16.110000610351562,85.7300033569336,6.0,0.029864050447940826
2014-10-26,4.86,22.95,48.667,30.6,57.2,0.246,0.707,19.98,442.05,1964.5799560546875,2302.280029296875,81.01000213623047,16.110000610351562,85.7300033569336,6.0,0.041846707463264465
2014-10-27,4.8,23.016,48.495,30.09,56.53,0.241,0.713,19.85,434.68,1961.6300048828125,2290.43701171875,81.0,16.040000915527344,85.5,6.0,0.011885814368724823
2014-10-28,4.91,22.819,48.167,28.84,57.99,0.249,0.731,20.59,441.09,1985.050048828125,2337.87109375,81.41999816894531,14.390000343322754,85.41000366210938,6.0,0.019457519054412842
2014-10-29,4.94,22.985,48.36,28.8,57.19,0.254,0.741,20.56,444.05,1982.300048828125,2373.030029296875,82.19999694824219,15.149999618530272,85.94999694824219,6.0,0.04322577640414238
2014-10-30,4.83,22.911,48.251,27.89,57.35,0.255,0.733,20.06,437.27,1994.6500244140625,2391.075927734375,81.12000274658203,14.520000457763672,86.1500015258789,6.0,0.045066818594932556
2014-10-31,4.87,23.099,48.959,28.31,58.38,0.257,0.726,20.0,437.47,2018.050048828125,2420.177978515625,80.54000091552734,14.029999732971191,86.87999725341797,6.0,0.052307333797216415
2014-11-01,4.87,23.099,48.959,28.31,58.38,0.257,0.726,20.0,437.47,2018.050048828125,2420.177978515625,80.54000091552734,14.029999732971191,86.87999725341797,6.0,0.05422494560480118
2014-11-02,4.87,23.099,48.959,28.31,58.38,0.257,0.726,20.0,437.47,2018.050048828125,2420.177978515625,80.54000091552734,14.029999732971191,86.87999725341797,6.0,0.07438888400793076
2014-11-03,4.79,22.627,47.809,27.61,58.73,0.258,0.734,19.96,435.37,2017.81005859375,2430.970947265625,78.77999877929688,14.729999542236328,87.30999755859375,6.0,0.0632987841963768
2014-11-04,4.73,22.986,48.599,27.61,58.8,0.257,0.74,20.14,437.17,2012.0999755859373,2430.737060546875,77.19000244140625,14.890000343322754,86.9800033569336,6.0,0.09065588563680649
2014-11-05,4.79,22.471,47.625,26.95,60.75,0.255,0.74,20.17,429.82,2023.5699462890625,2420.39599609375,78.68000030517578,14.170000076293944,87.44000244140625,6.0,0.08669564872980118
2014-11-06,4.81,22.358,47.316,27.39,60.86,0.253,0.75,19.98,422.92,2031.2099609375,2425.80908203125,77.91000366210938,13.670000076293944,88.01000213623047,6.0,0.09271112084388733
2014-11-07,4.92,23.028,48.288,28.15,61.18,0.252,0.718,20.56,430.92,2031.9200439453125,2419.14599609375,78.6500015258789,13.119999885559082,87.63999938964844,6.0,0.11102249473333359
2014-11-08,4.92,23.028,48.288,28.15,61.18,0.252,0.718,20.56,430.92,2031.9200439453125,2419.14599609375,78.6500015258789,13.119999885559082,87.63999938964844,6.0,0.1228540688753128
2014-11-09,4.92,23.028,48.288,28.15,61.18,0.252,0.718,20.56,430.92,2031.9200439453125,2419.14599609375,78.6500015258789,13.119999885559082,87.63999938964844,6.0,0.1292838603258133
2014-11-10,4.93,23.12,48.644,27.84,61.45,0.271,0.71,20.46,433.98,2038.260009765625,2473.18310546875,77.4000015258789,12.670000076293944,87.80999755859375,6.0,0.13886810839176178
2014-11-11,4.96,22.954,48.432,28.24,62.04,0.275,0.689,20.29,438.4,2039.6800537109373,2470.594970703125,77.94000244140625,12.920000076293944,87.52999877929688,6.0,0.13499662280082703
2014-11-12,4.96,22.385,47.727,28.37,61.56,0.279,0.703,20.45,434.81,2038.25,2494.27587890625,77.18000030517578,13.020000457763672,87.81999969482422,6.0,0.13895021378993988
2014-11-13,4.92,22.426,47.977,27.72,61.88,0.282,0.69,20.3,435.19,2039.3299560546875,2486.669921875,74.20999908447266,13.789999961853027,87.66999816894531,6.0,0.1401621401309967
2014-11-14,4.9,22.485,48.385,28.11,61.74,0.282,0.729,20.16,438.06,2039.8199462890625,2479.18505859375,75.81999969482422,13.3100004196167,87.52999877929688,6.0,0.12699370086193085
2014-11-15,4.9,22.485,48.385,28.11,61.74,0.282,0.729,20.16,438.06,2039.8199462890625,2479.18505859375,75.81999969482422,13.3100004196167,87.52999877929688,6.0,0.1549539417028427
2014-11-16,4.9,22.485,48.385,28.11,61.74,0.282,0.729,20.16,438.06,2039.8199462890625,2479.18505859375,75.81999969482422,13.3100004196167,87.52999877929688,6.0,0.1753878891468048
2014-11-17,4.94,22.375,48.071,28.23,61.6,0.266,0.731,20.38,434.4,2041.3199462890625,2475.1201171875,75.63999938964844,13.989999771118164,87.93000030517578,6.0,0.16678684949874878
2014-11-18,4.94,22.369,47.77,28.0,61.69,0.257,0.733,20.23,430.1,2051.800048828125,2457.529052734375,74.61000061035156,13.859999656677246,87.58000183105469,6.0,0.1406780481338501
2014-11-19,4.91,21.775,46.044,27.89,61.55,0.259,0.724,19.7,428.42,2048.719970703125,2451.1669921875,74.58000183105469,13.960000038146973,87.6500015258789,6.0,0.15965662896633148
2014-11-20,4.84,21.192,44.792,28.38,61.55,0.257,0.716,19.28,426.79,2052.75,2452.616943359375,75.58000183105469,13.579999923706056,87.58999633789062,6.0,0.15928640961647034
2014-11-21,5.01,21.246,45.047,29.39,61.78,0.26,0.72,20.51,433.74,2063.5,2487.111083984375,76.51000213623047,12.899999618530272,88.30999755859375,6.0,0.16484034061431885
2014-11-22,5.01,21.246,45.047,29.39,61.78,0.26,0.72,20.51,433.74,2063.5,2487.111083984375,76.51000213623047,12.899999618530272,88.30999755859375,6.0,0.16670027375221252
2014-11-23,5.01,21.246,45.047,29.39,61.78,0.26,0.72,20.51,433.74,2063.5,2487.111083984375,76.51000213623047,12.899999618530272,88.30999755859375,6.0,0.15728940069675446
2014-11-24,4.97,21.918,46.277,28.92,61.85,0.266,0.728,20.19,431.95,2069.409912109375,2533.887939453125,75.77999877929688,12.619999885559082,88.1500015258789,6.0,0.17176884412765503
2014-11-25,4.96,21.169,45.11,29.09,61.32,0.272,0.757,19.83,431.83,2067.030029296875,2567.596923828125,74.08999633789062,12.25,87.91999816894531,6.0,0.16327723860740662
2014-11-26,4.98,21.503,45.987,29.15,61.67,0.272,0.745,20.2,432.82,2072.830078125,2604.886962890625,73.69000244140625,12.06999969482422,87.61000061035156,6.0,0.17109252512454987
2014-11-27,4.9,21.14,45.669,29.15,61.67,0.271,0.795,20.2,431.34,2072.830078125,2630.0458984375,73.69000244140625,12.06999969482422,87.61000061035156,6.0,0.17282049357891083
2014-11-28,4.78,20.35,46.345,26.67,59.04,0.267,0.792,19.63,420.19,2067.56005859375,2682.9189453125,66.1500015258789,13.329999923706056,88.36000061035156,6.0,0.16880108416080475
2014-11-29,4.78,20.35,46.345,26.67,59.04,0.267,0.792,19.63,420.19,2067.56005859375,2682.9189453125,66.1500015258789,13.329999923706056,88.36000061035156,6.0,0.15501663088798523
2014-11-30,4.78,20.35,46.345,26.67,59.04,0.267,0.792,19.63,420.19,2067.56005859375,2682.9189453125,66.1500015258789,13.329999923706056,88.36000061035156,6.0,0.18932050466537476
2014-12-01,4.75,19.219,44.327,26.03,58.34,0.257,0.778,19.48,408.9,2053.43994140625,2680.739990234375,69.0,14.15999984741211,87.94999694824219,6.0,0.19172883033752441
2014-12-02,4.76,19.843,45.054,25.7,58.88,0.266,0.778,19.4,406.97,2066.550048828125,2763.31689453125,66.87999725341797,12.850000381469728,88.6500015258789,6.0,0.17977938055992126
2014-12-03,4.82,19.78,44.89,26.52,61.4,0.27,0.808,19.66,408.68,2074.330078125,2779.736083984375,67.37999725341797,12.5,88.95999908447266,6.0,0.18371683359146118
2014-12-04,4.77,20.024,45.71,26.26,61.8,0.274,0.808,19.1,406.47,2071.919921875,2900.362060546875,66.80999755859375,12.380000114440918,88.69999694824219,6.0,0.17404738068580627
2014-12-05,4.7,19.583,43.829,25.84,62.38,0.27,0.767,18.76,404.54,2075.3701171875,2938.781005859375,65.83999633789062,11.890000343322754,89.33000183105469,6.0,0.1852940171957016
2014-12-06,4.7,19.583,43.829,25.84,62.38,0.27,0.767,18.76,404.54,2075.3701171875,2938.781005859375,65.83999633789062,11.890000343322754,89.33000183105469,6.0,0.20151685178279877
2014-12-07,4.7,19.583,43.829,25.84,62.38,0.27,0.767,18.76,404.54,2075.3701171875,2938.781005859375,65.83999633789062,11.890000343322754,89.33000183105469,6.0,0.20471085608005524
2014-12-08,4.68,19.305,43.658,24.96,61.83,0.268,0.746,18.49,399.65,2060.31005859375,3021.52392578125,63.04999923706055,14.210000038146973,89.04000091552734,6.0,0.21653491258621216
2014-12-09,4.66,18.52,42.407,24.96,62.34,0.268,0.689,18.2,396.8,2059.820068359375,2859.9189453125,63.81999969482422,15.350000381469728,88.69000244140625,6.0,0.221469908952713
2014-12-10,4.58,18.907,43.23,23.8,59.0,0.275,0.712,18.02,397.32,2026.1400146484373,2940.876953125,60.93999862670898,18.530000686645508,88.2699966430664,6.0,0.21524128317832947
2014-12-11,4.42,18.553,41.954,22.83,57.87,0.27,0.72,17.52,391.41,2035.3299560546875,2925.742919921875,59.95000076293945,20.07999992370605,88.66000366210938,6.0,0.2118416279554367
2014-12-12,4.31,18.139,40.756,21.64,55.6,0.271,0.731,16.96,398.16,2002.3299560546875,2938.173095703125,57.810001373291016,21.07999992370605,88.36000061035156,6.0,0.19100861251354218
2014-12-13,4.31,18.139,40.756,21.64,55.6,0.271,0.731,16.96,398.16,2002.3299560546875,2938.173095703125,57.810001373291016,21.07999992370605,88.36000061035156,6.0,0.22375790774822235
2014-12-14,4.31,18.139,40.756,21.64,55.6,0.271,0.731,16.96,398.16,2002.3299560546875,2938.173095703125,57.810001373291016,21.07999992370605,88.36000061035156,6.0,0.23293496668338776
2014-12-15,4.17,17.986,40.47,20.89,54.76,0.272,0.725,16.31,392.39,1989.6300048828125,2953.4208984375,55.90999984741211,20.420000076293945,88.45999908447266,6.0,0.21727655827999115
2014-12-16,4.3,17.427,39.87,21.05,54.97,0.272,0.715,17.02,392.83,1972.739990234375,3021.51806640625,55.93000030517578,23.56999969482422,88.12999725341797,6.0,0.20870071649551392
2014-12-17,4.34,17.278,39.946,21.98,57.2,0.267,0.709,17.11,400.71,2012.8900146484373,3061.02001953125,56.470001220703125,19.440000534057617,89.12999725341797,6.0,0.1905970722436905
2014-12-18,4.33,17.706,41.178,22.67,58.84,0.269,0.699,17.36,406.15,2061.22998046875,3057.52099609375,54.11000061035156,16.809999465942383,89.23999786376953,6.0,0.19547298550605774
2014-12-19,4.44,18.248,42.233,23.25,58.69,0.28,0.691,17.71,410.96,2070.64990234375,3108.595947265625,56.52000045776367,16.489999771118164,89.5999984741211,6.0,0.19925014674663544
2014-12-20,4.44,18.248,42.233,23.25,58.69,0.28,0.691,17.71,410.96,2070.64990234375,3108.595947265625,56.52000045776367,16.489999771118164,89.5999984741211,6.0,0.20584650337696075
2014-12-21,4.44,18.248,42.233,23.25,58.69,0.28,0.691,17.71,410.96,2070.64990234375,3108.595947265625,56.52000045776367,16.489999771118164,89.5999984741211,6.0,0.19474683701992035
2014-12-22,4.41,18.769,43.265,22.4,60.0,0.282,0.656,17.37,406.48,2078.5400390625,3127.445068359375,55.2599983215332,15.25,89.7699966430664,6.0,0.16450873017311096
2014-12-23,4.45,18.052,41.667,22.69,60.82,0.275,0.662,17.41,403.25,2082.169921875,3032.612060546875,57.119998931884766,14.800000190734863,90.05999755859375,6.0,0.18948745727539062
2014-12-24,4.45,18.159,42.265,22.76,60.48,0.276,0.67,17.46,403.25,2081.8798828125,2972.531982421875,55.84000015258789,14.369999885559082,89.97000122070312,6.0,0.22371530532836914
2014-12-25,4.45,18.159,42.265,22.76,60.48,0.276,0.67,17.46,404.8746,2081.8798828125,2972.531982421875,55.84000015258789,14.369999885559082,89.97000122070312,6.0,0.22547650337219238
2014-12-26,4.45,18.159,42.265,22.76,60.48,0.276,0.67,17.46,407.4185,2088.77001953125,3157.60302734375,54.72999954223633,14.5,90.02999877929688,6.0,0.2432168424129486
2014-12-27,4.45,18.159,42.265,22.76,60.48,0.276,0.67,17.46,407.4185,2088.77001953125,3157.60302734375,54.72999954223633,14.5,90.02999877929688,6.0,0.23694223165512085
2014-12-28,4.45,18.159,42.265,22.76,60.48,0.276,0.67,17.46,407.4185,2088.77001953125,3157.60302734375,54.72999954223633,14.5,90.02999877929688,6.0,0.2382632941007614
2014-12-29,4.46,18.67,43.494,23.11,60.94,0.286,0.648,17.89,410.53,2090.570068359375,3168.01611328125,53.61000061035156,15.0600004196167,90.19000244140624,6.0,0.24815554916858673
2014-12-30,4.45,18.654,43.398,23.42,60.8,0.28,0.611,17.78,409.68,2080.35009765625,3165.81494140625,54.119998931884766,15.920000076293944,89.98999786376953,6.0,0.2370140105485916
2014-12-31,4.43,18.555,43.66,23.21,60.13,0.284,0.579,17.75,415.29,2058.89990234375,3234.677001953125,53.27000045776367,19.200000762939453,90.2699966430664,6.0,0.23760995268821716
2015-01-01,4.43,18.555,43.66,23.21,60.13,0.284,0.579,17.75,415.29,2058.89990234375,3234.677001953125,53.27000045776367,19.200000762939453,90.2699966430664,6.0,0.24219441413879395
2015-01-02,4.34,18.478,43.473,23.39,60.31,0.285,0.579,17.24,414.02,2058.199951171875,3234.677001953125,52.68999862670898,17.790000915527344,91.08000183105467,6.0,0.23336882889270782
2015-01-03,4.34,18.478,43.473,23.39,60.31,0.285,0.579,17.24,414.02,2058.199951171875,3234.677001953125,52.68999862670898,17.790000915527344,91.08000183105467,6.0,0.23013940453529358
2015-01-04,4.34,18.478,43.473,23.39,60.31,0.285,0.579,17.24,414.02,2058.199951171875,3234.677001953125,52.68999862670898,17.790000915527344,91.08000183105467,6.0,0.22179970145225525
2015-01-05,4.1,18.429,43.558,22.0,58.31,0.295,0.612,16.31,405.81,2020.5799560546875,3350.51904296875,50.040000915527344,19.920000076293945,91.37999725341795,6.0,0.20354367792606354
2015-01-06,4.1,17.577,42.905,22.38,57.17,0.298,0.62,16.62,404.02,2002.6099853515625,3351.446044921875,47.93000030517578,21.1200008392334,91.5,6.0,0.22002887725830078
2015-01-07,4.1,17.561,42.645,22.71,56.94,0.304,0.615,16.54,406.16,2025.9000244140625,3373.9541015625,48.650001525878906,19.309999465942383,91.88999938964844,6.0,0.23371268808841705
2015-01-08,4.2,17.829,43.9,23.22,58.73,0.316,0.606,16.92,408.02,2062.139892578125,3293.4560546875,48.790000915527344,17.010000228881836,92.37000274658205,6.0,0.2274751365184784
2015-01-09,4.13,18.495,44.889,23.3,59.02,0.315,0.61,16.59,407.46,2044.81005859375,3285.412109375,48.36000061035156,17.549999237060547,91.94000244140624,6.0,0.2313818633556366
2015-01-10,4.13,18.495,44.889,23.3,59.02,0.315,0.61,16.59,407.46,2044.81005859375,3285.412109375,48.36000061035156,17.549999237060547,91.94000244140624,6.0,0.23637886345386505
2015-01-11,4.13,18.495,44.889,23.3,59.02,0.315,0.61,16.59,407.46,2044.81005859375,3285.412109375,48.36000061035156,17.549999237060547,91.94000244140624,6.0,0.23865751922130585
2015-01-12,4.04,17.985,43.971,22.92,59.7,0.311,0.636,16.42,399.85,2028.260009765625,3229.31591796875,46.06999969482422,19.600000381469727,91.9800033569336,6.0,0.24096478521823883
2015-01-13,3.88,17.664,43.237,20.9,60.99,0.319,0.67,16.49,395.63,2023.030029296875,3235.301025390625,45.88999938964844,20.559999465942383,92.30999755859376,6.0,0.23538215458393097
2015-01-14,3.54,17.138,41.695,18.62,59.52,0.3,0.652,15.08,389.59,2011.27001953125,3222.43701171875,48.47999954223633,21.479999542236328,92.16000366210938,6.0,0.22221577167510986
2015-01-15,3.48,17.088,41.009,18.21,58.08,0.294,0.647,15.27,385.36,1992.6700439453125,3336.455078125,46.25,22.38999938964844,92.3499984741211,6.0,0.21417707204818726
2015-01-16,3.64,17.207,40.844,19.11,58.52,0.304,0.651,15.82,386.15,2019.4200439453125,3376.4951171875,48.68999862670898,20.950000762939453,92.5199966430664,6.0,0.18775077164173126
2015-01-17,3.64,17.207,40.844,19.11,58.52,0.304,0.651,15.82,386.15,2019.4200439453125,3376.4951171875,48.68999862670898,20.950000762939453,92.5199966430664,6.0,0.17963652312755585
2015-01-18,3.64,17.207,40.844,19.11,58.52,0.304,0.651,15.82,386.15,2019.4200439453125,3376.4951171875,48.68999862670898,20.950000762939453,92.5199966430664,6.0,0.19283215701580048
2015-01-19,3.57,17.599,40.984,19.11,58.52,0.31,0.62,15.63,389.49,2019.4200439453125,3116.35107421875,48.68999862670898,20.950000762939453,92.5199966430664,6.0,0.2038670927286148
2015-01-20,3.71,17.361,40.415,19.14,57.8,0.31,0.64,16.13,388.28,2022.550048828125,3173.052001953125,46.38999938964844,19.88999938964844,93.0500030517578,6.0,0.2079736441373825
2015-01-21,3.72,17.539,41.043,19.72,58.61,0.325,0.653,16.13,391.57,2032.1199951171875,3323.611083984375,47.77999877929688,18.850000381469727,92.9000015258789,6.0,0.22078268229961395
2015-01-22,3.79,17.903,41.776,19.89,59.55,0.329,0.675,16.32,398.0,2063.14990234375,3343.343994140625,46.310001373291016,16.399999618530273,94.23999786376952,6.0,0.21689292788505554
2015-01-23,3.56,17.962,41.418,19.11,56.84,0.338,0.659,15.7,398.26,2051.820068359375,3351.763916015625,45.59000015258789,16.65999984741211,95.0,6.0,0.2049165517091751
2015-01-24,3.56,17.962,41.418,19.11,56.84,0.338,0.659,15.7,398.26,2051.820068359375,3351.763916015625,45.59000015258789,16.65999984741211,95.0,6.0,0.21214227378368378
2015-01-25,3.56,17.962,41.418,19.11,56.84,0.338,0.659,15.7,398.26,2051.820068359375,3351.763916015625,45.59000015258789,16.65999984741211,95.0,6.0,0.21166324615478516
2015-01-26,3.63,17.962,41.418,19.43,57.14,0.337,0.668,16.0,400.06,2057.090087890625,3383.181884765625,45.150001525878906,15.520000457763672,94.8000030517578,6.0,0.19834952056407928
2015-01-27,3.68,17.761,41.521,18.26,56.37,0.323,0.693,15.73,396.2,2029.550048828125,3352.9599609375,46.22999954223633,17.219999313354492,94.0199966430664,6.0,0.1968315839767456
2015-01-28,3.72,17.652,41.411,17.31,55.37,0.324,0.715,16.02,394.6,2002.1600341796875,3305.738037109375,44.45000076293945,20.440000534057617,94.47000122070312,6.0,0.19174909591674805
2015-01-29,3.59,17.372,40.789,16.72,47.77,0.313,0.69,15.7,389.7,2021.25,3262.304931640625,44.52999877929688,18.76000022888184,94.77999877929688,6.0,0.18986068665981293
2015-01-30,3.57,17.576,41.196,16.7,48.26,0.303,0.675,15.92,389.75,1994.989990234375,3210.363037109375,48.2400016784668,20.96999931335449,94.8000030517578,6.0,0.1954520344734192
2015-01-31,3.57,17.576,41.196,16.7,48.26,0.303,0.675,15.92,389.75,1994.989990234375,3210.363037109375,48.2400016784668,20.96999931335449,94.8000030517578,6.0,0.208586186170578
2015-02-01,3.57,17.576,41.196,16.7,48.26,0.303,0.675,15.92,389.75,1994.989990234375,3210.363037109375,48.2400016784668,20.96999931335449,94.8000030517578,6.0,0.22054554522037506
2015-02-02,3.63,17.86,41.317,17.33,47.92,0.316,0.676,16.05,390.0,2020.8499755859373,3128.300048828125,49.56999969482422,19.43000030517578,94.5,6.0,0.21811801195144653
2015-02-03,3.89,18.47,42.061,18.85,49.38,0.315,0.686,16.85,404.81,2050.030029296875,3204.906982421875,53.04999923706055,17.329999923706055,93.5999984741211,6.0,0.20476926863193512
2015-02-04,3.86,19.174,43.37,18.17,48.85,0.306,0.687,16.58,402.54,2041.510009765625,3174.1259765625,48.45000076293945,18.32999992370605,93.98999786376952,6.0,0.19412656128406525
2015-02-05,3.92,18.905,43.241,19.46,49.75,0.299,0.674,17.05,403.83,2062.52001953125,3136.531005859375,50.47999954223633,16.850000381469727,94.6999969482422,6.0,0.20538374781608582
2015-02-06,3.85,19.015,43.517,18.73,51.08,0.295,0.649,16.58,402.74,2055.469970703125,3075.906982421875,51.68999862670898,17.290000915527344,94.6999969482422,6.0,0.20476625859737396
2015-02-07,3.85,19.015,43.517,18.73,51.08,0.295,0.649,16.58,402.74,2055.469970703125,3075.906982421875,51.68999862670898,17.290000915527344,94.6999969482422,6.0,0.2217041403055191
2015-02-08,3.85,19.015,43.517,18.73,51.08,0.295,0.649,16.58,402.74,2055.469970703125,3075.906982421875,51.68999862670898,17.290000915527344,94.6999969482422,6.0,0.21154847741127014
2015-02-09,3.99,18.834,43.337,19.38,52.14,0.294,0.634,17.1,400.81,2046.739990234375,3095.1240234375,52.86000061035156,18.549999237060547,94.4499969482422,6.0,0.18797650933265686
2015-02-10,3.94,18.863,43.46,18.59,52.17,0.295,0.648,16.64,399.4,2068.590087890625,3141.593017578125,50.02000045776367,17.229999542236328,94.76000213623048,6.0,0.18289245665073395
2015-02-11,3.94,18.486,42.529,18.48,53.18,0.295,0.665,16.25,403.73,2068.530029296875,3157.7041015625,48.84000015258789,16.959999084472656,94.98999786376952,6.0,0.17512400448322296
2015-02-12,4.06,18.363,42.689,19.34,53.96,0.297,0.666,17.02,411.01,2088.47998046875,3173.416015625,51.209999084472656,15.34000015258789,94.08999633789062,6.0,0.17347048223018646
2015-02-13,4.2,19.329,45.667,20.16,54.59,0.298,0.678,17.61,420.79,2096.989990234375,3203.826904296875,52.77999877929688,14.6899995803833,94.1999969482422,6.0,0.17837612330913544
2015-02-14,4.2,19.329,45.667,20.16,54.59,0.298,0.678,17.61,420.79,2096.989990234375,3203.826904296875,52.77999877929688,14.6899995803833,94.1999969482422,6.0,0.17337223887443542
2015-02-15,4.2,19.329,45.667,20.16,54.59,0.298,0.678,17.61,420.79,2096.989990234375,3203.826904296875,52.77999877929688,14.6899995803833,94.1999969482422,6.0,0.17098356783390045
2015-02-16,4.24,19.563,45.495,20.16,54.59,0.296,0.72,17.8,423.89,2096.989990234375,3222.363037109375,52.77999877929688,14.6899995803833,94.1999969482422,6.0,0.16542237997055054
2015-02-17,4.2,19.681,45.746,20.81,54.79,0.291,0.791,18.0,426.1,2100.340087890625,3246.906005859375,53.52999877929688,15.800000190734863,94.05999755859376,6.0,0.14764216542243958
2015-02-18,4.25,19.923,45.619,21.15,54.86,0.293,0.791,18.45,420.58,2099.679931640625,3246.906005859375,52.13999938964844,15.449999809265137,94.1999969482422,6.0,0.13740889728069305
2015-02-19,4.16,19.585,45.694,20.97,54.43,0.293,0.791,17.9,424.12,2097.449951171875,3246.906005859375,51.15999984741211,15.289999961853027,94.4000015258789,6.0,0.11164998263120651
2015-02-20,4.28,19.589,46.067,21.14,55.47,0.293,0.791,18.23,428.22,2110.300048828125,3246.906005859375,50.34000015258789,14.300000190734863,94.25,6.0,0.10559625923633575
2015-02-21,4.28,19.589,46.067,21.14,55.47,0.293,0.791,18.23,428.22,2110.300048828125,3246.906005859375,50.34000015258789,14.300000190734863,94.25,6.0,0.06915050745010376
2015-02-22,4.28,19.589,46.067,21.14,55.47,0.293,0.791,18.23,428.22,2110.300048828125,3246.906005859375,50.34000015258789,14.300000190734863,94.25,6.0,0.08843003213405609
2015-02-23,4.23,19.371,45.931,20.45,55.56,0.293,0.791,17.58,428.99,2109.659912109375,3246.906005859375,49.45000076293945,14.5600004196167,94.56999969482422,6.0,0.09514055401086807
2015-02-24,4.35,20.015,45.545,21.08,56.08,0.289,0.791,18.15,433.12,2115.47998046875,3246.906005859375,49.27999877929688,13.6899995803833,94.48999786376952,6.0,0.08582049608230591
2015-02-25,4.42,20.423,46.184,21.36,56.33,0.293,0.761,18.06,429.69,2113.860107421875,3228.843017578125,50.9900016784668,13.84000015258789,94.20999908447266,6.0,0.09968852251768112
2015-02-26,4.4,20.245,45.784,20.97,56.3,0.304,0.82,17.82,431.38,2110.739990234375,3298.35888671875,48.16999816894531,13.90999984741211,95.29000091552734,6.0,0.12073977291584015
2015-02-27,4.41,20.325,46.354,21.49,56.57,0.297,0.83,17.73,432.59,2104.5,3310.302978515625,49.7599983215332,13.34000015258789,95.25,6.0,0.12992338836193085
2015-02-28,4.41,20.325,46.354,21.49,56.57,0.297,0.83,17.73,432.59,2104.5,3310.302978515625,49.7599983215332,13.34000015258789,95.25,6.0,0.1438998579978943
2015-03-01,4.41,20.325,46.354,21.49,56.57,0.297,0.83,17.73,432.59,2104.5,3310.302978515625,49.7599983215332,13.34000015258789,95.25,9.0,0.1294906586408615
2015-03-02,4.4,20.493,46.944,20.99,56.68,0.297,0.866,17.52,428.2,2117.389892578125,3336.284912109375,49.59000015258789,13.039999961853027,95.45999908447266,9.0,0.13087105751037598
2015-03-03,4.26,20.266,46.653,20.85,56.74,0.297,0.829,17.57,424.29,2107.780029296875,3263.052001953125,50.52000045776367,13.859999656677246,95.37999725341795,9.0,0.128157377243042
2015-03-04,4.12,20.127,44.925,20.73,55.4,0.297,0.824,16.91,424.17,2098.530029296875,3279.532958984375,51.52999877929688,14.229999542236328,95.97000122070312,9.0,0.13202938437461853
2015-03-05,4.24,19.952,43.839,20.06,55.28,0.294,0.895,16.85,417.89,2101.0400390625,3248.47607421875,50.7599983215332,14.039999961853027,96.37999725341795,9.0,0.12681157886981964
2015-03-06,4.15,19.467,42.915,19.31,54.83,0.298,0.837,16.22,413.13,2071.260009765625,3241.18701171875,49.61000061035156,15.199999809265137,97.62000274658205,9.0,0.12074216455221176
2015-03-07,4.15,19.467,42.915,19.31,54.83,0.298,0.837,16.22,413.13,2071.260009765625,3241.18701171875,49.61000061035156,15.199999809265137,97.62000274658205,9.0,0.13817420601844788
2015-03-08,4.15,19.467,42.915,19.31,54.83,0.298,0.837,16.22,413.13,2071.260009765625,3241.18701171875,49.61000061035156,15.199999809265137,97.62000274658205,9.0,0.14729812741279602
2015-03-09,4.28,19.15,42.015,19.49,54.9,0.287,0.833,16.35,419.77,2079.429931640625,3302.407958984375,50.0,15.0600004196167,97.58999633789062,9.0,0.14371737837791443
2015-03-10,4.12,18.805,41.111,18.72,54.34,0.28,0.842,15.47,417.05,2044.1600341796875,3286.068115234375,48.290000915527344,16.690000534057617,98.62000274658205,9.0,0.13776221871376038
2015-03-11,4.06,17.813,40.495,18.69,53.54,0.275,0.81,15.38,411.97,2040.239990234375,3290.89990234375,48.16999816894531,16.8700008392334,99.8000030517578,9.0,0.12924891710281372
2015-03-12,4.05,18.003,40.841,18.77,53.65,0.279,0.834,15.25,414.19,2065.949951171875,3349.322998046875,47.04999923706055,15.420000076293944,99.1500015258789,9.0,0.12426349520683289
2015-03-13,3.9,17.566,40.297,18.02,52.94,0.274,0.837,14.77,409.0,2053.39990234375,3372.910888671875,44.84000015258789,16.0,100.33000183105467,9.0,0.109044149518013
2015-03-14,3.9,17.566,40.297,18.02,52.94,0.274,0.837,14.77,409.0,2053.39990234375,3372.910888671875,44.84000015258789,16.0,100.33000183105467,9.0,0.10400959104299545
2015-03-15,3.9,17.566,40.297,18.02,52.94,0.274,0.837,14.77,409.0,2053.39990234375,3372.910888671875,44.84000015258789,16.0,100.33000183105467,9.0,0.11932691931724548
2015-03-16,3.91,17.369,40.616,17.85,52.79,0.273,0.854,14.86,405.41,2081.18994140625,3449.304931640625,43.880001068115234,15.609999656677246,99.5999984741211,9.0,0.12854593992233276
2015-03-17,3.97,17.539,40.602,17.31,52.49,0.276,0.865,15.0,398.54,2074.280029296875,3502.846923828125,43.459999084472656,15.65999984741211,99.58999633789062,9.0,0.1238837018609047
2015-03-18,4.01,18.148,41.685,18.11,52.75,0.276,0.89,15.21,400.87,2099.5,3577.301025390625,44.65999984741211,13.970000267028809,98.5500030517578,9.0,0.1260152906179428
2015-03-19,4.01,18.078,41.065,17.15,51.67,0.28,0.887,14.65,401.52,2089.27001953125,3582.27099609375,43.959999084472656,14.06999969482422,99.0999984741211,9.0,0.13749466836452484
2015-03-20,4.26,18.423,41.933,18.29,52.25,0.282,0.879,15.62,404.4,2108.10009765625,3617.318115234375,45.720001220703125,13.020000457763672,97.91000366210938,9.0,0.12654979526996613
2015-03-21,4.26,18.423,41.933,18.29,52.25,0.282,0.879,15.62,404.4,2108.10009765625,3617.318115234375,45.720001220703125,13.020000457763672,97.91000366210938,9.0,0.12489406764507294
2015-03-22,4.26,18.423,41.933,18.29,52.25,0.282,0.879,15.62,404.4,2108.10009765625,3617.318115234375,45.720001220703125,13.020000457763672,97.91000366210938,9.0,0.13086234033107758
2015-03-23,4.37,18.894,42.273,19.2,51.91,0.278,0.89,15.81,416.07,2104.419921875,3687.72802734375,47.45000076293945,13.40999984741211,97.02999877929688,9.0,0.13374856114387512
2015-03-24,4.26,19.014,41.631,19.05,52.0,0.299,0.969,15.42,414.9,2091.5,3691.409912109375,47.5099983215332,13.619999885559082,97.19000244140624,9.0,0.13601689040660858
2015-03-25,4.28,18.87,41.072,18.96,51.18,0.299,0.959,15.6,417.46,2061.050048828125,3660.72705078125,49.209999084472656,15.4399995803833,96.9800033569336,9.0,0.13753728568553925
2015-03-26,4.2,18.632,40.75,19.37,51.0,0.293,0.936,15.18,412.54,2056.14990234375,3682.094970703125,51.43000030517578,15.800000190734863,97.44000244140624,9.0,0.13303826749324799
2015-03-27,4.08,18.419,40.359,18.68,51.55,0.292,0.94,14.75,401.71,2061.02001953125,3691.095947265625,48.869998931884766,15.06999969482422,97.29000091552734,9.0,0.13880383968353271
2015-03-28,4.08,18.419,40.359,18.68,51.55,0.292,0.94,14.75,401.71,2061.02001953125,3691.095947265625,48.869998931884766,15.06999969482422,97.29000091552734,9.0,0.14589329063892365
2015-03-29,4.08,18.419,40.359,18.68,51.55,0.292,0.94,14.75,401.71,2061.02001953125,3691.095947265625,48.869998931884766,15.06999969482422,97.29000091552734,9.0,0.1608031839132309
2015-03-30,4.12,17.803,39.36,19.25,52.43,0.31,0.928,14.91,405.87,2086.239990234375,3786.568115234375,48.68000030517578,14.510000228881836,97.9800033569336,9.0,0.16339297592639923
2015-03-31,4.04,18.253,40.111,18.82,52.84,0.317,0.929,14.24,406.56,2067.889892578125,3747.89892578125,47.59999847412109,15.289999961853027,98.36000061035156,9.0,0.15993082523345947
2015-04-01,4.01,17.828,39.494,18.84,52.57,0.317,0.98,14.31,408.11,2059.68994140625,3810.2939453125,50.09000015258789,15.109999656677246,98.19000244140624,6.0,0.17002035677433014
2015-04-02,3.96,17.739,39.012,18.87,52.89,0.338,0.998,14.03,413.94,2066.9599609375,3825.783935546875,49.13999938964844,14.670000076293944,97.44000244140624,6.0,0.17615176737308502
2015-04-03,3.96,17.739,39.012,18.87,52.89,0.338,0.998,14.03,415.36,2066.9599609375,3863.928955078125,49.13999938964844,14.670000076293944,97.44000244140624,6.0,0.17338566482067108
2015-04-04,3.96,17.739,39.012,18.87,52.89,0.338,0.998,14.03,415.36,2066.9599609375,3863.928955078125,49.13999938964844,14.670000076293944,97.44000244140624,6.0,0.16981405019760132
2015-04-05,3.96,17.739,39.012,18.87,52.89,0.338,0.998,14.03,415.36,2066.9599609375,3863.928955078125,49.13999938964844,14.670000076293944,97.44000244140624,6.0,0.17408929765224457
2015-04-06,3.96,17.739,39.012,18.87,52.89,0.338,0.998,14.03,415.36,2080.6201171875,3863.928955078125,52.13999938964844,14.739999771118164,97.11000061035156,6.0,0.16212329268455505
2015-04-07,4.1,17.973,39.488,18.85,55.25,0.338,1.026,14.42,424.97,2076.330078125,3961.3779296875,53.97999954223633,14.779999732971191,97.83000183105467,6.0,0.1736345738172531
2015-04-08,4.06,18.263,40.349,18.7,55.88,0.373,0.975,14.49,438.79,2081.89990234375,3994.81103515625,50.41999816894531,13.979999542236328,98.06999969482422,6.0,0.18314442038536072
2015-04-09,4.05,17.962,40.109,18.66,59.01,0.382,0.945,14.31,440.85,2091.179931640625,3957.533935546875,50.790000915527344,13.09000015258789,99.16000366210938,6.0,0.19142040610313416
2015-04-10,4.04,17.895,40.245,18.18,58.75,0.404,0.989,14.2,436.59,2102.06005859375,4034.31005859375,51.63999938964844,12.579999923706056,99.38999938964844,6.0,0.17136584222316742
2015-04-11,4.04,17.895,40.245,18.18,58.75,0.404,0.989,14.2,436.59,2102.06005859375,4034.31005859375,51.63999938964844,12.579999923706056,99.38999938964844,6.0,0.16077935695648193
2015-04-12,4.04,17.895,40.245,18.18,58.75,0.404,0.989,14.2,436.59,2102.06005859375,4034.31005859375,51.63999938964844,12.579999923706056,99.38999938964844,6.0,0.15762780606746674
2015-04-13,3.98,17.269,38.677,18.14,58.38,0.41,0.993,13.91,431.84,2092.429931640625,4121.71484375,51.90999984741211,13.9399995803833,99.48999786376952,6.0,0.13847041130065918
2015-04-14,4.13,17.172,38.616,18.82,58.97,0.408,0.964,14.59,431.61,2095.840087890625,4135.56494140625,53.290000915527344,13.670000076293944,98.76000213623048,6.0,0.14210598170757294
2015-04-15,4.22,17.528,39.51,20.53,59.31,0.404,0.917,14.86,441.8,2106.6298828125,4084.1630859375,56.38999938964844,12.84000015258789,98.33000183105467,6.0,0.14470988512039185
2015-04-16,4.3,18.238,40.162,20.69,58.74,0.409,0.925,14.73,435.05,2104.989990234375,4194.8232421875,56.709999084472656,12.600000381469728,97.41999816894533,6.0,0.13631555438041687
2015-04-17,4.25,18.012,39.449,20.53,59.05,0.409,0.937,14.35,434.84,2081.179931640625,4287.2958984375,55.7400016784668,13.890000343322754,97.5199966430664,6.0,0.1287527233362198
2015-04-18,4.25,18.012,39.449,20.53,59.05,0.409,0.937,14.35,434.84,2081.179931640625,4287.2958984375,55.7400016784668,13.890000343322754,97.5199966430664,6.0,0.11495130509138107
2015-04-19,4.25,18.012,39.449,20.53,59.05,0.409,0.937,14.35,434.84,2081.179931640625,4287.2958984375,55.7400016784668,13.890000343322754,97.5199966430664,6.0,0.13202965259552002
2015-04-20,4.3,17.804,38.884,20.52,59.19,0.388,0.909,14.69,428.79,2100.39990234375,4217.0771484375,56.380001068115234,13.300000190734863,97.94000244140624,6.0,0.13223634660243988
2015-04-21,4.31,18.241,39.42,20.1,58.75,0.386,0.942,14.41,427.77,2097.2900390625,4293.623046875,55.2599983215332,13.25,97.9800033569336,6.0,0.1319863349199295
2015-04-22,4.33,18.148,39.431,20.43,58.94,0.386,0.98,14.47,427.54,2107.9599609375,4398.494140625,56.15999984741211,12.710000038146973,98.0199966430664,6.0,0.12635594606399536
2015-04-23,4.35,18.684,40.351,19.94,58.95,0.386,1.013,15.18,440.77,2112.929931640625,4414.5078125,57.7400016784668,12.479999542236328,97.27999877929688,6.0,0.1159745380282402
2015-04-24,4.5,19.366,41.606,20.68,59.0,0.386,0.98,15.6,446.2,2117.68994140625,4393.68603515625,57.150001525878906,12.289999961853027,96.91999816894533,6.0,0.10266279429197311
2015-04-25,4.5,19.366,41.606,20.68,59.0,0.386,0.98,15.6,446.2,2117.68994140625,4393.68603515625,57.150001525878906,12.289999961853027,96.91999816894533,6.0,0.10934397578239441
2015-04-26,4.5,19.366,41.606,20.68,59.0,0.386,0.98,15.6,446.2,2117.68994140625,4393.68603515625,57.150001525878906,12.289999961853027,96.91999816894533,6.0,0.11928858608007431
2015-04-27,4.53,19.791,43.274,21.68,58.52,0.386,0.967,15.96,447.63,2108.919921875,4527.39599609375,56.9900016784668,13.119999885559082,96.7699966430664,6.0,0.12814143300056458
2015-04-28,4.6,20.116,43.463,22.53,59.45,0.386,0.929,16.44,446.64,2114.760009765625,4476.21484375,57.060001373291016,12.40999984741211,96.08999633789062,6.0,0.14331842958927155
2015-04-29,4.61,19.843,42.585,22.74,60.25,0.386,0.981,16.69,451.75,2106.85009765625,4476.6201171875,58.58000183105469,13.390000343322754,95.12000274658205,6.0,0.14637792110443115
2015-04-30,4.54,19.528,41.593,23.12,59.7,0.386,0.947,16.11,446.41,2085.510009765625,4441.65478515625,59.630001068115234,14.550000190734863,94.5999984741211,6.0,0.14772121608257294
2015-05-01,4.51,19.731,42.164,23.5,60.44,0.386,0.947,16.75,450.8,2108.2900390625,4441.65478515625,59.150001525878906,12.699999809265137,95.3000030517578,6.0,0.1557948887348175
2015-05-02,4.51,19.731,42.164,23.5,60.44,0.386,0.947,16.75,450.8,2108.2900390625,4441.65478515625,59.150001525878906,12.699999809265137,95.3000030517578,6.0,0.16829079389572144
2015-05-03,4.51,19.731,42.164,23.5,60.44,0.386,0.947,16.75,450.8,2108.2900390625,4441.65478515625,59.150001525878906,12.699999809265137,95.3000030517578,6.0,0.17072416841983795
2015-05-04,4.51,19.731,42.164,23.5,60.44,0.386,0.947,16.75,453.24,2114.489990234375,4480.4638671875,58.93000030517578,12.850000381469728,95.4800033569336,6.0,0.1703600436449051
2015-05-05,4.55,19.996,43.524,23.2,60.0,0.386,0.942,16.81,447.1,2089.4599609375,4298.7060546875,60.400001525878906,14.3100004196167,95.12999725341795,6.0,0.17040230333805084
2015-05-06,4.51,19.935,43.408,23.11,60.0,0.386,0.918,16.7,438.67,2080.14990234375,4229.26611328125,60.93000030517578,15.149999618530272,94.12999725341795,6.0,0.15387509763240814
2015-05-07,4.4,19.496,42.642,22.76,62.83,0.386,0.862,16.02,427.24,2088.0,4112.2138671875,58.93999862670898,15.130000114440918,94.62000274658205,6.0,0.155496284365654
2015-05-08,4.45,19.191,42.686,23.14,63.16,0.386,0.899,16.37,432.67,2116.10009765625,4205.9169921875,59.38999938964844,12.859999656677246,94.79000091552734,6.0,0.1671672761440277
2015-05-09,4.45,19.191,42.686,23.14,63.16,0.386,0.899,16.37,432.67,2116.10009765625,4205.9169921875,59.38999938964844,12.859999656677246,94.79000091552734,6.0,0.16441196203231812
2015-05-10,4.45,19.191,42.686,23.14,63.16,0.386,0.899,16.37,432.67,2116.10009765625,4205.9169921875,59.38999938964844,12.859999656677246,94.79000091552734,6.0,0.14509132504463196
2015-05-11,4.54,19.412,42.608,22.82,63.25,0.386,0.93,16.69,428.35,2105.330078125,4333.583984375,59.25,13.850000381469728,95.01000213623048,6.0,0.148509219288826
2015-05-12,4.51,20.056,43.525,22.58,62.68,0.386,0.94,16.84,430.59,2099.1201171875,4401.21923828125,60.75,13.859999656677246,94.52999877929688,6.0,0.13389158248901367
2015-05-13,4.51,20.387,44.112,22.46,62.54,0.386,0.941,16.92,436.8,2098.47998046875,4375.759765625,60.5,13.760000228881836,93.62000274658205,6.0,0.1329323649406433
2015-05-14,4.51,19.965,42.934,22.65,63.63,0.386,0.941,16.63,439.78,2121.10009765625,4378.31103515625,59.880001068115234,12.739999771118164,93.36000061035156,6.0,0.12780903279781342
2015-05-15,4.41,20.177,42.991,22.68,64.38,0.386,0.94,16.28,438.58,2122.72998046875,4308.69091796875,59.68999862670898,12.380000114440918,93.13999938964844,6.0,0.12638519704341888
2015-05-16,4.41,20.177,42.991,22.68,64.38,0.386,0.94,16.28,438.58,2122.72998046875,4308.69091796875,59.68999862670898,12.380000114440918,93.13999938964844,6.0,0.13777130842208862
2015-05-17,4.41,20.177,42.991,22.68,64.38,0.386,0.94,16.28,438.58,2122.72998046875,4308.69091796875,59.68999862670898,12.380000114440918,93.13999938964844,6.0,0.14338093996047974
2015-05-18,4.45,20.537,42.272,21.98,63.26,0.386,0.941,16.0,431.5,2129.199951171875,4283.4912109375,59.43000030517578,12.729999542236328,94.19000244140624,6.0,0.14833898842334747
2015-05-19,4.3,20.017,41.896,21.15,62.7,0.386,0.94,15.62,425.85,2127.830078125,4417.5517578125,57.2599983215332,12.850000381469728,95.2699966430664,6.0,0.14429564774036407
2015-05-20,4.35,19.366,40.643,20.94,62.54,0.386,1.034,15.7,421.33,2125.85009765625,4446.2880859375,58.97999954223633,12.880000114440918,95.4499969482422,6.0,0.14562031626701355
2015-05-21,4.4,19.701,41.384,21.21,62.71,0.386,1.086,15.75,425.31,2130.820068359375,4529.421875,60.720001220703125,12.109999656677246,95.26000213623048,6.0,0.14375950396060944
2015-05-22,4.34,19.545,40.935,20.85,61.87,0.386,1.062,15.63,422.37,2126.06005859375,4657.59619140625,59.720001220703125,12.130000114440918,96.01000213623048,6.0,0.12763001024723053
2015-05-23,4.34,19.545,40.935,20.85,61.87,0.386,1.062,15.63,422.37,2126.06005859375,4657.59619140625,59.720001220703125,12.130000114440918,96.01000213623048,6.0,0.14087381958961487
2015-05-24,4.34,19.545,40.935,20.85,61.87,0.386,1.062,15.63,422.37,2126.06005859375,4657.59619140625,59.720001220703125,12.130000114440918,96.01000213623048,6.0,0.12313187122344971
2015-05-25,4.34,19.545,40.935,20.85,61.87,0.386,1.062,15.63,422.75,2126.06005859375,4813.7978515625,59.720001220703125,12.130000114440918,96.01000213623048,6.0,0.10817711055278778
2015-05-26,4.27,19.689,41.547,19.95,61.16,0.386,1.113,15.14,422.78,2104.199951171875,4910.89697265625,58.02999877929688,14.0600004196167,97.3000030517578,6.0,0.09988520294427872
2015-05-27,4.22,19.34,40.78,20.02,61.32,0.449,1.098,15.17,423.08,2123.47998046875,4941.7138671875,57.5099983215332,13.270000457763672,97.37000274658205,6.0,0.07822797447443008
2015-05-28,4.19,19.053,40.607,20.03,60.59,0.44,1.041,15.05,418.87,2120.7900390625,4620.26611328125,57.68000030517578,13.3100004196167,96.97000122070312,6.0,0.04818260297179222
2015-05-29,4.21,19.29,40.957,19.52,60.15,0.446,1.145,14.89,421.21,2107.389892578125,4611.744140625,60.29999923706055,13.84000015258789,96.91000366210938,6.0,0.0402100533246994
2015-05-30,4.21,19.29,40.957,19.52,60.15,0.446,1.145,14.89,421.21,2107.389892578125,4611.744140625,60.29999923706055,13.84000015258789,96.91000366210938,6.0,0.042816340923309326
2015-05-31,4.21,19.29,40.957,19.52,60.15,0.446,1.145,14.89,421.21,2107.389892578125,4611.744140625,60.29999923706055,13.84000015258789,96.91000366210938,6.0,0.03395933657884598
2015-06-01,4.1,18.949,40.239,19.22,59.85,0.45,1.227,14.48,418.12,2111.72998046875,4828.73779296875,60.20000076293945,13.970000267028809,97.38999938964844,5.0,0.04890052229166031
2015-06-02,4.21,18.788,40.441,20.32,60.66,0.436,1.266,15.28,424.29,2109.60009765625,4910.52685546875,61.2599983215332,14.239999771118164,95.83999633789062,5.0,0.048023153096437454
2015-06-03,4.24,18.959,41.249,19.74,61.45,0.417,1.245,15.26,429.37,2114.070068359375,4909.97802734375,59.63999938964844,13.65999984741211,95.47000122070312,5.0,0.04240885749459267
2015-06-04,4.14,18.434,40.196,19.39,61.27,0.404,1.369,14.66,423.23,2095.840087890625,4947.10205078125,58.0,14.710000038146973,95.45999908447266,5.0,0.03255760297179222
2015-06-05,4.06,18.167,40.079,19.52,61.13,0.4,1.38,14.73,420.99,2092.830078125,5023.09619140625,59.130001068115234,14.210000038146973,96.30999755859376,5.0,0.03440757468342781
2015-06-06,4.06,18.167,40.079,19.52,61.13,0.4,1.38,14.73,420.99,2092.830078125,5023.09619140625,59.130001068115234,14.210000038146973,96.30999755859376,5.0,0.0406079925596714
2015-06-07,4.06,18.167,40.079,19.52,61.13,0.4,1.38,14.73,420.99,2092.830078125,5023.09619140625,59.130001068115234,14.210000038146973,96.30999755859376,5.0,0.06320624053478241
2015-06-08,4.04,18.167,40.079,19.27,60.69,0.403,1.311,14.65,416.83,2079.280029296875,5131.880859375,58.13999938964844,15.289999961853027,95.3000030517578,5.0,0.05954529345035553
2015-06-09,4.05,18.113,39.934,19.89,60.6,0.382,1.323,14.4,412.27,2080.14990234375,5113.5341796875,60.13999938964844,14.470000267028809,95.16999816894533,5.0,0.0415060818195343
2015-06-10,4.17,18.32,40.088,20.42,61.17,0.37,1.328,14.89,418.42,2105.199951171875,5106.0361328125,61.43000030517578,13.220000267028809,94.6500015258789,5.0,0.041158344596624374
2015-06-11,4.18,18.685,41.07,19.8,61.46,0.362,1.347,14.84,414.04,2108.860107421875,5121.5927734375,60.77000045776367,12.850000381469728,94.9800033569336,5.0,0.04368625581264496
2015-06-12,4.21,18.395,40.669,19.68,59.78,0.369,1.365,14.86,414.63,2094.110107421875,5166.35009765625,59.959999084472656,13.779999732971191,94.97000122070312,5.0,0.03951776772737503
2015-06-13,4.21,18.395,40.669,19.68,59.78,0.369,1.365,14.86,414.63,2094.110107421875,5166.35009765625,59.959999084472656,13.779999732971191,94.97000122070312,5.0,0.038493819534778595
2015-06-14,4.21,18.395,40.669,19.68,59.78,0.369,1.365,14.86,414.63,2094.110107421875,5166.35009765625,59.959999084472656,13.779999732971191,94.97000122070312,5.0,0.0462072379887104
2015-06-15,4.16,18.499,40.976,19.46,57.92,0.364,1.273,14.73,416.56,2084.429931640625,5062.9931640625,59.52000045776367,15.390000343322754,94.80999755859376,5.0,0.036627303808927536
2015-06-16,4.11,18.353,39.917,19.67,57.98,0.343,1.189,14.44,413.74,2096.2900390625,4887.43212890625,59.970001220703125,14.8100004196167,95.0,5.0,0.04054585099220276
2015-06-17,4.12,18.624,39.987,19.89,58.45,0.346,1.304,14.51,413.45,2100.43994140625,4967.89794921875,59.91999816894531,14.5,94.3000030517578,5.0,0.051394883543252945
2015-06-18,4.2,18.616,39.48,20.0,59.64,0.348,1.212,14.94,413.85,2121.239990234375,4785.35595703125,60.45000076293945,13.1899995803833,94.04000091552734,5.0,0.06559683382511139
2015-06-19,4.13,18.841,39.768,19.64,58.6,0.352,1.118,14.88,408.48,2109.989990234375,4478.36376953125,59.61000061035156,13.960000038146973,94.08999633789062,5.0,0.06884587556123734
2015-06-20,4.13,18.841,39.768,19.64,58.6,0.352,1.118,14.88,408.48,2109.989990234375,4478.36376953125,59.61000061035156,13.960000038146973,94.08999633789062,5.0,0.05857415124773979
2015-06-21,4.13,18.841,39.768,19.64,58.6,0.352,1.118,14.88,408.48,2109.989990234375,4478.36376953125,59.61000061035156,13.960000038146973,94.08999633789062,5.0,0.0650261715054512
2015-06-22,4.14,18.68,39.731,19.27,59.01,0.343,1.118,14.95,402.77,2122.85009765625,4478.36376953125,59.68000030517578,12.739999771118164,94.33000183105467,5.0,0.07251033931970596
2015-06-23,4.14,18.886,40.146,19.98,58.96,0.353,1.16,14.89,402.56,2124.199951171875,4576.4921875,61.0099983215332,12.109999656677246,95.43000030517578,5.0,0.06813636422157288
2015-06-24,4.18,18.768,39.505,20.42,57.64,0.361,1.175,15.03,398.28,2108.580078125,4690.14990234375,60.27000045776367,13.260000228881836,95.26000213623048,5.0,0.07811931520700455
2015-06-25,4.12,18.822,39.646,19.61,58.27,0.364,1.099,14.87,393.35,2102.31005859375,4527.77880859375,59.70000076293945,14.010000228881836,95.19000244140624,5.0,0.07451625913381577
2015-06-26,4.02,17.967,38.142,19.81,59.1,0.347,0.989,14.35,372.91,2101.489990234375,4192.873046875,59.630001068115234,14.020000457763672,95.47000122070312,5.0,0.09198829531669617
2015-06-27,4.02,17.967,38.142,19.81,59.1,0.347,0.989,14.35,372.91,2101.489990234375,4192.873046875,59.630001068115234,14.020000457763672,95.47000122070312,5.0,0.10861586779356003
2015-06-28,4.02,17.967,38.142,19.81,59.1,0.347,0.989,14.35,372.91,2101.489990234375,4192.873046875,59.630001068115234,14.020000457763672,95.47000122070312,5.0,0.12175966799259186
2015-06-29,3.96,17.654,37.683,19.25,56.24,0.338,0.89,14.17,361.2,2057.639892578125,4053.030029296875,58.33000183105469,18.850000381469727,94.79000091552734,5.0,0.0890626311302185
2015-06-30,3.84,17.791,38.162,18.5,55.27,0.352,0.929,13.7,361.33,2063.110107421875,4277.22216796875,59.470001220703125,18.229999542236328,95.48999786376952,5.0,0.05178472772240639
2015-07-01,3.78,17.389,37.339,18.28,54.46,0.352,0.836,13.49,364.36,2077.419921875,4053.699951171875,56.959999084472656,16.09000015258789,96.30999755859376,7.0,0.05088312551379204
2015-07-02,3.82,17.583,37.28,18.28,55.03,0.329,0.752,13.61,356.88,2076.780029296875,3912.76708984375,56.93000030517578,16.790000915527344,96.11000061035156,7.0,0.0547073557972908
2015-07-03,3.77,17.044,36.326,18.28,55.03,0.324,0.677,13.34,350.52,2076.780029296875,3686.9150390625,56.93000030517578,16.790000915527344,96.11000061035156,7.0,0.04407491534948349
2015-07-04,3.77,17.044,36.326,18.28,55.03,0.324,0.677,13.34,350.52,2076.780029296875,3686.9150390625,56.93000030517578,16.790000915527344,96.11000061035156,7.0,0.0305410698056221
2015-07-05,3.77,17.044,36.326,18.28,55.03,0.324,0.677,13.34,350.52,2076.780029296875,3686.9150390625,56.93000030517578,16.790000915527344,96.11000061035156,7.0,0.015782402828335762
2015-07-06,3.7,16.643,35.338,17.72,54.25,0.307,0.609,13.08,339.57,2068.760009765625,3775.912109375,52.52999877929688,17.010000228881836,96.3000030517578,7.0,-0.004356566350907087
2015-07-07,3.41,16.689,35.51,17.14,54.25,0.284,0.609,12.22,325.79,2081.340087890625,3727.125,52.33000183105469,16.09000015258789,96.87000274658205,7.0,0.00395860243588686
2015-07-08,3.5,16.124,34.264,16.39,53.07,0.258,0.609,12.33,312.65,2046.6800537109373,3507.19189453125,51.650001525878906,19.65999984741211,96.29000091552734,7.0,-0.005585792474448681
2015-07-09,3.55,16.443,34.903,16.67,53.44,0.284,0.609,12.55,320.85,2051.31005859375,3709.330078125,52.77999877929688,19.96999931335449,96.61000061035156,7.0,-0.010679978877305984
2015-07-10,3.64,16.918,35.683,16.63,54.0,0.299,0.609,12.72,326.62,2076.6201171875,3877.802978515625,52.7400016784668,16.829999923706055,96.02999877929688,7.0,-0.027519244700670242
2015-07-11,3.64,16.918,35.683,16.63,54.0,0.299,0.609,12.72,326.62,2076.6201171875,3877.802978515625,52.7400016784668,16.829999923706055,96.02999877929688,7.0,-0.03285215422511101
2015-07-12,3.64,16.918,35.683,16.63,54.0,0.299,0.609,12.72,326.62,2076.6201171875,3877.802978515625,52.7400016784668,16.829999923706055,96.02999877929688,7.0,-0.034111060202121735
2015-07-13,3.71,16.696,35.166,16.92,55.38,0.302,0.609,12.91,327.3,2099.60009765625,3970.387939453125,52.20000076293945,13.899999618530272,96.86000061035156,7.0,-0.04189174994826317
2015-07-14,3.72,17.229,36.422,17.11,55.33,0.299,0.609,12.91,334.19,2108.949951171875,3924.487060546875,53.040000915527344,13.369999885559082,96.63999938964844,7.0,-0.04197493940591812
2015-07-15,3.67,16.939,36.109,16.41,54.27,0.298,0.609,12.98,331.98,2107.39990234375,3805.702880859375,51.40999984741211,13.229999542236328,97.12999725341795,7.0,-0.041250672191381454
2015-07-16,3.67,17.108,36.356,16.3,54.42,0.299,0.609,13.19,328.18,2124.2900390625,3823.176025390625,50.90999984741211,12.109999656677246,97.66000366210938,7.0,-0.036258477717638016
2015-07-17,3.63,17.051,36.005,15.88,53.01,0.307,0.609,13.0,325.94,2126.639892578125,3957.35205078125,50.88999938964844,11.949999809265137,97.86000061035156,7.0,-0.028992561623454094
2015-07-18,3.63,17.051,36.005,15.88,53.01,0.307,0.609,13.0,325.94,2126.639892578125,3957.35205078125,50.88999938964844,11.949999809265137,97.86000061035156,7.0,-0.001158430939540267
2015-07-19,3.63,17.051,36.005,15.88,53.01,0.307,0.609,13.0,325.94,2126.639892578125,3957.35205078125,50.88999938964844,11.949999809265137,97.86000061035156,7.0,-0.0013208071468397975
2015-07-20,3.58,16.975,36.574,15.05,52.75,0.288,0.67,12.82,321.65,2128.280029296875,3992.110107421875,50.150001525878906,12.25,98.02999877929688,7.0,0.009348119609057903
2015-07-21,3.59,16.983,36.488,15.72,52.09,0.29,0.737,12.73,324.76,2119.2099609375,4017.675048828125,50.36000061035156,12.220000267028809,97.33000183105467,7.0,0.003966482821851969
2015-07-22,3.41,16.536,35.456,15.06,51.71,0.289,0.811,12.06,319.54,2114.14990234375,4026.044921875,49.18999862670898,12.119999885559082,97.5999984741211,7.0,0.02009260095655918
2015-07-23,3.27,16.005,34.691,13.64,51.32,0.297,0.892,11.88,316.85,2102.14990234375,4123.9228515625,48.45000076293945,12.640000343322754,97.12000274658205,7.0,0.03300803527235985
2015-07-24,3.12,15.706,34.351,12.29,49.81,0.285,0.891,11.46,314.04,2079.64990234375,4070.907958984375,48.13999938964844,13.739999771118164,97.23999786376952,7.0,0.04432224482297897
2015-07-25,3.12,15.706,34.351,12.29,49.81,0.285,0.891,11.46,314.04,2079.64990234375,4070.907958984375,48.13999938964844,13.739999771118164,97.23999786376952,7.0,0.04294824227690697
2015-07-26,3.12,15.706,34.351,12.29,49.81,0.285,0.891,11.46,314.04,2079.64990234375,4070.907958984375,48.13999938964844,13.739999771118164,97.23999786376952,7.0,0.04139460250735283
2015-07-27,3.06,15.835,34.288,11.37,49.81,0.276,0.803,11.41,306.93,2067.639892578125,3725.55810546875,47.38999938964844,15.600000381469728,96.5,7.0,0.05184865742921829
2015-07-28,3.18,15.885,34.66,12.33,50.78,0.259,0.773,11.81,307.83,2093.25,3663.001953125,47.97999954223633,13.4399995803833,96.7699966430664,7.0,0.0637625977396965
2015-07-29,3.18,16.115,34.793,12.5,51.91,0.274,0.823,12.05,315.14,2108.570068359375,3789.16796875,48.790000915527344,12.5,96.9800033569336,7.0,0.08359301835298538
2015-07-30,3.15,16.493,35.607,11.84,53.4,0.268,0.801,11.93,311.25,2108.6298828125,3705.76611328125,48.52000045776367,12.130000114440918,97.55999755859376,7.0,0.0905710831284523
2015-07-31,3.11,16.489,35.572,11.75,54.2,0.268,0.795,12.03,311.26,2103.840087890625,3663.72607421875,47.119998931884766,12.119999885559082,97.37000274658205,7.0,0.08916303515434265
2015-08-01,3.11,16.489,35.572,11.75,54.2,0.268,0.795,12.03,311.26,2103.840087890625,3663.72607421875,47.119998931884766,12.119999885559082,97.37000274658205,6.0,0.09316083043813705
2015-08-02,3.11,16.489,35.572,11.75,54.2,0.268,0.795,12.03,311.26,2103.840087890625,3663.72607421875,47.119998931884766,12.119999885559082,97.37000274658205,6.0,0.07542833685874939
2015-08-03,2.99,16.28,35.041,11.2,53.29,0.263,0.722,11.53,307.49,2098.0400390625,3622.905029296875,45.16999816894531,12.5600004196167,97.48999786376952,6.0,0.07236338406801224
2015-08-04,2.98,16.314,35.371,11.04,53.63,0.264,0.794,11.59,309.38,2093.320068359375,3756.544921875,45.7400016784668,13.0,97.93000030517578,6.0,0.07864472270011902
2015-08-05,3.04,16.629,35.902,10.93,53.26,0.262,0.821,11.82,306.32,2099.840087890625,3694.572998046875,45.150001525878906,12.510000228881836,97.95999908447266,6.0,0.0966278463602066
2015-08-06,2.96,16.732,36.239,11.21,51.77,0.266,0.903,11.42,306.25,2083.56005859375,3661.5390625,44.65999984741211,13.770000457763672,97.83000183105467,6.0,0.10372614860534668
2015-08-07,3.01,16.417,36.407,10.53,51.24,0.272,0.956,11.78,305.35,2077.570068359375,3744.205078125,43.869998931884766,13.390000343322754,97.55999755859376,6.0,0.11832987517118454
2015-08-08,3.01,16.417,36.407,10.53,51.24,0.272,0.956,11.78,305.35,2077.570068359375,3744.205078125,43.869998931884766,13.390000343322754,97.55999755859376,6.0,0.13352105021476746
2015-08-09,3.01,16.417,36.407,10.53,51.24,0.272,0.956,11.78,305.35,2077.570068359375,3744.205078125,43.869998931884766,13.390000343322754,97.55999755859376,6.0,0.13103240728378296
2015-08-10,3.07,16.448,36.699,11.65,52.69,0.283,1.006,11.96,310.39,2104.179931640625,3928.4150390625,44.959999084472656,12.229999542236328,97.16000366210938,6.0,0.14835917949676514
2015-08-11,2.85,16.42,36.743,10.22,52.0,0.295,1.06,11.46,306.45,2084.070068359375,3927.907958984375,43.08000183105469,13.710000038146973,97.29000091552734,6.0,0.14665082097053528
2015-08-12,2.69,15.867,35.105,10.25,51.12,0.294,1.012,11.42,300.14,2086.050048828125,3886.320068359375,43.29999923706055,13.609999656677246,96.26000213623048,6.0,0.14219723641872406
2015-08-13,2.64,16.018,35.22,10.07,50.42,0.295,1.056,11.34,300.33,2083.389892578125,3954.555908203125,42.22999954223633,13.489999771118164,96.4499969482422,6.0,0.13032028079032898
2015-08-14,2.59,15.929,34.723,10.03,51.11,0.286,1.016,11.24,300.75,2091.5400390625,3965.3349609375,42.5,12.829999923706056,96.56999969482422,6.0,0.12253667414188385
2015-08-15,2.59,15.929,34.723,10.03,51.11,0.286,1.016,11.24,300.75,2091.5400390625,3965.3349609375,42.5,12.829999923706056,96.56999969482422,6.0,0.10412703454494476
2015-08-16,2.59,15.929,34.723,10.03,51.11,0.286,1.016,11.24,300.75,2091.5400390625,3965.3349609375,42.5,12.829999923706056,96.56999969482422,6.0,0.11990189552307129
2015-08-17,2.54,15.847,34.546,10.24,51.77,0.289,1.037,11.17,302.4,2102.43994140625,3993.66796875,41.869998931884766,13.020000457763672,96.81999969482422,6.0,0.12316019088029861
2015-08-18,2.64,15.649,34.212,9.92,51.11,0.281,0.933,11.03,293.87,2096.919921875,3748.1640625,42.619998931884766,13.789999961853027,96.97000122070312,6.0,0.1327175796031952
2015-08-19,2.39,15.777,34.285,9.73,49.88,0.285,0.953,10.56,288.26,2079.610107421875,3794.10888671875,40.79999923706055,15.25,96.45999908447266,6.0,0.11189629882574081
2015-08-20,2.45,15.269,33.405,9.71,49.32,0.276,0.869,11.03,280.12,2035.72998046875,3664.291015625,41.13999938964844,19.13999938964844,95.75,6.0,0.10002784430980682
2015-08-21,2.38,15.059,33.402,9.58,46.81,0.284,0.797,10.92,273.9,1970.8900146484373,3507.743896484375,40.45000076293945,28.030000686645508,94.83000183105467,6.0,0.07718610763549805
2015-08-22,2.38,15.059,33.402,9.58,46.81,0.284,0.797,10.92,273.9,1970.8900146484373,3507.743896484375,40.45000076293945,28.030000686645508,94.83000183105467,6.0,0.052850570529699326
2015-08-23,2.38,15.059,33.402,9.58,46.81,0.284,0.797,10.92,273.9,1970.8900146484373,3507.743896484375,40.45000076293945,28.030000686645508,94.83000183105467,6.0,0.06473006308078766
2015-08-24,2.08,13.978,30.963,8.68,44.34,0.261,0.715,9.89,257.99,1893.2099609375,3209.905029296875,38.2400016784668,40.7400016784668,93.30999755859376,6.0,0.05446586012840271
2015-08-25,2.17,14.199,31.818,8.24,42.8,0.243,0.643,10.18,257.29,1867.6099853515625,2964.967041015625,39.310001373291016,36.02000045776367,94.52999877929688,6.0,0.011634329333901405
2015-08-26,2.06,14.552,32.08,7.92,43.07,0.237,0.654,9.75,257.63,1940.510009765625,2927.2880859375,38.59999847412109,30.31999969482422,95.0999984741211,6.0,0.004593479912728071
2015-08-27,2.14,14.715,32.226,10.19,45.13,0.241,0.72,10.62,267.83,1987.6600341796875,3083.591064453125,42.560001373291016,26.100000381469727,95.61000061035156,6.0,0.017427755519747734
2015-08-28,2.19,15.605,33.771,10.5,45.3,0.257,0.779,10.83,280.0,1988.8699951171875,3232.35009765625,45.220001220703125,26.049999237060547,96.11000061035156,6.0,0.025959009304642677
2015-08-29,2.19,15.605,33.771,10.5,45.3,0.257,0.779,10.83,280.0,1988.8699951171875,3232.35009765625,45.220001220703125,26.049999237060547,96.11000061035156,6.0,0.055020298808813095
2015-08-30,2.19,15.605,33.771,10.5,45.3,0.257,0.779,10.83,280.0,1988.8699951171875,3232.35009765625,45.220001220703125,26.049999237060547,96.11000061035156,6.0,0.052652277052402496
2015-08-31,2.19,15.605,33.771,10.5,45.3,0.257,0.779,10.83,278.39,1972.1800537109373,3205.986083984375,49.20000076293945,28.43000030517578,95.9499969482422,6.0,0.046556565910577774
2015-09-01,1.96,14.761,31.913,9.77,42.85,0.252,0.689,9.94,274.23,1913.8499755859373,3166.6240234375,45.40999984741211,31.399999618530277,95.4499969482422,6.0,0.04298125207424164
2015-09-02,1.8,14.795,32.123,9.9,42.73,0.245,0.673,9.93,267.67,1948.8599853515625,3160.1669921875,46.25,26.09000015258789,95.83000183105467,6.0,0.0451996773481369
2015-09-03,1.91,14.565,31.853,10.13,42.87,0.245,0.673,10.5,273.69,1951.1300048828125,3160.1669921875,46.75,25.61000061035156,96.41000366210938,6.0,0.05036650970578194
2015-09-04,1.79,14.555,31.665,9.71,42.43,0.243,0.673,9.63,269.66,1921.219970703125,3160.1669921875,46.04999923706055,27.799999237060547,96.2300033569336,6.0,0.049821704626083374
2015-09-05,1.79,14.555,31.665,9.71,42.43,0.243,0.673,9.63,269.66,1921.219970703125,3160.1669921875,46.04999923706055,27.799999237060547,96.2300033569336,6.0,0.03918798267841339
2015-09-06,1.79,14.555,31.665,9.71,42.43,0.243,0.673,9.63,269.66,1921.219970703125,3160.1669921875,46.04999923706055,27.799999237060547,96.2300033569336,6.0,0.05443582311272621
2015-09-07,1.93,14.297,31.359,9.71,42.43,0.249,0.687,9.83,267.77,1921.219970703125,3080.419921875,46.04999923706055,27.799999237060547,96.2300033569336,6.0,0.04466976225376129
2015-09-08,2.03,14.79,32.462,10.4,43.02,0.255,0.756,10.29,272.51,1969.4100341796875,3170.451904296875,45.93999862670898,24.899999618530277,95.87999725341795,6.0,0.04982943832874298
2015-09-09,2.12,14.761,33.296,10.73,43.03,0.264,0.83,10.84,277.19,1942.0400390625,3243.089111328125,44.150001525878906,26.229999542236328,96.01000213623048,6.0,0.06463173031806946
2015-09-10,1.97,14.432,33.392,11.27,42.8,0.266,0.797,10.51,277.74,1952.2900390625,3197.89306640625,45.91999816894531,24.3700008392334,95.45999908447266,6.0,0.05467025190591812
2015-09-11,1.98,14.345,33.963,11.4,42.0,0.252,0.827,10.52,277.35,1961.050048828125,3200.23388671875,44.630001068115234,23.200000762939453,95.19000244140624,6.0,0.052095312625169754
2015-09-12,1.98,14.345,33.963,11.4,42.0,0.252,0.827,10.52,277.35,1961.050048828125,3200.23388671875,44.630001068115234,23.200000762939453,95.19000244140624,6.0,0.04537259787321091
2015-09-13,1.98,14.345,33.963,11.4,42.0,0.252,0.827,10.52,277.35,1961.050048828125,3200.23388671875,44.630001068115234,23.200000762939453,95.19000244140624,6.0,0.04108395799994469
2015-09-14,1.89,14.461,34.101,11.16,41.88,0.25,0.746,10.5,274.84,1953.030029296875,3114.798095703125,44.0,24.25,95.25,6.0,0.04030701518058777
2015-09-15,1.88,14.284,33.392,11.29,44.27,0.252,0.671,10.71,270.36,1978.0899658203125,3005.172119140625,44.59000015258789,22.540000915527344,95.61000061035156,6.0,0.03592084348201752
2015-09-16,2.0,14.724,34.023,11.84,44.74,0.254,0.738,11.02,272.59,1995.31005859375,3152.262939453125,47.150001525878906,21.350000381469727,95.41999816894533,6.0,0.02716245874762535
2015-09-17,1.97,15.087,34.362,12.05,45.05,0.263,0.813,10.88,271.87,1990.199951171875,3086.06103515625,46.900001525878906,21.13999938964844,94.5500030517578,6.0,0.03155148774385452
2015-09-18,1.87,15.008,33.952,10.88,45.71,0.276,0.868,10.62,269.62,1958.030029296875,3097.9169921875,44.68000030517578,22.280000686645508,94.86000061035156,6.0,0.019732093438506126
2015-09-19,1.87,15.008,33.952,10.88,45.71,0.276,0.868,10.62,269.62,1958.030029296875,3097.9169921875,44.68000030517578,22.280000686645508,94.86000061035156,6.0,0.017338860780000687
2015-09-20,1.87,15.008,33.952,10.88,45.71,0.276,0.868,10.62,269.62,1958.030029296875,3097.9169921875,44.68000030517578,22.280000686645508,94.86000061035156,6.0,0.0384758897125721
2015-09-21,1.77,14.516,32.706,10.53,46.4,0.283,0.939,10.23,265.02,1966.969970703125,3156.5400390625,46.68000030517578,20.13999938964844,95.88999938964844,6.0,0.04594068601727486
2015-09-22,1.56,14.438,32.132,10.59,45.71,0.271,0.902,9.45,260.92,1942.739990234375,3185.618896484375,45.83000183105469,22.440000534057617,96.27999877929688,6.0,0.053063709288835526
2015-09-23,1.59,13.624,30.955,10.0,45.31,0.259,0.988,9.53,255.4,1938.760009765625,3115.887939453125,44.47999954223633,22.1299991607666,96.06999969482422,6.0,0.02732318826019764
2015-09-24,1.44,13.7,31.261,9.99,45.22,0.266,0.954,9.04,251.87,1932.239990234375,3142.68701171875,44.90999984741211,23.46999931335449,95.98999786376952,6.0,0.020848721265792847
2015-09-25,1.41,13.74,31.664,9.8,45.13,0.261,0.934,8.86,252.51,1931.3399658203125,3092.346923828125,45.70000076293945,23.6200008392334,96.2699966430664,6.0,0.02002321369946003
2015-09-26,1.41,13.74,31.664,9.8,45.13,0.261,0.934,8.86,252.51,1931.3399658203125,3092.346923828125,45.70000076293945,23.6200008392334,96.2699966430664,6.0,0.015411424450576305
2015-09-27,1.41,13.74,31.664,9.8,45.13,0.261,0.934,8.86,252.51,1931.3399658203125,3092.346923828125,45.70000076293945,23.6200008392334,96.2699966430664,6.0,0.03101539984345436
2015-09-28,1.0,13.813,31.4,8.91,41.78,0.261,0.974,7.96,244.68,1881.77001953125,3100.756103515625,44.43000030517578,27.6299991607666,96.02999877929688,6.0,0.0507451593875885
2015-09-29,1.16,12.881,29.934,9.11,42.53,0.249,0.972,7.81,244.68,1884.0899658203125,3038.136962890625,45.22999954223633,26.82999992370605,95.88999938964844,6.0,0.05359634384512901
2015-09-30,1.33,13.311,31.429,9.69,44.1,0.261,0.943,7.91,238.18,1920.030029296875,3052.781005859375,45.09000015258789,24.5,96.3499984741211,6.0,0.061565667390823364
2015-10-01,1.32,13.604,32.104,9.82,45.17,0.261,0.943,7.97,238.74,1923.8199462890625,3052.781005859375,44.7400016784668,22.549999237060547,96.19000244140624,6.0,0.04580758139491081
2015-10-02,1.38,13.595,31.643,10.62,46.15,0.266,0.943,7.98,238.74,1951.3599853515625,3052.781005859375,45.540000915527344,20.940000534057617,95.83000183105467,6.0,0.031086847186088562
2015-10-03,1.38,13.595,31.643,10.62,46.15,0.266,0.943,7.98,238.74,1951.3599853515625,3052.781005859375,45.540000915527344,20.940000534057617,95.83000183105467,6.0,0.019595004618167877
2015-10-04,1.38,13.595,31.643,10.62,46.15,0.266,0.943,7.98,238.74,1951.3599853515625,3052.781005859375,45.540000915527344,20.940000534057617,95.83000183105467,6.0,0.029899239540100098
2015-10-05,1.67,14.206,32.505,11.18,47.43,0.277,0.943,8.33,248.78,1987.050048828125,3052.781005859375,46.2599983215332,19.540000915527344,96.11000061035156,6.0,0.038461729884147644
2015-10-06,1.72,14.603,33.35,11.83,47.61,0.275,0.943,8.73,257.2,1979.9200439453125,3052.781005859375,48.52999877929688,19.399999618530277,95.45999908447266,6.0,0.04614368453621864
2015-10-07,1.82,14.921,34.643,13.01,48.91,0.289,0.943,9.66,263.02,1995.8299560546875,3052.781005859375,47.810001373291016,18.399999618530277,95.5,6.0,0.04003928229212761
2015-10-08,1.77,15.489,35.567,13.46,50.57,0.28,1.008,9.87,265.47,2013.4300537109373,3143.35693359375,49.43000030517578,17.420000076293945,95.31999969482422,6.0,0.026462296023964882
2015-10-09,1.89,16.022,37.281,13.49,50.72,0.288,1.005,10.56,271.44,2014.8900146484373,3183.152099609375,49.630001068115234,17.079999923706055,94.80999755859376,6.0,0.012920345179736614
2015-10-10,1.89,16.022,37.281,13.49,50.72,0.288,1.005,10.56,271.44,2014.8900146484373,3183.152099609375,49.630001068115234,17.079999923706055,94.80999755859376,6.0,0.004545092582702637
2015-10-11,1.89,16.022,37.281,13.49,50.72,0.288,1.005,10.56,271.44,2014.8900146484373,3183.152099609375,49.630001068115234,17.079999923706055,94.80999755859376,6.0,-0.0024438363034278154
2015-10-12,1.78,15.933,37.172,12.94,50.51,0.297,1.04,10.08,270.19,2017.4599609375,3287.662109375,47.09999847412109,16.170000076293945,94.83999633789062,6.0,0.013095333240926266
2015-10-13,1.72,15.339,35.64,12.73,50.26,0.293,1.114,9.83,267.95,2003.68994140625,3293.22998046875,46.65999984741211,17.670000076293945,94.76000213623048,6.0,0.047684505581855774
2015-10-14,1.78,15.373,35.657,13.06,51.44,0.295,1.075,10.01,271.35,1994.239990234375,3262.44091796875,46.63999938964844,18.030000686645508,93.93000030517578,6.0,0.027042586356401443
2015-10-15,1.74,15.711,36.627,13.0,51.47,0.31,1.1,9.93,274.07,2023.8599853515625,3338.072998046875,46.380001068115234,16.049999237060547,94.37000274658205,6.0,0.01288924366235733
2015-10-16,1.71,15.489,35.908,12.44,52.45,0.302,1.115,9.9,269.8,2033.1099853515625,3391.35205078125,47.2599983215332,15.050000190734863,94.54000091552734,6.0,0.0020649200305342674
2015-10-17,1.71,15.489,35.908,12.44,52.45,0.302,1.115,9.9,269.8,2033.1099853515625,3391.35205078125,47.2599983215332,15.050000190734863,94.54000091552734,6.0,0.014193586073815823
2015-10-18,1.71,15.489,35.908,12.44,52.45,0.302,1.115,9.9,269.8,2033.1099853515625,3391.35205078125,47.2599983215332,15.050000190734863,94.54000091552734,6.0,0.023684898391366005
2015-10-19,1.63,15.292,35.641,12.03,52.26,0.295,1.18,9.18,268.03,2033.6600341796875,3386.699951171875,45.88999938964844,14.979999542236328,94.95999908447266,6.0,0.023666540160775185
2015-10-20,1.68,14.865,34.876,12.24,52.1,0.294,1.155,9.13,266.1,2030.77001953125,3425.330078125,45.54999923706055,15.75,94.8499984741211,6.0,0.024765493348240852
2015-10-21,1.63,14.91,35.061,11.95,51.18,0.294,1.04,8.85,268.52,2018.93994140625,3320.676025390625,45.20000076293945,16.700000762939453,95.0500030517578,6.0,0.02255384810268879
2015-10-22,1.73,14.822,34.962,12.02,52.39,0.285,1.082,8.72,269.94,2052.510009765625,3368.739013671875,45.380001068115234,14.449999809265137,96.33999633789062,6.0,0.017100688070058823
2015-10-23,1.75,15.14,35.486,12.13,52.58,0.283,1.119,8.87,269.78,2075.14990234375,3412.43408203125,44.59999847412109,14.460000038146973,97.06999969482422,6.0,0.01650829240679741
2015-10-24,1.75,15.14,35.486,12.13,52.58,0.283,1.119,8.87,269.78,2075.14990234375,3412.43408203125,44.59999847412109,14.460000038146973,97.06999969482422,6.0,0.021542372182011604
2015-10-25,1.75,15.14,35.486,12.13,52.58,0.283,1.119,8.87,269.78,2075.14990234375,3412.43408203125,44.59999847412109,14.460000038146973,97.06999969482422,6.0,0.015728864818811417
2015-10-26,1.7,15.199,35.933,12.02,52.68,0.276,1.167,8.61,268.56,2071.179931640625,3429.5810546875,43.97999954223633,15.289999961853027,96.86000061035156,6.0,0.01001107320189476
2015-10-27,1.64,14.936,34.983,11.61,51.93,0.276,1.139,8.1,264.3,2065.889892578125,3434.3359375,43.20000076293945,15.43000030517578,96.91000366210938,6.0,0.01362322736531496
2015-10-28,1.69,14.445,34.143,11.78,53.58,0.279,1.158,8.16,262.56,2090.35009765625,3375.196044921875,45.93999862670898,14.329999923706056,97.77999877929688,6.0,0.012333826161921024
2015-10-29,1.62,14.158,33.302,11.63,54.29,0.281,1.175,7.81,259.33,2089.409912109375,3387.31494140625,46.060001373291016,14.609999656677246,97.27999877929688,6.0,0.006943798623979092
2015-10-30,1.66,14.026,33.314,11.77,53.52,0.27,1.284,8.01,258.66,2079.360107421875,3382.56103515625,46.59000015258789,15.06999969482422,96.9499969482422,6.0,0.007850879803299904
2015-10-31,1.66,14.026,33.314,11.77,53.52,0.27,1.284,8.01,258.66,2079.360107421875,3382.56103515625,46.59000015258789,15.06999969482422,96.9499969482422,6.0,-0.008588346652686596
2015-11-01,1.66,14.026,33.314,11.77,53.52,0.27,1.284,8.01,258.66,2079.360107421875,3382.56103515625,46.59000015258789,15.06999969482422,96.9499969482422,5.0,-0.014834005385637283
2015-11-02,1.71,13.904,33.415,11.82,54.24,0.266,1.229,7.97,257.15,2104.050048828125,3325.0849609375,46.13999938964844,14.149999618530272,96.93000030517578,5.0,-0.005442055407911539
2015-11-03,1.76,14.121,33.512,12.41,54.67,0.268,1.248,8.23,259.97,2109.7900390625,3316.695068359375,47.900001525878906,14.539999961853027,97.16000366210938,5.0,-0.010214990936219692
2015-11-04,1.85,14.318,33.488,12.02,54.22,0.274,1.372,8.46,263.34,2102.31005859375,3459.639892578125,46.31999969482422,15.510000228881836,97.9499969482422,5.0,0.0026552698109298944
2015-11-05,1.77,14.191,32.999,11.48,49.43,0.266,1.39,7.72,258.44,2099.929931640625,3522.819091796875,45.20000076293945,15.050000190734863,97.94000244140624,5.0,0.0059543089009821415
2015-11-06,1.67,13.655,32.987,10.75,50.68,0.268,1.438,7.51,257.08,2099.199951171875,3590.031982421875,44.290000915527344,14.329999923706056,99.16000366210938,5.0,0.0032090088352560997
2015-11-07,1.67,13.655,32.987,10.75,50.68,0.268,1.438,7.51,257.08,2099.199951171875,3590.031982421875,44.290000915527344,14.329999923706056,99.16000366210938,5.0,0.030201107263565063
2015-11-08,1.67,13.655,32.987,10.75,50.68,0.268,1.438,7.51,257.08,2099.199951171875,3590.031982421875,44.290000915527344,14.329999923706056,99.16000366210938,5.0,0.06515456736087799
2015-11-09,1.59,12.879,31.805,10.49,49.92,0.266,1.554,7.41,257.94,2078.580078125,3646.881103515625,43.869998931884766,16.520000457763672,98.9800033569336,5.0,0.0849359929561615
2015-11-10,1.52,12.944,31.994,9.83,49.58,0.263,1.71,7.06,255.99,2081.719970703125,3640.485107421875,44.209999084472656,15.289999961853027,99.29000091552734,5.0,0.08907508850097656
2015-11-11,1.51,12.624,32.133,9.31,48.9,0.262,1.754,7.12,252.41,2075.0,3650.2490234375,42.93000030517578,16.059999465942383,99.01000213623048,5.0,0.08993464708328247
2015-11-12,1.4,12.537,32.503,8.77,46.92,0.261,1.726,6.51,250.53,2045.969970703125,3632.902099609375,41.75,18.3700008392334,98.6500015258789,5.0,0.0927884504199028
2015-11-13,1.36,12.312,31.963,8.68,47.62,0.252,1.712,6.6,248.86,2023.0400390625,3580.839111328125,40.7400016784668,20.07999992370605,98.98999786376952,5.0,0.11167986690998077
2015-11-14,1.36,12.312,31.963,8.68,47.62,0.252,1.712,6.6,248.86,2023.0400390625,3580.839111328125,40.7400016784668,20.07999992370605,98.98999786376952,5.0,0.10460332036018372
2015-11-15,1.36,12.312,31.963,8.68,47.62,0.252,1.712,6.6,248.86,2023.0400390625,3580.839111328125,40.7400016784668,20.07999992370605,98.98999786376952,5.0,0.10802961885929108
2015-11-16,1.3,12.173,30.996,8.86,47.98,0.246,1.709,6.55,246.81,2053.18994140625,3606.95703125,41.7400016784668,18.15999984741211,99.44000244140624,5.0,0.09503010660409927
2015-11-17,1.29,12.363,31.513,8.39,48.52,0.249,1.717,6.23,250.1,2050.43994140625,3604.794921875,40.66999816894531,18.84000015258789,99.62999725341795,5.0,0.10263732820749283
2015-11-18,1.36,12.025,30.666,8.77,50.81,0.246,1.678,6.5,248.55,2083.580078125,3568.468017578125,40.75,16.850000381469727,99.6500015258789,5.0,0.09293187409639359
2015-11-19,1.38,12.538,32.265,8.41,50.69,0.252,1.847,6.54,255.21,2081.239990234375,3617.06201171875,40.540000915527344,16.989999771118164,98.98999786376952,5.0,0.0737394317984581
2015-11-20,1.34,12.668,32.425,8.25,51.67,0.253,1.898,6.44,252.75,2089.169921875,3630.5,40.38999938964844,15.470000267028809,99.56999969482422,5.0,0.0746363177895546
2015-11-21,1.34,12.668,32.425,8.25,51.67,0.253,1.898,6.44,252.75,2089.169921875,3630.5,40.38999938964844,15.470000267028809,99.56999969482422,5.0,0.08217750489711761
2015-11-22,1.34,12.668,32.425,8.25,51.67,0.253,1.898,6.44,252.75,2089.169921875,3630.5,40.38999938964844,15.470000267028809,99.56999969482422,5.0,0.10163755714893341
2015-11-23,1.31,12.325,31.905,8.0,52.11,0.248,1.731,6.33,252.82,2086.590087890625,3610.31494140625,41.75,15.619999885559082,99.8000030517578,5.0,0.11048051714897156
2015-11-24,1.36,12.205,31.697,8.3,53.01,0.249,1.783,6.47,251.07,2089.139892578125,3616.113037109375,42.869998931884766,15.93000030517578,99.52999877929688,5.0,0.09788400679826736
2015-11-25,1.31,12.173,31.492,8.1,52.9,0.252,1.786,5.99,256.3,2088.8701171875,3647.929931640625,43.040000915527344,15.1899995803833,99.8000030517578,5.0,0.09472741186618805
2015-11-26,1.39,11.681,30.951,8.1,52.9,0.25,1.701,6.25,259.6,2088.8701171875,3635.552001953125,43.040000915527344,15.1899995803833,99.8000030517578,5.0,0.0982120931148529
2015-11-27,1.32,11.525,30.642,8.1,53.11,0.248,1.605,5.71,253.75,2090.110107421875,3436.302978515625,41.709999084472656,15.119999885559082,100.0199966430664,5.0,0.1127026155591011
2015-11-28,1.32,11.525,30.642,8.1,53.11,0.248,1.605,5.71,253.75,2090.110107421875,3436.302978515625,41.709999084472656,15.119999885559082,100.0199966430664,5.0,0.1343725472688675
2015-11-29,1.32,11.525,30.642,8.1,53.11,0.248,1.605,5.71,253.75,2090.110107421875,3436.302978515625,41.709999084472656,15.119999885559082,100.0199966430664,5.0,0.16375263035297394
2015-11-30,1.39,11.16,30.573,8.18,53.56,0.25,1.764,5.84,247.8,2080.409912109375,3445.405029296875,41.650001525878906,16.1299991607666,100.16999816894533,5.0,0.16566318273544312
2015-12-01,1.36,11.719,31.657,8.33,52.95,0.253,1.64,5.82,251.59,2102.6298828125,3456.30908203125,41.84999847412109,14.670000076293944,99.8000030517578,5.0,0.14098133146762848
2015-12-02,1.34,11.697,31.347,7.83,52.28,0.25,1.686,5.64,251.53,2079.510009765625,3536.905029296875,39.93999862670898,15.90999984741211,99.98999786376952,5.0,0.15001440048217773
2015-12-03,1.31,11.394,30.827,7.68,52.83,0.254,1.855,5.56,249.8,2049.6201171875,3584.823974609375,41.08000183105469,18.11000061035156,97.62000274658205,5.0,0.13519999384880066
2015-12-04,1.26,11.234,30.017,7.85,52.99,0.252,1.841,5.4,245.03,2091.68994140625,3524.991943359375,39.970001220703125,14.8100004196167,98.3499984741211,5.0,0.1282981038093567
2015-12-05,1.26,11.234,30.017,7.85,52.99,0.252,1.841,5.4,245.03,2091.68994140625,3524.991943359375,39.970001220703125,14.8100004196167,98.3499984741211,5.0,0.152113676071167
2015-12-06,1.26,11.234,30.017,7.85,52.99,0.252,1.841,5.4,245.03,2091.68994140625,3524.991943359375,39.970001220703125,14.8100004196167,98.3499984741211,5.0,0.1618768274784088
2015-12-07,1.23,11.158,29.66,7.23,51.1,0.267,1.984,5.27,240.67,2077.070068359375,3536.927001953125,37.650001525878906,15.84000015258789,98.66000366210938,5.0,0.17642739415168762
2015-12-08,1.14,10.501,28.189,6.74,49.78,0.258,2.115,4.61,231.63,2063.590087890625,3470.070068359375,37.5099983215332,17.600000381469727,98.47000122070312,5.0,0.17357411980628967
2015-12-09,1.21,10.588,28.007,6.99,50.02,0.261,2.323,4.61,230.0,2047.6199951171875,3472.43896484375,37.15999984741211,19.61000061035156,97.3499984741211,5.0,0.14885884523391724
2015-12-10,1.29,10.863,28.886,7.36,49.21,0.25,2.338,4.59,230.25,2052.22998046875,3455.4951171875,36.7599983215332,19.34000015258789,97.94000244140624,5.0,0.14233532547950745
2015-12-11,1.24,10.552,28.517,6.9,47.95,0.245,2.211,4.23,231.21,2012.3699951171875,3434.5810546875,35.619998931884766,24.38999938964844,97.56999969482422,5.0,0.14396263659000397
2015-12-12,1.24,10.552,28.517,6.9,47.95,0.245,2.211,4.23,231.21,2012.3699951171875,3434.5810546875,35.619998931884766,24.38999938964844,97.56999969482422,5.0,0.16517043113708496
2015-12-13,1.24,10.552,28.517,6.9,47.95,0.245,2.211,4.23,231.21,2012.3699951171875,3434.5810546875,35.619998931884766,24.38999938964844,97.56999969482422,5.0,0.17203029990196228
2015-12-14,1.16,10.262,28.148,6.46,47.76,0.25,2.177,4.04,228.63,2021.93994140625,3520.66796875,36.310001373291016,22.729999542236328,97.5999984741211,5.0,0.15217655897140503
2015-12-15,1.19,9.988,27.675,6.52,48.68,0.249,2.313,3.87,220.03,2043.4100341796875,3510.35400390625,37.34999847412109,20.950000762939453,98.22000122070312,5.0,0.1577286422252655
2015-12-16,1.21,10.606,28.669,6.69,51.83,0.255,2.222,3.96,216.72,2073.070068359375,3516.18701171875,35.52000045776367,17.860000610351562,97.87000274658205,5.0,0.15898633003234863
2015-12-17,1.15,10.353,28.472,6.12,52.42,0.258,2.24,3.73,215.44,2041.8900146484373,3579.9990234375,34.95000076293945,18.940000534057617,99.2699966430664,5.0,0.16124305129051208
2015-12-18,1.15,10.325,28.053,6.21,51.18,0.246,2.314,3.94,205.54,2005.550048828125,3578.964111328125,34.72999954223633,20.700000762939453,98.6999969482422,5.0,0.15780460834503174
2015-12-19,1.15,10.325,28.053,6.21,51.18,0.246,2.314,3.94,205.54,2005.550048828125,3578.964111328125,34.72999954223633,20.700000762939453,98.6999969482422,5.0,0.1429780125617981
2015-12-20,1.15,10.325,28.053,6.21,51.18,0.246,2.314,3.94,205.54,2005.550048828125,3578.964111328125,34.72999954223633,20.700000762939453,98.6999969482422,5.0,0.14093509316444397
2015-12-21,1.18,10.511,28.401,6.24,51.46,0.249,2.204,3.96,208.46,2021.1500244140625,3642.471923828125,34.7400016784668,18.700000762939453,98.45999908447266,5.0,0.1328524798154831
2015-12-22,1.22,10.394,28.154,6.42,54.31,0.255,2.21,4.17,212.46,2038.969970703125,3651.76708984375,36.13999938964844,16.600000381469727,98.23999786376952,5.0,0.1346084475517273
2015-12-23,1.33,10.746,29.318,7.45,56.29,0.255,2.186,4.57,220.19,2064.2900390625,3636.089111328125,37.5,15.56999969482422,98.33999633789062,5.0,0.13489478826522827
2015-12-24,1.32,11.394,30.816,7.57,55.95,0.257,2.166,4.65,222.81,2060.989990234375,3612.485107421875,38.09999847412109,15.739999771118164,97.9800033569336,5.0,0.1339368373155594
2015-12-25,1.32,11.394,30.816,7.57,55.95,0.257,2.166,4.65,221.75,2060.989990234375,3628.0009765625,38.09999847412109,15.739999771118164,97.9800033569336,5.0,0.14472709596157074
2015-12-26,1.32,11.394,30.816,7.57,55.95,0.257,2.166,4.65,221.75,2060.989990234375,3628.0009765625,38.09999847412109,15.739999771118164,97.9800033569336,5.0,0.19048205018043518
2015-12-27,1.32,11.394,30.816,7.57,55.95,0.257,2.166,4.65,221.75,2060.989990234375,3628.0009765625,38.09999847412109,15.739999771118164,97.9800033569336,5.0,0.18902955949306488
2015-12-28,1.32,11.394,30.816,7.57,55.95,0.257,2.166,4.65,222.34,2056.5,3533.779052734375,36.810001373291016,16.90999984741211,97.91999816894533,5.0,0.19341999292373657
2015-12-29,1.32,11.277,30.095,6.97,56.73,0.265,2.346,4.32,225.25,2078.360107421875,3563.736083984375,37.869998931884766,16.079999923706055,98.0999984741211,5.0,0.21542169153690338
2015-12-30,1.27,11.248,30.056,6.77,56.34,0.262,2.319,4.24,230.63,2063.360107421875,3572.8759765625,36.59999847412109,17.290000915527344,98.2699966430664,5.0,0.20706835389137268
2015-12-31,1.28,11.093,29.976,6.77,56.01,0.262,2.308,4.19,228.64,2043.93994140625,3539.181884765625,37.040000915527344,18.209999084472656,98.62999725341795,5.0,0.18911677598953247
2016-01-01,1.28,11.093,29.976,6.77,56.01,0.262,2.308,4.19,228.64,2043.93994140625,3539.181884765625,37.040000915527344,18.209999084472656,98.62999725341795,6.0,0.1602226197719574
2016-01-02,1.28,11.093,29.976,6.77,56.01,0.262,2.308,4.19,228.64,2043.93994140625,3539.181884765625,37.040000915527344,18.209999084472656,98.62999725341795,6.0,0.18892961740493774
2016-01-03,1.28,11.093,29.976,6.77,56.01,0.262,2.308,4.19,228.64,2043.93994140625,3539.181884765625,37.040000915527344,18.209999084472656,98.62999725341795,6.0,0.17066361010074615
2016-01-04,1.2,10.923,29.565,6.55,55.55,0.255,2.064,3.88,223.83,2012.6600341796875,3296.258056640625,36.7599983215332,20.700000762939453,98.87000274658205,6.0,0.1843174397945404
2016-01-05,1.24,10.742,29.074,6.71,54.7,0.262,1.866,3.95,222.47,2016.7099609375,3287.7109375,35.970001220703125,19.34000015258789,99.4000015258789,6.0,0.1483386754989624
2016-01-06,1.2,10.353,27.858,6.17,52.31,0.266,1.907,3.76,220.18,1990.260009765625,3361.840087890625,33.970001220703125,20.59000015258789,99.18000030517578,6.0,0.1432141661643982
2016-01-07,1.1,9.772,26.29,5.61,49.95,0.259,1.706,3.34,209.53,1943.0899658203125,3125.001953125,33.27000045776367,24.989999771118164,98.22000122070312,6.0,0.11934653669595718
2016-01-08,1.08,9.703,26.841,5.41,49.01,0.26,1.633,3.16,210.3,1922.030029296875,3186.412109375,33.15999984741211,27.01000022888184,98.54000091552734,6.0,0.11631889641284943
2016-01-09,1.08,9.703,26.841,5.41,49.01,0.26,1.633,3.16,210.3,1922.030029296875,3186.412109375,33.15999984741211,27.01000022888184,98.54000091552734,6.0,0.12987825274467468
2016-01-10,1.08,9.703,26.841,5.41,49.01,0.26,1.633,3.16,210.3,1922.030029296875,3186.412109375,33.15999984741211,27.01000022888184,98.54000091552734,6.0,0.13709963858127594
2016-01-11,1.02,9.284,26.101,4.31,48.04,0.25,1.557,3.18,205.23,1923.6700439453125,3016.7041015625,31.40999984741211,24.299999237060547,98.7300033569336,6.0,0.13441018760204315
2016-01-12,1.0,8.948,25.195,4.11,48.95,0.247,1.624,3.19,198.84,1938.6800537109373,3022.861083984375,30.440000534057617,22.46999931335449,98.97000122070312,6.0,0.1148308515548706
2016-01-13,0.99,8.769,25.347,3.74,47.71,0.246,1.557,3.17,199.85,1890.280029296875,2949.596923828125,30.479999542236328,25.21999931335449,98.93000030517578,6.0,0.11686032265424728
2016-01-14,1.08,8.871,25.002,4.2,48.9,0.249,1.709,3.6,198.65,1921.8399658203125,3007.64892578125,31.200000762939453,23.950000762939453,99.08999633789062,6.0,0.11306021362543106
2016-01-15,1.0,8.835,25.004,4.35,47.91,0.239,1.675,3.15,196.29,1880.3299560546875,2900.969970703125,29.420000076293945,27.020000457763672,98.95999908447266,6.0,0.1024697795510292
2016-01-16,1.0,8.835,25.004,4.35,47.91,0.239,1.675,3.15,196.29,1880.3299560546875,2900.969970703125,29.420000076293945,27.020000457763672,98.95999908447266,6.0,0.06607957929372787
2016-01-17,1.0,8.835,25.004,4.35,47.91,0.239,1.675,3.15,196.29,1880.3299560546875,2900.969970703125,29.420000076293945,27.020000457763672,98.95999908447266,6.0,0.06060190126299858
2016-01-18,1.02,8.572,24.471,4.35,47.91,0.233,1.679,3.15,194.96,1880.3299560546875,2913.8369140625,29.420000076293945,27.020000457763672,99.12000274658205,6.0,0.05807850509881973
2016-01-19,1.07,8.681,24.696,3.96,48.42,0.24,1.752,3.21,197.88,1881.3299560546875,3007.739013671875,28.459999084472656,26.049999237060547,98.98999786376952,6.0,0.051325418055057526
2016-01-20,0.97,8.378,24.026,4.07,48.01,0.229,1.765,2.98,191.73,1859.3299560546875,2976.694091796875,26.549999237060547,27.59000015258789,99.08999633789062,6.0,0.02601194567978382
2016-01-21,1.12,8.481,24.732,4.33,49.43,0.22,1.588,3.35,189.43,1868.989990234375,2880.48193359375,29.530000686645508,26.690000534057617,99.05999755859376,6.0,0.007203864399343729
2016-01-22,1.07,9.12,25.579,3.94,51.29,0.226,1.588,3.07,197.24,1906.9000244140625,2916.56201171875,32.189998626708984,22.34000015258789,99.56999969482422,6.0,0.011201377026736736
2016-01-23,1.07,9.12,25.579,3.94,51.29,0.226,1.588,3.07,197.24,1906.9000244140625,2916.56201171875,32.189998626708984,22.34000015258789,99.56999969482422,6.0,0.00045086597674526274
2016-01-24,1.07,9.12,25.579,3.94,51.29,0.226,1.588,3.07,197.24,1906.9000244140625,2916.56201171875,32.189998626708984,22.34000015258789,99.56999969482422,6.0,0.001027754507958889
2016-01-25,1.1,9.071,25.097,3.94,49.98,0.232,1.566,3.07,199.47,1877.0799560546875,2938.514892578125,30.34000015258789,24.149999618530277,99.36000061035156,6.0,-0.001087671727873385
2016-01-26,1.2,9.071,25.097,4.2,51.88,0.222,1.408,3.45,197.34,1903.6300048828125,2749.784912109375,31.450000762939453,22.5,99.36000061035156,6.0,0.0038048920687288046
2016-01-27,1.25,9.002,24.673,4.65,50.93,0.222,1.345,3.43,198.71,1882.949951171875,2735.55810546875,32.29999923706055,23.11000061035156,98.9000015258789,6.0,-0.0002623205946292728
2016-01-28,1.24,9.132,25.416,4.42,51.76,0.219,1.211,3.76,196.64,1893.3599853515625,2655.660888671875,33.220001220703125,22.420000076293945,98.51000213623048,6.0,-0.0015047859633341432
2016-01-29,1.22,9.281,25.539,4.6,52.64,0.225,1.332,3.75,196.33,1940.239990234375,2737.60009765625,33.619998931884766,20.200000762939453,99.61000061035156,6.0,-0.007383798714727163
2016-01-30,1.22,9.281,25.539,4.6,52.64,0.225,1.332,3.75,196.33,1940.239990234375,2737.60009765625,33.619998931884766,20.200000762939453,99.61000061035156,6.0,-0.005296355579048395
2016-01-31,1.22,9.281,25.539,4.6,52.64,0.225,1.332,3.75,196.33,1940.239990234375,2737.60009765625,33.619998931884766,20.200000762939453,99.61000061035156,6.0,-0.00913840252906084
2016-02-01,1.22,9.257,25.535,4.74,52.82,0.221,1.303,3.75,198.84,1939.3800048828125,2688.85400390625,31.6200008392334,19.979999542236328,99.0,6.0,-0.015901440754532814
2016-02-02,1.15,8.965,24.349,4.35,51.86,0.222,1.339,3.45,193.68,1903.030029296875,2749.570068359375,29.8799991607666,21.979999542236328,98.87000274658205,6.0,-0.0017563243163749576
2016-02-03,1.2,8.731,24.458,4.85,53.52,0.219,1.414,3.79,194.44,1912.530029296875,2739.2470703125,32.279998779296875,21.649999618530277,97.29000091552734,6.0,0.006555933505296707
2016-02-04,1.39,9.496,26.757,5.72,51.95,0.238,1.559,4.55,203.74,1915.449951171875,2781.02294921875,31.71999931335449,21.84000015258789,96.47000122070312,6.0,0.004093564115464687
2016-02-05,1.42,9.767,27.087,5.68,51.54,0.253,1.554,5.0,206.98,1880.050048828125,2763.491943359375,30.88999938964844,23.3799991607666,97.02999877929688,6.0,-0.007352521177381277
2016-02-06,1.42,9.767,27.087,5.68,51.54,0.253,1.554,5.0,206.98,1880.050048828125,2763.491943359375,30.88999938964844,23.3799991607666,97.02999877929688,6.0,-0.022065740078687668
2016-02-07,1.42,9.767,27.087,5.68,51.54,0.253,1.554,5.0,206.98,1880.050048828125,2763.491943359375,30.88999938964844,23.3799991607666,97.02999877929688,6.0,-0.015679772943258286
2016-02-08,1.42,9.899,27.762,5.27,48.79,0.253,1.554,5.15,207.3,1853.43994140625,2763.491943359375,29.690000534057617,26.0,96.56999969482422,6.0,-0.017257755622267723
2016-02-09,1.31,9.686,27.362,5.0,49.89,0.253,1.554,4.59,202.81,1852.2099609375,2763.491943359375,27.940000534057617,26.540000915527344,96.06999969482422,6.0,-0.03197973594069481
2016-02-10,1.3,9.48,27.142,4.98,50.09,0.253,1.554,4.51,197.92,1851.8599853515625,2763.491943359375,27.450000762939453,26.290000915527344,95.88999938964844,6.0,-0.04543359577655792
2016-02-11,1.22,9.248,26.851,4.89,50.09,0.273,1.554,4.34,196.71,1829.0799560546875,2763.491943359375,26.209999084472656,28.13999938964844,95.55999755859376,6.0,-0.06607731431722641
2016-02-12,1.37,9.143,26.47,5.53,51.38,0.293,1.554,5.15,197.37,1864.780029296875,2763.491943359375,29.440000534057617,25.399999618530277,95.9800033569336,6.0,-0.09102251380681992
2016-02-13,1.37,9.143,26.47,5.53,51.38,0.293,1.554,5.15,197.37,1864.780029296875,2763.491943359375,29.440000534057617,25.399999618530277,95.9800033569336,6.0,-0.08910074830055237
2016-02-14,1.37,9.143,26.47,5.53,51.38,0.293,1.554,5.15,197.37,1864.780029296875,2763.491943359375,29.440000534057617,25.399999618530277,95.9800033569336,6.0,-0.08306866884231567
2016-02-15,1.4,9.737,27.77,5.53,51.38,0.293,1.641,5.39,202.3,1864.780029296875,2746.196044921875,29.440000534057617,25.399999618530277,95.9800033569336,6.0,-0.0798395574092865
2016-02-16,1.41,10.067,28.299,6.37,52.32,0.284,1.667,5.4,200.95,1895.5799560546875,2836.571044921875,29.040000915527344,24.11000061035156,96.87000274658205,6.0,-0.08998626470565796
2016-02-17,1.64,9.798,27.872,7.16,52.77,0.285,1.65,6.35,206.94,1926.8199462890625,2867.337890625,30.65999984741211,22.309999465942383,96.79000091552734,6.0,-0.09078419208526611
2016-02-18,1.62,10.355,28.622,7.15,54.53,0.281,1.629,5.88,209.05,1917.8299560546875,2862.89306640625,30.770000457763672,21.63999938964844,96.9499969482422,6.0,-0.09568270295858383
2016-02-19,1.63,10.136,28.076,6.92,54.48,0.293,1.629,5.97,205.01,1917.780029296875,2860.02099609375,29.63999938964844,20.530000686645508,96.5999984741211,6.0,-0.0850563645362854
2016-02-20,1.63,10.136,28.076,6.92,54.48,0.293,1.629,5.97,205.01,1917.780029296875,2860.02099609375,29.63999938964844,20.530000686645508,96.5999984741211,6.0,-0.07544255256652832
2016-02-21,1.63,10.136,28.076,6.92,54.48,0.293,1.629,5.97,205.01,1917.780029296875,2860.02099609375,29.63999938964844,20.530000686645508,96.5999984741211,6.0,-0.045833948999643326
2016-02-22,1.79,10.593,29.279,7.93,54.83,0.283,1.711,6.5,208.47,1945.5,2927.175048828125,31.479999542236328,19.3799991607666,97.37999725341795,6.0,-0.04994286224246025
2016-02-23,1.74,10.84,29.616,7.24,52.66,0.3,1.634,6.03,210.87,1921.27001953125,2903.3310546875,31.8700008392334,20.979999542236328,97.4800033569336,6.0,-0.04352197051048279
2016-02-24,1.55,9.94,27.867,7.2,53.31,0.299,1.629,5.42,211.17,1929.800048828125,2928.89599609375,32.150001525878906,20.71999931335449,97.45999908447266,6.0,-0.05245012789964676
2016-02-25,1.59,9.877,27.536,7.12,55.44,0.299,1.483,5.6,211.36,1951.699951171875,2741.2451171875,33.06999969482422,19.11000061035156,97.29000091552734,6.0,-0.054003145545721054
2016-02-26,1.7,9.487,26.276,7.43,56.56,0.302,1.452,5.93,215.06,1948.050048828125,2767.2099609375,32.779998779296875,19.809999465942383,98.1500015258789,6.0,-0.04687235876917839
2016-02-27,1.7,9.487,26.276,7.43,56.56,0.302,1.452,5.93,215.06,1948.050048828125,2767.2099609375,32.779998779296875,19.809999465942383,98.1500015258789,6.0,-0.03839118406176567
2016-02-28,1.7,9.487,26.276,7.43,56.56,0.302,1.452,5.93,215.06,1948.050048828125,2767.2099609375,32.779998779296875,19.809999465942383,98.1500015258789,6.0,-0.021556928753852844
2016-02-29,1.78,9.488,26.497,7.63,56.22,0.3,1.304,6.35,218.62,1932.22998046875,2687.97900390625,33.75,20.549999237060547,98.20999908447266,6.0,-0.02583983726799488
2016-03-01,1.74,9.818,27.339,7.76,58.66,0.32,1.346,6.51,225.78,1978.3499755859373,2733.169921875,34.400001525878906,17.700000762939453,98.3499984741211,6.0,-0.03933190926909447
2016-03-02,1.82,10.416,29.103,8.97,57.71,0.322,1.417,7.01,231.19,1986.449951171875,2849.680908203125,34.65999984741211,17.09000015258789,98.20999908447266,6.0,-0.03238821402192116
2016-03-03,1.94,10.823,29.936,9.11,57.22,0.33,1.411,7.18,241.09,1993.4000244140625,2859.758056640625,34.56999969482422,16.700000762939453,97.56999969482422,6.0,-0.032728806138038635
2016-03-04,2.18,11.224,30.786,9.74,59.17,0.344,1.316,8.0,243.75,1999.989990234375,2874.14697265625,35.91999816894531,16.860000610351562,97.33999633789062,6.0,-0.040374040603637695
2016-03-05,2.18,11.224,30.786,9.74,59.17,0.344,1.316,8.0,243.75,1999.989990234375,2874.14697265625,35.91999816894531,16.860000610351562,97.33999633789062,6.0,-0.03439183533191681
2016-03-06,2.18,11.224,30.786,9.74,59.17,0.344,1.316,8.0,243.75,1999.989990234375,2874.14697265625,35.91999816894531,16.860000610351562,97.33999633789062,6.0,-0.014875251799821854
2016-03-07,2.33,11.824,31.974,9.86,58.8,0.345,1.347,8.51,253.03,2001.760009765625,2897.340087890625,37.900001525878906,17.350000381469727,97.06999969482422,6.0,-0.01820201985538006
2016-03-08,1.9,11.563,31.025,8.66,58.48,0.341,1.431,7.17,248.55,1979.260009765625,2901.386962890625,36.5,18.670000076293945,97.20999908447266,6.0,-0.019626984372735023
2016-03-09,1.95,11.413,30.559,9.15,60.24,0.319,1.372,7.16,242.36,1989.260009765625,2862.555908203125,38.290000915527344,18.34000015258789,97.16999816894533,6.0,-0.020194511860609055
2016-03-10,1.88,11.259,30.715,9.6,59.38,0.314,1.393,6.82,241.61,1989.5699462890625,2804.72607421875,37.84000015258789,18.049999237060547,96.06999969482422,6.0,-0.03248166665434837
2016-03-11,1.95,11.37,31.065,9.55,61.24,0.331,1.363,7.04,245.2,2022.18994140625,2810.306884765625,38.5,16.5,96.16999816894533,6.0,-0.03157314285635948
2016-03-12,1.95,11.37,31.065,9.55,61.24,0.331,1.363,7.04,245.2,2022.18994140625,2810.306884765625,38.5,16.5,96.16999816894533,6.0,-0.05107486993074417
2016-03-13,1.95,11.37,31.065,9.55,61.24,0.331,1.363,7.04,245.2,2022.18994140625,2810.306884765625,38.5,16.5,96.16999816894533,6.0,-0.037043794989585876
2016-03-14,2.02,11.379,30.791,9.97,60.02,0.322,1.467,7.42,244.65,2019.6400146484373,2859.4990234375,37.18000030517578,16.920000076293945,96.62000274658205,6.0,-0.03494773060083389
2016-03-15,1.91,10.904,29.526,9.27,59.19,0.321,1.475,6.55,236.59,2015.9300537109373,2864.367919921875,36.34000015258789,16.84000015258789,96.62999725341795,6.0,-0.029318146407604218
2016-03-16,1.97,10.877,29.696,10.22,61.62,0.317,1.505,6.67,234.75,2027.219970703125,2870.429931640625,38.459999084472656,14.989999771118164,95.88999938964844,6.0,-0.030541136860847473
2016-03-17,2.19,11.289,30.822,10.9,62.43,0.329,1.667,7.44,245.14,2040.5899658203125,2904.83203125,40.20000076293945,14.4399995803833,94.76000213623048,6.0,-0.04033761844038963
2016-03-18,2.23,11.742,30.919,10.76,61.38,0.329,1.693,7.64,244.38,2049.580078125,2955.14990234375,39.43999862670898,14.020000457763672,94.98999786376952,6.0,-0.05030953139066696
2016-03-19,2.23,11.742,30.919,10.76,61.38,0.329,1.693,7.64,244.38,2049.580078125,2955.14990234375,39.43999862670898,14.020000457763672,94.98999786376952,6.0,-0.04454416781663895
2016-03-20,2.23,11.742,30.919,10.76,61.38,0.329,1.693,7.64,244.38,2049.580078125,2955.14990234375,39.43999862670898,14.020000457763672,94.98999786376952,6.0,-0.028009016066789627
2016-03-21,2.2,11.752,30.79,10.8,61.64,0.319,1.72,7.5,245.15,2051.60009765625,3018.802001953125,39.90999984741211,13.789999961853027,95.29000091552734,6.0,-0.015067904256284237
2016-03-22,2.17,11.646,30.805,10.99,62.16,0.326,1.718,7.46,242.56,2049.800048828125,2999.363037109375,41.45000076293945,14.170000076293944,95.6500015258789,6.0,-0.019971689209342003
2016-03-23,2.07,11.311,30.429,9.75,61.39,0.312,1.664,7.02,239.04,2036.7099609375,3009.9599609375,39.790000915527344,14.9399995803833,96.0500030517578,6.0,-0.014351112768054008
2016-03-24,2.05,10.924,29.343,10.11,61.92,0.307,1.702,6.73,233.22,2035.93994140625,2960.969970703125,39.459999084472656,14.739999771118164,96.13999938964844,6.0,-0.028375348076224327
2016-03-25,2.05,10.924,29.343,10.11,61.92,0.307,1.702,6.73,233.44,2035.93994140625,2979.1259765625,39.459999084472656,14.739999771118164,96.13999938964844,6.0,-0.02350752428174019
2016-03-26,2.05,10.924,29.343,10.11,61.92,0.307,1.702,6.73,233.44,2035.93994140625,2979.1259765625,39.459999084472656,14.739999771118164,96.13999938964844,6.0,0.004490560386329889
2016-03-27,2.05,10.924,29.343,10.11,61.92,0.307,1.702,6.73,233.44,2035.93994140625,2979.1259765625,39.459999084472656,14.739999771118164,96.13999938964844,6.0,-0.0028439639136195183
2016-03-28,2.05,10.924,29.343,10.11,61.92,0.307,1.702,6.73,233.94,2037.050048828125,2957.820068359375,39.38999938964844,15.239999771118164,95.94000244140624,6.0,0.0016400819877162576
2016-03-29,1.98,10.878,29.612,10.14,62.96,0.307,1.706,6.54,233.86,2055.010009765625,2919.83203125,38.27999877929688,13.81999969482422,95.16000366210938,6.0,0.017753519117832184
2016-03-30,2.09,10.883,29.681,10.29,63.99,0.321,1.888,7.31,241.9,2063.949951171875,3000.64501953125,38.31999969482422,13.5600004196167,94.83999633789062,6.0,0.018703477457165718
2016-03-31,2.16,11.017,30.113,10.34,63.93,0.309,1.892,7.53,243.2,2059.739990234375,3003.9150390625,38.34000015258789,13.949999809265137,94.58999633789062,6.0,0.011582874692976475
2016-04-01,2.04,11.109,30.486,9.89,65.2,0.312,1.926,7.27,244.37,2072.780029296875,3009.530029296875,36.790000915527344,13.100000381469728,94.62000274658205,6.0,0.01925363577902317
2016-04-02,2.04,11.109,30.486,9.89,65.2,0.312,1.926,7.27,244.37,2072.780029296875,3009.530029296875,36.790000915527344,13.100000381469728,94.62000274658205,6.0,0.01658274419605732
2016-04-03,2.04,11.109,30.486,9.89,65.2,0.312,1.926,7.27,244.37,2072.780029296875,3009.530029296875,36.790000915527344,13.100000381469728,94.62000274658205,6.0,0.012199418619275093
2016-04-04,2.05,10.722,29.999,9.42,65.33,0.312,1.926,7.41,244.83,2066.1298828125,3009.530029296875,35.70000076293945,14.119999885559082,94.51000213623048,6.0,0.015838878229260445
2016-04-05,1.92,10.291,29.169,9.34,64.5,0.304,1.975,7.07,241.97,2045.1700439453125,3053.06494140625,35.88999938964844,15.420000076293944,94.62999725341795,6.0,-0.0038156018126755953
2016-04-06,1.89,10.469,29.648,9.61,66.03,0.298,2.07,7.01,241.51,2066.659912109375,3050.592041015625,37.75,14.09000015258789,94.43000030517578,6.0,-0.010373277589678764
2016-04-07,1.78,10.496,29.705,8.85,64.69,0.3,2.138,6.75,237.23,2041.9100341796875,3008.419921875,37.2599983215332,16.15999984741211,94.4800033569336,6.0,-0.027442287653684616
2016-04-08,1.85,10.429,30.1,9.33,64.85,0.303,2.163,7.34,240.55,2047.5999755859373,2984.9580078125,39.720001220703125,15.359999656677246,94.23999786376952,6.0,-0.028344860300421715
2016-04-09,1.85,10.429,30.1,9.33,64.85,0.303,2.163,7.34,240.55,2047.5999755859373,2984.9580078125,39.720001220703125,15.359999656677246,94.23999786376952,6.0,-0.021610883995890617
2016-04-10,1.85,10.429,30.1,9.33,64.85,0.303,2.163,7.34,240.55,2047.5999755859373,2984.9580078125,39.720001220703125,15.359999656677246,94.23999786376952,6.0,-0.006125489715486765
2016-04-11,1.93,10.73,30.99,9.76,65.25,0.322,2.188,7.91,246.25,2041.989990234375,3033.95703125,40.36000061035156,16.260000228881836,93.9499969482422,6.0,0.0013297076802700758
2016-04-12,2.03,11.085,32.096,10.43,65.3,0.325,2.018,8.66,249.58,2061.719970703125,3023.64599609375,42.16999816894531,14.850000381469728,93.95999908447266,6.0,0.01469089463353157
2016-04-13,2.16,11.707,33.412,10.82,65.0,0.322,2.024,9.57,253.92,2082.419921875,3066.637939453125,41.7599983215332,13.84000015258789,94.73999786376952,6.0,-0.0021247039549052715
2016-04-14,2.14,12.397,34.465,10.73,65.45,0.309,2.048,9.28,257.07,2082.780029296875,3082.362060546875,41.5,13.720000267028809,94.9000015258789,6.0,-0.00920835044234991
2016-04-15,2.12,12.705,34.288,10.86,65.37,0.311,2.041,9.14,256.23,2080.72998046875,3078.116943359375,40.36000061035156,13.619999885559082,94.6999969482422,6.0,-0.027602244168519974
2016-04-16,2.12,12.705,34.288,10.86,65.37,0.311,2.041,9.14,256.23,2080.72998046875,3078.116943359375,40.36000061035156,13.619999885559082,94.6999969482422,6.0,-0.025736447423696518
2016-04-17,2.12,12.705,34.288,10.86,65.37,0.311,2.041,9.14,256.23,2080.72998046875,3078.116943359375,40.36000061035156,13.619999885559082,94.6999969482422,6.0,-0.012353147380053997
2016-04-18,2.16,12.371,33.886,11.02,65.49,0.312,2.152,9.4,252.38,2094.340087890625,3033.659912109375,39.77999877929688,13.350000381469728,94.48999786376952,6.0,-0.016820384189486504
2016-04-19,2.34,13.117,35.482,12.01,65.34,0.32,2.187,10.28,263.38,2100.800048828125,3042.822998046875,41.08000183105469,13.239999771118164,93.9800033569336,6.0,-0.022770339623093605
2016-04-20,2.34,13.532,36.843,12.36,65.65,0.317,2.251,10.78,267.97,2102.39990234375,2972.583984375,42.630001068115234,13.279999732971191,94.48999786376952,6.0,-0.020374629646539688
2016-04-21,2.29,13.904,37.47,11.52,65.64,0.324,2.044,10.16,275.72,2091.47998046875,2952.89111328125,43.18000030517578,13.949999809265137,94.5999984741211,6.0,-0.01907512918114662
2016-04-22,2.23,13.389,36.205,11.67,66.24,0.318,2.175,10.02,271.87,2091.580078125,2959.239990234375,43.72999954223633,13.220000267028809,95.12000274658205,6.0,-0.015441009774804115
2016-04-23,2.23,13.389,36.205,11.67,66.24,0.318,2.175,10.02,271.87,2091.580078125,2959.239990234375,43.72999954223633,13.220000267028809,95.12000274658205,6.0,0.0072990888729691505
2016-04-24,2.23,13.389,36.205,11.67,66.24,0.318,2.175,10.02,271.87,2091.580078125,2959.239990234375,43.72999954223633,13.220000267028809,95.12000274658205,6.0,-0.013554688543081284
2016-04-25,2.15,13.389,36.205,11.35,66.59,0.315,2.122,9.34,269.86,2087.7900390625,2946.669921875,42.63999938964844,14.079999923706056,94.83999633789062,6.0,-0.008163335733115673
2016-04-26,2.12,13.069,35.298,11.48,67.76,0.316,2.172,9.24,268.08,2091.699951171875,2964.699951171875,44.040000915527344,13.960000038146973,94.56999969482422,6.0,-0.0027529241051524878
2016-04-27,2.13,12.721,33.838,12.65,67.86,0.325,2.183,9.62,263.98,2095.14990234375,2953.6708984375,45.33000183105469,13.770000457763672,94.38999938964844,6.0,-0.01690981723368168
2016-04-28,2.19,13.39,35.339,12.66,66.42,0.326,2.244,10.45,265.7,2075.81005859375,2945.589111328125,46.02999877929688,15.220000267028809,93.76000213623048,6.0,-0.01618386059999466
2016-04-29,2.28,13.421,36.116,14.0,66.16,0.331,2.289,10.59,267.29,2065.300048828125,2938.323974609375,45.91999816894531,15.699999809265137,93.08000183105467,6.0,-0.01142873428761959
2016-04-30,2.28,13.421,36.116,14.0,66.16,0.331,2.289,10.59,267.29,2065.300048828125,2938.323974609375,45.91999816894531,15.699999809265137,93.08000183105467,6.0,-0.020862063392996788
2016-05-01,2.28,13.421,36.116,14.0,66.16,0.331,2.289,10.59,267.29,2065.300048828125,2938.323974609375,45.91999816894531,15.699999809265137,93.08000183105467,5.0,-0.019056688994169235
2016-05-02,2.28,13.421,36.116,14.0,66.16,0.331,2.289,10.59,266.57,2081.429931640625,2938.323974609375,44.77999877929688,14.68000030517578,92.62999725341795,5.0,-0.018009770661592484
2016-05-03,2.08,13.243,35.688,12.01,67.33,0.335,2.439,9.19,264.85,2063.3701171875,2992.64306640625,43.650001525878906,15.600000381469728,92.94000244140624,5.0,-0.021246440708637238
2016-05-04,2.01,11.961,32.88,11.8,66.59,0.323,2.444,8.85,261.51,2051.1201171875,2991.27197265625,43.77999877929688,16.049999237060547,93.18000030517578,5.0,-0.010462182573974133
2016-05-05,2.02,11.744,33.059,11.29,67.1,0.323,2.538,9.0,261.7,2050.6298828125,2997.842041015625,44.31999969482422,15.90999984741211,93.77999877929688,5.0,-0.016852324828505516
2016-05-06,2.01,11.606,32.406,11.79,68.63,0.317,2.477,8.9,258.68,2057.139892578125,2913.248046875,44.65999984741211,14.720000267028809,93.88999938964844,5.0,-0.003839158220216632
2016-05-07,2.01,11.606,32.406,11.79,68.63,0.317,2.477,8.9,258.68,2057.139892578125,2913.248046875,44.65999984741211,14.720000267028809,93.88999938964844,5.0,-0.00797658134251833
2016-05-08,2.01,11.606,32.406,11.79,68.63,0.317,2.477,8.9,258.68,2057.139892578125,2913.248046875,44.65999984741211,14.720000267028809,93.88999938964844,5.0,0.009747307747602463
2016-05-09,1.83,11.495,31.505,10.52,67.28,0.331,2.415,7.65,250.03,2058.68994140625,2832.113037109375,43.43999862670898,14.56999969482422,94.1500015258789,5.0,0.009175963699817657
2016-05-10,1.85,11.206,30.803,10.86,67.86,0.326,2.284,8.03,250.2,2084.389892578125,2832.591064453125,44.65999984741211,13.630000114440918,94.29000091552734,5.0,0.002498777350410819
2016-05-11,1.89,11.68,31.272,11.61,74.65,0.335,2.286,8.47,256.91,2064.4599609375,2837.037109375,46.22999954223633,14.6899995803833,93.81999969482422,5.0,-0.0025172571185976267
2016-05-12,1.81,11.625,30.985,11.03,75.87,0.331,2.477,7.89,257.45,2064.110107421875,2835.862060546875,46.70000076293945,14.40999984741211,94.13999938964844,5.0,0.008591985329985619
2016-05-13,1.8,11.285,29.887,10.41,76.16,0.318,2.517,7.88,253.99,2046.6099853515625,2827.10888671875,46.209999084472656,15.039999961853027,94.61000061035156,5.0,0.007157086860388517
2016-05-14,1.8,11.285,29.887,10.41,76.16,0.318,2.517,7.88,253.99,2046.6099853515625,2827.10888671875,46.209999084472656,15.039999961853027,94.61000061035156,5.0,0.02227701060473919
2016-05-15,1.8,11.285,29.887,10.41,76.16,0.318,2.517,7.88,253.99,2046.6099853515625,2827.10888671875,46.209999084472656,15.039999961853027,94.61000061035156,5.0,0.015188618563115597
2016-05-16,1.84,11.546,30.361,11.04,77.81,0.321,2.574,8.33,255.9,2066.659912109375,2850.862060546875,47.720001220703125,14.68000030517578,94.56999969482422,5.0,0.02604743279516697
2016-05-17,1.89,12.008,30.953,11.51,76.17,0.327,2.574,8.63,255.84,2047.2099609375,2843.68408203125,48.310001373291016,15.56999969482422,94.5500030517578,5.0,0.04093029722571373
2016-05-18,1.86,11.99,30.522,10.54,76.17,0.319,2.469,8.4,249.44,2047.6300048828125,2807.513916015625,48.18999862670898,15.949999809265137,95.08000183105467,5.0,0.032895565032958984
2016-05-19,1.79,11.541,29.49,10.98,75.77,0.305,2.557,8.04,247.81,2040.0400390625,2806.906005859375,48.15999984741211,16.329999923706055,95.29000091552734,5.0,0.043536439538002014
2016-05-20,1.79,11.617,29.965,11.08,76.36,0.301,2.501,8.27,252.16,2052.320068359375,2825.48291015625,47.75,15.199999809265137,95.30999755859376,5.0,0.038656655699014664
2016-05-21,1.79,11.617,29.965,11.08,76.36,0.301,2.501,8.27,252.16,2052.320068359375,2825.48291015625,47.75,15.199999809265137,95.30999755859376,5.0,0.0679604709148407
2016-05-22,1.79,11.617,29.965,11.08,76.36,0.301,2.501,8.27,252.16,2052.320068359375,2825.48291015625,47.75,15.199999809265137,95.30999755859376,5.0,0.09999172389507294
2016-05-23,1.79,11.323,29.277,11.38,76.37,0.3,2.556,8.23,249.3,2048.0400390625,2843.64501953125,48.08000183105469,15.81999969482422,95.2300033569336,5.0,0.0877448096871376
2016-05-24,1.82,11.27,29.255,11.11,76.34,0.292,2.478,8.45,247.2,2076.06005859375,2821.666015625,48.619998931884766,14.420000076293944,95.56999969482422,5.0,0.07195700705051422
2016-05-25,1.88,11.614,29.871,11.65,78.87,0.292,2.367,8.65,247.4,2090.5400390625,2815.0859375,49.560001373291016,13.899999618530272,95.3499984741211,5.0,0.07044089585542679
2016-05-26,1.91,11.972,30.283,11.34,79.04,0.29,2.37,8.76,253.16,2090.10009765625,2822.443115234375,49.47999954223633,13.43000030517578,95.16999816894533,5.0,0.0798867866396904
2016-05-27,1.88,11.872,29.66,11.14,80.09,0.287,2.235,8.5,257.04,2099.06005859375,2821.0458984375,49.33000183105469,13.119999885559082,95.5199966430664,5.0,0.0912894532084465
2016-05-28,1.88,11.872,29.66,11.14,80.09,0.287,2.235,8.5,257.04,2099.06005859375,2821.0458984375,49.33000183105469,13.119999885559082,95.5199966430664,5.0,0.10208235681056976
2016-05-29,1.88,11.872,29.66,11.14,80.09,0.287,2.235,8.5,257.04,2099.06005859375,2821.0458984375,49.33000183105469,13.119999885559082,95.5199966430664,5.0,0.09567397087812424
2016-05-30,1.88,11.872,29.66,11.14,80.09,0.287,2.235,8.5,255.71,2099.06005859375,2822.450927734375,49.33000183105469,13.119999885559082,95.5199966430664,5.0,0.11017122119665146
2016-05-31,1.82,11.775,29.773,11.08,78.5,0.288,2.316,8.25,264.15,2096.949951171875,2916.615966796875,49.09999847412109,14.1899995803833,95.88999938964844,5.0,0.12206633388996124
2016-06-01,1.78,11.457,29.291,10.6,79.68,0.291,2.377,8.1,269.55,2099.330078125,2913.508056640625,49.0099983215332,14.199999809265137,95.45999908447266,5.0,0.14486384391784668
2016-06-02,1.78,11.257,28.581,10.66,79.84,0.291,2.36,8.05,270.53,2105.260009765625,2925.22900390625,49.16999816894531,13.630000114440918,95.55999755859376,5.0,0.13788573443889618
2016-06-03,1.89,11.65,29.549,11.11,80.0,0.287,2.399,8.52,273.38,2099.1298828125,2938.681884765625,48.619998931884766,13.470000267028809,94.02999877929688,5.0,0.12229554355144501
2016-06-04,1.89,11.65,29.549,11.11,80.0,0.287,2.399,8.52,273.38,2099.1298828125,2938.681884765625,48.619998931884766,13.470000267028809,94.02999877929688,5.0,0.10418963432312012
2016-06-05,1.89,11.65,29.549,11.11,80.0,0.287,2.399,8.52,273.38,2099.1298828125,2938.681884765625,48.619998931884766,13.470000267028809,94.02999877929688,5.0,0.11702769249677658
2016-06-06,1.99,12.087,30.697,11.65,80.96,0.3,2.425,9.41,281.01,2109.409912109375,2934.097900390625,49.68999862670898,13.649999618530272,93.9000015258789,5.0,0.11967521905899048
2016-06-07,1.95,12.592,31.64,11.24,81.29,0.305,2.391,9.19,283.34,2112.1298828125,2936.044921875,50.36000061035156,14.050000190734863,93.83000183105467,5.0,0.11548767983913422
2016-06-08,2.02,12.458,31.088,11.58,81.21,0.294,2.543,9.6,282.91,2119.1201171875,2927.158935546875,51.22999954223633,14.079999923706056,93.58999633789062,5.0,0.1264992207288742
2016-06-09,1.91,12.434,31.102,10.9,80.26,0.294,2.543,9.14,280.4,2115.47998046875,2927.158935546875,50.560001373291016,14.640000343322754,94.0999984741211,5.0,0.1261686533689499
2016-06-10,1.83,11.831,29.944,10.36,79.83,0.294,2.543,8.7,276.29,2096.070068359375,2927.158935546875,49.06999969482422,17.030000686645508,94.5999984741211,5.0,0.11309715360403061
2016-06-11,1.83,11.831,29.944,10.36,79.83,0.294,2.543,8.7,276.29,2096.070068359375,2927.158935546875,49.06999969482422,17.030000686645508,94.5999984741211,5.0,0.09782640635967255
2016-06-12,1.83,11.831,29.944,10.36,79.83,0.294,2.543,8.7,276.29,2096.070068359375,2927.158935546875,49.06999969482422,17.030000686645508,94.5999984741211,5.0,0.10771523416042328
2016-06-13,1.82,11.831,29.944,10.4,78.15,0.296,2.358,8.61,270.79,2079.06005859375,2833.071044921875,48.880001068115234,20.96999931335449,94.37000274658205,5.0,0.09036993235349655
2016-06-14,1.73,11.43,29.469,10.21,78.4,0.295,2.322,8.03,265.67,2075.320068359375,2842.18896484375,48.4900016784668,20.5,94.93000030517578,5.0,0.08533476293087006
2016-06-15,1.86,11.264,29.314,11.0,79.71,0.295,2.475,8.51,270.42,2071.5,2887.2099609375,48.0099983215332,20.13999938964844,94.61000061035156,5.0,0.08477616310119629
2016-06-16,1.88,11.24,29.169,10.78,79.99,0.322,2.533,8.26,266.28,2077.989990234375,2872.81689453125,46.209999084472656,19.3700008392334,94.56999969482422,5.0,0.06332295387983322
2016-06-17,1.93,11.416,29.595,11.14,82.8,0.317,2.508,8.68,270.14,2071.219970703125,2885.10498046875,47.97999954223633,19.40999984741211,94.20999908447266,5.0,0.050623711198568344
2016-06-18,1.93,11.416,29.595,11.14,82.8,0.317,2.508,8.68,270.14,2071.219970703125,2885.10498046875,47.97999954223633,19.40999984741211,94.20999908447266,5.0,0.002735723042860627
2016-06-19,1.93,11.416,29.595,11.14,82.8,0.317,2.508,8.68,270.14,2071.219970703125,2885.10498046875,47.97999954223633,19.40999984741211,94.20999908447266,5.0,-0.02251020260155201
2016-06-20,2.06,12.013,30.781,11.55,83.01,0.311,2.588,9.35,271.09,2083.25,2888.80908203125,49.369998931884766,18.3700008392334,93.61000061035156,5.0,-0.03859132155776024
2016-06-21,2.05,11.878,30.329,11.61,83.62,0.308,2.476,9.15,270.67,2088.89990234375,2878.55810546875,48.84999847412109,18.479999542236328,94.0199966430664,5.0,-0.04024520888924599
2016-06-22,2.1,11.98,30.813,11.5,83.32,0.303,2.498,9.36,269.28,2085.449951171875,2905.550048828125,49.130001068115234,21.170000076293945,93.72000122070312,5.0,-0.04240240156650543
2016-06-23,2.18,12.373,32.112,11.77,84.4,0.303,2.422,9.81,270.95,2113.320068359375,2891.9599609375,50.11000061035156,17.25,93.52999877929688,5.0,-0.04349420592188835
2016-06-24,1.83,11.168,29.438,10.58,78.98,0.316,2.318,8.56,259.97,2037.4100341796875,2854.285888671875,47.63999938964844,25.76000022888184,95.4499969482422,5.0,-0.048176247626543045
2016-06-25,1.83,11.168,29.438,10.58,78.98,0.316,2.318,8.56,259.97,2037.4100341796875,2854.285888671875,47.63999938964844,25.76000022888184,95.4499969482422,5.0,-0.05217321589589119
2016-06-26,1.83,11.168,29.438,10.58,78.98,0.316,2.318,8.56,259.97,2037.4100341796875,2854.285888671875,47.63999938964844,25.76000022888184,95.4499969482422,5.0,-0.0556454099714756
2016-06-27,1.72,11.302,29.738,10.13,75.34,0.323,2.324,7.91,258.21,2000.5400390625,2895.702880859375,46.33000183105469,23.850000381469727,96.54000091552734,5.0,-0.07057186216115952
2016-06-28,1.77,11.371,30.09,10.69,78.29,0.32,2.279,8.17,260.98,2036.0899658203125,2912.556884765625,47.84999847412109,18.75,96.25,5.0,-0.07270749658346176
2016-06-29,1.89,11.636,30.771,10.77,79.12,0.322,2.469,8.88,269.0,2070.77001953125,2931.592041015625,49.880001068115234,16.639999389648438,95.7699966430664,5.0,-0.07282800227403641
2016-06-30,1.95,11.862,31.24,11.14,79.31,0.334,2.397,9.18,271.07,2098.860107421875,2929.60595703125,48.33000183105469,15.630000114440918,96.13999938964844,5.0,-0.07837506383657455
2016-07-01,1.98,12.212,31.814,11.35,81.32,0.334,2.394,9.55,274.53,2102.949951171875,2932.47607421875,48.9900016784668,14.770000457763672,95.6500015258789,5.0,-0.07624273747205734
2016-07-02,1.98,12.212,31.814,11.35,81.32,0.334,2.394,9.55,274.53,2102.949951171875,2932.47607421875,48.9900016784668,14.770000457763672,95.6500015258789,5.0,-0.07244724780321121
2016-07-03,1.98,12.212,31.814,11.35,81.32,0.334,2.394,9.55,274.53,2102.949951171875,2932.47607421875,48.9900016784668,14.770000457763672,95.6500015258789,5.0,-0.048836808651685715
2016-07-04,2.07,12.562,33.175,11.35,81.32,0.353,2.441,9.64,286.95,2102.949951171875,2988.60400390625,48.9900016784668,14.770000457763672,95.6500015258789,5.0,-0.04606223106384277
2016-07-05,1.97,12.384,32.833,10.5,79.9,0.348,2.473,9.15,283.8,2088.550048828125,3006.39208984375,46.59999847412109,15.579999923706056,96.16999816894533,5.0,-0.05745764821767807
2016-07-06,1.98,12.004,32.419,10.89,80.86,0.362,2.436,8.96,283.45,2099.72998046875,3017.2919921875,47.43000030517578,14.960000038146973,96.05999755859376,5.0,-0.07053633034229279
2016-07-07,2.05,12.179,32.648,10.67,81.32,0.378,2.684,9.15,280.83,2097.89990234375,3016.846923828125,45.13999938964844,14.760000228881836,96.33000183105467,5.0,-0.07279500365257263
2016-07-08,2.07,12.307,33.683,11.2,83.58,0.375,2.662,9.16,282.75,2129.89990234375,2988.093994140625,45.40999984741211,13.199999809265137,96.3000030517578,5.0,-0.061059944331645966
2016-07-09,2.07,12.307,33.683,11.2,83.58,0.375,2.662,9.16,282.75,2129.89990234375,2988.093994140625,45.40999984741211,13.199999809265137,96.3000030517578,5.0,-0.043807778507471085
2016-07-10,2.07,12.307,33.683,11.2,83.58,0.375,2.662,9.16,282.75,2129.89990234375,2988.093994140625,45.40999984741211,13.199999809265137,96.3000030517578,5.0,-0.030404632911086082
2016-07-11,2.21,12.598,34.36,11.65,83.63,0.389,2.661,9.98,293.26,2137.159912109375,2994.9169921875,44.7599983215332,13.539999961853027,96.56999969482422,5.0,-0.032720234245061874
2016-07-12,2.36,12.967,34.696,12.9,85.22,0.384,2.543,10.44,297.01,2152.139892578125,3049.381103515625,46.79999923706055,13.550000190734863,96.44000244140624,5.0,-0.04832545667886734
2016-07-13,2.35,13.362,35.59,12.96,85.55,0.392,2.56,10.14,296.57,2152.429931640625,3060.68896484375,44.75,13.039999961853027,96.22000122070312,5.0,-0.04943506792187691
2016-07-14,2.38,13.246,35.29,12.95,86.04,0.383,2.643,10.68,298.28,2163.75,3054.01806640625,45.68000030517578,12.81999969482422,96.08000183105467,5.0,-0.0466822050511837
2016-07-15,2.35,13.177,35.299,13.11,86.35,0.386,2.756,10.47,295.88,2161.739990234375,3054.2958984375,45.95000076293945,12.670000076293944,96.58000183105467,5.0,-0.033213093876838684
2016-07-16,2.35,13.177,35.299,13.11,86.35,0.386,2.756,10.47,295.88,2161.739990234375,3054.2958984375,45.95000076293945,12.670000076293944,96.58000183105467,5.0,-0.016436709091067314
2016-07-17,2.35,13.177,35.299,13.11,86.35,0.386,2.756,10.47,295.88,2161.739990234375,3054.2958984375,45.95000076293945,12.670000076293944,96.58000183105467,5.0,-0.030466673895716667
2016-07-18,2.37,13.102,35.072,13.14,86.21,0.38,2.75,10.47,295.82,2166.889892578125,3043.56396484375,45.2400016784668,12.4399995803833,96.55999755859376,5.0,-0.024730218574404716
2016-07-19,2.26,12.699,33.866,12.45,85.92,0.379,2.726,10.13,288.64,2163.780029296875,3036.597900390625,44.650001525878906,11.970000267028809,97.0500030517578,5.0,-0.03524898365139961
2016-07-20,2.23,12.288,33.076,12.3,86.62,0.37,2.701,9.71,287.69,2173.02001953125,3027.89990234375,44.93999862670898,11.770000457763672,97.1999969482422,5.0,-0.018858829513192177
2016-07-21,2.32,12.324,33.514,12.87,84.27,0.369,2.759,9.9,288.41,2165.169921875,3039.009033203125,44.75,12.739999771118164,97.0,5.0,-0.021544387564063072
2016-07-22,2.31,12.293,33.245,12.67,85.01,0.373,2.613,9.65,285.55,2175.030029296875,3012.81591796875,44.18999862670898,12.020000457763672,97.47000122070312,5.0,-0.01138952374458313
2016-07-23,2.31,12.293,33.245,12.67,85.01,0.373,2.613,9.65,285.55,2175.030029296875,3012.81591796875,44.18999862670898,12.020000457763672,97.47000122070312,5.0,0.009892713278532028
2016-07-24,2.31,12.293,33.245,12.67,85.01,0.373,2.613,9.65,285.55,2175.030029296875,3012.81591796875,44.18999862670898,12.020000457763672,97.47000122070312,5.0,0.008409541100263596
2016-07-25,2.33,12.263,33.123,12.38,86.2,0.362,2.492,9.68,282.27,2168.47998046875,3015.827880859375,43.130001068115234,12.869999885559082,97.29000091552734,5.0,0.011165248230099678
2016-07-26,2.35,12.332,33.647,12.68,85.52,0.37,2.531,9.75,284.23,2169.179931640625,3050.166015625,42.91999816894531,13.050000190734863,97.16000366210938,5.0,0.021952206268906593
2016-07-27,2.4,12.699,34.237,13.06,84.82,0.364,2.435,10.03,280.25,2166.580078125,2991.9990234375,41.91999816894531,12.829999923706056,97.0500030517578,5.0,0.03728531673550606
2016-07-28,2.34,12.787,35.002,12.94,85.11,0.38,2.458,10.53,282.92,2170.06005859375,2994.322998046875,41.13999938964844,12.720000267028809,96.73999786376952,5.0,0.03373653441667557
2016-07-29,2.36,12.657,34.689,12.96,84.17,0.364,2.419,10.43,281.37,2173.60009765625,2979.339111328125,41.59999847412109,11.869999885559082,95.52999877929688,5.0,0.037220388650894165
2016-07-30,2.36,12.657,34.689,12.96,84.17,0.364,2.419,10.43,281.37,2173.60009765625,2979.339111328125,41.59999847412109,11.869999885559082,95.52999877929688,5.0,0.047188445925712585
2016-07-31,2.36,12.657,34.689,12.96,84.17,0.364,2.419,10.43,281.37,2173.60009765625,2979.339111328125,41.59999847412109,11.869999885559082,95.52999877929688,5.0,0.06768543273210526
2016-08-01,2.37,12.652,34.508,12.48,83.91,0.376,2.364,10.62,280.36,2170.840087890625,2953.385009765625,40.060001373291016,12.4399995803833,95.70999908447266,5.0,0.07567432522773743
2016-08-02,2.38,12.498,34.648,12.4,84.37,0.376,2.373,10.59,278.73,2157.030029296875,2971.279052734375,39.5099983215332,13.369999885559082,95.05999755859376,5.0,0.07683273404836655
2016-08-03,2.35,12.367,34.56,12.39,83.99,0.385,2.368,10.57,277.17,2163.7900390625,2978.4609375,40.83000183105469,12.859999656677246,95.55999755859376,5.0,0.08432526141405106
2016-08-04,2.36,12.573,34.175,12.32,82.12,0.378,2.405,10.51,282.55,2164.25,2982.426025390625,41.93000030517578,12.420000076293944,95.76000213623048,5.0,0.07180409878492355
2016-08-05,2.4,13.029,34.771,12.23,82.33,0.384,2.352,10.67,283.47,2182.8701171875,2976.696044921875,41.79999923706055,11.390000343322754,96.19000244140624,5.0,0.07745563238859177
2016-08-06,2.4,13.029,34.771,12.23,82.33,0.384,2.352,10.67,283.47,2182.8701171875,2976.696044921875,41.79999923706055,11.390000343322754,96.19000244140624,5.0,0.09628009796142578
2016-08-07,2.4,13.029,34.771,12.23,82.33,0.384,2.352,10.67,283.47,2182.8701171875,2976.696044921875,41.79999923706055,11.390000343322754,96.19000244140624,5.0,0.09402825683355331
2016-08-08,2.44,13.376,35.335,12.29,82.17,0.378,2.339,10.84,286.78,2180.889892578125,3004.277099609375,43.02000045776367,11.5,96.4000015258789,5.0,0.10027992725372314
2016-08-09,2.44,13.484,35.984,12.09,82.01,0.376,2.371,10.85,289.42,2181.739990234375,3025.680908203125,42.77000045776367,11.65999984741211,96.18000030517578,5.0,0.10364695638418198
2016-08-10,2.43,13.44,35.895,12.02,82.09,0.387,2.391,10.83,288.18,2175.489990234375,3018.74609375,41.709999084472656,12.050000190734863,95.6500015258789,5.0,0.11787500232458115
2016-08-11,2.48,13.303,35.253,12.11,82.58,0.388,2.317,10.89,284.86,2185.7900390625,3002.637939453125,43.4900016784668,11.68000030517578,95.86000061035156,5.0,0.11218373477458954
2016-08-12,2.43,13.499,35.049,11.82,83.01,0.38,2.331,10.51,286.89,2184.050048828125,3050.6669921875,44.4900016784668,11.550000190734863,95.72000122070312,5.0,0.11740593612194061
2016-08-13,2.43,13.499,35.049,11.82,83.01,0.38,2.331,10.51,286.89,2184.050048828125,3050.6669921875,44.4900016784668,11.550000190734863,95.72000122070312,5.0,0.1408422291278839
2016-08-14,2.43,13.499,35.049,11.82,83.01,0.38,2.331,10.51,286.89,2184.050048828125,3050.6669921875,44.4900016784668,11.550000190734863,95.72000122070312,5.0,0.14822719991207123
2016-08-15,2.38,13.204,33.966,12.17,84.08,0.373,2.379,10.67,285.05,2190.14990234375,3125.195068359375,45.7400016784668,11.8100004196167,95.62999725341795,5.0,0.13565143942832947
2016-08-16,2.46,13.301,34.362,12.08,81.73,0.378,2.453,11.02,286.75,2178.14990234375,3110.037109375,46.58000183105469,12.640000343322754,94.79000091552734,5.0,0.1470227986574173
2016-08-17,2.4,13.663,34.959,12.0,80.55,0.373,2.417,10.72,284.35,2182.219970703125,3109.554931640625,46.790000915527344,12.1899995803833,94.72000122070312,5.0,0.15467680990695953
2016-08-18,2.47,13.686,34.931,12.23,81.28,0.373,2.403,11.0,287.82,2187.02001953125,3104.114013671875,48.220001220703125,11.43000030517578,94.16000366210938,5.0,0.16165155172348022
2016-08-19,2.36,13.857,34.983,11.97,82.74,0.37,2.411,10.8,290.4,2183.8701171875,3108.10205078125,48.52000045776367,11.34000015258789,94.51000213623048,5.0,0.1715707629919052
2016-08-20,2.36,13.857,34.983,11.97,82.74,0.37,2.411,10.8,290.4,2183.8701171875,3108.10205078125,48.52000045776367,11.34000015258789,94.51000213623048,5.0,0.18100424110889435
2016-08-21,2.36,13.857,34.983,11.97,82.74,0.37,2.411,10.8,290.4,2183.8701171875,3108.10205078125,48.52000045776367,11.34000015258789,94.51000213623048,5.0,0.1896369308233261
2016-08-22,2.32,13.623,34.537,11.83,83.85,0.364,2.423,10.42,285.33,2182.639892578125,3084.804931640625,47.04999923706055,12.270000457763672,94.5199966430664,5.0,0.1992867887020111
2016-08-23,2.4,13.704,34.423,11.98,84.17,0.366,2.382,10.97,283.38,2186.89990234375,3089.7060546875,48.09999847412109,12.380000114440918,94.54000091552734,5.0,0.19443105161190033
2016-08-24,2.33,13.92,34.949,11.08,82.19,0.359,2.379,10.66,281.84,2175.43994140625,3085.8798828125,46.77000045776367,13.449999809265137,94.79000091552734,5.0,0.1868496537208557
2016-08-25,2.26,13.672,34.458,11.09,82.57,0.352,2.367,10.52,277.64,2172.469970703125,3068.3291015625,47.33000183105469,13.630000114440918,94.7699966430664,5.0,0.1744288206100464
2016-08-26,2.33,13.482,34.027,10.89,81.79,0.353,2.353,10.71,278.92,2169.0400390625,3070.30908203125,47.63999938964844,13.649999618530272,95.56999969482422,5.0,0.1748223453760147
2016-08-27,2.33,13.482,34.027,10.89,81.79,0.353,2.353,10.71,278.92,2169.0400390625,3070.30908203125,47.63999938964844,13.649999618530272,95.56999969482422,5.0,0.18130482733249664
2016-08-28,2.33,13.482,34.027,10.89,81.79,0.353,2.353,10.71,278.92,2169.0400390625,3070.30908203125,47.63999938964844,13.649999618530272,95.56999969482422,5.0,0.18993723392486572
2016-08-29,2.33,13.482,34.027,10.89,81.79,0.353,2.353,10.71,279.42,2180.3798828125,3070.027099609375,46.97999954223633,12.9399995803833,95.58000183105467,5.0,0.1782071441411972
2016-08-30,2.22,13.533,33.84,10.56,81.73,0.348,2.319,10.15,279.86,2176.1201171875,3074.677001953125,46.34999847412109,13.119999885559082,96.0500030517578,5.0,0.1739570051431656
2016-08-31,2.19,13.106,32.962,10.29,79.97,0.333,2.348,9.73,278.8,2170.949951171875,3085.490966796875,44.70000076293945,13.420000076293944,96.0199966430664,5.0,0.16156113147735596
2016-09-01,2.25,12.79,32.7,10.35,81.3,0.331,2.315,9.94,275.76,2170.860107421875,3063.304931640625,43.15999984741211,13.479999542236328,95.6500015258789,5.0,0.14859093725681305
2016-09-02,2.31,12.828,33.075,10.48,81.96,0.337,2.267,10.2,277.39,2179.97998046875,3067.35205078125,44.43999862670898,11.979999542236328,95.87999725341795,5.0,0.13674895465373993
2016-09-03,2.31,12.828,33.075,10.48,81.96,0.337,2.267,10.2,277.39,2179.97998046875,3067.35205078125,44.43999862670898,11.979999542236328,95.87999725341795,5.0,0.13441163301467896
2016-09-04,2.31,12.828,33.075,10.48,81.96,0.337,2.267,10.2,277.39,2179.97998046875,3067.35205078125,44.43999862670898,11.979999542236328,95.87999725341795,5.0,0.15254808962345123
2016-09-05,2.31,13.159,33.592,10.48,81.96,0.342,2.26,10.28,278.18,2179.97998046875,3072.094970703125,44.43999862670898,11.979999542236328,95.87999725341795,5.0,0.15166085958480835
2016-09-06,2.36,13.491,34.375,10.72,83.04,0.344,2.351,10.55,280.27,2186.47998046875,3090.712890625,44.83000183105469,12.020000457763672,94.81999969482422,5.0,0.14510872960090637
2016-09-07,2.38,13.427,34.051,10.6,82.95,0.347,2.304,10.64,281.61,2186.159912109375,3091.927978515625,45.5,11.9399995803833,94.95999908447266,5.0,0.14371314644813538
2016-09-08,2.36,13.215,33.811,10.62,80.92,0.343,2.345,10.84,280.9,2181.300048828125,3095.9541015625,47.619998931884766,12.510000228881836,95.02999877929688,5.0,0.12775744497776031
2016-09-09,2.35,13.373,33.762,10.27,76.82,0.343,2.305,10.66,275.14,2127.81005859375,3078.85498046875,45.880001068115234,17.5,95.33999633789062,5.0,0.11924931406974792
2016-09-10,2.35,13.373,33.762,10.27,76.82,0.343,2.305,10.66,275.14,2127.81005859375,3078.85498046875,45.880001068115234,17.5,95.33999633789062,5.0,0.12769033014774323
2016-09-11,2.35,13.373,33.762,10.27,76.82,0.343,2.305,10.66,275.14,2127.81005859375,3078.85498046875,45.880001068115234,17.5,95.33999633789062,5.0,0.12613703310489655
2016-09-12,2.31,12.875,33.045,11.08,77.44,0.333,2.171,10.38,263.07,2159.0400390625,3021.97705078125,46.290000915527344,15.15999984741211,95.0999984741211,5.0,0.11842245608568192
2016-09-13,2.24,12.741,32.638,10.15,76.09,0.324,2.148,9.82,262.49,2127.02001953125,3023.510009765625,44.900001525878906,17.850000381469727,95.62999725341795,5.0,0.1175733208656311
2016-09-14,2.3,12.62,32.222,9.8,75.72,0.32,2.08,10.1,263.73,2125.77001953125,3002.84912109375,43.58000183105469,18.13999938964844,95.33000183105467,5.0,0.1254241019487381
2016-09-15,2.32,12.875,32.595,9.78,77.25,0.329,2.08,10.2,265.05,2147.260009765625,3002.84912109375,43.90999984741211,16.299999237060547,95.29000091552734,5.0,0.12700188159942627
2016-09-16,2.3,12.843,32.158,9.94,76.73,0.329,2.08,10.05,265.88,2139.159912109375,3002.84912109375,43.02999877929688,15.369999885559082,96.11000061035156,5.0,0.12982875108718872
2016-09-17,2.3,12.843,32.158,9.94,76.73,0.329,2.08,10.05,265.88,2139.159912109375,3002.84912109375,43.02999877929688,15.369999885559082,96.11000061035156,5.0,0.13236689567565918
2016-09-18,2.3,12.843,32.158,9.94,76.73,0.329,2.08,10.05,265.88,2139.159912109375,3002.84912109375,43.02999877929688,15.369999885559082,96.11000061035156,5.0,0.13284306228160858
2016-09-19,2.45,12.952,32.303,10.01,77.64,0.33,2.131,10.65,268.13,2139.1201171875,3026.051025390625,43.29999923706055,15.529999732971191,95.83999633789062,5.0,0.10551831126213074
2016-09-20,2.45,13.295,32.903,9.95,76.79,0.325,2.156,10.58,266.14,2139.760009765625,3023.0,43.43999862670898,15.920000076293944,96.0199966430664,5.0,0.09826210141181946
2016-09-21,2.46,13.484,33.475,10.54,80.19,0.33,2.142,10.99,265.17,2163.1201171875,3025.8740234375,45.34000015258789,13.300000190734863,95.66000366210938,5.0,0.08747661858797073
2016-09-22,2.6,13.883,34.651,10.98,81.2,0.335,2.133,11.43,265.56,2177.179931640625,3042.31298828125,46.31999969482422,12.020000457763672,95.4499969482422,5.0,0.08671818673610687
2016-09-23,2.63,14.002,35.153,10.63,80.75,0.33,2.1,11.71,264.64,2164.68994140625,3033.89599609375,44.47999954223633,12.289999961853027,95.4800033569336,5.0,0.08059171587228775
2016-09-24,2.63,14.002,35.153,10.63,80.75,0.33,2.1,11.71,264.64,2164.68994140625,3033.89599609375,44.47999954223633,12.289999961853027,95.4800033569336,5.0,0.09340453892946243
2016-09-25,2.63,14.002,35.153,10.63,80.75,0.33,2.1,11.71,264.64,2164.68994140625,3033.89599609375,44.47999954223633,12.289999961853027,95.4800033569336,5.0,0.09742964059114456
2016-09-26,2.61,14.049,35.454,10.51,81.7,0.328,1.995,11.47,260.64,2146.10009765625,2980.429931640625,45.93000030517578,14.5,95.30999755859376,5.0,0.08079890161752701
2016-09-27,2.6,14.071,35.332,10.21,82.75,0.325,2.014,11.34,262.75,2159.929931640625,2998.172119140625,44.66999816894531,13.100000381469728,95.44000244140624,5.0,0.06713209301233292
2016-09-28,2.61,14.043,35.435,10.91,84.87,0.321,2.031,11.42,262.1,2171.3701171875,2987.85791015625,47.04999923706055,12.390000343322754,95.43000030517578,5.0,0.06740763038396835
2016-09-29,2.68,14.597,36.474,10.69,83.15,0.321,2.013,12.07,265.3,2151.1298828125,2998.48291015625,47.83000183105469,14.020000457763672,95.54000091552734,5.0,0.06371864676475525
2016-09-30,2.64,14.624,36.405,10.86,85.49,0.321,2.059,11.92,265.44,2168.27001953125,3004.702880859375,48.2400016784668,13.289999961853027,95.45999908447266,5.0,0.05953185632824898
2016-10-01,2.64,14.624,36.405,10.86,85.49,0.321,2.059,11.92,265.44,2168.27001953125,3004.702880859375,48.2400016784668,13.289999961853027,95.45999908447266,6.0,0.059123992919921875
2016-10-02,2.64,14.624,36.405,10.86,85.49,0.321,2.059,11.92,265.44,2168.27001953125,3004.702880859375,48.2400016784668,13.289999961853027,95.45999908447266,6.0,0.06901124864816666
2016-10-03,2.64,14.897,36.686,10.69,84.83,0.325,2.059,12.14,264.5,2161.199951171875,3004.702880859375,48.810001373291016,13.56999969482422,95.75,6.0,0.0656260997056961
2016-10-04,2.65,14.895,36.849,10.39,82.62,0.326,2.059,11.92,265.68,2150.489990234375,3004.702880859375,48.68999862670898,13.630000114440918,96.12000274658205,6.0,0.05721437931060791
2016-10-05,2.62,14.869,36.456,10.67,83.44,0.318,2.059,12.24,264.52,2159.72998046875,3004.702880859375,49.83000183105469,12.989999771118164,96.12999725341795,6.0,0.0551891028881073
2016-10-06,2.59,14.965,36.482,10.3,83.64,0.312,2.059,11.96,261.67,2160.77001953125,3004.702880859375,50.43999862670898,12.84000015258789,96.66000366210938,6.0,0.05481673404574394
2016-10-07,2.66,15.068,36.301,10.13,82.37,0.308,2.059,12.05,260.72,2153.739990234375,3004.702880859375,49.810001373291016,13.479999542236328,96.5199966430664,6.0,0.0535552054643631
2016-10-08,2.66,15.068,36.301,10.13,82.37,0.308,2.059,12.05,260.72,2153.739990234375,3004.702880859375,49.810001373291016,13.479999542236328,96.5199966430664,6.0,0.053588587790727615
2016-10-09,2.66,15.068,36.301,10.13,82.37,0.308,2.059,12.05,260.72,2153.739990234375,3004.702880859375,49.810001373291016,13.479999542236328,96.5199966430664,6.0,0.06362324953079224
2016-10-10,2.7,15.195,36.527,10.19,83.48,0.308,2.089,12.23,263.06,2163.659912109375,3048.14306640625,49.810001373291016,13.380000114440918,96.5199966430664,6.0,0.07233867049217224
2016-10-11,2.57,15.31,36.943,9.87,81.72,0.311,2.078,11.86,260.82,2136.72998046875,3065.25,50.790000915527344,15.359999656677246,97.6999969482422,6.0,0.07078999280929565
2016-10-12,2.76,15.129,36.926,10.05,81.15,0.306,2.078,12.06,257.35,2139.179931640625,3058.498046875,50.18000030517578,15.90999984741211,97.97000122070312,6.0,0.07183445245027542
2016-10-13,2.71,14.699,35.968,9.64,80.44,0.304,2.065,11.52,255.04,2132.550048828125,3061.345947265625,50.43999862670898,16.690000534057617,97.5199966430664,6.0,0.06140574440360069
2016-10-14,2.66,14.646,35.808,9.66,80.86,0.307,2.065,11.64,255.82,2132.97998046875,3063.80908203125,50.34999847412109,16.1200008392334,98.0199966430664,6.0,0.06274925172328949
2016-10-15,2.66,14.646,35.808,9.66,80.86,0.307,2.065,11.64,255.82,2132.97998046875,3063.80908203125,50.34999847412109,16.1200008392334,98.0199966430664,6.0,0.06802039593458176
2016-10-16,2.66,14.646,35.808,9.66,80.86,0.307,2.065,11.64,255.82,2132.97998046875,3063.80908203125,50.34999847412109,16.1200008392334,98.0199966430664,6.0,0.060091182589530945
2016-10-17,2.68,14.575,35.571,9.52,81.26,0.304,2.11,11.71,256.09,2126.5,3041.166015625,49.93999862670898,16.209999084472656,97.88999938964844,6.0,0.04882117733359337
2016-10-18,2.79,14.809,35.737,9.72,81.66,0.311,2.235,12.02,261.15,2139.60009765625,3083.875,50.290000915527344,15.279999732971191,97.9000015258789,6.0,0.05471901595592499
2016-10-19,2.81,14.811,36.105,10.02,82.59,0.309,2.207,12.3,264.62,2144.2900390625,3084.718994140625,51.59999847412109,14.40999984741211,97.87000274658205,6.0,0.059712763875722885
2016-10-20,2.78,14.873,35.806,10.21,83.02,0.312,2.233,12.38,264.16,2141.340087890625,3084.4580078125,50.43000030517578,13.75,98.31999969482422,6.0,0.05594809353351593
2016-10-21,2.78,14.953,35.695,10.04,82.2,0.312,2.184,12.71,263.48,2141.159912109375,3090.94091796875,50.84999847412109,13.34000015258789,98.6999969482422,6.0,0.054191965609788895
2016-10-22,2.78,14.953,35.695,10.04,82.2,0.312,2.184,12.71,263.48,2141.159912109375,3090.94091796875,50.84999847412109,13.34000015258789,98.6999969482422,6.0,0.07111738622188568
2016-10-23,2.78,14.953,35.695,10.04,82.2,0.312,2.184,12.71,263.48,2141.159912109375,3090.94091796875,50.84999847412109,13.34000015258789,98.6999969482422,6.0,0.07229301333427429
2016-10-24,2.78,14.999,35.924,10.18,83.36,0.315,2.193,12.38,263.34,2151.330078125,3128.2470703125,50.52000045776367,13.020000457763672,98.66999816894533,6.0,0.07779084891080856
2016-10-25,2.87,15.136,36.975,10.55,82.1,0.312,2.202,12.89,264.73,2143.159912109375,3131.93896484375,49.959999084472656,13.460000038146973,98.72000122070312,6.0,0.10225618630647659
2016-10-26,2.82,14.915,37.622,10.58,81.09,0.322,2.216,12.7,267.85,2139.429931640625,3116.31201171875,49.18000030517578,14.239999771118164,98.62999725341795,6.0,0.10049889236688614
2016-10-27,2.83,14.582,37.273,10.69,82.05,0.316,2.246,12.73,262.95,2133.0400390625,3112.35009765625,49.720001220703125,15.359999656677246,98.88999938964844,6.0,0.09711611270904541
2016-10-28,2.85,14.9,37.622,10.93,82.91,0.313,2.21,12.72,261.19,2126.409912109375,3104.27001953125,48.70000076293945,16.190000534057617,98.3499984741211,6.0,0.09212765842676163
2016-10-29,2.85,14.9,37.622,10.93,82.91,0.313,2.21,12.72,261.19,2126.409912109375,3104.27001953125,48.70000076293945,16.190000534057617,98.3499984741211,6.0,0.11994524300098419
2016-10-30,2.85,14.9,37.622,10.93,82.91,0.313,2.21,12.72,261.19,2126.409912109375,3104.27001953125,48.70000076293945,16.190000534057617,98.3499984741211,6.0,0.11889690905809402
2016-10-31,2.93,14.986,37.993,11.18,83.55,0.315,2.262,13.15,265.7,2126.14990234375,3100.491943359375,46.86000061035156,17.059999465942383,98.4499969482422,6.0,0.10807070136070251
2016-11-01,2.89,14.889,38.207,11.15,82.9,0.319,2.267,13.06,264.81,2111.719970703125,3122.43603515625,46.66999816894531,18.559999465942383,97.6999969482422,6.0,0.10585397481918335
2016-11-02,2.91,14.749,38.04,10.62,82.25,0.337,2.219,13.2,263.94,2097.93994140625,3102.73291015625,45.34000015258789,19.31999969482422,97.4000015258789,6.0,0.08967592567205429
2016-11-03,2.88,14.853,37.956,10.73,83.8,0.337,2.202,13.02,263.97,2088.659912109375,3128.93603515625,44.65999984741211,22.07999992370605,97.16000366210938,6.0,0.083965964615345
2016-11-04,2.85,14.583,37.683,11.05,83.48,0.335,2.16,12.74,264.08,2085.179931640625,3125.31689453125,44.06999969482422,22.51000022888184,97.06999969482422,6.0,0.10043096542358398
2016-11-05,2.85,14.583,37.683,11.05,83.48,0.335,2.16,12.74,264.08,2085.179931640625,3125.31689453125,44.06999969482422,22.51000022888184,97.06999969482422,6.0,0.1182127594947815
2016-11-06,2.85,14.583,37.683,11.05,83.48,0.335,2.16,12.74,264.08,2085.179931640625,3125.31689453125,44.06999969482422,22.51000022888184,97.06999969482422,6.0,0.11912163347005844
2016-11-07,2.98,14.971,38.387,11.29,86.28,0.33,2.156,13.21,266.58,2131.52001953125,3133.3330078125,44.88999938964844,18.709999084472656,97.77999877929688,6.0,0.11820243299007416
2016-11-08,3.0,15.438,39.188,12.09,82.75,0.337,2.153,13.55,268.06,2139.56005859375,3147.887939453125,44.97999954223633,18.739999771118164,97.86000061035156,6.0,0.13067306578159332
2016-11-09,3.21,14.701,37.796,13.07,80.42,0.353,2.105,14.05,262.47,2163.260009765625,3128.3701171875,45.27000045776367,14.380000114440918,98.5,6.0,0.13926054537296295
2016-11-10,3.43,15.867,40.774,13.8,81.52,0.347,2.114,14.03,272.28,2167.47998046875,3171.281982421875,44.65999984741211,14.739999771118164,98.79000091552734,6.0,0.15183596312999725
2016-11-11,3.37,16.075,41.435,13.94,80.43,0.36,2.165,13.74,280.15,2164.449951171875,3196.0439453125,44.65999984741211,14.170000076293944,98.79000091552734,6.0,0.16434818506240845
2016-11-12,3.37,16.075,41.435,13.94,80.43,0.36,2.165,13.74,280.15,2164.449951171875,3196.0439453125,44.65999984741211,14.170000076293944,98.79000091552734,6.0,0.18955379724502563
2016-11-13,3.37,16.075,41.435,13.94,80.43,0.36,2.165,13.74,280.15,2164.449951171875,3196.0439453125,44.65999984741211,14.170000076293944,98.79000091552734,6.0,0.21257713437080383
2016-11-14,3.38,16.011,41.358,13.92,77.08,0.344,2.122,13.93,280.07,2164.199951171875,3210.37109375,43.31999969482422,14.479999542236328,100.11000061035156,6.0,0.22342658042907715
2016-11-15,3.19,15.837,41.05,13.99,80.12,0.338,2.113,12.97,278.22,2180.389892578125,3206.986083984375,45.810001373291016,13.369999885559082,100.19000244140624,6.0,0.22772538661956787
2016-11-16,3.17,15.305,39.231,13.8,81.55,0.339,2.115,12.92,277.05,2176.93994140625,3205.056884765625,45.56999969482422,13.720000267028809,100.41000366210938,6.0,0.23038974404335022
2016-11-17,3.18,15.208,39.296,13.8,82.97,0.336,2.083,13.28,279.97,2187.1201171875,3208.452880859375,45.41999816894531,13.350000381469728,100.88999938964844,6.0,0.22675186395645142
2016-11-18,3.1,15.085,38.765,13.73,82.46,0.326,2.06,12.77,275.95,2181.89990234375,3192.85595703125,45.68999862670898,12.850000381469728,101.20999908447266,6.0,0.24493952095508575
2016-11-19,3.1,15.085,38.765,13.73,82.46,0.326,2.06,12.77,275.95,2181.89990234375,3192.85595703125,45.68999862670898,12.850000381469728,101.20999908447266,6.0,0.25996699929237366
2016-11-20,3.1,15.085,38.765,13.73,82.46,0.326,2.06,12.77,275.95,2181.89990234375,3192.85595703125,45.68999862670898,12.850000381469728,101.20999908447266,6.0,0.26937729120254517
2016-11-21,3.21,15.264,38.948,14.51,83.85,0.327,2.049,13.31,281.73,2198.179931640625,3218.14794921875,47.4900016784668,12.420000076293944,101.0500030517578,6.0,0.27136996388435364
2016-11-22,3.36,15.948,40.017,15.12,84.3,0.331,2.091,14.25,289.44,2202.93994140625,3248.35205078125,48.02999877929688,12.40999984741211,101.04000091552734,6.0,0.2727041244506836
2016-11-23,3.41,16.333,40.932,16.21,83.88,0.331,2.078,14.62,289.02,2204.719970703125,3241.136962890625,47.959999084472656,12.43000030517578,101.6999969482422,6.0,0.2823166847229004
2016-11-24,3.44,16.382,41.157,16.21,83.88,0.324,2.05,14.82,293.3,2204.719970703125,3241.736083984375,47.959999084472656,12.43000030517578,101.6999969482422,6.0,0.27622562646865845
2016-11-25,3.38,16.809,42.29,16.0,84.0,0.337,2.071,14.63,295.18,2213.35009765625,3261.93798828125,46.060001373291016,12.34000015258789,101.48999786376952,6.0,0.2706785798072815
2016-11-26,3.38,16.809,42.29,16.0,84.0,0.337,2.071,14.63,295.18,2213.35009765625,3261.93798828125,46.060001373291016,12.34000015258789,101.48999786376952,6.0,0.2636885941028595
2016-11-27,3.38,16.809,42.29,16.0,84.0,0.337,2.071,14.63,295.18,2213.35009765625,3261.93798828125,46.060001373291016,12.34000015258789,101.48999786376952,6.0,0.2883184552192688
2016-11-28,3.39,16.48,42.079,15.78,83.96,0.344,2.066,14.58,296.94,2201.719970703125,3277.0,47.08000183105469,13.149999618530272,101.33000183105467,6.0,0.29154670238494873
2016-11-29,3.36,16.265,41.647,14.97,85.95,0.342,2.031,14.28,291.88,2204.659912109375,3282.924072265625,45.22999954223633,12.899999618530272,100.93000030517578,6.0,0.28602346777915955
2016-11-30,3.34,15.384,39.288,15.35,87.78,0.335,2.041,14.07,290.1,2198.81005859375,3250.033935546875,49.43999862670898,13.329999923706056,101.5,6.0,0.2992302179336548
2016-12-01,3.42,16.21,40.108,15.03,85.65,0.335,2.034,14.44,293.37,2191.080078125,3273.30908203125,51.060001373291016,14.06999969482422,101.04000091552734,5.0,0.3049342632293701
2016-12-02,3.38,15.935,39.903,15.42,84.86,0.328,2.009,14.6,291.13,2191.949951171875,3243.843017578125,51.68000030517578,14.119999885559082,100.7699966430664,5.0,0.306281715631485
2016-12-03,3.38,15.935,39.903,15.42,84.86,0.328,2.009,14.6,291.13,2191.949951171875,3243.843017578125,51.68000030517578,14.119999885559082,100.7699966430664,5.0,0.3144941031932831
2016-12-04,3.38,15.935,39.903,15.42,84.86,0.328,2.009,14.6,291.13,2191.949951171875,3243.843017578125,51.68000030517578,14.119999885559082,100.7699966430664,5.0,0.3250112235546112
2016-12-05,3.54,16.062,40.36,15.87,86.28,0.326,2.011,15.03,289.21,2204.7099609375,3204.708984375,51.790000915527344,12.140000343322754,100.13999938964844,5.0,0.3226933479309082
2016-12-06,3.47,16.228,40.659,15.89,86.32,0.331,2.101,14.38,292.28,2212.22998046875,3199.64697265625,50.93000030517578,11.789999961853027,100.48999786376952,5.0,0.313686341047287
2016-12-07,3.59,16.429,41.928,15.43,88.8,0.331,2.095,15.0,296.85,2241.35009765625,3222.241943359375,49.77000045776367,12.220000267028809,100.2300033569336,5.0,0.30987051129341125
2016-12-08,3.65,16.582,43.122,15.6,91.8,0.338,2.117,14.88,301.65,2246.18994140625,3215.365966796875,50.84000015258789,12.640000343322754,101.06999969482422,5.0,0.3084244132041931
2016-12-09,3.61,16.526,43.02,15.75,90.69,0.333,2.091,14.5,302.5797,2259.530029296875,3232.883056640625,51.5,11.75,101.56999969482422,5.0,0.3122487962245941
2016-12-10,3.61,16.526,43.02,15.75,90.69,0.333,2.091,14.5,302.5797,2259.530029296875,3232.883056640625,51.5,11.75,101.56999969482422,5.0,0.32920965552330017
2016-12-11,3.61,16.526,43.02,15.75,90.69,0.333,2.091,14.5,302.5797,2259.530029296875,3232.883056640625,51.5,11.75,101.56999969482422,5.0,0.32930755615234375
2016-12-12,3.52,16.844,43.377,15.36,91.32,0.325,2.018,14.56,298.51,2256.9599609375,3152.969970703125,52.83000183105469,12.640000343322754,100.95999908447266,5.0,0.32347413897514343
2016-12-13,3.45,16.72,42.324,15.04,91.12,0.324,2.006,14.16,296.18,2271.719970703125,3155.037109375,52.97999954223633,12.720000267028809,101.02999877929688,5.0,0.3132523000240326
2016-12-14,3.36,16.304,41.585,14.65,89.94,0.333,1.959,14.35,297.41,2253.280029296875,3140.531005859375,51.040000915527344,13.1899995803833,102.0,5.0,0.32126274704933167
2016-12-15,3.23,15.905,40.731,14.61,89.82,0.322,1.957,13.61,285.85,2262.030029296875,3117.677001953125,50.900001525878906,12.789999961853027,103.12999725341795,5.0,0.32395362854003906
2016-12-16,3.21,15.589,39.91,13.83,89.23,0.309,1.955,13.43,286.61,2258.070068359375,3122.98193359375,51.900001525878906,12.199999809265137,102.9499969482422,5.0,0.3194332718849182
2016-12-17,3.21,15.589,39.91,13.83,89.23,0.309,1.955,13.43,286.61,2258.070068359375,3122.98193359375,51.900001525878906,12.199999809265137,102.9499969482422,5.0,0.31169524788856506
2016-12-18,3.21,15.589,39.91,13.83,89.23,0.309,1.955,13.43,286.61,2258.070068359375,3122.98193359375,51.900001525878906,12.199999809265137,102.9499969482422,5.0,0.31810519099235535
2016-12-19,3.19,15.519,39.761,13.55,89.0,0.317,1.926,13.24,285.57,2262.530029296875,3118.0849609375,52.119998931884766,11.710000038146973,103.13999938964844,5.0,0.2858296036720276
2016-12-20,3.23,15.437,39.644,14.16,89.34,0.31,1.935,13.33,283.19,2270.760009765625,3102.8759765625,52.22999954223633,11.449999809265137,103.29000091552734,5.0,0.27212342619895935
2016-12-21,3.21,15.547,40.086,14.05,89.28,0.309,1.943,13.31,287.65,2265.179931640625,3137.429931640625,52.4900016784668,11.270000457763672,103.0199966430664,5.0,0.2541167140007019
2016-12-22,3.2,15.483,39.95,13.8,88.42,0.304,1.928,13.13,283.1,2260.9599609375,3139.55810546875,52.95000076293945,11.43000030517578,103.08999633789062,5.0,0.2511809468269348
2016-12-23,3.18,15.098,38.888,13.81,88.82,0.299,1.867,13.14,281.56,2263.7900390625,3110.154052734375,53.02000045776367,11.4399995803833,103.01000213623048,5.0,0.2678101360797882
2016-12-24,3.18,15.098,38.888,13.81,88.82,0.299,1.867,13.14,281.56,2263.7900390625,3110.154052734375,53.02000045776367,11.4399995803833,103.01000213623048,5.0,0.24851666390895844
2016-12-25,3.18,15.098,38.888,13.81,88.82,0.299,1.867,13.14,281.56,2263.7900390625,3110.154052734375,53.02000045776367,11.4399995803833,103.01000213623048,5.0,0.23436586558818817
2016-12-26,3.18,15.098,38.888,13.81,88.82,0.299,1.867,13.14,279.97,2263.7900390625,3122.569091796875,53.02000045776367,11.4399995803833,103.01000213623048,5.0,0.2440984547138214
2016-12-27,3.18,15.098,38.888,13.81,88.82,0.299,1.867,13.14,280.32,2268.8798828125,3114.6640625,53.900001525878906,11.989999771118164,103.0199966430664,5.0,0.2546038329601288
2016-12-28,3.24,15.585,39.792,13.57,86.58,0.309,1.891,13.53,283.47,2249.919921875,3102.236083984375,54.060001373291016,12.949999809265137,103.26000213623048,5.0,0.24814622104167938
2016-12-29,3.23,15.705,40.375,13.48,87.07,0.319,1.841,13.51,283.4,2249.260009765625,3096.096923828125,53.77000045776367,13.369999885559082,102.68000030517578,5.0,0.25652775168418884
2016-12-30,3.28,15.436,39.829,13.19,86.08,0.322,1.818,13.59,286.04,2238.830078125,3103.636962890625,53.720001220703125,14.039999961853027,102.38999938964844,5.0,0.2524106502532959
2016-12-31,3.28,15.436,39.829,13.19,86.08,0.322,1.818,13.59,286.04,2238.830078125,3103.636962890625,53.720001220703125,14.039999961853027,102.38999938964844,5.0,0.25025251507759094
2017-01-01,3.28,15.436,39.829,13.19,86.08,0.322,1.818,13.59,286.04,2238.830078125,3103.636962890625,53.720001220703125,14.039999961853027,102.38999938964844,6.0,0.25957444310188293
2017-01-02,3.28,15.436,39.829,13.19,86.08,0.322,1.818,13.59,285.67,2238.830078125,3103.636962890625,53.720001220703125,14.039999961853027,102.38999938964844,6.0,0.2625802457332611
2017-01-03,3.34,15.702,40.598,13.78,88.05,0.324,1.816,13.5,287.15,2257.830078125,3135.9208984375,52.33000183105469,12.850000381469728,103.20999908447266,6.0,0.2719978988170624
2017-01-04,3.34,15.924,40.54,14.83,90.7,0.329,1.942,13.36,292.52,2270.75,3158.7939453125,53.2599983215332,11.850000381469728,102.6999969482422,6.0,0.28328219056129456
2017-01-05,3.46,16.052,40.903,14.62,90.39,0.335,1.946,13.5,295.93,2269.0,3165.410888671875,53.7599983215332,11.670000076293944,101.5199966430664,6.0,0.29161351919174194
2017-01-06,3.39,15.873,40.403,14.9,90.81,0.333,1.885,13.24,294.78,2276.97998046875,3154.321044921875,53.9900016784668,11.31999969482422,102.22000122070312,6.0,0.308489590883255
2017-01-07,3.39,15.873,40.403,14.9,90.81,0.333,1.885,13.24,294.78,2276.97998046875,3154.321044921875,53.9900016784668,11.31999969482422,102.22000122070312,6.0,0.32869935035705566
2017-01-08,3.39,15.873,40.403,14.9,90.81,0.333,1.885,13.24,294.78,2276.97998046875,3154.321044921875,53.9900016784668,11.31999969482422,102.22000122070312,6.0,0.320937842130661
2017-01-09,3.48,15.987,40.213,14.68,90.48,0.327,1.903,13.33,299.28,2268.89990234375,3171.236083984375,51.959999084472656,11.5600004196167,101.93000030517578,6.0,0.3111233115196228
2017-01-10,3.58,15.95,40.702,15.55,89.88,0.334,1.876,14.31,300.64,2268.89990234375,3161.6708984375,50.81999969482422,11.489999771118164,102.01000213623048,6.0,0.3001963794231415
2017-01-11,3.62,16.527,42.703,15.87,93.3,0.337,1.881,14.9,302.75,2275.320068359375,3136.75390625,52.25,11.260000228881836,101.77999877929688,6.0,0.2987534701824188
2017-01-12,3.64,16.838,43.351,15.27,93.75,0.34,1.911,15.13,306.03,2270.43994140625,3119.2890625,53.0099983215332,11.539999961853027,101.3499984741211,6.0,0.27497050166130066
2017-01-13,3.69,16.857,42.91,15.19,94.0,0.338,1.871,15.37,306.51,2274.639892578125,3112.763916015625,52.369998931884766,11.229999542236328,101.18000030517578,6.0,0.27227264642715454
2017-01-14,3.69,16.857,42.91,15.19,94.0,0.338,1.871,15.37,306.51,2274.639892578125,3112.763916015625,52.369998931884766,11.229999542236328,101.18000030517578,6.0,0.2969838082790375
2017-01-15,3.69,16.857,42.91,15.19,94.0,0.338,1.871,15.37,306.51,2274.639892578125,3112.763916015625,52.369998931884766,11.229999542236328,101.18000030517578,6.0,0.2991185188293457
2017-01-16,3.71,17.084,43.552,15.19,94.0,0.34,1.766,15.5,305.52,2274.639892578125,3103.427978515625,52.369998931884766,11.229999542236328,101.18000030517578,6.0,0.31205621361732483
2017-01-17,3.75,17.253,43.719,15.06,94.35,0.343,1.794,15.61,305.26,2267.889892578125,3108.77490234375,52.47999954223633,11.869999885559082,100.33000183105467,6.0,0.3168818950653076
2017-01-18,3.73,16.992,43.671,15.24,92.6,0.347,1.792,15.63,306.26,2271.889892578125,3113.011962890625,51.08000183105469,12.479999542236328,100.93000030517578,6.0,0.32608795166015625
2017-01-19,3.73,17.222,44.251,15.26,93.05,0.34,1.771,15.26,302.43,2263.68994140625,3101.299072265625,51.369998931884766,12.779999732971191,101.1500015258789,6.0,0.32912033796310425
2017-01-20,3.77,16.991,43.386,15.51,93.36,0.34,1.791,15.15,303.68,2271.31005859375,3123.138916015625,52.41999816894531,11.539999961853027,100.73999786376952,6.0,0.3218191862106323
2017-01-21,3.77,16.991,43.386,15.51,93.36,0.34,1.791,15.15,303.68,2271.31005859375,3123.138916015625,52.41999816894531,11.539999961853027,100.73999786376952,6.0,0.316139280796051
2017-01-22,3.77,16.991,43.386,15.51,93.36,0.34,1.791,15.15,303.68,2271.31005859375,3123.138916015625,52.41999816894531,11.539999961853027,100.73999786376952,6.0,0.3174512982368469
2017-01-23,3.84,17.062,43.585,15.72,93.7,0.347,1.8,15.57,307.32,2265.199951171875,3136.77490234375,52.75,11.770000457763672,100.16000366210938,6.0,0.32002419233322144
2017-01-24,3.92,17.474,45.227,17.02,95.55,0.357,1.802,16.48,311.81,2280.070068359375,3142.552978515625,53.18000030517578,11.06999969482422,100.3499984741211,6.0,0.31880661845207214
2017-01-25,3.95,18.025,46.903,16.5,94.0,0.343,1.787,16.33,313.53,2298.3701171875,3149.554931640625,52.75,10.8100004196167,100.02999877929688,6.0,0.3135572671890259
2017-01-26,3.86,18.025,46.903,15.84,95.48,0.342,1.809,16.2,318.42,2296.679931640625,3159.166015625,53.77999877929688,10.630000114440918,100.37999725341795,6.0,0.3033653795719147
2017-01-27,3.93,17.729,47.185,16.37,95.42,0.338,1.809,16.31,317.96,2294.68994140625,3159.166015625,53.16999816894531,10.579999923706056,100.52999877929688,6.0,0.29944002628326416
2017-01-28,3.93,17.729,47.185,16.37,95.42,0.338,1.809,16.31,317.96,2294.68994140625,3159.166015625,53.16999816894531,10.579999923706056,100.52999877929688,6.0,0.3101922273635864
2017-01-29,3.93,17.729,47.185,16.37,95.42,0.338,1.809,16.31,317.96,2294.68994140625,3159.166015625,53.16999816894531,10.579999923706056,100.52999877929688,6.0,0.3137316107749939
2017-01-30,3.84,17.64,47.209,16.25,94.57,0.338,1.809,15.8,315.63,2280.89990234375,3159.166015625,52.630001068115234,11.880000114440918,100.43000030517578,6.0,0.2992451786994934
2017-01-31,3.93,17.246,46.599,16.65,92.64,0.338,1.809,16.22,315.6,2278.8701171875,3159.166015625,52.810001373291016,11.989999771118164,99.51000213623048,6.0,0.2891242802143097
2017-02-01,3.96,17.529,46.844,16.84,93.41,0.345,1.809,16.48,317.18,2279.550048828125,3159.166015625,53.880001068115234,11.8100004196167,99.63999938964844,6.0,0.28413495421409607
2017-02-02,3.9,17.671,47.401,16.81,92.91,0.349,1.809,16.38,319.99,2280.85009765625,3159.166015625,53.540000915527344,11.93000030517578,99.8499984741211,6.0,0.2884137034416199
2017-02-03,3.7,17.185,45.691,15.83,94.27,0.353,1.796,15.79,321.04,2297.419921875,3140.169921875,53.83000183105469,10.970000267028809,99.87000274658205,6.0,0.2872317135334015
2017-02-04,3.7,17.185,45.691,15.83,94.27,0.353,1.796,15.79,321.04,2297.419921875,3140.169921875,53.83000183105469,10.970000267028809,99.87000274658205,6.0,0.3111873269081116
2017-02-05,3.7,17.185,45.691,15.83,94.27,0.353,1.796,15.79,321.04,2297.419921875,3140.169921875,53.83000183105469,10.970000267028809,99.87000274658205,6.0,0.324329674243927
2017-02-06,3.71,16.937,45.79,16.0,94.29,0.362,1.812,15.74,316.49,2292.56005859375,3156.98388671875,53.0099983215332,11.369999885559082,99.91000366210938,6.0,0.31667560338974
2017-02-07,3.81,16.897,45.783,15.52,92.8,0.371,1.78,15.86,315.67,2293.080078125,3153.087890625,52.16999816894531,11.289999961853027,100.26000213623048,6.0,0.318731427192688
2017-02-08,3.75,16.8,46.282,15.53,94.35,0.372,1.81,15.85,314.17,2294.669921875,3166.98193359375,52.34000015258789,11.449999809265137,100.27999877929688,6.0,0.31521788239479065
2017-02-09,3.73,16.541,45.834,15.39,93.91,0.378,1.86,15.37,313.2,2307.8701171875,3183.178955078125,53.0,10.880000114440918,100.6500015258789,6.0,0.30917513370513916
2017-02-10,3.84,16.944,46.611,15.8,93.7,0.37,1.856,16.04,316.72,2316.10009765625,3196.698974609375,53.86000061035156,10.850000381469728,100.8000030517578,6.0,0.3073061406612396
2017-02-11,3.84,16.944,46.611,15.8,93.7,0.37,1.856,16.04,316.72,2316.10009765625,3196.698974609375,53.86000061035156,10.850000381469728,100.8000030517578,6.0,0.3053295910358429
2017-02-12,3.84,16.944,46.611,15.8,93.7,0.37,1.856,16.04,316.72,2316.10009765625,3196.698974609375,53.86000061035156,10.850000381469728,100.8000030517578,6.0,0.29533401131629944
2017-02-13,3.95,17.247,48.091,15.96,94.75,0.375,1.871,16.77,326.32,2328.25,3216.839111328125,52.93000030517578,11.06999969482422,100.95999908447266,6.0,0.305327832698822
2017-02-14,3.9,17.14,48.364,15.9,91.19,0.372,1.877,16.47,329.37,2337.580078125,3217.927978515625,53.20000076293945,10.739999771118164,101.25,6.0,0.30799347162246704
2017-02-15,3.9,17.465,48.589,15.37,92.76,0.361,1.829,16.5,329.59,2349.25,3212.986083984375,53.11000061035156,11.970000267028809,101.18000030517578,6.0,0.31070274114608765
2017-02-16,3.88,17.696,49.117,15.07,92.41,0.366,1.848,16.24,334.91,2347.219970703125,3229.617919921875,53.36000061035156,11.760000228881836,100.44000244140624,6.0,0.30850881338119507
2017-02-17,3.8,17.442,47.912,14.91,91.92,0.368,1.814,15.85,335.05,2351.159912109375,3202.075927734375,53.400001525878906,11.489999771118164,100.9499969482422,6.0,0.30080246925354004
2017-02-18,3.8,17.442,47.912,14.91,91.92,0.368,1.814,15.85,335.05,2351.159912109375,3202.075927734375,53.400001525878906,11.489999771118164,100.9499969482422,6.0,0.30486422777175903
2017-02-19,3.8,17.442,47.912,14.91,91.92,0.368,1.814,15.85,335.05,2351.159912109375,3202.075927734375,53.400001525878906,11.489999771118164,100.9499969482422,6.0,0.33092689514160156
2017-02-20,3.9,17.369,47.912,14.91,91.92,0.366,1.823,16.09,335.31,2351.159912109375,3239.9609375,53.400001525878906,11.489999771118164,100.9499969482422,6.0,0.3287978768348694
2017-02-21,3.92,17.512,48.792,14.13,93.78,0.367,1.86,15.99,338.99,2365.3798828125,3253.325927734375,54.060001373291016,11.56999969482422,101.37000274658205,6.0,0.3228873014450073
2017-02-22,3.88,17.458,49.247,13.73,92.44,0.375,1.902,15.47,336.19,2362.820068359375,3261.218017578125,53.59000015258789,11.739999771118164,101.33000183105467,6.0,0.3155434727668762
2017-02-23,3.98,17.015,46.63,13.48,92.41,0.371,2.005,15.13,341.31,2363.81005859375,3251.375,54.45000076293945,11.710000038146973,101.0500030517578,6.0,0.31754380464553833
2017-02-24,3.91,16.407,44.442,13.25,92.93,0.371,1.987,14.83,332.15,2367.340087890625,3253.43310546875,53.9900016784668,11.470000267028809,101.08999633789062,6.0,0.3139389157295227
2017-02-25,3.91,16.407,44.442,13.25,92.93,0.371,1.987,14.83,332.15,2367.340087890625,3253.43310546875,53.9900016784668,11.470000267028809,101.08999633789062,6.0,0.3220466375350952
2017-02-26,3.91,16.407,44.442,13.25,92.93,0.371,1.987,14.83,332.15,2367.340087890625,3253.43310546875,53.9900016784668,11.470000267028809,101.08999633789062,6.0,0.32439059019088745
2017-02-27,3.88,16.366,44.177,13.27,92.46,0.37,1.982,14.99,329.65,2369.75,3228.659912109375,54.04999923706055,12.09000015258789,101.12999725341795,6.0,0.33605846762657166
2017-02-28,3.82,16.342,43.744,13.4,101.51,0.377,1.99,14.94,326.9,2363.639892578125,3241.73291015625,54.0099983215332,12.920000076293944,101.12000274658205,6.0,0.3360556662082672
2017-03-01,3.98,16.3,43.403,13.99,102.66,0.371,1.977,15.29,326.04,2395.9599609375,3246.93408203125,53.83000183105469,12.539999961853027,101.77999877929688,6.0,0.33421677350997925
2017-03-02,3.94,16.611,44.327,13.31,103.06,0.371,2.009,14.87,326.65,2381.919921875,3230.028076171875,52.61000061035156,11.8100004196167,102.1999969482422,6.0,0.3287757635116577
2017-03-03,3.98,16.428,42.635,13.2,104.77,0.356,2.193,14.85,320.86,2383.1201171875,3218.31201171875,53.33000183105469,10.960000038146973,101.54000091552734,6.0,0.3280813694000244
2017-03-04,3.98,16.428,42.635,13.2,104.77,0.356,2.193,14.85,320.86,2383.1201171875,3218.31201171875,53.33000183105469,10.960000038146973,101.54000091552734,6.0,0.3303510546684265
2017-03-05,3.98,16.428,42.635,13.2,104.77,0.356,2.193,14.85,320.86,2383.1201171875,3218.31201171875,53.33000183105469,10.960000038146973,101.54000091552734,6.0,0.3356155753135681
2017-03-06,3.82,16.655,43.379,12.9,102.11,0.359,2.269,14.38,321.63,2375.31005859375,3233.865966796875,53.20000076293945,11.239999771118164,101.63999938964844,6.0,0.3247446119785309
2017-03-07,3.74,16.51,43.061,12.69,103.79,0.357,2.288,14.21,315.21,2368.389892578125,3242.406005859375,53.13999938964844,11.449999809265137,101.80999755859376,6.0,0.3160776197910309
2017-03-08,3.71,16.211,42.579,12.44,102.74,0.359,2.354,13.92,309.35,2362.97998046875,3240.6650390625,50.27999877929688,11.859999656677246,102.06999969482422,6.0,0.30122292041778564
2017-03-09,3.58,15.35,41.591,12.4,102.5,0.358,2.355,13.27,303.56,2364.8701171875,3216.74609375,49.27999877929688,12.300000190734863,101.8499984741211,6.0,0.2865680754184723
2017-03-10,3.62,15.237,40.977,12.37,103.05,0.357,2.585,13.18,303.74,2372.60009765625,3212.760009765625,48.4900016784668,11.65999984741211,101.25,6.0,0.2803965210914612
2017-03-11,3.62,15.237,40.977,12.37,103.05,0.357,2.585,13.18,303.74,2372.60009765625,3212.760009765625,48.4900016784668,11.65999984741211,101.25,6.0,0.29624903202056885
2017-03-12,3.62,15.237,40.977,12.37,103.05,0.357,2.585,13.18,303.74,2372.60009765625,3212.760009765625,48.4900016784668,11.65999984741211,101.25,6.0,0.2794383764266968
2017-03-13,3.68,15.278,41.256,12.56,104.5,0.373,2.597,13.77,307.33,2373.469970703125,3237.02392578125,48.400001525878906,11.350000381469728,101.37999725341795,6.0,0.27792271971702576
2017-03-14,3.68,15.402,41.444,12.27,103.95,0.375,2.528,13.62,305.8,2365.449951171875,3239.327880859375,47.720001220703125,12.300000190734863,101.6999969482422,6.0,0.26394352316856384
2017-03-15,3.83,15.936,43.206,12.89,105.22,0.38,2.559,13.94,304.64,2385.260009765625,3241.760009765625,48.86000061035156,11.630000114440918,100.73999786376952,6.0,0.2609438896179199
2017-03-16,4.04,16.464,44.028,12.82,104.01,0.401,2.58,15.23,310.68,2381.3798828125,3268.93505859375,48.75,11.210000038146973,100.2699966430664,6.0,0.26270943880081177
2017-03-17,4.06,16.325,44.645,12.76,106.21,0.408,2.516,15.21,309.18,2378.25,3237.447021484375,48.77999877929688,11.279999732971191,100.3000030517578,6.0,0.2590406537055969
2017-03-18,4.06,16.325,44.645,12.76,106.21,0.408,2.516,15.21,309.18,2378.25,3237.447021484375,48.77999877929688,11.279999732971191,100.3000030517578,6.0,0.26386043429374695
2017-03-19,4.06,16.325,44.645,12.76,106.21,0.408,2.516,15.21,309.18,2378.25,3237.447021484375,48.77999877929688,11.279999732971191,100.3000030517578,6.0,0.2605647146701813
2017-03-20,4.08,16.417,44.44,12.73,106.07,0.398,2.564,15.01,309.62,2373.469970703125,3250.80810546875,48.220001220703125,11.34000015258789,100.41000366210938,6.0,0.25706881284713745
2017-03-21,3.94,16.172,43.645,12.57,104.25,0.403,2.505,14.77,310.77,2344.02001953125,3261.611083984375,47.34000015258789,12.470000267028809,99.80999755859376,6.0,0.2476082146167755
2017-03-22,3.94,15.675,42.445,12.86,105.22,0.399,2.508,14.99,304.39,2348.449951171875,3245.219970703125,48.040000915527344,12.8100004196167,99.68000030517578,6.0,0.23726366460323334
2017-03-23,3.86,15.749,42.168,12.83,105.15,0.398,2.517,14.9,302.53,2345.9599609375,3248.550048828125,47.70000076293945,13.119999885559082,99.76000213623048,6.0,0.23411113023757935
2017-03-24,3.82,15.786,42.223,12.81,104.45,0.395,2.451,14.83,299.72,2343.97998046875,3269.445068359375,47.970001220703125,12.960000038146973,99.62999725341795,6.0,0.23455625772476196
2017-03-25,3.82,15.786,42.223,12.81,104.45,0.395,2.451,14.83,299.72,2343.97998046875,3269.445068359375,47.970001220703125,12.960000038146973,99.62999725341795,6.0,0.22122183442115784
2017-03-26,3.82,15.786,42.223,12.81,104.45,0.395,2.451,14.83,299.72,2343.97998046875,3269.445068359375,47.970001220703125,12.960000038146973,99.62999725341795,6.0,0.23950567841529846
2017-03-27,3.67,15.31,41.42,12.21,104.6,0.384,2.48,14.35,298.08,2341.590087890625,3266.955078125,47.72999954223633,12.5,99.16999816894533,6.0,0.23810502886772156
2017-03-28,3.71,15.574,42.158,12.57,104.88,0.381,2.638,14.4,300.68,2358.570068359375,3252.947998046875,48.369998931884766,11.529999732971191,99.70999908447266,6.0,0.223494753241539
2017-03-29,3.73,15.69,42.642,12.72,105.04,0.384,2.727,14.57,301.58,2361.1298828125,3241.31396484375,49.5099983215332,11.420000076293944,100.0,6.0,0.23366479575634003
2017-03-30,3.79,15.7,42.591,13.31,105.14,0.378,2.739,14.94,301.08,2368.06005859375,3210.237060546875,50.34999847412109,11.539999961853027,100.41000366210938,6.0,0.22100409865379333
2017-03-31,3.76,15.655,42.503,13.36,105.64,0.371,2.859,14.53,302.28,2362.719970703125,3222.513916015625,50.59999847412109,12.369999885559082,100.3499984741211,6.0,0.22097603976726532
2017-04-01,3.76,15.655,42.503,13.36,105.64,0.371,2.859,14.53,302.28,2362.719970703125,3222.513916015625,50.59999847412109,12.369999885559082,100.3499984741211,6.0,0.22127027809619904
2017-04-02,3.76,15.655,42.503,13.36,105.64,0.371,2.859,14.53,302.28,2362.719970703125,3222.513916015625,50.59999847412109,12.369999885559082,100.3499984741211,6.0,0.22832851111888885
2017-04-03,3.75,15.574,42.037,13.24,105.03,0.383,2.859,14.33,300.49,2358.840087890625,3222.513916015625,50.2400016784668,12.380000114440918,100.54000091552734,6.0,0.2324834167957306
2017-04-04,3.81,15.445,41.75,13.54,105.5,0.383,2.859,14.63,300.52,2360.159912109375,3222.513916015625,51.02999877929688,11.789999961853027,100.54000091552734,6.0,0.21913906931877136
2017-04-05,3.85,15.987,43.036,13.44,105.21,0.386,3.095,14.71,305.7,2352.949951171875,3270.304931640625,51.150001525878906,12.890000343322754,100.55999755859376,6.0,0.2052697390317917
2017-04-06,3.81,15.891,42.193,13.56,106.03,0.384,3.028,14.74,305.18,2357.489990234375,3281.0048828125,51.70000076293945,12.390000343322754,100.66999816894533,6.0,0.19616465270519257
2017-04-07,3.8,15.734,41.451,13.37,105.94,0.391,2.97,14.52,304.69,2355.5400390625,3286.615966796875,52.2400016784668,12.869999885559082,101.18000030517578,6.0,0.1970946341753006
2017-04-08,3.8,15.734,41.451,13.37,105.94,0.391,2.97,14.52,304.69,2355.5400390625,3286.615966796875,52.2400016784668,12.869999885559082,101.18000030517578,6.0,0.19392184913158417
2017-04-09,3.8,15.734,41.451,13.37,105.94,0.391,2.97,14.52,304.69,2355.5400390625,3286.615966796875,52.2400016784668,12.869999885559082,101.18000030517578,6.0,0.20527537167072296
2017-04-10,3.79,16.475,42.052,13.52,104.86,0.38,2.956,14.55,302.02,2357.159912109375,3269.39306640625,53.08000183105469,14.050000190734863,101.0199966430664,6.0,0.19893614947795868
2017-04-11,3.83,16.261,42.852,13.62,105.61,0.386,2.909,14.45,300.73,2353.780029296875,3288.966064453125,53.400001525878906,15.06999969482422,100.70999908447266,6.0,0.18794678151607513
2017-04-12,3.72,16.256,42.892,12.88,104.12,0.391,2.93,13.94,298.11,2344.929931640625,3273.830078125,53.11000061035156,15.770000457763672,100.77999877929688,6.0,0.17501512169837952
2017-04-13,3.7,15.705,41.249,12.72,103.62,0.394,3.094,13.89,296.52,2328.949951171875,3275.9599609375,53.18000030517578,15.960000038146973,100.55999755859376,6.0,0.1836443543434143
2017-04-14,3.7,15.705,41.249,12.72,103.62,0.394,3.094,13.89,295.85,2328.949951171875,3244.48291015625,53.18000030517578,15.960000038146973,100.55999755859376,6.0,0.19765348732471466
2017-04-15,3.7,15.705,41.249,12.72,103.62,0.394,3.094,13.89,295.85,2328.949951171875,3244.48291015625,53.18000030517578,15.960000038146973,100.55999755859376,6.0,0.17067159712314606
2017-04-16,3.7,15.705,41.249,12.72,103.62,0.394,3.094,13.89,295.85,2328.949951171875,3244.48291015625,53.18000030517578,15.960000038146973,100.55999755859376,6.0,0.17774158716201782
2017-04-17,3.7,15.705,41.249,12.72,103.62,0.394,3.094,13.89,295.26,2349.010009765625,3222.1669921875,52.650001525878906,14.65999984741211,100.3000030517578,6.0,0.19611673057079315
2017-04-18,3.59,15.445,40.41,12.47,105.77,0.377,2.866,13.53,289.71,2342.18994140625,3196.712890625,52.40999984741211,14.420000076293944,99.5,6.0,0.18957462906837463
2017-04-19,3.62,15.304,40.679,12.35,105.84,0.369,2.861,13.65,282.62,2338.169921875,3170.68701171875,50.43999862670898,14.93000030517578,99.73999786376952,6.0,0.19030845165252686
2017-04-20,3.68,15.195,40.693,12.51,105.52,0.37,2.755,13.82,288.0,2355.840087890625,3172.10009765625,50.27000045776367,14.149999618530272,99.77999877929688,6.0,0.1863878220319748
2017-04-21,3.66,15.479,41.871,12.23,105.1,0.369,2.774,13.6,289.88,2348.68994140625,3173.15087890625,49.619998931884766,14.630000114440918,99.9800033569336,6.0,0.16444061696529388
2017-04-22,3.66,15.479,41.871,12.23,105.1,0.369,2.774,13.6,289.88,2348.68994140625,3173.15087890625,49.619998931884766,14.630000114440918,99.9800033569336,6.0,0.16029778122901917
2017-04-23,3.66,15.479,41.871,12.23,105.1,0.369,2.774,13.6,289.88,2348.68994140625,3173.15087890625,49.619998931884766,14.630000114440918,99.9800033569336,6.0,0.16223140060901642
2017-04-24,3.74,15.464,41.711,12.23,106.83,0.361,2.553,13.72,288.28,2374.14990234375,3129.531005859375,49.22999954223633,10.84000015258789,99.08999633789062,6.0,0.16480085253715515
2017-04-25,3.84,15.464,41.711,13.1,108.09,0.364,2.595,13.69,288.26,2388.610107421875,3134.56689453125,49.560001373291016,10.760000228881836,98.81999969482422,6.0,0.16096477210521698
2017-04-26,3.81,15.361,41.661,13.5,108.3,0.359,2.85,13.6,288.39,2387.449951171875,3140.846923828125,49.619998931884766,10.850000381469728,98.95999908447266,6.0,0.1664113700389862
2017-04-27,3.7,15.204,41.118,13.01,108.18,0.357,2.942,13.33,289.33,2388.77001953125,3152.18701171875,48.970001220703125,10.359999656677246,99.08000183105467,6.0,0.18081927299499512
2017-04-28,3.76,15.155,41.687,12.75,108.91,0.354,2.914,13.6,289.16,2384.199951171875,3154.657958984375,49.33000183105469,10.81999969482422,99.0500030517578,6.0,0.18290403485298157
2017-04-29,3.76,15.155,41.687,12.75,108.91,0.354,2.914,13.6,289.16,2384.199951171875,3154.657958984375,49.33000183105469,10.81999969482422,99.0500030517578,6.0,0.18646231293678284
2017-04-30,3.76,15.155,41.687,12.75,108.91,0.354,2.914,13.6,289.16,2384.199951171875,3154.657958984375,49.33000183105469,10.81999969482422,99.0500030517578,6.0,0.20033308863639832
2017-05-01,3.76,15.155,41.687,12.75,108.91,0.354,2.914,13.6,291.54,2388.330078125,3154.657958984375,48.84000015258789,10.109999656677246,99.13999938964844,6.0,0.21224761009216309
2017-05-02,3.69,15.284,41.637,12.72,108.38,0.35,3.038,13.25,293.78,2391.169921875,3143.7119140625,47.65999984741211,10.59000015258789,98.9800033569336,6.0,0.22332791984081268
2017-05-03,3.53,14.705,40.618,12.02,107.65,0.35,3.041,12.76,293.94,2388.1298828125,3135.345947265625,47.81999969482422,10.68000030517578,99.20999908447266,6.0,0.2235518842935562
2017-05-04,3.43,14.696,39.811,11.68,108.71,0.341,2.925,12.28,288.08,2389.52001953125,3127.368896484375,45.52000045776367,10.460000038146973,98.76000213623048,6.0,0.20841725170612335
2017-05-05,3.59,14.325,39.07,11.8,110.01,0.333,2.884,12.7,286.46,2399.2900390625,3103.0380859375,46.220001220703125,10.56999969482422,98.6500015258789,6.0,0.20750588178634644
2017-05-06,3.59,14.325,39.07,11.8,110.01,0.333,2.884,12.7,286.46,2399.2900390625,3103.0380859375,46.220001220703125,10.56999969482422,98.6500015258789,6.0,0.21065059304237366
2017-05-07,3.59,14.325,39.07,11.8,110.01,0.333,2.884,12.7,286.46,2399.2900390625,3103.0380859375,46.220001220703125,10.56999969482422,98.6500015258789,6.0,0.22090734541416168
2017-05-08,3.52,14.484,39.807,11.67,109.56,0.33,2.918,12.4,285.51,2399.3798828125,3078.613037109375,46.43000030517578,9.770000457763672,99.1500015258789,6.0,0.22773131728172302
2017-05-09,3.6,14.521,39.79,11.63,109.33,0.333,2.903,12.53,290.6,2396.919921875,3080.527099609375,45.880001068115234,9.960000038146973,99.58999633789062,6.0,0.21468187868595123
2017-05-10,3.58,14.778,40.714,11.72,110.57,0.325,2.748,12.79,289.59,2399.6298828125,3052.784912109375,47.33000183105469,10.210000038146973,99.66999816894533,6.0,0.2252340316772461
2017-05-11,3.58,14.861,40.5,11.68,110.74,0.329,2.877,12.87,287.81,2394.43994140625,3061.5,47.83000183105469,10.600000381469728,99.62000274658205,6.0,0.22038212418556213
2017-05-12,3.52,14.974,40.7,11.51,110.38,0.332,2.844,12.74,289.94,2390.89990234375,3083.512939453125,47.84000015258789,10.399999618530272,99.25,6.0,0.23389583826065063
2017-05-13,3.52,14.974,40.7,11.51,110.38,0.332,2.844,12.74,289.94,2390.89990234375,3083.512939453125,47.84000015258789,10.399999618530272,99.25,6.0,0.22716407477855682
2017-05-14,3.52,14.974,40.7,11.51,110.38,0.332,2.844,12.74,289.94,2390.89990234375,3083.512939453125,47.84000015258789,10.399999618530272,99.25,6.0,0.22668884694576263
2017-05-15,3.63,15.073,40.602,11.75,112.05,0.333,2.827,13.16,292.4,2402.320068359375,3090.22900390625,48.84999847412109,10.420000076293944,98.91000366210938,6.0,0.24487026035785675
2017-05-16,3.67,15.228,41.254,11.77,112.37,0.334,3.112,13.36,293.74,2400.669921875,3112.964111328125,48.65999984741211,10.649999618530272,98.11000061035156,6.0,0.2359694093465805
2017-05-17,3.6,15.27,42.199,11.43,110.54,0.339,3.115,13.28,289.27,2357.030029296875,3104.44189453125,49.06999969482422,15.59000015258789,97.41999816894533,6.0,0.2263803631067276
2017-05-18,3.6,15.163,42.244,11.29,110.0,0.334,3.059,13.11,285.87,2365.719970703125,3090.138916015625,49.34999847412109,14.65999984741211,97.87999725341795,6.0,0.21598148345947266
2017-05-19,3.68,15.461,43.479,11.73,110.32,0.334,2.907,13.53,290.04,2381.72998046875,3090.631103515625,50.33000183105469,12.039999961853027,97.1500015258789,6.0,0.21420586109161377
2017-05-20,3.68,15.461,43.479,11.73,110.32,0.334,2.907,13.53,290.04,2381.72998046875,3090.631103515625,50.33000183105469,12.039999961853027,97.1500015258789,6.0,0.19695498049259186
2017-05-21,3.68,15.461,43.479,11.73,110.32,0.334,2.907,13.53,290.04,2381.72998046875,3090.631103515625,50.33000183105469,12.039999961853027,97.1500015258789,6.0,0.19811177253723145
2017-05-22,3.69,15.718,44.916,11.83,110.58,0.331,2.868,13.4,292.1,2394.02001953125,3075.676025390625,50.72999954223633,10.93000030517578,96.9800033569336,6.0,0.19975809752941132
2017-05-23,3.62,15.531,44.593,11.88,111.71,0.327,2.889,13.23,290.88,2398.419921875,3061.947021484375,51.470001220703125,10.720000267028809,97.3499984741211,6.0,0.1923220157623291
2017-05-24,3.62,15.499,44.165,11.9,112.05,0.327,2.971,13.35,292.29,2404.389892578125,3064.075927734375,51.36000061035156,10.020000457763672,97.23999786376952,6.0,0.18905009329319
2017-05-25,3.61,15.587,44.503,11.7,112.59,0.33,2.976,12.99,294.09,2415.070068359375,3107.8310546875,48.900001525878906,9.989999771118164,97.25,6.0,0.17884394526481628
2017-05-26,3.59,15.263,43.671,11.67,112.86,0.332,2.953,12.79,294.4,2415.820068359375,3110.05908203125,49.79999923706055,9.8100004196167,97.4000015258789,6.0,0.16576427221298218
2017-05-27,3.59,15.263,43.671,11.67,112.86,0.332,2.953,12.79,294.4,2415.820068359375,3110.05908203125,49.79999923706055,9.8100004196167,97.4000015258789,6.0,0.16731898486614227
2017-05-28,3.59,15.263,43.671,11.67,112.86,0.332,2.953,12.79,294.4,2415.820068359375,3110.05908203125,49.79999923706055,9.8100004196167,97.4000015258789,6.0,0.18632972240447998
2017-05-29,3.59,15.263,43.671,11.67,112.86,0.332,2.953,12.79,294.47,2415.820068359375,3110.05908203125,49.79999923706055,9.8100004196167,97.4000015258789,6.0,0.18179962038993835
2017-05-30,3.59,15.293,43.522,11.67,112.46,0.334,2.953,12.89,293.08,2412.909912109375,3110.05908203125,49.65999984741211,10.380000114440918,97.27999877929688,6.0,0.18065153062343597
2017-05-31,3.52,15.158,43.003,11.49,113.6,0.329,2.91,12.62,291.14,2411.800048828125,3117.177978515625,48.31999969482422,10.40999984741211,96.91999816894533,6.0,0.18517053127288818
2017-06-01,3.53,14.935,41.953,11.45,113.36,0.33,2.749,12.65,287.79,2430.06005859375,3102.623046875,48.36000061035156,9.890000343322754,97.1999969482422,5.0,0.18586748838424683
2017-06-02,3.54,15.291,43.079,11.29,114.09,0.33,2.756,12.59,288.63,2439.070068359375,3105.5400390625,47.65999984741211,9.75,96.72000122070312,5.0,0.17072473466396332
2017-06-03,3.54,15.291,43.079,11.29,114.09,0.33,2.756,12.59,288.63,2439.070068359375,3105.5400390625,47.65999984741211,9.75,96.72000122070312,5.0,0.1641610711812973
2017-06-04,3.54,15.291,43.079,11.29,114.09,0.33,2.756,12.59,288.63,2439.070068359375,3105.5400390625,47.65999984741211,9.75,96.72000122070312,5.0,0.15130557119846344
2017-06-05,3.5,15.115,42.757,11.42,113.61,0.327,2.784,12.57,289.24,2436.10009765625,3091.656005859375,47.400001525878906,10.06999969482422,96.8000030517578,5.0,0.1452942043542862
2017-06-06,3.49,14.956,42.522,11.85,112.68,0.328,2.615,12.81,287.32,2429.330078125,3102.1259765625,48.18999862670898,10.449999809265137,96.63999938964844,5.0,0.14250178635120392
2017-06-07,3.51,14.94,42.894,11.72,112.8,0.335,2.688,12.92,288.35,2433.139892578125,3140.324951171875,45.720001220703125,10.390000343322754,96.75,5.0,0.1315440833568573
2017-06-08,3.58,15.009,43.163,12.06,114.27,0.332,2.713,13.07,286.03,2433.7900390625,3150.333984375,45.63999938964844,10.15999984741211,96.91999816894533,5.0,0.11142707616090775
2017-06-09,3.6,15.125,43.654,12.36,115.4,0.33,2.769,13.08,287.82,2431.77001953125,3158.39990234375,45.83000183105469,10.699999809265137,97.2699966430664,5.0,0.09917612373828888
2017-06-10,3.6,15.125,43.654,12.36,115.4,0.33,2.769,13.08,287.82,2431.77001953125,3158.39990234375,45.83000183105469,10.699999809265137,97.2699966430664,5.0,0.08181130886077881
2017-06-11,3.6,15.125,43.654,12.36,115.4,0.33,2.769,13.08,287.82,2431.77001953125,3158.39990234375,45.83000183105469,10.699999809265137,97.2699966430664,5.0,0.09182978421449661
2017-06-12,3.56,15.125,43.654,12.34,111.19,0.323,2.708,13.07,286.71,2429.389892578125,3139.876953125,46.08000183105469,11.460000038146973,97.13999938964844,5.0,0.09871071577072144
2017-06-13,3.59,15.227,43.478,12.36,112.66,0.333,2.941,13.17,288.83,2440.35009765625,3153.742919921875,46.459999084472656,10.420000076293944,96.9800033569336,5.0,0.08909019082784653
2017-06-14,3.5,15.341,43.752,12.09,109.27,0.339,2.95,12.82,289.65,2437.919921875,3130.674072265625,44.72999954223633,10.640000343322754,96.94000244140624,5.0,0.09723655134439468
2017-06-15,3.46,14.882,42.087,11.5,106.05,0.335,2.991,12.05,282.99,2432.4599609375,3132.486083984375,44.459999084472656,10.899999618530272,97.43000030517578,5.0,0.09308329969644547
2017-06-16,3.42,14.948,42.169,11.42,108.09,0.332,3.013,11.73,288.4,2433.14990234375,3123.166015625,44.7400016784668,10.380000114440918,97.16000366210938,5.0,0.0995553657412529
2017-06-17,3.42,14.948,42.169,11.42,108.09,0.332,3.013,11.73,288.4,2433.14990234375,3123.166015625,44.7400016784668,10.380000114440918,97.16000366210938,5.0,0.10698382556438446
2017-06-18,3.42,14.948,42.169,11.42,108.09,0.332,3.013,11.73,288.4,2433.14990234375,3123.166015625,44.7400016784668,10.380000114440918,97.16000366210938,5.0,0.11269637197256088
2017-06-19,3.51,14.911,42.026,11.59,108.33,0.333,2.977,11.92,287.75,2453.4599609375,3144.3740234375,44.20000076293945,10.369999885559082,97.52999877929688,5.0,0.11094114929437637
2017-06-20,3.34,14.856,41.713,11.24,107.74,0.333,3.107,11.51,287.31,2437.030029296875,3140.013916015625,43.22999954223633,10.859999656677246,97.75,5.0,0.11436060070991516
2017-06-21,3.41,14.245,40.356,11.21,106.19,0.336,3.069,11.74,284.05,2435.610107421875,3156.2119140625,42.52999877929688,10.75,97.55999755859376,5.0,0.11728519201278687
2017-06-22,3.42,14.26,40.565,11.45,105.2,0.336,2.991,11.79,282.92,2434.5,3147.452880859375,42.7400016784668,10.479999542236328,97.54000091552734,5.0,0.11396574974060059
2017-06-23,3.4,14.473,41.015,11.76,104.85,0.335,3.043,11.75,285.15,2438.300048828125,3157.873046875,43.0099983215332,10.020000457763672,97.3000030517578,5.0,0.10377436131238937
2017-06-24,3.4,14.473,41.015,11.76,104.85,0.335,3.043,11.75,285.15,2438.300048828125,3157.873046875,43.0099983215332,10.020000457763672,97.3000030517578,5.0,0.08272626250982285
2017-06-25,3.4,14.473,41.015,11.76,104.85,0.335,3.043,11.75,285.15,2438.300048828125,3157.873046875,43.0099983215332,10.020000457763672,97.3000030517578,5.0,0.09056545794010162
2017-06-26,3.38,14.532,41.625,11.82,105.02,0.336,3.268,11.77,287.44,2439.070068359375,3185.444091796875,43.380001068115234,9.899999618530272,97.43000030517578,5.0,0.0951375812292099
2017-06-27,3.53,14.538,41.82,11.72,104.47,0.336,3.224,12.24,288.87,2419.3798828125,3191.197021484375,44.2400016784668,11.0600004196167,96.47000122070312,5.0,0.08103962242603302
2017-06-28,3.51,14.93,43.189,11.99,106.92,0.331,3.27,12.42,290.56,2440.68994140625,3173.200927734375,44.7400016784668,10.029999732971191,96.0500030517578,5.0,0.07798413932323456
2017-06-29,3.62,15.399,44.878,12.08,104.67,0.331,3.244,12.71,292.99,2419.699951171875,3188.06298828125,44.93000030517578,11.4399995803833,95.62999725341795,5.0,0.06757010519504547
2017-06-30,3.58,15.276,44.816,12.01,105.54,0.33,3.249,12.67,294.73,2423.409912109375,3192.427001953125,46.040000915527344,11.18000030517578,95.66000366210938,5.0,0.05932293459773064
2017-07-01,3.58,15.276,44.816,12.01,105.54,0.33,3.249,12.67,294.73,2423.409912109375,3192.427001953125,46.040000915527344,11.18000030517578,95.66000366210938,5.0,0.041898876428604126
2017-07-02,3.58,15.276,44.816,12.01,105.54,0.33,3.249,12.67,294.73,2423.409912109375,3192.427001953125,46.040000915527344,11.18000030517578,95.66000366210938,5.0,0.03176472708582878
2017-07-03,3.74,15.191,44.898,12.2,106.03,0.333,3.271,13.08,296.48,2429.010009765625,3195.912109375,47.06999969482422,11.220000267028809,96.1999969482422,5.0,0.038763727992773056
2017-07-04,3.75,15.416,44.896,12.2,106.03,0.323,3.228,13.09,291.42,2429.010009765625,3182.803955078125,47.06999969482422,11.220000267028809,96.1999969482422,5.0,0.04251890257000923
2017-07-05,3.81,15.669,45.667,12.17,108.02,0.321,3.411,12.98,300.8,2432.5400390625,3207.134033203125,45.130001068115234,11.06999969482422,96.29000091552734,5.0,0.03009711392223835
2017-07-06,3.72,15.736,44.989,11.89,108.05,0.324,3.436,13.0,304.68,2409.75,3212.444091796875,45.52000045776367,12.539999961853027,95.81999969482422,5.0,0.027029167860746384
2017-07-07,3.67,15.965,45.585,11.9,109.99,0.323,3.555,12.86,314.81,2425.179931640625,3217.95703125,44.22999954223633,11.1899995803833,96.01000213623048,5.0,0.036967385560274124
2017-07-08,3.67,15.965,45.585,11.9,109.99,0.323,3.555,12.86,314.81,2425.179931640625,3217.95703125,44.22999954223633,11.1899995803833,96.01000213623048,5.0,0.04174584150314331
2017-07-09,3.67,15.965,45.585,11.9,109.99,0.323,3.555,12.86,314.81,2425.179931640625,3217.95703125,44.22999954223633,11.1899995803833,96.01000213623048,5.0,0.03651094064116478
2017-07-10,3.71,15.92,45.627,12.52,111.34,0.321,3.513,13.06,318.92,2427.429931640625,3212.632080078125,44.400001525878906,11.109999656677246,96.0500030517578,5.0,0.051120299845933914
2017-07-11,3.78,16.15,46.166,12.58,112.95,0.321,3.412,13.23,314.92,2425.530029296875,3203.0380859375,45.040000915527344,10.890000343322754,95.73999786376952,5.0,0.049633998423814774
2017-07-12,3.89,16.302,46.45,12.27,116.54,0.32,3.627,13.42,319.43,2443.25,3197.5439453125,45.4900016784668,10.300000190734863,95.79000091552734,5.0,0.05287516489624977
2017-07-13,3.9,16.49,46.559,12.48,117.68,0.324,3.594,13.44,322.15,2447.830078125,3218.1630859375,46.08000183105469,9.899999618530272,95.7300033569336,5.0,0.05540480837225914
2017-07-14,3.96,16.794,47.275,12.6,117.57,0.324,3.627,13.89,325.4,2459.27001953125,3222.4169921875,46.540000915527344,9.510000228881836,95.11000061035156,5.0,0.0682443156838417
2017-07-15,3.96,16.794,47.275,12.6,117.57,0.324,3.627,13.89,325.4,2459.27001953125,3222.4169921875,46.540000915527344,9.510000228881836,95.11000061035156,5.0,0.07791796326637268
2017-07-16,3.96,16.794,47.275,12.6,117.57,0.324,3.627,13.89,325.4,2459.27001953125,3222.4169921875,46.540000915527344,9.510000228881836,95.11000061035156,5.0,0.07680166512727737
2017-07-17,4.01,16.757,47.374,13.0,116.86,0.332,3.667,14.01,326.49,2459.139892578125,3176.465087890625,46.02000045776367,9.81999969482422,95.12999725341795,5.0,0.08286629617214203
2017-07-18,4.01,16.961,47.37,13.0,117.73,0.346,3.741,14.03,329.8,2460.610107421875,3187.56689453125,46.400001525878906,9.890000343322754,94.66000366210938,5.0,0.09149379283189774
2017-07-19,4.01,16.85,47.251,13.11,119.16,0.365,3.86,14.0,335.39,2473.830078125,3230.97607421875,47.119998931884766,9.789999961853027,94.8000030517578,5.0,0.1003432646393776
2017-07-20,3.96,16.962,47.21,13.04,117.91,0.361,4.103,13.55,335.94,2473.449951171875,3244.864990234375,46.790000915527344,9.579999923706056,94.2699966430664,5.0,0.09784415364265442
2017-07-21,3.9,16.54,45.968,13.01,118.34,0.352,4.483,13.47,334.73,2472.5400390625,3237.98193359375,45.77000045776367,9.359999656677246,93.94000244140624,5.0,0.10413020849227905
2017-07-22,3.9,16.54,45.968,13.01,118.34,0.352,4.483,13.47,334.73,2472.5400390625,3237.98193359375,45.77000045776367,9.359999656677246,93.94000244140624,5.0,0.09371268004179001
2017-07-23,3.9,16.54,45.968,13.01,118.34,0.352,4.483,13.47,334.73,2472.5400390625,3237.98193359375,45.77000045776367,9.359999656677246,93.94000244140624,5.0,0.10236385464668274
2017-07-24,3.9,16.502,45.718,12.96,118.6,0.347,4.318,13.66,337.44,2469.909912109375,3250.59912109375,46.34000015258789,9.43000030517578,93.9800033569336,5.0,0.09979595243930817
2017-07-25,4.12,16.64,46.077,14.87,118.8,0.344,4.373,14.49,337.67,2477.1298828125,3243.68896484375,47.88999938964844,9.43000030517578,94.0500030517578,5.0,0.10424155741930008
2017-07-26,4.14,17.329,47.671,15.06,117.2,0.351,4.372,14.89,341.0,2477.830078125,3247.675048828125,48.75,9.600000381469728,93.66999816894533,5.0,0.11841844022274017
2017-07-27,4.14,17.437,47.73,14.5,116.37,0.351,4.251,15.3,342.03,2475.419921875,3249.781005859375,49.040000915527344,10.109999656677246,93.86000061035156,5.0,0.11806116253137589
2017-07-28,4.16,17.27,47.279,14.6,116.5,0.343,4.63,15.36,350.39,2472.10009765625,3253.239990234375,49.709999084472656,10.289999961853027,93.26000213623048,5.0,0.13419310748577118
2017-07-29,4.16,17.27,47.279,14.6,116.5,0.343,4.63,15.36,350.39,2472.10009765625,3253.239990234375,49.709999084472656,10.289999961853027,93.26000213623048,5.0,0.1549367755651474
2017-07-30,4.16,17.27,47.279,14.6,116.5,0.343,4.63,15.36,350.39,2472.10009765625,3253.239990234375,49.709999084472656,10.289999961853027,93.26000213623048,5.0,0.14603792130947113
2017-07-31,4.23,17.659,48.517,14.62,115.8,0.362,4.753,15.71,360.37,2470.300048828125,3273.028076171875,50.16999816894531,10.260000228881836,92.86000061035156,5.0,0.1458689272403717
2017-08-01,4.25,17.793,48.423,14.49,117.43,0.363,4.806,15.49,359.8,2476.35009765625,3292.637939453125,49.15999984741211,10.09000015258789,93.02999877929688,5.0,0.16133259236812592
2017-08-02,4.21,17.503,48.311,14.37,119.45,0.366,4.872,15.41,365.53,2477.570068359375,3285.056884765625,49.59000015258789,10.279999732971191,92.83000183105467,5.0,0.15240482985973358
2017-08-03,4.22,17.398,47.025,14.37,118.8,0.357,4.821,15.65,366.27,2472.159912109375,3272.928955078125,49.02999877929688,10.4399995803833,92.80999755859376,5.0,0.15636800229549408
2017-08-04,4.22,17.395,47.631,14.41,119.6,0.37,4.498,15.73,364.49,2476.830078125,3262.0810546875,49.58000183105469,10.029999732971191,93.54000091552734,5.0,0.15582145750522614
2017-08-05,4.22,17.395,47.631,14.41,119.6,0.37,4.498,15.73,364.49,2476.830078125,3262.0810546875,49.58000183105469,10.029999732971191,93.54000091552734,5.0,0.17844943702220917
2017-08-06,4.22,17.395,47.631,14.41,119.6,0.37,4.498,15.73,364.49,2476.830078125,3262.0810546875,49.58000183105469,10.029999732971191,93.54000091552734,5.0,0.1831997185945511
2017-08-07,4.32,17.668,48.374,14.7,123.08,0.377,4.561,16.21,373.82,2480.909912109375,3279.45703125,49.38999938964844,9.93000030517578,93.43000030517578,5.0,0.1864204853773117
2017-08-08,4.32,17.63,48.161,14.47,115.41,0.38,4.45,16.18,376.0,2474.919921875,3281.873046875,49.16999816894531,10.960000038146973,93.63999938964844,5.0,0.17199406027793884
2017-08-09,4.23,17.646,48.272,14.59,113.16,0.392,4.581,16.13,376.89,2474.02001953125,3275.572998046875,49.560001373291016,11.109999656677246,93.5199966430664,5.0,0.1935139298439026
2017-08-10,4.12,17.525,47.175,14.15,110.95,0.382,4.575,15.74,372.61,2438.2099609375,3261.7490234375,48.59000015258789,16.040000915527344,93.4000015258789,5.0,0.17867499589920044
2017-08-11,4.01,17.208,45.935,13.96,109.36,0.367,4.439,15.3,356.16,2441.320068359375,3208.541015625,48.81999969482422,15.510000228881836,93.06999969482422,5.0,0.15771281719207764
2017-08-12,4.01,17.208,45.935,13.96,109.36,0.367,4.439,15.3,356.16,2441.320068359375,3208.541015625,48.81999969482422,15.510000228881836,93.06999969482422,5.0,0.1352119743824005
2017-08-13,4.01,17.208,45.935,13.96,109.36,0.367,4.439,15.3,356.16,2441.320068359375,3208.541015625,48.81999969482422,15.510000228881836,93.06999969482422,5.0,0.1207183301448822
2017-08-14,4.12,17.188,45.875,14.15,110.83,0.367,4.877,15.47,364.44,2465.840087890625,3237.360107421875,47.59000015258789,12.329999923706056,93.45999908447266,5.0,0.14410126209259033
2017-08-15,4.08,17.093,45.262,13.97,111.88,0.359,4.952,15.17,360.78,2464.610107421875,3251.261962890625,47.54999923706055,12.039999961853027,93.8499984741211,5.0,0.14649900794029236
2017-08-16,4.26,17.361,45.813,14.77,113.42,0.357,4.867,15.74,356.1,2468.110107421875,3246.450927734375,46.77999877929688,11.739999771118164,93.48999786376952,5.0,0.14113159477710724
2017-08-17,4.25,17.446,46.218,14.2,112.11,0.364,4.873,15.62,362.41,2430.010009765625,3268.429931640625,47.09000015258789,15.550000190734863,93.62000274658205,5.0,0.13889560103416443
2017-08-18,4.23,17.183,46.163,14.15,112.59,0.363,4.708,15.64,361.74,2425.550048828125,3268.72412109375,48.5099983215332,14.260000228881836,93.43000030517578,5.0,0.1391901820898056
2017-08-19,4.23,17.183,46.163,14.15,112.59,0.363,4.708,15.64,361.74,2425.550048828125,3268.72412109375,48.5099983215332,14.260000228881836,93.43000030517578,5.0,0.14021551609039307
2017-08-20,4.23,17.183,46.163,14.15,112.59,0.363,4.708,15.64,361.74,2425.550048828125,3268.72412109375,48.5099983215332,14.260000228881836,93.43000030517578,5.0,0.15043091773986816
2017-08-21,4.22,17.41,46.912,14.73,113.48,0.36,4.753,15.86,362.67,2428.3701171875,3286.906005859375,47.369998931884766,13.1899995803833,93.0999984741211,5.0,0.16249580681324005
2017-08-22,4.28,17.538,47.198,15.07,115.82,0.364,5.04,15.9,366.72,2452.510009765625,3290.22607421875,47.63999938964844,11.350000381469728,93.5500030517578,5.0,0.15066087245941162
2017-08-23,4.33,17.567,47.314,15.29,115.39,0.364,5.04,16.09,362.46,2444.0400390625,3287.705078125,48.40999984741211,12.25,93.1500015258789,5.0,0.13187803328037262
2017-08-24,4.34,17.94,48.751,15.49,114.86,0.363,5.015,16.14,364.22,2438.969970703125,3271.511962890625,47.43000030517578,12.229999542236328,93.27999877929688,5.0,0.10197648406028748
2017-08-25,4.35,18.069,49.225,15.29,114.95,0.361,5.261,16.39,368.27,2443.050048828125,3331.52197265625,47.869998931884766,11.279999732971191,92.73999786376952,5.0,0.07923603802919388
2017-08-26,4.35,18.069,49.225,15.29,114.95,0.361,5.261,16.39,368.27,2443.050048828125,3331.52197265625,47.869998931884766,11.279999732971191,92.73999786376952,5.0,0.07548405975103378
2017-08-27,4.35,18.069,49.225,15.29,114.95,0.361,5.261,16.39,368.27,2443.050048828125,3331.52197265625,47.869998931884766,11.279999732971191,92.73999786376952,5.0,0.08963344246149063
2017-08-28,4.35,18.069,49.225,15.29,114.95,0.361,5.261,16.39,369.26,2444.239990234375,3362.65087890625,46.56999969482422,11.31999969482422,92.20999908447266,5.0,0.10613933950662613
2017-08-29,4.37,18.23,48.777,15.21,114.46,0.377,5.264,16.6,371.04,2446.300048828125,3365.22607421875,46.43999862670898,11.699999809265137,92.3499984741211,5.0,0.10256342589855194
2017-08-30,4.41,18.185,48.586,14.56,115.17,0.372,5.358,16.74,373.98,2457.590087890625,3363.626953125,45.959999084472656,11.220000267028809,92.87999725341795,5.0,0.12193240225315094
2017-08-31,4.45,18.574,49.679,14.78,116.26,0.367,5.518,17.22,385.95,2471.64990234375,3360.81005859375,47.22999954223633,10.59000015258789,92.66999816894533,5.0,0.14294558763504028
2017-09-01,4.55,18.65,50.133,15.07,118.63,0.382,5.826,17.46,394.92,2476.550048828125,3367.118896484375,47.290000915527344,10.130000114440918,92.80999755859376,6.0,0.14843091368675232
2017-09-02,4.55,18.65,50.133,15.07,118.63,0.382,5.826,17.46,394.92,2476.550048828125,3367.118896484375,47.290000915527344,10.130000114440918,92.80999755859376,6.0,0.1362115740776062
2017-09-03,4.55,18.65,50.133,15.07,118.63,0.382,5.826,17.46,394.92,2476.550048828125,3367.118896484375,47.290000915527344,10.130000114440918,92.80999755859376,6.0,0.11469811946153641
2017-09-04,4.54,18.632,49.537,15.07,118.63,0.387,5.847,17.4,398.82,2476.550048828125,3379.8359375,47.290000915527344,10.130000114440918,92.80999755859376,6.0,0.0790168046951294
2017-09-05,4.53,18.852,50.192,14.79,116.67,0.391,6.424,17.6,394.17,2457.85009765625,3384.31689453125,48.65999984741211,12.229999542236328,92.30999755859376,6.0,0.06681148707866669
2017-09-06,4.57,18.937,50.313,15.06,118.66,0.387,6.608,17.53,403.39,2465.5400390625,3385.388916015625,49.15999984741211,11.630000114440918,92.29000091552734,6.0,0.05921347066760063
2017-09-07,4.62,18.773,50.979,15.21,118.09,0.379,6.561,17.75,407.53,2465.10009765625,3365.4970703125,49.09000015258789,11.550000190734863,91.52999877929688,6.0,0.04251401871442795
2017-09-08,4.59,18.774,50.869,14.24,118.28,0.385,6.841,17.27,413.84,2461.429931640625,3365.242919921875,47.47999954223633,12.119999885559082,91.33000183105467,6.0,0.03191928565502167
2017-09-09,4.59,18.774,50.869,14.24,118.28,0.385,6.841,17.27,413.84,2461.429931640625,3365.242919921875,47.47999954223633,12.119999885559082,91.33000183105467,6.0,0.018785959109663963
2017-09-10,4.59,18.774,50.869,14.24,118.28,0.385,6.841,17.27,413.84,2461.429931640625,3365.242919921875,47.47999954223633,12.119999885559082,91.33000183105467,6.0,0.03600573539733887
2017-09-11,4.65,18.368,49.962,14.39,123.85,0.379,7.297,17.41,432.36,2488.110107421875,3376.4189453125,48.06999969482422,10.729999542236328,91.86000061035156,6.0,0.021064702421426773
2017-09-12,4.74,18.564,50.838,14.3,124.64,0.379,6.727,17.58,431.6,2496.47998046875,3379.488037109375,48.22999954223633,10.579999923706056,91.91000366210938,6.0,0.017376471310853958
2017-09-13,4.6,18.663,51.16,13.94,125.6,0.379,6.922,16.92,431.55,2498.3701171875,3384.14697265625,49.29999923706055,10.5,92.5199966430664,6.0,0.02568979002535343
2017-09-14,4.51,18.377,50.446,13.86,126.0,0.37,6.537,16.75,429.68,2495.6201171875,3371.426025390625,49.88999938964844,10.4399995803833,92.12000274658205,6.0,0.03269096463918686
2017-09-15,4.48,17.937,49.263,13.88,127.29,0.368,6.525,16.66,429.14,2500.22998046875,3353.618896484375,49.88999938964844,10.170000076293944,91.87000274658205,6.0,0.0211796797811985
2017-09-16,4.48,17.937,49.263,13.88,127.29,0.368,6.525,16.66,429.14,2500.22998046875,3353.618896484375,49.88999938964844,10.170000076293944,91.87000274658205,6.0,0.018644271418452263
2017-09-17,4.48,17.937,49.263,13.88,127.29,0.368,6.525,16.66,429.14,2500.22998046875,3353.618896484375,49.88999938964844,10.170000076293944,91.87000274658205,6.0,0.0191701278090477
2017-09-18,4.48,17.859,48.908,14.13,131.02,0.365,6.511,16.61,430.71,2503.8701171875,3362.85888671875,49.90999984741211,10.149999618530272,92.0500030517578,6.0,0.029989203438162804
2017-09-19,4.48,17.983,49.372,14.48,134.65,0.366,6.324,16.56,429.8,2506.64990234375,3356.844970703125,49.47999954223633,10.18000030517578,91.79000091552734,6.0,0.040910907089710236
2017-09-20,4.51,17.957,48.893,14.18,136.08,0.374,6.408,16.58,429.28,2508.239990234375,3365.99609375,50.40999984741211,9.779999732971191,92.51000213623048,6.0,0.038142912089824677
2017-09-21,4.51,17.598,47.875,13.98,134.89,0.364,6.337,17.17,419.4,2500.60009765625,3357.81201171875,50.54999923706055,9.670000076293944,92.26000213623048,6.0,0.048443425446748734
2017-09-22,4.48,17.639,48.407,14.06,134.29,0.361,6.023,17.08,416.88,2502.219970703125,3352.529052734375,50.65999984741211,9.59000015258789,92.16999816894533,6.0,0.04248235747218132
2017-09-23,4.48,17.639,48.407,14.06,134.29,0.361,6.023,17.08,416.88,2502.219970703125,3352.529052734375,50.65999984741211,9.59000015258789,92.16999816894533,6.0,0.045130759477615356
2017-09-24,4.48,17.639,48.407,14.06,134.29,0.361,6.023,17.08,416.88,2502.219970703125,3352.529052734375,50.65999984741211,9.59000015258789,92.16999816894533,6.0,0.057758085429668427
2017-09-25,4.44,17.597,48.266,13.89,128.89,0.352,6.119,16.48,409.44,2496.659912109375,3341.549072265625,52.220001220703125,10.210000038146973,92.6500015258789,6.0,0.05164868384599686
2017-09-26,4.4,17.363,47.858,13.99,128.42,0.349,6.164,16.43,408.54,2496.840087890625,3343.5830078125,51.880001068115234,10.170000076293944,92.97000122070312,6.0,0.04759375378489494
2017-09-27,4.38,17.306,48.314,14.0,130.02,0.35,6.641,16.55,411.52,2507.0400390625,3345.27197265625,52.13999938964844,9.869999885559082,93.36000061035156,6.0,0.05686571076512337
2017-09-28,4.36,17.156,47.4,14.42,132.32,0.342,6.54,16.66,412.55,2510.06005859375,3339.64208984375,51.560001373291016,9.550000190734863,93.08999633789062,6.0,0.07467588037252426
2017-09-29,4.39,17.24,48.027,14.04,136.31,0.343,6.248,17.04,424.98,2519.360107421875,3348.943115234375,51.66999816894531,9.510000228881836,93.08000183105467,6.0,0.1007567048072815
2017-09-30,4.39,17.24,48.027,14.04,136.31,0.343,6.248,17.04,424.98,2519.360107421875,3348.943115234375,51.66999816894531,9.510000228881836,93.08000183105467,6.0,0.12093980610370636
2017-10-01,4.39,17.24,48.027,14.04,136.31,0.343,6.248,17.04,424.98,2519.360107421875,3348.943115234375,51.66999816894531,9.510000228881836,93.08000183105467,5.0,0.13654586672782898
2017-10-02,4.46,17.449,49.038,14.34,136.62,0.343,6.248,17.19,428.87,2529.1201171875,3348.943115234375,50.58000183105469,9.449999809265137,93.55999755859376,5.0,0.15297578275203705
2017-10-03,4.48,17.489,49.448,14.64,137.42,0.347,6.248,17.56,433.47,2534.580078125,3348.943115234375,50.41999816894531,9.510000228881836,93.56999969482422,5.0,0.1517919898033142
2017-10-04,4.56,17.453,48.863,14.53,138.22,0.354,6.248,17.98,437.01,2537.739990234375,3348.943115234375,49.97999954223633,9.630000114440918,93.45999908447266,5.0,0.15299376845359802
2017-10-05,4.65,17.36,48.836,14.75,139.66,0.354,6.248,18.35,440.62,2552.070068359375,3348.943115234375,50.790000915527344,9.1899995803833,93.95999908447266,5.0,0.14574876427650452
2017-10-06,4.59,17.649,49.582,14.33,137.19,0.354,6.248,18.37,446.48,2549.330078125,3348.943115234375,49.290000915527344,9.649999618530272,93.8000030517578,5.0,0.1455870270729065
2017-10-07,4.59,17.649,49.582,14.33,137.19,0.354,6.248,18.37,446.48,2549.330078125,3348.943115234375,49.290000915527344,9.649999618530272,93.8000030517578,5.0,0.13148388266563416
2017-10-08,4.59,17.649,49.582,14.33,137.19,0.354,6.248,18.37,446.48,2549.330078125,3348.943115234375,49.290000915527344,9.649999618530272,93.8000030517578,5.0,0.11477330327033997
2017-10-09,4.56,17.578,49.438,14.32,136.55,0.354,6.305,17.86,444.71,2544.72998046875,3374.3779296875,49.58000183105469,10.329999923706056,93.73999786376952,5.0,0.10812384635210037
2017-10-10,4.63,17.592,49.562,14.41,137.77,0.351,6.102,18.05,446.34,2550.639892578125,3382.988037109375,50.91999816894531,10.079999923706056,93.29000091552734,5.0,0.09943804144859314
2017-10-11,4.62,17.704,49.352,14.43,137.42,0.356,6.265,18.1,443.48,2555.239990234375,3388.283935546875,51.29999923706055,9.850000381469728,92.95999908447266,5.0,0.10741107165813446
2017-10-12,4.67,17.496,48.863,14.51,137.3,0.352,6.141,18.18,443.38,2550.929931640625,3386.10009765625,50.59999847412109,9.90999984741211,93.12000274658205,5.0,0.10983028262853622
2017-10-13,4.79,17.751,49.585,14.75,138.94,0.359,6.295,18.54,448.25,2553.169921875,3390.52294921875,51.45000076293945,9.609999656677246,93.08999633789062,5.0,0.12202753871679306
2017-10-14,4.79,17.751,49.585,14.75,138.94,0.359,6.295,18.54,448.25,2553.169921875,3390.52294921875,51.45000076293945,9.609999656677246,93.08999633789062,5.0,0.10439294576644897
2017-10-15,4.79,17.751,49.585,14.75,138.94,0.359,6.295,18.54,448.25,2553.169921875,3390.52294921875,51.45000076293945,9.609999656677246,93.08999633789062,5.0,0.11514614522457123
2017-10-16,4.85,18.061,51.039,15.27,140.16,0.369,6.485,18.58,456.03,2557.639892578125,3378.469970703125,51.869998931884766,9.90999984741211,93.27999877929688,5.0,0.13805913925170898
2017-10-17,4.75,18.286,51.652,14.93,139.41,0.365,6.245,18.28,450.8,2559.360107421875,3372.041015625,51.880001068115234,10.3100004196167,93.48999786376952,5.0,0.15366217494010925
2017-10-18,4.74,18.195,51.268,14.83,139.66,0.36,6.128,17.9,447.4,2561.260009765625,3381.7939453125,52.040000915527344,10.06999969482422,93.36000061035156,5.0,0.17179343104362488
2017-10-19,4.76,17.866,50.189,14.81,139.49,0.356,6.271,17.88,452.45,2562.10009765625,3370.172119140625,51.290000915527344,10.050000190734863,93.2699966430664,5.0,0.17412061989307404
2017-10-20,4.78,17.807,49.758,14.83,140.78,0.361,6.58,17.93,450.42,2575.2099609375,3378.64794921875,51.470001220703125,9.970000267028809,93.6999969482422,5.0,0.17004160583019257
2017-10-21,4.78,17.807,49.758,14.83,140.78,0.361,6.58,17.93,450.42,2575.2099609375,3378.64794921875,51.470001220703125,9.970000267028809,93.6999969482422,5.0,0.1540982574224472
2017-10-22,4.78,17.807,49.758,14.83,140.78,0.361,6.58,17.93,450.42,2575.2099609375,3378.64794921875,51.470001220703125,9.970000267028809,93.6999969482422,5.0,0.15040330588817596
2017-10-23,4.8,17.651,49.819,14.81,138.53,0.359,6.507,18.09,453.3,2564.97998046875,3380.698974609375,51.900001525878906,11.06999969482422,93.94000244140624,5.0,0.166579008102417
2017-10-24,4.84,17.623,49.72,15.23,138.72,0.366,6.61,18.03,455.7,2569.1298828125,3388.248046875,52.470001220703125,11.15999984741211,93.95999908447266,5.0,0.16560745239257812
2017-10-25,4.78,17.638,49.438,14.7,138.53,0.367,6.309,17.82,455.36,2557.14990234375,3396.89794921875,52.18000030517578,11.229999542236328,93.70999908447266,5.0,0.176533505320549
2017-10-26,4.77,17.421,49.176,14.69,139.04,0.356,6.244,17.89,451.74,2560.39990234375,3407.56689453125,52.63999938964844,11.300000190734863,94.61000061035156,5.0,0.18149663507938385
2017-10-27,4.62,17.425,49.512,14.13,139.08,0.347,6.116,17.68,449.85,2581.070068359375,3416.81201171875,53.900001525878906,9.800000190734863,94.91999816894533,5.0,0.20005758106708527
2017-10-28,4.62,17.425,49.512,14.13,139.08,0.347,6.116,17.68,449.85,2581.070068359375,3416.81201171875,53.900001525878906,9.800000190734863,94.91999816894533,5.0,0.22073125839233398
2017-10-29,4.62,17.425,49.512,14.13,139.08,0.347,6.116,17.68,449.85,2581.070068359375,3416.81201171875,53.900001525878906,9.800000190734863,94.91999816894533,5.0,0.23081040382385254
2017-10-30,4.68,17.476,49.576,13.94,139.51,0.342,6.051,17.73,450.66,2572.830078125,3390.3369140625,54.150001525878906,10.5,94.48999786376952,5.0,0.2364613115787506
2017-10-31,4.62,17.345,48.995,13.98,140.89,0.346,6.29,17.91,452.0,2575.260009765625,3393.342041015625,54.380001068115234,10.18000030517578,94.5500030517578,5.0,0.24927183985710144
2017-11-01,4.76,17.659,49.52,14.38,142.33,0.344,6.297,18.47,456.19,2579.360107421875,3395.9130859375,54.29999923706055,10.199999809265137,94.81999969482422,6.0,0.25090640783309937
2017-11-02,4.76,18.007,51.414,14.23,136.91,0.346,6.22,18.55,456.5,2579.85009765625,3383.31005859375,54.540000915527344,9.93000030517578,94.69000244140624,6.0,0.2554284930229187
2017-11-03,4.74,18.084,51.544,14.15,140.04,0.344,6.251,18.44,449.61,2587.840087890625,3371.743896484375,55.63999938964844,9.140000343322754,94.94000244140624,6.0,0.26204052567481995
2017-11-04,4.74,18.084,51.544,14.15,140.04,0.344,6.251,18.44,449.61,2587.840087890625,3371.743896484375,55.63999938964844,9.140000343322754,94.94000244140624,6.0,0.2640993297100067
2017-11-05,4.74,18.084,51.544,14.15,140.04,0.344,6.251,18.44,449.61,2587.840087890625,3371.743896484375,55.63999938964844,9.140000343322754,94.94000244140624,6.0,0.273790180683136
2017-11-06,4.74,18.166,51.898,14.64,141.97,0.342,6.176,18.86,454.48,2591.1298828125,3388.174072265625,57.34999847412109,9.399999618530272,94.72000122070312,6.0,0.2790822684764862
2017-11-07,4.64,18.762,52.652,14.55,143.13,0.345,6.121,18.61,457.61,2590.639892578125,3413.574951171875,57.20000076293945,9.890000343322754,94.91000366210938,6.0,0.28762462735176086
2017-11-08,4.66,18.668,52.511,14.86,144.58,0.345,6.289,18.71,470.0,2594.3798828125,3415.4599609375,56.810001373291016,9.779999732971191,94.87000274658205,6.0,0.30267518758773804
2017-11-09,4.57,18.767,52.815,14.72,140.84,0.347,6.162,18.53,474.43,2584.6201171875,3427.794921875,57.16999816894531,10.5,94.44000244140624,6.0,0.29778480529785156
2017-11-10,4.58,18.359,51.505,14.41,140.62,0.345,6.109,18.6,478.4,2582.300048828125,3432.673095703125,56.7400016784668,11.289999961853027,94.38999938964844,6.0,0.2910667955875397
2017-11-11,4.58,18.359,51.505,14.41,140.62,0.345,6.109,18.6,478.4,2582.300048828125,3432.673095703125,56.7400016784668,11.289999961853027,94.38999938964844,6.0,0.29098421335220337
2017-11-12,4.58,18.359,51.505,14.41,140.62,0.345,6.109,18.6,478.4,2582.300048828125,3432.673095703125,56.7400016784668,11.289999961853027,94.38999938964844,6.0,0.2972556948661804
2017-11-13,4.57,18.4,51.798,14.43,143.37,0.337,5.888,18.64,474.44,2584.840087890625,3447.8359375,56.7599983215332,11.5,94.48999786376952,6.0,0.3046855926513672
2017-11-14,4.47,18.204,51.353,13.8,137.65,0.337,5.536,18.19,473.63,2578.8701171875,3429.548095703125,55.70000076293945,11.59000015258789,93.83000183105467,6.0,0.29861441254615784
2017-11-15,4.41,17.715,49.679,13.63,134.54,0.334,5.184,17.97,452.11,2564.6201171875,3402.52490234375,55.33000183105469,13.130000114440918,93.80999755859376,6.0,0.3011946678161621
2017-11-16,4.46,17.663,49.784,13.62,135.33,0.332,5.126,18.03,455.35,2585.639892578125,3399.25,55.13999938964844,11.760000228881836,93.93000030517578,6.0,0.2952631115913391
2017-11-17,4.47,17.515,49.423,13.86,136.21,0.329,4.953,17.99,452.76,2578.85009765625,3382.907958984375,56.54999923706055,11.43000030517578,93.66000366210938,6.0,0.27761310338974
2017-11-18,4.47,17.515,49.423,13.86,136.21,0.329,4.953,17.99,452.76,2578.85009765625,3382.907958984375,56.54999923706055,11.43000030517578,93.66000366210938,6.0,0.2661738991737366
2017-11-19,4.47,17.515,49.423,13.86,136.21,0.329,4.953,17.99,452.76,2578.85009765625,3382.907958984375,56.54999923706055,11.43000030517578,93.66000366210938,6.0,0.273232638835907
2017-11-20,4.56,17.478,49.256,13.95,135.4,0.328,5.242,18.25,455.91,2582.139892578125,3392.39892578125,56.09000015258789,10.649999618530272,94.08000183105467,6.0,0.28622472286224365
2017-11-21,4.59,17.617,49.655,14.15,136.7,0.323,5.237,18.32,458.73,2599.030029296875,3410.498046875,56.83000183105469,9.729999542236328,93.9499969482422,6.0,0.2898426353931427
2017-11-22,4.64,17.945,50.36,14.24,135.25,0.32,5.267,18.3,468.68,2597.080078125,3430.464111328125,58.02000045776367,9.880000114440918,93.22000122070312,6.0,0.27094265818595886
2017-11-23,4.64,18.194,50.582,14.24,135.25,0.338,5.277,18.33,467.55,2597.080078125,3352.989013671875,58.02000045776367,9.880000114440918,93.22000122070312,6.0,0.24171097576618195
2017-11-24,4.63,18.177,50.579,14.35,137.06,0.341,5.416,18.49,474.47,2602.419921875,3353.821044921875,58.95000076293945,9.670000076293944,92.76000213623048,6.0,0.24176378548145294
2017-11-25,4.63,18.177,50.579,14.35,137.06,0.341,5.416,18.49,474.47,2602.419921875,3353.821044921875,58.95000076293945,9.670000076293944,92.76000213623048,6.0,0.20228904485702515
2017-11-26,4.63,18.177,50.579,14.35,137.06,0.341,5.416,18.49,474.47,2602.419921875,3353.821044921875,58.95000076293945,9.670000076293944,92.76000213623048,6.0,0.20134887099266052
2017-11-27,4.56,18.137,50.499,14.09,136.23,0.337,4.971,18.08,478.08,2601.419921875,3322.22998046875,58.11000061035156,9.869999885559082,92.9000015258789,6.0,0.19600650668144226
2017-11-28,4.49,17.751,50.068,14.21,136.89,0.343,5.136,17.79,475.12,2627.0400390625,3333.656982421875,57.9900016784668,10.029999732971191,93.26000213623048,6.0,0.21070925891399384
2017-11-29,4.4,17.863,50.021,14.01,131.95,0.346,5.18,17.52,475.49,2626.070068359375,3337.862060546875,57.29999923706055,10.699999809265137,93.26000213623048,6.0,0.2092616856098175
2017-11-30,4.4,17.634,49.472,13.92,134.32,0.347,5.289,17.45,474.36,2647.580078125,3317.18798828125,57.400001525878906,11.279999732971191,93.01000213623048,6.0,0.21215562522411346
2017-12-01,4.37,17.916,49.907,14.11,132.15,0.339,5.255,17.7,474.16,2642.219970703125,3317.616943359375,58.36000061035156,11.43000030517578,92.9000015258789,5.0,0.21044950187206268
2017-12-02,4.37,17.916,49.907,14.11,132.15,0.339,5.255,17.7,474.16,2642.219970703125,3317.616943359375,58.36000061035156,11.43000030517578,92.9000015258789,5.0,0.20538769662380219
2017-12-03,4.37,17.916,49.907,14.11,132.15,0.339,5.255,17.7,474.16,2642.219970703125,3317.616943359375,58.36000061035156,11.43000030517578,92.9000015258789,5.0,0.1973651647567749
2017-12-04,4.41,18.169,50.451,14.3,129.35,0.339,5.168,17.73,474.64,2639.43994140625,3309.617919921875,57.470001220703125,11.68000030517578,93.19000244140624,5.0,0.1999843269586563
2017-12-05,4.3,18.015,49.454,14.11,127.99,0.336,4.921,17.24,460.32,2629.570068359375,3303.675048828125,57.619998931884766,11.329999923706056,93.37999725341795,5.0,0.20902661979198456
2017-12-06,4.32,17.562,47.974,14.35,127.48,0.324,5.04,17.2,440.39,2629.27001953125,3293.965087890625,55.959999084472656,11.020000457763672,93.61000061035156,5.0,0.20751537382602692
2017-12-07,4.36,17.403,48.081,14.84,129.08,0.324,4.895,17.18,442.63,2636.97998046875,3272.053955078125,56.68999862670898,10.15999984741211,93.8000030517578,5.0,0.2015669345855713
2017-12-08,4.43,17.406,47.856,14.97,130.6,0.324,4.973,17.34,449.61,2651.5,3289.991943359375,57.36000061035156,9.579999923706056,93.9000015258789,5.0,0.21678921580314636
2017-12-09,4.43,17.406,47.856,14.97,130.6,0.324,4.973,17.34,449.61,2651.5,3289.991943359375,57.36000061035156,9.579999923706056,93.9000015258789,5.0,0.22954034805297852
2017-12-10,4.43,17.406,47.856,14.97,130.6,0.324,4.973,17.34,449.61,2651.5,3289.991943359375,57.36000061035156,9.579999923706056,93.9000015258789,5.0,0.2465415894985199
2017-12-11,4.49,17.472,48.178,15.02,131.14,0.323,5.057,17.51,456.15,2659.989990234375,3322.196044921875,57.9900016784668,9.34000015258789,93.87000274658205,5.0,0.25297582149505615
2017-12-12,4.43,17.839,48.925,15.71,130.36,0.323,5.292,17.45,456.2,2664.110107421875,3280.81396484375,57.13999938964844,9.920000076293944,94.0999984741211,5.0,0.2675749659538269
2017-12-13,4.55,18.051,49.359,16.32,130.1,0.323,5.294,17.7,457.43,2662.85009765625,3303.037109375,56.59999847412109,10.18000030517578,93.43000030517578,5.0,0.263337105512619
2017-12-14,4.59,18.126,49.293,16.19,127.58,0.329,5.312,17.71,464.27,2652.010009765625,3292.43896484375,57.040000915527344,10.489999771118164,93.48999786376952,5.0,0.2592381238937378
2017-12-15,4.63,18.083,49.714,16.98,129.57,0.333,5.101,17.83,460.65,2675.81005859375,3266.136962890625,57.29999923706055,9.420000076293944,93.93000030517578,5.0,0.26829537749290466
2017-12-16,4.63,18.083,49.714,16.98,129.57,0.333,5.101,17.83,460.65,2675.81005859375,3266.136962890625,57.29999923706055,9.420000076293944,93.93000030517578,5.0,0.28131696581840515
2017-12-17,4.63,18.083,49.714,16.98,129.57,0.333,5.101,17.83,460.65,2675.81005859375,3266.136962890625,57.29999923706055,9.420000076293944,93.93000030517578,5.0,0.28860437870025635
2017-12-18,4.73,18.477,50.432,17.35,132.08,0.334,4.992,18.81,474.7,2690.159912109375,3267.922119140625,57.15999984741211,9.529999732971191,93.6999969482422,5.0,0.2856626808643341
2017-12-19,4.71,18.628,51.087,17.33,132.02,0.344,4.958,18.62,476.51,2681.469970703125,3296.5380859375,57.459999084472656,10.029999732971191,93.47000122070312,5.0,0.27722424268722534
2017-12-20,4.74,18.613,51.553,17.66,131.33,0.339,5.013,18.92,481.07,2679.25,3287.60595703125,58.09000015258789,9.720000267028809,93.3499984741211,5.0,0.2767537236213684
2017-12-21,4.82,18.959,52.271,18.18,128.65,0.345,5.114,19.15,484.48,2684.570068359375,3300.05908203125,58.36000061035156,9.619999885559082,93.27999877929688,5.0,0.2833158075809479
2017-12-22,4.8,19.167,52.814,18.1,129.29,0.354,5.113,19.04,485.75,2683.340087890625,3297.06298828125,58.470001220703125,9.899999618530272,93.3499984741211,5.0,0.28061577677726746
2017-12-23,4.8,19.167,52.814,18.1,129.29,0.354,5.113,19.04,485.75,2683.340087890625,3297.06298828125,58.470001220703125,9.899999618530272,93.3499984741211,5.0,0.29098379611968994
2017-12-24,4.8,19.167,52.814,18.1,129.29,0.354,5.113,19.04,485.75,2683.340087890625,3297.06298828125,58.470001220703125,9.899999618530272,93.3499984741211,5.0,0.29232215881347656
2017-12-25,4.8,19.167,52.814,18.1,129.29,0.354,5.113,19.04,485.57,2683.340087890625,3280.839111328125,58.470001220703125,9.899999618530272,93.3499984741211,5.0,0.3085099756717682
2017-12-26,4.8,19.167,52.814,18.1,129.29,0.354,5.113,19.04,487.1,2680.5,3306.125,59.970001220703125,10.25,93.26000213623048,5.0,0.3113854229450226
2017-12-27,4.91,19.462,53.413,18.69,128.43,0.367,5.204,19.38,499.83,2682.6201171875,3275.782958984375,59.63999938964844,10.470000267028809,93.02999877929688,5.0,0.3134700059890747
2017-12-28,4.96,19.641,53.806,19.27,128.45,0.384,5.204,19.63,508.45,2687.5400390625,3296.385009765625,59.84000015258789,10.18000030517578,92.5999984741211,5.0,0.3002590835094452
2017-12-29,5.05,19.693,54.502,18.96,127.89,0.378,5.251,19.88,510.64,2673.610107421875,3307.172119140625,60.41999816894531,11.039999961853027,92.12000274658205,5.0,0.2875208258628845
2017-12-30,5.05,19.693,54.502,18.96,127.89,0.378,5.251,19.88,510.64,2673.610107421875,3307.172119140625,60.41999816894531,11.039999961853027,92.12000274658205,5.0,0.2751652002334595
2017-12-31,5.05,19.693,54.502,18.96,127.89,0.378,5.251,19.88,510.64,2673.610107421875,3307.172119140625,60.41999816894531,11.039999961853027,92.12000274658205,5.0,0.2896163761615753
2018-01-01,5.05,19.693,54.502,18.96,127.89,0.378,5.251,19.88,510.64,2673.610107421875,3307.172119140625,60.41999816894531,11.039999961853027,92.12000274658205,5.0,0.2724466025829315
2018-01-02,5.13,19.838,55.196,19.77,131.53,0.402,5.216,20.58,518.88,2695.81005859375,3348.325927734375,60.369998931884766,9.770000457763672,91.8499984741211,5.0,0.26513800024986267
2018-01-03,5.05,20.187,56.458,19.47,131.79,0.398,5.411,20.3,524.59,2713.06005859375,3369.10791015625,61.630001068115234,9.149999618530272,92.16000366210938,5.0,0.2835409343242645
2018-01-04,5.07,20.36,56.414,19.74,130.22,0.416,5.423,20.65,535.11,2723.989990234375,3385.7099609375,62.0099983215332,9.220000267028809,91.8499984741211,5.0,0.25488919019699097
2018-01-05,5.05,20.525,56.696,19.9,131.72,0.417,5.278,20.66,540.21,2743.14990234375,3391.75,61.43999862670898,9.220000267028809,91.9499969482422,5.0,0.25370994210243225
2018-01-06,5.05,20.525,56.696,19.9,131.72,0.417,5.278,20.66,540.21,2743.14990234375,3391.75,61.43999862670898,9.220000267028809,91.9499969482422,5.0,0.265624463558197
2018-01-07,5.05,20.525,56.696,19.9,131.72,0.417,5.278,20.66,540.21,2743.14990234375,3391.75,61.43999862670898,9.220000267028809,91.9499969482422,5.0,0.2742915451526642
2018-01-08,5.13,20.448,56.386,19.81,137.45,0.441,5.298,20.96,542.24,2747.7099609375,3409.47998046875,61.72999954223633,9.520000457763672,92.33000183105467,5.0,0.2867983281612396
2018-01-09,5.16,20.744,57.583,18.92,135.44,0.44,5.247,21.56,545.93,2751.2900390625,3413.89990234375,62.959999084472656,10.079999923706056,92.52999877929688,5.0,0.2923085391521454
2018-01-10,5.24,20.727,57.282,19.51,132.96,0.444,5.114,21.81,544.61,2748.22998046875,3421.833984375,63.56999969482422,9.81999969482422,92.33000183105467,5.0,0.3000202178955078
2018-01-11,5.27,20.774,57.625,19.88,134.69,0.435,5.163,22.64,542.12,2767.56005859375,3425.344970703125,63.79999923706055,9.880000114440918,91.8499984741211,5.0,0.2947770059108734
2018-01-12,5.36,21.298,58.785,19.75,133.52,0.444,5.145,23.05,549.67,2786.239990234375,3428.94091796875,64.30000305175781,10.15999984741211,90.97000122070312,5.0,0.2988862693309784
2018-01-13,5.36,21.298,58.785,19.75,133.52,0.444,5.145,23.05,549.67,2786.239990234375,3428.94091796875,64.30000305175781,10.15999984741211,90.97000122070312,5.0,0.2909972369670868
2018-01-14,5.36,21.298,58.785,19.75,133.52,0.444,5.145,23.05,549.67,2786.239990234375,3428.94091796875,64.30000305175781,10.15999984741211,90.97000122070312,5.0,0.2891290485858917
2018-01-15,5.41,21.686,60.03,19.75,133.52,0.432,4.649,23.35,549.76,2786.239990234375,3410.488037109375,64.30000305175781,10.15999984741211,90.97000122070312,5.0,0.254329651594162
2018-01-16,5.36,21.515,59.611,19.32,128.0,0.433,4.501,22.99,547.63,2776.419921875,3436.593994140625,63.72999954223633,11.65999984741211,90.38999938964844,5.0,0.24435971677303314
2018-01-17,5.39,20.914,57.615,19.77,126.95,0.408,4.404,23.04,543.64,2802.56005859375,3444.6708984375,63.970001220703125,11.90999984741211,90.54000091552734,5.0,0.24599166214466095
2018-01-18,5.42,21.017,58.105,19.4,117.91,0.423,4.391,23.23,533.35,2798.030029296875,3474.75390625,63.95000076293945,12.220000267028809,90.5,5.0,0.23683828115463257
2018-01-19,5.4,20.935,57.443,19.96,116.01,0.427,4.418,23.09,529.11,2810.300048828125,3487.864013671875,63.369998931884766,11.270000457763672,90.56999969482422,5.0,0.23684826493263245
2018-01-20,5.4,20.935,57.443,19.96,116.01,0.427,4.418,23.09,529.11,2810.300048828125,3487.864013671875,63.369998931884766,11.270000457763672,90.56999969482422,5.0,0.222956120967865
2018-01-21,5.4,20.935,57.443,19.96,116.01,0.427,4.418,23.09,529.11,2810.300048828125,3487.864013671875,63.369998931884766,11.270000457763672,90.56999969482422,5.0,0.18983568251132965
2018-01-22,5.39,21.067,57.74,19.99,113.53,0.436,4.462,23.8,528.66,2832.969970703125,3501.362060546875,63.4900016784668,11.029999732971191,90.4000015258789,5.0,0.1821313351392746
2018-01-23,5.24,21.018,57.854,19.55,113.0,0.443,4.528,22.9,535.35,2839.1298828125,3546.5048828125,64.47000122070312,11.100000381469728,90.12000274658205,5.0,0.18333521485328674
2018-01-24,5.41,21.114,58.094,19.6,112.4,0.445,4.526,23.49,541.97,2837.5400390625,3559.465087890625,65.61000061035156,11.470000267028809,89.20999908447266,5.0,0.18409697711467743
2018-01-25,5.42,21.144,58.308,19.82,116.9,0.482,4.469,23.28,545.94,2839.25,3548.306884765625,65.51000213623047,11.579999923706056,89.38999938964844,5.0,0.19146579504013062
2018-01-26,5.45,21.144,58.308,19.54,114.41,0.481,4.295,23.34,541.06,2872.8701171875,3558.12890625,66.13999938964844,11.079999923706056,89.06999969482422,5.0,0.2068670392036438
2018-01-27,5.45,21.144,58.308,19.54,114.41,0.481,4.295,23.34,541.06,2872.8701171875,3558.12890625,66.13999938964844,11.079999923706056,89.06999969482422,5.0,0.2151573747396469
2018-01-28,5.45,21.144,58.308,19.54,114.41,0.481,4.295,23.34,541.06,2872.8701171875,3558.12890625,66.13999938964844,11.079999923706056,89.06999969482422,5.0,0.20710866153240204
2018-01-29,5.59,21.229,58.974,19.63,111.68,0.504,4.313,23.46,541.84,2853.530029296875,3523.0009765625,65.55999755859375,13.84000015258789,89.30999755859375,5.0,0.1994878351688385
2018-01-30,5.52,20.934,58.514,19.13,111.37,0.483,4.479,23.05,531.07,2822.429931640625,3488.009033203125,64.5,14.789999961853027,89.19000244140625,5.0,0.2147151231765747
2018-01-31,5.48,20.765,57.042,19.5,111.59,0.504,4.401,23.02,525.61,2823.81005859375,3480.8330078125,64.7300033569336,13.539999961853027,89.12999725341797,5.0,0.22847269475460052
2018-02-01,5.46,21.04,57.558,19.45,109.2,0.482,4.394,22.89,530.33,2821.97998046875,3446.97998046875,65.80000305175781,13.470000267028809,88.66999816894531,6.0,0.22742797434329987
2018-02-02,5.17,20.832,57.115,17.97,105.51,0.532,4.444,22.1,521.79,2762.1298828125,3462.0810546875,65.44999694824219,17.309999465942383,89.19999694824219,6.0,0.23266743123531342
2018-02-03,5.17,20.832,57.115,17.97,105.51,0.532,4.444,22.1,521.79,2762.1298828125,3462.0810546875,65.44999694824219,17.309999465942383,89.19999694824219,6.0,0.2344687581062317
2018-02-04,5.17,20.832,57.115,17.97,105.51,0.532,4.444,22.1,521.79,2762.1298828125,3462.0810546875,65.44999694824219,17.309999465942383,89.19999694824219,6.0,0.24246729910373688
2018-02-05,5.17,20.275,55.534,17.65,105.15,0.549,4.312,21.92,508.17,2648.93994140625,3487.4970703125,64.1500015258789,37.31999969482422,89.55000305175781,6.0,0.256124883890152
2018-02-06,5.05,19.794,54.952,18.74,107.54,0.509,4.055,21.73,485.95,2695.139892578125,3370.652099609375,63.38999938964844,29.979999542236328,89.58999633789062,6.0,0.2308274656534195
2018-02-07,5.02,19.938,56.444,17.86,106.63,0.463,4.001,21.63,492.76,2681.659912109375,3309.260009765625,61.790000915527344,27.729999542236328,90.26000213623048,6.0,0.20915573835372925
2018-02-08,4.87,19.558,55.589,17.16,105.18,0.441,4.053,21.06,488.54,2581.0,3262.050048828125,61.150001525878906,33.459999084472656,90.2300033569336,6.0,0.19005770981311798
2018-02-09,4.78,19.428,55.335,17.57,107.72,0.426,4.083,21.08,472.69,2619.550048828125,3129.85107421875,59.20000076293945,29.059999465942383,90.44000244140624,6.0,0.1752685159444809
2018-02-10,4.78,19.428,55.335,17.57,107.72,0.426,4.083,21.08,472.69,2619.550048828125,3129.85107421875,59.20000076293945,29.059999465942383,90.44000244140624,6.0,0.1732167899608612
2018-02-11,4.78,19.428,55.335,17.57,107.72,0.426,4.083,21.08,472.69,2619.550048828125,3129.85107421875,59.20000076293945,29.059999465942383,90.44000244140624,6.0,0.16458287835121155
2018-02-12,4.86,19.831,56.486,17.57,111.59,0.426,4.471,21.58,480.91,2656.0,3154.125,59.290000915527344,25.61000061035156,90.20999908447266,6.0,0.16054856777191162
2018-02-13,5.0,20.061,57.124,17.8,108.45,0.437,4.685,22.03,490.72,2662.93994140625,3184.958984375,59.18999862670898,24.96999931335449,89.69999694824219,6.0,0.166263148188591
2018-02-14,5.12,20.306,57.604,19.12,111.72,0.467,4.983,22.51,493.73,2698.6298828125,3199.158935546875,60.59999847412109,19.26000022888184,89.12000274658203,6.0,0.1709284633398056
2018-02-15,5.24,21.286,60.091,19.12,114.61,0.501,4.983,23.1,500.53,2731.199951171875,3199.158935546875,61.34000015258789,19.1299991607666,88.58999633789062,6.0,0.170736163854599
2018-02-16,5.22,21.285,60.126,18.73,112.24,0.501,4.983,23.31,500.77,2732.219970703125,3199.158935546875,61.68000030517578,19.459999084472656,89.0999984741211,6.0,0.17152227461338043
2018-02-17,5.22,21.285,60.126,18.73,112.24,0.501,4.983,23.31,500.77,2732.219970703125,3199.158935546875,61.68000030517578,19.459999084472656,89.0999984741211,6.0,0.16257867217063904
2018-02-18,5.22,21.285,60.126,18.73,112.24,0.501,4.983,23.31,500.77,2732.219970703125,3199.158935546875,61.68000030517578,19.459999084472656,89.0999984741211,6.0,0.14864826202392578
2018-02-19,5.15,21.227,59.784,18.73,112.24,0.501,4.983,22.97,501.75,2732.219970703125,3199.158935546875,61.68000030517578,19.459999084472656,89.0999984741211,6.0,0.13053181767463684
2018-02-20,5.15,21.059,59.267,18.43,114.58,0.477,4.983,23.12,499.2,2716.260009765625,3199.158935546875,61.900001525878906,20.600000381469727,89.72000122070312,6.0,0.13805663585662842
2018-02-21,5.39,19.858,57.716,18.73,113.01,0.489,4.983,23.74,502.58,2701.330078125,3199.158935546875,61.68000030517578,20.020000457763672,90.08000183105467,6.0,0.13754838705062866
2018-02-22,5.37,20.226,57.926,19.16,113.68,0.491,5.119,23.85,506.96,2703.9599609375,3268.55908203125,62.77000045776367,18.71999931335449,89.75,6.0,0.13421066105365753
2018-02-23,5.3,20.54,58.431,19.55,118.75,0.496,5.527,23.72,514.67,2747.300048828125,3289.02392578125,63.54999923706055,16.489999771118164,89.87999725341797,6.0,0.13632366061210632
2018-02-24,5.3,20.54,58.431,19.55,118.75,0.496,5.527,23.72,514.67,2747.300048828125,3289.02392578125,63.54999923706055,16.489999771118164,89.87999725341797,6.0,0.13875140249729156
2018-02-25,5.3,20.54,58.431,19.55,118.75,0.496,5.527,23.72,514.67,2747.300048828125,3289.02392578125,63.54999923706055,16.489999771118164,89.87999725341797,6.0,0.13945037126541138
2018-02-26,5.37,20.692,58.34,19.53,110.1,0.511,5.494,24.45,525.07,2779.60009765625,3329.573974609375,63.90999984741211,15.800000190734863,89.81999969482422,6.0,0.1574288159608841
2018-02-27,5.28,20.687,58.582,19.09,111.57,0.479,5.353,24.33,516.22,2744.280029296875,3292.068115234375,63.0099983215332,18.59000015258789,90.36000061035156,6.0,0.16828061640262604
2018-02-28,5.09,20.209,58.049,18.6,100.43,0.46,5.447,23.27,518.29,2713.830078125,3259.407958984375,61.63999938964844,19.850000381469727,90.61000061035156,6.0,0.19169799983501434
2018-03-01,4.96,19.926,55.632,18.54,96.01,0.473,5.45,22.78,512.96,2677.669921875,3273.7548828125,60.9900016784668,22.46999931335449,90.31999969482422,5.0,0.18389400839805603
2018-03-02,4.82,19.635,54.981,18.32,95.02,0.462,5.338,22.12,507.13,2691.25,3254.528076171875,61.25,19.59000015258789,89.94000244140625,5.0,0.16701218485832214
2018-03-03,4.82,19.635,54.981,18.32,95.02,0.462,5.338,22.12,507.13,2691.25,3254.528076171875,61.25,19.59000015258789,89.94000244140625,5.0,0.14970450103282928
2018-03-04,4.82,19.635,54.981,18.32,95.02,0.462,5.338,22.12,507.13,2691.25,3254.528076171875,61.25,19.59000015258789,89.94000244140625,5.0,0.1383274346590042
2018-03-05,4.84,19.295,54.187,18.19,96.44,0.452,5.428,22.27,504.05,2720.93994140625,3256.926025390625,62.56999969482422,18.729999542236328,90.08000183105467,5.0,0.12866292893886566
2018-03-06,4.9,19.859,54.886,18.7,100.14,0.467,5.436,23.21,513.09,2728.1201171875,3289.64208984375,62.59999847412109,18.36000061035156,89.62000274658203,5.0,0.12256460636854172
2018-03-07,4.89,19.649,54.317,18.12,100.05,0.454,5.588,23.22,507.13,2726.800048828125,3271.66796875,61.150001525878906,17.760000228881836,89.63999938964844,5.0,0.11487510055303574
2018-03-08,4.8,19.164,54.418,17.87,99.28,0.494,5.352,22.39,508.23,2738.969970703125,3288.406005859375,60.119998931884766,16.540000915527344,90.12000274658205,5.0,0.1064336746931076
2018-03-09,4.9,18.977,53.384,18.43,101.76,0.48,5.409,23.04,508.01,2786.570068359375,3307.166015625,62.040000915527344,14.640000343322754,90.08999633789062,5.0,0.10342957079410553
2018-03-10,4.9,18.977,53.384,18.43,101.76,0.48,5.409,23.04,508.01,2786.570068359375,3307.166015625,62.040000915527344,14.640000343322754,90.08999633789062,5.0,0.1158793643116951
2018-03-11,4.9,18.977,53.384,18.43,101.76,0.48,5.409,23.04,508.01,2786.570068359375,3307.166015625,62.040000915527344,14.640000343322754,90.08999633789062,5.0,0.12057605385780334
2018-03-12,4.91,19.429,54.759,18.56,102.99,0.492,5.886,22.96,515.08,2783.02001953125,3326.698974609375,61.36000061035156,15.779999732971191,89.9000015258789,5.0,0.12828603386878967
2018-03-13,5.03,19.231,53.583,18.48,103.13,0.49,5.972,22.95,514.15,2765.31005859375,3310.239013671875,60.709999084472656,16.350000381469727,89.66000366210938,5.0,0.13162684440612793
2018-03-14,5.13,19.26,54.155,18.66,100.33,0.496,5.957,23.72,519.13,2749.47998046875,3291.382080078125,60.959999084472656,17.229999542236328,89.69999694824219,5.0,0.14387229084968567
2018-03-15,5.06,19.213,54.661,18.41,98.07,0.501,6.144,23.38,518.02,2747.330078125,3291.112060546875,61.18999862670898,16.59000015258789,90.13999938964844,5.0,0.13857436180114746
2018-03-16,5.14,19.206,54.477,18.36,98.37,0.493,5.943,23.42,508.78,2752.010009765625,3269.882080078125,62.34000015258789,15.800000190734863,90.2300033569336,5.0,0.1405152529478073
2018-03-17,5.14,19.206,54.477,18.36,98.37,0.493,5.943,23.42,508.78,2752.010009765625,3269.882080078125,62.34000015258789,15.800000190734863,90.2300033569336,5.0,0.15209224820137024
2018-03-18,5.14,19.206,54.477,18.36,98.37,0.493,5.943,23.42,508.78,2752.010009765625,3269.882080078125,62.34000015258789,15.800000190734863,90.2300033569336,5.0,0.16084091365337372
2018-03-19,4.96,19.257,54.506,18.05,96.91,0.482,5.908,22.57,504.67,2712.919921875,3279.251953125,62.060001373291016,19.020000457763672,89.9000015258789,5.0,0.1493978053331375
2018-03-20,4.94,18.803,53.26,18.49,95.32,0.477,5.967,22.67,497.94,2716.93994140625,3290.639892578125,63.400001525878906,18.200000762939453,90.37000274658205,5.0,0.14522011578083038
2018-03-21,5.02,19.172,53.836,19.18,97.47,0.473,5.695,23.36,496.85,2711.929931640625,3280.951904296875,65.16999816894531,17.860000610351562,89.77999877929688,5.0,0.13447611033916473
2018-03-22,4.85,19.501,54.421,18.05,94.11,0.473,5.739,22.7,496.1,2643.68994140625,3263.47998046875,64.30000305175781,23.34000015258789,89.86000061035156,5.0,0.13126666843891144
2018-03-23,4.85,18.903,52.088,17.52,93.24,0.45,5.181,22.24,474.95,2588.260009765625,3152.760986328125,65.87999725341797,24.8700008392334,89.44000244140625,5.0,0.11378847062587738
2018-03-24,4.85,18.903,52.088,17.52,93.24,0.45,5.181,22.24,474.95,2588.260009765625,3152.760986328125,65.87999725341797,24.8700008392334,89.44000244140625,5.0,0.09419667720794678
2018-03-25,4.85,18.903,52.088,17.52,93.24,0.45,5.181,22.24,474.95,2588.260009765625,3152.760986328125,65.87999725341797,24.8700008392334,89.44000244140625,5.0,0.09256041049957275
2018-03-26,4.8,18.913,52.341,17.75,94.36,0.459,5.593,22.34,477.81,2658.550048828125,3133.721923828125,65.55000305175781,21.030000686645508,89.02999877929688,5.0,0.08577711880207062
2018-03-27,4.93,19.0,52.469,17.24,93.43,0.461,6.056,22.59,481.99,2612.6201171875,3166.64892578125,65.25,22.5,89.37000274658203,5.0,0.07620938122272491
2018-03-28,4.76,18.746,51.802,16.75,89.56,0.445,5.995,21.61,465.5,2605.0,3122.2900390625,64.37999725341797,22.8700008392334,90.05999755859375,5.0,0.08091654628515244
2018-03-29,4.75,18.489,51.436,17.57,92.74,0.447,5.926,22.11,468.48,2640.8701171875,3160.531005859375,64.94000244140625,19.96999931335449,90.1500015258789,5.0,0.0866394191980362
2018-03-30,4.75,18.489,51.436,17.57,92.74,0.447,5.926,22.11,471.06,2640.8701171875,3168.89697265625,64.94000244140625,19.96999931335449,90.1500015258789,5.0,0.08744153380393982
2018-03-31,4.75,18.489,51.436,17.57,92.74,0.447,5.926,22.11,471.06,2640.8701171875,3168.89697265625,64.94000244140625,19.96999931335449,90.1500015258789,5.0,0.08469998836517334
2018-04-01,4.75,18.489,51.436,17.57,92.74,0.447,5.926,22.11,471.06,2640.8701171875,3168.89697265625,64.94000244140625,19.96999931335449,90.1500015258789,7.0,0.07787653058767319
2018-04-02,4.75,18.489,51.436,17.57,92.74,0.447,5.926,22.11,463.52,2581.8798828125,3163.178955078125,63.0099983215332,23.6200008392334,90.05000305175781,7.0,0.052820995450019836
2018-04-03,4.79,18.831,52.531,17.38,90.42,0.448,5.445,21.89,461.38,2614.449951171875,3136.633056640625,63.5099983215332,21.100000381469727,90.1999969482422,7.0,0.06260141730308533
2018-04-04,4.65,18.912,52.749,17.34,91.6,0.441,5.263,21.23,455.67,2644.68994140625,3131.111083984375,63.369998931884766,20.059999465942383,90.13999938964844,7.0,0.0499982014298439
2018-04-05,4.81,18.703,51.907,18.11,95.77,0.441,5.263,21.87,451.79,2662.840087890625,3131.111083984375,63.540000915527344,18.940000534057617,90.45999908447266,7.0,0.027127863839268684
2018-04-06,4.74,18.766,51.79,17.33,91.8,0.447,5.263,21.65,455.69,2604.469970703125,3131.111083984375,62.060001373291016,21.489999771118164,90.11000061035156,7.0,0.008607463911175728
2018-04-07,4.74,18.766,51.79,17.33,91.8,0.447,5.263,21.65,455.69,2604.469970703125,3131.111083984375,62.060001373291016,21.489999771118164,90.11000061035156,7.0,-0.005955695640295744
2018-04-08,4.74,18.766,51.79,17.33,91.8,0.447,5.263,21.65,455.69,2604.469970703125,3131.111083984375,62.060001373291016,21.489999771118164,90.11000061035156,7.0,0.006722919177263975
2018-04-09,4.59,18.833,52.116,17.43,91.22,0.456,5.267,21.61,457.83,2613.159912109375,3138.2939453125,63.41999816894531,21.770000457763672,89.83999633789062,7.0,-0.002745350357145071
2018-04-10,4.7,19.13,53.987,18.2,92.33,0.476,5.45,22.77,474.64,2656.8701171875,3190.322021484375,65.51000213623047,20.46999931335449,89.58999633789062,7.0,-0.020976480096578598
2018-04-11,4.65,19.489,54.667,17.98,93.31,0.479,5.42,22.51,474.68,2642.18994140625,3208.08203125,66.81999969482422,20.239999771118164,89.56999969482422,7.0,-0.01779060810804367
2018-04-12,4.66,19.621,54.81,17.86,93.39,0.476,5.217,22.56,468.8,2663.989990234375,3180.157958984375,67.06999969482422,18.489999771118164,89.75,7.0,-0.012766990810632706
2018-04-13,4.71,19.711,55.975,17.87,95.5,0.47,5.315,22.82,473.53,2656.300048828125,3159.052001953125,67.38999938964844,17.40999984741211,89.80000305175781,7.0,-0.004650565795600414
2018-04-14,4.71,19.711,55.975,17.87,95.5,0.47,5.315,22.82,473.53,2656.300048828125,3159.052001953125,67.38999938964844,17.40999984741211,89.80000305175781,7.0,0.0015068164793774486
2018-04-15,4.71,19.711,55.975,17.87,95.5,0.47,5.315,22.82,473.53,2656.300048828125,3159.052001953125,67.38999938964844,17.40999984741211,89.80000305175781,7.0,0.019673116505146027
2018-04-16,4.7,19.908,55.883,18.16,96.87,0.461,5.225,22.59,476.18,2677.840087890625,3110.64892578125,66.22000122070312,16.559999465942383,89.43000030517578,7.0,0.012985323555767536
2018-04-17,4.75,19.839,55.875,18.3,96.63,0.47,4.815,23.04,466.12,2706.389892578125,3066.797119140625,66.5199966430664,15.25,89.5199966430664,7.0,0.019775131717324257
2018-04-18,5.09,19.978,56.629,19.18,98.79,0.462,4.999,24.31,477.62,2708.639892578125,3091.39892578125,68.47000122070312,15.600000381469728,89.62000274658203,7.0,0.008276442065834999
2018-04-19,5.1,20.4,57.988,19.57,98.59,0.483,4.858,23.86,483.75,2693.1298828125,3117.3759765625,68.29000091552734,15.960000038146973,89.94000244140625,7.0,0.013800607062876225
2018-04-20,5.1,20.213,56.938,19.36,97.75,0.463,4.825,23.5,478.41,2670.139892578125,3071.54296875,68.37999725341797,16.8799991607666,90.31999969482422,7.0,0.00606959406286478
2018-04-21,5.1,20.213,56.938,19.36,97.75,0.463,4.825,23.5,478.41,2670.139892578125,3071.54296875,68.37999725341797,16.8799991607666,90.31999969482422,7.0,0.02198241837322712
2018-04-22,5.1,20.213,56.938,19.36,97.75,0.463,4.825,23.5,478.41,2670.139892578125,3071.54296875,68.37999725341797,16.8799991607666,90.31999969482422,7.0,0.0004579833766911179
2018-04-23,5.08,20.274,57.225,18.81,97.34,0.46,4.954,23.5,473.26,2670.2900390625,3068.011962890625,68.63999938964844,16.34000015258789,90.94000244140624,7.0,0.012214409187436104
2018-04-24,5.16,20.297,55.718,16.08,95.78,0.461,5.049,23.19,473.25,2634.56005859375,3128.927001953125,67.69999694824219,18.020000457763672,90.7699966430664,7.0,0.022555826231837273
2018-04-25,5.03,20.297,55.718,15.37,95.46,0.46,4.902,22.16,468.7,2639.39990234375,3117.97412109375,68.05000305175781,17.84000015258789,91.16999816894533,7.0,0.021070899441838264
2018-04-26,4.93,20.014,55.283,15.63,96.55,0.458,4.646,22.03,462.45,2666.93994140625,3075.030029296875,68.19000244140625,16.239999771118164,91.55999755859376,7.0,0.015004152432084084
2018-04-27,4.87,20.135,55.648,15.32,96.95,0.46,4.691,22.23,464.62,2669.909912109375,3082.23193359375,68.0999984741211,15.40999984741211,91.54000091552734,7.0,0.03399734944105148
2018-04-28,4.87,20.135,55.648,15.32,96.95,0.46,4.691,22.23,464.62,2669.909912109375,3082.23193359375,68.0999984741211,15.40999984741211,91.54000091552734,7.0,0.04405314102768898
2018-04-29,4.87,20.135,55.648,15.32,96.95,0.46,4.691,22.23,464.62,2669.909912109375,3082.23193359375,68.0999984741211,15.40999984741211,91.54000091552734,7.0,0.05791563168168068
2018-04-30,4.62,19.899,55.427,15.21,96.96,0.461,4.691,22.35,465.62,2648.050048828125,3082.23193359375,68.56999969482422,15.93000030517578,91.83999633789062,7.0,0.0569864958524704
2018-05-01,4.52,19.98,55.007,14.95,97.62,0.461,4.691,22.02,460.91,2654.800048828125,3082.23193359375,67.25,15.489999771118164,92.4499969482422,5.0,0.05340074375271797
2018-05-02,4.65,19.961,55.258,15.11,97.84,0.451,4.718,22.66,463.99,2635.669921875,3081.177001953125,67.93000030517578,15.970000267028809,92.51000213623048,5.0,0.05461929738521576
2018-05-03,4.67,20.26,56.46,15.21,97.89,0.446,4.69,22.33,462.38,2629.72998046875,3100.85888671875,68.43000030517578,15.899999618530272,92.41000366210938,5.0,0.05186490714550018
2018-05-04,4.66,20.27,56.244,15.42,100.06,0.44,4.773,22.5,462.2,2663.419921875,3091.032958984375,69.72000122070312,14.770000457763672,92.56999969482422,5.0,0.05335621163249016
2018-05-05,4.66,20.27,56.244,15.42,100.06,0.44,4.773,22.5,462.2,2663.419921875,3091.032958984375,69.72000122070312,14.770000457763672,92.56999969482422,5.0,0.059284381568431854
2018-05-06,4.66,20.27,56.244,15.42,100.06,0.44,4.773,22.5,462.2,2663.419921875,3091.032958984375,69.72000122070312,14.770000457763672,92.56999969482422,5.0,0.057699281722307205
2018-05-07,4.66,20.27,56.244,15.42,100.06,0.44,4.773,22.5,469.07,2672.6298828125,3136.64501953125,70.7300033569336,14.75,92.75,5.0,0.06543086469173431
2018-05-08,4.66,20.232,55.682,15.3,100.72,0.451,5.119,22.24,462.07,2671.919921875,3161.498046875,69.05999755859375,14.710000038146973,93.12000274658205,5.0,0.07487726956605911
2018-05-09,4.76,20.507,56.164,15.68,101.75,0.447,5.164,22.51,462.09,2697.7900390625,3159.14990234375,71.13999938964844,13.420000076293944,93.04000091552734,5.0,0.07404022663831711
2018-05-10,4.87,21.059,57.579,16.22,98.39,0.452,5.253,23.11,465.24,2723.070068359375,3174.4130859375,71.36000061035156,13.229999542236328,92.6500015258789,5.0,0.05402710661292076
2018-05-11,5.01,21.351,58.302,16.27,98.54,0.448,5.369,23.91,474.82,2727.719970703125,3163.262939453125,70.69999694824219,12.649999618530272,92.54000091552734,5.0,0.05255042016506195
2018-05-12,5.01,21.351,58.302,16.27,98.54,0.448,5.369,23.91,474.82,2727.719970703125,3163.262939453125,70.69999694824219,12.649999618530272,92.54000091552734,5.0,0.050544366240501404
2018-05-13,5.01,21.351,58.302,16.27,98.54,0.448,5.369,23.91,474.82,2727.719970703125,3163.262939453125,70.69999694824219,12.649999618530272,92.54000091552734,5.0,0.059995222836732864
2018-05-14,5.0,21.708,58.6,16.2,99.24,0.459,5.324,23.69,470.54,2730.1298828125,3174.031982421875,70.95999908447266,12.93000030517578,92.58999633789062,5.0,0.06080999597907066
2018-05-15,4.9,21.399,57.567,15.96,100.81,0.457,5.343,23.12,464.43,2711.449951171875,3192.117919921875,71.30999755859375,14.630000114440918,93.22000122070312,5.0,0.06401790678501129
2018-05-16,5.07,21.817,58.639,16.64,102.35,0.455,5.337,24.23,467.04,2722.4599609375,3169.56494140625,71.48999786376953,13.420000076293944,93.38999938964844,5.0,0.05436170473694801
2018-05-17,5.15,22.078,60.033,16.78,104.8,0.448,5.154,24.17,474.22,2720.1298828125,3154.282958984375,71.48999786376953,13.43000030517578,93.47000122070312,5.0,0.05412263423204422
2018-05-18,4.91,21.853,59.398,16.87,104.92,0.455,5.205,23.79,472.98,2712.969970703125,3193.302978515625,71.27999877929688,13.420000076293944,93.63999938964844,5.0,0.046938277781009674
2018-05-19,4.91,21.853,59.398,16.87,104.92,0.455,5.205,23.79,472.98,2712.969970703125,3193.302978515625,71.27999877929688,13.420000076293944,93.63999938964844,5.0,0.04954126849770546
2018-05-20,4.91,21.853,59.398,16.87,104.92,0.455,5.205,23.79,472.98,2712.969970703125,3193.302978515625,71.27999877929688,13.420000076293944,93.63999938964844,5.0,0.054223835468292236
2018-05-21,4.98,21.966,59.386,16.69,104.07,0.445,5.182,24.36,475.58,2733.010009765625,3213.840087890625,72.23999786376953,13.079999923706056,93.68000030517578,5.0,0.061143964529037476
2018-05-22,5.01,21.8,59.06,17.17,102.34,0.445,5.249,24.57,468.96,2724.43994140625,3214.35009765625,72.12999725341797,13.220000267028809,93.61000061035156,5.0,0.042255934327840805
2018-05-23,4.89,21.864,59.046,17.35,101.84,0.441,5.088,23.19,455.65,2733.2900390625,3168.964111328125,71.83999633789062,12.579999923706056,94.01000213623048,5.0,0.027478188276290894
2018-05-24,4.82,21.927,58.57,17.38,95.02,0.445,5.226,22.88,451.04,2727.760009765625,3154.65087890625,70.70999908447266,12.529999732971191,93.77999877929688,5.0,0.020010145381093025
2018-05-25,4.81,21.31,57.854,17.08,94.82,0.432,5.142,22.48,440.68,2721.330078125,3141.302978515625,67.87999725341797,13.220000267028809,94.19000244140624,5.0,0.016309069469571114
2018-05-26,4.81,21.31,57.854,17.08,94.82,0.432,5.142,22.48,440.68,2721.330078125,3141.302978515625,67.87999725341797,13.220000267028809,94.19000244140624,5.0,0.02277691476047039
2018-05-27,4.81,21.31,57.854,17.08,94.82,0.432,5.142,22.48,440.68,2721.330078125,3141.302978515625,67.87999725341797,13.220000267028809,94.19000244140624,5.0,0.037838589400053024
2018-05-28,4.81,21.31,57.854,17.08,94.82,0.432,5.142,22.48,436.67,2721.330078125,3135.08203125,67.87999725341797,13.220000267028809,94.19000244140624,5.0,0.03879166021943092
2018-05-29,4.7,20.68,57.4,16.65,93.03,0.421,4.883,22.04,437.6,2689.860107421875,3120.4609375,66.7300033569336,17.020000457763672,94.83000183105467,5.0,0.01895570568740368
2018-05-30,4.74,20.824,57.259,17.12,93.59,0.414,4.605,22.46,431.25,2724.010009765625,3041.443115234375,68.20999908447266,14.9399995803833,94.1500015258789,5.0,-0.0017866760026663542
2018-05-31,4.74,21.183,57.861,16.9,93.47,0.417,4.649,22.69,436.69,2705.27001953125,3095.47412109375,67.04000091552734,15.43000030517578,93.98999786376952,5.0,-0.013697129674255848
2018-06-01,4.87,21.367,57.525,17.12,94.26,0.416,4.704,23.4,437.74,2734.6201171875,3075.136962890625,65.80999755859375,13.460000038146973,94.19000244140624,5.0,-0.02672363817691803
2018-06-02,4.87,21.367,57.525,17.12,94.26,0.416,4.704,23.4,437.74,2734.6201171875,3075.136962890625,65.80999755859375,13.460000038146973,94.19000244140624,5.0,-0.027733391150832176
2018-06-03,4.87,21.367,57.525,17.12,94.26,0.416,4.704,23.4,437.74,2734.6201171875,3075.136962890625,65.80999755859375,13.460000038146973,94.19000244140624,5.0,-0.042311739176511765
2018-06-04,4.88,21.663,58.533,17.21,94.44,0.423,4.559,23.33,436.29,2746.8701171875,3091.19091796875,64.75,12.739999771118164,94.0199966430664,5.0,-0.04870148375630379
2018-06-05,5.0,21.285,57.512,17.65,94.65,0.424,4.731,23.64,432.03,2748.800048828125,3114.2060546875,65.5199966430664,12.399999618530272,93.88999938964844,5.0,-0.06043480709195137
2018-06-06,5.14,21.853,59.352,18.2,95.67,0.445,4.749,24.38,436.5,2772.35009765625,3115.179931640625,64.7300033569336,11.640000343322754,93.66000366210938,5.0,-0.06486735492944717
2018-06-07,5.06,22.185,60.412,17.93,95.22,0.45,4.76,23.98,434.01,2770.3701171875,3109.4990234375,65.94999694824219,12.130000114440918,93.4000015258789,5.0,-0.06354007869958878
2018-06-08,4.93,22.103,60.647,18.03,95.37,0.447,4.668,23.55,427.89,2779.030029296875,3067.14794921875,65.73999786376953,12.18000030517578,93.5500030517578,5.0,-0.050542645156383514
2018-06-09,4.93,22.103,60.647,18.03,95.37,0.447,4.668,23.55,427.89,2779.030029296875,3067.14794921875,65.73999786376953,12.18000030517578,93.5500030517578,5.0,-0.04226851463317871
2018-06-10,4.93,22.103,60.647,18.03,95.37,0.447,4.668,23.55,427.89,2779.030029296875,3067.14794921875,65.73999786376953,12.18000030517578,93.5500030517578,5.0,-0.04482775926589966
2018-06-11,4.98,22.103,60.647,18.19,95.37,0.458,4.679,23.79,428.29,2782.0,3052.782958984375,66.0999984741211,12.350000381469728,93.58000183105467,5.0,-0.052637360990047455
2018-06-12,4.91,21.776,59.377,17.86,95.74,0.456,4.63,23.01,424.75,2786.85009765625,3079.802001953125,66.36000061035156,12.34000015258789,93.8000030517578,5.0,-0.04820968955755234
2018-06-13,5.1,21.506,58.725,17.81,94.18,0.45,4.451,22.83,420.12,2775.6298828125,3049.797119140625,66.63999938964844,12.9399995803833,93.70999908447266,5.0,-0.03721535578370094
2018-06-14,5.06,21.31,58.317,17.58,93.66,0.446,4.394,22.58,418.57,2782.489990234375,3044.159912109375,66.88999938964844,12.119999885559082,94.7699966430664,5.0,-0.030466828495264053
2018-06-15,4.85,21.316,58.761,16.89,93.33,0.434,4.38,21.66,413.2,2779.659912109375,3021.90087890625,65.05999755859375,11.979999542236328,94.79000091552734,5.0,-0.027811970561742783
2018-06-16,4.85,21.316,58.761,16.89,93.33,0.434,4.38,21.66,413.2,2779.659912109375,3021.90087890625,65.05999755859375,11.979999542236328,94.79000091552734,5.0,-0.03359000384807587
2018-06-17,4.85,21.316,58.761,16.89,93.33,0.434,4.38,21.66,413.2,2779.659912109375,3021.90087890625,65.05999755859375,11.979999542236328,94.79000091552734,5.0,-0.034157730638980865
2018-06-18,4.82,20.755,57.455,16.8,92.87,0.434,4.38,21.79,411.35,2773.75,3021.90087890625,65.8499984741211,12.3100004196167,94.75,5.0,-0.0382416807115078
2018-06-19,4.69,20.391,55.874,16.26,91.4,0.419,3.916,21.19,395.51,2762.590087890625,2907.822021484375,65.06999969482422,13.350000381469728,95.08999633789062,5.0,-0.06165298819541931
2018-06-20,4.72,20.503,56.182,16.3,91.61,0.409,3.99,21.09,398.47,2767.320068359375,2915.73095703125,66.22000122070312,12.789999961853027,95.05999755859376,5.0,-0.08111622184515
2018-06-21,4.71,20.638,56.511,16.36,91.97,0.4,3.749,20.79,392.23,2749.760009765625,2875.81005859375,65.54000091552734,14.640000343322754,94.87000274658205,5.0,-0.09219568222761154
2018-06-22,4.92,20.653,56.532,16.44,93.46,0.405,4.036,21.38,398.19,2754.8798828125,2889.760009765625,68.58000183105469,13.770000457763672,94.5199966430664,5.0,-0.09224825352430344
2018-06-23,4.92,20.653,56.532,16.44,93.46,0.405,4.036,21.38,398.19,2754.8798828125,2889.760009765625,68.58000183105469,13.770000457763672,94.5199966430664,5.0,-0.09452376514673233
2018-06-24,4.92,20.653,56.532,16.44,93.46,0.405,4.036,21.38,398.19,2754.8798828125,2889.760009765625,68.58000183105469,13.770000457763672,94.5199966430664,5.0,-0.09516041725873947
2018-06-25,4.69,20.872,56.874,15.74,91.96,0.39,4.105,20.42,390.98,2717.070068359375,2859.3359375,68.08000183105469,17.329999923706055,94.27999877929688,5.0,-0.1089203804731369
2018-06-26,4.65,20.601,55.685,16.25,92.52,0.386,4.128,20.55,390.49,2723.06005859375,2844.508056640625,70.52999877929688,15.920000076293944,94.68000030517578,5.0,-0.12988796830177307
2018-06-27,4.63,20.823,55.523,16.9,93.41,0.375,4.072,20.65,389.25,2699.6298828125,2813.177978515625,72.76000213623047,17.90999984741211,95.29000091552734,5.0,-0.13881845772266388
2018-06-28,4.49,21.227,56.284,16.79,93.64,0.378,4.074,20.31,384.13,2716.31005859375,2786.89697265625,73.44999694824219,16.850000381469727,95.38999938964844,5.0,-0.13615866005420685
2018-06-29,4.58,21.429,56.92,17.26,94.33,0.382,4.165,21.25,393.21,2718.3701171875,2847.41796875,74.1500015258789,16.09000015258789,94.62999725341795,5.0,-0.1332242488861084
2018-06-30,4.58,21.429,56.92,17.26,94.33,0.382,4.165,21.25,393.21,2718.3701171875,2847.41796875,74.1500015258789,16.09000015258789,94.62999725341795,5.0,-0.13937002420425415
2018-07-01,4.58,21.429,56.92,17.26,94.33,0.382,4.165,21.25,393.21,2718.3701171875,2847.41796875,74.1500015258789,16.09000015258789,94.62999725341795,5.0,-0.13151900470256805
2018-07-02,4.39,21.052,56.34,17.16,93.48,0.382,4.029,20.51,387.64,2726.7099609375,2775.556884765625,73.94000244140625,15.600000381469728,94.87000274658205,5.0,-0.1297585815191269
2018-07-03,4.05,20.837,54.992,17.07,96.62,0.381,3.974,20.54,387.09,2713.219970703125,2786.887939453125,74.13999938964844,16.139999389648438,94.58999633789062,5.0,-0.13044016063213348
2018-07-04,4.05,20.823,54.499,17.07,96.62,0.377,3.837,21.04,387.71,2713.219970703125,2759.1259765625,74.13999938964844,16.139999389648438,94.58999633789062,5.0,-0.1403631567955017
2018-07-05,4.13,20.727,53.917,16.97,94.78,0.368,3.847,21.62,380.25,2736.610107421875,2733.882080078125,72.94000244140625,14.970000267028809,94.47000122070312,5.0,-0.15201106667518616
2018-07-06,4.18,21.031,54.622,17.51,95.54,0.357,4.074,21.46,385.38,2759.820068359375,2747.22900390625,73.80000305175781,13.369999885559082,94.04000091552734,5.0,-0.15348610281944275
2018-07-07,4.18,21.031,54.622,17.51,95.54,0.357,4.074,21.46,385.38,2759.820068359375,2747.22900390625,73.80000305175781,13.369999885559082,94.04000091552734,5.0,-0.1674795001745224
2018-07-08,4.18,21.031,54.622,17.51,95.54,0.357,4.074,21.46,385.38,2759.820068359375,2747.22900390625,73.80000305175781,13.369999885559082,94.04000091552734,5.0,-0.1699475795030594
2018-07-09,4.26,21.582,55.671,18.11,95.98,0.37,4.186,21.87,395.87,2784.169921875,2815.110107421875,73.8499984741211,12.6899995803833,94.08000183105467,5.0,-0.15035149455070496
2018-07-10,4.16,21.795,56.099,18.11,95.81,0.375,4.201,21.72,403.7,2793.840087890625,2827.625,74.11000061035156,12.640000343322754,94.11000061035156,5.0,-0.13811399042606354
2018-07-11,3.93,21.24,54.409,17.41,94.68,0.359,4.199,20.75,395.98,2774.02001953125,2777.77099609375,70.37999725341797,13.630000114440918,94.72000122070312,5.0,-0.14355048537254333
2018-07-12,3.97,21.225,54.568,17.29,95.35,0.362,4.276,20.81,398.84,2798.2900390625,2837.658935546875,70.33000183105469,12.579999923706056,94.80999755859376,5.0,-0.15070964395999908
2018-07-13,3.97,21.122,54.618,16.8,95.57,0.357,4.294,20.82,403.05,2801.31005859375,2831.18408203125,71.01000213623047,12.18000030517578,94.75,5.0,-0.14058005809783936
2018-07-14,3.97,21.122,54.618,16.8,95.57,0.357,4.294,20.82,403.05,2801.31005859375,2831.18408203125,71.01000213623047,12.18000030517578,94.75,5.0,-0.13962052762508392
2018-07-15,3.97,21.122,54.618,16.8,95.57,0.357,4.294,20.82,403.05,2801.31005859375,2831.18408203125,71.01000213623047,12.18000030517578,94.75,5.0,-0.1259315460920334
2018-07-16,3.92,20.943,54.288,16.77,94.96,0.358,4.173,20.62,397.07,2798.429931640625,2814.0419921875,68.05999755859375,12.829999923706056,94.51000213623048,5.0,-0.12343989312648773
2018-07-17,3.93,20.493,53.883,16.77,96.97,0.353,4.277,20.75,396.0,2809.550048828125,2798.1259765625,68.08000183105469,12.0600004196167,94.97000122070312,5.0,-0.12058835476636887
2018-07-18,3.99,21.2,54.202,17.08,96.74,0.347,4.138,20.98,392.88,2815.6201171875,2787.257080078125,68.76000213623047,12.100000381469728,95.08000183105467,5.0,-0.12157370895147324
2018-07-19,3.95,21.113,54.669,15.8,96.21,0.345,3.963,20.04,387.61,2804.489990234375,2772.544921875,69.45999908447266,12.869999885559082,95.16999816894533,5.0,-0.1256924867630005
2018-07-20,3.92,20.85,54.768,15.75,93.9,0.343,4.015,19.95,386.35,2801.830078125,2829.27099609375,70.45999908447266,12.859999656677246,94.45999908447266,5.0,-0.13006605207920074
2018-07-21,3.92,20.85,54.768,15.75,93.9,0.343,4.015,19.95,386.35,2801.830078125,2829.27099609375,70.45999908447266,12.859999656677246,94.45999908447266,5.0,-0.12064113467931747
2018-07-22,3.92,20.85,54.768,15.75,93.9,0.343,4.015,19.95,386.35,2801.830078125,2829.27099609375,70.45999908447266,12.859999656677246,94.45999908447266,5.0,-0.11603090912103653
2018-07-23,3.89,20.442,54.322,15.83,90.92,0.349,4.063,19.96,386.72,2806.97998046875,2859.5419921875,67.88999938964844,12.619999885559082,94.66999816894533,5.0,-0.10522444546222687
2018-07-24,4.12,20.911,55.321,16.07,90.9,0.37,4.103,21.15,392.72,2820.39990234375,2905.56201171875,68.5199966430664,12.40999984741211,94.61000061035156,5.0,-0.09538908302783966
2018-07-25,4.09,21.475,56.391,15.86,91.79,0.371,4.003,21.29,386.74,2846.070068359375,2903.64697265625,69.30000305175781,12.289999961853027,94.36000061035156,5.0,-0.09514957666397095
2018-07-26,4.06,21.183,55.068,15.97,93.06,0.371,3.907,21.0,385.08,2837.43994140625,2882.22509765625,69.61000061035156,12.140000343322754,94.75,5.0,-0.08648563921451569
2018-07-27,4.09,21.732,55.499,15.99,93.26,0.371,3.851,21.05,378.76,2818.820068359375,2873.593994140625,68.69000244140625,13.029999732971191,94.68000030517578,5.0,-0.07135322690010071
2018-07-28,4.09,21.732,55.499,15.99,93.26,0.371,3.851,21.05,378.76,2818.820068359375,2873.593994140625,68.69000244140625,13.029999732971191,94.68000030517578,5.0,-0.031030479818582535
2018-07-29,4.09,21.732,55.499,15.99,93.26,0.371,3.851,21.05,378.76,2818.820068359375,2873.593994140625,68.69000244140625,13.029999732971191,94.68000030517578,5.0,-0.029039179906249046
2018-07-30,4.09,21.611,54.895,16.08,92.42,0.37,3.957,20.92,376.01,2802.60009765625,2869.050048828125,70.12999725341797,14.260000228881836,94.36000061035156,5.0,-0.03654487803578377
2018-07-31,4.2,22.1,55.571,16.5,94.2,0.369,3.869,21.59,375.3,2816.2900390625,2876.40087890625,68.76000213623047,12.829999923706056,94.48999786376952,5.0,-0.019127802923321724
2018-08-01,4.04,22.171,55.706,15.58,91.01,0.367,3.897,21.29,371.89,2813.360107421875,2824.533935546875,67.66000366210938,13.149999618530272,94.62000274658205,5.0,-0.008603781461715698
2018-08-02,3.9,21.308,52.655,15.43,92.02,0.358,3.775,20.46,362.37,2827.219970703125,2768.02392578125,68.95999908447266,12.1899995803833,95.16999816894533,5.0,0.0006565330550074577
2018-08-03,3.96,21.085,52.191,15.71,92.61,0.35,3.679,20.91,360.45,2840.35009765625,2740.443115234375,68.48999786376953,11.640000343322754,95.13999938964844,5.0,0.00929258018732071
2018-08-04,3.96,21.085,52.191,15.71,92.61,0.35,3.679,20.91,360.45,2840.35009765625,2740.443115234375,68.48999786376953,11.640000343322754,95.13999938964844,5.0,-0.0033799181692302227
2018-08-05,3.96,21.085,52.191,15.71,92.61,0.35,3.679,20.91,360.45,2840.35009765625,2740.443115234375,68.48999786376953,11.640000343322754,95.13999938964844,5.0,-0.014272239059209824
2018-08-06,3.89,21.502,52.426,15.4,92.66,0.354,3.389,20.62,353.66,2850.39990234375,2705.156982421875,69.01000213623047,11.270000457763672,95.36000061035156,5.0,-0.015751121565699577
2018-08-07,4.04,21.297,52.244,15.36,92.81,0.362,3.402,21.33,354.16,2858.449951171875,2779.3740234375,69.16999816894531,10.93000030517578,95.22000122070312,5.0,-0.02738148532807827
2018-08-08,4.03,21.532,52.862,15.39,98.77,0.363,3.266,21.12,353.74,2857.699951171875,2744.070068359375,66.94000244140625,10.850000381469728,95.0999984741211,5.0,-0.02539532072842121
2018-08-09,4.05,21.368,51.579,15.31,100.76,0.372,3.333,20.84,357.2,2853.580078125,2794.382080078125,66.80999755859375,11.270000457763672,95.5,5.0,-0.0278511680662632
2018-08-10,3.93,21.018,50.713,15.11,98.5,0.375,3.343,20.22,350.59,2833.280029296875,2795.31005859375,67.62999725341797,13.15999984741211,96.36000061035156,5.0,-0.011662316508591175
2018-08-11,3.93,21.018,50.713,15.11,98.5,0.375,3.343,20.22,350.59,2833.280029296875,2795.31005859375,67.62999725341797,13.15999984741211,96.36000061035156,5.0,-0.02433442510664463
2018-08-12,3.93,21.018,50.713,15.11,98.5,0.375,3.343,20.22,350.59,2833.280029296875,2795.31005859375,67.62999725341797,13.15999984741211,96.36000061035156,5.0,-0.018300089985132217
2018-08-13,3.9,20.668,49.7,14.92,95.63,0.366,3.354,20.37,342.44,2821.929931640625,2785.8720703125,67.19999694824219,14.779999732971191,96.38999938964844,5.0,-0.02409183233976364
2018-08-14,3.85,20.916,49.589,14.8,97.33,0.357,3.309,19.86,344.45,2839.9599609375,2780.965087890625,67.04000091552734,13.3100004196167,96.7300033569336,5.0,-0.047132089734077454
2018-08-15,3.63,20.821,49.188,13.66,95.54,0.345,3.246,18.59,333.52,2818.3701171875,2723.258056640625,65.01000213623047,14.640000343322754,96.6999969482422,5.0,-0.07906775176525116
2018-08-16,3.71,20.352,48.782,13.77,97.06,0.34,3.168,18.63,331.17,2840.68994140625,2705.19189453125,65.45999908447266,13.449999809265137,96.6500015258789,5.0,-0.08284133672714233
2018-08-17,3.72,20.432,49.26,13.97,95.44,0.339,3.129,18.57,333.27,2850.1298828125,2668.966064453125,65.91000366210938,12.640000343322754,96.0999984741211,5.0,-0.08499729633331299
2018-08-18,3.72,20.432,49.26,13.97,95.44,0.339,3.129,18.57,333.27,2850.1298828125,2668.966064453125,65.91000366210938,12.640000343322754,96.0999984741211,5.0,-0.09220831096172333
2018-08-19,3.72,20.432,49.26,13.97,95.44,0.339,3.129,18.57,333.27,2850.1298828125,2668.966064453125,65.91000366210938,12.640000343322754,96.0999984741211,5.0,-0.06722468137741089
2018-08-20,3.75,20.783,49.611,14.12,95.54,0.341,3.22,18.88,337.63,2857.050048828125,2698.466064453125,66.43000030517578,12.489999771118164,95.9000015258789,5.0,-0.06706687808036804
2018-08-21,3.79,20.478,49.576,14.32,94.84,0.349,3.255,19.14,338.21,2862.9599609375,2733.825927734375,67.3499984741211,12.859999656677246,95.26000213623048,5.0,-0.04961511865258217
2018-08-22,3.81,20.119,48.534,14.53,94.53,0.35,3.17,19.33,340.73,2861.820068359375,2714.60791015625,67.86000061035156,12.25,95.1500015258789,5.0,-0.03945641964673996
2018-08-23,3.81,20.084,48.047,14.18,93.77,0.345,3.214,18.68,338.6,2856.97998046875,2724.6240234375,67.83000183105469,12.40999984741211,95.62000274658205,5.0,-0.040128033608198166
2018-08-24,3.94,20.453,48.551,14.47,96.0,0.344,3.227,19.21,338.07,2874.68994140625,2729.430908203125,68.72000122070312,11.989999771118164,95.1500015258789,5.0,-0.0332905538380146
2018-08-25,3.94,20.453,48.551,14.47,96.0,0.344,3.227,19.21,338.07,2874.68994140625,2729.430908203125,68.72000122070312,11.989999771118164,95.1500015258789,5.0,-0.03252043575048447
2018-08-26,3.94,20.453,48.551,14.47,96.0,0.344,3.227,19.21,338.07,2874.68994140625,2729.430908203125,68.72000122070312,11.989999771118164,95.1500015258789,5.0,-0.04507742449641228
2018-08-27,3.94,20.453,48.551,14.47,96.0,0.344,3.227,19.21,350.44,2896.739990234375,2780.89892578125,68.87000274658203,12.15999984741211,94.77999877929688,5.0,-0.0385836623609066
2018-08-28,4.04,20.909,49.685,14.66,96.94,0.369,3.303,19.88,356.57,2897.52001953125,2777.98095703125,68.52999877929688,12.5,94.72000122070312,5.0,-0.014930575154721737
2018-08-29,4.05,21.094,49.583,14.67,96.72,0.375,3.229,19.75,352.8,2914.0400390625,2769.294921875,69.51000213623047,12.25,94.5999984741211,5.0,0.002751408377662301
2018-08-30,4.02,20.946,48.956,14.15,95.05,0.375,3.182,19.46,348.12,2901.1298828125,2737.737060546875,70.25,13.529999732971191,94.72000122070312,5.0,0.013955345377326012
2018-08-31,3.89,20.385,48.199,14.05,95.52,0.373,3.135,18.97,343.94,2901.52001953125,2725.25,69.80000305175781,12.859999656677246,95.13999938964844,5.0,0.019597923383116722
2018-09-01,3.89,20.385,48.199,14.05,95.52,0.373,3.135,18.97,343.94,2901.52001953125,2725.25,69.80000305175781,12.859999656677246,95.13999938964844,5.0,0.038875263184309006
2018-09-02,3.89,20.385,48.199,14.05,95.52,0.373,3.135,18.97,343.94,2901.52001953125,2725.25,69.80000305175781,12.859999656677246,95.13999938964844,5.0,0.0408160462975502
2018-09-03,3.9,20.322,47.695,14.05,95.52,0.368,3.156,19.2,341.07,2901.52001953125,2720.73388671875,69.80000305175781,12.859999656677246,95.13999938964844,5.0,0.027721207588911057
2018-09-04,3.83,20.269,47.226,13.48,96.57,0.366,3.123,18.89,336.42,2896.719970703125,2750.580078125,69.87000274658203,13.15999984741211,95.41999816894533,5.0,0.017326833680272102
2018-09-05,3.86,19.763,46.165,13.67,96.45,0.359,2.989,18.75,329.38,2888.60009765625,2704.3369140625,68.72000122070312,13.90999984741211,95.12999725341795,5.0,0.023500630632042885
2018-09-06,3.76,19.304,46.654,13.57,97.66,0.349,2.894,18.44,320.94,2878.050048828125,2691.593017578125,67.7699966430664,14.649999618530272,95.0199966430664,5.0,0.03192802146077156
2018-09-07,3.66,18.988,46.824,13.18,97.19,0.348,2.849,18.1,323.48,2871.679931640625,2702.301025390625,67.75,14.880000114440918,95.37000274658205,5.0,0.043589238077402115
2018-09-08,3.66,18.988,46.824,13.18,97.19,0.348,2.849,18.1,323.48,2871.679931640625,2702.301025390625,67.75,14.880000114440918,95.37000274658205,5.0,0.04417441040277481
2018-09-09,3.66,18.988,46.824,13.18,97.19,0.348,2.849,18.1,323.48,2871.679931640625,2702.301025390625,67.75,14.880000114440918,95.37000274658205,5.0,0.036279577761888504
2018-09-10,3.63,18.949,46.516,13.2,97.39,0.341,2.871,18.11,317.93,2877.1298828125,2669.485107421875,67.54000091552734,14.15999984741211,95.1500015258789,5.0,0.02971576154232025
2018-09-11,3.58,18.97,46.811,13.04,98.84,0.334,2.863,18.16,316.39,2887.889892578125,2664.800048828125,69.25,13.220000267028809,95.05999755859376,5.0,0.022460592910647392
2018-09-12,3.69,19.032,46.942,13.63,99.46,0.33,2.989,18.41,317.1,2888.919921875,2656.110107421875,70.37000274658203,13.140000343322754,94.8000030517578,5.0,0.019689219072461128
2018-09-13,3.76,19.224,47.901,13.58,100.61,0.34,3.005,18.8,320.86,2904.179931640625,2686.577880859375,68.58999633789062,12.369999885559082,94.54000091552734,5.0,0.007837017066776752
2018-09-14,3.77,19.423,48.201,13.69,100.9,0.342,2.974,19.17,324.59,2904.97998046875,2681.64306640625,68.98999786376953,12.06999969482422,94.9800033569336,5.0,-0.002259519649669528
2018-09-15,3.77,19.423,48.201,13.69,100.9,0.342,2.974,19.17,324.59,2904.97998046875,2681.64306640625,68.98999786376953,12.06999969482422,94.9800033569336,5.0,-0.008457173593342304
2018-09-16,3.77,19.423,48.201,13.69,100.9,0.342,2.974,19.17,324.59,2904.97998046875,2681.64306640625,68.98999786376953,12.06999969482422,94.9800033569336,5.0,-0.02999284863471985
2018-09-17,3.78,19.376,48.311,13.72,102.45,0.339,2.898,19.32,320.37,2888.800048828125,2651.7890625,68.91000366210938,13.68000030517578,94.51000213623048,5.0,-0.01126552652567625
2018-09-18,3.89,19.399,48.666,14.01,103.06,0.339,3.004,19.68,323.84,2904.31005859375,2699.949951171875,69.8499984741211,12.789999961853027,94.62000274658205,5.0,-0.012976296246051788
2018-09-19,4.02,20.09,50.469,14.3,105.49,0.349,2.991,20.66,328.99,2907.949951171875,2730.85009765625,71.12000274658203,11.75,94.5500030517578,5.0,-0.018368907272815704
2018-09-20,4.09,20.392,52.463,14.39,106.6,0.366,3.037,21.36,337.56,2930.75,2729.243896484375,70.80000305175781,11.800000190734863,93.91000366210938,5.0,-0.01842292584478855
2018-09-21,4.22,20.896,53.397,14.61,105.42,0.384,3.336,21.86,349.4,2929.669921875,2797.485107421875,70.77999877929688,11.68000030517578,94.22000122070312,5.0,-0.030707012861967087
2018-09-22,4.22,20.896,53.397,14.61,105.42,0.384,3.336,21.86,349.4,2929.669921875,2797.485107421875,70.77999877929688,11.68000030517578,94.22000122070312,5.0,-0.030883269384503365
2018-09-23,4.22,20.896,53.397,14.61,105.42,0.384,3.336,21.86,349.4,2929.669921875,2797.485107421875,70.77999877929688,11.68000030517578,94.22000122070312,5.0,-0.019956132397055626
2018-09-24,4.15,20.945,52.478,14.24,104.94,0.387,3.336,21.63,347.1,2919.3701171875,2797.485107421875,72.08000183105469,12.199999809265137,94.26000213623048,5.0,-0.019277511164546013
2018-09-25,4.31,21.106,52.858,14.49,102.53,0.387,3.403,21.94,344.61,2915.56005859375,2781.138916015625,72.27999877929688,12.420000076293944,94.12999725341795,5.0,-0.015768855810165405
2018-09-26,4.26,21.372,53.517,14.0,101.32,0.376,3.412,21.57,341.81,2905.969970703125,2806.81298828125,71.56999969482422,12.890000343322754,94.19000244140624,5.0,-0.014452904462814331
2018-09-27,4.14,21.212,52.616,13.87,100.95,0.379,3.397,21.35,338.62,2914.0,2791.77490234375,72.12000274658203,12.40999984741211,95.0,5.0,-0.0010465584928169847
2018-09-28,4.14,21.369,52.464,13.92,99.78,0.385,3.379,21.32,341.72,2913.97998046875,2821.35009765625,73.25,12.119999885559082,95.19000244140624,5.0,-0.0024070676881819963
2018-09-29,4.14,21.369,52.464,13.92,99.78,0.385,3.379,21.32,341.72,2913.97998046875,2821.35009765625,73.25,12.119999885559082,95.19000244140624,5.0,0.019997593015432358
2018-09-30,4.14,21.369,52.464,13.92,99.78,0.385,3.379,21.32,341.72,2913.97998046875,2821.35009765625,73.25,12.119999885559082,95.19000244140624,5.0,0.030670905485749245
2018-10-01,4.14,21.342,52.355,13.7,100.84,0.385,3.379,21.25,341.7,2924.590087890625,2821.35009765625,75.30000305175781,12.0,95.3000030517578,5.0,0.056626830250024796
2018-10-02,4.18,21.288,51.702,13.89,101.85,0.379,3.379,21.46,344.88,2923.429931640625,2821.35009765625,75.2300033569336,12.050000190734863,95.51000213623048,5.0,0.08132967352867126
2018-10-03,4.13,21.27,52.034,13.95,104.04,0.392,3.379,21.57,343.31,2925.510009765625,2821.35009765625,76.41000366210938,11.609999656677246,95.76000213623048,5.0,0.09770048409700394
2018-10-04,4.15,21.379,52.107,13.63,104.22,0.387,3.379,21.55,341.62,2901.610107421875,2821.35009765625,74.33000183105469,14.220000267028809,95.75,5.0,0.1020873486995697
2018-10-05,4.08,21.37,52.024,13.27,103.06,0.377,3.379,20.8,337.91,2885.570068359375,2821.35009765625,74.33999633789062,14.81999969482422,95.62000274658205,5.0,0.09563171118497849
2018-10-06,4.08,21.37,52.024,13.27,103.06,0.377,3.379,20.8,337.91,2885.570068359375,2821.35009765625,74.33999633789062,14.81999969482422,95.62000274658205,5.0,0.0882207453250885
2018-10-07,4.08,21.37,52.024,13.27,103.06,0.377,3.379,20.8,337.91,2885.570068359375,2821.35009765625,74.33999633789062,14.81999969482422,95.62000274658205,5.0,0.09730856865644455
2018-10-08,4.03,20.841,51.361,13.29,102.25,0.365,3.28,20.47,329.86,2884.429931640625,2716.510009765625,74.29000091552734,15.6899995803833,95.7699966430664,5.0,0.11048755794763565
2018-10-09,4.1,20.997,51.517,13.18,97.28,0.365,3.313,21.12,327.19,2880.340087890625,2721.012939453125,74.95999908447266,15.949999809265137,95.68000030517578,5.0,0.09154877811670303
2018-10-10,3.94,20.927,51.511,12.77,95.67,0.362,2.981,20.48,322.55,2785.679931640625,2725.8369140625,73.16999816894531,22.959999084472656,95.51000213623048,5.0,0.09794711321592331
2018-10-11,3.94,20.311,50.291,13.23,94.36,0.351,2.696,20.36,308.61,2728.3701171875,2583.4580078125,70.97000122070312,24.979999542236328,95.0199966430664,5.0,0.08700776845216751
2018-10-12,3.95,20.561,51.18,12.74,95.09,0.37,2.595,21.03,312.89,2767.1298828125,2606.9130859375,71.33999633789062,21.309999465942383,95.22000122070312,5.0,0.0802202895283699
2018-10-13,3.95,20.561,51.18,12.74,95.09,0.37,2.595,21.03,312.89,2767.1298828125,2606.9130859375,71.33999633789062,21.309999465942383,95.22000122070312,5.0,0.06906788051128387
2018-10-14,3.95,20.561,51.18,12.74,95.09,0.37,2.595,21.03,312.89,2767.1298828125,2606.9130859375,71.33999633789062,21.309999465942383,95.22000122070312,5.0,0.06998708844184875
2018-10-15,4.01,20.294,50.925,12.83,96.05,0.374,2.544,21.24,309.5,2750.7900390625,2568.097900390625,71.77999877929688,21.299999237060547,95.06999969482422,5.0,0.04914677515625954
2018-10-16,3.97,20.664,51.786,12.68,97.14,0.365,2.481,21.04,309.86,2809.919921875,2546.330078125,71.91999816894531,17.6200008392334,95.0500030517578,5.0,0.04744405671954155
2018-10-17,3.96,20.426,51.429,12.4,96.32,0.365,2.368,20.88,307.38,2809.2099609375,2561.614013671875,69.75,17.399999618530273,95.58000183105467,5.0,0.038655418902635574
2018-10-18,3.86,20.121,51.547,12.14,95.67,0.358,2.338,20.26,299.07,2768.780029296875,2486.4189453125,68.6500015258789,20.059999465942383,95.9000015258789,5.0,0.02387964352965355
2018-10-19,3.86,20.12,50.821,12.02,95.63,0.365,2.434,20.33,299.69,2767.780029296875,2550.465087890625,69.12000274658203,19.88999938964844,95.70999908447266,5.0,-0.0058987499214708805
2018-10-20,3.86,20.12,50.821,12.02,95.63,0.365,2.434,20.33,299.69,2767.780029296875,2550.465087890625,69.12000274658203,19.88999938964844,95.70999908447266,5.0,0.01563626155257225
2018-10-21,3.86,20.12,50.821,12.02,95.63,0.365,2.434,20.33,299.69,2767.780029296875,2550.465087890625,69.12000274658203,19.88999938964844,95.70999908447266,5.0,0.0002756962494459003
2018-10-22,3.85,20.04,51.069,12.0,97.26,0.378,2.571,20.47,305.33,2755.8798828125,2654.8759765625,69.16999816894531,19.63999938964844,96.01000213623048,5.0,0.002477010479196906
2018-10-23,3.73,19.831,50.707,11.61,96.16,0.376,2.439,20.0,296.67,2740.68994140625,2594.825927734375,66.43000030517578,20.709999084472656,95.95999908447266,5.0,-0.0006589710246771574
2018-10-24,3.67,19.324,50.085,10.7,93.64,0.374,2.457,19.65,294.94,2656.10009765625,2603.294921875,66.81999969482422,25.229999542236328,96.43000030517578,5.0,0.005825827829539776
2018-10-25,3.72,18.614,47.964,11.25,95.41,0.38,2.421,19.73,290.94,2705.570068359375,2603.800048828125,67.33000183105469,24.21999931335449,96.68000030517578,5.0,-0.0057706283405423164
2018-10-26,3.72,18.896,48.484,11.5,95.24,0.371,2.417,19.69,291.9,2658.68994140625,2598.846923828125,67.58999633789062,24.15999984741211,96.36000061035156,5.0,-0.0004482429940253496
2018-10-27,3.72,18.896,48.484,11.5,95.24,0.371,2.417,19.69,291.9,2658.68994140625,2598.846923828125,67.58999633789062,24.15999984741211,96.36000061035156,5.0,0.009298229590058327
2018-10-28,3.72,18.896,48.484,11.5,95.24,0.371,2.417,19.69,291.9,2658.68994140625,2598.846923828125,67.58999633789062,24.15999984741211,96.36000061035156,5.0,0.018677592277526855
2018-10-29,3.77,19.063,48.569,11.09,95.16,0.375,2.323,19.81,286.88,2641.25,2542.10302734375,67.04000091552734,24.700000762939453,96.58000183105467,5.0,0.027412252500653267
2018-10-30,3.7,19.544,50.091,11.41,97.12,0.372,2.391,19.56,291.37,2682.6298828125,2568.048095703125,66.18000030517578,23.350000381469727,97.01000213623048,5.0,0.0194172915071249
2018-10-31,3.9,19.45,49.801,11.65,99.22,0.371,2.417,20.31,301.15,2711.739990234375,2602.782958984375,65.30999755859375,21.229999542236328,97.12999725341795,5.0,0.03262990713119507
2018-11-01,4.09,20.366,51.792,12.28,105.42,0.373,2.454,21.24,311.64,2740.3701171875,2606.237060546875,63.68999862670898,19.34000015258789,96.27999877929688,5.0,0.043220825493335724
2018-11-02,3.97,20.583,51.98,12.24,106.44,0.385,2.63,21.15,324.57,2723.06005859375,2676.47607421875,63.13999938964844,19.51000022888184,96.54000091552734,5.0,0.04468189924955368
2018-11-03,3.97,20.583,51.98,12.24,106.44,0.385,2.63,21.15,324.57,2723.06005859375,2676.47607421875,63.13999938964844,19.51000022888184,96.54000091552734,5.0,0.054672930389642715
2018-11-04,3.97,20.583,51.98,12.24,106.44,0.385,2.63,21.15,324.57,2723.06005859375,2676.47607421875,63.13999938964844,19.51000022888184,96.54000091552734,5.0,0.04018646851181984
2018-11-05,4.01,20.378,52.891,12.22,106.21,0.381,2.608,21.24,324.84,2738.31005859375,2665.430908203125,63.09999847412109,19.959999084472656,96.3499984741211,5.0,0.04611140117049217
2018-11-06,3.91,20.754,54.257,12.2,107.79,0.386,2.522,21.14,331.83,2755.449951171875,2659.35595703125,62.209999084472656,19.90999984741211,96.31999969482422,5.0,0.044158801436424255
2018-11-07,3.97,20.735,54.467,12.33,107.99,0.382,2.565,21.59,337.98,2813.889892578125,2641.342041015625,61.66999816894531,16.360000610351562,96.0,5.0,0.03395618498325348
2018-11-08,3.98,20.647,54.486,11.93,105.87,0.379,2.509,21.72,335.33,2806.830078125,2635.632080078125,60.66999816894531,16.719999313354492,96.63999938964844,5.0,0.029805738478899002
2018-11-09,3.77,20.605,54.079,11.35,102.38,0.374,2.477,20.79,327.85,2781.010009765625,2598.8720703125,60.18999862670898,17.360000610351562,96.91000366210938,5.0,0.03842424228787422
2018-11-10,3.77,20.605,54.079,11.35,102.38,0.374,2.477,20.79,327.85,2781.010009765625,2598.8720703125,60.18999862670898,17.360000610351562,96.91000366210938,5.0,0.04242211952805519
2018-11-11,3.77,20.605,54.079,11.35,102.38,0.374,2.477,20.79,327.85,2781.010009765625,2598.8720703125,60.18999862670898,17.360000610351562,96.91000366210938,5.0,0.03441959619522095
2018-11-12,3.65,20.457,54.582,11.16,98.07,0.368,2.509,20.48,324.78,2726.219970703125,2630.52001953125,59.93000030517578,20.450000762939453,97.54000091552734,5.0,0.04150760918855667
2018-11-13,3.66,20.24,53.548,11.25,99.2,0.367,2.551,20.41,320.6,2722.179931640625,2654.8798828125,55.68999862670898,20.020000457763672,97.3000030517578,5.0,0.054847389459609985
2018-11-14,3.63,19.831,52.294,11.54,99.94,0.364,2.518,20.25,317.78,2701.580078125,2632.242919921875,56.25,21.25,96.8000030517578,5.0,0.06999453157186508
2018-11-15,3.64,19.902,52.196,11.96,102.7,0.363,2.564,20.42,321.33,2730.199951171875,2668.169921875,56.459999084472656,19.979999542236328,96.93000030517578,5.0,0.0664033591747284
2018-11-16,3.66,20.261,53.605,11.96,100.98,0.364,2.606,20.76,322.31,2736.27001953125,2679.110107421875,56.459999084472656,18.13999938964844,96.47000122070312,5.0,0.06455591320991516
2018-11-17,3.66,20.261,53.605,11.96,100.98,0.364,2.606,20.76,322.31,2736.27001953125,2679.110107421875,56.459999084472656,18.13999938964844,96.47000122070312,5.0,0.07202830165624619
2018-11-18,3.66,20.261,53.605,11.96,100.98,0.364,2.606,20.76,322.31,2736.27001953125,2679.110107421875,56.459999084472656,18.13999938964844,96.47000122070312,5.0,0.0627317950129509
2018-11-19,3.7,20.173,53.393,11.51,99.61,0.369,2.602,21.04,324.31,2690.72998046875,2703.511962890625,56.7599983215332,20.100000381469727,96.19000244140624,5.0,0.05185247212648392
2018-11-20,3.62,20.13,53.1,10.88,95.74,0.368,2.627,20.23,315.22,2641.889892578125,2645.85498046875,53.43000030517578,22.479999542236328,96.80999755859376,5.0,0.06721658259630203
2018-11-21,3.62,19.589,51.727,11.41,95.52,0.365,2.647,20.6,312.47,2649.929931640625,2651.5048828125,54.630001068115234,20.799999237060547,96.70999908447266,5.0,0.044121503829956055
2018-11-22,3.58,19.681,51.49,11.41,95.52,0.364,2.609,20.09,314.65,2649.929931640625,2645.43408203125,54.630001068115234,20.799999237060547,96.70999908447266,5.0,0.04656675457954407
2018-11-23,3.44,19.485,51.188,10.77,96.77,0.364,2.437,19.09,308.06,2632.56005859375,2579.48291015625,50.41999816894531,21.520000457763672,96.91999816894533,5.0,0.043293558061122894
2018-11-24,3.44,19.485,51.188,10.77,96.77,0.364,2.437,19.09,308.06,2632.56005859375,2579.48291015625,50.41999816894531,21.520000457763672,96.91999816894533,5.0,0.05316607281565666
2018-11-25,3.44,19.485,51.188,10.77,96.77,0.364,2.437,19.09,308.06,2632.56005859375,2579.48291015625,50.41999816894531,21.520000457763672,96.91999816894533,5.0,0.08225443214178085
2018-11-26,3.52,18.757,49.272,11.09,96.61,0.363,2.409,19.04,301.92,2673.449951171875,2575.81005859375,51.630001068115234,18.899999618530277,97.06999969482422,5.0,0.08876851201057434
2018-11-27,3.45,19.036,48.993,11.24,95.43,0.363,2.474,18.63,302.62,2682.169921875,2574.678955078125,51.560001373291016,19.020000457763672,97.37000274658205,5.0,0.08345848321914673
2018-11-28,3.52,19.087,48.465,11.97,96.62,0.363,2.532,18.99,308.92,2743.7900390625,2601.737060546875,50.290000915527344,18.489999771118164,96.79000091552734,5.0,0.08754661679267883
2018-11-29,3.59,19.355,49.401,11.82,96.42,0.373,2.445,19.57,310.63,2737.800048828125,2567.443115234375,51.45000076293945,18.790000915527344,96.77999877929688,5.0,0.08176592737436295
2018-11-30,3.54,19.166,49.401,11.94,96.32,0.377,2.598,18.96,311.56,2760.169921875,2588.18798828125,50.93000030517578,18.06999969482422,97.2699966430664,5.0,0.08073285967111588
2018-12-01,3.54,19.166,49.401,11.94,96.32,0.377,2.598,18.96,311.56,2760.169921875,2588.18798828125,50.93000030517578,18.06999969482422,97.2699966430664,5.0,0.08647684752941132
2018-12-02,3.54,19.166,49.401,11.94,96.32,0.377,2.598,18.96,311.56,2760.169921875,2588.18798828125,50.93000030517578,18.06999969482422,97.2699966430664,5.0,0.08842960000038147
2018-12-03,3.66,19.98,50.83,12.09,98.46,0.38,2.687,20.24,321.24,2790.3701171875,2654.798095703125,52.95000076293945,16.440000534057617,97.04000091552734,5.0,0.09157417714595795
2018-12-04,3.62,19.806,49.705,11.5,93.19,0.381,2.676,20.05,315.46,2700.06005859375,2665.9580078125,53.25,20.739999771118164,96.97000122070312,5.0,0.08712100237607956
2018-12-05,3.48,19.75,49.372,11.5,93.19,0.378,2.757,19.65,306.49,2700.06005859375,2649.804931640625,53.25,20.739999771118164,96.97000122070312,5.0,0.09103897958993912
2018-12-06,3.32,19.395,48.148,11.15,91.19,0.371,2.706,18.89,298.41,2695.949951171875,2605.180908203125,51.4900016784668,21.190000534057617,96.80999755859376,5.0,0.0776367112994194
2018-12-07,3.4,19.163,47.981,10.92,88.65,0.37,2.672,19.43,297.5,2633.080078125,2605.887939453125,52.61000061035156,23.229999542236328,96.51000213623048,5.0,0.062074046581983566
2018-12-08,3.4,19.163,47.981,10.92,88.65,0.37,2.672,19.43,297.5,2633.080078125,2605.887939453125,52.61000061035156,23.229999542236328,96.51000213623048,5.0,0.049564801156520844
2018-12-09,3.4,19.163,47.981,10.92,88.65,0.37,2.672,19.43,297.5,2633.080078125,2605.887939453125,52.61000061035156,23.229999542236328,96.51000213623048,5.0,0.06845375895500183
2018-12-10,3.3,19.204,47.669,10.69,89.04,0.372,2.63,18.78,283.17,2637.719970703125,2584.58203125,51.0,22.63999938964844,97.22000122070312,5.0,0.05957323685288429
2018-12-11,3.39,19.514,48.399,10.76,89.08,0.375,2.641,19.7,282.22,2636.780029296875,2594.087890625,51.650001525878906,21.76000022888184,97.38999938964844,5.0,0.03294924646615982
2018-12-12,3.53,19.839,49.298,11.07,88.78,0.375,2.668,20.14,286.89,2651.070068359375,2602.153076171875,51.150001525878906,21.459999084472656,97.04000091552734,5.0,0.021212277933955193
2018-12-13,3.58,20.241,50.405,10.92,87.94,0.383,2.645,20.57,287.28,2650.5400390625,2634.049072265625,52.58000183105469,20.649999618530277,97.05999755859376,5.0,0.01052752137184143
2018-12-14,3.49,19.849,49.316,10.57,84.97,0.38,2.53,20.25,281.02,2599.949951171875,2593.740966796875,51.20000076293945,21.6299991607666,97.44000244140624,5.0,0.009294731542468071
2018-12-15,3.49,19.849,49.316,10.57,84.97,0.38,2.53,20.25,281.02,2599.949951171875,2593.740966796875,51.20000076293945,21.6299991607666,97.44000244140624,5.0,0.00673959543928504
2018-12-16,3.49,19.849,49.316,10.57,84.97,0.38,2.53,20.25,281.02,2599.949951171875,2593.740966796875,51.20000076293945,21.6299991607666,97.44000244140624,5.0,0.00851377658545971
2018-12-17,3.54,20.53,50.346,10.59,80.51,0.39,2.531,20.47,280.58,2545.93994140625,2597.97412109375,49.880001068115234,24.520000457763672,97.0999984741211,5.0,0.004857183899730444
2018-12-18,3.49,20.535,50.322,10.6,81.03,0.395,2.563,20.56,276.99,2546.159912109375,2576.64990234375,46.2400016784668,25.57999992370605,97.13999938964844,5.0,-0.012698969803750515
2018-12-19,3.55,20.32,50.171,10.18,79.8,0.402,2.511,20.99,273.22,2506.9599609375,2549.56298828125,47.20000076293945,25.57999992370605,97.04000091552734,5.0,-0.012124884873628616
2018-12-20,3.45,19.798,49.209,10.24,76.16,0.397,2.51,20.47,263.89,2467.419921875,2536.26806640625,45.880001068115234,28.3799991607666,96.27999877929688,5.0,-0.02697015181183815
2018-12-21,3.47,20.027,49.032,10.05,74.84,0.392,2.386,21.01,254.63,2416.6201171875,2516.2509765625,45.59000015258789,30.11000061035156,96.95999908447266,5.0,-0.04017215967178345
2018-12-22,3.47,20.027,49.032,10.05,74.84,0.392,2.386,21.01,254.63,2416.6201171875,2516.2509765625,45.59000015258789,30.11000061035156,96.95999908447266,5.0,-0.04071834310889244
2018-12-23,3.47,20.027,49.032,10.05,74.84,0.392,2.386,21.01,254.63,2416.6201171875,2516.2509765625,45.59000015258789,30.11000061035156,96.95999908447266,5.0,-0.03901691362261772
2018-12-24,3.5,20.183,50.221,9.78,73.13,0.391,2.391,21.01,252.85,2351.10009765625,2527.007080078125,42.52999877929688,36.06999969482422,96.5500030517578,5.0,-0.034473080188035965
2018-12-25,3.5,20.183,50.221,9.78,73.13,0.391,2.391,21.01,249.75,2351.10009765625,2504.819091796875,42.52999877929688,36.06999969482422,96.5500030517578,5.0,-0.06037227436900139
2018-12-26,3.5,20.183,50.221,9.78,73.13,0.391,2.391,21.01,250.32,2467.699951171875,2498.2939453125,46.220001220703125,30.40999984741211,97.0500030517578,5.0,-0.0731402114033699
2018-12-27,3.42,20.505,50.336,10.67,77.22,0.382,2.288,20.58,250.51,2488.830078125,2483.0859375,44.61000061035156,29.959999084472656,96.4800033569336,5.0,-0.06661755591630936
2018-12-28,3.53,20.408,50.665,10.47,76.74,0.382,2.294,21.16,253.95,2485.739990234375,2493.89599609375,45.33000183105469,28.34000015258789,96.38999938964844,5.0,-0.07011635601520538
2018-12-29,3.53,20.408,50.665,10.47,76.74,0.382,2.294,21.16,253.95,2485.739990234375,2493.89599609375,45.33000183105469,28.34000015258789,96.38999938964844,5.0,-0.0718478113412857
2018-12-30,3.53,20.408,50.665,10.47,76.74,0.382,2.294,21.16,253.95,2485.739990234375,2493.89599609375,45.33000183105469,28.34000015258789,96.38999938964844,5.0,-0.0597279816865921
2018-12-31,3.56,20.599,50.976,10.31,77.07,0.379,2.294,21.17,257.04,2506.85009765625,2493.89599609375,45.40999984741211,25.420000076293945,96.16999816894533,5.0,-0.05537706986069679
2019-01-01,3.56,20.599,50.976,10.31,77.07,0.379,2.294,21.17,257.04,2506.85009765625,2493.89599609375,45.40999984741211,25.420000076293945,96.16999816894533,4.0,-0.0680222436785698
2019-01-02,3.41,20.081,49.335,10.36,78.11,0.36,2.286,20.48,256.79,2510.030029296875,2465.291015625,46.540000915527344,23.21999931335449,96.81999969482422,4.0,-0.07872074097394943
2019-01-03,3.25,20.142,49.483,10.07,72.69,0.356,2.285,20.09,258.5,2447.889892578125,2464.363037109375,47.09000015258789,25.450000762939453,96.30999755859376,4.0,-0.09173016995191574
2019-01-04,3.46,20.267,50.357,10.82,76.24,0.359,2.352,21.23,264.2,2531.93994140625,2514.867919921875,47.959999084472656,21.3799991607666,96.19000244140624,4.0,-0.0918966606259346
2019-01-05,3.46,20.267,50.357,10.82,76.24,0.359,2.352,21.23,264.2,2531.93994140625,2514.867919921875,47.959999084472656,21.3799991607666,96.19000244140624,4.0,-0.09013335406780243
2019-01-06,3.46,20.267,50.357,10.82,76.24,0.359,2.352,21.23,264.2,2531.93994140625,2514.867919921875,47.959999084472656,21.3799991607666,96.19000244140624,4.0,-0.08433878421783447
2019-01-07,3.52,20.983,51.968,11.0,76.58,0.356,2.382,21.49,271.82,2549.68994140625,2533.089111328125,48.52000045776367,21.399999618530277,95.70999908447266,4.0,-0.0730249285697937
2019-01-08,3.52,20.984,52.173,11.2,77.33,0.352,2.379,21.19,273.17,2574.409912109375,2526.4619140625,49.77999877929688,20.46999931335449,95.9000015258789,4.0,-0.06678640842437744
2019-01-09,3.59,20.996,52.876,11.51,76.84,0.356,2.364,21.93,276.41,2584.9599609375,2544.344970703125,52.36000061035156,19.979999542236328,95.22000122070312,4.0,-0.07143843173980713
2019-01-10,3.6,21.201,53.059,11.51,77.27,0.36,2.355,21.89,274.54,2596.639892578125,2535.09912109375,52.59000015258789,19.5,95.54000091552734,4.0,-0.08224225789308548
2019-01-11,3.63,21.065,52.961,11.6,77.41,0.357,2.371,22.13,274.68,2596.260009765625,2553.8310546875,51.59000015258789,18.190000534057617,95.66999816894533,4.0,-0.09001319855451584
2019-01-12,3.63,21.065,52.961,11.6,77.41,0.357,2.371,22.13,274.68,2596.260009765625,2553.8310546875,51.59000015258789,18.190000534057617,95.66999816894533,4.0,-0.09788201004266739
2019-01-13,3.63,21.065,52.961,11.6,77.41,0.357,2.371,22.13,274.68,2596.260009765625,2553.8310546875,51.59000015258789,18.190000534057617,95.66999816894533,4.0,-0.08408789336681366
2019-01-14,3.59,20.955,52.649,11.55,76.97,0.354,2.355,21.77,273.19,2582.610107421875,2535.764892578125,50.5099983215332,19.06999969482422,95.58999633789062,4.0,-0.09725693613290787
2019-01-15,3.59,21.194,53.084,11.57,73.64,0.357,2.399,21.92,274.91,2610.300048828125,2570.344970703125,52.11000061035156,18.600000381469727,95.97000122070312,4.0,-0.0964849665760994
2019-01-16,3.55,21.011,52.595,11.89,73.93,0.351,2.373,21.82,269.93,2616.10009765625,2570.422119140625,52.310001373291016,19.040000915527344,96.05999755859376,4.0,-0.087255097925663
2019-01-17,3.61,21.046,53.282,12.13,75.29,0.349,2.325,22.07,271.63,2635.9599609375,2559.636962890625,52.06999969482422,18.059999465942383,96.06999969482422,4.0,-0.09601353853940964
2019-01-18,3.67,21.129,53.27,12.56,76.63,0.349,2.363,22.26,274.69,2670.7099609375,2596.006103515625,53.79999923706055,17.799999237060547,96.33999633789062,4.0,-0.0907389372587204
2019-01-19,3.67,21.129,53.27,12.56,76.63,0.349,2.363,22.26,274.69,2670.7099609375,2596.006103515625,53.79999923706055,17.799999237060547,96.33999633789062,4.0,-0.08153122663497925
2019-01-20,3.67,21.129,53.27,12.56,76.63,0.349,2.363,22.26,274.69,2670.7099609375,2596.006103515625,53.79999923706055,17.799999237060547,96.33999633789062,4.0,-0.07329043745994568
2019-01-21,3.65,21.16,53.11,12.56,76.63,0.349,2.4,22.22,273.62,2670.7099609375,2610.509033203125,53.79999923706055,17.799999237060547,96.33999633789062,4.0,-0.07045289129018784
2019-01-22,3.6,20.781,52.515,12.38,75.37,0.345,2.36,22.1,268.37,2632.89990234375,2579.7041015625,52.56999969482422,20.799999237060547,96.3000030517578,4.0,-0.09154143184423447
2019-01-23,3.59,20.747,52.385,12.31,73.92,0.344,2.394,22.34,265.59,2638.699951171875,2581.00390625,52.619998931884766,19.520000457763672,96.12000274658205,4.0,-0.10537062585353851
2019-01-24,3.6,20.604,52.041,10.7,74.02,0.352,2.384,22.24,264.17,2642.330078125,2591.694091796875,53.130001068115234,18.88999938964844,96.5999984741211,4.0,-0.11117199808359146
2019-01-25,3.76,21.135,53.262,11.24,76.58,0.351,2.414,23.38,269.71,2664.760009765625,2601.722900390625,53.68999862670898,17.420000076293945,95.79000091552734,4.0,-0.10564450919628143
2019-01-26,3.76,21.135,53.262,11.24,76.58,0.351,2.414,23.38,269.71,2664.760009765625,2601.722900390625,53.68999862670898,17.420000076293945,95.79000091552734,4.0,-0.08546773344278336
2019-01-27,3.76,21.135,53.262,11.24,76.58,0.351,2.414,23.38,269.71,2664.760009765625,2601.722900390625,53.68999862670898,17.420000076293945,95.79000091552734,4.0,-0.08392065763473511
2019-01-28,3.67,21.135,53.262,10.28,77.09,0.358,2.367,23.3,269.04,2643.85009765625,2596.97705078125,51.9900016784668,18.8700008392334,95.75,4.0,-0.0921316146850586
2019-01-29,3.72,21.489,55.064,10.45,78.32,0.361,2.249,22.97,265.38,2640.0,2594.25390625,53.310001373291016,19.1299991607666,95.81999969482422,4.0,-0.10531353950500488
2019-01-30,3.83,22.323,58.298,11.27,80.21,0.363,2.207,23.65,268.32,2681.050048828125,2575.575927734375,54.22999954223633,17.65999984741211,95.33999633789062,4.0,-0.10881330072879791
2019-01-31,3.88,22.552,58.339,11.64,80.73,0.372,2.074,24.17,272.49,2704.10009765625,2584.572021484375,53.790000915527344,16.56999969482422,95.58000183105467,4.0,-0.11049694567918777
2019-02-01,3.84,22.591,58.502,11.51,81.3,0.379,2.142,24.66,272.78,2706.530029296875,2618.23193359375,55.2599983215332,16.139999389648438,95.58000183105467,5.0,-0.0949336439371109
2019-02-02,3.84,22.591,58.502,11.51,81.3,0.379,2.142,24.66,272.78,2706.530029296875,2618.23193359375,55.2599983215332,16.139999389648438,95.58000183105467,5.0,-0.07737258821725845
2019-02-03,3.84,22.591,58.502,11.51,81.3,0.379,2.142,24.66,272.78,2706.530029296875,2618.23193359375,55.2599983215332,16.139999389648438,95.58000183105467,5.0,-0.05668243020772934
2019-02-04,3.77,22.513,57.701,11.86,81.94,0.376,2.142,24.26,272.35,2724.8701171875,2618.23193359375,54.560001373291016,15.729999542236328,95.8499984741211,5.0,-0.04728102684020996
2019-02-05,3.76,22.795,59.508,11.87,81.32,0.376,2.142,24.21,273.54,2737.699951171875,2618.23193359375,53.65999984741211,15.56999969482422,96.0999984741211,5.0,-0.03682895749807358
2019-02-06,3.78,22.756,59.556,11.91,82.19,0.376,2.142,24.17,273.4,2731.610107421875,2618.23193359375,54.0099983215332,15.380000114440918,96.41999816894533,5.0,-0.03244670107960701
2019-02-07,3.69,22.673,60.321,11.86,80.64,0.376,2.142,23.97,270.55,2706.050048828125,2618.23193359375,52.63999938964844,16.3700008392334,96.51000213623048,5.0,-0.030159158632159233
2019-02-08,3.62,22.297,59.162,11.61,81.01,0.378,2.142,23.79,267.43,2707.8798828125,2618.23193359375,52.720001220703125,15.720000267028809,96.63999938964844,5.0,-0.026697197929024696
2019-02-09,3.62,22.297,59.162,11.61,81.01,0.378,2.142,23.79,267.43,2707.8798828125,2618.23193359375,52.720001220703125,15.720000267028809,96.63999938964844,5.0,-0.0187254436314106
2019-02-10,3.62,22.297,59.162,11.61,81.01,0.378,2.142,23.79,267.43,2707.8798828125,2618.23193359375,52.720001220703125,15.720000267028809,96.63999938964844,5.0,-0.0002707926614675671
2019-02-11,3.57,22.652,59.981,11.53,80.86,0.376,2.299,23.34,267.96,2709.800048828125,2653.89599609375,52.40999984741211,15.970000267028809,97.05999755859376,5.0,-0.006752723827958107
2019-02-12,3.6,22.913,60.152,11.49,80.45,0.376,2.332,23.29,273.27,2744.72998046875,2671.89404296875,53.09999847412109,15.43000030517578,96.70999908447266,5.0,-0.014778862707316875
2019-02-13,3.67,22.771,59.483,12.29,81.73,0.385,2.451,23.68,273.66,2753.030029296875,2721.068115234375,53.900001525878906,15.649999618530272,97.12999725341795,5.0,-0.007469857111573219
2019-02-14,3.64,23.199,60.175,12.16,80.42,0.387,2.463,23.41,271.66,2745.72998046875,2719.699951171875,54.40999984741211,16.219999313354492,96.9800033569336,5.0,-0.018130958080291748
2019-02-15,3.75,23.182,60.068,12.28,81.37,0.385,2.452,23.88,274.58,2775.60009765625,2682.385009765625,55.59000015258789,14.90999984741211,96.91999816894533,5.0,-0.015438931994140148
2019-02-16,3.75,23.182,60.068,12.28,81.37,0.385,2.452,23.88,274.58,2775.60009765625,2682.385009765625,55.59000015258789,14.90999984741211,96.91999816894533,5.0,-0.019871992990374565
2019-02-17,3.75,23.182,60.068,12.28,81.37,0.385,2.452,23.88,274.58,2775.60009765625,2682.385009765625,55.59000015258789,14.90999984741211,96.91999816894533,5.0,-0.003271436784416437
2019-02-18,3.75,23.49,60.847,12.28,81.37,0.406,2.543,23.83,278.84,2775.60009765625,2754.35693359375,55.59000015258789,14.90999984741211,96.91999816894533,5.0,0.0030571352690458298
2019-02-19,3.79,23.605,61.076,13.09,83.13,0.4,2.516,24.24,277.62,2779.760009765625,2755.64599609375,56.09000015258789,14.880000114440918,96.5199966430664,5.0,0.012282012030482292
2019-02-20,3.88,24.198,62.673,13.35,82.81,0.433,2.605,25.03,284.43,2784.699951171875,2761.218994140625,56.91999816894531,14.020000457763672,96.4499969482422,5.0,0.019080452620983124
2019-02-21,3.75,23.901,61.889,13.02,89.26,0.433,2.589,24.66,283.52,2774.8798828125,2751.801025390625,56.959999084472656,14.460000038146973,96.61000061035156,5.0,0.035035815089941025
2019-02-22,3.86,23.918,62.201,13.22,89.18,0.433,2.613,25.49,287.1,2792.669921875,2804.22607421875,57.2599983215332,13.510000228881836,96.51000213623048,5.0,0.03816508874297142
2019-02-23,3.86,23.918,62.201,13.22,89.18,0.433,2.613,25.49,287.1,2792.669921875,2804.22607421875,57.2599983215332,13.510000228881836,96.51000213623048,5.0,0.04232402890920639
2019-02-24,3.86,23.918,62.201,13.22,89.18,0.433,2.613,25.49,287.1,2792.669921875,2804.22607421875,57.2599983215332,13.510000228881836,96.51000213623048,5.0,0.06176697835326195
2019-02-25,3.83,24.262,62.816,13.26,91.57,0.446,2.864,25.35,299.84,2796.110107421875,2961.282958984375,55.47999954223633,14.850000381469728,96.41000366210938,5.0,0.052632011473178864
2019-02-26,3.89,24.026,62.623,13.18,91.0,0.437,2.958,25.81,303.9,2793.89990234375,2941.51611328125,55.5,15.170000076293944,96.0,5.0,0.052591472864151
2019-02-27,3.93,23.948,62.573,13.16,92.28,0.437,2.882,25.65,302.25,2792.3798828125,2953.823974609375,56.93999862670898,14.699999809265137,96.1500015258789,5.0,0.055769551545381546
2019-02-28,3.86,23.516,62.867,12.9,91.29,0.428,2.874,25.23,298.33,2784.489990234375,2940.9541015625,57.220001220703125,14.779999732971191,96.16000366210938,5.0,0.05960587039589882
2019-03-01,3.85,23.438,61.934,12.87,90.79,0.431,2.872,25.07,297.18,2803.68994140625,2994.0048828125,55.79999923706055,13.56999969482422,96.52999877929688,5.0,0.07199244201183319
2019-03-02,3.85,23.438,61.934,12.87,90.79,0.431,2.872,25.07,297.18,2803.68994140625,2994.0048828125,55.79999923706055,13.56999969482422,96.52999877929688,5.0,0.0890394002199173
2019-03-03,3.85,23.438,61.934,12.87,90.79,0.431,2.872,25.07,297.18,2803.68994140625,2994.0048828125,55.79999923706055,13.56999969482422,96.52999877929688,5.0,0.10043853521347046
2019-03-04,3.85,23.756,63.026,12.78,88.49,0.427,2.893,25.12,296.46,2792.81005859375,3027.575927734375,56.59000015258789,14.630000114440918,96.68000030517578,5.0,0.11636378616094589
2019-03-05,3.86,23.521,62.402,12.84,87.93,0.42,2.928,25.25,293.81,2789.64990234375,3054.2470703125,56.560001373291016,14.739999771118164,96.8499984741211,5.0,0.13034065067768097
2019-03-06,3.9,23.555,62.635,12.54,86.37,0.428,3.022,25.5,298.59,2771.449951171875,3102.09912109375,56.220001220703125,15.739999771118164,96.87000274658205,5.0,0.1315305233001709
2019-03-07,3.8,23.335,61.654,12.31,84.6,0.423,3.008,25.26,300.96,2748.929931640625,3106.41796875,56.65999984741211,16.59000015258789,97.66999816894533,5.0,0.12277533859014511
2019-03-08,3.7,23.134,60.959,12.09,82.97,0.406,2.757,24.56,287.84,2743.070068359375,2969.861083984375,56.06999969482422,16.049999237060547,97.37000274658205,5.0,0.1166197806596756
2019-03-09,3.7,23.134,60.959,12.09,82.97,0.406,2.757,24.56,287.84,2743.070068359375,2969.861083984375,56.06999969482422,16.049999237060547,97.37000274658205,5.0,0.10839971154928207
2019-03-10,3.7,23.134,60.959,12.09,82.97,0.406,2.757,24.56,287.84,2743.070068359375,2969.861083984375,56.06999969482422,16.049999237060547,97.37000274658205,5.0,0.10112715512514114
2019-03-11,3.8,22.987,60.755,12.36,85.51,0.409,2.851,25.02,291.85,2783.300048828125,3026.992919921875,56.790000915527344,14.329999923706056,97.22000122070312,5.0,0.1017325222492218
2019-03-12,3.81,23.268,61.62,12.65,85.47,0.422,2.87,24.79,290.76,2791.52001953125,3060.306884765625,56.869998931884766,13.770000457763672,96.94000244140624,5.0,0.10289598256349564
2019-03-13,3.92,23.286,61.585,12.66,86.21,0.414,3.157,25.54,291.29,2810.919921875,3026.950927734375,58.2599983215332,13.40999984741211,96.5500030517578,5.0,0.1053566187620163
2019-03-14,3.88,23.373,61.913,12.32,84.73,0.411,3.287,24.43,290.5,2808.47998046875,2990.68505859375,58.61000061035156,13.5,96.79000091552734,5.0,0.10133145749568939
2019-03-15,3.89,23.02,62.033,12.35,85.42,0.414,3.302,24.47,292.5,2822.47998046875,3021.7509765625,58.52000045776367,12.880000114440918,96.5999984741211,5.0,0.10098680108785629
2019-03-16,3.89,23.02,62.033,12.35,85.42,0.414,3.302,24.47,292.5,2822.47998046875,3021.7509765625,58.52000045776367,12.880000114440918,96.5999984741211,5.0,0.12643684446811676
2019-03-17,3.89,23.02,62.033,12.35,85.42,0.414,3.302,24.47,292.5,2822.47998046875,3021.7509765625,58.52000045776367,12.880000114440918,96.5999984741211,5.0,0.11588890850543976
2019-03-18,3.94,23.385,63.196,12.62,86.43,0.413,3.348,24.91,295.63,2832.93994140625,3096.41796875,59.09000015258789,13.100000381469728,96.5199966430664,5.0,0.1315828263759613
2019-03-19,4.07,23.72,64.132,12.68,85.23,0.411,3.25,25.27,296.45,2832.570068359375,3090.97509765625,59.02999877929688,13.5600004196167,96.37999725341795,5.0,0.14479969441890717
2019-03-20,4.0,23.567,62.577,12.82,84.44,0.41,3.202,24.98,294.86,2824.22998046875,3090.639892578125,59.83000183105469,13.90999984741211,95.76000213623048,5.0,0.15257906913757324
2019-03-21,4.0,23.858,63.5,12.92,85.51,0.433,3.205,25.12,294.36,2854.8798828125,3101.455078125,59.97999954223633,13.630000114440918,96.5,5.0,0.14961259067058563
2019-03-22,3.94,23.716,63.694,12.18,82.72,0.423,3.146,24.61,290.04,2800.7099609375,3104.14892578125,59.040000915527344,16.479999542236328,96.6500015258789,5.0,0.13220782577991486
2019-03-23,3.94,23.716,63.694,12.18,82.72,0.423,3.146,24.61,290.04,2800.7099609375,3104.14892578125,59.040000915527344,16.479999542236328,96.6500015258789,5.0,0.11056943982839584
2019-03-24,3.94,23.716,63.694,12.18,82.72,0.423,3.146,24.61,290.04,2800.7099609375,3104.14892578125,59.040000915527344,16.479999542236328,96.6500015258789,5.0,0.11239709705114365
2019-03-25,3.92,23.509,63.249,12.38,81.58,0.414,3.061,24.53,282.7,2798.360107421875,3043.031005859375,58.81999969482422,16.329999923706055,96.56999969482422,5.0,0.09582177549600601
2019-03-26,3.9,23.852,63.91,12.7,81.04,0.42,3.07,25.0,288.1,2818.4599609375,2997.094970703125,59.93999862670898,14.68000030517578,96.73999786376952,5.0,0.08748455345630646
2019-03-27,3.9,23.906,64.429,12.71,80.15,0.418,2.932,24.83,287.19,2805.3701171875,3022.719970703125,59.40999984741211,15.149999618530272,96.7699966430664,5.0,0.08116928488016129
2019-03-28,3.89,24.09,65.145,12.73,81.17,0.413,2.831,24.67,286.12,2815.43994140625,2994.943115234375,59.29999923706055,14.43000030517578,97.1999969482422,5.0,0.07031165063381195
2019-03-29,3.97,24.312,66.336,12.89,81.98,0.414,2.936,25.41,291.84,2834.39990234375,3090.758056640625,60.13999938964844,13.710000038146973,97.27999877929688,5.0,0.06339164078235626
2019-03-30,3.97,24.312,66.336,12.89,81.98,0.414,2.936,25.41,291.84,2834.39990234375,3090.758056640625,60.13999938964844,13.710000038146973,97.27999877929688,5.0,0.04141306132078171
2019-03-31,3.97,24.312,66.336,12.89,81.98,0.414,2.936,25.41,291.84,2834.39990234375,3090.758056640625,60.13999938964844,13.710000038146973,97.27999877929688,5.0,0.03635915368795395
2019-04-01,4.09,24.725,67.595,13.1,84.2,0.429,3.085,26.14,299.44,2867.18994140625,3170.361083984375,61.59000015258789,13.399999618530272,97.25,5.0,0.03270835056900978
2019-04-02,4.12,24.57,66.463,13.12,82.9,0.428,3.16,26.63,301.09,2867.239990234375,3176.822998046875,62.58000183105469,13.359999656677246,97.36000061035156,5.0,0.032504934817552567
2019-04-03,4.2,25.273,68.141,13.16,84.21,0.442,3.14,27.05,303.74,2873.39990234375,3216.294921875,62.459999084472656,13.739999771118164,97.08999633789062,5.0,0.033290836960077286
2019-04-04,4.12,24.959,67.663,13.56,85.55,0.446,3.131,26.54,304.67,2879.389892578125,3246.571044921875,62.09999847412109,13.579999923706056,97.30999755859376,5.0,0.048507314175367355
2019-04-05,4.15,24.812,67.796,13.33,86.14,0.446,3.131,27.04,304.16,2892.739990234375,3246.571044921875,63.08000183105469,12.81999969482422,97.4000015258789,5.0,0.05623145028948784
2019-04-06,4.15,24.812,67.796,13.33,86.14,0.446,3.131,27.04,304.16,2892.739990234375,3246.571044921875,63.08000183105469,12.81999969482422,97.4000015258789,5.0,0.07644255459308624
2019-04-07,4.15,24.812,67.796,13.33,86.14,0.446,3.131,27.04,304.16,2892.739990234375,3246.571044921875,63.08000183105469,12.81999969482422,97.4000015258789,5.0,0.0808807834982872
2019-04-08,4.14,25.31,69.065,13.74,86.94,0.455,3.198,27.37,304.52,2895.77001953125,3244.81005859375,64.4000015258789,13.18000030517578,97.0500030517578,5.0,0.08641500771045685
2019-04-09,4.13,25.385,69.094,13.38,84.78,0.445,3.127,27.46,301.3,2878.199951171875,3239.6640625,63.97999954223633,14.279999732971191,97.01000213623048,5.0,0.07639572024345398
2019-04-10,4.15,25.466,69.731,13.49,85.55,0.44,3.113,27.67,300.81,2888.2099609375,3241.929931640625,64.61000061035156,13.300000190734863,96.9499969482422,5.0,0.06711666285991669
2019-04-11,4.03,25.141,68.355,13.41,82.71,0.431,3.173,27.18,296.51,2888.320068359375,3189.9619140625,63.58000183105469,13.020000457763672,97.18000030517578,5.0,0.059637054800987244
2019-04-12,4.16,25.272,68.83,13.7,83.66,0.425,3.039,27.45,298.5,2907.409912109375,3188.6259765625,63.88999938964844,12.010000228881836,96.97000122070312,5.0,0.06725355237722397
2019-04-13,4.16,25.272,68.83,13.7,83.66,0.425,3.039,27.45,298.5,2907.409912109375,3188.6259765625,63.88999938964844,12.010000228881836,96.97000122070312,5.0,0.07687952369451523
2019-04-14,4.16,25.272,68.83,13.7,83.66,0.425,3.039,27.45,298.5,2907.409912109375,3188.6259765625,63.88999938964844,12.010000228881836,96.97000122070312,5.0,0.08554752171039581
2019-04-15,4.14,25.254,69.02,13.69,82.26,0.425,2.974,26.93,296.78,2905.580078125,3177.787109375,63.400001525878906,12.31999969482422,96.94000244140624,5.0,0.10836193710565567
2019-04-16,4.17,25.152,69.348,14.16,83.21,0.44,3.056,26.96,301.18,2907.06005859375,3253.597900390625,64.05000305175781,12.18000030517578,97.04000091552734,5.0,0.10676494240760803
2019-04-17,4.25,24.479,66.086,14.2,82.1,0.437,3.137,26.77,300.68,2900.449951171875,3263.117919921875,63.7599983215332,12.600000381469728,97.01000213623048,5.0,0.11486788839101791
2019-04-18,4.21,24.339,66.743,14.0,82.57,0.432,3.053,26.77,295.14,2905.030029296875,3250.200927734375,64.0,12.09000015258789,97.47000122070312,5.0,0.12371239811182022
2019-04-19,4.21,24.339,66.743,14.0,82.57,0.432,3.053,26.77,295.72,2905.030029296875,3270.797119140625,64.0,12.09000015258789,97.47000122070312,5.0,0.13863366842269897
2019-04-20,4.21,24.339,66.743,14.0,82.57,0.432,3.053,26.77,295.72,2905.030029296875,3270.797119140625,64.0,12.09000015258789,97.47000122070312,5.0,0.13636039197444916
2019-04-21,4.21,24.339,66.743,14.0,82.57,0.432,3.053,26.77,295.72,2905.030029296875,3270.797119140625,64.0,12.09000015258789,97.47000122070312,5.0,0.1421685665845871
2019-04-22,4.21,24.339,66.743,14.0,82.57,0.432,3.053,26.77,290.15,2907.969970703125,3215.04296875,65.69999694824219,12.420000076293944,97.27999877929688,5.0,0.14297598600387573
2019-04-23,4.18,24.235,67.283,13.46,79.05,0.423,2.971,26.6,288.98,2933.679931640625,3198.593994140625,66.30000305175781,12.279999732971191,97.56999969482422,5.0,0.15255780518054962
2019-04-24,4.13,23.86,65.919,13.58,76.8,0.414,2.96,25.49,285.38,2927.25,3201.614013671875,65.88999938964844,13.140000343322754,98.0999984741211,5.0,0.15826769173145294
2019-04-25,3.97,23.86,65.919,12.21,74.87,0.411,2.861,24.91,281.82,2926.169921875,3123.825927734375,65.20999908447266,13.25,98.1999969482422,5.0,0.14557558298110962
2019-04-26,3.84,23.566,65.627,12.5,75.56,0.411,2.769,24.65,278.69,2939.8798828125,3086.39892578125,63.29999923706055,12.729999542236328,98.01000213623048,5.0,0.14669623970985413
2019-04-27,3.84,23.566,65.627,12.5,75.56,0.411,2.769,24.65,278.69,2939.8798828125,3086.39892578125,63.29999923706055,12.729999542236328,98.01000213623048,5.0,0.1650499850511551
2019-04-28,3.84,23.566,65.627,12.5,75.56,0.411,2.769,24.65,278.69,2939.8798828125,3086.39892578125,63.29999923706055,12.729999542236328,98.01000213623048,5.0,0.1853160262107849
2019-04-29,3.87,23.758,65.863,12.43,75.71,0.402,2.578,24.72,271.24,2943.030029296875,3086.39892578125,63.5,13.109999656677246,97.86000061035156,5.0,0.18530258536338806
2019-04-30,3.8,23.471,64.196,12.31,75.06,0.39,2.613,24.52,268.44,2945.830078125,3086.39892578125,63.90999984741211,13.119999885559082,97.4800033569336,5.0,0.2026442438364029
2019-05-01,3.77,23.404,64.018,11.71,74.07,0.39,2.613,24.45,268.44,2923.72998046875,3086.39892578125,63.59999847412109,14.800000190734863,97.69000244140624,17.0,0.19156284630298615
2019-05-02,3.7,23.074,63.144,11.51,76.09,0.377,2.613,23.96,267.51,2917.52001953125,3086.39892578125,61.810001373291016,14.420000076293944,97.83000183105467,17.0,0.17873097956180573
2019-05-03,3.76,23.1,63.338,11.95,77.05,0.376,2.613,24.77,271.75,2945.639892578125,3086.39892578125,61.93999862670898,12.869999885559082,97.5199966430664,17.0,0.1922217607498169
2019-05-04,3.76,23.1,63.338,11.95,77.05,0.376,2.613,24.77,271.75,2945.639892578125,3086.39892578125,61.93999862670898,12.869999885559082,97.5199966430664,17.0,0.2171359360218048
2019-05-05,3.76,23.1,63.338,11.95,77.05,0.376,2.613,24.77,271.75,2945.639892578125,3086.39892578125,61.93999862670898,12.869999885559082,97.5199966430664,17.0,0.2342890053987503
2019-05-06,3.76,23.1,63.338,11.95,77.05,0.376,2.613,24.77,262.17,2932.469970703125,2906.464111328125,62.25,15.4399995803833,97.5199966430664,17.0,0.2201022207736969
2019-05-07,3.62,23.285,64.314,11.44,75.85,0.373,2.535,24.13,262.36,2884.050048828125,2926.39111328125,61.400001525878906,19.31999969482422,97.62999725341795,17.0,0.19349882006645203
2019-05-08,3.57,23.134,64.037,11.37,72.58,0.369,2.495,23.88,261.01,2879.419921875,2893.757080078125,62.119998931884766,19.399999618530277,97.62000274658205,17.0,0.1737252026796341
2019-05-09,3.5,23.009,63.636,11.28,72.61,0.362,2.433,23.46,258.1,2870.719970703125,2850.9541015625,61.70000076293945,19.100000381469727,97.37000274658205,17.0,0.15711118280887604
2019-05-10,3.5,22.937,63.692,11.37,72.63,0.363,2.504,23.36,259.46,2881.39990234375,2939.2109375,61.65999984741211,16.040000915527344,97.33000183105467,17.0,0.14234109222888947
2019-05-11,3.5,22.937,63.692,11.37,72.63,0.363,2.504,23.36,259.46,2881.39990234375,2939.2109375,61.65999984741211,16.040000915527344,97.33000183105467,17.0,0.12381789088249207
2019-05-12,3.5,22.937,63.692,11.37,72.63,0.363,2.504,23.36,259.46,2881.39990234375,2939.2109375,61.65999984741211,16.040000915527344,97.33000183105467,17.0,0.10645592957735062
2019-05-13,3.37,22.83,63.677,10.71,68.55,0.363,2.491,22.93,254.48,2811.8701171875,2903.712890625,61.040000915527344,20.549999237060547,97.31999969482422,17.0,0.08156386762857437
2019-05-14,3.42,22.57,63.785,10.86,70.22,0.361,2.445,23.41,254.93,2834.409912109375,2883.611083984375,61.77999877929688,18.059999465942383,97.52999877929688,17.0,0.06392316520214081
2019-05-15,3.42,22.944,65.039,10.85,69.58,0.368,2.482,23.35,255.29,2850.9599609375,2938.677978515625,62.02000045776367,16.440000534057617,97.56999969482422,17.0,0.05538693070411682
2019-05-16,3.43,23.037,65.349,10.66,69.41,0.368,2.56,23.96,260.83,2876.320068359375,2955.7109375,62.869998931884766,15.289999961853027,97.83999633789062,17.0,0.049635741859674454
2019-05-17,3.37,23.519,66.479,10.37,67.76,0.357,2.433,23.72,257.54,2859.530029296875,2882.2958984375,62.7599983215332,15.960000038146973,98.0,17.0,0.04282433167099953
2019-05-18,3.37,23.519,66.479,10.37,67.76,0.357,2.433,23.72,257.54,2859.530029296875,2882.2958984375,62.7599983215332,15.960000038146973,98.0,17.0,0.04132356867194176
2019-05-19,3.37,23.519,66.479,10.37,67.76,0.357,2.433,23.72,257.54,2859.530029296875,2882.2958984375,62.7599983215332,15.960000038146973,98.0,17.0,0.06695660948753357
2019-05-20,3.33,23.496,67.539,10.2,67.78,0.349,2.475,23.36,257.25,2840.22998046875,2870.60498046875,63.09999847412109,16.309999465942383,97.93000030517578,17.0,0.05774315446615219
2019-05-21,3.32,23.252,66.572,10.35,68.5,0.354,2.53,23.44,273.85,2864.360107421875,2905.968994140625,62.9900016784668,14.949999809265137,98.05999755859376,17.0,0.0438283234834671
2019-05-22,3.23,23.321,66.825,10.06,67.96,0.352,2.478,23.03,277.25,2856.27001953125,2891.705078125,61.41999816894531,14.75,98.11000061035156,17.0,0.031209392473101616
2019-05-23,3.15,22.925,66.535,9.95,66.34,0.343,2.405,22.84,269.4,2822.239990234375,2852.514892578125,57.90999984741211,16.920000076293945,97.8499984741211,17.0,0.010460665449500084
2019-05-24,3.18,23.085,66.945,10.08,66.8,0.348,2.393,23.47,266.8,2826.06005859375,2852.9951171875,58.630001068115234,15.850000381469728,97.61000061035156,17.0,-0.005587585736066103
2019-05-25,3.18,23.085,66.945,10.08,66.8,0.348,2.393,23.47,266.8,2826.06005859375,2852.9951171875,58.630001068115234,15.850000381469728,97.61000061035156,17.0,-0.006723803002387285
2019-05-26,3.18,23.085,66.945,10.08,66.8,0.348,2.393,23.47,266.8,2826.06005859375,2852.9951171875,58.630001068115234,15.850000381469728,97.61000061035156,17.0,0.001527453656308353
2019-05-27,3.18,23.085,66.945,10.08,66.8,0.348,2.393,23.47,268.11,2826.06005859375,2892.3779296875,58.630001068115234,15.850000381469728,97.61000061035156,17.0,0.0067059979774057865
2019-05-28,3.15,23.791,69.62,10.03,67.43,0.344,2.497,23.46,269.44,2802.389892578125,2909.910888671875,59.13999938964844,17.5,97.95999908447266,17.0,-0.0033241398632526398
2019-05-29,3.12,23.626,69.054,9.99,65.8,0.347,2.498,22.86,277.44,2783.02001953125,2914.696044921875,58.810001373291016,17.899999618530273,98.13999938964844,17.0,-0.014227715320885181
2019-05-30,3.14,23.199,66.697,9.82,65.57,0.344,2.599,23.15,279.65,2788.860107421875,2905.804931640625,56.59000015258789,17.299999237060547,98.13999938964844,17.0,-0.031810302287340164
2019-05-31,3.08,23.327,66.461,9.71,63.3,0.353,2.533,22.73,278.23,2752.06005859375,2898.696044921875,53.5,18.709999084472656,97.75,17.0,-0.05115417763590813
2019-06-01,3.08,23.327,66.461,9.71,63.3,0.353,2.533,22.73,278.23,2752.06005859375,2898.696044921875,53.5,18.709999084472656,97.75,12.0,-0.09074487537145615
2019-06-02,3.08,23.327,66.461,9.71,63.3,0.353,2.533,22.73,278.23,2752.06005859375,2898.696044921875,53.5,18.709999084472656,97.75,12.0,-0.10710065066814423
2019-06-03,3.11,22.864,64.699,9.92,65.05,0.359,2.487,23.08,273.18,2744.449951171875,2890.0810546875,53.25,18.86000061035156,97.13999938964844,12.0,-0.12055636197328568
2019-06-04,3.18,23.221,65.797,10.32,67.54,0.358,2.432,23.33,268.92,2803.27001953125,2862.280029296875,53.47999954223633,16.969999313354492,97.06999969482422,12.0,-0.14172779023647308
2019-06-05,3.15,23.294,66.232,10.1,67.37,0.357,2.44,23.12,273.35,2826.14990234375,2861.41796875,51.68000030517578,16.09000015258789,97.37000274658205,12.0,-0.16543728113174438
2019-06-06,3.18,23.013,64.44,10.19,68.46,0.357,2.383,23.39,270.95,2843.489990234375,2827.798095703125,52.59000015258789,15.93000030517578,97.02999877929688,12.0,-0.1784195899963379
2019-06-07,3.18,23.578,65.498,10.35,69.08,0.357,2.383,23.87,274.86,2873.340087890625,2827.798095703125,53.9900016784668,16.299999237060547,96.61000061035156,12.0,-0.193794384598732
2019-06-08,3.18,23.578,65.498,10.35,69.08,0.357,2.383,23.87,274.86,2873.340087890625,2827.798095703125,53.9900016784668,16.299999237060547,96.61000061035156,12.0,-0.20500855147838593
2019-06-09,3.18,23.578,65.498,10.35,69.08,0.357,2.383,23.87,274.86,2873.340087890625,2827.798095703125,53.9900016784668,16.299999237060547,96.61000061035156,12.0,-0.21861988306045532
2019-06-10,3.22,23.578,65.498,10.61,70.93,0.351,2.442,24.2,276.73,2886.72998046875,2852.1298828125,53.2599983215332,15.9399995803833,96.76000213623048,12.0,-0.2176298052072525
2019-06-11,3.3,23.983,66.838,10.62,73.43,0.356,2.521,24.87,285.08,2885.719970703125,2925.716064453125,53.27000045776367,15.989999771118164,96.69000244140624,12.0,-0.2149568498134613
2019-06-12,3.27,24.521,67.761,10.59,72.18,0.367,2.507,24.95,286.58,2879.840087890625,2909.3798828125,51.13999938964844,15.90999984741211,97.0,12.0,-0.21089649200439453
2019-06-13,3.31,24.351,67.245,10.83,72.76,0.368,2.515,25.41,283.94,2891.639892578125,2910.740966796875,52.27999877929688,15.81999969482422,97.01000213623048,12.0,-0.20949368178844452
2019-06-14,3.28,24.659,69.136,10.65,70.88,0.374,2.445,25.23,282.21,2886.97998046875,2881.97412109375,52.5099983215332,15.279999732971191,97.56999969482422,12.0,-0.20575879514217377
2019-06-15,3.28,24.659,69.136,10.65,70.88,0.374,2.445,25.23,282.21,2886.97998046875,2881.97412109375,52.5099983215332,15.279999732971191,97.56999969482422,12.0,-0.19182495772838593
2019-06-16,3.28,24.659,69.136,10.65,70.88,0.374,2.445,25.23,282.21,2886.97998046875,2881.97412109375,52.5099983215332,15.279999732971191,97.56999969482422,12.0,-0.19760708510875702
2019-06-17,3.24,24.502,67.967,10.74,71.24,0.366,2.433,25.09,277.6,2889.669921875,2887.6220703125,51.93000030517578,15.350000381469728,97.55999755859376,12.0,-0.18469136953353882
2019-06-18,3.34,24.588,68.1,11.13,70.77,0.374,2.385,25.81,276.79,2917.75,2890.157958984375,53.900001525878906,15.149999618530272,97.63999938964844,12.0,-0.18496017158031464
2019-06-19,3.33,25.108,69.47,11.19,68.94,0.374,2.404,25.46,274.93,2926.4599609375,2917.802978515625,53.7599983215332,14.329999923706056,97.12000274658205,12.0,-0.16461694240570068
2019-06-20,3.39,25.177,67.081,11.38,69.49,0.407,2.459,25.79,278.64,2954.179931640625,2987.118896484375,56.650001525878906,14.75,96.62999725341795,12.0,-0.16273494064807892
2019-06-21,3.42,25.292,67.137,11.34,68.34,0.408,2.486,26.12,279.63,2950.4599609375,3001.97998046875,57.43000030517578,15.399999618530272,96.22000122070312,12.0,-0.16794657707214355
2019-06-22,3.42,25.292,67.137,11.34,68.34,0.408,2.486,26.12,279.63,2950.4599609375,3001.97998046875,57.43000030517578,15.399999618530272,96.22000122070312,12.0,-0.1827111691236496
2019-06-23,3.42,25.292,67.137,11.34,68.34,0.408,2.486,26.12,279.63,2950.4599609375,3001.97998046875,57.43000030517578,15.399999618530272,96.22000122070312,12.0,-0.17556391656398773
2019-06-24,3.39,25.536,67.632,11.34,68.01,0.403,2.494,26.36,280.13,2945.35009765625,3008.14794921875,57.900001525878906,15.260000228881836,95.9800033569336,12.0,-0.18069018423557281
2019-06-25,3.38,25.546,68.025,11.34,67.79,0.412,2.439,26.33,277.25,2917.3798828125,2982.073974609375,57.83000183105469,16.280000686645508,96.16000366210938,12.0,-0.18287988007068634
2019-06-26,3.37,25.592,68.799,11.49,69.16,0.403,2.474,26.45,276.2,2913.780029296875,2976.283935546875,59.380001068115234,16.209999084472656,96.20999908447266,12.0,-0.18077987432479858
2019-06-27,3.2,26.176,71.12,11.56,69.52,0.403,2.473,26.6,277.77,2924.919921875,2996.79296875,59.43000030517578,15.81999969482422,96.19000244140624,12.0,-0.17533522844314575
2019-06-28,3.32,25.728,69.566,11.61,70.41,0.406,2.438,27.05,279.54,2941.760009765625,2978.8779296875,58.470001220703125,15.079999923706056,96.12999725341795,12.0,-0.1603824347257614
2019-06-29,3.32,25.728,69.566,11.61,70.41,0.406,2.438,27.05,279.54,2941.760009765625,2978.8779296875,58.470001220703125,15.079999923706056,96.12999725341795,12.0,-0.14360851049423218
2019-06-30,3.32,25.728,69.566,11.61,70.41,0.406,2.438,27.05,279.54,2941.760009765625,2978.8779296875,58.470001220703125,15.079999923706056,96.12999725341795,12.0,-0.14694426953792572
2019-07-01,3.36,25.848,69.68,11.45,70.33,0.406,2.542,27.19,282.75,2964.330078125,3044.903076171875,59.09000015258789,14.0600004196167,96.83999633789062,6.0,-0.15685352683067322
2019-07-02,3.37,26.18,71.105,11.45,69.87,0.404,2.628,27.08,284.67,2973.010009765625,3043.943115234375,56.25,12.93000030517578,96.7300033569336,6.0,-0.1620980203151703
2019-07-03,3.33,26.333,71.854,11.31,71.54,0.405,2.565,26.5,282.97,2995.820068359375,3015.262939453125,57.34000015258789,12.56999969482422,96.7699966430664,6.0,-0.14498625695705414
2019-07-04,3.28,26.155,71.192,11.31,71.54,0.401,2.558,26.17,282.09,2995.820068359375,3005.2490234375,57.34000015258789,12.56999969482422,96.7699966430664,6.0,-0.15277260541915894
2019-07-05,3.23,25.658,69.273,11.29,70.51,0.403,2.547,25.42,279.98,2990.409912109375,3011.05908203125,57.5099983215332,13.279999732971191,97.25,6.0,-0.13868840038776398
2019-07-06,3.23,25.658,69.273,11.29,70.51,0.403,2.547,25.42,279.98,2990.409912109375,3011.05908203125,57.5099983215332,13.279999732971191,97.25,6.0,-0.149118110537529
2019-07-07,3.23,25.658,69.273,11.29,70.51,0.403,2.547,25.42,279.98,2990.409912109375,3011.05908203125,57.5099983215332,13.279999732971191,97.25,6.0,-0.12506844103336334
2019-07-08,3.28,25.172,68.505,11.22,70.19,0.403,2.448,25.71,274.45,2975.949951171875,2933.363037109375,57.65999984741211,13.960000038146973,97.37999725341795,6.0,-0.1349100023508072
2019-07-09,3.18,25.306,69.035,10.87,70.62,0.397,2.479,25.2,272.86,2979.6298828125,2928.22998046875,57.83000183105469,14.09000015258789,97.48999786376952,6.0,-0.14219343662261963
2019-07-10,3.23,25.373,68.882,10.95,70.49,0.397,2.439,25.56,272.54,2993.070068359375,2915.302001953125,60.43000030517578,13.029999732971191,97.0999984741211,6.0,-0.1308375746011734
2019-07-11,3.18,25.599,69.6,11.1,70.58,0.4,2.454,25.42,271.77,2999.909912109375,2917.760986328125,60.20000076293945,12.93000030517578,97.0500030517578,6.0,-0.12294550985097885
2019-07-12,3.21,25.598,69.396,11.02,72.63,0.394,2.467,25.7,271.43,3013.77001953125,2930.550048828125,60.209999084472656,12.390000343322754,96.80999755859376,6.0,-0.12405989319086075
2019-07-13,3.21,25.598,69.396,11.02,72.63,0.394,2.467,25.7,271.43,3013.77001953125,2930.550048828125,60.209999084472656,12.390000343322754,96.80999755859376,6.0,-0.1089998185634613
2019-07-14,3.21,25.598,69.396,11.02,72.63,0.394,2.467,25.7,271.43,3013.77001953125,2930.550048828125,60.209999084472656,12.390000343322754,96.80999755859376,6.0,-0.10478584468364716
2019-07-15,3.22,25.697,69.855,11.14,72.42,0.395,2.381,25.96,274.17,3014.300048828125,2942.18994140625,59.58000183105469,12.68000030517578,96.93000030517578,6.0,-0.10238008946180344
2019-07-16,3.24,25.698,69.145,11.12,73.05,0.397,2.355,25.95,274.32,3004.0400390625,2937.6201171875,57.619998931884766,12.859999656677246,97.4000015258789,6.0,-0.10521755367517471
2019-07-17,3.22,26.049,69.082,11.06,72.64,0.395,2.357,26.01,272.56,2984.419921875,2931.68994140625,56.77999877929688,13.970000267028809,97.22000122070312,6.0,-0.09772790968418121
2019-07-18,3.24,25.904,69.165,11.15,73.0,0.4,2.338,26.03,270.84,2995.110107421875,2901.179931640625,55.29999923706055,13.529999732971191,96.79000091552734,6.0,-0.08919001370668411
2019-07-19,3.26,25.745,68.816,11.49,74.47,0.41,2.349,26.52,273.96,2976.610107421875,2924.199951171875,55.630001068115234,14.449999809265137,97.1500015258789,6.0,-0.09081088751554489
2019-07-20,3.26,25.745,68.816,11.49,74.47,0.41,2.349,26.52,273.96,2976.610107421875,2924.199951171875,55.630001068115234,14.449999809265137,97.1500015258789,6.0,-0.07169933617115021
2019-07-21,3.26,25.745,68.816,11.49,74.47,0.41,2.349,26.52,273.96,2976.610107421875,2924.199951171875,55.630001068115234,14.449999809265137,97.1500015258789,6.0,-0.04728942736983299
2019-07-22,3.25,25.892,69.308,11.49,73.18,0.41,2.271,26.53,271.01,2985.030029296875,2886.97412109375,56.220001220703125,13.529999732971191,97.26000213623048,6.0,-0.03782397881150246
2019-07-23,3.28,25.931,68.739,11.65,74.58,0.408,2.284,26.69,272.39,3005.469970703125,2899.93994140625,56.77000045776367,12.609999656677246,97.70999908447266,6.0,-0.03143845126032829
2019-07-24,3.31,25.672,66.965,11.94,75.53,0.406,2.319,25.92,270.06,3019.56005859375,2923.280029296875,55.880001068115234,12.06999969482422,97.7300033569336,6.0,-0.043353065848350525
2019-07-25,3.29,25.118,63.914,11.42,74.61,0.411,2.316,25.86,263.6,3003.669921875,2937.360107421875,56.02000045776367,12.739999771118164,97.81999969482422,6.0,-0.07031083106994629
2019-07-26,3.23,25.126,64.828,11.56,74.58,0.402,2.32,24.66,261.91,3025.860107421875,2944.5400390625,56.20000076293945,12.15999984741211,98.01000213623048,6.0,-0.06619680672883987
2019-07-27,3.23,25.126,64.828,11.56,74.58,0.402,2.32,24.66,261.91,3025.860107421875,2944.5400390625,56.20000076293945,12.15999984741211,98.01000213623048,6.0,-0.05498433858156204
2019-07-28,3.23,25.126,64.828,11.56,74.58,0.402,2.32,24.66,261.91,3025.860107421875,2944.5400390625,56.20000076293945,12.15999984741211,98.01000213623048,6.0,-0.04374773055315018
2019-07-29,3.22,24.947,65.105,11.61,73.09,0.399,2.301,24.51,258.65,3020.969970703125,2941.010009765625,56.869998931884766,12.829999923706056,98.04000091552734,6.0,-0.0427129864692688
2019-07-30,3.18,24.98,64.966,11.47,73.6,0.401,2.311,24.11,259.36,3013.179931640625,2952.340087890625,58.04999923706055,13.9399995803833,98.0500030517578,6.0,-0.038140833377838135
2019-07-31,3.1,24.839,64.645,11.06,72.96,0.404,2.294,23.54,260.14,2980.3798828125,2932.510009765625,58.58000183105469,16.1200008392334,98.5199966430664,6.0,-0.03796135634183884
2019-08-01,2.96,24.373,63.512,10.7,69.59,0.391,2.402,22.49,254.65,2953.56005859375,2908.77001953125,53.95000076293945,17.8700008392334,98.38999938964844,7.0,-0.057592254132032394
2019-08-02,2.82,23.477,61.538,10.3,68.68,0.391,2.352,21.74,252.13,2932.050048828125,2867.840087890625,55.65999984741211,17.610000610351562,98.0999984741211,7.0,-0.07397826015949249
2019-08-03,2.82,23.477,61.538,10.3,68.68,0.391,2.352,21.74,252.13,2932.050048828125,2867.840087890625,55.65999984741211,17.610000610351562,98.0999984741211,7.0,-0.08238593488931656
2019-08-04,2.82,23.477,61.538,10.3,68.68,0.391,2.352,21.74,252.13,2932.050048828125,2867.840087890625,55.65999984741211,17.610000610351562,98.0999984741211,7.0,-0.06294111907482147
2019-08-05,2.73,22.486,59.033,10.07,65.41,0.393,2.228,20.98,245.14,2844.739990234375,2821.5,54.68999862670898,24.59000015258789,97.5,7.0,-0.06738921999931335
2019-08-06,2.69,22.331,59.003,10.14,65.45,0.385,2.125,20.89,241.16,2881.77001953125,2777.555908203125,53.630001068115234,20.170000076293945,97.62999725341795,7.0,-0.1139897033572197
2019-08-07,2.67,22.104,57.74,10.08,67.59,0.394,2.194,20.66,246.85,2883.97998046875,2768.679931640625,51.09000015258789,19.489999771118164,97.54000091552734,7.0,-0.1369444578886032
2019-08-08,2.74,22.584,58.063,10.12,73.49,0.402,2.16,21.48,252.72,2938.090087890625,2794.552001953125,52.540000915527344,16.90999984741211,97.62000274658205,7.0,-0.1507512331008911
2019-08-09,2.66,22.535,57.408,9.75,70.25,0.397,2.122,21.05,254.11,2918.64990234375,2774.75,54.5,17.969999313354492,97.48999786376952,7.0,-0.1874474585056305
2019-08-10,2.66,22.535,57.408,9.75,70.25,0.397,2.122,21.05,254.11,2918.64990234375,2774.75,54.5,17.969999313354492,97.48999786376952,7.0,-0.1857556849718094
2019-08-11,2.66,22.535,57.408,9.75,70.25,0.397,2.122,21.05,254.11,2918.64990234375,2774.75,54.5,17.969999313354492,97.48999786376952,7.0,-0.17200730741024017
2019-08-12,2.67,22.25,55.543,9.52,67.38,0.385,2.149,20.84,246.33,2882.699951171875,2814.989990234375,54.93000030517578,21.09000015258789,97.37999725341795,7.0,-0.18571653962135315
2019-08-13,2.73,22.409,56.278,9.89,68.45,0.404,2.116,21.34,245.51,2926.320068359375,2797.260009765625,57.09999847412109,17.520000457763672,97.80999755859376,7.0,-0.20265507698059082
2019-08-14,2.66,22.48,57.233,9.36,64.29,0.39,2.133,20.49,243.7,2840.60009765625,2808.909912109375,55.22999954223633,22.100000381469727,97.98999786376952,7.0,-0.21828541159629822
2019-08-15,2.57,21.952,55.941,8.99,61.66,0.386,2.092,19.46,237.24,2847.60009765625,2815.800048828125,54.470001220703125,21.18000030517578,98.13999938964844,7.0,-0.2454529106616974
2019-08-16,2.61,21.836,55.407,9.1,63.09,0.393,2.094,19.59,236.77,2888.679931640625,2823.820068359375,54.869998931884766,18.46999931335449,98.13999938964844,7.0,-0.2584805190563202
2019-08-17,2.61,21.836,55.407,9.1,63.09,0.393,2.094,19.59,236.77,2888.679931640625,2823.820068359375,54.869998931884766,18.46999931335449,98.13999938964844,7.0,-0.28504201769828796
2019-08-18,2.61,21.836,55.407,9.1,63.09,0.393,2.094,19.59,236.77,2888.679931640625,2823.820068359375,54.869998931884766,18.46999931335449,98.13999938964844,7.0,-0.29451218247413635
2019-08-19,2.7,21.826,55.416,9.25,64.92,0.389,2.152,20.03,237.99,2923.64990234375,2883.10009765625,56.209999084472656,16.8799991607666,98.3499984741211,7.0,-0.2821769416332245
2019-08-20,2.68,21.901,56.099,9.19,64.17,0.384,2.141,19.83,239.06,2900.510009765625,2880.0,56.34000015258789,17.5,98.19000244140624,7.0,-0.28966352343559265
2019-08-21,2.7,21.28,54.74,9.14,65.91,0.384,2.1,19.84,234.71,2924.429931640625,2880.330078125,55.68000030517578,15.800000190734863,98.3000030517578,7.0,-0.2881082594394684
2019-08-22,2.69,21.175,54.878,9.13,63.22,0.38,2.209,19.55,231.81,2922.949951171875,2883.43994140625,55.34999847412109,16.68000030517578,98.16999816894533,7.0,-0.29077228903770447
2019-08-23,2.65,21.301,55.377,8.83,59.95,0.377,2.145,19.43,227.0,2847.110107421875,2897.429931640625,54.16999816894531,19.8700008392334,97.63999938964844,7.0,-0.2920245826244354
2019-08-24,2.65,21.301,55.377,8.83,59.95,0.377,2.145,19.43,227.0,2847.110107421875,2897.429931640625,54.16999816894531,19.8700008392334,97.63999938964844,7.0,-0.30889075994491577
2019-08-25,2.65,21.301,55.377,8.83,59.95,0.377,2.145,19.43,227.0,2847.110107421875,2897.429931640625,54.16999816894531,19.8700008392334,97.63999938964844,7.0,-0.30737194418907166
2019-08-26,2.65,21.301,55.377,8.83,59.95,0.377,2.145,19.43,222.51,2878.3798828125,2863.570068359375,53.63999938964844,19.31999969482422,98.08000183105467,7.0,-0.3002378046512604
2019-08-27,2.63,21.009,54.544,8.71,59.3,0.367,2.177,19.72,222.3,2869.159912109375,2902.18994140625,54.93000030517578,20.309999465942383,98.0,7.0,-0.2774919867515564
2019-08-28,2.63,21.235,55.743,8.95,59.32,0.368,2.129,19.91,222.76,2887.93994140625,2893.760009765625,55.77999877929688,19.350000381469727,98.20999908447266,7.0,-0.25137919187545776
2019-08-29,2.7,21.254,55.572,9.12,60.49,0.372,2.1,20.12,223.31,2924.580078125,2890.919921875,56.709999084472656,17.8799991607666,98.51000213623048,7.0,-0.20645470917224884
2019-08-30,2.76,21.766,56.905,9.19,61.73,0.374,2.082,20.48,226.66,2926.4599609375,2886.239990234375,55.09999847412109,18.979999542236328,98.91999816894533,7.0,-0.2047835886478424
2019-08-31,2.76,21.766,56.905,9.19,61.73,0.374,2.082,20.48,226.66,2926.4599609375,2886.239990234375,55.09999847412109,18.979999542236328,98.91999816894533,7.0,-0.19608856737613678
2019-09-01,2.76,21.766,56.905,9.19,61.73,0.374,2.082,20.48,226.66,2926.4599609375,2886.239990234375,55.09999847412109,18.979999542236328,98.91999816894533,6.0,-0.17730936408042908
2019-09-02,2.74,21.865,57.52,9.19,61.73,0.369,2.121,20.42,227.18,2926.4599609375,2924.10595703125,55.09999847412109,18.979999542236328,98.91999816894533,6.0,-0.1740649789571762
2019-09-03,2.73,21.918,57.454,9.07,60.23,0.362,2.113,20.34,227.04,2906.27001953125,2930.14990234375,53.93999862670898,19.65999984741211,98.9499969482422,6.0,-0.19321109354496002
2019-09-04,2.85,21.978,57.956,9.29,61.31,0.365,2.191,21.15,230.1,2937.780029296875,2957.409912109375,56.2599983215332,17.329999923706055,98.4499969482422,6.0,-0.19259119033813477
2019-09-05,2.83,21.881,59.166,9.53,62.97,0.37,2.212,21.5,232.78,2976.0,2985.860107421875,56.29999923706055,16.270000457763672,98.41000366210938,6.0,-0.1886437088251114
2019-09-06,2.84,22.133,59.677,9.42,63.23,0.358,2.213,21.55,235.36,2978.7099609375,2999.60009765625,56.52000045776367,15.0,98.38999938964844,6.0,-0.18771901726722717
2019-09-07,2.84,22.133,59.677,9.42,63.23,0.358,2.213,21.55,235.36,2978.7099609375,2999.60009765625,56.52000045776367,15.0,98.38999938964844,6.0,-0.1918310821056366
2019-09-08,2.84,22.133,59.677,9.42,63.23,0.358,2.213,21.55,235.36,2978.7099609375,2999.60009765625,56.52000045776367,15.0,98.38999938964844,6.0,-0.20325496792793274
2019-09-09,2.87,22.072,59.768,9.7,65.36,0.357,2.28,21.75,239.86,2978.429931640625,3024.739990234375,57.84999847412109,15.270000457763672,98.27999877929688,6.0,-0.20247897505760193
2019-09-10,2.94,22.182,59.572,10.12,68.28,0.36,2.293,21.76,241.95,2979.389892578125,3021.199951171875,57.400001525878906,15.199999809265137,98.33000183105467,6.0,-0.19941522181034088
2019-09-11,2.97,22.555,60.953,10.08,69.25,0.36,2.241,22.04,246.63,3000.929931640625,3008.81005859375,55.75,14.609999656677246,98.6500015258789,6.0,-0.19729697704315186
2019-09-12,2.98,22.602,61.381,10.37,69.28,0.364,2.267,22.63,248.91,3009.570068359375,3031.239990234375,55.09000015258789,14.220000267028809,98.30999755859376,6.0,-0.18227209150791168
2019-09-13,3.13,22.736,61.884,10.76,69.28,0.373,2.267,23.57,250.77,3007.389892578125,3031.239990234375,54.84999847412109,13.739999771118164,98.26000213623048,6.0,-0.17239966988563538
2019-09-14,3.13,22.736,61.884,10.76,69.28,0.373,2.267,23.57,250.77,3007.389892578125,3031.239990234375,54.84999847412109,13.739999771118164,98.26000213623048,6.0,-0.17240267992019653
2019-09-15,3.13,22.736,61.884,10.76,69.28,0.373,2.267,23.57,250.77,3007.389892578125,3031.239990234375,54.84999847412109,13.739999771118164,98.26000213623048,6.0,-0.1647568792104721
2019-09-16,3.05,23.408,62.31,10.47,68.84,0.375,2.308,22.85,250.93,2997.9599609375,3030.75,62.900001525878906,14.670000076293944,98.6500015258789,6.0,-0.17815598845481873
2019-09-17,3.03,23.157,61.344,10.41,67.76,0.368,2.263,22.86,245.14,3005.699951171875,2978.1201171875,59.34000015258789,14.4399995803833,98.26000213623048,6.0,-0.18607571721076965
2019-09-18,3.02,22.972,61.191,10.36,67.4,0.365,2.251,22.64,243.77,3006.72998046875,2985.659912109375,58.11000061035156,13.949999809265137,98.5999984741211,6.0,-0.18242667615413666
2019-09-19,3.05,22.777,60.929,10.45,68.29,0.361,2.332,22.4,243.55,3006.7900390625,2999.280029296875,58.130001068115234,14.050000190734863,98.2699966430664,6.0,-0.19620515406131744
2019-09-20,3.06,22.749,60.348,10.47,68.86,0.364,2.314,22.47,243.26,2992.070068359375,3006.449951171875,58.09000015258789,15.31999969482422,98.51000213623048,6.0,-0.1949072778224945
2019-09-21,3.06,22.749,60.348,10.47,68.86,0.364,2.314,22.47,243.26,2992.070068359375,3006.449951171875,58.09000015258789,15.31999969482422,98.51000213623048,6.0,-0.19830718636512756
2019-09-22,3.06,22.749,60.348,10.47,68.86,0.364,2.314,22.47,243.26,2992.070068359375,3006.449951171875,58.09000015258789,15.31999969482422,98.51000213623048,6.0,-0.18688426911830902
2019-09-23,2.96,22.687,60.654,10.33,68.22,0.362,2.284,22.08,242.02,2991.780029296875,2977.080078125,58.63999938964844,14.90999984741211,98.5999984741211,6.0,-0.18323320150375366
2019-09-24,2.92,22.551,61.018,10.01,67.89,0.358,2.301,21.73,240.69,2966.60009765625,2985.340087890625,57.290000915527344,17.049999237060547,98.33999633789062,6.0,-0.1565057635307312
2019-09-25,2.87,21.955,59.257,10.07,68.3,0.357,2.44,21.6,240.39,2984.8701171875,2955.429931640625,56.4900016784668,15.960000038146973,99.04000091552734,6.0,-0.14952971041202545
2019-09-26,2.87,21.931,59.317,9.8,67.19,0.352,2.322,21.54,236.41,2977.6201171875,2929.090087890625,56.40999984741211,16.06999969482422,99.20999908447266,6.0,-0.14184696972370148
2019-09-27,2.91,22.191,59.774,9.65,68.14,0.347,2.302,22.01,236.33,2961.7900390625,2932.169921875,55.90999984741211,17.219999313354492,99.11000061035156,6.0,-0.1405797153711319
2019-09-28,2.91,22.191,59.774,9.65,68.14,0.347,2.302,22.01,236.33,2961.7900390625,2932.169921875,55.90999984741211,17.219999313354492,99.11000061035156,6.0,-0.16436593234539032
2019-09-29,2.91,22.191,59.774,9.65,68.14,0.347,2.302,22.01,236.33,2961.7900390625,2932.169921875,55.90999984741211,17.219999313354492,99.11000061035156,6.0,-0.15422898530960083
2019-09-30,2.88,22.066,60.329,9.57,69.52,0.346,2.254,21.83,233.88,2976.739990234375,2905.18994140625,54.06999969482422,16.239999771118164,99.37999725341795,6.0,-0.14832180738449097
2019-10-01,2.8,22.08,59.863,9.17,68.31,0.346,2.254,21.77,232.71,2940.25,2905.18994140625,53.619998931884766,18.559999465942383,99.12999725341795,6.0,-0.16451847553253174
2019-10-02,2.74,21.665,58.896,8.87,66.57,0.344,2.254,21.01,230.16,2887.610107421875,2905.18994140625,52.63999938964844,20.559999465942383,99.04000091552734,6.0,-0.18697528541088104
2019-10-03,2.69,21.098,56.733,8.86,67.23,0.344,2.254,20.85,228.29,2910.6298828125,2905.18994140625,52.45000076293945,19.1200008392334,98.86000061035156,6.0,-0.19780009984970093
2019-10-04,2.68,21.273,57.221,8.83,66.32,0.343,2.254,21.31,227.95,2952.010009765625,2905.18994140625,52.810001373291016,17.040000915527344,98.80999755859376,6.0,-0.19883522391319275
2019-10-05,2.68,21.273,57.221,8.83,66.32,0.343,2.254,21.31,227.95,2952.010009765625,2905.18994140625,52.810001373291016,17.040000915527344,98.80999755859376,6.0,-0.20230557024478912
2019-10-06,2.68,21.273,57.221,8.83,66.32,0.343,2.254,21.31,227.95,2952.010009765625,2905.18994140625,52.810001373291016,17.040000915527344,98.80999755859376,6.0,-0.22196759283542633
2019-10-07,2.65,21.204,56.876,8.76,65.68,0.343,2.254,21.39,229.07,2938.7900390625,2905.18994140625,52.75,17.860000610351562,98.98999786376952,6.0,-0.22753410041332245
2019-10-08,2.62,21.333,57.487,8.51,63.7,0.34,2.256,21.07,228.52,2893.06005859375,2913.570068359375,52.630001068115234,20.280000686645508,99.13999938964844,6.0,-0.2465510219335556
2019-10-09,2.63,21.029,56.906,8.55,63.6,0.342,2.254,21.44,228.38,2919.39990234375,2924.860107421875,52.59000015258789,18.63999938964844,99.12000274658205,6.0,-0.24754118919372559
2019-10-10,2.76,21.112,57.338,8.96,65.46,0.34,2.275,22.72,229.39,2938.1298828125,2947.7099609375,53.54999923706055,17.56999969482422,98.70999908447266,6.0,-0.25807899236679077
2019-10-11,2.88,21.647,58.901,9.55,68.91,0.347,2.247,23.83,233.39,2970.27001953125,2973.659912109375,54.70000076293945,15.579999923706056,98.3000030517578,6.0,-0.23886877298355103
2019-10-12,2.88,21.647,58.901,9.55,68.91,0.347,2.247,23.83,233.39,2970.27001953125,2973.659912109375,54.70000076293945,15.579999923706056,98.3000030517578,6.0,-0.21453122794628143
2019-10-13,2.88,21.647,58.901,9.55,68.91,0.347,2.247,23.83,233.39,2970.27001953125,2973.659912109375,54.70000076293945,15.579999923706056,98.3000030517578,6.0,-0.19537875056266785
2019-10-14,2.79,22.033,60.056,9.5,67.56,0.347,2.314,23.16,234.14,2966.14990234375,3007.8798828125,53.59000015258789,14.56999969482422,98.4499969482422,6.0,-0.19397495687007904
2019-10-15,2.86,21.691,59.007,9.52,67.87,0.344,2.268,23.23,232.69,2995.679931640625,2991.050048828125,52.810001373291016,13.539999961853027,98.29000091552734,6.0,-0.18610794842243195
2019-10-16,2.83,21.68,58.528,9.5,67.58,0.339,2.217,23.29,231.53,2989.68994140625,2978.7099609375,53.36000061035156,13.68000030517578,98.01000213623048,6.0,-0.18260863423347473
2019-10-17,2.82,21.178,57.403,9.44,68.22,0.34,2.234,23.22,230.71,2997.949951171875,2977.330078125,53.93000030517578,13.789999961853027,97.61000061035156,6.0,-0.19348110258579254
2019-10-18,2.83,21.235,58.102,9.58,67.13,0.338,2.255,23.4,229.11,2986.199951171875,2938.139892578125,53.77999877929688,14.25,97.27999877929688,6.0,-0.18726196885108948
2019-10-19,2.83,21.235,58.102,9.58,67.13,0.338,2.255,23.4,229.11,2986.199951171875,2938.139892578125,53.77999877929688,14.25,97.27999877929688,6.0,-0.1911514401435852
2019-10-20,2.83,21.235,58.102,9.58,67.13,0.338,2.255,23.4,229.11,2986.199951171875,2938.139892578125,53.77999877929688,14.25,97.27999877929688,6.0,-0.1873924285173416
2019-10-21,2.89,21.385,58.361,9.82,67.24,0.339,2.24,23.87,230.5,3006.719970703125,2939.6201171875,53.310001373291016,14.0,97.33000183105467,6.0,-0.18130187690258026
2019-10-22,2.85,21.601,59.134,9.93,66.79,0.337,2.238,23.96,231.12,2995.989990234375,2954.3798828125,54.15999984741211,14.460000038146973,97.52999877929688,6.0,-0.17963652312755585
2019-10-23,2.89,21.601,59.361,10.13,67.46,0.335,2.166,24.28,229.42,3004.52001953125,2941.6201171875,55.970001220703125,14.010000228881836,97.47000122070312,6.0,-0.1709890067577362
2019-10-24,2.86,21.7,59.437,9.59,69.45,0.341,2.157,24.2,228.91,3010.2900390625,2940.919921875,56.22999954223633,13.710000038146973,97.62999725341795,6.0,-0.16464509069919586
2019-10-25,2.88,21.728,59.757,10.14,63.59,0.345,2.172,24.54,229.66,3022.550048828125,2954.929931640625,56.65999984741211,12.649999618530272,97.83000183105467,6.0,-0.1781466007232666
2019-10-26,2.88,21.728,59.757,10.14,63.59,0.345,2.172,24.54,229.66,3022.550048828125,2954.929931640625,56.65999984741211,12.649999618530272,97.83000183105467,6.0,-0.19675859808921814
2019-10-27,2.88,21.728,59.757,10.14,63.59,0.345,2.172,24.54,229.66,3022.550048828125,2954.929931640625,56.65999984741211,12.649999618530272,97.83000183105467,6.0,-0.17878663539886475
2019-10-28,2.95,22.022,60.188,10.24,63.74,0.351,2.203,24.95,233.49,3039.419921875,2980.050048828125,55.810001373291016,13.109999656677246,97.76000213623048,6.0,-0.1700451523065567
2019-10-29,2.97,22.381,61.046,10.23,63.03,0.35,2.22,25.03,231.03,3036.889892578125,2954.179931640625,55.540000915527344,13.199999809265137,97.69000244140624,6.0,-0.17183108627796173
2019-10-30,2.93,22.247,60.718,10.13,62.67,0.349,2.205,24.48,229.53,3046.77001953125,2939.320068359375,55.060001373291016,12.329999923706056,97.6500015258789,6.0,-0.1592714637517929
2019-10-31,2.88,22.064,60.426,9.82,60.74,0.346,2.214,24.35,230.31,3037.56005859375,2929.06005859375,54.18000030517578,13.220000267028809,97.3499984741211,6.0,-0.16141578555107117
2019-11-01,2.98,21.975,60.341,10.52,64.49,0.351,2.251,25.1,233.7,3066.909912109375,2958.199951171875,56.20000076293945,12.300000190734863,97.23999786376952,6.0,-0.1439737230539322
2019-11-02,2.98,21.975,60.341,10.52,64.49,0.351,2.251,25.1,233.7,3066.909912109375,2958.199951171875,56.20000076293945,12.300000190734863,97.23999786376952,6.0,-0.13237285614013672
2019-11-03,2.98,21.975,60.341,10.52,64.49,0.351,2.251,25.1,233.7,3066.909912109375,2958.199951171875,56.20000076293945,12.300000190734863,97.23999786376952,6.0,-0.13719604909420013
2019-11-04,3.11,22.357,62.204,10.8,67.7,0.361,2.306,25.44,238.6,3078.27001953125,2975.489990234375,56.540000915527344,12.829999923706056,97.51000213623048,6.0,-0.1256735622882843
2019-11-05,3.2,22.678,63.059,10.91,67.37,0.366,2.377,25.52,239.2,3074.6201171875,2991.56005859375,57.22999954223633,13.100000381469728,97.9800033569336,6.0,-0.10141636431217194
2019-11-06,3.16,22.979,63.137,10.64,66.72,0.377,2.407,25.28,239.72,3076.780029296875,2978.60009765625,56.34999847412109,12.619999885559082,97.9499969482422,6.0,-0.09462706744670868
2019-11-07,3.17,22.937,63.308,11.27,71.39,0.378,2.4,25.64,241.25,3085.179931640625,2978.7099609375,57.150001525878906,12.729999542236328,98.13999938964844,6.0,-0.09104949235916138
2019-11-08,3.11,22.78,63.006,11.52,67.98,0.378,2.449,25.03,240.92,3093.080078125,2964.179931640625,57.2400016784668,12.06999969482422,98.3499984741211,6.0,-0.06930530071258545
2019-11-09,3.11,22.78,63.006,11.52,67.98,0.378,2.449,25.03,240.92,3093.080078125,2964.179931640625,57.2400016784668,12.06999969482422,98.3499984741211,6.0,-0.06685514748096466
2019-11-10,3.11,22.78,63.006,11.52,67.98,0.378,2.449,25.03,240.92,3093.080078125,2964.179931640625,57.2400016784668,12.06999969482422,98.3499984741211,6.0,-0.04369869455695152
2019-11-11,3.02,22.674,61.428,11.09,67.73,0.377,2.385,24.52,238.39,3087.010009765625,2909.969970703125,56.86000061035156,12.6899995803833,98.1999969482422,6.0,-0.031353916972875595
2019-11-12,3.02,22.595,61.598,11.04,65.31,0.37,2.384,24.7,235.26,3091.840087890625,2914.820068359375,56.79999923706055,12.68000030517578,98.30999755859376,6.0,-0.022045807912945747
2019-11-13,2.97,22.397,60.542,10.84,65.18,0.374,2.345,24.81,230.79,3094.0400390625,2905.239990234375,57.119998931884766,13.0,98.37000274658205,6.0,-0.019966939464211464
2019-11-14,2.95,22.242,60.457,10.81,65.54,0.367,2.32,24.73,229.64,3096.6298828125,2909.8701171875,56.77000045776367,13.050000190734863,98.16000366210938,6.0,-0.011352049186825752
2019-11-15,3.01,22.635,61.527,11.16,66.14,0.364,2.318,24.96,234.22,3120.4599609375,2891.340087890625,57.720001220703125,12.050000190734863,98.0,6.0,0.009768873453140259
2019-11-16,3.01,22.635,61.527,11.16,66.14,0.364,2.318,24.96,234.22,3120.4599609375,2891.340087890625,57.720001220703125,12.050000190734863,98.0,6.0,0.020612072199583054
2019-11-17,3.01,22.635,61.527,11.16,66.14,0.364,2.318,24.96,234.22,3120.4599609375,2891.340087890625,57.720001220703125,12.050000190734863,98.0,6.0,0.015550118871033192
2019-11-18,2.97,22.647,61.959,11.01,67.1,0.359,2.39,24.93,231.16,3122.030029296875,2909.199951171875,57.04999923706055,12.460000038146973,97.79000091552734,6.0,-0.02075520157814026
2019-11-19,2.98,22.77,62.674,11.28,66.46,0.365,2.587,25.1,232.93,3120.179931640625,2933.989990234375,55.209999084472656,12.859999656677246,97.86000061035156,6.0,-0.024039162322878838
2019-11-20,2.99,22.554,61.944,11.03,65.05,0.368,2.577,25.04,231.02,3108.4599609375,2911.050048828125,57.11000061035156,12.779999732971191,97.93000030517578,6.0,-0.02899831347167492
2019-11-21,2.96,22.187,61.054,11.01,65.13,0.366,2.545,24.67,227.72,3103.5400390625,2903.639892578125,58.58000183105469,13.130000114440918,97.98999786376952,6.0,-0.028372077271342278
2019-11-22,3.03,22.471,61.563,11.35,64.9,0.368,2.615,25.07,229.46,3110.2900390625,2885.2900390625,57.77000045776367,12.34000015258789,98.2699966430664,6.0,-0.025880251079797745
2019-11-23,3.03,22.471,61.563,11.35,64.9,0.368,2.615,25.07,229.46,3110.2900390625,2885.2900390625,57.77000045776367,12.34000015258789,98.2699966430664,6.0,-0.022082991898059845
2019-11-24,3.03,22.471,61.563,11.35,64.9,0.368,2.615,25.07,229.46,3110.2900390625,2885.2900390625,57.77000045776367,12.34000015258789,98.2699966430664,6.0,-0.04354710504412651
2019-11-25,3.07,22.84,62.704,11.66,65.14,0.382,2.607,25.25,232.11,3133.639892578125,2906.169921875,58.0099983215332,11.869999885559082,98.31999969482422,6.0,-0.031862903386354446
2019-11-26,3.07,22.904,62.835,11.71,65.59,0.379,2.708,25.25,231.27,3140.52001953125,2907.06005859375,58.40999984741211,11.539999961853027,98.25,6.0,-0.028972353786230087
2019-11-27,3.06,23.134,63.391,11.61,65.5,0.379,2.785,25.2,234.1,3153.6298828125,2903.18994140625,58.11000061035156,11.75,98.41000366210938,6.0,-0.03301743417978287
2019-11-28,3.06,23.201,63.58,11.61,65.5,0.379,2.792,25.18,232.86,3153.6298828125,2889.693115234375,58.11000061035156,11.75,98.41000366210938,6.0,-0.024474255740642548
2019-11-29,3.02,23.025,63.223,11.38,65.38,0.374,2.819,24.89,231.56,3140.97998046875,2871.97998046875,55.16999816894531,12.619999885559082,98.2699966430664,6.0,-0.03561345115303993
2019-11-30,3.02,23.025,63.223,11.38,65.38,0.374,2.819,24.89,231.56,3140.97998046875,2871.97998046875,55.16999816894531,12.619999885559082,98.2699966430664,6.0,-0.02031067945063114
2019-12-01,3.02,23.025,63.223,11.38,65.38,0.374,2.819,24.89,231.56,3140.97998046875,2871.97998046875,55.16999816894531,12.619999885559082,98.2699966430664,6.0,-0.005408948753029108
2019-12-02,3.03,23.254,64.126,11.45,65.04,0.386,2.736,25.09,229.66,3113.8701171875,2875.81005859375,55.959999084472656,14.90999984741211,97.86000061035156,6.0,0.0004550695593934506
2019-12-03,2.93,23.023,64.068,10.92,63.65,0.388,2.824,24.87,226.38,3093.199951171875,2884.699951171875,56.09999847412109,15.960000038146973,97.73999786376952,6.0,-0.002644619205966592
2019-12-04,2.99,22.46,62.782,11.11,62.92,0.387,2.912,25.49,230.03,3112.760009765625,2878.115966796875,58.43000030517578,14.800000190734863,97.6500015258789,6.0,-0.0021510575897991657
2019-12-05,2.73,22.761,63.136,11.33,63.68,0.386,2.95,25.22,230.43,3117.429931640625,2899.468994140625,58.43000030517578,14.520000457763672,97.41000366210938,6.0,0.0010700051207095385
2019-12-06,2.77,22.747,63.182,11.64,64.3,0.383,2.935,25.79,231.93,3145.909912109375,2912.013916015625,59.20000076293945,13.619999885559082,97.6999969482422,6.0,0.01084710843861103
2019-12-07,2.77,22.747,63.182,11.64,64.3,0.383,2.935,25.79,231.93,3145.909912109375,2912.013916015625,59.20000076293945,13.619999885559082,97.6999969482422,6.0,0.02131435088813305
2019-12-08,2.77,22.747,63.182,11.64,64.3,0.383,2.935,25.79,231.93,3145.909912109375,2912.013916015625,59.20000076293945,13.619999885559082,97.6999969482422,6.0,0.035031355917453766
2019-12-09,2.76,23.113,64.107,12.1,64.72,0.399,2.874,25.93,232.94,3135.9599609375,2914.47802734375,59.02000045776367,15.859999656677246,97.63999938964844,6.0,0.016137858852744102
2019-12-10,2.73,23.317,64.832,12.28,65.3,0.406,2.885,25.93,234.21,3132.52001953125,2917.31591796875,59.2400016784668,15.68000030517578,97.41000366210938,6.0,0.03498462587594986
2019-12-11,2.76,23.626,65.71,12.84,65.67,0.407,2.808,26.16,234.14,3141.6298828125,2924.4169921875,58.7599983215332,14.989999771118164,97.16000366210938,6.0,0.056186795234680176
2019-12-12,2.85,23.742,65.981,13.06,68.02,0.415,2.842,26.97,238.45,3168.570068359375,2915.697998046875,59.18000030517578,13.9399995803833,97.4000015258789,6.0,0.05617004632949829
2019-12-13,2.88,24.088,66.714,12.87,66.63,0.426,2.939,27.0,240.66,3168.800048828125,2967.676025390625,60.06999969482422,12.630000114440918,97.16999816894533,6.0,0.06820189207792282
2019-12-14,2.88,24.088,66.714,12.87,66.63,0.426,2.939,27.0,240.66,3168.800048828125,2967.676025390625,60.06999969482422,12.630000114440918,97.16999816894533,6.0,0.08435766398906708
2019-12-15,2.88,24.088,66.714,12.87,66.63,0.426,2.939,27.0,240.66,3168.800048828125,2967.676025390625,60.06999969482422,12.630000114440918,97.16999816894533,6.0,0.10042491555213928
2019-12-16,2.98,24.512,67.585,12.95,66.2,0.424,2.985,27.62,241.05,3191.449951171875,2984.39306640625,60.209999084472656,12.140000343322754,97.06999969482422,6.0,0.09699004888534546
2019-12-17,2.92,24.519,68.255,12.96,68.77,0.425,3.281,27.27,242.2,3192.52001953125,3022.422119140625,60.93999862670898,12.289999961853027,97.20999908447266,6.0,0.09338723868131638
2019-12-18,2.93,24.435,67.575,12.98,68.9,0.424,3.256,26.93,240.69,3191.139892578125,3017.0439453125,60.93000030517578,12.579999923706056,97.41000366210938,6.0,0.1095120757818222
2019-12-19,2.98,24.389,67.904,13.0,69.45,0.434,3.166,26.85,240.39,3205.3701171875,3017.06591796875,61.220001220703125,12.5,97.41999816894533,6.0,0.1148340031504631
2019-12-20,2.95,24.396,68.973,12.71,70.36,0.419,3.175,26.47,238.2,3221.219970703125,3004.93798828125,60.43999862670898,12.510000228881836,97.70999908447266,6.0,0.13796687126159668
2019-12-21,2.95,24.396,68.973,12.71,70.36,0.419,3.175,26.47,238.2,3221.219970703125,3004.93798828125,60.43999862670898,12.510000228881836,97.70999908447266,6.0,0.1363537311553955
2019-12-22,2.95,24.396,68.973,12.71,70.36,0.419,3.175,26.47,238.2,3221.219970703125,3004.93798828125,60.43999862670898,12.510000228881836,97.70999908447266,6.0,0.12258464097976685
2019-12-23,2.92,24.173,67.991,12.85,72.43,0.421,3.289,26.47,237.22,3224.010009765625,2962.7509765625,60.52000045776367,12.609999656677246,97.66000366210938,6.0,0.13316605985164642
2019-12-24,2.91,24.172,68.085,12.99,72.32,0.425,3.497,26.67,243.21,3223.3798828125,2982.680908203125,61.11000061035156,12.670000076293944,97.6500015258789,6.0,0.1498924344778061
2019-12-25,2.91,24.172,68.085,12.99,72.32,0.425,3.497,26.67,243.49,3223.3798828125,2981.881103515625,61.11000061035156,12.670000076293944,97.6500015258789,6.0,0.15897783637046814
2019-12-26,2.91,24.172,68.085,12.99,72.32,0.425,3.497,26.67,244.45,3239.909912109375,3007.35498046875,61.68000030517578,12.649999618530272,97.58999633789062,6.0,0.15773577988147736
2019-12-27,2.99,24.626,68.989,13.03,72.01,0.478,3.49,27.02,250.24,3240.02001953125,3005.035888671875,61.720001220703125,13.43000030517578,96.91999816894533,6.0,0.17506754398345947
2019-12-28,2.99,24.626,68.989,13.03,72.01,0.478,3.49,27.02,250.24,3240.02001953125,3005.035888671875,61.720001220703125,13.43000030517578,96.91999816894533,6.0,0.20448711514472961
2019-12-29,2.99,24.626,68.989,13.03,72.01,0.478,3.49,27.02,250.24,3240.02001953125,3005.035888671875,61.720001220703125,13.43000030517578,96.91999816894533,6.0,0.19730244576931
2019-12-30,2.98,24.549,68.543,13.01,71.93,0.493,3.502,27.03,252.72,3221.2900390625,3040.02392578125,61.68000030517578,14.81999969482422,96.73999786376952,6.0,0.17633052170276642
2019-12-31,2.99,24.331,67.995,13.12,73.04,0.498,3.574,27.36,251.93,3230.780029296875,3050.1240234375,61.060001373291016,13.779999732971191,96.38999938964844,6.0,0.18696558475494385
2020-01-01,2.99,24.331,67.995,13.12,73.04,0.498,3.574,27.36,251.93,3230.780029296875,3050.1240234375,61.060001373291016,13.779999732971191,96.38999938964844,5.0,0.17763486504554749
2020-01-02,3.03,24.252,68.23,13.2,72.61,0.514,3.637,27.48,255.59,3257.85009765625,3085.197998046875,61.18000030517578,12.470000267028809,96.8499984741211,5.0,0.17140810191631317
2020-01-03,3.03,24.231,67.961,12.8,71.57,0.521,3.731,27.17,256.89,3234.85009765625,3083.785888671875,63.04999923706055,14.020000457763672,96.83999633789062,5.0,0.17972403764724731
2020-01-04,3.03,24.231,67.961,12.8,71.57,0.521,3.731,27.17,256.89,3234.85009765625,3083.785888671875,63.04999923706055,14.020000457763672,96.83999633789062,5.0,0.16753116250038147
2020-01-05,3.03,24.231,67.961,12.8,71.57,0.521,3.731,27.17,256.89,3234.85009765625,3083.785888671875,63.04999923706055,14.020000457763672,96.83999633789062,5.0,0.15408076345920563
2020-01-06,2.98,24.343,67.69,12.85,71.49,0.528,4.096,26.82,256.61,3246.280029296875,3083.407958984375,63.27000045776367,13.850000381469728,96.66999816894533,5.0,0.14656896889209747
2020-01-07,2.98,24.186,67.401,13.05,72.43,0.517,4.112,26.92,258.91,3237.179931640625,3104.802001953125,62.70000076293945,13.789999961853027,96.9800033569336,5.0,0.12994416058063507
2020-01-08,3.01,24.188,66.789,13.18,71.18,0.525,4.182,26.78,254.84,3253.050048828125,3066.89306640625,59.61000061035156,13.449999809265137,97.3000030517578,5.0,0.11676669120788574
2020-01-09,2.98,24.44,67.591,12.96,72.74,0.521,4.214,26.6,259.64,3274.699951171875,3094.882080078125,59.560001373291016,12.539999961853027,97.4499969482422,5.0,0.12209191173315048
2020-01-10,3.0,24.517,68.184,12.9,72.1,0.509,4.242,26.85,261.5,3265.35009765625,3092.291015625,59.040000915527344,12.5600004196167,97.36000061035156,5.0,0.13907290995121002
2020-01-11,3.0,24.517,68.184,12.9,72.1,0.509,4.242,26.85,261.5,3265.35009765625,3092.291015625,59.040000915527344,12.5600004196167,97.36000061035156,5.0,0.13433898985385895
2020-01-12,3.0,24.517,68.184,12.9,72.1,0.509,4.242,26.85,261.5,3265.35009765625,3092.291015625,59.040000915527344,12.5600004196167,97.36000061035156,5.0,0.14978031814098358
2020-01-13,3.01,24.297,67.971,13.53,75.86,0.515,4.309,26.95,265.1,3288.1298828125,3115.570068359375,58.08000183105469,12.31999969482422,97.3499984741211,5.0,0.14804577827453613
2020-01-14,3.02,24.606,69.2,13.21,78.18,0.525,4.504,26.85,274.05,3283.14990234375,3106.820068359375,58.22999954223633,12.390000343322754,97.37000274658205,5.0,0.13865260779857635
2020-01-15,3.01,24.693,68.833,12.98,80.12,0.506,4.365,26.76,267.68,3289.2900390625,3090.0400390625,57.810001373291016,12.420000076293944,97.2300033569336,5.0,0.14132270216941833
2020-01-16,3.03,24.648,68.8,12.85,80.42,0.499,4.341,27.01,265.73,3316.81005859375,3074.0810546875,58.52000045776367,12.31999969482422,97.31999969482422,5.0,0.14813031256198883
2020-01-17,3.03,24.842,69.761,12.87,80.9,0.507,4.357,27.74,265.89,3329.6201171875,3075.49609375,58.540000915527344,12.100000381469728,97.61000061035156,5.0,0.14779697358608246
2020-01-18,3.03,24.842,69.761,12.87,80.9,0.507,4.357,27.74,265.89,3329.6201171875,3075.49609375,58.540000915527344,12.100000381469728,97.61000061035156,5.0,0.1316641867160797
2020-01-19,3.03,24.842,69.761,12.87,80.9,0.507,4.357,27.74,265.89,3329.6201171875,3075.49609375,58.540000915527344,12.100000381469728,97.61000061035156,5.0,0.14781248569488525
2020-01-20,3.01,25.234,70.39,12.87,80.9,0.506,4.427,27.68,267.1,3329.6201171875,3095.787109375,58.540000915527344,12.100000381469728,97.61000061035156,5.0,0.13504964113235474
2020-01-21,2.97,25.107,70.275,12.27,81.32,0.493,4.272,27.26,260.49,3320.7900390625,3052.139892578125,58.34000015258789,12.850000381469728,97.52999877929688,5.0,0.12216432392597198
2020-01-22,2.96,25.113,70.889,12.32,81.38,0.496,4.516,27.33,262.41,3321.75,3060.7548828125,56.7400016784668,12.90999984741211,97.52999877929688,5.0,0.11749403923749924
2020-01-23,2.87,25.041,70.124,11.97,81.9,0.481,4.466,26.34,256.36,3325.5400390625,2976.528076171875,55.59000015258789,12.979999542236328,97.69000244140624,5.0,0.10502488911151886
2020-01-24,2.89,24.592,67.957,11.84,81.18,0.486,4.466,26.47,255.3,3295.469970703125,2976.528076171875,54.18999862670898,14.5600004196167,97.8499984741211,5.0,0.07871272414922714
2020-01-25,2.89,24.592,67.957,11.84,81.18,0.486,4.466,26.47,255.3,3295.469970703125,2976.528076171875,54.18999862670898,14.5600004196167,97.8499984741211,5.0,0.08846545964479446
2020-01-26,2.89,24.592,67.957,11.84,81.18,0.486,4.466,26.47,255.3,3295.469970703125,2976.528076171875,54.18999862670898,14.5600004196167,97.8499984741211,5.0,0.09876604378223419
2020-01-27,2.77,24.592,67.957,10.9,78.94,0.486,4.466,25.19,251.33,3243.6298828125,2976.528076171875,53.13999938964844,18.229999542236328,97.95999908447266,5.0,0.10130748152732849
2020-01-28,2.84,23.542,65.22,11.3,80.2,0.486,4.466,25.39,246.95,3276.239990234375,2976.528076171875,53.47999954223633,16.280000686645508,98.0199966430664,5.0,0.10158029943704605
2020-01-29,2.85,23.655,65.419,11.29,80.73,0.462,4.466,25.31,248.49,3273.39990234375,2976.528076171875,53.33000183105469,16.389999389648438,97.98999786376952,5.0,0.09279345721006393
2020-01-30,2.84,23.332,64.286,11.32,80.78,0.446,4.466,25.25,243.81,3283.659912109375,2976.528076171875,52.13999938964844,15.489999771118164,97.87000274658205,5.0,0.07998519390821457
2020-01-31,2.81,23.473,63.747,11.1,80.28,0.439,4.466,24.89,242.5765,3225.52001953125,2976.528076171875,51.560001373291016,18.84000015258789,97.38999938964844,5.0,0.06675195693969727
2020-02-01,2.81,23.473,63.747,11.1,80.28,0.439,4.466,24.89,242.5765,3225.52001953125,2976.528076171875,51.560001373291016,18.84000015258789,97.38999938964844,5.0,0.04825317859649658
2020-02-02,2.81,23.473,63.747,11.1,80.28,0.439,4.466,24.89,242.5765,3225.52001953125,2976.528076171875,51.560001373291016,18.84000015258789,97.38999938964844,5.0,0.05250859633088112
2020-02-03,2.76,22.788,62.515,11.44,80.79,0.424,3.971,24.58,228.8,3248.919921875,2746.60595703125,50.11000061035156,17.969999313354492,97.8000030517578,5.0,0.03192129731178284
2020-02-04,2.91,22.981,63.256,12.04,90.43,0.439,4.382,25.57,232.07,3297.590087890625,2783.2880859375,49.61000061035156,16.049999237060547,97.95999908447266,5.0,0.012543795630335808
2020-02-05,2.95,23.356,64.041,12.41,87.58,0.439,4.682,25.58,243.87,3334.68994140625,2818.087890625,50.75,15.149999618530272,98.2699966430664,5.0,0.03694092109799385
2020-02-06,2.96,23.694,64.359,12.32,86.95,0.453,4.81,25.63,241.87,3345.780029296875,2866.510009765625,50.95000076293945,14.960000038146973,98.5,5.0,0.034914158284664154
2020-02-07,2.88,23.032,63.348,11.8,82.54,0.456,4.79,24.88,235.3,3327.7099609375,2875.9599609375,50.31999969482422,15.470000267028809,98.68000030517578,5.0,0.020568687468767166
2020-02-08,2.88,23.032,63.348,11.8,82.54,0.456,4.79,24.88,235.3,3327.7099609375,2875.9599609375,50.31999969482422,15.470000267028809,98.68000030517578,5.0,0.0281917005777359
2020-02-09,2.88,23.032,63.348,11.8,82.54,0.456,4.79,24.88,235.3,3327.7099609375,2875.9599609375,50.31999969482422,15.470000267028809,98.68000030517578,5.0,0.04465359449386597
2020-02-10,2.84,22.86,63.403,12.17,83.25,0.455,5.282,24.71,239.29,3352.090087890625,2890.488037109375,49.56999969482422,15.039999961853027,98.83000183105467,5.0,0.048467546701431274
2020-02-11,2.89,23.048,63.866,12.4,84.71,0.467,5.449,25.24,243.87,3357.75,2901.669921875,49.93999862670898,15.18000030517578,98.72000122070312,5.0,0.052247822284698486
2020-02-12,2.96,23.035,63.36,12.67,86.83,0.475,5.988,26.5,254.13,3379.449951171875,2926.89892578125,51.16999816894531,13.739999771118164,99.0500030517578,5.0,0.04519167169928551
2020-02-13,2.97,23.053,63.512,12.61,87.93,0.48,6.091,26.41,256.42,3373.93994140625,2906.073974609375,51.41999816894531,14.149999618530272,99.06999969482422,5.0,0.05440006032586098
2020-02-14,2.92,23.102,63.232,12.24,89.64,0.493,5.908,25.94,257.27,3380.159912109375,2917.008056640625,52.04999923706055,13.68000030517578,99.12000274658205,5.0,0.04999363049864769
2020-02-15,2.92,23.102,63.232,12.24,89.64,0.493,5.908,25.94,257.27,3380.159912109375,2917.008056640625,52.04999923706055,13.68000030517578,99.12000274658205,5.0,0.049594003707170486
2020-02-16,2.92,23.102,63.232,12.24,89.64,0.493,5.908,25.94,257.27,3380.159912109375,2917.008056640625,52.04999923706055,13.68000030517578,99.12000274658205,5.0,0.04813826456665993
2020-02-17,2.95,22.995,63.355,12.24,89.64,0.501,6.344,25.98,259.06,3380.159912109375,2983.6220703125,52.04999923706055,13.68000030517578,99.12000274658205,5.0,0.04948766529560089
2020-02-18,2.81,23.08,63.384,12.02,88.7,0.493,6.149,25.36,255.0,3370.2900390625,2984.971923828125,52.04999923706055,14.829999923706056,99.45999908447266,5.0,0.0348297581076622
2020-02-19,2.87,22.882,63.157,12.1,89.34,0.502,5.954,25.62,248.37,3386.14990234375,2975.402099609375,53.290000915527344,14.380000114440918,99.5999984741211,5.0,0.02909831702709198
2020-02-20,2.82,22.688,62.621,12.08,94.31,0.492,5.988,25.96,245.59,3373.22998046875,3030.154052734375,53.77999877929688,15.5600004196167,99.87000274658205,5.0,0.009077072143554688
2020-02-21,2.79,22.552,62.447,11.94,92.43,0.498,5.864,26.17,243.74,3337.75,3039.6689453125,53.380001068115234,17.079999923706055,99.26000213623048,5.0,-0.01030961237847805
2020-02-22,2.79,22.552,62.447,11.94,92.43,0.498,5.864,26.17,243.74,3337.75,3039.6689453125,53.380001068115234,17.079999923706055,99.26000213623048,5.0,-0.013428506441414356
2020-02-23,2.79,22.552,62.447,11.94,92.43,0.498,5.864,26.17,243.74,3337.75,3039.6689453125,53.380001068115234,17.079999923706055,99.26000213623048,5.0,-0.012153051793575287
2020-02-24,2.62,21.81,60.683,11.24,89.61,0.494,5.588,23.85,233.48,3225.889892578125,3031.23291015625,51.43000030517578,25.030000686645508,99.29000091552734,5.0,-0.0017731143161654472
2020-02-25,2.6,21.356,59.607,10.73,85.83,0.471,6.161,23.94,231.87,3128.2099609375,3013.050048828125,49.900001525878906,27.850000381469727,98.97000122070312,5.0,-0.01294004824012518
2020-02-26,2.57,20.711,57.995,10.46,85.65,0.467,6.009,23.82,225.62,3116.389892578125,2987.928955078125,48.72999954223633,27.559999465942383,99.0,5.0,-0.00613718805834651
2020-02-27,2.46,20.58,57.279,9.8,80.8,0.47,5.765,22.64,220.94,2978.760009765625,2991.330078125,47.09000015258789,39.15999984741211,98.44000244140624,5.0,-0.020593155175447464
2020-02-28,2.37,19.473,54.793,9.96,81.85,0.449,5.311,21.81,208.77,2954.219970703125,2880.303955078125,44.7599983215332,40.11000061035156,98.12999725341795,5.0,-0.07489538937807083
2020-02-29,2.37,19.473,54.793,9.96,81.85,0.449,5.311,21.81,208.77,2954.219970703125,2880.303955078125,44.7599983215332,40.11000061035156,98.12999725341795,5.0,-0.12390852719545364
2020-03-01,2.37,19.473,54.793,9.96,81.85,0.449,5.311,21.81,208.77,2954.219970703125,2880.303955078125,44.7599983215332,40.11000061035156,98.12999725341795,5.0,-0.166220024228096
2020-03-02,2.36,19.417,54.415,10.5,84.3,0.452,5.47,22.33,214.51,3090.22998046875,2970.930908203125,46.75,33.41999816894531,97.36000061035156,5.0,-0.17393243312835693
2020-03-03,2.35,19.92,56.379,10.07,82.79,0.452,5.621,23.15,216.23,3003.3701171875,2992.89697265625,47.18000030517578,36.81999969482422,97.1500015258789,5.0,-0.20370128750801086
2020-03-04,2.38,19.859,57.523,10.45,86.27,0.457,5.682,23.43,217.47,3130.1201171875,3011.666015625,46.77999877929688,31.989999771118164,97.33999633789062,5.0,-0.24163411557674408
2020-03-05,2.32,19.678,56.421,9.99,84.77,0.45,5.566,22.65,217.03,3023.93994140625,3071.677001953125,45.900001525878906,39.619998931884766,96.81999969482422,5.0,-0.23186519742012024
2020-03-06,2.17,19.063,55.334,9.43,82.6,0.446,5.587,20.83,213.02,2972.3701171875,3034.510986328125,41.27999877929688,41.93999862670898,95.9499969482422,5.0,-0.24616774916648865
2020-03-07,2.17,19.063,55.334,9.43,82.6,0.446,5.587,20.83,213.02,2972.3701171875,3034.510986328125,41.27999877929688,41.93999862670898,95.9499969482422,5.0,-0.25900423526763916
2020-03-08,2.17,19.063,55.334,9.43,82.6,0.446,5.587,20.83,213.02,2972.3701171875,3034.510986328125,41.27999877929688,41.93999862670898,95.9499969482422,5.0,-0.23735718429088593
2020-03-09,1.92,16.156,51.312,8.23,72.96,0.426,5.158,18.73,197.62,2746.56005859375,2943.291015625,31.1299991607666,54.459999084472656,94.9000015258789,5.0,-0.25847041606903076
2020-03-10,1.92,16.942,52.463,9.0,75.19,0.421,5.372,18.96,206.76,2882.22998046875,2996.761962890625,34.36000061035156,47.29999923706055,96.41000366210938,5.0,-0.2940279245376587
2020-03-11,1.88,16.466,51.731,8.12,70.07,0.42,5.241,18.52,199.34,2741.3798828125,2968.51708984375,32.97999954223633,53.900001525878906,96.51000213623048,5.0,-0.30177462100982666
2020-03-12,1.53,14.615,46.543,7.17,64.79,0.396,5.054,14.74,183.8,2480.639892578125,2923.486083984375,31.5,75.47000122070312,97.47000122070312,5.0,-0.32743364572525024
2020-03-13,1.59,14.708,48.349,7.53,68.01,0.39,4.895,15.57,183.17,2711.02001953125,2887.427001953125,31.729999542236328,57.83000183105469,98.75,5.0,-0.3519495725631714
2020-03-14,1.59,14.708,48.349,7.53,68.01,0.39,4.895,15.57,183.17,2711.02001953125,2887.427001953125,31.729999542236328,57.83000183105469,98.75,5.0,-0.3596571981906891
2020-03-15,1.59,14.708,48.349,7.53,68.01,0.39,4.895,15.57,183.17,2711.02001953125,2887.427001953125,31.729999542236328,57.83000183105469,98.75,5.0,-0.37316641211509705
2020-03-16,1.54,13.725,45.817,6.24,58.96,0.352,4.414,15.03,173.35,2386.1298828125,2789.25390625,28.700000762939453,82.69000244140625,98.08999633789062,5.0,-0.3843020796775818
2020-03-17,1.59,15.066,48.021,6.48,67.06,0.336,4.228,14.87,179.95,2529.18994140625,2779.64111328125,26.950000762939453,75.91000366210938,99.58000183105467,5.0,-0.41203537583351135
2020-03-18,1.43,13.946,44.483,5.31,68.64,0.317,4.161,12.59,170.29,2398.10009765625,2728.756103515625,20.3700008392334,76.44999694824219,101.16000366210938,5.0,-0.4192574918270111
2020-03-19,1.29,13.976,44.59,5.74,61.94,0.304,4.082,11.95,169.21,2409.389892578125,2702.1298828125,25.21999931335449,72.0,102.76000213623048,5.0,-0.4342719614505768
2020-03-20,1.33,13.944,45.86,5.52,53.45,0.343,4.064,12.22,171.95,2304.919921875,2745.617919921875,22.43000030517578,66.04000091552734,102.81999969482422,5.0,-0.453657865524292
2020-03-21,1.33,13.944,45.86,5.52,53.45,0.343,4.064,12.22,171.95,2304.919921875,2745.617919921875,22.43000030517578,66.04000091552734,102.81999969482422,5.0,-0.46963146328926086
2020-03-22,1.33,13.944,45.86,5.52,53.45,0.343,4.064,12.22,171.95,2304.919921875,2745.617919921875,22.43000030517578,66.04000091552734,102.81999969482422,5.0,-0.4916522204875946
2020-03-23,1.24,14.024,44.241,5.39,50.9,0.329,3.665,11.97,160.36,2237.39990234375,2660.169921875,23.36000061035156,61.59000015258789,102.48999786376952,5.0,-0.5054340362548828
2020-03-24,1.44,15.064,45.71,6.99,56.03,0.355,3.956,14.74,169.3,2447.330078125,2722.43798828125,24.01000022888184,61.66999816894531,101.73999786376952,5.0,-0.5198035836219788
2020-03-25,1.52,16.605,48.172,7.25,60.02,0.377,4.255,15.69,176.85,2475.56005859375,2781.591064453125,24.489999771118164,63.95000076293945,101.0500030517578,5.0,-0.5145743489265442
2020-03-26,1.54,16.557,51.542,6.99,60.46,0.372,4.125,16.17,178.45,2630.070068359375,2764.910888671875,22.600000381469727,61.0,99.41999816894533,5.0,-0.5204775333404541
2020-03-27,1.48,15.935,51.011,6.2,55.02,0.369,4.003,15.99,173.03,2541.469970703125,2772.202880859375,21.51000022888184,65.54000091552734,98.37000274658205,5.0,-0.5379467010498047
2020-03-28,1.48,15.935,51.011,6.2,55.02,0.369,4.003,15.99,173.03,2541.469970703125,2772.202880859375,21.51000022888184,65.54000091552734,98.37000274658205,5.0,-0.5402582883834839
2020-03-29,1.48,15.935,51.011,6.2,55.02,0.369,4.003,15.99,173.03,2541.469970703125,2772.202880859375,21.51000022888184,65.54000091552734,98.37000274658205,5.0,-0.5443575978279114
2020-03-30,1.41,16.597,52.117,6.24,55.6,0.373,3.904,15.77,173.53,2626.64990234375,2747.214111328125,20.09000015258789,57.08000183105469,99.18000030517578,5.0,-0.5571833848953247
2020-03-31,1.47,15.831,50.047,6.75,56.37,0.377,4.06,16.7,175.87,2584.590087890625,2750.2958984375,20.479999542236328,53.540000915527344,99.0500030517578,5.0,-0.554648756980896
2020-04-01,1.41,16.338,51.759,6.31,54.84,0.368,4.19,15.45,175.71,2470.5,2734.52197265625,20.309999465942383,57.060001373291016,99.66999816894533,5.0,-0.5639180541038513
2020-04-02,1.51,16.104,51.081,6.39,53.66,0.377,4.339,15.27,175.03,2526.89990234375,2780.637939453125,25.31999969482422,50.90999984741211,100.18000030517578,5.0,-0.5737714171409607
2020-04-03,1.41,16.19,51.426,6.32,52.7,0.379,4.181,14.18,172.55,2488.64990234375,2763.987060546875,28.34000015258789,46.79999923706055,100.58000183105467,5.0,-0.5904629230499268
2020-04-04,1.41,16.19,51.426,6.32,52.7,0.379,4.181,14.18,172.55,2488.64990234375,2763.987060546875,28.34000015258789,46.79999923706055,100.58000183105467,5.0,-0.6172542572021484
2020-04-05,1.41,16.19,51.426,6.32,52.7,0.379,4.181,14.18,172.55,2488.64990234375,2763.987060546875,28.34000015258789,46.79999923706055,100.58000183105467,5.0,-0.6097541451454163
2020-04-06,1.52,17.227,53.058,7.19,56.93,0.377,4.181,15.07,179.06,2663.679931640625,2763.987060546875,26.07999992370605,45.2400016784668,100.69000244140624,5.0,-0.6082438230514526
2020-04-07,1.67,17.404,53.916,7.59,57.0,0.402,4.389,16.72,181.87,2659.409912109375,2820.762939453125,23.6299991607666,46.70000076293945,99.9800033569336,5.0,-0.6058412790298462
2020-04-08,1.63,17.363,53.606,8.03,61.82,0.395,4.319,16.79,184.79,2749.97998046875,2815.368896484375,25.09000015258789,43.34999847412109,100.12000274658205,5.0,-0.5973333120346069
2020-04-09,1.73,17.774,54.641,8.19,67.02,0.402,4.234,17.3,187.97,2789.820068359375,2825.904052734375,22.76000022888184,41.66999816894531,99.5199966430664,5.0,-0.6045213341712952
2020-04-10,1.73,17.774,54.641,8.19,67.02,0.402,4.234,17.3,187.67,2789.820068359375,2796.631103515625,22.76000022888184,41.66999816894531,99.5199966430664,5.0,-0.6046720743179321
2020-04-11,1.73,17.774,54.641,8.19,67.02,0.402,4.234,17.3,187.67,2789.820068359375,2796.631103515625,22.76000022888184,41.66999816894531,99.5199966430664,5.0,-0.5877934694290161
2020-04-12,1.73,17.774,54.641,8.19,67.02,0.402,4.234,17.3,187.67,2789.820068359375,2796.631103515625,22.76000022888184,41.66999816894531,99.5199966430664,5.0,-0.5834525227546692
2020-04-13,1.73,17.774,54.641,8.19,67.02,0.402,4.234,17.3,187.05,2761.6298828125,2783.048095703125,22.40999984741211,41.16999816894531,99.3499984741211,5.0,-0.5729629397392273
2020-04-14,1.73,18.154,56.424,8.32,63.68,0.424,4.271,17.25,193.82,2846.06005859375,2827.282958984375,20.11000061035156,37.7599983215332,98.88999938964844,5.0,-0.5603631138801575
2020-04-15,1.61,17.681,54.715,7.67,58.25,0.421,4.399,16.1,187.24,2783.360107421875,2811.174072265625,19.8700008392334,40.84000015258789,99.45999908447266,5.0,-0.5770338177680969
2020-04-16,1.57,17.348,54.051,7.58,58.57,0.428,4.412,15.89,183.85,2799.550048828125,2819.93505859375,19.8700008392334,40.11000061035156,100.02999877929688,5.0,-0.5831170082092285
2020-04-17,1.69,17.725,56.175,8.34,61.47,0.426,4.496,16.88,189.09,2874.56005859375,2838.4951171875,18.270000457763672,38.150001525878906,99.77999877929688,5.0,-0.5883084535598755
2020-04-18,1.69,17.725,56.175,8.34,61.47,0.426,4.496,16.88,189.09,2874.56005859375,2838.4951171875,18.270000457763672,38.150001525878906,99.77999877929688,5.0,-0.5847578644752502
2020-04-19,1.69,17.725,56.175,8.34,61.47,0.426,4.496,16.88,189.09,2874.56005859375,2838.4951171875,18.270000457763672,38.150001525878906,99.77999877929688,5.0,-0.6025900840759277
2020-04-20,1.7,17.385,54.337,8.02,60.0,0.43,4.456,16.6,187.68,2823.159912109375,2852.552978515625,-37.630001068115234,43.83000183105469,99.95999908447266,5.0,-0.6165955662727356
2020-04-21,1.57,16.803,52.738,7.41,57.86,0.431,4.291,15.52,182.47,2736.56005859375,2827.012939453125,10.010000228881836,45.40999984741211,100.26000213623048,5.0,-0.6184510588645935
2020-04-22,1.65,16.31,51.928,7.64,59.45,0.428,4.29,15.92,182.62,2799.31005859375,2843.97998046875,13.779999732971191,41.97999954223633,100.38999938964844,5.0,-0.6207011342048645
2020-04-23,1.69,16.871,52.834,7.81,60.66,0.441,4.175,16.49,185.96,2797.800048828125,2838.4990234375,16.5,41.380001068115234,100.43000030517578,5.0,-0.6262674331665039
2020-04-24,1.65,17.363,53.749,8.48,61.53,0.449,4.267,16.42,184.38,2836.739990234375,2808.529052734375,16.940000534057617,35.93000030517578,100.37999725341795,5.0,-0.6486043334007263
2020-04-25,1.65,17.363,53.749,8.48,61.53,0.449,4.267,16.42,184.38,2836.739990234375,2808.529052734375,16.940000534057617,35.93000030517578,100.37999725341795,5.0,-0.6425997018814087
2020-04-26,1.65,17.363,53.749,8.48,61.53,0.449,4.267,16.42,184.38,2836.739990234375,2808.529052734375,16.940000534057617,35.93000030517578,100.37999725341795,5.0,-0.6368735432624817
2020-04-27,1.67,17.554,54.246,8.85,62.25,0.427,4.216,16.35,188.89,2878.47998046875,2815.4951171875,12.779999732971191,33.290000915527344,100.04000091552734,5.0,-0.6365039944648743
2020-04-28,1.73,17.619,53.688,8.92,64.31,0.413,4.324,17.11,188.76,2863.389892578125,2810.02392578125,12.34000015258789,33.56999969482422,99.87000274658205,5.0,-0.6223142743110657
2020-04-29,1.85,18.163,54.067,9.26,64.67,0.413,4.329,17.97,192.28,2939.510009765625,2822.44189453125,15.0600004196167,31.229999542236328,99.56999969482422,5.0,-0.6133831143379211
2020-04-30,1.77,18.752,54.952,8.83,61.43,0.413,4.685,16.92,197.24,2912.429931640625,2860.08203125,18.84000015258789,34.150001525878906,99.0199966430664,5.0,-0.6056413650512695
2020-05-01,1.67,17.052,51.13,8.46,57.44,0.413,4.685,16.17,192.02,2830.7099609375,2860.08203125,19.780000686645508,37.18999862670898,98.8000030517578,6.0,-0.6116852760314941
2020-05-02,1.67,17.052,51.13,8.46,57.44,0.413,4.685,16.17,192.02,2830.7099609375,2860.08203125,19.780000686645508,37.18999862670898,98.8000030517578,6.0,-0.606799304485321
2020-05-03,1.67,17.052,51.13,8.46,57.44,0.413,4.685,16.17,192.02,2830.7099609375,2860.08203125,19.780000686645508,37.18999862670898,98.8000030517578,6.0,-0.6183079481124878
2020-05-04,1.64,17.096,50.394,8.7,57.26,0.404,4.685,16.0,189.77,2842.739990234375,2860.08203125,20.38999938964844,35.970001220703125,99.4800033569336,6.0,-0.6187433004379272
2020-05-05,1.71,17.571,51.325,8.8,58.47,0.42,4.685,16.32,192.84,2868.43994140625,2860.08203125,24.559999465942383,33.61000061035156,99.70999908447266,6.0,-0.6102781891822815
2020-05-06,1.71,17.329,50.616,8.59,57.93,0.421,4.922,16.06,195.27,2848.419921875,2878.139892578125,23.989999771118164,34.119998931884766,100.08999633789062,6.0,-0.6074264049530029
2020-05-07,1.75,17.925,51.059,8.97,59.74,0.414,5.083,17.22,192.96,2881.18994140625,2871.52294921875,23.549999237060547,31.440000534057617,99.88999938964844,6.0,-0.623646080493927
2020-05-08,1.75,17.925,51.059,8.97,59.74,0.414,5.083,17.22,198.1,2929.800048828125,2895.340087890625,24.739999771118164,27.979999542236328,99.7300033569336,6.0,-0.6393429040908813
2020-05-09,1.75,17.925,51.059,8.97,59.74,0.414,5.083,17.22,198.1,2929.800048828125,2895.340087890625,24.739999771118164,27.979999542236328,99.7300033569336,6.0,-0.6443581581115723
2020-05-10,1.75,17.925,51.059,8.97,59.74,0.414,5.083,17.22,198.1,2929.800048828125,2895.340087890625,24.739999771118164,27.979999542236328,99.7300033569336,6.0,-0.6598564982414246
2020-05-11,1.75,18.226,52.564,8.98,64.41,0.421,4.908,16.72,197.36,2930.18994140625,2894.800048828125,24.13999938964844,27.56999969482422,100.23999786376952,6.0,-0.6504506468772888
2020-05-12,1.73,17.695,51.542,8.67,59.26,0.408,4.973,16.74,194.38,2870.1201171875,2891.555908203125,25.780000686645508,33.040000915527344,99.93000030517578,6.0,-0.6579837799072266
2020-05-13,1.62,17.82,52.12,8.4,59.92,0.41,5.073,16.0,193.21,2820.0,2898.050048828125,25.290000915527344,35.279998779296875,100.23999786376952,6.0,-0.6472452282905579
2020-05-14,1.6,17.61,51.89,8.29,59.71,0.409,4.939,15.84,190.98,2852.5,2870.342041015625,27.559999465942383,32.61000061035156,100.47000122070312,6.0,-0.6477416157722473
2020-05-15,1.64,18.087,52.812,8.48,61.35,0.418,5.16,16.48,192.1,2863.699951171875,2868.458984375,29.43000030517578,31.88999938964844,100.4000015258789,6.0,-0.6662977933883667
2020-05-16,1.64,18.087,52.812,8.48,61.35,0.418,5.16,16.48,192.1,2863.699951171875,2868.458984375,29.43000030517578,31.88999938964844,100.4000015258789,6.0,-0.6646735668182373
2020-05-17,1.64,18.087,52.812,8.48,61.35,0.418,5.16,16.48,192.1,2863.699951171875,2868.458984375,29.43000030517578,31.88999938964844,100.4000015258789,6.0,-0.6486316323280334
2020-05-18,1.77,19.225,56.817,9.18,63.93,0.439,5.02,18.52,199.24,2953.909912109375,2875.41796875,31.81999969482422,29.299999237060547,99.66999816894533,6.0,-0.6425930261611938
2020-05-19,1.81,20.398,59.591,9.14,63.51,0.435,5.024,18.73,200.35,2922.93994140625,2898.575927734375,32.5,30.530000686645508,99.37000274658205,6.0,-0.6376049518585205
2020-05-20,1.8,20.394,59.918,9.12,68.14,0.446,5.191,19.05,203.56,2971.610107421875,2883.738037109375,33.4900016784668,27.989999771118164,99.12000274658205,6.0,-0.6373119950294495
2020-05-21,1.76,20.17,59.004,8.9,67.97,0.429,4.927,18.59,204.15,2948.510009765625,2867.924072265625,33.91999816894531,29.530000686645508,99.37000274658205,6.0,-0.6165823936462402
2020-05-22,1.73,19.97,57.571,8.74,68.11,0.41,4.746,18.13,201.12,2955.449951171875,2813.764892578125,33.25,28.15999984741211,99.86000061035156,6.0,-0.6470370292663574
2020-05-23,1.73,19.97,57.571,8.74,68.11,0.41,4.746,18.13,201.12,2955.449951171875,2813.764892578125,33.25,28.15999984741211,99.86000061035156,6.0,-0.6580420732498169
2020-05-24,1.73,19.97,57.571,8.74,68.11,0.41,4.746,18.13,201.12,2955.449951171875,2813.764892578125,33.25,28.15999984741211,99.86000061035156,6.0,-0.6314547657966614
2020-05-25,1.73,19.97,57.571,8.74,68.11,0.41,4.746,18.13,201.73,2955.449951171875,2817.969970703125,33.25,28.15999984741211,99.86000061035156,6.0,-0.635428786277771
2020-05-26,1.81,21.023,60.178,9.26,74.93,0.406,4.881,18.97,206.55,2991.77001953125,2846.547119140625,34.349998474121094,28.01000022888184,98.91000366210938,6.0,-0.6158812642097473
2020-05-27,1.84,20.312,58.441,9.29,75.04,0.4,4.781,19.43,208.88,3036.1298828125,2836.803955078125,32.810001373291016,27.6200008392334,99.05999755859376,6.0,-0.6006820797920227
2020-05-28,1.85,20.772,59.924,9.09,75.93,0.408,4.852,20.02,209.84,3029.72998046875,2846.221923828125,33.709999084472656,28.59000015258789,98.37999725341795,6.0,-0.5988375544548035
2020-05-29,1.77,20.56,60.056,9.07,76.52,0.4,4.956,19.93,207.64,3044.31005859375,2852.35107421875,35.4900016784668,27.51000022888184,98.33999633789062,6.0,-0.6209044456481934
2020-05-30,1.77,20.56,60.056,9.07,76.52,0.4,4.956,19.93,207.64,3044.31005859375,2852.35107421875,35.4900016784668,27.51000022888184,98.33999633789062,6.0,-0.6085554361343384
2020-05-31,1.77,20.56,60.056,9.07,76.52,0.4,4.956,19.93,207.64,3044.31005859375,2852.35107421875,35.4900016784668,27.51000022888184,98.33999633789062,6.0,-0.6003312468528748
2020-06-01,1.88,21.612,63.748,9.34,77.42,0.412,5.161,20.15,214.0,3055.72998046875,2915.430908203125,35.439998626708984,28.229999542236328,97.83000183105467,6.0,-0.5783258676528931
2020-06-02,1.94,21.736,64.484,9.75,78.59,0.405,5.091,20.97,216.21,3080.820068359375,2921.39794921875,36.810001373291016,26.84000015258789,97.66999816894533,6.0,-0.6009994745254517
2020-06-03,2.03,22.388,65.019,10.14,78.94,0.409,5.02,21.55,221.68,3122.8701171875,2923.37109375,37.290000915527344,25.65999984741211,97.27999877929688,6.0,-0.6056200265884399
2020-06-04,2.04,22.444,65.891,10.2,79.97,0.41,5.082,21.29,227.22,3112.35009765625,2919.2509765625,37.40999984741211,25.809999465942383,96.68000030517578,6.0,-0.6144870519638062
2020-06-05,2.19,22.54,66.272,10.86,84.31,0.405,5.063,22.44,234.59,3193.929931640625,2930.799072265625,39.54999923706055,24.520000457763672,96.94000244140624,6.0,-0.6169697046279907
2020-06-06,2.19,22.54,66.272,10.86,84.31,0.405,5.063,22.44,234.59,3193.929931640625,2930.799072265625,39.54999923706055,24.520000457763672,96.94000244140624,6.0,-0.6157018542289734
2020-06-07,2.19,22.54,66.272,10.86,84.31,0.405,5.063,22.44,234.59,3193.929931640625,2930.799072265625,39.54999923706055,24.520000457763672,96.94000244140624,6.0,-0.6147226095199585
2020-06-08,2.21,22.54,66.272,11.25,86.74,0.421,5.058,22.55,237.77,3232.389892578125,2937.77099609375,38.18999862670898,25.809999465942383,96.62000274658205,6.0,-0.6089856624603271
2020-06-09,2.16,23.33,68.066,11.27,85.0,0.432,5.253,22.55,237.88,3207.179931640625,2956.112060546875,38.93999862670898,27.56999969482422,96.31999969482422,6.0,-0.6192108392715454
2020-06-10,2.18,23.363,67.817,11.47,83.86,0.432,5.217,22.61,234.43,3190.139892578125,2943.7529296875,39.59999847412109,27.56999969482422,95.95999908447266,6.0,-0.6075403094291687
2020-06-11,2.04,22.434,65.36,9.91,74.52,0.44,5.221,21.26,223.59,3002.10009765625,2920.89697265625,36.34000015258789,40.790000915527344,96.7300033569336,6.0,-0.6004748940467834
2020-06-12,2.07,21.99,64.741,10.49,77.32,0.434,5.07,21.73,218.68,3041.31005859375,2919.740966796875,36.2599983215332,36.09000015258789,97.31999969482422,6.0,-0.6191781163215637
2020-06-13,2.07,21.99,64.741,10.49,77.32,0.434,5.07,21.73,218.68,3041.31005859375,2919.740966796875,36.2599983215332,36.09000015258789,97.31999969482422,6.0,-0.6221007704734802
2020-06-14,2.07,21.99,64.741,10.49,77.32,0.434,5.07,21.73,218.68,3041.31005859375,2919.740966796875,36.2599983215332,36.09000015258789,97.31999969482422,6.0,-0.6236922144889832
2020-06-15,2.03,21.713,64.642,10.47,76.41,0.414,5.024,21.22,208.28,3066.590087890625,2890.030029296875,37.119998931884766,34.400001525878906,96.68000030517578,6.0,-0.6264861822128296
2020-06-16,2.08,22.238,66.111,10.78,79.23,0.41,5.257,21.75,218.86,3124.739990234375,2931.75,38.380001068115234,33.66999816894531,96.95999908447266,6.0,-0.6181574463844299
2020-06-17,2.07,22.075,65.643,10.7,79.17,0.412,5.243,21.62,218.03,3113.489990234375,2935.8701171875,37.959999084472656,33.470001220703125,97.16000366210938,6.0,-0.6134070754051208
2020-06-18,2.04,21.771,64.505,10.56,78.81,0.434,5.459,21.2,215.11,3115.340087890625,2939.320068359375,38.84000015258789,32.939998626708984,97.41999816894533,6.0,-0.6231551170349121
2020-06-19,2.03,21.297,63.45,10.5,78.35,0.432,5.506,21.48,215.66,3097.739990234375,2967.6298828125,39.75,35.119998931884766,97.62000274658205,6.0,-0.6098574995994568
2020-06-20,2.03,21.297,63.45,10.5,78.35,0.432,5.506,21.48,215.66,3097.739990234375,2967.6298828125,39.75,35.119998931884766,97.62000274658205,6.0,-0.6068686246871948
2020-06-21,2.03,21.297,63.45,10.5,78.35,0.432,5.506,21.48,215.66,3097.739990234375,2967.6298828125,39.75,35.119998931884766,97.62000274658205,6.0,-0.5934045910835266
2020-06-22,1.98,21.74,64.407,10.79,75.78,0.441,5.619,21.7,215.95,3117.860107421875,2965.27197265625,40.459999084472656,31.770000457763672,97.04000091552734,6.0,-0.5882957577705383
2020-06-23,2.06,21.988,65.534,11.08,76.12,0.449,5.632,22.41,216.69,3131.2900390625,2970.6201171875,40.369998931884766,31.3700008392334,96.69000244140624,6.0,-0.5646500587463379
2020-06-24,1.98,21.967,65.412,10.57,73.32,0.453,5.453,21.56,211.94,3050.330078125,2979.551025390625,38.0099983215332,33.84000015258789,97.1500015258789,6.0,-0.562912106513977
2020-06-25,1.99,21.487,64.46,11.08,73.95,0.453,5.453,21.71,210.22,3083.760009765625,2979.551025390625,38.720001220703125,32.220001220703125,97.43000030517578,6.0,-0.574524462223053
2020-06-26,1.97,22.02,65.503,10.79,74.64,0.455,5.453,21.54,207.93,3009.050048828125,2979.551025390625,38.4900016784668,34.72999954223633,97.5,6.0,-0.5820798277854919
2020-06-27,1.97,22.02,65.503,10.79,74.64,0.455,5.453,21.54,207.93,3009.050048828125,2979.551025390625,38.4900016784668,34.72999954223633,97.5,6.0,-0.5750736594200134
2020-06-28,1.97,22.02,65.503,10.79,74.64,0.455,5.453,21.54,207.93,3009.050048828125,2979.551025390625,38.4900016784668,34.72999954223633,97.5,6.0,-0.562727689743042
2020-06-29,2.0,21.623,64.402,11.04,76.33,0.457,5.397,21.78,207.12,3053.239990234375,2961.51611328125,39.70000076293945,31.780000686645508,97.54000091552734,6.0,-0.5513492822647095
2020-06-30,2.03,22.013,65.218,11.57,77.21,0.466,5.416,22.01,209.88,3100.2900390625,2984.674072265625,39.27000045776367,30.43000030517578,97.38999938964844,6.0,-0.540351390838623
2020-07-01,2.0,22.052,64.792,11.49,76.06,0.466,5.525,21.61,211.46,3115.860107421875,3025.98095703125,39.81999969482422,28.6200008392334,97.1999969482422,6.0,-0.5229560136795044
2020-07-02,2.06,22.194,65.307,11.5,78.56,0.485,5.661,22.17,215.29,3130.010009765625,3090.569091796875,40.650001525878906,27.68000030517578,97.31999969482422,6.0,-0.5235083103179932
2020-07-03,2.03,22.397,64.499,11.5,78.56,0.492,5.761,21.75,217.7,3130.010009765625,3152.81298828125,40.650001525878906,27.68000030517578,97.31999969482422,6.0,-0.5434379577636719
2020-07-04,2.03,22.397,64.499,11.5,78.56,0.492,5.761,21.75,217.7,3130.010009765625,3152.81298828125,40.650001525878906,27.68000030517578,97.31999969482422,6.0,-0.525316596031189
2020-07-05,2.03,22.397,64.499,11.5,78.56,0.492,5.761,21.75,217.7,3130.010009765625,3152.81298828125,40.650001525878906,27.68000030517578,97.31999969482422,6.0,-0.5147498846054077
2020-07-06,2.09,22.134,64.201,12.75,81.22,0.546,6.007,22.06,229.64,3179.719970703125,3332.881103515625,40.630001068115234,27.940000534057617,96.79000091552734,6.0,-0.5046330690383911
2020-07-07,2.1,22.327,64.515,12.73,78.0,0.539,6.61,21.93,230.33,3145.320068359375,3345.3369140625,40.619998931884766,29.43000030517578,96.87999725341795,6.0,-0.48792320489883423
2020-07-08,2.09,22.225,64.344,12.82,77.95,0.601,6.585,22.44,236.09,3169.93994140625,3403.43994140625,40.900001525878906,28.07999992370605,96.43000030517578,6.0,-0.4777211546897888
2020-07-09,2.09,22.605,66.272,12.89,75.75,0.636,6.607,22.56,238.42,3152.050048828125,3450.593994140625,39.619998931884766,29.26000022888184,96.6999969482422,6.0,-0.4580569565296173
2020-07-10,2.12,22.389,65.673,12.97,78.89,0.613,6.551,23.07,236.43,3185.0400390625,3383.322021484375,40.54999923706055,27.290000915527344,96.6500015258789,6.0,-0.46592453122138977
2020-07-11,2.12,22.389,65.673,12.97,78.89,0.613,6.551,23.07,236.43,3185.0400390625,3383.322021484375,40.54999923706055,27.290000915527344,96.6500015258789,6.0,-0.4745982885360718
2020-07-12,2.12,22.389,65.673,12.97,78.89,0.613,6.551,23.07,236.43,3185.0400390625,3383.322021484375,40.54999923706055,27.290000915527344,96.6500015258789,6.0,-0.47176700830459595
2020-07-13,2.14,22.842,66.826,13.02,81.56,0.645,7.134,23.46,247.61,3155.219970703125,3443.285888671875,40.09999847412109,32.189998626708984,96.45999908447266,6.0,-0.46358391642570496
2020-07-14,2.16,23.025,68.112,13.5,84.15,0.619,6.582,23.44,242.07,3197.52001953125,3414.618896484375,40.290000915527344,29.520000457763672,96.26000213623048,6.0,-0.48056256771087646
2020-07-15,2.2,23.708,70.955,13.53,86.6,0.606,6.524,23.34,239.91,3226.56005859375,3361.303955078125,41.20000076293945,27.76000022888184,96.08000183105467,6.0,-0.4581182301044464
2020-07-16,2.18,23.431,69.582,13.47,86.45,0.569,6.065,23.01,233.59,3215.570068359375,3210.09912109375,40.75,28.0,96.3499984741211,6.0,-0.4670388400554657
2020-07-17,2.21,23.618,70.267,13.58,88.46,0.584,6.186,23.38,232.29,3224.72998046875,3214.12890625,40.59000015258789,25.68000030517578,95.94000244140624,6.0,-0.46722307801246643
2020-07-18,2.21,23.618,70.267,13.58,88.46,0.584,6.186,23.38,232.29,3224.72998046875,3214.12890625,40.59000015258789,25.68000030517578,95.94000244140624,6.0,-0.4615611433982849
2020-07-19,2.21,23.618,70.267,13.58,88.46,0.584,6.186,23.38,232.29,3224.72998046875,3214.12890625,40.59000015258789,25.68000030517578,95.94000244140624,6.0,-0.44179344177246094
2020-07-20,2.22,23.966,71.104,13.43,87.04,0.606,6.322,23.6,244.13,3251.840087890625,3314.14892578125,40.810001373291016,24.459999084472656,95.83000183105467,6.0,-0.44875791668891907
2020-07-21,2.23,24.622,72.934,13.38,87.18,0.613,6.369,23.56,248.19,3257.300048828125,3320.89501953125,41.959999084472656,24.84000015258789,95.12000274658205,6.0,-0.45494264364242554
2020-07-22,2.18,23.834,71.938,13.62,87.69,0.622,6.281,23.45,246.92,3276.02001953125,3333.1640625,41.900001525878906,24.31999969482422,94.97000122070312,6.0,-0.4296427369117737
2020-07-23,2.24,23.539,70.833,13.32,87.93,0.623,6.27,23.74,250.82,3235.659912109375,3325.110107421875,41.06999969482422,26.07999992370605,94.69000244140624,6.0,-0.4332078695297241
2020-07-24,2.24,23.451,70.516,13.12,87.04,0.604,5.635,23.76,244.2,3215.6298828125,3196.76806640625,41.290000915527344,25.84000015258789,94.44000244140624,6.0,-0.450573205947876
2020-07-25,2.24,23.451,70.516,13.12,87.04,0.604,5.635,23.76,244.2,3215.6298828125,3196.76806640625,41.290000915527344,25.84000015258789,94.44000244140624,6.0,-0.4621148407459259
2020-07-26,2.24,23.451,70.516,13.12,87.04,0.604,5.635,23.76,244.2,3215.6298828125,3196.76806640625,41.290000915527344,25.84000015258789,94.44000244140624,6.0,-0.4469231367111206
2020-07-27,2.28,23.807,70.952,13.56,85.78,0.645,5.548,24.28,249.22,3239.409912109375,3205.22705078125,41.59999847412109,24.739999771118164,93.66999816894533,6.0,-0.41939371824264526
2020-07-28,2.27,24.248,71.874,13.23,83.7,0.609,5.674,24.37,252.08,3218.43994140625,3227.9599609375,41.040000915527344,25.440000534057617,93.76000213623048,6.0,-0.4210250973701477
2020-07-29,2.27,23.866,71.673,13.3,83.83,0.613,5.815,24.36,251.08,3258.43994140625,3294.552001953125,41.27000045776367,24.100000381469727,93.26000213623048,6.0,-0.41320526599884033
2020-07-30,2.22,24.229,72.506,12.94,83.0,0.594,5.633,23.42,246.6,3246.219970703125,3286.822021484375,39.91999816894531,24.76000022888184,93.0199966430664,6.0,-0.4161657691001892
2020-07-31,2.19,23.37,70.269,12.92,82.46,0.621,5.731,23.24,243.02,3271.1201171875,3310.007080078125,40.27000045776367,24.459999084472656,93.48999786376952,6.0,-0.43731164932250977
2020-08-01,2.19,23.37,70.269,12.92,82.46,0.621,5.731,23.24,243.02,3271.1201171875,3310.007080078125,40.27000045776367,24.459999084472656,93.48999786376952,6.0,-0.4211142957210541
2020-08-02,2.19,23.37,70.269,12.92,82.46,0.621,5.731,23.24,243.02,3271.1201171875,3310.007080078125,40.27000045776367,24.459999084472656,93.48999786376952,6.0,-0.41954416036605835
2020-08-03,2.26,23.682,70.77,13.1,83.33,0.613,5.863,23.72,247.89,3294.610107421875,3367.966064453125,41.0099983215332,24.280000686645508,93.5,6.0,-0.41625964641571045
2020-08-04,2.28,24.175,72.588,12.95,85.33,0.613,6.021,23.32,255.81,3306.510009765625,3371.68994140625,41.70000076293945,23.76000022888184,93.37999725341795,6.0,-0.41330209374427795
2020-08-05,2.46,24.299,72.132,13.97,88.6,0.637,5.989,24.5,264.95,3327.77001953125,3377.56005859375,42.18999862670898,22.989999771118164,92.83000183105467,6.0,-0.4047542214393616
2020-08-06,2.27,25.645,73.607,14.56,83.34,0.679,5.887,24.09,269.11,3349.159912109375,3386.4599609375,41.95000076293945,22.649999618530277,92.79000091552734,6.0,-0.40725672245025635
2020-08-07,2.18,25.044,70.728,13.96,84.44,0.703,5.75,23.4,267.41,3351.280029296875,3354.034912109375,41.220001220703125,22.209999084472656,93.44000244140624,6.0,-0.4148838222026825
2020-08-08,2.18,25.044,70.728,13.96,84.44,0.703,5.75,23.4,267.41,3351.280029296875,3354.034912109375,41.220001220703125,22.209999084472656,93.44000244140624,6.0,-0.42162850499153137
2020-08-09,2.18,25.044,70.728,13.96,84.44,0.703,5.75,23.4,267.41,3351.280029296875,3354.034912109375,41.220001220703125,22.209999084472656,93.44000244140624,6.0,-0.4061824381351471
2020-08-10,2.15,25.36,70.283,14.38,87.22,0.665,5.582,23.63,263.59,3360.469970703125,3379.251953125,41.93999862670898,22.1299991607666,93.58000183105467,6.0,-0.41007179021835327
2020-08-11,2.22,25.564,70.814,13.96,92.45,0.634,5.567,23.84,260.7,3333.68994140625,3340.2900390625,41.61000061035156,24.030000686645508,93.62999725341795,6.0,-0.4112032949924469
2020-08-12,2.24,25.451,70.052,13.97,91.02,0.593,5.952,24.28,258.78,3380.35009765625,3319.26611328125,42.66999816894531,22.280000686645508,93.44000244140624,6.0,-0.39346033334732056
2020-08-13,2.2,25.401,69.991,13.79,91.6,0.591,5.737,23.79,257.22,3373.429931640625,3320.72607421875,42.2400016784668,22.1299991607666,93.33999633789062,6.0,-0.38758793473243713
2020-08-14,2.14,25.547,69.967,13.78,92.39,0.597,5.622,23.35,257.09,3372.85009765625,3360.09912109375,42.0099983215332,22.049999237060547,93.0999984741211,6.0,-0.4012146592140198
2020-08-15,2.14,25.547,69.967,13.78,92.39,0.597,5.622,23.35,257.09,3372.85009765625,3360.09912109375,42.0099983215332,22.049999237060547,93.0999984741211,6.0,-0.3893809914588928
2020-08-16,2.14,25.547,69.967,13.78,92.39,0.597,5.622,23.35,257.09,3372.85009765625,3360.09912109375,42.0099983215332,22.049999237060547,93.0999984741211,6.0,-0.3751294016838074
2020-08-17,2.18,25.603,70.198,14.1,91.77,0.623,5.707,24.04,260.86,3381.989990234375,3438.801025390625,42.88999938964844,21.350000381469727,92.8499984741211,6.0,-0.3508962094783783
2020-08-18,2.18,25.56,71.227,14.41,92.2,0.666,5.73,24.09,260.34,3389.780029296875,3451.089111328125,42.88999938964844,21.51000022888184,92.2699966430664,6.0,-0.3437718152999878
2020-08-19,2.21,24.975,70.425,14.94,92.25,0.657,5.596,24.2,256.23,3374.85009765625,3408.12890625,42.93000030517578,22.540000915527344,92.88999938964844,6.0,-0.32455649971961975
2020-08-20,2.14,24.792,70.231,14.7,91.05,0.655,5.386,23.36,253.73,3385.510009765625,3363.89892578125,42.58000183105469,22.71999931335449,92.79000091552734,6.0,-0.339758038520813
2020-08-21,2.11,24.459,69.565,14.36,89.74,0.644,5.348,23.09,252.65,3397.159912109375,3380.68310546875,42.34000015258789,22.540000915527344,93.25,6.0,-0.36070388555526733
2020-08-22,2.11,24.459,69.565,14.36,89.74,0.644,5.348,23.09,252.65,3397.159912109375,3380.68310546875,42.34000015258789,22.540000915527344,93.25,6.0,-0.3576418459415436
2020-08-23,2.11,24.459,69.565,14.36,89.74,0.644,5.348,23.09,252.65,3397.159912109375,3380.68310546875,42.34000015258789,22.540000915527344,93.25,6.0,-0.34625840187072754
2020-08-24,2.15,24.593,69.697,14.56,91.98,0.672,5.508,23.65,254.37,3431.280029296875,3385.637939453125,42.619998931884766,22.3700008392334,93.3000030517578,6.0,-0.3455553650856018
2020-08-25,2.12,24.54,70.018,14.46,91.09,0.686,5.431,23.03,251.29,3443.6201171875,3373.577880859375,43.34999847412109,22.030000686645508,93.0199966430664,6.0,-0.3258186876773834
2020-08-26,2.14,24.479,69.255,15.01,91.9,0.67,5.107,23.22,247.92,3478.72998046875,3329.739013671875,43.38999938964844,23.270000457763672,93.01000213623048,6.0,-0.31469401717185974
2020-08-27,2.12,24.842,70.095,14.9,91.13,0.677,5.294,22.61,251.83,3484.550048828125,3350.110107421875,43.040000915527344,24.46999931335449,93.01000213623048,6.0,-0.31870272755622864
2020-08-28,2.16,24.746,69.546,15.65,92.32,0.671,5.348,23.23,255.26,3508.010009765625,3403.806884765625,42.970001220703125,22.959999084472656,92.37000274658205,6.0,-0.33057931065559387
2020-08-29,2.16,24.746,69.546,15.65,92.32,0.671,5.348,23.23,255.26,3508.010009765625,3403.806884765625,42.970001220703125,22.959999084472656,92.37000274658205,6.0,-0.3322354555130005
2020-08-30,2.16,24.746,69.546,15.65,92.32,0.671,5.348,23.23,255.26,3508.010009765625,3403.806884765625,42.970001220703125,22.959999084472656,92.37000274658205,6.0,-0.33234256505966187
2020-08-31,2.16,24.746,69.546,15.65,92.32,0.671,5.348,23.23,253.88,3500.31005859375,3395.677978515625,42.61000061035156,26.40999984741211,92.13999938964844,6.0,-0.3394824266433716
2020-09-01,2.21,24.612,69.309,16.18,97.39,0.724,5.49,23.59,257.16,3526.64990234375,3410.60693359375,42.7599983215332,26.1200008392334,92.33999633789062,6.0,-0.3241288959980011
2020-09-02,2.23,25.155,70.067,16.27,99.65,0.734,5.514,23.41,257.27,3580.840087890625,3404.802001953125,41.5099983215332,26.56999969482422,92.8499984741211,6.0,-0.3268968164920807
2020-09-03,2.12,24.352,68.96,15.56,93.18,0.748,5.376,22.31,253.07,3455.06005859375,3384.98095703125,41.369998931884766,33.599998474121094,92.73999786376952,6.0,-0.3232479393482208
2020-09-04,2.18,23.456,67.11,16.02,94.72,0.742,5.283,23.11,249.84,3426.9599609375,3355.366943359375,39.77000045776367,30.75,92.72000122070312,6.0,-0.3242548704147339
2020-09-05,2.18,23.456,67.11,16.02,94.72,0.742,5.283,23.11,249.84,3426.9599609375,3355.366943359375,39.77000045776367,30.75,92.72000122070312,6.0,-0.3224758505821228
2020-09-06,2.18,23.456,67.11,16.02,94.72,0.742,5.283,23.11,249.84,3426.9599609375,3355.366943359375,39.77000045776367,30.75,92.72000122070312,6.0,-0.3017193078994751
2020-09-07,2.21,24.003,68.719,16.02,94.72,0.742,5.131,23.38,250.03,3426.9599609375,3292.591064453125,39.77000045776367,30.75,92.72000122070312,6.0,-0.3086000382900238
2020-09-08,2.17,24.03,69.085,15.72,93.14,0.698,5.227,22.99,248.42,3331.840087890625,3316.4169921875,36.7599983215332,31.459999084472656,93.4800033569336,6.0,-0.305346816778183
2020-09-09,2.18,23.848,69.596,16.14,95.42,0.674,5.025,23.13,245.54,3398.9599609375,3254.6279296875,38.04999923706055,28.809999465942383,93.26000213623048,6.0,-0.3005885183811188
2020-09-10,2.14,23.892,70.306,15.77,93.5,0.71,4.897,22.64,247.0,3339.18994140625,3234.822998046875,37.29999923706055,29.709999084472656,93.33999633789062,6.0,-0.28868693113327026
2020-09-11,2.23,23.702,70.153,16.27,94.96,0.697,4.931,23.64,246.36,3340.969970703125,3260.345947265625,37.33000183105469,26.8700008392334,93.33000183105467,6.0,-0.2939606308937073
2020-09-12,2.23,23.702,70.153,16.27,94.96,0.697,4.931,23.64,246.36,3340.969970703125,3260.345947265625,37.33000183105469,26.8700008392334,93.33000183105467,6.0,-0.28737014532089233
2020-09-13,2.23,23.702,70.153,16.27,94.96,0.697,4.931,23.64,246.36,3340.969970703125,3260.345947265625,37.33000183105469,26.8700008392334,93.33000183105467,6.0,-0.26964062452316284
2020-09-14,2.23,24.166,72.922,16.36,98.17,0.721,5.158,23.63,250.8,3383.5400390625,3278.81396484375,37.2599983215332,25.850000381469727,93.06999969482422,6.0,-0.28240966796875
2020-09-15,2.3,24.372,71.925,16.41,98.39,0.729,5.51,24.23,251.97,3401.199951171875,3295.679931640625,38.27999877929688,25.59000015258789,93.0500030517578,6.0,-0.28074508905410767
2020-09-16,2.31,24.717,72.423,16.78,97.8,0.728,5.628,24.42,253.67,3385.489990234375,3283.924072265625,40.15999984741211,26.040000915527344,93.20999908447266,6.0,-0.27486124634742737
2020-09-17,2.3,24.291,70.045,17.03,100.45,0.719,5.667,24.25,251.54,3357.010009765625,3270.43505859375,40.970001220703125,26.459999084472656,92.97000122070312,6.0,-0.26470476388931274
2020-09-18,2.23,24.533,70.71,17.0,97.96,0.763,5.889,24.27,257.16,3319.469970703125,3338.090087890625,41.11000061035156,25.82999992370605,92.93000030517578,6.0,-0.28229156136512756
2020-09-19,2.23,24.533,70.71,17.0,97.96,0.763,5.889,24.27,257.16,3319.469970703125,3338.090087890625,41.11000061035156,25.82999992370605,92.93000030517578,6.0,-0.2652626633644104
2020-09-20,2.23,24.533,70.71,17.0,97.96,0.763,5.889,24.27,257.16,3319.469970703125,3338.090087890625,41.11000061035156,25.82999992370605,92.93000030517578,6.0,-0.2649311125278473
2020-09-21,2.12,24.021,69.255,15.65,95.13,0.748,5.798,22.77,249.45,3281.06005859375,3316.93505859375,39.310001373291016,27.780000686645508,93.54000091552734,6.0,-0.27032458782196045
2020-09-22,2.1,23.424,67.124,15.68,95.24,0.701,5.681,22.15,242.65,3315.570068359375,3274.302001953125,39.59999847412109,26.86000061035156,93.98999786376952,6.0,-0.26454102993011475
2020-09-23,2.08,23.4,66.53,14.77,80.42,0.69,5.617,22.17,233.31,3236.919921875,3279.7109375,39.93000030517578,28.57999992370605,94.38999938964844,6.0,-0.247223898768425
2020-09-24,2.06,23.153,66.046,15.38,83.31,0.631,5.287,22.03,224.68,3246.590087890625,3223.176025390625,40.310001373291016,28.51000022888184,94.3499984741211,6.0,-0.2464662790298462
2020-09-25,2.04,23.526,66.427,15.3,84.52,0.639,5.434,22.19,225.06,3298.4599609375,3219.41796875,40.25,26.3799991607666,94.58000183105467,6.0,-0.26021698117256165
2020-09-26,2.04,23.526,66.427,15.3,84.52,0.639,5.434,22.19,225.06,3298.4599609375,3219.41796875,40.25,26.3799991607666,94.58000183105467,6.0,-0.22897957265377045
2020-09-27,2.04,23.526,66.427,15.3,84.52,0.639,5.434,22.19,225.06,3298.4599609375,3219.41796875,40.25,26.3799991607666,94.58000183105467,6.0,-0.2390027791261673
2020-09-28,2.02,23.374,65.844,15.9,84.84,0.635,5.401,22.53,228.66,3351.60009765625,3217.534912109375,40.59999847412109,26.190000534057617,94.26000213623048,6.0,-0.21581853926181793
2020-09-29,2.0,23.41,65.873,15.32,86.86,0.635,5.736,22.79,231.98,3335.469970703125,3224.35888671875,39.290000915527344,26.270000457763672,93.88999938964844,6.0,-0.19495640695095062
2020-09-30,1.99,22.699,65.151,15.64,89.28,0.632,5.701,23.01,232.9,3363.0,3218.052001953125,40.220001220703125,26.3700008392334,93.88999938964844,6.0,-0.18608470261096954
2020-10-01,1.97,23.21,66.1,15.55,86.73,0.632,5.701,23.01,236.08,3380.800048828125,3218.052001953125,38.720001220703125,26.700000762939453,93.70999908447266,6.0,-0.19114215672016144
2020-10-02,2.0,22.396,64.663,15.94,89.29,0.632,5.701,22.96,238.01,3348.419921875,3218.052001953125,37.04999923706055,27.6299991607666,93.83999633789062,6.0,-0.20502561330795288
2020-10-03,2.0,22.396,64.663,15.94,89.29,0.632,5.701,22.96,238.01,3348.419921875,3218.052001953125,37.04999923706055,27.6299991607666,93.83999633789062,6.0,-0.24797312915325165
2020-10-04,2.0,22.396,64.663,15.94,89.29,0.632,5.701,22.96,238.01,3348.419921875,3218.052001953125,37.04999923706055,27.6299991607666,93.83999633789062,6.0,-0.24386818706989288
2020-10-05,2.03,23.101,66.271,16.32,94.76,0.628,5.701,23.15,245.25,3408.60009765625,3218.052001953125,39.220001220703125,27.959999084472656,93.51000213623048,6.0,-0.2214069664478302
2020-10-06,2.03,22.949,65.798,15.72,93.74,0.667,5.701,22.78,246.26,3360.969970703125,3218.052001953125,40.66999816894531,29.479999542236328,93.83000183105467,6.0,-0.2232639044523239
2020-10-07,2.1,22.804,66.147,16.88,96.69,0.666,5.701,23.31,249.31,3419.43994140625,3218.052001953125,39.95000076293945,28.059999465942383,93.62999725341795,6.0,-0.22312548756599426
2020-10-08,2.1,23.385,67.713,16.8,96.95,0.674,5.701,23.14,251.9,3446.830078125,3218.052001953125,41.18999862670898,26.36000061035156,93.61000061035156,6.0,-0.24372614920139313
2020-10-09,2.16,23.578,68.082,17.23,96.03,0.675,6.047,24.16,257.04,3477.139892578125,3272.075927734375,40.59999847412109,25.0,93.05999755859376,6.0,-0.26001712679862976
2020-10-10,2.16,23.578,68.082,17.23,96.03,0.675,6.047,24.16,257.04,3477.139892578125,3272.075927734375,40.59999847412109,25.0,93.05999755859376,6.0,-0.24988016486167908
2020-10-11,2.16,23.578,68.082,17.23,96.03,0.675,6.047,24.16,257.04,3477.139892578125,3272.075927734375,40.59999847412109,25.0,93.05999755859376,6.0,-0.22290748357772827
2020-10-12,2.14,23.384,67.183,16.81,94.94,0.702,6.086,23.94,255.52,3534.219970703125,3358.465087890625,39.43000030517578,25.06999969482422,93.06999969482422,6.0,-0.2029118835926056
2020-10-13,2.08,23.149,66.682,16.82,95.14,0.702,6.295,23.84,252.73,3511.929931640625,3359.75,40.20000076293945,26.06999969482422,93.52999877929688,6.0,-0.20861682295799255
2020-10-14,2.1,22.976,65.858,16.94,94.59,0.706,6.219,24.1,253.46,3488.669921875,3340.778076171875,41.040000915527344,26.399999618530277,93.37999725341795,6.0,-0.19247040152549744
2020-10-15,2.01,23.219,65.858,17.21,94.35,0.712,6.236,23.58,252.16,3483.340087890625,3332.18310546875,40.959999084472656,26.96999931335449,93.86000061035156,6.0,-0.19515560567378998
2020-10-16,2.02,22.852,65.186,17.15,93.42,0.724,6.094,23.97,249.32,3483.81005859375,3336.35791015625,40.880001068115234,27.40999984741211,93.68000030517578,6.0,-0.20835578441619873
2020-10-17,2.02,22.852,65.186,17.15,93.42,0.724,6.094,23.97,249.32,3483.81005859375,3336.35791015625,40.880001068115234,27.40999984741211,93.68000030517578,6.0,-0.21461230516433716
2020-10-18,2.02,22.852,65.186,17.15,93.42,0.724,6.094,23.97,249.32,3483.81005859375,3336.35791015625,40.880001068115234,27.40999984741211,93.68000030517578,6.0,-0.18729223310947418
2020-10-19,2.05,22.967,65.141,17.14,92.57,0.711,6.137,24.16,252.8992,3426.919921875,3312.669921875,40.83000183105469,29.18000030517578,93.43000030517578,6.0,-0.18431398272514343
2020-10-20,2.09,22.523,63.976,17.61,93.56,0.73,6.302,24.26,254.15,3443.1201171875,3328.10009765625,41.459999084472656,29.350000381469727,93.06999969482422,6.0,-0.17671918869018555
2020-10-21,2.1,22.883,65.424,17.72,95.87,0.756,6.281,24.35,254.69,3435.56005859375,3325.02001953125,40.02999877929688,28.649999618530277,92.61000061035156,6.0,-0.15873762965202332
2020-10-22,2.07,23.111,66.037,18.35,94.96,0.764,6.222,24.24,252.11,3453.489990234375,3312.5,40.63999938964844,28.11000061035156,92.9499969482422,6.0,-0.1558290272951126
2020-10-23,2.09,22.871,65.658,18.36,96.48,0.748,6.224,24.57,250.63,3465.389892578125,3277.9970703125,39.84999847412109,27.549999237060547,92.7699966430664,6.0,-0.16503068804740906
2020-10-24,2.09,22.871,65.658,18.36,96.48,0.748,6.224,24.57,250.63,3465.389892578125,3277.9970703125,39.84999847412109,27.549999237060547,92.7699966430664,6.0,-0.1627649962902069
2020-10-25,2.09,22.871,65.658,18.36,96.48,0.748,6.224,24.57,250.63,3465.389892578125,3277.9970703125,39.84999847412109,27.549999237060547,92.7699966430664,6.0,-0.1650986224412918
2020-10-26,2.07,22.658,65.03,17.36,94.48,0.748,6.216,24.17,249.87,3400.969970703125,3251.118896484375,38.560001373291016,32.459999084472656,93.0500030517578,6.0,-0.1404091864824295
2020-10-27,2.0,22.176,63.462,17.72,95.18,0.752,6.628,23.44,248.47,3390.679931640625,3254.31591796875,39.56999969482422,33.349998474121094,92.94000244140624,6.0,-0.1342347264289856
2020-10-28,1.94,21.808,62.47,16.87,90.78,0.748,6.75,22.14,244.7,3271.030029296875,3269.239990234375,37.38999938964844,40.27999877929688,93.41000366210938,6.0,-0.13120347261428833
2020-10-29,1.92,21.283,61.664,17.48,93.77,0.743,6.756,22.17,249.17,3310.110107421875,3272.72998046875,36.16999816894531,37.59000015258789,93.95999908447266,6.0,-0.13556237518787384
2020-10-30,1.93,21.133,62.642,17.34,93.21,0.724,6.492,22.26,246.39,3269.9599609375,3224.532958984375,35.790000915527344,38.02000045776367,94.04000091552734,6.0,-0.13317593932151794
2020-10-31,1.93,21.133,62.642,17.34,93.21,0.724,6.492,22.26,246.39,3269.9599609375,3224.532958984375,35.790000915527344,38.02000045776367,94.04000091552734,6.0,-0.10496203601360321
2020-11-01,1.93,21.133,62.642,17.34,93.21,0.724,6.492,22.26,246.39,3269.9599609375,3224.532958984375,35.790000915527344,38.02000045776367,94.04000091552734,5.0,-0.09485303610563278
2020-11-02,1.94,21.233,62.931,18.24,96.84,0.781,6.859,22.32,250.64,3310.239990234375,3225.1201171875,36.810001373291016,37.130001068115234,94.0500030517578,5.0,-0.08377359062433243
2020-11-03,2.01,22.122,65.467,18.77,97.62,0.801,7.024,23.37,259.23,3369.159912109375,3271.073974609375,37.65999984741211,35.54999923706055,93.5500030517578,5.0,-0.09423138201236725
2020-11-04,2.02,21.894,64.16,18.0,93.43,0.806,7.349,23.05,261.35,3443.43994140625,3277.43994140625,39.150001525878906,29.56999969482422,93.41000366210938,5.0,-0.09360868483781815
2020-11-05,2.07,22.201,64.588,18.82,105.5,0.807,7.811,23.22,268.44,3510.449951171875,3320.133056640625,38.790000915527344,27.57999992370605,92.52999877929688,5.0,-0.08719893544912338
2020-11-06,2.14,22.396,65.363,19.12,112.22,0.862,8.118,23.89,275.75,3509.43994140625,3312.158935546875,37.13999938964844,24.86000061035156,92.2300033569336,5.0,-0.11787371337413788
2020-11-07,2.14,22.396,65.363,19.12,112.22,0.862,8.118,23.89,275.75,3509.43994140625,3312.158935546875,37.13999938964844,24.86000061035156,92.2300033569336,5.0,-0.12172993272542953
2020-11-08,2.14,22.396,65.363,19.12,112.22,0.862,8.118,23.89,275.75,3509.43994140625,3312.158935546875,37.13999938964844,24.86000061035156,92.2300033569336,5.0,-0.11659464985132217
2020-11-09,2.27,23.274,67.523,19.79,116.73,0.89,8.242,25.62,284.39,3550.5,3373.72998046875,40.290000915527344,25.75,92.7300033569336,5.0,-0.10048485547304153
2020-11-10,2.38,23.368,67.057,19.82,117.93,0.851,7.843,26.27,282.73,3545.530029296875,3360.14892578125,41.36000061035156,24.799999237060547,92.75,5.0,-0.09833215177059174
2020-11-11,2.38,23.88,68.21,19.53,118.57,0.832,7.731,26.57,280.63,3572.659912109375,3342.202880859375,41.45000076293945,23.450000762939453,93.04000091552734,5.0,-0.11005238443613052
2020-11-12,2.37,23.468,67.295,19.52,118.64,0.872,7.885,26.0,284.98,3537.010009765625,3338.679931640625,41.119998931884766,25.350000381469727,92.95999908447266,5.0,-0.1221579909324646
2020-11-13,2.39,23.148,67.366,20.14,122.48,0.849,8.005,26.22,290.81,3585.14990234375,3310.10498046875,40.130001068115234,23.100000381469727,92.76000213623048,5.0,-0.1473633497953415
2020-11-14,2.39,23.148,67.366,20.14,122.48,0.849,8.005,26.22,290.81,3585.14990234375,3310.10498046875,40.130001068115234,23.100000381469727,92.76000213623048,5.0,-0.15024791657924652
2020-11-15,2.39,23.148,67.366,20.14,122.48,0.849,8.005,26.22,290.81,3585.14990234375,3310.10498046875,40.130001068115234,23.100000381469727,92.76000213623048,5.0,-0.14080345630645752
2020-11-16,2.46,23.777,69.05,21.0,128.92,0.929,8.509,26.91,306.08,3626.909912109375,3346.968994140625,41.34000015258789,22.450000762939453,92.56999969482422,5.0,-0.15422816574573517
2020-11-17,2.44,24.05,69.552,21.03,127.95,0.917,8.405,26.91,307.73,3609.530029296875,3339.89990234375,41.43000030517578,22.709999084472656,92.41999816894533,5.0,-0.13716191053390503
2020-11-18,2.46,23.956,69.139,20.71,126.54,0.955,7.71,27.36,306.9,3567.7900390625,3347.302978515625,41.81999969482422,23.84000015258789,92.31999969482422,5.0,-0.13535605370998383
2020-11-19,2.42,23.689,69.531,21.11,125.8,0.933,7.882,26.7,307.35,3581.8701171875,3363.087890625,41.7400016784668,23.11000061035156,92.29000091552734,5.0,-0.12828446924686432
2020-11-20,2.48,23.497,70.048,21.25,127.89,0.983,8.219,27.04,312.87,3557.5400390625,3377.72998046875,42.150001525878906,23.700000762939453,92.38999938964844,5.0,-0.15390482544898987
2020-11-21,2.48,23.497,70.048,21.25,127.89,0.983,8.219,27.04,312.87,3557.5400390625,3377.72998046875,42.150001525878906,23.700000762939453,92.38999938964844,5.0,-0.14071467518806458
2020-11-22,2.48,23.497,70.048,21.25,127.89,0.983,8.219,27.04,312.87,3557.5400390625,3377.72998046875,42.150001525878906,23.700000762939453,92.38999938964844,5.0,-0.12688998878002167
2020-11-23,2.55,24.033,70.896,21.91,134.06,1.037,8.819,27.69,326.57,3577.590087890625,3414.489990234375,43.060001373291016,22.65999984741211,92.51000213623048,5.0,-0.10486650466918945
2020-11-24,2.71,25.099,73.217,23.11,137.26,1.005,9.02,29.32,334.61,3635.409912109375,3402.822998046875,44.90999984741211,21.63999938964844,92.2300033569336,5.0,-0.09707896411418915
2020-11-25,2.75,25.87,74.063,23.54,134.73,0.941,8.633,29.29,331.72,3629.64990234375,3362.326904296875,45.709999084472656,21.25,91.98999786376952,5.0,-0.11495888233184814
2020-11-26,2.71,25.699,73.035,23.54,134.73,0.986,8.665,28.74,334.65,3629.64990234375,3369.73291015625,45.709999084472656,21.25,91.98999786376952,5.0,-0.15079468488693237
2020-11-27,2.72,25.464,72.67,23.52,137.66,0.974,8.394,28.64,337.55,3638.35009765625,3408.306884765625,45.52999877929688,20.84000015258789,91.79000091552734,5.0,-0.15123355388641357
2020-11-28,2.72,25.464,72.67,23.52,137.66,0.974,8.394,28.64,337.55,3638.35009765625,3408.306884765625,45.52999877929688,20.84000015258789,91.79000091552734,5.0,-0.16436834633350372
2020-11-29,2.72,25.464,72.67,23.52,137.66,0.974,8.394,28.64,337.55,3638.35009765625,3408.306884765625,45.52999877929688,20.84000015258789,91.79000091552734,5.0,-0.17220550775527954
2020-11-30,2.7,24.898,71.842,23.39,135.97,0.997,8.494,28.0,332.32,3621.6298828125,3391.760009765625,45.34000015258789,20.56999969482422,91.87000274658205,5.0,-0.16663925349712372
2020-12-01,2.83,25.301,73.178,23.64,135.88,1.011,8.514,29.67,336.68,3662.449951171875,3451.93994140625,44.54999923706055,20.770000457763672,91.30999755859376,6.0,-0.1851160228252411
2020-12-02,2.85,25.954,75.094,24.08,135.25,1.014,8.213,30.19,335.18,3669.010009765625,3449.381103515625,45.27999877929688,21.170000076293945,91.12000274658205,6.0,-0.16678395867347717
2020-12-03,2.97,27.319,80.5,24.39,131.72,0.974,8.163,31.65,336.47,3666.719970703125,3442.135986328125,45.63999938964844,21.280000686645508,90.70999908447266,6.0,-0.16012553870677948
2020-12-04,3.06,27.422,81.032,25.06,139.22,1.0,8.534,32.35,343.3,3699.1201171875,3444.5810546875,46.2599983215332,20.790000915527344,90.6999969482422,6.0,-0.17377835512161255
2020-12-05,3.06,27.422,81.032,25.06,139.22,1.0,8.534,32.35,343.3,3699.1201171875,3444.5810546875,46.2599983215332,20.790000915527344,90.6999969482422,6.0,-0.17749251425266266
2020-12-06,3.06,27.422,81.032,25.06,139.22,1.0,8.534,32.35,343.3,3699.1201171875,3444.5810546875,46.2599983215332,20.790000915527344,90.6999969482422,6.0,-0.1702374815940857
2020-12-07,3.06,28.006,83.011,24.58,140.0,0.973,8.73,32.54,346.23,3691.9599609375,3416.60400390625,45.7599983215332,21.299999237060547,90.79000091552734,6.0,-0.17107118666172028
2020-12-08,3.04,27.88,82.224,24.47,143.95,0.979,8.995,32.1,355.12,3702.25,3410.179931640625,45.59999847412109,20.68000030517578,90.97000122070312,6.0,-0.17015966773033142
2020-12-09,3.05,28.326,82.902,24.46,142.55,0.957,8.736,31.75,351.21,3672.820068359375,3371.964111328125,45.52000045776367,22.270000457763672,91.08999633789062,6.0,-0.16313976049423218
2020-12-10,3.04,28.493,83.846,24.86,141.43,0.943,8.624,31.57,348.57,3668.10009765625,3373.27587890625,46.77999877929688,22.520000457763672,90.79000091552734,6.0,-0.1659962683916092
2020-12-11,3.0,28.721,84.289,24.61,138.65,0.92,8.59,30.68,346.2,3663.4599609375,3347.19091796875,46.56999969482422,23.309999465942383,90.9800033569336,6.0,-0.17055214941501617
2020-12-12,3.0,28.721,84.289,24.61,138.65,0.92,8.59,30.68,346.2,3663.4599609375,3347.19091796875,46.56999969482422,23.309999465942383,90.9800033569336,6.0,-0.15305902063846588
2020-12-13,3.0,28.721,84.289,24.61,138.65,0.92,8.59,30.68,346.2,3663.4599609375,3347.19091796875,46.56999969482422,23.309999465942383,90.9800033569336,6.0,-0.1574021428823471
2020-12-14,3.01,28.683,82.836,23.8,134.57,0.944,8.95,30.42,347.93,3647.489990234375,3369.1201171875,46.9900016784668,24.71999931335449,90.70999908447266,6.0,-0.13793402910232544
2020-12-15,3.1,28.113,81.948,24.3,137.94,0.924,9.121,31.3,349.05,3694.6201171875,3367.22998046875,47.619998931884766,22.88999938964844,90.47000122070312,6.0,-0.15621808171272278
2020-12-16,3.14,28.703,83.579,24.39,135.78,0.94,9.092,31.39,348.52,3701.169921875,3366.98291015625,47.81999969482422,22.5,90.4499969482422,6.0,-0.15464402735233307
2020-12-17,3.14,29.382,85.597,24.72,137.48,1.002,9.109,31.98,358.89,3722.47998046875,3404.873046875,48.36000061035156,21.93000030517578,89.81999969482422,6.0,-0.16111256182193756
2020-12-18,3.13,29.292,86.433,24.63,138.9,1.058,9.772,31.12,367.82,3709.409912109375,3394.89990234375,49.09999847412109,21.56999969482422,90.0199966430664,6.0,-0.16450530290603638
2020-12-19,3.13,29.292,86.433,24.63,138.9,1.058,9.772,31.12,367.82,3709.409912109375,3394.89990234375,49.09999847412109,21.56999969482422,90.0199966430664,6.0,-0.1707681268453598
2020-12-20,3.13,29.292,86.433,24.63,138.9,1.058,9.772,31.12,367.82,3709.409912109375,3394.89990234375,49.09999847412109,21.56999969482422,90.0199966430664,6.0,-0.19615869224071503
2020-12-21,3.04,29.487,86.773,24.86,142.02,1.091,10.201,31.08,378.57,3694.919921875,3420.569091796875,47.7400016784668,25.15999984741211,90.04000091552734,6.0,-0.18052448332309723
2020-12-22,2.98,28.722,83.727,24.25,146.27,1.044,10.077,30.61,373.0,3687.260009765625,3356.781982421875,47.02000045776367,24.229999542236328,90.6500015258789,6.0,-0.1734054684638977
2020-12-23,3.06,28.62,83.886,24.86,149.91,1.042,10.543,31.54,381.45,3690.010009765625,3382.320068359375,48.119998931884766,23.309999465942383,90.41000366210938,6.0,-0.15475699305534363
2020-12-24,3.05,29.049,84.518,24.79,149.64,1.061,10.827,31.34,384.78,3703.06005859375,3363.113037109375,48.22999954223633,21.530000686645508,90.33000183105467,6.0,-0.15683582425117493
2020-12-25,3.05,29.049,84.518,24.79,149.64,1.061,10.827,31.34,394.43,3703.06005859375,3396.56298828125,48.22999954223633,21.530000686645508,90.33000183105467,6.0,-0.13707995414733887
2020-12-26,3.05,29.049,84.518,24.79,149.64,1.061,10.827,31.34,394.43,3703.06005859375,3396.56298828125,48.22999954223633,21.530000686645508,90.33000183105467,6.0,-0.12540203332901
2020-12-27,3.05,29.049,84.518,24.79,149.64,1.061,10.827,31.34,394.43,3703.06005859375,3396.56298828125,48.22999954223633,21.530000686645508,90.33000183105467,6.0,-0.12927056849002838
2020-12-28,3.05,29.049,84.518,24.79,149.64,1.061,10.827,31.34,395.44,3735.360107421875,3397.284912109375,47.619998931884766,21.700000762939453,90.33999633789062,6.0,-0.12161777913570404
2020-12-29,3.05,29.063,84.567,24.74,146.22,1.085,10.535,31.72,384.04,3727.0400390625,3379.035888671875,48.0,23.07999992370605,90.01000213623047,6.0,-0.10277059674263
2020-12-30,3.09,29.516,85.816,26.53,149.29,1.108,11.064,31.59,394.72,3732.0400390625,3414.452880859375,48.400001525878906,22.770000457763672,89.62999725341797,6.0,-0.09208395332098007
2020-12-31,3.05,29.068,84.48,26.02,147.52,1.133,11.078,31.48,402.48,3756.070068359375,3473.069091796875,48.52000045776367,22.75,89.94000244140625,6.0,-0.09191048890352249
2021-01-01,3.05,29.068,84.48,26.02,147.52,1.133,11.078,31.48,402.48,3756.070068359375,3473.069091796875,48.52000045776367,22.75,89.94000244140625,6.0,-0.11637284606695175
2021-01-02,3.05,29.068,84.48,26.02,147.52,1.133,11.078,31.48,402.48,3756.070068359375,3473.069091796875,48.52000045776367,22.75,89.94000244140625,6.0,-0.09800663590431213
2021-01-03,3.05,29.068,84.48,26.02,147.52,1.133,11.078,31.48,402.48,3756.070068359375,3473.069091796875,48.52000045776367,22.75,89.94000244140625,6.0,-0.09600832313299179
2021-01-04,3.19,29.38,85.271,27.14,152.63,1.225,12.309,33.14,419.93,3700.64990234375,3502.9580078125,47.619998931884766,26.96999931335449,89.87999725341797,6.0,-0.09234568476676941
2021-01-05,3.31,30.605,88.158,28.37,162.93,1.216,13.113,33.47,433.35,3726.860107421875,3528.677001953125,49.93000030517578,25.34000015258789,89.44000244140625,6.0,-0.09766990691423416
2021-01-06,3.57,30.708,87.1,30.16,175.1,1.237,13.359,35.62,442.53,3748.139892578125,3550.876953125,50.630001068115234,25.06999969482422,89.52999877929688,6.0,-0.09151798486709595
2021-01-07,3.62,32.439,94.157,31.17,184.0,1.283,13.897,36.31,466.05,3803.7900390625,3576.205078125,50.83000183105469,22.3700008392334,89.83000183105469,6.0,-0.07489962875843048
2021-01-08,3.59,32.242,92.813,31.15,184.1,1.257,13.643,36.36,464.14,3824.679931640625,3570.110107421875,52.2400016784668,21.559999465942383,90.0999984741211,6.0,-0.07854302227497101
2021-01-09,3.59,32.242,92.813,31.15,184.1,1.257,13.643,36.36,464.14,3824.679931640625,3570.110107421875,52.2400016784668,21.559999465942383,90.0999984741211,6.0,-0.0906853973865509
2021-01-10,3.59,32.242,92.813,31.15,184.1,1.257,13.643,36.36,464.14,3824.679931640625,3570.110107421875,52.2400016784668,21.559999465942383,90.0999984741211,6.0,-0.08942577242851257
2021-01-11,3.5,31.86,90.852,30.32,177.29,1.201,13.918,35.4,451.78,3799.610107421875,3531.498046875,52.25,24.07999992370605,90.54000091552734,6.0,-0.06360185146331787
2021-01-12,3.62,31.829,91.008,30.99,182.5,1.185,15.246,35.47,453.48,3801.18994140625,3608.340087890625,53.209999084472656,23.32999992370605,90.05000305175781,6.0,-0.06045319512486458
2021-01-13,3.62,31.82,90.051,30.56,179.92,1.167,13.929,35.29,457.41,3809.840087890625,3598.652099609375,52.90999984741211,22.209999084472656,90.31999969482422,6.0,-0.05518411099910736
2021-01-14,3.73,31.895,89.765,31.99,182.37,1.154,13.448,36.56,457.91,3795.5400390625,3565.905029296875,53.56999969482422,23.25,90.23999786376952,6.0,-0.05685831606388092
2021-01-15,3.64,32.109,89.538,30.35,180.14,1.192,14.462,34.36,451.64,3768.25,3566.3779296875,52.36000061035156,24.34000015258789,90.77999877929688,6.0,-0.08015409111976624
2021-01-16,3.64,32.109,89.538,30.35,180.14,1.192,14.462,34.36,451.64,3768.25,3566.3779296875,52.36000061035156,24.34000015258789,90.77999877929688,6.0,-0.05990368127822876
2021-01-17,3.64,32.109,89.538,30.35,180.14,1.192,14.462,34.36,451.64,3768.25,3566.3779296875,52.36000061035156,24.34000015258789,90.77999877929688,6.0,-0.08065477013587952
2021-01-18,3.6,31.076,87.989,30.35,180.14,1.199,14.94,34.51,453.8,3768.25,3596.219970703125,52.36000061035156,24.34000015258789,90.77999877929688,6.0,-0.07537757605314255
2021-01-19,3.57,31.428,88.796,31.71,185.25,1.194,13.849,33.98,459.72,3798.909912109375,3566.3798828125,52.97999954223633,23.239999771118164,90.5,6.0,-0.0790044441819191
2021-01-20,3.66,31.933,89.512,30.97,180.19,1.267,14.029,34.68,475.75,3851.85009765625,3583.092041015625,53.2400016784668,21.57999992370605,90.47000122070312,6.0,-0.08445784449577332
2021-01-21,3.64,32.501,91.266,30.04,176.41,1.293,14.132,34.79,496.63,3853.070068359375,3621.263916015625,53.130001068115234,21.31999969482422,90.12999725341795,6.0,-0.08459441363811493
2021-01-22,3.55,31.693,88.808,30.49,173.71,1.241,15.38,34.14,504.05,3841.469970703125,3606.75,52.27000045776367,21.90999984741211,90.23999786376952,6.0,-0.10082295536994934
2021-01-23,3.55,31.693,88.808,30.49,173.71,1.241,15.38,34.14,504.05,3841.469970703125,3606.75,52.27000045776367,21.90999984741211,90.23999786376952,6.0,-0.11462870985269547
2021-01-24,3.55,31.693,88.808,30.49,173.71,1.241,15.38,34.14,504.05,3841.469970703125,3606.75,52.27000045776367,21.90999984741211,90.23999786376952,6.0,-0.10192637145519257
2021-01-25,3.4,31.996,90.537,28.98,176.92,1.295,15.436,32.66,507.85,3855.360107421875,3624.238037109375,52.77000045776367,23.190000534057617,90.38999938964844,6.0,-0.08702089637517929
2021-01-26,3.35,31.996,90.537,27.01,175.38,1.264,15.184,32.74,504.09,3849.6201171875,3569.428955078125,52.61000061035156,23.020000457763672,90.16999816894533,6.0,-0.08091502636671066
2021-01-27,3.12,30.734,86.509,25.79,168.85,1.231,15.096,30.6,492.99,3750.77001953125,3573.340087890625,52.84999847412109,37.209999084472656,90.6500015258789,6.0,-0.06422978639602661
2021-01-28,3.27,30.276,84.219,27.79,166.37,1.129,14.325,31.86,478.36,3787.3798828125,3505.176025390625,52.34000015258789,30.209999084472656,90.45999908447266,6.0,-0.05708503723144531
2021-01-29,3.23,29.64,81.315,26.91,162.66,1.114,13.319,31.41,465.03,3714.239990234375,3483.069091796875,52.20000076293945,33.09000015258789,90.58000183105467,6.0,-0.07032674551010132
2021-01-30,3.23,29.64,81.315,26.91,162.66,1.114,13.319,31.41,465.03,3714.239990234375,3483.069091796875,52.20000076293945,33.09000015258789,90.58000183105467,6.0,-0.07771981507539749
2021-01-31,3.23,29.64,81.315,26.91,162.66,1.114,13.319,31.41,465.03,3714.239990234375,3483.069091796875,52.20000076293945,33.09000015258789,90.58000183105467,6.0,-0.047279685735702515
2021-02-01,3.27,29.931,81.775,28.23,166.37,1.274,13.308,32.32,465.84,3773.860107421875,3505.283935546875,53.54999923706055,30.239999771118164,91.0199966430664,9.0,-0.03211849555373192
2021-02-02,3.23,30.543,84.394,28.14,169.25,1.303,14.466,31.52,482.18,3826.31005859375,3533.68505859375,54.7599983215332,25.559999465942383,91.1999969482422,9.0,-0.025912992656230927
2021-02-03,3.25,29.93,83.583,29.2,161.88,1.278,14.447,31.62,499.04,3830.169921875,3517.30810546875,55.68999862670898,22.90999984741211,91.12000274658205,9.0,-0.021925853565335274
2021-02-04,3.24,29.71,83.767,29.8,154.9,1.224,13.685,31.36,485.85,3871.739990234375,3501.85888671875,56.22999954223633,21.770000457763672,91.52999877929688,9.0,-0.0317898765206337
2021-02-05,3.41,29.94,83.923,31.73,157.17,1.191,12.367,32.39,466.3,3886.830078125,3496.330078125,56.84999847412109,20.8700008392334,91.04000091552734,9.0,-0.038586460053920746
2021-02-06,3.41,29.94,83.923,31.73,157.17,1.191,12.367,32.39,466.3,3886.830078125,3496.330078125,56.84999847412109,20.8700008392334,91.04000091552734,9.0,-0.03480495512485504
2021-02-07,3.41,29.94,83.923,31.73,157.17,1.191,12.367,32.39,466.3,3886.830078125,3496.330078125,56.84999847412109,20.8700008392334,91.04000091552734,9.0,-0.040678806602954865
2021-02-08,3.48,30.743,87.049,32.12,161.56,1.295,13.374,33.67,489.22,3915.590087890625,3532.447021484375,57.970001220703125,21.239999771118164,90.93000030517578,9.0,-0.03513514623045921
2021-02-09,3.48,30.729,87.008,32.02,158.69,1.383,14.498,33.97,503.53,3911.22998046875,3603.489013671875,58.36000061035156,21.6299991607666,90.44000244140624,9.0,-0.025247003883123398
2021-02-10,3.58,30.978,87.458,31.24,156.05,1.481,14.821,35.62,512.61,3909.8798828125,3655.087890625,58.68000030517578,21.989999771118164,90.37000274658205,9.0,-0.024762939661741257
2021-02-11,3.56,31.388,88.762,30.99,159.85,1.47,14.821,34.94,512.31,3916.3798828125,3655.087890625,58.2400016784668,21.25,90.41999816894533,9.0,-0.013154366984963417
2021-02-12,3.56,30.871,87.76,31.23,164.64,1.47,14.821,35.01,515.87,3934.830078125,3655.087890625,59.470001220703125,19.96999931335449,90.4800033569336,9.0,-0.02379452995955944
2021-02-13,3.56,30.871,87.76,31.23,164.64,1.47,14.821,35.01,515.87,3934.830078125,3655.087890625,59.470001220703125,19.96999931335449,90.4800033569336,9.0,-0.031158646568655968
2021-02-14,3.56,30.871,87.76,31.23,164.64,1.47,14.821,35.01,515.87,3934.830078125,3655.087890625,59.470001220703125,19.96999931335449,90.4800033569336,9.0,-0.03584704548120499
2021-02-15,3.76,31.684,89.657,31.23,164.64,1.47,14.821,36.87,524.12,3934.830078125,3655.087890625,59.470001220703125,19.96999931335449,90.4800033569336,9.0,-0.04299149662256241
2021-02-16,3.83,32.458,92.059,32.9,162.2,1.723,14.821,37.21,529.92,3932.590087890625,3655.087890625,60.04999923706055,21.459999084472656,90.51000213623048,9.0,-0.04841584712266922
2021-02-17,3.82,33.533,95.28,34.15,157.47,1.78,14.821,36.56,535.79,3931.330078125,3655.087890625,61.13999938964844,21.5,90.9499969482422,9.0,-0.038968704640865326
2021-02-18,3.86,33.548,95.523,34.14,141.46,1.765,15.085,36.68,546.85,3913.969970703125,3675.35693359375,60.52000045776367,22.489999771118164,90.58999633789062,9.0,-0.03061235323548317
2021-02-19,4.03,33.155,93.559,37.49,156.17,1.806,14.345,38.19,554.17,3906.7099609375,3696.16796875,59.2400016784668,22.049999237060547,90.36000061035156,9.0,-0.0390583872795105
2021-02-20,4.03,33.155,93.559,37.49,156.17,1.806,14.345,38.19,554.17,3906.7099609375,3696.16796875,59.2400016784668,22.049999237060547,90.36000061035156,9.0,-0.02596339024603367
2021-02-21,4.03,33.155,93.559,37.49,156.17,1.806,14.345,38.19,554.17,3906.7099609375,3696.16796875,59.2400016784668,22.049999237060547,90.36000061035156,9.0,-0.005887486971914768
2021-02-22,4.1,34.462,97.527,38.08,156.49,1.88,14.533,37.48,565.38,3876.5,3642.43994140625,61.4900016784668,23.450000762939453,90.01000213623047,9.0,0.0023431340232491493
2021-02-23,4.1,35.518,99.19,37.85,154.62,1.782,13.474,37.52,557.82,3881.3701171875,3636.360107421875,61.66999816894531,23.11000061035156,90.16999816894533,9.0,-0.00485924631357193
2021-02-24,4.1,34.66,97.176,37.89,160.9,1.607,12.143,38.15,538.55,3925.429931640625,3564.080078125,63.220001220703125,21.34000015258789,90.18000030517578,9.0,0.006635301746428013
2021-02-25,4.09,35.362,97.863,35.68,153.48,1.671,11.93,39.3,528.93,3829.340087890625,3585.050048828125,63.52999877929688,28.88999938964844,90.12999725341795,9.0,0.01261349767446518
2021-02-26,3.88,33.706,94.53,33.91,157.21,1.483,10.927,36.68,513.03,3811.14990234375,3509.080078125,61.5,27.950000762939453,90.93000030517578,9.0,-0.009897170588374138
2021-02-27,3.88,33.706,94.53,33.91,157.21,1.483,10.927,36.68,513.03,3811.14990234375,3509.080078125,61.5,27.950000762939453,90.93000030517578,9.0,0.0016164968255907297
2021-02-28,3.88,33.706,94.53,33.91,157.21,1.483,10.927,36.68,513.03,3811.14990234375,3509.080078125,61.5,27.950000762939453,90.93000030517578,9.0,-0.00033132557291537523
2021-03-01,3.95,34.65,95.698,34.9,152.95,1.511,11.536,38.31,530.67,3901.820068359375,3551.39990234375,60.63999938964844,23.350000381469727,91.04000091552734,8.0,-0.0029998531099408865
2021-03-02,3.98,34.2,95.909,35.18,153.72,1.436,11.311,39.19,519.88,3870.2900390625,3508.591064453125,59.75,24.100000381469727,90.79000091552734,8.0,0.018433649092912674
2021-03-03,4.0,35.217,97.309,35.0,147.0,1.588,11.911,39.55,532.41,3819.719970703125,3576.89990234375,61.27999877929688,26.670000076293945,90.9499969482422,8.0,0.036961629986763
2021-03-04,3.81,33.91,91.506,32.7,141.51,1.382,10.751,38.09,509.4,3768.469970703125,3503.489990234375,63.83000183105469,28.56999969482422,91.62999725341795,8.0,0.04361981898546219
2021-03-05,3.75,33.007,88.059,35.02,143.88,1.342,10.831,38.29,480.42,3841.93994140625,3501.987060546875,66.08999633789062,24.65999984741211,91.9800033569336,8.0,0.03740281984210014
2021-03-06,3.75,33.007,88.059,35.02,143.88,1.342,10.831,38.29,480.42,3841.93994140625,3501.987060546875,66.08999633789062,24.65999984741211,91.9800033569336,8.0,0.05280349776148796
2021-03-07,3.75,33.007,88.059,35.02,143.88,1.342,10.831,38.29,480.42,3841.93994140625,3501.987060546875,66.08999633789062,24.65999984741211,91.9800033569336,8.0,0.04495586082339287
2021-03-08,3.87,33.631,90.189,34.43,140.69,1.285,9.861,39.62,463.36,3821.35009765625,3421.409912109375,65.05000305175781,25.46999931335449,92.30999755859376,8.0,0.06043922156095505
2021-03-09,3.79,33.636,90.995,33.86,145.77,1.34,10.042,38.07,461.57,3875.43994140625,3359.2900390625,64.01000213623047,24.030000686645508,91.95999908447266,8.0,0.06044454500079155
2021-03-10,3.78,32.779,86.207,34.46,152.3,1.345,10.545,37.79,465.45,3898.81005859375,3357.739990234375,64.44000244140625,22.559999465942383,91.79000091552734,8.0,0.05891282856464386
2021-03-11,3.87,32.449,87.715,37.47,161.27,1.513,10.869,39.71,487.35,3939.340087890625,3436.830078125,66.0199966430664,21.90999984741211,91.41999816894533,8.0,0.06336024403572083
2021-03-12,3.87,33.166,88.185,37.42,157.28,1.404,10.878,39.89,491.33,3943.340087890625,3453.080078125,65.61000061035156,20.690000534057617,91.68000030517578,8.0,0.0592849999666214
2021-03-13,3.87,33.166,88.185,37.42,157.28,1.404,10.878,39.89,491.33,3943.340087890625,3453.080078125,65.61000061035156,20.690000534057617,91.68000030517578,8.0,0.0580257885158062
2021-03-14,3.87,33.166,88.185,37.42,157.28,1.404,10.878,39.89,491.33,3943.340087890625,3453.080078125,65.61000061035156,20.690000534057617,91.68000030517578,8.0,0.06942310184240341
2021-03-15,3.79,33.057,86.158,36.96,158.83,1.383,10.88,39.54,489.13,3968.93994140625,3419.949951171875,65.38999938964844,20.030000686645508,91.83000183105467,8.0,0.0631987527012825
2021-03-16,3.81,32.302,85.1,34.99,155.36,1.43,10.601,39.67,478.75,3962.7099609375,3446.73291015625,64.80000305175781,19.790000915527344,91.87000274658205,8.0,0.05987679213285446
2021-03-17,3.77,31.972,84.827,36.11,155.91,1.429,11.232,38.31,481.26,3974.1201171875,3445.551025390625,64.5999984741211,19.229999542236328,91.4000015258789,8.0,0.06774456053972244
2021-03-18,3.83,31.553,83.666,35.42,152.52,1.44,11.199,38.37,480.98,3915.4599609375,3463.068115234375,60.0,21.57999992370605,91.8499984741211,8.0,0.06509721279144287
2021-03-19,3.74,30.952,82.203,34.99,151.5,1.378,10.623,36.93,471.62,3913.10009765625,3404.659912109375,61.41999816894531,20.950000762939453,91.91999816894533,8.0,0.07093508541584015
2021-03-20,3.74,30.952,82.203,34.99,151.5,1.378,10.623,36.93,471.62,3913.10009765625,3404.659912109375,61.41999816894531,20.950000762939453,91.91999816894533,8.0,0.06452538818120956
2021-03-21,3.74,30.952,82.203,34.99,151.5,1.378,10.623,36.93,471.62,3913.10009765625,3404.659912109375,61.41999816894531,20.950000762939453,91.91999816894533,8.0,0.060590919107198715
2021-03-22,3.71,30.684,81.282,35.01,152.15,1.375,10.631,36.61,470.82,3940.590087890625,3443.43994140625,61.54999923706055,18.8799991607666,91.8000030517578,8.0,0.0678296759724617
2021-03-23,3.58,30.506,79.964,32.2,146.47,1.295,10.275,35.53,446.77,3910.52001953125,3411.510009765625,57.7599983215332,20.299999237060547,92.33999633789062,8.0,0.060933127999305725
2021-03-24,3.64,30.299,80.977,31.61,146.63,1.191,9.896,36.16,426.43,3889.139892578125,3367.06005859375,61.18000030517578,21.200000762939453,92.52999877929688,8.0,0.06857303529977798
2021-03-25,3.53,30.287,79.69,31.11,148.93,1.232,10.148,35.55,428.97,3909.52001953125,3363.590087890625,58.560001373291016,19.809999465942383,92.87999725341795,8.0,0.0716775581240654
2021-03-26,3.78,30.644,82.022,32.96,150.4,1.247,10.909,37.23,447.27,3974.5400390625,3418.326904296875,60.970001220703125,18.86000061035156,92.7699966430664,8.0,0.05737166106700897
2021-03-27,3.78,30.644,82.022,32.96,150.4,1.247,10.909,37.23,447.27,3974.5400390625,3418.326904296875,60.970001220703125,18.86000061035156,92.7699966430664,8.0,0.03656734898686409
2021-03-28,3.78,30.644,82.022,32.96,150.4,1.247,10.909,37.23,447.27,3974.5400390625,3418.326904296875,60.970001220703125,18.86000061035156,92.7699966430664,8.0,0.05477511137723923
2021-03-29,3.75,31.156,83.391,32.1,146.41,1.257,10.611,36.69,445.59,3971.090087890625,3435.300048828125,61.560001373291016,20.739999771118164,92.94000244140624,8.0,0.051309097558259964
2021-03-30,3.76,30.367,81.031,32.68,145.39,1.272,10.88,37.44,456.11,3958.550048828125,3456.679931640625,60.54999923706055,19.61000061035156,93.3000030517578,8.0,0.053334400057792664
2021-03-31,3.75,30.639,81.903,32.93,146.11,1.23,10.276,37.19,460.04,3972.889892578125,3441.909912109375,59.15999984741211,19.399999618530277,93.2300033569336,8.0,0.06492632627487183
2021-04-01,3.78,30.961,83.056,33.76,150.74,1.266,10.359,38.07,466.75,4019.8701171875,3466.330078125,61.45000076293945,17.329999923706055,92.93000030517578,6.0,0.06126880645751953
2021-04-02,3.78,30.961,83.056,33.76,150.74,1.266,10.359,38.07,466.58,4019.8701171875,3484.39208984375,61.45000076293945,17.329999923706055,92.93000030517578,6.0,0.05786922201514244
2021-04-03,3.78,30.961,83.056,33.76,150.74,1.266,10.359,38.07,466.58,4019.8701171875,3484.39208984375,61.45000076293945,17.329999923706055,92.93000030517578,6.0,0.07635050266981125
2021-04-04,3.78,30.961,83.056,33.76,150.74,1.266,10.359,38.07,466.58,4019.8701171875,3484.39208984375,61.45000076293945,17.329999923706055,92.93000030517578,6.0,0.08688989281654358
2021-04-05,3.78,30.961,83.056,33.76,150.74,1.266,10.359,38.07,467.2,4077.909912109375,3484.39208984375,58.650001525878906,17.90999984741211,92.5999984741211,6.0,0.10282262414693832
2021-04-06,3.86,31.28,83.636,35.01,152.89,1.266,10.607,38.9,472.33,4073.93994140625,3482.969970703125,59.33000183105469,18.1200008392334,92.33999633789062,6.0,0.11741119623184204
2021-04-07,3.85,31.104,84.091,33.98,143.7,1.303,10.761,38.97,479.09,4079.949951171875,3479.6298828125,59.77000045776367,17.15999984741211,92.45999908447266,6.0,0.12120766192674637
2021-04-08,3.87,32.064,86.328,34.37,146.17,1.348,10.54,40.22,478.69,4097.169921875,3482.550048828125,59.59999847412109,16.950000762939453,92.05999755859376,6.0,0.1231396347284317
2021-04-09,3.79,31.669,85.696,34.04,147.32,1.342,10.641,40.13,476.76,4128.7998046875,3450.679931640625,59.31999969482422,16.690000534057617,92.16000366210938,6.0,0.11647717654705048
2021-04-10,3.79,31.669,85.696,34.04,147.32,1.342,10.641,40.13,476.76,4128.7998046875,3450.679931640625,59.31999969482422,16.690000534057617,92.16000366210938,6.0,0.11252253502607346
2021-04-11,3.79,31.669,85.696,34.04,147.32,1.342,10.641,40.13,476.76,4128.7998046875,3450.679931640625,59.31999969482422,16.690000534057617,92.16000366210938,6.0,0.12300538271665573
2021-04-12,3.77,31.341,85.248,33.67,147.71,1.238,9.705,39.52,466.36,4127.990234375,3412.949951171875,59.70000076293945,16.90999984741211,92.13999938964844,6.0,0.13784213364124298
2021-04-13,3.78,31.073,84.423,33.73,148.58,1.238,9.731,39.83,467.84,4141.58984375,3396.469970703125,60.18000030517578,16.649999618530273,91.8499984741211,6.0,0.13770131766796112
2021-04-14,3.99,31.627,85.93,36.31,152.93,1.319,10.655,41.13,483.34,4124.66015625,3416.719970703125,63.150001525878906,16.989999771118164,91.69000244140624,6.0,0.13884836435317993
2021-04-15,4.0,32.661,88.815,37.83,150.51,1.37,10.733,41.23,483.41,4170.419921875,3398.989990234375,63.459999084472656,16.56999969482422,91.66999816894533,6.0,0.13513801991939545
2021-04-16,4.0,32.754,89.501,38.14,152.03,1.369,10.427,42.02,482.64,4185.47021484375,3426.6201171875,63.130001068115234,16.25,91.55999755859376,6.0,0.13509602844715118
2021-04-17,4.0,32.754,89.501,38.14,152.03,1.369,10.427,42.02,482.64,4185.47021484375,3426.6201171875,63.130001068115234,16.25,91.55999755859376,6.0,0.11394023895263672
2021-04-18,4.0,32.754,89.501,38.14,152.03,1.369,10.427,42.02,482.64,4185.47021484375,3426.6201171875,63.130001068115234,16.25,91.55999755859376,6.0,0.11127278208732605
2021-04-19,4.07,32.849,91.266,37.33,157.5,1.424,11.49,42.31,496.73,4163.259765625,3477.550048828125,63.380001068115234,17.290000915527344,91.06999969482422,6.0,0.09711172431707382
2021-04-20,3.88,32.629,90.377,35.88,148.52,1.425,11.092,40.59,484.67,4134.93994140625,3472.93994140625,62.43999862670898,18.68000030517578,91.23999786376952,6.0,0.1014632135629654
2021-04-21,3.91,32.582,90.622,35.9,153.05,1.406,10.928,40.59,485.01,4173.419921875,3472.929931640625,61.34999847412109,17.5,91.16000366210938,6.0,0.09547128528356552
2021-04-22,3.87,32.699,90.438,34.74,155.8,1.415,10.884,40.65,479.49,4134.97998046875,3465.110107421875,61.43000030517578,18.709999084472656,91.33000183105467,6.0,0.10383524000644684
2021-04-23,3.94,32.798,91.351,36.54,161.23,1.451,11.136,41.26,487.78,4180.169921875,3474.169921875,62.13999938964844,17.329999923706055,90.86000061035156,6.0,0.0884777083992958
2021-04-24,3.94,32.798,91.351,36.54,161.23,1.451,11.136,41.26,487.78,4180.169921875,3474.169921875,62.13999938964844,17.329999923706055,90.86000061035156,6.0,0.08828510344028473
2021-04-25,3.94,32.798,91.351,36.54,161.23,1.451,11.136,41.26,487.78,4180.169921875,3474.169921875,62.13999938964844,17.329999923706055,90.86000061035156,6.0,0.09799116849899292
2021-04-26,4.07,33.221,93.021,39.05,170.57,1.479,10.789,42.24,498.76,4187.6201171875,3441.169921875,61.90999984741211,17.639999389648438,90.80999755859376,6.0,0.11021826416254044
2021-04-27,4.02,33.445,93.457,38.69,169.75,1.487,10.631,41.87,497.77,4186.72021484375,3442.610107421875,62.93999862670898,17.559999465942383,90.91000366210938,6.0,0.11725687980651855
2021-04-28,4.04,33.438,92.609,39.35,169.4,1.438,10.932,41.99,497.3,4183.18017578125,3457.070068359375,63.86000061035156,17.280000686645508,90.61000061035156,6.0,0.13699567317962646
2021-04-29,4.0,33.639,93.14,38.4,167.62,1.499,11.378,41.59,501.75,4211.47021484375,3474.89990234375,65.01000213623047,17.610000610351562,90.61000061035156,6.0,0.15532317757606506
2021-04-30,3.9,32.771,91.009,37.71,168.17,1.408,12.082,40.27,496.87,4181.169921875,3446.860107421875,63.58000183105469,18.61000061035156,91.27999877929688,6.0,0.15721440315246582
2021-05-01,3.9,32.771,91.009,37.71,168.17,1.408,12.082,40.27,496.87,4181.169921875,3446.860107421875,63.58000183105469,18.61000061035156,91.27999877929688,6.0,0.1805238276720047
2021-05-02,3.9,32.771,91.009,37.71,168.17,1.408,12.082,40.27,496.87,4181.169921875,3446.860107421875,63.58000183105469,18.61000061035156,91.27999877929688,6.0,0.17364941537380219
2021-05-03,3.9,32.771,91.009,37.71,168.17,1.408,12.082,40.27,495.87,4192.66015625,3446.860107421875,64.48999786376953,18.309999465942383,90.9499969482422,6.0,0.19957998394966125
2021-05-04,3.94,33.088,92.365,39.22,162.11,1.568,12.082,40.57,499.23,4164.66015625,3446.860107421875,65.69000244140625,19.479999542236328,91.29000091552734,6.0,0.1938885599374771
2021-05-05,4.13,33.634,93.932,41.54,167.15,1.565,12.082,43.18,505.64,4167.58984375,3446.860107421875,65.62999725341797,19.149999618530277,91.30999755859376,6.0,0.192463681101799
2021-05-06,4.15,34.494,95.243,42.07,152.85,1.555,12.009,43.06,506.82,4201.6201171875,3441.280029296875,64.70999908447266,18.38999938964844,90.9499969482422,6.0,0.1840246468782425
2021-05-07,4.32,34.975,97.046,43.97,162.72,1.584,11.82,44.86,515.83,4232.60009765625,3418.8701171875,64.9000015258789,16.690000534057617,90.2300033569336,6.0,0.1495668590068817
2021-05-08,4.32,34.975,97.046,43.97,162.72,1.584,11.82,44.86,515.83,4232.60009765625,3418.8701171875,64.9000015258789,16.690000534057617,90.2300033569336,6.0,0.13214068114757538
2021-05-09,4.32,34.975,97.046,43.97,162.72,1.584,11.82,44.86,515.83,4232.60009765625,3418.8701171875,64.9000015258789,16.690000534057617,90.2300033569336,6.0,0.14199386537075043
2021-05-10,4.48,36.01,101.341,42.74,159.48,1.713,12.392,45.7,529.45,4188.43017578125,3427.989990234375,64.91999816894531,19.65999984741211,90.20999908447266,6.0,0.1448214054107666
2021-05-11,4.44,35.797,99.692,44.8,160.5,1.581,11.665,45.58,515.67,4152.10009765625,3441.85009765625,65.27999877929688,21.84000015258789,90.13999938964844,6.0,0.12388636916875839
2021-05-12,4.48,35.08,97.801,42.75,154.6,1.612,11.589,45.38,501.38,4063.0400390625,3462.75,66.08000183105469,27.59000015258789,90.70999908447266,6.0,0.11041543632745743
2021-05-13,4.36,34.65,96.317,41.97,157.69,1.496,11.206,43.37,482.19,4112.5,3429.5400390625,63.81999969482422,23.1299991607666,90.75,6.0,0.10451711714267731
2021-05-14,4.38,34.303,94.908,42.29,163.81,1.506,11.4,43.72,481.15,4173.85009765625,3490.3798828125,65.37000274658203,18.809999465942383,90.31999969482422,6.0,0.09353821724653244
2021-05-15,4.38,34.303,94.908,42.29,163.81,1.506,11.4,43.72,481.15,4173.85009765625,3490.3798828125,65.37000274658203,18.809999465942383,90.31999969482422,6.0,0.10075631737709045
2021-05-16,4.38,34.303,94.908,42.29,163.81,1.506,11.4,43.72,481.15,4173.85009765625,3490.3798828125,65.37000274658203,18.809999465942383,90.31999969482422,6.0,0.10668943077325821
2021-05-17,4.4,34.284,95.259,44.18,157.79,1.586,11.942,44.26,488.53,4163.2900390625,3517.6201171875,66.2699966430664,19.71999931335449,90.22000122070312,6.0,0.10160456597805023
2021-05-18,4.41,35.046,97.628,43.63,159.35,1.605,12.029,44.59,495.48,4127.830078125,3529.010009765625,65.48999786376953,21.34000015258789,89.75,6.0,0.10860636085271835
2021-05-19,4.24,33.564,93.18,40.72,156.98,1.605,12.702,42.27,485.13,4115.68017578125,3510.9599609375,63.36000061035156,22.18000030517578,90.19000244140624,6.0,0.11870738863945007
2021-05-20,4.23,33.424,93.302,41.22,157.99,1.515,12.656,42.5,483.0,4159.1201171875,3506.93994140625,62.04999923706055,20.670000076293945,89.80999755859375,6.0,0.1077776625752449
2021-05-21,4.2,32.87,91.916,40.87,159.58,1.479,12.878,42.22,483.64,4155.85986328125,3486.56005859375,63.58000183105469,20.149999618530277,90.0199966430664,6.0,0.0862475261092186
2021-05-22,4.2,32.87,91.916,40.87,159.58,1.479,12.878,42.22,483.64,4155.85986328125,3486.56005859375,63.58000183105469,20.149999618530277,90.0199966430664,6.0,0.1109592393040657
2021-05-23,4.2,32.87,91.916,40.87,159.58,1.479,12.878,42.22,483.64,4155.85986328125,3486.56005859375,63.58000183105469,20.149999618530277,90.0199966430664,6.0,0.10185524821281433
2021-05-24,4.22,32.351,90.188,41.57,159.59,1.43,13.124,42.44,484.24,4197.0498046875,3497.280029296875,66.05000305175781,18.399999618530277,89.83000183105469,6.0,0.09777231514453888
2021-05-25,4.14,32.764,91.636,40.68,158.02,1.492,12.941,41.43,488.39,4188.1298828125,3581.340087890625,66.06999969482422,18.84000015258789,89.63999938964844,6.0,0.10119219869375229
2021-05-26,4.16,31.939,89.465,41.32,162.2,1.52,12.836,41.14,494.39,4195.990234375,3593.360107421875,66.20999908447266,17.360000610351562,90.04000091552734,6.0,0.10162335634231567
2021-05-27,4.38,32.253,90.328,42.59,168.56,1.515,12.965,42.32,504.98,4200.8798828125,3608.85009765625,66.8499984741211,16.739999771118164,89.97000122070312,6.0,0.09755691885948181
2021-05-28,4.37,33.075,92.378,42.72,167.08,1.549,13.334,42.23,512.7,4204.10986328125,3600.780029296875,66.31999969482422,16.760000228881836,90.02999877929688,6.0,0.09864330291748047
2021-05-29,4.37,33.075,92.378,42.72,167.08,1.549,13.334,42.23,512.7,4204.10986328125,3600.780029296875,66.31999969482422,16.760000228881836,90.02999877929688,6.0,0.10080558061599731
2021-05-30,4.37,33.075,92.378,42.72,167.08,1.549,13.334,42.23,512.7,4204.10986328125,3600.780029296875,66.31999969482422,16.760000228881836,90.02999877929688,6.0,0.10427683591842651
2021-05-31,4.37,33.075,92.378,42.72,167.08,1.549,13.334,42.23,524.37,4204.10986328125,3615.47998046875,66.31999969482422,16.760000228881836,90.02999877929688,6.0,0.09302263706922531
2021-06-01,4.48,33.078,94.062,44.21,171.43,1.59,14.352,43.81,526.04,4202.0400390625,3624.7099609375,67.72000122070312,17.899999618530273,89.83000183105469,5.0,0.07888874411582947
2021-06-02,4.52,34.091,95.811,43.34,170.36,1.539,14.577,44.34,532.29,4208.1201171875,3597.139892578125,68.83000183105469,17.479999542236328,89.9000015258789,5.0,0.0714215561747551
2021-06-03,4.39,33.814,94.694,41.87,168.17,1.526,14.166,42.87,532.98,4192.85009765625,3584.2099609375,68.80999755859375,18.040000915527344,90.5,5.0,0.07364703714847565
2021-06-04,4.47,33.584,93.871,41.73,173.54,1.447,14.404,43.74,537.44,4229.89013671875,3591.840087890625,69.62000274658203,16.420000076293945,90.13999938964844,5.0,0.0687686875462532
2021-06-05,4.47,33.584,93.871,41.73,173.54,1.447,14.404,43.74,537.44,4229.89013671875,3591.840087890625,69.62000274658203,16.420000076293945,90.13999938964844,5.0,0.08063184469938278
2021-06-06,4.47,33.584,93.871,41.73,173.54,1.447,14.404,43.74,537.44,4229.89013671875,3591.840087890625,69.62000274658203,16.420000076293945,90.13999938964844,5.0,0.08834566175937653
2021-06-07,4.39,33.722,94.601,41.26,170.78,1.485,14.182,42.62,533.98,4226.52001953125,3599.5400390625,69.2300033569336,16.420000076293945,89.94999694824219,5.0,0.0773075670003891
2021-06-08,4.39,33.342,93.56,41.38,176.01,1.459,13.343,42.96,524.69,4227.259765625,3580.110107421875,70.05000305175781,17.06999969482422,90.08000183105467,5.0,0.07434353232383728
2021-06-09,4.31,33.494,93.909,40.7,174.37,1.482,13.309,41.76,521.04,4219.5498046875,3591.39990234375,69.95999908447266,17.889999389648438,90.12000274658205,5.0,0.1020175963640213
2021-06-10,4.34,33.338,94.279,40.14,167.78,1.456,13.814,41.88,520.09,4239.18017578125,3610.860107421875,70.29000091552734,16.100000381469727,90.08000183105467,5.0,0.10200534015893936
2021-06-11,4.44,33.587,93.734,40.85,170.18,1.482,13.892,42.32,522.04,4247.43994140625,3589.75,70.91000366210938,15.649999618530272,90.55999755859376,5.0,0.08836853504180908
2021-06-12,4.44,33.587,93.734,40.85,170.18,1.482,13.892,42.32,522.04,4247.43994140625,3589.75,70.91000366210938,15.649999618530272,90.55999755859376,5.0,0.07271528989076614
2021-06-13,4.44,33.587,93.734,40.85,170.18,1.482,13.892,42.32,522.04,4247.43994140625,3589.75,70.91000366210938,15.649999618530272,90.55999755859376,5.0,0.08495138585567474
2021-06-14,4.43,33.587,93.734,39.48,168.34,1.482,13.892,41.88,521.61,4255.14990234375,3589.75,70.87999725341797,16.389999389648438,90.5199966430664,5.0,0.08791419863700867
2021-06-15,4.33,33.68,94.631,37.6,166.03,1.415,13.589,40.26,508.3,4246.58984375,3556.56005859375,72.12000274658203,17.020000457763672,90.54000091552734,5.0,0.0783168226480484
2021-06-16,4.25,32.775,93.137,37.06,165.28,1.287,12.365,39.52,495.3,4223.7001953125,3518.330078125,72.1500015258789,18.149999618530277,91.12999725341795,5.0,0.07240703701972961
2021-06-17,4.07,32.06,91.315,35.15,163.87,1.303,12.672,37.99,484.57,4221.85986328125,3525.60009765625,71.04000091552734,17.75,91.88999938964844,5.0,0.08545564860105515
2021-06-18,3.93,30.971,89.879,34.96,157.97,1.282,13.3,35.78,489.27,4166.4501953125,3525.10009765625,71.63999938964844,20.700000762939453,92.2300033569336,5.0,0.08105865120887756
2021-06-19,3.93,30.971,89.879,34.96,157.97,1.282,13.3,35.78,489.27,4166.4501953125,3525.10009765625,71.63999938964844,20.700000762939453,92.2300033569336,5.0,0.08498330414295197
2021-06-20,3.93,30.971,89.879,34.96,157.97,1.282,13.3,35.78,489.27,4166.4501953125,3525.10009765625,71.63999938964844,20.700000762939453,92.2300033569336,5.0,0.09167974442243576
2021-06-21,4.02,30.6,88.067,35.78,161.41,1.274,13.185,36.85,483.78,4224.7900390625,3529.179931640625,73.66000366210938,17.889999389648438,91.86000061035156,5.0,0.10788267105817795
2021-06-22,4.11,31.393,89.704,36.49,161.58,1.318,12.977,37.13,495.14,4246.43994140625,3557.409912109375,73.05999755859375,16.65999984741211,91.7300033569336,5.0,0.10562445223331451
2021-06-23,4.14,31.808,90.6,37.18,163.67,1.332,13.599,37.56,506.69,4241.83984375,3566.219970703125,73.08000183105469,16.31999969482422,91.8000030517578,5.0,0.09298482537269592
2021-06-24,4.19,32.135,91.798,37.52,165.97,1.322,13.162,38.81,509.47,4266.490234375,3566.64990234375,73.30000305175781,15.970000267028809,91.81999969482422,5.0,0.08826015144586563
2021-06-25,4.19,32.354,92.482,37.24,166.77,1.399,13.828,39.25,514.98,4280.7001953125,3607.56005859375,74.05000305175781,15.619999885559082,91.80999755859376,5.0,0.06943529844284058
2021-06-26,4.19,32.354,92.482,37.24,166.77,1.399,13.828,39.25,514.98,4280.7001953125,3607.56005859375,74.05000305175781,15.619999885559082,91.80999755859376,5.0,0.07114798575639725
2021-06-27,4.19,32.354,92.482,37.24,166.77,1.399,13.828,39.25,514.98,4280.7001953125,3607.56005859375,74.05000305175781,15.619999885559082,91.80999755859376,5.0,0.08475108444690704
2021-06-28,4.11,32.61,92.861,36.74,169.05,1.353,13.539,38.41,512.66,4290.60986328125,3606.3701171875,72.91000366210938,15.760000228881836,91.87999725341795,5.0,0.0958014726638794
2021-06-29,4.16,32.142,91.406,37.27,167.54,1.332,13.204,38.18,512.59,4291.7998046875,3573.179931640625,72.9800033569336,16.020000457763672,92.0500030517578,5.0,0.08237505704164505
2021-06-30,4.1,32.426,92.445,37.11,168.46,1.345,13.396,37.87,527.67,4297.5,3591.199951171875,73.47000122070312,15.829999923706056,92.44000244140624,5.0,0.08025868982076645
2021-07-01,4.09,32.068,91.615,37.09,172.03,1.345,13.241,37.93,521.6,4319.93994140625,3588.780029296875,75.2300033569336,15.479999542236328,92.5999984741211,6.0,0.08203424513339996
2021-07-02,4.17,32.53,92.097,37.14,170.65,1.347,13.343,38.83,523.21,4352.33984375,3518.760009765625,75.16000366210938,15.06999969482422,92.2300033569336,6.0,0.08032901585102081
2021-07-03,4.17,32.53,92.097,37.14,170.65,1.347,13.343,38.83,523.21,4352.33984375,3518.760009765625,75.16000366210938,15.06999969482422,92.2300033569336,6.0,0.09115223586559296
2021-07-04,4.17,32.53,92.097,37.14,170.65,1.347,13.343,38.83,523.21,4352.33984375,3518.760009765625,75.16000366210938,15.06999969482422,92.2300033569336,6.0,0.09154361486434937
2021-07-05,4.24,32.48,92.454,37.14,170.65,1.375,14.698,39.42,542.38,4352.33984375,3534.320068359375,75.16000366210938,15.06999969482422,92.2300033569336,6.0,0.07977151870727539
2021-07-06,4.1,32.609,91.535,36.0,168.56,1.373,15.001,38.16,535.94,4343.5400390625,3530.260009765625,73.37000274658203,16.440000534057617,92.5500030517578,6.0,0.08533798903226852
2021-07-07,4.2,32.506,91.799,36.21,170.04,1.388,15.708,39.35,553.3,4358.1298828125,3553.719970703125,72.19999694824219,16.200000762939453,92.63999938964844,6.0,0.07734853774309158
2021-07-08,4.06,32.849,91.291,34.69,167.91,1.326,15.806,37.7,560.73,4320.81982421875,3525.5,72.94000244140625,19.0,92.36000061035156,6.0,0.0692981705069542
2021-07-09,4.25,32.977,91.381,36.5,175.51,1.367,16.726,39.64,583.77,4369.5498046875,3524.090087890625,74.55999755859375,16.18000030517578,92.12999725341795,6.0,0.05445696786046028
2021-07-10,4.25,32.977,91.381,36.5,175.51,1.367,16.726,39.64,583.77,4369.5498046875,3524.090087890625,74.55999755859375,16.18000030517578,92.12999725341795,6.0,0.0786484032869339
2021-07-11,4.25,32.977,91.381,36.5,175.51,1.367,16.726,39.64,583.77,4369.5498046875,3524.090087890625,74.55999755859375,16.18000030517578,92.12999725341795,6.0,0.084480881690979
2021-07-12,4.21,33.978,92.86,36.53,187.49,1.401,18.409,39.11,613.63,4384.6298828125,3547.840087890625,74.0999984741211,16.170000076293945,92.2300033569336,6.0,0.08925897628068924
2021-07-13,4.15,33.614,93.051,35.73,184.86,1.398,18.739,38.78,607.47,4369.2099609375,3566.52001953125,75.25,17.1200008392334,92.75,6.0,0.09004876762628555
2021-07-14,4.24,33.94,93.418,34.52,182.52,1.357,17.636,39.47,593.69,4374.2998046875,3528.5,73.12999725341797,16.329999923706055,92.41000366210938,6.0,0.11121203005313873
2021-07-15,4.24,34.077,94.824,34.39,185.83,1.396,18.562,39.2,610.54,4360.02978515625,3564.590087890625,71.6500015258789,17.010000228881836,92.62000274658205,6.0,0.1312192678451538
2021-07-16,4.07,34.186,94.116,33.2,180.66,1.396,18.192,37.93,597.12,4327.16015625,3539.300048828125,71.80999755859375,18.450000762939453,92.69000244140624,6.0,0.12231524288654327
2021-07-17,4.07,34.186,94.116,33.2,180.66,1.396,18.192,37.93,597.12,4327.16015625,3539.300048828125,71.80999755859375,18.450000762939453,92.69000244140624,6.0,0.11211534589529037
2021-07-18,4.07,34.186,94.116,33.2,180.66,1.396,18.192,37.93,597.12,4327.16015625,3539.300048828125,71.80999755859375,18.450000762939453,92.69000244140624,6.0,0.11267293244600296
2021-07-19,3.88,33.013,91.373,32.4,178.08,1.369,18.339,36.24,580.82,4258.490234375,3539.1201171875,66.41999816894531,22.5,92.88999938964844,6.0,0.11629340052604675
2021-07-20,3.94,32.133,88.778,32.95,187.25,1.302,18.616,36.38,589.6,4323.06005859375,3536.7900390625,67.41999816894531,19.729999542236328,92.97000122070312,6.0,0.1011253371834755
2021-07-21,4.12,32.686,90.168,34.65,190.22,1.312,20.535,38.09,627.59,4358.68994140625,3562.660888671875,70.30000305175781,17.90999984741211,92.75,6.0,0.11081307381391525
2021-07-22,4.11,33.799,91.519,34.8,192.76,1.344,22.08,38.19,640.49,4367.47998046875,3574.73388671875,71.91000366210938,17.690000534057617,92.81999969482422,6.0,0.09237895160913467
2021-07-23,4.16,33.617,91.123,35.19,190.35,1.362,20.837,38.84,636.59,4411.7900390625,3550.39990234375,72.06999969482422,17.200000762939453,92.91000366210938,6.0,0.0780869647860527
2021-07-24,4.16,33.617,91.123,35.19,190.35,1.362,20.837,38.84,636.59,4411.7900390625,3550.39990234375,72.06999969482422,17.200000762939453,92.91000366210938,6.0,0.06178398057818413
2021-07-25,4.16,33.617,91.123,35.19,190.35,1.362,20.837,38.84,636.59,4411.7900390625,3550.39990234375,72.06999969482422,17.200000762939453,92.91000366210938,6.0,0.07878010720014572
2021-07-26,4.31,34.111,93.484,36.65,194.84,1.35,21.619,40.29,649.61,4422.2998046875,3467.43994140625,71.91000366210938,17.579999923706055,92.6500015258789,6.0,0.10043706744909286
2021-07-27,4.3,34.969,94.921,36.35,188.99,1.413,19.407,40.64,627.44,4401.4599609375,3381.179931640625,71.6500015258789,19.36000061035156,92.43000030517578,6.0,0.0990818440914154
2021-07-28,4.35,34.46,94.948,36.68,194.54,1.344,19.589,41.42,623.88,4400.64013671875,3361.590087890625,72.38999938964844,18.309999465942383,92.31999969482422,6.0,0.09648897498846054
2021-07-29,4.4,35.115,96.597,38.47,202.82,1.403,21.13,43.83,656.97,4419.14990234375,3411.719970703125,73.62000274658203,17.700000762939453,91.86000061035156,6.0,0.09434207528829575
2021-07-30,4.31,34.978,95.394,38.1,206.04,1.418,21.521,42.29,666.67,4395.259765625,3397.360107421875,73.94999694824219,18.239999771118164,92.16999816894533,6.0,0.0968049094080925
2021-07-31,4.31,34.978,95.394,38.1,206.04,1.418,21.521,42.29,666.67,4395.259765625,3397.360107421875,73.94999694824219,18.239999771118164,92.16999816894533,6.0,0.07853486388921738
2021-08-01,4.31,34.978,95.394,38.1,206.04,1.418,21.521,42.29,666.67,4395.259765625,3397.360107421875,73.94999694824219,18.239999771118164,92.16999816894533,7.0,0.07189754396677017
2021-08-02,4.34,35.191,95.466,36.62,206.9,1.505,20.826,43.67,671.0,4387.16015625,3464.2900390625,71.26000213623047,19.459999084472656,92.0500030517578,7.0,0.06459611654281616
2021-08-03,4.4,34.867,95.302,36.64,206.98,1.458,19.342,45.01,659.97,4423.14990234375,3447.989990234375,70.55999755859375,18.040000915527344,92.08000183105467,7.0,0.07476701587438583
2021-08-04,4.38,35.519,96.553,35.65,206.84,1.464,20.991,45.59,685.97,4402.66015625,3477.219970703125,68.1500015258789,17.969999313354492,92.2699966430664,7.0,0.06572967022657394
2021-08-05,4.32,35.033,95.244,35.85,218.62,1.422,20.404,43.43,679.37,4429.10009765625,3466.550048828125,69.08999633789062,17.280000686645508,92.23999786376952,7.0,0.0729164257645607
2021-08-06,4.32,34.11,93.099,36.86,226.71,1.473,21.048,43.48,690.65,4436.52001953125,3458.22998046875,68.27999877929688,16.149999618530273,92.8000030517578,7.0,0.06907261162996292
2021-08-07,4.32,34.11,93.099,36.86,226.71,1.473,21.048,43.48,690.65,4436.52001953125,3458.22998046875,68.27999877929688,16.149999618530273,92.8000030517578,7.0,0.0833158791065216
2021-08-08,4.32,34.11,93.099,36.86,226.71,1.473,21.048,43.48,690.65,4436.52001953125,3458.22998046875,68.27999877929688,16.149999618530273,92.8000030517578,7.0,0.06419607251882553
2021-08-09,4.32,33.75,91.568,36.46,231.38,1.447,19.957,43.73,683.99,4432.35009765625,3494.6298828125,66.4800033569336,16.719999313354492,92.9499969482422,7.0,0.04687982797622681
2021-08-10,4.38,33.874,91.236,38.22,239.03,1.421,19.495,44.25,695.7,4436.75,3529.929931640625,68.29000091552734,16.790000915527344,93.05999755859376,7.0,0.057370156049728394
2021-08-11,4.53,34.474,92.686,38.73,235.99,1.419,19.744,45.39,705.95,4442.41015625,3532.6201171875,69.25,16.170000076293945,92.91000366210938,7.0,0.056636352092027664
2021-08-12,4.49,34.603,87.567,38.39,236.54,1.483,19.831,44.75,705.39,4460.830078125,3524.739990234375,69.08999633789062,15.59000015258789,93.04000091552734,7.0,0.05003242567181587
2021-08-13,4.47,34.651,88.059,38.1,235.22,1.552,19.441,44.79,702.98,4468.0,3516.300048828125,68.44000244140625,15.449999809265137,92.5199966430664,7.0,0.06549577414989471
2021-08-14,4.47,34.651,88.059,38.1,235.22,1.552,19.441,44.79,702.98,4468.0,3516.300048828125,68.44000244140625,15.449999809265137,92.5199966430664,7.0,0.0672663152217865
2021-08-15,4.47,34.651,88.059,38.1,235.22,1.552,19.441,44.79,702.98,4468.0,3516.300048828125,68.44000244140625,15.449999809265137,92.5199966430664,7.0,0.07876621931791306
2021-08-16,4.37,34.017,86.314,36.84,225.9,1.531,18.081,43.89,666.17,4479.7099609375,3517.340087890625,67.29000091552734,16.1200008392334,92.62999725341795,7.0,0.077939473092556
2021-08-17,4.27,33.131,83.753,34.71,216.45,1.455,17.743,43.34,641.46,4448.080078125,3446.97607421875,66.58999633789062,17.90999984741211,93.12999725341795,7.0,0.05892317369580269
2021-08-18,4.19,30.712,81.621,33.88,217.73,1.446,18.407,42.43,648.56,4400.27001953125,3485.285888671875,65.45999908447266,21.56999969482422,93.13999938964844,7.0,0.05306178331375122
2021-08-19,4.01,28.423,76.036,32.42,213.35,1.335,19.541,38.56,644.28,4405.7998046875,3465.554931640625,63.68999862670898,21.670000076293945,93.56999969482422,7.0,0.0611407533288002
2021-08-20,4.04,28.165,75.95,32.8,219.68,1.259,19.804,37.93,637.95,4441.669921875,3427.333984375,62.31999969482422,18.559999465942383,93.5,7.0,0.044370461255311966
2021-08-21,4.04,28.165,75.95,32.8,219.68,1.259,19.804,37.93,637.95,4441.669921875,3427.333984375,62.31999969482422,18.559999465942383,93.5,7.0,0.032575562596321106
2021-08-22,4.04,28.165,75.95,32.8,219.68,1.259,19.804,37.93,637.95,4441.669921875,3427.333984375,62.31999969482422,18.559999465942383,93.5,7.0,0.0061664702370762825
2021-08-23,4.17,28.534,76.352,34.2,227.94,1.312,20.391,38.77,671.17,4479.52978515625,3477.1298828125,65.63999938964844,17.149999618530273,92.95999908447266,7.0,-0.004533756524324417
2021-08-24,4.28,29.026,77.887,35.21,229.2,1.328,21.149,39.87,689.32,4486.22998046875,3514.470947265625,67.54000091552734,17.219999313354492,92.88999938964844,7.0,-0.00721781188622117
2021-08-25,4.33,29.452,80.088,35.11,234.17,1.349,20.712,40.54,699.07,4496.18994140625,3540.3798828125,68.36000061035156,16.790000915527344,92.83000183105467,7.0,-0.0008929666946642101
2021-08-26,4.26,28.953,78.552,34.54,230.7,1.325,20.731,39.82,685.24,4470.0,3501.6640625,67.41999816894531,18.84000015258789,93.05999755859376,7.0,0.0014269504463300109
2021-08-27,4.38,29.098,79.628,36.57,236.65,1.335,21.673,41.19,685.03,4509.3701171875,3522.156982421875,68.73999786376953,16.389999389648438,92.69000244140624,7.0,0.004900895059108734
2021-08-28,4.38,29.098,79.628,36.57,236.65,1.335,21.673,41.19,685.03,4509.3701171875,3522.156982421875,68.73999786376953,16.389999389648438,92.69000244140624,7.0,0.028012022376060486
2021-08-29,4.38,29.098,79.628,36.57,236.65,1.335,21.673,41.19,685.03,4509.3701171875,3522.156982421875,68.73999786376953,16.389999389648438,92.69000244140624,7.0,0.04705575853586197
2021-08-30,4.38,29.098,79.628,36.57,236.65,1.335,21.673,41.19,710.35,4528.7900390625,3528.15087890625,69.20999908447266,16.190000534057617,92.6500015258789,7.0,0.05413896590471268
2021-08-31,4.31,29.707,81.385,36.39,236.74,1.425,24.324,40.98,730.94,4522.68017578125,3543.93994140625,68.5,16.479999542236328,92.62999725341795,7.0,0.0549265518784523
2021-09-01,4.34,29.526,79.978,35.89,239.2,1.373,21.898,41.0,710.41,4524.08984375,3567.10009765625,68.58999633789062,16.110000610351562,92.4499969482422,6.0,0.04106860235333443
2021-09-02,4.4,27.63,79.815,36.27,244.03,1.387,21.424,41.28,721.65,4536.9501953125,3597.0400390625,69.98999786376953,16.40999984741211,92.2300033569336,6.0,0.025973688811063766
2021-09-03,4.46,28.123,82.465,36.14,241.86,1.416,19.961,41.61,708.67,4535.43017578125,3581.72998046875,69.29000091552734,16.40999984741211,92.04000091552734,6.0,0.011637968942523003
2021-09-04,4.46,28.123,82.465,36.14,241.86,1.416,19.961,41.61,708.67,4535.43017578125,3581.72998046875,69.29000091552734,16.40999984741211,92.04000091552734,6.0,-0.0003428502823226154
2021-09-05,4.46,28.123,82.465,36.14,241.86,1.416,19.961,41.61,708.67,4535.43017578125,3581.72998046875,69.29000091552734,16.40999984741211,92.04000091552734,6.0,0.004907779861241579
2021-09-06,4.52,27.945,81.753,36.14,241.86,1.431,20.83,41.35,710.49,4535.43017578125,3621.860107421875,69.29000091552734,16.40999984741211,92.04000091552734,6.0,0.0014554496156051755
2021-09-07,4.49,27.644,79.7,36.36,238.78,1.423,20.755,41.43,724.34,4520.02978515625,3676.590087890625,68.3499984741211,18.13999938964844,92.5199966430664,6.0,-0.0007659010589122772
2021-09-08,4.44,27.283,79.086,34.37,239.28,1.391,20.525,40.74,709.13,4514.06982421875,3675.18994140625,69.30000305175781,17.959999084472656,92.6500015258789,6.0,6.0645455960184336e-05
2021-09-09,4.44,26.838,77.155,34.81,243.41,1.443,20.684,40.67,714.15,4493.27978515625,3693.1298828125,68.13999938964844,18.799999237060547,92.4800033569336,6.0,-0.00633798586204648
2021-09-10,4.49,27.014,77.566,35.48,241.17,1.535,21.171,41.27,731.4,4458.580078125,3703.110107421875,69.72000122070312,20.950000762939453,92.58000183105467,6.0,-0.014983299188315868
2021-09-11,4.49,27.014,77.566,35.48,241.17,1.535,21.171,41.27,731.4,4458.580078125,3703.110107421875,69.72000122070312,20.950000762939453,92.58000183105467,6.0,-0.02211286686360836
2021-09-12,4.49,27.014,77.566,35.48,241.17,1.535,21.171,41.27,731.4,4458.580078125,3703.110107421875,69.72000122070312,20.950000762939453,92.58000183105467,6.0,-0.0325620211660862
2021-09-13,4.54,27.205,77.535,35.29,229.13,1.594,20.971,41.55,727.7,4468.72998046875,3715.3701171875,70.44999694824219,19.3700008392334,92.62000274658205,6.0,-0.025409098714590073
2021-09-14,4.48,27.191,77.495,34.79,230.47,1.522,20.17,40.17,730.57,4443.0498046875,3662.60009765625,70.45999908447266,19.459999084472656,92.6500015258789,6.0,-0.01935752108693123
2021-09-15,4.55,26.291,76.186,36.74,233.98,1.509,21.786,39.68,741.77,4480.7001953125,3656.219970703125,72.61000061035156,18.18000030517578,92.48999786376952,6.0,-0.03330253064632416
2021-09-16,4.44,26.382,75.024,34.3,231.25,1.432,19.533,37.73,713.56,4473.75,3607.090087890625,72.61000061035156,18.690000534057617,92.86000061035156,6.0,-0.02918052114546299
2021-09-17,4.34,25.332,71.264,33.05,226.85,1.367,18.959,34.57,704.74,4432.990234375,3613.969970703125,71.97000122070312,20.809999465942383,93.1999969482422,6.0,-0.01937706023454666
2021-09-18,4.34,25.332,71.264,33.05,226.85,1.367,18.959,34.57,704.74,4432.990234375,3613.969970703125,71.97000122070312,20.809999465942383,93.1999969482422,6.0,-0.00472418125718832
2021-09-19,4.34,25.332,71.264,33.05,226.85,1.367,18.959,34.57,704.74,4432.990234375,3613.969970703125,71.97000122070312,20.809999465942383,93.1999969482422,6.0,0.010029537603259087
2021-09-20,4.15,24.227,68.555,31.17,215.48,1.31,18.959,32.76,672.58,4357.72998046875,3613.969970703125,70.29000091552734,25.709999084472656,93.23999786376952,6.0,-0.001226390479132533
2021-09-21,4.12,24.305,68.713,30.48,216.49,1.31,18.959,32.81,669.8,4354.18994140625,3613.969970703125,70.55999755859375,24.36000061035156,93.1999969482422,6.0,-0.04799384996294975
2021-09-22,4.27,24.939,70.687,31.56,223.28,1.31,18.786,33.89,679.1,4395.64013671875,3628.489990234375,72.2300033569336,20.8700008392334,93.45999908447266,6.0,-0.05962734296917915
2021-09-23,4.36,24.93,71.602,32.11,229.15,1.3,19.065,34.61,694.52,4448.97998046875,3642.219970703125,73.30000305175781,18.6299991607666,93.0999984741211,6.0,-0.07591918110847473
2021-09-24,4.37,24.377,71.578,32.24,226.4,1.279,18.559,34.51,683.92,4455.47998046875,3613.070068359375,73.9800033569336,17.75,93.33000183105467,6.0,-0.08299022167921066
2021-09-25,4.37,24.377,71.578,32.24,226.4,1.279,18.559,34.51,683.92,4455.47998046875,3613.070068359375,73.9800033569336,17.75,93.33000183105467,6.0,-0.08754169940948486
2021-09-26,4.37,24.377,71.578,32.24,226.4,1.279,18.559,34.51,683.92,4455.47998046875,3613.070068359375,73.9800033569336,17.75,93.33000183105467,6.0,-0.1040327250957489
2021-09-27,4.45,24.471,72.679,33.91,222.25,1.254,18.034,34.42,671.29,4443.10986328125,3582.830078125,75.44999694824219,18.76000022888184,93.37999725341795,6.0,-0.10052837431430817
2021-09-28,4.5,23.755,70.025,33.57,216.45,1.263,17.658,33.06,656.78,4352.6298828125,3602.219970703125,75.29000091552734,23.25,93.7699966430664,6.0,-0.12182346731424332
2021-09-29,4.51,23.248,69.021,33.11,218.97,1.227,16.887,33.31,632.02,4359.4599609375,3536.2900390625,74.83000183105469,22.559999465942383,94.33999633789062,6.0,-0.14206521213054657
2021-09-30,4.58,24.198,71.872,32.53,218.97,1.236,18.058,34.3,649.54,4307.5400390625,3568.169921875,75.02999877929688,23.13999938964844,94.25,6.0,-0.15660084784030914
2021-10-01,4.59,23.808,70.081,32.84,218.89,1.236,18.058,34.24,641.39,4357.0400390625,3568.169921875,75.87999725341797,21.100000381469727,94.04000091552734,6.0,-0.15644578635692596
2021-10-02,4.59,23.808,70.081,32.84,218.89,1.236,18.058,34.24,641.39,4357.0400390625,3568.169921875,75.87999725341797,21.100000381469727,94.04000091552734,6.0,-0.13915671408176422
2021-10-03,4.59,23.808,70.081,32.84,218.89,1.236,18.058,34.24,641.39,4357.0400390625,3568.169921875,75.87999725341797,21.100000381469727,94.04000091552734,6.0,-0.14655108749866486
2021-10-04,4.67,23.958,70.511,32.71,215.21,1.16,18.058,34.24,632.25,4300.4599609375,3568.169921875,77.62000274658203,22.959999084472656,93.80999755859376,6.0,-0.1348445862531662
2021-10-05,4.84,23.708,70.311,32.2,222.39,1.207,18.058,34.42,633.81,4345.72021484375,3568.169921875,78.93000030517578,21.299999237060547,93.9800033569336,6.0,-0.13840128481388092
2021-10-06,4.73,23.731,69.709,31.71,222.37,1.185,18.058,33.3,629.55,4363.5498046875,3568.169921875,77.43000030517578,21.0,94.2699966430664,6.0,-0.15370377898216248
2021-10-07,4.71,23.855,70.085,34.32,222.3,1.215,18.058,35.12,646.56,4399.759765625,3568.169921875,78.30000305175781,19.540000915527344,94.22000122070312,6.0,-0.17605535686016083
2021-10-08,4.67,24.551,72.827,34.13,215.06,1.237,17.393,35.56,639.21,4391.33984375,3592.169921875,79.3499984741211,18.770000457763672,94.06999969482422,6.0,-0.19834676384925842
2021-10-09,4.67,24.551,72.827,34.13,215.06,1.237,17.393,35.56,639.21,4391.33984375,3592.169921875,79.3499984741211,18.770000457763672,94.06999969482422,6.0,-0.19374823570251465
2021-10-10,4.67,24.551,72.827,34.13,215.06,1.237,17.393,35.56,639.21,4391.33984375,3592.169921875,79.3499984741211,18.770000457763672,94.06999969482422,6.0,-0.1870858520269394
2021-10-11,4.82,24.925,74.633,35.23,214.16,1.324,17.497,37.37,652.47,4361.18994140625,3591.7099609375,80.5199966430664,20.0,94.31999969482422,6.0,-0.1558719128370285
2021-10-12,4.87,24.852,74.89,34.61,216.87,1.319,16.95,36.81,653.61,4350.64990234375,3546.93994140625,80.63999938964844,19.850000381469727,94.5199966430664,6.0,-0.14509163796901703
2021-10-13,4.91,24.694,72.79,35.82,223.66,1.319,18.04,36.92,665.02,4363.7998046875,3561.760009765625,80.44000244140625,18.63999938964844,94.08000183105467,6.0,-0.1691732555627823
2021-10-14,5.08,24.957,73.995,37.13,231.33,1.319,18.182,38.23,683.38,4438.259765625,3558.280029296875,81.30999755859375,16.860000610351562,93.95999908447266,6.0,-0.16236767172813416
2021-10-15,5.19,25.677,73.384,38.64,228.77,1.42,18.096,38.87,701.12,4471.3701171875,3572.3701171875,82.27999877929688,16.299999237060547,93.94000244140624,6.0,-0.1636645346879959
2021-10-16,5.19,25.677,73.384,38.64,228.77,1.42,18.096,38.87,701.12,4471.3701171875,3572.3701171875,82.27999877929688,16.299999237060547,93.94000244140624,6.0,-0.16620919108390808
2021-10-17,5.19,25.677,73.384,38.64,228.77,1.42,18.096,38.87,701.12,4471.3701171875,3572.3701171875,82.27999877929688,16.299999237060547,93.94000244140624,6.0,-0.16015684604644775
2021-10-18,5.2,25.857,74.636,38.54,236.91,1.479,19.129,37.66,703.79,4486.4599609375,3568.139892578125,82.44000244140625,16.309999465942383,93.9499969482422,6.0,-0.15598227083683014
2021-10-19,5.07,25.541,72.813,38.85,235.95,1.51,19.327,38.03,713.17,4519.6298828125,3593.14990234375,82.95999908447266,15.699999809265137,93.79000091552734,6.0,-0.18476645648479462
2021-10-20,5.05,25.809,73.18,38.93,235.17,1.49,19.126,38.09,719.04,4536.18994140625,3587.0,83.87000274658203,15.489999771118164,93.55999755859376,6.0,-0.17520618438720703
2021-10-21,4.91,25.58,71.746,38.42,234.16,1.461,19.219,36.99,720.73,4549.77978515625,3594.780029296875,82.5,15.010000228881836,93.7699966430664,6.0,-0.15238220989704132
2021-10-22,4.87,25.022,70.423,37.67,231.51,1.449,18.774,36.81,708.61,4544.89990234375,3582.60009765625,83.76000213623047,15.43000030517578,93.61000061035156,6.0,-0.15031640231609344
2021-10-23,4.87,25.022,70.423,37.67,231.51,1.449,18.774,36.81,708.61,4544.89990234375,3582.60009765625,83.76000213623047,15.43000030517578,93.61000061035156,6.0,-0.13941927254199982
2021-10-24,4.87,25.022,70.423,37.67,231.51,1.449,18.774,36.81,708.61,4544.89990234375,3582.60009765625,83.76000213623047,15.43000030517578,93.61000061035156,6.0,-0.110163114964962
2021-10-25,4.95,25.299,71.726,39.34,239.44,1.466,19.105,37.6,727.43,4566.47998046875,3609.860107421875,83.76000213623047,15.239999771118164,93.80999755859376,6.0,-0.09373080730438232
2021-10-26,4.92,25.513,71.393,38.85,236.16,1.487,19.307,37.67,737.1,4574.7900390625,3597.639892578125,84.6500015258789,15.979999542236328,93.9499969482422,6.0,-0.06392572075128555
2021-10-27,4.78,25.196,70.231,37.0,231.75,1.432,19.316,36.87,728.69,4551.68017578125,3562.31005859375,82.66000366210938,16.979999542236328,93.86000061035156,6.0,-0.05213494598865509
2021-10-28,4.79,24.867,69.477,38.1,246.21,1.376,18.474,36.99,714.82,4596.419921875,3518.419921875,82.80999755859375,16.530000686645508,93.3499984741211,6.0,-0.02875259891152382
2021-10-29,4.83,24.497,67.421,37.72,250.47,1.394,18.668,36.99,719.86,4605.3798828125,3547.340087890625,83.56999969482422,16.260000228881836,94.12000274658205,6.0,-0.02154124714434147
2021-10-30,4.83,24.497,67.421,37.72,250.47,1.394,18.668,36.99,719.86,4605.3798828125,3547.340087890625,83.56999969482422,16.260000228881836,94.12000274658205,6.0,-0.00469739455729723
2021-10-31,4.83,24.497,67.421,37.72,250.47,1.394,18.668,36.99,719.86,4605.3798828125,3547.340087890625,83.56999969482422,16.260000228881836,94.12000274658205,6.0,-0.008133764378726482
2021-11-01,4.83,24.392,67.956,38.33,255.87,1.352,18.099,37.33,723.3,4613.669921875,3544.47998046875,84.05000305175781,16.40999984741211,93.87999725341795,6.0,-0.011144018732011318
2021-11-02,4.66,23.519,65.385,38.55,260.02,1.324,18.908,35.95,713.14,4630.64990234375,3505.6298828125,83.91000366210938,16.030000686645508,94.08999633789062,6.0,-0.022687789052724838
2021-11-03,4.7,23.825,66.304,38.23,261.95,1.339,17.875,36.67,719.8,4660.56982421875,3498.5400390625,80.86000061035156,15.100000381469728,93.86000061035156,6.0,-0.014892137609422207
2021-11-04,4.62,23.737,64.88,37.0,272.66,1.334,17.922,36.08,731.95,4680.06005859375,3526.8701171875,78.80999755859375,15.4399995803833,94.3499984741211,6.0,-0.0029941569082438946
2021-11-05,4.61,23.783,65.258,37.04,272.51,1.311,18.131,35.73,735.83,4697.52978515625,3491.570068359375,81.2699966430664,16.479999542236328,94.31999969482422,6.0,0.011873476207256317
2021-11-06,4.61,23.783,65.258,37.04,272.51,1.311,18.131,35.73,735.83,4697.52978515625,3491.570068359375,81.2699966430664,16.479999542236328,94.31999969482422,6.0,0.03447238355875015
2021-11-07,4.61,23.783,65.258,37.04,272.51,1.311,18.131,35.73,735.83,4697.52978515625,3491.570068359375,81.2699966430664,16.479999542236328,94.31999969482422,6.0,0.051355961710214615
2021-11-08,4.72,24.035,65.676,39.43,278.52,1.376,19.595,36.43,755.63,4701.7001953125,3498.6298828125,81.93000030517578,17.219999313354492,94.0500030517578,6.0,0.06982608139514923
2021-11-09,4.65,24.119,65.153,39.2,274.57,1.361,19.389,35.92,752.56,4685.25,3507.0,84.1500015258789,17.780000686645508,93.95999908447266,6.0,0.07411941140890121
2021-11-10,4.6,23.313,63.651,37.52,265.75,1.358,18.203,35.6,727.25,4646.7099609375,3492.4599609375,81.33999633789062,18.729999542236328,94.8499984741211,6.0,0.06876839697360992
2021-11-11,4.78,23.809,64.553,40.9,272.31,1.384,17.942,37.61,731.89,4649.27001953125,3532.7900390625,81.58999633789062,17.65999984741211,95.18000030517578,6.0,0.06097514182329178
2021-11-12,4.77,24.612,67.124,41.23,276.4,1.386,17.84,37.65,739.43,4682.85009765625,3539.10009765625,80.79000091552734,16.290000915527344,95.12999725341795,6.0,0.05746115744113922
2021-11-13,4.77,24.612,67.124,41.23,276.4,1.386,17.84,37.65,739.43,4682.85009765625,3539.10009765625,80.79000091552734,16.290000915527344,95.12999725341795,6.0,0.06606172025203705
2021-11-14,4.77,24.612,67.124,41.23,276.4,1.386,17.84,37.65,739.43,4682.85009765625,3539.10009765625,80.79000091552734,16.290000915527344,95.12999725341795,6.0,0.05850370600819588
2021-11-15,4.69,24.495,66.965,40.86,271.29,1.387,17.089,37.13,730.37,4682.7998046875,3533.300048828125,80.87999725341797,16.489999771118164,95.41000366210938,6.0,0.050696711987257004
2021-11-16,4.72,23.725,65.095,39.6,272.47,1.39,16.893,37.04,714.71,4700.89990234375,3521.7900390625,80.76000213623047,16.3700008392334,95.91999816894533,6.0,0.05733036249876022
2021-11-17,4.84,23.265,64.14,38.87,273.39,1.374,18.051,37.66,724.63,4688.669921875,3537.3701171875,78.36000061035156,17.110000610351562,95.83000183105467,6.0,0.05504478141665459
2021-11-18,4.81,23.358,64.688,38.79,274.66,1.376,18.181,36.65,720.67,4704.5400390625,3520.7099609375,79.01000213623047,17.59000015258789,95.54000091552734,6.0,0.054417386651039124
2021-11-19,4.8,23.478,64.82,38.28,281.43,1.399,17.75,37.14,728.95,4697.9599609375,3560.3701171875,76.0999984741211,17.90999984741211,96.06999969482422,6.0,0.05998935550451279
2021-11-20,4.8,23.478,64.82,38.28,281.43,1.399,17.75,37.14,728.95,4697.9599609375,3560.3701171875,76.0999984741211,17.90999984741211,96.06999969482422,6.0,0.08811352401971817
2021-11-21,4.8,23.478,64.82,38.28,281.43,1.399,17.75,37.14,728.95,4697.9599609375,3560.3701171875,76.0999984741211,17.90999984741211,96.06999969482422,6.0,0.09189950674772263
2021-11-22,4.82,23.526,65.847,37.74,283.8,1.399,18.617,37.41,746.4,4682.93994140625,3582.080078125,76.75,19.170000076293945,96.5,6.0,0.10030268877744675
2021-11-23,4.85,24.485,68.258,38.68,275.16,1.388,18.218,37.38,742.71,4690.7001953125,3589.089111328125,78.5,19.3799991607666,96.48999786376952,6.0,0.10941759496927261
2021-11-24,4.83,24.498,67.913,38.65,274.48,1.346,17.976,37.08,764.9,4701.4599609375,3592.702880859375,78.38999938964844,18.57999992370605,96.83999633789062,6.0,0.1030067652463913
2021-11-25,4.79,24.724,68.98,38.65,274.48,1.362,18.035,36.8,767.7,4701.4599609375,3584.179931640625,78.38999938964844,18.57999992370605,96.83999633789062,6.0,0.09163214266300201
2021-11-26,4.54,24.12,66.802,37.24,266.85,1.318,18.364,34.13,752.25,4594.6201171875,3564.090087890625,68.1500015258789,28.6200008392334,96.08999633789062,6.0,0.0916672796010971
2021-11-27,4.54,24.12,66.802,37.24,266.85,1.318,18.364,34.13,752.25,4594.6201171875,3564.090087890625,68.1500015258789,28.6200008392334,96.08999633789062,6.0,0.07817553728818893
2021-11-28,4.54,24.12,66.802,37.24,266.85,1.318,18.364,34.13,752.25,4594.6201171875,3564.090087890625,68.1500015258789,28.6200008392334,96.08999633789062,6.0,0.08524765074253082
2021-11-29,4.59,24.521,67.621,37.98,275.89,1.313,18.311,34.68,768.69,4655.27001953125,3562.699951171875,69.94999694824219,22.959999084472656,96.33999633789062,6.0,0.09030933678150177
2021-11-30,4.59,24.97,66.123,37.08,266.49,1.329,18.801,35.78,768.62,4567.0,3563.889892578125,66.18000030517578,27.190000534057617,95.98999786376952,6.0,0.05840454250574112
2021-12-01,4.74,25.238,67.541,36.23,259.85,1.306,18.345,36.66,760.65,4513.0400390625,3576.889892578125,65.56999969482422,31.1200008392334,96.0500030517578,6.0,0.05105054751038551
2021-12-02,4.56,25.079,66.338,37.1,261.39,1.284,18.049,36.17,748.24,4577.10009765625,3573.840087890625,66.5,27.950000762939453,96.12999725341795,6.0,0.05307726562023163
2021-12-03,4.5,25.078,66.395,36.56,251.47,1.291,17.97,34.9,729.39,4538.43017578125,3607.429931640625,66.26000213623047,30.670000076293945,96.12000274658205,6.0,0.0369454063475132
2021-12-04,4.5,25.078,66.395,36.56,251.47,1.291,17.97,34.9,729.39,4538.43017578125,3607.429931640625,66.26000213623047,30.670000076293945,96.12000274658205,6.0,0.04505182057619095
2021-12-05,4.5,25.078,66.395,36.56,251.47,1.291,17.97,34.9,729.39,4538.43017578125,3607.429931640625,66.26000213623047,30.670000076293945,96.12000274658205,6.0,0.07776658982038498
2021-12-06,4.58,24.848,65.66,37.37,248.54,1.278,17.578,36.22,709.76,4591.669921875,3589.31005859375,69.48999786376953,27.18000030517578,96.29000091552734,6.0,0.06643366813659668
2021-12-07,4.71,25.32,66.89,38.77,259.53,1.308,17.056,38.51,712.89,4686.75,3595.090087890625,72.05000305175781,21.88999938964844,96.37000274658205,6.0,0.0635606199502945
2021-12-08,4.72,25.981,68.854,38.72,264.64,1.308,17.632,38.36,733.84,4701.2099609375,3637.570068359375,72.36000061035156,19.899999618530277,95.88999938964844,6.0,0.03909619525074959
2021-12-09,4.71,25.589,67.997,38.47,257.47,1.336,17.513,38.16,725.52,4667.4501953125,3673.0400390625,70.94000244140625,21.57999992370605,96.2699966430664,6.0,0.02001304179430008
2021-12-10,4.72,25.515,68.228,38.37,262.87,1.295,18.054,37.57,736.0,4712.02001953125,3666.35009765625,71.66999816894531,18.690000534057617,96.0500030517578,6.0,0.007286105304956436
2021-12-11,4.72,25.515,68.228,38.37,262.87,1.295,18.054,37.57,736.0,4712.02001953125,3666.35009765625,71.66999816894531,18.690000534057617,96.0500030517578,6.0,0.010991950519382954
2021-12-12,4.72,25.515,68.228,38.37,262.87,1.295,18.054,37.57,736.0,4712.02001953125,3666.35009765625,71.66999816894531,18.690000534057617,96.0500030517578,6.0,0.010718136094510555
2021-12-13,4.63,26.051,69.4,37.63,248.8,1.3,17.998,36.81,724.87,4668.97021484375,3681.080078125,71.29000091552734,20.309999465942383,96.31999969482422,6.0,0.003859603311866522
2021-12-14,4.69,26.104,69.172,37.96,243.83,1.249,17.53,37.25,714.27,4634.08984375,3661.530029296875,70.7300033569336,21.88999938964844,96.56999969482422,6.0,-0.01032961905002594
2021-12-15,4.59,26.209,69.976,37.25,239.79,1.207,17.066,36.66,706.0,4709.85009765625,3647.6298828125,70.87000274658203,19.290000915527344,96.51000213623048,6.0,-0.01086188480257988
2021-12-16,4.73,26.005,69.89,38.28,230.92,1.223,17.13,37.46,708.1,4668.669921875,3675.02001953125,72.37999725341797,20.56999969482422,96.04000091552734,6.0,-0.015899287536740303
2021-12-17,4.71,26.261,69.316,38.0,229.87,1.236,16.874,37.84,701.62,4620.64013671875,3632.360107421875,70.86000061035156,21.56999969482422,96.56999969482422,6.0,-0.03518984466791153
2021-12-18,4.71,26.261,69.316,38.0,229.87,1.236,16.874,37.84,701.62,4620.64013671875,3632.360107421875,70.86000061035156,21.56999969482422,96.56999969482422,6.0,-0.028465518727898598
2021-12-19,4.71,26.261,69.316,38.0,229.87,1.236,16.874,37.84,701.62,4620.64013671875,3632.360107421875,70.86000061035156,21.56999969482422,96.56999969482422,6.0,-0.015216071158647537
2021-12-20,4.6,26.016,69.332,37.42,218.13,1.195,15.435,37.31,681.69,4568.02001953125,3593.60009765625,68.2300033569336,22.8700008392334,96.5500030517578,6.0,-0.01625656522810459
2021-12-21,4.7,26.569,72.022,39.18,224.15,1.199,15.487,38.21,684.39,4649.22998046875,3625.1298828125,71.12000274658203,21.01000022888184,96.48999786376952,6.0,-0.009553289040923119
2021-12-22,4.81,26.583,71.148,40.14,225.23,1.201,15.588,38.72,694.56,4696.56005859375,3622.6201171875,72.76000213623047,18.6299991607666,96.08000183105467,6.0,0.0003183440421707928
2021-12-23,4.87,26.606,71.341,41.13,227.9,1.239,15.53,39.18,700.87,4725.7900390625,3643.340087890625,73.79000091552734,17.959999084472656,96.0199966430664,6.0,0.015197260305285454
2021-12-24,4.82,26.574,71.068,41.13,227.9,1.218,14.776,39.51,699.9,4725.7900390625,3618.053955078125,73.79000091552734,17.959999084472656,96.0199966430664,6.0,0.0380992516875267
2021-12-25,4.82,26.574,71.068,41.13,227.9,1.218,14.776,39.51,699.9,4725.7900390625,3618.053955078125,73.79000091552734,17.959999084472656,96.0199966430664,6.0,-0.03821119666099548
2021-12-26,4.82,26.574,71.068,41.13,227.9,1.218,14.776,39.51,699.9,4725.7900390625,3618.053955078125,73.79000091552734,17.959999084472656,96.0199966430664,6.0,-0.02898659184575081
2021-12-27,4.82,26.574,71.068,41.13,227.9,1.218,14.776,39.51,704.73,4791.18994140625,3615.969970703125,75.56999969482422,17.68000030517578,96.08999633789062,6.0,-0.008003776893019676
2021-12-28,4.82,26.574,71.068,41.13,227.9,1.218,14.776,39.51,707.61,4786.35009765625,3630.112060546875,75.9800033569336,17.540000915527344,96.1999969482422,6.0,0.010599745437502861
2021-12-29,4.95,26.673,71.098,41.98,232.53,1.19,15.733,39.65,724.77,4793.06005859375,3597.0,76.55999755859375,16.950000762939453,95.93000030517578,6.0,0.019994094967842102
2021-12-30,4.92,26.902,71.64,41.62,234.35,1.183,15.477,39.56,729.23,4778.72998046875,3619.18994140625,76.98999786376953,17.329999923706055,95.97000122070312,6.0,0.01820802129805088
2021-12-31,4.9,26.827,72.16,41.73,233.77,1.19,16.063,39.62,732.46,4766.18017578125,3639.780029296875,75.20999908447266,17.219999313354492,95.66999816894533,6.0,0.02513020485639572
2022-01-01,4.9,26.827,72.16,41.73,233.77,1.19,16.063,39.62,732.46,4766.18017578125,3639.780029296875,75.20999908447266,17.219999313354492,95.66999816894533,7.0,0.039813194423913956
2022-01-02,4.9,26.827,72.16,41.73,233.77,1.19,16.063,39.62,732.46,4766.18017578125,3639.780029296875,75.20999908447266,17.219999313354492,95.66999816894533,7.0,0.05785630643367767
2022-01-03,4.9,26.827,72.16,41.73,233.77,1.19,16.063,39.62,734.31,4796.56005859375,3639.780029296875,76.08000183105469,16.600000381469727,96.23999786376952,7.0,0.07511040568351746
2022-01-04,5.07,27.313,71.639,42.15,242.58,1.17,15.16,40.68,760.18,4793.5400390625,3632.330078125,76.98999786376953,16.90999984741211,96.29000091552734,7.0,0.09486813843250275
2022-01-05,5.15,27.402,72.017,41.68,235.64,1.165,14.725,41.87,746.64,4700.580078125,3595.179931640625,77.8499984741211,19.729999542236328,96.19000244140624,7.0,0.08954164385795593
2022-01-06,5.07,27.21,71.948,40.53,233.38,1.145,14.874,41.56,721.77,4696.0498046875,3586.080078125,79.45999908447266,19.61000061035156,96.25,7.0,0.06952786445617676
2022-01-07,5.19,27.949,73.853,41.88,236.02,1.121,14.32,42.96,721.9,4677.02978515625,3579.5400390625,78.9000015258789,18.76000022888184,95.73999786376952,7.0,0.061863210052251816
2022-01-08,5.19,27.949,73.853,41.88,236.02,1.121,14.32,42.96,721.9,4677.02978515625,3579.5400390625,78.9000015258789,18.76000022888184,95.73999786376952,7.0,0.053655609488487244
2022-01-09,5.19,27.949,73.853,41.88,236.02,1.121,14.32,42.96,721.9,4677.02978515625,3579.5400390625,78.9000015258789,18.76000022888184,95.73999786376952,7.0,0.06220494210720062
2022-01-10,5.1,28.58,75.43,41.62,226.97,1.167,14.459,42.73,721.71,4670.2900390625,3593.52001953125,78.2300033569336,19.399999618530277,95.98999786376952,7.0,0.06325559318065643
2022-01-11,5.11,28.66,76.133,42.99,240.17,1.189,14.25,42.88,727.1,4713.06982421875,3567.43994140625,81.22000122070312,18.40999984741211,95.62000274658205,7.0,0.04137931019067764
2022-01-12,5.31,29.263,77.576,45.15,241.07,1.248,14.769,44.75,759.05,4726.35009765625,3597.429931640625,82.63999938964844,17.6200008392334,95.0,7.0,0.032617419958114624
2022-01-13,5.38,30.385,80.78,44.33,235.23,1.284,14.283,44.64,755.09,4659.02978515625,3555.260009765625,82.12000274658203,20.309999465942383,94.79000091552734,7.0,0.026112990453839302
2022-01-14,5.33,29.951,79.128,44.08,233.67,1.276,14.464,43.89,757.38,4662.85009765625,3521.260009765625,83.81999969482422,19.190000534057617,95.16999816894533,7.0,0.010282950475811958
2022-01-15,5.33,29.951,79.128,44.08,233.67,1.276,14.464,43.89,757.38,4662.85009765625,3521.260009765625,83.81999969482422,19.190000534057617,95.16999816894533,7.0,0.026828715577721596
2022-01-16,5.33,29.951,79.128,44.08,233.67,1.276,14.464,43.89,757.38,4662.85009765625,3521.260009765625,83.81999969482422,19.190000534057617,95.16999816894533,7.0,0.024306997656822205
2022-01-17,5.42,29.627,78.764,44.08,233.67,1.26,14.345,44.66,747.56,4662.85009765625,3541.669921875,83.81999969482422,19.190000534057617,95.16999816894533,7.0,0.03177441656589508
2022-01-18,5.43,29.864,78.187,44.29,226.3,1.291,14.553,44.56,743.37,4577.10986328125,3569.909912109375,85.43000030517578,22.790000915527344,95.7300033569336,7.0,0.019716776907444
2022-01-19,5.51,29.891,78.678,44.08,219.69,1.297,13.856,46.47,727.72,4532.759765625,3558.179931640625,86.95999908447266,23.850000381469727,95.51000213623048,7.0,0.016015179455280304
2022-01-20,5.42,30.886,81.352,43.19,217.15,1.349,13.687,46.52,728.58,4482.72998046875,3555.06005859375,86.9000015258789,25.59000015258789,95.73999786376952,7.0,0.02465704083442688
2022-01-21,5.37,29.229,77.535,40.99,212.75,1.41,13.817,45.13,697.14,4397.93994140625,3522.570068359375,85.13999938964844,28.850000381469727,95.63999938964844,7.0,0.012959346175193787
2022-01-22,5.37,29.229,77.535,40.99,212.75,1.41,13.817,45.13,697.14,4397.93994140625,3522.570068359375,85.13999938964844,28.850000381469727,95.63999938964844,7.0,-0.012086678296327591
2022-01-23,5.37,29.229,77.535,40.99,212.75,1.41,13.817,45.13,697.14,4397.93994140625,3522.570068359375,85.13999938964844,28.850000381469727,95.63999938964844,7.0,-0.013008098118007183
2022-01-24,5.06,28.99,76.532,39.96,211.92,1.377,15.218,42.17,686.5,4410.1298828125,3524.110107421875,83.30999755859375,29.899999618530277,95.91999816894533,7.0,-0.018200932070612907
2022-01-25,5.07,28.66,75.993,39.63,206.01,1.361,15.584,43.35,664.83,4356.4501953125,3433.06005859375,85.5999984741211,31.15999984741211,95.9499969482422,7.0,-0.03405875340104103
2022-01-26,5.19,28.66,75.993,38.43,205.62,1.377,15.681,44.6,669.52,4349.93017578125,3455.669921875,87.3499984741211,31.959999084472656,96.48999786376952,7.0,-0.04792805761098862
2022-01-27,5.21,28.591,76.292,37.1,205.43,1.327,15.286,44.85,650.0,4326.509765625,3394.25,86.61000061035156,30.489999771118164,97.26000213623048,7.0,-0.0444929301738739
2022-01-28,5.09,29.186,78.904,36.04,206.23,1.294,15.043,43.23,644.51,4431.85009765625,3361.43994140625,86.81999969482422,27.65999984741211,97.2699966430664,7.0,-0.05468852072954178
2022-01-29,5.09,29.186,78.904,36.04,206.23,1.294,15.043,43.23,644.51,4431.85009765625,3361.43994140625,86.81999969482422,27.65999984741211,97.2699966430664,7.0,-0.059440977871418
2022-01-30,5.09,29.186,78.904,36.04,206.23,1.294,15.043,43.23,644.51,4431.85009765625,3361.43994140625,86.81999969482422,27.65999984741211,97.2699966430664,7.0,-0.06159419193863869
2022-01-31,4.97,29.153,78.242,37.22,220.74,1.277,15.043,42.14,657.12,4515.5498046875,3361.43994140625,88.1500015258789,24.82999992370605,96.54000091552734,7.0,-0.06407063454389572
2022-02-01,5.17,28.508,77.047,39.02,225.2,1.277,15.043,43.72,673.06,4546.5400390625,3361.43994140625,88.19999694824219,21.959999084472656,96.38999938964844,7.0,-0.06652705371379852
2022-02-02,5.24,28.999,78.947,39.39,221.49,1.277,15.043,43.78,679.61,4589.3798828125,3361.43994140625,88.26000213623047,22.09000015258789,95.94000244140624,7.0,-0.05712542682886124
2022-02-03,5.26,29.912,80.913,38.2,215.06,1.277,15.043,43.77,655.54,4477.43994140625,3361.43994140625,90.2699966430664,24.350000381469727,95.37999725341795,7.0,-0.06287943571805954
2022-02-04,5.26,29.493,80.518,38.42,216.02,1.333,15.043,43.64,662.91,4500.52978515625,3361.43994140625,92.30999755859376,23.21999931335449,95.4800033569336,7.0,-0.05808394402265549
2022-02-05,5.26,29.493,80.518,38.42,216.02,1.333,15.043,43.64,662.91,4500.52978515625,3361.43994140625,92.30999755859376,23.21999931335449,95.4800033569336,7.0,-0.020214227959513664
2022-02-06,5.26,29.493,80.518,38.42,216.02,1.333,15.043,43.64,662.91,4500.52978515625,3361.43994140625,92.30999755859376,23.21999931335449,95.4800033569336,7.0,-0.019213104620575905
2022-02-07,5.33,30.065,81.132,38.9,219.78,1.33,15.041,44.45,674.16,4483.8701171875,3429.580078125,91.31999969482422,22.86000061035156,95.4000015258789,7.0,-0.0211811326444149
2022-02-08,5.41,31.269,83.126,40.63,226.69,1.309,14.167,45.88,677.77,4521.5400390625,3452.6298828125,89.36000061035156,21.440000534057617,95.63999938964844,7.0,-0.029555020853877068
2022-02-09,5.49,30.883,83.047,43.56,236.43,1.409,14.596,46.22,703.27,4587.18017578125,3479.949951171875,89.66000366210938,19.959999084472656,95.48999786376952,7.0,-0.024641722440719604
2022-02-10,5.51,30.801,84.625,43.91,236.04,1.491,14.741,47.37,714.11,4504.080078125,3485.909912109375,89.87999725341797,23.90999984741211,95.5500030517578,7.0,-0.019843867048621178
2022-02-11,5.47,31.041,86.679,42.8,230.89,1.487,14.952,47.12,696.6,4418.64013671875,3462.949951171875,93.0999984741211,27.36000061035156,96.08000183105467,7.0,-0.03543207049369812
2022-02-12,5.47,31.041,86.679,42.8,230.89,1.487,14.952,47.12,696.6,4418.64013671875,3462.949951171875,93.0999984741211,27.36000061035156,96.08000183105467,7.0,-0.04169781133532524
2022-02-13,5.47,31.041,86.679,42.8,230.89,1.487,14.952,47.12,696.6,4418.64013671875,3462.949951171875,93.0999984741211,27.36000061035156,96.08000183105467,7.0,-0.021372536197304726
2022-02-14,5.51,30.661,86.006,42.45,227.68,1.505,15.338,47.51,681.22,4401.669921875,3428.8798828125,95.45999908447266,28.32999992370605,96.37000274658205,7.0,-0.01219350565224886
2022-02-15,5.58,30.677,84.31,43.67,241.39,1.441,15.622,46.2,689.72,4471.06982421875,3446.090087890625,92.06999969482422,25.700000762939453,95.98999786376952,7.0,-0.01466710027307272
2022-02-16,5.58,30.309,84.658,44.25,246.0,1.479,15.771,47.24,717.68,4475.009765625,3465.830078125,93.66000366210938,24.290000915527344,95.6999969482422,7.0,-0.016393136233091354
2022-02-17,5.53,30.68,85.536,43.21,197.02,1.528,16.809,46.57,705.63,4380.259765625,3468.0400390625,91.76000213623048,28.11000061035156,95.8000030517578,7.0,-0.016230927780270576
2022-02-18,5.54,30.631,84.926,43.02,190.76,1.526,16.477,46.52,704.59,4348.8701171875,3490.760009765625,91.06999969482422,27.75,96.04000091552734,7.0,-0.025054991245269775
2022-02-19,5.54,30.631,84.926,43.02,190.76,1.526,16.477,46.52,704.59,4348.8701171875,3490.760009765625,91.06999969482422,27.75,96.04000091552734,7.0,-0.030642783269286156
2022-02-20,5.54,30.631,84.926,43.02,190.76,1.526,16.477,46.52,704.59,4348.8701171875,3490.760009765625,91.06999969482422,27.75,96.04000091552734,7.0,-0.037307169288396835
2022-02-21,5.49,30.883,85.805,43.02,190.76,1.52,16.424,47.18,696.02,4348.8701171875,3490.610107421875,91.06999969482422,27.75,96.04000091552734,7.0,-0.023269983008503914
2022-02-22,5.54,30.731,84.933,42.36,191.85,1.507,17.017,47.16,680.58,4304.759765625,3457.14990234375,92.3499984741211,28.809999465942383,96.02999877929688,7.0,-0.03460326045751572
2022-02-23,5.59,30.978,86.081,42.46,182.0,1.456,17.183,46.44,695.48,4225.5,3489.14990234375,92.0999984741211,31.020000457763672,96.19000244140624,7.0,-0.0489080436527729
2022-02-24,5.46,28.55,82.022,43.72,184.2,1.458,16.591,46.68,666.59,4288.7001953125,3429.9599609375,92.80999755859376,30.31999969482422,97.13999938964844,7.0,-0.05830873176455498
2022-02-25,5.69,28.778,82.242,46.34,191.95,1.434,16.931,48.61,703.26,4384.64990234375,3451.409912109375,91.58999633789062,27.59000015258789,96.62000274658205,7.0,-0.08242426067590714
2022-02-26,5.69,28.778,82.242,46.34,191.95,1.434,16.931,48.61,703.26,4384.64990234375,3451.409912109375,91.58999633789062,27.59000015258789,96.62000274658205,7.0,-0.09208263456821442
2022-02-27,5.69,28.778,82.242,46.34,191.95,1.434,16.931,48.61,703.26,4384.64990234375,3451.409912109375,91.58999633789062,27.59000015258789,96.62000274658205,7.0,-0.10342717915773392
2022-02-28,5.73,30.171,85.201,46.95,195.89,1.482,17.144,49.81,715.14,4373.93994140625,3462.31005859375,95.72000122070312,30.149999618530277,96.70999908447266,7.0,-0.11369064450263977
2022-03-01,5.73,30.042,84.785,47.91,186.44,1.453,16.523,51.16,708.51,4306.259765625,3488.830078125,103.41000366210938,33.31999969482422,97.41000366210938,7.0,-0.1403002291917801
2022-03-02,5.86,31.39,89.287,48.16,191.12,1.515,16.583,51.13,714.03,4386.5400390625,3484.18994140625,110.5999984741211,30.739999771118164,97.38999938964844,7.0,-0.1437796652317047
2022-03-03,6.14,32.668,93.031,49.09,186.33,1.561,16.233,51.42,717.02,4363.490234375,3481.110107421875,107.66999816894533,30.479999542236328,97.79000091552734,7.0,-0.14946290850639343
2022-03-04,5.88,32.772,92.607,50.11,179.07,1.543,15.99,49.15,691.88,4328.8701171875,3447.64990234375,115.68000030517578,31.979999542236328,98.6500015258789,7.0,-0.14827987551689148
2022-03-05,5.88,32.772,92.607,50.11,179.07,1.543,15.99,49.15,691.88,4328.8701171875,3447.64990234375,115.68000030517578,31.979999542236328,98.6500015258789,7.0,-0.15808139741420746
2022-03-06,5.88,32.772,92.607,50.11,179.07,1.543,15.99,49.15,691.88,4328.8701171875,3447.64990234375,115.68000030517578,31.979999542236328,98.6500015258789,7.0,-0.16623935103416443
2022-03-07,6.01,32.818,91.507,47.15,172.09,1.583,15.449,49.04,677.52,4201.08984375,3372.860107421875,119.4000015258789,36.45000076293945,99.29000091552734,7.0,-0.16633360087871552
2022-03-08,6.03,31.397,86.936,46.67,180.74,1.504,14.019,48.76,655.22,4170.7001953125,3293.530029296875,123.6999969482422,35.130001068115234,99.05999755859376,7.0,-0.1810145229101181
2022-03-09,5.98,31.613,87.148,46.99,187.13,1.491,14.063,48.03,676.89,4277.8798828125,3256.389892578125,108.6999969482422,32.45000076293945,97.97000122070312,7.0,-0.1894262284040451
2022-03-10,6.29,31.279,81.376,47.71,188.37,1.488,14.497,48.5,688.67,4259.52001953125,3296.090087890625,106.0199966430664,30.229999542236328,98.51000213623048,7.0,-0.18080872297286987
2022-03-11,6.44,30.956,81.429,46.93,184.76,1.487,14.361,49.36,685.1,4204.31005859375,3309.75,109.33000183105467,30.75,99.12000274658205,7.0,-0.20036499202251434
2022-03-12,6.44,30.956,81.429,46.93,184.76,1.487,14.361,49.36,685.1,4204.31005859375,3309.75,109.33000183105467,30.75,99.12000274658205,7.0,-0.1980280876159668
2022-03-13,6.44,30.956,81.429,46.93,184.76,1.487,14.361,49.36,685.1,4204.31005859375,3309.75,109.33000183105467,30.75,99.12000274658205,7.0,-0.17830613255500793
2022-03-14,6.05,30.307,79.862,44.52,176.29,1.372,13.981,46.68,652.69,4173.10986328125,3223.530029296875,103.01000213623048,31.770000457763672,99.05999755859376,7.0,-0.16594818234443665
2022-03-15,5.8,29.07,76.817,44.28,181.95,1.22,14.074,46.51,633.28,4262.4501953125,3063.969970703125,96.44000244140624,29.82999992370605,99.06999969482422,7.0,-0.1863374263048172
2022-03-16,6.01,29.322,77.927,46.42,191.25,1.317,14.542,47.29,660.2,4357.85986328125,3170.7099609375,95.04000091552734,26.670000076293945,98.37999725341795,7.0,-0.19299425184726715
2022-03-17,6.03,29.993,80.074,48.59,196.37,1.425,14.38,47.12,684.24,4411.669921875,3215.0400390625,102.9800033569336,25.670000076293945,98.01000213623048,7.0,-0.1985068917274475
2022-03-18,6.1,30.536,81.817,48.08,198.24,1.431,14.262,47.64,701.11,4463.1201171875,3251.070068359375,104.6999969482422,23.8700008392334,98.2300033569336,7.0,-0.20320351421833038
2022-03-19,6.1,30.536,81.817,48.08,198.24,1.431,14.262,47.64,701.11,4463.1201171875,3251.070068359375,104.6999969482422,23.8700008392334,98.2300033569336,7.0,-0.2155456244945526
2022-03-20,6.1,30.536,81.817,48.08,198.24,1.431,14.262,47.64,701.11,4463.1201171875,3251.070068359375,104.6999969482422,23.8700008392334,98.2300033569336,7.0,-0.20821134746074677
2022-03-21,6.33,30.606,81.726,49.51,198.68,1.429,14.609,50.49,722.57,4461.18017578125,3253.68994140625,112.12000274658205,23.530000686645508,98.5,7.0,-0.21569858491420746
2022-03-22,6.43,32.459,84.93,49.86,205.6,1.495,14.588,50.85,740.76,4511.60986328125,3259.860107421875,111.76000213623048,22.940000534057617,98.48999786376952,7.0,-0.2046726942062378
2022-03-23,6.52,32.335,85.226,49.81,208.21,1.511,14.514,50.85,749.35,4456.240234375,3271.030029296875,114.93000030517578,23.56999969482422,98.62000274658205,7.0,-0.1953926682472229
2022-03-24,6.37,32.975,87.147,51.45,214.15,1.567,14.55,50.96,760.05,4520.16015625,3250.260009765625,112.33999633789062,21.670000076293945,98.79000091552734,7.0,-0.20542261004447937
2022-03-25,6.45,33.29,87.793,51.93,217.58,1.561,14.402,51.48,764.33,4543.06005859375,3212.239990234375,113.9000015258789,20.809999465942383,98.80999755859376,7.0,-0.21138714253902435
2022-03-26,6.45,33.29,87.793,51.93,217.58,1.561,14.402,51.48,764.33,4543.06005859375,3212.239990234375,113.9000015258789,20.809999465942383,98.80999755859376,7.0,-0.1999225616455078
2022-03-27,6.45,33.29,87.793,51.93,217.58,1.561,14.402,51.48,764.33,4543.06005859375,3212.239990234375,113.9000015258789,20.809999465942383,98.80999755859376,7.0,-0.17626389861106873
2022-03-28,6.31,33.945,88.698,50.27,214.34,1.566,13.842,50.0,753.06,4575.52001953125,3214.5,105.95999908447266,19.6299991607666,99.08999633789062,7.0,-0.1750023514032364
2022-03-29,6.07,33.831,87.7,50.09,222.48,1.584,13.962,48.78,761.57,4631.60009765625,3203.93994140625,104.23999786376952,18.899999618530277,98.4000015258789,7.0,-0.1587706208229065
2022-03-30,6.35,33.818,87.788,50.78,223.15,1.546,14.592,51.21,777.42,4602.4501953125,3266.60009765625,107.81999969482422,19.32999992370605,97.79000091552734,7.0,-0.1380978375673294
2022-03-31,6.34,34.466,89.094,49.74,221.15,1.54,14.158,51.18,782.89,4530.41015625,3252.199951171875,100.27999877929688,20.559999465942383,98.30999755859376,7.0,-0.14717724919319153
2022-04-01,6.43,34.981,90.243,50.96,224.92,1.593,14.429,52.34,798.13,4545.85986328125,3282.719970703125,99.2699966430664,19.6299991607666,98.62999725341795,7.0,-0.1328771859407425
2022-04-02,6.43,34.981,90.243,50.96,224.92,1.593,14.429,52.34,798.13,4545.85986328125,3282.719970703125,99.2699966430664,19.6299991607666,98.62999725341795,7.0,-0.11259133368730545
2022-04-03,6.43,34.981,90.243,50.96,224.92,1.593,14.429,52.34,798.13,4545.85986328125,3282.719970703125,99.2699966430664,19.6299991607666,98.62999725341795,7.0,-0.11434965580701828
2022-04-04,6.4,35.229,91.002,50.9,226.04,1.634,14.429,52.22,828.02,4582.64013671875,3282.719970703125,103.27999877929688,18.56999969482422,98.98999786376952,7.0,-0.11060205847024918
2022-04-05,6.52,35.058,91.13,49.09,217.3,1.634,14.429,52.97,805.62,4525.1201171875,3282.719970703125,101.95999908447266,21.030000686645508,99.47000122070312,7.0,-0.11283570528030396
2022-04-06,6.55,34.391,89.292,48.06,211.47,1.603,14.244,51.92,774.29,4481.14990234375,3283.429931640625,96.2300033569336,22.100000381469727,99.5999984741211,7.0,-0.12814238667488098
2022-04-07,6.5,34.009,88.806,48.48,211.85,1.595,14.344,51.01,758.41,4500.2099609375,3236.699951171875,96.02999877929688,21.549999237060547,99.75,7.0,-0.13653472065925598
2022-04-08,6.65,34.477,88.7,48.97,211.0,1.658,13.888,53.31,753.67,4488.27978515625,3251.85009765625,98.26000213623048,21.15999984741211,99.8000030517578,7.0,-0.14768534898757935
2022-04-09,6.65,34.477,88.7,48.97,211.0,1.658,13.888,53.31,753.67,4488.27978515625,3251.85009765625,98.26000213623048,21.15999984741211,99.8000030517578,7.0,-0.14927104115486145
2022-04-10,6.65,34.477,88.7,48.97,211.0,1.658,13.888,53.31,753.67,4488.27978515625,3251.85009765625,98.26000213623048,21.15999984741211,99.8000030517578,7.0,-0.13920271396636963
2022-04-11,6.55,34.139,87.173,47.72,206.0,1.618,12.567,52.02,722.63,4412.52978515625,3167.1298828125,94.29000091552734,24.3700008392334,99.93000030517578,7.0,-0.13335232436656952
2022-04-12,6.59,34.35,88.083,48.0,205.02,1.618,12.8,52.28,716.44,4397.4501953125,3213.330078125,100.5999984741211,24.26000022888184,100.29000091552734,7.0,-0.13450537621974945
2022-04-13,6.72,34.339,89.748,49.43,212.5,1.748,13.068,53.36,732.49,4446.58984375,3186.820068359375,104.25,21.81999969482422,99.87999725341795,7.0,-0.13914181292057037
2022-04-14,6.65,34.676,89.417,49.19,210.89,1.77,13.127,53.42,728.02,4392.58984375,3225.639892578125,106.9499969482422,22.700000762939453,100.31999969482422,7.0,-0.13426148891448975
2022-04-15,6.65,34.676,89.417,49.19,210.89,1.77,13.127,53.42,728.02,4392.58984375,3211.2451171875,106.9499969482422,22.700000762939453,100.31999969482422,7.0,-0.12286300957202911
2022-04-16,6.65,34.676,89.417,49.19,210.89,1.77,13.127,53.42,728.02,4392.58984375,3211.2451171875,106.9499969482422,22.700000762939453,100.31999969482422,7.0,-0.10298135131597519
2022-04-17,6.65,34.676,89.417,49.19,210.89,1.77,13.127,53.42,728.02,4392.58984375,3211.2451171875,106.9499969482422,22.700000762939453,100.31999969482422,7.0,-0.07805703580379486
2022-04-18,6.65,34.676,89.417,49.19,210.89,1.77,13.127,53.42,720.0,4391.68994140625,3195.52001953125,108.20999908447266,22.170000076293945,100.77999877929688,7.0,-0.06850800663232803
2022-04-19,6.72,34.891,89.663,50.64,218.15,1.729,12.754,52.97,726.3,4462.2099609375,3194.030029296875,102.55999755859376,21.3700008392334,100.95999908447266,7.0,-0.0607311874628067
2022-04-20,6.55,34.693,88.133,49.9,217.19,1.591,12.185,51.72,716.55,4459.4501953125,3151.050048828125,102.75,20.31999969482422,100.38999938964844,7.0,-0.044585954397916794
2022-04-21,6.16,33.275,85.769,44.95,207.24,1.558,11.522,47.02,689.2,4393.66015625,3079.81005859375,103.79000091552734,22.68000030517578,100.58000183105467,7.0,-0.047487370669841766
2022-04-22,5.9,31.25,82.224,41.91,200.64,1.575,11.143,43.58,658.93,4271.77978515625,3086.919921875,102.06999969482422,28.209999084472656,101.22000122070312,7.0,-0.05381384491920471
2022-04-23,5.9,31.25,82.224,41.91,200.64,1.575,11.143,43.58,658.93,4271.77978515625,3086.919921875,102.06999969482422,28.209999084472656,101.22000122070312,7.0,-0.05284179747104645
2022-04-24,5.9,31.25,82.224,41.91,200.64,1.575,11.143,43.58,658.93,4271.77978515625,3086.919921875,102.06999969482422,28.209999084472656,101.22000122070312,7.0,-0.049920786172151566
2022-04-25,5.53,31.25,82.224,41.65,198.46,1.448,10.043,40.28,635.77,4296.1201171875,2928.510009765625,98.54000091552734,27.020000457763672,101.75,7.0,-0.020400648936629295
2022-04-26,5.64,28.951,77.448,40.18,187.76,1.382,10.051,40.84,611.53,4175.2001953125,2886.429931640625,101.6999969482422,33.52000045776367,102.3000030517578,7.0,-0.007537729572504759
2022-04-27,5.81,29.193,77.645,41.69,192.23,1.461,11.048,43.16,625.27,4183.9599609375,2958.280029296875,102.0199966430664,31.600000381469727,102.9499969482422,7.0,9.279770165449008e-05
2022-04-28,5.82,30.323,79.998,41.84,195.26,1.46,11.414,42.2,623.77,4287.5,2975.47998046875,105.36000061035156,29.989999771118164,103.62000274658205,7.0,-0.01797282136976719
2022-04-29,6.04,30.193,79.692,40.55,192.83,1.491,11.963,44.22,639.24,4131.93017578125,3047.06005859375,104.69000244140624,33.400001525878906,102.95999908447266,7.0,-0.03174450248479843
2022-04-30,6.04,30.193,79.692,40.55,192.83,1.491,11.963,44.22,639.24,4131.93017578125,3047.06005859375,104.69000244140624,33.400001525878906,102.95999908447266,7.0,-0.0452398955821991
2022-05-01,6.04,30.193,79.692,40.55,192.83,1.491,11.963,44.22,639.24,4131.93017578125,3047.06005859375,104.69000244140624,33.400001525878906,102.95999908447266,6.0,-0.0626361295580864
2022-05-02,6.04,30.193,79.692,40.55,192.83,1.491,11.963,44.22,626.52,4155.3798828125,3047.06005859375,105.16999816894533,32.34000015258789,103.73999786376952,6.0,-0.06606811285018921
2022-05-03,5.84,30.104,79.346,40.15,197.12,1.415,11.963,43.89,631.21,4175.47998046875,3047.06005859375,102.41000366210938,29.25,103.47000122070312,6.0,-0.06308930367231369
2022-05-04,5.88,30.649,80.688,41.3,215.47,1.412,11.963,43.42,637.76,4300.169921875,3047.06005859375,107.80999755859376,25.420000076293945,102.58999633789062,6.0,-0.060236942023038864
2022-05-05,5.78,30.044,79.345,39.64,236.5,1.447,11.646,42.7,640.75,4146.8701171875,3067.760009765625,108.26000213623048,31.200000762939453,103.75,6.0,-0.061874933540821075
2022-05-06,5.81,29.49,77.323,37.88,242.41,1.343,11.155,42.22,613.9,4123.33984375,3001.56005859375,109.7699966430664,30.190000534057617,103.66000366210938,6.0,-0.06828933954238892
2022-05-07,5.81,29.49,77.323,37.88,242.41,1.343,11.155,42.22,613.9,4123.33984375,3001.56005859375,109.7699966430664,30.190000534057617,103.66000366210938,6.0,-0.0763908103108406
2022-05-08,5.81,29.49,77.323,37.88,242.41,1.343,11.155,42.22,613.9,4123.33984375,3001.56005859375,109.7699966430664,30.190000534057617,103.66000366210938,6.0,-0.06933429837226868
2022-05-09,5.46,28.617,74.279,35.52,221.64,1.343,10.936,39.92,583.49,3991.239990234375,3004.139892578125,103.08999633789062,34.75,103.6500015258789,6.0,-0.0633242279291153
2022-05-10,5.42,27.8,71.41,36.07,221.43,1.26,11.333,39.72,579.45,4001.050048828125,3035.840087890625,99.76000213623048,32.9900016784668,103.91999816894533,6.0,-0.06393348425626755
2022-05-11,5.63,28.203,73.282,35.91,213.03,1.273,11.779,40.83,589.33,3935.179931640625,3058.699951171875,105.70999908447266,32.560001373291016,103.8499984741211,6.0,-0.07176941633224487
2022-05-12,5.36,27.432,70.891,34.34,213.45,1.223,11.517,38.8,569.14,3930.080078125,3054.989990234375,106.12999725341795,31.770000457763672,104.8499984741211,6.0,-0.07193678617477417
2022-05-13,5.46,28.322,73.269,35.04,228.82,1.231,11.455,39.74,588.87,4023.889892578125,3084.280029296875,110.48999786376952,28.8700008392334,104.55999755859376,6.0,-0.05843031033873558
2022-05-14,5.46,28.322,73.269,35.04,228.82,1.231,11.455,39.74,588.87,4023.889892578125,3084.280029296875,110.48999786376952,28.8700008392334,104.55999755859376,6.0,-0.05343956872820854
2022-05-15,5.46,28.322,73.269,35.04,228.82,1.231,11.455,39.74,588.87,4023.889892578125,3084.280029296875,110.48999786376952,28.8700008392334,104.55999755859376,6.0,-0.03896365314722061
2022-05-16,5.68,28.12,72.767,35.15,226.32,1.243,11.327,40.46,596.06,4008.010009765625,3073.75,114.1999969482422,27.46999931335449,104.19000244140624,6.0,-0.031539708375930786
2022-05-17,6.01,28.514,74.978,37.64,239.23,1.33,12.433,42.86,630.13,4088.85009765625,3093.699951171875,112.4000015258789,26.100000381469727,103.36000061035156,6.0,-0.01714189723134041
2022-05-18,5.94,29.104,75.69,35.34,235.98,1.31,12.428,41.31,632.35,3923.679931640625,3085.97998046875,109.58999633789062,30.959999084472656,103.80999755859376,6.0,-0.03272496908903122
2022-05-19,5.99,29.008,75.227,36.72,239.08,1.269,12.833,42.38,635.37,3900.7900390625,3096.9599609375,112.20999908447266,29.350000381469727,102.72000122070312,6.0,-0.05825509503483772
2022-05-20,6.0,29.545,76.203,36.31,236.44,1.32,12.971,43.16,645.01,3901.360107421875,3146.570068359375,113.2300033569336,29.43000030517578,103.1500015258789,6.0,-0.06945090740919113
2022-05-21,6.0,29.545,76.203,36.31,236.44,1.32,12.971,43.16,645.01,3901.360107421875,3146.570068359375,113.2300033569336,29.43000030517578,103.1500015258789,6.0,-0.07916565984487534
2022-05-22,6.0,29.545,76.203,36.31,236.44,1.32,12.971,43.16,645.01,3901.360107421875,3146.570068359375,113.2300033569336,29.43000030517578,103.1500015258789,6.0,-0.07974925637245178
2022-05-23,6.24,30.263,77.811,38.35,242.94,1.312,13.407,45.12,657.03,3973.75,3146.860107421875,110.29000091552734,28.479999542236328,102.08000183105467,6.0,-0.06774982064962387
2022-05-24,6.29,30.231,78.467,37.48,243.15,1.282,12.851,44.55,648.31,3941.47998046875,3070.929931640625,109.7699966430664,29.450000762939453,101.86000061035156,6.0,-0.08118213713169098
2022-05-25,6.32,30.514,79.413,37.83,237.51,1.292,12.701,45.66,642.15,3978.72998046875,3107.4599609375,110.33000183105467,28.3700008392334,102.05999755859376,6.0,-0.10088152438402176
2022-05-26,6.32,30.252,78.632,38.49,255.05,1.299,12.848,46.41,652.68,4057.840087890625,3123.110107421875,114.08999633789062,27.5,101.83000183105467,6.0,-0.10803820192813873
2022-05-27,6.41,31.268,81.187,39.65,270.92,1.312,12.733,47.06,672.2,4158.240234375,3130.239990234375,115.06999969482422,25.71999931335449,101.66999816894533,6.0,-0.09533514082431793
2022-05-28,6.41,31.268,81.187,39.65,270.92,1.312,12.733,47.06,672.2,4158.240234375,3130.239990234375,115.06999969482422,25.71999931335449,101.66999816894533,6.0,-0.08059849590063095
2022-05-29,6.41,31.268,81.187,39.65,270.92,1.312,12.733,47.06,672.2,4158.240234375,3130.239990234375,115.06999969482422,25.71999931335449,101.66999816894533,6.0,-0.07051292061805725
2022-05-30,6.43,32.317,81.89,39.65,270.92,1.323,12.788,47.77,685.7,4158.240234375,3149.06005859375,115.06999969482422,25.71999931335449,101.66999816894533,6.0,-0.05300510674715042
2022-05-31,6.35,31.999,82.095,39.08,260.42,1.358,12.741,48.04,672.83,4132.14990234375,3186.429931640625,114.66999816894533,26.190000534057617,101.75,6.0,-0.05525629222393036
2022-06-01,6.31,32.754,82.448,39.64,240.12,1.318,12.505,47.14,630.73,4101.22998046875,3182.159912109375,115.26000213623048,25.690000534057617,102.5500030517578,6.0,-0.040788665413856506
2022-06-02,6.31,32.754,82.448,39.64,240.12,1.318,12.505,47.14,647.38,4176.81982421875,3195.4599609375,116.87000274658205,24.71999931335449,101.7699966430664,6.0,-0.03434284031391144
2022-06-03,6.31,32.754,82.448,39.64,240.12,1.318,12.505,47.14,655.66,4108.5400390625,3195.4599609375,118.87000274658205,24.790000915527344,102.13999938964844,6.0,-0.021887049078941345
2022-06-04,6.31,32.754,82.448,39.64,240.12,1.318,12.505,47.14,655.66,4108.5400390625,3195.4599609375,118.87000274658205,24.790000915527344,102.13999938964844,6.0,-0.015132637694478035
2022-06-05,6.31,32.754,82.448,39.64,240.12,1.318,12.505,47.14,655.66,4108.5400390625,3195.4599609375,118.87000274658205,24.790000915527344,102.13999938964844,6.0,0.0007607120205648243
2022-06-06,6.55,33.323,83.25,42.78,257.79,1.402,13.617,48.75,667.59,4121.43017578125,3236.3701171875,118.5,25.06999969482422,102.44000244140624,6.0,-0.0007180693792179227
2022-06-07,6.56,33.461,84.231,43.39,257.89,1.382,13.619,49.61,667.34,4160.68017578125,3241.760009765625,119.41000366210938,24.020000457763672,102.31999969482422,6.0,-0.02514643222093582
2022-06-08,6.52,34.069,85.527,42.2,253.62,1.402,13.98,49.29,665.96,4115.77001953125,3263.7900390625,122.11000061035156,23.959999084472656,102.54000091552734,6.0,-0.04167753458023071
2022-06-09,6.43,32.817,83.368,40.52,241.78,1.381,13.679,47.84,637.96,4017.820068359375,3238.949951171875,121.51000213623048,26.09000015258789,103.22000122070312,6.0,-0.058782994747161865
2022-06-10,6.01,32.59,81.721,40.21,236.87,1.366,14.0,43.64,628.36,3900.860107421875,3284.830078125,120.66999816894533,27.75,104.1500015258789,6.0,-0.06444118171930313
2022-06-11,6.01,32.59,81.721,40.21,236.87,1.366,14.0,43.64,628.36,3900.860107421875,3284.830078125,120.66999816894533,27.75,104.1500015258789,6.0,-0.08742795139551163
2022-06-12,6.01,32.59,81.721,40.21,236.87,1.366,14.0,43.64,628.36,3900.860107421875,3284.830078125,120.66999816894533,27.75,104.1500015258789,6.0,-0.08582008630037308
2022-06-13,5.64,32.59,81.721,37.17,222.22,1.348,14.491,41.88,614.11,3749.6298828125,3255.550048828125,120.93000030517578,34.02000045776367,105.08000183105467,6.0,-0.09133125096559525
2022-06-14,5.6,30.398,76.269,36.82,223.33,1.327,14.294,40.65,597.99,3735.47998046875,3288.909912109375,118.93000030517578,32.689998626708984,105.5199966430664,6.0,-0.10034291446208954
2022-06-15,5.79,30.739,77.694,36.9,215.08,1.335,14.413,42.42,597.26,3789.989990234375,3305.409912109375,115.30999755859376,29.6200008392334,105.16000366210938,6.0,-0.12180937826633453
2022-06-16,5.54,31.001,78.681,34.87,202.17,1.312,14.063,41.76,590.53,3666.77001953125,3285.3798828125,117.58999633789062,32.95000076293945,103.62999725341795,6.0,-0.1305599808692932
2022-06-17,5.45,29.466,74.158,33.82,212.04,1.32,14.911,40.1,567.67,3674.840087890625,3316.7900390625,109.55999755859376,31.1299991607666,104.6999969482422,6.0,-0.14610636234283447
2022-06-18,5.45,29.466,74.158,33.82,212.04,1.32,14.911,40.1,567.67,3674.840087890625,3316.7900390625,109.55999755859376,31.1299991607666,104.6999969482422,6.0,-0.15024450421333313
2022-06-19,5.45,29.466,74.158,33.82,212.04,1.32,14.911,40.1,567.67,3674.840087890625,3316.7900390625,109.55999755859376,31.1299991607666,104.6999969482422,6.0,-0.16286957263946533
2022-06-20,5.59,27.973,70.585,33.82,212.04,1.262,15.107,40.3,562.76,3674.840087890625,3315.429931640625,109.55999755859376,31.1299991607666,104.6999969482422,6.0,-0.143728107213974
2022-06-21,5.72,28.542,72.418,34.03,216.33,1.276,14.594,40.62,556.79,3764.7900390625,3306.719970703125,110.6500015258789,30.190000534057617,104.44000244140624,6.0,-0.1512671411037445
2022-06-22,5.32,28.417,72.377,31.32,216.24,1.234,14.46,38.59,538.64,3759.889892578125,3267.199951171875,106.19000244140624,28.950000762939453,104.1999969482422,6.0,-0.16552114486694336
2022-06-23,5.24,27.9,70.702,29.57,213.62,1.217,14.679,36.81,529.43,3795.72998046875,3320.14990234375,104.2699966430664,29.049999237060547,104.43000030517578,6.0,-0.17933939397335052
2022-06-24,5.29,27.806,70.453,30.99,224.79,1.187,14.58,36.88,548.25,3911.739990234375,3349.75,107.62000274658205,27.229999542236328,104.19000244140624,6.0,-0.18922747671604156
2022-06-25,5.29,27.806,70.453,30.99,224.79,1.187,14.58,36.88,548.25,3911.739990234375,3349.75,107.62000274658205,27.229999542236328,104.19000244140624,6.0,-0.1677742451429367
2022-06-26,5.29,27.806,70.453,30.99,224.79,1.187,14.58,36.88,548.25,3911.739990234375,3349.75,107.62000274658205,27.229999542236328,104.19000244140624,6.0,-0.1623724102973938
2022-06-27,5.36,28.523,71.868,31.02,226.62,1.236,15.929,37.7,572.48,3900.110107421875,3379.18994140625,109.56999969482422,26.950000762939453,103.94000244140624,6.0,-0.16154515743255615
2022-06-28,5.42,29.682,73.839,30.78,223.19,1.259,15.975,37.72,572.71,3821.550048828125,3409.2099609375,111.76000213623048,28.36000061035156,104.51000213623048,6.0,-0.16956695914268494
2022-06-29,5.39,29.423,73.097,30.29,211.89,1.204,15.262,36.9,550.94,3818.830078125,3361.52001953125,109.77999877929688,28.15999984741211,105.11000061035156,6.0,-0.16144739091396332
2022-06-30,5.23,28.467,70.873,29.26,208.98,1.225,15.857,35.08,548.87,3785.3798828125,3398.6201171875,105.76000213623048,28.709999084472656,104.69000244140624,6.0,-0.17280744016170502
2022-07-01,4.98,27.29,68.372,29.2,205.15,1.225,16.735,33.47,542.75,3825.330078125,3387.639892578125,108.43000030517578,26.700000762939453,105.13999938964844,6.0,-0.17426493763923645
2022-07-02,4.98,27.29,68.372,29.2,205.15,1.225,16.735,33.47,542.75,3825.330078125,3387.639892578125,108.43000030517578,26.700000762939453,105.13999938964844,6.0,-0.1734703779220581
2022-07-03,4.98,27.29,68.372,29.2,205.15,1.225,16.735,33.47,542.75,3825.330078125,3387.639892578125,108.43000030517578,26.700000762939453,105.13999938964844,6.0,-0.17048390209674835
2022-07-04,5.08,27.387,69.148,29.2,205.15,1.182,16.468,33.72,546.25,3825.330078125,3405.429931640625,108.43000030517578,26.700000762939453,105.13999938964844,6.0,-0.17104409635066986
2022-07-05,4.62,27.208,68.551,27.26,200.43,1.188,16.349,30.55,536.1,3831.389892578125,3404.030029296875,99.5,27.540000915527344,106.5,6.0,-0.18074367940425873
2022-07-06,4.71,25.582,63.258,27.38,198.3,1.151,16.999,30.77,518.07,3845.080078125,3355.35009765625,98.52999877929688,26.729999542236328,107.0999984741211,6.0,-0.2026151418685913
2022-07-07,5.03,26.623,66.442,29.22,203.0,1.149,16.86,33.21,529.82,3902.6201171875,3364.39990234375,102.7300033569336,26.07999992370605,107.12999725341795,6.0,-0.19921712577342987
2022-07-08,5.01,26.889,66.798,28.0,205.93,1.175,16.204,33.32,538.21,3899.3798828125,3356.080078125,104.79000091552734,24.63999938964844,107.01000213623048,6.0,-0.1934901922941208
2022-07-09,5.01,26.889,66.798,28.0,205.93,1.175,16.204,33.32,538.21,3899.3798828125,3356.080078125,104.79000091552734,24.63999938964844,107.01000213623048,6.0,-0.17464928328990936
2022-07-10,5.01,26.889,66.798,28.0,205.93,1.175,16.204,33.32,538.21,3899.3798828125,3356.080078125,104.79000091552734,24.63999938964844,107.01000213623048,6.0,-0.1801636815071106
2022-07-11,4.89,25.574,64.177,26.91,199.82,1.139,15.064,31.77,513.33,3854.429931640625,3313.580078125,104.08999633789062,26.170000076293945,108.0199966430664,6.0,-0.16310109198093414
2022-07-12,4.85,25.308,64.459,26.3,195.82,1.121,14.945,31.83,498.8,3818.800048828125,3281.469970703125,95.83999633789062,27.290000915527344,108.06999969482422,6.0,-0.17099253833293915
2022-07-13,4.81,24.958,63.612,26.44,196.0,1.117,15.028,31.31,505.02,3801.780029296875,3284.2900390625,96.3000030517578,26.81999969482422,107.95999908447266,6.0,-0.17326587438583374
2022-07-14,4.58,25.234,64.778,25.09,196.66,1.087,14.866,29.54,507.56,3790.3798828125,3281.739990234375,95.77999877929688,26.399999618530277,108.54000091552734,6.0,-0.19180326163768768
2022-07-15,4.66,24.519,63.349,25.82,200.7,1.043,14.804,29.65,503.66,3863.159912109375,3228.06005859375,97.58999633789062,24.229999542236328,108.05999755859376,6.0,-0.19027754664421082
2022-07-16,4.66,24.519,63.349,25.82,200.7,1.043,14.804,29.65,503.66,3863.159912109375,3228.06005859375,97.58999633789062,24.229999542236328,108.05999755859376,6.0,-0.17823439836502075
2022-07-17,4.66,24.519,63.349,25.82,200.7,1.043,14.804,29.65,503.66,3863.159912109375,3228.06005859375,97.58999633789062,24.229999542236328,108.05999755859376,6.0,-0.18445967137813568
2022-07-18,4.85,25.184,64.898,27.42,203.88,1.107,14.869,30.93,521.67,3830.85009765625,3278.10009765625,102.5999984741211,25.299999237060547,107.37000274658205,6.0,-0.19477137923240662
2022-07-19,4.86,25.243,65.992,28.5,211.52,1.094,14.563,31.03,528.75,3936.68994140625,3279.429931640625,104.22000122070312,24.5,106.68000030517578,6.0,-0.18756885826587677
2022-07-20,4.93,25.55,67.335,28.57,219.51,1.13,14.575,30.57,541.96,3959.89990234375,3304.719970703125,102.26000213623048,23.8799991607666,107.08000183105467,6.0,-0.20136429369449615
2022-07-21,4.86,25.492,66.401,28.91,225.6,1.107,13.746,30.91,548.56,3998.949951171875,3272.0,96.3499984741211,23.11000061035156,106.91000366210938,6.0,-0.1929703801870346
2022-07-22,4.89,25.449,66.66,27.76,221.46,1.124,13.807,31.38,543.16,3961.6298828125,3269.969970703125,94.6999969482422,23.030000686645508,106.7300033569336,6.0,-0.1936681568622589
2022-07-23,4.89,25.449,66.66,27.76,221.46,1.124,13.807,31.38,543.16,3961.6298828125,3269.969970703125,94.6999969482422,23.030000686645508,106.7300033569336,6.0,-0.18321086466312408
2022-07-24,4.89,25.449,66.66,27.76,221.46,1.124,13.807,31.38,543.16,3961.6298828125,3269.969970703125,94.6999969482422,23.030000686645508,106.7300033569336,6.0,-0.17741890251636505
2022-07-25,5.03,25.969,67.541,28.29,227.57,1.129,13.557,32.24,545.7,3966.840087890625,3250.389892578125,96.6999969482422,23.36000061035156,106.4800033569336,6.0,-0.19992753863334656
2022-07-26,5.1,26.552,68.658,27.93,225.1,1.164,13.871,32.45,551.64,3921.050048828125,3277.43994140625,94.9800033569336,24.690000534057617,107.19000244140624,6.0,-0.2069941759109497
2022-07-27,5.25,26.226,67.789,29.29,234.29,1.144,13.734,33.08,557.66,4023.610107421875,3275.760009765625,97.26000213623048,23.239999771118164,106.4499969482422,6.0,-0.20614022016525269
2022-07-28,5.28,26.767,68.243,29.83,236.32,1.181,13.462,33.96,574.87,4072.429931640625,3282.580078125,96.41999816894533,22.32999992370605,106.3499984741211,6.0,-0.21591493487358093
2022-07-29,5.43,27.018,68.334,31.55,244.31,1.171,13.215,35.21,577.86,4130.2900390625,3253.239990234375,98.62000274658205,21.32999992370605,105.9000015258789,6.0,-0.22055816650390625
2022-07-30,5.43,27.018,68.334,31.55,244.31,1.171,13.215,35.21,577.86,4130.2900390625,3253.239990234375,98.62000274658205,21.32999992370605,105.9000015258789,6.0,-0.21685639023780823
2022-07-31,5.43,27.018,68.334,31.55,244.31,1.171,13.215,35.21,577.86,4130.2900390625,3253.239990234375,98.62000274658205,21.32999992370605,105.9000015258789,6.0,-0.20726773142814636
2022-08-01,5.45,27.46,69.472,29.98,239.96,1.158,13.624,34.03,586.77,4118.6298828125,3259.9599609375,93.88999938964844,22.84000015258789,105.4499969482422,6.0,-0.20545898377895355
2022-08-02,5.27,26.694,67.322,29.33,243.89,1.117,13.051,33.31,573.75,4091.18994140625,3186.27001953125,94.41999816894533,23.93000030517578,106.23999786376952,6.0,-0.2031976878643036
2022-08-03,5.23,26.807,67.208,28.69,239.54,1.121,12.882,33.09,581.16,4155.169921875,3163.669921875,90.66000366210938,21.950000762939453,106.51000213623048,6.0,-0.2029162049293518
2022-08-04,5.4,26.597,66.405,28.76,234.89,1.126,13.197,34.18,583.98,4151.93994140625,3189.0400390625,88.54000091552734,21.440000534057617,105.69000244140624,6.0,-0.21428735554218292
2022-08-05,5.44,26.814,67.529,30.27,237.99,1.159,13.453,34.3,598.95,4145.18994140625,3227.030029296875,89.01000213623047,21.149999618530277,106.62000274658205,6.0,-0.20760822296142578
2022-08-06,5.44,26.814,67.529,30.27,237.99,1.159,13.453,34.3,598.95,4145.18994140625,3227.030029296875,89.01000213623047,21.149999618530277,106.62000274658205,6.0,-0.1907801479101181
2022-08-07,5.44,26.814,67.529,30.27,237.99,1.159,13.453,34.3,598.95,4145.18994140625,3227.030029296875,89.01000213623047,21.149999618530277,106.62000274658205,6.0,-0.16491371393203735
2022-08-08,5.43,27.337,69.58,30.62,244.84,1.152,13.509,34.93,620.15,4140.06005859375,3236.929931640625,90.76000213623048,21.290000915527344,106.44000244140624,6.0,-0.15107910335063934
2022-08-09,5.42,27.034,69.215,30.05,244.66,1.164,13.682,34.7,626.21,4122.47021484375,3247.429931640625,90.5,21.770000457763672,106.37000274658205,6.0,-0.13839739561080933
2022-08-10,5.55,27.105,70.19,31.4,259.3,1.159,13.461,35.46,639.06,4210.240234375,3230.02001953125,91.93000030517578,19.739999771118164,105.1999969482422,6.0,-0.12090084701776505
2022-08-11,5.6,27.816,67.696,31.67,265.7,1.191,13.565,36.02,656.39,4207.27001953125,3281.669921875,94.33999633789062,20.200000762939453,105.08999633789062,6.0,-0.12100818753242493
2022-08-12,5.54,27.651,67.941,31.62,281.57,1.212,13.6,35.26,653.22,4280.14990234375,3276.889892578125,92.08999633789062,19.530000686645508,105.62999725341795,6.0,-0.10649405419826508
2022-08-13,5.54,27.651,67.941,31.62,281.57,1.212,13.6,35.26,653.22,4280.14990234375,3276.889892578125,92.08999633789062,19.530000686645508,105.62999725341795,6.0,-0.08799079060554504
2022-08-14,5.54,27.651,67.941,31.62,281.57,1.212,13.6,35.26,653.22,4280.14990234375,3276.889892578125,92.08999633789062,19.530000686645508,105.62999725341795,6.0,-0.05263251066207886
2022-08-15,5.41,27.33,66.899,30.5,284.08,1.174,13.849,34.3,663.46,4297.14013671875,3276.090087890625,89.41000366210938,19.950000762939453,106.5500030517578,6.0,-0.048678286373615265
2022-08-16,5.64,28.446,67.362,31.39,280.81,1.185,13.615,35.62,649.64,4305.2001953125,3277.8798828125,86.52999877929688,19.690000534057617,106.5,6.0,-0.06213059276342392
2022-08-17,5.66,28.317,67.06,30.25,277.62,1.174,13.439,35.06,632.97,4274.0400390625,3292.530029296875,88.11000061035156,19.899999618530277,106.56999969482422,6.0,-0.05482228472828865
2022-08-18,5.74,28.468,67.174,31.23,279.51,1.151,13.333,34.02,630.57,4283.740234375,3277.5400390625,90.5,19.559999465942383,107.4800033569336,6.0,-0.05002338066697121
2022-08-19,5.57,28.553,67.71,30.45,270.02,1.152,13.07,32.98,610.13,4228.47998046875,3258.080078125,90.7699966430664,20.600000381469727,108.16999816894533,6.0,-0.04302206262946129
2022-08-20,5.57,28.553,67.71,30.45,270.02,1.152,13.07,32.98,610.13,4228.47998046875,3258.080078125,90.7699966430664,20.600000381469727,108.16999816894533,6.0,-0.03325185924768448
2022-08-21,5.57,28.553,67.71,30.45,270.02,1.152,13.07,32.98,610.13,4228.47998046875,3258.080078125,90.7699966430664,20.600000381469727,108.16999816894533,6.0,-0.021155040711164474
2022-08-22,5.59,28.428,67.506,29.86,275.7,1.18,13.7,32.94,612.22,4137.990234375,3277.7900390625,90.2300033569336,23.799999237060547,109.0500030517578,6.0,-0.03371381014585495
2022-08-23,5.78,28.732,67.678,31.79,281.03,1.172,13.598,34.16,624.28,4128.72998046875,3276.219970703125,93.73999786376952,24.11000061035156,108.62000274658205,6.0,-0.033009182661771774
2022-08-24,5.67,28.943,67.057,31.32,287.88,1.133,13.11,33.32,634.3,4140.77001953125,3215.199951171875,94.88999938964844,22.81999969482422,108.68000030517578,6.0,-0.06492824107408524
2022-08-25,5.77,29.449,67.887,33.23,295.68,1.184,12.565,33.88,635.65,4199.1201171875,3246.25,92.5199966430664,21.780000686645508,108.47000122070312,6.0,-0.07396251708269119
2022-08-26,5.66,29.496,67.977,32.19,288.16,1.201,13.084,33.68,634.1,4057.659912109375,3236.219970703125,93.05999755859376,25.559999465942383,108.8000030517578,6.0,-0.09239555150270462
2022-08-27,5.66,29.496,67.977,32.19,288.16,1.201,13.084,33.68,634.1,4057.659912109375,3236.219970703125,93.05999755859376,25.559999465942383,108.8000030517578,6.0,-0.09034156054258347
2022-08-28,5.66,29.496,67.977,32.19,288.16,1.201,13.084,33.68,634.1,4057.659912109375,3236.219970703125,93.05999755859376,25.559999465942383,108.8000030517578,6.0,-0.07905755192041397
2022-08-29,5.66,29.496,67.977,32.19,288.16,1.201,13.084,33.68,614.34,4030.610107421875,3240.72998046875,97.01000213623048,26.209999084472656,108.83999633789062,6.0,-0.09307364374399185
2022-08-30,5.45,28.603,65.441,29.76,272.77,1.149,13.106,31.86,613.06,3986.159912109375,3227.219970703125,91.63999938964844,26.209999084472656,108.7699966430664,6.0,-0.09049806743860245
2022-08-31,5.31,27.766,64.629,29.6,267.96,1.139,12.44,31.73,611.44,3955.0,3202.139892578125,89.55000305175781,25.8700008392334,108.6999969482422,6.0,-0.10447370260953903
2022-09-01,5.03,25.451,62.775,28.09,256.96,1.1,12.17,30.32,591.66,3966.85009765625,3184.97998046875,86.61000061035156,25.559999465942383,109.69000244140624,7.0,-0.11790374666452408
2022-09-02,5.14,25.013,61.401,28.3,259.88,1.069,12.011,31.06,583.23,3924.260009765625,3186.47998046875,86.87000274658203,25.46999931335449,109.52999877929688,7.0,-0.10377378761768341
2022-09-03,5.14,25.013,61.401,28.3,259.88,1.069,12.011,31.06,583.23,3924.260009765625,3186.47998046875,86.87000274658203,25.46999931335449,109.52999877929688,7.0,-0.08510540425777435
2022-09-04,5.14,25.013,61.401,28.3,259.88,1.069,12.011,31.06,583.23,3924.260009765625,3186.47998046875,86.87000274658203,25.46999931335449,109.52999877929688,7.0,-0.09772229194641113
2022-09-05,5.35,25.76,62.358,28.3,259.88,1.074,11.698,31.27,585.0,3924.260009765625,3199.912109375,86.87000274658203,25.46999931335449,109.52999877929688,7.0,-0.07932158559560776
2022-09-06,5.53,25.101,61.154,28.12,266.7,1.116,12.019,31.7,599.78,3908.18994140625,3243.449951171875,86.87999725341797,26.90999984741211,110.20999908447266,7.0,-0.08755546063184738
2022-09-07,5.32,24.551,60.522,28.38,279.2,1.108,12.085,31.02,604.96,3979.8701171875,3246.2900390625,81.94000244140625,24.63999938964844,109.83999633789062,7.0,-0.0865597352385521
2022-09-08,5.34,24.925,62.015,30.62,291.43,1.13,11.873,31.52,625.0,4006.179931640625,3235.590087890625,83.54000091552734,23.61000061035156,109.70999908447266,7.0,-0.08338292688131332
2022-09-09,5.58,26.057,64.552,32.17,300.37,1.181,12.14,33.26,644.12,4067.360107421875,3262.050048828125,86.79000091552734,22.790000915527344,109.0,7.0,-0.07407770305871964
2022-09-10,5.58,26.057,64.552,32.17,300.37,1.181,12.14,33.26,644.12,4067.360107421875,3262.050048828125,86.79000091552734,22.790000915527344,109.0,7.0,-0.06626038253307343
2022-09-11,5.58,26.057,64.552,32.17,300.37,1.181,12.14,33.26,644.12,4067.360107421875,3262.050048828125,86.79000091552734,22.790000915527344,109.0,7.0,-0.059107109904289246
2022-09-12,5.75,27.142,66.143,32.17,296.97,1.181,12.14,34.26,642.38,4110.41015625,3262.050048828125,87.77999877929688,23.8700008392334,108.33000183105467,7.0,-0.05867984518408775
2022-09-13,5.64,26.449,65.113,31.05,298.09,1.185,12.2,32.92,642.31,3932.68994140625,3263.800048828125,87.30999755859375,27.270000457763672,109.81999969482422,7.0,-0.06748788803815842
2022-09-14,5.61,26.047,63.991,30.03,307.05,1.154,11.984,32.27,626.84,3946.010009765625,3237.5400390625,88.4800033569336,26.15999984741211,109.66000366210938,7.0,-0.07732965052127838
2022-09-15,5.67,25.964,63.428,29.78,286.75,1.153,11.594,31.66,609.85,3901.35009765625,3199.919921875,85.0999984741211,26.270000457763672,109.73999786376952,7.0,-0.07237842679023743
2022-09-16,5.5,25.563,62.126,29.33,287.32,1.117,11.179,31.55,592.09,3873.330078125,3126.39990234375,85.11000061035156,26.299999237060547,109.76000213623048,7.0,-0.07856100797653198
2022-09-17,5.5,25.563,62.126,29.33,287.32,1.117,11.179,31.55,592.09,3873.330078125,3126.39990234375,85.11000061035156,26.299999237060547,109.76000213623048,7.0,-0.07128769159317017
2022-09-18,5.5,25.563,62.126,29.33,287.32,1.117,11.179,31.55,592.09,3873.330078125,3126.39990234375,85.11000061035156,26.299999237060547,109.76000213623048,7.0,-0.0930355042219162
2022-09-19,5.5,25.563,62.126,29.33,287.32,1.117,11.179,31.55,599.22,3899.889892578125,3115.60009765625,85.7300033569336,25.76000022888184,109.73999786376952,7.0,-0.09308526664972305
2022-09-20,5.39,26.215,63.377,29.72,287.65,1.108,11.956,31.01,606.91,3855.929931640625,3122.409912109375,84.44999694824219,27.15999984741211,110.22000122070312,7.0,-0.104484423995018
2022-09-21,5.4,25.16,60.467,28.1,285.03,1.098,11.788,31.1,601.78,3789.929931640625,3117.179931640625,82.94000244140625,27.989999771118164,110.63999938964844,7.0,-0.11294571310281754
2022-09-22,5.44,25.16,60.467,28.35,272.15,1.091,11.602,31.34,590.0,3757.989990234375,3108.909912109375,83.48999786376953,27.350000381469727,111.3499984741211,7.0,-0.12259196490049362
2022-09-23,4.94,24.914,60.701,26.68,269.45,1.068,11.262,28.43,562.89,3693.22998046875,3088.3701171875,78.73999786376953,29.920000076293945,113.19000244140624,7.0,-0.12571482360363007
2022-09-24,4.94,24.914,60.701,26.68,269.45,1.068,11.262,28.43,562.89,3693.22998046875,3088.3701171875,78.73999786376953,29.920000076293945,113.19000244140624,7.0,-0.11051183938980103
2022-09-25,4.94,24.914,60.701,26.68,269.45,1.068,11.262,28.43,562.89,3693.22998046875,3088.3701171875,78.73999786376953,29.920000076293945,113.19000244140624,7.0,-0.10168849676847458
2022-09-26,4.81,23.363,56.653,26.5,265.03,0.972,11.117,27.26,541.7,3655.0400390625,3051.22998046875,76.70999908447266,32.2599983215332,114.0999984741211,7.0,-0.12697266042232513
2022-09-27,4.99,23.934,58.157,26.87,269.68,0.977,11.003,27.82,549.96,3647.2900390625,3093.860107421875,78.5,32.599998474121094,114.11000061035156,7.0,-0.139280766248703
2022-09-28,5.16,24.294,58.698,27.86,277.95,0.917,10.421,29.14,538.56,3719.0400390625,3045.070068359375,82.1500015258789,30.18000030517578,112.5999984741211,7.0,-0.1377992480993271
2022-09-29,5.33,24.807,59.082,28.17,265.44,0.954,10.782,30.09,538.03,3640.469970703125,3041.199951171875,81.2300033569336,31.84000015258789,112.25,7.0,-0.1469593495130539
2022-09-30,5.26,24.661,59.788,27.33,264.44,0.975,10.521,29.95,532.74,3585.6201171875,3024.389892578125,79.48999786376953,31.6200008392334,112.12000274658205,7.0,-0.17005883157253265
2022-10-01,5.26,24.661,59.788,27.33,264.44,0.975,10.521,29.95,532.74,3585.6201171875,3024.389892578125,79.48999786376953,31.6200008392334,112.12000274658205,6.0,-0.18151290714740753
2022-10-02,5.26,24.661,59.788,27.33,264.44,0.975,10.521,29.95,532.74,3585.6201171875,3024.389892578125,79.48999786376953,31.6200008392334,112.12000274658205,6.0,-0.18374450504779816
2022-10-03,5.43,25.152,60.664,29.34,273.73,0.985,10.521,31.04,535.69,3678.429931640625,3024.389892578125,83.62999725341797,30.100000381469727,111.75,6.0,-0.1762351244688034
2022-10-04,5.66,26.046,62.38,30.78,283.78,0.985,10.521,32.83,564.38,3790.929931640625,3024.389892578125,86.5199966430664,29.06999969482422,110.06999969482422,6.0,-0.17598295211791992
2022-10-05,5.59,26.268,63.466,30.51,276.8,1.06,10.521,31.89,558.45,3783.280029296875,3024.389892578125,87.76000213623047,28.549999237060547,111.06999969482422,6.0,-0.194444939494133
2022-10-06,5.43,26.095,62.772,29.82,280.94,1.064,10.521,30.43,558.7,3744.52001953125,3024.389892578125,88.44999694824219,30.520000457763672,112.26000213623048,6.0,-0.2290889322757721
2022-10-07,5.4,25.51,61.559,28.95,272.53,1.034,10.521,30.16,546.72,3639.659912109375,3024.389892578125,92.63999938964844,31.36000061035156,112.8000030517578,6.0,-0.22962360084056854
2022-10-08,5.4,25.51,61.559,28.95,272.53,1.034,10.521,30.16,546.72,3639.659912109375,3024.389892578125,92.63999938964844,31.36000061035156,112.8000030517578,6.0,-0.2225252240896225
2022-10-09,5.4,25.51,61.559,28.95,272.53,1.034,10.521,30.16,546.72,3639.659912109375,3024.389892578125,92.63999938964844,31.36000061035156,112.8000030517578,6.0,-0.18705447018146515
2022-10-10,5.38,25.256,61.448,29.26,278.1,0.992,10.1,29.85,530.21,3612.389892578125,2974.14990234375,91.12999725341795,32.45000076293945,113.13999938964844,6.0,-0.18313175439834595
2022-10-11,5.23,25.03,60.756,29.18,272.99,0.973,10.345,29.12,529.48,3588.840087890625,2979.7900390625,89.3499984741211,33.630001068115234,113.22000122070312,6.0,-0.19416940212249756
2022-10-12,5.32,24.815,59.672,28.84,251.45,0.992,10.534,28.88,528.34,3577.030029296875,3025.510009765625,87.2699966430664,33.56999969482422,113.31999969482422,6.0,-0.22609494626522064
2022-10-13,5.45,24.707,60.234,29.36,256.0,0.971,10.241,29.44,522.44,3669.909912109375,3016.360107421875,89.11000061035156,31.940000534057617,112.36000061035156,6.0,-0.2379453480243683
2022-10-14,5.33,24.796,59.86,27.64,237.47,0.986,10.752,28.41,519.25,3583.070068359375,3071.989990234375,85.61000061035156,32.02000045776367,113.30999755859376,6.0,-0.2474096715450287
2022-10-15,5.33,24.796,59.86,27.64,237.47,0.986,10.752,28.41,519.25,3583.070068359375,3071.989990234375,85.61000061035156,32.02000045776367,113.30999755859376,6.0,-0.2308635413646698
2022-10-16,5.33,24.796,59.86,27.64,237.47,0.986,10.752,28.41,519.25,3583.070068359375,3071.989990234375,85.61000061035156,32.02000045776367,113.30999755859376,6.0,-0.22551868855953217
2022-10-17,5.45,24.588,59.214,28.82,248.03,0.999,11.008,29.77,529.22,3677.949951171875,3084.93994140625,85.45999908447266,31.3700008392334,112.04000091552734,6.0,-0.21369732916355133
2022-10-18,5.39,25.003,59.475,28.49,251.67,0.987,11.0,29.49,538.2,3719.97998046875,3080.9599609375,82.81999969482422,30.5,112.12999725341795,6.0,-0.21282164752483368
2022-10-19,5.23,24.61,58.944,28.36,256.51,0.969,10.894,28.93,545.48,3695.159912109375,3044.3798828125,85.55000305175781,30.76000022888184,112.9800033569336,6.0,-0.21500635147094727
2022-10-20,5.37,24.065,57.893,29.12,255.39,0.977,10.876,29.23,538.81,3665.780029296875,3035.050048828125,85.9800033569336,29.979999542236328,112.87999725341795,6.0,-0.2256399542093277
2022-10-21,5.59,24.277,58.35,32.03,270.01,0.985,10.677,30.31,546.65,3752.75,3038.929931640625,85.05000305175781,29.690000534057617,112.01000213623048,6.0,-0.25092455744743347
2022-10-22,5.59,24.277,58.35,32.03,270.01,0.985,10.677,30.31,546.65,3752.75,3038.929931640625,85.05000305175781,29.690000534057617,112.01000213623048,6.0,-0.2750004231929779
2022-10-23,5.59,24.277,58.35,32.03,270.01,0.985,10.677,30.31,546.65,3752.75,3038.929931640625,85.05000305175781,29.690000534057617,112.01000213623048,6.0,-0.2730260193347931
2022-10-24,5.58,24.647,58.424,31.05,270.57,0.961,10.691,29.71,549.09,3797.340087890625,2977.56005859375,84.58000183105469,29.850000381469727,111.98999786376952,6.0,-0.2569710612297058
2022-10-25,5.68,24.617,58.39,31.67,281.43,0.973,11.003,29.9,562.12,3859.110107421875,2976.280029296875,85.31999969482422,28.459999084472656,110.9499969482422,6.0,-0.23960259556770325
2022-10-26,5.91,25.039,59.681,33.34,282.15,0.967,11.236,31.62,563.42,3830.60009765625,2999.5,87.91000366210938,27.280000686645508,109.6999969482422,6.0,-0.247212216258049
2022-10-27,5.71,25.448,59.718,32.74,282.17,1.027,11.144,30.81,566.12,3807.300048828125,2982.89990234375,89.08000183105469,27.38999938964844,110.58999633789062,6.0,-0.24930456280708313
2022-10-28,5.68,24.028,56.769,32.2,280.16,0.996,10.571,29.9,542.28,3901.06005859375,2915.929931640625,87.9000015258789,25.75,110.66999816894533,6.0,-0.24562318623065948
2022-10-29,5.68,24.028,56.769,32.2,280.16,0.996,10.571,29.9,542.28,3901.06005859375,2915.929931640625,87.9000015258789,25.75,110.66999816894533,6.0,-0.22377820312976837
2022-10-30,5.68,24.028,56.769,32.2,280.16,0.996,10.571,29.9,542.28,3901.06005859375,2915.929931640625,87.9000015258789,25.75,110.66999816894533,6.0,-0.20868349075317383
2022-10-31,5.65,23.899,56.422,31.69,279.87,0.956,10.822,29.35,544.21,3871.97998046875,2893.47998046875,86.52999877929688,25.8799991607666,111.52999877929688,6.0,-0.19773967564105988
2022-11-01,5.93,24.57,57.868,32.9,279.0,1.0,11.792,31.16,564.32,3856.10009765625,2969.199951171875,88.37000274658203,25.809999465942383,111.4800033569336,6.0,-0.18309761583805084
2022-11-02,5.77,24.913,58.811,31.01,266.52,1.027,11.815,29.83,556.5,3759.68994140625,3003.3701171875,90.0,25.86000061035156,111.3499984741211,6.0,-0.17676103115081787
2022-11-03,5.71,23.878,56.935,31.56,274.56,1.0,11.603,29.09,547.32,3719.889892578125,2997.81005859375,88.16999816894531,25.299999237060547,112.93000030517578,6.0,-0.1626698523759842
2022-11-04,5.96,24.933,60.004,35.19,284.99,1.031,12.511,32.93,579.99,3770.550048828125,3070.800048828125,92.61000061035156,24.549999237060547,110.87999725341795,6.0,-0.15420356392860413
2022-11-05,5.96,24.933,60.004,35.19,284.99,1.031,12.511,32.93,579.99,3770.550048828125,3070.800048828125,92.61000061035156,24.549999237060547,110.87999725341795,6.0,-0.13925501704216003
2022-11-06,5.96,24.933,60.004,35.19,284.99,1.031,12.511,32.93,579.99,3770.550048828125,3070.800048828125,92.61000061035156,24.549999237060547,110.87999725341795,6.0,-0.13409295678138733
2022-11-07,6.04,26.223,62.37,34.45,286.49,1.136,12.367,33.63,587.15,3806.800048828125,3077.820068359375,91.79000091552734,24.350000381469727,110.12000274658205,6.0,-0.11664766073226929
2022-11-08,5.97,26.24,62.656,35.46,306.01,1.138,12.462,34.67,603.35,3828.110107421875,3064.489990234375,88.91000366210938,25.540000915527344,109.62000274658205,6.0,-0.11204782128334045
2022-11-09,5.71,26.479,63.419,34.03,300.13,1.171,12.319,34.06,593.44,3748.570068359375,3048.169921875,85.83000183105469,26.09000015258789,110.5500030517578,6.0,-0.11152846366167068
2022-11-10,5.79,26.839,65.045,36.75,320.77,1.157,11.922,35.99,603.63,3956.3701171875,3036.1298828125,86.47000122070312,23.530000686645508,108.20999908447266,6.0,-0.12079328298568726
2022-11-11,5.86,28.209,68.783,38.04,325.38,1.286,12.383,38.9,625.61,3992.929931640625,3087.2900390625,88.95999908447266,22.520000457763672,106.29000091552734,6.0,-0.12136533111333847
2022-11-12,5.86,28.209,68.783,38.04,325.38,1.286,12.383,38.9,625.61,3992.929931640625,3087.2900390625,88.95999908447266,22.520000457763672,106.29000091552734,6.0,-0.14751075208187103
2022-11-13,5.86,28.209,68.783,38.04,325.38,1.286,12.383,38.9,625.61,3992.929931640625,3087.2900390625,88.95999908447266,22.520000457763672,106.29000091552734,6.0,-0.13082510232925415
2022-11-14,5.93,29.469,70.978,37.89,316.35,1.289,11.987,38.26,628.26,3957.25,3083.39990234375,85.87000274658203,23.729999542236328,106.66000366210938,6.0,-0.11576667428016663
2022-11-15,6.07,29.686,71.897,38.09,295.86,1.322,12.179,38.9,606.19,3991.72998046875,3134.080078125,86.91999816894531,24.540000915527344,106.4000015258789,6.0,-0.10277944058179855
2022-11-16,6.07,29.959,72.839,37.38,286.77,1.314,11.788,37.86,593.56,3958.7900390625,3119.97998046875,85.58999633789062,24.11000061035156,106.27999877929688,6.0,-0.09703730791807175
2022-11-17,5.99,29.263,70.919,36.36,277.45,1.257,11.572,36.56,576.29,3946.56005859375,3115.429931640625,81.63999938964844,23.93000030517578,106.69000244140624,6.0,-0.1011725440621376
2022-11-18,5.92,29.312,70.966,36.34,276.98,1.254,11.278,36.84,572.25,3965.340087890625,3097.239990234375,80.08000183105469,23.1200008392334,106.93000030517578,6.0,-0.10158988833427429
2022-11-19,5.92,29.312,70.966,36.34,276.98,1.254,11.278,36.84,572.25,3965.340087890625,3097.239990234375,80.08000183105469,23.1200008392334,106.93000030517578,6.0,-0.11302753537893295
2022-11-20,5.92,29.312,70.966,36.34,276.98,1.254,11.278,36.84,572.25,3965.340087890625,3097.239990234375,80.08000183105469,23.1200008392334,106.93000030517578,6.0,-0.09843378514051437
2022-11-21,5.79,28.368,68.646,36.13,282.88,1.211,11.418,35.8,567.34,3949.93994140625,3085.0439453125,79.7300033569336,22.36000061035156,107.83999633789062,6.0,-0.09800159931182861
2022-11-22,6.03,28.906,69.804,37.86,283.09,1.217,11.234,36.58,575.96,4003.580078125,3088.943115234375,80.94999694824219,21.290000915527344,107.22000122070312,6.0,-0.11822585761547089
2022-11-23,6.3,29.563,71.012,38.04,283.9,1.233,11.239,37.73,586.62,4027.260009765625,3096.906982421875,77.94000244140625,20.350000381469727,106.08000183105467,6.0,-0.12402214109897614
2022-11-24,6.4,30.129,72.006,38.04,283.9,1.262,11.249,38.35,587.09,4027.260009765625,3089.31005859375,77.94000244140625,20.350000381469727,106.08000183105467,6.0,-0.12568829953670502
2022-11-25,6.36,29.831,71.303,37.15,272.82,1.274,10.927,38.01,564.86,4026.1201171875,3101.68994140625,76.27999877929688,20.5,105.95999908447266,6.0,-0.11698611080646515
2022-11-26,6.36,29.831,71.303,37.15,272.82,1.274,10.927,38.01,564.86,4026.1201171875,3101.68994140625,76.27999877929688,20.5,105.95999908447266,6.0,-0.10239038616418839
2022-11-27,6.36,29.831,71.303,37.15,272.82,1.274,10.927,38.01,564.86,4026.1201171875,3101.68994140625,76.27999877929688,20.5,105.95999908447266,6.0,-0.09676643460988998
2022-11-28,6.34,29.178,69.239,36.19,266.11,1.247,10.693,37.23,548.76,3963.93994140625,3078.550048828125,77.23999786376953,22.209999084472656,106.68000030517578,6.0,-0.09134897589683533
2022-11-29,6.49,29.967,72.095,37.51,270.02,1.28,10.907,38.57,560.2,3957.6298828125,3149.75,78.19999694824219,21.88999938964844,106.81999969482422,6.0,-0.08947455883026123
2022-11-30,6.7,30.89,74.388,39.8,277.99,1.298,11.428,40.3,580.85,4080.110107421875,3151.340087890625,80.55000305175781,20.57999992370605,105.9499969482422,6.0,-0.08528892695903778
2022-12-01,6.72,31.648,77.098,39.57,275.29,1.363,11.526,39.68,591.91,4076.570068359375,3165.469970703125,81.22000122070312,19.84000015258789,104.7300033569336,6.0,-0.08590799570083618
2022-12-02,6.76,31.066,75.996,40.22,284.28,1.358,11.483,39.73,596.8,4071.699951171875,3156.139892578125,79.9800033569336,19.059999465942383,104.5500030517578,6.0,-0.08048626035451889
2022-12-03,6.76,31.066,75.996,40.22,284.28,1.358,11.483,39.73,596.8,4071.699951171875,3156.139892578125,79.9800033569336,19.059999465942383,104.5500030517578,6.0,-0.07023986428976059
2022-12-04,6.76,31.066,75.996,40.22,284.28,1.358,11.483,39.73,596.8,4071.699951171875,3156.139892578125,79.9800033569336,19.059999465942383,104.5500030517578,6.0,-0.0878104567527771
2022-12-05,6.75,31.344,77.761,38.86,265.23,1.414,11.437,39.9,588.85,3998.840087890625,3211.81005859375,76.93000030517578,20.75,105.29000091552734,6.0,-0.10102277249097824
2022-12-06,6.65,31.158,77.667,38.46,257.99,1.407,11.538,39.58,579.44,3941.260009765625,3212.530029296875,74.25,22.170000076293945,105.58000183105467,6.0,-0.10635345429182053
2022-12-07,6.5,31.32,77.628,38.55,257.61,1.34,11.677,39.13,581.51,3933.919921875,3199.6201171875,72.01000213623047,22.68000030517578,105.0999984741211,6.0,-0.10662680119276047
2022-12-08,6.61,31.288,77.494,39.86,256.03,1.372,11.544,39.59,573.55,3963.510009765625,3197.35009765625,71.45999908447266,22.290000915527344,104.7699966430664,6.0,-0.11455783993005753
2022-12-09,6.55,32.263,79.61,38.59,253.25,1.446,11.603,38.35,571.63,3934.3798828125,3206.949951171875,71.0199966430664,22.82999992370605,104.80999755859376,6.0,-0.14054402709007263
2022-12-10,6.55,32.263,79.61,38.59,253.25,1.446,11.603,38.35,571.63,3934.3798828125,3206.949951171875,71.0199966430664,22.82999992370605,104.80999755859376,6.0,-0.15544170141220093
2022-12-11,6.55,32.263,79.61,38.59,253.25,1.446,11.603,38.35,571.63,3934.3798828125,3206.949951171875,71.0199966430664,22.82999992370605,104.80999755859376,6.0,-0.14615553617477417
2022-12-12,6.5,31.56,78.478,38.88,259.36,1.376,11.251,37.97,560.88,3990.56005859375,3179.0400390625,73.16999816894531,25.0,105.12999725341795,6.0,-0.14824143052101135
2022-12-13,6.64,31.579,78.193,39.26,261.91,1.379,11.234,38.84,567.17,4019.64990234375,3176.330078125,75.38999938964844,22.549999237060547,103.9800033569336,6.0,-0.1467473953962326
2022-12-14,6.62,31.783,78.698,39.43,247.86,1.397,11.14,38.17,564.38,3995.320068359375,3176.530029296875,77.27999877929688,21.13999938964844,103.7699966430664,6.0,-0.14774440228939056
2022-12-15,6.39,30.784,76.15,38.15,240.5,1.381,11.22,37.2,539.29,3895.75,3168.64990234375,76.11000061035156,22.82999992370605,104.55999755859376,6.0,-0.13616406917572021
2022-12-16,6.36,30.526,76.565,38.36,242.86,1.375,10.888,36.92,530.05,3852.360107421875,3167.85791015625,74.29000091552734,22.6200008392334,104.6999969482422,6.0,-0.13535094261169434
2022-12-17,6.36,30.526,76.565,38.36,242.86,1.375,10.888,36.92,530.05,3852.360107421875,3167.85791015625,74.29000091552734,22.6200008392334,104.6999969482422,6.0,-0.16048769652843475
2022-12-18,6.36,30.526,76.565,38.36,242.86,1.375,10.888,36.92,530.05,3852.360107421875,3167.85791015625,74.29000091552734,22.6200008392334,104.6999969482422,6.0,-0.15873736143112183
2022-12-19,6.43,30.809,76.791,37.36,233.34,1.362,11.045,37.09,523.28,3817.659912109375,3107.1201171875,75.19000244140625,22.420000076293945,104.72000122070312,6.0,-0.15289980173110962
2022-12-20,6.58,30.22,75.597,37.8,233.5,1.33,10.733,37.33,510.79,3821.6201171875,3073.77001953125,76.08999633789062,21.479999542236328,103.97000122070312,6.0,-0.1463998407125473
2022-12-21,6.68,31.069,77.193,38.45,232.63,1.372,10.652,38.52,513.09,3878.43994140625,3068.409912109375,78.29000091552734,20.06999969482422,104.16000366210938,6.0,-0.14419735968112946
2022-12-22,6.61,30.83,76.532,37.67,225.98,1.365,10.34,37.85,502.08,3822.389892578125,3054.429931640625,77.48999786376953,21.96999931335449,104.43000030517578,6.0,-0.14418327808380127
2022-12-23,6.63,31.006,77.534,38.1,226.96,1.34,10.312,38.44,498.56,3844.820068359375,3045.865966796875,79.55999755859375,20.8700008392334,104.30999755859376,6.0,-0.1355929970741272
2022-12-24,6.63,31.006,77.534,38.1,226.96,1.34,10.312,38.44,498.56,3844.820068359375,3045.865966796875,79.55999755859375,20.8700008392334,104.30999755859376,6.0,-0.12630216777324677
2022-12-25,6.63,31.006,77.534,38.1,226.96,1.34,10.312,38.44,498.56,3844.820068359375,3045.865966796875,79.55999755859375,20.8700008392334,104.30999755859376,6.0,-0.11444807797670364
2022-12-26,6.63,31.006,77.534,38.1,226.96,1.34,10.312,38.44,498.56,3844.820068359375,3065.56298828125,79.55999755859375,20.8700008392334,104.30999755859376,6.0,-0.08969348669052124
2022-12-27,6.63,31.006,77.534,38.1,226.96,1.34,10.312,38.44,499.87,3829.25,3095.570068359375,79.52999877929688,21.649999618530277,104.18000030517578,6.0,-0.09200964868068695
2022-12-28,6.63,31.343,79.35,37.88,214.04,1.378,10.336,38.72,486.61,3783.219970703125,3087.39990234375,78.95999908447266,22.13999938964844,104.45999908447266,6.0,-0.08177443593740463
2022-12-29,6.63,31.036,79.357,38.31,217.47,1.347,10.239,38.48,489.45,3849.280029296875,3073.699951171875,78.4000015258789,21.440000534057617,103.83999633789062,6.0,-0.07651421427726746
2022-12-30,6.59,31.088,79.31,38.0,216.86,1.355,10.078,38.41,493.33,3839.5,3089.260009765625,80.26000213623047,21.670000076293945,103.5199966430664,6.0,-0.0754048228263855
2022-12-31,6.59,31.088,79.31,38.0,216.86,1.355,10.078,38.41,493.33,3839.5,3089.260009765625,80.26000213623047,21.670000076293945,103.5199966430664,6.0,-0.07935666292905807
2023-01-01,6.59,31.088,79.31,38.0,216.86,1.355,10.078,38.41,493.33,3839.5,3089.260009765625,80.26000213623047,21.670000076293945,103.5199966430664,8.0,-0.06030823662877083
2023-01-02,6.59,31.088,79.31,38.0,216.86,1.355,10.078,38.41,493.58,3839.5,3089.260009765625,80.26000213623047,21.670000076293945,103.5199966430664,8.0,-0.056708913296461105
2023-01-03,6.42,30.521,77.719,37.92,214.5,1.439,10.257,38.35,485.43,3824.139892578125,3116.510009765625,76.93000030517578,22.899999618530277,104.5199966430664,8.0,-0.042447540909051895
2023-01-04,6.02,31.455,80.167,39.0,223.57,1.425,9.932,37.6,495.4,3852.969970703125,3123.52001953125,72.83999633789062,22.01000022888184,104.25,8.0,-0.042981527745723724
2023-01-05,6.03,31.079,78.828,39.84,218.61,1.451,10.179,38.76,501.1,3808.10009765625,3155.219970703125,73.66999816894531,22.459999084472656,105.04000091552734,8.0,-0.04996143653988838
2023-01-06,6.27,32.663,82.246,42.28,221.64,1.453,10.467,41.62,525.17,3895.080078125,3157.639892578125,73.7699966430664,21.1299991607666,103.87999725341795,8.0,-0.04196706414222717
2023-01-07,6.27,32.663,82.246,42.28,221.64,1.453,10.467,41.62,525.17,3895.080078125,3157.639892578125,73.7699966430664,21.1299991607666,103.87999725341795,8.0,-0.058456387370824814
2023-01-08,6.27,32.663,82.246,42.28,221.64,1.453,10.467,41.62,525.17,3895.080078125,3157.639892578125,73.7699966430664,21.1299991607666,103.87999725341795,8.0,-0.058682072907686234
2023-01-09,6.52,33.173,82.089,42.83,224.0,1.602,10.677,42.8,538.43,3892.090087890625,3176.080078125,74.62999725341797,21.96999931335449,103.0,8.0,-0.04643794894218445
2023-01-10,6.4,32.92,81.425,44.71,223.9,1.591,10.828,41.65,533.27,3919.25,3169.510009765625,75.12000274658203,20.57999992370605,103.23999786376952,8.0,-0.06058693677186966
2023-01-11,6.41,33.467,82.388,45.32,236.56,1.595,10.644,42.08,547.77,3969.610107421875,3161.840087890625,77.41000366210938,21.09000015258789,103.19000244140624,8.0,-0.07526812702417374
2023-01-12,6.54,34.428,84.473,45.1,243.21,1.596,10.856,43.33,561.25,3983.169921875,3163.449951171875,78.38999938964844,18.82999992370605,102.25,8.0,-0.06036121025681496
2023-01-13,6.73,34.629,85.31,45.05,242.23,1.598,10.974,42.79,559.6,3999.090087890625,3195.31005859375,79.86000061035156,18.350000381469727,102.1999969482422,8.0,-0.07746896147727966
2023-01-14,6.73,34.629,85.31,45.05,242.23,1.598,10.974,42.79,559.6,3999.090087890625,3195.31005859375,79.86000061035156,18.350000381469727,102.1999969482422,8.0,-0.08975815773010254
2023-01-15,6.73,34.629,85.31,45.05,242.23,1.598,10.974,42.79,559.6,3999.090087890625,3195.31005859375,79.86000061035156,18.350000381469727,102.1999969482422,8.0,-0.08160063624382019
2023-01-16,6.64,34.554,84.957,45.05,242.23,1.598,11.041,42.48,561.51,3999.090087890625,3227.592041015625,79.86000061035156,18.350000381469727,102.1999969482422,8.0,-0.09278570115566254
2023-01-17,6.7,34.334,84.312,44.15,243.07,1.551,11.042,43.26,558.81,3990.969970703125,3224.239990234375,80.18000030517578,19.36000061035156,102.38999938964844,8.0,-0.09730307012796402
2023-01-18,7.02,34.066,84.673,43.92,243.8,1.569,11.25,44.48,563.1,3928.860107421875,3224.409912109375,79.4800033569336,20.34000015258789,102.36000061035156,8.0,-0.0975273996591568
2023-01-19,6.89,34.324,87.026,44.14,239.11,1.607,11.187,43.31,556.79,3898.85009765625,3240.280029296875,80.33000183105469,20.520000457763672,102.05999755859376,8.0,-0.12153133004903793
2023-01-20,7.03,34.795,88.608,45.41,248.49,1.663,11.53,43.35,575.95,3972.610107421875,3264.81005859375,81.30999755859375,19.850000381469727,102.01000213623048,8.0,-0.13883019983768463
2023-01-21,7.03,34.795,88.608,45.41,248.49,1.663,11.53,43.35,575.95,3972.610107421875,3264.81005859375,81.30999755859375,19.850000381469727,102.01000213623048,8.0,-0.1410193294286728
2023-01-22,7.03,34.795,88.608,45.41,248.49,1.663,11.53,43.35,575.95,3972.610107421875,3264.81005859375,81.30999755859375,19.850000381469727,102.01000213623048,8.0,-0.1712203174829483
2023-01-23,7.05,34.718,88.82,44.95,260.64,1.663,11.53,43.55,591.23,4019.81005859375,3264.81005859375,81.62000274658203,19.809999465942383,102.13999938964844,8.0,-0.1786108762025833
2023-01-24,6.87,35.031,89.807,44.59,264.59,1.663,11.53,43.29,598.13,4016.949951171875,3264.81005859375,80.12999725341797,19.200000762939453,101.91999816894533,8.0,-0.16832217574119568
2023-01-25,6.83,34.97,89.84,46.64,270.98,1.663,11.53,43.75,602.28,4016.219970703125,3264.81005859375,80.1500015258789,19.07999992370605,101.63999938964844,8.0,-0.1605481505393982
2023-01-26,6.72,34.97,89.84,45.45,279.45,1.707,11.53,43.75,605.87,4060.429931640625,3264.81005859375,81.01000213623047,18.729999542236328,101.83999633789062,8.0,-0.16699202358722687
2023-01-27,6.7,35.188,90.187,44.82,281.72,1.717,11.53,43.26,609.61,4070.56005859375,3264.81005859375,79.68000030517578,18.51000022888184,101.93000030517578,8.0,-0.1664612740278244
2023-01-28,6.7,35.188,90.187,44.82,281.72,1.717,11.53,43.26,609.61,4070.56005859375,3264.81005859375,79.68000030517578,18.51000022888184,101.93000030517578,8.0,-0.14395642280578613
2023-01-29,6.7,35.188,90.187,44.82,281.72,1.717,11.53,43.26,609.61,4070.56005859375,3264.81005859375,79.68000030517578,18.51000022888184,101.93000030517578,8.0,-0.13866554200649261
2023-01-30,6.69,34.751,88.605,43.98,271.98,1.629,11.744,42.66,615.54,4017.77001953125,3269.320068359375,77.9000015258789,19.940000534057617,102.27999877929688,8.0,-0.15793476998806
2023-01-31,6.57,34.833,89.332,44.62,281.45,1.645,11.672,41.89,607.4,4076.60009765625,3255.669921875,78.87000274658203,19.399999618530277,102.0999984741211,8.0,-0.1681915819644928
2023-02-01,6.62,35.354,91.635,44.81,285.9,1.709,11.94,41.12,622.01,4119.2099609375,3284.919921875,76.41000366210938,17.8700008392334,101.22000122070312,7.0,-0.14385274052619934
2023-02-02,6.57,34.566,88.754,43.71,290.15,1.665,11.824,40.61,626.81,4179.759765625,3285.669921875,75.87999725341797,18.729999542236328,101.75,7.0,-0.1325150579214096
2023-02-03,6.59,33.149,85.062,43.16,287.23,1.647,11.59,40.37,614.42,4136.47998046875,3263.409912109375,73.38999938964844,18.32999992370605,102.91999816894533,7.0,-0.13250389695167542
2023-02-04,6.59,33.149,85.062,43.16,287.23,1.647,11.59,40.37,614.42,4136.47998046875,3263.409912109375,73.38999938964844,18.32999992370605,102.91999816894533,7.0,-0.12451393902301788
2023-02-05,6.59,33.149,85.062,43.16,287.23,1.647,11.59,40.37,614.42,4136.47998046875,3263.409912109375,73.38999938964844,18.32999992370605,102.91999816894533,7.0,-0.09913467615842819
2023-02-06,6.47,33.166,85.331,42.95,276.81,1.563,11.364,39.51,593.53,4111.080078125,3238.699951171875,74.11000061035156,19.43000030517578,103.62000274658205,7.0,-0.08532428741455078
2023-02-07,6.54,33.405,85.514,43.69,279.34,1.57,11.369,40.01,598.43,4164.0,3248.090087890625,77.13999938964844,18.65999984741211,103.43000030517578,7.0,-0.0763593390583992
2023-02-08,6.51,33.304,85.989,43.02,268.15,1.547,12.059,39.59,602.52,4117.85986328125,3232.110107421875,78.47000122070312,19.6299991607666,103.41000366210938,7.0,-0.0651276707649231
2023-02-09,6.29,33.371,85.89,42.94,267.39,1.549,12.042,39.75,598.49,4081.5,3270.3798828125,78.05999755859375,20.709999084472656,103.22000122070312,7.0,-0.04872889444231987
2023-02-10,6.09,33.197,84.756,42.36,268.29,1.516,11.582,38.18,584.44,4090.4599609375,3260.669921875,79.72000122070312,20.530000686645508,103.62999725341795,7.0,-0.03696837276220322
2023-02-11,6.09,33.197,84.756,42.36,268.29,1.516,11.582,38.18,584.44,4090.4599609375,3260.669921875,79.72000122070312,20.530000686645508,103.62999725341795,7.0,-0.03449980914592743
2023-02-12,6.09,33.197,84.756,42.36,268.29,1.516,11.582,38.18,584.44,4090.4599609375,3260.669921875,79.72000122070312,20.530000686645508,103.62999725341795,7.0,-0.005974832456558943
2023-02-13,6.17,33.341,85.196,42.11,269.93,1.529,11.525,38.51,586.69,4137.2900390625,3284.159912109375,80.13999938964844,20.34000015258789,103.3499984741211,7.0,0.007588117383420467
2023-02-14,6.19,33.332,84.868,42.98,270.7,1.585,11.393,38.36,588.44,4136.1298828125,3293.280029296875,79.05999755859375,18.90999984741211,103.2300033569336,7.0,0.03079802170395851
2023-02-15,6.02,33.093,85.135,42.31,272.79,1.565,11.193,38.03,581.23,4147.60009765625,3280.489990234375,78.58999633789062,18.229999542236328,103.91999816894533,7.0,0.031288761645555496
2023-02-16,6.0,33.087,85.042,42.76,285.62,1.539,10.956,38.37,576.44,4090.409912109375,3249.030029296875,78.48999786376953,20.170000076293945,103.86000061035156,7.0,0.03273974731564522
2023-02-17,6.05,33.019,85.478,41.74,258.01,1.55,10.776,37.89,559.34,4079.090087890625,3224.02001953125,76.33999633789062,20.020000457763672,103.86000061035156,7.0,0.010013988241553307
2023-02-18,6.05,33.019,85.478,41.74,258.01,1.55,10.776,37.89,559.34,4079.090087890625,3224.02001953125,76.33999633789062,20.020000457763672,103.86000061035156,7.0,0.013941464945673943
2023-02-19,6.05,33.019,85.478,41.74,258.01,1.55,10.776,37.89,559.34,4079.090087890625,3224.02001953125,76.33999633789062,20.020000457763672,103.86000061035156,7.0,0.005495873279869556
2023-02-20,6.17,33.462,86.416,41.74,258.01,1.583,10.716,39.41,556.95,4079.090087890625,3290.340087890625,76.33999633789062,20.020000457763672,103.86000061035156,7.0,-0.006624908652156591
2023-02-21,6.01,33.095,86.424,42.66,241.96,1.634,10.757,37.48,563.33,3997.340087890625,3306.52001953125,76.16000366210938,22.8700008392334,104.18000030517578,7.0,-0.007393794599920511
2023-02-22,5.87,32.886,85.384,41.79,246.45,1.619,10.566,36.45,554.39,3991.050048828125,3291.14990234375,73.94999694824219,22.290000915527344,104.58999633789062,7.0,-0.009654846042394638
2023-02-23,5.85,31.782,83.998,40.59,253.85,1.618,10.604,35.46,559.14,4012.320068359375,3287.47998046875,75.38999938964844,21.13999938964844,104.5999984741211,7.0,-0.02129247970879078
2023-02-24,5.75,30.895,79.974,39.89,249.52,1.554,10.497,33.34,554.42,3970.0400390625,3267.159912109375,76.31999969482422,21.670000076293945,105.20999908447266,7.0,-0.018678631633520126
2023-02-25,5.75,30.895,79.974,39.89,249.52,1.554,10.497,33.34,554.42,3970.0400390625,3267.159912109375,76.31999969482422,21.670000076293945,105.20999908447266,7.0,-0.0193245280534029
2023-02-26,5.75,30.895,79.974,39.89,249.52,1.554,10.497,33.34,554.42,3970.0400390625,3267.159912109375,76.31999969482422,21.670000076293945,105.20999908447266,7.0,-0.02832406386733055
2023-02-27,5.88,30.0,77.751,40.11,257.02,1.509,10.504,33.67,551.16,3982.239990234375,3258.030029296875,75.68000030517578,20.950000762939453,104.66999816894533,7.0,-0.009940044023096561
2023-02-28,5.87,30.411,78.536,40.97,254.31,1.508,10.444,34.01,552.54,3970.14990234375,3279.610107421875,77.05000305175781,20.700000762939453,104.87000274658205,7.0,0.0025276094675064087
2023-03-01,6.08,31.249,80.882,43.0,252.64,1.598,10.523,35.17,564.43,3951.389892578125,3312.35009765625,77.69000244140625,20.57999992370605,104.4800033569336,7.0,-0.011730113998055458
2023-03-02,6.01,32.333,83.736,42.82,250.38,1.623,10.345,35.01,548.77,3981.35009765625,3310.64990234375,78.16000366210938,19.59000015258789,105.02999877929688,7.0,-0.01439463347196579
2023-03-03,6.21,32.703,85.568,43.73,259.37,1.618,10.273,35.93,561.42,4045.639892578125,3328.389892578125,79.68000030517578,18.489999771118164,104.5199966430664,7.0,0.0037106499075889587
2023-03-04,6.21,32.703,85.568,43.73,259.37,1.618,10.273,35.93,561.42,4045.639892578125,3328.389892578125,79.68000030517578,18.489999771118164,104.5199966430664,7.0,-0.007607071660459042
2023-03-05,6.21,32.703,85.568,43.73,259.37,1.618,10.273,35.93,561.42,4045.639892578125,3328.389892578125,79.68000030517578,18.489999771118164,104.5199966430664,7.0,0.013263831846415997
2023-03-06,5.95,32.552,84.336,42.73,256.89,1.615,10.32,34.57,554.28,4048.419921875,3322.030029296875,80.45999908447266,18.61000061035156,104.3499984741211,7.0,0.026426248252391815
2023-03-07,5.59,31.548,82.275,40.14,248.9,1.598,10.097,33.08,537.74,3986.3701171875,3285.10009765625,77.58000183105469,19.59000015258789,105.62000274658205,7.0,0.03955996409058571
2023-03-08,5.68,31.369,82.246,40.54,253.25,1.564,10.116,33.46,537.49,3992.010009765625,3283.25,76.66000366210938,19.11000061035156,105.66000366210938,7.0,0.029399046674370766
2023-03-09,5.56,30.703,79.891,39.17,236.75,1.519,10.151,32.91,534.45,3918.320068359375,3276.090087890625,75.72000122070312,22.61000061035156,105.30999755859376,7.0,0.03205482289195061
2023-03-10,5.61,29.603,77.135,37.88,225.13,1.499,10.014,33.18,515.8,3861.590087890625,3230.080078125,76.68000030517578,24.799999237060547,104.58000183105467,7.0,0.022121114656329155
2023-03-11,5.61,29.603,77.135,37.88,225.13,1.499,10.014,33.18,515.8,3861.590087890625,3230.080078125,76.68000030517578,24.799999237060547,104.58000183105467,7.0,0.012924586422741413
2023-03-12,5.61,29.603,77.135,37.88,225.13,1.499,10.014,33.18,515.8,3861.590087890625,3230.080078125,76.68000030517578,24.799999237060547,104.58000183105467,7.0,0.0069084782153368
2023-03-13,5.51,30.541,78.942,37.61,222.99,1.606,9.831,32.6,511.17,3855.760009765625,3268.699951171875,74.80000305175781,26.520000457763672,103.5999984741211,7.0,-0.012018322944641113
2023-03-14,5.53,30.076,78.492,38.04,225.36,1.608,9.844,33.04,501.21,3919.2900390625,3245.31005859375,71.33000183105469,23.729999542236328,103.5999984741211,7.0,-0.04297691211104393
2023-03-15,4.9,30.138,79.082,35.51,214.4,1.582,9.712,30.29,488.72,3891.929931640625,3263.31005859375,67.61000061035156,26.13999938964844,104.6500015258789,7.0,-0.07018706202507019
2023-03-16,5.05,28.872,76.341,36.1,214.61,1.516,9.425,29.44,485.66,3960.280029296875,3226.889892578125,68.3499984741211,22.989999771118164,104.41999816894533,7.0,-0.1008526161313057
2023-03-17,5.19,29.05,76.859,36.23,208.49,1.534,9.569,29.91,488.91,3916.639892578125,3250.550048828125,66.73999786376953,25.51000022888184,103.70999908447266,7.0,-0.12179430574178696
2023-03-18,5.19,29.05,76.859,36.23,208.49,1.534,9.569,29.91,488.91,3916.639892578125,3250.550048828125,66.73999786376953,25.51000022888184,103.70999908447266,7.0,-0.1422436237335205
2023-03-19,5.19,29.05,76.859,36.23,208.49,1.534,9.569,29.91,488.91,3916.639892578125,3250.550048828125,66.73999786376953,25.51000022888184,103.70999908447266,7.0,-0.16673114895820618
2023-03-20,5.44,28.861,76.578,37.45,213.2,1.597,9.743,31.62,483.65,3951.570068359375,3234.909912109375,67.63999938964844,24.149999618530277,103.27999877929688,7.0,-0.19734205305576324
2023-03-21,5.4,29.026,76.749,38.26,222.93,1.586,9.93,31.17,490.83,4002.8701171875,3255.64990234375,69.33000183105469,21.3799991607666,103.26000213623048,7.0,-0.23034150898456573
2023-03-22,5.44,29.294,77.144,37.84,216.11,1.578,9.888,31.33,490.87,3936.969970703125,3265.75,70.9000015258789,22.26000022888184,102.3499984741211,7.0,-0.24818488955497742
2023-03-23,5.47,29.078,76.306,37.79,215.64,1.664,9.978,31.17,485.0,3948.719970703125,3286.64990234375,69.95999908447266,22.61000061035156,102.52999877929688,7.0,-0.25614941120147705
2023-03-24,5.34,28.999,76.039,38.01,217.79,1.631,9.835,30.45,485.47,3970.989990234375,3265.64990234375,69.26000213623047,21.739999771118164,103.12000274658205,7.0,-0.2595627009868622
2023-03-25,5.34,28.999,76.039,38.01,217.79,1.631,9.835,30.45,485.47,3970.989990234375,3265.64990234375,69.26000213623047,21.739999771118164,103.12000274658205,7.0,-0.26715168356895447
2023-03-26,5.34,28.999,76.039,38.01,217.79,1.631,9.835,30.45,485.47,3970.989990234375,3265.64990234375,69.26000213623047,21.739999771118164,103.12000274658205,7.0,-0.26690149307250977
2023-03-27,5.44,28.956,75.632,37.98,218.88,1.605,9.841,30.59,484.64,3977.530029296875,3251.39990234375,72.80999755859375,20.600000381469727,102.86000061035156,7.0,-0.29595258831977844
2023-03-28,5.58,29.788,76.778,38.37,218.16,1.641,9.637,31.08,517.93,3971.27001953125,3245.3798828125,73.19999694824219,19.96999931335449,102.43000030517578,7.0,-0.32501786947250366
2023-03-29,5.65,30.073,76.975,39.44,224.46,1.638,9.747,31.81,521.46,4027.81005859375,3240.06005859375,72.97000122070312,19.1200008392334,102.63999938964844,7.0,-0.3338128924369812
2023-03-30,5.7,30.906,78.64,40.2,222.44,1.659,9.722,32.65,527.7,4050.830078125,3261.25,74.37000274658203,19.020000457763672,102.13999938964844,7.0,-0.3414950370788574
2023-03-31,5.65,31.573,80.314,40.91,221.04,1.671,9.679,32.4,527.21,4109.31005859375,3272.860107421875,75.66999816894531,18.700000762939453,102.51000213623048,7.0,-0.3173385560512543
2023-04-01,5.65,31.573,80.314,40.91,221.04,1.671,9.679,32.4,527.21,4109.31005859375,3272.860107421875,75.66999816894531,18.700000762939453,102.51000213623048,9.0,-0.2900722026824951
2023-04-02,5.65,31.573,80.314,40.91,221.04,1.671,9.679,32.4,527.21,4109.31005859375,3272.860107421875,75.66999816894531,18.700000762939453,102.51000213623048,9.0,-0.28723081946372986
2023-04-03,5.54,31.869,80.606,41.2,218.43,1.623,9.937,32.6,531.32,4124.509765625,3296.39990234375,80.41999816894531,18.549999237060547,102.08999633789062,9.0,-0.27842748165130615
2023-04-04,5.67,31.014,79.486,40.26,209.57,1.636,9.573,32.3,518.15,4100.60009765625,3312.56005859375,80.70999908447266,19.0,101.58999633789062,9.0,-0.2619040310382843
2023-04-05,5.61,30.392,78.352,40.32,196.71,1.636,9.573,31.9,511.77,4090.3798828125,3312.56005859375,80.61000061035156,19.07999992370605,101.8499984741211,9.0,-0.2630254924297333
2023-04-06,5.61,30.053,77.59,40.29,194.68,1.722,9.347,31.73,505.73,4105.02001953125,3312.6298828125,80.69999694824219,18.399999618530277,101.81999969482422,9.0,-0.25793638825416565
2023-04-07,5.61,30.053,77.59,40.29,194.68,1.722,9.347,31.73,505.73,4105.02001953125,3327.64990234375,80.69999694824219,18.399999618530277,101.81999969482422,9.0,-0.2529756724834442
2023-04-08,5.61,30.053,77.59,40.29,194.68,1.722,9.347,31.73,505.73,4105.02001953125,3327.64990234375,80.69999694824219,18.399999618530277,101.81999969482422,9.0,-0.21932941675186157
2023-04-09,5.61,30.053,77.59,40.29,194.68,1.722,9.347,31.73,505.73,4105.02001953125,3327.64990234375,80.69999694824219,18.399999618530277,101.81999969482422,9.0,-0.22348672151565552
2023-04-10,5.61,30.053,77.59,40.29,194.68,1.722,9.347,31.73,504.9,4109.10986328125,3315.360107421875,79.73999786376953,18.96999931335449,102.58000183105467,9.0,-0.2163015604019165
2023-04-11,5.78,30.577,78.829,41.13,201.71,1.791,9.72,33.02,519.39,4108.93994140625,3313.570068359375,81.52999877929688,19.100000381469727,102.1999969482422,9.0,-0.21782156825065613
2023-04-12,5.95,31.327,81.426,41.12,201.7,1.796,9.594,32.76,519.12,4091.949951171875,3327.179931640625,83.26000213623047,19.09000015258789,101.5,9.0,-0.21255914866924286
2023-04-13,6.02,31.464,81.955,42.95,203.01,1.801,9.492,33.24,526.4,4146.22021484375,3318.360107421875,82.16000366210938,17.799999237060547,101.01000213623048,9.0,-0.2043432891368866
2023-04-14,6.02,31.159,81.127,43.16,204.0,1.853,10.042,32.59,535.18,4137.64013671875,3338.14990234375,82.5199966430664,17.06999969482422,101.5500030517578,9.0,-0.19794729351997375
2023-04-15,6.02,31.159,81.127,43.16,204.0,1.853,10.042,32.59,535.18,4137.64013671875,3338.14990234375,82.5199966430664,17.06999969482422,101.5500030517578,9.0,-0.19088120758533478
2023-04-16,6.02,31.159,81.127,43.16,204.0,1.853,10.042,32.59,535.18,4137.64013671875,3338.14990234375,82.5199966430664,17.06999969482422,101.5500030517578,9.0,-0.1642245352268219
2023-04-17,5.96,31.229,81.238,42.12,205.9,1.832,10.073,32.91,539.15,4151.31982421875,3385.610107421875,80.83000183105469,16.950000762939453,102.0999984741211,9.0,-0.1769409328699112
2023-04-18,6.1,31.311,81.901,42.96,205.27,1.829,10.197,34.12,541.59,4154.8701171875,3393.330078125,80.86000061035156,16.829999923706055,101.75,9.0,-0.16566216945648193
2023-04-19,6.06,31.732,82.697,41.89,203.78,1.819,10.15,33.69,538.19,4154.52001953125,3370.1298828125,79.16000366210938,16.459999084472656,101.97000122070312,9.0,-0.1674824208021164
2023-04-20,6.16,31.044,81.102,41.36,193.05,1.784,9.908,33.13,523.63,4129.7900390625,3367.030029296875,77.29000091552734,17.170000076293945,101.83999633789062,9.0,-0.15872205793857574
2023-04-21,6.01,30.118,78.273,39.66,173.75,1.72,9.687,31.12,515.74,4133.52001953125,3301.260009765625,77.87000274658203,16.770000457763672,101.81999969482422,9.0,-0.17720143496990204
2023-04-22,6.01,30.118,78.273,39.66,173.75,1.72,9.687,31.12,515.74,4133.52001953125,3301.260009765625,77.87000274658203,16.770000457763672,101.81999969482422,9.0,-0.18417878448963165
2023-04-23,6.01,30.118,78.273,39.66,173.75,1.72,9.687,31.12,515.74,4133.52001953125,3301.260009765625,77.87000274658203,16.770000457763672,101.81999969482422,9.0,-0.18614748120307922
2023-04-24,5.98,29.576,75.785,39.53,183.96,1.677,9.836,30.76,517.02,4137.0400390625,3275.409912109375,78.76000213623047,16.889999389648438,101.3499984741211,9.0,-0.1737426072359085
2023-04-25,5.74,29.576,75.785,37.75,176.66,1.661,8.954,29.53,501.81,4071.6298828125,3264.8701171875,77.06999969482422,18.76000022888184,101.86000061035156,9.0,-0.18504640460014343
2023-04-26,5.92,29.031,73.858,37.28,181.2,1.654,9.22,29.67,503.01,4055.989990234375,3264.10009765625,74.30000305175781,18.84000015258789,101.47000122070312,9.0,-0.20349159836769104
2023-04-27,5.82,29.386,74.357,37.47,186.0,1.679,9.489,29.73,502.52,4135.35009765625,3285.8798828125,74.76000213623047,17.030000686645508,101.5,9.0,-0.21096254885196686
2023-04-28,5.81,29.335,74.164,37.91,185.46,1.684,9.404,30.15,512.48,4169.47998046875,3323.27001953125,76.77999877929688,15.779999732971191,101.66999816894533,9.0,-0.22108010947704315
2023-04-29,5.81,29.335,74.164,37.91,185.46,1.684,9.404,30.15,512.48,4169.47998046875,3323.27001953125,76.77999877929688,15.779999732971191,101.66999816894533,9.0,-0.2485314905643463
2023-04-30,5.81,29.335,74.164,37.91,185.46,1.684,9.404,30.15,512.48,4169.47998046875,3323.27001953125,76.77999877929688,15.779999732971191,101.66999816894533,9.0,-0.2540662884712219
2023-05-01,5.81,29.335,74.164,37.91,185.46,1.684,9.404,30.15,507.31,4167.8701171875,3323.27001953125,75.66000366210938,16.079999923706055,102.1500015258789,7.0,-0.2445528656244278
2023-05-02,5.66,29.062,74.03,36.6,173.4,1.702,9.404,28.98,507.22,4119.580078125,3323.27001953125,71.66000366210938,17.780000686645508,101.95999908447266,7.0,-0.25684747099876404
2023-05-03,5.73,28.857,72.539,36.33,172.91,1.735,9.404,29.74,510.37,4090.75,3323.27001953125,68.5999984741211,18.34000015258789,101.33999633789062,7.0,-0.2639734148979187
2023-05-04,5.38,29.429,73.717,35.22,175.65,1.743,9.373,29.31,509.58,4061.219970703125,3350.4599609375,68.55999755859375,20.09000015258789,101.4000015258789,7.0,-0.2681479752063751
2023-05-05,5.53,29.725,73.803,36.47,179.7,1.736,9.252,30.34,522.11,4136.25,3334.5,71.33999633789062,17.190000534057617,101.20999908447266,7.0,-0.2879277169704437
2023-05-06,5.53,29.725,73.803,36.47,179.7,1.736,9.252,30.34,522.11,4136.25,3334.5,71.33999633789062,17.190000534057617,101.20999908447266,7.0,-0.2762209177017212
2023-05-07,5.53,29.725,73.803,36.47,179.7,1.736,9.252,30.34,522.11,4136.25,3334.5,71.33999633789062,17.190000534057617,101.20999908447266,7.0,-0.2769317030906677
2023-05-08,5.53,29.725,73.803,36.47,179.7,1.736,9.252,30.34,537.23,4138.1201171875,3395.0,73.16000366210938,16.979999542236328,101.37000274658205,7.0,-0.3001902997493744
2023-05-09,5.55,30.062,75.333,36.66,195.17,1.658,9.085,30.29,537.78,4119.169921875,3357.669921875,73.70999908447266,17.709999084472656,101.63999938964844,7.0,-0.31504184007644653
2023-05-10,5.54,30.128,75.182,36.24,194.51,1.627,9.345,30.27,544.74,4137.64013671875,3319.14990234375,72.55999755859375,16.940000534057617,101.4800033569336,7.0,-0.3360300064086914
2023-05-11,5.27,29.484,73.048,34.54,198.52,1.585,9.465,28.81,551.22,4130.6201171875,3309.550048828125,70.87000274658203,16.93000030517578,102.05999755859376,7.0,-0.34583863615989685
2023-05-12,5.31,28.897,71.75,34.99,195.79,1.449,9.285,28.56,548.71,4124.080078125,3272.360107421875,70.04000091552734,17.030000686645508,102.68000030517578,7.0,-0.3681415915489197
2023-05-13,5.31,28.897,71.75,34.99,195.79,1.449,9.285,28.56,548.71,4124.080078125,3272.360107421875,70.04000091552734,17.030000686645508,102.68000030517578,7.0,-0.3682507276535034
2023-05-14,5.31,28.897,71.75,34.99,195.79,1.449,9.285,28.56,548.71,4124.080078125,3272.360107421875,70.04000091552734,17.030000686645508,102.68000030517578,7.0,-0.35550761222839355
2023-05-15,5.4,29.371,72.981,36.13,203.75,1.477,10.098,29.25,557.11,4136.27978515625,3310.739990234375,71.11000061035156,17.1200008392334,102.43000030517578,7.0,-0.36654001474380493
2023-05-16,5.32,29.335,72.386,35.25,205.67,1.495,9.899,28.97,551.44,4109.89990234375,3290.989990234375,70.86000061035156,17.989999771118164,102.55999755859376,7.0,-0.3531891405582428
2023-05-17,5.37,29.113,72.204,35.82,207.99,1.453,9.717,29.03,550.39,4158.77001953125,3284.22998046875,72.83000183105469,16.8700008392334,102.87999725341795,7.0,-0.3517773151397705
2023-05-18,5.32,29.274,72.774,35.68,210.14,1.457,9.657,28.34,554.81,4198.0498046875,3297.320068359375,71.86000061035156,16.049999237060547,103.58000183105467,7.0,-0.35252416133880615
2023-05-19,5.33,29.366,72.764,35.73,204.15,1.448,9.565,28.69,551.53,4191.97998046875,3283.5400390625,71.55000305175781,16.809999465942383,103.1999969482422,7.0,-0.3423308730125427
2023-05-20,5.33,29.366,72.764,35.73,204.15,1.448,9.565,28.69,551.53,4191.97998046875,3283.5400390625,71.55000305175781,16.809999465942383,103.1999969482422,7.0,-0.34128981828689575
2023-05-21,5.33,29.366,72.764,35.73,204.15,1.448,9.565,28.69,551.53,4191.97998046875,3283.5400390625,71.55000305175781,16.809999465942383,103.1999969482422,7.0,-0.3447204828262329
2023-05-22,5.33,29.406,72.677,35.62,206.5,1.438,9.508,28.86,546.62,4192.6298828125,3296.469970703125,71.98999786376953,17.209999084472656,103.1999969482422,7.0,-0.3599586486816406
2023-05-23,5.23,28.947,72.289,34.68,216.07,1.411,9.298,28.56,542.46,4145.580078125,3246.239990234375,72.91000366210938,18.530000686645508,103.48999786376952,7.0,-0.3575342297554016
2023-05-24,5.11,28.017,70.049,33.21,212.23,1.42,9.082,27.63,533.76,4115.240234375,3204.75,74.33999633789062,20.030000686645508,103.88999938964844,7.0,-0.3696570098400116
2023-05-25,5.06,27.423,68.573,33.63,204.97,1.381,8.929,27.4,526.25,4151.27978515625,3201.260009765625,71.83000183105469,19.13999938964844,104.20999908447266,7.0,-0.3738214075565338
2023-05-26,5.14,27.86,70.234,34.77,203.99,1.381,8.714,28.07,524.72,4205.4501953125,3212.5,72.66999816894531,17.950000762939453,104.20999908447266,7.0,-0.3889675736427307
2023-05-27,5.14,27.86,70.234,34.77,203.99,1.381,8.714,28.07,524.72,4205.4501953125,3212.5,72.66999816894531,17.950000762939453,104.20999908447266,7.0,-0.3886863589286804
2023-05-28,5.14,27.86,70.234,34.77,203.99,1.381,8.714,28.07,524.72,4205.4501953125,3212.5,72.66999816894531,17.950000762939453,104.20999908447266,7.0,-0.39065873622894287
2023-05-29,5.14,27.86,70.234,34.77,203.99,1.381,8.714,28.07,527.78,4205.4501953125,3221.449951171875,72.66999816894531,17.950000762939453,104.20999908447266,7.0,-0.4120945334434509
2023-05-30,5.1,28.342,71.231,34.23,201.86,1.351,8.771,27.58,522.57,4205.52001953125,3224.2099609375,69.45999908447266,17.459999084472656,104.16999816894533,7.0,-0.4194166362285614
2023-05-31,5.04,27.313,69.55,34.34,193.53,1.356,8.719,27.13,513.18,4179.830078125,3204.56005859375,68.08999633789062,17.940000534057617,104.31999969482422,7.0,-0.4288753569126129
2023-06-01,5.15,27.64,70.575,35.47,195.54,1.384,8.755,28.25,518.09,4221.02001953125,3204.6298828125,70.0999984741211,15.649999618530272,103.55999755859376,6.0,-0.4033368229866028
2023-06-02,5.32,28.593,72.82,37.19,208.36,1.46,9.064,29.53,538.56,4282.3701171875,3230.070068359375,71.73999786376953,14.600000381469728,104.0199966430664,6.0,-0.4073992371559143
2023-06-03,5.32,28.593,72.82,37.19,208.36,1.46,9.064,29.53,538.56,4282.3701171875,3230.070068359375,71.73999786376953,14.600000381469728,104.0199966430664,6.0,-0.40437179803848267
2023-06-04,5.32,28.593,72.82,37.19,208.36,1.46,9.064,29.53,538.56,4282.3701171875,3230.070068359375,71.73999786376953,14.600000381469728,104.0199966430664,6.0,-0.3944993317127228
2023-06-05,5.27,29.106,73.817,37.04,206.17,1.442,9.106,29.46,541.83,4273.7900390625,3232.43994140625,72.1500015258789,14.729999542236328,104.0,6.0,-0.3750406801700592
2023-06-06,5.28,29.077,74.246,37.74,213.11,1.454,8.879,29.91,543.31,4283.85009765625,3195.340087890625,71.73999786376953,13.960000038146973,104.12999725341795,6.0,-0.3789891004562378
2023-06-07,5.36,29.007,74.234,37.57,218.82,1.459,8.739,29.96,544.06,4267.52001953125,3197.760009765625,72.52999877929688,13.9399995803833,104.0999984741211,6.0,-0.38055431842803955
2023-06-08,5.4,29.633,76.551,37.84,219.62,1.468,8.888,30.29,545.03,4293.93017578125,3213.590087890625,71.29000091552734,13.649999618530272,103.33999633789062,6.0,-0.37793153524398804
2023-06-09,5.39,30.137,77.215,37.89,220.5,1.482,8.967,30.29,548.12,4298.85986328125,3231.409912109375,70.16999816894531,13.829999923706056,103.55999755859376,6.0,-0.38478532433509827
2023-06-10,5.39,30.137,77.215,37.89,220.5,1.482,8.967,30.29,548.12,4298.85986328125,3231.409912109375,70.16999816894531,13.829999923706056,103.55999755859376,6.0,-0.3634333312511444
2023-06-11,5.39,30.137,77.215,37.89,220.5,1.482,8.967,30.29,548.12,4298.85986328125,3231.409912109375,70.16999816894531,13.829999923706056,103.55999755859376,6.0,-0.3345952332019806
2023-06-12,5.39,30.137,77.215,37.82,218.55,1.478,8.832,29.66,545.84,4338.93017578125,3228.830078125,67.12000274658203,15.010000228881836,103.62999725341795,6.0,-0.3092118203639984
2023-06-13,5.72,29.967,76.375,39.82,228.85,1.483,8.82,30.72,552.49,4369.009765625,3233.669921875,69.41999816894531,14.609999656677246,103.33999633789062,6.0,-0.3032800853252411
2023-06-14,5.87,31.18,78.901,40.06,226.8,1.509,8.777,32.07,555.09,4372.58984375,3228.989990234375,68.2699966430664,13.880000114440918,103.01000213623048,6.0,-0.2783510386943817
2023-06-15,5.98,31.843,81.071,40.08,230.91,1.532,9.13,32.35,557.08,4425.83984375,3252.97998046875,70.62000274658203,14.5,102.12000274658205,6.0,-0.2706572115421295
2023-06-16,5.9,31.923,81.149,39.89,228.17,1.576,9.166,32.0,565.09,4409.58984375,3273.330078125,71.77999877929688,13.539999961853027,102.3000030517578,6.0,-0.26476892828941345
2023-06-17,5.9,31.923,81.149,39.89,228.17,1.576,9.166,32.0,565.09,4409.58984375,3273.330078125,71.77999877929688,13.539999961853027,102.3000030517578,6.0,-0.25191208720207214
2023-06-18,5.9,31.923,81.149,39.89,228.17,1.576,9.166,32.0,565.09,4409.58984375,3273.330078125,71.77999877929688,13.539999961853027,102.3000030517578,6.0,-0.21854902803897858
2023-06-19,5.79,31.574,79.88,39.89,228.17,1.548,8.93,31.17,554.75,4409.58984375,3255.81005859375,71.77999877929688,13.539999961853027,102.3000030517578,6.0,-0.21075502038002014
2023-06-20,5.67,31.69,79.632,39.4,232.22,1.531,8.819,29.85,551.25,4388.7099609375,3240.360107421875,70.5,13.880000114440918,102.54000091552734,6.0,-0.22498071193695068
2023-06-21,5.69,31.411,78.691,39.77,230.38,1.52,8.66,29.26,548.29,4365.68994140625,3197.89990234375,72.52999877929688,13.199999809265137,102.06999969482422,6.0,-0.25026747584342957
2023-06-22,5.6,30.479,77.27,39.72,226.0,1.52,8.66,29.14,543.12,4381.89013671875,3197.89990234375,69.51000213623047,12.90999984741211,102.38999938964844,6.0,-0.24493806064128876
2023-06-23,5.42,29.779,75.537,38.37,220.18,1.507,8.66,28.03,533.12,4348.330078125,3197.89990234375,69.16000366210938,13.4399995803833,102.9000015258789,6.0,-0.24356397986412048
2023-06-24,5.42,29.779,75.537,38.37,220.18,1.507,8.66,28.03,533.12,4348.330078125,3197.89990234375,69.16000366210938,13.4399995803833,102.9000015258789,6.0,-0.2383272647857666
2023-06-25,5.42,29.779,75.537,38.37,220.18,1.507,8.66,28.03,533.12,4348.330078125,3197.89990234375,69.16000366210938,13.4399995803833,102.9000015258789,6.0,-0.21124166250228882
2023-06-26,5.48,29.648,75.198,39.27,225.22,1.494,8.454,28.37,530.37,4328.81982421875,3150.6201171875,69.37000274658203,14.25,102.69000244140624,6.0,-0.20432914793491364
2023-06-27,5.53,30.152,76.625,40.41,227.07,1.519,8.508,28.51,534.85,4378.41015625,3189.43994140625,67.69999694824219,13.739999771118164,102.48999786376952,6.0,-0.18373718857765198
2023-06-28,5.41,29.973,76.41,39.22,217.0,1.509,8.38,27.74,528.82,4376.85986328125,3189.3798828125,69.55999755859375,13.43000030517578,102.91000366210938,6.0,-0.17911092936992645
2023-06-29,5.45,29.73,75.704,39.35,218.98,1.472,8.238,27.64,530.04,4396.43994140625,3182.3798828125,69.86000061035156,13.539999961853027,103.33999633789062,6.0,-0.1643320769071579
2023-06-30,5.57,29.99,76.452,40.0,223.09,1.468,8.407,27.83,536.94,4450.3798828125,3202.06005859375,70.63999938964844,13.59000015258789,102.91000366210938,6.0,-0.13971489667892456
2023-07-01,5.57,29.99,76.452,40.0,223.09,1.468,8.407,27.83,536.94,4450.3798828125,3202.06005859375,70.63999938964844,13.59000015258789,102.91000366210938,7.0,-0.12099909037351608
2023-07-02,5.57,29.99,76.452,40.0,223.09,1.468,8.407,27.83,536.94,4450.3798828125,3202.06005859375,70.63999938964844,13.59000015258789,102.91000366210938,7.0,-0.08503062278032303
2023-07-03,5.74,30.188,77.032,40.76,229.26,1.534,8.479,29.0,546.22,4455.58984375,3243.97998046875,69.79000091552734,13.56999969482422,102.98999786376952,7.0,-0.0803319662809372
2023-07-04,5.76,30.243,76.378,40.76,229.26,1.53,8.576,29.08,549.62,4455.58984375,3245.35009765625,69.79000091552734,13.56999969482422,102.98999786376952,7.0,-0.05955476686358452
2023-07-05,5.73,29.943,75.955,39.18,229.02,1.534,8.554,28.27,556.0,4446.81982421875,3222.949951171875,71.79000091552734,14.18000030517578,103.37000274658205,7.0,-0.0626453161239624
2023-07-06,5.43,29.13,74.584,37.91,227.57,1.486,8.4,27.1,541.28,4411.58984375,3205.570068359375,71.80000305175781,15.4399995803833,103.16999816894533,7.0,-0.0730702131986618
2023-07-07,5.52,28.892,74.738,38.64,237.52,1.464,8.434,27.71,540.62,4398.9501953125,3196.610107421875,73.86000061035156,14.829999923706056,102.2699966430664,7.0,-0.05758293345570564
2023-07-08,5.52,28.892,74.738,38.64,237.52,1.464,8.434,27.71,540.62,4398.9501953125,3196.610107421875,73.86000061035156,14.829999923706056,102.2699966430664,7.0,-0.037539463490247726
2023-07-09,5.52,28.892,74.738,38.64,237.52,1.464,8.434,27.71,540.62,4398.9501953125,3196.610107421875,73.86000061035156,14.829999923706056,102.2699966430664,7.0,-0.043996211141347885
2023-07-10,5.49,28.516,73.745,38.98,239.86,1.461,8.596,27.68,545.39,4409.52978515625,3203.699951171875,72.98999786376953,15.06999969482422,101.97000122070312,7.0,-0.05178996920585632
2023-07-11,5.57,28.97,74.823,39.71,239.09,1.508,8.631,28.28,553.7,4439.259765625,3221.3701171875,74.83000183105469,14.84000015258789,101.7300033569336,7.0,-0.054087426513433456
2023-07-12,5.87,29.91,77.202,40.72,243.44,1.531,8.496,29.62,557.45,4472.16015625,3196.1298828125,75.75,13.539999961853027,100.5199966430664,7.0,-0.040647953748703
2023-07-13,6.08,30.806,80.716,42.08,241.67,1.613,8.554,30.47,567.22,4510.0400390625,3236.47998046875,76.88999938964844,13.609999656677246,99.7699966430664,7.0,-0.04357188194990158
2023-07-14,6.02,31.122,81.374,41.08,235.27,1.638,8.568,30.15,562.37,4505.419921875,3237.699951171875,75.41999816894531,13.34000015258789,99.91000366210938,7.0,-0.04609646648168564
2023-07-15,6.02,31.122,81.374,41.08,235.27,1.638,8.568,30.15,562.37,4505.419921875,3237.699951171875,75.41999816894531,13.34000015258789,99.91000366210938,7.0,-0.05160641670227051
2023-07-16,6.02,31.122,81.374,41.08,235.27,1.638,8.568,30.15,562.37,4505.419921875,3237.699951171875,75.41999816894531,13.34000015258789,99.91000366210938,7.0,-0.032361242920160294
2023-07-17,5.84,30.845,80.315,40.46,237.66,1.638,8.445,29.37,555.0,4522.7900390625,3209.6298828125,74.1500015258789,13.479999542236328,99.83999633789062,7.0,-0.014723028056323528
2023-07-18,5.83,30.54,79.642,40.41,237.03,1.62,8.372,29.55,556.83,4554.97998046875,3197.820068359375,75.75,13.300000190734863,99.94000244140624,7.0,-0.00862886756658554
2023-07-19,5.78,30.259,78.585,40.67,232.52,1.619,8.272,29.23,548.86,4565.72021484375,3198.840087890625,75.3499984741211,13.760000228881836,100.27999877929688,7.0,-0.010618949308991432
2023-07-20,5.99,30.248,78.928,41.89,223.11,1.63,8.351,30.04,549.88,4534.8701171875,3169.52001953125,75.62999725341797,13.989999771118164,100.87999725341795,7.0,-0.013656387105584145
2023-07-21,5.99,30.285,78.558,40.61,215.99,1.63,8.132,30.13,537.08,4536.33984375,3167.75,77.06999969482422,13.600000381469728,101.06999969482422,7.0,-0.006042466498911381
2023-07-22,5.99,30.285,78.558,40.61,215.99,1.63,8.132,30.13,537.08,4536.33984375,3167.75,77.06999969482422,13.600000381469728,101.06999969482422,7.0,0.010188709013164043
2023-07-23,5.99,30.285,78.558,40.61,215.99,1.63,8.132,30.13,537.08,4536.33984375,3167.75,77.06999969482422,13.600000381469728,101.06999969482422,7.0,0.004353077616542578
2023-07-24,6.05,29.881,77.667,42.1,210.8,1.597,7.718,30.09,520.83,4554.64013671875,3164.159912109375,78.73999786376953,13.90999984741211,101.3499984741211,7.0,-0.004710088018327951
2023-07-25,6.13,31.107,80.911,43.69,212.51,1.682,8.147,31.71,535.96,4567.4599609375,3231.52001953125,79.62999725341797,13.859999656677246,101.3499984741211,7.0,-0.0172821544110775
2023-07-26,5.99,31.672,81.619,43.41,210.02,1.728,8.193,31.1,536.82,4566.75,3223.030029296875,78.77999877929688,13.1899995803833,100.88999938964844,7.0,-0.03973601385951042
2023-07-27,5.92,30.968,78.997,43.29,205.95,1.707,8.082,30.46,522.43,4537.41015625,3216.669921875,80.08999633789062,14.40999984741211,101.7699966430664,7.0,-0.04046912118792534
2023-07-28,5.91,30.452,77.541,43.63,208.05,1.662,8.263,30.04,524.76,4582.22998046875,3275.929931640625,80.58000183105469,13.329999923706056,101.62000274658205,7.0,-0.0341775007545948
2023-07-29,5.91,30.452,77.541,43.63,208.05,1.662,8.263,30.04,524.76,4582.22998046875,3275.929931640625,80.58000183105469,13.329999923706056,101.62000274658205,7.0,-0.044796887785196304
2023-07-30,5.91,30.452,77.541,43.63,208.05,1.662,8.263,30.04,524.76,4582.22998046875,3275.929931640625,80.58000183105469,13.329999923706056,101.62000274658205,7.0,-0.028703562915325165
2023-07-31,5.99,30.919,78.671,44.65,212.28,1.713,8.377,30.15,525.64,4588.9599609375,3291.0400390625,81.80000305175781,13.630000114440918,101.86000061035156,7.0,-0.03467205539345741
2023-08-01,5.93,30.655,77.263,43.75,207.99,1.709,8.261,29.36,521.35,4576.72998046875,3290.948974609375,81.37000274658203,13.93000030517578,102.3000030517578,6.0,-0.0500887967646122
2023-08-02,5.79,29.977,75.723,42.57,202.89,1.664,8.148,28.09,511.55,4513.39013671875,3261.68994140625,79.48999786376953,16.09000015258789,102.58999633789062,6.0,-0.08460032939910889
2023-08-03,5.79,29.687,74.614,43.05,199.35,1.629,8.151,28.06,510.54,4501.89013671875,3280.462890625,81.55000305175781,15.920000076293944,102.54000091552734,6.0,-0.08292479068040848
2023-08-04,5.82,30.086,75.432,42.51,200.09,1.652,8.126,28.04,516.38,4478.02978515625,3288.083984375,82.81999969482422,17.100000381469727,102.0199966430664,6.0,-0.08326803147792816
2023-08-05,5.82,30.086,75.432,42.51,200.09,1.652,8.126,28.04,516.38,4478.02978515625,3288.083984375,82.81999969482422,17.100000381469727,102.0199966430664,6.0,-0.06747410446405411
2023-08-06,5.82,30.086,75.432,42.51,200.09,1.652,8.126,28.04,516.38,4478.02978515625,3288.083984375,82.81999969482422,17.100000381469727,102.0199966430664,6.0,-0.05230477824807167
2023-08-07,5.75,29.949,74.881,42.29,196.75,1.64,8.077,27.6,515.4,4518.43994140625,3268.8310546875,81.94000244140625,15.770000457763672,102.0500030517578,6.0,-0.04392986744642258
2023-08-08,5.59,29.653,74.237,42.69,195.65,1.653,7.996,26.96,510.12,4499.3798828125,3260.6201171875,82.91999816894531,15.989999771118164,102.52999877929688,6.0,-0.060462143272161484
2023-08-09,5.7,29.693,73.646,42.43,194.22,1.655,7.928,26.95,509.53,4467.7099609375,3244.489990234375,84.4000015258789,15.960000038146973,102.48999786376952,6.0,-0.063982754945755
2023-08-10,5.68,29.817,71.415,42.38,191.67,1.647,7.962,27.27,513.43,4468.830078125,3254.56005859375,82.81999969482422,15.850000381469728,102.5199966430664,6.0,-0.05982844531536102
2023-08-11,5.56,29.715,70.828,41.42,187.49,1.614,7.752,26.78,504.18,4464.0498046875,3189.25,83.19000244140625,14.84000015258789,102.83999633789062,6.0,-0.05925200507044792
2023-08-12,5.56,29.715,70.828,41.42,187.49,1.614,7.752,26.78,504.18,4464.0498046875,3189.25,83.19000244140625,14.84000015258789,102.83999633789062,6.0,-0.07522155344486237
2023-08-13,5.56,29.715,70.828,41.42,187.49,1.614,7.752,26.78,504.18,4464.0498046875,3189.25,83.19000244140625,14.84000015258789,102.83999633789062,6.0,-0.07308945059776306
2023-08-14,5.42,29.016,69.068,41.21,185.54,1.591,7.386,25.8,492.17,4489.72021484375,3178.429931640625,82.51000213623047,14.81999969482422,103.19000244140624,6.0,-0.07176326215267181
2023-08-15,5.25,28.798,68.445,39.85,184.04,1.57,7.244,25.23,482.62,4437.85986328125,3176.179931640625,80.98999786376953,16.459999084472656,103.20999908447266,6.0,-0.07832840830087662
2023-08-16,5.26,27.69,66.574,39.01,181.53,1.548,7.079,25.3,476.18,4404.330078125,3150.1298828125,79.37999725341797,16.780000686645508,103.41999816894533,6.0,-0.08468396216630936
2023-08-17,5.32,27.603,67.084,39.62,182.68,1.556,7.07,25.11,470.77,4370.35986328125,3163.739990234375,80.38999938964844,17.889999389648438,103.44000244140624,6.0,-0.08341798186302185
2023-08-18,5.22,27.97,67.663,38.84,183.39,1.524,6.868,24.63,465.96,4369.7099609375,3131.949951171875,81.25,17.299999237060547,103.37999725341795,6.0,-0.08702516555786133
2023-08-19,5.22,27.97,67.663,38.84,183.39,1.524,6.868,24.63,465.96,4369.7099609375,3131.949951171875,81.25,17.299999237060547,103.37999725341795,6.0,-0.06697075814008713
2023-08-20,5.22,27.97,67.663,38.84,183.39,1.524,6.868,24.63,465.96,4369.7099609375,3131.949951171875,81.25,17.299999237060547,103.37999725341795,6.0,-0.04703902080655098
2023-08-21,5.28,27.905,67.211,38.73,188.07,1.5,6.736,24.65,468.69,4399.77001953125,3092.97998046875,80.72000122070312,17.1299991607666,103.33000183105467,6.0,-0.027914004400372505
2023-08-22,5.39,27.745,67.626,38.89,188.16,1.562,6.752,25.0,469.21,4387.5498046875,3120.330078125,80.3499984741211,16.969999313354492,103.55999755859376,6.0,-0.028557179495692253
2023-08-23,5.43,28.514,69.837,39.26,191.78,1.543,6.529,25.62,466.06,4436.009765625,3078.39990234375,78.88999938964844,15.979999542236328,103.36000061035156,6.0,-0.00992954894900322
2023-08-24,5.32,28.102,69.858,38.4,190.74,1.591,6.582,25.2,464.68,4376.31005859375,3082.239990234375,79.05000305175781,17.200000762939453,103.9800033569336,6.0,-0.010300079360604286
2023-08-25,5.28,27.533,69.056,38.33,189.74,1.56,6.438,25.06,455.32,4405.7099609375,3064.070068359375,79.83000183105469,15.68000030517578,104.08000183105467,6.0,-0.00819022674113512
2023-08-26,5.28,27.533,69.056,38.33,189.74,1.56,6.438,25.06,455.32,4405.7099609375,3064.070068359375,79.83000183105469,15.68000030517578,104.08000183105467,6.0,0.0032323761843144894
2023-08-27,5.28,27.533,69.056,38.33,189.74,1.56,6.438,25.06,455.32,4405.7099609375,3064.070068359375,79.83000183105469,15.68000030517578,104.08000183105467,6.0,-0.0021152617409825325
2023-08-28,5.28,27.533,69.056,38.33,189.74,1.56,6.438,25.06,449.86,4433.31005859375,3098.639892578125,80.0999984741211,15.079999923706056,104.05999755859376,6.0,0.0009403983131051064
2023-08-29,5.46,28.579,71.224,40.19,197.75,1.54,6.599,25.95,463.33,4497.6298828125,3135.889892578125,81.16000366210938,14.449999809265137,103.5500030517578,6.0,0.0054436177015304565
2023-08-30,5.5,28.967,72.68,40.19,198.59,1.575,6.628,26.03,460.89,4514.8701171875,3137.139892578125,81.62999725341797,13.880000114440918,103.16000366210938,6.0,0.005999940913170576
2023-08-31,5.34,29.076,73.193,39.91,198.71,1.574,6.532,26.11,457.34,4507.66015625,3119.8798828125,83.62999725341797,13.56999969482422,103.62000274658205,6.0,0.016195036470890045
2023-09-01,5.38,28.857,73.678,41.49,200.26,1.574,6.541,26.38,461.04,4515.77001953125,3133.25,85.55000305175781,13.09000015258789,104.23999786376952,7.0,0.030488355085253716
2023-09-02,5.38,28.857,73.678,41.49,200.26,1.574,6.541,26.38,461.04,4515.77001953125,3133.25,85.55000305175781,13.09000015258789,104.23999786376952,7.0,0.026769131422042847
2023-09-03,5.38,28.857,73.678,41.49,200.26,1.574,6.541,26.38,461.04,4515.77001953125,3133.25,85.55000305175781,13.09000015258789,104.23999786376952,7.0,0.019957732409238815
2023-09-04,5.5,29.662,75.636,41.49,200.26,1.703,6.743,26.43,471.25,4515.77001953125,3177.06005859375,85.55000305175781,13.09000015258789,104.23999786376952,7.0,0.003708633128553629
2023-09-05,5.43,29.398,74.815,40.8,200.8,1.655,6.748,25.9,467.23,4496.830078125,3154.3701171875,86.69000244140625,14.010000228881836,104.80999755859376,7.0,-0.0028762712609022856
2023-09-06,5.37,29.421,74.018,40.41,189.83,1.66,6.684,25.59,463.07,4465.47998046875,3158.080078125,87.54000091552734,14.449999809265137,104.86000061035156,7.0,-0.018332751467823982
2023-09-07,5.28,27.869,72.113,39.76,187.57,1.623,6.502,24.78,457.81,4451.14013671875,3122.35009765625,86.87000274658203,14.399999618530272,105.05999755859376,7.0,-0.02776208706200123
2023-09-08,5.31,27.534,70.871,39.29,184.43,1.623,6.353,24.73,452.4,4457.490234375,3116.719970703125,87.51000213623047,13.84000015258789,105.08999633789062,7.0,-0.01424014288932085
2023-09-09,5.31,27.534,70.871,39.29,184.43,1.623,6.353,24.73,452.4,4457.490234375,3116.719970703125,87.51000213623047,13.84000015258789,105.08999633789062,7.0,0.0014716832665726542
2023-09-10,5.31,27.534,70.871,39.29,184.43,1.623,6.353,24.73,452.4,4457.490234375,3116.719970703125,87.51000213623047,13.84000015258789,105.08999633789062,7.0,0.016029084101319313
2023-09-11,5.45,28.078,72.284,40.11,186.32,1.632,6.435,25.42,457.66,4487.4599609375,3142.780029296875,87.29000091552734,13.800000190734863,104.56999969482422,7.0,0.012162783183157444
2023-09-12,5.43,28.388,73.304,40.06,184.35,1.607,6.557,25.61,457.44,4461.89990234375,3137.06005859375,88.83999633789062,14.229999542236328,104.70999908447266,7.0,0.013499598018825054
2023-09-13,5.39,28.124,72.808,39.74,184.58,1.6,6.473,25.73,457.48,4467.43994140625,3123.070068359375,88.5199966430664,13.479999542236328,104.7699966430664,7.0,0.012137619778513908
2023-09-14,5.59,28.422,74.338,40.68,184.97,1.635,6.356,27.54,460.17,4505.10009765625,3126.550048828125,90.16000366210938,12.81999969482422,105.41000366210938,7.0,0.014263704419136047
2023-09-15,5.65,29.381,76.483,40.37,183.84,1.682,6.255,27.98,464.08,4450.31982421875,3117.739990234375,90.7699966430664,13.789999961853027,105.31999969482422,7.0,0.026857446879148483
2023-09-16,5.65,29.381,76.483,40.37,183.84,1.682,6.255,27.98,464.08,4450.31982421875,3117.739990234375,90.7699966430664,13.789999961853027,105.31999969482422,7.0,0.007028356194496155
2023-09-17,5.65,29.381,76.483,40.37,183.84,1.682,6.255,27.98,464.08,4450.31982421875,3117.739990234375,90.7699966430664,13.789999961853027,105.31999969482422,7.0,-0.010428015142679214
2023-09-18,5.69,29.442,76.764,40.19,181.62,1.655,6.462,27.55,456.65,4453.52978515625,3125.929931640625,91.4800033569336,14.0,105.1999969482422,7.0,-0.010487183928489685
2023-09-19,5.74,29.108,76.506,38.82,179.99,1.691,6.311,27.49,449.47,4443.9501953125,3124.9599609375,91.1999969482422,14.109999656677246,105.1999969482422,7.0,-0.01779646798968315
2023-09-20,5.73,28.77,75.426,38.69,174.44,1.685,6.223,27.8,442.79,4402.2001953125,3108.568115234375,90.27999877929688,15.140000343322754,105.16000366210938,7.0,-0.018083374947309494
2023-09-21,5.56,28.299,74.373,37.23,168.94,1.644,6.145,26.95,429.57,4330.0,3084.700927734375,89.62999725341797,17.540000915527344,105.36000061035156,7.0,-0.014547786675393581
2023-09-22,5.57,28.559,73.795,37.15,168.21,1.639,6.248,26.99,435.09,4320.06005859375,3132.431884765625,90.02999877929688,17.200000762939453,105.58000183105467,7.0,-0.010709893889725208
2023-09-23,5.57,28.559,73.795,37.15,168.21,1.639,6.248,26.99,435.09,4320.06005859375,3132.431884765625,90.02999877929688,17.200000762939453,105.58000183105467,7.0,-0.00644255056977272
2023-09-24,5.57,28.559,73.795,37.15,168.21,1.639,6.248,26.99,435.09,4320.06005859375,3132.431884765625,90.02999877929688,17.200000762939453,105.58000183105467,7.0,-0.021092955023050308
2023-09-25,5.53,28.358,72.696,37.2,166.89,1.612,6.139,26.57,428.29,4337.43994140625,3115.60693359375,89.68000030517578,16.899999618530273,106.0,7.0,-0.03957482799887657
2023-09-26,5.49,27.695,70.932,36.57,163.65,1.583,6.001,26.29,420.19,4273.52978515625,3102.27294921875,90.38999938964844,18.940000534057617,106.2300033569336,7.0,-0.03858044371008873
2023-09-27,5.5,27.625,70.539,36.55,162.63,1.55,6.104,26.14,415.84,4274.509765625,3107.31591796875,93.68000030517578,18.21999931335449,106.66999816894533,7.0,-0.04798652604222298
2023-09-28,5.62,28.088,72.195,37.33,172.4,1.51,6.109,27.12,425.83,4299.7001953125,3110.47509765625,91.70999908447266,17.34000015258789,106.22000122070312,7.0,-0.06762531399726868
2023-09-29,5.73,28.47,73.058,37.29,170.04,1.53,6.109,27.11,431.34,4288.0498046875,3110.47509765625,90.79000091552734,17.520000457763672,106.16999816894533,7.0,-0.08797358721494675
2023-09-30,5.73,28.47,73.058,37.29,170.04,1.53,6.109,27.11,431.34,4288.0498046875,3110.47509765625,90.79000091552734,17.520000457763672,106.16999816894533,7.0,-0.11626628786325455
2023-10-01,5.73,28.47,73.058,37.29,170.04,1.53,6.109,27.11,431.34,4288.0498046875,3110.47509765625,90.79000091552734,17.520000457763672,106.16999816894533,6.0,-0.11414796859025955
2023-10-02,5.61,28.375,73.061,36.64,162.41,1.53,6.109,26.52,421.36,4288.39013671875,3110.47509765625,88.81999969482422,17.610000610351562,106.9000015258789,6.0,-0.12853069603443146
2023-10-03,5.47,27.624,71.075,36.34,156.77,1.473,6.109,25.56,409.07,4229.4501953125,3110.47509765625,89.2300033569336,19.780000686645508,107.0,6.0,-0.13174982368946075
2023-10-04,5.38,27.644,71.842,35.86,158.4,1.456,6.109,25.48,407.87,4263.75,3110.47509765625,84.22000122070312,18.57999992370605,106.8000030517578,6.0,-0.10319875180721283
2023-10-05,5.36,27.661,71.275,35.37,155.03,1.441,6.109,25.21,402.42,4258.18994140625,3110.47509765625,82.30999755859375,18.489999771118164,106.33000183105467,6.0,-0.08732683211565018
2023-10-06,5.45,28.066,72.249,36.67,159.84,1.453,6.109,25.82,403.65,4308.5,3110.47509765625,82.79000091552734,17.450000762939453,106.04000091552734,6.0,-0.08993320167064667
2023-10-07,5.45,28.066,72.249,36.67,159.84,1.453,6.109,25.82,403.65,4308.5,3110.47509765625,82.79000091552734,17.450000762939453,106.04000091552734,6.0,-0.08060476928949356
2023-10-08,5.45,28.066,72.249,36.67,159.84,1.453,6.109,25.82,403.65,4308.5,3110.47509765625,82.79000091552734,17.450000762939453,106.04000091552734,6.0,-0.05784967541694641
2023-10-09,5.52,28.223,72.561,36.83,155.75,1.507,6.042,25.79,402.35,4335.66015625,3096.922119140625,86.37999725341797,17.700000762939453,106.08000183105467,6.0,-0.07159875333309174
2023-10-10,5.73,28.393,72.156,37.29,162.08,1.525,6.118,27.35,413.39,4358.240234375,3075.239990234375,85.97000122070312,17.030000686645508,105.83000183105467,6.0,-0.10007291287183762
2023-10-11,5.68,28.685,72.974,37.15,164.8,1.522,6.088,27.42,412.39,4376.9501953125,3078.9560546875,83.48999786376953,16.09000015258789,105.81999969482422,6.0,-0.07724091410636902
2023-10-12,5.63,28.312,72.516,36.07,170.8,1.536,6.601,26.76,415.89,4349.60986328125,3107.90087890625,82.91000366210938,16.690000534057617,106.56999969482422,6.0,-0.06619641929864883
2023-10-13,5.54,28.316,72.183,35.45,163.38,1.511,6.468,26.7,408.78,4327.77978515625,3088.10009765625,87.69000244140625,19.31999969482422,106.6500015258789,6.0,-0.06655065715312958
2023-10-14,5.54,28.316,72.183,35.45,163.38,1.511,6.468,26.7,408.78,4327.77978515625,3088.10009765625,87.69000244140625,19.31999969482422,106.6500015258789,6.0,-0.06769980490207672
2023-10-15,5.54,28.316,72.183,35.45,163.38,1.511,6.468,26.7,408.78,4327.77978515625,3088.10009765625,87.69000244140625,19.31999969482422,106.6500015258789,6.0,-0.07821565866470337
2023-10-16,5.65,28.644,73.366,35.85,167.73,1.505,6.187,27.35,408.77,4373.6298828125,3073.81298828125,86.66000366210938,17.209999084472656,106.23999786376952,6.0,-0.07889500260353088
2023-10-17,5.64,28.996,74.517,36.48,169.48,1.511,6.205,27.09,413.46,4373.2001953125,3083.5,86.66000366210938,17.8799991607666,106.25,6.0,-0.0721481516957283
2023-10-18,5.54,29.07,74.391,35.61,152.89,1.507,6.035,26.19,401.65,4314.60009765625,3058.7099609375,88.31999969482422,19.21999931335449,106.56999969482422,6.0,-0.05027122050523758
2023-10-19,5.47,28.622,73.069,35.23,144.56,1.495,5.852,25.68,387.63,4278.0,3005.39306640625,89.37000274658203,21.399999618530277,106.25,6.0,-0.04289006069302559
2023-10-20,5.29,28.044,72.348,33.88,138.68,1.485,6.207,24.58,374.95,4224.16015625,2983.06005859375,88.75,21.709999084472656,106.16000366210938,6.0,-0.04069545492529869
2023-10-21,5.29,28.044,72.348,33.88,138.68,1.485,6.207,24.58,374.95,4224.16015625,2983.06005859375,88.75,21.709999084472656,106.16000366210938,6.0,-0.0425296351313591
2023-10-22,5.29,28.044,72.348,33.88,138.68,1.485,6.207,24.58,374.95,4224.16015625,2983.06005859375,88.75,21.709999084472656,106.16000366210938,6.0,-0.03748343512415886
2023-10-23,5.25,27.469,70.857,33.51,136.28,1.485,5.968,24.41,363.37,4217.0400390625,2939.291015625,85.48999786376953,20.3700008392334,105.54000091552734,6.0,-0.03315885737538338
2023-10-24,5.28,27.701,72.193,34.42,139.24,1.478,6.116,24.68,375.28,4247.68017578125,2962.243896484375,83.73999786376953,18.96999931335449,106.2699966430664,6.0,-0.02269337698817253
2023-10-25,5.33,28.209,73.343,33.84,135.32,1.511,5.999,24.69,375.19,4186.77001953125,2974.114013671875,85.38999938964844,20.190000534057617,106.52999877929688,6.0,-0.0320495069026947
2023-10-26,5.34,28.4,74.379,33.71,135.21,1.496,5.958,24.78,372.69,4137.22998046875,2988.299072265625,83.20999908447266,20.68000030517578,106.5999984741211,6.0,-0.022769413888454437
2023-10-27,5.4,28.541,74.57,33.67,134.44,1.511,6.227,24.83,377.56,4117.3701171875,3017.783935546875,85.54000091552734,21.270000457763672,106.55999755859376,6.0,-0.014609522186219692
2023-10-28,5.4,28.541,74.57,33.67,134.44,1.511,6.227,24.83,377.56,4117.3701171875,3017.783935546875,85.54000091552734,21.270000457763672,106.55999755859376,6.0,-0.004723937250673771
2023-10-29,5.4,28.541,74.57,33.67,134.44,1.511,6.227,24.83,377.56,4117.3701171875,3017.783935546875,85.54000091552734,21.270000457763672,106.55999755859376,6.0,0.004622128326445818
2023-10-30,5.49,28.753,75.404,34.04,127.41,1.568,6.253,25.04,372.42,4166.81982421875,3021.552978515625,82.30999755859375,19.75,106.12000274658205,6.0,0.02416115254163742
2023-10-31,5.29,28.195,74.499,33.78,126.78,1.554,6.053,24.99,365.57,4193.7998046875,3018.77099609375,81.0199966430664,18.13999938964844,106.66000366210938,6.0,0.018328847363591194
2023-11-01,5.24,28.885,76.985,33.71,122.96,1.526,5.917,24.83,363.09,4237.85986328125,3023.076904296875,80.44000244140625,16.8700008392334,106.87999725341795,7.0,0.017552904784679413
2023-11-02,5.37,29.197,78.34,35.01,124.62,1.534,5.827,25.8,368.31,4317.77978515625,3009.406005859375,82.45999908447266,15.65999984741211,106.12000274658205,7.0,0.030194111168384552
2023-11-03,5.44,29.63,79.837,35.15,127.98,1.531,5.898,26.81,380.22,4358.33984375,3030.798095703125,80.51000213623047,14.90999984741211,105.0199966430664,7.0,0.03885291516780853
2023-11-04,5.44,29.63,79.837,35.15,127.98,1.531,5.898,26.81,380.22,4358.33984375,3030.798095703125,80.51000213623047,14.90999984741211,105.0199966430664,7.0,0.04851803183555603
2023-11-05,5.44,29.63,79.837,35.15,127.98,1.531,5.898,26.81,380.22,4358.33984375,3030.798095703125,80.51000213623047,14.90999984741211,105.0199966430664,7.0,0.06382740288972855
2023-11-06,5.45,29.481,78.829,35.37,119.46,1.519,6.182,26.85,377.77,4365.97998046875,3058.410888671875,80.81999969482422,14.890000343322754,105.22000122070312,7.0,0.06416133791208267
2023-11-07,5.31,29.318,78.385,34.06,122.11,1.527,6.107,25.81,373.04,4378.3798828125,3057.27001953125,77.37000274658203,14.8100004196167,105.54000091552734,7.0,0.055703867226839066
2023-11-08,5.24,28.612,76.409,33.61,119.01,1.492,6.077,25.25,370.89,4382.77978515625,3052.373046875,75.33000183105469,14.449999809265137,105.58999633789062,7.0,0.04519859701395035
2023-11-09,5.25,28.611,76.456,33.24,114.6,1.504,6.123,24.89,366.76,4347.35009765625,3053.279052734375,75.73999786376953,15.289999961853027,105.91000366210938,7.0,0.039054106920957565
2023-11-10,5.22,28.81,76.635,33.68,116.98,1.473,6.148,24.2,358.98,4415.240234375,3038.969970703125,77.16999816894531,14.170000076293944,105.86000061035156,7.0,0.029662173241376877
2023-11-11,5.22,28.81,76.635,33.68,116.98,1.473,6.148,24.2,358.98,4415.240234375,3038.969970703125,77.16999816894531,14.170000076293944,105.86000061035156,7.0,-0.00015995260037016124
2023-11-12,5.22,28.81,76.635,33.68,116.98,1.473,6.148,24.2,358.98,4415.240234375,3038.969970703125,77.16999816894531,14.170000076293944,105.86000061035156,7.0,0.010715325362980366
2023-11-13,5.29,28.965,76.643,33.43,114.19,1.493,6.064,24.47,358.58,4411.5498046875,3046.532958984375,78.26000213623047,14.760000228881836,105.66000366210938,7.0,-0.0020224496256560087
2023-11-14,5.62,29.941,79.692,35.17,125.32,1.476,6.022,26.28,370.43,4495.7001953125,3056.070068359375,78.26000213623047,14.15999984741211,104.11000061035156,7.0,0.0211085956543684
2023-11-15,5.77,30.469,81.709,36.0,127.72,1.553,6.229,26.93,380.5,4502.8798828125,3072.8349609375,76.66000366210938,14.18000030517578,104.38999938964844,7.0,0.027466805651783943
2023-11-16,5.68,30.124,80.985,35.54,122.6,1.536,6.113,26.48,368.04,4508.240234375,3050.926025390625,72.9000015258789,14.31999969482422,104.37000274658205,7.0,0.032137222588062286
2023-11-17,5.83,30.334,81.753,36.0,127.39,1.511,6.109,27.31,374.02,4514.02001953125,3054.3701171875,75.88999938964844,13.800000190734863,103.81999969482422,7.0,0.02570153772830963
2023-11-18,5.83,30.334,81.753,36.0,127.39,1.511,6.109,27.31,374.02,4514.02001953125,3054.3701171875,75.88999938964844,13.800000190734863,103.81999969482422,7.0,0.029195433482527733
2023-11-19,5.83,30.334,81.753,36.0,127.39,1.511,6.109,27.31,374.02,4514.02001953125,3054.3701171875,75.88999938964844,13.800000190734863,103.81999969482422,7.0,0.050734538584947586
2023-11-20,5.82,30.643,81.95,36.65,130.36,1.524,6.138,27.64,377.97,4547.3798828125,3068.319091796875,77.5999984741211,13.40999984741211,103.47000122070312,7.0,0.04839695245027542
2023-11-21,5.73,31.066,83.478,37.0,126.13,1.552,6.092,27.5,377.81,4538.18994140625,3067.93310546875,77.7699966430664,13.350000381469728,103.58999633789062,7.0,0.023153619840741158
2023-11-22,5.61,31.292,83.568,36.89,126.59,1.562,5.923,27.42,370.36,4556.6201171875,3043.611083984375,77.0999984741211,12.850000381469728,103.91999816894533,7.0,0.03830523416399956
2023-11-23,5.64,30.916,82.946,36.89,126.59,1.544,5.924,27.43,370.34,4556.6201171875,3061.85595703125,77.0999984741211,12.850000381469728,103.91999816894533,7.0,0.05058308690786362
2023-11-24,5.65,31.074,83.46,36.84,128.87,1.52,5.853,27.4,369.54,4559.33984375,3040.971923828125,75.54000091552734,12.460000038146973,103.4000015258789,7.0,0.05333875119686127
2023-11-25,5.65,31.074,83.46,36.84,128.87,1.52,5.853,27.4,369.54,4559.33984375,3040.971923828125,75.54000091552734,12.460000038146973,103.4000015258789,7.0,0.04933568835258484
2023-11-26,5.65,31.074,83.46,36.84,128.87,1.52,5.853,27.4,369.54,4559.33984375,3040.971923828125,75.54000091552734,12.460000038146973,103.4000015258789,7.0,0.0758945494890213
2023-11-27,5.62,30.731,82.701,36.59,120.78,1.517,5.648,27.31,361.68,4550.43017578125,3031.699951171875,74.86000061035156,12.6899995803833,103.1999969482422,7.0,0.09223280847072601
2023-11-28,5.67,30.867,83.02,37.22,123.91,1.514,5.636,27.44,365.48,4554.89013671875,3038.550048828125,76.41000366210938,12.6899995803833,102.75,7.0,0.1007637232542038
2023-11-29,5.64,30.564,82.435,37.17,123.38,1.566,5.539,26.63,364.17,4550.580078125,3021.68701171875,77.86000061035156,12.979999542236328,102.7699966430664,7.0,0.10021356493234634
2023-11-30,5.58,30.581,82.589,37.32,121.27,1.585,5.465,26.52,364.34,4567.7998046875,3029.673095703125,75.95999908447266,12.920000076293944,103.5,7.0,0.09814093261957169
2023-12-01,5.81,30.918,83.34,39.24,126.16,1.554,5.432,28.79,366.63,4594.6298828125,3031.635986328125,74.06999969482422,12.630000114440918,103.2699966430664,6.0,0.11715786159038544
2023-12-02,5.81,30.918,83.34,39.24,126.16,1.554,5.432,28.79,366.63,4594.6298828125,3031.635986328125,74.06999969482422,12.630000114440918,103.2699966430664,6.0,0.12346210330724716
2023-12-03,5.81,30.918,83.34,39.24,126.16,1.554,5.432,28.79,366.63,4594.6298828125,3031.635986328125,74.06999969482422,12.630000114440918,103.2699966430664,6.0,0.12789498269557953
2023-12-04,5.6,31.202,84.008,37.61,119.98,1.612,5.451,27.56,361.1,4569.77978515625,3022.9140625,73.04000091552734,13.079999923706056,103.63999938964844,6.0,0.13430966436862946
2023-12-05,5.52,30.471,82.268,36.57,113.26,1.558,5.548,26.62,346.27,4567.18017578125,2972.2958984375,72.31999969482422,12.850000381469728,104.0500030517578,6.0,0.11901988089084625
2023-12-06,5.61,30.931,82.812,36.25,118.3,1.559,5.913,27.09,356.76,4549.33984375,2968.93310546875,69.37999725341797,12.970000267028809,104.1500015258789,6.0,0.12644539773464203
2023-12-07,5.71,31.302,84.334,36.37,125.35,1.536,5.911,27.47,361.83,4585.58984375,2966.2060546875,69.33999633789062,13.0600004196167,103.54000091552734,6.0,0.11585700511932373
2023-12-08,5.74,31.399,84.771,38.15,127.99,1.491,5.883,22.18,366.99,4604.3701171875,2969.55908203125,71.2300033569336,12.350000381469728,104.01000213623048,6.0,0.10806271433830261
2023-12-09,5.74,31.399,84.771,38.15,127.99,1.491,5.883,22.18,366.99,4604.3701171875,2969.55908203125,71.2300033569336,12.350000381469728,104.01000213623048,6.0,0.08200690895318985
2023-12-10,5.74,31.399,84.771,38.15,127.99,1.491,5.883,22.18,366.99,4604.3701171875,2969.55908203125,71.2300033569336,12.350000381469728,104.01000213623048,6.0,0.09393695741891861
2023-12-11,5.51,31.21,84.623,37.87,126.54,1.494,5.779,22.03,359.85,4622.43994140625,2991.43896484375,71.31999969482422,12.630000114440918,104.0999984741211,6.0,0.10814312845468521
2023-12-12,5.48,31.195,84.303,37.42,127.94,1.488,5.682,20.9,352.05,4643.7001953125,3003.43798828125,68.61000061035156,12.06999969482422,103.87000274658205,6.0,0.10547355562448502
2023-12-13,5.47,31.872,86.221,39.19,140.06,1.465,5.545,20.67,357.53,4707.08984375,2968.760986328125,69.47000122070312,12.1899995803833,102.87000274658205,6.0,0.10644103586673737
2023-12-14,5.79,32.313,87.088,41.97,145.89,1.452,5.552,22.48,375.31,4719.5498046875,2958.986083984375,71.58000183105469,12.479999542236328,101.95999908447266,6.0,0.11573275178670883
2023-12-15,5.84,33.085,88.963,41.5,147.06,1.525,5.629,22.68,380.38,4719.18994140625,2942.556884765625,71.43000030517578,12.279999732971191,102.5500030517578,6.0,0.13289010524749756
2023-12-16,5.84,33.085,88.963,41.5,147.06,1.525,5.629,22.68,380.38,4719.18994140625,2942.556884765625,71.43000030517578,12.279999732971191,102.5500030517578,6.0,0.12557022273540497
2023-12-17,5.84,33.085,88.963,41.5,147.06,1.525,5.629,22.68,380.38,4719.18994140625,2942.556884765625,71.43000030517578,12.279999732971191,102.5500030517578,6.0,0.1328372359275818
2023-12-18,5.85,33.082,89.351,41.35,145.91,1.529,5.481,22.59,380.86,4740.56005859375,2930.800048828125,72.47000122070312,12.5600004196167,102.51000213623048,6.0,0.1273558884859085
2023-12-19,5.96,33.548,90.76,42.18,148.93,1.531,5.489,23.62,386.29,4768.3701171875,2932.39111328125,73.44000244140625,12.529999732971191,102.16999816894533,6.0,0.11066380888223648
2023-12-20,5.93,33.51,90.418,41.34,142.53,1.575,5.41,23.7,381.55,4698.35009765625,2902.110107421875,74.22000122070312,13.670000076293944,102.41000366210938,6.0,0.09156390279531479
2023-12-21,5.97,33.828,91.405,42.23,145.45,1.575,5.472,23.95,383.65,4746.75,2918.715087890625,73.88999938964844,13.649999618530272,101.83999633789062,6.0,0.10322117805480957
2023-12-22,5.92,33.811,91.379,42.38,150.09,1.587,5.591,24.07,388.26,4754.6298828125,2914.77490234375,73.55999755859375,13.029999732971191,101.6999969482422,6.0,0.11993490159511566
2023-12-23,5.92,33.811,91.379,42.38,150.09,1.587,5.591,24.07,388.26,4754.6298828125,2914.77490234375,73.55999755859375,13.029999732971191,101.6999969482422,6.0,0.1169566884636879
2023-12-24,5.92,33.811,91.379,42.38,150.09,1.587,5.591,24.07,388.26,4754.6298828125,2914.77490234375,73.55999755859375,13.029999732971191,101.6999969482422,6.0,0.09469690173864365
2023-12-25,5.92,33.811,91.379,42.38,150.09,1.587,5.591,24.07,388.26,4754.6298828125,2918.81298828125,73.55999755859375,13.029999732971191,101.6999969482422,6.0,0.11853299289941788
2023-12-26,5.92,33.811,91.379,42.38,150.09,1.587,5.591,24.07,391.91,4774.75,2898.8798828125,75.56999969482422,12.989999771118164,101.47000122070312,6.0,0.13163483142852783
2023-12-27,6.04,34.393,92.463,43.2,149.32,1.626,5.487,24.8,396.76,4781.580078125,2914.614013671875,74.11000061035156,12.43000030517578,100.98999786376952,6.0,0.1252152919769287
2023-12-28,5.98,34.637,93.072,43.02,149.43,1.638,5.961,24.79,402.28,4783.35009765625,2954.7041015625,71.7699966430664,12.470000267028809,101.2300033569336,6.0,0.12784871459007263
2023-12-29,6.01,34.329,92.384,42.57,144.48,1.629,6.03,24.61,397.29,4769.830078125,2974.93505859375,71.6500015258789,12.449999809265137,101.33000183105467,6.0,0.12946480512619019
2023-12-30,6.01,34.329,92.384,42.57,144.48,1.629,6.03,24.61,397.29,4769.830078125,2974.93505859375,71.6500015258789,12.449999809265137,101.33000183105467,6.0,0.11678294092416763
2023-12-31,6.01,34.329,92.384,42.57,144.48,1.629,6.03,24.61,397.29,4769.830078125,2974.93505859375,71.6500015258789,12.449999809265137,101.33000183105467,6.0,0.12946787476539612
2024-01-01,6.01,34.329,92.384,42.57,144.48,1.629,6.03,24.61,397.29,4769.830078125,2974.93505859375,71.6500015258789,12.449999809265137,101.33000183105467,6.0,0.15807099640369415
2024-01-02,5.91,34.165,92.321,42.09,146.89,1.645,5.834,24.35,395.19,4742.830078125,2962.27587890625,70.37999725341797,13.199999809265137,102.1999969482422,6.0,0.1554960459470749
2024-01-03,5.81,33.49,90.653,41.37,140.18,1.632,5.841,23.21,383.0,4704.81005859375,2967.2470703125,72.69999694824219,14.039999961853027,102.45999908447266,6.0,0.15619158744812012
2024-01-04,5.82,33.243,90.182,41.55,135.93,1.619,5.688,23.3,375.12,4688.68017578125,2954.34912109375,72.19000244140625,14.130000114440918,102.41999816894533,6.0,0.13141873478889465
2024-01-05,5.89,32.941,88.853,41.41,135.83,1.613,5.88,23.34,375.43,4697.240234375,2929.179931640625,73.80999755859375,13.350000381469728,102.41000366210938,6.0,0.1301715224981308
2024-01-06,5.89,32.941,88.853,41.41,135.83,1.613,5.88,23.34,375.43,4697.240234375,2929.179931640625,73.80999755859375,13.350000381469728,102.41000366210938,6.0,0.14173446595668793
2024-01-07,5.89,32.941,88.853,41.41,135.83,1.613,5.88,23.34,375.43,4697.240234375,2929.179931640625,73.80999755859375,13.350000381469728,102.41000366210938,6.0,0.12879331409931183
2024-01-08,5.83,32.69,88.355,42.2,136.58,1.596,5.964,23.09,368.39,4763.5400390625,2887.5380859375,70.7699966430664,13.079999923706056,102.20999908447266,6.0,0.13185183703899384
2024-01-09,5.74,32.722,88.136,41.7,133.67,1.599,6.038,22.73,362.62,4756.5,2893.25,72.23999786376953,12.760000228881836,102.56999969482422,6.0,0.10419654101133347
2024-01-10,5.71,32.057,86.337,41.3,132.94,1.588,5.978,22.78,353.11,4783.4501953125,2877.701904296875,71.37000274658203,12.6899995803833,102.36000061035156,6.0,0.09236056357622147
2024-01-11,5.68,31.971,85.861,41.03,128.65,1.563,6.212,23.03,351.71,4780.240234375,2886.64990234375,72.0199966430664,12.4399995803833,102.29000091552734,6.0,0.09250594675540924
2024-01-12,5.71,31.894,86.337,40.94,126.05,1.575,6.067,23.09,349.32,4783.830078125,2881.97705078125,72.68000030517578,12.699999809265137,102.4000015258789,6.0,0.06886996328830719
2024-01-13,5.71,31.894,86.337,40.94,126.05,1.575,6.067,23.09,349.32,4783.830078125,2881.97705078125,72.68000030517578,12.699999809265137,102.4000015258789,6.0,0.04260612279176712
2024-01-14,5.71,31.894,86.337,40.94,126.05,1.575,6.067,23.09,349.32,4783.830078125,2881.97705078125,72.68000030517578,12.699999809265137,102.4000015258789,6.0,0.046421777456998825
2024-01-15,5.66,31.422,85.461,40.94,126.05,1.58,5.913,22.78,344.19,4783.830078125,2886.2900390625,72.68000030517578,12.699999809265137,102.4000015258789,6.0,0.029430843889713287
2024-01-16,5.55,30.611,83.38,38.9,125.95,1.551,5.916,22.21,336.74,4765.97998046875,2893.989013671875,72.4000015258789,13.84000015258789,103.36000061035156,6.0,0.03112591803073883
2024-01-17,5.32,30.503,82.884,38.24,120.7,1.46,5.71,21.75,326.31,4739.2099609375,2833.614990234375,72.55999755859375,14.789999961853027,103.4499969482422,6.0,0.017822686582803726
2024-01-18,5.33,30.045,83.347,38.21,117.99,1.46,5.864,22.27,321.59,4780.93994140625,2845.780029296875,74.08000183105469,14.130000114440918,103.54000091552734,6.0,0.022103149443864822
2024-01-19,5.24,30.168,84.442,38.77,115.13,1.466,5.772,22.1,316.21,4839.81005859375,2832.279052734375,73.41000366210938,13.300000190734863,103.29000091552734,6.0,0.03633439913392067
2024-01-20,5.24,30.168,84.442,38.77,115.13,1.466,5.772,22.1,316.21,4839.81005859375,2832.279052734375,73.41000366210938,13.300000190734863,103.29000091552734,6.0,0.033779118210077286
2024-01-21,5.24,30.168,84.442,38.77,115.13,1.466,5.772,22.1,316.21,4839.81005859375,2832.279052734375,73.41000366210938,13.300000190734863,103.29000091552734,6.0,0.04697335138916969
2024-01-22,5.06,30.123,84.116,37.48,120.75,1.417,5.551,21.83,310.93,4850.43017578125,2756.340087890625,75.19000244140625,13.1899995803833,103.33000183105467,6.0,0.04580811783671379
2024-01-23,5.14,30.456,84.067,38.17,122.59,1.411,5.598,22.27,311.73,4864.60009765625,2770.97607421875,74.37000274658203,12.550000190734863,103.62000274658205,6.0,0.039454299956560135
2024-01-24,5.31,30.815,84.844,39.72,121.69,1.479,5.59,23.22,320.44,4868.5498046875,2820.77197265625,75.08999633789062,13.140000343322754,103.23999786376952,6.0,0.0482446514070034
2024-01-25,5.29,31.286,87.284,39.44,118.45,1.581,5.665,22.75,319.29,4894.16015625,2906.10888671875,77.36000061035156,13.449999809265137,103.56999969482422,6.0,0.057719312608242035
2024-01-26,5.37,31.286,87.284,39.59,119.84,1.538,5.547,23.53,318.99,4890.97021484375,2910.222900390625,78.01000213623047,13.260000228881836,103.47000122070312,6.0,0.08270807564258575
2024-01-27,5.37,31.286,87.284,39.59,119.84,1.538,5.547,23.53,318.99,4890.97021484375,2910.222900390625,78.01000213623047,13.260000228881836,103.47000122070312,6.0,0.08020499348640442
2024-01-28,5.37,31.286,87.284,39.59,119.84,1.538,5.547,23.53,318.99,4890.97021484375,2910.222900390625,78.01000213623047,13.260000228881836,103.47000122070312,6.0,0.0770890936255455
2024-01-29,5.4,30.981,87.133,40.23,123.2,1.549,5.267,23.62,321.37,4927.93017578125,2883.360107421875,76.77999877929688,13.600000381469728,103.61000061035156,6.0,0.07066036760807037
2024-01-30,5.35,31.058,87.437,39.97,120.31,1.499,5.151,23.56,314.78,4924.97021484375,2830.527099609375,77.81999969482422,13.3100004196167,103.4000015258789,6.0,0.045544762164354324
2024-01-31,5.33,31.033,87.262,39.69,114.74,1.481,4.748,23.6,306.23,4845.64990234375,2788.548095703125,75.8499984741211,14.350000381469728,103.2699966430664,6.0,0.053183235228061676
2024-02-01,5.43,30.947,86.901,40.18,116.78,1.506,4.825,23.48,301.34,4906.18994140625,2770.739990234375,73.81999969482422,13.880000114440918,103.0500030517578,9.0,0.06939321011304855
2024-02-02,5.27,31.004,85.958,40.1,114.25,1.519,4.611,22.74,296.89,4958.60986328125,2730.152099609375,72.27999877929688,13.850000381469728,103.91999816894533,9.0,0.09370884299278259
2024-02-03,5.27,31.004,85.958,40.1,114.25,1.519,4.611,22.74,296.89,4958.60986328125,2730.152099609375,72.27999877929688,13.850000381469728,103.91999816894533,9.0,0.123797208070755
2024-02-04,5.27,31.004,85.958,40.1,114.25,1.519,4.611,22.74,296.89,4958.60986328125,2730.152099609375,72.27999877929688,13.850000381469728,103.91999816894533,9.0,0.12507610023021698
2024-02-05,5.13,30.109,83.696,38.68,108.73,1.478,4.393,22.25,281.71,4942.81005859375,2702.18505859375,72.77999877929688,13.670000076293944,104.4499969482422,9.0,0.14904537796974182
2024-02-06,5.17,29.98,83.762,40.17,113.02,1.493,4.742,22.52,290.92,4954.22998046875,2789.486083984375,73.30999755859375,13.0600004196167,104.18000030517578,9.0,0.16334672272205353
2024-02-07,5.08,30.27,84.48,39.2,115.05,1.494,4.712,21.73,299.94,4995.06005859375,2829.696044921875,73.86000061035156,12.829999923706056,104.04000091552734,9.0,0.16874179244041443
2024-02-08,5.01,30.131,83.916,38.12,114.33,1.483,4.845,21.53,302.66,4997.91015625,2865.903076171875,76.22000122070312,12.789999961853027,104.1500015258789,9.0,0.1633138656616211
2024-02-09,4.86,30.201,84.714,37.36,115.78,1.466,4.845,21.08,305.63,5026.60986328125,2865.903076171875,76.83999633789062,12.93000030517578,104.08000183105467,9.0,0.15978263318538666
2024-02-10,4.86,30.201,84.714,37.36,115.78,1.466,4.845,21.08,305.63,5026.60986328125,2865.903076171875,76.83999633789062,12.93000030517578,104.08000183105467,9.0,0.16278550028800964
2024-02-11,4.86,30.201,84.714,37.36,115.78,1.466,4.845,21.08,305.63,5026.60986328125,2865.903076171875,76.83999633789062,12.93000030517578,104.08000183105467,9.0,0.17235837876796722
2024-02-12,4.98,30.079,84.178,37.69,120.09,1.466,4.845,21.69,307.06,5021.83984375,2865.903076171875,76.91999816894531,13.93000030517578,104.16999816894533,9.0,0.1781253069639206
2024-02-13,4.94,29.886,83.231,36.66,112.2,1.466,4.845,21.69,296.19,4953.169921875,2865.903076171875,77.87000274658203,15.850000381469728,104.95999908447266,9.0,0.17025138437747955
2024-02-14,4.92,29.822,83.241,37.2,114.39,1.458,4.845,21.54,299.91,5000.6201171875,2865.903076171875,76.63999938964844,14.380000114440918,104.72000122070312,9.0,0.17149244248867035
2024-02-15,4.93,29.469,83.109,38.25,117.5,1.46,4.845,21.84,304.35,5029.72998046875,2865.903076171875,78.02999877929688,14.010000228881836,104.3000030517578,9.0,0.17188191413879395
2024-02-16,5.03,29.788,84.224,38.83,122.59,1.501,4.845,22.27,316.35,5005.56982421875,2865.903076171875,79.19000244140625,14.239999771118164,104.27999877929688,9.0,0.16523735225200653
2024-02-17,5.03,29.788,84.224,38.83,122.59,1.501,4.845,22.27,316.35,5005.56982421875,2865.903076171875,79.19000244140625,14.239999771118164,104.27999877929688,9.0,0.17423246800899506
2024-02-18,5.03,29.788,84.224,38.83,122.59,1.501,4.845,22.27,316.35,5005.56982421875,2865.903076171875,79.19000244140625,14.239999771118164,104.27999877929688,9.0,0.18656860291957855
2024-02-19,4.98,30.096,85.609,38.83,122.59,1.578,4.888,21.96,316.43,5005.56982421875,2910.5439453125,79.19000244140625,14.239999771118164,104.27999877929688,9.0,0.18836602568626404
2024-02-20,4.93,29.82,83.841,38.14,114.82,1.586,4.929,21.28,306.34,4975.509765625,2922.72998046875,78.18000030517578,15.420000076293944,104.08000183105467,9.0,0.18169401586055756
2024-02-21,4.88,29.128,82.399,38.86,118.55,1.629,5.028,21.29,310.48,4981.7998046875,2950.9560546875,77.91000366210938,15.34000015258789,104.01000213623048,9.0,0.18586423993110657
2024-02-22,4.81,29.03,81.493,38.67,118.18,1.667,5.016,21.98,308.22,5087.02978515625,2988.35791015625,78.61000061035156,14.539999961853027,103.95999908447266,9.0,0.17970649898052216
2024-02-23,4.76,29.225,81.606,38.96,120.65,1.715,5.078,22.21,307.51,5088.7998046875,3004.881103515625,76.48999786376953,13.75,103.94000244140624,9.0,0.15076963603496552
2024-02-24,4.76,29.225,81.606,38.96,120.65,1.715,5.078,22.21,307.51,5088.7998046875,3004.881103515625,76.48999786376953,13.75,103.94000244140624,9.0,0.1266390085220337
2024-02-25,4.76,29.225,81.606,38.96,120.65,1.715,5.078,22.21,307.51,5088.7998046875,3004.881103515625,76.48999786376953,13.75,103.94000244140624,9.0,0.14481863379478455
2024-02-26,4.68,28.756,80.167,38.03,121.52,1.674,5.106,21.48,310.0,5069.52978515625,2977.02197265625,77.58000183105469,13.739999771118164,103.83000183105467,9.0,0.13099749386310577
2024-02-27,4.72,28.815,80.564,38.16,128.59,1.674,5.199,21.93,315.82,5078.18017578125,3015.48095703125,78.87000274658203,13.43000030517578,103.83000183105467,9.0,0.16179905831813812
2024-02-28,4.73,28.55,80.148,37.41,132.06,1.625,5.2,21.24,323.18,5069.759765625,2957.85205078125,78.54000091552734,13.84000015258789,103.9800033569336,9.0,0.1614391952753067
2024-02-29,4.74,28.533,80.395,37.81,137.85,1.617,5.572,21.06,333.38,5096.27001953125,3015.1708984375,78.26000213623047,13.399999618530272,104.16000366210938,9.0,0.17602872848510742
2024-03-01,4.84,29.301,81.453,37.93,142.8,1.64,5.581,21.85,343.79,5137.080078125,3027.02001953125,79.97000122070312,13.109999656677246,103.86000061035156,6.0,0.16974970698356628
2024-03-02,4.84,29.301,81.453,37.93,142.8,1.64,5.581,21.85,343.79,5137.080078125,3027.02001953125,79.97000122070312,13.109999656677246,103.86000061035156,6.0,0.15219227969646454
2024-03-03,4.84,29.301,81.453,37.93,142.8,1.64,5.581,21.85,343.79,5137.080078125,3027.02001953125,79.97000122070312,13.109999656677246,103.86000061035156,6.0,0.14462421834468842
2024-03-04,4.82,28.798,80.352,38.32,133.2,1.674,5.559,21.19,339.18,5130.9501953125,3039.305908203125,78.73999786376953,13.489999771118164,103.83000183105467,6.0,0.1491011530160904
2024-03-05,4.9,29.023,81.138,37.12,109.4,1.697,5.376,21.23,318.03,5078.64990234375,3047.79296875,78.1500015258789,14.460000038146973,103.8000030517578,6.0,0.1492348313331604
2024-03-06,4.95,29.107,81.145,38.14,119.59,1.802,5.348,22.07,324.38,5104.759765625,3039.930908203125,79.12999725341797,14.5,103.37000274658205,6.0,0.15154436230659485
2024-03-07,5.11,29.018,79.802,39.81,122.66,1.862,5.26,23.33,330.26,5157.35986328125,3027.40087890625,78.93000030517578,14.4399995803833,102.81999969482422,6.0,0.15351252257823944
2024-03-08,5.15,29.126,79.451,39.85,118.33,1.877,5.255,23.34,326.91,5123.68994140625,3046.01904296875,78.01000213623047,14.739999771118164,102.73999786376952,6.0,0.155962735414505
2024-03-09,5.15,29.126,79.451,39.85,118.33,1.877,5.255,23.34,326.91,5123.68994140625,3046.01904296875,78.01000213623047,14.739999771118164,102.73999786376952,6.0,0.1527109593153
2024-03-10,5.15,29.126,79.451,39.85,118.33,1.877,5.255,23.34,326.91,5123.68994140625,3046.01904296875,78.01000213623047,14.739999771118164,102.73999786376952,6.0,0.15668384730815887
2024-03-11,5.1,28.321,76.451,40.42,124.75,1.867,5.636,23.26,331.34,5117.93994140625,3068.455078125,77.93000030517578,15.220000267028809,102.87000274658205,6.0,0.16488072276115417
2024-03-12,5.12,28.084,76.189,40.36,123.93,1.846,5.648,23.23,332.57,5175.27001953125,3055.93505859375,77.55999755859375,13.84000015258789,102.95999908447266,6.0,0.16655056178569794
2024-03-13,5.36,27.771,77.421,43.41,125.79,1.91,5.589,24.31,333.86,5165.31005859375,3043.8349609375,79.72000122070312,13.75,102.79000091552734,6.0,0.18178406357765198
2024-03-14,5.32,28.333,78.427,43.32,119.89,1.976,5.479,22.93,329.02,5150.47998046875,3038.23388671875,81.26000213623047,14.399999618530272,103.36000061035156,6.0,0.1904670149087906
2024-03-15,5.42,27.821,76.719,44.61,122.14,2.028,5.502,23.18,327.18,5117.08984375,3054.635986328125,81.04000091552734,14.40999984741211,103.43000030517578,6.0,0.1966962218284607
2024-03-16,5.42,27.821,76.719,44.61,122.14,2.028,5.502,23.18,327.18,5117.08984375,3054.635986328125,81.04000091552734,14.40999984741211,103.43000030517578,6.0,0.18558502197265625
2024-03-17,5.42,27.821,76.719,44.61,122.14,2.028,5.502,23.18,327.18,5117.08984375,3054.635986328125,81.04000091552734,14.40999984741211,103.43000030517578,6.0,0.20023512840270996
2024-03-18,5.38,27.817,77.055,44.48,124.58,1.995,5.558,22.83,327.82,5149.419921875,3084.926025390625,82.72000122070312,14.329999923706056,103.58000183105467,6.0,0.17968392372131348
2024-03-19,5.32,28.46,78.603,44.33,120.54,1.963,5.487,22.73,324.45,5178.509765625,3062.756103515625,83.47000122070312,13.81999969482422,103.80999755859376,6.0,0.17377956211566925
2024-03-20,5.32,28.849,79.876,46.01,124.45,1.948,5.499,23.06,330.0,5224.6201171875,3079.68603515625,81.68000030517578,13.039999961853027,103.41000366210938,6.0,0.1796654909849167
2024-03-21,5.42,29.002,79.577,46.24,124.86,2.0,5.446,23.88,332.05,5241.52978515625,3077.113037109375,81.06999969482422,12.920000076293944,104.0,6.0,0.17427046597003937
2024-03-22,5.4,28.525,78.533,45.1,120.86,1.946,5.198,23.85,323.6,5234.18017578125,3048.033935546875,80.62999725341797,13.0600004196167,104.43000030517578,6.0,0.1679188311100006
2024-03-23,5.4,28.525,78.533,45.1,120.86,1.946,5.198,23.85,323.6,5234.18017578125,3048.033935546875,80.62999725341797,13.0600004196167,104.43000030517578,6.0,0.14583279192447662
2024-03-24,5.4,28.525,78.533,45.1,120.86,1.946,5.198,23.85,323.6,5234.18017578125,3048.033935546875,80.62999725341797,13.0600004196167,104.43000030517578,6.0,0.1506536453962326
2024-03-25,5.35,28.693,79.527,45.35,118.35,1.974,5.075,23.93,321.08,5218.18994140625,3026.305908203125,81.94999694824219,13.1899995803833,104.2300033569336,6.0,0.14968492090702057
2024-03-26,5.35,28.493,79.305,44.73,119.01,1.922,5.144,23.75,315.47,5203.580078125,3031.48095703125,81.62000274658203,13.239999771118164,104.29000091552734,6.0,0.1562376320362091
2024-03-27,5.42,28.536,79.004,45.88,128.8,1.961,4.948,23.84,321.3,5248.490234375,2993.138916015625,81.3499984741211,12.779999732971191,104.3499984741211,6.0,0.1491042673587799
2024-03-28,5.49,28.842,79.327,47.02,131.74,1.996,4.972,24.17,325.96,5254.35009765625,3010.6640625,83.16999816894531,13.010000228881836,104.5500030517578,6.0,0.13246379792690277
2024-03-29,5.49,28.842,79.327,47.02,131.74,1.996,4.972,24.17,325.96,5254.35009765625,3041.1669921875,83.16999816894531,13.010000228881836,104.5500030517578,6.0,0.11400220543146133
2024-03-30,5.49,28.842,79.327,47.02,131.74,1.996,4.972,24.17,325.96,5254.35009765625,3041.1669921875,83.16999816894531,13.010000228881836,104.5500030517578,6.0,0.13246743381023407
2024-03-31,5.49,28.842,79.327,47.02,131.74,1.996,4.972,24.17,325.96,5254.35009765625,3041.1669921875,83.16999816894531,13.010000228881836,104.5500030517578,6.0,0.12294045090675354
2024-04-01,5.49,28.842,79.327,47.02,131.74,1.996,4.972,24.17,328.9,5243.77001953125,3077.37890625,83.70999908447266,13.649999618530272,105.0199966430664,7.0,0.1476738303899765
2024-04-02,5.64,29.411,79.892,48.38,126.48,2.072,5.478,25.19,330.69,5205.81005859375,3074.958984375,85.1500015258789,14.609999656677246,104.81999969482422,7.0,0.17270217835903168
2024-04-03,5.8,29.442,80.764,49.61,128.87,2.149,5.515,25.42,336.37,5211.490234375,3069.2958984375,85.43000030517578,14.329999923706056,104.25,7.0,0.16009987890720367
2024-04-04,5.86,29.477,80.236,49.18,121.12,2.149,5.515,26.17,334.24,5147.2099609375,3069.2958984375,86.58999633789062,16.350000381469727,104.12000274658205,7.0,0.14669078588485718
2024-04-05,5.79,29.173,79.298,49.47,123.45,2.144,5.515,25.88,330.79,5204.33984375,3069.2958984375,86.91000366210938,16.030000686645508,104.3000030517578,7.0,0.156568706035614
2024-04-06,5.79,29.173,79.298,49.47,123.45,2.144,5.515,25.88,330.79,5204.33984375,3069.2958984375,86.91000366210938,16.030000686645508,104.3000030517578,7.0,0.1736816018819809
2024-04-07,5.79,29.173,79.298,49.47,123.45,2.144,5.515,25.88,330.79,5204.33984375,3069.2958984375,86.91000366210938,16.030000686645508,104.3000030517578,7.0,0.16389861702919006
2024-04-08,5.91,29.218,80.398,50.0,131.69,2.14,5.409,26.75,338.63,5202.39013671875,3047.052978515625,86.43000030517578,15.1899995803833,104.13999938964844,7.0,0.1565929651260376
2024-04-09,6.0,29.908,83.076,51.3,129.16,2.145,5.732,27.25,347.63,5209.91015625,3048.537109375,85.2300033569336,14.979999542236328,104.1500015258789,7.0,0.1602056473493576
2024-04-10,5.86,29.594,83.165,50.92,127.65,2.256,5.583,26.37,343.59,5160.64013671875,3027.3349609375,86.20999908447266,15.800000190734863,105.25,7.0,0.1482507586479187
2024-04-11,5.8,30.026,83.818,50.74,130.31,2.266,5.49,26.14,345.31,5199.06005859375,3034.24609375,85.0199966430664,14.90999984741211,105.27999877929688,7.0,0.12892423570156097
2024-04-12,6.05,29.42,82.662,49.47,122.58,2.276,5.334,26.89,335.26,5123.41015625,3019.47412109375,85.66000366210938,17.309999465942383,106.04000091552734,7.0,0.1268850862979889
2024-04-13,6.05,29.42,82.662,49.47,122.58,2.276,5.334,26.89,335.26,5123.41015625,3019.47412109375,85.66000366210938,17.309999465942383,106.04000091552734,7.0,0.12086886167526245
2024-04-14,6.05,29.42,82.662,49.47,122.58,2.276,5.334,26.89,335.26,5123.41015625,3019.47412109375,85.66000366210938,17.309999465942383,106.04000091552734,7.0,0.1197858601808548
2024-04-15,5.99,29.48,85.375,50.02,120.5,2.266,5.357,26.48,330.67,5061.81982421875,3057.3779296875,85.41000366210938,19.229999542236328,106.20999908447266,7.0,0.12274651229381561
2024-04-16,5.8,28.785,82.381,49.41,114.11,2.214,5.064,25.53,320.08,5051.41015625,3007.068115234375,85.36000061035156,18.399999618530277,106.26000213623048,7.0,0.1310504674911499
2024-04-17,5.89,28.593,82.818,49.82,114.39,2.217,5.192,26.47,324.41,5022.2099609375,3071.381103515625,82.69000244140625,18.209999084472656,105.9499969482422,7.0,0.1267389953136444
2024-04-18,5.91,28.948,84.025,50.16,111.8,2.26,5.221,26.62,320.57,5011.1201171875,3074.22509765625,82.7300033569336,18.0,106.1500015258789,7.0,0.11374066025018692
2024-04-19,5.87,28.639,83.113,49.61,112.15,2.265,5.096,26.44,316.0,4967.22998046875,3065.260986328125,83.13999938964844,18.709999084472656,106.1500015258789,7.0,0.08319452404975891
2024-04-20,5.87,28.639,83.113,49.61,112.15,2.265,5.096,26.44,316.0,4967.22998046875,3065.260986328125,83.13999938964844,18.709999084472656,106.1500015258789,7.0,0.08301076292991638
2024-04-21,5.87,28.639,83.113,49.61,112.15,2.265,5.096,26.44,316.0,4967.22998046875,3065.260986328125,83.13999938964844,18.709999084472656,106.1500015258789,7.0,0.10808537155389786
2024-04-22,5.86,29.291,83.695,48.95,112.29,2.152,5.026,26.17,314.9,5010.60009765625,3044.594970703125,82.8499984741211,16.940000534057617,106.08000183105467,7.0,0.10768173635005951
2024-04-23,5.83,29.507,84.026,47.99,114.21,2.086,4.936,25.78,315.13,5070.5498046875,3021.97802734375,83.36000061035156,15.6899995803833,105.69000244140624,7.0,0.11305384337902069
2024-04-24,5.91,29.386,84.058,48.24,115.27,2.168,4.604,26.95,314.73,5071.6298828125,3044.822021484375,82.80999755859375,15.970000267028809,105.86000061035156,7.0,0.08144283294677734
2024-04-25,5.86,29.386,84.058,49.4,114.98,2.179,4.701,31.42,316.91,5048.419921875,3052.89990234375,83.56999969482422,15.369999885559082,105.5999984741211,7.0,0.05684524402022362
2024-04-26,5.86,28.19,85.484,50.5,116.88,2.251,4.733,32.38,319.48,5099.9599609375,3088.635986328125,83.8499984741211,15.029999732971191,105.94000244140624,7.0,0.06251285970211029
2024-04-27,5.86,28.19,85.484,50.5,116.88,2.251,4.733,32.38,319.48,5099.9599609375,3088.635986328125,83.8499984741211,15.029999732971191,105.94000244140624,7.0,0.08434652537107468
2024-04-28,5.86,28.19,85.484,50.5,116.88,2.251,4.733,32.38,319.48,5099.9599609375,3088.635986328125,83.8499984741211,15.029999732971191,105.94000244140624,7.0,0.07265660166740417
2024-04-29,5.95,28.214,86.001,52.41,125.73,2.231,5.06,33.88,332.94,5116.169921875,3113.04296875,82.62999725341797,14.670000076293944,105.58000183105467,7.0,0.06989440321922302
2024-04-30,5.84,27.849,84.453,49.94,120.31,2.211,4.87,32.27,326.24,5035.68994140625,3104.824951171875,81.93000030517578,15.649999618530272,106.22000122070312,7.0,0.05860054865479469
2024-05-01,5.84,27.605,84.355,49.91,119.0,2.211,4.87,32.37,326.87,5018.39013671875,3104.824951171875,79.0,15.390000343322754,105.76000213623048,6.0,0.050653908401727676
2024-05-02,5.75,27.814,84.728,48.78,125.3,2.23,4.87,32.72,334.34,5064.2001953125,3104.824951171875,78.94999694824219,14.68000030517578,105.3000030517578,6.0,0.03528541699051857
2024-05-03,5.71,28.025,85.402,50.45,128.1,2.207,4.87,33.14,338.26,5127.7900390625,3104.824951171875,78.11000061035156,13.489999771118164,105.02999877929688,6.0,0.023192167282104492
2024-05-04,5.71,28.025,85.402,50.45,128.1,2.207,4.87,33.14,338.26,5127.7900390625,3104.824951171875,78.11000061035156,13.489999771118164,105.02999877929688,6.0,0.054649583995342255
2024-05-05,5.71,28.025,85.402,50.45,128.1,2.207,4.87,33.14,338.26,5127.7900390625,3104.824951171875,78.11000061035156,13.489999771118164,105.02999877929688,6.0,0.04843888059258461
2024-05-06,5.71,28.025,85.402,50.45,128.1,2.207,4.87,33.14,341.78,5180.740234375,3140.719970703125,78.4800033569336,13.489999771118164,105.0500030517578,6.0,0.0442582368850708
2024-05-07,5.85,28.64,86.876,51.39,131.55,2.207,5.071,32.87,346.86,5187.7001953125,3147.738037109375,78.37999725341797,13.229999542236328,105.41000366210938,6.0,0.05767396464943886
2024-05-08,5.76,28.535,85.646,49.96,130.46,2.2,4.96,32.53,344.53,5187.669921875,3128.47998046875,78.98999786376953,13.0,105.5500030517578,6.0,0.059719521552324295
2024-05-09,5.8,28.501,86.199,51.08,133.55,2.247,5.158,33.61,353.67,5214.080078125,3154.320068359375,79.26000213623047,12.6899995803833,105.2300033569336,6.0,0.04777143895626068
2024-05-10,5.96,28.325,85.826,51.59,129.62,2.319,5.072,34.07,350.74,5222.68017578125,3154.547119140625,78.26000213623047,12.550000190734863,105.30999755859376,6.0,0.039882052689790726
2024-05-11,5.96,28.325,85.826,51.59,129.62,2.319,5.072,34.07,350.74,5222.68017578125,3154.547119140625,78.26000213623047,12.550000190734863,105.30999755859376,6.0,0.04836736619472504
2024-05-12,5.96,28.325,85.826,51.59,129.62,2.319,5.072,34.07,350.74,5222.68017578125,3154.547119140625,78.26000213623047,12.550000190734863,105.30999755859376,6.0,0.05741323530673981
2024-05-13,5.97,28.575,85.257,52.04,131.51,2.322,4.919,33.35,350.19,5221.419921875,3148.02099609375,79.12000274658203,13.600000381469728,105.22000122070312,6.0,0.04134465754032135
2024-05-14,6.2,28.578,84.854,53.48,135.46,2.353,4.903,32.35,356.36,5246.68017578125,3145.77392578125,78.0199966430664,13.420000076293944,105.01000213623048,6.0,0.05558551847934723
2024-05-15,6.19,29.505,86.648,53.61,127.57,2.353,4.841,32.66,350.7,5308.14990234375,3119.902099609375,78.62999725341797,12.449999809265137,104.3499984741211,6.0,0.050173331052064896
2024-05-16,6.24,29.739,87.061,52.04,129.19,2.366,4.787,32.66,352.32,5297.10009765625,3122.40087890625,79.2300033569336,12.420000076293944,104.45999908447266,6.0,0.052003439515829086
2024-05-17,6.31,30.04,88.435,54.23,131.12,2.402,4.868,33.35,359.72,5303.27001953125,3154.02587890625,80.05999755859375,11.989999771118164,104.4499969482422,6.0,0.06538394093513489
2024-05-18,6.31,30.04,88.435,54.23,131.12,2.402,4.868,33.35,359.72,5303.27001953125,3154.02587890625,80.05999755859375,11.989999771118164,104.4499969482422,6.0,0.05239603668451309
2024-05-19,6.31,30.04,88.435,54.23,131.12,2.402,4.868,33.35,359.72,5303.27001953125,3154.02587890625,80.05999755859375,11.989999771118164,104.4499969482422,6.0,0.05206507444381714
2024-05-20,6.37,30.482,90.585,54.86,130.15,2.521,4.899,33.4,362.03,5308.1298828125,3171.14501953125,79.80000305175781,12.149999618530272,104.56999969482422,6.0,0.0651547834277153
2024-05-21,6.35,30.681,89.358,54.32,126.64,2.373,4.815,33.49,352.99,5321.41015625,3157.966064453125,79.26000213623047,11.859999656677246,104.66000366210938,6.0,0.07338598370552063
2024-05-22,6.14,30.602,90.117,51.23,126.48,2.323,4.9,33.66,347.86,5307.009765625,3158.5400390625,77.56999969482422,12.289999961853027,104.94000244140624,6.0,0.07187563925981522
2024-05-23,6.14,29.668,88.19,51.2,122.95,2.238,4.73,32.95,338.44,5267.83984375,3116.386962890625,76.87000274658203,12.770000457763672,105.11000061035156,6.0,0.09537100791931152
2024-05-24,6.17,29.583,87.808,51.53,127.59,2.237,4.667,32.68,339.9,5304.72021484375,3088.87109375,77.72000122070312,11.93000030517578,104.72000122070312,6.0,0.09591032564640045
2024-05-25,6.17,29.583,87.808,51.53,127.59,2.237,4.667,32.68,339.9,5304.72021484375,3088.87109375,77.72000122070312,11.93000030517578,104.72000122070312,6.0,0.08466066420078278
2024-05-26,6.17,29.583,87.808,51.53,127.59,2.237,4.667,32.68,339.9,5304.72021484375,3088.87109375,77.72000122070312,11.93000030517578,104.72000122070312,6.0,0.0791914239525795
2024-05-27,6.17,29.583,87.808,51.53,127.59,2.237,4.667,32.68,341.31,5304.72021484375,3124.04296875,77.72000122070312,11.93000030517578,104.72000122070312,6.0,0.08175575733184814
2024-05-28,6.24,29.969,87.501,53.63,127.76,2.304,4.63,32.02,340.49,5306.0400390625,3109.572021484375,79.83000183105469,12.920000076293944,104.61000061035156,6.0,0.07037844508886337
2024-05-29,6.14,29.802,85.718,52.77,123.44,2.299,4.693,30.91,335.89,5266.9501953125,3111.01806640625,79.2300033569336,14.279999732971191,105.0999984741211,6.0,0.06291147321462631
2024-05-30,6.13,29.38,84.664,52.31,123.78,2.172,4.719,31.34,332.28,5235.47998046875,3091.677978515625,77.91000366210938,14.470000267028809,104.72000122070312,6.0,0.07015973329544067
2024-05-31,6.12,29.608,85.784,52.73,122.59,2.115,4.644,31.41,331.65,5277.509765625,3086.81298828125,76.98999786376953,12.920000076293944,104.66999816894533,6.0,0.060933005064725876
2024-06-01,6.12,29.608,85.784,52.73,122.59,2.115,4.644,31.41,331.65,5277.509765625,3086.81298828125,76.98999786376953,12.920000076293944,104.66999816894533,6.0,0.07030630111694336
2024-06-02,6.12,29.608,85.784,52.73,122.59,2.115,4.644,31.41,331.65,5277.509765625,3086.81298828125,76.98999786376953,12.920000076293944,104.66999816894533,6.0,0.0954693928360939
2024-06-03,6.17,29.969,85.954,52.04,120.89,2.143,4.606,31.44,329.55,5283.39990234375,3078.489013671875,74.22000122070312,13.109999656677246,104.13999938964844,6.0,0.08741296827793121
2024-06-04,5.98,29.42,84.691,49.7,118.31,2.137,4.629,30.09,323.69,5291.33984375,3091.198974609375,73.25,13.15999984741211,104.11000061035156,6.0,0.06494482606649399
2024-06-05,6.01,29.18,83.486,50.49,118.65,2.099,4.559,29.78,321.76,5354.02978515625,3065.403076171875,74.06999969482422,12.630000114440918,104.2699966430664,6.0,0.07590192556381226
2024-06-06,6.1,29.359,82.986,51.25,118.18,2.182,4.562,30.26,320.07,5352.9599609375,3048.7939453125,75.55000305175781,12.579999923706056,104.0999984741211,6.0,0.08313753455877304
2024-06-07,5.98,29.31,82.479,49.27,114.94,2.24,4.448,29.73,314.47,5346.990234375,3051.279052734375,75.52999877929688,12.220000267028809,104.88999938964844,6.0,0.08491947501897812
2024-06-08,5.98,29.31,82.479,49.27,114.94,2.24,4.448,29.73,314.47,5346.990234375,3051.279052734375,75.52999877929688,12.220000267028809,104.88999938964844,6.0,0.08649817854166031
2024-06-09,5.98,29.31,82.479,49.27,114.94,2.24,4.448,29.73,314.47,5346.990234375,3051.279052734375,75.52999877929688,12.220000267028809,104.88999938964844,6.0,0.1115715429186821
2024-06-10,6.06,29.31,82.479,50.0,114.06,2.24,4.448,29.63,314.44,5360.7900390625,3051.279052734375,77.73999786376953,12.739999771118164,105.1500015258789,6.0,0.1262848973274231
2024-06-11,5.93,28.912,81.244,49.34,113.97,2.13,4.403,29.48,307.12,5375.31982421875,3028.044921875,77.9000015258789,12.850000381469728,105.2300033569336,6.0,0.13868409395217896
2024-06-12,5.92,28.984,80.649,49.2,112.65,2.138,4.431,29.81,309.31,5421.02978515625,3037.468017578125,78.5,12.039999961853027,104.6500015258789,6.0,0.1312786042690277
2024-06-13,5.87,28.663,80.031,47.99,108.23,2.097,4.368,29.9,299.52,5433.740234375,3028.9189453125,78.62000274658203,11.9399995803833,105.1999969482422,6.0,0.14063811302185059
2024-06-14,5.76,28.5,79.5,48.11,103.51,2.118,4.348,29.71,290.36,5431.60009765625,3032.633056640625,78.44999694824219,12.65999984741211,105.5500030517578,6.0,0.13863758742809296
2024-06-15,5.76,28.5,79.5,48.11,103.51,2.118,4.348,29.71,290.36,5431.60009765625,3032.633056640625,78.44999694824219,12.65999984741211,105.5500030517578,6.0,0.12272763252258301
2024-06-16,5.76,28.5,79.5,48.11,103.51,2.118,4.348,29.71,290.36,5431.60009765625,3032.633056640625,78.44999694824219,12.65999984741211,105.5500030517578,6.0,0.12370242923498154
2024-06-17,5.7,28.127,78.127,47.26,100.63,2.09,4.363,29.54,286.19,5473.22998046875,3015.89111328125,80.33000183105469,12.75,105.31999969482422,6.0,0.12320953607559204
2024-06-18,5.76,28.483,79.368,47.69,99.54,2.06,4.39,29.78,285.74,5487.02978515625,3030.24609375,81.56999969482422,12.300000190734863,105.26000213623048,6.0,0.12730322778224945
2024-06-19,5.8,28.512,79.525,47.69,99.54,2.119,4.273,30.29,285.06,5487.02978515625,3018.049072265625,81.56999969482422,12.300000190734863,105.26000213623048,6.0,0.09830392152070999
2024-06-20,5.87,28.446,79.628,49.36,93.79,2.135,4.115,30.63,281.12,5473.169921875,3005.43701171875,82.16999816894531,13.279999732971191,105.58999633789062,6.0,0.09361949563026428
2024-06-21,5.75,28.402,79.834,49.56,94.66,2.106,4.028,30.67,277.81,5464.6201171875,2998.137939453125,80.7300033569336,13.199999809265137,105.8000030517578,6.0,0.07005353271961212
2024-06-22,5.75,28.402,79.834,49.56,94.66,2.106,4.028,30.67,277.81,5464.6201171875,2998.137939453125,80.7300033569336,13.199999809265137,105.8000030517578,6.0,0.060491666197776794
2024-06-23,5.75,28.402,79.834,49.56,94.66,2.106,4.028,30.67,277.81,5464.6201171875,2998.137939453125,80.7300033569336,13.199999809265137,105.8000030517578,6.0,0.06278915703296661
2024-06-24,5.83,28.241,79.2,50.38,96.4,2.147,3.935,31.09,276.2,5447.8701171875,2963.09912109375,81.62999725341797,13.329999923706056,105.47000122070312,6.0,0.06115639954805374
2024-06-25,5.76,28.786,80.704,49.88,92.77,2.128,3.865,31.35,271.7,5469.2998046875,2949.99609375,80.83000183105469,12.84000015258789,105.61000061035156,6.0,0.05602002888917923
2024-06-26,5.73,28.804,80.397,49.47,100.28,2.1,4.156,31.29,279.4,5477.89990234375,2972.52490234375,80.9000015258789,12.550000190734863,106.0500030517578,6.0,0.05155268684029579
2024-06-27,5.72,28.673,80.763,48.32,96.27,2.044,4.023,30.87,274.77,5482.8701171875,2945.85205078125,81.73999786376953,12.239999771118164,105.91000366210938,6.0,0.03154560551047325
2024-06-28,5.7,28.455,79.337,48.6,95.52,2.111,3.942,31.03,271.25,5460.47998046875,2967.403076171875,81.54000091552734,12.4399995803833,105.87000274658205,6.0,0.020200097933411598
2024-06-29,5.7,28.455,79.337,48.6,95.52,2.111,3.942,31.03,271.25,5460.47998046875,2967.403076171875,81.54000091552734,12.4399995803833,105.87000274658205,6.0,0.026418421417474747
2024-06-30,5.7,28.455,79.337,48.6,95.52,2.111,3.942,31.03,271.25,5460.47998046875,2967.403076171875,81.54000091552734,12.4399995803833,105.87000274658205,6.0,0.03024963289499283
2024-07-01,5.84,28.833,80.354,48.41,97.41,2.111,3.967,30.18,274.19,5475.08984375,2994.72998046875,83.37999725341797,12.220000267028809,105.9000015258789,6.0,0.037446994334459305
2024-07-02,5.91,28.77,79.745,48.71,97.06,2.127,3.921,29.81,271.65,5509.009765625,2997.010986328125,82.80999755859375,12.029999732971191,105.72000122070312,6.0,0.028020568192005157
2024-07-03,6.08,29.263,81.192,50.65,100.09,2.167,4.054,30.31,279.05,5537.02001953125,2982.3759765625,83.87999725341797,12.09000015258789,105.4000015258789,6.0,0.03241439536213875
2024-07-04,6.13,30.117,83.596,50.65,100.09,2.218,3.992,30.45,279.23,5537.02001953125,2957.56689453125,83.87999725341797,12.09000015258789,105.4000015258789,6.0,0.03013380989432335
2024-07-05,6.19,29.959,82.925,51.52,98.35,2.26,3.978,30.71,278.58,5567.18994140625,2949.93310546875,83.16000366210938,12.479999542236328,104.87999725341795,6.0,0.05088774487376213
2024-07-06,6.19,29.959,82.925,51.52,98.35,2.26,3.978,30.71,278.58,5567.18994140625,2949.93310546875,83.16000366210938,12.479999542236328,104.87999725341795,6.0,0.074172742664814
2024-07-07,6.19,29.959,82.925,51.52,98.35,2.26,3.978,30.71,278.58,5567.18994140625,2949.93310546875,83.16000366210938,12.479999542236328,104.87999725341795,6.0,0.058500345796346664
2024-07-08,6.14,29.288,80.765,51.13,99.15,2.243,3.799,30.32,275.56,5572.85009765625,2922.449951171875,82.33000183105469,12.369999885559082,105.01000213623048,6.0,0.06303966045379639
2024-07-09,6.09,29.481,81.284,50.8,90.47,2.284,3.744,29.84,271.85,5576.97998046875,2959.3720703125,81.41000366210938,12.510000228881836,105.12000274658205,6.0,0.08002200722694397
2024-07-10,6.15,29.127,80.539,51.59,96.9,2.21,3.824,30.34,273.63,5633.91015625,2939.364013671875,82.0999984741211,12.850000381469728,105.0500030517578,6.0,0.09267711639404297
2024-07-11,6.18,29.442,80.851,51.51,97.95,2.257,4.022,30.32,282.78,5584.5400390625,2970.386962890625,82.62000274658203,12.920000076293944,104.44000244140624,6.0,0.10265320539474487
2024-07-12,6.21,29.438,81.281,51.28,97.87,2.252,3.982,30.54,285.7,5615.35009765625,2971.294921875,82.20999908447266,12.460000038146973,104.08999633789062,6.0,0.0989324301481247
2024-07-13,6.21,29.438,81.281,51.28,97.87,2.252,3.982,30.54,285.7,5615.35009765625,2971.294921875,82.20999908447266,12.460000038146973,104.08999633789062,6.0,0.07611346244812012
2024-07-14,6.21,29.438,81.281,51.28,97.87,2.252,3.982,30.54,285.7,5615.35009765625,2971.294921875,82.20999908447266,12.460000038146973,104.08999633789062,6.0,0.07169225811958313
2024-07-15,6.11,29.517,81.0,50.42,95.49,2.265,3.937,30.07,282.43,5631.22021484375,2974.010986328125,81.91000366210938,13.119999885559082,104.19000244140624,6.0,0.08405081927776337
2024-07-16,5.95,29.006,78.648,50.07,97.71,2.277,3.962,29.37,285.4,5667.2001953125,2976.303955078125,80.76000213623047,13.1899995803833,104.2699966430664,6.0,0.09311341494321823
2024-07-17,5.96,28.724,78.343,48.5,95.08,2.172,3.954,29.03,281.12,5588.27001953125,2962.85498046875,82.8499984741211,14.479999542236328,103.75,6.0,0.11278284341096878
2024-07-18,5.84,28.604,77.738,45.92,93.81,2.172,3.956,29.02,277.65,5544.58984375,2977.133056640625,82.81999969482422,15.93000030517578,104.16999816894533,6.0,0.1223762109875679
2024-07-19,5.71,27.904,76.168,45.9,92.09,2.09,3.978,28.46,274.37,5505.0,2982.30908203125,80.12999725341797,16.520000457763672,104.4000015258789,6.0,0.11755649000406265
2024-07-20,5.71,27.904,76.168,45.9,92.09,2.09,3.978,28.46,274.37,5505.0,2982.30908203125,80.12999725341797,16.520000457763672,104.4000015258789,6.0,0.06865496188402176
2024-07-21,5.71,27.904,76.168,45.9,92.09,2.09,3.978,28.46,274.37,5505.0,2982.30908203125,80.12999725341797,16.520000457763672,104.4000015258789,6.0,0.09463207423686981
2024-07-22,5.73,27.657,76.018,46.01,93.57,2.075,3.99,28.34,272.9,5564.41015625,2964.216064453125,79.77999877929688,14.90999984741211,104.30999755859376,6.0,0.12358828634023666
2024-07-23,5.59,27.422,75.274,45.27,91.48,2.016,3.838,27.65,267.45,5555.740234375,2915.368896484375,76.95999908447266,14.720000267028809,104.4499969482422,6.0,0.12810610234737396
2024-07-24,5.59,27.351,75.306,44.18,90.88,2.011,3.671,28.13,262.0,5427.1298828125,2901.951904296875,77.58999633789062,18.040000915527344,104.38999938964844,6.0,0.12566186487674713
2024-07-25,5.56,26.93,73.755,44.53,91.0,1.909,3.774,28.55,261.38,5399.22021484375,2886.741943359375,78.27999877929688,18.459999084472656,104.36000061035156,6.0,0.12959273159503937
2024-07-26,5.58,27.567,75.898,45.0,92.8,1.952,3.862,30.05,266.01,5459.10009765625,2890.89697265625,77.16000366210938,16.389999389648438,104.31999969482422,6.0,0.13196177780628204
2024-07-27,5.58,27.567,75.898,45.0,92.8,1.952,3.862,30.05,266.01,5459.10009765625,2890.89697265625,77.16000366210938,16.389999389648438,104.31999969482422,6.0,0.13977526128292084
2024-07-28,5.58,27.567,75.898,45.0,92.8,1.952,3.862,30.05,266.01,5459.10009765625,2890.89697265625,77.16000366210938,16.389999389648438,104.31999969482422,6.0,0.13039113581180573
2024-07-29,5.5,27.547,75.872,44.38,91.67,1.985,3.698,29.51,260.64,5463.5400390625,2891.844970703125,75.80999755859375,16.600000381469727,104.55999755859376,6.0,0.11890615522861481
2024-07-30,5.35,27.155,74.953,43.85,92.51,1.948,3.678,28.67,257.56,5436.43994140625,2879.300048828125,74.7300033569336,17.690000534057617,104.5500030517578,6.0,0.12013405561447144
2024-07-31,5.53,27.664,76.832,45.41,93.67,2.03,3.896,29.64,264.84,5522.2998046875,2938.7490234375,77.91000366210938,16.360000610351562,104.0999984741211,6.0,0.11856552213430405
2024-08-01,5.29,27.61,77.781,43.63,93.17,2.04,3.796,29.0,260.12,5446.68017578125,2932.386962890625,76.30999755859375,18.59000015258789,104.41999816894533,6.0,0.11463230848312378
2024-08-02,5.18,27.325,77.294,41.97,86.99,1.993,3.802,28.17,249.13,5346.56005859375,2905.337890625,73.5199966430664,23.38999938964844,103.20999908447266,6.0,0.08386308699846268
2024-08-03,5.18,27.325,77.294,41.97,86.99,1.993,3.802,28.17,249.13,5346.56005859375,2905.337890625,73.5199966430664,23.38999938964844,103.20999908447266,6.0,0.04371601715683937
2024-08-04,5.18,27.325,77.294,41.97,86.99,1.993,3.802,28.17,249.13,5346.56005859375,2905.337890625,73.5199966430664,23.38999938964844,103.20999908447266,6.0,0.051350586116313934
2024-08-05,5.0,26.701,77.083,40.87,83.52,1.952,3.787,27.49,239.57,5186.330078125,2860.697998046875,72.94000244140625,38.56999969482422,102.69000244140624,6.0,0.011050090193748474
2024-08-06,4.99,26.893,77.101,41.04,79.53,1.899,3.896,27.3,240.24,5240.02978515625,2867.283935546875,73.19999694824219,27.709999084472656,102.97000122070312,6.0,-0.02882371097803116
2024-08-07,5.13,26.733,76.021,39.52,79.06,1.931,3.804,27.4,242.07,5199.5,2869.833984375,75.2300033569336,27.850000381469727,103.1999969482422,6.0,-0.038954976946115494
2024-08-08,5.14,26.506,75.254,41.04,81.83,1.917,3.806,27.78,244.78,5319.31005859375,2869.90087890625,76.19000244140625,23.790000915527344,103.20999908447266,6.0,-0.035076700150966644
2024-08-09,5.17,26.853,76.544,41.05,81.65,1.949,3.754,27.86,246.25,5344.16015625,2862.194091796875,76.83999633789062,20.3700008392334,103.13999938964844,6.0,-0.05804847925901413
2024-08-10,5.17,26.853,76.544,41.05,81.65,1.949,3.754,27.86,246.25,5344.16015625,2862.194091796875,76.83999633789062,20.3700008392334,103.13999938964844,6.0,-0.06014095991849899
2024-08-11,5.17,26.853,76.544,41.05,81.65,1.949,3.754,27.86,246.25,5344.16015625,2862.194091796875,76.83999633789062,20.3700008392334,103.13999938964844,6.0,-0.05305006355047226
2024-08-12,5.24,26.761,75.648,41.56,76.0,1.964,3.71,27.95,241.65,5344.39013671875,2858.205078125,80.05999755859375,20.709999084472656,103.13999938964844,6.0,-0.026535937562584877
2024-08-13,5.21,27.021,76.535,41.89,77.22,1.977,3.796,28.14,242.82,5434.43017578125,2867.946044921875,78.3499984741211,18.1200008392334,102.55999755859376,6.0,-0.0017346504610031843
2024-08-14,5.17,26.133,74.159,41.91,72.85,1.971,3.725,27.65,239.8,5455.2099609375,2850.654052734375,76.9800033569336,16.190000534057617,102.56999969482422,6.0,0.009668359532952309
2024-08-15,5.25,25.926,71.674,43.58,79.14,1.97,3.704,27.55,245.25,5543.22021484375,2877.35791015625,78.16000366210938,15.229999542236328,102.9800033569336,6.0,0.017498765140771866
2024-08-16,5.23,26.671,73.386,43.44,79.37,2.025,3.678,27.75,247.54,5554.25,2879.429931640625,76.6500015258789,14.800000190734863,102.45999908447266,6.0,0.029947571456432343
2024-08-17,5.23,26.671,73.386,43.44,79.37,2.025,3.678,27.75,247.54,5554.25,2879.429931640625,76.6500015258789,14.800000190734863,102.45999908447266,6.0,0.04935277998447418
2024-08-18,5.23,26.671,73.386,43.44,79.37,2.025,3.678,27.75,247.54,5554.25,2879.429931640625,76.6500015258789,14.800000190734863,102.45999908447266,6.0,0.06769838184118271
2024-08-19,5.39,26.73,73.887,44.25,82.78,2.062,3.717,28.48,251.07,5608.25,2893.674072265625,74.37000274658203,14.649999618530272,101.88999938964844,6.0,0.06337465345859528
2024-08-20,5.34,27.133,74.468,43.53,84.22,2.054,3.782,28.68,250.45,5597.1201171875,2866.660888671875,74.04000091552734,15.880000114440918,101.44000244140624,6.0,0.07726822048425674
2024-08-21,5.41,27.561,75.463,43.89,88.6,2.053,3.841,29.25,260.58,5620.85009765625,2856.583984375,71.93000030517578,16.270000457763672,101.04000091552734,6.0,0.053974878042936325
2024-08-22,5.3,27.446,75.199,43.3,86.88,2.057,3.709,28.71,255.13,5570.64013671875,2848.77197265625,73.01000213623047,17.549999237060547,101.51000213623048,6.0,0.03719661012291908
2024-08-23,5.43,27.623,75.208,44.66,90.5,2.05,3.582,29.15,258.13,5634.60986328125,2854.367919921875,74.83000183105469,15.859999656677246,100.72000122070312,6.0,0.04022820666432381
2024-08-24,5.43,27.623,75.208,44.66,90.5,2.05,3.582,29.15,258.13,5634.60986328125,2854.367919921875,74.83000183105469,15.859999656677246,100.72000122070312,6.0,0.03846662491559982
2024-08-25,5.43,27.623,75.208,44.66,90.5,2.05,3.582,29.15,258.13,5634.60986328125,2854.367919921875,74.83000183105469,15.859999656677246,100.72000122070312,6.0,0.05751441419124603
2024-08-26,5.43,27.623,75.208,44.66,90.5,2.05,3.582,29.15,259.74,5616.83984375,2855.52001953125,77.41999816894531,16.149999618530273,100.8499984741211,6.0,0.06129604950547218
2024-08-27,5.44,28.085,75.989,45.23,88.98,2.077,3.655,29.63,257.58,5625.7998046875,2848.73095703125,75.52999877929688,15.43000030517578,100.5500030517578,6.0,0.0809909775853157
2024-08-28,5.34,27.656,75.239,43.87,88.0,2.025,3.645,28.92,254.58,5592.18017578125,2837.428955078125,74.5199966430664,17.110000610351562,101.08999633789062,6.0,0.08256666362285614
2024-08-29,5.27,27.548,74.76,43.83,91.65,2.049,3.718,28.92,258.22,5591.9599609375,2823.10595703125,75.91000366210938,15.649999618530272,101.33999633789062,6.0,0.08905995637178421
2024-08-30,5.26,27.577,75.452,44.28,90.25,2.029,3.855,28.44,258.51,5648.39990234375,2842.214111328125,73.55000305175781,15.0,101.6999969482422,6.0,0.10501190274953842
2024-08-31,5.26,27.577,75.452,44.28,90.25,2.029,3.855,28.44,258.51,5648.39990234375,2842.214111328125,73.55000305175781,15.0,101.6999969482422,6.0,0.08998013287782669
2024-09-01,5.26,27.577,75.452,44.28,90.25,2.029,3.855,28.44,258.51,5648.39990234375,2842.214111328125,73.55000305175781,15.0,101.6999969482422,7.0,0.09903591126203537
2024-09-02,5.26,27.384,74.649,44.28,90.25,1.998,3.667,28.57,254.87,5648.39990234375,2811.034912109375,73.55000305175781,15.0,101.6999969482422,7.0,0.09372653067111969
2024-09-03,5.04,26.588,72.538,41.36,84.12,1.959,3.735,27.12,245.58,5528.93017578125,2802.97900390625,70.33999633789062,20.71999931335449,101.83000183105467,7.0,0.09695401042699814
2024-09-04,5.0,25.982,71.059,41.61,84.75,1.839,3.705,27.04,243.82,5520.06982421875,2784.278076171875,69.19999694824219,21.31999969482422,101.36000061035156,7.0,0.10738305747509003
2024-09-05,5.0,26.225,72.179,41.4,82.6,1.84,3.765,27.17,242.24,5503.41015625,2788.31396484375,69.1500015258789,19.899999618530277,101.11000061035156,7.0,0.11183510720729828
2024-09-06,4.82,25.646,71.382,40.0,76.9,1.84,3.699,26.05,234.87,5408.419921875,2765.806884765625,67.66999816894531,22.3799991607666,101.18000030517578,7.0,0.06931361556053162
2024-09-07,4.82,25.646,71.382,40.0,76.9,1.84,3.699,26.05,234.87,5408.419921875,2765.806884765625,67.66999816894531,22.3799991607666,101.18000030517578,7.0,0.05178733542561531
2024-09-08,4.82,25.646,71.382,40.0,76.9,1.84,3.699,26.05,234.87,5408.419921875,2765.806884765625,67.66999816894531,22.3799991607666,101.18000030517578,7.0,0.07161182910203934
2024-09-09,4.84,25.814,71.149,40.4,78.41,1.773,3.613,26.02,233.68,5471.0498046875,2736.488037109375,68.70999908447266,19.450000762939453,101.5500030517578,7.0,0.06687068194150925
2024-09-10,4.75,25.713,71.239,40.41,78.62,1.772,3.555,25.78,232.38,5495.52001953125,2744.19189453125,65.75,19.07999992370605,101.62999725341795,7.0,0.06379543989896774
2024-09-11,4.73,26.248,72.291,41.3,89.3,1.767,3.911,25.62,246.39,5554.1298828125,2721.794921875,67.30999755859375,17.690000534057617,101.68000030517578,7.0,0.05148033797740936
2024-09-12,4.89,26.088,74.218,41.81,88.5,1.789,3.802,26.54,248.46,5595.759765625,2717.123046875,68.97000122070312,17.06999969482422,101.37000274658205,7.0,0.05041724815964699
2024-09-13,4.95,26.544,74.685,42.66,87.44,1.859,3.606,27.09,247.16,5626.02001953125,2704.090087890625,68.6500015258789,16.559999465942383,101.11000061035156,7.0,0.058121126145124435
2024-09-14,4.95,26.544,74.685,42.66,87.44,1.859,3.606,27.09,247.16,5626.02001953125,2704.090087890625,68.6500015258789,16.559999465942383,101.11000061035156,7.0,0.0623733215034008
2024-09-15,4.95,26.544,74.685,42.66,87.44,1.859,3.606,27.09,247.16,5626.02001953125,2704.090087890625,68.6500015258789,16.559999465942383,101.11000061035156,7.0,0.09401736408472061
2024-09-16,4.99,26.7,74.808,42.89,89.35,1.892,3.606,27.22,247.56,5633.08984375,2704.090087890625,70.08999633789062,17.139999389648438,100.76000213623048,7.0,0.07696529477834702
2024-09-17,4.99,26.716,74.812,43.13,89.82,1.937,3.606,27.59,249.92,5634.580078125,2704.090087890625,71.19000244140625,17.610000610351562,100.88999938964844,7.0,0.08134758472442627
2024-09-18,5.02,26.504,74.217,43.92,86.59,1.937,3.587,27.52,247.88,5618.259765625,2717.281005859375,70.91000366210938,18.229999542236328,100.5999984741211,7.0,0.0865105390548706
2024-09-19,5.16,27.385,77.414,45.14,89.33,1.986,3.645,28.68,255.51,5713.64013671875,2736.02197265625,71.94999694824219,16.329999923706055,100.61000061035156,7.0,0.08636539429426193
2024-09-20,5.04,27.455,76.921,44.53,86.03,2.044,3.615,27.82,251.45,5702.5498046875,2736.81396484375,71.91999816894531,16.149999618530273,100.72000122070312,7.0,0.09972578287124634
2024-09-21,5.04,27.455,76.921,44.53,86.03,2.044,3.615,27.82,251.45,5702.5498046875,2736.81396484375,71.91999816894531,16.149999618530273,100.72000122070312,7.0,0.09532909095287323
2024-09-22,5.04,27.455,76.921,44.53,86.03,2.044,3.615,27.82,251.45,5702.5498046875,2736.81396484375,71.91999816894531,16.149999618530273,100.72000122070312,7.0,0.09588148444890976
2024-09-23,5.14,27.222,76.818,45.14,88.71,2.055,3.628,27.79,254.25,5718.56982421875,2748.91796875,70.37000274658203,15.890000343322754,100.91999816894533,7.0,0.10421612858772278
2024-09-24,5.36,28.336,80.246,48.72,90.46,2.15,3.912,29.78,266.56,5732.93017578125,2863.1259765625,71.55999755859375,15.390000343322754,100.37000274658205,7.0,0.08611071109771729
2024-09-25,5.37,29.13,82.444,48.31,86.58,2.189,3.912,30.03,265.53,5722.259765625,2896.305908203125,69.69000244140625,15.40999984741211,100.91999816894533,7.0,0.08697232604026794
2024-09-26,5.68,29.897,84.96,51.91,95.17,2.263,4.07,32.1,281.79,5745.3701171875,3000.952880859375,67.66999816894531,15.369999885559082,100.55999755859376,7.0,0.09973352402448654
2024-09-27,5.71,30.88,87.966,51.34,96.05,2.265,4.47,31.98,291.29,5738.169921875,3087.529052734375,68.18000030517578,16.959999084472656,100.41999816894533,7.0,0.07521843165159225
2024-09-28,5.71,30.88,87.966,51.34,96.05,2.265,4.47,31.98,291.29,5738.169921875,3087.529052734375,68.18000030517578,16.959999084472656,100.41999816894533,7.0,0.08827532082796097
2024-09-29,5.71,30.88,87.966,51.34,96.05,2.265,4.47,31.98,291.29,5738.169921875,3087.529052734375,68.18000030517578,16.959999084472656,100.41999816894533,7.0,0.1069304421544075
2024-09-30,5.72,31.772,89.268,49.92,94.71,2.272,4.912,31.86,298.69,5762.47998046875,3336.4970703125,68.16999816894531,16.729999542236328,100.77999877929688,7.0,0.11151508241891861
2024-10-01,5.7,30.721,86.534,50.38,94.32,2.272,4.912,31.84,296.05,5708.75,3336.4970703125,69.83000183105469,19.26000022888184,101.19000244140624,7.0,0.10906686633825302
2024-10-02,5.75,31.019,86.711,50.82,94.07,2.37,4.912,32.25,298.12,5709.5400390625,3336.4970703125,70.0999984741211,18.899999618530277,101.68000030517578,7.0,0.1004638522863388
2024-10-03,5.63,31.029,86.199,49.77,94.31,2.321,4.912,31.19,291.57,5699.93994140625,3336.4970703125,73.70999908447266,20.489999771118164,101.98999786376952,7.0,0.11967960745096207
2024-10-04,5.68,30.288,84.028,50.55,102.09,2.39,4.912,31.26,296.66,5751.06982421875,3336.4970703125,74.37999725341797,19.209999084472656,102.5199966430664,7.0,0.11761704832315445
2024-10-05,5.68,30.288,84.028,50.55,102.09,2.39,4.912,31.26,296.66,5751.06982421875,3336.4970703125,74.37999725341797,19.209999084472656,102.5199966430664,7.0,0.1396329402923584
2024-10-06,5.68,30.288,84.028,50.55,102.09,2.39,4.912,31.26,296.66,5751.06982421875,3336.4970703125,74.37999725341797,19.209999084472656,102.5199966430664,7.0,0.14190545678138733
2024-10-07,5.72,30.312,81.875,50.79,104.47,2.377,4.912,31.38,310.84,5695.93994140625,3336.4970703125,77.13999938964844,22.63999938964844,102.54000091552734,7.0,0.1494058072566986
2024-10-08,5.47,29.536,81.608,48.59,100.26,2.21,5.371,29.33,305.12,5751.1298828125,3489.77490234375,73.56999969482422,21.420000076293945,102.5500030517578,7.0,0.12893685698509216
2024-10-09,5.5,29.071,79.422,48.87,101.92,2.126,4.821,29.61,305.15,5792.0400390625,3258.85791015625,73.23999786376953,20.86000061035156,102.93000030517578,7.0,0.13223674893379211
2024-10-10,5.51,29.584,80.78,49.54,102.96,2.18,4.738,29.45,308.58,5780.0498046875,3301.926025390625,75.8499984741211,20.93000030517578,102.98999786376952,7.0,0.12645429372787476
2024-10-11,5.54,29.315,80.717,50.03,102.02,2.18,4.472,29.42,308.89,5815.02978515625,3217.738037109375,75.55999755859375,20.459999084472656,102.88999938964844,7.0,0.13211099803447723
2024-10-12,5.54,29.315,80.717,50.03,102.02,2.18,4.472,29.42,308.89,5815.02978515625,3217.738037109375,75.55999755859375,20.459999084472656,102.88999938964844,7.0,0.12423983961343765
2024-10-13,5.54,29.315,80.717,50.03,102.02,2.18,4.472,29.42,308.89,5815.02978515625,3217.738037109375,75.55999755859375,20.459999084472656,102.88999938964844,7.0,0.13930436968803406
2024-10-14,5.49,29.455,81.373,48.86,99.6,2.226,4.51,29.51,305.23,5859.85009765625,3284.322998046875,73.83000183105469,19.700000762939453,103.3000030517578,7.0,0.1307826042175293
2024-10-15,5.28,29.496,81.811,47.28,95.74,2.124,4.333,28.52,297.38,5815.259765625,3201.2919921875,70.58000183105469,20.63999938964844,103.26000213623048,7.0,0.1365630328655243
2024-10-16,5.28,29.024,80.512,47.97,98.25,2.172,4.255,28.8,299.11,5842.47021484375,3202.947998046875,70.38999938964844,19.57999992370605,103.58999633789062,7.0,0.15147797763347626
2024-10-17,5.25,28.786,79.435,47.95,94.67,2.13,4.206,29.83,294.6,5841.47021484375,3169.384033203125,70.66999816894531,19.11000061035156,103.83000183105467,7.0,0.15486422181129456
2024-10-18,5.33,28.205,78.876,48.18,95.14,2.214,4.36,30.46,297.32,5864.669921875,3261.56298828125,69.22000122070312,18.030000686645508,103.48999786376952,7.0,0.16166697442531586
2024-10-19,5.33,28.205,78.876,48.18,95.14,2.214,4.36,30.46,297.32,5864.669921875,3261.56298828125,69.22000122070312,18.030000686645508,103.48999786376952,7.0,0.16844268143177032
2024-10-20,5.33,28.205,78.876,48.18,95.14,2.214,4.36,30.46,297.32,5864.669921875,3261.56298828125,69.22000122070312,18.030000686645508,103.48999786376952,7.0,0.1802941858768463
2024-10-21,5.28,28.39,79.769,47.94,93.84,2.239,4.442,30.09,296.25,5853.97998046875,3268.110107421875,70.55999755859375,18.3700008392334,104.01000213623048,7.0,0.20449680089950562
2024-10-22,5.3,28.154,78.936,48.53,96.46,2.213,4.558,30.3,301.12,5851.2001953125,3285.866943359375,72.08999633789062,18.200000762939453,104.08000183105467,7.0,0.21871891617774963
2024-10-23,5.17,28.144,78.575,47.92,93.96,2.232,4.653,29.45,296.76,5797.419921875,3302.802978515625,70.7699966430664,19.239999771118164,104.43000030517578,7.0,0.2136102020740509
2024-10-24,5.16,28.054,78.206,46.84,95.15,2.175,4.491,30.42,297.69,5809.85986328125,3280.262939453125,70.19000244140625,19.07999992370605,104.05999755859376,7.0,0.209254652261734
2024-10-25,5.24,27.99,77.968,46.6,93.51,2.167,4.761,30.95,301.96,5808.1201171875,3299.699951171875,71.77999877929688,20.32999992370605,104.26000213623048,7.0,0.20030787587165833
2024-10-26,5.24,27.99,77.968,46.6,93.51,2.167,4.761,30.95,301.96,5808.1201171875,3299.699951171875,71.77999877929688,20.32999992370605,104.26000213623048,7.0,0.19865234196186066
2024-10-27,5.24,27.99,77.968,46.6,93.51,2.167,4.761,30.95,301.96,5808.1201171875,3299.699951171875,71.77999877929688,20.32999992370605,104.26000213623048,7.0,0.21204297244548798
2024-10-28,5.25,28.281,79.075,46.73,98.14,2.146,4.808,31.34,307.74,5823.52001953125,3322.197998046875,67.37999725341797,19.799999237060547,104.31999969482422,7.0,0.19432418048381805
2024-10-29,5.27,28.234,79.442,46.57,96.65,2.17,4.672,31.7,305.82,5832.919921875,3286.406982421875,67.20999908447266,19.34000015258789,104.27999877929688,7.0,0.17311018705368042
2024-10-30,5.31,28.328,79.056,45.97,95.52,2.141,4.572,30.33,300.69,5813.669921875,3266.238037109375,68.61000061035156,20.350000381469727,103.98999786376952,7.0,0.18410088121891022
2024-10-31,5.24,28.061,78.518,45.02,94.73,2.133,4.774,30.37,299.33,5705.4501953125,3279.823974609375,69.26000213623047,23.15999984741211,103.9800033569336,7.0,0.18798723816871643
2024-11-01,5.27,28.059,79.58,45.59,98.24,2.176,4.791,30.38,308.3,5728.7998046875,3272.013916015625,69.48999786376953,21.8799991607666,104.27999877929688,7.0,0.20166386663913727
2024-11-02,5.27,28.059,79.58,45.59,98.24,2.176,4.791,30.38,308.3,5728.7998046875,3272.013916015625,69.48999786376953,21.8799991607666,104.27999877929688,7.0,0.20254190266132355
2024-11-03,5.27,28.059,79.58,45.59,98.24,2.176,4.791,30.38,308.3,5728.7998046875,3272.013916015625,69.48999786376953,21.8799991607666,104.27999877929688,7.0,0.20173664391040802
2024-11-04,5.27,28.048,78.837,46.27,100.57,2.164,4.875,30.38,310.23,5712.68994140625,3310.20703125,71.47000122070312,21.979999542236328,103.88999938964844,7.0,0.2144513577222824
2024-11-05,5.31,28.285,79.235,46.99,99.78,2.215,5.077,31.06,315.09,5782.759765625,3386.987060546875,71.98999786376953,20.489999771118164,103.41999816894533,7.0,0.23727591335773468
2024-11-06,5.17,27.98,78.409,46.87,96.58,2.143,5.022,30.22,311.33,5929.0400390625,3383.805908203125,71.69000244140625,16.270000457763672,105.08999633789062,7.0,0.2458156943321228
2024-11-07,5.39,28.709,81.245,48.58,99.93,2.108,5.059,31.58,315.09,5973.10009765625,3470.660888671875,72.36000061035156,15.199999809265137,104.51000213623048,7.0,0.24561583995819092
2024-11-08,5.1,28.557,81.138,46.36,100.84,2.112,5.015,30.06,309.1,5995.5400390625,3452.297119140625,70.37999725341797,14.9399995803833,105.0,7.0,0.2574983239173889
2024-11-09,5.1,28.557,81.138,46.36,100.84,2.112,5.015,30.06,309.1,5995.5400390625,3452.297119140625,70.37999725341797,14.9399995803833,105.0,7.0,0.2630293071269989
2024-11-10,5.1,28.557,81.138,46.36,100.84,2.112,5.015,30.06,309.1,5995.5400390625,3452.297119140625,70.37999725341797,14.9399995803833,105.0,7.0,0.2601465880870819
2024-11-11,5.0,27.368,78.54,44.9,110.49,2.035,5.489,29.37,314.62,6001.35009765625,3470.06591796875,68.04000091552734,14.970000267028809,105.54000091552734,7.0,0.26566654443740845
2024-11-12,4.8,26.72,76.789,43.6,102.8,1.944,5.801,27.76,307.83,5983.990234375,3421.969970703125,68.12000274658203,14.710000038146973,106.0199966430664,7.0,0.26430994272232056
2024-11-13,4.78,26.297,73.709,43.12,108.19,1.925,6.157,27.81,310.67,5985.3798828125,3439.278076171875,68.43000030517578,14.020000457763672,106.4800033569336,7.0,0.2900228202342987
2024-11-14,4.75,25.814,73.501,43.27,102.1,1.853,5.757,27.88,299.76,5949.169921875,3379.839111328125,68.69999694824219,14.3100004196167,106.66999816894533,7.0,0.2980918288230896
2024-11-15,4.79,25.889,73.494,42.7,103.53,1.891,5.384,28.22,295.32,5870.6201171875,3330.72607421875,67.0199966430664,16.139999389648438,106.69000244140624,7.0,0.2886982262134552
2024-11-16,4.79,25.889,73.494,42.7,103.53,1.891,5.384,28.22,295.32,5870.6201171875,3330.72607421875,67.0199966430664,16.139999389648438,106.69000244140624,7.0,0.27213695645332336
2024-11-17,4.79,25.889,73.494,42.7,103.53,1.891,5.384,28.22,295.32,5870.6201171875,3330.72607421875,67.0199966430664,16.139999389648438,106.69000244140624,7.0,0.2641058564186096
2024-11-18,4.86,26.262,75.618,43.55,104.03,1.912,5.228,28.82,295.58,5893.6201171875,3323.84912109375,69.16000366210938,15.579999923706056,106.27999877929688,7.0,0.25244930386543274
2024-11-19,4.81,26.326,75.564,44.12,106.45,2.002,5.748,28.67,299.48,5916.97998046875,3346.010009765625,69.38999938964844,16.350000381469727,106.20999908447266,7.0,0.25703221559524536
2024-11-20,4.82,26.064,75.37,43.7,109.55,1.991,5.984,29.04,299.0,5917.10986328125,3367.989013671875,68.87000274658203,17.15999984741211,106.68000030517578,7.0,0.2560919523239136
2024-11-21,4.8,25.92,75.814,43.76,108.98,1.976,5.913,29.01,300.5,5948.7099609375,3370.404052734375,70.0999984741211,16.8700008392334,106.97000122070312,7.0,0.24791400134563446
2024-11-22,4.77,26.108,76.179,43.72,108.38,1.94,5.67,29.0,296.24,5969.33984375,3267.19189453125,71.23999786376953,15.239999771118164,107.48999786376952,7.0,0.24541430175304413
2024-11-23,4.77,26.108,76.179,43.72,108.38,1.94,5.67,29.0,296.24,5969.33984375,3267.19189453125,71.23999786376953,15.239999771118164,107.48999786376952,7.0,0.24638023972511292
2024-11-24,4.77,26.108,76.179,43.72,108.38,1.94,5.67,29.0,296.24,5969.33984375,3267.19189453125,71.23999786376953,15.239999771118164,107.48999786376952,7.0,0.23747727274894714
2024-11-25,4.9,26.138,75.885,44.38,109.98,1.922,5.894,29.48,298.72,5987.3701171875,3263.760009765625,68.94000244140625,14.600000381469728,106.81999969482422,7.0,0.2323387861251831
2024-11-26,4.76,25.797,75.787,43.48,106.79,1.912,5.523,29.25,291.89,6021.6298828125,3259.757080078125,68.7699966430664,14.100000381469728,107.01000213623048,7.0,0.23084844648838043
2024-11-27,4.77,25.837,76.108,43.76,107.98,1.948,5.678,29.66,294.32,5998.740234375,3309.779052734375,68.72000122070312,14.100000381469728,106.08000183105467,7.0,0.21291600167751312
2024-11-28,4.74,26.041,76.129,43.76,107.98,1.904,5.658,29.76,292.55,5998.740234375,3295.697998046875,68.72000122070312,14.100000381469728,106.08000183105467,7.0,0.2098027765750885
2024-11-29,4.84,26.411,76.974,44.2,107.7,1.92,5.806,31.49,295.3,6032.3798828125,3326.4560546875,68.0,13.510000228881836,105.73999786376952,7.0,0.19402791559696198
2024-11-30,4.84,26.411,76.974,44.2,107.7,1.92,5.806,31.49,295.3,6032.3798828125,3326.4560546875,68.0,13.510000228881836,105.73999786376952,7.0,0.17147496342658997
2024-12-01,4.84,26.411,76.974,44.2,107.7,1.92,5.806,31.49,295.3,6032.3798828125,3326.4560546875,68.0,13.510000228881836,105.73999786376952,8.0,0.19495095312595367
2024-12-02,4.77,26.35,77.186,43.64,111.3,1.91,5.786,31.81,295.46,6047.14990234375,3363.98193359375,68.0999984741211,13.34000015258789,106.4499969482422,8.0,0.19348935782909393
2024-12-03,4.84,26.36,77.18,43.83,109.07,1.904,5.684,31.95,296.5,6049.8798828125,3378.805908203125,69.94000244140625,13.300000190734863,106.37000274658205,8.0,0.19369587302207947
2024-12-04,4.8,26.387,77.187,43.04,102.61,1.93,5.52,31.24,289.79,6086.490234375,3364.64990234375,68.54000091552734,13.449999809265137,106.33999633789062,8.0,0.19184722006320953
2024-12-05,4.81,26.181,77.903,42.79,101.1,1.907,5.492,31.19,284.36,6075.10986328125,3368.85498046875,68.30000305175781,13.539999961853027,105.70999908447266,8.0,0.19480597972869873
2024-12-06,4.82,26.003,76.527,42.07,104.96,1.939,5.542,30.8,283.59,6090.27001953125,3404.075927734375,67.19999694824219,12.770000457763672,105.97000122070312,8.0,0.19148829579353333
2024-12-07,4.82,26.003,76.527,42.07,104.96,1.939,5.542,30.8,283.59,6090.27001953125,3404.075927734375,67.19999694824219,12.770000457763672,105.97000122070312,8.0,0.20489701628684998
2024-12-08,4.82,26.003,76.527,42.07,104.96,1.939,5.542,30.8,283.59,6090.27001953125,3404.075927734375,67.19999694824219,12.770000457763672,105.97000122070312,8.0,0.22364209592342377
2024-12-09,5.03,26.128,76.916,43.73,109.66,2.017,5.445,31.65,288.22,6052.85009765625,3402.533935546875,68.37000274658203,14.1899995803833,106.1500015258789,8.0,0.24708865582942963
2024-12-10,4.93,26.667,79.866,42.67,103.98,1.991,5.372,31.37,285.17,6034.91015625,3422.660888671875,68.58999633789062,14.18000030517578,106.4000015258789,8.0,0.2605701982975006
2024-12-11,4.89,26.746,78.842,43.0,103.84,1.991,5.349,31.89,283.34,6084.18994140625,3432.489990234375,70.29000091552734,13.579999923706056,106.70999908447266,8.0,0.24700205028057098
2024-12-12,4.79,26.608,79.046,42.08,103.3,2.009,5.451,31.35,283.91,6051.25,3461.5,70.0199966430664,13.920000076293944,106.95999908447266,8.0,0.23894867300987244
2024-12-13,4.68,26.188,76.79,41.59,99.38,1.898,5.253,30.46,276.82,6051.08984375,3391.8779296875,71.29000091552734,13.8100004196167,107.0,8.0,0.22636635601520538
2024-12-14,4.68,26.188,76.79,41.59,99.38,1.898,5.253,30.46,276.82,6051.08984375,3391.8779296875,71.29000091552734,13.8100004196167,107.0,8.0,0.23336051404476166
2024-12-15,4.68,26.188,76.79,41.59,99.38,1.898,5.253,30.46,276.82,6051.08984375,3391.8779296875,71.29000091552734,13.8100004196167,107.0,8.0,0.20801274478435516
2024-12-16,4.66,25.703,75.574,40.74,99.54,1.87,5.118,30.31,272.14,6074.080078125,3386.3310546875,70.70999908447266,14.6899995803833,106.86000061035156,8.0,0.1958964318037033
2024-12-17,4.61,25.496,75.088,40.62,97.55,1.843,5.076,30.3,269.6,6050.60986328125,3361.485107421875,70.08000183105469,15.869999885559082,106.95999908447266,8.0,0.20621813833713531
2024-12-18,4.56,25.036,73.665,38.71,90.54,1.861,5.034,29.79,264.35,5872.16015625,3382.2080078125,70.58000183105469,27.6200008392334,108.02999877929688,8.0,0.19874271750450134
2024-12-19,4.43,24.744,73.211,38.24,88.92,1.848,4.993,28.67,261.36,5867.080078125,3370.032958984375,69.91000366210938,24.09000015258789,108.41000366210938,8.0,0.178334578871727
2024-12-20,4.44,24.744,72.962,38.86,88.65,1.808,5.085,28.77,260.38,5930.85009765625,3368.069091796875,69.45999908447266,18.36000061035156,107.62000274658205,8.0,0.15388184785842896
2024-12-21,4.44,24.744,72.962,38.86,88.65,1.808,5.085,28.77,260.38,5930.85009765625,3368.069091796875,69.45999908447266,18.36000061035156,107.62000274658205,8.0,0.13460946083068848
2024-12-22,4.44,24.744,72.962,38.86,88.65,1.808,5.085,28.77,260.38,5930.85009765625,3368.069091796875,69.45999908447266,18.36000061035156,107.62000274658205,8.0,0.1283094435930252
2024-12-23,4.44,24.922,73.166,39.25,89.2,1.851,5.001,28.68,262.68,5974.06982421875,3351.257080078125,69.23999786376953,16.780000686645508,108.04000091552734,8.0,0.1288730949163437
2024-12-24,4.46,24.776,72.437,39.22,89.99,1.849,5.104,29.3,266.35,6040.0400390625,3393.528076171875,70.0999984741211,14.270000457763672,108.26000213623048,8.0,0.1368655562400818
2024-12-25,4.46,24.776,72.437,39.22,89.99,1.849,5.104,29.3,266.35,6040.0400390625,3393.35009765625,70.0999984741211,14.270000457763672,108.26000213623048,8.0,0.13174808025360107
2024-12-26,4.46,24.776,72.437,39.22,89.99,1.849,5.104,29.3,265.0,6037.58984375,3398.076904296875,69.62000274658203,14.729999542236328,108.12999725341795,8.0,0.13048899173736572
2024-12-27,4.46,24.717,72.61,38.86,88.29,1.848,4.927,28.9,264.5,5970.83984375,3400.14208984375,70.5999984741211,15.949999809265137,108.0,8.0,0.13049067556858063
2024-12-28,4.46,24.717,72.61,38.86,88.29,1.848,4.927,28.9,264.5,5970.83984375,3400.14208984375,70.5999984741211,15.949999809265137,108.0,8.0,0.10914932936429977
2024-12-29,4.46,24.717,72.61,38.86,88.29,1.848,4.927,28.9,264.5,5970.83984375,3400.14208984375,70.5999984741211,15.949999809265137,108.0,8.0,0.08923400938510895
2024-12-30,4.42,24.773,73.292,38.16,86.14,1.836,4.984,28.76,261.52,5906.93994140625,3407.325927734375,70.98999786376953,17.399999618530273,108.12999725341795,8.0,0.10833778977394104
2024-12-31,4.42,24.47,72.673,38.08,86.08,1.82,4.796,29.01,258.35,5881.6298828125,3351.762939453125,71.72000122070312,17.350000381469727,108.48999786376952,8.0,0.13735641539096832
2025-01-01,4.42,24.47,72.673,38.08,86.08,1.82,4.796,29.01,258.35,5881.6298828125,3351.762939453125,71.72000122070312,17.350000381469727,108.48999786376952,7.0,0.14779947698116302
2025-01-02,4.49,24.787,73.326,37.88,85.23,1.823,4.668,28.92,260.57,5868.5498046875,3262.56103515625,73.12999725341797,17.93000030517578,109.38999938964844,7.0,0.16372546553611755
2025-01-03,4.49,24.699,72.972,37.71,87.79,1.859,4.515,28.59,262.91,5942.47021484375,3211.429931640625,73.95999908447266,16.1299991607666,108.9499969482422,7.0,0.18021747469902039
2025-01-04,4.49,24.699,72.972,37.71,87.79,1.859,4.515,28.59,262.91,5942.47021484375,3211.429931640625,73.95999908447266,16.1299991607666,108.9499969482422,7.0,0.18682356178760529
2025-01-05,4.49,24.699,72.972,37.71,87.79,1.859,4.515,28.59,262.91,5942.47021484375,3211.429931640625,73.95999908447266,16.1299991607666,108.9499969482422,7.0,0.1803012490272522
2025-01-06,4.59,24.335,72.069,38.57,90.19,1.837,4.623,29.38,271.43,5975.3798828125,3206.923095703125,73.55999755859375,16.040000915527344,108.26000213623048,7.0,0.17575733363628387
2025-01-07,4.51,24.106,71.415,38.74,89.98,1.895,4.743,28.99,274.0,5909.02978515625,3229.64404296875,74.25,17.81999969482422,108.54000091552734,7.0,0.18167248368263245
2025-01-08,4.5,24.487,72.05,39.74,87.38,1.88,4.636,28.64,271.18,5918.25,3230.16796875,73.31999969482422,17.700000762939453,109.08999633789062,7.0,0.17720714211463928
2025-01-09,4.5,24.32,72.117,39.74,87.38,1.886,4.655,29.44,270.93,5918.25,3211.39306640625,73.91999816894531,17.700000762939453,109.18000030517578,7.0,0.1491786390542984
2025-01-10,4.38,24.383,73.15,38.98,86.53,1.944,4.52,29.01,267.73,5827.0400390625,3168.52392578125,76.56999969482422,19.540000915527344,109.6500015258789,7.0,0.1651276797056198
2025-01-11,4.38,24.383,73.15,38.98,86.53,1.944,4.52,29.01,267.73,5827.0400390625,3168.52392578125,76.56999969482422,19.540000915527344,109.6500015258789,7.0,0.17074722051620483
2025-01-12,4.38,24.383,73.15,38.98,86.53,1.944,4.52,29.01,267.73,5827.0400390625,3168.52392578125,76.56999969482422,19.540000915527344,109.6500015258789,7.0,0.18058335781097412
2025-01-13,4.44,24.455,73.377,39.41,91.51,1.968,4.684,29.35,271.01,5836.22021484375,3160.7548828125,78.81999969482422,19.190000534057617,109.95999908447266,7.0,0.18596936762332916
2025-01-14,4.49,24.867,74.18,39.5,92.63,1.975,4.774,29.62,275.95,5842.91015625,3240.93994140625,77.5,18.709999084472656,109.2699966430664,7.0,0.17408904433250427
2025-01-15,4.51,24.767,74.394,40.03,95.15,1.86,4.757,29.39,280.0,5949.91015625,3227.116943359375,80.04000091552734,16.1200008392334,109.08999633789062,7.0,0.16892707347869873
2025-01-16,4.53,24.836,74.302,40.03,94.32,1.906,4.782,29.53,280.73,5937.33984375,3236.031982421875,78.68000030517578,16.600000381469727,108.95999908447266,7.0,0.15529398620128632
2025-01-17,4.62,24.791,73.5,40.22,97.49,1.932,4.852,30.4,283.54,5996.66015625,3241.821044921875,77.87999725341797,15.970000267028809,109.3499984741211,7.0,0.15370000898838043
2025-01-18,4.62,24.791,73.5,40.22,97.49,1.932,4.852,30.4,283.54,5996.66015625,3241.821044921875,77.87999725341797,15.970000267028809,109.3499984741211,7.0,0.1280481368303299
2025-01-19,4.62,24.791,73.5,40.22,97.49,1.932,4.852,30.4,283.54,5996.66015625,3241.821044921875,77.87999725341797,15.970000267028809,109.3499984741211,7.0,0.10970500111579895
2025-01-20,4.77,25.247,75.344,40.22,97.49,1.91,4.86,31.68,283.87,5996.66015625,3244.3779296875,77.87999725341797,15.970000267028809,109.3499984741211,7.0,0.09780257195234299
2025-01-21,4.7,25.467,75.635,40.3,94.05,1.927,4.763,31.28,281.17,6049.240234375,3242.623046875,75.88999938964844,15.0600004196167,108.05999755859376,7.0,0.09432537108659744
2025-01-22,4.65,24.967,75.031,39.09,90.25,1.905,4.646,30.89,276.18,6086.3701171875,3213.6240234375,75.44000244140625,15.100000381469728,108.16999816894533,7.0,0.09805379807949066
2025-01-23,4.61,24.587,74.163,38.5,89.8,1.874,4.61,30.87,273.58,6118.7099609375,3230.1640625,74.62000274658203,15.020000457763672,108.0500030517578,7.0,0.09956955164670944
2025-01-24,4.68,24.801,74.654,37.81,88.76,1.913,4.638,31.04,275.07,6101.240234375,3252.6259765625,74.66000366210938,14.850000381469728,107.44000244140624,7.0,0.11020886152982712
2025-01-25,4.68,24.801,74.654,37.81,88.76,1.913,4.638,31.04,275.07,6101.240234375,3252.6259765625,74.66000366210938,14.850000381469728,107.44000244140624,7.0,0.11047502607107162
2025-01-26,4.68,24.801,74.654,37.81,88.76,1.913,4.638,31.04,275.07,6101.240234375,3252.6259765625,74.66000366210938,14.850000381469728,107.44000244140624,7.0,0.1070835068821907
2025-01-27,4.52,24.801,74.654,36.67,88.78,1.916,4.562,29.15,272.72,6012.27978515625,3250.60107421875,73.16999816894531,17.899999618530273,107.33999633789062,7.0,0.10119160264730453
2025-01-28,4.42,24.679,73.562,35.84,85.9,1.869,4.562,28.76,268.52,6067.7001953125,3250.60107421875,73.7699966430664,16.40999984741211,107.87000274658205,7.0,0.09361248463392258
2025-01-29,4.3,24.378,72.411,36.28,86.28,1.869,4.562,28.85,269.26,6039.31005859375,3250.60107421875,72.62000274658203,16.559999465942383,108.0,7.0,0.07947152853012085
2025-01-30,4.38,24.505,72.653,36.64,85.65,1.869,4.562,29.11,270.22,6071.169921875,3250.60107421875,72.7300033569336,15.84000015258789,107.8000030517578,7.0,0.08379902690649033
2025-01-31,4.34,24.813,72.917,35.85,84.19,1.869,4.562,28.93,268.34,6040.52978515625,3250.60107421875,72.52999877929688,16.43000030517578,108.37000274658205,7.0,0.09081189334392548
2025-02-01,4.34,24.813,72.917,35.85,84.19,1.869,4.562,28.93,268.34,6040.52978515625,3250.60107421875,72.52999877929688,16.43000030517578,108.37000274658205,18.0,0.07788942754268646
2025-02-02,4.34,24.813,72.917,35.85,84.19,1.869,4.562,28.93,268.34,6040.52978515625,3250.60107421875,72.52999877929688,16.43000030517578,108.37000274658205,18.0,0.07098136842250824
2025-02-03,4.26,24.431,71.543,35.86,80.45,1.889,4.562,28.68,263.35,5994.56982421875,3250.60107421875,73.16000366210938,18.6200008392334,108.98999786376952,18.0,0.06368208676576614
2025-02-04,4.35,24.718,73.01,36.48,82.48,1.965,4.562,28.68,270.56,6037.8798828125,3250.60107421875,72.69999694824219,17.209999084472656,107.95999908447266,18.0,0.048933640122413635
2025-02-05,4.35,25.222,74.905,36.68,79.88,1.986,4.538,28.61,269.91,6061.47998046875,3229.488037109375,71.02999877929688,15.770000457763672,107.58000183105467,18.0,0.041987061500549316
2025-02-06,4.41,25.295,75.509,37.15,79.0,2.006,4.756,29.88,274.16,6083.56982421875,3270.658935546875,70.61000061035156,15.5,107.69000244140624,18.0,0.04115147516131401
2025-02-07,4.45,25.385,75.735,38.22,77.37,2.018,4.816,30.05,273.37,6025.990234375,3303.6669921875,71.0,16.540000915527344,108.04000091552734,18.0,0.038892559707164764
2025-02-08,4.45,25.385,75.735,38.22,77.37,2.018,4.816,30.05,273.37,6025.990234375,3303.6669921875,71.0,16.540000915527344,108.04000091552734,18.0,0.04143825173377991
2025-02-09,4.45,25.385,75.735,38.22,77.37,2.018,4.816,30.05,273.37,6025.990234375,3303.6669921875,71.0,16.540000915527344,108.04000091552734,18.0,0.04405656456947327
2025-02-10,4.44,25.156,74.873,38.46,75.14,2.072,4.912,30.36,274.15,6066.43994140625,3322.169921875,72.31999969482422,15.8100004196167,108.31999969482422,18.0,0.03107738308608532
2025-02-11,4.35,25.252,75.345,37.59,75.7,2.102,4.721,29.79,269.93,6068.5,3318.056884765625,73.31999969482422,16.020000457763672,107.95999908447266,18.0,0.022174591198563576
2025-02-12,4.24,25.204,74.72,37.96,76.6,2.085,4.956,29.76,271.04,6051.97021484375,3346.385009765625,71.37000274658203,15.890000343322754,107.94000244140624,18.0,0.03118889033794403
2025-02-13,4.34,25.885,76.001,40.22,79.25,2.093,4.902,30.38,274.43,6115.06982421875,3332.48291015625,71.29000091552734,15.100000381469728,107.30999755859376,18.0,0.03845896199345589
2025-02-14,4.45,25.984,76.943,39.47,81.21,2.138,4.965,30.41,273.32,6114.6298828125,3346.72412109375,70.73999786376953,14.770000457763672,106.56999969482422,18.0,0.04119601473212242
2025-02-15,4.45,25.984,76.943,39.47,81.21,2.138,4.965,30.41,273.32,6114.6298828125,3346.72412109375,70.73999786376953,14.770000457763672,106.56999969482422,18.0,0.058812081813812256
2025-02-16,4.45,25.984,76.943,39.47,81.21,2.138,4.965,30.41,273.32,6114.6298828125,3346.72412109375,70.73999786376953,14.770000457763672,106.56999969482422,18.0,0.07866905629634857
2025-02-17,4.42,25.92,76.833,39.47,81.21,2.046,4.875,30.63,273.45,6114.6298828125,3355.830078125,70.73999786376953,14.770000457763672,106.56999969482422,18.0,0.08414900302886963
2025-02-18,4.46,26.016,76.619,39.3,83.58,2.037,4.861,30.35,271.54,6129.580078125,3324.490966796875,71.8499984741211,15.350000381469728,107.0500030517578,18.0,0.10259149968624115
2025-02-19,4.13,25.998,77.365,38.57,83.67,2.034,4.9,29.26,270.22,6144.14990234375,3351.5390625,72.25,15.270000457763672,107.16999816894533,18.0,0.10439679026603699
2025-02-20,4.12,25.688,76.834,38.96,82.51,2.029,4.875,30.18,275.16,6117.52001953125,3350.782958984375,72.56999969482422,15.65999984741211,106.33999633789062,18.0,0.11189915239810944
2025-02-21,4.09,26.221,78.478,36.98,81.2,2.016,4.939,30.23,272.33,6013.1298828125,3379.113037109375,70.4000015258789,18.209999084472656,106.61000061035156,18.0,0.1239156424999237
2025-02-22,4.09,26.221,78.478,36.98,81.2,2.016,4.939,30.23,272.33,6013.1298828125,3379.113037109375,70.4000015258789,18.209999084472656,106.61000061035156,18.0,0.11007465422153473
2025-02-23,4.09,26.221,78.478,36.98,81.2,2.016,4.939,30.23,272.33,6013.1298828125,3379.113037109375,70.4000015258789,18.209999084472656,106.61000061035156,18.0,0.09974518418312073
2025-02-24,4.01,25.9,76.049,37.11,81.03,2.006,4.898,29.7,270.15,5983.25,3373.028076171875,70.69999694824219,18.979999542236328,106.5999984741211,18.0,0.09746243804693222
2025-02-25,4.0,25.569,75.52,36.76,78.42,1.966,4.894,28.99,266.74,5955.25,3346.0400390625,68.93000030517578,19.43000030517578,106.30999755859376,18.0,0.08801164478063583
2025-02-26,4.08,25.041,72.532,37.95,77.53,1.994,4.947,30.03,268.28,5956.06005859375,3380.214111328125,68.62000274658203,19.100000381469727,106.41999816894533,18.0,0.09314669668674469
2025-02-27,3.99,24.944,72.733,37.42,78.97,1.949,5.064,29.2,267.74,5861.56982421875,3388.06201171875,70.3499984741211,21.1299991607666,107.23999786376952,18.0,0.08413872122764587
2025-02-28,4.01,24.232,70.369,36.91,77.03,1.869,4.995,28.82,261.43,5954.5,3320.89697265625,69.76000213623047,19.6299991607666,107.61000061035156,18.0,0.06684504449367523
2025-03-01,4.01,24.232,70.369,36.91,77.03,1.869,4.995,28.82,261.43,5954.5,3320.89697265625,69.76000213623047,19.6299991607666,107.61000061035156,15.0,0.06682147830724716
2025-03-02,4.01,24.232,70.369,36.91,77.03,1.869,4.995,28.82,261.43,5954.5,3320.89697265625,69.76000213623047,19.6299991607666,107.61000061035156,15.0,0.05763477832078934
2025-03-03,4.11,24.647,73.076,35.53,69.95,1.913,5.299,29.4,260.51,5849.72021484375,3316.925048828125,68.37000274658203,22.780000686645508,106.75,15.0,0.05422060191631317
2025-03-04,4.0,24.758,73.484,34.9,72.16,1.943,5.177,28.88,260.18,5778.14990234375,3324.2099609375,68.26000213623047,23.51000022888184,105.73999786376952,15.0,0.04929151013493538
2025-03-05,4.14,25.045,74.424,38.16,74.21,1.977,5.095,30.45,270.66,5842.6298828125,3341.965087890625,66.30999755859375,21.93000030517578,105.73999786376952,15.0,0.03635108470916748
2025-03-06,4.22,24.837,72.756,37.68,76.48,2.048,5.175,31.12,274.8,5738.52001953125,3381.097900390625,66.36000061035156,24.8700008392334,104.05999755859376,15.0,0.023594897240400314
2025-03-07,4.12,24.577,72.634,36.94,75.51,2.057,5.102,30.18,274.55,5770.2001953125,3372.5458984375,67.04000091552734,23.3700008392334,103.83999633789062,15.0,0.0059641567058861256
2025-03-08,4.12,24.577,72.634,36.94,75.51,2.057,5.102,30.18,274.55,5770.2001953125,3372.5458984375,67.04000091552734,23.3700008392334,103.83999633789062,15.0,-0.022916102781891823
2025-03-09,4.12,24.577,72.634,36.94,75.51,2.057,5.102,30.18,274.55,5770.2001953125,3372.5458984375,67.04000091552734,23.3700008392334,103.83999633789062,15.0,-0.03355119004845619
2025-03-10,4.06,24.61,74.526,34.5,76.39,2.078,5.043,28.51,270.59,5614.56005859375,3366.1630859375,66.02999877929688,27.86000061035156,103.91000366210938,15.0,-0.03350779041647911
2025-03-11,4.06,24.972,75.16,35.88,72.67,2.0,5.049,28.51,271.12,5572.06982421875,3379.827880859375,66.25,26.920000076293945,103.44000244140624,15.0,-0.049561697989702225
2025-03-12,4.05,24.609,74.066,36.78,72.81,2.07,5.002,28.67,268.74,5599.2998046875,3371.924072265625,67.68000030517578,24.229999542236328,103.61000061035156,15.0,-0.059391822665929794
2025-03-13,4.05,24.03,72.888,37.58,72.4,2.095,4.984,28.64,270.55,5521.52001953125,3358.72900390625,66.55000305175781,24.65999984741211,103.83000183105467,15.0,-0.07647091150283813
2025-03-14,4.15,24.438,74.042,38.85,75.23,2.197,5.075,29.34,279.78,5638.93994140625,3419.56201171875,67.18000030517578,21.770000457763672,103.72000122070312,15.0,-0.08440370112657547
2025-03-15,4.15,24.438,74.042,38.85,75.23,2.197,5.075,29.34,279.78,5638.93994140625,3419.56201171875,67.18000030517578,21.770000457763672,103.72000122070312,15.0,-0.09275178611278534
2025-03-16,4.15,24.438,74.042,38.85,75.23,2.197,5.075,29.34,279.78,5638.93994140625,3419.56201171875,67.18000030517578,21.770000457763672,103.72000122070312,15.0,-0.11475715041160583
2025-03-17,4.14,25.26,76.073,39.51,79.34,2.193,5.136,29.87,287.45,5675.1201171875,3426.12890625,67.58000183105469,20.51000022888184,103.37000274658205,15.0,-0.10547035932540894
2025-03-18,4.15,25.202,76.033,39.84,78.5,2.286,5.108,30.24,289.97,5614.66015625,3429.759033203125,66.9000015258789,21.700000762939453,103.23999786376952,15.0,-0.1185896024107933
2025-03-19,4.1,25.148,75.458,40.42,79.49,2.324,5.036,30.18,289.47,5675.2900390625,3426.428955078125,67.16000366210938,19.899999618530277,103.43000030517578,15.0,-0.1306825876235962
2025-03-20,4.02,24.652,74.025,40.7,77.03,2.339,4.938,29.58,283.16,5662.89013671875,3408.947998046875,68.26000213623047,19.799999237060547,103.8499984741211,15.0,-0.1347869336605072
2025-03-21,3.87,24.788,74.338,40.25,77.56,2.223,4.794,28.58,278.81,5667.56005859375,3364.8310546875,68.27999877929688,19.280000686645508,104.08999633789062,15.0,-0.12174751609563828
2025-03-22,3.87,24.788,74.338,40.25,77.56,2.223,4.794,28.58,278.81,5667.56005859375,3364.8310546875,68.27999877929688,19.280000686645508,104.08999633789062,15.0,-0.12734198570251465
2025-03-23,3.87,24.788,74.338,40.25,77.56,2.223,4.794,28.58,278.81,5667.56005859375,3364.8310546875,68.27999877929688,19.280000686645508,104.08999633789062,15.0,-0.13106055557727814
2025-03-24,3.91,24.713,74.854,41.61,77.55,2.333,4.798,29.22,279.18,5767.56982421875,3370.028076171875,69.11000061035156,17.479999542236328,104.26000213623048,15.0,-0.12731531262397766
2025-03-25,3.94,24.599,74.843,43.01,77.67,2.385,4.809,30.39,276.97,5776.64990234375,3369.97607421875,69.0,17.149999618530273,104.18000030517578,15.0,-0.12751643359661102
2025-03-26,3.92,24.886,75.539,41.49,75.72,2.364,4.797,30.08,275.81,5712.2001953125,3368.697021484375,69.6500015258789,18.32999992370605,104.5500030517578,15.0,-0.1325961798429489
2025-03-27,3.85,24.985,75.693,39.98,74.75,2.292,4.757,29.49,274.06,5693.31005859375,3373.7490234375,69.91999816894531,18.690000534057617,104.06999969482422,15.0,-0.13155116140842438
2025-03-28,3.79,24.953,76.236,38.42,72.19,2.319,4.67,28.6,269.95,5580.93994140625,3351.306884765625,69.36000061035156,21.649999618530277,104.04000091552734,15.0,-0.13081365823745728
2025-03-29,3.79,24.953,76.236,38.42,72.19,2.319,4.67,28.6,269.95,5580.93994140625,3351.306884765625,69.36000061035156,21.649999618530277,104.04000091552734,15.0,-0.1227874755859375
2025-03-30,3.79,24.953,76.236,38.42,72.19,2.319,4.67,28.6,269.95,5580.93994140625,3351.306884765625,69.36000061035156,21.649999618530277,104.04000091552734,15.0,-0.11159339547157288
2025-03-31,3.62,23.86,72.135,37.86,72.02,2.272,4.662,27.18,259.82,5611.85009765625,3335.74609375,71.4800033569336,22.280000686645508,104.20999908447266,15.0,-0.1052125096321106
2025-04-01,3.67,24.407,73.492,38.13,71.82,2.272,4.677,27.15,259.43,5633.06982421875,3348.43505859375,71.19999694824219,21.770000457763672,104.26000213623048,21.0,-0.11886239051818848
2025-04-02,3.68,24.13,72.466,38.2,72.25,2.226,4.67,27.43,255.69,5670.97021484375,3350.126953125,71.70999908447266,21.51000022888184,103.80999755859376,21.0,-0.12220969796180725
2025-04-03,3.42,23.416,70.824,33.51,66.5,2.178,4.628,25.74,247.68,5396.52001953125,3342.008056640625,66.94999694824219,30.020000457763672,102.06999969482422,21.0,-0.12981128692626953
2025-04-04,3.05,22.243,68.082,29.15,58.51,2.178,4.628,23.17,233.83,5074.080078125,3342.008056640625,61.9900016784668,45.310001373291016,103.0199966430664,21.0,-0.1348031908273697
2025-04-05,3.05,22.243,68.082,29.15,58.51,2.178,4.628,23.17,233.83,5074.080078125,3342.008056640625,61.9900016784668,45.310001373291016,103.0199966430664,21.0,-0.1439288705587387
2025-04-06,3.05,22.243,68.082,29.15,58.51,2.178,4.628,23.17,233.83,5074.080078125,3342.008056640625,61.9900016784668,45.310001373291016,103.0199966430664,21.0,-0.1413741558790207
2025-04-07,2.93,20.687,64.867,30.37,58.1,1.846,4.15,22.62,223.68,5062.25,3096.575927734375,60.70000076293945,46.97999954223633,103.26000213623048,21.0,-0.1445932686328888
2025-04-08,3.05,21.065,65.184,29.21,50.76,1.905,4.02,23.25,220.42,4982.77001953125,3145.549072265625,59.58000183105469,52.33000183105469,102.95999908447266,21.0,-0.15415149927139282
2025-04-09,3.05,21.012,63.964,33.74,60.47,1.912,4.069,22.18,231.52,5456.89990234375,3186.81005859375,62.34999847412109,33.619998931884766,102.9000015258789,21.0,-0.15917181968688965
2025-04-10,3.18,22.399,68.809,31.35,54.71,2.016,4.214,24.06,234.6,5268.0498046875,3223.637939453125,60.06999969482422,40.720001220703125,100.87000274658205,21.0,-0.15479367971420288
2025-04-11,3.32,22.261,68.689,33.35,56.67,2.133,4.224,25.06,237.62,5363.35986328125,3238.22705078125,61.5,37.560001373291016,99.77999877929688,21.0,-0.1643957495689392
2025-04-12,3.32,22.261,68.689,33.35,56.67,2.133,4.224,25.06,237.62,5363.35986328125,3238.22705078125,61.5,37.560001373291016,99.77999877929688,21.0,-0.1561284214258194
2025-04-13,3.32,22.261,68.689,33.35,56.67,2.133,4.224,25.06,237.62,5363.35986328125,3238.22705078125,61.5,37.560001373291016,99.77999877929688,21.0,-0.14257653057575226
2025-04-14,3.43,23.004,70.113,33.75,57.39,2.22,4.267,25.7,244.97,5405.97021484375,3262.80810546875,61.52999877929688,30.88999938964844,99.63999938964844,21.0,-0.13791610300540924
2025-04-15,3.39,23.148,70.65,33.37,54.01,2.22,4.251,26.36,241.94,5396.6298828125,3267.662109375,61.33000183105469,30.1200008392334,100.22000122070312,21.0,-0.14055584371089935
2025-04-16,3.4,22.973,69.021,33.32,52.57,2.213,4.198,26.42,241.72,5275.7001953125,3276.00390625,62.470001220703125,32.63999938964844,99.37999725341795,21.0,-0.1505672037601471
2025-04-17,3.39,23.311,71.274,32.9,52.91,2.218,4.17,26.34,243.2,5282.7001953125,3280.341064453125,64.68000030517578,29.649999618530277,99.37999725341795,21.0,-0.14443053305149078
2025-04-18,3.39,23.311,71.274,32.9,52.91,2.218,4.17,26.34,243.2,5282.7001953125,3276.72998046875,64.68000030517578,29.649999618530277,99.37999725341795,21.0,-0.1416148841381073
2025-04-19,3.39,23.311,71.274,32.9,52.91,2.218,4.17,26.34,243.2,5282.7001953125,3276.72998046875,64.68000030517578,29.649999618530277,99.37999725341795,21.0,-0.1379968225955963
2025-04-20,3.39,23.311,71.274,32.9,52.91,2.218,4.17,26.34,243.2,5282.7001953125,3276.72998046875,64.68000030517578,29.649999618530277,99.37999725341795,21.0,-0.13971984386444092
2025-04-21,3.39,23.311,71.274,32.9,52.91,2.218,4.17,26.34,241.41,5158.2001953125,3291.43408203125,63.08000183105469,33.81999969482422,98.27999877929688,21.0,-0.14231111109256744
2025-04-22,3.42,23.239,71.046,34.06,54.77,2.323,4.154,26.59,242.05,5287.759765625,3299.757080078125,64.30999755859375,30.56999969482422,98.91999816894533,21.0,-0.14283518493175507
2025-04-23,3.53,23.986,72.384,35.19,55.64,2.211,4.164,27.29,245.21,5375.85986328125,3296.35498046875,62.27000045776367,28.450000762939453,99.83999633789062,21.0,-0.1322687268257141
2025-04-24,3.57,24.393,73.652,37.63,58.17,2.222,4.217,28.2,251.31,5484.77001953125,3297.2880859375,62.790000915527344,26.46999931335449,99.29000091552734,21.0,-0.13274043798446655
2025-04-25,3.57,24.393,73.652,37.35,57.73,2.205,4.16,28.05,249.67,5525.2099609375,3295.06005859375,63.02000045776367,24.84000015258789,99.47000122070312,21.0,-0.14310908317565918
2025-04-26,3.57,24.393,73.652,37.35,57.73,2.205,4.16,28.05,249.67,5525.2099609375,3295.06005859375,63.02000045776367,24.84000015258789,99.47000122070312,21.0,-0.1413520872592926
2025-04-27,3.57,24.393,73.652,37.35,57.73,2.205,4.16,28.05,249.67,5525.2099609375,3295.06005859375,63.02000045776367,24.84000015258789,99.47000122070312,21.0,-0.1344459056854248
2025-04-28,3.57,24.215,73.945,37.24,58.55,2.21,4.109,27.83,249.15,5528.75,3288.4150390625,62.04999923706055,25.149999618530277,99.01000213623048,21.0,-0.11644739657640457
2025-04-29,3.54,24.369,74.377,37.17,59.46,2.217,4.152,27.98,250.77,5560.830078125,3286.655029296875,60.41999816894531,24.170000076293945,99.23999786376952,21.0,-0.10829474031925201
2025-04-30,3.26,24.449,74.967,36.03,58.55,2.189,4.119,26.52,248.03,5569.06005859375,3279.031005859375,58.209999084472656,24.700000762939453,99.47000122070312,21.0,-0.10522840172052383
2025-05-01,3.25,24.147,73.979,36.41,59.32,2.189,4.119,27.32,245.67,5604.14013671875,3279.031005859375,59.2400016784668,24.600000381469727,100.25,11.0,-0.10898178070783615
2025-05-02,3.28,24.531,75.152,37.6,60.3,2.253,4.119,27.81,249.57,5686.669921875,3279.031005859375,58.290000915527344,22.68000030517578,100.0,11.0,-0.10457902401685715
2025-05-03,3.28,24.531,75.152,37.6,60.3,2.253,4.119,27.81,249.57,5686.669921875,3279.031005859375,58.290000915527344,22.68000030517578,100.0,11.0,-0.09570053964853287
2025-05-04,3.28,24.531,75.152,37.6,60.3,2.253,4.119,27.81,249.57,5686.669921875,3279.031005859375,58.290000915527344,22.68000030517578,100.0,11.0,-0.07848460227251053
2025-05-05,3.28,24.531,75.152,37.6,60.3,2.253,4.119,27.81,248.24,5650.3798828125,3279.031005859375,57.130001068115234,23.63999938964844,99.83000183105467,11.0,-0.06876017898321152
2025-05-06,3.31,24.41,74.827,37.92,57.49,2.28,4.257,27.14,250.64,5606.91015625,3316.114013671875,59.09000015258789,24.76000022888184,99.23999786376952,11.0,-0.08038134127855301
2025-05-07,3.35,24.362,74.462,37.02,56.06,2.296,4.238,26.96,250.03,5631.27978515625,3342.6650390625,58.06999969482422,23.549999237060547,99.61000061035156,11.0,-0.06395132094621658
2025-05-08,3.35,24.265,74.28,37.48,57.44,2.264,4.283,26.57,252.66,5663.93994140625,3351.99609375,59.90999984741211,22.479999542236328,100.63999938964844,11.0,-0.04913315176963806
2025-05-09,3.36,24.067,73.714,37.86,57.93,2.229,4.238,26.73,253.08,5659.91015625,3341.9990234375,61.02000045776367,21.899999618530277,100.33999633789062,11.0,-0.03268928453326225
2025-05-10,3.36,24.067,73.714,37.86,57.93,2.229,4.238,26.73,253.08,5659.91015625,3341.9990234375,61.02000045776367,21.899999618530277,100.33999633789062,11.0,-0.03791344538331032
2025-05-11,3.36,24.067,73.714,37.86,57.93,2.229,4.238,26.73,253.08,5659.91015625,3341.9990234375,61.02000045776367,21.899999618530277,100.33999633789062,11.0,-0.03137344494462013
2025-05-12,3.53,24.461,74.752,39.11,61.57,2.246,4.385,27.94,258.76,5844.18994140625,3369.2451171875,61.95000076293945,18.38999938964844,101.79000091552734,11.0,-0.01762804016470909
2025-05-13,3.59,25.365,77.531,39.47,61.86,2.245,4.403,29.2,259.38,5886.5498046875,3374.87109375,63.66999816894531,18.21999931335449,101.0,11.0,-0.00911747757345438
2025-05-14,3.63,25.351,77.427,39.06,61.08,2.265,4.46,28.62,260.79,5892.580078125,3403.947998046875,63.150001525878906,18.6200008392334,101.04000091552734,11.0,-0.02027173712849617
2025-05-15,3.6,25.105,76.885,38.47,60.32,2.219,4.328,27.95,258.42,5916.93017578125,3380.821044921875,61.619998931884766,17.829999923706055,100.87999725341795,11.0,-0.02804889902472496
2025-05-16,3.53,25.421,77.472,38.02,60.21,2.219,4.297,26.9,255.89,5958.3798828125,3367.4619140625,62.4900016784668,17.239999771118164,101.08999633789062,11.0,-0.023619361221790314
2025-05-17,3.53,25.421,77.472,38.02,60.21,2.219,4.297,26.9,255.89,5958.3798828125,3367.4619140625,62.4900016784668,17.239999771118164,101.08999633789062,11.0,-0.02656690962612629
2025-05-18,3.53,25.421,77.472,38.02,60.21,2.219,4.297,26.9,255.89,5958.3798828125,3367.4619140625,62.4900016784668,17.239999771118164,101.08999633789062,11.0,-0.04165934398770332
2025-05-19,3.52,25.009,77.099,38.8,59.24,2.217,4.282,27.11,248.41,5963.60009765625,3367.5830078125,62.68999862670898,18.13999938964844,100.43000030517578,11.0,-0.04058712720870972
2025-05-20,3.63,24.785,76.551,38.4,59.32,2.236,4.301,27.56,247.13,5940.4599609375,3380.47802734375,62.560001373291016,18.09000015258789,100.12000274658205,11.0,-0.05278743430972099
2025-05-21,3.58,24.871,76.937,38.01,56.44,2.37,4.378,28.18,242.78,5844.60986328125,3387.573974609375,61.56999969482422,20.8700008392334,99.55999755859376,11.0,-0.06046738103032112
2025-05-22,3.58,24.762,76.202,37.7,57.94,2.374,4.359,27.9,243.59,5842.009765625,3380.18896484375,61.20000076293945,20.280000686645508,99.95999908447266,11.0,-0.06862592697143555
2025-05-23,3.64,24.904,75.98,39.02,57.61,2.39,4.378,29.1,243.78,5802.81982421875,3348.3720703125,61.52999877929688,22.290000915527344,99.11000061035156,11.0,-0.07576800882816315
2025-05-24,3.64,24.904,75.98,39.02,57.61,2.39,4.378,29.1,243.78,5802.81982421875,3348.3720703125,61.52999877929688,22.290000915527344,99.11000061035156,11.0,-0.08321965485811234
2025-05-25,3.64,24.904,75.98,39.02,57.61,2.39,4.378,29.1,243.78,5802.81982421875,3348.3720703125,61.52999877929688,22.290000915527344,99.11000061035156,11.0,-0.08565162122249603
2025-05-26,3.64,24.904,75.98,39.02,57.61,2.39,4.378,29.1,244.6,5802.81982421875,3346.839111328125,61.52999877929688,22.290000915527344,98.93000030517578,11.0,-0.08856145292520523
2025-05-27,3.71,24.896,74.256,39.64,58.79,2.279,4.29,29.61,241.53,5921.5400390625,3340.68701171875,60.88999938964844,18.959999084472656,99.5199966430664,11.0,-0.08183711767196655
2025-05-28,3.67,24.708,73.366,38.89,58.05,2.284,4.192,28.87,239.27,5888.5498046875,3339.931884765625,61.84000015258789,19.309999465942383,99.87999725341795,11.0,-0.07581853121519089
2025-05-29,3.75,24.572,73.034,39.03,57.49,2.278,4.259,29.17,240.63,5912.169921875,3363.446044921875,60.93999862670898,19.18000030517578,99.27999877929688,11.0,-0.07077062875032425
2025-05-30,3.81,24.599,72.452,38.48,55.76,2.232,4.192,29.11,238.37,5911.68994140625,3347.487060546875,60.790000915527344,18.56999969482422,99.33000183105467,11.0,-0.07224279642105103
2025-05-31,3.81,24.599,72.452,38.48,55.76,2.232,4.192,29.11,238.37,5911.68994140625,3347.487060546875,60.790000915527344,18.56999969482422,99.33000183105467,11.0,-0.08266735821962357
2025-06-01,3.81,24.599,72.452,38.48,55.76,2.232,4.192,29.11,238.37,5911.68994140625,3347.487060546875,60.790000915527344,18.56999969482422,99.33000183105467,21.0,-0.06679324805736542
2025-06-02,3.86,24.531,71.91,40.15,55.09,2.264,4.192,30.06,234.76,5935.93994140625,3347.487060546875,62.52000045776367,18.36000061035156,98.6999969482422,21.0,-0.07433976978063583
2025-06-03,3.82,24.268,71.084,40.24,57.01,2.315,4.192,29.46,239.124,5970.3701171875,3361.97607421875,63.40999984741211,17.690000534057617,99.25,21.0,-0.07443112134933472
2025-06-04,3.91,24.626,71.171,40.86,59.7,2.317,4.346,30.28,247.349,5970.81005859375,3376.202880859375,62.84999847412109,17.610000610351562,98.79000091552734,21.0,-0.08643519878387451
2025-06-05,3.97,24.698,71.54,41.69,58.64,2.287,4.354,31.12,255.088,5939.2998046875,3384.09912109375,63.369998931884766,18.479999542236328,98.73999786376952,21.0,-0.0992746502161026
2025-06-06,3.9,24.815,71.141,41.48,59.83,2.337,4.339,29.98,253.989,6000.35986328125,3385.35791015625,64.58000183105469,16.770000457763672,99.19000244140624,21.0,-0.09964282065629959
2025-06-07,3.9,24.815,71.141,41.48,59.83,2.337,4.339,29.98,253.989,6000.35986328125,3385.35791015625,64.58000183105469,16.770000457763672,99.19000244140624,21.0,-0.08930456638336182
2025-06-08,3.9,24.815,71.141,41.48,59.83,2.337,4.339,29.98,253.989,6000.35986328125,3385.35791015625,64.58000183105469,16.770000457763672,99.19000244140624,21.0,-0.08258654177188873
2025-06-09,3.94,24.815,71.141,42.34,62.3,2.299,4.376,29.75,259.211,6005.8798828125,3399.77197265625,65.29000091552734,17.15999984741211,98.94000244140624,21.0,-0.07544022798538208
2025-06-10,3.91,25.085,71.135,42.19,64.2,2.345,4.334,29.63,261.512,6038.81005859375,3384.81591796875,64.9800033569336,16.950000762939453,99.0500030517578,21.0,-0.07830002158880234
2025-06-11,3.91,25.375,71.075,41.01,65.08,2.428,4.432,29.02,263.068,6022.240234375,3402.31591796875,68.1500015258789,17.260000228881836,98.62999725341795,21.0,-0.06970103830099106
2025-06-12,3.91,25.04,70.26,41.18,62.48,2.548,4.447,29.03,260.881,6045.259765625,3402.657958984375,68.04000091552734,18.020000457763672,97.91999816894533,21.0,-0.06861671805381775
2025-06-13,3.96,24.219,68.998,40.94,60.72,2.561,4.375,28.67,259.74,5976.97021484375,3376.99609375,72.9800033569336,20.81999969482422,98.18000030517578,21.0,-0.07741590589284897
2025-06-14,3.96,24.219,68.998,40.94,60.72,2.561,4.375,28.67,259.74,5976.97021484375,3376.99609375,72.9800033569336,20.81999969482422,98.18000030517578,21.0,-0.07463181018829346
2025-06-15,3.96,24.219,68.998,40.94,60.72,2.561,4.375,28.67,259.74,5976.97021484375,3376.99609375,72.9800033569336,20.81999969482422,98.18000030517578,21.0,-0.0702386274933815
2025-06-16,3.96,24.415,69.846,41.91,60.96,2.489,4.339,28.9,263.378,6033.10986328125,3388.72900390625,71.7699966430664,19.11000061035156,98.0,21.0,-0.05930858105421066
2025-06-17,3.85,24.148,69.369,41.37,59.69,2.51,4.352,28.41,263.757,5982.72021484375,3387.405029296875,74.83999633789062,21.600000381469727,98.81999969482422,21.0,-0.058673013001680374
2025-06-18,3.88,23.985,68.974,41.18,59.4,2.517,4.332,28.04,262.545,5980.8701171875,3388.80908203125,75.13999938964844,20.13999938964844,98.91000366210938,21.0,-0.06073196232318878
2025-06-19,3.82,23.416,67.111,41.18,59.4,2.42,4.329,27.19,258.278,5980.8701171875,3362.10791015625,75.13999938964844,20.13999938964844,98.91000366210938,21.0,-0.07396115362644196
2025-06-20,3.85,23.355,65.9,40.22,56.66,2.443,4.263,27.06,254.512,5967.83984375,3359.89501953125,74.93000030517578,20.6200008392334,98.70999908447266,21.0,-0.07681719213724136
2025-06-21,3.85,23.355,65.9,40.22,56.66,2.443,4.263,27.06,254.512,5967.83984375,3359.89501953125,74.93000030517578,20.6200008392334,98.70999908447266,21.0,-0.08310716599225998
2025-06-22,3.85,23.355,65.9,40.22,56.66,2.443,4.263,27.06,254.512,5967.83984375,3359.89501953125,74.93000030517578,20.6200008392334,98.70999908447266,21.0,-0.06767101585865021
2025-06-23,3.86,23.02,65.772,40.94,57.82,2.454,4.391,27.27,253.573,6025.169921875,3381.58203125,68.51000213623047,19.82999992370605,98.41999816894533,21.0,-0.05322066321969032
2025-06-24,3.75,23.661,68.064,42.01,60.18,2.454,4.56,27.98,259.27,6092.18017578125,3420.56591796875,64.37000274658203,17.479999542236328,97.86000061035156,21.0,-0.05806315690279007
2025-06-25,3.73,23.515,67.92,41.61,60.38,2.479,4.594,27.4,260.588,6092.16015625,3455.97412109375,64.91999816894531,16.760000228881836,97.68000030517578,21.0,-0.066238172352314
2025-06-26,3.96,23.637,68.182,44.46,63.75,2.507,4.674,29.42,268.787,6141.02001953125,3448.452880859375,65.23999786376953,16.59000015258789,97.1500015258789,21.0,-0.07731858640909195
2025-06-27,3.93,24.507,71.157,43.87,64.95,2.612,4.762,29.5,269.128,6173.06982421875,3424.22705078125,65.5199966430664,16.31999969482422,97.4000015258789,21.0,-0.07524385303258896
2025-06-28,3.93,24.507,71.157,43.87,64.95,2.612,4.762,29.5,269.128,6173.06982421875,3424.22705078125,65.5199966430664,16.31999969482422,97.4000015258789,21.0,-0.09251043945550919
2025-06-29,3.93,24.507,71.157,43.87,64.95,2.612,4.762,29.5,269.128,6173.06982421875,3424.22705078125,65.5199966430664,16.31999969482422,97.4000015258789,21.0,-0.08401581645011902
2025-06-30,3.89,24.181,70.492,43.35,62.67,2.554,4.714,29.53,266.114,6204.9501953125,3444.426025390625,65.11000061035156,16.729999542236328,96.87999725341795,21.0,-0.08287392556667328
2025-07-01,4.0,24.063,69.827,44.05,62.9,2.554,4.684,29.87,264.555,6198.009765625,3457.7470703125,65.44999694824219,16.829999923706055,96.81999969482422,19.0,-0.08619040995836258
2025-07-02,4.17,24.489,71.294,45.77,67.99,2.624,4.819,30.87,270.314,6227.419921875,3454.7919921875,67.44999694824219,16.639999389648438,96.77999877929688,19.0,-0.08736312389373779
2025-07-03,4.18,25.796,72.423,45.8,67.21,2.707,4.899,30.64,273.14,6279.35009765625,3461.15087890625,67.0,16.3799991607666,97.18000030517578,19.0,-0.07764056324958801
2025-07-04,4.13,25.368,71.264,45.8,67.21,2.682,4.792,30.06,271.035,6279.35009765625,3472.319091796875,66.5,16.3799991607666,97.18000030517578,19.0,-0.07478655129671097
2025-07-05,4.13,25.368,71.264,45.8,67.21,2.682,4.792,30.06,271.035,6279.35009765625,3472.319091796875,66.5,16.3799991607666,97.18000030517578,19.0,-0.06418730318546295
2025-07-06,4.13,25.368,71.264,45.8,67.21,2.682,4.792,30.06,271.035,6279.35009765625,3472.319091796875,66.5,16.3799991607666,97.18000030517578,19.0,-0.047875601798295975
2025-07-07,4.05,25.044,70.473,45.13,65.5,2.593,4.773,29.89,265.951,6229.97998046875,3473.126953125,67.93000030517578,17.790000915527344,97.4800033569336,19.0,-0.04131404310464859
2025-07-08,4.16,24.971,70.648,46.27,70.22,2.637,4.88,30.23,273.143,6225.52001953125,3497.47509765625,68.33000183105469,16.809999465942383,97.51000213623048,19.0,-0.03204058110713959
2025-07-09,4.05,24.735,70.31,45.59,70.79,2.548,4.809,29.48,273.205,6263.259765625,3493.050048828125,68.37999725341797,15.9399995803833,97.47000122070312,19.0,-0.02111002802848816
2025-07-10,4.21,25.228,71.548,47.21,74.27,2.522,4.827,30.57,292.066,6280.4599609375,3509.681884765625,66.56999969482422,15.779999732971191,97.6500015258789,19.0,-0.011357555165886879
2025-07-11,4.22,25.891,73.082,46.36,70.98,2.548,4.809,30.48,302.318,6259.75,3510.177001953125,68.44999694824219,16.399999618530273,97.8499984741211,19.0,-0.023450080305337906
2025-07-12,4.22,25.891,73.082,46.36,70.98,2.548,4.809,30.48,302.318,6259.75,3510.177001953125,68.44999694824219,16.399999618530273,97.8499984741211,19.0,-0.023449277505278587
2025-07-13,4.22,25.891,73.082,46.36,70.98,2.548,4.809,30.48,302.318,6259.75,3510.177001953125,68.44999694824219,16.399999618530273,97.8499984741211,19.0,-0.01771540194749832
2025-07-14,4.17,25.995,73.111,45.63,71.87,2.605,4.938,30.01,306.514,6268.56005859375,3519.64990234375,66.9800033569336,17.200000762939453,98.08000183105467,19.0,-0.015516466461122036
2025-07-15,4.14,25.651,71.814,44.12,70.02,2.599,4.807,29.73,307.319,6243.759765625,3504.9990234375,66.5199966430664,17.3799991607666,98.62000274658205,19.0,-0.008249400183558464
2025-07-16,4.12,25.523,72.125,43.98,70.41,2.618,4.73,29.86,309.626,6263.7001953125,3503.777099609375,66.37999725341797,17.15999984741211,98.38999938964844,19.0,-0.0193677619099617
2025-07-17,4.07,25.371,72.071,44.46,75.74,2.58,4.867,29.47,318.622,6297.35986328125,3516.824951171875,67.54000091552734,16.520000457763672,98.7300033569336,19.0,-0.01850007474422455
2025-07-18,4.07,26.221,73.612,44.8,77.07,2.67,5.009,29.93,330.128,6296.7900390625,3534.48291015625,67.33999633789062,16.40999984741211,98.4800033569336,19.0,-0.023302603513002396
2025-07-19,4.07,26.221,73.612,44.8,77.07,2.67,5.009,29.93,330.128,6296.7900390625,3534.48291015625,67.33999633789062,16.40999984741211,98.4800033569336,19.0,-0.03216175734996796
2025-07-20,4.07,26.221,73.612,44.8,77.07,2.67,5.009,29.93,330.128,6296.7900390625,3534.48291015625,67.33999633789062,16.40999984741211,98.4800033569336,19.0,-0.01686912402510643
2025-07-21,4.22,26.392,74.662,45.19,77.15,2.758,5.042,31.12,336.074,6305.60009765625,3559.791015625,67.19999694824219,16.649999618530273,97.8499984741211,19.0,-0.027273716405034065
2025-07-22,4.36,27.206,77.547,45.8,83.24,2.86,5.126,31.66,344.656,6309.6201171875,3581.861083984375,66.20999908447266,16.5,97.38999938964844,19.0,-0.029261860996484756
2025-07-23,4.43,27.625,78.862,44.84,78.79,2.892,5.095,31.87,343.488,6358.91015625,3582.298095703125,65.25,15.369999885559082,97.20999908447266,19.0,-0.016805971041321754
2025-07-24,4.36,27.41,78.976,44.58,84.18,2.873,5.507,31.42,359.179,6363.35009765625,3605.72705078125,66.02999877929688,15.390000343322754,97.37999725341795,19.0,-0.009011208079755306
2025-07-25,4.28,26.785,78.032,44.89,83.74,2.86,5.501,30.83,360.879,6388.64013671875,3593.655029296875,65.16000366210938,14.93000030517578,97.6500015258789,19.0,0.001462350133806467
2025-07-26,4.28,26.785,78.032,44.89,83.74,2.86,5.501,30.83,360.879,6388.64013671875,3593.655029296875,65.16000366210938,14.93000030517578,97.6500015258789,19.0,0.019695842638611794
2025-07-27,4.28,26.785,78.032,44.89,83.74,2.86,5.501,30.83,360.879,6388.64013671875,3593.655029296875,65.16000366210938,14.93000030517578,97.6500015258789,19.0,0.015184260904788971
2025-07-28,4.23,26.272,76.24,43.79,74.77,2.866,5.333,30.22,351.28,6389.77001953125,3597.93701171875,66.70999908447266,15.029999732971191,98.66000366210938,19.0,0.03594493865966797
2025-07-29,4.08,26.309,76.11,43.23,71.6,2.854,5.311,29.73,342.803,6370.85986328125,3609.7109375,69.20999908447266,15.979999542236328,98.91000366210938,19.0,0.042563166469335556
2025-07-30,4.13,25.87,74.489,39.14,68.89,2.841,5.194,29.53,336.007,6362.89990234375,3615.717041015625,70.0,15.479999542236328,99.94000244140624,19.0,0.038118261843919754
2025-07-31,4.02,25.222,71.778,40.24,67.85,2.669,5.0,28.36,323.489,6339.39013671875,3573.2080078125,69.26000213623047,16.719999313354492,100.02999877929688,19.0,0.02603725716471672
2025-08-01,3.99,25.395,71.808,40.03,67.9,2.694,5.017,27.46,323.176,6238.009765625,3559.951904296875,67.33000183105469,20.3799991607666,98.69000244140624,37.0,0.025739621371030807
2025-08-02,3.99,25.395,71.808,40.03,67.9,2.694,5.017,27.46,323.176,6238.009765625,3559.951904296875,67.33000183105469,20.3799991607666,98.69000244140624,37.0,0.023006396368145943
2025-08-03,3.99,25.395,71.808,40.03,67.9,2.694,5.017,27.46,323.176,6238.009765625,3559.951904296875,67.33000183105469,20.3799991607666,98.69000244140624,37.0,0.02199091576039791
2025-08-04,3.97,25.603,72.036,40.42,68.56,2.759,5.003,27.5,328.61,6329.93994140625,3583.30908203125,66.29000091552734,17.520000457763672,98.77999877929688,37.0,0.03799719735980034
2025-08-05,4.0,25.751,72.38,40.03,68.25,2.805,4.998,27.79,334.542,6299.18994140625,3617.597900390625,65.16000366210938,17.850000381469727,98.77999877929688,37.0,0.032309070229530334
2025-08-06,3.8,25.939,73.429,39.86,67.3,2.828,5.008,28.38,334.153,6345.06005859375,3633.9951171875,64.3499984741211,16.770000457763672,98.18000030517578,37.0,0.02032899297773838
2025-08-07,3.77,26.007,73.292,40.8,70.06,2.866,5.077,28.83,343.677,6340.0,3639.6669921875,63.880001068115234,16.56999969482422,98.4000015258789,37.0,0.02328513003885746
2025-08-08,3.88,26.233,74.126,41.87,75.48,2.938,5.127,29.21,354.543,6389.4501953125,3635.1279296875,63.880001068115234,15.149999618530272,98.18000030517578,37.0,0.021834714338183403
2025-08-09,3.88,26.233,74.126,41.87,75.48,2.938,5.127,29.21,354.543,6389.4501953125,3635.1279296875,63.880001068115234,15.149999618530272,98.18000030517578,37.0,0.0020106283482164145
2025-08-10,3.88,26.233,74.126,41.87,75.48,2.938,5.127,29.21,354.543,6389.4501953125,3635.1279296875,63.880001068115234,15.149999618530272,98.18000030517578,37.0,-9.797703387448564e-05
2025-08-11,3.94,26.615,75.077,41.46,80.76,2.912,5.636,28.99,373.514,6373.4501953125,3647.547119140625,63.959999084472656,16.25,98.5199966430664,37.0,0.026038628071546555
2025-08-12,3.98,26.926,76.171,42.15,77.98,2.915,5.496,29.35,369.94,6445.759765625,3665.91796875,63.16999816894531,14.729999542236328,98.0999984741211,37.0,0.041693318635225296
2025-08-13,4.02,27.304,77.103,42.74,81.67,3.019,5.426,29.31,372.38,6466.580078125,3683.465087890625,62.650001525878906,14.489999771118164,97.83999633789062,37.0,0.05099168419837952
2025-08-14,3.98,26.948,73.652,42.28,81.43,3.056,5.282,28.73,369.638,6468.5400390625,3666.443115234375,63.959999084472656,14.829999923706056,98.25,37.0,0.06394980102777481
2025-08-15,4.06,27.291,74.829,42.36,82.19,3.08,5.397,29.41,377.741,6449.7998046875,3696.77099609375,62.79999923706055,15.09000015258789,97.8499984741211,37.0,0.07663913816213608
2025-08-16,4.06,27.291,74.829,42.36,82.19,3.08,5.397,29.41,377.741,6449.7998046875,3696.77099609375,62.79999923706055,15.09000015258789,97.8499984741211,37.0,0.07637298107147217
2025-08-17,4.06,27.291,74.829,42.36,82.19,3.08,5.397,29.41,377.741,6449.7998046875,3696.77099609375,62.79999923706055,15.09000015258789,97.8499984741211,37.0,0.09062180668115616
2025-08-18,3.89,26.918,73.543,41.75,83.09,3.003,5.476,28.77,385.307,6449.14990234375,3728.027099609375,63.41999816894531,14.989999771118164,98.16999816894533,37.0,0.0756334736943245
2025-08-19,3.94,27.18,72.951,41.46,80.55,2.964,5.423,29.29,383.106,6411.3701171875,3727.2880859375,62.34999847412109,15.56999969482422,98.2699966430664,37.0,0.06027355045080185
2025-08-20,3.93,26.858,72.629,41.31,78.12,2.977,5.378,28.95,371.353,6395.77978515625,3766.2099609375,63.209999084472656,15.6899995803833,98.22000122070312,37.0,0.06444181501865387
2025-08-21,3.92,26.998,73.183,41.72,78.94,2.931,5.316,29.25,373.84,6370.169921875,3771.09912109375,63.52000045776367,16.600000381469727,98.62000274658205,37.0,0.05902435630559921
2025-08-22,3.98,27.25,73.126,43.28,81.34,2.928,5.345,29.76,380.316,6466.91015625,3825.759033203125,63.65999984741211,14.220000267028809,97.72000122070312,37.0,0.051880910992622375
2025-08-23,3.98,27.25,73.126,43.28,81.34,2.928,5.345,29.76,380.316,6466.91015625,3825.759033203125,63.65999984741211,14.220000267028809,97.72000122070312,37.0,0.05026806890964508
2025-08-24,3.98,27.25,73.126,43.28,81.34,2.928,5.345,29.76,380.316,6466.91015625,3825.759033203125,63.65999984741211,14.220000267028809,97.72000122070312,37.0,0.07257727533578873
2025-08-25,3.98,27.25,73.126,43.28,81.34,2.928,5.345,29.76,395.449,6439.31982421875,3883.56201171875,64.80000305175781,14.789999961853027,98.43000030517578,37.0,0.06340670585632324
2025-08-26,3.95,27.688,74.931,44.35,81.53,3.182,5.468,29.79,387.456,6465.93994140625,3868.382080078125,63.25,14.619999885559082,98.2300033569336,37.0,0.0522252582013607
2025-08-27,3.96,28.11,75.856,43.87,87.68,3.178,5.341,29.71,399.393,6481.39990234375,3800.35009765625,64.1500015258789,14.850000381469728,98.2300033569336,37.0,0.03965459764003754
2025-08-28,3.98,28.086,75.363,44.37,84.92,3.167,5.384,30.6,402.681,6501.85986328125,3843.596923828125,64.5999984741211,14.43000030517578,97.80999755859376,37.0,0.018089856952428818
2025-08-29,3.95,28.242,75.506,44.4,84.92,3.281,5.599,30.76,407.232,6460.259765625,3857.927001953125,64.01000213623047,15.359999656677246,97.7699966430664,37.0,0.013084587641060352
2025-08-30,3.95,28.242,75.506,44.4,84.92,3.281,5.599,30.76,407.232,6460.259765625,3857.927001953125,64.01000213623047,15.359999656677246,97.7699966430664,37.0,-0.00909375585615635
2025-08-31,3.95,28.242,75.506,44.4,84.92,3.281,5.599,30.76,407.232,6460.259765625,3857.927001953125,64.01000213623047,15.359999656677246,97.7699966430664,37.0,0.0014518315438181162
2025-09-01,3.91,27.973,74.675,44.4,84.92,3.535,5.698,30.66,409.621,6460.259765625,3875.531005859375,64.01000213623047,15.359999656677246,97.7699966430664,27.0,-0.012461099773645401
2025-09-02,3.81,27.934,74.603,44.94,79.54,3.471,5.589,29.94,395.928,6415.5400390625,3858.133056640625,65.58999633789062,17.170000076293945,98.4000015258789,27.0,-0.005222586914896965
2025-09-03,3.86,27.675,74.32,46.21,80.11,3.539,5.605,30.76,393.571,6448.259765625,3813.556884765625,63.970001220703125,16.350000381469727,98.13999938964844,27.0,-0.008669202215969563
2025-09-04,3.83,27.35,75.672,46.07,79.27,3.42,5.678,30.36,385.41,6502.080078125,3765.8759765625,63.47999954223633,15.300000190734863,98.3499984741211,27.0,-0.02538950927555561
2025-09-05,3.87,27.271,76.833,46.34,81.54,3.622,6.254,30.75,396.924,6481.5,3812.513916015625,61.869998931884766,15.18000030517578,97.7699966430664,27.0,-0.04302341490983963
2025-09-06,3.87,27.271,76.833,46.34,81.54,3.622,6.254,30.75,396.924,6481.5,3812.513916015625,61.869998931884766,15.18000030517578,97.7699966430664,27.0,-0.04283231869339943
2025-09-07,3.87,27.271,76.833,46.34,81.54,3.622,6.254,30.75,396.924,6481.5,3812.513916015625,61.869998931884766,15.18000030517578,97.7699966430664,27.0,-0.035766370594501495
2025-09-08,3.88,27.263,77.9,46.66,82.0,3.56,6.824,30.92,400.548,6495.14990234375,3826.841064453125,62.2599983215332,15.109999656677246,97.4499969482422,27.0,-0.04090689495205879
2025-09-09,4.08,26.966,76.97,43.89,72.58,3.705,6.867,33.67,390.66,6512.60986328125,3807.2919921875,62.630001068115234,15.039999961853027,97.79000091552734,27.0,-0.03856970742344856
2025-09-10,4.01,26.756,75.765,44.88,73.32,3.723,6.607,34.24,375.991,6532.0400390625,3812.220947265625,63.66999816894531,15.350000381469728,97.77999877929688,27.0,-0.031237861141562462
2025-09-11,4.05,26.808,76.05,45.92,75.05,3.769,6.638,34.42,379.487,6587.47021484375,3875.30908203125,62.369998931884766,14.710000038146973,97.54000091552734,27.0,-0.04782303422689438
2025-09-12,4.11,27.126,76.733,44.72,75.98,3.828,6.537,34.64,385.112,6584.2900390625,3870.597900390625,62.68999862670898,14.760000228881836,97.5500030517578,27.0,-0.05487881600856781
2025-09-13,4.11,27.126,76.733,44.72,75.98,3.828,6.537,34.64,385.112,6584.2900390625,3870.597900390625,62.68999862670898,14.760000228881836,97.5500030517578,27.0,-0.04381509870290756
2025-09-14,4.11,27.126,76.733,44.72,75.98,3.828,6.537,34.64,385.112,6584.2900390625,3870.597900390625,62.68999862670898,14.760000228881836,97.5500030517578,27.0,-0.03277071192860603
2025-09-15,4.17,27.051,76.866,45.64,81.04,3.797,6.836,34.81,394.326,6615.27978515625,3860.50390625,63.29999923706055,15.6899995803833,97.3000030517578,27.0,-0.024822408333420753
2025-09-16,4.24,27.247,78.519,45.3,80.94,3.776,6.789,35.15,392.572,6606.759765625,3861.864990234375,64.5199966430664,16.360000610351562,96.62999725341795,27.0,-0.03142285346984863
2025-09-17,4.17,26.806,77.359,45.09,80.16,3.7,7.032,34.31,396.679,6600.35009765625,3876.341064453125,64.05000305175781,15.720000267028809,96.87000274658205,27.0,-0.04083525761961937
2025-09-18,4.17,26.424,76.383,44.93,80.93,3.639,6.752,34.24,395.319,6631.9599609375,3831.656005859375,63.56999969482422,15.699999809265137,97.3499984741211,27.0,-0.04911874607205391
2025-09-19,4.21,26.127,75.137,44.94,81.84,3.74,7.424,34.23,398.3,6664.35986328125,3820.089111328125,62.68000030517578,15.449999809265137,97.63999938964844,27.0,-0.050151851028203964
2025-09-20,4.21,26.127,75.137,44.94,81.84,3.74,7.424,34.23,398.3,6664.35986328125,3820.089111328125,62.68000030517578,15.449999809265137,97.63999938964844,27.0,-0.06083682179450989
2025-09-21,4.21,26.127,75.137,44.94,81.84,3.74,7.424,34.23,398.3,6664.35986328125,3820.089111328125,62.68000030517578,15.449999809265137,97.63999938964844,27.0,-0.0488981232047081
2025-09-22,4.31,26.412,77.144,45.16,80.38,3.802,7.385,34.46,399.126,6693.75,3828.575927734375,62.63999938964844,16.100000381469727,97.33000183105467,27.0,-0.032148879021406174
2025-09-23,4.34,26.537,78.041,45.36,80.12,3.82,7.472,34.49,398.344,6656.919921875,3821.8330078125,63.40999984741211,16.639999389648438,97.26000213623048,27.0,-0.018320005387067795
2025-09-24,4.44,26.482,77.353,37.67,81.58,3.81,7.701,35.91,419.286,6637.97021484375,3853.64208984375,64.98999786376953,16.18000030517578,97.87000274658205,27.0,-0.021194007247686386
2025-09-25,4.43,27.244,79.613,35.34,84.83,4.004,7.812,35.74,432.507,6604.72021484375,3853.302001953125,64.9800033569336,16.739999771118164,98.5500030517578,27.0,-0.025689879432320595
2025-09-26,4.5,27.637,80.647,35.75,88.1,3.905,7.606,36.11,427.242,6643.7001953125,3828.10595703125,65.72000122070312,15.289999961853027,98.1500015258789,27.0,-0.0340646430850029
2025-09-27,4.5,27.637,80.647,35.75,88.1,3.905,7.606,36.11,427.242,6643.7001953125,3828.10595703125,65.72000122070312,15.289999961853027,98.1500015258789,27.0,-0.05484279990196228
2025-09-28,4.5,27.637,80.647,35.75,88.1,3.905,7.606,36.11,427.242,6643.7001953125,3828.10595703125,65.72000122070312,15.289999961853027,98.1500015258789,27.0,-0.04083215072751045
2025-09-29,4.58,27.556,79.722,37.12,86.88,4.132,8.217,36.99,425.979,6661.2099609375,3862.531982421875,63.45000076293945,16.1200008392334,97.91000366210938,27.0,-0.04009275883436203
2025-09-30,4.59,28.117,80.674,39.22,81.08,4.189,8.552,37.43,428.903,6688.4599609375,3882.777099609375,62.369998931884766,16.280000686645508,97.7699966430664,27.0,-0.07188331335783005
2025-10-01,4.58,27.42,81.05,39.09,84.47,4.189,8.552,37.37,434.179,6711.2001953125,3882.777099609375,61.77999877929688,16.290000915527344,97.70999908447266,100.0,-0.07843315601348877
2025-10-02,4.58,27.659,81.811,38.87,87.61,4.356,8.552,37.15,446.343,6715.35009765625,3882.777099609375,60.47999954223633,16.6299991607666,97.8499984741211,100.0,-0.08865299820899963
2025-10-03,4.69,27.777,82.552,39.67,88.22,4.285,8.552,37.91,464.281,6715.7900390625,3882.777099609375,60.880001068115234,16.649999618530273,97.72000122070312,100.0,-0.09909369796514511
2025-10-04,4.69,27.777,82.552,39.67,88.22,4.285,8.552,37.91,464.281,6715.7900390625,3882.777099609375,60.880001068115234,16.649999618530273,97.72000122070312,100.0,-0.1130787655711174
2025-10-05,4.69,27.777,82.552,39.67,88.22,4.285,8.552,37.91,464.281,6715.7900390625,3882.777099609375,60.880001068115234,16.649999618530273,97.72000122070312,100.0,-0.1270306408405304
2025-10-06,4.77,27.725,81.773,40.32,92.03,4.392,8.552,38.02,470.096,6740.27978515625,3882.777099609375,61.68999862670898,16.3700008392334,98.11000061035156,100.0,-0.12423942238092422
2025-10-07,4.79,27.605,81.698,40.69,90.53,4.392,8.552,37.7,470.813,6714.58984375,3882.777099609375,61.72999954223633,17.239999771118164,98.58000183105467,100.0,-0.11705145239830017
2025-10-08,4.77,27.585,82.503,42.85,91.69,4.405,8.552,38.87,471.385,6753.72021484375,3882.777099609375,62.54999923706055,16.299999237060547,98.8499984741211,100.0,-0.11074388772249222
2025-10-09,4.75,28.254,83.413,43.31,96.5,4.644,9.396,39.41,484.581,6735.10986328125,3933.971923828125,61.5099983215332,16.43000030517578,99.54000091552734,100.0,-0.10281272232532501
2025-10-10,4.62,27.312,80.96,40.88,89.86,4.325,8.961,38.47,466.66,6552.509765625,3897.028076171875,58.900001525878906,21.65999984741211,98.9800033569336,100.0,-0.11825110018253326
2025-10-11,4.62,27.312,80.96,40.88,89.86,4.325,8.961,38.47,466.66,6552.509765625,3897.028076171875,58.900001525878906,21.65999984741211,98.9800033569336,100.0,-0.15366888046264648
2025-10-12,4.62,27.312,80.96,40.88,89.86,4.325,8.961,38.47,466.66,6552.509765625,3897.028076171875,58.900001525878906,21.65999984741211,98.9800033569336,100.0,-0.16561584174633026
2025-10-13,4.76,27.279,81.537,42.78,96.34,4.401,9.78,39.98,497.977,6654.72021484375,3889.501953125,59.4900016784668,19.030000686645508,99.2699966430664,100.0,-0.15979258716106415
2025-10-14,4.71,27.749,82.638,41.97,96.24,4.116,9.599,38.82,512.642,6644.31005859375,3865.22900390625,58.70000076293945,20.809999465942383,99.0500030517578,100.0,-0.15208329260349274
2025-10-15,4.73,28.345,84.428,41.71,98.16,4.309,9.287,39.47,514.485,6671.06005859375,3912.208984375,58.27000045776367,20.63999938964844,98.79000091552734,100.0,-0.15568722784519196
2025-10-16,4.72,28.38,83.819,41.7,95.29,4.249,9.12,39.42,481.266,6629.06982421875,3916.22802734375,57.459999084472656,25.309999465942383,98.38999938964844,100.0,-0.1554204523563385
2025-10-17,4.64,28.314,84.993,41.18,92.74,4.197,8.554,38.04,463.878,6664.009765625,3839.7548828125,57.540000915527344,20.780000686645508,98.43000030517578,100.0,-0.1567106544971466
2025-10-18,4.64,28.314,84.993,41.18,92.74,4.197,8.554,38.04,463.878,6664.009765625,3839.7548828125,57.540000915527344,20.780000686645508,98.43000030517578,100.0,-0.15049664676189423
2025-10-19,4.64,28.314,84.993,41.18,92.74,4.197,8.554,38.04,463.878,6664.009765625,3839.7548828125,57.540000915527344,20.780000686645508,98.43000030517578,100.0,-0.13025784492492676
2025-10-20,4.68,28.093,85.118,42.19,96.14,4.179,8.524,38.8,470.884,6735.1298828125,3863.89306640625,57.52000045776367,18.229999542236328,98.58999633789062,100.0,-0.14130736887454987
2025-10-21,4.6,28.627,85.557,41.31,91.34,4.161,8.648,37.77,459.704,6735.35009765625,3916.33203125,57.81999969482422,17.8700008392334,98.93000030517578,100.0,-0.12492334097623825
2025-10-22,4.54,28.221,84.577,40.78,91.27,4.092,8.53,37.59,450.311,6699.39990234375,3913.758056640625,58.5,18.600000381469727,98.9000015258789,100.0,-0.12855683267116547
2025-10-23,4.6,28.008,84.591,41.23,97.36,4.087,9.009,38.17,458.356,6738.43994140625,3922.409912109375,61.790000915527344,17.299999237060547,98.94000244140624,100.0,-0.1401805281639099
2025-10-24,4.61,28.162,85.854,41.37,105.64,4.191,9.03,38.1,472.125,6791.68994140625,3950.31201171875,61.5,16.3700008392334,98.9499969482422,100.0,-0.13488905131816864
2025-10-25,4.61,28.162,85.854,41.37,105.64,4.191,9.03,38.1,472.125,6791.68994140625,3950.31201171875,61.5,16.3700008392334,98.9499969482422,100.0,-0.12357967346906662
2025-10-26,4.61,28.162,85.854,41.37,105.64,4.191,9.03,38.1,472.125,6791.68994140625,3950.31201171875,61.5,16.3700008392334,98.9499969482422,100.0,-0.10675033181905746
2025-10-27,4.63,28.545,87.516,41.1,96.23,4.238,9.216,37.76,465.014,6875.16015625,3996.945068359375,61.310001373291016,15.789999961853027,98.77999877929688,100.0,-0.08599135279655457
2025-10-28,4.66,28.526,87.356,41.17,96.68,4.0,9.111,38.36,447.63,6890.89013671875,3988.22412109375,60.150001525878906,16.420000076293945,98.69000244140624,100.0,-0.09460356086492538
2025-10-29,4.9,28.845,87.638,42.19,97.8,4.0,9.679,38.97,451.728,6890.58984375,4016.3310546875,60.47999954223633,16.920000076293945,99.22000122070312,100.0,-0.0904068797826767
2025-10-30,4.8,28.755,87.437,41.73,97.89,4.183,10.179,38.27,458.392,6822.33984375,3986.90087890625,60.56999969482422,16.90999984741211,99.52999877929688,100.0,-0.06763375550508499
2025-10-31,4.79,28.429,86.937,41.7,98.23,4.149,9.698,37.81,456.05,6840.2001953125,3954.7900390625,60.97999954223633,17.440000534057617,99.8000030517578,100.0,-0.0653451681137085
2025-11-01,4.79,28.429,86.937,41.7,98.23,4.149,9.698,37.81,456.05,6840.2001953125,3954.7900390625,60.97999954223633,17.440000534057617,99.8000030517578,43.0,-0.07375384867191315
2025-11-02,4.79,28.429,86.937,41.7,98.23,4.149,9.698,37.81,456.05,6840.2001953125,3954.7900390625,60.97999954223633,17.440000534057617,99.8000030517578,43.0,-0.07874003797769547
2025-11-03,4.69,28.351,86.838,41.18,96.53,4.081,9.595,36.77,437.285,6851.97021484375,3976.52099609375,61.04999923706055,17.170000076293945,99.87000274658205,43.0,-0.08859124779701233
2025-11-04,4.56,27.604,83.968,39.42,88.45,3.861,9.278,35.81,420.041,6771.5498046875,3960.18603515625,60.560001373291016,19.0,100.22000122070312,43.0,-0.0917445495724678
2025-11-05,4.64,27.534,83.134,40.21,91.96,3.954,9.374,36.47,417.509,6796.2900390625,3969.248046875,59.59999847412109,18.010000228881836,100.1999969482422,43.0,-0.1110227182507515
2025-11-06,4.73,27.851,84.693,38.65,91.26,4.123,9.836,36.96,413.967,6720.31982421875,4007.760009765625,59.43000030517578,19.5,99.7300033569336,43.0,-0.11247320473194122
2025-11-07,4.7,27.684,83.76,39.81,97.18,4.197,9.827,36.38,422.23,6728.7998046875,3997.555908203125,59.75,19.07999992370605,99.5999984741211,43.0,-0.12396559864282608
2025-11-08,4.7,27.684,83.76,39.81,97.18,4.197,9.827,36.38,422.23,6728.7998046875,3997.555908203125,59.75,19.07999992370605,99.5999984741211,43.0,-0.1177237406373024
2025-11-09,4.7,27.684,83.76,39.81,97.18,4.197,9.827,36.38,422.23,6728.7998046875,3997.555908203125,59.75,19.07999992370605,99.5999984741211,43.0,-0.09038800746202469
2025-11-10,4.78,27.872,84.818,40.95,103.58,4.268,9.743,36.88,443.258,6832.43017578125,4018.596923828125,60.130001068115234,17.600000381469727,99.62000274658205,43.0,-0.07307632267475128
2025-11-11,4.84,27.92,84.538,41.07,103.88,4.223,9.518,37.64,444.072,6846.60986328125,4002.758056640625,61.040000915527344,17.280000686645508,99.45999908447266,43.0,-0.06510999798774719
2025-11-12,4.88,28.153,86.609,41.81,110.32,4.197,9.544,37.97,443.678,6850.919921875,4000.139892578125,58.4900016784668,17.510000228881836,99.4800033569336,43.0,-0.08698469400405884
2025-11-13,4.92,28.281,87.233,40.54,114.57,4.375,10.201,37.75,458.495,6737.490234375,4029.5009765625,58.68999862670898,20.0,99.18000030517578,43.0,-0.09067406505346298
2025-11-14,4.82,27.941,86.177,40.16,115.14,4.246,9.704,37.53,456.632,6734.10986328125,3990.491943359375,60.09000015258789,19.82999992370605,99.2699966430664,43.0,-0.08597729355096817
2025-11-15,4.82,27.941,86.177,40.16,115.14,4.246,9.704,37.53,456.632,6734.10986328125,3990.491943359375,60.09000015258789,19.82999992370605,99.2699966430664,43.0,-0.09288932383060455
2025-11-16,4.82,27.941,86.177,40.16,115.14,4.246,9.704,37.53,456.632,6734.10986328125,3990.491943359375,60.09000015258789,19.82999992370605,99.2699966430664,43.0,-0.06027375906705856
2025-11-17,4.79,27.578,86.077,39.0,117.7,4.131,10.417,36.76,470.8,6672.41015625,3972.034912109375,59.90999984741211,22.3799991607666,99.58999633789062,43.0,-0.07459942251443863
2025-11-18,4.67,26.61,83.979,40.0,121.39,3.946,9.838,35.77,467.856,6617.31982421875,3939.81298828125,60.7400016784668,24.690000534057617,99.5500030517578,43.0,-0.06309793889522552
2025-11-19,4.61,26.523,83.728,41.25,125.68,4.036,10.213,36.0,479.672,6642.16015625,3946.741943359375,59.43999862670898,23.65999984741211,100.2300033569336,43.0,-0.07263654470443726
2025-11-20,4.56,26.855,85.046,39.63,116.42,3.998,10.015,35.76,473.213,6538.759765625,3931.051025390625,59.13999938964844,26.420000076293945,100.16000366210938,43.0,-0.0706552043557167
2025-11-21,4.39,26.055,82.514,39.87,116.82,3.855,9.025,35.48,448.907,6602.990234375,3834.89111328125,58.060001373291016,23.43000030517578,100.18000030517578,43.0,-0.09390390664339066
2025-11-22,4.39,26.055,82.514,39.87,116.82,3.855,9.025,35.48,448.907,6602.990234375,3834.89111328125,58.060001373291016,23.43000030517578,100.18000030517578,43.0,-0.07937357574701309
2025-11-23,4.39,26.055,82.514,39.87,116.82,3.855,9.025,35.48,448.907,6602.990234375,3834.89111328125,58.060001373291016,23.43000030517578,100.18000030517578,43.0,-0.035500667989254
2025-11-24,4.5,26.253,83.573,40.79,115.88,3.904,8.258,35.84,450.482,6705.1201171875,3836.764892578125,58.84000015258789,20.520000457763672,100.13999938964844,43.0,-0.05557621642947197
2025-11-25,4.56,26.521,85.545,41.07,125.26,3.977,8.596,36.58,462.399,6765.8798828125,3870.02294921875,57.95000076293945,18.559999465942383,99.66000366210938,43.0,-0.059486668556928635
2025-11-26,4.63,27.246,87.418,42.15,126.91,3.893,8.639,37.69,473.808,6812.60986328125,3864.18408203125,58.650001525878906,17.190000534057617,99.5999984741211,43.0,-0.07132294774055481
2025-11-27,4.72,27.269,86.477,42.15,126.91,3.946,8.655,37.41,470.708,6812.60986328125,3875.260009765625,58.650001525878906,17.190000534057617,99.5999984741211,43.0,-0.05925195664167404
2025-11-28,4.78,27.281,86.604,42.98,129.99,3.943,8.841,37.74,481.645,6849.08984375,3888.595947265625,58.54999923706055,16.350000381469727,99.45999908447266,43.0,-0.054649945348501205
2025-11-29,4.78,27.281,86.604,42.98,129.99,3.943,8.841,37.74,481.645,6849.08984375,3888.595947265625,58.54999923706055,16.350000381469727,99.45999908447266,43.0,-0.027323011308908463
2025-11-30,4.78,27.281,86.604,42.98,129.99,3.943,8.841,37.74,481.645,6849.08984375,3888.595947265625,58.54999923706055,16.350000381469727,99.45999908447266,43.0,-0.02393326349556446
2025-12-01,4.82,27.525,86.838,43.07,128.33,4.15,8.845,38.2,477.466,6812.6298828125,3914.006103515625,59.31999969482422,17.239999771118164,99.41000366210938,32.0,-0.01756933704018593
2025-12-02,4.76,27.928,88.607,42.97,128.14,4.203,8.694,37.73,476.062,6829.3701171875,3897.7119140625,58.63999938964844,16.59000015258789,99.36000061035156,32.0,-0.006028566975146532
2025-12-03,5.12,28.354,89.285,44.53,126.49,4.211,8.474,39.08,471.754,6849.72021484375,3878.0,58.95000076293945,16.079999923706055,98.8499984741211,32.0,-0.01270359382033348
2025-12-04,5.1,29.41,92.909,44.61,119.14,4.266,8.459,39.31,458.723,6857.1201171875,3875.79296875,59.66999816894531,15.779999732971191,98.98999786376952,32.0,-0.023156337440013885
2025-12-05,5.06,29.76,91.903,45.2,125.19,4.419,8.442,39.72,467.335,6870.39990234375,3902.80810546875,60.08000183105469,15.40999984741211,98.98999786376952,32.0,-0.025823676958680153
2025-12-06,5.06,29.76,91.903,45.2,125.19,4.419,8.442,39.72,467.335,6870.39990234375,3902.80810546875,60.08000183105469,15.40999984741211,98.98999786376952,32.0,-0.017669489607214928
2025-12-07,5.06,29.76,91.903,45.2,125.19,4.419,8.442,39.72,467.335,6870.39990234375,3902.80810546875,60.08000183105469,15.40999984741211,98.98999786376952,32.0,0.019419873133301735
2025-12-08,5.05,29.448,90.841,45.0,127.2,4.362,8.908,39.02,475.672,6846.509765625,3924.077880859375,58.880001068115234,16.65999984741211,99.08999633789062,32.0,0.028306758031249046
2025-12-09,5.06,29.415,90.988,44.8,129.29,4.176,8.849,38.77,476.904,6840.509765625,3909.52099609375,58.25,16.93000030517578,99.22000122070312,32.0,0.03573274239897728
2025-12-10,5.09,29.722,91.754,46.45,133.21,4.236,8.965,38.54,478.315,6886.68017578125,3900.49609375,58.459999084472656,15.770000457763672,98.79000091552734,32.0,0.03636568412184715
2025-12-11,5.13,30.046,93.235,48.11,134.59,4.251,8.925,38.78,480.319,6901.0,3873.318115234375,57.59999847412109,14.850000381469728,98.3499984741211,32.0,0.014536494389176369
2025-12-12,5.02,30.326,95.39,47.38,132.74,4.409,8.689,37.66,477.279,6827.41015625,3889.345947265625,57.43999862670898,15.739999771118164,98.4000015258789,32.0,0.008985609747469425
2025-12-13,5.02,30.326,95.39,47.38,132.74,4.409,8.689,37.66,477.279,6827.41015625,3889.345947265625,57.43999862670898,15.739999771118164,98.4000015258789,32.0,0.0008932219352573156
2025-12-14,5.02,30.326,95.39,47.38,132.74,4.409,8.689,37.66,477.279,6827.41015625,3889.345947265625,57.43999862670898,15.739999771118164,98.4000015258789,32.0,0.008252398110926151
2025-12-15,5.09,29.395,92.92,47.52,132.22,4.428,8.542,38.14,461.911,6816.509765625,3867.9208984375,56.81999969482422,16.5,98.1500015258789,32.0,0.016658194363117218
2025-12-16,5.01,29.331,93.019,47.54,131.07,4.234,8.521,38.09,455.099,6800.259765625,3824.81201171875,55.27000045776367,16.479999542236328,98.1500015258789,32.0,0.024047620594501495
2025-12-17,5.07,29.319,93.352,47.82,134.71,4.31,8.943,38.65,465.204,6721.43017578125,3870.278076171875,55.93999862670898,17.6200008392334,98.37000274658205,32.0,0.007061812095344067
2025-12-18,5.17,29.67,94.458,47.92,140.48,4.267,8.875,38.89,466.001,6774.759765625,3876.37109375,56.150001525878906,16.8700008392334,98.43000030517578,32.0,-0.008019599132239819
2025-12-19,5.21,29.322,94.569,49.15,145.88,4.318,9.115,39.08,476.949,6834.5,3890.447998046875,56.65999984741211,14.90999984741211,98.5999984741211,32.0,-0.014984183013439178
2025-12-20,5.21,29.322,94.569,49.15,145.88,4.318,9.115,39.08,476.949,6834.5,3890.447998046875,56.65999984741211,14.90999984741211,98.5999984741211,32.0,-0.03460411727428436
2025-12-21,5.21,29.322,94.569,49.15,145.88,4.318,9.115,39.08,476.949,6834.5,3890.447998046875,56.65999984741211,14.90999984741211,98.5999984741211,32.0,-0.037576593458652496
2025-12-22,5.25,29.994,96.178,50.64,145.38,4.547,9.276,39.11,488.665,6878.490234375,3917.364013671875,58.0099983215332,14.079999923706056,98.29000091552734,32.0,-0.018329009413719177
2025-12-23,5.32,30.539,98.088,51.9,146.7,4.48,9.442,40.45,494.163,6909.7900390625,3919.97900390625,58.380001068115234,14.0,97.94000244140624,32.0,0.005105563439428806
2025-12-24,5.32,30.584,98.884,51.92,148.51,4.525,9.522,40.67,501.347,6932.0498046875,3940.947021484375,58.34999847412109,13.470000267028809,97.9800033569336,32.0,0.020642081275582314
2025-12-25,5.32,30.584,98.884,51.92,148.51,4.525,9.522,40.67,501.347,6932.0498046875,3959.62109375,58.34999847412109,13.470000267028809,97.9800033569336,32.0,0.005533603485673666
2025-12-26,5.32,30.584,98.884,51.92,148.51,4.525,9.522,40.67,502.433,6929.93994140625,3963.678955078125,56.7400016784668,13.600000381469728,98.0199966430664,32.0,0.010825399309396744
2025-12-27,5.32,30.584,98.884,51.92,148.51,4.525,9.522,40.67,502.433,6929.93994140625,3963.678955078125,56.7400016784668,13.600000381469728,98.0199966430664,32.0,0.03842459246516228
2025-12-28,5.32,30.584,98.884,51.92,148.51,4.525,9.522,40.67,502.433,6929.93994140625,3963.678955078125,56.7400016784668,13.600000381469728,98.0199966430664,32.0,0.05358041077852249
2025-12-29,5.36,30.42,98.2,51.48,144.58,4.389,9.324,40.32,495.334,6905.740234375,3965.280029296875,58.08000183105469,14.199999809265137,98.04000091552734,32.0,0.05995025113224983
2025-12-30,5.47,30.19,98.408,51.41,142.01,4.545,9.169,41.15,490.153,6896.240234375,3965.115966796875,57.95000076293945,14.329999923706056,98.23999786376952,32.0,0.05496692284941673
2025-12-31,5.48,30.351,97.958,50.79,141.44,4.582,8.993,41.56,488.324,6845.5,3968.840087890625,57.41999816894531,14.949999809265137,98.27999877929688,32.0,0.05598966404795647
2026-01-01,5.48,30.351,97.958,50.79,141.44,4.582,8.993,41.56,488.324,6845.5,3968.840087890625,57.41999816894531,14.949999809265137,98.27999877929688,53.0,0.04669284448027611
2026-01-02,5.5,30.627,98.849,51.93,143.93,4.742,8.993,40.91,501.689,6858.47021484375,3968.840087890625,57.31999969482422,14.510000228881836,98.41999816894533,53.0,0.04756934195756912
2026-01-03,5.5,30.627,98.849,51.93,143.93,4.742,8.993,40.91,501.689,6858.47021484375,3968.840087890625,57.31999969482422,14.510000228881836,98.41999816894533,53.0,0.05805852264165878
2026-01-04,5.5,30.627,98.849,51.93,143.93,4.742,8.993,40.91,501.689,6858.47021484375,3968.840087890625,57.31999969482422,14.510000228881836,98.41999816894533,53.0,0.07787724584341049
2026-01-05,5.68,31.202,100.42,54.41,146.13,4.704,9.209,42.54,520.371,6902.0498046875,4023.4169921875,58.31999969482422,14.899999618530272,98.2699966430664,53.0,0.07874443382024765
2026-01-06,5.78,31.807,102.569,56.15,158.15,4.913,9.58,43.97,548.391,6944.81982421875,4083.6669921875,57.130001068115234,14.75,98.58000183105467,53.0,0.06074260547757149
2026-01-07,5.69,32.054,103.979,55.5,161.57,4.87,9.502,42.39,561.882,6920.93017578125,4085.77197265625,55.9900016784668,15.380000114440918,98.68000030517578,53.0,0.04261671379208565
2026-01-08,5.55,31.704,102.216,54.22,158.31,4.774,9.311,42.08,548.538,6921.4599609375,4082.97900390625,57.7599983215332,15.449999809265137,98.93000030517578,53.0,0.03198970854282379
2026-01-09,6.07,31.896,95.621,56.53,161.29,4.909,9.372,43.09,554.648,6966.27978515625,4120.42578125,59.119998931884766,14.489999771118164,99.12999725341795,53.0,0.036581072956323624
2026-01-10,6.07,31.896,95.621,56.53,161.29,4.909,9.372,43.09,554.648,6966.27978515625,4120.42578125,59.119998931884766,14.489999771118164,99.12999725341795,53.0,0.046895723789930344
2026-01-11,6.07,31.896,95.621,56.53,161.29,4.909,9.372,43.09,554.648,6966.27978515625,4120.42578125,59.119998931884766,14.489999771118164,99.12999725341795,53.0,0.03031579777598381
2026-01-12,6.31,31.208,95.571,58.71,169.33,5.038,9.748,43.77,580.496,6977.27001953125,4165.287109375,59.5,15.119999885559082,98.86000061035156,53.0,0.023612262681126595
2026-01-13,6.31,31.783,97.214,59.34,176.88,5.156,10.147,43.21,588.355,6963.740234375,4138.7578125,61.150001525878906,15.979999542236328,99.12999725341795,53.0,0.017817510291934013
2026-01-14,6.51,32.144,97.969,60.35,177.55,5.232,9.904,44.0,598.164,6926.60009765625,4126.0927734375,62.02000045776367,16.75,99.12999725341795,53.0,0.013527286238968372
2026-01-15,6.57,33.068,98.595,59.96,173.78,5.13,10.336,44.41,595.897,6944.47021484375,4112.60107421875,59.18999862670898,15.84000015258789,99.31999969482422,53.0,0.025134138762950897
2026-01-16,6.4,32.725,99.031,58.71,163.04,5.062,9.931,43.35,587.345,6940.009765625,4101.9130859375,59.43999862670898,15.859999656677246,99.38999938964844,53.0,0.03008291870355606
2026-01-17,6.4,32.725,99.031,58.71,163.04,5.062,9.931,43.35,587.345,6940.009765625,4101.9130859375,59.43999862670898,15.859999656677246,99.38999938964844,53.0,0.02058437466621399
2026-01-18,6.4,32.725,99.031,58.71,163.04,5.062,9.931,43.35,587.345,6940.009765625,4101.9130859375,59.43999862670898,15.859999656677246,99.38999938964844,53.0,0.0179207194596529
2026-01-19,6.46,32.726,100.279,58.71,163.04,5.043,9.747,43.6,589.557,6940.009765625,4114.0,59.43999862670898,15.859999656677246,99.38999938964844,53.0,0.012338967062532902
2026-01-20,6.48,32.18,98.56,60.07,172.54,5.126,9.767,43.57,588.282,6796.85986328125,4113.64892578125,60.34000015258789,20.09000015258789,98.63999938964844,53.0,-0.004042716696858406
2026-01-21,6.71,32.772,101.468,60.58,180.06,5.248,10.104,45.66,605.772,6875.6201171875,4116.93994140625,60.619998931884766,16.899999618530273,98.76000213623048,53.0,-0.00607585022225976
2026-01-22,6.62,32.887,103.298,58.85,188.32,5.128,10.018,45.11,621.046,6913.35009765625,4122.576171875,59.36000061035156,15.640000343322754,98.36000061035156,53.0,-0.005287527106702328
2026-01-23,6.83,33.383,102.513,60.41,189.51,5.185,10.609,46.08,640.884,6915.60986328125,4136.1640625,61.06999969482422,16.09000015258789,97.5999984741211,53.0,0.005685838870704174
2026-01-24,6.83,33.383,102.513,60.41,189.51,5.185,10.609,46.08,640.884,6915.60986328125,4136.1640625,61.06999969482422,16.09000015258789,97.5999984741211,53.0,0.0032842557411640882
2026-01-25,6.83,33.383,102.513,60.41,189.51,5.185,10.609,46.08,640.884,6915.60986328125,4136.1640625,61.06999969482422,16.09000015258789,97.5999984741211,53.0,0.017861777916550636
2026-01-26,6.84,33.383,102.513,61.17,189.75,5.409,10.589,47.16,641.093,6950.22998046875,4132.60498046875,60.630001068115234,16.149999618530273,97.04000091552734,53.0,0.035637833178043365
2026-01-27,6.98,34.88,106.006,62.87,194.18,5.565,10.484,47.75,637.572,6978.60009765625,4139.90380859375,62.38999938964844,16.350000381469727,96.22000122070312,53.0,0.03639601543545723
2026-01-28,6.98,35.622,108.993,63.63,184.33,5.738,10.705,47.99,641.064,6978.02978515625,4151.23779296875,63.209999084472656,16.350000381469727,96.4499969482422,53.0,0.04091029614210129
2026-01-29,7.01,36.294,110.65,65.13,180.7,5.912,10.617,48.31,616.854,6969.009765625,4157.98388671875,65.41999816894531,16.8799991607666,96.27999877929688,53.0,0.026941025629639626
2026-01-30,6.83,35.192,105.464,60.23,170.63,5.363,9.869,46.65,576.214,6939.02978515625,4117.9482421875,65.20999908447266,17.440000534057617,96.98999786376952,53.0,0.0300794318318367
2026-01-31,6.83,35.192,105.464,60.23,170.63,5.363,9.869,46.65,576.214,6939.02978515625,4117.9482421875,65.20999908447266,17.440000534057617,96.98999786376952,53.0,0.016703380271792412
2026-02-01,6.83,35.192,105.464,60.23,170.63,5.363,9.869,46.65,576.214,6939.02978515625,4117.9482421875,65.20999908447266,17.440000534057617,96.98999786376952,43.0,0.023732753470540047
2026-02-02,6.84,34.332,104.191,60.76,164.93,5.065,9.491,47.13,557.422,6976.43994140625,4015.74609375,62.13999938964844,16.34000015258789,97.61000061035156,43.0,0.025272220373153687
2026-02-03,7.09,35.201,107.345,64.67,170.64,5.294,9.787,50.68,589.454,6917.81005859375,4067.738037109375,63.209999084472656,18.0,97.44000244140624,43.0,0.0149867357686162
2026-02-04,6.98,36.664,111.553,61.86,168.66,5.33,9.674,48.59,580.32,6882.72021484375,4102.2021484375,65.13999938964844,18.63999938964844,97.62000274658205,43.0,0.017982255667448044
2026-02-05,6.43,34.869,108.797,59.22,156.48,5.076,9.068,46.81,549.473,6798.39990234375,4075.9169921875,63.290000915527344,21.770000457763672,97.81999969482422,43.0,0.018733369186520576
2026-02-06,6.51,34.226,110.192,60.67,163.37,5.004,9.332,46.75,564.636,6932.2998046875,4065.5830078125,63.54999923706055,20.3700008392334,97.62999725341795,43.0,0.03226485103368759
2026-02-07,6.51,34.226,110.192,60.67,163.37,5.004,9.332,46.75,564.636,6932.2998046875,4065.5830078125,63.54999923706055,20.3700008392334,97.62999725341795,43.0,0.031619831919670105
2026-02-08,6.51,34.226,110.192,60.67,163.37,5.004,9.332,46.75,564.636,6932.2998046875,4065.5830078125,63.54999923706055,20.3700008392334,97.62999725341795,43.0,0.027492180466651917
2026-02-09,6.86,35.264,113.718,63.61,165.76,5.282,9.415,48.54,579.537,6964.81982421875,4123.08984375,64.36000061035156,17.360000610351562,96.81999969482422,43.0,0.04977701976895332
2026-02-10,6.77,35.554,115.016,63.26,168.56,5.413,9.41,48.84,583.479,6941.81005859375,4128.373046875,63.959999084472656,17.790000915527344,96.8000030517578,43.0,0.053436484187841415
2026-02-11,6.85,36.392,117.265,65.46,175.43,5.567,9.642,49.98,600.328,6941.47021484375,4131.98486328125,64.62999725341797,17.649999618530273,96.83000183105467,43.0,0.05490613728761673
2026-02-12,6.73,36.921,119.645,62.04,158.93,5.76,9.683,48.81,590.615,6832.759765625,4134.01806640625,62.84000015258789,20.81999969482422,96.93000030517578,43.0,0.04657793045043945
2026-02-13,6.75,36.164,120.057,62.84,166.35,5.32,9.6,48.94,583.537,6836.169921875,4082.072998046875,62.88999938964844,20.600000381469727,96.87999725341795,43.0,0.05745523422956467
2026-02-14,6.75,36.164,120.057,62.84,166.35,5.32,9.6,48.94,583.537,6836.169921875,4082.072998046875,62.88999938964844,20.600000381469727,96.87999725341795,43.0,0.026755593717098236
2026-02-15,6.75,36.164,120.057,62.84,166.35,5.32,9.6,48.94,583.537,6836.169921875,4082.072998046875,62.88999938964844,20.600000381469727,96.87999725341795,43.0,0.030388742685317993
2026-02-16,6.72,35.599,115.048,62.84,166.35,5.569,9.6,48.75,586.416,6836.169921875,4082.072998046875,62.88999938964844,20.600000381469727,96.87999725341795,43.0,0.04270534589886665
2026-02-17,6.59,37.361,115.49,61.09,168.92,5.569,9.6,47.47,581.323,6843.22021484375,4082.072998046875,62.33000183105469,20.290000915527344,97.16000366210938,43.0,0.030848871916532516
2026-02-18,6.85,36.817,116.31,62.55,171.22,5.569,9.6,49.39,594.248,6881.31005859375,4082.072998046875,65.19000244140625,19.6200008392334,97.6999969482422,43.0,0.05531260743737221
2026-02-19,6.8,37.57,118.963,62.57,168.41,5.569,9.6,48.17,588.151,6861.89013671875,4082.072998046875,66.43000030517578,20.229999542236328,97.93000030517578,43.0,0.05659960210323334
2026-02-20,6.84,37.774,115.665,64.34,168.42,5.456,9.6,48.76,581.434,6909.509765625,4082.072998046875,66.38999938964844,19.09000015258789,97.8000030517578,43.0,0.049548596143722534
2026-02-21,6.84,37.774,115.665,64.34,168.42,5.456,9.6,48.76,581.434,6909.509765625,4082.072998046875,66.38999938964844,19.09000015258789,97.8000030517578,43.0,0.03938237577676773
2026-02-22,6.84,37.774,115.665,64.34,168.42,5.456,9.6,48.76,581.434,6909.509765625,4082.072998046875,66.38999938964844,19.09000015258789,97.8000030517578,43.0,0.06369969248771667
2026-02-23,6.92,38.1,113.624,65.55,177.52,5.745,9.6,49.23,593.224,6837.75,4082.072998046875,66.30999755859375,21.01000022888184,97.6999969482422,43.0,0.06417003273963928
2026-02-24,7.0,38.626,112.4,67.88,186.83,5.628,10.169,49.47,616.472,6890.06982421875,4117.4091796875,65.62999725341797,19.549999237060547,97.87999725341795,43.0,0.05237172171473503
2026-02-25,7.25,40.252,115.87,68.82,195.87,5.742,10.384,51.91,651.994,6946.1298828125,4147.22998046875,65.41999816894531,17.93000030517578,97.6999969482422,43.0,0.031691670417785645
2026-02-26,7.08,41.026,119.795,68.38,184.93,5.686,10.651,49.79,648.67,6908.85986328125,4146.630859375,65.20999908447266,18.6299991607666,97.79000091552734,43.0,0.04598792642354965
2026-02-27,7.2,41.547,119.022,68.08,178.67,5.753,10.659,49.9,662.764,6878.8798828125,4162.880859375,67.0199966430664,19.86000061035156,97.61000061035156,43.0,0.04321574792265892
2026-02-28,7.2,41.547,119.022,68.08,178.67,5.753,10.659,49.9,662.764,6878.8798828125,4162.880859375,67.0199966430664,19.86000061035156,97.61000061035156,43.0,0.030440574511885643
2026-03-01,7.2,41.547,119.022,68.08,178.67,5.753,10.659,49.9,662.764,6878.8798828125,4162.880859375,67.0199966430664,19.86000061035156,97.61000061035156,46.0,0.020220644772052765
2026-03-02,7.16,42.014,120.15,68.29,178.18,5.887,10.453,48.12,674.234,6881.6201171875,4182.5908203125,71.2300033569336,21.440000534057617,98.37999725341795,46.0,0.01167756225913763
2026-03-03,7.03,40.58,116.305,65.57,164.73,5.538,9.75,46.1,629.172,6816.6298828125,4122.67578125,74.55999755859375,23.56999969482422,99.0500030517578,46.0,-0.012225604616105556
2026-03-04,7.07,39.382,115.078,65.93,168.35,5.365,9.699,47.04,639.131,6869.5,4082.47412109375,74.66000366210938,21.149999618530277,98.7699966430664,46.0,-0.03215927630662918
2026-03-05,6.88,38.638,115.305,62.66,163.93,5.226,9.74,45.13,628.919,6830.7099609375,4108.56689453125,81.01000213623047,23.75,99.31999969482422,46.0,-0.042433641850948334
2026-03-06,6.74,37.125,111.545,59.36,162.29,5.129,9.554,43.33,620.298,6740.02001953125,4124.19384765625,90.9000015258789,29.489999771118164,98.98999786376952,46.0,-0.05907903611660004
2026-03-07,6.74,37.125,111.545,59.36,162.29,5.129,9.554,43.33,620.298,6740.02001953125,4124.19384765625,90.9000015258789,29.489999771118164,98.98999786376952,46.0,-0.0990789383649826
2026-03-08,6.74,37.125,111.545,59.36,162.29,5.129,9.554,43.33,620.298,6740.02001953125,4124.19384765625,90.9000015258789,29.489999771118164,98.98999786376952,46.0,-0.10305524617433548
2026-03-09,6.81,35.436,107.991,60.49,169.57,4.984,9.811,42.01,618.123,6795.990234375,4096.60302734375,94.7699966430664,25.5,99.18000030517578,46.0,-0.13065874576568604
2026-03-10,7.01,36.471,109.355,62.4,166.54,5.105,10.037,44.7,635.072,6781.47998046875,4123.13818359375,83.44999694824219,24.93000030517578,98.83000183105467,46.0,-0.1303756982088089
2026-03-11,7.02,37.157,111.055,61.54,168.0,5.081,10.221,44.3,642.898,6775.7998046875,4133.43310546875,87.25,24.229999542236328,99.2300033569336,46.0,-0.13157080113887787
2026-03-12,7.09,36.063,108.296,59.21,163.89,5.075,10.118,43.4,624.589,6672.6201171875,4129.10302734375,95.7300033569336,27.290000915527344,99.73999786376952,46.0,-0.15150970220565796
2026-03-13,6.85,34.76,110.207,56.38,158.22,4.888,10.155,41.11,624.589,6632.18994140625,4095.447998046875,98.70999908447266,27.190000534057617,100.36000061035156,46.0,-0.15771161019802094
2026-03-14,6.85,34.76,110.207,56.38,158.22,4.888,10.155,41.11,624.589,6632.18994140625,4095.447998046875,98.70999908447266,27.190000534057617,100.36000061035156,46.0,-0.18867641687393188
2026-03-15,6.85,34.76,110.207,56.38,158.22,4.888,10.155,41.11,624.589,6632.18994140625,4095.447998046875,98.70999908447266,27.190000534057617,100.36000061035156,46.0,-0.16498392820358276
2026-03-16,6.87,34.772,109.357,57.93,162.44,4.723,10.239,41.49,624.589,6699.3798828125,4084.785888671875,93.5,23.51000022888184,99.70999908447266,46.0,-0.16772162914276123
2026-03-17,7.0,35.318,110.209,58.09,166.32,4.714,9.946,41.86,624.589,6716.08984375,4049.906982421875,96.20999908447266,22.3700008392334,99.58000183105467,46.0,-0.18578433990478516
2026-03-18,6.97,35.173,109.81,55.45,165.83,4.764,9.698,41.06,624.589,6624.7001953125,4062.98388671875,96.31999969482422,25.09000015258789,100.08999633789062,46.0,-0.17401131987571716
2026-03-19,6.96,34.261,107.247,53.62,163.26,4.43,9.194,39.71,624.589,6606.490234375,4006.552001953125,96.13999938964844,24.059999465942383,99.2300033569336,46.0,-0.20368090271949768
2026-03-20,6.94,33.338,103.182,52.09,156.7,4.37,9.793,38.24,624.589,6506.47998046875,3957.052978515625,98.31999969482422,26.780000686645508,99.6500015258789,46.0,-0.20474597811698914
