Date,Close,High,Low
2011-05-19,79.786,79.786,79.786
2011-05-20,78.76,78.76,78.76
2011-05-23,76.473,76.473,76.473
2011-05-24,76.849,76.849,76.849
2011-05-25,76.378,76.378,76.378
2011-05-26,78.661,78.661,78.661
2011-05-27,79.549,79.549,79.549
2011-05-31,80.127,80.127,80.127
2011-06-01,79.665,79.665,79.665
2011-06-02,78.773,78.773,78.773
2011-06-03,78.762,78.762,78.762
2011-06-06,78.335,78.335,78.335
2011-06-07,78.268,78.268,78.268
2011-06-08,77.892,77.892,77.892
2011-06-09,78.152,78.152,78.152
2011-06-10,77.814,77.814,77.814
2011-06-13,77.814,77.814,77.814
2011-06-14,78.925,78.925,78.925
2011-06-15,77.963,77.963,77.963
2011-06-16,76.27,76.27,76.27
2011-06-17,76.208,76.208,76.208
2011-06-20,75.371,75.371,75.371
2011-06-21,76.743,76.743,76.743
2011-06-22,77.747,77.747,77.747
2011-06-23,77.635,77.635,77.635
2011-06-24,77.749,77.749,77.749
2011-06-27,76.816,76.816,76.816
2011-06-28,78.019,78.019,78.019
2011-06-29,80.217,80.217,80.217
2011-06-30,81.967,81.967,81.967
2011-07-01,82.244,82.244,82.244
2011-07-04,82.24,82.24,82.24
2011-07-05,82.085,82.085,82.085
2011-07-06,82.4,82.4,82.4
2011-07-07,82.974,82.974,82.974
2011-07-08,83.59,83.59,83.59
2011-07-11,81.683,81.683,81.683
2011-07-12,79.555,79.555,79.555
2011-07-13,80.28,80.28,80.28
2011-07-14,79.967,79.967,79.967
2011-07-15,79.779,79.779,79.779
2011-07-18,79.767,79.767,79.767
2011-07-19,80.417,80.417,80.417
2011-07-20,81.753,81.753,81.753
2011-07-21,82.25,82.25,82.25
2011-07-22,82.418,82.418,82.418
2011-07-25,81.986,81.986,81.986
2011-07-26,83.726,83.726,83.726
2011-07-27,83.901,83.901,83.901
2011-07-28,82.339,82.339,82.339
2011-07-29,81.011,81.011,81.011
2011-08-01,82.415,82.415,82.415
2011-08-02,79.483,79.483,79.483
2011-08-03,76.979,76.979,76.979
2011-08-04,73.864,73.864,73.864
2011-08-05,69.274,69.274,69.274
2011-08-08,64.539,64.539,64.539
2011-08-09,66.63,66.63,66.63
2011-08-10,67.877,67.877,67.877
2011-08-11,67.147,67.147,67.147
2011-08-12,68.245,68.245,68.245
2011-08-15,72.159,72.159,72.159
2011-08-16,70.814,70.814,70.814
2011-08-17,72.281,72.281,72.281
2011-08-18,70.192,70.192,70.192
2011-08-19,66.523,66.523,66.523
2011-08-22,65.706,65.706,65.706
2011-08-23,67.989,67.989,67.989
2011-08-24,66.536,66.536,66.536
2011-08-25,67.051,67.051,67.051
2011-08-26,67.348,67.348,67.348
2011-08-30,70.686,70.686,70.686
2011-08-31,71.519,71.519,71.519
2011-09-01,72.199,72.199,72.199
2011-09-02,70.65,70.65,70.65
2011-09-05,67.804,67.804,67.804
2011-09-06,66.167,66.167,66.167
2011-09-07,69.352,69.352,69.352
2011-09-08,69.468,69.468,69.468
2011-09-09,68.743,68.743,68.743
2011-09-12,65.065,65.065,65.065
2011-09-13,65.504,65.504,65.504
2011-09-14,64.654,64.654,64.654
2011-09-15,66.056,66.056,66.056
2011-09-16,68.04,68.04,68.04
2011-09-19,66.041,66.041,66.041
2011-09-20,65.199,65.199,65.199
2011-09-21,64.364,64.364,64.364
2011-09-22,58.346,58.346,58.346
2011-09-23,56.456,56.456,56.456
2011-09-26,54.62,54.62,54.62
2011-09-27,57.88,57.88,57.88
2011-09-28,57.706,57.706,57.706
2011-09-29,56.281,56.281,56.281
2011-09-30,55.006,55.006,55.006
2011-10-03,52.011,52.011,52.011
2011-10-04,52.052,52.052,52.052
2011-10-05,53.666,53.666,53.666
2011-10-06,56.814,56.814,56.814
2011-10-07,59.78,59.78,59.78
2011-10-10,62.022,62.022,62.022
2011-10-11,62.386,62.386,62.386
2011-10-12,63.103,63.103,63.103
2011-10-13,65.092,65.092,65.092
2011-10-14,65.097,65.097,65.097
2011-10-17,65.452,65.452,65.452
2011-10-18,62.631,62.631,62.631
2011-10-19,61.345,61.345,61.345
2011-10-20,59.254,59.254,59.254
2011-10-21,59.786,59.786,59.786
2011-10-24,63.321,63.321,63.321
2011-10-25,64.015,64.015,64.015
2011-10-26,63.955,63.955,63.955
2011-10-27,68.905,68.905,68.905
2011-10-28,69.231,69.231,69.231
2011-10-31,67.196,67.196,67.196
2011-11-01,63.933,63.933,63.933
2011-11-02,63.256,63.256,63.256
2011-11-03,63.72,63.72,63.72
2011-11-04,66.889,66.889,66.889
2011-11-07,65.758,65.758,65.758
2011-11-08,66.833,66.833,66.833
2011-11-09,66.168,66.168,66.168
2011-11-10,64.419,64.419,64.419
2011-11-11,65.708,65.708,65.708
2011-11-14,64.46,64.46,64.46
2011-11-15,63.612,63.612,63.612
2011-11-16,62.826,62.826,62.826
2011-11-17,62.689,62.689,62.689
2011-11-18,61.78,61.78,61.78
2011-11-21,59.84,59.84,59.84
2011-11-22,58.462,58.462,58.462
2011-11-23,55.601,55.601,55.601
2011-11-24,55.935,55.935,55.935
2011-11-25,55.403,55.403,55.403
2011-11-28,57.679,57.679,57.679
2011-11-29,58.685,58.685,58.685
2011-11-30,59.61,59.61,59.61
2011-12-01,62.13,62.13,62.13
2011-12-02,62.422,62.422,62.422
2011-12-05,63.414,63.414,63.414
2011-12-06,61.83,61.83,61.83
2011-12-07,62.802,62.802,62.802
2011-12-08,61.913,61.913,61.913
2011-12-09,59.999,59.999,59.999
2011-12-12,59.515,59.515,59.515
2011-12-13,57.874,57.874,57.874
2011-12-14,57.678,57.678,57.678
2011-12-15,56.099,56.099,56.099
2011-12-16,56.772,56.772,56.772
2011-12-19,54.853,54.853,54.853
2011-12-20,55.92,55.92,55.92
2011-12-21,57.396,57.396,57.396
2011-12-22,56.599,56.599,56.599
2011-12-23,57.823,57.823,57.823
2011-12-28,56.254,56.254,56.254
2011-12-29,56.344,56.344,56.344
2011-12-30,56.822,56.822,56.822
2012-01-03,58.674,58.674,58.674
2012-01-04,60.317,60.317,60.317
2012-01-05,59.347,59.347,59.347
2012-01-06,58.926,58.926,58.926
2012-01-09,58.629,58.629,58.629
2012-01-10,60.038,60.038,60.038
2012-01-11,60.985,60.985,60.985
2012-01-12,61.671,61.671,61.671
2012-01-13,61.96,61.96,61.96
2012-01-16,61.632,61.632,61.632
2012-01-17,62.849,62.849,62.849
2012-01-18,63.944,63.944,63.944
2012-01-19,64.057,64.057,64.057
2012-01-20,65.253,65.253,65.253
2012-01-23,65.895,65.895,65.895
2012-01-24,65.995,65.995,65.995
2012-01-25,66.751,66.751,66.751
2012-01-26,66.751,66.751,66.751
2012-01-27,68.495,68.495,68.495
2012-01-30,67.335,67.335,67.335
2012-01-31,67.651,67.651,67.651
2012-02-01,67.753,67.753,67.753
2012-02-02,69.809,69.809,69.809
2012-02-03,70.007,70.007,70.007
2012-02-06,71.475,71.475,71.475
2012-02-07,70.704,70.704,70.704
2012-02-08,71.358,71.358,71.358
2012-02-09,71.172,71.172,71.172
2012-02-10,68.749,68.749,68.749
2012-02-13,69.685,69.685,69.685
2012-02-14,68.183,68.183,68.183
2012-02-15,67.906,67.906,67.906
2012-02-16,66.692,66.692,66.692
2012-02-17,65.7,65.7,65.7
2012-02-20,67.414,67.414,67.414
2012-02-21,67.963,67.963,67.963
2012-02-22,67.173,67.173,67.173
2012-02-23,66.597,66.597,66.597
2012-02-24,67.131,67.131,67.131
2012-02-27,66.799,66.799,66.799
2012-02-28,67.24,67.24,67.24
2012-02-29,66.693,66.693,66.693
2012-03-01,65.94,65.94,65.94
2012-03-02,65.22,65.22,65.22
2012-03-05,63.987,63.987,63.987
2012-03-06,61.839,61.839,61.839
2012-03-07,60.874,60.874,60.874
2012-03-08,61.46,61.46,61.46
2012-03-09,62.47,62.47,62.47
2012-03-12,61.732,61.732,61.732
2012-03-13,62.554,62.554,62.554
2012-03-14,62.9,62.9,62.9
2012-03-15,62.98,62.98,62.98
2012-03-16,63.531,63.531,63.531
2012-03-19,64.389,64.389,64.389
2012-03-20,63.356,63.356,63.356
2012-03-21,62.951,62.951,62.951
2012-03-22,61.912,61.912,61.912
2012-03-23,61.394,61.394,61.394
2012-03-26,61.895,61.895,61.895
2012-03-27,61.75,61.75,61.75
2012-03-28,61.79,61.79,61.79
2012-03-29,61.49,61.49,61.49
2012-03-30,62.327,62.327,62.327
2012-04-02,63.489,63.489,63.489
2012-04-03,63.572,63.572,63.572
2012-04-04,62.775,62.775,62.775
2012-04-05,61.982,61.982,61.982
2012-04-10,61.259,61.259,61.259
2012-04-11,60.307,60.307,60.307
2012-04-12,61.99,61.99,61.99
2012-04-13,63.016,63.016,63.016
2012-04-16,62.187,62.187,62.187
2012-04-17,61.905,61.905,61.905
2012-04-18,63.468,63.468,63.468
2012-04-19,63.422,63.422,63.422
2012-04-20,63.721,63.721,63.721
2012-04-23,63.353,63.353,63.353
2012-04-24,62.355,62.355,62.355
2012-04-25,62.355,62.355,62.355
2012-04-26,63.277,63.277,63.277
2012-04-27,63.122,63.122,63.122
2012-04-30,63.734,63.734,63.734
2012-05-01,62.644,62.644,62.644
2012-05-02,63.241,63.241,63.241
2012-05-03,62.088,62.088,62.088
2012-05-04,60.873,60.873,60.873
2012-05-08,58.038,58.038,58.038
2012-05-09,56.638,56.638,56.638
2012-05-10,57.483,57.483,57.483
2012-05-11,56.383,56.383,56.383
2012-05-14,55.987,55.987,55.987
2012-05-15,55.225,55.225,55.225
2012-05-16,52.967,52.967,52.967
2012-05-17,53.01,53.01,53.01
2012-05-18,50.068,50.068,50.068
2012-05-21,51.083,51.083,51.083
2012-05-22,51.354,51.354,51.354
2012-05-23,50.57,50.57,50.57
2012-05-24,50.72,50.72,50.72
2012-05-25,50.277,50.277,50.277
2012-05-28,51.652,51.652,51.652
2012-05-29,52.751,52.751,52.751
2012-05-30,51.31,51.31,51.31
2012-05-31,50.971,50.971,50.971
2012-06-01,49.63,49.63,49.63
2012-06-06,49.611,49.611,49.611
2012-06-07,50.533,50.533,50.533
2012-06-08,50.775,50.775,50.775
2012-06-11,50.775,50.775,50.775
2012-06-12,50.184,50.184,50.184
2012-06-13,49.977,49.977,49.977
2012-06-14,50.12,50.12,50.12
2012-06-15,50.628,50.628,50.628
2012-06-18,53.161,53.161,53.161
2012-06-19,53.292,53.292,53.292
2012-06-20,54.21,54.21,54.21
2012-06-21,52.622,52.622,52.622
2012-06-22,51.937,51.937,51.937
2012-06-25,51.532,51.532,51.532
2012-06-26,51.307,51.307,51.307
2012-06-27,51.152,51.152,51.152
2012-06-28,51.028,51.028,51.028
2012-06-29,53.283,53.283,53.283
2012-07-02,53.371,53.371,53.371
2012-07-03,54.399,54.399,54.399
2012-07-04,55.808,55.808,55.808
2012-07-05,55.631,55.631,55.631
2012-07-06,54.376,54.376,54.376
2012-07-09,53.201,53.201,53.201
2012-07-10,52.673,52.673,52.673
2012-07-11,52.584,52.584,52.584
2012-07-12,50.661,50.661,50.661
2012-07-13,50.956,50.956,50.956
2012-07-16,51.433,51.433,51.433
2012-07-17,51.732,51.732,51.732
2012-07-18,50.402,50.402,50.402
2012-07-19,51.251,51.251,51.251
2012-07-20,51.034,51.034,51.034
2012-07-23,48.686,48.686,48.686
2012-07-24,48.751,48.751,48.751
2012-07-25,48.444,48.444,48.444
2012-07-26,48.388,48.388,48.388
2012-07-27,50.237,50.237,50.237
2012-07-30,50.6,50.6,50.6
2012-07-31,51.48,51.48,51.48
2012-08-01,51.592,51.592,51.592
2012-08-02,52.455,52.455,52.455
2012-08-03,50.659,50.659,50.659
2012-08-06,52.709,52.709,52.709
2012-08-07,53.345,53.345,53.345
2012-08-08,53.449,53.449,53.449
2012-08-09,55.425,55.425,55.425
2012-08-10,55.015,55.015,55.015
2012-08-13,54.838,54.838,54.838
2012-08-14,54.625,54.625,54.625
2012-08-15,53.329,53.329,53.329
2012-08-16,53.025,53.025,53.025
2012-08-17,53.132,53.132,53.132
2012-08-20,52.447,52.447,52.447
2012-08-21,52.561,52.561,52.561
2012-08-22,52.366,52.366,52.366
2012-08-23,52.099,52.099,52.099
2012-08-24,49.657,49.657,49.657
2012-08-28,49.466,49.466,49.466
2012-08-29,48.189,48.189,48.189
2012-08-30,46.09,46.09,46.09
2012-08-31,46.831,46.831,46.831
2012-09-03,47.058,47.058,47.058
2012-09-04,47.437,47.437,47.437
2012-09-05,46.335,46.335,46.335
2012-09-06,47.521,47.521,47.521
2012-09-07,50.122,50.122,50.122
2012-09-10,52.075,52.075,52.075
2012-09-11,52.395,52.395,52.395
2012-09-12,53.131,53.131,53.131
2012-09-13,53.478,53.478,53.478
2012-09-14,54.985,54.985,54.985
2012-09-17,55.498,55.498,55.498
2012-09-18,55.141,55.141,55.141
2012-09-19,55.793,55.793,55.793
2012-09-20,54.401,54.401,54.401
2012-09-21,54.286,54.286,54.286
2012-09-24,52.777,52.777,52.777
2012-09-25,51.653,51.653,51.653
2012-09-26,50.522,50.522,50.522
2012-09-27,51.546,51.546,51.546
2012-09-28,51.03,51.03,51.03
2012-10-01,50.927,50.927,50.927
2012-10-02,51.066,51.066,51.066
2012-10-03,50.562,50.562,50.562
2012-10-04,50.903,50.903,50.903
2012-10-05,51.511,51.511,51.511
2012-10-08,51.526,51.526,51.526
2012-10-09,52.359,52.359,52.359
2012-10-10,52.626,52.626,52.626
2012-10-11,52.423,52.423,52.423
2012-10-12,53.168,53.168,53.168
2012-10-15,52.714,52.714,52.714
2012-10-16,52.17,52.17,52.17
2012-10-17,53.618,53.618,53.618
2012-10-18,56.11,56.11,56.11
2012-10-19,56.306,56.306,56.306
2012-10-22,54.925,54.925,54.925
2012-10-23,54.693,54.693,54.693
2012-10-24,54.633,54.633,54.633
2012-10-25,54.814,54.814,54.814
2012-10-26,53.959,53.959,53.959
2012-10-29,54.188,54.188,54.188
2012-10-30,54.278,54.278,54.278
2012-10-31,54.433,54.433,54.433
2012-11-01,53.903,53.903,53.903
2012-11-02,54.631,54.631,54.631
2012-11-05,56.217,56.217,56.217
2012-11-06,57.187,57.187,57.187
2012-11-07,57.535,57.535,57.535
2012-11-08,56.89,56.89,56.89
2012-11-09,56.16,56.16,56.16
2012-11-12,56.344,56.344,56.344
2012-11-13,55.433,55.433,55.433
2012-11-14,55.308,55.308,55.308
2012-11-15,54.098,54.098,54.098
2012-11-16,54.227,54.227,54.227
2012-11-19,54.401,54.401,54.401
2012-11-20,55.018,55.018,55.018
2012-11-21,54.406,54.406,54.406
2012-11-22,54.64,54.64,54.64
2012-11-23,55.11,55.11,55.11
2012-11-26,55.144,55.144,55.144
2012-11-27,55.624,55.624,55.624
2012-11-28,54.736,54.736,54.736
2012-11-29,54.968,54.968,54.968
2012-11-30,56.45,56.45,56.45
2012-12-03,56.205,56.205,56.205
2012-12-04,56.349,56.349,56.349
2012-12-05,57.169,57.169,57.169
2012-12-06,57.9,57.9,57.9
2012-12-07,58.142,58.142,58.142
2012-12-10,59.228,59.228,59.228
2012-12-11,59.932,59.932,59.932
2012-12-12,60.487,60.487,60.487
2012-12-13,60.872,60.872,60.872
2012-12-14,61.312,61.312,61.312
2012-12-17,61.765,61.765,61.765
2012-12-18,62.781,62.781,62.781
2012-12-19,63.458,63.458,63.458
2012-12-20,63.068,63.068,63.068
2012-12-21,62.044,62.044,62.044
2012-12-24,61.895,61.895,61.895
2012-12-27,62.562,62.562,62.562
2012-12-28,63.582,63.582,63.582
2012-12-31,63.225,63.225,63.225
2013-01-02,65.453,65.453,65.453
2013-01-03,66.781,66.781,66.781
2013-01-04,66.195,66.195,66.195
2013-01-07,65.233,65.233,65.233
2013-01-08,64.453,64.453,64.453
2013-01-09,64.724,64.724,64.724
2013-01-10,65.518,65.518,65.518
2013-01-11,63.867,63.867,63.867
2013-01-14,64.246,64.246,64.246
2013-01-15,64.164,64.164,64.164
2013-01-16,63.866,63.866,63.866
2013-01-17,62.779,62.779,62.779
2013-01-18,64.254,64.254,64.254
2013-01-21,64.387,64.387,64.387
2013-01-22,65.128,65.128,65.128
2013-01-23,64.626,64.626,64.626
2013-01-24,63.841,63.841,63.841
2013-01-25,63.449,63.449,63.449
2013-01-28,63.449,63.449,63.449
2013-01-29,63.859,63.859,63.859
2013-01-30,64.424,64.424,64.424
2013-01-31,63.738,63.738,63.738
2013-02-01,64.439,64.439,64.439
2013-02-04,65.391,65.391,65.391
2013-02-05,64.427,64.427,64.427
2013-02-06,64.737,64.737,64.737
2013-02-07,65.048,65.048,65.048
2013-02-08,66.176,66.176,66.176
2013-02-11,65.63,65.63,65.63
2013-02-12,65.558,65.558,65.558
2013-02-13,67.331,67.331,67.331
2013-02-14,68.79,68.79,68.79
2013-02-15,66.615,66.615,66.615
2013-02-18,67.331,67.331,67.331
2013-02-19,67.269,67.269,67.269
2013-02-20,65.58,65.58,65.58
2013-02-21,63.543,63.543,63.543
2013-02-22,63.444,63.444,63.444
2013-02-25,62.53,62.53,62.53
2013-02-26,61.794,61.794,61.794
2013-02-27,62.239,62.239,62.239
2013-02-28,63.103,63.103,63.103
2013-03-01,62.129,62.129,62.129
2013-03-04,59.803,59.803,59.803
2013-03-05,60.12,60.12,60.12
2013-03-06,59.567,59.567,59.567
2013-03-07,59.822,59.822,59.822
2013-03-08,60.678,60.678,60.678
2013-03-11,59.781,59.781,59.781
2013-03-12,58.885,58.885,58.885
2013-03-13,58.925,58.925,58.925
2013-03-14,58.077,58.077,58.077
2013-03-15,58.776,58.776,58.776
2013-03-18,57.081,57.081,57.081
2013-03-19,56.028,56.028,56.028
2013-03-20,54.954,54.954,54.954
2013-03-21,56.071,56.071,56.071
2013-03-22,55.738,55.738,55.738
2013-03-25,56.174,56.174,56.174
2013-03-26,54.995,54.995,54.995
2013-03-27,55.647,55.647,55.647
2013-03-28,54.866,54.866,54.866
2013-04-02,54.392,54.392,54.392
2013-04-03,53.385,53.385,53.385
2013-04-04,52.503,52.503,52.503
2013-04-05,53.157,53.157,53.157
2013-04-08,52.597,52.597,52.597
2013-04-09,54.807,54.807,54.807
2013-04-10,56.611,56.611,56.611
2013-04-11,56.389,56.389,56.389
2013-04-12,55.087,55.087,55.087
2013-04-15,52.349,52.349,52.349
2013-04-16,52.635,52.635,52.635
2013-04-17,51.794,51.794,51.794
2013-04-18,49.432,49.432,49.432
2013-04-19,51.412,51.412,51.412
2013-04-22,52.17,52.17,52.17
2013-04-23,50.913,50.913,50.913
2013-04-24,51.778,51.778,51.778
2013-04-25,51.778,51.778,51.778
2013-04-26,52.854,52.854,52.854
2013-04-29,52.795,52.795,52.795
2013-04-30,53.322,53.322,53.322
2013-05-01,52.115,52.115,52.115
2013-05-02,50.895,50.895,50.895
2013-05-03,51.794,51.794,51.794
2013-05-07,53.847,53.847,53.847
2013-05-08,55.194,55.194,55.194
2013-05-09,54.13,54.13,54.13
2013-05-10,53.975,53.975,53.975
2013-05-13,52.814,52.814,52.814
2013-05-14,52.444,52.444,52.444
2013-05-15,50.863,50.863,50.863
2013-05-16,49.42,49.42,49.42
2013-05-17,49.543,49.543,49.543
2013-05-20,50.084,50.084,50.084
2013-05-21,49.95,49.95,49.95
2013-05-22,50.308,50.308,50.308
2013-05-23,49.515,49.515,49.515
2013-05-24,48.453,48.453,48.453
2013-05-28,46.853,46.853,46.853
2013-05-29,48.561,48.561,48.561
2013-05-30,48.028,48.028,48.028
2013-05-31,48.667,48.667,48.667
2013-06-03,48.446,48.446,48.446
2013-06-04,49.019,49.019,49.019
2013-06-05,47.788,47.788,47.788
2013-06-06,47.792,47.792,47.792
2013-06-07,46.528,46.528,46.528
2013-06-10,46.528,46.528,46.528
2013-06-11,46.031,46.031,46.031
2013-06-12,46.156,46.156,46.156
2013-06-13,45.796,45.796,45.796
2013-06-14,47.588,47.588,47.588
2013-06-17,47.194,47.194,47.194
2013-06-18,46.815,46.815,46.815
2013-06-19,46.568,46.568,46.568
2013-06-20,44.578,44.578,44.578
2013-06-21,44.716,44.716,44.716
2013-06-24,43.927,43.927,43.927
2013-06-25,42.865,42.865,42.865
2013-06-26,44.368,44.368,44.368
2013-06-27,44.245,44.245,44.245
2013-06-28,44.094,44.094,44.094
2013-07-01,44.041,44.041,44.041
2013-07-02,44.712,44.712,44.712
2013-07-03,43.114,43.114,43.114
2013-07-04,43.954,43.954,43.954
2013-07-05,44.012,44.012,44.012
2013-07-08,43.465,43.465,43.465
2013-07-09,44.003,44.003,44.003
2013-07-10,44.27,44.27,44.27
2013-07-11,45.986,45.986,45.986
2013-07-12,45.635,45.635,45.635
2013-07-15,45.897,45.897,45.897
2013-07-16,47.329,47.329,47.329
2013-07-17,47.773,47.773,47.773
2013-07-18,47.886,47.886,47.886
2013-07-19,47.51,47.51,47.51
2013-07-22,48.202,48.202,48.202
2013-07-23,48.627,48.627,48.627
2013-07-24,48.708,48.708,48.708
2013-07-25,48.991,48.991,48.991
2013-07-26,48.838,48.838,48.838
2013-07-29,48.437,48.437,48.437
2013-07-30,48.191,48.191,48.191
2013-07-31,47.595,47.595,47.595
2013-08-01,47.646,47.646,47.646
2013-08-02,48.631,48.631,48.631
2013-08-05,49.061,49.061,49.061
2013-08-06,49.573,49.573,49.573
2013-08-07,48.594,48.594,48.594
2013-08-08,49.894,49.894,49.894
2013-08-09,51.017,51.017,51.017
2013-08-12,52.127,52.127,52.127
2013-08-13,52.597,52.597,52.597
2013-08-14,52.046,52.046,52.046
2013-08-15,51.697,51.697,51.697
2013-08-16,50.829,50.829,50.829
2013-08-19,50.486,50.486,50.486
2013-08-20,49.749,49.749,49.749
2013-08-21,49.269,49.269,49.269
2013-08-22,49.002,49.002,49.002
2013-08-23,49.818,49.818,49.818
2013-08-27,49.451,49.451,49.451
2013-08-28,47.918,47.918,47.918
2013-08-29,47.933,47.933,47.933
2013-08-30,47.797,47.797,47.797
2013-09-02,48.972,48.972,48.972
2013-09-03,50.969,50.969,50.969
2013-09-04,51.993,51.993,51.993
2013-09-05,51.435,51.435,51.435
2013-09-06,51.689,51.689,51.689
2013-09-09,52.674,52.674,52.674
2013-09-10,53.939,53.939,53.939
2013-09-11,55.147,55.147,55.147
2013-09-12,54.823,54.823,54.823
2013-09-13,53.727,53.727,53.727
2013-09-16,54.444,54.444,54.444
2013-09-17,54.097,54.097,54.097
2013-09-18,54.116,54.116,54.116
2013-09-19,55.339,55.339,55.339
2013-09-20,54.458,54.458,54.458
2013-09-23,54.371,54.371,54.371
2013-09-24,53.751,53.751,53.751
2013-09-25,53.87,53.87,53.87
2013-09-26,54.681,54.681,54.681
2013-09-27,54.332,54.332,54.332
2013-09-30,52.984,52.984,52.984
2013-10-01,52.882,52.882,52.882
2013-10-02,52.134,52.134,52.134
2013-10-03,52.614,52.614,52.614
2013-10-04,52.558,52.558,52.558
2013-10-07,52.127,52.127,52.127
2013-10-08,52.294,52.294,52.294
2013-10-09,52.367,52.367,52.367
2013-10-10,52.443,52.443,52.443
2013-10-11,53.704,53.704,53.704
2013-10-14,53.901,53.901,53.901
2013-10-15,55.478,55.478,55.478
2013-10-16,56.43,56.43,56.43
2013-10-17,56.548,56.548,56.548
2013-10-18,56.574,56.574,56.574
2013-10-21,56.683,56.683,56.683
2013-10-22,57.221,57.221,57.221
2013-10-23,56.465,56.465,56.465
2013-10-24,56.607,56.607,56.607
2013-10-25,56.296,56.296,56.296
2013-10-28,56.769,56.769,56.769
2013-10-29,55.364,55.364,55.364
2013-10-30,55.414,55.414,55.414
2013-10-31,55.776,55.776,55.776
2013-11-01,55.261,55.261,55.261
2013-11-04,55.84,55.84,55.84
2013-11-05,56.669,56.669,56.669
2013-11-06,57.554,57.554,57.554
2013-11-07,57.045,57.045,57.045
2013-11-08,56.43,56.43,56.43
2013-11-11,56.118,56.118,56.118
2013-11-12,55.459,55.459,55.459
2013-11-13,55.738,55.738,55.738
2013-11-14,55.912,55.912,55.912
2013-11-15,56.558,56.558,56.558
2013-11-18,56.727,56.727,56.727
2013-11-19,56.646,56.646,56.646
2013-11-20,55.682,55.682,55.682
2013-11-21,55.156,55.156,55.156
2013-11-22,55.144,55.144,55.144
2013-11-25,55.197,55.197,55.197
2013-11-26,54.707,54.707,54.707
2013-11-27,53.789,53.789,53.789
2013-11-28,54.002,54.002,54.002
2013-11-29,55.462,55.462,55.462
2013-12-02,55.225,55.225,55.225
2013-12-03,55.14,55.14,55.14
2013-12-04,55.136,55.136,55.136
2013-12-05,55.12,55.12,55.12
2013-12-06,55.695,55.695,55.695
2013-12-09,55.869,55.869,55.869
2013-12-10,55.798,55.798,55.798
2013-12-11,54.843,54.843,54.843
2013-12-12,53.627,53.627,53.627
2013-12-13,53.76,53.76,53.76
2013-12-16,53.521,53.521,53.521
2013-12-17,53.512,53.512,53.512
2013-12-18,53.344,53.344,53.344
2013-12-19,54.36,54.36,54.36
2013-12-20,54.87,54.87,54.87
2013-12-23,55.082,55.082,55.082
2013-12-24,54.916,54.916,54.916
2013-12-27,55.051,55.051,55.051
2013-12-30,55.793,55.793,55.793
2013-12-31,56.004,56.004,56.004
2014-01-02,56.389,56.389,56.389
2014-01-03,56.341,56.341,56.341
2014-01-06,55.957,55.957,55.957
2014-01-07,54.286,54.286,54.286
2014-01-08,53.607,53.607,53.607
2014-01-09,53.53,53.53,53.53
2014-01-10,52.752,52.752,52.752
2014-01-13,52.982,52.982,52.982
2014-01-14,52.346,52.346,52.346
2014-01-15,52.774,52.774,52.774
2014-01-16,53.3,53.3,53.3
2014-01-17,53.651,53.651,53.651
2014-01-20,53.979,53.979,53.979
2014-01-21,53.394,53.394,53.394
2014-01-22,53.257,53.257,53.257
2014-01-23,52.251,52.251,52.251
2014-01-24,52.13,52.13,52.13
2014-01-27,52.13,52.13,52.13
2014-01-28,52.013,52.013,52.013
2014-01-29,52.994,52.994,52.994
2014-01-30,53.303,53.303,53.303
2014-01-31,52.95,52.95,52.95
2014-02-03,52.672,52.672,52.672
2014-02-04,52.726,52.726,52.726
2014-02-05,53.002,53.002,53.002
2014-02-06,54.174,54.174,54.174
2014-02-07,54.436,54.436,54.436
2014-02-10,55.255,55.255,55.255
2014-02-11,55.494,55.494,55.494
2014-02-12,56.635,56.635,56.635
2014-02-13,56.117,56.117,56.117
2014-02-14,56.494,56.494,56.494
2014-02-17,57.877,57.877,57.877
2014-02-18,58.94,58.94,58.94
2014-02-19,58.207,58.207,58.207
2014-02-20,57.752,57.752,57.752
2014-02-21,58.083,58.083,58.083
2014-02-24,57.911,57.911,57.911
2014-02-25,57.036,57.036,57.036
2014-02-26,55.319,55.319,55.319
2014-02-27,55.001,55.001,55.001
2014-02-28,54.983,54.983,54.983
2014-03-03,54.18,54.18,54.18
2014-03-04,54.292,54.292,54.292
2014-03-05,53.666,53.666,53.666
2014-03-06,54.071,54.071,54.071
2014-03-07,54.288,54.288,54.288
2014-03-10,50.846,50.846,50.846
2014-03-11,50.62,50.62,50.62
2014-03-12,50.834,50.834,50.834
2014-03-13,52.487,52.487,52.487
2014-03-14,51.146,51.146,51.146
2014-03-17,51.313,51.313,51.313
2014-03-18,52.024,52.024,52.024
2014-03-19,51.12,51.12,51.12
2014-03-20,50.642,50.642,50.642
2014-03-21,51.349,51.349,51.349
2014-03-24,51.758,51.758,51.758
2014-03-25,52.677,52.677,52.677
2014-03-26,54.095,54.095,54.095
2014-03-27,53.912,53.912,53.912
2014-03-28,53.893,53.893,53.893
2014-03-31,54.245,54.245,54.245
2014-04-01,54.401,54.401,54.401
2014-04-02,54.626,54.626,54.626
2014-04-03,54.162,54.162,54.162
2014-04-04,54.56,54.56,54.56
2014-04-07,54.633,54.633,54.633
2014-04-08,55.638,55.638,55.638
2014-04-09,56.346,56.346,56.346
2014-04-10,56.344,56.344,56.344
2014-04-11,55.491,55.491,55.491
2014-04-14,54.918,54.918,54.918
2014-04-15,54.635,54.635,54.635
2014-04-16,54.722,54.722,54.722
2014-04-17,54.459,54.459,54.459
2014-04-22,54.161,54.161,54.161
2014-04-23,53.752,53.752,53.752
2014-04-24,53.758,53.758,53.758
2014-04-25,53.758,53.758,53.758
2014-04-28,52.944,52.944,52.944
2014-04-29,52.358,52.358,52.358
2014-04-30,52.785,52.785,52.785
2014-05-01,51.956,51.956,51.956
2014-05-02,52.119,52.119,52.119
2014-05-06,52.977,52.977,52.977
2014-05-07,52.084,52.084,52.084
2014-05-08,53.061,53.061,53.061
2014-05-09,52.576,52.576,52.576
2014-05-12,52.602,52.602,52.602
2014-05-13,54.198,54.198,54.198
2014-05-14,54.23,54.23,54.23
2014-05-15,54.157,54.157,54.157
2014-05-16,53.444,53.444,53.444
2014-05-19,51.677,51.677,51.677
2014-05-20,51.141,51.141,51.141
2014-05-21,50.631,50.631,50.631
2014-05-22,51.809,51.809,51.809
2014-05-23,51.475,51.475,51.475
2014-05-27,52.219,52.219,52.219
2014-05-28,52.257,52.257,52.257
2014-05-29,51.523,51.523,51.523
2014-05-30,50.874,50.874,50.874
2014-06-02,50.47,50.47,50.47
2014-06-03,50.91,50.91,50.91
2014-06-04,50.808,50.808,50.808
2014-06-05,51.339,51.339,51.339
2014-06-06,51.086,51.086,51.086
2014-06-09,51.086,51.086,51.086
2014-06-10,51.512,51.512,51.512
2014-06-11,51.354,51.354,51.354
2014-06-12,50.999,50.999,50.999
2014-06-13,49.893,49.893,49.893
2014-06-16,50.262,50.262,50.262
2014-06-17,49.414,49.414,49.414
2014-06-18,50.185,50.185,50.185
2014-06-19,51.297,51.297,51.297
2014-06-20,50.611,50.611,50.611
2014-06-23,52.083,52.083,52.083
2014-06-24,51.362,51.362,51.362
2014-06-25,51.188,51.188,51.188
2014-06-26,51.941,51.941,51.941
2014-06-27,52.135,52.135,52.135
2014-06-30,51.544,51.544,51.544
2014-07-01,52.902,52.902,52.902
2014-07-02,53.956,53.956,53.956
2014-07-03,53.778,53.778,53.778
2014-07-04,53.994,53.994,53.994
2014-07-07,53.792,53.792,53.792
2014-07-08,54.037,54.037,54.037
2014-07-09,53.877,53.877,53.877
2014-07-10,54.008,54.008,54.008
2014-07-11,53.774,53.774,53.774
2014-07-14,53.965,53.965,53.965
2014-07-15,54.466,54.466,54.466
2014-07-16,55.196,55.196,55.196
2014-07-17,55.8,55.8,55.8
2014-07-18,55.623,55.623,55.623
2014-07-21,55.019,55.019,55.019
2014-07-22,55.496,55.496,55.496
2014-07-23,56.211,56.211,56.211
2014-07-24,56.634,56.634,56.634
2014-07-25,56.345,56.345,56.345
2014-07-28,56.651,56.651,56.651
2014-07-29,56.85,56.85,56.85
2014-07-30,56.804,56.804,56.804
2014-07-31,56.862,56.862,56.862
2014-08-01,56.089,56.089,56.089
2014-08-04,56.272,56.272,56.272
2014-08-05,56.005,56.005,56.005
2014-08-06,56.734,56.734,56.734
2014-08-07,56.658,56.658,56.658
2014-08-08,56.795,56.795,56.795
2014-08-11,56.97,56.97,56.97
2014-08-12,57.902,57.902,57.902
2014-08-13,56.348,56.348,56.348
2014-08-14,55.855,55.855,55.855
2014-08-15,56.055,56.055,56.055
2014-08-18,56.113,56.113,56.113
2014-08-19,56.904,56.904,56.904
2014-08-20,56.465,56.465,56.465
2014-08-21,56.206,56.206,56.206
2014-08-22,56.113,56.113,56.113
2014-08-26,54.965,54.965,54.965
2014-08-27,55.177,55.177,55.177
2014-08-28,54.344,54.344,54.344
2014-08-29,53.869,53.869,53.869
2014-09-01,54.004,54.004,54.004
2014-09-02,53.871,53.871,53.871
2014-09-03,53.672,53.672,53.672
2014-09-04,53.522,53.522,53.522
2014-09-05,52.968,52.968,52.968
2014-09-08,52.175,52.175,52.175
2014-09-09,52.373,52.373,52.373
2014-09-10,51.908,51.908,51.908
2014-09-11,51.621,51.621,51.621
2014-09-12,51.545,51.545,51.545
2014-09-15,51.296,51.296,51.296
2014-09-16,51.803,51.803,51.803
2014-09-17,51.226,51.226,51.226
2014-09-18,51.351,51.351,51.351
2014-09-19,50.636,50.636,50.636
2014-09-22,49.088,49.088,49.088
2014-09-23,49.039,49.039,49.039
2014-09-24,49.722,49.722,49.722
2014-09-25,49.797,49.797,49.797
2014-09-26,48.544,48.544,48.544
2014-09-29,47.545,47.545,47.545
2014-09-30,48.017,48.017,48.017
2014-10-01,47.716,47.716,47.716
2014-10-02,47.817,47.817,47.817
2014-10-03,46.999,46.999,46.999
2014-10-06,46.498,46.498,46.498
2014-10-07,48.805,48.805,48.805
2014-10-08,48.14,48.14,48.14
2014-10-09,47.754,47.754,47.754
2014-10-10,45.81,45.81,45.81
2014-10-13,47.158,47.158,47.158
2014-10-14,48.768,48.768,48.768
2014-10-15,49.598,49.598,49.598
2014-10-16,48.328,48.328,48.328
2014-10-17,47.837,47.837,47.837
2014-10-20,48.331,48.331,48.331
2014-10-21,48.514,48.514,48.514
2014-10-22,49.5,49.5,49.5
2014-10-23,48.334,48.334,48.334
2014-10-24,48.667,48.667,48.667
2014-10-27,48.495,48.495,48.495
2014-10-28,48.167,48.167,48.167
2014-10-29,48.36,48.36,48.36
2014-10-30,48.251,48.251,48.251
2014-10-31,48.959,48.959,48.959
2014-11-03,47.809,47.809,47.809
2014-11-04,48.599,48.599,48.599
2014-11-05,47.625,47.625,47.625
2014-11-06,47.316,47.316,47.316
2014-11-07,48.288,48.288,48.288
2014-11-10,48.644,48.644,48.644
2014-11-11,48.432,48.432,48.432
2014-11-12,47.727,47.727,47.727
2014-11-13,47.977,47.977,47.977
2014-11-14,48.385,48.385,48.385
2014-11-17,48.071,48.071,48.071
2014-11-18,47.77,47.77,47.77
2014-11-19,46.044,46.044,46.044
2014-11-20,44.792,44.792,44.792
2014-11-21,45.047,45.047,45.047
2014-11-24,46.277,46.277,46.277
2014-11-25,45.11,45.11,45.11
2014-11-26,45.987,45.987,45.987
2014-11-27,45.669,45.669,45.669
2014-11-28,46.345,46.345,46.345
2014-12-01,44.327,44.327,44.327
2014-12-02,45.054,45.054,45.054
2014-12-03,44.89,44.89,44.89
2014-12-04,45.71,45.71,45.71
2014-12-05,43.829,43.829,43.829
2014-12-08,43.658,43.658,43.658
2014-12-09,42.407,42.407,42.407
2014-12-10,43.23,43.23,43.23
2014-12-11,41.954,41.954,41.954
2014-12-12,40.756,40.756,40.756
2014-12-15,40.47,40.47,40.47
2014-12-16,39.87,39.87,39.87
2014-12-17,39.946,39.946,39.946
2014-12-18,41.178,41.178,41.178
2014-12-19,42.233,42.233,42.233
2014-12-22,43.265,43.265,43.265
2014-12-23,41.667,41.667,41.667
2014-12-24,42.265,42.265,42.265
2014-12-29,43.494,43.494,43.494
2014-12-30,43.398,43.398,43.398
2014-12-31,43.66,43.66,43.66
2015-01-02,43.473,43.473,43.473
2015-01-05,43.558,43.558,43.558
2015-01-06,42.905,42.905,42.905
2015-01-07,42.645,42.645,42.645
2015-01-08,43.9,43.9,43.9
2015-01-09,44.889,44.889,44.889
2015-01-12,43.971,43.971,43.971
2015-01-13,43.237,43.237,43.237
2015-01-14,41.695,41.695,41.695
2015-01-15,41.009,41.009,41.009
2015-01-16,40.844,40.844,40.844
2015-01-19,40.984,40.984,40.984
2015-01-20,40.415,40.415,40.415
2015-01-21,41.043,41.043,41.043
2015-01-22,41.776,41.776,41.776
2015-01-23,41.418,41.418,41.418
2015-01-26,41.418,41.418,41.418
2015-01-27,41.521,41.521,41.521
2015-01-28,41.411,41.411,41.411
2015-01-29,40.789,40.789,40.789
2015-01-30,41.196,41.196,41.196
2015-02-02,41.317,41.317,41.317
2015-02-03,42.061,42.061,42.061
2015-02-04,43.37,43.37,43.37
2015-02-05,43.241,43.241,43.241
2015-02-06,43.517,43.517,43.517
2015-02-09,43.337,43.337,43.337
2015-02-10,43.46,43.46,43.46
2015-02-11,42.529,42.529,42.529
2015-02-12,42.689,42.689,42.689
2015-02-13,45.667,45.667,45.667
2015-02-16,45.495,45.495,45.495
2015-02-17,45.746,45.746,45.746
2015-02-18,45.619,45.619,45.619
2015-02-19,45.694,45.694,45.694
2015-02-20,46.067,46.067,46.067
2015-02-23,45.931,45.931,45.931
2015-02-24,45.545,45.545,45.545
2015-02-25,46.184,46.184,46.184
2015-02-26,45.784,45.784,45.784
2015-02-27,46.354,46.354,46.354
2015-03-02,46.944,46.944,46.944
2015-03-03,46.653,46.653,46.653
2015-03-04,44.925,44.925,44.925
2015-03-05,43.839,43.839,43.839
2015-03-06,42.915,42.915,42.915
2015-03-09,42.015,42.015,42.015
2015-03-10,41.111,41.111,41.111
2015-03-11,40.495,40.495,40.495
2015-03-12,40.841,40.841,40.841
2015-03-13,40.297,40.297,40.297
2015-03-16,40.616,40.616,40.616
2015-03-17,40.602,40.602,40.602
2015-03-18,41.685,41.685,41.685
2015-03-19,41.065,41.065,41.065
2015-03-20,41.933,41.933,41.933
2015-03-23,42.273,42.273,42.273
2015-03-24,41.631,41.631,41.631
2015-03-25,41.072,41.072,41.072
2015-03-26,40.75,40.75,40.75
2015-03-27,40.359,40.359,40.359
2015-03-30,39.36,39.36,39.36
2015-03-31,40.111,40.111,40.111
2015-04-01,39.494,39.494,39.494
2015-04-02,39.012,39.012,39.012
2015-04-07,39.488,39.488,39.488
2015-04-08,40.349,40.349,40.349
2015-04-09,40.109,40.109,40.109
2015-04-10,40.245,40.245,40.245
2015-04-13,38.677,38.677,38.677
2015-04-14,38.616,38.616,38.616
2015-04-15,39.51,39.51,39.51
2015-04-16,40.162,40.162,40.162
2015-04-17,39.449,39.449,39.449
2015-04-20,38.884,38.884,38.884
2015-04-21,39.42,39.42,39.42
2015-04-22,39.431,39.431,39.431
2015-04-23,40.351,40.351,40.351
2015-04-24,41.606,41.606,41.606
2015-04-27,43.274,43.274,43.274
2015-04-28,43.463,43.463,43.463
2015-04-29,42.585,42.585,42.585
2015-04-30,41.593,41.593,41.593
2015-05-01,42.164,42.164,42.164
2015-05-05,43.524,43.524,43.524
2015-05-06,43.408,43.408,43.408
2015-05-07,42.642,42.642,42.642
2015-05-08,42.686,42.686,42.686
2015-05-11,42.608,42.608,42.608
2015-05-12,43.525,43.525,43.525
2015-05-13,44.112,44.112,44.112
2015-05-14,42.934,42.934,42.934
2015-05-15,42.991,42.991,42.991
2015-05-18,42.272,42.272,42.272
2015-05-19,41.896,41.896,41.896
2015-05-20,40.643,40.643,40.643
2015-05-21,41.384,41.384,41.384
2015-05-22,40.935,40.935,40.935
2015-05-26,41.547,41.547,41.547
2015-05-27,40.78,40.78,40.78
2015-05-28,40.607,40.607,40.607
2015-05-29,40.957,40.957,40.957
2015-06-01,40.239,40.239,40.239
2015-06-02,40.441,40.441,40.441
2015-06-03,41.249,41.249,41.249
2015-06-04,40.196,40.196,40.196
2015-06-05,40.079,40.079,40.079
2015-06-08,40.079,40.079,40.079
2015-06-09,39.934,39.934,39.934
2015-06-10,40.088,40.088,40.088
2015-06-11,41.07,41.07,41.07
2015-06-12,40.669,40.669,40.669
2015-06-15,40.976,40.976,40.976
2015-06-16,39.917,39.917,39.917
2015-06-17,39.987,39.987,39.987
2015-06-18,39.48,39.48,39.48
2015-06-19,39.768,39.768,39.768
2015-06-22,39.731,39.731,39.731
2015-06-23,40.146,40.146,40.146
2015-06-24,39.505,39.505,39.505
2015-06-25,39.646,39.646,39.646
2015-06-26,38.142,38.142,38.142
2015-06-29,37.683,37.683,37.683
2015-06-30,38.162,38.162,38.162
2015-07-01,37.339,37.339,37.339
2015-07-02,37.28,37.28,37.28
2015-07-03,36.326,36.326,36.326
2015-07-06,35.338,35.338,35.338
2015-07-07,35.51,35.51,35.51
2015-07-08,34.264,34.264,34.264
2015-07-09,34.903,34.903,34.903
2015-07-10,35.683,35.683,35.683
2015-07-13,35.166,35.166,35.166
2015-07-14,36.422,36.422,36.422
2015-07-15,36.109,36.109,36.109
2015-07-16,36.356,36.356,36.356
2015-07-17,36.005,36.005,36.005
2015-07-20,36.574,36.574,36.574
2015-07-21,36.488,36.488,36.488
2015-07-22,35.456,35.456,35.456
2015-07-23,34.691,34.691,34.691
2015-07-24,34.351,34.351,34.351
2015-07-27,34.288,34.288,34.288
2015-07-28,34.66,34.66,34.66
2015-07-29,34.793,34.793,34.793
2015-07-30,35.607,35.607,35.607
2015-07-31,35.572,35.572,35.572
2015-08-03,35.041,35.041,35.041
2015-08-04,35.371,35.371,35.371
2015-08-05,35.902,35.902,35.902
2015-08-06,36.239,36.239,36.239
2015-08-07,36.407,36.407,36.407
2015-08-10,36.699,36.699,36.699
2015-08-11,36.743,36.743,36.743
2015-08-12,35.105,35.105,35.105
2015-08-13,35.22,35.22,35.22
2015-08-14,34.723,34.723,34.723
2015-08-17,34.546,34.546,34.546
2015-08-18,34.212,34.212,34.212
2015-08-19,34.285,34.285,34.285
2015-08-20,33.405,33.405,33.405
2015-08-21,33.402,33.402,33.402
2015-08-24,30.963,30.963,30.963
2015-08-25,31.818,31.818,31.818
2015-08-26,32.08,32.08,32.08
2015-08-27,32.226,32.226,32.226
2015-08-28,33.771,33.771,33.771
2015-09-01,31.913,31.913,31.913
2015-09-02,32.123,32.123,32.123
2015-09-03,31.853,31.853,31.853
2015-09-04,31.665,31.665,31.665
2015-09-07,31.359,31.359,31.359
2015-09-08,32.462,32.462,32.462
2015-09-09,33.296,33.296,33.296
2015-09-10,33.392,33.392,33.392
2015-09-11,33.963,33.963,33.963
2015-09-14,34.101,34.101,34.101
2015-09-15,33.392,33.392,33.392
2015-09-16,34.023,34.023,34.023
2015-09-17,34.362,34.362,34.362
2015-09-18,33.952,33.952,33.952
2015-09-21,32.706,32.706,32.706
2015-09-22,32.132,32.132,32.132
2015-09-23,30.955,30.955,30.955
2015-09-24,31.261,31.261,31.261
2015-09-25,31.664,31.664,31.664
2015-09-28,31.4,31.4,31.4
2015-09-29,29.934,29.934,29.934
2015-09-30,31.429,31.429,31.429
2015-10-01,32.104,32.104,32.104
2015-10-02,31.643,31.643,31.643
2015-10-05,32.505,32.505,32.505
2015-10-06,33.35,33.35,33.35
2015-10-07,34.643,34.643,34.643
2015-10-08,35.567,35.567,35.567
2015-10-09,37.281,37.281,37.281
2015-10-12,37.172,37.172,37.172
2015-10-13,35.64,35.64,35.64
2015-10-14,35.657,35.657,35.657
2015-10-15,36.627,36.627,36.627
2015-10-16,35.908,35.908,35.908
2015-10-19,35.641,35.641,35.641
2015-10-20,34.876,34.876,34.876
2015-10-21,35.061,35.061,35.061
2015-10-22,34.962,34.962,34.962
2015-10-23,35.486,35.486,35.486
2015-10-26,35.933,35.933,35.933
2015-10-27,34.983,34.983,34.983
2015-10-28,34.143,34.143,34.143
2015-10-29,33.302,33.302,33.302
2015-10-30,33.314,33.314,33.314
2015-11-02,33.415,33.415,33.415
2015-11-03,33.512,33.512,33.512
2015-11-04,33.488,33.488,33.488
2015-11-05,32.999,32.999,32.999
2015-11-06,32.987,32.987,32.987
2015-11-09,31.805,31.805,31.805
2015-11-10,31.994,31.994,31.994
2015-11-11,32.133,32.133,32.133
2015-11-12,32.503,32.503,32.503
2015-11-13,31.963,31.963,31.963
2015-11-16,30.996,30.996,30.996
2015-11-17,31.513,31.513,31.513
2015-11-18,30.666,30.666,30.666
2015-11-19,32.265,32.265,32.265
2015-11-20,32.425,32.425,32.425
2015-11-23,31.905,31.905,31.905
2015-11-24,31.697,31.697,31.697
2015-11-25,31.492,31.492,31.492
2015-11-26,30.951,30.951,30.951
2015-11-27,30.642,30.642,30.642
2015-11-30,30.573,30.573,30.573
2015-12-01,31.657,31.657,31.657
2015-12-02,31.347,31.347,31.347
2015-12-03,30.827,30.827,30.827
2015-12-04,30.017,30.017,30.017
2015-12-07,29.66,29.66,29.66
2015-12-08,28.189,28.189,28.189
2015-12-09,28.007,28.007,28.007
2015-12-10,28.886,28.886,28.886
2015-12-11,28.517,28.517,28.517
2015-12-14,28.148,28.148,28.148
2015-12-15,27.675,27.675,27.675
2015-12-16,28.669,28.669,28.669
2015-12-17,28.472,28.472,28.472
2015-12-18,28.053,28.053,28.053
2015-12-21,28.401,28.401,28.401
2015-12-22,28.154,28.154,28.154
2015-12-23,29.318,29.318,29.318
2015-12-24,30.816,30.816,30.816
2015-12-29,30.095,30.095,30.095
2015-12-30,30.056,30.056,30.056
2015-12-31,29.976,29.976,29.976
2016-01-04,29.565,29.565,29.565
2016-01-05,29.074,29.074,29.074
2016-01-06,27.858,27.858,27.858
2016-01-07,26.29,26.29,26.29
2016-01-08,26.841,26.841,26.841
2016-01-11,26.101,26.101,26.101
2016-01-12,25.195,25.195,25.195
2016-01-13,25.347,25.347,25.347
2016-01-14,25.002,25.002,25.002
2016-01-15,25.004,25.004,25.004
2016-01-18,24.471,24.471,24.471
2016-01-19,24.696,24.696,24.696
2016-01-20,24.026,24.026,24.026
2016-01-21,24.732,24.732,24.732
2016-01-22,25.579,25.579,25.579
2016-01-25,25.097,25.097,25.097
2016-01-26,25.097,25.097,25.097
2016-01-27,24.673,24.673,24.673
2016-01-28,25.416,25.416,25.416
2016-01-29,25.539,25.539,25.539
2016-02-01,25.535,25.535,25.535
2016-02-02,24.349,24.349,24.349
2016-02-03,24.458,24.458,24.458
2016-02-04,26.757,26.757,26.757
2016-02-05,27.087,27.087,27.087
2016-02-08,27.762,27.762,27.762
2016-02-09,27.362,27.362,27.362
2016-02-10,27.142,27.142,27.142
2016-02-11,26.851,26.851,26.851
2016-02-12,26.47,26.47,26.47
2016-02-15,27.77,27.77,27.77
2016-02-16,28.299,28.299,28.299
2016-02-17,27.872,27.872,27.872
2016-02-18,28.622,28.622,28.622
2016-02-19,28.076,28.076,28.076
2016-02-22,29.279,29.279,29.279
2016-02-23,29.616,29.616,29.616
2016-02-24,27.867,27.867,27.867
2016-02-25,27.536,27.536,27.536
2016-02-26,26.276,26.276,26.276
2016-02-29,26.497,26.497,26.497
2016-03-01,27.339,27.339,27.339
2016-03-02,29.103,29.103,29.103
2016-03-03,29.936,29.936,29.936
2016-03-04,30.786,30.786,30.786
2016-03-07,31.974,31.974,31.974
2016-03-08,31.025,31.025,31.025
2016-03-09,30.559,30.559,30.559
2016-03-10,30.715,30.715,30.715
2016-03-11,31.065,31.065,31.065
2016-03-14,30.791,30.791,30.791
2016-03-15,29.526,29.526,29.526
2016-03-16,29.696,29.696,29.696
2016-03-17,30.822,30.822,30.822
2016-03-18,30.919,30.919,30.919
2016-03-21,30.79,30.79,30.79
2016-03-22,30.805,30.805,30.805
2016-03-23,30.429,30.429,30.429
2016-03-24,29.343,29.343,29.343
2016-03-29,29.612,29.612,29.612
2016-03-30,29.681,29.681,29.681
2016-03-31,30.113,30.113,30.113
2016-04-01,30.486,30.486,30.486
2016-04-04,29.999,29.999,29.999
2016-04-05,29.169,29.169,29.169
2016-04-06,29.648,29.648,29.648
2016-04-07,29.705,29.705,29.705
2016-04-08,30.1,30.1,30.1
2016-04-11,30.99,30.99,30.99
2016-04-12,32.096,32.096,32.096
2016-04-13,33.412,33.412,33.412
2016-04-14,34.465,34.465,34.465
2016-04-15,34.288,34.288,34.288
2016-04-18,33.886,33.886,33.886
2016-04-19,35.482,35.482,35.482
2016-04-20,36.843,36.843,36.843
2016-04-21,37.47,37.47,37.47
2016-04-22,36.205,36.205,36.205
2016-04-25,36.205,36.205,36.205
2016-04-26,35.298,35.298,35.298
2016-04-27,33.838,33.838,33.838
2016-04-28,35.339,35.339,35.339
2016-04-29,36.116,36.116,36.116
2016-05-03,35.688,35.688,35.688
2016-05-04,32.88,32.88,32.88
2016-05-05,33.059,33.059,33.059
2016-05-06,32.406,32.406,32.406
2016-05-09,31.505,31.505,31.505
2016-05-10,30.803,30.803,30.803
2016-05-11,31.272,31.272,31.272
2016-05-12,30.985,30.985,30.985
2016-05-13,29.887,29.887,29.887
2016-05-16,30.361,30.361,30.361
2016-05-17,30.953,30.953,30.953
2016-05-18,30.522,30.522,30.522
2016-05-19,29.49,29.49,29.49
2016-05-20,29.965,29.965,29.965
2016-05-23,29.277,29.277,29.277
2016-05-24,29.255,29.255,29.255
2016-05-25,29.871,29.871,29.871
2016-05-26,30.283,30.283,30.283
2016-05-27,29.66,29.66,29.66
2016-05-31,29.773,29.773,29.773
2016-06-01,29.291,29.291,29.291
2016-06-02,28.581,28.581,28.581
2016-06-03,29.549,29.549,29.549
2016-06-06,30.697,30.697,30.697
2016-06-07,31.64,31.64,31.64
2016-06-08,31.088,31.088,31.088
2016-06-09,31.102,31.102,31.102
2016-06-10,29.944,29.944,29.944
2016-06-13,29.944,29.944,29.944
2016-06-14,29.469,29.469,29.469
2016-06-15,29.314,29.314,29.314
2016-06-16,29.169,29.169,29.169
2016-06-17,29.595,29.595,29.595
2016-06-20,30.781,30.781,30.781
2016-06-21,30.329,30.329,30.329
2016-06-22,30.813,30.813,30.813
2016-06-23,32.112,32.112,32.112
2016-06-24,29.438,29.438,29.438
2016-06-27,29.738,29.738,29.738
2016-06-28,30.09,30.09,30.09
2016-06-29,30.771,30.771,30.771
2016-06-30,31.24,31.24,31.24
2016-07-01,31.814,31.814,31.814
2016-07-04,33.175,33.175,33.175
2016-07-05,32.833,32.833,32.833
2016-07-06,32.419,32.419,32.419
2016-07-07,32.648,32.648,32.648
2016-07-08,33.683,33.683,33.683
2016-07-11,34.36,34.36,34.36
2016-07-12,34.696,34.696,34.696
2016-07-13,35.59,35.59,35.59
2016-07-14,35.29,35.29,35.29
2016-07-15,35.299,35.299,35.299
2016-07-18,35.072,35.072,35.072
2016-07-19,33.866,33.866,33.866
2016-07-20,33.076,33.076,33.076
2016-07-21,33.514,33.514,33.514
2016-07-22,33.245,33.245,33.245
2016-07-25,33.123,33.123,33.123
2016-07-26,33.647,33.647,33.647
2016-07-27,34.237,34.237,34.237
2016-07-28,35.002,35.002,35.002
2016-07-29,34.689,34.689,34.689
2016-08-01,34.508,34.508,34.508
2016-08-02,34.648,34.648,34.648
2016-08-03,34.56,34.56,34.56
2016-08-04,34.175,34.175,34.175
2016-08-05,34.771,34.771,34.771
2016-08-08,35.335,35.335,35.335
2016-08-09,35.984,35.984,35.984
2016-08-10,35.895,35.895,35.895
2016-08-11,35.253,35.253,35.253
2016-08-12,35.049,35.049,35.049
2016-08-15,33.966,33.966,33.966
2016-08-16,34.362,34.362,34.362
2016-08-17,34.959,34.959,34.959
2016-08-18,34.931,34.931,34.931
2016-08-19,34.983,34.983,34.983
2016-08-22,34.537,34.537,34.537
2016-08-23,34.423,34.423,34.423
2016-08-24,34.949,34.949,34.949
2016-08-25,34.458,34.458,34.458
2016-08-26,34.027,34.027,34.027
2016-08-30,33.84,33.84,33.84
2016-08-31,32.962,32.962,32.962
2016-09-01,32.7,32.7,32.7
2016-09-02,33.075,33.075,33.075
2016-09-05,33.592,33.592,33.592
2016-09-06,34.375,34.375,34.375
2016-09-07,34.051,34.051,34.051
2016-09-08,33.811,33.811,33.811
2016-09-09,33.762,33.762,33.762
2016-09-12,33.045,33.045,33.045
2016-09-13,32.638,32.638,32.638
2016-09-14,32.222,32.222,32.222
2016-09-15,32.595,32.595,32.595
2016-09-16,32.158,32.158,32.158
2016-09-19,32.303,32.303,32.303
2016-09-20,32.903,32.903,32.903
2016-09-21,33.475,33.475,33.475
2016-09-22,34.651,34.651,34.651
2016-09-23,35.153,35.153,35.153
2016-09-26,35.454,35.454,35.454
2016-09-27,35.332,35.332,35.332
2016-09-28,35.435,35.435,35.435
2016-09-29,36.474,36.474,36.474
2016-09-30,36.405,36.405,36.405
2016-10-03,36.686,36.686,36.686
2016-10-04,36.849,36.849,36.849
2016-10-05,36.456,36.456,36.456
2016-10-06,36.482,36.482,36.482
2016-10-07,36.301,36.301,36.301
2016-10-10,36.527,36.527,36.527
2016-10-11,36.943,36.943,36.943
2016-10-12,36.926,36.926,36.926
2016-10-13,35.968,35.968,35.968
2016-10-14,35.808,35.808,35.808
2016-10-17,35.571,35.571,35.571
2016-10-18,35.737,35.737,35.737
2016-10-19,36.105,36.105,36.105
2016-10-20,35.806,35.806,35.806
2016-10-21,35.695,35.695,35.695
2016-10-24,35.924,35.924,35.924
2016-10-25,36.975,36.975,36.975
2016-10-26,37.622,37.622,37.622
2016-10-27,37.273,37.273,37.273
2016-10-28,37.622,37.622,37.622
2016-10-31,37.993,37.993,37.993
2016-11-01,38.207,38.207,38.207
2016-11-02,38.04,38.04,38.04
2016-11-03,37.956,37.956,37.956
2016-11-04,37.683,37.683,37.683
2016-11-07,38.387,38.387,38.387
2016-11-08,39.188,39.188,39.188
2016-11-09,37.796,37.796,37.796
2016-11-10,40.774,40.774,40.774
2016-11-11,41.435,41.435,41.435
2016-11-14,41.358,41.358,41.358
2016-11-15,41.05,41.05,41.05
2016-11-16,39.231,39.231,39.231
2016-11-17,39.296,39.296,39.296
2016-11-18,38.765,38.765,38.765
2016-11-21,38.948,38.948,38.948
2016-11-22,40.017,40.017,40.017
2016-11-23,40.932,40.932,40.932
2016-11-24,41.157,41.157,41.157
2016-11-25,42.29,42.29,42.29
2016-11-28,42.079,42.079,42.079
2016-11-29,41.647,41.647,41.647
2016-11-30,39.288,39.288,39.288
2016-12-01,40.108,40.108,40.108
2016-12-02,39.903,39.903,39.903
2016-12-05,40.36,40.36,40.36
2016-12-06,40.659,40.659,40.659
2016-12-07,41.928,41.928,41.928
2016-12-08,43.122,43.122,43.122
2016-12-09,43.02,43.02,43.02
2016-12-12,43.377,43.377,43.377
2016-12-13,42.324,42.324,42.324
2016-12-14,41.585,41.585,41.585
2016-12-15,40.731,40.731,40.731
2016-12-16,39.91,39.91,39.91
2016-12-19,39.761,39.761,39.761
2016-12-20,39.644,39.644,39.644
2016-12-21,40.086,40.086,40.086
2016-12-22,39.95,39.95,39.95
2016-12-23,38.888,38.888,38.888
2016-12-28,39.792,39.792,39.792
2016-12-29,40.375,40.375,40.375
2016-12-30,39.829,39.829,39.829
2017-01-03,40.598,40.598,40.598
2017-01-04,40.54,40.54,40.54
2017-01-05,40.903,40.903,40.903
2017-01-06,40.403,40.403,40.403
2017-01-09,40.213,40.213,40.213
2017-01-10,40.702,40.702,40.702
2017-01-11,42.703,42.703,42.703
2017-01-12,43.351,43.351,43.351
2017-01-13,42.91,42.91,42.91
2017-01-16,43.552,43.552,43.552
2017-01-17,43.719,43.719,43.719
2017-01-18,43.671,43.671,43.671
2017-01-19,44.251,44.251,44.251
2017-01-20,43.386,43.386,43.386
2017-01-23,43.585,43.585,43.585
2017-01-24,45.227,45.227,45.227
2017-01-25,46.903,46.903,46.903
2017-01-26,46.903,46.903,46.903
2017-01-27,47.185,47.185,47.185
2017-01-30,47.209,47.209,47.209
2017-01-31,46.599,46.599,46.599
2017-02-01,46.844,46.844,46.844
2017-02-02,47.401,47.401,47.401
2017-02-03,45.691,45.691,45.691
2017-02-06,45.79,45.79,45.79
2017-02-07,45.783,45.783,45.783
2017-02-08,46.282,46.282,46.282
2017-02-09,45.834,45.834,45.834
2017-02-10,46.611,46.611,46.611
2017-02-13,48.091,48.091,48.091
2017-02-14,48.364,48.364,48.364
2017-02-15,48.589,48.589,48.589
2017-02-16,49.117,49.117,49.117
2017-02-17,47.912,47.912,47.912
2017-02-20,47.912,47.912,47.912
2017-02-21,48.792,48.792,48.792
2017-02-22,49.247,49.247,49.247
2017-02-23,46.63,46.63,46.63
2017-02-24,44.442,44.442,44.442
2017-02-27,44.177,44.177,44.177
2017-02-28,43.744,43.744,43.744
2017-03-01,43.403,43.403,43.403
2017-03-02,44.327,44.327,44.327
2017-03-03,42.635,42.635,42.635
2017-03-06,43.379,43.379,43.379
2017-03-07,43.061,43.061,43.061
2017-03-08,42.579,42.579,42.579
2017-03-09,41.591,41.591,41.591
2017-03-10,40.977,40.977,40.977
2017-03-13,41.256,41.256,41.256
2017-03-14,41.444,41.444,41.444
2017-03-15,43.206,43.206,43.206
2017-03-16,44.028,44.028,44.028
2017-03-17,44.645,44.645,44.645
2017-03-20,44.44,44.44,44.44
2017-03-21,43.645,43.645,43.645
2017-03-22,42.445,42.445,42.445
2017-03-23,42.168,42.168,42.168
2017-03-24,42.223,42.223,42.223
2017-03-27,41.42,41.42,41.42
2017-03-28,42.158,42.158,42.158
2017-03-29,42.642,42.642,42.642
2017-03-30,42.591,42.591,42.591
2017-03-31,42.503,42.503,42.503
2017-04-03,42.037,42.037,42.037
2017-04-04,41.75,41.75,41.75
2017-04-05,43.036,43.036,43.036
2017-04-06,42.193,42.193,42.193
2017-04-07,41.451,41.451,41.451
2017-04-10,42.052,42.052,42.052
2017-04-11,42.852,42.852,42.852
2017-04-12,42.892,42.892,42.892
2017-04-13,41.249,41.249,41.249
2017-04-18,40.41,40.41,40.41
2017-04-19,40.679,40.679,40.679
2017-04-20,40.693,40.693,40.693
2017-04-21,41.871,41.871,41.871
2017-04-24,41.711,41.711,41.711
2017-04-25,41.711,41.711,41.711
2017-04-26,41.661,41.661,41.661
2017-04-27,41.118,41.118,41.118
2017-04-28,41.687,41.687,41.687
2017-05-02,41.637,41.637,41.637
2017-05-03,40.618,40.618,40.618
2017-05-04,39.811,39.811,39.811
2017-05-05,39.07,39.07,39.07
2017-05-08,39.807,39.807,39.807
2017-05-09,39.79,39.79,39.79
2017-05-10,40.714,40.714,40.714
2017-05-11,40.5,40.5,40.5
2017-05-12,40.7,40.7,40.7
2017-05-15,40.602,40.602,40.602
2017-05-16,41.254,41.254,41.254
2017-05-17,42.199,42.199,42.199
2017-05-18,42.244,42.244,42.244
2017-05-19,43.479,43.479,43.479
2017-05-22,44.916,44.916,44.916
2017-05-23,44.593,44.593,44.593
2017-05-24,44.165,44.165,44.165
2017-05-25,44.503,44.503,44.503
2017-05-26,43.671,43.671,43.671
2017-05-30,43.522,43.522,43.522
2017-05-31,43.003,43.003,43.003
2017-06-01,41.953,41.953,41.953
2017-06-02,43.079,43.079,43.079
2017-06-05,42.757,42.757,42.757
2017-06-06,42.522,42.522,42.522
2017-06-07,42.894,42.894,42.894
2017-06-08,43.163,43.163,43.163
2017-06-09,43.654,43.654,43.654
2017-06-12,43.654,43.654,43.654
2017-06-13,43.478,43.478,43.478
2017-06-14,43.752,43.752,43.752
2017-06-15,42.087,42.087,42.087
2017-06-16,42.169,42.169,42.169
2017-06-19,42.026,42.026,42.026
2017-06-20,41.713,41.713,41.713
2017-06-21,40.356,40.356,40.356
2017-06-22,40.565,40.565,40.565
2017-06-23,41.015,41.015,41.015
2017-06-26,41.625,41.625,41.625
2017-06-27,41.82,41.82,41.82
2017-06-28,43.189,43.189,43.189
2017-06-29,44.878,44.878,44.878
2017-06-30,44.816,44.816,44.816
2017-07-03,44.898,44.898,44.898
2017-07-04,44.896,44.896,44.896
2017-07-05,45.667,45.667,45.667
2017-07-06,44.989,44.989,44.989
2017-07-07,45.585,45.585,45.585
2017-07-10,45.627,45.627,45.627
2017-07-11,46.166,46.166,46.166
2017-07-12,46.45,46.45,46.45
2017-07-13,46.559,46.559,46.559
2017-07-14,47.275,47.275,47.275
2017-07-17,47.374,47.374,47.374
2017-07-18,47.37,47.37,47.37
2017-07-19,47.251,47.251,47.251
2017-07-20,47.21,47.21,47.21
2017-07-21,45.968,45.968,45.968
2017-07-24,45.718,45.718,45.718
2017-07-25,46.077,46.077,46.077
2017-07-26,47.671,47.671,47.671
2017-07-27,47.73,47.73,47.73
2017-07-28,47.279,47.279,47.279
2017-07-31,48.517,48.517,48.517
2017-08-01,48.423,48.423,48.423
2017-08-02,48.311,48.311,48.311
2017-08-03,47.025,47.025,47.025
2017-08-04,47.631,47.631,47.631
2017-08-07,48.374,48.374,48.374
2017-08-08,48.161,48.161,48.161
2017-08-09,48.272,48.272,48.272
2017-08-10,47.175,47.175,47.175
2017-08-11,45.935,45.935,45.935
2017-08-14,45.875,45.875,45.875
2017-08-15,45.262,45.262,45.262
2017-08-16,45.813,45.813,45.813
2017-08-17,46.218,46.218,46.218
2017-08-18,46.163,46.163,46.163
2017-08-21,46.912,46.912,46.912
2017-08-22,47.198,47.198,47.198
2017-08-23,47.314,47.314,47.314
2017-08-24,48.751,48.751,48.751
2017-08-25,49.225,49.225,49.225
2017-08-29,48.777,48.777,48.777
2017-08-30,48.586,48.586,48.586
2017-08-31,49.679,49.679,49.679
2017-09-01,50.133,50.133,50.133
2017-09-04,49.537,49.537,49.537
2017-09-05,50.192,50.192,50.192
2017-09-06,50.313,50.313,50.313
2017-09-07,50.979,50.979,50.979
2017-09-08,50.869,50.869,50.869
2017-09-11,49.962,49.962,49.962
2017-09-12,50.838,50.838,50.838
2017-09-13,51.16,51.16,51.16
2017-09-14,50.446,50.446,50.446
2017-09-15,49.263,49.263,49.263
2017-09-18,48.908,48.908,48.908
2017-09-19,49.372,49.372,49.372
2017-09-20,48.893,48.893,48.893
2017-09-21,47.875,47.875,47.875
2017-09-22,48.407,48.407,48.407
2017-09-25,48.266,48.266,48.266
2017-09-26,47.858,47.858,47.858
2017-09-27,48.314,48.314,48.314
2017-09-28,47.4,47.4,47.4
2017-09-29,48.027,48.027,48.027
2017-10-02,49.038,49.038,49.038
2017-10-03,49.448,49.448,49.448
2017-10-04,48.863,48.863,48.863
2017-10-05,48.836,48.836,48.836
2017-10-06,49.582,49.582,49.582
2017-10-09,49.438,49.438,49.438
2017-10-10,49.562,49.562,49.562
2017-10-11,49.352,49.352,49.352
2017-10-12,48.863,48.863,48.863
2017-10-13,49.585,49.585,49.585
2017-10-16,51.039,51.039,51.039
2017-10-17,51.652,51.652,51.652
2017-10-18,51.268,51.268,51.268
2017-10-19,50.189,50.189,50.189
2017-10-20,49.758,49.758,49.758
2017-10-23,49.819,49.819,49.819
2017-10-24,49.72,49.72,49.72
2017-10-25,49.438,49.438,49.438
2017-10-26,49.176,49.176,49.176
2017-10-27,49.512,49.512,49.512
2017-10-30,49.576,49.576,49.576
2017-10-31,48.995,48.995,48.995
2017-11-01,49.52,49.52,49.52
2017-11-02,51.414,51.414,51.414
2017-11-03,51.544,51.544,51.544
2017-11-06,51.898,51.898,51.898
2017-11-07,52.652,52.652,52.652
2017-11-08,52.511,52.511,52.511
2017-11-09,52.815,52.815,52.815
2017-11-10,51.505,51.505,51.505
2017-11-13,51.798,51.798,51.798
2017-11-14,51.353,51.353,51.353
2017-11-15,49.679,49.679,49.679
2017-11-16,49.784,49.784,49.784
2017-11-17,49.423,49.423,49.423
2017-11-20,49.256,49.256,49.256
2017-11-21,49.655,49.655,49.655
2017-11-22,50.36,50.36,50.36
2017-11-23,50.582,50.582,50.582
2017-11-24,50.579,50.579,50.579
2017-11-27,50.499,50.499,50.499
2017-11-28,50.068,50.068,50.068
2017-11-29,50.021,50.021,50.021
2017-11-30,49.472,49.472,49.472
2017-12-01,49.907,49.907,49.907
2017-12-04,50.451,50.451,50.451
2017-12-05,49.454,49.454,49.454
2017-12-06,47.974,47.974,47.974
2017-12-07,48.081,48.081,48.081
2017-12-08,47.856,47.856,47.856
2017-12-11,48.178,48.178,48.178
2017-12-12,48.925,48.925,48.925
2017-12-13,49.359,49.359,49.359
2017-12-14,49.293,49.293,49.293
2017-12-15,49.714,49.714,49.714
2017-12-18,50.432,50.432,50.432
2017-12-19,51.087,51.087,51.087
2017-12-20,51.553,51.553,51.553
2017-12-21,52.271,52.271,52.271
2017-12-22,52.814,52.814,52.814
2017-12-27,53.413,53.413,53.413
2017-12-28,53.806,53.806,53.806
2017-12-29,54.502,54.502,54.502
2018-01-02,55.196,55.196,55.196
2018-01-03,56.458,56.458,56.458
2018-01-04,56.414,56.414,56.414
2018-01-05,56.696,56.696,56.696
2018-01-08,56.386,56.386,56.386
2018-01-09,57.583,57.583,57.583
2018-01-10,57.282,57.282,57.282
2018-01-11,57.625,57.625,57.625
2018-01-12,58.785,58.785,58.785
2018-01-15,60.03,60.03,60.03
2018-01-16,59.611,59.611,59.611
2018-01-17,57.615,57.615,57.615
2018-01-18,58.105,58.105,58.105
2018-01-19,57.443,57.443,57.443
2018-01-22,57.74,57.74,57.74
2018-01-23,57.854,57.854,57.854
2018-01-24,58.094,58.094,58.094
2018-01-25,58.308,58.308,58.308
2018-01-26,58.308,58.308,58.308
2018-01-29,58.974,58.974,58.974
2018-01-30,58.514,58.514,58.514
2018-01-31,57.042,57.042,57.042
2018-02-01,57.558,57.558,57.558
2018-02-02,57.115,57.115,57.115
2018-02-05,55.534,55.534,55.534
2018-02-06,54.952,54.952,54.952
2018-02-07,56.444,56.444,56.444
2018-02-08,55.589,55.589,55.589
2018-02-09,55.335,55.335,55.335
2018-02-12,56.486,56.486,56.486
2018-02-13,57.124,57.124,57.124
2018-02-14,57.604,57.604,57.604
2018-02-15,60.091,60.091,60.091
2018-02-16,60.126,60.126,60.126
2018-02-19,59.784,59.784,59.784
2018-02-20,59.267,59.267,59.267
2018-02-21,57.716,57.716,57.716
2018-02-22,57.926,57.926,57.926
2018-02-23,58.431,58.431,58.431
2018-02-26,58.34,58.34,58.34
2018-02-27,58.582,58.582,58.582
2018-02-28,58.049,58.049,58.049
2018-03-01,55.632,55.632,55.632
2018-03-02,54.981,54.981,54.981
2018-03-05,54.187,54.187,54.187
2018-03-06,54.886,54.886,54.886
2018-03-07,54.317,54.317,54.317
2018-03-08,54.418,54.418,54.418
2018-03-09,53.384,53.384,53.384
2018-03-12,54.759,54.759,54.759
2018-03-13,53.583,53.583,53.583
2018-03-14,54.155,54.155,54.155
2018-03-15,54.661,54.661,54.661
2018-03-16,54.477,54.477,54.477
2018-03-19,54.506,54.506,54.506
2018-03-20,53.26,53.26,53.26
2018-03-21,53.836,53.836,53.836
2018-03-22,54.421,54.421,54.421
2018-03-23,52.088,52.088,52.088
2018-03-26,52.341,52.341,52.341
2018-03-27,52.469,52.469,52.469
2018-03-28,51.802,51.802,51.802
2018-03-29,51.436,51.436,51.436
2018-04-03,52.531,52.531,52.531
2018-04-04,52.749,52.749,52.749
2018-04-05,51.907,51.907,51.907
2018-04-06,51.79,51.79,51.79
2018-04-09,52.116,52.116,52.116
2018-04-10,53.987,53.987,53.987
2018-04-11,54.667,54.667,54.667
2018-04-12,54.81,54.81,54.81
2018-04-13,55.975,55.975,55.975
2018-04-16,55.883,55.883,55.883
2018-04-17,55.875,55.875,55.875
2018-04-18,56.629,56.629,56.629
2018-04-19,57.988,57.988,57.988
2018-04-20,56.938,56.938,56.938
2018-04-23,57.225,57.225,57.225
2018-04-24,55.718,55.718,55.718
2018-04-25,55.718,55.718,55.718
2018-04-26,55.283,55.283,55.283
2018-04-27,55.648,55.648,55.648
2018-04-30,55.427,55.427,55.427
2018-05-01,55.007,55.007,55.007
2018-05-02,55.258,55.258,55.258
2018-05-03,56.46,56.46,56.46
2018-05-04,56.244,56.244,56.244
2018-05-08,55.682,55.682,55.682
2018-05-09,56.164,56.164,56.164
2018-05-10,57.579,57.579,57.579
2018-05-11,58.302,58.302,58.302
2018-05-14,58.6,58.6,58.6
2018-05-15,57.567,57.567,57.567
2018-05-16,58.639,58.639,58.639
2018-05-17,60.033,60.033,60.033
2018-05-18,59.398,59.398,59.398
2018-05-21,59.386,59.386,59.386
2018-05-22,59.06,59.06,59.06
2018-05-23,59.046,59.046,59.046
2018-05-24,58.57,58.57,58.57
2018-05-25,57.854,57.854,57.854
2018-05-29,57.4,57.4,57.4
2018-05-30,57.259,57.259,57.259
2018-05-31,57.861,57.861,57.861
2018-06-01,57.525,57.525,57.525
2018-06-04,58.533,58.533,58.533
2018-06-05,57.512,57.512,57.512
2018-06-06,59.352,59.352,59.352
2018-06-07,60.412,60.412,60.412
2018-06-08,60.647,60.647,60.647
2018-06-11,60.647,60.647,60.647
2018-06-12,59.377,59.377,59.377
2018-06-13,58.725,58.725,58.725
2018-06-14,58.317,58.317,58.317
2018-06-15,58.761,58.761,58.761
2018-06-18,57.455,57.455,57.455
2018-06-19,55.874,55.874,55.874
2018-06-20,56.182,56.182,56.182
2018-06-21,56.511,56.511,56.511
2018-06-22,56.532,56.532,56.532
2018-06-25,56.874,56.874,56.874
2018-06-26,55.685,55.685,55.685
2018-06-27,55.523,55.523,55.523
2018-06-28,56.284,56.284,56.284
2018-06-29,56.92,56.92,56.92
2018-07-02,56.34,56.34,56.34
2018-07-03,54.992,54.992,54.992
2018-07-04,54.499,54.499,54.499
2018-07-05,53.917,53.917,53.917
2018-07-06,54.622,54.622,54.622
2018-07-09,55.671,55.671,55.671
2018-07-10,56.099,56.099,56.099
2018-07-11,54.409,54.409,54.409
2018-07-12,54.568,54.568,54.568
2018-07-13,54.618,54.618,54.618
2018-07-16,54.288,54.288,54.288
2018-07-17,53.883,53.883,53.883
2018-07-18,54.202,54.202,54.202
2018-07-19,54.669,54.669,54.669
2018-07-20,54.768,54.768,54.768
2018-07-23,54.322,54.322,54.322
2018-07-24,55.321,55.321,55.321
2018-07-25,56.391,56.391,56.391
2018-07-26,55.068,55.068,55.068
2018-07-27,55.499,55.499,55.499
2018-07-30,54.895,54.895,54.895
2018-07-31,55.571,55.571,55.571
2018-08-01,55.706,55.706,55.706
2018-08-02,52.655,52.655,52.655
2018-08-03,52.191,52.191,52.191
2018-08-06,52.426,52.426,52.426
2018-08-07,52.244,52.244,52.244
2018-08-08,52.862,52.862,52.862
2018-08-09,51.579,51.579,51.579
2018-08-10,50.713,50.713,50.713
2018-08-13,49.7,49.7,49.7
2018-08-14,49.589,49.589,49.589
2018-08-15,49.188,49.188,49.188
2018-08-16,48.782,48.782,48.782
2018-08-17,49.26,49.26,49.26
2018-08-20,49.611,49.611,49.611
2018-08-21,49.576,49.576,49.576
2018-08-22,48.534,48.534,48.534
2018-08-23,48.047,48.047,48.047
2018-08-24,48.551,48.551,48.551
2018-08-28,49.685,49.685,49.685
2018-08-29,49.583,49.583,49.583
2018-08-30,48.956,48.956,48.956
2018-08-31,48.199,48.199,48.199
2018-09-03,47.695,47.695,47.695
2018-09-04,47.226,47.226,47.226
2018-09-05,46.165,46.165,46.165
2018-09-06,46.654,46.654,46.654
2018-09-07,46.824,46.824,46.824
2018-09-10,46.516,46.516,46.516
2018-09-11,46.811,46.811,46.811
2018-09-12,46.942,46.942,46.942
2018-09-13,47.901,47.901,47.901
2018-09-14,48.201,48.201,48.201
2018-09-17,48.311,48.311,48.311
2018-09-18,48.666,48.666,48.666
2018-09-19,50.469,50.469,50.469
2018-09-20,52.463,52.463,52.463
2018-09-21,53.397,53.397,53.397
2018-09-24,52.478,52.478,52.478
2018-09-25,52.858,52.858,52.858
2018-09-26,53.517,53.517,53.517
2018-09-27,52.616,52.616,52.616
2018-09-28,52.464,52.464,52.464
2018-10-01,52.355,52.355,52.355
2018-10-02,51.702,51.702,51.702
2018-10-03,52.034,52.034,52.034
2018-10-04,52.107,52.107,52.107
2018-10-05,52.024,52.024,52.024
2018-10-08,51.361,51.361,51.361
2018-10-09,51.517,51.517,51.517
2018-10-10,51.511,51.511,51.511
2018-10-11,50.291,50.291,50.291
2018-10-12,51.18,51.18,51.18
2018-10-15,50.925,50.925,50.925
2018-10-16,51.786,51.786,51.786
2018-10-17,51.429,51.429,51.429
2018-10-18,51.547,51.547,51.547
2018-10-19,50.821,50.821,50.821
2018-10-22,51.069,51.069,51.069
2018-10-23,50.707,50.707,50.707
2018-10-24,50.085,50.085,50.085
2018-10-25,47.964,47.964,47.964
2018-10-26,48.484,48.484,48.484
2018-10-29,48.569,48.569,48.569
2018-10-30,50.091,50.091,50.091
2018-10-31,49.801,49.801,49.801
2018-11-01,51.792,51.792,51.792
2018-11-02,51.98,51.98,51.98
2018-11-05,52.891,52.891,52.891
2018-11-06,54.257,54.257,54.257
2018-11-07,54.467,54.467,54.467
2018-11-08,54.486,54.486,54.486
2018-11-09,54.079,54.079,54.079
2018-11-12,54.582,54.582,54.582
2018-11-13,53.548,53.548,53.548
2018-11-14,52.294,52.294,52.294
2018-11-15,52.196,52.196,52.196
2018-11-16,53.605,53.605,53.605
2018-11-19,53.393,53.393,53.393
2018-11-20,53.1,53.1,53.1
2018-11-21,51.727,51.727,51.727
2018-11-22,51.49,51.49,51.49
2018-11-23,51.188,51.188,51.188
2018-11-26,49.272,49.272,49.272
2018-11-27,48.993,48.993,48.993
2018-11-28,48.465,48.465,48.465
2018-11-29,49.401,49.401,49.401
2018-11-30,49.401,49.401,49.401
2018-12-03,50.83,50.83,50.83
2018-12-04,49.705,49.705,49.705
2018-12-05,49.372,49.372,49.372
2018-12-06,48.148,48.148,48.148
2018-12-07,47.981,47.981,47.981
2018-12-10,47.669,47.669,47.669
2018-12-11,48.399,48.399,48.399
2018-12-12,49.298,49.298,49.298
2018-12-13,50.405,50.405,50.405
2018-12-14,49.316,49.316,49.316
2018-12-17,50.346,50.346,50.346
2018-12-18,50.322,50.322,50.322
2018-12-19,50.171,50.171,50.171
2018-12-20,49.209,49.209,49.209
2018-12-21,49.032,49.032,49.032
2018-12-24,50.221,50.221,50.221
2018-12-27,50.336,50.336,50.336
2018-12-28,50.665,50.665,50.665
2018-12-31,50.976,50.976,50.976
2019-01-02,49.335,49.335,49.335
2019-01-03,49.483,49.483,49.483
2019-01-04,50.357,50.357,50.357
2019-01-07,51.968,51.968,51.968
2019-01-08,52.173,52.173,52.173
2019-01-09,52.876,52.876,52.876
2019-01-10,53.059,53.059,53.059
2019-01-11,52.961,52.961,52.961
2019-01-14,52.649,52.649,52.649
2019-01-15,53.084,53.084,53.084
2019-01-16,52.595,52.595,52.595
2019-01-17,53.282,53.282,53.282
2019-01-18,53.27,53.27,53.27
2019-01-21,53.11,53.11,53.11
2019-01-22,52.515,52.515,52.515
2019-01-23,52.385,52.385,52.385
2019-01-24,52.041,52.041,52.041
2019-01-25,53.262,53.262,53.262
2019-01-28,53.262,53.262,53.262
2019-01-29,55.064,55.064,55.064
2019-01-30,58.298,58.298,58.298
2019-01-31,58.339,58.339,58.339
2019-02-01,58.502,58.502,58.502
2019-02-04,57.701,57.701,57.701
2019-02-05,59.508,59.508,59.508
2019-02-06,59.556,59.556,59.556
2019-02-07,60.321,60.321,60.321
2019-02-08,59.162,59.162,59.162
2019-02-11,59.981,59.981,59.981
2019-02-12,60.152,60.152,60.152
2019-02-13,59.483,59.483,59.483
2019-02-14,60.175,60.175,60.175
2019-02-15,60.068,60.068,60.068
2019-02-18,60.847,60.847,60.847
2019-02-19,61.076,61.076,61.076
2019-02-20,62.673,62.673,62.673
2019-02-21,61.889,61.889,61.889
2019-02-22,62.201,62.201,62.201
2019-02-25,62.816,62.816,62.816
2019-02-26,62.623,62.623,62.623
2019-02-27,62.573,62.573,62.573
2019-02-28,62.867,62.867,62.867
2019-03-01,61.934,61.934,61.934
2019-03-04,63.026,63.026,63.026
2019-03-05,62.402,62.402,62.402
2019-03-06,62.635,62.635,62.635
2019-03-07,61.654,61.654,61.654
2019-03-08,60.959,60.959,60.959
2019-03-11,60.755,60.755,60.755
2019-03-12,61.62,61.62,61.62
2019-03-13,61.585,61.585,61.585
2019-03-14,61.913,61.913,61.913
2019-03-15,62.033,62.033,62.033
2019-03-18,63.196,63.196,63.196
2019-03-19,64.132,64.132,64.132
2019-03-20,62.577,62.577,62.577
2019-03-21,63.5,63.5,63.5
2019-03-22,63.694,63.694,63.694
2019-03-25,63.249,63.249,63.249
2019-03-26,63.91,63.91,63.91
2019-03-27,64.429,64.429,64.429
2019-03-28,65.145,65.145,65.145
2019-03-29,66.336,66.336,66.336
2019-04-01,67.595,67.595,67.595
2019-04-02,66.463,66.463,66.463
2019-04-03,68.141,68.141,68.141
2019-04-04,67.663,67.663,67.663
2019-04-05,67.796,67.796,67.796
2019-04-08,69.065,69.065,69.065
2019-04-09,69.094,69.094,69.094
2019-04-10,69.731,69.731,69.731
2019-04-11,68.355,68.355,68.355
2019-04-12,68.83,68.83,68.83
2019-04-15,69.02,69.02,69.02
2019-04-16,69.348,69.348,69.348
2019-04-17,66.086,66.086,66.086
2019-04-18,66.743,66.743,66.743
2019-04-23,67.283,67.283,67.283
2019-04-24,65.919,65.919,65.919
2019-04-25,65.919,65.919,65.919
2019-04-26,65.627,65.627,65.627
2019-04-29,65.863,65.863,65.863
2019-04-30,64.196,64.196,64.196
2019-05-01,64.018,64.018,64.018
2019-05-02,63.144,63.144,63.144
2019-05-03,63.338,63.338,63.338
2019-05-07,64.314,64.314,64.314
2019-05-08,64.037,64.037,64.037
2019-05-09,63.636,63.636,63.636
2019-05-10,63.692,63.692,63.692
2019-05-13,63.677,63.677,63.677
2019-05-14,63.785,63.785,63.785
2019-05-15,65.039,65.039,65.039
2019-05-16,65.349,65.349,65.349
2019-05-17,66.479,66.479,66.479
2019-05-20,67.539,67.539,67.539
2019-05-21,66.572,66.572,66.572
2019-05-22,66.825,66.825,66.825
2019-05-23,66.535,66.535,66.535
2019-05-24,66.945,66.945,66.945
2019-05-28,69.62,69.62,69.62
2019-05-29,69.054,69.054,69.054
2019-05-30,66.697,66.697,66.697
2019-05-31,66.461,66.461,66.461
2019-06-03,64.699,64.699,64.699
2019-06-04,65.797,65.797,65.797
2019-06-05,66.232,66.232,66.232
2019-06-06,64.44,64.44,64.44
2019-06-07,65.498,65.498,65.498
2019-06-10,65.498,65.498,65.498
2019-06-11,66.838,66.838,66.838
2019-06-12,67.761,67.761,67.761
2019-06-13,67.245,67.245,67.245
2019-06-14,69.136,69.136,69.136
2019-06-17,67.967,67.967,67.967
2019-06-18,68.1,68.1,68.1
2019-06-19,69.47,69.47,69.47
2019-06-20,67.081,67.081,67.081
2019-06-21,67.137,67.137,67.137
2019-06-24,67.632,67.632,67.632
2019-06-25,68.025,68.025,68.025
2019-06-26,68.799,68.799,68.799
2019-06-27,71.12,71.12,71.12
2019-06-28,69.566,69.566,69.566
2019-07-01,69.68,69.68,69.68
2019-07-02,71.105,71.105,71.105
2019-07-03,71.854,71.854,71.854
2019-07-04,71.192,71.192,71.192
2019-07-05,69.273,69.273,69.273
2019-07-08,68.505,68.505,68.505
2019-07-09,69.035,69.035,69.035
2019-07-10,68.882,68.882,68.882
2019-07-11,69.6,69.6,69.6
2019-07-12,69.396,69.396,69.396
2019-07-15,69.855,69.855,69.855
2019-07-16,69.145,69.145,69.145
2019-07-17,69.082,69.082,69.082
2019-07-18,69.165,69.165,69.165
2019-07-19,68.816,68.816,68.816
2019-07-22,69.308,69.308,69.308
2019-07-23,68.739,68.739,68.739
2019-07-24,66.965,66.965,66.965
2019-07-25,63.914,63.914,63.914
2019-07-26,64.828,64.828,64.828
2019-07-29,65.105,65.105,65.105
2019-07-30,64.966,64.966,64.966
2019-07-31,64.645,64.645,64.645
2019-08-01,63.512,63.512,63.512
2019-08-02,61.538,61.538,61.538
2019-08-05,59.033,59.033,59.033
2019-08-06,59.003,59.003,59.003
2019-08-07,57.74,57.74,57.74
2019-08-08,58.063,58.063,58.063
2019-08-09,57.408,57.408,57.408
2019-08-12,55.543,55.543,55.543
2019-08-13,56.278,56.278,56.278
2019-08-14,57.233,57.233,57.233
2019-08-15,55.941,55.941,55.941
2019-08-16,55.407,55.407,55.407
2019-08-19,55.416,55.416,55.416
2019-08-20,56.099,56.099,56.099
2019-08-21,54.74,54.74,54.74
2019-08-22,54.878,54.878,54.878
2019-08-23,55.377,55.377,55.377
2019-08-27,54.544,54.544,54.544
2019-08-28,55.743,55.743,55.743
2019-08-29,55.572,55.572,55.572
2019-08-30,56.905,56.905,56.905
2019-09-02,57.52,57.52,57.52
2019-09-03,57.454,57.454,57.454
2019-09-04,57.956,57.956,57.956
2019-09-05,59.166,59.166,59.166
2019-09-06,59.677,59.677,59.677
2019-09-09,59.768,59.768,59.768
2019-09-10,59.572,59.572,59.572
2019-09-11,60.953,60.953,60.953
2019-09-12,61.381,61.381,61.381
2019-09-13,61.884,61.884,61.884
2019-09-16,62.31,62.31,62.31
2019-09-17,61.344,61.344,61.344
2019-09-18,61.191,61.191,61.191
2019-09-19,60.929,60.929,60.929
2019-09-20,60.348,60.348,60.348
2019-09-23,60.654,60.654,60.654
2019-09-24,61.018,61.018,61.018
2019-09-25,59.257,59.257,59.257
2019-09-26,59.317,59.317,59.317
2019-09-27,59.774,59.774,59.774
2019-09-30,60.329,60.329,60.329
2019-10-01,59.863,59.863,59.863
2019-10-02,58.896,58.896,58.896
2019-10-03,56.733,56.733,56.733
2019-10-04,57.221,57.221,57.221
2019-10-07,56.876,56.876,56.876
2019-10-08,57.487,57.487,57.487
2019-10-09,56.906,56.906,56.906
2019-10-10,57.338,57.338,57.338
2019-10-11,58.901,58.901,58.901
2019-10-14,60.056,60.056,60.056
2019-10-15,59.007,59.007,59.007
2019-10-16,58.528,58.528,58.528
2019-10-17,57.403,57.403,57.403
2019-10-18,58.102,58.102,58.102
2019-10-21,58.361,58.361,58.361
2019-10-22,59.134,59.134,59.134
2019-10-23,59.361,59.361,59.361
2019-10-24,59.437,59.437,59.437
2019-10-25,59.757,59.757,59.757
2019-10-28,60.188,60.188,60.188
2019-10-29,61.046,61.046,61.046
2019-10-30,60.718,60.718,60.718
2019-10-31,60.426,60.426,60.426
2019-11-01,60.341,60.341,60.341
2019-11-04,62.204,62.204,62.204
2019-11-05,63.059,63.059,63.059
2019-11-06,63.137,63.137,63.137
2019-11-07,63.308,63.308,63.308
2019-11-08,63.006,63.006,63.006
2019-11-11,61.428,61.428,61.428
2019-11-12,61.598,61.598,61.598
2019-11-13,60.542,60.542,60.542
2019-11-14,60.457,60.457,60.457
2019-11-15,61.527,61.527,61.527
2019-11-18,61.959,61.959,61.959
2019-11-19,62.674,62.674,62.674
2019-11-20,61.944,61.944,61.944
2019-11-21,61.054,61.054,61.054
2019-11-22,61.563,61.563,61.563
2019-11-25,62.704,62.704,62.704
2019-11-26,62.835,62.835,62.835
2019-11-27,63.391,63.391,63.391
2019-11-28,63.58,63.58,63.58
2019-11-29,63.223,63.223,63.223
2019-12-02,64.126,64.126,64.126
2019-12-03,64.068,64.068,64.068
2019-12-04,62.782,62.782,62.782
2019-12-05,63.136,63.136,63.136
2019-12-06,63.182,63.182,63.182
2019-12-09,64.107,64.107,64.107
2019-12-10,64.832,64.832,64.832
2019-12-11,65.71,65.71,65.71
2019-12-12,65.981,65.981,65.981
2019-12-13,66.714,66.714,66.714
2019-12-16,67.585,67.585,67.585
2019-12-17,68.255,68.255,68.255
2019-12-18,67.575,67.575,67.575
2019-12-19,67.904,67.904,67.904
2019-12-20,68.973,68.973,68.973
2019-12-23,67.991,67.991,67.991
2019-12-24,68.085,68.085,68.085
2019-12-27,68.989,68.989,68.989
2019-12-30,68.543,68.543,68.543
2019-12-31,67.995,67.995,67.995
2020-01-02,68.23,68.23,68.23
2020-01-03,67.961,67.961,67.961
2020-01-06,67.69,67.69,67.69
2020-01-07,67.401,67.401,67.401
2020-01-08,66.789,66.789,66.789
2020-01-09,67.591,67.591,67.591
2020-01-10,68.184,68.184,68.184
2020-01-13,67.971,67.971,67.971
2020-01-14,69.2,69.2,69.2
2020-01-15,68.833,68.833,68.833
2020-01-16,68.8,68.8,68.8
2020-01-17,69.761,69.761,69.761
2020-01-20,70.39,70.39,70.39
2020-01-21,70.275,70.275,70.275
2020-01-22,70.889,70.889,70.889
2020-01-23,70.124,70.124,70.124
2020-01-24,67.957,67.957,67.957
2020-01-27,67.957,67.957,67.957
2020-01-28,65.22,65.22,65.22
2020-01-29,65.419,65.419,65.419
2020-01-30,64.286,64.286,64.286
2020-01-31,63.747,63.747,63.747
2020-02-03,62.515,62.515,62.515
2020-02-04,63.256,63.256,63.256
2020-02-05,64.041,64.041,64.041
2020-02-06,64.359,64.359,64.359
2020-02-07,63.348,63.348,63.348
2020-02-10,63.403,63.403,63.403
2020-02-11,63.866,63.866,63.866
2020-02-12,63.36,63.36,63.36
2020-02-13,63.512,63.512,63.512
2020-02-14,63.232,63.232,63.232
2020-02-17,63.355,63.355,63.355
2020-02-18,63.384,63.384,63.384
2020-02-19,63.157,63.157,63.157
2020-02-20,62.621,62.621,62.621
2020-02-21,62.447,62.447,62.447
2020-02-24,60.683,60.683,60.683
2020-02-25,59.607,59.607,59.607
2020-02-26,57.995,57.995,57.995
2020-02-27,57.279,57.279,57.279
2020-02-28,54.793,54.793,54.793
2020-03-02,54.415,54.415,54.415
2020-03-03,56.379,56.379,56.379
2020-03-04,57.523,57.523,57.523
2020-03-05,56.421,56.421,56.421
2020-03-06,55.334,55.334,55.334
2020-03-09,51.312,51.312,51.312
2020-03-10,52.463,52.463,52.463
2020-03-11,51.731,51.731,51.731
2020-03-12,46.543,46.543,46.543
2020-03-13,48.349,48.349,48.349
2020-03-16,45.817,45.817,45.817
2020-03-17,48.021,48.021,48.021
2020-03-18,44.483,44.483,44.483
2020-03-19,44.59,44.59,44.59
2020-03-20,45.86,45.86,45.86
2020-03-23,44.241,44.241,44.241
2020-03-24,45.71,45.71,45.71
2020-03-25,48.172,48.172,48.172
2020-03-26,51.542,51.542,51.542
2020-03-27,51.011,51.011,51.011
2020-03-30,52.117,52.117,52.117
2020-03-31,50.047,50.047,50.047
2020-04-01,51.759,51.759,51.759
2020-04-02,51.081,51.081,51.081
2020-04-03,51.426,51.426,51.426
2020-04-06,53.058,53.058,53.058
2020-04-07,53.916,53.916,53.916
2020-04-08,53.606,53.606,53.606
2020-04-09,54.641,54.641,54.641
2020-04-14,56.424,56.424,56.424
2020-04-15,54.715,54.715,54.715
2020-04-16,54.051,54.051,54.051
2020-04-17,56.175,56.175,56.175
2020-04-20,54.337,54.337,54.337
2020-04-21,52.738,52.738,52.738
2020-04-22,51.928,51.928,51.928
2020-04-23,52.834,52.834,52.834
2020-04-24,53.749,53.749,53.749
2020-04-27,54.246,54.246,54.246
2020-04-28,53.688,53.688,53.688
2020-04-29,54.067,54.067,54.067
2020-04-30,54.952,54.952,54.952
2020-05-01,51.13,51.13,51.13
2020-05-04,50.394,50.394,50.394
2020-05-05,51.325,51.325,51.325
2020-05-06,50.616,50.616,50.616
2020-05-07,51.059,51.059,51.059
2020-05-11,52.564,52.564,52.564
2020-05-12,51.542,51.542,51.542
2020-05-13,52.12,52.12,52.12
2020-05-14,51.89,51.89,51.89
2020-05-15,52.812,52.812,52.812
2020-05-18,56.817,56.817,56.817
2020-05-19,59.591,59.591,59.591
2020-05-20,59.918,59.918,59.918
2020-05-21,59.004,59.004,59.004
2020-05-22,57.571,57.571,57.571
2020-05-26,60.178,60.178,60.178
2020-05-27,58.441,58.441,58.441
2020-05-28,59.924,59.924,59.924
2020-05-29,60.056,60.056,60.056
2020-06-01,63.748,63.748,63.748
2020-06-02,64.484,64.484,64.484
2020-06-03,65.019,65.019,65.019
2020-06-04,65.891,65.891,65.891
2020-06-05,66.272,66.272,66.272
2020-06-08,66.272,66.272,66.272
2020-06-09,68.066,68.066,68.066
2020-06-10,67.817,67.817,67.817
2020-06-11,65.36,65.36,65.36
2020-06-12,64.741,64.741,64.741
2020-06-15,64.642,64.642,64.642
2020-06-16,66.111,66.111,66.111
2020-06-17,65.643,65.643,65.643
2020-06-18,64.505,64.505,64.505
2020-06-19,63.45,63.45,63.45
2020-06-22,64.407,64.407,64.407
2020-06-23,65.534,65.534,65.534
2020-06-24,65.412,65.412,65.412
2020-06-25,64.46,64.46,64.46
2020-06-26,65.503,65.503,65.503
2020-06-29,64.402,64.402,64.402
2020-06-30,65.218,65.218,65.218
2020-07-01,64.792,64.792,64.792
2020-07-02,65.307,65.307,65.307
2020-07-03,64.499,64.499,64.499
2020-07-06,64.201,64.201,64.201
2020-07-07,64.515,64.515,64.515
2020-07-08,64.344,64.344,64.344
2020-07-09,66.272,66.272,66.272
2020-07-10,65.673,65.673,65.673
2020-07-13,66.826,66.826,66.826
2020-07-14,68.112,68.112,68.112
2020-07-15,70.955,70.955,70.955
2020-07-16,69.582,69.582,69.582
2020-07-17,70.267,70.267,70.267
2020-07-20,71.104,71.104,71.104
2020-07-21,72.934,72.934,72.934
2020-07-22,71.938,71.938,71.938
2020-07-23,70.833,70.833,70.833
2020-07-24,70.516,70.516,70.516
2020-07-27,70.952,70.952,70.952
2020-07-28,71.874,71.874,71.874
2020-07-29,71.673,71.673,71.673
2020-07-30,72.506,72.506,72.506
2020-07-31,70.269,70.269,70.269
2020-08-03,70.77,70.77,70.77
2020-08-04,72.588,72.588,72.588
2020-08-05,72.132,72.132,72.132
2020-08-06,73.607,73.607,73.607
2020-08-07,70.728,70.728,70.728
2020-08-10,70.283,70.283,70.283
2020-08-11,70.814,70.814,70.814
2020-08-12,70.052,70.052,70.052
2020-08-13,69.991,69.991,69.991
2020-08-14,69.967,69.967,69.967
2020-08-17,70.198,70.198,70.198
2020-08-18,71.227,71.227,71.227
2020-08-19,70.425,70.425,70.425
2020-08-20,70.231,70.231,70.231
2020-08-21,69.565,69.565,69.565
2020-08-24,69.697,69.697,69.697
2020-08-25,70.018,70.018,70.018
2020-08-26,69.255,69.255,69.255
2020-08-27,70.095,70.095,70.095
2020-08-28,69.546,69.546,69.546
2020-09-01,69.309,69.309,69.309
2020-09-02,70.067,70.067,70.067
2020-09-03,68.96,68.96,68.96
2020-09-04,67.11,67.11,67.11
2020-09-07,68.719,68.719,68.719
2020-09-08,69.085,69.085,69.085
2020-09-09,69.596,69.596,69.596
2020-09-10,70.306,70.306,70.306
2020-09-11,70.153,70.153,70.153
2020-09-14,72.922,72.922,72.922
2020-09-15,71.925,71.925,71.925
2020-09-16,72.423,72.423,72.423
2020-09-17,70.045,70.045,70.045
2020-09-18,70.71,70.71,70.71
2020-09-21,69.255,69.255,69.255
2020-09-22,67.124,67.124,67.124
2020-09-23,66.53,66.53,66.53
2020-09-24,66.046,66.046,66.046
2020-09-25,66.427,66.427,66.427
2020-09-28,65.844,65.844,65.844
2020-09-29,65.873,65.873,65.873
2020-09-30,65.151,65.151,65.151
2020-10-01,66.1,66.1,66.1
2020-10-02,64.663,64.663,64.663
2020-10-05,66.271,66.271,66.271
2020-10-06,65.798,65.798,65.798
2020-10-07,66.147,66.147,66.147
2020-10-08,67.713,67.713,67.713
2020-10-09,68.082,68.082,68.082
2020-10-12,67.183,67.183,67.183
2020-10-13,66.682,66.682,66.682
2020-10-14,65.858,65.858,65.858
2020-10-15,65.858,65.858,65.858
2020-10-16,65.186,65.186,65.186
2020-10-19,65.141,65.141,65.141
2020-10-20,63.976,63.976,63.976
2020-10-21,65.424,65.424,65.424
2020-10-22,66.037,66.037,66.037
2020-10-23,65.658,65.658,65.658
2020-10-26,65.03,65.03,65.03
2020-10-27,63.462,63.462,63.462
2020-10-28,62.47,62.47,62.47
2020-10-29,61.664,61.664,61.664
2020-10-30,62.642,62.642,62.642
2020-11-02,62.931,62.931,62.931
2020-11-03,65.467,65.467,65.467
2020-11-04,64.16,64.16,64.16
2020-11-05,64.588,64.588,64.588
2020-11-06,65.363,65.363,65.363
2020-11-09,67.523,67.523,67.523
2020-11-10,67.057,67.057,67.057
2020-11-11,68.21,68.21,68.21
2020-11-12,67.295,67.295,67.295
2020-11-13,67.366,67.366,67.366
2020-11-16,69.05,69.05,69.05
2020-11-17,69.552,69.552,69.552
2020-11-18,69.139,69.139,69.139
2020-11-19,69.531,69.531,69.531
2020-11-20,70.048,70.048,70.048
2020-11-23,70.896,70.896,70.896
2020-11-24,73.217,73.217,73.217
2020-11-25,74.063,74.063,74.063
2020-11-26,73.035,73.035,73.035
2020-11-27,72.67,72.67,72.67
2020-11-30,71.842,71.842,71.842
2020-12-01,73.178,73.178,73.178
2020-12-02,75.094,75.094,75.094
2020-12-03,80.5,80.5,80.5
2020-12-04,81.032,81.032,81.032
2020-12-07,83.011,83.011,83.011
2020-12-08,82.224,82.224,82.224
2020-12-09,82.902,82.902,82.902
2020-12-10,83.846,83.846,83.846
2020-12-11,84.289,84.289,84.289
2020-12-14,82.836,82.836,82.836
2020-12-15,81.948,81.948,81.948
2020-12-16,83.579,83.579,83.579
2020-12-17,85.597,85.597,85.597
2020-12-18,86.433,86.433,86.433
2020-12-21,86.773,86.773,86.773
2020-12-22,83.727,83.727,83.727
2020-12-23,83.886,83.886,83.886
2020-12-24,84.518,84.518,84.518
2020-12-29,84.567,84.567,84.567
2020-12-30,85.816,85.816,85.816
2020-12-31,84.48,84.48,84.48
2021-01-04,85.271,85.271,85.271
2021-01-05,88.158,88.158,88.158
2021-01-06,87.1,87.1,87.1
2021-01-07,94.157,94.157,94.157
2021-01-08,92.813,92.813,92.813
2021-01-11,90.852,90.852,90.852
2021-01-12,91.008,91.008,91.008
2021-01-13,90.051,90.051,90.051
2021-01-14,89.765,89.765,89.765
2021-01-15,89.538,89.538,89.538
2021-01-18,87.989,87.989,87.989
2021-01-19,88.796,88.796,88.796
2021-01-20,89.512,89.512,89.512
2021-01-21,91.266,91.266,91.266
2021-01-22,88.808,88.808,88.808
2021-01-25,90.537,90.537,90.537
2021-01-26,90.537,90.537,90.537
2021-01-27,86.509,86.509,86.509
2021-01-28,84.219,84.219,84.219
2021-01-29,81.315,81.315,81.315
2021-02-01,81.775,81.775,81.775
2021-02-02,84.394,84.394,84.394
2021-02-03,83.583,83.583,83.583
2021-02-04,83.767,83.767,83.767
2021-02-05,83.923,83.923,83.923
2021-02-08,87.049,87.049,87.049
2021-02-09,87.008,87.008,87.008
2021-02-10,87.458,87.458,87.458
2021-02-11,88.762,88.762,88.762
2021-02-12,87.76,87.76,87.76
2021-02-15,89.657,89.657,89.657
2021-02-16,92.059,92.059,92.059
2021-02-17,95.28,95.28,95.28
2021-02-18,95.523,95.523,95.523
2021-02-19,93.559,93.559,93.559
2021-02-22,97.527,97.527,97.527
2021-02-23,99.19,99.19,99.19
2021-02-24,97.176,97.176,97.176
2021-02-25,97.863,97.863,97.863
2021-02-26,94.53,94.53,94.53
2021-03-01,95.698,95.698,95.698
2021-03-02,95.909,95.909,95.909
2021-03-03,97.309,97.309,97.309
2021-03-04,91.506,91.506,91.506
2021-03-05,88.059,88.059,88.059
2021-03-08,90.189,90.189,90.189
2021-03-09,90.995,90.995,90.995
2021-03-10,86.207,86.207,86.207
2021-03-11,87.715,87.715,87.715
2021-03-12,88.185,88.185,88.185
2021-03-15,86.158,86.158,86.158
2021-03-16,85.1,85.1,85.1
2021-03-17,84.827,84.827,84.827
2021-03-18,83.666,83.666,83.666
2021-03-19,82.203,82.203,82.203
2021-03-22,81.282,81.282,81.282
2021-03-23,79.964,79.964,79.964
2021-03-24,80.977,80.977,80.977
2021-03-25,79.69,79.69,79.69
2021-03-26,82.022,82.022,82.022
2021-03-29,83.391,83.391,83.391
2021-03-30,81.031,81.031,81.031
2021-03-31,81.903,81.903,81.903
2021-04-01,83.056,83.056,83.056
2021-04-06,83.636,83.636,83.636
2021-04-07,84.091,84.091,84.091
2021-04-08,86.328,86.328,86.328
2021-04-09,85.696,85.696,85.696
2021-04-12,85.248,85.248,85.248
2021-04-13,84.423,84.423,84.423
2021-04-14,85.93,85.93,85.93
2021-04-15,88.815,88.815,88.815
2021-04-16,89.501,89.501,89.501
2021-04-19,91.266,91.266,91.266
2021-04-20,90.377,90.377,90.377
2021-04-21,90.622,90.622,90.622
2021-04-22,90.438,90.438,90.438
2021-04-23,91.351,91.351,91.351
2021-04-26,93.021,93.021,93.021
2021-04-27,93.457,93.457,93.457
2021-04-28,92.609,92.609,92.609
2021-04-29,93.14,93.14,93.14
2021-04-30,91.009,91.009,91.009
2021-05-04,92.365,92.365,92.365
2021-05-05,93.932,93.932,93.932
2021-05-06,95.243,95.243,95.243
2021-05-07,97.046,97.046,97.046
2021-05-10,101.341,101.341,101.341
2021-05-11,99.692,99.692,99.692
2021-05-12,97.801,97.801,97.801
2021-05-13,96.317,96.317,96.317
2021-05-14,94.908,94.908,94.908
2021-05-17,95.259,95.259,95.259
2021-05-18,97.628,97.628,97.628
2021-05-19,93.18,93.18,93.18
2021-05-20,93.302,93.302,93.302
2021-05-21,91.916,91.916,91.916
2021-05-24,90.188,90.188,90.188
2021-05-25,91.636,91.636,91.636
2021-05-26,89.465,89.465,89.465
2021-05-27,90.328,90.328,90.328
2021-05-28,92.378,92.378,92.378
2021-06-01,94.062,94.062,94.062
2021-06-02,95.811,95.811,95.811
2021-06-03,94.694,94.694,94.694
2021-06-04,93.871,93.871,93.871
2021-06-07,94.601,94.601,94.601
2021-06-08,93.56,93.56,93.56
2021-06-09,93.909,93.909,93.909
2021-06-10,94.279,94.279,94.279
2021-06-11,93.734,93.734,93.734
2021-06-14,93.734,93.734,93.734
2021-06-15,94.631,94.631,94.631
2021-06-16,93.137,93.137,93.137
2021-06-17,91.315,91.315,91.315
2021-06-18,89.879,89.879,89.879
2021-06-21,88.067,88.067,88.067
2021-06-22,89.704,89.704,89.704
2021-06-23,90.6,90.6,90.6
2021-06-24,91.798,91.798,91.798
2021-06-25,92.482,92.482,92.482
2021-06-28,92.861,92.861,92.861
2021-06-29,91.406,91.406,91.406
2021-06-30,92.445,92.445,92.445
2021-07-01,91.615,91.615,91.615
2021-07-02,92.097,92.097,92.097
2021-07-05,92.454,92.454,92.454
2021-07-06,91.535,91.535,91.535
2021-07-07,91.799,91.799,91.799
2021-07-08,91.291,91.291,91.291
2021-07-09,91.381,91.381,91.381
2021-07-12,92.86,92.86,92.86
2021-07-13,93.051,93.051,93.051
2021-07-14,93.418,93.418,93.418
2021-07-15,94.824,94.824,94.824
2021-07-16,94.116,94.116,94.116
2021-07-19,91.373,91.373,91.373
2021-07-20,88.778,88.778,88.778
2021-07-21,90.168,90.168,90.168
2021-07-22,91.519,91.519,91.519
2021-07-23,91.123,91.123,91.123
2021-07-26,93.484,93.484,93.484
2021-07-27,94.921,94.921,94.921
2021-07-28,94.948,94.948,94.948
2021-07-29,96.597,96.597,96.597
2021-07-30,95.394,95.394,95.394
2021-08-02,95.466,95.466,95.466
2021-08-03,95.302,95.302,95.302
2021-08-04,96.553,96.553,96.553
2021-08-05,95.244,95.244,95.244
2021-08-06,93.099,93.099,93.099
2021-08-09,91.568,91.568,91.568
2021-08-10,91.236,91.236,91.236
2021-08-11,92.686,92.686,92.686
2021-08-12,87.567,87.567,87.567
2021-08-13,88.059,88.059,88.059
2021-08-16,86.314,86.314,86.314
2021-08-17,83.753,83.753,83.753
2021-08-18,81.621,81.621,81.621
2021-08-19,76.036,76.036,76.036
2021-08-20,75.95,75.95,75.95
2021-08-23,76.352,76.352,76.352
2021-08-24,77.887,77.887,77.887
2021-08-25,80.088,80.088,80.088
2021-08-26,78.552,78.552,78.552
2021-08-27,79.628,79.628,79.628
2021-08-31,81.385,81.385,81.385
2021-09-01,79.978,79.978,79.978
2021-09-02,79.815,79.815,79.815
2021-09-03,82.465,82.465,82.465
2021-09-06,81.753,81.753,81.753
2021-09-07,79.7,79.7,79.7
2021-09-08,79.086,79.086,79.086
2021-09-09,77.155,77.155,77.155
2021-09-10,77.566,77.566,77.566
2021-09-13,77.535,77.535,77.535
2021-09-14,77.495,77.495,77.495
2021-09-15,76.186,76.186,76.186
2021-09-16,75.024,75.024,75.024
2021-09-17,71.264,71.264,71.264
2021-09-20,68.555,68.555,68.555
2021-09-21,68.713,68.713,68.713
2021-09-22,70.687,70.687,70.687
2021-09-23,71.602,71.602,71.602
2021-09-24,71.578,71.578,71.578
2021-09-27,72.679,72.679,72.679
2021-09-28,70.025,70.025,70.025
2021-09-29,69.021,69.021,69.021
2021-09-30,71.872,71.872,71.872
2021-10-01,70.081,70.081,70.081
2021-10-04,70.511,70.511,70.511
2021-10-05,70.311,70.311,70.311
2021-10-06,69.709,69.709,69.709
2021-10-07,70.085,70.085,70.085
2021-10-08,72.827,72.827,72.827
2021-10-11,74.633,74.633,74.633
2021-10-12,74.89,74.89,74.89
2021-10-13,72.79,72.79,72.79
2021-10-14,73.995,73.995,73.995
2021-10-15,73.384,73.384,73.384
2021-10-18,74.636,74.636,74.636
2021-10-19,72.813,72.813,72.813
2021-10-20,73.18,73.18,73.18
2021-10-21,71.746,71.746,71.746
2021-10-22,70.423,70.423,70.423
2021-10-25,71.726,71.726,71.726
2021-10-26,71.393,71.393,71.393
2021-10-27,70.231,70.231,70.231
2021-10-28,69.477,69.477,69.477
2021-10-29,67.421,67.421,67.421
2021-11-01,67.956,67.956,67.956
2021-11-02,65.385,65.385,65.385
2021-11-03,66.304,66.304,66.304
2021-11-04,64.88,64.88,64.88
2021-11-05,65.258,65.258,65.258
2021-11-08,65.676,65.676,65.676
2021-11-09,65.153,65.153,65.153
2021-11-10,63.651,63.651,63.651
2021-11-11,64.553,64.553,64.553
2021-11-12,67.124,67.124,67.124
2021-11-15,66.965,66.965,66.965
2021-11-16,65.095,65.095,65.095
2021-11-17,64.14,64.14,64.14
2021-11-18,64.688,64.688,64.688
2021-11-19,64.82,64.82,64.82
2021-11-22,65.847,65.847,65.847
2021-11-23,68.258,68.258,68.258
2021-11-24,67.913,67.913,67.913
2021-11-25,68.98,68.98,68.98
2021-11-26,66.802,66.802,66.802
2021-11-29,67.621,67.621,67.621
2021-11-30,66.123,66.123,66.123
2021-12-01,67.541,67.541,67.541
2021-12-02,66.338,66.338,66.338
2021-12-03,66.395,66.395,66.395
2021-12-06,65.66,65.66,65.66
2021-12-07,66.89,66.89,66.89
2021-12-08,68.854,68.854,68.854
2021-12-09,67.997,67.997,67.997
2021-12-10,68.228,68.228,68.228
2021-12-13,69.4,69.4,69.4
2021-12-14,69.172,69.172,69.172
2021-12-15,69.976,69.976,69.976
2021-12-16,69.89,69.89,69.89
2021-12-17,69.316,69.316,69.316
2021-12-20,69.332,69.332,69.332
2021-12-21,72.022,72.022,72.022
2021-12-22,71.148,71.148,71.148
2021-12-23,71.341,71.341,71.341
2021-12-24,71.068,71.068,71.068
2021-12-29,71.098,71.098,71.098
2021-12-30,71.64,71.64,71.64
2021-12-31,72.16,72.16,72.16
2022-01-04,71.639,71.639,71.639
2022-01-05,72.017,72.017,72.017
2022-01-06,71.948,71.948,71.948
2022-01-07,73.853,73.853,73.853
2022-01-10,75.43,75.43,75.43
2022-01-11,76.133,76.133,76.133
2022-01-12,77.576,77.576,77.576
2022-01-13,80.78,80.78,80.78
2022-01-14,79.128,79.128,79.128
2022-01-17,78.764,78.764,78.764
2022-01-18,78.187,78.187,78.187
2022-01-19,78.678,78.678,78.678
2022-01-20,81.352,81.352,81.352
2022-01-21,77.535,77.535,77.535
2022-01-24,76.532,76.532,76.532
2022-01-25,75.993,75.993,75.993
2022-01-26,75.993,75.993,75.993
2022-01-27,76.292,76.292,76.292
2022-01-28,78.904,78.904,78.904
2022-01-31,78.242,78.242,78.242
2022-02-01,77.047,77.047,77.047
2022-02-02,78.947,78.947,78.947
2022-02-03,80.913,80.913,80.913
2022-02-04,80.518,80.518,80.518
2022-02-07,81.132,81.132,81.132
2022-02-08,83.126,83.126,83.126
2022-02-09,83.047,83.047,83.047
2022-02-10,84.625,84.625,84.625
2022-02-11,86.679,86.679,86.679
2022-02-14,86.006,86.006,86.006
2022-02-15,84.31,84.31,84.31
2022-02-16,84.658,84.658,84.658
2022-02-17,85.536,85.536,85.536
2022-02-18,84.926,84.926,84.926
2022-02-21,85.805,85.805,85.805
2022-02-22,84.933,84.933,84.933
2022-02-23,86.081,86.081,86.081
2022-02-24,82.022,82.022,82.022
2022-02-25,82.242,82.242,82.242
2022-02-28,85.201,85.201,85.201
2022-03-01,84.785,84.785,84.785
2022-03-02,89.287,89.287,89.287
2022-03-03,93.031,93.031,93.031
2022-03-04,92.607,92.607,92.607
2022-03-07,91.507,91.507,91.507
2022-03-08,86.936,86.936,86.936
2022-03-09,87.148,87.148,87.148
2022-03-10,81.376,81.376,81.376
2022-03-11,81.429,81.429,81.429
2022-03-14,79.862,79.862,79.862
2022-03-15,76.817,76.817,76.817
2022-03-16,77.927,77.927,77.927
2022-03-17,80.074,80.074,80.074
2022-03-18,81.817,81.817,81.817
2022-03-21,81.726,81.726,81.726
2022-03-22,84.93,84.93,84.93
2022-03-23,85.226,85.226,85.226
2022-03-24,87.147,87.147,87.147
2022-03-25,87.793,87.793,87.793
2022-03-28,88.698,88.698,88.698
2022-03-29,87.7,87.7,87.7
2022-03-30,87.788,87.788,87.788
2022-03-31,89.094,89.094,89.094
2022-04-01,90.243,90.243,90.243
2022-04-04,91.002,91.002,91.002
2022-04-05,91.13,91.13,91.13
2022-04-06,89.292,89.292,89.292
2022-04-07,88.806,88.806,88.806
2022-04-08,88.7,88.7,88.7
2022-04-11,87.173,87.173,87.173
2022-04-12,88.083,88.083,88.083
2022-04-13,89.748,89.748,89.748
2022-04-14,89.417,89.417,89.417
2022-04-19,89.663,89.663,89.663
2022-04-20,88.133,88.133,88.133
2022-04-21,85.769,85.769,85.769
2022-04-22,82.224,82.224,82.224
2022-04-25,82.224,82.224,82.224
2022-04-26,77.448,77.448,77.448
2022-04-27,77.645,77.645,77.645
2022-04-28,79.998,79.998,79.998
2022-04-29,79.692,79.692,79.692
2022-05-03,79.346,79.346,79.346
2022-05-04,80.688,80.688,80.688
2022-05-05,79.345,79.345,79.345
2022-05-06,77.323,77.323,77.323
2022-05-09,74.279,74.279,74.279
2022-05-10,71.41,71.41,71.41
2022-05-11,73.282,73.282,73.282
2022-05-12,70.891,70.891,70.891
2022-05-13,73.269,73.269,73.269
2022-05-16,72.767,72.767,72.767
2022-05-17,74.978,74.978,74.978
2022-05-18,75.69,75.69,75.69
2022-05-19,75.227,75.227,75.227
2022-05-20,76.203,76.203,76.203
2022-05-23,77.811,77.811,77.811
2022-05-24,78.467,78.467,78.467
2022-05-25,79.413,79.413,79.413
2022-05-26,78.632,78.632,78.632
2022-05-27,81.187,81.187,81.187
2022-05-30,81.89,81.89,81.89
2022-05-31,82.095,82.095,82.095
2022-06-01,82.448,82.448,82.448
2022-06-06,83.25,83.25,83.25
2022-06-07,84.231,84.231,84.231
2022-06-08,85.527,85.527,85.527
2022-06-09,83.368,83.368,83.368
2022-06-10,81.721,81.721,81.721
2022-06-13,81.721,81.721,81.721
2022-06-14,76.269,76.269,76.269
2022-06-15,77.694,77.694,77.694
2022-06-16,78.681,78.681,78.681
2022-06-17,74.158,74.158,74.158
2022-06-20,70.585,70.585,70.585
2022-06-21,72.418,72.418,72.418
2022-06-22,72.377,72.377,72.377
2022-06-23,70.702,70.702,70.702
2022-06-24,70.453,70.453,70.453
2022-06-27,71.868,71.868,71.868
2022-06-28,73.839,73.839,73.839
2022-06-29,73.097,73.097,73.097
2022-06-30,70.873,70.873,70.873
2022-07-01,68.372,68.372,68.372
2022-07-04,69.148,69.148,69.148
2022-07-05,68.551,68.551,68.551
2022-07-06,63.258,63.258,63.258
2022-07-07,66.442,66.442,66.442
2022-07-08,66.798,66.798,66.798
2022-07-11,64.177,64.177,64.177
2022-07-12,64.459,64.459,64.459
2022-07-13,63.612,63.612,63.612
2022-07-14,64.778,64.778,64.778
2022-07-15,63.349,63.349,63.349
2022-07-18,64.898,64.898,64.898
2022-07-19,65.992,65.992,65.992
2022-07-20,67.335,67.335,67.335
2022-07-21,66.401,66.401,66.401
2022-07-22,66.66,66.66,66.66
2022-07-25,67.541,67.541,67.541
2022-07-26,68.658,68.658,68.658
2022-07-27,67.789,67.789,67.789
2022-07-28,68.243,68.243,68.243
2022-07-29,68.334,68.334,68.334
2022-08-01,69.472,69.472,69.472
2022-08-02,67.322,67.322,67.322
2022-08-03,67.208,67.208,67.208
2022-08-04,66.405,66.405,66.405
2022-08-05,67.529,67.529,67.529
2022-08-08,69.58,69.58,69.58
2022-08-09,69.215,69.215,69.215
2022-08-10,70.19,70.19,70.19
2022-08-11,67.696,67.696,67.696
2022-08-12,67.941,67.941,67.941
2022-08-15,66.899,66.899,66.899
2022-08-16,67.362,67.362,67.362
2022-08-17,67.06,67.06,67.06
2022-08-18,67.174,67.174,67.174
2022-08-19,67.71,67.71,67.71
2022-08-22,67.506,67.506,67.506
2022-08-23,67.678,67.678,67.678
2022-08-24,67.057,67.057,67.057
2022-08-25,67.887,67.887,67.887
2022-08-26,67.977,67.977,67.977
2022-08-30,65.441,65.441,65.441
2022-08-31,64.629,64.629,64.629
2022-09-01,62.775,62.775,62.775
2022-09-02,61.401,61.401,61.401
2022-09-05,62.358,62.358,62.358
2022-09-06,61.154,61.154,61.154
2022-09-07,60.522,60.522,60.522
2022-09-08,62.015,62.015,62.015
2022-09-09,64.552,64.552,64.552
2022-09-12,66.143,66.143,66.143
2022-09-13,65.113,65.113,65.113
2022-09-14,63.991,63.991,63.991
2022-09-15,63.428,63.428,63.428
2022-09-16,62.126,62.126,62.126
2022-09-20,63.377,63.377,63.377
2022-09-21,60.467,60.467,60.467
2022-09-22,60.467,60.467,60.467
2022-09-23,60.701,60.701,60.701
2022-09-26,56.653,56.653,56.653
2022-09-27,58.157,58.157,58.157
2022-09-28,58.698,58.698,58.698
2022-09-29,59.082,59.082,59.082
2022-09-30,59.788,59.788,59.788
2022-10-03,60.664,60.664,60.664
2022-10-04,62.38,62.38,62.38
2022-10-05,63.466,63.466,63.466
2022-10-06,62.772,62.772,62.772
2022-10-07,61.559,61.559,61.559
2022-10-10,61.448,61.448,61.448
2022-10-11,60.756,60.756,60.756
2022-10-12,59.672,59.672,59.672
2022-10-13,60.234,60.234,60.234
2022-10-14,59.86,59.86,59.86
2022-10-17,59.214,59.214,59.214
2022-10-18,59.475,59.475,59.475
2022-10-19,58.944,58.944,58.944
2022-10-20,57.893,57.893,57.893
2022-10-21,58.35,58.35,58.35
2022-10-24,58.424,58.424,58.424
2022-10-25,58.39,58.39,58.39
2022-10-26,59.681,59.681,59.681
2022-10-27,59.718,59.718,59.718
2022-10-28,56.769,56.769,56.769
2022-10-31,56.422,56.422,56.422
2022-11-01,57.868,57.868,57.868
2022-11-02,58.811,58.811,58.811
2022-11-03,56.935,56.935,56.935
2022-11-04,60.004,60.004,60.004
2022-11-07,62.37,62.37,62.37
2022-11-08,62.656,62.656,62.656
2022-11-09,63.419,63.419,63.419
2022-11-10,65.045,65.045,65.045
2022-11-11,68.783,68.783,68.783
2022-11-14,70.978,70.978,70.978
2022-11-15,71.897,71.897,71.897
2022-11-16,72.839,72.839,72.839
2022-11-17,70.919,70.919,70.919
2022-11-18,70.966,70.966,70.966
2022-11-21,68.646,68.646,68.646
2022-11-22,69.804,69.804,69.804
2022-11-23,71.012,71.012,71.012
2022-11-24,72.006,72.006,72.006
2022-11-25,71.303,71.303,71.303
2022-11-28,69.239,69.239,69.239
2022-11-29,72.095,72.095,72.095
2022-11-30,74.388,74.388,74.388
2022-12-01,77.098,77.098,77.098
2022-12-02,75.996,75.996,75.996
2022-12-05,77.761,77.761,77.761
2022-12-06,77.667,77.667,77.667
2022-12-07,77.628,77.628,77.628
2022-12-08,77.494,77.494,77.494
2022-12-09,79.61,79.61,79.61
2022-12-12,78.478,78.478,78.478
2022-12-13,78.193,78.193,78.193
2022-12-14,78.698,78.698,78.698
2022-12-15,76.15,76.15,76.15
2022-12-16,76.565,76.565,76.565
2022-12-19,76.791,76.791,76.791
2022-12-20,75.597,75.597,75.597
2022-12-21,77.193,77.193,77.193
2022-12-22,76.532,76.532,76.532
2022-12-23,77.534,77.534,77.534
2022-12-28,79.35,79.35,79.35
2022-12-29,79.357,79.357,79.357
2022-12-30,79.31,79.31,79.31
2023-01-03,77.719,77.719,77.719
2023-01-04,80.167,80.167,80.167
2023-01-05,78.828,78.828,78.828
2023-01-06,82.246,82.246,82.246
2023-01-09,82.089,82.089,82.089
2023-01-10,81.425,81.425,81.425
2023-01-11,82.388,82.388,82.388
2023-01-12,84.473,84.473,84.473
2023-01-13,85.31,85.31,85.31
2023-01-16,84.957,84.957,84.957
2023-01-17,84.312,84.312,84.312
2023-01-18,84.673,84.673,84.673
2023-01-19,87.026,87.026,87.026
2023-01-20,88.608,88.608,88.608
2023-01-23,88.82,88.82,88.82
2023-01-24,89.807,89.807,89.807
2023-01-25,89.84,89.84,89.84
2023-01-26,89.84,89.84,89.84
2023-01-27,90.187,90.187,90.187
2023-01-30,88.605,88.605,88.605
2023-01-31,89.332,89.332,89.332
2023-02-01,91.635,91.635,91.635
2023-02-02,88.754,88.754,88.754
2023-02-03,85.062,85.062,85.062
2023-02-06,85.331,85.331,85.331
2023-02-07,85.514,85.514,85.514
2023-02-08,85.989,85.989,85.989
2023-02-09,85.89,85.89,85.89
2023-02-10,84.756,84.756,84.756
2023-02-13,85.196,85.196,85.196
2023-02-14,84.868,84.868,84.868
2023-02-15,85.135,85.135,85.135
2023-02-16,85.042,85.042,85.042
2023-02-17,85.478,85.478,85.478
2023-02-20,86.416,86.416,86.416
2023-02-21,86.424,86.424,86.424
2023-02-22,85.384,85.384,85.384
2023-02-23,83.998,83.998,83.998
2023-02-24,79.974,79.974,79.974
2023-02-27,77.751,77.751,77.751
2023-02-28,78.536,78.536,78.536
2023-03-01,80.882,80.882,80.882
2023-03-02,83.736,83.736,83.736
2023-03-03,85.568,85.568,85.568
2023-03-06,84.336,84.336,84.336
2023-03-07,82.275,82.275,82.275
2023-03-08,82.246,82.246,82.246
2023-03-09,79.891,79.891,79.891
2023-03-10,77.135,77.135,77.135
2023-03-13,78.942,78.942,78.942
2023-03-14,78.492,78.492,78.492
2023-03-15,79.082,79.082,79.082
2023-03-16,76.341,76.341,76.341
2023-03-17,76.859,76.859,76.859
2023-03-20,76.578,76.578,76.578
2023-03-21,76.749,76.749,76.749
2023-03-22,77.144,77.144,77.144
2023-03-23,76.306,76.306,76.306
2023-03-24,76.039,76.039,76.039
2023-03-27,75.632,75.632,75.632
2023-03-28,76.778,76.778,76.778
2023-03-29,76.975,76.975,76.975
2023-03-30,78.64,78.64,78.64
2023-03-31,80.314,80.314,80.314
2023-04-03,80.606,80.606,80.606
2023-04-04,79.486,79.486,79.486
2023-04-05,78.352,78.352,78.352
2023-04-06,77.59,77.59,77.59
2023-04-11,78.829,78.829,78.829
2023-04-12,81.426,81.426,81.426
2023-04-13,81.955,81.955,81.955
2023-04-14,81.127,81.127,81.127
2023-04-17,81.238,81.238,81.238
2023-04-18,81.901,81.901,81.901
2023-04-19,82.697,82.697,82.697
2023-04-20,81.102,81.102,81.102
2023-04-21,78.273,78.273,78.273
2023-04-24,75.785,75.785,75.785
2023-04-25,75.785,75.785,75.785
2023-04-26,73.858,73.858,73.858
2023-04-27,74.357,74.357,74.357
2023-04-28,74.164,74.164,74.164
2023-05-02,74.03,74.03,74.03
2023-05-03,72.539,72.539,72.539
2023-05-04,73.717,73.717,73.717
2023-05-05,73.803,73.803,73.803
2023-05-09,75.333,75.333,75.333
2023-05-10,75.182,75.182,75.182
2023-05-11,73.048,73.048,73.048
2023-05-12,71.75,71.75,71.75
2023-05-15,72.981,72.981,72.981
2023-05-16,72.386,72.386,72.386
2023-05-17,72.204,72.204,72.204
2023-05-18,72.774,72.774,72.774
2023-05-19,72.764,72.764,72.764
2023-05-22,72.677,72.677,72.677
2023-05-23,72.289,72.289,72.289
2023-05-24,70.049,70.049,70.049
2023-05-25,68.573,68.573,68.573
2023-05-26,70.234,70.234,70.234
2023-05-30,71.231,71.231,71.231
2023-05-31,69.55,69.55,69.55
2023-06-01,70.575,70.575,70.575
2023-06-02,72.82,72.82,72.82
2023-06-05,73.817,73.817,73.817
2023-06-06,74.246,74.246,74.246
2023-06-07,74.234,74.234,74.234
2023-06-08,76.551,76.551,76.551
2023-06-09,77.215,77.215,77.215
2023-06-12,77.215,77.215,77.215
2023-06-13,76.375,76.375,76.375
2023-06-14,78.901,78.901,78.901
2023-06-15,81.071,81.071,81.071
2023-06-16,81.149,81.149,81.149
2023-06-19,79.88,79.88,79.88
2023-06-20,79.632,79.632,79.632
2023-06-21,78.691,78.691,78.691
2023-06-22,77.27,77.27,77.27
2023-06-23,75.537,75.537,75.537
2023-06-26,75.198,75.198,75.198
2023-06-27,76.625,76.625,76.625
2023-06-28,76.41,76.41,76.41
2023-06-29,75.704,75.704,75.704
2023-06-30,76.452,76.452,76.452
2023-07-03,77.032,77.032,77.032
2023-07-04,76.378,76.378,76.378
2023-07-05,75.955,75.955,75.955
2023-07-06,74.584,74.584,74.584
2023-07-07,74.738,74.738,74.738
2023-07-10,73.745,73.745,73.745
2023-07-11,74.823,74.823,74.823
2023-07-12,77.202,77.202,77.202
2023-07-13,80.716,80.716,80.716
2023-07-14,81.374,81.374,81.374
2023-07-17,80.315,80.315,80.315
2023-07-18,79.642,79.642,79.642
2023-07-19,78.585,78.585,78.585
2023-07-20,78.928,78.928,78.928
2023-07-21,78.558,78.558,78.558
2023-07-24,77.667,77.667,77.667
2023-07-25,80.911,80.911,80.911
2023-07-26,81.619,81.619,81.619
2023-07-27,78.997,78.997,78.997
2023-07-28,77.541,77.541,77.541
2023-07-31,78.671,78.671,78.671
2023-08-01,77.263,77.263,77.263
2023-08-02,75.723,75.723,75.723
2023-08-03,74.614,74.614,74.614
2023-08-04,75.432,75.432,75.432
2023-08-07,74.881,74.881,74.881
2023-08-08,74.237,74.237,74.237
2023-08-09,73.646,73.646,73.646
2023-08-10,71.415,71.415,71.415
2023-08-11,70.828,70.828,70.828
2023-08-14,69.068,69.068,69.068
2023-08-15,68.445,68.445,68.445
2023-08-16,66.574,66.574,66.574
2023-08-17,67.084,67.084,67.084
2023-08-18,67.663,67.663,67.663
2023-08-21,67.211,67.211,67.211
2023-08-22,67.626,67.626,67.626
2023-08-23,69.837,69.837,69.837
2023-08-24,69.858,69.858,69.858
2023-08-25,69.056,69.056,69.056
2023-08-29,71.224,71.224,71.224
2023-08-30,72.68,72.68,72.68
2023-08-31,73.193,73.193,73.193
2023-09-01,73.678,73.678,73.678
2023-09-04,75.636,75.636,75.636
2023-09-05,74.815,74.815,74.815
2023-09-06,74.018,74.018,74.018
2023-09-07,72.113,72.113,72.113
2023-09-08,70.871,70.871,70.871
2023-09-11,72.284,72.284,72.284
2023-09-12,73.304,73.304,73.304
2023-09-13,72.808,72.808,72.808
2023-09-14,74.338,74.338,74.338
2023-09-15,76.483,76.483,76.483
2023-09-18,76.764,76.764,76.764
2023-09-19,76.506,76.506,76.506
2023-09-20,75.426,75.426,75.426
2023-09-21,74.373,74.373,74.373
2023-09-22,73.795,73.795,73.795
2023-09-25,72.696,72.696,72.696
2023-09-26,70.932,70.932,70.932
2023-09-27,70.539,70.539,70.539
2023-09-28,72.195,72.195,72.195
2023-09-29,73.058,73.058,73.058
2023-10-02,73.061,73.061,73.061
2023-10-03,71.075,71.075,71.075
2023-10-04,71.842,71.842,71.842
2023-10-05,71.275,71.275,71.275
2023-10-06,72.249,72.249,72.249
2023-10-09,72.561,72.561,72.561
2023-10-10,72.156,72.156,72.156
2023-10-11,72.974,72.974,72.974
2023-10-12,72.516,72.516,72.516
2023-10-13,72.183,72.183,72.183
2023-10-16,73.366,73.366,73.366
2023-10-17,74.517,74.517,74.517
2023-10-18,74.391,74.391,74.391
2023-10-19,73.069,73.069,73.069
2023-10-20,72.348,72.348,72.348
2023-10-23,70.857,70.857,70.857
2023-10-24,72.193,72.193,72.193
2023-10-25,73.343,73.343,73.343
2023-10-26,74.379,74.379,74.379
2023-10-27,74.57,74.57,74.57
2023-10-30,75.404,75.404,75.404
2023-10-31,74.499,74.499,74.499
2023-11-01,76.985,76.985,76.985
2023-11-02,78.34,78.34,78.34
2023-11-03,79.837,79.837,79.837
2023-11-06,78.829,78.829,78.829
2023-11-07,78.385,78.385,78.385
2023-11-08,76.409,76.409,76.409
2023-11-09,76.456,76.456,76.456
2023-11-10,76.635,76.635,76.635
2023-11-13,76.643,76.643,76.643
2023-11-14,79.692,79.692,79.692
2023-11-15,81.709,81.709,81.709
2023-11-16,80.985,80.985,80.985
2023-11-17,81.753,81.753,81.753
2023-11-20,81.95,81.95,81.95
2023-11-21,83.478,83.478,83.478
2023-11-22,83.568,83.568,83.568
2023-11-23,82.946,82.946,82.946
2023-11-24,83.46,83.46,83.46
2023-11-27,82.701,82.701,82.701
2023-11-28,83.02,83.02,83.02
2023-11-29,82.435,82.435,82.435
2023-11-30,82.589,82.589,82.589
2023-12-01,83.34,83.34,83.34
2023-12-04,84.008,84.008,84.008
2023-12-05,82.268,82.268,82.268
2023-12-06,82.812,82.812,82.812
2023-12-07,84.334,84.334,84.334
2023-12-08,84.771,84.771,84.771
2023-12-11,84.623,84.623,84.623
2023-12-12,84.303,84.303,84.303
2023-12-13,86.221,86.221,86.221
2023-12-14,87.088,87.088,87.088
2023-12-15,88.963,88.963,88.963
2023-12-18,89.351,89.351,89.351
2023-12-19,90.76,90.76,90.76
2023-12-20,90.418,90.418,90.418
2023-12-21,91.405,91.405,91.405
2023-12-22,91.379,91.379,91.379
2023-12-27,92.463,92.463,92.463
2023-12-28,93.072,93.072,93.072
2023-12-29,92.384,92.384,92.384
2024-01-02,92.321,92.321,92.321
2024-01-03,90.653,90.653,90.653
2024-01-04,90.182,90.182,90.182
2024-01-05,88.853,88.853,88.853
2024-01-08,88.355,88.355,88.355
2024-01-09,88.136,88.136,88.136
2024-01-10,86.337,86.337,86.337
2024-01-11,85.861,85.861,85.861
2024-01-12,86.337,86.337,86.337
2024-01-15,85.461,85.461,85.461
2024-01-16,83.38,83.38,83.38
2024-01-17,82.884,82.884,82.884
2024-01-18,83.347,83.347,83.347
2024-01-19,84.442,84.442,84.442
2024-01-22,84.116,84.116,84.116
2024-01-23,84.067,84.067,84.067
2024-01-24,84.844,84.844,84.844
2024-01-25,87.284,87.284,87.284
2024-01-26,87.284,87.284,87.284
2024-01-29,87.133,87.133,87.133
2024-01-30,87.437,87.437,87.437
2024-01-31,87.262,87.262,87.262
2024-02-01,86.901,86.901,86.901
2024-02-02,85.958,85.958,85.958
2024-02-05,83.696,83.696,83.696
2024-02-06,83.762,83.762,83.762
2024-02-07,84.48,84.48,84.48
2024-02-08,83.916,83.916,83.916
2024-02-09,84.714,84.714,84.714
2024-02-12,84.178,84.178,84.178
2024-02-13,83.231,83.231,83.231
2024-02-14,83.241,83.241,83.241
2024-02-15,83.109,83.109,83.109
2024-02-16,84.224,84.224,84.224
2024-02-19,85.609,85.609,85.609
2024-02-20,83.841,83.841,83.841
2024-02-21,82.399,82.399,82.399
2024-02-22,81.493,81.493,81.493
2024-02-23,81.606,81.606,81.606
2024-02-26,80.167,80.167,80.167
2024-02-27,80.564,80.564,80.564
2024-02-28,80.148,80.148,80.148
2024-02-29,80.395,80.395,80.395
2024-03-01,81.453,81.453,81.453
2024-03-04,80.352,80.352,80.352
2024-03-05,81.138,81.138,81.138
2024-03-06,81.145,81.145,81.145
2024-03-07,79.802,79.802,79.802
2024-03-08,79.451,79.451,79.451
2024-03-11,76.451,76.451,76.451
2024-03-12,76.189,76.189,76.189
2024-03-13,77.421,77.421,77.421
2024-03-14,78.427,78.427,78.427
2024-03-15,76.719,76.719,76.719
2024-03-18,77.055,77.055,77.055
2024-03-19,78.603,78.603,78.603
2024-03-20,79.876,79.876,79.876
2024-03-21,79.577,79.577,79.577
2024-03-22,78.533,78.533,78.533
2024-03-25,79.527,79.527,79.527
2024-03-26,79.305,79.305,79.305
2024-03-27,79.004,79.004,79.004
2024-03-28,79.327,79.327,79.327
2024-04-02,79.892,79.892,79.892
2024-04-03,80.764,80.764,80.764
2024-04-04,80.236,80.236,80.236
2024-04-05,79.298,79.298,79.298
2024-04-08,80.398,80.398,80.398
2024-04-09,83.076,83.076,83.076
2024-04-10,83.165,83.165,83.165
2024-04-11,83.818,83.818,83.818
2024-04-12,82.662,82.662,82.662
2024-04-15,85.375,85.375,85.375
2024-04-16,82.381,82.381,82.381
2024-04-17,82.818,82.818,82.818
2024-04-18,84.025,84.025,84.025
2024-04-19,83.113,83.113,83.113
2024-04-22,83.695,83.695,83.695
2024-04-23,84.026,84.026,84.026
2024-04-24,84.058,84.058,84.058
2024-04-25,84.058,84.058,84.058
2024-04-26,85.484,85.484,85.484
2024-04-29,86.001,86.001,86.001
2024-04-30,84.453,84.453,84.453
2024-05-01,84.355,84.355,84.355
2024-05-02,84.728,84.728,84.728
2024-05-03,85.402,85.402,85.402
2024-05-07,86.876,86.876,86.876
2024-05-08,85.646,85.646,85.646
2024-05-09,86.199,86.199,86.199
2024-05-10,85.826,85.826,85.826
2024-05-13,85.257,85.257,85.257
2024-05-14,84.854,84.854,84.854
2024-05-15,86.648,86.648,86.648
2024-05-16,87.061,87.061,87.061
2024-05-17,88.435,88.435,88.435
2024-05-20,90.585,90.585,90.585
2024-05-21,89.358,89.358,89.358
2024-05-22,90.117,90.117,90.117
2024-05-23,88.19,88.19,88.19
2024-05-24,87.808,87.808,87.808
2024-05-28,87.501,87.501,87.501
2024-05-29,85.718,85.718,85.718
2024-05-30,84.664,84.664,84.664
2024-05-31,85.784,85.784,85.784
2024-06-03,85.954,85.954,85.954
2024-06-04,84.691,84.691,84.691
2024-06-05,83.486,83.486,83.486
2024-06-06,82.986,82.986,82.986
2024-06-07,82.479,82.479,82.479
2024-06-10,82.479,82.479,82.479
2024-06-11,81.244,81.244,81.244
2024-06-12,80.649,80.649,80.649
2024-06-13,80.031,80.031,80.031
2024-06-14,79.5,79.5,79.5
2024-06-17,78.127,78.127,78.127
2024-06-18,79.368,79.368,79.368
2024-06-19,79.525,79.525,79.525
2024-06-20,79.628,79.628,79.628
2024-06-21,79.834,79.834,79.834
2024-06-24,79.2,79.2,79.2
2024-06-25,80.704,80.704,80.704
2024-06-26,80.397,80.397,80.397
2024-06-27,80.763,80.763,80.763
2024-06-28,79.337,79.337,79.337
2024-07-01,80.354,80.354,80.354
2024-07-02,79.745,79.745,79.745
2024-07-03,81.192,81.192,81.192
2024-07-04,83.596,83.596,83.596
2024-07-05,82.925,82.925,82.925
2024-07-08,80.765,80.765,80.765
2024-07-09,81.284,81.284,81.284
2024-07-10,80.539,80.539,80.539
2024-07-11,80.851,80.851,80.851
2024-07-12,81.281,81.281,81.281
2024-07-15,81.0,81.0,81.0
2024-07-16,78.648,78.648,78.648
2024-07-17,78.343,78.343,78.343
2024-07-18,77.738,77.738,77.738
2024-07-19,76.168,76.168,76.168
2024-07-22,76.018,76.018,76.018
2024-07-23,75.274,75.274,75.274
2024-07-24,75.306,75.306,75.306
2024-07-25,73.755,73.755,73.755
2024-07-26,75.898,75.898,75.898
2024-07-29,75.872,75.872,75.872
2024-07-30,74.953,74.953,74.953
2024-07-31,76.832,76.832,76.832
2024-08-01,77.781,77.781,77.781
2024-08-02,77.294,77.294,77.294
2024-08-05,77.083,77.083,77.083
2024-08-06,77.101,77.101,77.101
2024-08-07,76.021,76.021,76.021
2024-08-08,75.254,75.254,75.254
2024-08-09,76.544,76.544,76.544
2024-08-12,75.648,75.648,75.648
2024-08-13,76.535,76.535,76.535
2024-08-14,74.159,74.159,74.159
2024-08-15,71.674,71.674,71.674
2024-08-16,73.386,73.386,73.386
2024-08-19,73.887,73.887,73.887
2024-08-20,74.468,74.468,74.468
2024-08-21,75.463,75.463,75.463
2024-08-22,75.199,75.199,75.199
2024-08-23,75.208,75.208,75.208
2024-08-27,75.989,75.989,75.989
2024-08-28,75.239,75.239,75.239
2024-08-29,74.76,74.76,74.76
2024-08-30,75.452,75.452,75.452
2024-09-02,74.649,74.649,74.649
2024-09-03,72.538,72.538,72.538
2024-09-04,71.059,71.059,71.059
2024-09-05,72.179,72.179,72.179
2024-09-06,71.382,71.382,71.382
2024-09-09,71.149,71.149,71.149
2024-09-10,71.239,71.239,71.239
2024-09-11,72.291,72.291,72.291
2024-09-12,74.218,74.218,74.218
2024-09-13,74.685,74.685,74.685
2024-09-16,74.808,74.808,74.808
2024-09-17,74.812,74.812,74.812
2024-09-18,74.217,74.217,74.217
2024-09-19,77.414,77.414,77.414
2024-09-20,76.921,76.921,76.921
2024-09-23,76.818,76.818,76.818
2024-09-24,80.246,80.246,80.246
2024-09-25,82.444,82.444,82.444
2024-09-26,84.96,84.96,84.96
2024-09-27,87.966,87.966,87.966
2024-09-30,89.268,89.268,89.268
2024-10-01,86.534,86.534,86.534
2024-10-02,86.711,86.711,86.711
2024-10-03,86.199,86.199,86.199
2024-10-04,84.028,84.028,84.028
2024-10-07,81.875,81.875,81.875
2024-10-08,81.608,81.608,81.608
2024-10-09,79.422,79.422,79.422
2024-10-10,80.78,80.78,80.78
2024-10-11,80.717,80.717,80.717
2024-10-14,81.373,81.373,81.373
2024-10-15,81.811,81.811,81.811
2024-10-16,80.512,80.512,80.512
2024-10-17,79.435,79.435,79.435
2024-10-18,78.876,78.876,78.876
2024-10-21,79.769,79.769,79.769
2024-10-22,78.936,78.936,78.936
2024-10-23,78.575,78.575,78.575
2024-10-24,78.206,78.206,78.206
2024-10-25,77.968,77.968,77.968
2024-10-28,79.075,79.075,79.075
2024-10-29,79.442,79.442,79.442
2024-10-30,79.056,79.056,79.056
2024-10-31,78.518,78.518,78.518
2024-11-01,79.58,79.58,79.58
2024-11-04,78.837,78.837,78.837
2024-11-05,79.235,79.235,79.235
2024-11-06,78.409,78.409,78.409
2024-11-07,81.245,81.245,81.245
2024-11-08,81.138,81.138,81.138
2024-11-11,78.54,78.54,78.54
2024-11-12,76.789,76.789,76.789
2024-11-13,73.709,73.709,73.709
2024-11-14,73.501,73.501,73.501
2024-11-15,73.494,73.494,73.494
2024-11-18,75.618,75.618,75.618
2024-11-19,75.564,75.564,75.564
2024-11-20,75.37,75.37,75.37
2024-11-21,75.814,75.814,75.814
2024-11-22,76.179,76.179,76.179
2024-11-25,75.885,75.885,75.885
2024-11-26,75.787,75.787,75.787
2024-11-27,76.108,76.108,76.108
2024-11-28,76.129,76.129,76.129
2024-11-29,76.974,76.974,76.974
2024-12-02,77.186,77.186,77.186
2024-12-03,77.18,77.18,77.18
2024-12-04,77.187,77.187,77.187
2024-12-05,77.903,77.903,77.903
2024-12-06,76.527,76.527,76.527
2024-12-09,76.916,76.916,76.916
2024-12-10,79.866,79.866,79.866
2024-12-11,78.842,78.842,78.842
2024-12-12,79.046,79.046,79.046
2024-12-13,76.79,76.79,76.79
2024-12-16,75.574,75.574,75.574
2024-12-17,75.088,75.088,75.088
2024-12-18,73.665,73.665,73.665
2024-12-19,73.211,73.211,73.211
2024-12-20,72.962,72.962,72.962
2024-12-23,73.166,73.166,73.166
2024-12-24,72.437,72.437,72.437
2024-12-27,72.61,72.61,72.61
2024-12-30,73.292,73.292,73.292
2024-12-31,72.673,72.673,72.673
2025-01-02,73.326,73.326,73.326
2025-01-03,72.972,72.972,72.972
2025-01-06,72.069,72.069,72.069
2025-01-07,71.415,71.415,71.415
2025-01-08,72.05,72.05,72.05
2025-01-09,72.117,72.117,72.117
2025-01-10,73.15,73.15,73.15
2025-01-13,73.377,73.377,73.377
2025-01-14,74.18,74.18,74.18
2025-01-15,74.394,74.394,74.394
2025-01-16,74.302,74.302,74.302
2025-01-17,73.5,73.5,73.5
2025-01-20,75.344,75.344,75.344
2025-01-21,75.635,75.635,75.635
2025-01-22,75.031,75.031,75.031
2025-01-23,74.163,74.163,74.163
2025-01-24,74.654,74.654,74.654
2025-01-27,74.654,74.654,74.654
2025-01-28,73.562,73.562,73.562
2025-01-29,72.411,72.411,72.411
2025-01-30,72.653,72.653,72.653
2025-01-31,72.917,72.917,72.917
2025-02-03,71.543,71.543,71.543
2025-02-04,73.01,73.01,73.01
2025-02-05,74.905,74.905,74.905
2025-02-06,75.509,75.509,75.509
2025-02-07,75.735,75.735,75.735
2025-02-10,74.873,74.873,74.873
2025-02-11,75.345,75.345,75.345
2025-02-12,74.72,74.72,74.72
2025-02-13,76.001,76.001,76.001
2025-02-14,76.943,76.943,76.943
2025-02-17,76.833,76.833,76.833
2025-02-18,76.619,76.619,76.619
2025-02-19,77.365,77.365,77.365
2025-02-20,76.834,76.834,76.834
2025-02-21,78.478,78.478,78.478
2025-02-24,76.049,76.049,76.049
2025-02-25,75.52,75.52,75.52
2025-02-26,72.532,72.532,72.532
2025-02-27,72.733,72.733,72.733
2025-02-28,70.369,70.369,70.369
2025-03-03,73.076,73.076,73.076
2025-03-04,73.484,73.484,73.484
2025-03-05,74.424,74.424,74.424
2025-03-06,72.756,72.756,72.756
2025-03-07,72.634,72.634,72.634
2025-03-10,74.526,74.526,74.526
2025-03-11,75.16,75.16,75.16
2025-03-12,74.066,74.066,74.066
2025-03-13,72.888,72.888,72.888
2025-03-14,74.042,74.042,74.042
2025-03-17,76.073,76.073,76.073
2025-03-18,76.033,76.033,76.033
2025-03-19,75.458,75.458,75.458
2025-03-20,74.025,74.025,74.025
2025-03-21,74.338,74.338,74.338
2025-03-24,74.854,74.854,74.854
2025-03-25,74.843,74.843,74.843
2025-03-26,75.539,75.539,75.539
2025-03-27,75.693,75.693,75.693
2025-03-28,76.236,76.236,76.236
2025-03-31,72.135,72.135,72.135
2025-04-01,73.492,73.492,73.492
2025-04-02,72.466,72.466,72.466
2025-04-03,70.824,70.824,70.824
2025-04-04,68.082,68.082,68.082
2025-04-07,64.867,64.867,64.867
2025-04-08,65.184,65.184,65.184
2025-04-09,63.964,63.964,63.964
2025-04-10,68.809,68.809,68.809
2025-04-11,68.689,68.689,68.689
2025-04-14,70.113,70.113,70.113
2025-04-15,70.65,70.65,70.65
2025-04-16,69.021,69.021,69.021
2025-04-17,71.274,71.274,71.274
2025-04-22,71.046,71.046,71.046
2025-04-23,72.384,72.384,72.384
2025-04-24,73.652,73.652,73.652
2025-04-25,73.652,73.652,73.652
2025-04-28,73.945,73.945,73.945
2025-04-29,74.377,74.377,74.377
2025-04-30,74.967,74.967,74.967
2025-05-01,73.979,73.979,73.979
2025-05-02,75.152,75.152,75.152
2025-05-06,74.827,74.827,74.827
2025-05-07,74.462,74.462,74.462
2025-05-08,74.28,74.28,74.28
2025-05-09,73.714,73.714,73.714
2025-05-12,74.752,74.752,74.752
2025-05-13,77.531,77.531,77.531
2025-05-14,77.427,77.427,77.427
2025-05-15,76.885,76.885,76.885
2025-05-16,77.472,77.472,77.472
2025-05-19,77.099,77.099,77.099
2025-05-20,76.551,76.551,76.551
2025-05-21,76.937,76.937,76.937
2025-05-22,76.202,76.202,76.202
2025-05-23,75.98,75.98,75.98
2025-05-27,74.256,74.256,74.256
2025-05-28,73.366,73.366,73.366
2025-05-29,73.034,73.034,73.034
2025-05-30,72.452,72.452,72.452
2025-06-02,71.91,71.91,71.91
2025-06-03,71.084,71.084,71.084
2025-06-04,71.171,71.171,71.171
2025-06-05,71.54,71.54,71.54
2025-06-06,71.141,71.141,71.141
2025-06-09,71.141,71.141,71.141
2025-06-10,71.135,71.135,71.135
2025-06-11,71.075,71.075,71.075
2025-06-12,70.26,70.26,70.26
2025-06-13,68.998,68.998,68.998
2025-06-16,69.846,69.846,69.846
2025-06-17,69.369,69.369,69.369
2025-06-18,68.974,68.974,68.974
2025-06-19,67.111,67.111,67.111
2025-06-20,65.9,65.9,65.9
2025-06-23,65.772,65.772,65.772
2025-06-24,68.064,68.064,68.064
2025-06-25,67.92,67.92,67.92
2025-06-26,68.182,68.182,68.182
2025-06-27,71.157,71.157,71.157
2025-06-30,70.492,70.492,70.492
2025-07-01,69.827,69.827,69.827
2025-07-02,71.294,71.294,71.294
2025-07-03,72.423,72.423,72.423
2025-07-04,71.264,71.264,71.264
2025-07-07,70.473,70.473,70.473
2025-07-08,70.648,70.648,70.648
2025-07-09,70.31,70.31,70.31
2025-07-10,71.548,71.548,71.548
2025-07-11,73.082,73.082,73.082
2025-07-14,73.111,73.111,73.111
2025-07-15,71.814,71.814,71.814
2025-07-16,72.125,72.125,72.125
2025-07-17,72.071,72.071,72.071
2025-07-18,73.612,73.612,73.612
2025-07-21,74.662,74.662,74.662
2025-07-22,77.547,77.547,77.547
2025-07-23,78.862,78.862,78.862
2025-07-24,78.976,78.976,78.976
2025-07-25,78.032,78.032,78.032
2025-07-28,76.24,76.24,76.24
2025-07-29,76.11,76.11,76.11
2025-07-30,74.489,74.489,74.489
2025-07-31,71.778,71.778,71.778
2025-08-01,71.808,71.808,71.808
2025-08-04,72.036,72.036,72.036
2025-08-05,72.38,72.38,72.38
2025-08-06,73.429,73.429,73.429
2025-08-07,73.292,73.292,73.292
2025-08-08,74.126,74.126,74.126
2025-08-11,75.077,75.077,75.077
2025-08-12,76.171,76.171,76.171
2025-08-13,77.103,77.103,77.103
2025-08-14,73.652,73.652,73.652
2025-08-15,74.829,74.829,74.829
2025-08-18,73.543,73.543,73.543
2025-08-19,72.951,72.951,72.951
2025-08-20,72.629,72.629,72.629
2025-08-21,73.183,73.183,73.183
2025-08-22,73.126,73.126,73.126
2025-08-26,74.931,74.931,74.931
2025-08-27,75.856,75.856,75.856
2025-08-28,75.363,75.363,75.363
2025-08-29,75.506,75.506,75.506
2025-09-01,74.675,74.675,74.675
2025-09-02,74.603,74.603,74.603
2025-09-03,74.32,74.32,74.32
2025-09-04,75.672,75.672,75.672
2025-09-05,76.833,76.833,76.833
2025-09-08,77.9,77.9,77.9
2025-09-09,76.97,76.97,76.97
2025-09-10,75.765,75.765,75.765
2025-09-11,76.05,76.05,76.05
2025-09-12,76.733,76.733,76.733
2025-09-15,76.866,76.866,76.866
2025-09-16,78.519,78.519,78.519
2025-09-17,77.359,77.359,77.359
2025-09-18,76.383,76.383,76.383
2025-09-19,75.137,75.137,75.137
2025-09-22,77.144,77.144,77.144
2025-09-23,78.041,78.041,78.041
2025-09-24,77.353,77.353,77.353
2025-09-25,79.613,79.613,79.613
2025-09-26,80.647,80.647,80.647
2025-09-29,79.722,79.722,79.722
2025-09-30,80.674,80.674,80.674
2025-10-01,81.05,81.05,81.05
2025-10-02,81.811,81.811,81.811
2025-10-03,82.552,82.552,82.552
2025-10-06,81.773,81.773,81.773
2025-10-07,81.698,81.698,81.698
2025-10-08,82.503,82.503,82.503
2025-10-09,83.413,83.413,83.413
2025-10-10,80.96,80.96,80.96
2025-10-13,81.537,81.537,81.537
2025-10-14,82.638,82.638,82.638
2025-10-15,84.428,84.428,84.428
2025-10-16,83.819,83.819,83.819
2025-10-17,84.993,84.993,84.993
2025-10-20,85.118,85.118,85.118
2025-10-21,85.557,85.557,85.557
2025-10-22,84.577,84.577,84.577
2025-10-23,84.591,84.591,84.591
2025-10-24,85.854,85.854,85.854
2025-10-27,87.516,87.516,87.516
2025-10-28,87.356,87.356,87.356
2025-10-29,87.638,87.638,87.638
2025-10-30,87.437,87.437,87.437
2025-10-31,86.937,86.937,86.937
2025-11-03,86.838,86.838,86.838
2025-11-04,83.968,83.968,83.968
2025-11-05,83.134,83.134,83.134
2025-11-06,84.693,84.693,84.693
2025-11-07,83.76,83.76,83.76
2025-11-10,84.818,84.818,84.818
2025-11-11,84.538,84.538,84.538
2025-11-12,86.609,86.609,86.609
2025-11-13,87.233,87.233,87.233
2025-11-14,86.177,86.177,86.177
2025-11-17,86.077,86.077,86.077
2025-11-18,83.979,83.979,83.979
2025-11-19,83.728,83.728,83.728
2025-11-20,85.046,85.046,85.046
2025-11-21,82.514,82.514,82.514
2025-11-24,83.573,83.573,83.573
2025-11-25,85.545,85.545,85.545
2025-11-26,87.418,87.418,87.418
2025-11-27,86.477,86.477,86.477
2025-11-28,86.604,86.604,86.604
2025-12-01,86.838,86.838,86.838
2025-12-02,88.607,88.607,88.607
2025-12-03,89.285,89.285,89.285
2025-12-04,92.909,92.909,92.909
2025-12-05,91.903,91.903,91.903
2025-12-08,90.841,90.841,90.841
2025-12-09,90.988,90.988,90.988
2025-12-10,91.754,91.754,91.754
2025-12-11,93.235,93.235,93.235
2025-12-12,95.39,95.39,95.39
2025-12-15,92.92,92.92,92.92
2025-12-16,93.019,93.019,93.019
2025-12-17,93.352,93.352,93.352
2025-12-18,94.458,94.458,94.458
2025-12-19,94.569,94.569,94.569
2025-12-22,96.178,96.178,96.178
2025-12-23,98.088,98.088,98.088
2025-12-24,98.884,98.884,98.884
2025-12-29,98.2,98.2,98.2
2025-12-30,98.408,98.408,98.408
2025-12-31,97.958,97.958,97.958
2026-01-02,98.849,98.849,98.849
2026-01-05,100.42,100.42,100.42
2026-01-06,102.569,102.569,102.569
2026-01-07,103.979,103.979,103.979
2026-01-08,102.216,102.216,102.216
2026-01-09,95.621,95.621,95.621
2026-01-12,95.571,95.571,95.571
2026-01-13,97.214,97.214,97.214
2026-01-14,97.969,97.969,97.969
2026-01-15,98.595,98.595,98.595
2026-01-16,99.031,99.031,99.031
2026-01-19,100.279,100.279,100.279
2026-01-20,98.56,98.56,98.56
2026-01-21,101.468,101.468,101.468
2026-01-22,103.298,103.298,103.298
2026-01-23,102.513,102.513,102.513
2026-01-26,102.513,102.513,102.513
2026-01-27,106.006,106.006,106.006
2026-01-28,108.993,108.993,108.993
2026-01-29,110.65,110.65,110.65
2026-01-30,105.464,105.464,105.464
2026-02-02,104.191,104.191,104.191
2026-02-03,107.345,107.345,107.345
2026-02-04,111.553,111.553,111.553
2026-02-05,108.797,108.797,108.797
2026-02-06,110.192,110.192,110.192
2026-02-09,113.718,113.718,113.718
2026-02-10,115.016,115.016,115.016
2026-02-11,117.265,117.265,117.265
2026-02-12,119.645,119.645,119.645
2026-02-13,120.057,120.057,120.057
2026-02-16,115.048,115.048,115.048
2026-02-17,115.49,115.49,115.49
2026-02-18,116.31,116.31,116.31
2026-02-19,118.963,118.963,118.963
2026-02-20,115.665,115.665,115.665
2026-02-23,113.624,113.624,113.624
2026-02-24,112.4,112.4,112.4
2026-02-25,115.87,115.87,115.87
2026-02-26,119.795,119.795,119.795
2026-02-27,119.022,119.022,119.022
2026-03-02,120.15,120.15,120.15
2026-03-03,116.305,116.305,116.305
2026-03-04,115.078,115.078,115.078
2026-03-05,115.305,115.305,115.305
2026-03-06,111.545,111.545,111.545
2026-03-09,107.991,107.991,107.991
2026-03-10,109.355,109.355,109.355
2026-03-11,111.055,111.055,111.055
2026-03-12,108.296,108.296,108.296
2026-03-13,110.207,110.207,110.207
2026-03-16,109.357,109.357,109.357
2026-03-17,110.209,110.209,110.209
2026-03-18,109.81,109.81,109.81
2026-03-19,107.247,107.247,107.247
2026-03-20,103.182,103.182,103.182
